agent_id,time,lng,lat
Car-1,2008-05-19 05:50:03,121.532582,29.867413
Car-1,2008-05-19 05:50:04,121.532585,29.86742
Car-1,2008-05-19 05:50:05,121.532588,29.867428
Car-1,2008-05-19 05:50:06,121.532588,29.867437
Car-1,2008-05-19 05:50:07,121.53259,29.867448
Car-1,2008-05-19 05:50:08,121.532588,29.867465
Car-1,2008-05-19 05:50:09,121.532585,29.867483
Car-1,2008-05-19 05:50:10,121.532582,29.867505
Car-1,2008-05-19 05:50:11,121.532575,29.867527
Car-1,2008-05-19 05:50:12,121.532567,29.867547
Car-1,2008-05-19 05:50:13,121.53256,29.867567
Car-1,2008-05-19 05:50:14,121.532548,29.867592
Car-1,2008-05-19 05:50:15,121.532535,29.867622
Car-1,2008-05-19 05:50:16,121.53252,29.867653
Car-1,2008-05-19 05:50:17,121.532505,29.867687
Car-1,2008-05-19 05:50:18,121.53249,29.86772
Car-1,2008-05-19 05:50:19,121.532478,29.867752
Car-1,2008-05-19 05:50:20,121.532467,29.867782
Car-1,2008-05-19 05:50:21,121.532458,29.867808
Car-1,2008-05-19 05:50:22,121.532448,29.867832
Car-1,2008-05-19 05:50:23,121.532442,29.867852
Car-1,2008-05-19 05:50:24,121.532432,29.867872
Car-1,2008-05-19 05:50:25,121.53242,29.867892
Car-1,2008-05-19 05:50:26,121.532405,29.867912
Car-1,2008-05-19 05:50:27,121.532383,29.867927
Car-1,2008-05-19 05:50:28,121.532357,29.867938
Car-1,2008-05-19 05:50:29,121.532325,29.867943
Car-1,2008-05-19 05:50:30,121.532285,29.867938
Car-1,2008-05-19 05:50:31,121.53224,29.867923
Car-1,2008-05-19 05:50:32,121.5322,29.867898
Car-1,2008-05-19 05:50:33,121.532162,29.867865
Car-1,2008-05-19 05:50:34,121.53213,29.867822
Car-1,2008-05-19 05:50:35,121.532103,29.867775
Car-1,2008-05-19 05:50:36,121.532082,29.867727
Car-1,2008-05-19 05:50:37,121.532067,29.867677
Car-1,2008-05-19 05:50:38,121.532053,29.867628
Car-1,2008-05-19 05:50:39,121.532042,29.86758
Car-1,2008-05-19 05:50:40,121.532028,29.867533
Car-1,2008-05-19 05:50:41,121.532018,29.867495
Car-1,2008-05-19 05:51:27,121.531907,29.86726
Car-1,2008-05-19 05:51:28,121.531875,29.867247
Car-1,2008-05-19 05:51:29,121.531833,29.867243
Car-1,2008-05-19 05:51:30,121.531785,29.867247
Car-1,2008-05-19 05:51:31,121.531732,29.867252
Car-1,2008-05-19 05:51:32,121.531685,29.867253
Car-1,2008-05-19 05:51:33,121.531633,29.867257
Car-1,2008-05-19 05:51:34,121.531575,29.867263
Car-1,2008-05-19 05:51:35,121.531513,29.867272
Car-1,2008-05-19 05:51:36,121.531448,29.86728
Car-1,2008-05-19 05:51:37,121.531377,29.867285
Car-1,2008-05-19 05:51:38,121.531302,29.867293
Car-1,2008-05-19 05:51:39,121.531223,29.867298
Car-1,2008-05-19 05:51:40,121.53115,29.867308
Car-1,2008-05-19 05:51:41,121.531068,29.867315
Car-1,2008-05-19 05:51:42,121.530987,29.867322
Car-1,2008-05-19 05:51:43,121.5309,29.867327
Car-1,2008-05-19 05:51:44,121.530808,29.867332
Car-1,2008-05-19 05:51:45,121.530712,29.867337
Car-1,2008-05-19 05:51:46,121.530613,29.867343
Car-1,2008-05-19 05:51:47,121.530508,29.867352
Car-1,2008-05-19 05:51:48,121.530398,29.867362
Car-1,2008-05-19 05:51:50,121.530287,29.867375
Car-1,2008-05-19 05:51:51,121.530173,29.867388
Car-1,2008-05-19 05:51:52,121.53006,29.867402
Car-1,2008-05-19 05:51:55,121.529647,29.867453
Car-1,2008-05-19 05:51:56,121.529565,29.867468
Car-1,2008-05-19 05:51:57,121.529495,29.867487
Car-1,2008-05-19 05:51:58,121.529438,29.86751
Car-1,2008-05-19 05:51:59,121.529388,29.867538
Car-1,2008-05-19 05:52:00,121.529343,29.867575
Car-1,2008-05-19 05:52:01,121.529305,29.86762
Car-1,2008-05-19 05:52:02,121.529273,29.867672
Car-1,2008-05-19 05:52:03,121.529257,29.867732
Car-1,2008-05-19 05:52:04,121.529253,29.867797
Car-1,2008-05-19 05:52:05,121.529255,29.867862
Car-1,2008-05-19 05:52:06,121.529262,29.867928
Car-1,2008-05-19 05:52:08,121.529268,29.868
Car-1,2008-05-19 05:52:09,121.529275,29.868073
Car-1,2008-05-19 05:52:11,121.529292,29.86823
Car-1,2008-05-19 05:52:12,121.529302,29.86831
Car-1,2008-05-19 05:52:13,121.529312,29.868387
Car-1,2008-05-19 05:52:14,121.52932,29.86846
Car-1,2008-05-19 05:52:15,121.529328,29.868525
Car-1,2008-05-19 05:52:16,121.529337,29.868588
Car-1,2008-05-19 05:52:17,121.529347,29.86872
Car-1,2008-05-19 05:52:18,121.52935,29.868792
Car-1,2008-05-19 05:52:19,121.529353,29.86887
Car-1,2008-05-19 05:52:20,121.529358,29.868952
Car-1,2008-05-19 05:52:21,121.529365,29.869038
Car-1,2008-05-19 05:52:22,121.529377,29.869127
Car-1,2008-05-19 05:52:25,121.529407,29.869383
Car-1,2008-05-19 05:52:28,121.52943,29.869527
Car-1,2008-05-19 05:52:29,121.529438,29.869587
Car-1,2008-05-19 05:52:30,121.529445,29.869647
Car-1,2008-05-19 05:52:31,121.529435,29.86975
Car-1,2008-05-19 05:52:32,121.52942,29.86979
Car-1,2008-05-19 05:52:34,121.529363,29.86985
Car-1,2008-05-19 05:52:35,121.529327,29.869872
Car-1,2008-05-19 05:52:36,121.52928,29.869887
Car-1,2008-05-19 05:52:37,121.529227,29.8699
Car-1,2008-05-19 05:52:38,121.529167,29.869908
Car-1,2008-05-19 05:52:39,121.529098,29.869912
Car-1,2008-05-19 05:52:40,121.529027,29.869917
Car-1,2008-05-19 05:52:41,121.528953,29.86992
Car-1,2008-05-19 05:52:42,121.528867,29.869918
Car-1,2008-05-19 05:52:43,121.528773,29.869915
Car-1,2008-05-19 05:52:44,121.528677,29.869912
Car-1,2008-05-19 05:52:45,121.528577,29.869907
Car-1,2008-05-19 05:52:47,121.528375,29.869897
Car-1,2008-05-19 05:52:48,121.528277,29.869895
Car-1,2008-05-19 05:52:49,121.528175,29.869892
Car-1,2008-05-19 05:52:50,121.528073,29.869888
Car-1,2008-05-19 05:52:51,121.527968,29.869885
Car-1,2008-05-19 05:52:52,121.527862,29.869882
Car-1,2008-05-19 05:52:53,121.527755,29.86988
Car-1,2008-05-19 05:52:54,121.527645,29.869877
Car-1,2008-05-19 05:52:55,121.527535,29.869873
Car-1,2008-05-19 05:52:56,121.527425,29.869872
Car-1,2008-05-19 05:52:57,121.527315,29.869868
Car-1,2008-05-19 05:52:58,121.527203,29.869865
Car-1,2008-05-19 05:52:59,121.52709,29.869865
Car-1,2008-05-19 05:53:01,121.526862,29.869863
Car-1,2008-05-19 05:53:02,121.526747,29.869863
Car-1,2008-05-19 05:53:03,121.526628,29.869862
Car-1,2008-05-19 05:53:04,121.52651,29.86986
Car-1,2008-05-19 05:53:05,121.52639,29.869858
Car-1,2008-05-19 05:53:06,121.52627,29.869855
Car-1,2008-05-19 05:53:07,121.526147,29.869853
Car-1,2008-05-19 05:53:08,121.526023,29.869852
Car-1,2008-05-19 05:53:09,121.5259,29.86985
Car-1,2008-05-19 05:53:10,121.525773,29.869847
Car-1,2008-05-19 05:53:11,121.525647,29.869843
Car-1,2008-05-19 05:53:12,121.525517,29.86984
Car-1,2008-05-19 05:53:13,121.525382,29.869837
Car-1,2008-05-19 05:53:14,121.525245,29.869833
Car-1,2008-05-19 05:53:16,121.524965,29.869825
Car-1,2008-05-19 05:53:17,121.524823,29.86982
Car-1,2008-05-19 05:53:18,121.524682,29.869817
Car-1,2008-05-19 05:53:19,121.524537,29.869813
Car-1,2008-05-19 05:53:20,121.524387,29.86981
Car-1,2008-05-19 05:53:21,121.524237,29.869807
Car-1,2008-05-19 05:53:22,121.524082,29.869805
Car-1,2008-05-19 05:53:23,121.523925,29.869802
Car-1,2008-05-19 05:53:24,121.523765,29.869798
Car-1,2008-05-19 05:53:25,121.523602,29.869795
Car-1,2008-05-19 05:53:26,121.523435,29.86979
Car-1,2008-05-19 05:53:27,121.523272,29.869785
Car-1,2008-05-19 05:53:28,121.523113,29.869782
Car-1,2008-05-19 05:53:30,121.522807,29.869773
Car-1,2008-05-19 05:53:31,121.522658,29.869772
Car-1,2008-05-19 05:53:32,121.522513,29.869768
Car-1,2008-05-19 05:53:33,121.522375,29.869768
Car-1,2008-05-19 05:53:34,121.522242,29.869768
Car-1,2008-05-19 05:53:35,121.522115,29.86977
Car-1,2008-05-19 05:53:36,121.521993,29.869773
Car-1,2008-05-19 05:53:37,121.52188,29.869777
Car-1,2008-05-19 05:53:38,121.521778,29.86978
Car-1,2008-05-19 05:53:39,121.521692,29.869783
Car-1,2008-05-19 05:53:40,121.521618,29.869788
Car-1,2008-05-19 05:53:41,121.52156,29.86979
Car-1,2008-05-19 05:53:42,121.521518,29.869793
Car-1,2008-05-19 05:53:43,121.521492,29.869795
Car-1,2008-05-19 05:53:44,121.521477,29.869797
Car-1,2008-05-19 05:53:45,121.52147,29.869797
Car-1,2008-05-19 05:53:46,121.521468,29.869797
Car-1,2008-05-19 05:53:47,121.521468,29.869797
Car-1,2008-05-19 05:53:48,121.521468,29.869797
Car-1,2008-05-19 05:53:49,121.521468,29.869795
Car-1,2008-05-19 05:53:50,121.521468,29.869795
Car-1,2008-05-19 05:53:51,121.521468,29.869795
Car-1,2008-05-19 05:53:52,121.521468,29.869795
Car-1,2008-05-19 05:53:53,121.521468,29.869795
Car-1,2008-05-19 05:53:54,121.521468,29.869795
Car-1,2008-05-19 05:53:55,121.521468,29.869795
Car-1,2008-05-19 05:53:56,121.521468,29.869795
Car-1,2008-05-19 05:53:57,121.521468,29.869795
Car-1,2008-05-19 05:53:58,121.521468,29.869793
Car-1,2008-05-19 05:53:59,121.521468,29.869793
Car-1,2008-05-19 05:54:00,121.521468,29.869793
Car-1,2008-05-19 05:54:01,121.521468,29.869793
Car-1,2008-05-19 05:54:02,121.521457,29.869792
Car-1,2008-05-19 05:54:03,121.521437,29.869793
Car-1,2008-05-19 05:54:04,121.521408,29.869795
Car-1,2008-05-19 05:54:05,121.52137,29.869795
Car-1,2008-05-19 05:54:06,121.521323,29.869797
Car-1,2008-05-19 05:54:07,121.521268,29.869798
Car-1,2008-05-19 05:54:08,121.521207,29.869803
Car-1,2008-05-19 05:54:09,121.52114,29.869808
Car-1,2008-05-19 05:54:10,121.521077,29.869815
Car-1,2008-05-19 05:54:11,121.521008,29.869822
Car-1,2008-05-19 05:54:12,121.520937,29.869828
Car-1,2008-05-19 05:54:13,121.520862,29.869837
Car-1,2008-05-19 05:54:15,121.520698,29.869855
Car-1,2008-05-19 05:54:16,121.52061,29.869863
Car-1,2008-05-19 05:54:17,121.520522,29.869873
Car-1,2008-05-19 05:54:18,121.520438,29.869885
Car-1,2008-05-19 05:54:19,121.520362,29.869897
Car-1,2008-05-19 05:54:20,121.520292,29.869908
Car-1,2008-05-19 05:54:21,121.520228,29.86992
Car-1,2008-05-19 05:54:22,121.520165,29.869932
Car-1,2008-05-19 05:54:23,121.5201,29.869942
Car-1,2008-05-19 05:54:24,121.520027,29.869952
Car-1,2008-05-19 05:54:25,121.51995,29.869962
Car-1,2008-05-19 05:54:26,121.51987,29.869972
Car-1,2008-05-19 05:54:27,121.51979,29.869983
Car-1,2008-05-19 05:54:28,121.519705,29.869993
Car-1,2008-05-19 05:54:29,121.519617,29.870005
Car-1,2008-05-19 05:54:30,121.51953,29.870017
Car-1,2008-05-19 05:54:31,121.519448,29.870028
Car-1,2008-05-19 05:54:32,121.519382,29.870037
Car-1,2008-05-19 05:54:33,121.519318,29.870045
Car-1,2008-05-19 05:54:34,121.519253,29.870052
Car-1,2008-05-19 05:54:35,121.519187,29.87006
Car-1,2008-05-19 05:54:36,121.519118,29.870073
Car-1,2008-05-19 05:54:37,121.519042,29.870082
Car-1,2008-05-19 05:54:38,121.518958,29.87009
Car-1,2008-05-19 05:54:39,121.51887,29.8701
Car-1,2008-05-19 05:54:40,121.518773,29.87011
Car-1,2008-05-19 05:54:41,121.518673,29.87012
Car-1,2008-05-19 05:54:42,121.518568,29.870132
Car-1,2008-05-19 05:54:43,121.51846,29.870143
Car-1,2008-05-19 05:54:44,121.518353,29.870155
Car-1,2008-05-19 05:54:45,121.518255,29.870168
Car-1,2008-05-19 05:54:46,121.51817,29.87018
Car-1,2008-05-19 05:54:47,121.518098,29.870188
Car-1,2008-05-19 05:54:48,121.51804,29.870197
Car-1,2008-05-19 05:54:49,121.517997,29.870203
Car-1,2008-05-19 05:54:50,121.517965,29.870208
Car-1,2008-05-19 05:54:51,121.517947,29.870212
Car-1,2008-05-19 05:54:52,121.517938,29.870212
Car-1,2008-05-19 05:54:53,121.517935,29.870212
Car-1,2008-05-19 05:54:54,121.517932,29.870212
Car-1,2008-05-19 05:54:55,121.51793,29.870212
Car-1,2008-05-19 05:54:56,121.517927,29.87021
Car-1,2008-05-19 05:54:57,121.517927,29.87021
Car-1,2008-05-19 05:55:00,121.517833,29.870207
Car-1,2008-05-19 05:55:01,121.517797,29.870218
Car-1,2008-05-19 05:55:03,121.517692,29.87024
Car-1,2008-05-19 05:56:49,121.5174,29.870257
Car-1,2008-05-19 05:56:50,121.51738,29.870253
Car-1,2008-05-19 05:56:51,121.517352,29.870247
Car-1,2008-05-19 05:56:52,121.51732,29.870232
Car-1,2008-05-19 05:56:53,121.517287,29.870203
Car-1,2008-05-19 05:56:54,121.517257,29.870162
Car-1,2008-05-19 05:56:55,121.517232,29.870113
Car-1,2008-05-19 05:56:57,121.517203,29.870003
Car-1,2008-05-19 05:56:58,121.517195,29.869942
Car-1,2008-05-19 05:56:59,121.517188,29.869875
Car-1,2008-05-19 05:57:00,121.517183,29.869805
Car-1,2008-05-19 05:57:01,121.51718,29.869732
Car-1,2008-05-19 05:57:02,121.517178,29.869653
Car-1,2008-05-19 05:57:03,121.517177,29.869572
Car-1,2008-05-19 05:57:04,121.517175,29.869488
Car-1,2008-05-19 05:57:05,121.517172,29.869402
Car-1,2008-05-19 05:57:06,121.51717,29.869315
Car-1,2008-05-19 05:57:07,121.517168,29.869225
Car-1,2008-05-19 05:57:08,121.517167,29.869132
Car-1,2008-05-19 05:57:10,121.517173,29.868938
Car-1,2008-05-19 05:57:11,121.517178,29.868837
Car-1,2008-05-19 05:57:12,121.517188,29.868733
Car-1,2008-05-19 05:57:13,121.517205,29.868625
Car-1,2008-05-19 05:57:14,121.517222,29.868515
Car-1,2008-05-19 05:57:15,121.517243,29.868402
Car-1,2008-05-19 05:57:16,121.517272,29.868287
Car-1,2008-05-19 05:57:17,121.517303,29.86817
Car-1,2008-05-19 05:57:18,121.517337,29.868057
Car-1,2008-05-19 05:57:19,121.51738,29.867943
Car-1,2008-05-19 05:57:20,121.517428,29.867825
Car-1,2008-05-19 05:57:21,121.517482,29.867707
Car-1,2008-05-19 05:57:22,121.51754,29.867588
Car-1,2008-05-19 05:57:23,121.517605,29.867473
Car-1,2008-05-19 05:57:25,121.517755,29.86725
Car-1,2008-05-19 05:57:26,121.517833,29.867138
Car-1,2008-05-19 05:57:27,121.517917,29.867027
Car-1,2008-05-19 05:57:28,121.518002,29.866917
Car-1,2008-05-19 05:57:29,121.518088,29.866807
Car-1,2008-05-19 05:57:30,121.518175,29.866698
Car-1,2008-05-19 05:57:31,121.51826,29.86659
Car-1,2008-05-19 05:57:32,121.518345,29.866482
Car-1,2008-05-19 05:57:33,121.51843,29.866373
Car-1,2008-05-19 05:57:34,121.518515,29.866265
Car-1,2008-05-19 05:57:35,121.5186,29.866153
Car-1,2008-05-19 05:57:37,121.518777,29.865932
Car-1,2008-05-19 05:57:38,121.518867,29.865822
Car-1,2008-05-19 05:57:39,121.518955,29.865712
Car-1,2008-05-19 05:57:40,121.519042,29.865603
Car-1,2008-05-19 05:57:41,121.519125,29.865495
Car-1,2008-05-19 05:57:42,121.51921,29.865388
Car-1,2008-05-19 05:57:43,121.519292,29.865283
Car-1,2008-05-19 05:57:44,121.519375,29.865177
Car-1,2008-05-19 05:57:45,121.519458,29.865073
Car-1,2008-05-19 05:57:46,121.51954,29.864968
Car-1,2008-05-19 05:57:47,121.519623,29.864863
Car-1,2008-05-19 05:57:49,121.51979,29.864653
Car-1,2008-05-19 05:57:50,121.519873,29.86455
Car-1,2008-05-19 05:57:51,121.519957,29.864447
Car-1,2008-05-19 05:57:52,121.520038,29.864345
Car-1,2008-05-19 05:57:53,121.520123,29.864243
Car-1,2008-05-19 05:57:54,121.520207,29.864143
Car-1,2008-05-19 05:57:55,121.520288,29.864043
Car-1,2008-05-19 05:57:56,121.520368,29.863945
Car-1,2008-05-19 05:57:57,121.520443,29.863853
Car-1,2008-05-19 05:57:58,121.520515,29.863763
Car-1,2008-05-19 05:57:59,121.520583,29.86368
Car-1,2008-05-19 05:58:00,121.52065,29.863602
Car-1,2008-05-19 05:58:01,121.520712,29.86353
Car-1,2008-05-19 05:58:02,121.520768,29.863463
Car-1,2008-05-19 05:58:03,121.520817,29.863407
Car-1,2008-05-19 05:58:04,121.520858,29.863358
Car-1,2008-05-19 05:58:05,121.520892,29.863318
Car-1,2008-05-19 05:58:06,121.520917,29.863285
Car-1,2008-05-19 05:58:07,121.520938,29.863258
Car-1,2008-05-19 05:58:08,121.520953,29.86324
Car-1,2008-05-19 05:58:09,121.520963,29.863227
Car-1,2008-05-19 05:58:10,121.520968,29.863218
Car-1,2008-05-19 05:58:11,121.520972,29.863212
Car-1,2008-05-19 05:58:12,121.520977,29.863207
Car-1,2008-05-19 05:58:13,121.520978,29.863202
Car-1,2008-05-19 05:58:14,121.52098,29.863197
Car-1,2008-05-19 05:58:15,121.52098,29.863193
Car-1,2008-05-19 05:58:16,121.520982,29.863192
Car-1,2008-05-19 05:58:17,121.520982,29.863192
Car-1,2008-05-19 05:58:18,121.520982,29.863192
Car-1,2008-05-19 05:58:20,121.520982,29.863192
Car-1,2008-05-19 05:58:21,121.52098,29.863192
Car-1,2008-05-19 05:58:22,121.520983,29.863188
Car-1,2008-05-19 05:58:23,121.520983,29.863175
Car-1,2008-05-19 05:58:24,121.520993,29.86316
Car-1,2008-05-19 05:58:25,121.521005,29.863137
Car-1,2008-05-19 05:58:26,121.521028,29.863103
Car-1,2008-05-19 05:58:27,121.52105,29.863065
Car-1,2008-05-19 05:58:28,121.521067,29.863023
Car-1,2008-05-19 05:58:30,121.52112,29.862925
Car-1,2008-05-19 05:58:33,121.52114,29.862892
Car-1,2008-05-19 05:58:38,121.521262,29.862368
Car-1,2008-05-19 05:58:39,121.521268,29.862283
Car-1,2008-05-19 05:58:40,121.521285,29.862205
Car-1,2008-05-19 05:58:41,121.521288,29.862122
Car-1,2008-05-19 05:58:42,121.521288,29.862033
Car-1,2008-05-19 05:58:43,121.521288,29.861943
Car-1,2008-05-19 05:58:44,121.521287,29.861852
Car-1,2008-05-19 05:58:45,121.521282,29.86176
Car-1,2008-05-19 05:58:46,121.521277,29.861667
Car-1,2008-05-19 05:58:47,121.521272,29.861573
Car-1,2008-05-19 05:58:48,121.521265,29.861477
Car-1,2008-05-19 05:58:49,121.521255,29.861378
Car-1,2008-05-19 05:58:51,121.52124,29.86117
Car-1,2008-05-19 05:58:52,121.521233,29.861062
Car-1,2008-05-19 05:58:53,121.521228,29.86095
Car-1,2008-05-19 05:58:54,121.521223,29.860835
Car-1,2008-05-19 05:58:55,121.521218,29.860717
Car-1,2008-05-19 05:58:56,121.521215,29.860598
Car-1,2008-05-19 05:58:57,121.52121,29.860477
Car-1,2008-05-19 05:58:58,121.521205,29.860353
Car-1,2008-05-19 05:58:59,121.5212,29.860232
Car-1,2008-05-19 05:59:00,121.521197,29.860107
Car-1,2008-05-19 05:59:01,121.521192,29.859983
Car-1,2008-05-19 05:59:02,121.521185,29.859858
Car-1,2008-05-19 05:59:03,121.521177,29.859735
Car-1,2008-05-19 05:59:04,121.52117,29.859612
Car-1,2008-05-19 05:59:05,121.521165,29.859488
Car-1,2008-05-19 05:59:06,121.521158,29.859363
Car-1,2008-05-19 05:59:08,121.521148,29.859115
Car-1,2008-05-19 05:59:09,121.521142,29.858995
Car-1,2008-05-19 05:59:10,121.521137,29.858877
Car-1,2008-05-19 05:59:11,121.521132,29.858765
Car-1,2008-05-19 05:59:12,121.521127,29.858655
Car-1,2008-05-19 05:59:13,121.521123,29.85855
Car-1,2008-05-19 05:59:14,121.521118,29.858445
Car-1,2008-05-19 05:59:15,121.521113,29.858342
Car-1,2008-05-19 05:59:16,121.52111,29.85824
Car-1,2008-05-19 05:59:17,121.521107,29.85814
Car-1,2008-05-19 05:59:18,121.521103,29.85804
Car-1,2008-05-19 05:59:19,121.5211,29.85794
Car-1,2008-05-19 05:59:20,121.521097,29.85784
Car-1,2008-05-19 05:59:21,121.521093,29.857738
Car-1,2008-05-19 05:59:22,121.521088,29.857635
Car-1,2008-05-19 05:59:24,121.521078,29.857427
Car-1,2008-05-19 05:59:25,121.521075,29.857322
Car-1,2008-05-19 05:59:26,121.52107,29.857217
Car-1,2008-05-19 05:59:27,121.521065,29.857113
Car-1,2008-05-19 05:59:28,121.52106,29.857012
Car-1,2008-05-19 05:59:29,121.521053,29.85691
Car-1,2008-05-19 05:59:30,121.52104,29.856805
Car-1,2008-05-19 05:59:31,121.521023,29.856698
Car-1,2008-05-19 05:59:32,121.521003,29.85659
Car-1,2008-05-19 05:59:33,121.520982,29.85648
Car-1,2008-05-19 05:59:34,121.520957,29.856372
Car-1,2008-05-19 05:59:35,121.52093,29.856265
Car-1,2008-05-19 05:59:36,121.520902,29.856157
Car-1,2008-05-19 05:59:37,121.520873,29.856048
Car-1,2008-05-19 05:59:38,121.520843,29.85594
Car-1,2008-05-19 05:59:40,121.520783,29.855723
Car-1,2008-05-19 05:59:41,121.520755,29.855615
Car-1,2008-05-19 05:59:42,121.520725,29.855508
Car-1,2008-05-19 05:59:43,121.520697,29.855403
Car-1,2008-05-19 05:59:44,121.520667,29.8553
Car-1,2008-05-19 05:59:45,121.520638,29.855198
Car-1,2008-05-19 05:59:46,121.520608,29.855097
Car-1,2008-05-19 05:59:47,121.52058,29.854998
Car-1,2008-05-19 05:59:48,121.520557,29.854907
Car-1,2008-05-19 05:59:49,121.52053,29.854817
Car-1,2008-05-19 05:59:50,121.520505,29.854727
Car-1,2008-05-19 05:59:51,121.520477,29.854635
Car-1,2008-05-19 05:59:52,121.52045,29.85454
Car-1,2008-05-19 05:59:53,121.520423,29.854442
Car-1,2008-05-19 05:59:55,121.52037,29.854247
Car-1,2008-05-19 05:59:56,121.520343,29.854147
Car-1,2008-05-19 05:59:57,121.520315,29.854047
Car-1,2008-05-19 05:59:58,121.52029,29.853945
Car-1,2008-05-19 05:59:59,121.520267,29.853843
Car-1,2008-05-19 06:00:00,121.520242,29.853742
Car-1,2008-05-19 06:00:01,121.520215,29.85364
Car-1,2008-05-19 06:00:02,121.52019,29.853537
Car-1,2008-05-19 06:00:03,121.520163,29.853435
Car-1,2008-05-19 06:00:04,121.520137,29.85333
Car-1,2008-05-19 06:00:05,121.52011,29.853222
Car-1,2008-05-19 06:00:06,121.520083,29.853115
Car-1,2008-05-19 06:00:07,121.520055,29.853003
Car-1,2008-05-19 06:00:08,121.520027,29.852888
Car-1,2008-05-19 06:00:09,121.519998,29.852772
Car-1,2008-05-19 06:00:10,121.519967,29.852653
Car-1,2008-05-19 06:00:12,121.519898,29.852422
Car-1,2008-05-19 06:00:13,121.519867,29.852313
Car-1,2008-05-19 06:00:14,121.519835,29.852217
Car-1,2008-05-19 06:00:15,121.51981,29.852133
Car-1,2008-05-19 06:00:16,121.519787,29.852062
Car-1,2008-05-19 06:00:17,121.519768,29.852002
Car-1,2008-05-19 06:00:18,121.519753,29.851952
Car-1,2008-05-19 06:00:19,121.519743,29.851912
Car-1,2008-05-19 06:00:20,121.519735,29.851887
Car-1,2008-05-19 06:00:21,121.519728,29.851863
Car-1,2008-05-19 06:00:22,121.51972,29.851835
Car-1,2008-05-19 06:00:23,121.519712,29.851805
Car-1,2008-05-19 06:00:24,121.519702,29.85177
Car-1,2008-05-19 06:00:25,121.51969,29.85173
Car-1,2008-05-19 06:00:27,121.519665,29.851637
Car-1,2008-05-19 06:00:28,121.519648,29.851583
Car-1,2008-05-19 06:00:29,121.51963,29.851522
Car-1,2008-05-19 06:00:30,121.519613,29.851462
Car-1,2008-05-19 06:00:31,121.519597,29.8514
Car-1,2008-05-19 06:00:32,121.519577,29.85134
Car-1,2008-05-19 06:00:33,121.51956,29.851278
Car-1,2008-05-19 06:00:34,121.519543,29.851218
Car-1,2008-05-19 06:00:35,121.519527,29.851158
Car-1,2008-05-19 06:00:36,121.519508,29.851095
Car-1,2008-05-19 06:00:37,121.519488,29.851028
Car-1,2008-05-19 06:00:38,121.519467,29.850957
Car-1,2008-05-19 06:00:39,121.519445,29.85088
Car-1,2008-05-19 06:00:41,121.519393,29.850713
Car-1,2008-05-19 06:00:42,121.519365,29.850623
Car-1,2008-05-19 06:00:43,121.519332,29.850528
Car-1,2008-05-19 06:00:44,121.519297,29.850433
Car-1,2008-05-19 06:00:45,121.51924,29.85035
Car-1,2008-05-19 06:00:46,121.519198,29.850257
Car-1,2008-05-19 06:00:47,121.519147,29.850163
Car-1,2008-05-19 06:00:48,121.5191,29.850073
Car-1,2008-05-19 06:00:49,121.519057,29.849985
Car-1,2008-05-19 06:00:50,121.519015,29.849895
Car-1,2008-05-19 06:00:51,121.518972,29.849805
Car-1,2008-05-19 06:00:52,121.518915,29.849713
Car-1,2008-05-19 06:00:53,121.518868,29.849615
Car-1,2008-05-19 06:00:54,121.518818,29.849517
Car-1,2008-05-19 06:00:55,121.518768,29.849417
Car-1,2008-05-19 06:00:56,121.518717,29.849315
Car-1,2008-05-19 06:00:57,121.518662,29.849213
Car-1,2008-05-19 06:00:58,121.518608,29.849112
Car-1,2008-05-19 06:00:59,121.51855,29.849008
Car-1,2008-05-19 06:01:00,121.518498,29.848907
Car-1,2008-05-19 06:01:02,121.5184,29.848705
Car-1,2008-05-19 06:01:04,121.51829,29.848545
Car-1,2008-05-19 06:01:05,121.518247,29.848467
Car-1,2008-05-19 06:01:06,121.518208,29.848393
Car-1,2008-05-19 06:01:07,121.518173,29.848327
Car-1,2008-05-19 06:01:08,121.51814,29.848265
Car-1,2008-05-19 06:01:09,121.518108,29.848205
Car-1,2008-05-19 06:01:10,121.518077,29.848145
Car-1,2008-05-19 06:01:11,121.518047,29.848085
Car-1,2008-05-19 06:01:12,121.518017,29.848027
Car-1,2008-05-19 06:01:13,121.517985,29.847967
Car-1,2008-05-19 06:01:14,121.517953,29.847903
Car-1,2008-05-19 06:01:15,121.51792,29.847838
Car-1,2008-05-19 06:01:16,121.517885,29.847772
Car-1,2008-05-19 06:01:17,121.51785,29.847703
Car-1,2008-05-19 06:01:18,121.517812,29.847633
Car-1,2008-05-19 06:01:19,121.517773,29.847562
Car-1,2008-05-19 06:01:20,121.517733,29.847487
Car-1,2008-05-19 06:01:21,121.517692,29.847408
Car-1,2008-05-19 06:01:23,121.517605,29.847245
Car-1,2008-05-19 06:01:24,121.517563,29.847162
Car-1,2008-05-19 06:01:25,121.51752,29.847078
Car-1,2008-05-19 06:01:26,121.517477,29.846995
Car-1,2008-05-19 06:01:27,121.517433,29.84691
Car-1,2008-05-19 06:01:28,121.51739,29.846825
Car-1,2008-05-19 06:01:29,121.517345,29.84674
Car-1,2008-05-19 06:01:30,121.517302,29.846655
Car-1,2008-05-19 06:01:31,121.517258,29.846568
Car-1,2008-05-19 06:01:32,121.517213,29.846482
Car-1,2008-05-19 06:01:33,121.517168,29.846395
Car-1,2008-05-19 06:01:34,121.517125,29.846312
Car-1,2008-05-19 06:01:35,121.51708,29.846223
Car-1,2008-05-19 06:01:36,121.517033,29.846135
Car-1,2008-05-19 06:01:38,121.516937,29.845953
Car-1,2008-05-19 06:01:39,121.516888,29.845862
Car-1,2008-05-19 06:01:40,121.516842,29.84577
Car-1,2008-05-19 06:01:41,121.516792,29.845678
Car-1,2008-05-19 06:01:42,121.516742,29.845583
Car-1,2008-05-19 06:01:43,121.516692,29.845488
Car-1,2008-05-19 06:01:44,121.516643,29.845392
Car-1,2008-05-19 06:01:45,121.516593,29.845295
Car-1,2008-05-19 06:01:46,121.516545,29.845203
Car-1,2008-05-19 06:01:47,121.516497,29.845112
Car-1,2008-05-19 06:01:48,121.51645,29.845022
Car-1,2008-05-19 06:01:49,121.516403,29.844933
Car-1,2008-05-19 06:01:50,121.516357,29.844845
Car-1,2008-05-19 06:01:51,121.516308,29.844755
Car-1,2008-05-19 06:01:52,121.516263,29.844667
Car-1,2008-05-19 06:01:53,121.51622,29.84458
Car-1,2008-05-19 06:01:54,121.516173,29.844493
Car-1,2008-05-19 06:01:55,121.516128,29.844405
Car-1,2008-05-19 06:01:56,121.516083,29.84432
Car-1,2008-05-19 06:01:57,121.516042,29.844238
Car-1,2008-05-19 06:01:58,121.516,29.84416
Car-1,2008-05-19 06:01:59,121.515962,29.844085
Car-1,2008-05-19 06:02:00,121.515925,29.844015
Car-1,2008-05-19 06:02:01,121.515888,29.843947
Car-1,2008-05-19 06:02:02,121.515853,29.843882
Car-1,2008-05-19 06:02:03,121.515817,29.843817
Car-1,2008-05-19 06:02:04,121.515778,29.84375
Car-1,2008-05-19 06:02:05,121.515738,29.843678
Car-1,2008-05-19 06:02:06,121.515697,29.843603
Car-1,2008-05-19 06:02:08,121.515607,29.84344
Car-1,2008-05-19 06:02:09,121.515555,29.843355
Car-1,2008-05-19 06:02:10,121.515503,29.843267
Car-1,2008-05-19 06:02:11,121.515452,29.843178
Car-1,2008-05-19 06:02:12,121.515402,29.843088
Car-1,2008-05-19 06:02:13,121.51535,29.842998
Car-1,2008-05-19 06:02:14,121.515298,29.842905
Car-1,2008-05-19 06:02:15,121.515245,29.842812
Car-1,2008-05-19 06:02:16,121.51519,29.842717
Car-1,2008-05-19 06:02:17,121.515132,29.842618
Car-1,2008-05-19 06:02:18,121.515068,29.84252
Car-1,2008-05-19 06:02:19,121.515002,29.842417
Car-1,2008-05-19 06:02:20,121.514933,29.84231
Car-1,2008-05-19 06:02:21,121.514863,29.842202
Car-1,2008-05-19 06:02:23,121.514718,29.841983
Car-1,2008-05-19 06:02:25,121.514563,29.841773
Car-1,2008-05-19 06:02:26,121.514483,29.841675
Car-1,2008-05-19 06:02:27,121.514398,29.841583
Car-1,2008-05-19 06:02:28,121.514308,29.841498
Car-1,2008-05-19 06:02:29,121.51421,29.841422
Car-1,2008-05-19 06:02:30,121.514115,29.841343
Car-1,2008-05-19 06:02:31,121.513997,29.841277
Car-1,2008-05-19 06:02:33,121.513757,29.841177
Car-1,2008-05-19 06:02:38,121.513392,29.840992
Car-1,2008-05-19 06:02:41,121.513148,29.840948
Car-1,2008-05-19 06:02:42,121.513005,29.840932
Car-1,2008-05-19 06:02:44,121.512738,29.840997
Car-1,2008-05-19 06:02:46,121.512427,29.841082
Car-1,2008-05-19 06:02:47,121.51232,29.84114
Car-1,2008-05-19 06:02:49,121.512037,29.841235
Car-1,2008-05-19 06:02:50,121.511925,29.84128
Car-1,2008-05-19 06:02:52,121.511632,29.84138
Car-1,2008-05-19 06:02:54,121.511367,29.841425
Car-1,2008-05-19 06:02:56,121.511195,29.84144
Car-1,2008-05-19 06:02:57,121.511125,29.841442
Car-1,2008-05-19 06:02:58,121.511073,29.841442
Car-1,2008-05-19 06:03:00,121.511037,29.841447
Car-1,2008-05-19 06:03:18,121.510187,29.841307
Car-1,2008-05-19 06:03:20,121.509968,29.841267
Car-1,2008-05-19 06:03:21,121.509872,29.841238
Car-1,2008-05-19 06:03:22,121.509775,29.841207
Car-1,2008-05-19 06:03:24,121.509568,29.841142
Car-1,2008-05-19 06:03:26,121.509347,29.841067
Car-1,2008-05-19 06:03:27,121.509237,29.841027
Car-1,2008-05-19 06:03:29,121.508997,29.840933
Car-1,2008-05-19 06:03:30,121.508883,29.840885
Car-1,2008-05-19 06:03:31,121.50877,29.840835
Car-1,2008-05-19 06:03:32,121.508652,29.840785
Car-1,2008-05-19 06:03:33,121.508533,29.840733
Car-1,2008-05-19 06:03:34,121.50841,29.84068
Car-1,2008-05-19 06:03:36,121.508165,29.840573
Car-1,2008-05-19 06:03:37,121.508038,29.840518
Car-1,2008-05-19 06:03:38,121.50791,29.840463
Car-1,2008-05-19 06:03:39,121.50778,29.84041
Car-1,2008-05-19 06:03:40,121.507638,29.840357
Car-1,2008-05-19 06:03:41,121.507503,29.8403
Car-1,2008-05-19 06:03:43,121.507225,29.840187
Car-1,2008-05-19 06:03:45,121.506942,29.840062
Car-1,2008-05-19 06:03:47,121.50665,29.839928
Car-1,2008-05-19 06:03:48,121.506497,29.83986
Car-1,2008-05-19 06:03:49,121.506338,29.83979
Car-1,2008-05-19 06:03:51,121.506012,29.839647
Car-1,2008-05-19 06:03:52,121.50584,29.839577
Car-1,2008-05-19 06:03:54,121.505478,29.839458
Car-1,2008-05-19 06:03:55,121.505288,29.839417
Car-1,2008-05-19 06:03:56,121.505095,29.839383
Car-1,2008-05-19 06:03:58,121.50471,29.839348
Car-1,2008-05-19 06:03:59,121.504503,29.839343
Car-1,2008-05-19 06:04:00,121.504307,29.839343
Car-1,2008-05-19 06:04:01,121.504108,29.839343
Car-1,2008-05-19 06:04:02,121.503907,29.839343
Car-1,2008-05-19 06:04:03,121.503705,29.839343
Car-1,2008-05-19 06:04:04,121.503503,29.839345
Car-1,2008-05-19 06:04:05,121.503302,29.839347
Car-1,2008-05-19 06:04:06,121.503098,29.839352
Car-1,2008-05-19 06:04:07,121.502895,29.839357
Car-1,2008-05-19 06:04:08,121.502692,29.839362
Car-1,2008-05-19 06:04:09,121.502487,29.839368
Car-1,2008-05-19 06:04:10,121.50228,29.839377
Car-1,2008-05-19 06:04:12,121.501865,29.839388
Car-1,2008-05-19 06:04:13,121.501655,29.839395
Car-1,2008-05-19 06:04:15,121.501233,29.839417
Car-1,2008-05-19 06:04:16,121.501022,29.839432
Car-1,2008-05-19 06:04:17,121.500808,29.839447
Car-1,2008-05-19 06:04:18,121.500593,29.839465
Car-1,2008-05-19 06:04:19,121.50038,29.839482
Car-1,2008-05-19 06:04:20,121.500163,29.8395
Car-1,2008-05-19 06:04:21,121.499948,29.839518
Car-1,2008-05-19 06:04:22,121.499732,29.83954
Car-1,2008-05-19 06:04:23,121.499513,29.839565
Car-1,2008-05-19 06:04:24,121.499293,29.839592
Car-1,2008-05-19 06:04:25,121.499073,29.83962
Car-1,2008-05-19 06:04:26,121.498852,29.83965
Car-1,2008-05-19 06:04:27,121.49863,29.839682
Car-1,2008-05-19 06:04:28,121.498407,29.839715
Car-1,2008-05-19 06:04:29,121.498183,29.83974
Car-1,2008-05-19 06:04:31,121.497733,29.83982
Car-1,2008-05-19 06:04:32,121.497507,29.839865
Car-1,2008-05-19 06:04:33,121.497282,29.839913
Car-1,2008-05-19 06:04:34,121.497053,29.839963
Car-1,2008-05-19 06:04:35,121.496827,29.840017
Car-1,2008-05-19 06:04:36,121.496598,29.840072
Car-1,2008-05-19 06:04:37,121.49637,29.840128
Car-1,2008-05-19 06:04:38,121.49614,29.840185
Car-1,2008-05-19 06:04:39,121.495912,29.840245
Car-1,2008-05-19 06:04:40,121.495682,29.840307
Car-1,2008-05-19 06:04:41,121.495453,29.840373
Car-1,2008-05-19 06:04:42,121.495225,29.84044
Car-1,2008-05-19 06:04:43,121.494997,29.840512
Car-1,2008-05-19 06:04:44,121.49477,29.840587
Car-1,2008-05-19 06:04:45,121.494542,29.84066
Car-1,2008-05-19 06:04:46,121.494305,29.840738
Car-1,2008-05-19 06:04:47,121.494078,29.840815
Car-1,2008-05-19 06:04:48,121.493853,29.840893
Car-1,2008-05-19 06:04:49,121.493633,29.840968
Car-1,2008-05-19 06:04:50,121.493405,29.841052
Car-1,2008-05-19 06:04:51,121.493183,29.841132
Car-1,2008-05-19 06:04:52,121.49295,29.841232
Car-1,2008-05-19 06:04:54,121.492505,29.841412
Car-1,2008-05-19 06:04:56,121.492058,29.84161
Car-1,2008-05-19 06:04:59,121.491397,29.841902
Car-1,2008-05-19 06:05:00,121.49118,29.842
Car-1,2008-05-19 06:05:01,121.490963,29.842098
Car-1,2008-05-19 06:05:02,121.490748,29.842203
Car-1,2008-05-19 06:05:04,121.490317,29.842418
Car-1,2008-05-19 06:05:05,121.490103,29.842527
Car-1,2008-05-19 06:05:06,121.48989,29.84264
Car-1,2008-05-19 06:05:07,121.48968,29.84275
Car-1,2008-05-19 06:05:08,121.489472,29.842867
Car-1,2008-05-19 06:05:09,121.489263,29.842985
Car-1,2008-05-19 06:05:10,121.489055,29.843107
Car-1,2008-05-19 06:05:11,121.488847,29.843232
Car-1,2008-05-19 06:05:12,121.488637,29.843357
Car-1,2008-05-19 06:05:13,121.48843,29.843487
Car-1,2008-05-19 06:05:14,121.488222,29.843618
Car-1,2008-05-19 06:05:15,121.488015,29.84375
Car-1,2008-05-19 06:05:16,121.487813,29.843883
Car-1,2008-05-19 06:05:17,121.487612,29.844018
Car-1,2008-05-19 06:05:18,121.487412,29.844157
Car-1,2008-05-19 06:05:19,121.487212,29.8443
Car-1,2008-05-19 06:05:20,121.487013,29.844447
Car-1,2008-05-19 06:05:21,121.486813,29.844595
Car-1,2008-05-19 06:05:23,121.48642,29.844893
Car-1,2008-05-19 06:05:24,121.486223,29.845047
Car-1,2008-05-19 06:05:25,121.486028,29.845203
Car-1,2008-05-19 06:05:26,121.485835,29.84536
Car-1,2008-05-19 06:05:27,121.485642,29.84552
Car-1,2008-05-19 06:05:28,121.485452,29.845683
Car-1,2008-05-19 06:05:29,121.485262,29.845847
Car-1,2008-05-19 06:05:30,121.485073,29.846013
Car-1,2008-05-19 06:05:31,121.484888,29.846182
Car-1,2008-05-19 06:05:32,121.484702,29.846353
Car-1,2008-05-19 06:05:33,121.484518,29.846527
Car-1,2008-05-19 06:05:34,121.484338,29.846702
Car-1,2008-05-19 06:05:35,121.48416,29.846878
Car-1,2008-05-19 06:05:37,121.483807,29.847237
Car-1,2008-05-19 06:05:38,121.48363,29.847418
Car-1,2008-05-19 06:05:39,121.483457,29.847602
Car-1,2008-05-19 06:05:40,121.483285,29.847787
Car-1,2008-05-19 06:05:41,121.483115,29.847973
Car-1,2008-05-19 06:05:42,121.482947,29.848163
Car-1,2008-05-19 06:05:43,121.482783,29.848355
Car-1,2008-05-19 06:05:44,121.48262,29.848548
Car-1,2008-05-19 06:05:45,121.48246,29.848743
Car-1,2008-05-19 06:05:46,121.482302,29.848942
Car-1,2008-05-19 06:05:47,121.482143,29.84914
Car-1,2008-05-19 06:05:48,121.481988,29.849338
Car-1,2008-05-19 06:05:49,121.481837,29.849537
Car-1,2008-05-19 06:05:50,121.481687,29.849738
Car-1,2008-05-19 06:05:51,121.481542,29.84994
Car-1,2008-05-19 06:05:53,121.481257,29.850345
Car-1,2008-05-19 06:05:54,121.481117,29.850547
Car-1,2008-05-19 06:05:55,121.480978,29.850748
Car-1,2008-05-19 06:05:56,121.48084,29.850948
Car-1,2008-05-19 06:05:57,121.480705,29.85115
Car-1,2008-05-19 06:05:58,121.48057,29.851348
Car-1,2008-05-19 06:05:59,121.480438,29.851547
Car-1,2008-05-19 06:06:00,121.480305,29.851745
Car-1,2008-05-19 06:06:01,121.480173,29.851942
Car-1,2008-05-19 06:06:02,121.480042,29.852138
Car-1,2008-05-19 06:06:03,121.479908,29.852333
Car-1,2008-05-19 06:06:04,121.479777,29.85253
Car-1,2008-05-19 06:06:05,121.479645,29.852727
Car-1,2008-05-19 06:06:06,121.479515,29.852925
Car-1,2008-05-19 06:06:07,121.479382,29.853125
Car-1,2008-05-19 06:06:08,121.47925,29.853323
Car-1,2008-05-19 06:06:10,121.478983,29.85372
Car-1,2008-05-19 06:06:11,121.478848,29.85392
Car-1,2008-05-19 06:06:12,121.478715,29.85412
Car-1,2008-05-19 06:06:13,121.478582,29.854322
Car-1,2008-05-19 06:06:14,121.478448,29.854522
Car-1,2008-05-19 06:06:15,121.478313,29.854723
Car-1,2008-05-19 06:06:16,121.478178,29.854925
Car-1,2008-05-19 06:06:17,121.478043,29.855127
Car-1,2008-05-19 06:06:18,121.477908,29.855328
Car-1,2008-05-19 06:06:19,121.477773,29.85553
Car-1,2008-05-19 06:06:20,121.477638,29.855732
Car-1,2008-05-19 06:06:21,121.477503,29.855933
Car-1,2008-05-19 06:06:22,121.477367,29.856137
Car-1,2008-05-19 06:06:24,121.477097,29.856538
Car-1,2008-05-19 06:06:25,121.47696,29.856738
Car-1,2008-05-19 06:06:26,121.47682,29.856938
Car-1,2008-05-19 06:06:27,121.47668,29.857137
Car-1,2008-05-19 06:06:28,121.47654,29.857333
Car-1,2008-05-19 06:06:29,121.4764,29.85753
Car-1,2008-05-19 06:06:30,121.476258,29.857728
Car-1,2008-05-19 06:06:31,121.476117,29.857923
Car-1,2008-05-19 06:06:32,121.475973,29.858118
Car-1,2008-05-19 06:06:33,121.475828,29.858313
Car-1,2008-05-19 06:06:34,121.475682,29.858507
Car-1,2008-05-19 06:06:35,121.475533,29.858698
Car-1,2008-05-19 06:06:36,121.475385,29.85889
Car-1,2008-05-19 06:06:38,121.475087,29.85927
Car-1,2008-05-19 06:06:39,121.474937,29.85946
Car-1,2008-05-19 06:06:40,121.474785,29.859648
Car-1,2008-05-19 06:06:41,121.474632,29.859837
Car-1,2008-05-19 06:06:42,121.474478,29.860023
Car-1,2008-05-19 06:06:43,121.474325,29.86021
Car-1,2008-05-19 06:06:44,121.474168,29.860395
Car-1,2008-05-19 06:06:45,121.474012,29.86058
Car-1,2008-05-19 06:06:46,121.473857,29.860765
Car-1,2008-05-19 06:06:47,121.4737,29.860948
Car-1,2008-05-19 06:06:48,121.473542,29.861132
Car-1,2008-05-19 06:06:49,121.47338,29.861313
Car-1,2008-05-19 06:06:50,121.473218,29.861493
Car-1,2008-05-19 06:06:52,121.472895,29.861855
Car-1,2008-05-19 06:06:53,121.472732,29.862035
Car-1,2008-05-19 06:06:54,121.472567,29.862213
Car-1,2008-05-19 06:06:55,121.472402,29.862392
Car-1,2008-05-19 06:06:56,121.472233,29.862568
Car-1,2008-05-19 06:06:57,121.472063,29.862748
Car-1,2008-05-19 06:06:58,121.471893,29.862927
Car-1,2008-05-19 06:06:59,121.471718,29.863105
Car-1,2008-05-19 06:07:00,121.471543,29.863283
Car-1,2008-05-19 06:07:01,121.471365,29.863463
Car-1,2008-05-19 06:07:02,121.471188,29.863643
Car-1,2008-05-19 06:07:03,121.471008,29.863823
Car-1,2008-05-19 06:07:04,121.470827,29.864003
Car-1,2008-05-19 06:07:05,121.470642,29.864183
Car-1,2008-05-19 06:07:07,121.470272,29.864542
Car-1,2008-05-19 06:07:08,121.470083,29.86472
Car-1,2008-05-19 06:07:09,121.469893,29.864898
Car-1,2008-05-19 06:07:10,121.469703,29.865077
Car-1,2008-05-19 06:07:11,121.469512,29.865255
Car-1,2008-05-19 06:07:12,121.46932,29.865433
Car-1,2008-05-19 06:07:13,121.469127,29.865612
Car-1,2008-05-19 06:07:14,121.468933,29.86579
Car-1,2008-05-19 06:07:15,121.468743,29.86597
Car-1,2008-05-19 06:07:16,121.468553,29.86615
Car-1,2008-05-19 06:07:17,121.468365,29.866328
Car-1,2008-05-19 06:07:18,121.468175,29.866507
Car-1,2008-05-19 06:07:19,121.467987,29.866683
Car-1,2008-05-19 06:07:20,121.467797,29.86686
Car-1,2008-05-19 06:07:22,121.467418,29.867213
Car-1,2008-05-19 06:07:23,121.46723,29.867392
Car-1,2008-05-19 06:07:24,121.46704,29.86757
Car-1,2008-05-19 06:07:25,121.466853,29.867748
Car-1,2008-05-19 06:07:26,121.466663,29.867925
Car-1,2008-05-19 06:07:27,121.466473,29.868102
Car-1,2008-05-19 06:07:28,121.466283,29.868277
Car-1,2008-05-19 06:07:29,121.466095,29.868453
Car-1,2008-05-19 06:07:30,121.465905,29.868628
Car-1,2008-05-19 06:07:31,121.465718,29.868805
Car-1,2008-05-19 06:07:32,121.465533,29.868983
Car-1,2008-05-19 06:07:33,121.465347,29.86916
Car-1,2008-05-19 06:07:34,121.465158,29.869335
Car-1,2008-05-19 06:07:35,121.46497,29.869512
Car-1,2008-05-19 06:07:36,121.464782,29.869688
Car-1,2008-05-19 06:07:38,121.464403,29.870042
Car-1,2008-05-19 06:07:39,121.464213,29.870218
Car-1,2008-05-19 06:07:40,121.464023,29.870397
Car-1,2008-05-19 06:07:41,121.463833,29.870573
Car-1,2008-05-19 06:07:42,121.463643,29.870752
Car-1,2008-05-19 06:07:43,121.463453,29.870928
Car-1,2008-05-19 06:07:44,121.463263,29.871107
Car-1,2008-05-19 06:07:45,121.463073,29.871283
Car-1,2008-05-19 06:07:46,121.462883,29.871458
Car-1,2008-05-19 06:07:47,121.462695,29.871635
Car-1,2008-05-19 06:07:48,121.462508,29.871813
Car-1,2008-05-19 06:07:49,121.46232,29.87199
Car-1,2008-05-19 06:07:50,121.462133,29.872165
Car-1,2008-05-19 06:07:52,121.46176,29.872515
Car-1,2008-05-19 06:07:53,121.461573,29.87269
Car-1,2008-05-19 06:07:54,121.461387,29.872863
Car-1,2008-05-19 06:07:55,121.4612,29.873037
Car-1,2008-05-19 06:07:56,121.461015,29.873208
Car-1,2008-05-19 06:07:57,121.46083,29.873382
Car-1,2008-05-19 06:07:58,121.460645,29.873555
Car-1,2008-05-19 06:07:59,121.460462,29.873727
Car-1,2008-05-19 06:08:00,121.460278,29.8739
Car-1,2008-05-19 06:08:01,121.460095,29.874073
Car-1,2008-05-19 06:08:02,121.45991,29.874247
Car-1,2008-05-19 06:08:03,121.459725,29.87442
Car-1,2008-05-19 06:08:04,121.45954,29.874593
Car-1,2008-05-19 06:08:06,121.45917,29.874945
Car-1,2008-05-19 06:08:07,121.458985,29.875123
Car-1,2008-05-19 06:08:08,121.4588,29.875303
Car-1,2008-05-19 06:08:09,121.458615,29.875487
Car-1,2008-05-19 06:08:10,121.458432,29.875672
Car-1,2008-05-19 06:08:11,121.458247,29.875862
Car-1,2008-05-19 06:08:12,121.458063,29.876053
Car-1,2008-05-19 06:08:13,121.457878,29.876247
Car-1,2008-05-19 06:08:14,121.45769,29.876442
Car-1,2008-05-19 06:08:15,121.457505,29.876637
Car-1,2008-05-19 06:08:16,121.45732,29.876835
Car-1,2008-05-19 06:08:17,121.457135,29.877032
Car-1,2008-05-19 06:08:18,121.45695,29.87723
Car-1,2008-05-19 06:08:19,121.456767,29.877428
Car-1,2008-05-19 06:08:21,121.456403,29.877827
Car-1,2008-05-19 06:08:22,121.456223,29.878028
Car-1,2008-05-19 06:08:23,121.456043,29.878228
Car-1,2008-05-19 06:08:24,121.455865,29.87843
Car-1,2008-05-19 06:08:28,121.455337,29.879037
Car-1,2008-05-19 06:08:29,121.455163,29.879242
Car-1,2008-05-19 06:08:30,121.45499,29.879445
Car-1,2008-05-19 06:08:31,121.45482,29.87965
Car-1,2008-05-19 06:08:32,121.45465,29.879853
Car-1,2008-05-19 06:08:33,121.454478,29.880055
Car-1,2008-05-19 06:08:34,121.454307,29.880257
Car-1,2008-05-19 06:08:36,121.453972,29.880662
Car-1,2008-05-19 06:08:37,121.453808,29.880863
Car-1,2008-05-19 06:08:38,121.453645,29.881067
Car-1,2008-05-19 06:08:39,121.453483,29.88127
Car-1,2008-05-19 06:08:40,121.453323,29.881475
Car-1,2008-05-19 06:08:41,121.453167,29.881682
Car-1,2008-05-19 06:08:42,121.45301,29.88189
Car-1,2008-05-19 06:08:43,121.452855,29.882098
Car-1,2008-05-19 06:08:44,121.4527,29.882305
Car-1,2008-05-19 06:08:45,121.452545,29.882513
Car-1,2008-05-19 06:08:46,121.452392,29.882722
Car-1,2008-05-19 06:08:47,121.452242,29.882932
Car-1,2008-05-19 06:08:48,121.452093,29.883142
Car-1,2008-05-19 06:08:50,121.451803,29.883567
Car-1,2008-05-19 06:08:51,121.45166,29.883778
Car-1,2008-05-19 06:08:52,121.45152,29.883993
Car-1,2008-05-19 06:08:53,121.45138,29.884207
Car-1,2008-05-19 06:08:54,121.45124,29.88442
Car-1,2008-05-19 06:08:55,121.4511,29.884632
Car-1,2008-05-19 06:08:56,121.450962,29.884845
Car-1,2008-05-19 06:08:57,121.450823,29.885057
Car-1,2008-05-19 06:08:58,121.450688,29.885268
Car-1,2008-05-19 06:08:59,121.450557,29.885482
Car-1,2008-05-19 06:09:00,121.450425,29.885693
Car-1,2008-05-19 06:09:01,121.450297,29.885905
Car-1,2008-05-19 06:09:02,121.450168,29.886117
Car-1,2008-05-19 06:09:03,121.450043,29.886328
Car-1,2008-05-19 06:09:04,121.449918,29.886542
Car-1,2008-05-19 06:09:06,121.449667,29.886965
Car-1,2008-05-19 06:09:07,121.449543,29.887177
Car-1,2008-05-19 06:09:08,121.44942,29.887388
Car-1,2008-05-19 06:09:09,121.449295,29.887602
Car-1,2008-05-19 06:09:10,121.449172,29.887815
Car-1,2008-05-19 06:09:11,121.449047,29.888028
Car-1,2008-05-19 06:09:12,121.448922,29.888242
Car-1,2008-05-19 06:09:13,121.448795,29.888455
Car-1,2008-05-19 06:09:14,121.448668,29.888668
Car-1,2008-05-19 06:09:15,121.448543,29.888882
Car-1,2008-05-19 06:09:16,121.448418,29.889095
Car-1,2008-05-19 06:09:17,121.448293,29.88931
Car-1,2008-05-19 06:09:18,121.448168,29.889523
Car-1,2008-05-19 06:09:20,121.447915,29.88995
Car-1,2008-05-19 06:09:21,121.447788,29.890165
Car-1,2008-05-19 06:09:22,121.447663,29.89038
Car-1,2008-05-19 06:09:23,121.447538,29.890597
Car-1,2008-05-19 06:09:24,121.447412,29.890812
Car-1,2008-05-19 06:09:25,121.447285,29.891028
Car-1,2008-05-19 06:09:26,121.447157,29.891243
Car-1,2008-05-19 06:09:27,121.447028,29.89146
Car-1,2008-05-19 06:09:28,121.4469,29.891678
Car-1,2008-05-19 06:09:29,121.446773,29.891897
Car-1,2008-05-19 06:09:30,121.446647,29.892115
Car-1,2008-05-19 06:09:31,121.44652,29.892335
Car-1,2008-05-19 06:09:33,121.446262,29.89277
Car-1,2008-05-19 06:09:34,121.446132,29.892988
Car-1,2008-05-19 06:09:35,121.446002,29.893207
Car-1,2008-05-19 06:09:36,121.445875,29.893427
Car-1,2008-05-19 06:09:38,121.445613,29.893857
Car-1,2008-05-19 06:09:39,121.445485,29.894073
Car-1,2008-05-19 06:09:40,121.445357,29.89429
Car-1,2008-05-19 06:09:41,121.445228,29.894507
Car-1,2008-05-19 06:09:42,121.445102,29.894725
Car-1,2008-05-19 06:09:43,121.444975,29.894942
Car-1,2008-05-19 06:09:44,121.444847,29.895158
Car-1,2008-05-19 06:09:45,121.444718,29.895377
Car-1,2008-05-19 06:09:46,121.44459,29.895592
Car-1,2008-05-19 06:09:47,121.444462,29.895808
Car-1,2008-05-19 06:09:49,121.444202,29.896242
Car-1,2008-05-19 06:09:51,121.443938,29.896677
Car-1,2008-05-19 06:09:55,121.443407,29.897533
Car-1,2008-05-19 06:09:56,121.443277,29.897747
Car-1,2008-05-19 06:09:57,121.443152,29.897963
Car-1,2008-05-19 06:09:58,121.443025,29.898178
Car-1,2008-05-19 06:09:59,121.4429,29.898393
Car-1,2008-05-19 06:10:00,121.442772,29.898607
Car-1,2008-05-19 06:10:01,121.44265,29.898825
Car-1,2008-05-19 06:10:02,121.442527,29.899042
Car-1,2008-05-19 06:10:03,121.442403,29.899258
Car-1,2008-05-19 06:10:04,121.442285,29.899473
Car-1,2008-05-19 06:10:05,121.442162,29.899687
Car-1,2008-05-19 06:10:06,121.442037,29.899898
Car-1,2008-05-19 06:10:07,121.441913,29.90011
Car-1,2008-05-19 06:10:08,121.441788,29.900322
Car-1,2008-05-19 06:10:09,121.441665,29.900533
Car-1,2008-05-19 06:10:41,121.436783,29.906837
Car-1,2008-05-19 06:10:42,121.436622,29.907008
Car-1,2008-05-19 06:10:43,121.436462,29.907177
Car-1,2008-05-19 06:10:44,121.436303,29.907343
Car-1,2008-05-19 06:10:45,121.436148,29.90751
Car-1,2008-05-19 06:10:46,121.435997,29.907677
Car-1,2008-05-19 06:10:47,121.435855,29.907845
Car-1,2008-05-19 06:10:48,121.435718,29.908018
Car-1,2008-05-19 06:10:49,121.435595,29.908195
Car-1,2008-05-19 06:10:50,121.435478,29.908373
Car-1,2008-05-19 06:10:51,121.435368,29.908552
Car-1,2008-05-19 06:10:53,121.435263,29.908735
Car-1,2008-05-19 06:10:58,121.434837,29.909693
Car-1,2008-05-19 06:11:00,121.43471,29.910095
Car-1,2008-05-19 06:11:01,121.434658,29.910298
Car-1,2008-05-19 06:11:02,121.434612,29.910503
Car-1,2008-05-19 06:11:03,121.434575,29.910712
Car-1,2008-05-19 06:11:04,121.434547,29.91092
Car-1,2008-05-19 06:11:05,121.434527,29.91113
Car-1,2008-05-19 06:11:06,121.434513,29.911342
Car-1,2008-05-19 06:11:07,121.43451,29.911553
Car-1,2008-05-19 06:11:08,121.434513,29.911765
Car-1,2008-05-19 06:11:09,121.434523,29.911975
Car-1,2008-05-19 06:11:12,121.434642,29.91281
Car-1,2008-05-19 06:11:13,121.434695,29.91302
Car-1,2008-05-19 06:11:14,121.434755,29.913227
Car-1,2008-05-19 06:11:15,121.434822,29.913437
Car-1,2008-05-19 06:11:16,121.434888,29.913647
Car-1,2008-05-19 06:11:17,121.434958,29.913858
Car-1,2008-05-19 06:11:18,121.435038,29.914068
Car-1,2008-05-19 06:11:19,121.435123,29.91428
Car-1,2008-05-19 06:11:20,121.43521,29.914493
Car-1,2008-05-19 06:11:21,121.435292,29.914708
Car-1,2008-05-19 06:11:22,121.435373,29.914927
Car-1,2008-05-19 06:11:24,121.43545,29.915145
Car-1,2008-05-19 06:11:43,121.43655,29.919592
Car-1,2008-05-19 06:11:44,121.436588,29.919815
Car-1,2008-05-19 06:11:45,121.436623,29.920037
Car-1,2008-05-19 06:11:46,121.436658,29.920258
Car-1,2008-05-19 06:11:47,121.43669,29.920482
Car-1,2008-05-19 06:11:48,121.43672,29.920705
Car-1,2008-05-19 06:11:49,121.436747,29.920928
Car-1,2008-05-19 06:11:50,121.436772,29.921153
Car-1,2008-05-19 06:11:51,121.436795,29.921378
Car-1,2008-05-19 06:11:52,121.436818,29.921605
Car-1,2008-05-19 06:11:53,121.43684,29.921832
Car-1,2008-05-19 06:11:54,121.436862,29.92206
Car-1,2008-05-19 06:11:56,121.436875,29.92229
Car-1,2008-05-19 06:11:58,121.436902,29.922753
Car-1,2008-05-19 06:11:59,121.436915,29.922985
Car-1,2008-05-19 06:12:01,121.436933,29.923457
Car-1,2008-05-19 06:12:02,121.436938,29.923692
Car-1,2008-05-19 06:12:03,121.436942,29.923927
Car-1,2008-05-19 06:12:04,121.436942,29.924163
Car-1,2008-05-19 06:12:05,121.43694,29.924398
Car-1,2008-05-19 06:12:06,121.436935,29.924635
Car-1,2008-05-19 06:12:07,121.436927,29.924872
Car-1,2008-05-19 06:12:08,121.436917,29.925107
Car-1,2008-05-19 06:12:09,121.436908,29.925342
Car-1,2008-05-19 06:12:10,121.436898,29.925575
Car-1,2008-05-19 06:12:11,121.436885,29.925808
Car-1,2008-05-19 06:12:12,121.43687,29.926042
Car-1,2008-05-19 06:12:13,121.436852,29.926275
Car-1,2008-05-19 06:12:15,121.436805,29.926735
Car-1,2008-05-19 06:12:16,121.43678,29.926965
Car-1,2008-05-19 06:12:17,121.436757,29.927193
Car-1,2008-05-19 06:12:18,121.43673,29.927422
Car-1,2008-05-19 06:12:19,121.436703,29.927648
Car-1,2008-05-19 06:12:20,121.436673,29.927873
Car-1,2008-05-19 06:12:21,121.436642,29.9281
Car-1,2008-05-19 06:12:22,121.436608,29.928323
Car-1,2008-05-19 06:12:23,121.436573,29.928548
Car-1,2008-05-19 06:12:24,121.43654,29.92877
Car-1,2008-05-19 06:12:25,121.436503,29.928993
Car-1,2008-05-19 06:12:26,121.436468,29.929215
Car-1,2008-05-19 06:12:27,121.436433,29.929437
Car-1,2008-05-19 06:12:28,121.436397,29.929657
Car-1,2008-05-19 06:12:30,121.436325,29.930102
Car-1,2008-05-19 06:12:31,121.43629,29.930323
Car-1,2008-05-19 06:12:32,121.436257,29.930547
Car-1,2008-05-19 06:12:33,121.436223,29.930768
Car-1,2008-05-19 06:12:34,121.43619,29.930992
Car-1,2008-05-19 06:12:35,121.43616,29.931217
Car-1,2008-05-19 06:12:36,121.436132,29.931442
Car-1,2008-05-19 06:12:37,121.436105,29.931668
Car-1,2008-05-19 06:12:38,121.43608,29.931895
Car-1,2008-05-19 06:12:39,121.43606,29.932123
Car-1,2008-05-19 06:12:40,121.436042,29.932352
Car-1,2008-05-19 06:12:41,121.436027,29.93258
Car-1,2008-05-19 06:12:42,121.436013,29.932808
Car-1,2008-05-19 06:12:43,121.436003,29.933037
Car-1,2008-05-19 06:12:45,121.435995,29.933495
Car-1,2008-05-19 06:12:46,121.435997,29.933722
Car-1,2008-05-19 06:12:47,121.435998,29.93395
Car-1,2008-05-19 06:12:48,121.436003,29.934178
Car-1,2008-05-19 06:12:49,121.436012,29.934407
Car-1,2008-05-19 06:12:50,121.436022,29.934635
Car-1,2008-05-19 06:12:51,121.436035,29.934863
Car-1,2008-05-19 06:12:52,121.436055,29.935092
Car-1,2008-05-19 06:12:53,121.43608,29.935318
Car-1,2008-05-19 06:12:54,121.436108,29.935545
Car-1,2008-05-19 06:12:55,121.43614,29.935768
Car-1,2008-05-19 06:12:56,121.436178,29.93599
Car-1,2008-05-19 06:12:57,121.436222,29.93621
Car-1,2008-05-19 06:12:58,121.436268,29.936428
Car-1,2008-05-19 06:13:00,121.43637,29.936862
Car-1,2008-05-19 06:13:01,121.436425,29.937077
Car-1,2008-05-19 06:13:02,121.436478,29.93729
Car-1,2008-05-19 06:13:03,121.436528,29.937503
Car-1,2008-05-19 06:13:04,121.43658,29.937717
Car-1,2008-05-19 06:13:05,121.436633,29.937928
Car-1,2008-05-19 06:13:06,121.43669,29.93814
Car-1,2008-05-19 06:13:07,121.436748,29.93835
Car-1,2008-05-19 06:13:08,121.436812,29.938558
Car-1,2008-05-19 06:13:09,121.436877,29.938767
Car-1,2008-05-19 06:13:10,121.436945,29.938973
Car-1,2008-05-19 06:13:11,121.437013,29.93918
Car-1,2008-05-19 06:13:12,121.437083,29.939387
Car-1,2008-05-19 06:13:13,121.437157,29.939593
Car-1,2008-05-19 06:13:15,121.437318,29.939998
Car-1,2008-05-19 06:13:16,121.43741,29.940198
Car-1,2008-05-19 06:13:17,121.437503,29.940395
Car-1,2008-05-19 06:13:18,121.437598,29.94059
Car-1,2008-05-19 06:13:19,121.437695,29.940783
Car-1,2008-05-19 06:13:20,121.437792,29.940977
Car-1,2008-05-19 06:13:21,121.437895,29.941167
Car-1,2008-05-19 06:13:22,121.438002,29.941352
Car-1,2008-05-19 06:13:23,121.438115,29.941537
Car-1,2008-05-19 06:13:24,121.438237,29.941717
Car-1,2008-05-19 06:13:25,121.438368,29.941895
Car-1,2008-05-19 06:13:26,121.43851,29.94207
Car-1,2008-05-19 06:13:28,121.438813,29.94241
Car-1,2008-05-19 06:13:29,121.43897,29.942578
Car-1,2008-05-19 06:13:30,121.439127,29.942748
Car-1,2008-05-19 06:13:31,121.43928,29.94292
Car-1,2008-05-19 06:13:32,121.439427,29.943095
Car-1,2008-05-19 06:13:33,121.439568,29.943273
Car-1,2008-05-19 06:13:34,121.439703,29.943458
Car-1,2008-05-19 06:13:35,121.439832,29.943645
Car-1,2008-05-19 06:13:36,121.439952,29.943835
Car-1,2008-05-19 06:13:37,121.440062,29.944028
Car-1,2008-05-19 06:13:38,121.440163,29.944225
Car-1,2008-05-19 06:13:39,121.440248,29.944423
Car-1,2008-05-19 06:13:40,121.440332,29.944625
Car-1,2008-05-19 06:13:41,121.440407,29.944828
Car-1,2008-05-19 06:13:43,121.440525,29.945243
Car-1,2008-05-19 06:13:44,121.440572,29.945453
Car-1,2008-05-19 06:13:45,121.440608,29.945665
Car-1,2008-05-19 06:13:46,121.440637,29.945882
Car-1,2008-05-19 06:13:47,121.440653,29.9461
Car-1,2008-05-19 06:13:48,121.440663,29.94632
Car-1,2008-05-19 06:13:49,121.440662,29.946543
Car-1,2008-05-19 06:13:50,121.440647,29.946763
Car-1,2008-05-19 06:13:51,121.440623,29.946985
Car-1,2008-05-19 06:13:52,121.44059,29.947205
Car-1,2008-05-19 06:13:53,121.440547,29.947423
Car-1,2008-05-19 06:13:54,121.440488,29.947638
Car-1,2008-05-19 06:13:55,121.440422,29.947852
Car-1,2008-05-19 06:13:56,121.440348,29.948065
Car-1,2008-05-19 06:13:57,121.440265,29.948273
Car-1,2008-05-19 06:13:59,121.44006,29.948673
Car-1,2008-05-19 06:14:00,121.439945,29.948867
Car-1,2008-05-19 06:14:01,121.439825,29.949058
Car-1,2008-05-19 06:14:02,121.439697,29.949243
Car-1,2008-05-19 06:14:03,121.439578,29.949417
Car-1,2008-05-19 06:14:04,121.439453,29.949583
Car-1,2008-05-19 06:14:05,121.439305,29.949753
Car-1,2008-05-19 06:14:06,121.439142,29.949913
Car-1,2008-05-19 06:14:07,121.438975,29.950062
Car-1,2008-05-19 06:14:08,121.438805,29.950207
Car-1,2008-05-19 06:14:09,121.438633,29.950345
Car-1,2008-05-19 06:14:10,121.438457,29.950478
Car-1,2008-05-19 06:14:11,121.438277,29.950603
Car-1,2008-05-19 06:14:13,121.437897,29.95083
Car-1,2008-05-19 06:14:14,121.437702,29.950933
Car-1,2008-05-19 06:14:15,121.437507,29.951032
Car-1,2008-05-19 06:14:16,121.43731,29.95112
Car-1,2008-05-19 06:14:17,121.43711,29.951203
Car-1,2008-05-19 06:14:18,121.436912,29.951282
Car-1,2008-05-19 06:14:19,121.436712,29.951355
Car-1,2008-05-19 06:14:20,121.43651,29.951425
Car-1,2008-05-19 06:14:21,121.4363,29.951482
Car-1,2008-05-19 06:14:22,121.43609,29.951547
Car-1,2008-05-19 06:14:23,121.435867,29.951602
Car-1,2008-05-19 06:14:24,121.435647,29.951663
Car-1,2008-05-19 06:14:25,121.435423,29.951727
Car-1,2008-05-19 06:14:26,121.435197,29.951792
Car-1,2008-05-19 06:14:27,121.43497,29.951865
Car-1,2008-05-19 06:14:28,121.434745,29.95195
Car-1,2008-05-19 06:14:30,121.434305,29.952145
Car-1,2008-05-19 06:14:31,121.434087,29.952252
Car-1,2008-05-19 06:14:32,121.433868,29.952363
Car-1,2008-05-19 06:14:33,121.433653,29.952478
Car-1,2008-05-19 06:14:35,121.43323,29.952722
Car-1,2008-05-19 06:14:36,121.433012,29.952843
Car-1,2008-05-19 06:14:37,121.432798,29.952972
Car-1,2008-05-19 06:14:39,121.432367,29.953233
Car-1,2008-05-19 06:14:40,121.432152,29.953367
Car-1,2008-05-19 06:14:41,121.43194,29.953503
Car-1,2008-05-19 06:14:42,121.431722,29.953647
Car-1,2008-05-19 06:14:44,121.431302,29.953928
Car-1,2008-05-19 06:14:45,121.431088,29.95407
Car-1,2008-05-19 06:14:46,121.430875,29.954212
Car-1,2008-05-19 06:14:48,121.430463,29.954503
Car-1,2008-05-19 06:14:50,121.43004,29.954802
Car-1,2008-05-19 06:14:53,121.429425,29.955268
Car-1,2008-05-19 06:14:54,121.429222,29.955427
Car-1,2008-05-19 06:14:55,121.429022,29.95559
Car-1,2008-05-19 06:14:56,121.428823,29.955755
Car-1,2008-05-19 06:14:57,121.428627,29.955922
Car-1,2008-05-19 06:14:58,121.42843,29.95609
Car-1,2008-05-19 06:14:59,121.428235,29.95626
Car-1,2008-05-19 06:15:00,121.42804,29.956432
Car-1,2008-05-19 06:15:01,121.427847,29.956608
Car-1,2008-05-19 06:15:02,121.427657,29.956785
Car-1,2008-05-19 06:15:03,121.427467,29.956963
Car-1,2008-05-19 06:15:04,121.427277,29.957142
Car-1,2008-05-19 06:15:05,121.427088,29.957322
Car-1,2008-05-19 06:15:06,121.426902,29.957502
Car-1,2008-05-19 06:15:07,121.426717,29.957683
Car-1,2008-05-19 06:15:08,121.426535,29.957863
Car-1,2008-05-19 06:15:09,121.426353,29.958047
Car-1,2008-05-19 06:15:10,121.426172,29.95823
Car-1,2008-05-19 06:15:11,121.425995,29.958413
Car-1,2008-05-19 06:15:13,121.425645,29.958782
Car-1,2008-05-19 06:15:14,121.425475,29.958968
Car-1,2008-05-19 06:15:15,121.425305,29.959155
Car-1,2008-05-19 06:15:16,121.425138,29.959342
Car-1,2008-05-19 06:15:17,121.424973,29.95953
Car-1,2008-05-19 06:15:18,121.424808,29.95972
Car-1,2008-05-19 06:15:19,121.424647,29.959908
Car-1,2008-05-19 06:15:20,121.424485,29.960098
Car-1,2008-05-19 06:15:21,121.424323,29.960288
Car-1,2008-05-19 06:15:22,121.424165,29.960478
Car-1,2008-05-19 06:15:23,121.424008,29.96067
Car-1,2008-05-19 06:15:24,121.423855,29.960862
Car-1,2008-05-19 06:15:25,121.423705,29.961057
Car-1,2008-05-19 06:15:27,121.423408,29.961443
Car-1,2008-05-19 06:15:28,121.423263,29.961637
Car-1,2008-05-19 06:15:29,121.42312,29.961832
Car-1,2008-05-19 06:15:30,121.42298,29.962027
Car-1,2008-05-19 06:15:31,121.422842,29.962222
Car-1,2008-05-19 06:15:32,121.422705,29.962418
Car-1,2008-05-19 06:15:33,121.422568,29.962615
Car-1,2008-05-19 06:15:34,121.422435,29.962812
Car-1,2008-05-19 06:15:35,121.422303,29.963012
Car-1,2008-05-19 06:15:36,121.42217,29.96321
Car-1,2008-05-19 06:15:37,121.422037,29.96341
Car-1,2008-05-19 06:15:38,121.421907,29.963612
Car-1,2008-05-19 06:15:39,121.421778,29.963817
Car-1,2008-05-19 06:15:41,121.421527,29.964227
Car-1,2008-05-19 06:15:42,121.421402,29.964433
Car-1,2008-05-19 06:15:43,121.42128,29.964642
Car-1,2008-05-19 06:15:44,121.42116,29.964853
Car-1,2008-05-19 06:15:45,121.42104,29.965063
Car-1,2008-05-19 06:15:46,121.42092,29.965275
Car-1,2008-05-19 06:15:47,121.420802,29.965487
Car-1,2008-05-19 06:15:48,121.420685,29.965702
Car-1,2008-05-19 06:15:49,121.420572,29.965918
Car-1,2008-05-19 06:15:50,121.420458,29.966138
Car-1,2008-05-19 06:15:51,121.420347,29.96636
Car-1,2008-05-19 06:15:52,121.420237,29.966582
Car-1,2008-05-19 06:15:53,121.420127,29.966805
Car-1,2008-05-19 06:15:54,121.420018,29.967028
Car-1,2008-05-19 06:15:55,121.419912,29.967255
Car-1,2008-05-19 06:15:57,121.419703,29.967707
Car-1,2008-05-19 06:15:58,121.419603,29.967933
Car-1,2008-05-19 06:15:59,121.419505,29.96816
Car-1,2008-05-19 06:16:00,121.419408,29.968385
Car-1,2008-05-19 06:16:01,121.419317,29.968612
Car-1,2008-05-19 06:16:03,121.419137,29.969063
Car-1,2008-05-19 06:16:04,121.419048,29.96929
Car-1,2008-05-19 06:16:05,121.418963,29.969515
Car-1,2008-05-19 06:16:06,121.41888,29.969742
Car-1,2008-05-19 06:16:08,121.41872,29.970193
Car-1,2008-05-19 06:16:09,121.418643,29.970418
Car-1,2008-05-19 06:16:10,121.418568,29.970643
Car-1,2008-05-19 06:16:11,121.418495,29.970868
Car-1,2008-05-19 06:16:13,121.418357,29.971318
Car-1,2008-05-19 06:16:14,121.41829,29.971542
Car-1,2008-05-19 06:16:15,121.418225,29.971767
Car-1,2008-05-19 06:16:16,121.418163,29.971992
Car-1,2008-05-19 06:16:17,121.418103,29.972215
Car-1,2008-05-19 06:16:19,121.417985,29.972662
Car-1,2008-05-19 06:16:20,121.417928,29.972885
Car-1,2008-05-19 06:16:21,121.417873,29.973108
Car-1,2008-05-19 06:16:22,121.417823,29.973332
Car-1,2008-05-19 06:16:23,121.417775,29.973555
Car-1,2008-05-19 06:16:25,121.417683,29.974
Car-1,2008-05-19 06:16:26,121.417638,29.974223
Car-1,2008-05-19 06:16:27,121.417598,29.974443
Car-1,2008-05-19 06:16:28,121.417557,29.974665
Car-1,2008-05-19 06:16:29,121.417518,29.974887
Car-1,2008-05-19 06:16:31,121.417447,29.975328
Car-1,2008-05-19 06:16:32,121.417415,29.975548
Car-1,2008-05-19 06:16:33,121.417383,29.97577
Car-1,2008-05-19 06:16:34,121.417353,29.97599
Car-1,2008-05-19 06:16:35,121.417325,29.976212
Car-1,2008-05-19 06:16:37,121.417273,29.976655
Car-1,2008-05-19 06:16:38,121.41725,29.976877
Car-1,2008-05-19 06:16:39,121.417228,29.977098
Car-1,2008-05-19 06:16:40,121.417207,29.97732
Car-1,2008-05-19 06:16:41,121.417187,29.977542
Car-1,2008-05-19 06:16:43,121.417148,29.977987
Car-1,2008-05-19 06:16:44,121.41713,29.978208
Car-1,2008-05-19 06:16:45,121.417113,29.97843
Car-1,2008-05-19 06:16:46,121.417095,29.978652
Car-1,2008-05-19 06:16:47,121.417078,29.978873
Car-1,2008-05-19 06:16:49,121.417043,29.979318
Car-1,2008-05-19 06:16:50,121.417027,29.97954
Car-1,2008-05-19 06:16:51,121.41701,29.979763
Car-1,2008-05-19 06:16:52,121.416993,29.979987
Car-1,2008-05-19 06:16:54,121.416957,29.980432
Car-1,2008-05-19 06:16:55,121.416938,29.980657
Car-1,2008-05-19 06:16:56,121.416922,29.980882
Car-1,2008-05-19 06:16:57,121.416905,29.981107
Car-1,2008-05-19 06:16:59,121.416867,29.98156
Car-1,2008-05-19 06:17:00,121.416847,29.981787
Car-1,2008-05-19 06:17:01,121.416828,29.982015
Car-1,2008-05-19 06:17:02,121.41681,29.982245
Car-1,2008-05-19 06:17:04,121.416775,29.982707
Car-1,2008-05-19 06:17:05,121.416757,29.982937
Car-1,2008-05-19 06:17:06,121.416742,29.98317
Car-1,2008-05-19 06:17:07,121.416723,29.983403
Car-1,2008-05-19 06:17:09,121.416687,29.983872
Car-1,2008-05-19 06:17:10,121.41667,29.984108
Car-1,2008-05-19 06:17:11,121.416652,29.984345
Car-1,2008-05-19 06:17:12,121.416635,29.984583
Car-1,2008-05-19 06:17:14,121.4166,29.985058
Car-1,2008-05-19 06:17:15,121.416582,29.985297
Car-1,2008-05-19 06:17:16,121.416563,29.985535
Car-1,2008-05-19 06:17:17,121.416547,29.985772
Car-1,2008-05-19 06:17:19,121.416512,29.986248
Car-1,2008-05-19 06:17:20,121.416497,29.986487
Car-1,2008-05-19 06:17:21,121.41648,29.986725
Car-1,2008-05-19 06:17:22,121.416463,29.986962
Car-1,2008-05-19 06:17:24,121.416428,29.987437
Car-1,2008-05-19 06:17:25,121.416408,29.987673
Car-1,2008-05-19 06:17:26,121.416388,29.98791
Car-1,2008-05-19 06:17:27,121.41637,29.988148
Car-1,2008-05-19 06:17:29,121.416335,29.988623
Car-1,2008-05-19 06:17:32,121.41628,29.989333
Car-1,2008-05-19 06:17:33,121.416263,29.98957
Car-1,2008-05-19 06:17:34,121.416247,29.989808
Car-1,2008-05-19 06:17:35,121.41623,29.990045
Car-1,2008-05-19 06:17:37,121.416195,29.990517
Car-1,2008-05-19 06:17:38,121.416177,29.990753
Car-1,2008-05-19 06:17:39,121.416162,29.99099
Car-1,2008-05-19 06:17:40,121.416147,29.991227
Car-1,2008-05-19 06:17:42,121.416118,29.991698
Car-1,2008-05-19 06:17:45,121.416082,29.992405
Car-1,2008-05-19 06:17:46,121.41607,29.992638
Car-1,2008-05-19 06:17:47,121.416062,29.992873
Car-1,2008-05-19 06:17:49,121.416052,29.993342
Car-1,2008-05-19 06:17:50,121.41605,29.993577
Car-1,2008-05-19 06:17:51,121.41605,29.993812
Car-1,2008-05-19 06:17:52,121.416052,29.994045
Car-1,2008-05-19 06:17:54,121.416053,29.994512
Car-1,2008-05-19 06:17:57,121.416057,29.995208
Car-1,2008-05-19 06:17:58,121.416065,29.99544
Car-1,2008-05-19 06:17:59,121.416075,29.995672
Car-1,2008-05-19 06:18:01,121.416093,29.996135
Car-1,2008-05-19 06:18:04,121.41613,29.996827
Car-1,2008-05-19 06:18:05,121.416147,29.997058
Car-1,2008-05-19 06:18:06,121.416165,29.997288
Car-1,2008-05-19 06:18:07,121.416185,29.997518
Car-1,2008-05-19 06:18:09,121.416225,29.99798
Car-1,2008-05-19 06:18:10,121.416247,29.99821
Car-1,2008-05-19 06:18:11,121.416267,29.998442
Car-1,2008-05-19 06:18:12,121.41629,29.998673
Car-1,2008-05-19 06:18:14,121.416342,29.999138
Car-1,2008-05-19 06:18:15,121.41637,29.99937
Car-1,2008-05-19 06:18:16,121.4164,29.999602
Car-1,2008-05-19 06:18:17,121.41643,29.999833
Car-1,2008-05-19 06:18:19,121.416497,30.000295
Car-1,2008-05-19 06:18:20,121.41653,30.000525
Car-1,2008-05-19 06:18:21,121.416563,30.000753
Car-1,2008-05-19 06:18:22,121.416598,30.000982
Car-1,2008-05-19 06:18:24,121.416672,30.001433
Car-1,2008-05-19 06:18:26,121.416752,30.001883
Car-1,2008-05-19 06:18:27,121.416792,30.002108
Car-1,2008-05-19 06:18:29,121.416877,30.002555
Car-1,2008-05-19 06:18:32,121.417063,30.00344
Car-1,2008-05-19 06:18:34,121.417162,30.00388
Car-1,2008-05-19 06:18:35,121.417212,30.004102
Car-1,2008-05-19 06:18:38,121.41737,30.00477
Car-1,2008-05-19 06:18:39,121.417425,30.004995
Car-1,2008-05-19 06:18:40,121.417478,30.00522
Car-1,2008-05-19 06:18:41,121.417533,30.005445
Car-1,2008-05-19 06:18:43,121.417645,30.005897
Car-1,2008-05-19 06:18:45,121.417755,30.006353
Car-1,2008-05-19 06:18:46,121.417808,30.006582
Car-1,2008-05-19 06:18:48,121.417918,30.007042
Car-1,2008-05-19 06:18:50,121.418028,30.0075
Car-1,2008-05-19 06:18:51,121.418082,30.007728
Car-1,2008-05-19 06:18:53,121.41818,30.008187
Car-1,2008-05-19 06:18:54,121.418227,30.008415
Car-1,2008-05-19 06:18:55,121.418273,30.008643
Car-1,2008-05-19 06:18:56,121.418318,30.008872
Car-1,2008-05-19 06:18:58,121.418405,30.009325
Car-1,2008-05-19 06:18:59,121.418447,30.009552
Car-1,2008-05-19 06:19:00,121.418487,30.009777
Car-1,2008-05-19 06:19:01,121.418523,30.010003
Car-1,2008-05-19 06:19:03,121.418592,30.010453
Car-1,2008-05-19 06:19:04,121.418627,30.010678
Car-1,2008-05-19 06:19:05,121.41866,30.010903
Car-1,2008-05-19 06:19:06,121.418692,30.011127
Car-1,2008-05-19 06:19:08,121.418753,30.011577
Car-1,2008-05-19 06:19:09,121.418783,30.011802
Car-1,2008-05-19 06:19:10,121.41881,30.012028
Car-1,2008-05-19 06:19:11,121.418838,30.012255
Car-1,2008-05-19 06:19:13,121.418888,30.01271
Car-1,2008-05-19 06:19:14,121.418912,30.012938
Car-1,2008-05-19 06:19:15,121.418935,30.013167
Car-1,2008-05-19 06:19:16,121.418955,30.013397
Car-1,2008-05-19 06:19:18,121.418993,30.013855
Car-1,2008-05-19 06:19:19,121.41901,30.014085
Car-1,2008-05-19 06:19:20,121.419028,30.014315
Car-1,2008-05-19 06:19:21,121.419042,30.014542
Car-1,2008-05-19 06:19:23,121.419067,30.014993
Car-1,2008-05-19 06:19:24,121.419078,30.015217
Car-1,2008-05-19 06:19:25,121.419088,30.015438
Car-1,2008-05-19 06:19:26,121.419098,30.01566
Car-1,2008-05-19 06:19:28,121.419117,30.0161
Car-1,2008-05-19 06:19:29,121.419125,30.016318
Car-1,2008-05-19 06:19:30,121.419132,30.016537
Car-1,2008-05-19 06:19:31,121.41914,30.016755
Car-1,2008-05-19 06:19:32,121.419152,30.016972
Car-1,2008-05-19 06:19:34,121.419175,30.017403
Car-1,2008-05-19 06:19:35,121.419183,30.017618
Car-1,2008-05-19 06:19:36,121.41919,30.017832
Car-1,2008-05-19 06:19:39,121.419213,30.01846
Car-1,2008-05-19 06:19:40,121.419223,30.018668
Car-1,2008-05-19 06:19:41,121.419237,30.018875
Car-1,2008-05-19 06:19:42,121.419253,30.019085
Car-1,2008-05-19 06:19:44,121.419283,30.01951
Car-1,2008-05-19 06:19:45,121.419297,30.019725
Car-1,2008-05-19 06:19:47,121.419318,30.020153
Car-1,2008-05-19 06:19:48,121.419327,30.020368
Car-1,2008-05-19 06:19:51,121.419347,30.02101
Car-1,2008-05-19 06:19:53,121.41936,30.021435
Car-1,2008-05-19 06:19:55,121.419368,30.021858
Car-1,2008-05-19 06:19:57,121.419378,30.022287
Car-1,2008-05-19 06:19:58,121.419388,30.022502
Car-1,2008-05-19 06:20:00,121.419413,30.022935
Car-1,2008-05-19 06:20:01,121.419432,30.023153
Car-1,2008-05-19 06:20:02,121.419452,30.023373
Car-1,2008-05-19 06:20:03,121.419473,30.023593
Car-1,2008-05-19 06:20:04,121.419495,30.023813
Car-1,2008-05-19 06:20:05,121.419518,30.024035
Car-1,2008-05-19 06:20:07,121.419573,30.02448
Car-1,2008-05-19 06:20:08,121.419603,30.024702
Car-1,2008-05-19 06:20:09,121.419637,30.024925
Car-1,2008-05-19 06:20:10,121.41967,30.025147
Car-1,2008-05-19 06:20:12,121.419743,30.025593
Car-1,2008-05-19 06:20:13,121.419783,30.025817
Car-1,2008-05-19 06:20:14,121.419823,30.02604
Car-1,2008-05-19 06:20:15,121.419867,30.026263
Car-1,2008-05-19 06:20:17,121.41996,30.026707
Car-1,2008-05-19 06:20:18,121.420008,30.026928
Car-1,2008-05-19 06:20:19,121.420058,30.027148
Car-1,2008-05-19 06:20:20,121.42011,30.027368
Car-1,2008-05-19 06:20:22,121.420218,30.027807
Car-1,2008-05-19 06:20:23,121.420277,30.028023
Car-1,2008-05-19 06:20:24,121.420337,30.028242
Car-1,2008-05-19 06:20:25,121.420397,30.028457
Car-1,2008-05-19 06:20:26,121.42046,30.02867
Car-1,2008-05-19 06:20:28,121.42059,30.029098
Car-1,2008-05-19 06:20:29,121.420657,30.029312
Car-1,2008-05-19 06:20:30,121.420728,30.029522
Car-1,2008-05-19 06:20:31,121.420798,30.029732
Car-1,2008-05-19 06:20:33,121.420942,30.030148
Car-1,2008-05-19 06:20:34,121.421013,30.030355
Car-1,2008-05-19 06:20:35,121.421087,30.03056
Car-1,2008-05-19 06:20:36,121.421158,30.030765
Car-1,2008-05-19 06:20:38,121.421308,30.031172
Car-1,2008-05-19 06:20:39,121.421385,30.031375
Car-1,2008-05-19 06:20:40,121.421462,30.031578
Car-1,2008-05-19 06:20:41,121.421537,30.03178
Car-1,2008-05-19 06:20:43,121.421687,30.032183
Car-1,2008-05-19 06:20:44,121.421762,30.032385
Car-1,2008-05-19 06:20:45,121.421835,30.032587
Car-1,2008-05-19 06:20:46,121.421908,30.032788
Car-1,2008-05-19 06:20:47,121.421982,30.03299
Car-1,2008-05-19 06:20:49,121.422128,30.033392
Car-1,2008-05-19 06:20:50,121.422203,30.033593
Car-1,2008-05-19 06:20:51,121.422278,30.033793
Car-1,2008-05-19 06:20:52,121.422353,30.033995
Car-1,2008-05-19 06:20:53,121.422428,30.034197
Car-1,2008-05-19 06:20:55,121.422578,30.0346
Car-1,2008-05-19 06:20:56,121.422655,30.034802
Car-1,2008-05-19 06:20:57,121.422732,30.035005
Car-1,2008-05-19 06:20:58,121.422807,30.035207
Car-1,2008-05-19 06:21:00,121.422957,30.035615
Car-1,2008-05-19 06:21:01,121.423032,30.035818
Car-1,2008-05-19 06:21:02,121.423105,30.036023
Car-1,2008-05-19 06:21:03,121.423175,30.036228
Car-1,2008-05-19 06:21:04,121.423245,30.036433
Car-1,2008-05-19 06:21:06,121.42338,30.036843
Car-1,2008-05-19 06:21:07,121.423447,30.03705
Car-1,2008-05-19 06:21:08,121.42351,30.037257
Car-1,2008-05-19 06:21:09,121.423572,30.037465
Car-1,2008-05-19 06:21:10,121.42363,30.037675
Car-1,2008-05-19 06:21:12,121.423752,30.038095
Car-1,2008-05-19 06:21:13,121.42381,30.038307
Car-1,2008-05-19 06:21:14,121.423865,30.03852
Car-1,2008-05-19 06:21:15,121.423918,30.038732
Car-1,2008-05-19 06:21:17,121.424013,30.03916
Car-1,2008-05-19 06:21:18,121.42406,30.039377
Car-1,2008-05-19 06:21:19,121.424107,30.039593
Car-1,2008-05-19 06:21:20,121.424152,30.03981
Car-1,2008-05-19 06:21:22,121.42423,30.040247
Car-1,2008-05-19 06:21:23,121.424268,30.040467
Car-1,2008-05-19 06:21:24,121.424305,30.040687
Car-1,2008-05-19 06:21:25,121.424338,30.040908
Car-1,2008-05-19 06:21:27,121.424398,30.041355
Car-1,2008-05-19 06:21:28,121.424427,30.04158
Car-1,2008-05-19 06:21:29,121.424452,30.041807
Car-1,2008-05-19 06:21:30,121.424477,30.042033
Car-1,2008-05-19 06:21:32,121.424522,30.042487
Car-1,2008-05-19 06:21:33,121.424538,30.042713
Car-1,2008-05-19 06:21:34,121.424553,30.042942
Car-1,2008-05-19 06:21:35,121.424568,30.043168
Car-1,2008-05-19 06:21:37,121.424587,30.043618
Car-1,2008-05-19 06:21:40,121.424597,30.044288
Car-1,2008-05-19 06:21:41,121.424597,30.04451
Car-1,2008-05-19 06:21:42,121.424595,30.044728
Car-1,2008-05-19 06:21:43,121.424592,30.044948
Car-1,2008-05-19 06:21:45,121.424585,30.045383
Car-1,2008-05-19 06:21:46,121.424577,30.045595
Car-1,2008-05-19 06:21:47,121.42457,30.045805
Car-1,2008-05-19 06:21:48,121.42456,30.046012
Car-1,2008-05-19 06:21:50,121.42454,30.046417
Car-1,2008-05-19 06:21:51,121.424528,30.046617
Car-1,2008-05-19 06:21:52,121.424507,30.046833
Car-1,2008-05-19 06:21:58,121.424453,30.047467
Car-1,2008-05-19 06:22:31,121.424137,30.055078
Car-1,2008-05-19 06:22:33,121.424147,30.055555
Car-1,2008-05-19 06:22:36,121.424117,30.056238
Car-1,2008-05-19 06:22:37,121.424105,30.056468
Car-1,2008-05-19 06:22:38,121.424097,30.056698
Car-1,2008-05-19 06:22:40,121.424077,30.057158
Car-1,2008-05-19 06:22:41,121.424065,30.057388
Car-1,2008-05-19 06:22:42,121.424055,30.05762
Car-1,2008-05-19 06:22:43,121.424045,30.057852
Car-1,2008-05-19 06:22:45,121.424033,30.058317
Car-1,2008-05-19 06:22:46,121.424033,30.058552
Car-1,2008-05-19 06:22:47,121.424033,30.058785
Car-1,2008-05-19 06:22:48,121.42404,30.059018
Car-1,2008-05-19 06:22:50,121.424058,30.059482
Car-1,2008-05-19 06:22:51,121.42407,30.059712
Car-1,2008-05-19 06:22:52,121.424083,30.059943
Car-1,2008-05-19 06:22:53,121.424098,30.060172
Car-1,2008-05-19 06:22:55,121.42414,30.060632
Car-1,2008-05-19 06:22:56,121.424167,30.060862
Car-1,2008-05-19 06:22:57,121.424193,30.061092
Car-1,2008-05-19 06:22:58,121.424222,30.061325
Car-1,2008-05-19 06:23:00,121.424293,30.061797
Car-1,2008-05-19 06:23:01,121.424332,30.062035
Car-1,2008-05-19 06:23:02,121.424373,30.062273
Car-1,2008-05-19 06:23:03,121.424422,30.062513
Car-1,2008-05-19 06:23:05,121.424522,30.06299
Car-1,2008-05-19 06:23:06,121.424575,30.063228
Car-1,2008-05-19 06:23:07,121.42463,30.063467
Car-1,2008-05-19 06:23:08,121.424683,30.063703
Car-1,2008-05-19 06:23:10,121.4248,30.064178
Car-1,2008-05-19 06:23:11,121.42486,30.064415
Car-1,2008-05-19 06:23:12,121.424918,30.064652
Car-1,2008-05-19 06:23:13,121.42498,30.064887
Car-1,2008-05-19 06:23:15,121.4251,30.065357
Car-1,2008-05-19 06:23:16,121.425157,30.06559
Car-1,2008-05-19 06:23:17,121.425215,30.06582
Car-1,2008-05-19 06:23:18,121.425272,30.066048
Car-1,2008-05-19 06:23:20,121.425383,30.066492
Car-1,2008-05-19 06:23:21,121.425438,30.06671
Car-1,2008-05-19 06:23:22,121.425493,30.066927
Car-1,2008-05-19 06:23:23,121.425548,30.067143
Car-1,2008-05-19 06:23:29,121.425715,30.067792
Car-1,2008-05-19 06:24:20,121.428565,30.079603
Car-1,2008-05-19 06:24:22,121.428648,30.080067
Car-1,2008-05-19 06:24:23,121.42869,30.080298
Car-1,2008-05-19 06:24:24,121.428723,30.08052
Car-1,2008-05-19 06:24:25,121.428762,30.080752
Car-1,2008-05-19 06:24:27,121.428832,30.081223
Car-1,2008-05-19 06:24:28,121.42886,30.08146
Car-1,2008-05-19 06:24:29,121.42889,30.081703
Car-1,2008-05-19 06:24:30,121.42892,30.081945
Car-1,2008-05-19 06:24:32,121.42897,30.082423
Car-1,2008-05-19 06:24:33,121.428997,30.082667
Car-1,2008-05-19 06:24:34,121.429023,30.08291
Car-1,2008-05-19 06:24:35,121.429045,30.083153
Car-1,2008-05-19 06:24:37,121.429087,30.083635
Car-1,2008-05-19 06:24:38,121.429105,30.083878
Car-1,2008-05-19 06:24:39,121.429123,30.084122
Car-1,2008-05-19 06:24:41,121.429157,30.084617
Car-1,2008-05-19 06:24:42,121.429175,30.084867
Car-1,2008-05-19 06:24:43,121.429188,30.08511
Car-1,2008-05-19 06:24:44,121.4292,30.085353
Car-1,2008-05-19 06:24:46,121.42922,30.08584
Car-1,2008-05-19 06:24:47,121.42923,30.086083
Car-1,2008-05-19 06:24:49,121.429263,30.086588
Car-1,2008-05-19 06:24:51,121.429288,30.087078
Car-1,2008-05-19 06:24:52,121.4293,30.08732
Car-1,2008-05-19 06:24:54,121.429317,30.0878
Car-1,2008-05-19 06:24:55,121.429327,30.088043
Car-1,2008-05-19 06:24:57,121.429348,30.088525
Car-1,2008-05-19 06:24:58,121.42936,30.088768
Car-1,2008-05-19 06:24:59,121.42937,30.089013
Car-1,2008-05-19 06:25:01,121.429393,30.089503
Car-1,2008-05-19 06:25:02,121.429407,30.089747
Car-1,2008-05-19 06:25:03,121.429425,30.08999
Car-1,2008-05-19 06:25:04,121.429445,30.090232
Car-1,2008-05-19 06:25:05,121.429465,30.090475
Car-1,2008-05-19 06:25:06,121.429487,30.090718
Car-1,2008-05-19 06:25:08,121.429533,30.091205
Car-1,2008-05-19 06:25:09,121.42956,30.091448
Car-1,2008-05-19 06:25:10,121.429588,30.091692
Car-1,2008-05-19 06:25:11,121.429617,30.091935
Car-1,2008-05-19 06:25:13,121.429678,30.092423
Car-1,2008-05-19 06:25:14,121.429712,30.092667
Car-1,2008-05-19 06:25:15,121.429747,30.09291
Car-1,2008-05-19 06:25:16,121.429785,30.093153
Car-1,2008-05-19 06:25:17,121.429822,30.093397
Car-1,2008-05-19 06:25:19,121.429898,30.093882
Car-1,2008-05-19 06:25:20,121.429938,30.094123
Car-1,2008-05-19 06:25:21,121.42998,30.094363
Car-1,2008-05-19 06:25:22,121.430025,30.094603
Car-1,2008-05-19 06:25:23,121.43007,30.094843
Car-1,2008-05-19 06:25:25,121.430162,30.09532
Car-1,2008-05-19 06:25:26,121.430208,30.095557
Car-1,2008-05-19 06:25:27,121.430253,30.095793
Car-1,2008-05-19 06:25:28,121.430298,30.096028
Car-1,2008-05-19 06:25:29,121.430345,30.096263
Car-1,2008-05-19 06:25:31,121.430435,30.096737
Car-1,2008-05-19 06:25:32,121.430478,30.096975
Car-1,2008-05-19 06:25:33,121.430523,30.097213
Car-1,2008-05-19 06:25:34,121.430568,30.097452
Car-1,2008-05-19 06:25:35,121.430615,30.097692
Car-1,2008-05-19 06:25:37,121.430707,30.098173
Car-1,2008-05-19 06:25:38,121.430753,30.098415
Car-1,2008-05-19 06:25:39,121.4308,30.098658
Car-1,2008-05-19 06:25:40,121.430847,30.098902
Car-1,2008-05-19 06:25:41,121.430893,30.099147
Car-1,2008-05-19 06:25:43,121.430987,30.09964
Car-1,2008-05-19 06:25:44,121.431033,30.099888
Car-1,2008-05-19 06:25:45,121.431082,30.100135
Car-1,2008-05-19 06:25:46,121.43113,30.100385
Car-1,2008-05-19 06:25:47,121.431177,30.100633
Car-1,2008-05-19 06:25:49,121.43127,30.101135
Car-1,2008-05-19 06:25:50,121.431318,30.101385
Car-1,2008-05-19 06:25:51,121.431368,30.101637
Car-1,2008-05-19 06:25:52,121.431418,30.101888
Car-1,2008-05-19 06:25:53,121.431468,30.102142
Car-1,2008-05-19 06:25:54,121.431518,30.102393
Car-1,2008-05-19 06:25:56,121.431615,30.102895
Car-1,2008-05-19 06:25:57,121.431663,30.103147
Car-1,2008-05-19 06:25:58,121.431713,30.103397
Car-1,2008-05-19 06:25:59,121.431763,30.103647
Car-1,2008-05-19 06:26:00,121.431815,30.103893
Car-1,2008-05-19 06:26:01,121.431867,30.10414
Car-1,2008-05-19 06:26:03,121.431977,30.10463
Car-1,2008-05-19 06:26:04,121.432032,30.104873
Car-1,2008-05-19 06:26:05,121.432087,30.105117
Car-1,2008-05-19 06:26:06,121.432142,30.105358
Car-1,2008-05-19 06:26:07,121.432198,30.1056
Car-1,2008-05-19 06:26:08,121.432257,30.10584
Car-1,2008-05-19 06:26:10,121.432375,30.106317
Car-1,2008-05-19 06:26:11,121.432435,30.106555
Car-1,2008-05-19 06:26:12,121.432497,30.106793
Car-1,2008-05-19 06:26:13,121.43256,30.107032
Car-1,2008-05-19 06:26:14,121.432623,30.10727
Car-1,2008-05-19 06:26:15,121.432688,30.107508
Car-1,2008-05-19 06:26:17,121.432822,30.107987
Car-1,2008-05-19 06:26:18,121.43289,30.108227
Car-1,2008-05-19 06:26:19,121.43296,30.108468
Car-1,2008-05-19 06:26:20,121.433028,30.10871
Car-1,2008-05-19 06:26:21,121.4331,30.10895
Car-1,2008-05-19 06:26:22,121.433173,30.109193
Car-1,2008-05-19 06:26:24,121.433322,30.109678
Car-1,2008-05-19 06:26:27,121.433553,30.110412
Car-1,2008-05-19 06:26:28,121.433633,30.110655
Car-1,2008-05-19 06:26:29,121.433713,30.110898
Car-1,2008-05-19 06:26:30,121.433793,30.111142
Car-1,2008-05-19 06:26:31,121.433873,30.111385
Car-1,2008-05-19 06:26:32,121.433957,30.111628
Car-1,2008-05-19 06:26:34,121.434123,30.112108
Car-1,2008-05-19 06:26:35,121.434208,30.112348
Car-1,2008-05-19 06:26:36,121.434295,30.112587
Car-1,2008-05-19 06:26:37,121.434382,30.112827
Car-1,2008-05-19 06:26:38,121.434467,30.113065
Car-1,2008-05-19 06:26:39,121.434552,30.113303
Car-1,2008-05-19 06:26:41,121.434718,30.113777
Car-1,2008-05-19 06:26:42,121.4348,30.114013
Car-1,2008-05-19 06:26:43,121.434882,30.11425
Car-1,2008-05-19 06:26:44,121.434965,30.114487
Car-1,2008-05-19 06:26:45,121.435048,30.114722
Car-1,2008-05-19 06:26:46,121.435133,30.114958
Car-1,2008-05-19 06:26:48,121.435302,30.115432
Car-1,2008-05-19 06:26:49,121.435387,30.115668
Car-1,2008-05-19 06:26:50,121.43547,30.115905
Car-1,2008-05-19 06:26:51,121.435552,30.116143
Car-1,2008-05-19 06:26:52,121.435635,30.116378
Car-1,2008-05-19 06:26:53,121.435718,30.116615
Car-1,2008-05-19 06:26:55,121.435888,30.117087
Car-1,2008-05-19 06:26:56,121.435972,30.117322
Car-1,2008-05-19 06:26:57,121.436057,30.117555
Car-1,2008-05-19 06:26:58,121.43614,30.11779
Car-1,2008-05-19 06:26:59,121.436225,30.118022
Car-1,2008-05-19 06:27:00,121.436307,30.118253
Car-1,2008-05-19 06:27:02,121.436468,30.118715
Car-1,2008-05-19 06:27:03,121.43655,30.118945
Car-1,2008-05-19 06:27:04,121.436632,30.119173
Car-1,2008-05-19 06:27:05,121.436712,30.119403
Car-1,2008-05-19 06:27:06,121.436793,30.119632
Car-1,2008-05-19 06:27:07,121.436873,30.11986
Car-1,2008-05-19 06:27:09,121.437037,30.120315
Car-1,2008-05-19 06:27:10,121.437118,30.120543
Car-1,2008-05-19 06:27:11,121.4372,30.120772
Car-1,2008-05-19 06:27:12,121.437283,30.121
Car-1,2008-05-19 06:27:13,121.437365,30.12123
Car-1,2008-05-19 06:27:14,121.437447,30.12146
Car-1,2008-05-19 06:27:16,121.437608,30.12192
Car-1,2008-05-19 06:27:17,121.437688,30.12215
Car-1,2008-05-19 06:27:18,121.437772,30.122383
Car-1,2008-05-19 06:27:19,121.437853,30.122617
Car-1,2008-05-19 06:27:20,121.43794,30.12285
Car-1,2008-05-19 06:27:21,121.438023,30.123087
Car-1,2008-05-19 06:27:23,121.438193,30.123563
Car-1,2008-05-19 06:27:24,121.438278,30.123803
Car-1,2008-05-19 06:27:25,121.438363,30.124042
Car-1,2008-05-19 06:27:26,121.438448,30.12428
Car-1,2008-05-19 06:27:27,121.438533,30.12452
Car-1,2008-05-19 06:27:28,121.43862,30.124758
Car-1,2008-05-19 06:27:30,121.438788,30.125235
Car-1,2008-05-19 06:27:31,121.438873,30.125473
Car-1,2008-05-19 06:27:32,121.438957,30.125713
Car-1,2008-05-19 06:27:33,121.439043,30.125952
Car-1,2008-05-19 06:27:34,121.439128,30.126192
Car-1,2008-05-19 06:27:35,121.439213,30.126433
Car-1,2008-05-19 06:27:37,121.439383,30.126915
Car-1,2008-05-19 06:27:38,121.439467,30.127157
Car-1,2008-05-19 06:27:39,121.439547,30.1274
Car-1,2008-05-19 06:27:40,121.439628,30.127643
Car-1,2008-05-19 06:27:41,121.439708,30.127887
Car-1,2008-05-19 06:27:42,121.439792,30.12813
Car-1,2008-05-19 06:27:44,121.43996,30.128618
Car-1,2008-05-19 06:27:45,121.440047,30.128863
Car-1,2008-05-19 06:27:46,121.440133,30.129108
Car-1,2008-05-19 06:27:47,121.44022,30.129355
Car-1,2008-05-19 06:27:48,121.44031,30.129602
Car-1,2008-05-19 06:27:49,121.440398,30.129847
Car-1,2008-05-19 06:27:51,121.440575,30.13034
Car-1,2008-05-19 06:27:52,121.440665,30.130587
Car-1,2008-05-19 06:27:53,121.440753,30.130833
Car-1,2008-05-19 06:27:54,121.440843,30.131082
Car-1,2008-05-19 06:27:55,121.440932,30.13133
Car-1,2008-05-19 06:27:56,121.44102,30.131578
Car-1,2008-05-19 06:27:58,121.441198,30.132075
Car-1,2008-05-19 06:27:59,121.441288,30.132323
Car-1,2008-05-19 06:28:00,121.441378,30.13257
Car-1,2008-05-19 06:28:01,121.441468,30.132817
Car-1,2008-05-19 06:28:02,121.441558,30.133062
Car-1,2008-05-19 06:28:03,121.44165,30.133307
Car-1,2008-05-19 06:28:05,121.441833,30.133792
Car-1,2008-05-19 06:28:06,121.441923,30.134033
Car-1,2008-05-19 06:28:07,121.442012,30.134275
Car-1,2008-05-19 06:28:08,121.442098,30.134515
Car-1,2008-05-19 06:28:09,121.442183,30.134753
Car-1,2008-05-19 06:28:10,121.442265,30.134995
Car-1,2008-05-19 06:28:12,121.442425,30.135472
Car-1,2008-05-19 06:28:13,121.442503,30.13571
Car-1,2008-05-19 06:28:14,121.44258,30.13595
Car-1,2008-05-19 06:28:15,121.442655,30.136192
Car-1,2008-05-19 06:28:16,121.442727,30.136433
Car-1,2008-05-19 06:28:17,121.442797,30.136675
Car-1,2008-05-19 06:28:19,121.442937,30.13716
Car-1,2008-05-19 06:28:20,121.443005,30.137403
Car-1,2008-05-19 06:28:21,121.443075,30.137645
Car-1,2008-05-19 06:28:22,121.44314,30.137887
Car-1,2008-05-19 06:28:23,121.443205,30.138128
Car-1,2008-05-19 06:28:24,121.44327,30.13837
Car-1,2008-05-19 06:28:26,121.443387,30.138852
Car-1,2008-05-19 06:28:27,121.443443,30.139092
Car-1,2008-05-19 06:28:28,121.4435,30.13933
Car-1,2008-05-19 06:28:29,121.443557,30.13957
Car-1,2008-05-19 06:28:30,121.443612,30.139807
Car-1,2008-05-19 06:28:31,121.443665,30.140047
Car-1,2008-05-19 06:28:33,121.443767,30.140522
Car-1,2008-05-19 06:28:34,121.443815,30.140758
Car-1,2008-05-19 06:28:35,121.443862,30.140995
Car-1,2008-05-19 06:28:36,121.443907,30.141232
Car-1,2008-05-19 06:28:37,121.443948,30.141467
Car-1,2008-05-19 06:28:38,121.44399,30.141702
Car-1,2008-05-19 06:28:40,121.444068,30.142172
Car-1,2008-05-19 06:28:41,121.444107,30.142407
Car-1,2008-05-19 06:28:42,121.444143,30.14264
Car-1,2008-05-19 06:28:43,121.444178,30.142875
Car-1,2008-05-19 06:28:44,121.444215,30.14311
Car-1,2008-05-19 06:28:45,121.444248,30.143345
Car-1,2008-05-19 06:28:47,121.44431,30.143817
Car-1,2008-05-19 06:28:48,121.444338,30.144053
Car-1,2008-05-19 06:28:49,121.444365,30.14429
Car-1,2008-05-19 06:28:50,121.444392,30.144528
Car-1,2008-05-19 06:28:51,121.444417,30.144768
Car-1,2008-05-19 06:28:52,121.444438,30.14501
Car-1,2008-05-19 06:28:54,121.444485,30.145493
Car-1,2008-05-19 06:28:55,121.444505,30.145735
Car-1,2008-05-19 06:28:56,121.444523,30.14598
Car-1,2008-05-19 06:28:57,121.44454,30.146223
Car-1,2008-05-19 06:28:58,121.444557,30.146468
Car-1,2008-05-19 06:28:59,121.444573,30.146712
Car-1,2008-05-19 06:29:01,121.444602,30.1472
Car-1,2008-05-19 06:29:02,121.444613,30.147442
Car-1,2008-05-19 06:29:03,121.444622,30.147685
Car-1,2008-05-19 06:29:04,121.444628,30.147927
Car-1,2008-05-19 06:29:05,121.444635,30.148168
Car-1,2008-05-19 06:29:06,121.44464,30.148408
Car-1,2008-05-19 06:29:08,121.444647,30.148892
Car-1,2008-05-19 06:29:09,121.444648,30.149132
Car-1,2008-05-19 06:29:10,121.444648,30.149373
Car-1,2008-05-19 06:29:11,121.444647,30.149615
Car-1,2008-05-19 06:29:12,121.444645,30.149858
Car-1,2008-05-19 06:29:13,121.44464,30.150102
Car-1,2008-05-19 06:29:15,121.444627,30.150592
Car-1,2008-05-19 06:29:16,121.444617,30.150837
Car-1,2008-05-19 06:29:17,121.444607,30.151083
Car-1,2008-05-19 06:29:18,121.444597,30.15133
Car-1,2008-05-19 06:29:19,121.444587,30.15158
Car-1,2008-05-19 06:29:20,121.444572,30.15183
Car-1,2008-05-19 06:29:22,121.444538,30.15233
Car-1,2008-05-19 06:29:23,121.444518,30.152578
Car-1,2008-05-19 06:29:24,121.444498,30.152828
Car-1,2008-05-19 06:29:25,121.444478,30.153078
Car-1,2008-05-19 06:29:26,121.444455,30.153327
Car-1,2008-05-19 06:29:27,121.44443,30.153577
Car-1,2008-05-19 06:29:29,121.444377,30.154073
Car-1,2008-05-19 06:29:30,121.444348,30.15432
Car-1,2008-05-19 06:29:31,121.444317,30.154565
Car-1,2008-05-19 06:29:32,121.444285,30.15481
Car-1,2008-05-19 06:29:36,121.444185,30.15554
Car-1,2008-05-19 06:29:56,121.443083,30.160722
Car-1,2008-05-19 06:29:57,121.44302,30.160965
Car-1,2008-05-19 06:29:58,121.442955,30.161208
Car-1,2008-05-19 06:29:59,121.44289,30.161448
Car-1,2008-05-19 06:30:00,121.442822,30.161687
Car-1,2008-05-19 06:30:01,121.442755,30.161925
Car-1,2008-05-19 06:30:02,121.442688,30.162165
Car-1,2008-05-19 06:30:03,121.442622,30.162405
Car-1,2008-05-19 06:30:07,121.44235,30.163365
Car-1,2008-05-19 06:30:08,121.442283,30.163607
Car-1,2008-05-19 06:30:09,121.442217,30.163847
Car-1,2008-05-19 06:30:11,121.442085,30.164332
Car-1,2008-05-19 06:30:12,121.44202,30.164575
Car-1,2008-05-19 06:30:13,121.441953,30.164817
Car-1,2008-05-19 06:30:15,121.44182,30.165303
Car-1,2008-05-19 06:30:16,121.441753,30.165545
Car-1,2008-05-19 06:30:18,121.44162,30.16603
Car-1,2008-05-19 06:30:20,121.441487,30.166515
Car-1,2008-05-19 06:30:21,121.441423,30.166757
Car-1,2008-05-19 06:30:22,121.441358,30.166997
Car-1,2008-05-19 06:30:23,121.441293,30.167233
Car-1,2008-05-19 06:30:24,121.44123,30.167472
Car-1,2008-05-19 06:30:25,121.441165,30.167708
Car-1,2008-05-19 06:30:27,121.441037,30.168177
Car-1,2008-05-19 06:30:28,121.440972,30.168408
Car-1,2008-05-19 06:30:29,121.440907,30.16864
Car-1,2008-05-19 06:30:30,121.440845,30.168872
Car-1,2008-05-19 06:30:31,121.440782,30.169103
Car-1,2008-05-19 06:30:32,121.440717,30.169333
Car-1,2008-05-19 06:30:34,121.440577,30.169792
Car-1,2008-05-19 06:30:35,121.440503,30.17002
Car-1,2008-05-19 06:30:36,121.44043,30.17025
Car-1,2008-05-19 06:30:37,121.440355,30.17048
Car-1,2008-05-19 06:30:38,121.440278,30.170708
Car-1,2008-05-19 06:30:39,121.440202,30.170938
Car-1,2008-05-19 06:30:41,121.440043,30.1714
Car-1,2008-05-19 06:30:42,121.439962,30.17163
Car-1,2008-05-19 06:30:43,121.439877,30.17186
Car-1,2008-05-19 06:30:44,121.439792,30.17209
Car-1,2008-05-19 06:30:45,121.439705,30.17232
Car-1,2008-05-19 06:30:46,121.439617,30.17255
Car-1,2008-05-19 06:30:48,121.43944,30.17301
Car-1,2008-05-19 06:30:49,121.439348,30.17324
Car-1,2008-05-19 06:30:50,121.439257,30.17347
Car-1,2008-05-19 06:30:51,121.439163,30.1737
Car-1,2008-05-19 06:30:52,121.439067,30.17393
Car-1,2008-05-19 06:30:53,121.43897,30.17416
Car-1,2008-05-19 06:30:55,121.438768,30.174617
Car-1,2008-05-19 06:30:56,121.438665,30.174845
Car-1,2008-05-19 06:30:57,121.438562,30.175072
Car-1,2008-05-19 06:30:58,121.438457,30.1753
Car-1,2008-05-19 06:30:59,121.438352,30.175527
Car-1,2008-05-19 06:31:00,121.438245,30.175752
Car-1,2008-05-19 06:31:02,121.438032,30.176203
Car-1,2008-05-19 06:31:03,121.437922,30.176427
Car-1,2008-05-19 06:31:04,121.43781,30.17665
Car-1,2008-05-19 06:31:05,121.437697,30.17687
Car-1,2008-05-19 06:31:06,121.437583,30.17709
Car-1,2008-05-19 06:31:07,121.437468,30.177307
Car-1,2008-05-19 06:31:09,121.437237,30.177735
Car-1,2008-05-19 06:31:10,121.43712,30.177948
Car-1,2008-05-19 06:31:11,121.437005,30.178162
Car-1,2008-05-19 06:31:12,121.436887,30.178375
Car-1,2008-05-19 06:31:13,121.436765,30.178587
Car-1,2008-05-19 06:31:14,121.436643,30.178798
Car-1,2008-05-19 06:31:16,121.436402,30.17922
Car-1,2008-05-19 06:31:17,121.436283,30.179432
Car-1,2008-05-19 06:31:18,121.436165,30.179643
Car-1,2008-05-19 06:31:19,121.436047,30.179855
Car-1,2008-05-19 06:31:20,121.435932,30.18007
Car-1,2008-05-19 06:31:21,121.435817,30.180285
Car-1,2008-05-19 06:31:23,121.435583,30.180713
Car-1,2008-05-19 06:31:24,121.435468,30.180928
Car-1,2008-05-19 06:31:25,121.43535,30.181143
Car-1,2008-05-19 06:31:26,121.435233,30.18136
Car-1,2008-05-19 06:31:27,121.435117,30.181577
Car-1,2008-05-19 06:31:28,121.434998,30.181793
Car-1,2008-05-19 06:31:30,121.434762,30.182228
Car-1,2008-05-19 06:31:31,121.434643,30.182447
Car-1,2008-05-19 06:31:32,121.434527,30.182667
Car-1,2008-05-19 06:31:33,121.43441,30.182887
Car-1,2008-05-19 06:31:34,121.434295,30.183107
Car-1,2008-05-19 06:31:35,121.434182,30.183327
Car-1,2008-05-19 06:31:37,121.433957,30.18377
Car-1,2008-05-19 06:31:38,121.433845,30.183992
Car-1,2008-05-19 06:31:39,121.433735,30.184213
Car-1,2008-05-19 06:31:40,121.433627,30.184438
Car-1,2008-05-19 06:31:41,121.433522,30.184662
Car-1,2008-05-19 06:31:42,121.433417,30.184885
Car-1,2008-05-19 06:31:44,121.433208,30.185332
Car-1,2008-05-19 06:31:45,121.433105,30.185557
Car-1,2008-05-19 06:31:46,121.433003,30.18578
Car-1,2008-05-19 06:31:47,121.432905,30.186005
Car-1,2008-05-19 06:31:48,121.432807,30.186232
Car-1,2008-05-19 06:31:49,121.432713,30.186457
Car-1,2008-05-19 06:31:51,121.432527,30.186907
Car-1,2008-05-19 06:31:52,121.432435,30.187132
Car-1,2008-05-19 06:31:53,121.432345,30.187357
Car-1,2008-05-19 06:31:54,121.432257,30.187583
Car-1,2008-05-19 06:31:55,121.43217,30.187808
Car-1,2008-05-19 06:31:56,121.432087,30.188035
Car-1,2008-05-19 06:31:58,121.43192,30.188487
Car-1,2008-05-19 06:31:59,121.431837,30.188712
Car-1,2008-05-19 06:32:00,121.431757,30.188937
Car-1,2008-05-19 06:32:01,121.431675,30.189163
Car-1,2008-05-19 06:32:02,121.431598,30.189388
Car-1,2008-05-19 06:32:03,121.43152,30.189615
Car-1,2008-05-19 06:32:05,121.431372,30.19007
Car-1,2008-05-19 06:32:06,121.431302,30.1903
Car-1,2008-05-19 06:32:07,121.43123,30.190532
Car-1,2008-05-19 06:32:08,121.431157,30.190765
Car-1,2008-05-19 06:32:09,121.431087,30.191
Car-1,2008-05-19 06:32:10,121.431017,30.191235
Car-1,2008-05-19 06:32:12,121.430882,30.191705
Car-1,2008-05-19 06:32:13,121.430813,30.19194
Car-1,2008-05-19 06:32:14,121.43075,30.192175
Car-1,2008-05-19 06:32:15,121.430687,30.192412
Car-1,2008-05-19 06:32:16,121.430625,30.192648
Car-1,2008-05-19 06:32:17,121.430563,30.192887
Car-1,2008-05-19 06:32:19,121.430445,30.19336
Car-1,2008-05-19 06:32:20,121.430387,30.193598
Car-1,2008-05-19 06:32:21,121.43033,30.193835
Car-1,2008-05-19 06:32:22,121.430273,30.194072
Car-1,2008-05-19 06:32:23,121.430217,30.194308
Car-1,2008-05-19 06:32:24,121.43016,30.194545
Car-1,2008-05-19 06:32:26,121.430045,30.195013
Car-1,2008-05-19 06:32:27,121.429988,30.195247
Car-1,2008-05-19 06:32:28,121.429932,30.19548
Car-1,2008-05-19 06:32:29,121.429875,30.195712
Car-1,2008-05-19 06:32:30,121.42982,30.195943
Car-1,2008-05-19 06:32:31,121.429763,30.196173
Car-1,2008-05-19 06:32:33,121.429648,30.196637
Car-1,2008-05-19 06:32:34,121.429592,30.196867
Car-1,2008-05-19 06:32:35,121.429537,30.197098
Car-1,2008-05-19 06:32:36,121.429478,30.19733
Car-1,2008-05-19 06:32:37,121.429422,30.197562
Car-1,2008-05-19 06:32:38,121.429365,30.197793
Car-1,2008-05-19 06:32:40,121.42925,30.198258
Car-1,2008-05-19 06:32:41,121.429193,30.198493
Car-1,2008-05-19 06:32:42,121.429135,30.198728
Car-1,2008-05-19 06:32:43,121.429078,30.198963
Car-1,2008-05-19 06:32:44,121.42902,30.1992
Car-1,2008-05-19 06:32:45,121.428962,30.199438
Car-1,2008-05-19 06:32:47,121.428842,30.199917
Car-1,2008-05-19 06:32:48,121.428782,30.200158
Car-1,2008-05-19 06:32:49,121.428722,30.200402
Car-1,2008-05-19 06:32:50,121.428662,30.200645
Car-1,2008-05-19 06:32:51,121.428602,30.20089
Car-1,2008-05-19 06:32:52,121.428543,30.201135
Car-1,2008-05-19 06:32:54,121.428422,30.201628
Car-1,2008-05-19 06:32:55,121.42836,30.201877
Car-1,2008-05-19 06:32:56,121.428298,30.202125
Car-1,2008-05-19 06:32:57,121.428237,30.202373
Car-1,2008-05-19 06:32:58,121.428173,30.202622
Car-1,2008-05-19 06:32:59,121.428112,30.20287
Car-1,2008-05-19 06:33:01,121.427982,30.203363
Car-1,2008-05-19 06:33:03,121.427845,30.203848
Car-1,2008-05-19 06:33:04,121.427775,30.204087
Car-1,2008-05-19 06:33:05,121.427707,30.204325
Car-1,2008-05-19 06:33:06,121.427637,30.20456
Car-1,2008-05-19 06:33:07,121.427567,30.204793
Car-1,2008-05-19 06:33:08,121.427495,30.205025
Car-1,2008-05-19 06:33:09,121.427422,30.205255
Car-1,2008-05-19 06:33:11,121.42727,30.205712
Car-1,2008-05-19 06:33:12,121.427193,30.20594
Car-1,2008-05-19 06:33:13,121.427117,30.206165
Car-1,2008-05-19 06:33:14,121.427038,30.206392
Car-1,2008-05-19 06:33:15,121.42696,30.206615
Car-1,2008-05-19 06:33:16,121.42688,30.20684
Car-1,2008-05-19 06:33:18,121.426712,30.207288
Car-1,2008-05-19 06:33:20,121.42654,30.207733
Car-1,2008-05-19 06:33:21,121.426455,30.207958
Car-1,2008-05-19 06:33:22,121.426367,30.208183
Car-1,2008-05-19 06:33:23,121.426278,30.208408
Car-1,2008-05-19 06:33:24,121.426187,30.208633
Car-1,2008-05-19 06:33:25,121.426093,30.20886
Car-1,2008-05-19 06:33:27,121.425902,30.209313
Car-1,2008-05-19 06:33:28,121.425805,30.209543
Car-1,2008-05-19 06:33:29,121.425705,30.209772
Car-1,2008-05-19 06:33:30,121.425603,30.21
Car-1,2008-05-19 06:33:31,121.4255,30.210228
Car-1,2008-05-19 06:33:32,121.425395,30.210457
Car-1,2008-05-19 06:33:34,121.425182,30.210915
Car-1,2008-05-19 06:33:35,121.425072,30.211142
Car-1,2008-05-19 06:33:36,121.42496,30.21137
Car-1,2008-05-19 06:33:37,121.424848,30.211598
Car-1,2008-05-19 06:33:38,121.424735,30.211827
Car-1,2008-05-19 06:33:39,121.42462,30.212055
Car-1,2008-05-19 06:33:41,121.424387,30.212512
Car-1,2008-05-19 06:33:42,121.424267,30.212738
Car-1,2008-05-19 06:33:44,121.424013,30.21319
Car-1,2008-05-19 06:33:45,121.42389,30.213415
Car-1,2008-05-19 06:33:46,121.423767,30.213642
Car-1,2008-05-19 06:33:48,121.423515,30.214092
Car-1,2008-05-19 06:33:49,121.423387,30.214317
Car-1,2008-05-19 06:33:50,121.423257,30.214542
Car-1,2008-05-19 06:33:52,121.422997,30.21499
Car-1,2008-05-19 06:33:53,121.422865,30.215213
Car-1,2008-05-19 06:33:54,121.422733,30.215437
Car-1,2008-05-19 06:33:56,121.422475,30.215885
Car-1,2008-05-19 06:33:57,121.422347,30.21611
Car-1,2008-05-19 06:33:58,121.422217,30.216333
Car-1,2008-05-19 06:34:00,121.42196,30.21678
Car-1,2008-05-19 06:34:01,121.421832,30.217002
Car-1,2008-05-19 06:34:02,121.421703,30.217223
Car-1,2008-05-19 06:34:04,121.421447,30.217663
Car-1,2008-05-19 06:34:05,121.42132,30.217885
Car-1,2008-05-19 06:34:06,121.421193,30.218103
Car-1,2008-05-19 06:34:08,121.420942,30.21854
Car-1,2008-05-19 06:34:09,121.420815,30.218758
Car-1,2008-05-19 06:34:10,121.42069,30.218975
Car-1,2008-05-19 06:34:12,121.420442,30.219408
Car-1,2008-05-19 06:34:14,121.420192,30.219838
Car-1,2008-05-19 06:34:15,121.420068,30.220053
Car-1,2008-05-19 06:34:16,121.419943,30.220268
Car-1,2008-05-19 06:34:18,121.419692,30.220695
Car-1,2008-05-19 06:34:19,121.419567,30.220908
Car-1,2008-05-19 06:34:20,121.419443,30.22112
Car-1,2008-05-19 06:34:22,121.419193,30.221542
Car-1,2008-05-19 06:34:23,121.41907,30.221752
Car-1,2008-05-19 06:34:24,121.418945,30.221963
Car-1,2008-05-19 06:34:26,121.418688,30.22238
Car-1,2008-05-19 06:34:27,121.418558,30.222588
Car-1,2008-05-19 06:34:28,121.418427,30.222795
Car-1,2008-05-19 06:34:30,121.41816,30.223208
Car-1,2008-05-19 06:34:31,121.418027,30.223417
Car-1,2008-05-19 06:34:32,121.41789,30.223623
Car-1,2008-05-19 06:34:35,121.417473,30.224242
Car-1,2008-05-19 06:34:37,121.417192,30.224652
Car-1,2008-05-19 06:34:39,121.416903,30.22506
Car-1,2008-05-19 06:34:40,121.416757,30.225263
Car-1,2008-05-19 06:34:41,121.41661,30.225467
Car-1,2008-05-19 06:34:43,121.416313,30.225873
Car-1,2008-05-19 06:34:45,121.416015,30.226275
Car-1,2008-05-19 06:34:49,121.415403,30.22707
Car-1,2008-05-19 06:34:52,121.414935,30.22766
Car-1,2008-05-19 06:34:53,121.414777,30.227857
Car-1,2008-05-19 06:34:54,121.414618,30.228052
Car-1,2008-05-19 06:34:56,121.414298,30.22844
Car-1,2008-05-19 06:34:57,121.414135,30.228632
Car-1,2008-05-19 06:34:58,121.413972,30.228822
Car-1,2008-05-19 06:35:00,121.413642,30.229207
Car-1,2008-05-19 06:35:01,121.413475,30.229398
Car-1,2008-05-19 06:35:02,121.413307,30.22959
Car-1,2008-05-19 06:35:04,121.412968,30.229977
Car-1,2008-05-19 06:35:07,121.412452,30.23055
Car-1,2008-05-19 06:35:08,121.412277,30.23074
Car-1,2008-05-19 06:35:09,121.4121,30.23093
Car-1,2008-05-19 06:35:10,121.411922,30.231118
Car-1,2008-05-19 06:35:12,121.411562,30.231495
Car-1,2008-05-19 06:35:13,121.411382,30.231683
Car-1,2008-05-19 06:35:14,121.4112,30.23187
Car-1,2008-05-19 06:35:16,121.410833,30.23224
Car-1,2008-05-19 06:35:17,121.41065,30.232425
Car-1,2008-05-19 06:35:18,121.410463,30.232608
Car-1,2008-05-19 06:35:20,121.410093,30.23297
Car-1,2008-05-19 06:35:21,121.409907,30.23315
Car-1,2008-05-19 06:35:22,121.40972,30.233328
Car-1,2008-05-19 06:35:24,121.409343,30.233682
Car-1,2008-05-19 06:35:25,121.409155,30.233857
Car-1,2008-05-19 06:35:26,121.408965,30.23403
Car-1,2008-05-19 06:35:28,121.408583,30.234378
Car-1,2008-05-19 06:35:29,121.40839,30.234552
Car-1,2008-05-19 06:35:30,121.408195,30.234725
Car-1,2008-05-19 06:35:32,121.407802,30.23507
Car-1,2008-05-19 06:35:33,121.407603,30.235242
Car-1,2008-05-19 06:35:34,121.407402,30.235412
Car-1,2008-05-19 06:35:36,121.406997,30.235753
Car-1,2008-05-19 06:35:37,121.406792,30.235923
Car-1,2008-05-19 06:35:38,121.406587,30.236095
Car-1,2008-05-19 06:35:40,121.406172,30.236433
Car-1,2008-05-19 06:35:41,121.405962,30.2366
Car-1,2008-05-19 06:35:42,121.40575,30.236765
Car-1,2008-05-19 06:35:44,121.405328,30.237097
Car-1,2008-05-19 06:35:51,121.404692,30.237583
Car-1,2008-05-19 06:35:56,121.40274,30.238993
Car-1,2008-05-19 06:36:05,121.400715,30.240342
Car-1,2008-05-19 06:36:09,121.400022,30.240777
Car-1,2008-05-19 06:36:14,121.39861,30.241623
Car-1,2008-05-19 06:36:21,121.3979,30.242033
Car-1,2008-05-19 06:36:29,121.395553,30.243303
Car-1,2008-05-19 06:36:34,121.393922,30.244113
Car-1,2008-05-19 06:36:36,121.39345,30.244338
Car-1,2008-05-19 06:36:37,121.393215,30.244452
Car-1,2008-05-19 06:36:38,121.392982,30.244565
Car-1,2008-05-19 06:36:40,121.39251,30.244793
Car-1,2008-05-19 06:36:41,121.392273,30.244907
Car-1,2008-05-19 06:36:42,121.392037,30.245022
Car-1,2008-05-19 06:36:44,121.39156,30.245252
Car-1,2008-05-19 06:36:45,121.391322,30.245367
Car-1,2008-05-19 06:36:46,121.391083,30.245482
Car-1,2008-05-19 06:36:48,121.390608,30.245713
Car-1,2008-05-19 06:36:49,121.390373,30.245832
Car-1,2008-05-19 06:36:50,121.390138,30.245952
Car-1,2008-05-19 06:36:52,121.38967,30.246195
Car-1,2008-05-19 06:36:53,121.389435,30.246317
Car-1,2008-05-19 06:36:54,121.389202,30.246438
Car-1,2008-05-19 06:36:56,121.388738,30.246685
Car-1,2008-05-19 06:36:57,121.388507,30.24681
Car-1,2008-05-19 06:36:58,121.388275,30.246937
Car-1,2008-05-19 06:37:00,121.38782,30.247195
Car-1,2008-05-19 06:37:01,121.387593,30.247325
Car-1,2008-05-19 06:37:02,121.387367,30.247453
Car-1,2008-05-19 06:37:04,121.386913,30.247717
Car-1,2008-05-19 06:37:05,121.386687,30.24785
Car-1,2008-05-19 06:37:06,121.386462,30.247985
Car-1,2008-05-19 06:37:08,121.386013,30.248258
Car-1,2008-05-19 06:37:09,121.385788,30.248397
Car-1,2008-05-19 06:37:10,121.385565,30.248537
Car-1,2008-05-19 06:37:12,121.385117,30.24882
Car-1,2008-05-19 06:37:13,121.384893,30.248963
Car-1,2008-05-19 06:37:14,121.384668,30.249107
Car-1,2008-05-19 06:37:16,121.384223,30.249398
Car-1,2008-05-19 06:37:17,121.384002,30.249545
Car-1,2008-05-19 06:37:18,121.38378,30.249693
Car-1,2008-05-19 06:37:20,121.383335,30.24999
Car-1,2008-05-19 06:37:21,121.383112,30.250138
Car-1,2008-05-19 06:37:22,121.382887,30.250287
Car-1,2008-05-19 06:37:24,121.382433,30.250585
Car-1,2008-05-19 06:37:25,121.382207,30.250733
Car-1,2008-05-19 06:37:26,121.38198,30.250883
Car-1,2008-05-19 06:37:28,121.381525,30.251183
Car-1,2008-05-19 06:37:29,121.381297,30.251335
Car-1,2008-05-19 06:37:30,121.38107,30.251485
Car-1,2008-05-19 06:37:32,121.380615,30.251787
Car-1,2008-05-19 06:37:33,121.380388,30.251938
Car-1,2008-05-19 06:37:34,121.380163,30.252088
Car-1,2008-05-19 06:37:36,121.379712,30.252387
Car-1,2008-05-19 06:37:37,121.379487,30.252537
Car-1,2008-05-19 06:37:38,121.379262,30.252687
Car-1,2008-05-19 06:37:40,121.37881,30.252985
Car-1,2008-05-19 06:37:41,121.378587,30.253133
Car-1,2008-05-19 06:37:42,121.378362,30.253283
Car-1,2008-05-19 06:37:44,121.377912,30.25358
Car-1,2008-05-19 06:37:45,121.377688,30.253727
Car-1,2008-05-19 06:37:46,121.377463,30.253875
Car-1,2008-05-19 06:37:48,121.377015,30.254173
Car-1,2008-05-19 06:37:49,121.37679,30.254322
Car-1,2008-05-19 06:37:50,121.376567,30.25447
Car-1,2008-05-19 06:37:52,121.37612,30.254767
Car-1,2008-05-19 06:37:53,121.375898,30.254915
Car-1,2008-05-19 06:37:54,121.375675,30.255063
Car-1,2008-05-19 06:37:56,121.375228,30.255358
Car-1,2008-05-19 06:37:57,121.375003,30.255505
Car-1,2008-05-19 06:37:58,121.374778,30.255652
Car-1,2008-05-19 06:38:00,121.374327,30.255942
Car-1,2008-05-19 06:38:01,121.374098,30.256083
Car-1,2008-05-19 06:38:02,121.37387,30.256227
Car-1,2008-05-19 06:38:04,121.373415,30.256508
Car-1,2008-05-19 06:38:05,121.373187,30.256647
Car-1,2008-05-19 06:38:06,121.372957,30.256785
Car-1,2008-05-19 06:38:08,121.372498,30.257057
Car-1,2008-05-19 06:38:09,121.37227,30.25719
Car-1,2008-05-19 06:38:10,121.372042,30.257322
Car-1,2008-05-19 06:38:12,121.371583,30.257583
Car-1,2008-05-19 06:38:13,121.371353,30.257713
Car-1,2008-05-19 06:38:14,121.371123,30.25784
Car-1,2008-05-19 06:38:16,121.370663,30.258093
Car-1,2008-05-19 06:38:17,121.370432,30.25822
Car-1,2008-05-19 06:38:18,121.3702,30.258343
Car-1,2008-05-19 06:38:20,121.369732,30.25859
Car-1,2008-05-19 06:38:21,121.369497,30.258712
Car-1,2008-05-19 06:38:22,121.369262,30.258833
Car-1,2008-05-19 06:38:24,121.368787,30.259073
Car-1,2008-05-19 06:38:25,121.368548,30.259193
Car-1,2008-05-19 06:38:29,121.367823,30.259547
Car-1,2008-05-19 06:38:30,121.36758,30.259663
Car-1,2008-05-19 06:38:31,121.367337,30.25978
Car-1,2008-05-19 06:38:33,121.366842,30.260012
Car-1,2008-05-19 06:38:34,121.366592,30.260127
Car-1,2008-05-19 06:38:35,121.366338,30.26024
Car-1,2008-05-19 06:38:37,121.365825,30.260468
Car-1,2008-05-19 06:38:38,121.365563,30.260583
Car-1,2008-05-19 06:38:39,121.365298,30.260695
Car-1,2008-05-19 06:38:41,121.364768,30.260923
Car-1,2008-05-19 06:38:42,121.364502,30.261038
Car-1,2008-05-19 06:38:43,121.364233,30.261153
Car-1,2008-05-19 06:38:45,121.363695,30.261382
Car-1,2008-05-19 06:38:46,121.363425,30.261497
Car-1,2008-05-19 06:38:47,121.363157,30.261612
Car-1,2008-05-19 06:38:49,121.362627,30.261838
Car-1,2008-05-19 06:38:50,121.362363,30.26195
Car-1,2008-05-19 06:38:51,121.362102,30.262062
Car-1,2008-05-19 06:38:53,121.361582,30.262283
Car-1,2008-05-19 06:38:54,121.361323,30.262393
Car-1,2008-05-19 06:38:55,121.361063,30.262505
Car-1,2008-05-19 06:38:57,121.360547,30.262722
Car-1,2008-05-19 06:38:58,121.36029,30.262832
Car-1,2008-05-19 06:38:59,121.360033,30.262942
Car-1,2008-05-19 06:39:01,121.35952,30.263162
Car-1,2008-05-19 06:39:02,121.359267,30.263272
Car-1,2008-05-19 06:39:03,121.359012,30.26338
Car-1,2008-05-19 06:39:05,121.358502,30.263598
Car-1,2008-05-19 06:39:06,121.358247,30.263707
Car-1,2008-05-19 06:39:07,121.357992,30.263815
Car-1,2008-05-19 06:39:09,121.357482,30.264035
Car-1,2008-05-19 06:39:10,121.357227,30.264145
Car-1,2008-05-19 06:39:11,121.356972,30.264253
Car-1,2008-05-19 06:39:13,121.35646,30.264475
Car-1,2008-05-19 06:39:14,121.356202,30.264587
Car-1,2008-05-19 06:39:15,121.355945,30.264695
Car-1,2008-05-19 06:39:17,121.355428,30.264913
Car-1,2008-05-19 06:39:18,121.355172,30.265025
Car-1,2008-05-19 06:39:19,121.354913,30.265137
Car-1,2008-05-19 06:39:21,121.354397,30.265358
Car-1,2008-05-19 06:39:22,121.354137,30.26547
Car-1,2008-05-19 06:39:23,121.353878,30.26558
Car-1,2008-05-19 06:39:25,121.353363,30.2658
Car-1,2008-05-19 06:39:26,121.353105,30.265908
Car-1,2008-05-19 06:39:27,121.35285,30.266018
Car-1,2008-05-19 06:39:29,121.352338,30.266235
Car-1,2008-05-19 06:39:30,121.352083,30.266343
Car-1,2008-05-19 06:39:31,121.351832,30.26645
Car-1,2008-05-19 06:39:33,121.351318,30.266658
Car-1,2008-05-19 06:39:35,121.350798,30.266858
Car-1,2008-05-19 06:39:37,121.350285,30.26706
Car-1,2008-05-19 06:39:38,121.350025,30.26716
Car-1,2008-05-19 06:39:39,121.349762,30.267258
Car-1,2008-05-19 06:39:41,121.349255,30.267445
Car-1,2008-05-19 06:39:42,121.349005,30.267533
Car-1,2008-05-19 06:39:43,121.348743,30.267627
Car-1,2008-05-19 06:39:45,121.348208,30.26781
Car-1,2008-05-19 06:39:46,121.347935,30.267907
Car-1,2008-05-19 06:39:49,121.34712,30.268183
Car-1,2008-05-19 06:39:50,121.346848,30.268273
Car-1,2008-05-19 06:39:52,121.3463,30.268453
Car-1,2008-05-19 06:39:53,121.346025,30.26854
Car-1,2008-05-19 06:39:55,121.345478,30.2687
Car-1,2008-05-19 06:39:56,121.345208,30.26878
Car-1,2008-05-19 06:39:57,121.344938,30.26886
Car-1,2008-05-19 06:39:58,121.34467,30.26894
Car-1,2008-05-19 06:40:00,121.344135,30.269093
Car-1,2008-05-19 06:40:01,121.343867,30.269168
Car-1,2008-05-19 06:40:02,121.343602,30.269242
Car-1,2008-05-19 06:40:03,121.343335,30.269312
Car-1,2008-05-19 06:40:05,121.342803,30.269452
Car-1,2008-05-19 06:40:07,121.342273,30.269592
Car-1,2008-05-19 06:40:08,121.34201,30.269658
Car-1,2008-05-19 06:40:09,121.341745,30.269723
Car-1,2008-05-19 06:40:11,121.341215,30.269847
Car-1,2008-05-19 06:40:12,121.340948,30.269905
Car-1,2008-05-19 06:40:13,121.34068,30.269962
Car-1,2008-05-19 06:40:15,121.340142,30.270077
Car-1,2008-05-19 06:40:16,121.339872,30.270133
Car-1,2008-05-19 06:40:17,121.3396,30.270188
Car-1,2008-05-19 06:40:19,121.339055,30.270295
Car-1,2008-05-19 06:40:20,121.338782,30.270348
Car-1,2008-05-19 06:40:21,121.338507,30.270402
Car-1,2008-05-19 06:40:23,121.337962,30.27051
Car-1,2008-05-19 06:40:24,121.337688,30.270563
Car-1,2008-05-19 06:40:25,121.337415,30.270617
Car-1,2008-05-19 06:40:27,121.336868,30.270723
Car-1,2008-05-19 06:40:28,121.336595,30.270777
Car-1,2008-05-19 06:40:29,121.336322,30.27083
Car-1,2008-05-19 06:40:31,121.335775,30.270938
Car-1,2008-05-19 06:40:32,121.335502,30.270993
Car-1,2008-05-19 06:40:33,121.335227,30.271047
Car-1,2008-05-19 06:40:35,121.334678,30.271155
Car-1,2008-05-19 06:40:36,121.334403,30.27121
Car-1,2008-05-19 06:40:37,121.334128,30.271265
Car-1,2008-05-19 06:40:39,121.333577,30.271373
Car-1,2008-05-19 06:40:40,121.3333,30.271428
Car-1,2008-05-19 06:40:41,121.333022,30.271482
Car-1,2008-05-19 06:40:43,121.332465,30.271593
Car-1,2008-05-19 06:40:44,121.332187,30.271647
Car-1,2008-05-19 06:40:45,121.331908,30.271702
Car-1,2008-05-19 06:40:47,121.331352,30.271812
Car-1,2008-05-19 06:40:48,121.331072,30.271865
Car-1,2008-05-19 06:40:49,121.330792,30.27192
Car-1,2008-05-19 06:40:51,121.330233,30.27203
Car-1,2008-05-19 06:40:52,121.329953,30.272085
Car-1,2008-05-19 06:40:53,121.329673,30.27214
Car-1,2008-05-19 06:40:55,121.329112,30.272248
Car-1,2008-05-19 06:40:56,121.328832,30.272303
Car-1,2008-05-19 06:40:57,121.328552,30.272358
Car-1,2008-05-19 06:40:59,121.327993,30.272467
Car-1,2008-05-19 06:41:00,121.327713,30.27252
Car-1,2008-05-19 06:41:01,121.327437,30.272575
Car-1,2008-05-19 06:41:03,121.326883,30.272683
Car-1,2008-05-19 06:41:04,121.326608,30.272737
Car-1,2008-05-19 06:41:05,121.326333,30.27279
Car-1,2008-05-19 06:41:07,121.32579,30.272897
Car-1,2008-05-19 06:41:08,121.32552,30.27295
Car-1,2008-05-19 06:41:09,121.325248,30.273002
Car-1,2008-05-19 06:41:11,121.324713,30.273107
Car-1,2008-05-19 06:41:12,121.324447,30.273158
Car-1,2008-05-19 06:41:13,121.324178,30.273207
Car-1,2008-05-19 06:41:15,121.323643,30.273305
Car-1,2008-05-19 06:41:16,121.323377,30.273352
Car-1,2008-05-19 06:41:17,121.323107,30.273397
Car-1,2008-05-19 06:41:19,121.322568,30.273482
Car-1,2008-05-19 06:41:20,121.322297,30.273522
Car-1,2008-05-19 06:41:21,121.322025,30.273562
Car-1,2008-05-19 06:41:23,121.32148,30.273638
Car-1,2008-05-19 06:41:24,121.321205,30.273677
Car-1,2008-05-19 06:41:25,121.320928,30.273715
Car-1,2008-05-19 06:41:27,121.320377,30.273787
Car-1,2008-05-19 06:41:28,121.320098,30.273818
Car-1,2008-05-19 06:41:29,121.31982,30.27385
Car-1,2008-05-19 06:41:31,121.319262,30.273908
Car-1,2008-05-19 06:41:32,121.318982,30.273937
Car-1,2008-05-19 06:41:33,121.3187,30.273965
Car-1,2008-05-19 06:41:35,121.318137,30.274017
Car-1,2008-05-19 06:41:36,121.317855,30.274042
Car-1,2008-05-19 06:41:37,121.317577,30.274067
Car-1,2008-05-19 06:41:39,121.317022,30.274107
Car-1,2008-05-19 06:41:40,121.316747,30.274125
Car-1,2008-05-19 06:41:41,121.31647,30.274145
Car-1,2008-05-19 06:41:43,121.315918,30.27418
Car-1,2008-05-19 06:41:44,121.315643,30.274197
Car-1,2008-05-19 06:41:45,121.315368,30.274212
Car-1,2008-05-19 06:41:47,121.314822,30.274245
Car-1,2008-05-19 06:41:48,121.314547,30.274262
Car-1,2008-05-19 06:41:49,121.314272,30.27428
Car-1,2008-05-19 06:41:51,121.313723,30.274315
Car-1,2008-05-19 06:41:52,121.313448,30.274332
Car-1,2008-05-19 06:41:53,121.313173,30.27435
Car-1,2008-05-19 06:41:55,121.312627,30.274383
Car-1,2008-05-19 06:41:56,121.312355,30.274398
Car-1,2008-05-19 06:41:57,121.312083,30.274415
Car-1,2008-05-19 06:41:59,121.311543,30.274448
Car-1,2008-05-19 06:42:00,121.311273,30.274465
Car-1,2008-05-19 06:42:01,121.311003,30.274482
Car-1,2008-05-19 06:42:03,121.310463,30.274513
Car-1,2008-05-19 06:42:04,121.310192,30.274532
Car-1,2008-05-19 06:42:05,121.30992,30.274548
Car-1,2008-05-19 06:42:07,121.309373,30.274582
Car-1,2008-05-19 06:42:08,121.3091,30.274597
Car-1,2008-05-19 06:42:09,121.308825,30.274613
Car-1,2008-05-19 06:42:11,121.308275,30.274647
Car-1,2008-05-19 06:42:12,121.307998,30.274663
Car-1,2008-05-19 06:42:13,121.307722,30.274682
Car-1,2008-05-19 06:42:15,121.307163,30.274717
Car-1,2008-05-19 06:42:16,121.306883,30.274732
Car-1,2008-05-19 06:42:17,121.306602,30.274748
Car-1,2008-05-19 06:42:19,121.306037,30.274783
Car-1,2008-05-19 06:42:20,121.305753,30.2748
Car-1,2008-05-19 06:42:21,121.305472,30.274817
Car-1,2008-05-19 06:42:23,121.304907,30.27485
Car-1,2008-05-19 06:42:24,121.304623,30.274865
Car-1,2008-05-19 06:42:25,121.304342,30.274882
Car-1,2008-05-19 06:42:27,121.303775,30.274915
Car-1,2008-05-19 06:42:28,121.30349,30.274932
Car-1,2008-05-19 06:42:29,121.303205,30.274948
Car-1,2008-05-19 06:42:31,121.302635,30.274982
Car-1,2008-05-19 06:42:32,121.30235,30.275002
Car-1,2008-05-19 06:42:33,121.302063,30.275022
Car-1,2008-05-19 06:42:35,121.301492,30.27507
Car-1,2008-05-19 06:42:36,121.301207,30.275095
Car-1,2008-05-19 06:42:37,121.300922,30.275122
Car-1,2008-05-19 06:42:39,121.300353,30.275177
Car-1,2008-05-19 06:42:40,121.30007,30.275207
Car-1,2008-05-19 06:42:41,121.299787,30.275238
Car-1,2008-05-19 06:42:43,121.299223,30.275303
Car-1,2008-05-19 06:42:44,121.298942,30.275338
Car-1,2008-05-19 06:42:45,121.298663,30.275373
Car-1,2008-05-19 06:42:47,121.298107,30.275447
Car-1,2008-05-19 06:42:48,121.297828,30.275485
Car-1,2008-05-19 06:42:49,121.297552,30.275527
Car-1,2008-05-19 06:42:51,121.297002,30.275613
Car-1,2008-05-19 06:42:52,121.296727,30.275655
Car-1,2008-05-19 06:42:53,121.296452,30.275697
Car-1,2008-05-19 06:42:55,121.295907,30.275787
Car-1,2008-05-19 06:42:56,121.295633,30.275833
Car-1,2008-05-19 06:42:57,121.295363,30.275883
Car-1,2008-05-19 06:42:59,121.29482,30.275983
Car-1,2008-05-19 06:43:00,121.294548,30.276035
Car-1,2008-05-19 06:43:01,121.294277,30.276088
Car-1,2008-05-19 06:43:03,121.293735,30.276198
Car-1,2008-05-19 06:43:04,121.293465,30.276255
Car-1,2008-05-19 06:43:05,121.293192,30.276313
Car-1,2008-05-19 06:43:07,121.292643,30.276432
Car-1,2008-05-19 06:43:08,121.29237,30.276493
Car-1,2008-05-19 06:43:09,121.292095,30.276558
Car-1,2008-05-19 06:43:11,121.291547,30.27669
Car-1,2008-05-19 06:43:12,121.291273,30.276758
Car-1,2008-05-19 06:43:13,121.291,30.276827
Car-1,2008-05-19 06:43:15,121.290455,30.276965
Car-1,2008-05-19 06:43:16,121.290183,30.277037
Car-1,2008-05-19 06:43:17,121.289912,30.27711
Car-1,2008-05-19 06:43:19,121.289372,30.277258
Car-1,2008-05-19 06:43:20,121.289105,30.277335
Car-1,2008-05-19 06:43:21,121.288837,30.277413
Car-1,2008-05-19 06:43:23,121.288302,30.27757
Car-1,2008-05-19 06:43:24,121.288037,30.277652
Car-1,2008-05-19 06:43:25,121.28777,30.277735
Car-1,2008-05-19 06:43:27,121.287242,30.2779
Car-1,2008-05-19 06:43:28,121.286978,30.277985
Car-1,2008-05-19 06:43:29,121.286717,30.278072
Car-1,2008-05-19 06:43:31,121.286193,30.278243
Car-1,2008-05-19 06:43:32,121.285932,30.278332
Car-1,2008-05-19 06:43:33,121.285673,30.278422
Car-1,2008-05-19 06:43:35,121.285157,30.278605
Car-1,2008-05-19 06:43:36,121.284898,30.278697
Car-1,2008-05-19 06:43:37,121.284643,30.278788
Car-1,2008-05-19 06:43:39,121.28413,30.278977
Car-1,2008-05-19 06:43:40,121.283872,30.279072
Car-1,2008-05-19 06:43:41,121.283617,30.279168
Car-1,2008-05-19 06:43:43,121.28311,30.27937
Car-1,2008-05-19 06:43:44,121.282855,30.27947
Car-1,2008-05-19 06:43:45,121.282603,30.279573
Car-1,2008-05-19 06:43:47,121.282097,30.27978
Car-1,2008-05-19 06:43:48,121.281843,30.279887
Car-1,2008-05-19 06:43:49,121.281592,30.279993
Car-1,2008-05-19 06:43:51,121.281083,30.280208
Car-1,2008-05-19 06:43:52,121.280828,30.280315
Car-1,2008-05-19 06:43:53,121.280573,30.280422
Car-1,2008-05-19 06:43:55,121.28006,30.280637
Car-1,2008-05-19 06:43:56,121.279803,30.280745
Car-1,2008-05-19 06:43:57,121.279548,30.280852
Car-1,2008-05-19 06:43:59,121.279038,30.281068
Car-1,2008-05-19 06:44:00,121.278783,30.281175
Car-1,2008-05-19 06:44:01,121.27853,30.281283
Car-1,2008-05-19 06:44:03,121.278025,30.281497
Car-1,2008-05-19 06:44:04,121.277775,30.281602
Car-1,2008-05-19 06:44:05,121.277525,30.281707
Car-1,2008-05-19 06:44:07,121.277032,30.281915
Car-1,2008-05-19 06:44:08,121.276787,30.282017
Car-1,2008-05-19 06:44:09,121.276542,30.282118
Car-1,2008-05-19 06:44:11,121.276055,30.282313
Car-1,2008-05-19 06:44:12,121.275812,30.28241
Car-1,2008-05-19 06:44:13,121.27557,30.282505
Car-1,2008-05-19 06:44:15,121.275087,30.282693
Car-1,2008-05-19 06:44:16,121.274845,30.282785
Car-1,2008-05-19 06:44:17,121.274602,30.282878
Car-1,2008-05-19 06:44:19,121.274115,30.283053
Car-1,2008-05-19 06:44:20,121.27387,30.28314
Car-1,2008-05-19 06:44:21,121.273627,30.283227
Car-1,2008-05-19 06:44:23,121.273137,30.283395
Car-1,2008-05-19 06:44:24,121.27289,30.283475
Car-1,2008-05-19 06:44:25,121.27264,30.283557
Car-1,2008-05-19 06:44:27,121.27214,30.28372
Car-1,2008-05-19 06:44:28,121.271888,30.283803
Car-1,2008-05-19 06:44:29,121.271637,30.283883
Car-1,2008-05-19 06:44:31,121.271123,30.28404
Car-1,2008-05-19 06:44:32,121.270865,30.284117
Car-1,2008-05-19 06:44:34,121.270342,30.284268
Car-1,2008-05-19 06:44:35,121.270078,30.284342
Car-1,2008-05-19 06:44:37,121.269548,30.284492
Car-1,2008-05-19 06:44:39,121.269018,30.28463
Car-1,2008-05-19 06:44:40,121.26875,30.284698
Car-1,2008-05-19 06:44:42,121.268172,30.28486
Car-1,2008-05-19 06:44:44,121.267623,30.284987
Car-1,2008-05-19 06:44:45,121.267352,30.285052
Car-1,2008-05-19 06:44:48,121.26653,30.285237
Car-1,2008-05-19 06:44:49,121.266255,30.285292
Car-1,2008-05-19 06:44:52,121.265432,30.28546
Car-1,2008-05-19 06:44:54,121.26489,30.285577
Car-1,2008-05-19 06:44:57,121.264085,30.285733
Car-1,2008-05-19 06:44:58,121.263813,30.285773
Car-1,2008-05-19 06:45:01,121.263023,30.285908
Car-1,2008-05-19 06:45:06,121.262238,30.28603
Car-1,2008-05-19 06:45:16,121.259403,30.2864
Car-1,2008-05-19 06:45:23,121.257815,30.286562
Car-1,2008-05-19 06:45:29,121.255592,30.286727
Car-1,2008-05-19 06:45:33,121.254737,30.286767
Car-1,2008-05-19 06:45:39,121.252753,30.286805
Car-1,2008-05-19 06:45:40,121.252473,30.286807
Car-1,2008-05-19 06:45:42,121.25192,30.286807
Car-1,2008-05-19 06:45:43,121.251648,30.286808
Car-1,2008-05-19 06:45:45,121.2511,30.286798
Car-1,2008-05-19 06:45:46,121.250827,30.286795
Car-1,2008-05-19 06:45:48,121.250283,30.286795
Car-1,2008-05-19 06:45:50,121.249748,30.286785
Car-1,2008-05-19 06:45:52,121.249213,30.286777
Car-1,2008-05-19 06:45:54,121.248675,30.28677
Car-1,2008-05-19 06:45:57,121.247875,30.28676
Car-1,2008-05-19 06:45:59,121.247343,30.28675
Car-1,2008-05-19 06:46:00,121.247078,30.286745
Car-1,2008-05-19 06:46:02,121.246548,30.286737
Car-1,2008-05-19 06:46:03,121.246287,30.28674
Car-1,2008-05-19 06:46:05,121.245748,30.286727
Car-1,2008-05-19 06:46:06,121.245478,30.286722
Car-1,2008-05-19 06:46:08,121.244942,30.286712
Car-1,2008-05-19 06:46:11,121.244133,30.286697
Car-1,2008-05-19 06:46:13,121.243592,30.286685
Car-1,2008-05-19 06:46:15,121.243048,30.286673
Car-1,2008-05-19 06:46:16,121.242777,30.286668
Car-1,2008-05-19 06:46:18,121.242233,30.286658
Car-1,2008-05-19 06:46:19,121.241958,30.286652
Car-1,2008-05-19 06:46:20,121.241683,30.286648
Car-1,2008-05-19 06:46:22,121.241133,30.286633
Car-1,2008-05-19 06:46:23,121.240858,30.28662
Car-1,2008-05-19 06:46:24,121.240583,30.286612
Car-1,2008-05-19 06:46:26,121.240038,30.286597
Car-1,2008-05-19 06:46:27,121.239768,30.286588
Car-1,2008-05-19 06:46:28,121.2395,30.28658
Car-1,2008-05-19 06:46:30,121.23897,30.286568
Car-1,2008-05-19 06:46:31,121.238708,30.286562
Car-1,2008-05-19 06:46:32,121.238447,30.286555
Car-1,2008-05-19 06:46:34,121.237925,30.286542
Car-1,2008-05-19 06:46:35,121.237663,30.286537
Car-1,2008-05-19 06:46:36,121.237402,30.286528
Car-1,2008-05-19 06:46:38,121.236872,30.286518
Car-1,2008-05-19 06:46:39,121.236607,30.286513
Car-1,2008-05-19 06:46:40,121.23634,30.286508
Car-1,2008-05-19 06:46:42,121.235803,30.286493
Car-1,2008-05-19 06:46:43,121.235535,30.286487
Car-1,2008-05-19 06:46:44,121.235263,30.286482
Car-1,2008-05-19 06:46:46,121.234717,30.286472
Car-1,2008-05-19 06:46:47,121.234442,30.286465
Car-1,2008-05-19 06:46:48,121.234167,30.286458
Car-1,2008-05-19 06:46:50,121.233615,30.286445
Car-1,2008-05-19 06:46:51,121.233337,30.286438
Car-1,2008-05-19 06:46:52,121.23306,30.286433
Car-1,2008-05-19 06:46:54,121.232505,30.286423
Car-1,2008-05-19 06:46:55,121.232227,30.286418
Car-1,2008-05-19 06:46:56,121.231948,30.286413
Car-1,2008-05-19 06:46:58,121.23139,30.286403
Car-1,2008-05-19 06:46:59,121.231112,30.286398
Car-1,2008-05-19 06:47:00,121.230832,30.286393
Car-1,2008-05-19 06:47:02,121.230275,30.28638
Car-1,2008-05-19 06:47:03,121.229997,30.286373
Car-1,2008-05-19 06:47:04,121.229718,30.286367
Car-1,2008-05-19 06:47:06,121.229163,30.28636
Car-1,2008-05-19 06:47:07,121.228885,30.28636
Car-1,2008-05-19 06:47:08,121.228607,30.286362
Car-1,2008-05-19 06:47:10,121.228052,30.286363
Car-1,2008-05-19 06:47:12,121.227495,30.286372
Car-1,2008-05-19 06:47:14,121.22694,30.286385
Car-1,2008-05-19 06:47:15,121.226662,30.286395
Car-1,2008-05-19 06:47:16,121.226385,30.286403
Car-1,2008-05-19 06:47:18,121.225835,30.286423
Car-1,2008-05-19 06:47:19,121.22556,30.286435
Car-1,2008-05-19 06:47:20,121.225285,30.286448
Car-1,2008-05-19 06:47:22,121.22474,30.286482
Car-1,2008-05-19 06:47:23,121.224467,30.286498
Car-1,2008-05-19 06:47:24,121.224197,30.286517
Car-1,2008-05-19 06:47:26,121.223653,30.286558
Car-1,2008-05-19 06:47:27,121.223383,30.28658
Car-1,2008-05-19 06:47:28,121.223112,30.286602
Car-1,2008-05-19 06:47:30,121.222567,30.286648
Car-1,2008-05-19 06:47:31,121.222292,30.286675
Car-1,2008-05-19 06:47:32,121.222015,30.286703
Car-1,2008-05-19 06:47:34,121.221462,30.286763
Car-1,2008-05-19 06:47:35,121.221183,30.286793
Car-1,2008-05-19 06:47:36,121.220902,30.286827
Car-1,2008-05-19 06:47:38,121.220335,30.286897
Car-1,2008-05-19 06:47:39,121.22005,30.286933
Car-1,2008-05-19 06:47:40,121.219763,30.286972
Car-1,2008-05-19 06:47:42,121.219187,30.287052
Car-1,2008-05-19 06:47:43,121.218897,30.287093
Car-1,2008-05-19 06:47:44,121.218608,30.287138
Car-1,2008-05-19 06:47:46,121.218032,30.287228
Car-1,2008-05-19 06:47:47,121.217745,30.287277
Car-1,2008-05-19 06:47:48,121.217458,30.287323
Car-1,2008-05-19 06:47:50,121.216887,30.287423
Car-1,2008-05-19 06:47:51,121.216605,30.287475
Car-1,2008-05-19 06:47:52,121.216322,30.287528
Car-1,2008-05-19 06:47:54,121.215762,30.287638
Car-1,2008-05-19 06:47:55,121.215483,30.287693
Car-1,2008-05-19 06:47:56,121.215207,30.28775
Car-1,2008-05-19 06:47:58,121.214658,30.287868
Car-1,2008-05-19 06:47:59,121.214387,30.287928
Car-1,2008-05-19 06:48:00,121.214115,30.287988
Car-1,2008-05-19 06:48:02,121.213575,30.288107
Car-1,2008-05-19 06:48:03,121.213307,30.288165
Car-1,2008-05-19 06:48:04,121.213038,30.288223
Car-1,2008-05-19 06:48:06,121.212503,30.288342
Car-1,2008-05-19 06:48:07,121.212235,30.288398
Car-1,2008-05-19 06:48:08,121.211968,30.288458
Car-1,2008-05-19 06:48:10,121.211435,30.28858
Car-1,2008-05-19 06:48:11,121.21117,30.28864
Car-1,2008-05-19 06:48:12,121.210902,30.288698
Car-1,2008-05-19 06:48:14,121.210367,30.288818
Car-1,2008-05-19 06:48:15,121.210097,30.288877
Car-1,2008-05-19 06:48:16,121.209827,30.288935
Car-1,2008-05-19 06:48:18,121.209285,30.289057
Car-1,2008-05-19 06:48:19,121.209013,30.289118
Car-1,2008-05-19 06:48:20,121.20874,30.28918
Car-1,2008-05-19 06:48:22,121.208187,30.289303
Car-1,2008-05-19 06:48:23,121.20791,30.289367
Car-1,2008-05-19 06:48:24,121.20763,30.289427
Car-1,2008-05-19 06:48:26,121.207068,30.289553
Car-1,2008-05-19 06:48:27,121.206787,30.289618
Car-1,2008-05-19 06:48:28,121.206505,30.28968
Car-1,2008-05-19 06:48:30,121.205945,30.289807
Car-1,2008-05-19 06:48:31,121.205665,30.289868
Car-1,2008-05-19 06:48:32,121.205385,30.28993
Car-1,2008-05-19 06:48:34,121.204832,30.290055
Car-1,2008-05-19 06:48:35,121.204558,30.290115
Car-1,2008-05-19 06:48:36,121.204285,30.290175
Car-1,2008-05-19 06:48:38,121.203742,30.290295
Car-1,2008-05-19 06:48:39,121.203473,30.290357
Car-1,2008-05-19 06:48:40,121.203203,30.290417
Car-1,2008-05-19 06:48:42,121.202675,30.290542
Car-1,2008-05-19 06:48:43,121.202417,30.290605
Car-1,2008-05-19 06:48:44,121.202162,30.290668
Car-1,2008-05-19 06:48:46,121.201665,30.290807
Car-1,2008-05-19 06:48:47,121.20142,30.290882
Car-1,2008-05-19 06:48:48,121.201178,30.29096
Car-1,2008-05-19 06:48:50,121.2007,30.291127
Car-1,2008-05-19 06:48:51,121.200462,30.291212
Car-1,2008-05-19 06:48:52,121.200225,30.291295
Car-1,2008-05-19 06:48:54,121.19976,30.291462
Car-1,2008-05-19 06:48:55,121.199533,30.291547
Car-1,2008-05-19 06:48:56,121.19931,30.291635
Car-1,2008-05-19 06:48:58,121.198875,30.291817
Car-1,2008-05-19 06:48:59,121.198662,30.291908
Car-1,2008-05-19 06:49:00,121.198448,30.292
Car-1,2008-05-19 06:49:02,121.198037,30.29219
Car-1,2008-05-19 06:49:03,121.197833,30.292287
Car-1,2008-05-19 06:49:04,121.197637,30.292382
Car-1,2008-05-19 06:49:06,121.197272,30.29257
Car-1,2008-05-19 06:49:07,121.197097,30.292663
Car-1,2008-05-19 06:49:08,121.196925,30.292758
Car-1,2008-05-19 06:49:10,121.196588,30.29295
Car-1,2008-05-19 06:49:11,121.196422,30.293047
Car-1,2008-05-19 06:49:12,121.196255,30.293145
Car-1,2008-05-19 06:49:14,121.195918,30.293352
Car-1,2008-05-19 06:49:15,121.195747,30.293458
Car-1,2008-05-19 06:49:16,121.195573,30.29357
Car-1,2008-05-19 06:49:18,121.195223,30.293807
Car-1,2008-05-19 06:49:19,121.195047,30.293932
Car-1,2008-05-19 06:49:20,121.194868,30.29406
Car-1,2008-05-19 06:49:22,121.194498,30.294322
Car-1,2008-05-19 06:49:23,121.19431,30.294457
Car-1,2008-05-19 06:49:24,121.194122,30.294598
Car-1,2008-05-19 06:49:26,121.193747,30.294893
Car-1,2008-05-19 06:49:27,121.19356,30.295047
Car-1,2008-05-19 06:49:28,121.193375,30.295205
Car-1,2008-05-19 06:49:30,121.193008,30.295533
Car-1,2008-05-19 06:49:31,121.192827,30.295702
Car-1,2008-05-19 06:49:32,121.192647,30.295873
Car-1,2008-05-19 06:49:35,121.192113,30.296402
Car-1,2008-05-19 06:49:36,121.19194,30.296585
Car-1,2008-05-19 06:49:38,121.191598,30.296958
Car-1,2008-05-19 06:49:39,121.191437,30.297143
Car-1,2008-05-19 06:49:42,121.19098,30.297685
Car-1,2008-05-19 06:49:43,121.190822,30.297885
Car-1,2008-05-19 06:49:45,121.190505,30.298295
Car-1,2008-05-19 06:49:48,121.19008,30.29891
Car-1,2008-05-19 06:49:49,121.189943,30.299118
Car-1,2008-05-19 06:49:50,121.189812,30.299333
Car-1,2008-05-19 06:49:52,121.189553,30.299752
Car-1,2008-05-19 06:49:55,121.189185,30.300395
Car-1,2008-05-19 06:49:57,121.18896,30.300837
Car-1,2008-05-19 06:49:58,121.188847,30.301057
Car-1,2008-05-19 06:49:59,121.188738,30.301277
Car-1,2008-05-19 06:50:01,121.188543,30.301723
Car-1,2008-05-19 06:50:02,121.188452,30.301945
Car-1,2008-05-19 06:50:03,121.188363,30.302168
Car-1,2008-05-19 06:50:05,121.188188,30.302618
Car-1,2008-05-19 06:50:06,121.188108,30.302845
Car-1,2008-05-19 06:50:07,121.18803,30.30307
Car-1,2008-05-19 06:50:09,121.187883,30.303523
Car-1,2008-05-19 06:50:10,121.187815,30.30375
Car-1,2008-05-19 06:50:11,121.187748,30.303975
Car-1,2008-05-19 06:50:13,121.187612,30.304423
Car-1,2008-05-19 06:50:14,121.187543,30.304647
Car-1,2008-05-19 06:50:15,121.187475,30.304872
Car-1,2008-05-19 06:50:17,121.187338,30.305322
Car-1,2008-05-19 06:50:18,121.187272,30.305545
Car-1,2008-05-19 06:50:19,121.187203,30.305772
Car-1,2008-05-19 06:50:21,121.187067,30.306223
Car-1,2008-05-19 06:50:22,121.186997,30.30645
Car-1,2008-05-19 06:50:23,121.186927,30.306678
Car-1,2008-05-19 06:50:25,121.186788,30.307133
Car-1,2008-05-19 06:50:26,121.186718,30.307363
Car-1,2008-05-19 06:50:27,121.186648,30.30759
Car-1,2008-05-19 06:50:29,121.186508,30.308047
Car-1,2008-05-19 06:50:30,121.186437,30.308275
Car-1,2008-05-19 06:50:31,121.186367,30.308503
Car-1,2008-05-19 06:50:33,121.18623,30.308957
Car-1,2008-05-19 06:50:34,121.18616,30.309185
Car-1,2008-05-19 06:50:35,121.18609,30.309413
Car-1,2008-05-19 06:50:37,121.185952,30.309868
Car-1,2008-05-19 06:50:38,121.185883,30.310095
Car-1,2008-05-19 06:50:39,121.185813,30.310323
Car-1,2008-05-19 06:50:41,121.185677,30.310778
Car-1,2008-05-19 06:50:42,121.18561,30.311005
Car-1,2008-05-19 06:50:43,121.18554,30.311232
Car-1,2008-05-19 06:50:45,121.1854,30.311683
Car-1,2008-05-19 06:50:46,121.185332,30.31191
Car-1,2008-05-19 06:50:47,121.18526,30.312138
Car-1,2008-05-19 06:50:49,121.18512,30.312595
Car-1,2008-05-19 06:50:50,121.185052,30.312823
Car-1,2008-05-19 06:50:51,121.184982,30.313053
Car-1,2008-05-19 06:50:53,121.184843,30.31351
Car-1,2008-05-19 06:50:54,121.184773,30.313738
Car-1,2008-05-19 06:50:55,121.184703,30.313967
Car-1,2008-05-19 06:50:57,121.184563,30.31442
Car-1,2008-05-19 06:50:58,121.184497,30.314647
Car-1,2008-05-19 06:50:59,121.184428,30.314872
Car-1,2008-05-19 06:51:01,121.184293,30.315323
Car-1,2008-05-19 06:51:02,121.184227,30.315548
Car-1,2008-05-19 06:51:03,121.184158,30.315773
Car-1,2008-05-19 06:51:05,121.184018,30.316222
Car-1,2008-05-19 06:51:06,121.183947,30.316447
Car-1,2008-05-19 06:51:07,121.183878,30.316672
Car-1,2008-05-19 06:51:09,121.183743,30.317122
Car-1,2008-05-19 06:51:10,121.183673,30.317347
Car-1,2008-05-19 06:51:11,121.183605,30.317573
Car-1,2008-05-19 06:51:13,121.183465,30.318027
Car-1,2008-05-19 06:51:14,121.183397,30.318255
Car-1,2008-05-19 06:51:15,121.183327,30.318483
Car-1,2008-05-19 06:51:17,121.183188,30.318943
Car-1,2008-05-19 06:51:18,121.183118,30.319173
Car-1,2008-05-19 06:51:19,121.18305,30.319403
Car-1,2008-05-19 06:51:21,121.182907,30.319865
Car-1,2008-05-19 06:51:22,121.182837,30.320097
Car-1,2008-05-19 06:51:23,121.182765,30.32033
Car-1,2008-05-19 06:51:25,121.182625,30.320793
Car-1,2008-05-19 06:51:26,121.182555,30.321025
Car-1,2008-05-19 06:51:27,121.182483,30.321257
Car-1,2008-05-19 06:51:29,121.18234,30.321722
Car-1,2008-05-19 06:51:30,121.182268,30.321955
Car-1,2008-05-19 06:51:31,121.182195,30.322187
Car-1,2008-05-19 06:51:33,121.182053,30.322652
Car-1,2008-05-19 06:51:34,121.181985,30.322885
Car-1,2008-05-19 06:51:35,121.181913,30.323118
Car-1,2008-05-19 06:51:37,121.181773,30.323583
Car-1,2008-05-19 06:51:38,121.181702,30.323817
Car-1,2008-05-19 06:51:39,121.181632,30.32405
Car-1,2008-05-19 06:51:41,121.181488,30.324515
Car-1,2008-05-19 06:51:42,121.181417,30.324747
Car-1,2008-05-19 06:51:43,121.181345,30.32498
Car-1,2008-05-19 06:51:45,121.181202,30.325447
Car-1,2008-05-19 06:51:46,121.181132,30.325678
Car-1,2008-05-19 06:51:47,121.18106,30.325912
Car-1,2008-05-19 06:51:49,121.18092,30.326378
Car-1,2008-05-19 06:51:50,121.180848,30.326612
Car-1,2008-05-19 06:51:51,121.180777,30.326843
Car-1,2008-05-19 06:51:53,121.180635,30.32731
Car-1,2008-05-19 06:51:54,121.180565,30.327543
Car-1,2008-05-19 06:51:55,121.180493,30.327777
Car-1,2008-05-19 06:51:57,121.180353,30.32824
Car-1,2008-05-19 06:51:58,121.180282,30.328473
Car-1,2008-05-19 06:51:59,121.180208,30.328705
Car-1,2008-05-19 06:52:01,121.180067,30.329167
Car-1,2008-05-19 06:52:02,121.179997,30.329398
Car-1,2008-05-19 06:52:03,121.179928,30.329628
Car-1,2008-05-19 06:52:05,121.179788,30.330088
Car-1,2008-05-19 06:52:06,121.17972,30.330317
Car-1,2008-05-19 06:52:07,121.17965,30.330545
Car-1,2008-05-19 06:52:09,121.179512,30.331002
Car-1,2008-05-19 06:52:10,121.179443,30.331228
Car-1,2008-05-19 06:52:12,121.179305,30.33168
Car-1,2008-05-19 06:52:13,121.179237,30.331905
Car-1,2008-05-19 06:52:14,121.179168,30.33213
Car-1,2008-05-19 06:52:16,121.179033,30.332578
Car-1,2008-05-19 06:52:17,121.178965,30.332802
Car-1,2008-05-19 06:52:18,121.178898,30.333023
Car-1,2008-05-19 06:52:20,121.178763,30.333467
Car-1,2008-05-19 06:52:21,121.178695,30.333687
Car-1,2008-05-19 06:52:22,121.178625,30.333907
Car-1,2008-05-19 06:52:24,121.178488,30.33435
Car-1,2008-05-19 06:52:25,121.178422,30.334575
Car-1,2008-05-19 06:52:26,121.178353,30.3348
Car-1,2008-05-19 06:52:28,121.178218,30.335252
Car-1,2008-05-19 06:52:29,121.17815,30.335478
Car-1,2008-05-19 06:52:30,121.178082,30.335707
Car-1,2008-05-19 06:52:32,121.177942,30.33616
Car-1,2008-05-19 06:52:33,121.17787,30.336388
Car-1,2008-05-19 06:52:34,121.177802,30.336618
Car-1,2008-05-19 06:52:36,121.177663,30.337078
Car-1,2008-05-19 06:52:37,121.177592,30.33731
Car-1,2008-05-19 06:52:38,121.177522,30.33754
Car-1,2008-05-19 06:52:40,121.17738,30.338003
Car-1,2008-05-19 06:52:41,121.17731,30.338237
Car-1,2008-05-19 06:52:42,121.17724,30.338468
Car-1,2008-05-19 06:52:44,121.177098,30.33893
Car-1,2008-05-19 06:52:45,121.177028,30.33916
Car-1,2008-05-19 06:52:46,121.176958,30.33939
Car-1,2008-05-19 06:52:48,121.176818,30.339845
Car-1,2008-05-19 06:52:49,121.176748,30.340072
Car-1,2008-05-19 06:52:50,121.17668,30.340297
Car-1,2008-05-19 06:52:52,121.176542,30.340743
Car-1,2008-05-19 06:52:53,121.176473,30.340963
Car-1,2008-05-19 06:52:54,121.176407,30.341183
Car-1,2008-05-19 06:52:56,121.176272,30.341618
Car-1,2008-05-19 06:52:57,121.176205,30.341835
Car-1,2008-05-19 06:52:58,121.17614,30.34205
Car-1,2008-05-19 06:53:00,121.17601,30.342482
Car-1,2008-05-19 06:53:01,121.175945,30.342698
Car-1,2008-05-19 06:53:02,121.17588,30.342915
Car-1,2008-05-19 06:53:06,121.175615,30.343787
Car-1,2008-05-19 06:53:09,121.175413,30.344443
Car-1,2008-05-19 06:53:11,121.17528,30.344885
Car-1,2008-05-19 06:53:13,121.175143,30.34533
Car-1,2008-05-19 06:53:16,121.174937,30.346002
Car-1,2008-05-19 06:53:17,121.174868,30.346227
Car-1,2008-05-19 06:53:18,121.174798,30.346452
Car-1,2008-05-19 06:53:20,121.174662,30.346907
Car-1,2008-05-19 06:53:22,121.174527,30.347362
Car-1,2008-05-19 06:53:24,121.174387,30.347817
Car-1,2008-05-19 06:53:26,121.174245,30.348273
Car-1,2008-05-19 06:53:28,121.174105,30.348732
Car-1,2008-05-19 06:53:29,121.174035,30.348963
Car-1,2008-05-19 06:53:30,121.173965,30.349193
Car-1,2008-05-19 06:53:32,121.173825,30.349652
Car-1,2008-05-19 06:53:33,121.173755,30.349878
Car-1,2008-05-19 06:53:34,121.173687,30.350103
Car-1,2008-05-19 06:53:36,121.173555,30.350547
Car-1,2008-05-19 06:53:37,121.173488,30.350767
Car-1,2008-05-19 06:53:39,121.173357,30.351203
Car-1,2008-05-19 06:53:40,121.17329,30.351422
Car-1,2008-05-19 06:53:41,121.173227,30.351638
Car-1,2008-05-19 06:53:43,121.173105,30.352075
Car-1,2008-05-19 06:53:44,121.173045,30.352293
Car-1,2008-05-19 06:53:45,121.172988,30.352512
Car-1,2008-05-19 06:53:47,121.172873,30.35295
Car-1,2008-05-19 06:53:48,121.172818,30.35317
Car-1,2008-05-19 06:53:49,121.172763,30.35339
Car-1,2008-05-19 06:53:51,121.172657,30.353832
Car-1,2008-05-19 06:53:52,121.172605,30.354053
Car-1,2008-05-19 06:53:53,121.172555,30.354277
Car-1,2008-05-19 06:53:55,121.172457,30.354725
Car-1,2008-05-19 06:53:56,121.172408,30.35495
Car-1,2008-05-19 06:53:58,121.172315,30.355403
Car-1,2008-05-19 06:53:59,121.17227,30.355632
Car-1,2008-05-19 06:54:01,121.172183,30.35609
Car-1,2008-05-19 06:54:04,121.17206,30.356782
Car-1,2008-05-19 06:54:06,121.171983,30.357245
Car-1,2008-05-19 06:54:07,121.171947,30.357477
Car-1,2008-05-19 06:54:08,121.171912,30.35771
Car-1,2008-05-19 06:54:10,121.171845,30.358178
Car-1,2008-05-19 06:54:11,121.171813,30.358412
Car-1,2008-05-19 06:54:12,121.171782,30.358647
Car-1,2008-05-19 06:54:14,121.171725,30.359118
Car-1,2008-05-19 06:54:15,121.171695,30.359353
Car-1,2008-05-19 06:54:16,121.171667,30.35959
Car-1,2008-05-19 06:54:18,121.171615,30.360062
Car-1,2008-05-19 06:54:19,121.171593,30.360298
Car-1,2008-05-19 06:54:21,121.171548,30.360772
Car-1,2008-05-19 06:54:22,121.171527,30.36101
Car-1,2008-05-19 06:54:24,121.17148,30.361485
Car-1,2008-05-19 06:54:25,121.171453,30.361723
Car-1,2008-05-19 06:54:26,121.171428,30.361963
Car-1,2008-05-19 06:54:28,121.171382,30.362442
Car-1,2008-05-19 06:54:29,121.171358,30.362682
Car-1,2008-05-19 06:54:31,121.171313,30.363162
Car-1,2008-05-19 06:54:35,121.17122,30.364128
Car-1,2008-05-19 06:54:38,121.171152,30.364853
Car-1,2008-05-19 06:54:39,121.171122,30.365095
Car-1,2008-05-19 06:54:41,121.171072,30.365577
Car-1,2008-05-19 06:54:43,121.171022,30.366065
Car-1,2008-05-19 06:54:45,121.170972,30.366553
Car-1,2008-05-19 06:54:47,121.170922,30.367037
Car-1,2008-05-19 06:54:50,121.170852,30.367762
Car-1,2008-05-19 06:54:52,121.170807,30.368243
Car-1,2008-05-19 06:54:54,121.17076,30.368722
Car-1,2008-05-19 06:54:57,121.170688,30.369437
Car-1,2008-05-19 06:54:58,121.170667,30.369673
Car-1,2008-05-19 06:55:00,121.170622,30.370145
Car-1,2008-05-19 06:55:01,121.1706,30.370382
Car-1,2008-05-19 06:55:02,121.170578,30.370617
Car-1,2008-05-19 06:55:04,121.170535,30.371087
Car-1,2008-05-19 06:55:05,121.170512,30.371318
Car-1,2008-05-19 06:55:07,121.17047,30.371787
Car-1,2008-05-19 06:55:08,121.170447,30.372018
Car-1,2008-05-19 06:55:46,121.169573,30.38128
Car-1,2008-05-19 06:55:48,121.169525,30.381753
Car-1,2008-05-19 06:55:49,121.169502,30.38199
Car-1,2008-05-19 06:55:51,121.169455,30.38246
Car-1,2008-05-19 06:55:52,121.169433,30.382695
Car-1,2008-05-19 06:55:54,121.169388,30.383167
Car-1,2008-05-19 06:55:55,121.169365,30.383402
Car-1,2008-05-19 06:55:57,121.169322,30.383872
Car-1,2008-05-19 06:55:58,121.1693,30.384107
Car-1,2008-05-19 06:56:00,121.169253,30.384577
Car-1,2008-05-19 06:56:01,121.16923,30.38481
Car-1,2008-05-19 06:56:03,121.169182,30.38528
Car-1,2008-05-19 06:56:04,121.169158,30.385513
Car-1,2008-05-19 06:56:06,121.169112,30.385982
Car-1,2008-05-19 06:56:07,121.16909,30.386215
Car-1,2008-05-19 06:56:09,121.169045,30.386683
Car-1,2008-05-19 06:56:10,121.169022,30.386918
Car-1,2008-05-19 06:56:12,121.168977,30.387387
Car-1,2008-05-19 06:56:13,121.168955,30.38762
Car-1,2008-05-19 06:56:15,121.16891,30.38809
Car-1,2008-05-19 06:56:16,121.168888,30.388325
Car-1,2008-05-19 06:56:18,121.168845,30.388797
Car-1,2008-05-19 06:56:19,121.16882,30.38903
Car-1,2008-05-19 06:56:21,121.168772,30.389498
Car-1,2008-05-19 06:56:22,121.168747,30.389732
Car-1,2008-05-19 06:56:24,121.168697,30.390197
Car-1,2008-05-19 06:56:25,121.16867,30.39043
Car-1,2008-05-19 06:56:27,121.168617,30.390897
Car-1,2008-05-19 06:56:28,121.168587,30.391128
Car-1,2008-05-19 06:56:30,121.168525,30.391593
Car-1,2008-05-19 06:56:31,121.168493,30.391825
Car-1,2008-05-19 06:56:33,121.16843,30.39229
Car-1,2008-05-19 06:56:34,121.168398,30.392522
Car-1,2008-05-19 06:56:36,121.168332,30.392985
Car-1,2008-05-19 06:56:37,121.168297,30.393217
Car-1,2008-05-19 06:56:39,121.168223,30.393682
Car-1,2008-05-19 06:56:40,121.168187,30.393915
Car-1,2008-05-19 06:56:42,121.168112,30.394382
Car-1,2008-05-19 06:56:43,121.168072,30.394615
Car-1,2008-05-19 06:56:45,121.168032,30.39485
Car-1,2008-05-19 06:56:49,121.167815,30.396032
Car-1,2008-05-19 06:56:50,121.16777,30.396268
Car-1,2008-05-19 06:56:52,121.167677,30.396745
Car-1,2008-05-19 06:56:53,121.167628,30.396982
Car-1,2008-05-19 06:56:55,121.16753,30.397458
Car-1,2008-05-19 06:56:56,121.16748,30.397697
Car-1,2008-05-19 06:56:58,121.16738,30.398168
Car-1,2008-05-19 06:56:59,121.16733,30.398405
Car-1,2008-05-19 06:57:01,121.167227,30.398875
Car-1,2008-05-19 06:57:02,121.167173,30.39911
Car-1,2008-05-19 06:57:04,121.167062,30.399575
Car-1,2008-05-19 06:57:05,121.167007,30.399808
Car-1,2008-05-19 06:57:07,121.166893,30.40027
Car-1,2008-05-19 06:57:08,121.166835,30.400498
Car-1,2008-05-19 06:57:10,121.16672,30.400957
Car-1,2008-05-19 06:57:11,121.16666,30.401183
Car-1,2008-05-19 06:57:13,121.166542,30.401638
Car-1,2008-05-19 06:57:14,121.166482,30.401865
Car-1,2008-05-19 06:57:16,121.166357,30.402317
Car-1,2008-05-19 06:57:17,121.166295,30.402542
Car-1,2008-05-19 06:57:19,121.166167,30.402992
Car-1,2008-05-19 06:57:20,121.166102,30.403217
Car-1,2008-05-19 06:57:22,121.165972,30.403667
Car-1,2008-05-19 06:57:23,121.165908,30.40389
Car-1,2008-05-19 06:57:25,121.165775,30.404337
Car-1,2008-05-19 06:57:26,121.165708,30.404558
Car-1,2008-05-19 06:57:28,121.165568,30.405
Car-1,2008-05-19 06:57:29,121.165497,30.405222
Car-1,2008-05-19 06:57:31,121.165357,30.405662
Car-1,2008-05-19 06:57:32,121.165285,30.405882
Car-1,2008-05-19 06:57:34,121.165142,30.40632
Car-1,2008-05-19 06:57:35,121.16507,30.40654
Car-1,2008-05-19 06:57:37,121.164923,30.406978
Car-1,2008-05-19 06:57:38,121.164848,30.407195
Car-1,2008-05-19 06:57:40,121.164697,30.407632
Car-1,2008-05-19 06:57:41,121.164622,30.407848
Car-1,2008-05-19 06:57:43,121.164465,30.408282
Car-1,2008-05-19 06:57:44,121.164388,30.408498
Car-1,2008-05-19 06:57:46,121.16423,30.408928
Car-1,2008-05-19 06:57:47,121.16415,30.409143
Car-1,2008-05-19 06:57:49,121.163987,30.40957
Car-1,2008-05-19 06:57:50,121.163905,30.409785
Car-1,2008-05-19 06:57:52,121.163742,30.410218
Car-1,2008-05-19 06:57:53,121.163657,30.410435
Car-1,2008-05-19 06:57:55,121.163483,30.410872
Car-1,2008-05-19 06:57:56,121.163393,30.411092
Car-1,2008-05-19 06:57:58,121.163215,30.411532
Car-1,2008-05-19 06:57:59,121.163125,30.411753
Car-1,2008-05-19 06:58:01,121.162942,30.412198
Car-1,2008-05-19 06:58:02,121.162847,30.412422
Car-1,2008-05-19 06:58:04,121.162658,30.412867
Car-1,2008-05-19 06:58:05,121.162562,30.41309
Car-1,2008-05-19 06:58:07,121.162368,30.413533
Car-1,2008-05-19 06:58:08,121.16227,30.413755
Car-1,2008-05-19 06:58:10,121.162072,30.414197
Car-1,2008-05-19 06:58:11,121.161972,30.414417
Car-1,2008-05-19 06:58:13,121.161772,30.414855
Car-1,2008-05-19 06:58:14,121.161672,30.415073
Car-1,2008-05-19 06:58:16,121.16147,30.41551
Car-1,2008-05-19 06:58:17,121.161368,30.415727
Car-1,2008-05-19 06:58:19,121.161163,30.416153
Car-1,2008-05-19 06:58:20,121.16106,30.416367
Car-1,2008-05-19 06:58:22,121.160855,30.416788
Car-1,2008-05-19 06:58:23,121.16075,30.416998
Car-1,2008-05-19 06:58:25,121.16054,30.417417
Car-1,2008-05-19 06:58:26,121.160433,30.417625
Car-1,2008-05-19 06:58:28,121.160223,30.418042
Car-1,2008-05-19 06:58:29,121.160117,30.41825
Car-1,2008-05-19 06:58:31,121.159903,30.418662
Car-1,2008-05-19 06:58:32,121.159795,30.418867
Car-1,2008-05-19 06:58:34,121.159577,30.419273
Car-1,2008-05-19 06:58:35,121.159468,30.419477
Car-1,2008-05-19 06:58:37,121.15936,30.41968
Car-1,2008-05-19 06:58:41,121.158812,30.420683
Car-1,2008-05-19 06:58:42,121.158702,30.420882
Car-1,2008-05-19 06:58:44,121.158478,30.421278
Car-1,2008-05-19 06:58:45,121.158367,30.421473
Car-1,2008-05-19 06:58:47,121.158138,30.421868
Car-1,2008-05-19 06:58:48,121.158025,30.422067
Car-1,2008-05-19 06:58:50,121.157793,30.422462
Car-1,2008-05-19 06:58:51,121.157675,30.42266
Car-1,2008-05-19 06:58:53,121.157438,30.423055
Car-1,2008-05-19 06:58:54,121.157318,30.423253
Car-1,2008-05-19 06:58:56,121.157078,30.42365
Car-1,2008-05-19 06:58:57,121.156957,30.423848
Car-1,2008-05-19 06:58:59,121.156712,30.424247
Car-1,2008-05-19 06:59:00,121.156588,30.424447
Car-1,2008-05-19 06:59:02,121.156337,30.424847
Car-1,2008-05-19 06:59:03,121.156208,30.42505
Car-1,2008-05-19 06:59:05,121.15595,30.425458
Car-1,2008-05-19 06:59:06,121.155817,30.425663
Car-1,2008-05-19 06:59:08,121.155543,30.426077
Car-1,2008-05-19 06:59:09,121.155405,30.426283
Car-1,2008-05-19 06:59:11,121.155127,30.426697
Car-1,2008-05-19 06:59:12,121.154988,30.426905
Car-1,2008-05-19 06:59:14,121.154708,30.427318
Car-1,2008-05-19 06:59:15,121.15457,30.427527
Car-1,2008-05-19 06:59:17,121.154287,30.42794
Car-1,2008-05-19 06:59:18,121.154142,30.428147
Car-1,2008-05-19 06:59:20,121.153853,30.428557
Car-1,2008-05-19 06:59:21,121.153707,30.428763
Car-1,2008-05-19 06:59:23,121.15341,30.429172
Car-1,2008-05-19 06:59:24,121.15326,30.429377
Car-1,2008-05-19 06:59:26,121.152965,30.429787
Car-1,2008-05-19 06:59:27,121.152817,30.429992
Car-1,2008-05-19 06:59:29,121.152517,30.430398
Car-1,2008-05-19 06:59:30,121.152365,30.4306
Car-1,2008-05-19 06:59:34,121.151767,30.431378
Car-1,2008-05-19 06:59:35,121.151617,30.43157
Car-1,2008-05-19 06:59:37,121.151315,30.431955
Car-1,2008-05-19 06:59:38,121.151163,30.432148
Car-1,2008-05-19 06:59:40,121.150858,30.43253
Car-1,2008-05-19 06:59:41,121.150703,30.432722
Car-1,2008-05-19 06:59:43,121.150392,30.433103
Car-1,2008-05-19 06:59:44,121.150237,30.433293
Car-1,2008-05-19 06:59:47,121.149797,30.43383
Car-1,2008-05-19 06:59:50,121.149325,30.434402
Car-1,2008-05-19 06:59:51,121.149165,30.434588
Car-1,2008-05-19 06:59:53,121.148842,30.434963
Car-1,2008-05-19 06:59:54,121.14868,30.435152
Car-1,2008-05-19 06:59:55,121.148517,30.435337
Car-1,2008-05-19 06:59:57,121.148188,30.435703
Car-1,2008-05-19 06:59:58,121.148025,30.43589
Car-1,2008-05-19 06:59:59,121.147862,30.436075
Car-1,2008-05-19 07:00:01,121.147535,30.436448
Car-1,2008-05-19 07:00:02,121.147368,30.436635
Car-1,2008-05-19 07:00:04,121.147035,30.437002
Car-1,2008-05-19 07:00:05,121.14687,30.437187
Car-1,2008-05-19 07:00:07,121.146542,30.437548
Car-1,2008-05-19 07:00:08,121.146377,30.437728
Car-1,2008-05-19 07:00:10,121.146045,30.438087
Car-1,2008-05-19 07:00:11,121.145877,30.438265
Car-1,2008-05-19 07:00:13,121.14554,30.438622
Car-1,2008-05-19 07:00:14,121.14537,30.438802
Car-1,2008-05-19 07:00:16,121.145032,30.439158
Car-1,2008-05-19 07:00:17,121.14486,30.439337
Car-1,2008-05-19 07:00:19,121.14451,30.43969
Car-1,2008-05-19 07:00:20,121.144335,30.439867
Car-1,2008-05-19 07:00:22,121.143987,30.440228
Car-1,2008-05-19 07:00:23,121.143812,30.440408
Car-1,2008-05-19 07:00:25,121.14346,30.440772
Car-1,2008-05-19 07:00:26,121.143285,30.440953
Car-1,2008-05-19 07:00:28,121.142935,30.441318
Car-1,2008-05-19 07:00:29,121.142758,30.4415
Car-1,2008-05-19 07:00:31,121.142408,30.44186
Car-1,2008-05-19 07:00:32,121.142235,30.44204
Car-1,2008-05-19 07:00:34,121.141887,30.4424
Car-1,2008-05-19 07:00:35,121.141715,30.442578
Car-1,2008-05-19 07:00:37,121.14137,30.442938
Car-1,2008-05-19 07:00:38,121.1412,30.443117
Car-1,2008-05-19 07:00:40,121.140857,30.443472
Car-1,2008-05-19 07:00:41,121.140685,30.443653
Car-1,2008-05-19 07:00:43,121.140338,30.444012
Car-1,2008-05-19 07:00:44,121.140165,30.44419
Car-1,2008-05-19 07:00:46,121.139818,30.444552
Car-1,2008-05-19 07:00:47,121.139645,30.44473
Car-1,2008-05-19 07:00:49,121.139302,30.445085
Car-1,2008-05-19 07:00:50,121.13913,30.445262
Car-1,2008-05-19 07:00:52,121.138793,30.445613
Car-1,2008-05-19 07:00:53,121.138625,30.445787
Car-1,2008-05-19 07:00:55,121.138293,30.446128
Car-1,2008-05-19 07:00:56,121.138128,30.446297
Car-1,2008-05-19 07:00:58,121.137805,30.44663
Car-1,2008-05-19 07:00:59,121.137647,30.446798
Car-1,2008-05-19 07:01:01,121.137322,30.447138
Car-1,2008-05-19 07:01:02,121.137158,30.447308
Car-1,2008-05-19 07:01:04,121.136832,30.447648
Car-1,2008-05-19 07:01:05,121.136665,30.447822
Car-1,2008-05-19 07:01:07,121.13633,30.448168
Car-1,2008-05-19 07:01:08,121.136162,30.448342
Car-1,2008-05-19 07:01:10,121.135822,30.448692
Car-1,2008-05-19 07:01:11,121.135652,30.448868
Car-1,2008-05-19 07:01:13,121.135313,30.449222
Car-1,2008-05-19 07:01:14,121.135145,30.449395
Car-1,2008-05-19 07:01:16,121.134808,30.449743
Car-1,2008-05-19 07:01:17,121.13464,30.449918
Car-1,2008-05-19 07:01:19,121.134305,30.450265
Car-1,2008-05-19 07:01:20,121.13414,30.450438
Car-1,2008-05-19 07:01:22,121.133812,30.45078
Car-1,2008-05-19 07:01:23,121.13365,30.450948
Car-1,2008-05-19 07:01:25,121.133328,30.451283
Car-1,2008-05-19 07:01:26,121.133167,30.451448
Car-1,2008-05-19 07:01:28,121.132847,30.451773
Car-1,2008-05-19 07:01:29,121.132687,30.451935
Car-1,2008-05-19 07:01:31,121.132368,30.452263
Car-1,2008-05-19 07:01:32,121.13221,30.45243
Car-1,2008-05-19 07:01:34,121.13189,30.45276
Car-1,2008-05-19 07:01:35,121.13173,30.452928
Car-1,2008-05-19 07:01:37,121.131403,30.45326
Car-1,2008-05-19 07:01:38,121.131242,30.453427
Car-1,2008-05-19 07:01:40,121.130917,30.453763
Car-1,2008-05-19 07:01:41,121.130755,30.45393
Car-1,2008-05-19 07:01:43,121.130432,30.454265
Car-1,2008-05-19 07:01:44,121.13027,30.454433
Car-1,2008-05-19 07:01:46,121.129947,30.454768
Car-1,2008-05-19 07:01:47,121.129785,30.454937
Car-1,2008-05-19 07:01:49,121.129462,30.455267
Car-1,2008-05-19 07:01:50,121.1293,30.455432
Car-1,2008-05-19 07:01:52,121.128985,30.455757
Car-1,2008-05-19 07:01:53,121.12883,30.455918
Car-1,2008-05-19 07:01:55,121.128522,30.456237
Car-1,2008-05-19 07:01:56,121.12837,30.456392
Car-1,2008-05-19 07:01:58,121.12807,30.4567
Car-1,2008-05-19 07:01:59,121.127922,30.456852
Car-1,2008-05-19 07:02:01,121.12763,30.457153
Car-1,2008-05-19 07:02:02,121.127485,30.457305
Car-1,2008-05-19 07:02:04,121.127192,30.457605
Car-1,2008-05-19 07:02:05,121.127043,30.457757
Car-1,2008-05-19 07:02:07,121.126748,30.458058
Car-1,2008-05-19 07:02:08,121.1266,30.458212
Car-1,2008-05-19 07:02:10,121.126297,30.458525
Car-1,2008-05-19 07:02:11,121.126142,30.458683
Car-1,2008-05-19 07:02:13,121.125828,30.459005
Car-1,2008-05-19 07:02:14,121.125672,30.459168
Car-1,2008-05-19 07:02:16,121.125352,30.459497
Car-1,2008-05-19 07:02:17,121.125192,30.459662
Car-1,2008-05-19 07:02:19,121.124865,30.459998
Car-1,2008-05-19 07:02:20,121.124702,30.460168
Car-1,2008-05-19 07:02:22,121.124373,30.46051
Car-1,2008-05-19 07:02:23,121.12421,30.460682
Car-1,2008-05-19 07:02:25,121.12388,30.461025
Car-1,2008-05-19 07:02:26,121.123715,30.461197
Car-1,2008-05-19 07:02:28,121.123383,30.461542
Car-1,2008-05-19 07:02:29,121.123217,30.461713
Car-1,2008-05-19 07:02:31,121.122883,30.462055
Car-1,2008-05-19 07:02:32,121.122717,30.462225
Car-1,2008-05-19 07:02:34,121.122383,30.462568
Car-1,2008-05-19 07:02:35,121.122218,30.462738
Car-1,2008-05-19 07:02:37,121.121885,30.463078
Car-1,2008-05-19 07:02:38,121.12172,30.46325
Car-1,2008-05-19 07:02:40,121.121387,30.46359
Car-1,2008-05-19 07:02:41,121.121222,30.463758
Car-1,2008-05-19 07:02:43,121.12089,30.464097
Car-1,2008-05-19 07:02:44,121.120725,30.464265
Car-1,2008-05-19 07:02:46,121.120393,30.464605
Car-1,2008-05-19 07:02:47,121.120228,30.464773
Car-1,2008-05-19 07:02:49,121.119897,30.465113
Car-1,2008-05-19 07:02:50,121.119732,30.465283
Car-1,2008-05-19 07:02:52,121.1194,30.465623
Car-1,2008-05-19 07:02:53,121.119235,30.465793
Car-1,2008-05-19 07:02:55,121.118905,30.466135
Car-1,2008-05-19 07:02:56,121.11874,30.466307
Car-1,2008-05-19 07:02:58,121.118407,30.466653
Car-1,2008-05-19 07:02:59,121.118237,30.46683
Car-1,2008-05-19 07:03:01,121.117895,30.46718
Car-1,2008-05-19 07:03:02,121.117725,30.467357
Car-1,2008-05-19 07:03:04,121.117382,30.467707
Car-1,2008-05-19 07:03:05,121.117212,30.467882
Car-1,2008-05-19 07:03:07,121.116872,30.468235
Car-1,2008-05-19 07:03:08,121.116702,30.468413
Car-1,2008-05-19 07:03:10,121.11636,30.468768
Car-1,2008-05-19 07:03:11,121.11619,30.468948
Car-1,2008-05-19 07:03:13,121.115845,30.469308
Car-1,2008-05-19 07:03:14,121.115673,30.469488
Car-1,2008-05-19 07:03:16,121.115325,30.469847
Car-1,2008-05-19 07:03:17,121.115148,30.470027
Car-1,2008-05-19 07:03:19,121.114797,30.47039
Car-1,2008-05-19 07:03:20,121.114622,30.470572
Car-1,2008-05-19 07:03:22,121.114268,30.470938
Car-1,2008-05-19 07:03:23,121.114092,30.471127
Car-1,2008-05-19 07:03:25,121.113733,30.471493
Car-1,2008-05-19 07:03:26,121.113555,30.471677
Car-1,2008-05-19 07:03:28,121.113198,30.472043
Car-1,2008-05-19 07:03:29,121.113022,30.472227
Car-1,2008-05-19 07:03:31,121.112667,30.472592
Car-1,2008-05-19 07:03:32,121.11249,30.472775
Car-1,2008-05-19 07:03:34,121.112135,30.473142
Car-1,2008-05-19 07:03:35,121.111957,30.473322
Car-1,2008-05-19 07:03:37,121.111608,30.47368
Car-1,2008-05-19 07:03:38,121.111437,30.473858
Car-1,2008-05-19 07:03:40,121.111097,30.474208
Car-1,2008-05-19 07:03:41,121.110928,30.47438
Car-1,2008-05-19 07:03:43,121.110595,30.47472
Car-1,2008-05-19 07:03:44,121.11043,30.47489
Car-1,2008-05-19 07:03:46,121.110102,30.475227
Car-1,2008-05-19 07:03:47,121.109938,30.475395
Car-1,2008-05-19 07:03:49,121.109615,30.475728
Car-1,2008-05-19 07:03:50,121.109455,30.475893
Car-1,2008-05-19 07:03:52,121.109133,30.476223
Car-1,2008-05-19 07:03:53,121.108972,30.476388
Car-1,2008-05-19 07:03:55,121.108648,30.47672
Car-1,2008-05-19 07:03:56,121.108488,30.476885
Car-1,2008-05-19 07:03:58,121.108168,30.477218
Car-1,2008-05-19 07:03:59,121.108005,30.477388
Car-1,2008-05-19 07:04:01,121.107673,30.477733
Car-1,2008-05-19 07:04:02,121.107505,30.477908
Car-1,2008-05-19 07:04:04,121.107162,30.478263
Car-1,2008-05-19 07:04:05,121.106988,30.478442
Car-1,2008-05-19 07:04:07,121.106638,30.478805
Car-1,2008-05-19 07:04:08,121.106463,30.478987
Car-1,2008-05-19 07:04:10,121.106112,30.479348
Car-1,2008-05-19 07:04:11,121.105935,30.47953
Car-1,2008-05-19 07:04:13,121.105583,30.479893
Car-1,2008-05-19 07:04:14,121.105407,30.480077
Car-1,2008-05-19 07:04:16,121.105052,30.480442
Car-1,2008-05-19 07:04:17,121.104875,30.480625
Car-1,2008-05-19 07:04:19,121.104518,30.480992
Car-1,2008-05-19 07:04:20,121.10434,30.481173
Car-1,2008-05-19 07:04:22,121.103985,30.481542
Car-1,2008-05-19 07:04:23,121.103808,30.481727
Car-1,2008-05-19 07:04:25,121.103457,30.482093
Car-1,2008-05-19 07:04:26,121.10328,30.482275
Car-1,2008-05-19 07:04:28,121.102932,30.482638
Car-1,2008-05-19 07:04:29,121.102757,30.482818
Car-1,2008-05-19 07:04:31,121.102407,30.483178
Car-1,2008-05-19 07:04:34,121.102057,30.483538
Car-1,2008-05-19 07:04:37,121.101527,30.484075
Car-1,2008-05-19 07:04:38,121.101353,30.484253
Car-1,2008-05-19 07:04:40,121.101007,30.484612
Car-1,2008-05-19 07:04:41,121.100833,30.48479
Car-1,2008-05-19 07:04:43,121.10049,30.485147
Car-1,2008-05-19 07:04:48,121.099968,30.485688
Car-1,2008-05-19 07:04:54,121.0986,30.487117
Car-1,2008-05-19 07:04:56,121.09826,30.487467
Car-1,2008-05-19 07:04:58,121.097923,30.487818
Car-1,2008-05-19 07:04:59,121.097755,30.487992
Car-1,2008-05-19 07:05:00,121.097587,30.488165
Car-1,2008-05-19 07:05:02,121.097248,30.488512
Car-1,2008-05-19 07:05:03,121.09708,30.488687
Car-1,2008-05-19 07:05:05,121.096742,30.489037
Car-1,2008-05-19 07:05:06,121.096573,30.489213
Car-1,2008-05-19 07:05:08,121.096233,30.489563
Car-1,2008-05-19 07:05:09,121.096063,30.489738
Car-1,2008-05-19 07:05:11,121.095725,30.490088
Car-1,2008-05-19 07:05:12,121.095555,30.490263
Car-1,2008-05-19 07:05:14,121.095217,30.490617
Car-1,2008-05-19 07:05:15,121.095047,30.490792
Car-1,2008-05-19 07:05:17,121.094708,30.491143
Car-1,2008-05-19 07:05:18,121.094538,30.49132
Car-1,2008-05-19 07:05:20,121.094197,30.491675
Car-1,2008-05-19 07:05:21,121.094023,30.491852
Car-1,2008-05-19 07:05:23,121.09368,30.492205
Car-1,2008-05-19 07:05:24,121.093507,30.492385
Car-1,2008-05-19 07:05:26,121.093162,30.49274
Car-1,2008-05-19 07:05:27,121.092988,30.49292
Car-1,2008-05-19 07:05:29,121.092643,30.49328
Car-1,2008-05-19 07:05:30,121.092472,30.49346
Car-1,2008-05-19 07:05:32,121.092132,30.493825
Car-1,2008-05-19 07:05:33,121.091962,30.494007
Car-1,2008-05-19 07:05:35,121.091625,30.494375
Car-1,2008-05-19 07:05:36,121.091457,30.49456
Car-1,2008-05-19 07:05:38,121.091122,30.49493
Car-1,2008-05-19 07:05:39,121.090953,30.495115
Car-1,2008-05-19 07:05:41,121.090625,30.495483
Car-1,2008-05-19 07:05:42,121.090463,30.495665
Car-1,2008-05-19 07:05:44,121.090145,30.496027
Car-1,2008-05-19 07:05:45,121.08999,30.496207
Car-1,2008-05-19 07:05:47,121.089678,30.496567
Car-1,2008-05-19 07:05:48,121.089525,30.496745
Car-1,2008-05-19 07:05:50,121.089222,30.497103
Car-1,2008-05-19 07:05:51,121.089072,30.497282
Car-1,2008-05-19 07:05:53,121.088772,30.497637
Car-1,2008-05-19 07:05:54,121.088625,30.497813
Car-1,2008-05-19 07:05:56,121.088332,30.498168
Car-1,2008-05-19 07:05:57,121.088187,30.498345
Car-1,2008-05-19 07:05:59,121.0879,30.498698
Car-1,2008-05-19 07:06:00,121.087758,30.498875
Car-1,2008-05-19 07:06:02,121.087475,30.499228
Car-1,2008-05-19 07:06:03,121.087335,30.499405
Car-1,2008-05-19 07:06:05,121.087057,30.499758
Car-1,2008-05-19 07:06:06,121.086917,30.499935
Car-1,2008-05-19 07:06:08,121.086637,30.50029
Car-1,2008-05-19 07:06:09,121.086498,30.500468
Car-1,2008-05-19 07:06:11,121.086218,30.500828
Car-1,2008-05-19 07:06:12,121.08608,30.50101
Car-1,2008-05-19 07:06:14,121.085803,30.501378
Car-1,2008-05-19 07:06:15,121.085663,30.501565
Car-1,2008-05-19 07:06:17,121.085385,30.50194
Car-1,2008-05-19 07:06:18,121.085247,30.502128
Car-1,2008-05-19 07:06:20,121.084967,30.50251
Car-1,2008-05-19 07:06:21,121.084827,30.502702
Car-1,2008-05-19 07:06:23,121.084548,30.503088
Car-1,2008-05-19 07:06:24,121.084408,30.503282
Car-1,2008-05-19 07:06:26,121.084135,30.503673
Car-1,2008-05-19 07:06:27,121.084,30.503868
Car-1,2008-05-19 07:06:29,121.083735,30.504258
Car-1,2008-05-19 07:06:30,121.083602,30.504452
Car-1,2008-05-19 07:06:32,121.08334,30.504837
Car-1,2008-05-19 07:06:33,121.083208,30.505027
Car-1,2008-05-19 07:06:35,121.08295,30.505407
Car-1,2008-05-19 07:06:36,121.082822,30.505597
Car-1,2008-05-19 07:06:38,121.082573,30.505978
Car-1,2008-05-19 07:06:39,121.08245,30.50617
Car-1,2008-05-19 07:06:41,121.0822,30.50656
Car-1,2008-05-19 07:06:42,121.082077,30.506755
Car-1,2008-05-19 07:06:44,121.081828,30.507148
Car-1,2008-05-19 07:06:45,121.081705,30.507345
Car-1,2008-05-19 07:06:47,121.081462,30.507737
Car-1,2008-05-19 07:06:48,121.08134,30.507932
Car-1,2008-05-19 07:06:50,121.0811,30.508323
Car-1,2008-05-19 07:06:51,121.080982,30.50852
Car-1,2008-05-19 07:06:53,121.080745,30.508912
Car-1,2008-05-19 07:06:54,121.080628,30.509107
Car-1,2008-05-19 07:06:56,121.080402,30.509492
Car-1,2008-05-19 07:06:57,121.080288,30.50968
Car-1,2008-05-19 07:06:59,121.080067,30.510055
Car-1,2008-05-19 07:07:00,121.079957,30.51024
Car-1,2008-05-19 07:07:02,121.079737,30.510605
Car-1,2008-05-19 07:07:03,121.079628,30.510785
Car-1,2008-05-19 07:07:05,121.079415,30.511138
Car-1,2008-05-19 07:07:06,121.079308,30.511315
Car-1,2008-05-19 07:07:08,121.079098,30.511668
Car-1,2008-05-19 07:07:09,121.078993,30.511847
Car-1,2008-05-19 07:07:11,121.078778,30.512205
Car-1,2008-05-19 07:07:12,121.07867,30.512385
Car-1,2008-05-19 07:07:14,121.078453,30.512748
Car-1,2008-05-19 07:07:15,121.078345,30.512932
Car-1,2008-05-19 07:07:17,121.078123,30.513302
Car-1,2008-05-19 07:07:18,121.078012,30.513485
Car-1,2008-05-19 07:07:20,121.077788,30.513858
Car-1,2008-05-19 07:07:21,121.077677,30.514045
Car-1,2008-05-19 07:07:23,121.077455,30.514418
Car-1,2008-05-19 07:07:24,121.077343,30.514607
Car-1,2008-05-19 07:07:26,121.077118,30.514982
Car-1,2008-05-19 07:07:27,121.077007,30.51517
Car-1,2008-05-19 07:07:29,121.076778,30.515553
Car-1,2008-05-19 07:07:30,121.076665,30.515747
Car-1,2008-05-19 07:07:32,121.076437,30.516137
Car-1,2008-05-19 07:07:33,121.076325,30.516333
Car-1,2008-05-19 07:07:35,121.076098,30.516735
Car-1,2008-05-19 07:07:36,121.075982,30.51694
Car-1,2008-05-19 07:07:38,121.075742,30.517347
Car-1,2008-05-19 07:07:39,121.075618,30.517548
Car-1,2008-05-19 07:07:41,121.07537,30.517955
Car-1,2008-05-19 07:07:42,121.075247,30.51816
Car-1,2008-05-19 07:07:44,121.074992,30.518572
Car-1,2008-05-19 07:07:45,121.07486,30.518777
Car-1,2008-05-19 07:07:47,121.074598,30.519188
Car-1,2008-05-19 07:07:48,121.074473,30.519395
Car-1,2008-05-19 07:07:50,121.074222,30.519812
Car-1,2008-05-19 07:07:51,121.074097,30.52002
Car-1,2008-05-19 07:07:53,121.073845,30.520437
Car-1,2008-05-19 07:07:54,121.07372,30.520645
Car-1,2008-05-19 07:07:56,121.073472,30.521063
Car-1,2008-05-19 07:07:57,121.073347,30.521273
Car-1,2008-05-19 07:07:59,121.073095,30.521697
Car-1,2008-05-19 07:08:00,121.072968,30.52191
Car-1,2008-05-19 07:08:02,121.07271,30.522337
Car-1,2008-05-19 07:08:03,121.072583,30.522552
Car-1,2008-05-19 07:08:05,121.072325,30.522982
Car-1,2008-05-19 07:08:06,121.072197,30.523197
Car-1,2008-05-19 07:08:08,121.071935,30.52363
Car-1,2008-05-19 07:08:09,121.071803,30.523847
Car-1,2008-05-19 07:08:11,121.071542,30.524283
Car-1,2008-05-19 07:08:12,121.07141,30.524502
Car-1,2008-05-19 07:08:14,121.071147,30.524938
Car-1,2008-05-19 07:08:15,121.071015,30.525158
Car-1,2008-05-19 07:08:17,121.070752,30.525597
Car-1,2008-05-19 07:08:18,121.07062,30.525817
Car-1,2008-05-19 07:08:20,121.070357,30.526257
Car-1,2008-05-19 07:08:21,121.070225,30.526477
Car-1,2008-05-19 07:08:23,121.069962,30.526918
Car-1,2008-05-19 07:08:24,121.06983,30.52714
Car-1,2008-05-19 07:08:26,121.069565,30.52758
Car-1,2008-05-19 07:08:30,121.069165,30.528243
Car-1,2008-05-19 07:08:31,121.069032,30.528465
Car-1,2008-05-19 07:08:33,121.068767,30.528905
Car-1,2008-05-19 07:08:34,121.068635,30.529127
Car-1,2008-05-19 07:08:36,121.068373,30.529567
Car-1,2008-05-19 07:08:37,121.068243,30.529788
Car-1,2008-05-19 07:08:39,121.067982,30.530227
Car-1,2008-05-19 07:08:40,121.06785,30.530445
Car-1,2008-05-19 07:08:42,121.067587,30.530878
Car-1,2008-05-19 07:08:43,121.067457,30.531092
Car-1,2008-05-19 07:08:45,121.067202,30.531517
Car-1,2008-05-19 07:08:46,121.067075,30.53173
Car-1,2008-05-19 07:08:48,121.066822,30.532155
Car-1,2008-05-19 07:08:49,121.066695,30.532368
Car-1,2008-05-19 07:08:51,121.066442,30.532793
Car-1,2008-05-19 07:08:52,121.066315,30.533003
Car-1,2008-05-19 07:08:54,121.066065,30.53342
Car-1,2008-05-19 07:08:55,121.065942,30.533625
Car-1,2008-05-19 07:08:57,121.065697,30.534032
Car-1,2008-05-19 07:08:58,121.065577,30.534233
Car-1,2008-05-19 07:09:00,121.065337,30.534635
Car-1,2008-05-19 07:09:01,121.065217,30.534837
Car-1,2008-05-19 07:09:03,121.064973,30.535243
Car-1,2008-05-19 07:09:04,121.06485,30.535448
Car-1,2008-05-19 07:09:06,121.064602,30.535862
Car-1,2008-05-19 07:09:07,121.064477,30.53607
Car-1,2008-05-19 07:09:09,121.064227,30.536487
Car-1,2008-05-19 07:09:10,121.064102,30.536697
Car-1,2008-05-19 07:09:12,121.063852,30.537117
Car-1,2008-05-19 07:09:13,121.063727,30.537327
Car-1,2008-05-19 07:09:15,121.063477,30.537747
Car-1,2008-05-19 07:09:16,121.06335,30.537957
Car-1,2008-05-19 07:09:18,121.063095,30.538377
Car-1,2008-05-19 07:09:19,121.062968,30.538587
Car-1,2008-05-19 07:09:21,121.062715,30.539005
Car-1,2008-05-19 07:09:22,121.062588,30.539217
Car-1,2008-05-19 07:09:24,121.062337,30.539637
Car-1,2008-05-19 07:09:25,121.06221,30.539847
Car-1,2008-05-19 07:09:27,121.06196,30.540265
Car-1,2008-05-19 07:09:28,121.061833,30.540473
Car-1,2008-05-19 07:09:30,121.061585,30.540892
Car-1,2008-05-19 07:09:31,121.061462,30.5411
Car-1,2008-05-19 07:09:34,121.061087,30.541722
Car-1,2008-05-19 07:09:36,121.060838,30.542138
Car-1,2008-05-19 07:09:37,121.060713,30.542347
Car-1,2008-05-19 07:09:39,121.060463,30.542758
Car-1,2008-05-19 07:09:40,121.060317,30.542952
Car-1,2008-05-19 07:09:42,121.060072,30.543365
Car-1,2008-05-19 07:09:44,121.059828,30.543775
Car-1,2008-05-19 07:09:45,121.059707,30.54398
Car-1,2008-05-19 07:09:48,121.05934,30.544593
Car-1,2008-05-19 07:09:49,121.059218,30.544797
Car-1,2008-05-19 07:09:51,121.058977,30.545203
Car-1,2008-05-19 07:09:52,121.058857,30.545407
Car-1,2008-05-19 07:09:54,121.058617,30.545815
Car-1,2008-05-19 07:09:55,121.058497,30.546017
Car-1,2008-05-19 07:09:57,121.058135,30.546623
Car-1,2008-05-19 07:09:59,121.057893,30.547027
Car-1,2008-05-19 07:10:00,121.057772,30.54723
Car-1,2008-05-19 07:10:02,121.057528,30.547638
Car-1,2008-05-19 07:10:04,121.057287,30.548048
Car-1,2008-05-19 07:10:06,121.057037,30.54846
Car-1,2008-05-19 07:10:07,121.056912,30.548668
Car-1,2008-05-19 07:10:09,121.056662,30.549085
Car-1,2008-05-19 07:10:11,121.05641,30.549507
Car-1,2008-05-19 07:10:14,121.05603,30.550147
Car-1,2008-05-19 07:10:16,121.055773,30.550575
Car-1,2008-05-19 07:10:18,121.055517,30.551003
Car-1,2008-05-19 07:10:21,121.055133,30.551647
Car-1,2008-05-19 07:10:23,121.054878,30.55207
Car-1,2008-05-19 07:10:24,121.05475,30.55228
Car-1,2008-05-19 07:10:26,121.0545,30.552697
Car-1,2008-05-19 07:10:27,121.054377,30.552907
Car-1,2008-05-19 07:10:29,121.054132,30.553322
Car-1,2008-05-19 07:10:30,121.054007,30.55353
Car-1,2008-05-19 07:10:32,121.053758,30.553942
Car-1,2008-05-19 07:10:33,121.053635,30.554148
Car-1,2008-05-19 07:10:35,121.053388,30.554558
Car-1,2008-05-19 07:10:36,121.053267,30.554765
Car-1,2008-05-19 07:10:38,121.05302,30.555173
Car-1,2008-05-19 07:10:39,121.052897,30.555378
Car-1,2008-05-19 07:10:41,121.05265,30.555787
Car-1,2008-05-19 07:10:42,121.052527,30.555992
Car-1,2008-05-19 07:10:44,121.05228,30.5564
Car-1,2008-05-19 07:10:45,121.052157,30.556603
Car-1,2008-05-19 07:10:47,121.051912,30.55701
Car-1,2008-05-19 07:10:48,121.051788,30.557215
Car-1,2008-05-19 07:10:50,121.051545,30.557622
Car-1,2008-05-19 07:10:51,121.051422,30.557823
Car-1,2008-05-19 07:10:53,121.051175,30.55823
Car-1,2008-05-19 07:10:54,121.051055,30.558435
Car-1,2008-05-19 07:10:56,121.050813,30.558842
Car-1,2008-05-19 07:10:57,121.050692,30.559045
Car-1,2008-05-19 07:10:59,121.050448,30.55945
Car-1,2008-05-19 07:11:00,121.050327,30.559653
Car-1,2008-05-19 07:11:02,121.050082,30.56006
Car-1,2008-05-19 07:11:03,121.04996,30.560262
Car-1,2008-05-19 07:11:05,121.049717,30.560668
Car-1,2008-05-19 07:11:06,121.049593,30.56087
Car-1,2008-05-19 07:11:08,121.049348,30.561275
Car-1,2008-05-19 07:11:09,121.049228,30.561477
Car-1,2008-05-19 07:11:11,121.048987,30.561882
Car-1,2008-05-19 07:11:12,121.048867,30.562083
Car-1,2008-05-19 07:11:14,121.048625,30.562483
Car-1,2008-05-19 07:11:15,121.048507,30.562682
Car-1,2008-05-19 07:11:17,121.048272,30.563073
Car-1,2008-05-19 07:11:18,121.048155,30.563268
Car-1,2008-05-19 07:11:20,121.047925,30.563653
Car-1,2008-05-19 07:11:21,121.04781,30.563847
Car-1,2008-05-19 07:11:23,121.04758,30.564237
Car-1,2008-05-19 07:11:24,121.047463,30.564432
Car-1,2008-05-19 07:11:26,121.047225,30.564825
Car-1,2008-05-19 07:11:27,121.047107,30.565022
Car-1,2008-05-19 07:11:29,121.046865,30.56542
Car-1,2008-05-19 07:11:30,121.046745,30.56562
Car-1,2008-05-19 07:11:32,121.046507,30.566023
Car-1,2008-05-19 07:11:33,121.046387,30.566223
Car-1,2008-05-19 07:11:35,121.046143,30.566628
Car-1,2008-05-19 07:11:36,121.046022,30.56683
Car-1,2008-05-19 07:11:38,121.045778,30.567235
Car-1,2008-05-19 07:11:39,121.045655,30.567438
Car-1,2008-05-19 07:11:41,121.04541,30.567843
Car-1,2008-05-19 07:11:42,121.04529,30.568047
Car-1,2008-05-19 07:11:44,121.04505,30.568453
Car-1,2008-05-19 07:11:45,121.044928,30.568657
Car-1,2008-05-19 07:11:47,121.044685,30.569062
Car-1,2008-05-19 07:11:48,121.044562,30.569265
Car-1,2008-05-19 07:11:50,121.044318,30.569672
Car-1,2008-05-19 07:11:51,121.044195,30.569877
Car-1,2008-05-19 07:11:53,121.04395,30.570285
Car-1,2008-05-19 07:11:54,121.043827,30.57049
Car-1,2008-05-19 07:11:56,121.043582,30.5709
Car-1,2008-05-19 07:11:57,121.043458,30.571105
Car-1,2008-05-19 07:11:59,121.04321,30.571515
Car-1,2008-05-19 07:12:00,121.043087,30.57172
Car-1,2008-05-19 07:12:02,121.042838,30.572133
Car-1,2008-05-19 07:12:03,121.042717,30.57234
Car-1,2008-05-19 07:12:05,121.04247,30.572755
Car-1,2008-05-19 07:12:06,121.042347,30.57296
Car-1,2008-05-19 07:12:08,121.0421,30.573373
Car-1,2008-05-19 07:12:09,121.041978,30.57358
Car-1,2008-05-19 07:12:11,121.041733,30.573993
Car-1,2008-05-19 07:12:12,121.041612,30.5742
Car-1,2008-05-19 07:12:14,121.041367,30.574613
Car-1,2008-05-19 07:12:15,121.041243,30.574818
Car-1,2008-05-19 07:12:17,121.040993,30.575227
Car-1,2008-05-19 07:12:18,121.04087,30.57543
Car-1,2008-05-19 07:12:20,121.040628,30.575837
Car-1,2008-05-19 07:12:21,121.040508,30.576038
Car-1,2008-05-19 07:12:23,121.040265,30.576447
Car-1,2008-05-19 07:12:24,121.040142,30.576652
Car-1,2008-05-19 07:12:26,121.039892,30.577065
Car-1,2008-05-19 07:12:27,121.039767,30.577272
Car-1,2008-05-19 07:12:29,121.039515,30.577687
Car-1,2008-05-19 07:12:30,121.039388,30.577895
Car-1,2008-05-19 07:12:32,121.039137,30.578313
Car-1,2008-05-19 07:12:33,121.03901,30.578523
Car-1,2008-05-19 07:12:35,121.038758,30.578943
Car-1,2008-05-19 07:12:36,121.038632,30.579155
Car-1,2008-05-19 07:12:38,121.038375,30.579575
Car-1,2008-05-19 07:12:39,121.038248,30.579787
Car-1,2008-05-19 07:12:41,121.037997,30.58021
Car-1,2008-05-19 07:12:42,121.03787,30.580422
Car-1,2008-05-19 07:12:44,121.037608,30.580852
Car-1,2008-05-19 07:12:45,121.037475,30.581068
Car-1,2008-05-19 07:12:47,121.037198,30.581498
Car-1,2008-05-19 07:12:48,121.037058,30.581713
Car-1,2008-05-19 07:12:50,121.036777,30.582142
Car-1,2008-05-19 07:12:51,121.036635,30.582353
Car-1,2008-05-19 07:12:53,121.036355,30.582772
Car-1,2008-05-19 07:12:54,121.036213,30.582978
Car-1,2008-05-19 07:12:56,121.035933,30.583385
Car-1,2008-05-19 07:12:57,121.035793,30.583585
Car-1,2008-05-19 07:12:59,121.035515,30.583982
Car-1,2008-05-19 07:13:00,121.035377,30.584178
Car-1,2008-05-19 07:13:02,121.035098,30.584567
Car-1,2008-05-19 07:13:03,121.034958,30.584762
Car-1,2008-05-19 07:13:05,121.034667,30.585158
Car-1,2008-05-19 07:13:06,121.034517,30.58536
Car-1,2008-05-19 07:13:08,121.034205,30.585767
Car-1,2008-05-19 07:13:09,121.034047,30.58597
Car-1,2008-05-19 07:13:11,121.033728,30.586375
Car-1,2008-05-19 07:13:12,121.03357,30.586575
Car-1,2008-05-19 07:13:14,121.03325,30.586975
Car-1,2008-05-19 07:13:15,121.033088,30.587177
Car-1,2008-05-19 07:13:17,121.032765,30.587573
Car-1,2008-05-19 07:13:18,121.032602,30.587772
Car-1,2008-05-19 07:13:20,121.032272,30.588162
Car-1,2008-05-19 07:13:21,121.032107,30.588357
Car-1,2008-05-19 07:13:23,121.031773,30.588742
Car-1,2008-05-19 07:13:24,121.031607,30.588935
Car-1,2008-05-19 07:13:26,121.031267,30.589323
Car-1,2008-05-19 07:13:27,121.031093,30.589517
Car-1,2008-05-19 07:13:29,121.030745,30.58991
Car-1,2008-05-19 07:13:30,121.030572,30.590107
Car-1,2008-05-19 07:13:32,121.030218,30.590502
Car-1,2008-05-19 07:13:33,121.030043,30.590698
Car-1,2008-05-19 07:13:35,121.0297,30.59109
Car-1,2008-05-19 07:13:36,121.029527,30.591285
Car-1,2008-05-19 07:13:38,121.029182,30.591673
Car-1,2008-05-19 07:13:39,121.029007,30.59187
Car-1,2008-05-19 07:13:41,121.028658,30.592265
Car-1,2008-05-19 07:13:42,121.028485,30.592463
Car-1,2008-05-19 07:13:44,121.02814,30.59286
Car-1,2008-05-19 07:13:45,121.027965,30.59306
Car-1,2008-05-19 07:13:47,121.027613,30.593457
Car-1,2008-05-19 07:13:48,121.027437,30.593655
Car-1,2008-05-19 07:13:50,121.02708,30.594048
Car-1,2008-05-19 07:13:51,121.026905,30.594247
Car-1,2008-05-19 07:13:53,121.026557,30.594643
Car-1,2008-05-19 07:13:54,121.026382,30.59484
Car-1,2008-05-19 07:13:56,121.026028,30.595235
Car-1,2008-05-19 07:13:57,121.025852,30.595435
Car-1,2008-05-19 07:13:59,121.025497,30.595835
Car-1,2008-05-19 07:14:00,121.02532,30.596035
Car-1,2008-05-19 07:14:02,121.024963,30.596438
Car-1,2008-05-19 07:14:03,121.024785,30.59664
Car-1,2008-05-19 07:14:05,121.024428,30.597043
Car-1,2008-05-19 07:14:06,121.02425,30.597247
Car-1,2008-05-19 07:14:08,121.02389,30.59765
Car-1,2008-05-19 07:14:09,121.023712,30.597852
Car-1,2008-05-19 07:14:11,121.023355,30.598253
Car-1,2008-05-19 07:14:12,121.023178,30.598452
Car-1,2008-05-19 07:14:14,121.022825,30.598852
Car-1,2008-05-19 07:14:15,121.022648,30.599052
Car-1,2008-05-19 07:14:17,121.022297,30.599452
Car-1,2008-05-19 07:14:18,121.02212,30.599648
Car-1,2008-05-19 07:14:20,121.021767,30.600045
Car-1,2008-05-19 07:14:21,121.02159,30.600242
Car-1,2008-05-19 07:14:23,121.021237,30.600638
Car-1,2008-05-19 07:14:24,121.021062,30.600838
Car-1,2008-05-19 07:14:26,121.020707,30.601237
Car-1,2008-05-19 07:14:27,121.020528,30.601437
Car-1,2008-05-19 07:14:29,121.020172,30.60184
Car-1,2008-05-19 07:14:30,121.019993,30.602043
Car-1,2008-05-19 07:14:32,121.019638,30.602447
Car-1,2008-05-19 07:14:33,121.019462,30.602647
Car-1,2008-05-19 07:14:35,121.019107,30.603043
Car-1,2008-05-19 07:14:36,121.018932,30.60324
Car-1,2008-05-19 07:14:40,121.018238,30.604017
Car-1,2008-05-19 07:14:42,121.01789,30.604403
Car-1,2008-05-19 07:14:43,121.017718,30.604597
Car-1,2008-05-19 07:14:45,121.017377,30.604982
Car-1,2008-05-19 07:14:46,121.017207,30.605177
Car-1,2008-05-19 07:14:48,121.016865,30.605565
Car-1,2008-05-19 07:14:49,121.016693,30.60576
Car-1,2008-05-19 07:14:54,121.015902,30.606652
Car-1,2008-05-19 07:14:56,121.015523,30.607063
Car-1,2008-05-19 07:14:58,121.015163,30.60747
Car-1,2008-05-19 07:15:01,121.014612,30.6081
Car-1,2008-05-19 07:15:02,121.014427,30.60831
Car-1,2008-05-19 07:15:04,121.01407,30.608718
Car-1,2008-05-19 07:15:05,121.013893,30.608922
Car-1,2008-05-19 07:15:07,121.01354,30.609323
Car-1,2008-05-19 07:15:08,121.013365,30.609523
Car-1,2008-05-19 07:15:10,121.013017,30.609925
Car-1,2008-05-19 07:15:11,121.012842,30.610123
Car-1,2008-05-19 07:15:13,121.012498,30.610518
Car-1,2008-05-19 07:15:14,121.01233,30.610718
Car-1,2008-05-19 07:15:16,121.011998,30.611117
Car-1,2008-05-19 07:15:17,121.01183,30.611318
Car-1,2008-05-19 07:15:19,121.011497,30.611722
Car-1,2008-05-19 07:15:20,121.011332,30.611925
Car-1,2008-05-19 07:15:22,121.011013,30.612337
Car-1,2008-05-19 07:15:23,121.010863,30.612545
Car-1,2008-05-19 07:15:25,121.010565,30.612963
Car-1,2008-05-19 07:15:26,121.010415,30.613168
Car-1,2008-05-19 07:15:28,121.010113,30.613578
Car-1,2008-05-19 07:15:29,121.009962,30.613778
Car-1,2008-05-19 07:15:31,121.009653,30.614177
Car-1,2008-05-19 07:15:32,121.0095,30.614377
Car-1,2008-05-19 07:15:34,121.009192,30.614778
Car-1,2008-05-19 07:15:35,121.009037,30.61498
Car-1,2008-05-19 07:15:37,121.00873,30.615378
Car-1,2008-05-19 07:15:38,121.008583,30.615577
Car-1,2008-05-19 07:15:40,121.008295,30.61597
Car-1,2008-05-19 07:15:41,121.008153,30.616165
Car-1,2008-05-19 07:15:43,121.007872,30.616555
Car-1,2008-05-19 07:15:44,121.007728,30.61675
Car-1,2008-05-19 07:15:46,121.007445,30.617147
Car-1,2008-05-19 07:15:47,121.007303,30.617347
Car-1,2008-05-19 07:15:49,121.007018,30.617748
Car-1,2008-05-19 07:15:50,121.006877,30.61795
Car-1,2008-05-19 07:15:52,121.006597,30.618355
Car-1,2008-05-19 07:15:53,121.006457,30.618558
Car-1,2008-05-19 07:15:55,121.006178,30.618968
Car-1,2008-05-19 07:15:56,121.006042,30.619175
Car-1,2008-05-19 07:15:58,121.00578,30.61959
Car-1,2008-05-19 07:15:59,121.005653,30.619797
Car-1,2008-05-19 07:16:01,121.0054,30.620212
Car-1,2008-05-19 07:16:02,121.005275,30.620417
Car-1,2008-05-19 07:16:04,121.005025,30.620827
Car-1,2008-05-19 07:16:05,121.0049,30.621028
Car-1,2008-05-19 07:16:07,121.004648,30.621433
Car-1,2008-05-19 07:16:08,121.004523,30.621637
Car-1,2008-05-19 07:16:10,121.004273,30.62204
Car-1,2008-05-19 07:16:11,121.004148,30.622243
Car-1,2008-05-19 07:16:13,121.003895,30.622655
Car-1,2008-05-19 07:16:14,121.003767,30.622862
Car-1,2008-05-19 07:16:16,121.003508,30.623287
Car-1,2008-05-19 07:16:17,121.003378,30.623498
Car-1,2008-05-19 07:16:19,121.003123,30.623922
Car-1,2008-05-19 07:16:20,121.002998,30.624135
Car-1,2008-05-19 07:16:22,121.00276,30.624565
Car-1,2008-05-19 07:16:23,121.002645,30.62478
Car-1,2008-05-19 07:16:25,121.002425,30.62521
Car-1,2008-05-19 07:16:26,121.002325,30.625425
Car-1,2008-05-19 07:16:28,121.00216,30.625855
Car-1,2008-05-19 07:16:29,121.002092,30.626072
Car-1,2008-05-19 07:16:31,121.001983,30.626503
Car-1,2008-05-19 07:16:32,121.00194,30.626717
Car-1,2008-05-19 07:16:34,121.001872,30.627142
Car-1,2008-05-19 07:16:35,121.001843,30.62735
Car-1,2008-05-19 07:16:37,121.001777,30.627757
Car-1,2008-05-19 07:16:38,121.001732,30.627953
Car-1,2008-05-19 07:16:40,121.001607,30.628335
Car-1,2008-05-19 07:16:41,121.001528,30.628518
Car-1,2008-05-19 07:16:43,121.001335,30.628872
Car-1,2008-05-19 07:16:44,121.001225,30.629042
Car-1,2008-05-19 07:16:46,121.000972,30.629362
Car-1,2008-05-19 07:16:47,121.000832,30.629513
Car-1,2008-05-19 07:16:49,121.000525,30.629795
Car-1,2008-05-19 07:16:50,121.00036,30.629925
Car-1,2008-05-19 07:16:52,121.000008,30.630163
Car-1,2008-05-19 07:16:53,120.999822,30.63027
Car-1,2008-05-19 07:16:55,120.99942,30.630448
Car-1,2008-05-19 07:16:56,120.99921,30.630527
Car-1,2008-05-19 07:16:58,120.998772,30.630662
Car-1,2008-05-19 07:16:59,120.998542,30.630713
Car-1,2008-05-19 07:17:01,120.998062,30.630792
Car-1,2008-05-19 07:17:02,120.99781,30.630817
Car-1,2008-05-19 07:17:04,120.99729,30.630843
Car-1,2008-05-19 07:17:05,120.997025,30.630857
Car-1,2008-05-19 07:17:07,120.996483,30.630895
Car-1,2008-05-19 07:17:08,120.996208,30.630927
Car-1,2008-05-19 07:17:10,120.995655,30.631022
Car-1,2008-05-19 07:17:11,120.995382,30.631082
Car-1,2008-05-19 07:17:13,120.99484,30.631227
Car-1,2008-05-19 07:17:14,120.994575,30.63131
Car-1,2008-05-19 07:17:16,120.99406,30.631497
Car-1,2008-05-19 07:17:17,120.993805,30.631595
Car-1,2008-05-19 07:17:19,120.993295,30.63182
Car-1,2008-05-19 07:17:22,120.992523,30.632108
Car-1,2008-05-19 07:17:23,120.992255,30.632205
Car-1,2008-05-19 07:17:25,120.991718,30.632392
Car-1,2008-05-19 07:17:26,120.991448,30.632485
Car-1,2008-05-19 07:17:28,120.99091,30.632672
Car-1,2008-05-19 07:17:29,120.990638,30.632763
Car-1,2008-05-19 07:17:31,120.990095,30.632948
Car-1,2008-05-19 07:17:32,120.989823,30.633037
Car-1,2008-05-19 07:17:34,120.989278,30.633213
Car-1,2008-05-19 07:17:35,120.989003,30.633302
Car-1,2008-05-19 07:17:37,120.988458,30.633473
Car-1,2008-05-19 07:17:38,120.988185,30.633558
Car-1,2008-05-19 07:17:40,120.98764,30.633725
Car-1,2008-05-19 07:17:41,120.987365,30.633803
Car-1,2008-05-19 07:17:43,120.986817,30.633958
Car-1,2008-05-19 07:17:44,120.986543,30.634037
Car-1,2008-05-19 07:17:46,120.985992,30.63418
Car-1,2008-05-19 07:17:47,120.985715,30.634258
Car-1,2008-05-19 07:17:49,120.98516,30.63441
Car-1,2008-05-19 07:17:50,120.984882,30.634483
Car-1,2008-05-19 07:17:52,120.984322,30.634628
Car-1,2008-05-19 07:17:53,120.984038,30.634698
Car-1,2008-05-19 07:17:55,120.983468,30.634828
Car-1,2008-05-19 07:17:56,120.983183,30.634892
Car-1,2008-05-19 07:17:58,120.982607,30.635015
Car-1,2008-05-19 07:17:59,120.982317,30.63508
Car-1,2008-05-19 07:18:01,120.981733,30.635213
Car-1,2008-05-19 07:18:02,120.981442,30.635278
Car-1,2008-05-19 07:18:04,120.980853,30.635405
Car-1,2008-05-19 07:18:05,120.98056,30.635465
Car-1,2008-05-19 07:18:07,120.979975,30.635585
Car-1,2008-05-19 07:18:08,120.979683,30.635643
Car-1,2008-05-19 07:18:10,120.979105,30.63576
Car-1,2008-05-19 07:18:11,120.978818,30.635817
Car-1,2008-05-19 07:18:13,120.978245,30.635927
Car-1,2008-05-19 07:18:14,120.97796,30.63598
Car-1,2008-05-19 07:18:16,120.977392,30.636082
Car-1,2008-05-19 07:18:17,120.977108,30.63613
Car-1,2008-05-19 07:18:19,120.976545,30.636223
Car-1,2008-05-19 07:18:20,120.976263,30.63627
Car-1,2008-05-19 07:18:22,120.975705,30.636358
Car-1,2008-05-19 07:18:23,120.975427,30.636402
Car-1,2008-05-19 07:18:25,120.974868,30.636483
Car-1,2008-05-19 07:18:26,120.974588,30.636525
Car-1,2008-05-19 07:18:28,120.97403,30.6366
Car-1,2008-05-19 07:18:29,120.97375,30.636637
Car-1,2008-05-19 07:18:31,120.97319,30.636708
Car-1,2008-05-19 07:18:32,120.972908,30.636743
Car-1,2008-05-19 07:18:34,120.972343,30.63681
Car-1,2008-05-19 07:18:35,120.972058,30.636842
Car-1,2008-05-19 07:18:37,120.971478,30.636905
Car-1,2008-05-19 07:18:38,120.971185,30.636938
Car-1,2008-05-19 07:18:40,120.970598,30.637
Car-1,2008-05-19 07:18:41,120.970303,30.637028
Car-1,2008-05-19 07:18:43,120.969715,30.637077
Car-1,2008-05-19 07:18:44,120.969418,30.637098
Car-1,2008-05-19 07:18:46,120.968828,30.637143
Car-1,2008-05-19 07:18:47,120.968535,30.637168
Car-1,2008-05-19 07:18:49,120.96795,30.637217
Car-1,2008-05-19 07:18:50,120.96766,30.637242
Car-1,2008-05-19 07:18:52,120.96708,30.63729
Car-1,2008-05-19 07:18:53,120.96679,30.637313
Car-1,2008-05-19 07:18:55,120.966213,30.637362
Car-1,2008-05-19 07:18:56,120.965925,30.637388
Car-1,2008-05-19 07:18:58,120.965352,30.637438
Car-1,2008-05-19 07:18:59,120.965065,30.637465
Car-1,2008-05-19 07:19:01,120.964495,30.637515
Car-1,2008-05-19 07:19:02,120.964212,30.637538
Car-1,2008-05-19 07:19:04,120.963645,30.637585
Car-1,2008-05-19 07:19:05,120.963362,30.637608
Car-1,2008-05-19 07:19:07,120.962798,30.637657
Car-1,2008-05-19 07:19:08,120.962517,30.63768
Car-1,2008-05-19 07:19:10,120.961952,30.637728
Car-1,2008-05-19 07:19:11,120.96167,30.637752
Car-1,2008-05-19 07:19:13,120.961107,30.6378
Car-1,2008-05-19 07:19:14,120.960823,30.637823
Car-1,2008-05-19 07:19:16,120.96026,30.637873
Car-1,2008-05-19 07:19:17,120.959977,30.637897
Car-1,2008-05-19 07:19:19,120.959413,30.637947
Car-1,2008-05-19 07:19:20,120.959132,30.637972
Car-1,2008-05-19 07:19:22,120.958567,30.63802
Car-1,2008-05-19 07:19:23,120.958285,30.638043
Car-1,2008-05-19 07:19:25,120.95772,30.638088
Car-1,2008-05-19 07:19:26,120.957437,30.638113
Car-1,2008-05-19 07:19:28,120.956873,30.63816
Car-1,2008-05-19 07:19:29,120.956592,30.638183
Car-1,2008-05-19 07:19:31,120.956028,30.638233
Car-1,2008-05-19 07:19:32,120.955748,30.638252
Car-1,2008-05-19 07:19:34,120.955192,30.638298
Car-1,2008-05-19 07:19:35,120.954917,30.638322
Car-1,2008-05-19 07:19:37,120.954372,30.638365
Car-1,2008-05-19 07:19:38,120.954098,30.638388
Car-1,2008-05-19 07:19:40,120.95356,30.638452
Car-1,2008-05-19 07:19:41,120.953292,30.638475
Car-1,2008-05-19 07:19:43,120.952752,30.638523
Car-1,2008-05-19 07:19:44,120.952482,30.638545
Car-1,2008-05-19 07:19:48,120.951667,30.638592
Car-1,2008-05-19 07:19:50,120.951123,30.638618
Car-1,2008-05-19 07:19:52,120.9503,30.638652
Car-1,2008-05-19 07:19:54,120.949748,30.638668
Car-1,2008-05-19 07:19:56,120.949198,30.6387
Car-1,2008-05-19 07:19:58,120.948638,30.63871
Car-1,2008-05-19 07:19:59,120.948355,30.638717
Car-1,2008-05-19 07:20:07,120.947218,30.638727
Car-1,2008-05-19 07:20:12,120.944587,30.638717
Car-1,2008-05-19 07:20:15,120.943702,30.6387
Car-1,2008-05-19 07:20:19,120.942835,30.638672
Car-1,2008-05-19 07:20:21,120.942263,30.638647
Car-1,2008-05-19 07:20:31,120.939403,30.638507
Car-1,2008-05-19 07:20:35,120.938218,30.638445
Car-1,2008-05-19 07:20:38,120.93737,30.638408
Car-1,2008-05-19 07:20:42,120.936133,30.638348
Car-1,2008-05-19 07:20:45,120.935225,30.638345
Car-1,2008-05-19 07:20:48,120.934037,30.638327
Car-1,2008-05-19 07:20:52,120.93317,30.638323
Car-1,2008-05-19 07:20:54,120.932602,30.638333
Car-1,2008-05-19 07:20:57,120.931748,30.63834
Car-1,2008-05-19 07:21:01,120.93063,30.638368
Car-1,2008-05-19 07:21:05,120.929502,30.638397
Car-1,2008-05-19 07:21:08,120.928658,30.638423
Car-1,2008-05-19 07:21:12,120.92781,30.638442
Car-1,2008-05-19 07:21:17,120.926475,30.638498
Car-1,2008-05-19 07:21:22,120.925125,30.638548
Car-1,2008-05-19 07:21:26,120.9238,30.638605
Car-1,2008-05-19 07:21:28,120.922962,30.638722
Car-1,2008-05-19 07:21:30,120.922365,30.638702
Car-1,2008-05-19 07:21:32,120.92178,30.638737
Car-1,2008-05-19 07:21:33,120.921482,30.638753
Car-1,2008-05-19 07:21:35,120.920912,30.638768
Car-1,2008-05-19 07:21:38,120.920352,30.638802
Car-1,2008-05-19 07:21:42,120.918955,30.638855
Car-1,2008-05-19 07:21:43,120.918677,30.638865
Car-1,2008-05-19 07:21:45,120.91812,30.638888
Car-1,2008-05-19 07:21:47,120.917843,30.638898
Car-1,2008-05-19 07:21:53,120.91592,30.638985
Car-1,2008-05-19 07:21:54,120.915648,30.638987
Car-1,2008-05-19 07:21:56,120.9151,30.638982
Car-1,2008-05-19 07:21:57,120.914825,30.638978
Car-1,2008-05-19 07:21:59,120.914267,30.63897
Car-1,2008-05-19 07:22:00,120.913987,30.638967
Car-1,2008-05-19 07:22:02,120.913425,30.638953
Car-1,2008-05-19 07:22:03,120.913142,30.638945
Car-1,2008-05-19 07:22:05,120.91257,30.638928
Car-1,2008-05-19 07:22:06,120.912282,30.638918
Car-1,2008-05-19 07:22:08,120.911702,30.6389
Car-1,2008-05-19 07:22:09,120.91141,30.63889
Car-1,2008-05-19 07:22:11,120.91083,30.638867
Car-1,2008-05-19 07:22:12,120.91054,30.638852
Car-1,2008-05-19 07:22:14,120.909965,30.638818
Car-1,2008-05-19 07:22:15,120.909678,30.6388
Car-1,2008-05-19 07:22:17,120.909107,30.638767
Car-1,2008-05-19 07:22:18,120.908822,30.638747
Car-1,2008-05-19 07:22:20,120.90825,30.638703
Car-1,2008-05-19 07:22:21,120.907967,30.638682
Car-1,2008-05-19 07:22:23,120.9074,30.638635
Car-1,2008-05-19 07:22:24,120.907117,30.638608
Car-1,2008-05-19 07:22:26,120.906543,30.63856
Car-1,2008-05-19 07:22:27,120.906253,30.638533
Car-1,2008-05-19 07:22:29,120.905668,30.638478
Car-1,2008-05-19 07:22:30,120.905373,30.638452
Car-1,2008-05-19 07:22:32,120.904778,30.638398
Car-1,2008-05-19 07:22:33,120.904482,30.638373
Car-1,2008-05-19 07:22:35,120.90389,30.638328
Car-1,2008-05-19 07:22:36,120.903593,30.638308
Car-1,2008-05-19 07:22:38,120.903005,30.638265
Car-1,2008-05-19 07:22:39,120.902712,30.638247
Car-1,2008-05-19 07:22:41,120.902128,30.638208
Car-1,2008-05-19 07:22:42,120.901838,30.638192
Car-1,2008-05-19 07:22:44,120.901257,30.638158
Car-1,2008-05-19 07:22:45,120.900968,30.638143
Car-1,2008-05-19 07:22:47,120.900393,30.638113
Car-1,2008-05-19 07:22:48,120.900107,30.6381
Car-1,2008-05-19 07:22:50,120.899535,30.638078
Car-1,2008-05-19 07:22:51,120.899248,30.63807
Car-1,2008-05-19 07:22:53,120.89868,30.638053
Car-1,2008-05-19 07:22:54,120.898397,30.638047
Car-1,2008-05-19 07:22:56,120.897828,30.638033
Car-1,2008-05-19 07:22:57,120.897545,30.638027
Car-1,2008-05-19 07:22:59,120.896982,30.638013
Car-1,2008-05-19 07:23:00,120.896698,30.63801
Car-1,2008-05-19 07:23:02,120.89613,30.638007
Car-1,2008-05-19 07:23:03,120.895845,30.638005
Car-1,2008-05-19 07:23:05,120.895275,30.638003
Car-1,2008-05-19 07:23:06,120.894988,30.638002
Car-1,2008-05-19 07:23:08,120.894415,30.638003
Car-1,2008-05-19 07:23:09,120.894127,30.638003
Car-1,2008-05-19 07:23:11,120.89355,30.638012
Car-1,2008-05-19 07:23:12,120.893262,30.638017
Car-1,2008-05-19 07:23:14,120.892685,30.638027
Car-1,2008-05-19 07:23:15,120.892395,30.638033
Car-1,2008-05-19 07:23:17,120.891812,30.638048
Car-1,2008-05-19 07:23:18,120.891518,30.638057
Car-1,2008-05-19 07:23:20,120.89093,30.638077
Car-1,2008-05-19 07:23:21,120.890635,30.638088
Car-1,2008-05-19 07:23:23,120.890048,30.638113
Car-1,2008-05-19 07:23:24,120.889757,30.638127
Car-1,2008-05-19 07:23:26,120.889177,30.638158
Car-1,2008-05-19 07:23:27,120.888887,30.638175
Car-1,2008-05-19 07:23:29,120.888308,30.638207
Car-1,2008-05-19 07:23:30,120.888018,30.638227
Car-1,2008-05-19 07:23:32,120.887445,30.638262
Car-1,2008-05-19 07:23:33,120.887157,30.638282
Car-1,2008-05-19 07:23:35,120.886583,30.638323
Car-1,2008-05-19 07:23:36,120.886295,30.638345
Car-1,2008-05-19 07:23:38,120.885718,30.63839
Car-1,2008-05-19 07:23:39,120.88543,30.638413
Car-1,2008-05-19 07:23:41,120.884852,30.638463
Car-1,2008-05-19 07:23:42,120.884567,30.638492
Car-1,2008-05-19 07:23:44,120.883985,30.638547
Car-1,2008-05-19 07:23:45,120.883693,30.638575
Car-1,2008-05-19 07:23:47,120.883107,30.638632
Car-1,2008-05-19 07:23:48,120.882813,30.638663
Car-1,2008-05-19 07:23:50,120.882227,30.638727
Car-1,2008-05-19 07:23:51,120.881935,30.63876
Car-1,2008-05-19 07:23:53,120.881355,30.63883
Car-1,2008-05-19 07:23:54,120.881065,30.638865
Car-1,2008-05-19 07:23:56,120.880487,30.638937
Car-1,2008-05-19 07:23:57,120.8802,30.638973
Car-1,2008-05-19 07:23:59,120.879627,30.63905
Car-1,2008-05-19 07:24:00,120.87934,30.639088
Car-1,2008-05-19 07:24:03,120.878485,30.63921
Car-1,2008-05-19 07:24:06,120.877633,30.639337
Car-1,2008-05-19 07:24:07,120.87735,30.63938
Car-1,2008-05-19 07:24:09,120.87678,30.639472
Car-1,2008-05-19 07:24:10,120.876495,30.639517
Car-1,2008-05-19 07:24:12,120.875922,30.639612
Car-1,2008-05-19 07:24:13,120.875635,30.63966
Car-1,2008-05-19 07:24:15,120.875058,30.63976
Car-1,2008-05-19 07:24:16,120.87477,30.639812
Car-1,2008-05-19 07:24:18,120.874197,30.639915
Car-1,2008-05-19 07:24:19,120.873912,30.639967
Car-1,2008-05-19 07:24:22,120.873063,30.640128
Car-1,2008-05-19 07:24:26,120.871947,30.640352
Car-1,2008-05-19 07:24:28,120.871392,30.640468
Car-1,2008-05-19 07:24:30,120.870835,30.640588
Car-1,2008-05-19 07:24:34,120.869997,30.640772
Car-1,2008-05-19 07:24:38,120.868623,30.641085
Car-1,2008-05-19 07:24:41,120.867757,30.641282
Car-1,2008-05-19 07:24:43,120.867183,30.641423
Car-1,2008-05-19 07:24:45,120.866618,30.641565
Car-1,2008-05-19 07:24:49,120.865497,30.641853
Car-1,2008-05-19 07:24:51,120.864945,30.642003
Car-1,2008-05-19 07:24:53,120.864398,30.642157
Car-1,2008-05-19 07:24:54,120.864125,30.642233
Car-1,2008-05-19 07:24:56,120.863582,30.64239
Car-1,2008-05-19 07:24:57,120.86331,30.64247
Car-1,2008-05-19 07:24:59,120.86277,30.64263
Car-1,2008-05-19 07:25:00,120.8625,30.64271
Car-1,2008-05-19 07:25:02,120.861963,30.642873
Car-1,2008-05-19 07:25:03,120.861697,30.642957
Car-1,2008-05-19 07:25:05,120.86117,30.643123
Car-1,2008-05-19 07:25:06,120.860905,30.643208
Car-1,2008-05-19 07:25:08,120.860373,30.643378
Car-1,2008-05-19 07:25:09,120.860107,30.643463
Car-1,2008-05-19 07:25:11,120.859577,30.64364
Car-1,2008-05-19 07:25:12,120.859313,30.643728
Car-1,2008-05-19 07:25:14,120.858785,30.643903
Car-1,2008-05-19 07:25:15,120.85852,30.643993
Car-1,2008-05-19 07:25:17,120.857995,30.644173
Car-1,2008-05-19 07:25:18,120.857732,30.644265
Car-1,2008-05-19 07:25:20,120.857207,30.64445
Car-1,2008-05-19 07:25:21,120.856942,30.644542
Car-1,2008-05-19 07:25:23,120.856413,30.64473
Car-1,2008-05-19 07:25:24,120.856148,30.644823
Car-1,2008-05-19 07:25:26,120.855613,30.645008
Car-1,2008-05-19 07:25:27,120.855345,30.6451
Car-1,2008-05-19 07:25:29,120.85481,30.64529
Car-1,2008-05-19 07:25:30,120.854543,30.645385
Car-1,2008-05-19 07:25:32,120.854003,30.645573
Car-1,2008-05-19 07:25:33,120.853733,30.645668
Car-1,2008-05-19 07:25:35,120.85319,30.645855
Car-1,2008-05-19 07:25:36,120.852922,30.64595
Car-1,2008-05-19 07:25:38,120.85238,30.646138
Car-1,2008-05-19 07:25:39,120.852108,30.646233
Car-1,2008-05-19 07:25:41,120.851568,30.646422
Car-1,2008-05-19 07:25:42,120.851298,30.646517
Car-1,2008-05-19 07:25:44,120.850757,30.646702
Car-1,2008-05-19 07:25:45,120.850485,30.646792
Car-1,2008-05-19 07:25:47,120.849943,30.646968
Car-1,2008-05-19 07:25:48,120.849673,30.647057
Car-1,2008-05-19 07:25:50,120.849135,30.647242
Car-1,2008-05-19 07:25:51,120.848868,30.647337
Car-1,2008-05-19 07:25:53,120.848335,30.647525
Car-1,2008-05-19 07:25:54,120.848068,30.647617
Car-1,2008-05-19 07:25:56,120.847533,30.647805
Car-1,2008-05-19 07:25:57,120.847267,30.647902
Car-1,2008-05-19 07:25:59,120.846728,30.64809
Car-1,2008-05-19 07:26:00,120.846458,30.648187
Car-1,2008-05-19 07:26:02,120.845915,30.648382
Car-1,2008-05-19 07:26:03,120.845642,30.648482
Car-1,2008-05-19 07:26:05,120.845098,30.648683
Car-1,2008-05-19 07:26:06,120.844823,30.648783
Car-1,2008-05-19 07:26:08,120.844268,30.64898
Car-1,2008-05-19 07:26:09,120.84399,30.64908
Car-1,2008-05-19 07:26:11,120.84343,30.649278
Car-1,2008-05-19 07:26:12,120.843147,30.649377
Car-1,2008-05-19 07:26:14,120.842582,30.649573
Car-1,2008-05-19 07:26:15,120.8423,30.64967
Car-1,2008-05-19 07:26:17,120.841742,30.649857
Car-1,2008-05-19 07:26:18,120.841465,30.649947
Car-1,2008-05-19 07:26:20,120.840913,30.650128
Car-1,2008-05-19 07:26:21,120.840637,30.650215
Car-1,2008-05-19 07:26:23,120.840087,30.650388
Car-1,2008-05-19 07:26:24,120.839812,30.650475
Car-1,2008-05-19 07:26:26,120.839255,30.65065
Car-1,2008-05-19 07:26:27,120.83898,30.650732
Car-1,2008-05-19 07:26:29,120.838428,30.650895
Car-1,2008-05-19 07:26:30,120.838152,30.650977
Car-1,2008-05-19 07:26:32,120.837585,30.651142
Car-1,2008-05-19 07:26:33,120.837307,30.651222
Car-1,2008-05-19 07:26:35,120.836752,30.651373
Car-1,2008-05-19 07:26:36,120.836473,30.651448
Car-1,2008-05-19 07:26:38,120.83592,30.651593
Car-1,2008-05-19 07:26:39,120.835643,30.651667
Car-1,2008-05-19 07:26:41,120.835087,30.651813
Car-1,2008-05-19 07:26:42,120.834808,30.651887
Car-1,2008-05-19 07:26:44,120.834248,30.652025
Car-1,2008-05-19 07:26:45,120.833968,30.652093
Car-1,2008-05-19 07:26:47,120.833407,30.65223
Car-1,2008-05-19 07:26:48,120.833127,30.652297
Car-1,2008-05-19 07:26:50,120.832567,30.652428
Car-1,2008-05-19 07:26:51,120.832287,30.652493
Car-1,2008-05-19 07:26:53,120.831728,30.652618
Car-1,2008-05-19 07:26:54,120.831448,30.652678
Car-1,2008-05-19 07:26:56,120.830892,30.652798
Car-1,2008-05-19 07:26:57,120.830613,30.652857
Car-1,2008-05-19 07:26:59,120.830057,30.65297
Car-1,2008-05-19 07:27:00,120.82978,30.653027
Car-1,2008-05-19 07:27:02,120.829228,30.653138
Car-1,2008-05-19 07:27:03,120.828953,30.653193
Car-1,2008-05-19 07:27:05,120.828402,30.6533
Car-1,2008-05-19 07:27:06,120.828127,30.653352
Car-1,2008-05-19 07:27:08,120.827572,30.653455
Car-1,2008-05-19 07:27:09,120.827292,30.653505
Car-1,2008-05-19 07:27:11,120.826732,30.653602
Car-1,2008-05-19 07:27:12,120.826452,30.653652
Car-1,2008-05-19 07:27:14,120.825888,30.653747
Car-1,2008-05-19 07:27:15,120.825605,30.653792
Car-1,2008-05-19 07:27:17,120.82504,30.653882
Car-1,2008-05-19 07:27:18,120.824757,30.653925
Car-1,2008-05-19 07:27:20,120.824185,30.65401
Car-1,2008-05-19 07:27:21,120.8239,30.654053
Car-1,2008-05-19 07:27:23,120.823332,30.654135
Car-1,2008-05-19 07:27:24,120.823045,30.654175
Car-1,2008-05-19 07:27:26,120.82247,30.654253
Car-1,2008-05-19 07:27:27,120.822183,30.654292
Car-1,2008-05-19 07:27:29,120.82161,30.654365
Car-1,2008-05-19 07:27:30,120.821323,30.6544
Car-1,2008-05-19 07:27:32,120.820755,30.65447
Car-1,2008-05-19 07:27:33,120.820472,30.654503
Car-1,2008-05-19 07:27:35,120.81991,30.654565
Car-1,2008-05-19 07:27:36,120.819628,30.654595
Car-1,2008-05-19 07:27:38,120.81907,30.65465
Car-1,2008-05-19 07:27:39,120.818792,30.654677
Car-1,2008-05-19 07:27:41,120.81823,30.654732
Car-1,2008-05-19 07:27:42,120.817947,30.654757
Car-1,2008-05-19 07:27:44,120.817377,30.654808
Car-1,2008-05-19 07:27:45,120.817092,30.654832
Car-1,2008-05-19 07:27:47,120.816518,30.654875
Car-1,2008-05-19 07:27:48,120.81623,30.654895
Car-1,2008-05-19 07:27:50,120.81565,30.654937
Car-1,2008-05-19 07:27:51,120.815357,30.654955
Car-1,2008-05-19 07:27:53,120.814768,30.654993
Car-1,2008-05-19 07:27:54,120.81447,30.655012
Car-1,2008-05-19 07:27:56,120.813878,30.655047
Car-1,2008-05-19 07:27:57,120.813583,30.655065
Car-1,2008-05-19 07:27:59,120.812995,30.655098
Car-1,2008-05-19 07:28:00,120.812703,30.655117
Car-1,2008-05-19 07:28:02,120.812125,30.655152
Car-1,2008-05-19 07:28:03,120.811838,30.655168
Car-1,2008-05-19 07:28:05,120.811263,30.655197
Car-1,2008-05-19 07:28:06,120.810977,30.655212
Car-1,2008-05-19 07:28:08,120.810408,30.655247
Car-1,2008-05-19 07:28:09,120.810127,30.655263
Car-1,2008-05-19 07:28:11,120.80956,30.655298
Car-1,2008-05-19 07:28:12,120.809275,30.655317
Car-1,2008-05-19 07:28:14,120.808705,30.655353
Car-1,2008-05-19 07:28:15,120.808418,30.65537
Car-1,2008-05-19 07:28:17,120.807847,30.655407
Car-1,2008-05-19 07:28:18,120.807562,30.655425
Car-1,2008-05-19 07:28:20,120.80699,30.65546
Car-1,2008-05-19 07:28:21,120.806705,30.655477
Car-1,2008-05-19 07:28:23,120.806135,30.655515
Car-1,2008-05-19 07:28:24,120.805852,30.655535
Car-1,2008-05-19 07:28:26,120.805283,30.655572
Car-1,2008-05-19 07:28:27,120.804998,30.65559
Car-1,2008-05-19 07:28:29,120.804432,30.655625
Car-1,2008-05-19 07:28:30,120.80415,30.655645
Car-1,2008-05-19 07:28:32,120.803583,30.65568
Car-1,2008-05-19 07:28:33,120.8033,30.655697
Car-1,2008-05-19 07:28:35,120.802735,30.65574
Car-1,2008-05-19 07:28:36,120.802452,30.655762
Car-1,2008-05-19 07:28:38,120.801885,30.655812
Car-1,2008-05-19 07:28:39,120.801602,30.655837
Car-1,2008-05-19 07:28:41,120.801033,30.655893
Car-1,2008-05-19 07:28:42,120.800748,30.655923
Car-1,2008-05-19 07:28:44,120.800177,30.655987
Car-1,2008-05-19 07:28:45,120.799892,30.65602
Car-1,2008-05-19 07:28:47,120.799318,30.656092
Car-1,2008-05-19 07:28:48,120.799032,30.656128
Car-1,2008-05-19 07:28:50,120.79846,30.656205
Car-1,2008-05-19 07:28:51,120.798177,30.656245
Car-1,2008-05-19 07:28:53,120.79761,30.656333
Car-1,2008-05-19 07:28:54,120.797328,30.656378
Car-1,2008-05-19 07:28:56,120.796767,30.656472
Car-1,2008-05-19 07:28:57,120.796487,30.656517
Car-1,2008-05-19 07:28:59,120.795932,30.656615
Car-1,2008-05-19 07:29:00,120.795658,30.656667
Car-1,2008-05-19 07:29:02,120.795113,30.65677
Car-1,2008-05-19 07:29:03,120.794845,30.656823
Car-1,2008-05-19 07:29:05,120.79431,30.656933
Car-1,2008-05-19 07:29:06,120.794047,30.65699
Car-1,2008-05-19 07:29:08,120.793522,30.657103
Car-1,2008-05-19 07:29:09,120.793262,30.657162
Car-1,2008-05-19 07:29:11,120.792745,30.65728
Car-1,2008-05-19 07:29:12,120.792487,30.65734
Car-1,2008-05-19 07:29:14,120.791968,30.657467
Car-1,2008-05-19 07:29:15,120.79171,30.657532
Car-1,2008-05-19 07:29:17,120.791192,30.657665
Car-1,2008-05-19 07:29:18,120.79093,30.657732
Car-1,2008-05-19 07:29:20,120.790405,30.657872
Car-1,2008-05-19 07:29:21,120.790142,30.657943
Car-1,2008-05-19 07:29:23,120.789607,30.658087
Car-1,2008-05-19 07:29:24,120.78934,30.658165
Car-1,2008-05-19 07:29:26,120.788802,30.658325
Car-1,2008-05-19 07:29:27,120.78853,30.658408
Car-1,2008-05-19 07:29:29,120.787988,30.658578
Car-1,2008-05-19 07:29:30,120.787718,30.658665
Car-1,2008-05-19 07:29:32,120.787178,30.65884
Car-1,2008-05-19 07:29:35,120.786382,30.659113
Car-1,2008-05-19 07:29:36,120.786118,30.659203
Car-1,2008-05-19 07:29:37,120.785852,30.659298
Car-1,2008-05-19 07:29:39,120.785338,30.659498
Car-1,2008-05-19 07:29:40,120.78508,30.659592
Car-1,2008-05-19 07:29:43,120.78431,30.65988
Car-1,2008-05-19 07:29:44,120.784055,30.659978
Car-1,2008-05-19 07:29:48,120.78329,30.660278
Car-1,2008-05-19 07:29:52,120.78203,30.660882
Car-1,2008-05-19 07:29:54,120.78153,30.661097
Car-1,2008-05-19 07:29:55,120.781282,30.661208
Car-1,2008-05-19 07:29:56,120.781033,30.661313
Car-1,2008-05-19 07:29:58,120.780547,30.661532
Car-1,2008-05-19 07:29:59,120.780305,30.661643
Car-1,2008-05-19 07:30:00,120.780062,30.661755
Car-1,2008-05-19 07:30:02,120.779578,30.661982
Car-1,2008-05-19 07:30:03,120.77934,30.662097
Car-1,2008-05-19 07:30:05,120.778863,30.66233
Car-1,2008-05-19 07:30:06,120.778627,30.662447
Car-1,2008-05-19 07:30:08,120.778152,30.662688
Car-1,2008-05-19 07:30:09,120.777917,30.662812
Car-1,2008-05-19 07:30:11,120.777443,30.663063
Car-1,2008-05-19 07:30:12,120.777208,30.663193
Car-1,2008-05-19 07:30:14,120.776737,30.663457
Car-1,2008-05-19 07:30:15,120.776498,30.663588
Car-1,2008-05-19 07:30:17,120.776023,30.663855
Car-1,2008-05-19 07:30:18,120.775785,30.663992
Car-1,2008-05-19 07:30:20,120.77531,30.664265
Car-1,2008-05-19 07:30:21,120.775073,30.664405
Car-1,2008-05-19 07:30:23,120.7746,30.664685
Car-1,2008-05-19 07:30:24,120.774365,30.664828
Car-1,2008-05-19 07:30:26,120.773898,30.66512
Car-1,2008-05-19 07:30:27,120.773667,30.665267
Car-1,2008-05-19 07:30:29,120.773207,30.665558
Car-1,2008-05-19 07:30:30,120.77298,30.665703
Car-1,2008-05-19 07:30:32,120.77254,30.665995
Car-1,2008-05-19 07:30:33,120.772325,30.66614
Car-1,2008-05-19 07:30:34,120.772112,30.666283
Car-1,2008-05-19 07:30:36,120.771697,30.66657
Car-1,2008-05-19 07:30:37,120.77149,30.666713
Car-1,2008-05-19 07:30:38,120.771283,30.66686
Car-1,2008-05-19 07:30:40,120.770872,30.667157
Car-1,2008-05-19 07:30:41,120.770665,30.667308
Car-1,2008-05-19 07:30:42,120.770458,30.66746
Car-1,2008-05-19 07:30:44,120.770048,30.667767
Car-1,2008-05-19 07:30:45,120.769843,30.667925
Car-1,2008-05-19 07:30:46,120.769638,30.668082
Car-1,2008-05-19 07:30:48,120.769225,30.668397
Car-1,2008-05-19 07:30:49,120.769023,30.668558
Car-1,2008-05-19 07:30:50,120.768823,30.668717
Car-1,2008-05-19 07:30:52,120.76843,30.66903
Car-1,2008-05-19 07:30:53,120.768237,30.669188
Car-1,2008-05-19 07:30:54,120.768047,30.669348
Car-1,2008-05-19 07:30:56,120.767665,30.66967
Car-1,2008-05-19 07:30:57,120.767475,30.669832
Car-1,2008-05-19 07:30:58,120.767282,30.669995
Car-1,2008-05-19 07:31:00,120.7669,30.670328
Car-1,2008-05-19 07:31:01,120.766708,30.670498
Car-1,2008-05-19 07:31:02,120.766517,30.67067
Car-1,2008-05-19 07:31:04,120.766137,30.671018
Car-1,2008-05-19 07:31:05,120.765945,30.671193
Car-1,2008-05-19 07:31:06,120.765755,30.671372
Car-1,2008-05-19 07:31:08,120.765373,30.67173
Car-1,2008-05-19 07:31:09,120.765183,30.671912
Car-1,2008-05-19 07:31:10,120.764993,30.672095
Car-1,2008-05-19 07:31:12,120.764617,30.672465
Car-1,2008-05-19 07:31:13,120.76443,30.67265
Car-1,2008-05-19 07:31:14,120.764243,30.672838
Car-1,2008-05-19 07:31:16,120.763872,30.673212
Car-1,2008-05-19 07:31:17,120.763685,30.6734
Car-1,2008-05-19 07:31:18,120.763502,30.67359
Car-1,2008-05-19 07:31:20,120.763127,30.673968
Car-1,2008-05-19 07:31:21,120.762938,30.674157
Car-1,2008-05-19 07:31:22,120.762752,30.674345
Car-1,2008-05-19 07:31:24,120.762378,30.674723
Car-1,2008-05-19 07:31:25,120.762192,30.674912
Car-1,2008-05-19 07:31:26,120.762003,30.675098
Car-1,2008-05-19 07:31:28,120.761625,30.675473
Car-1,2008-05-19 07:31:29,120.761432,30.675657
Car-1,2008-05-19 07:31:30,120.761238,30.675842
Car-1,2008-05-19 07:31:32,120.76086,30.676215
Car-1,2008-05-19 07:31:33,120.760673,30.676403
Car-1,2008-05-19 07:31:34,120.760487,30.67659
Car-1,2008-05-19 07:31:36,120.760115,30.676965
Car-1,2008-05-19 07:31:37,120.759932,30.677152
Car-1,2008-05-19 07:31:38,120.759748,30.677337
Car-1,2008-05-19 07:31:40,120.759382,30.677705
Car-1,2008-05-19 07:31:42,120.759018,30.678068
Car-1,2008-05-19 07:31:43,120.75884,30.678247
Car-1,2008-05-19 07:31:45,120.758487,30.6786
Car-1,2008-05-19 07:31:46,120.758312,30.678775
Car-1,2008-05-19 07:31:48,120.75796,30.679128
Car-1,2008-05-19 07:31:49,120.757785,30.679305
Car-1,2008-05-19 07:31:51,120.757437,30.679658
Car-1,2008-05-19 07:31:52,120.757262,30.679835
Car-1,2008-05-19 07:31:54,120.756908,30.68019
Car-1,2008-05-19 07:31:55,120.756732,30.68037
Car-1,2008-05-19 07:31:57,120.756373,30.680728
Car-1,2008-05-19 07:31:58,120.756195,30.68091
Car-1,2008-05-19 07:32:00,120.755833,30.681275
Car-1,2008-05-19 07:32:01,120.75565,30.681457
Car-1,2008-05-19 07:32:03,120.755283,30.681827
Car-1,2008-05-19 07:32:04,120.755098,30.682013
Car-1,2008-05-19 07:32:06,120.75473,30.68239
Car-1,2008-05-19 07:32:14,120.753207,30.683873
Car-1,2008-05-19 07:32:17,120.752642,30.684405
Car-1,2008-05-19 07:32:20,120.752083,30.684918
Car-1,2008-05-19 07:32:25,120.751175,30.685733
Car-1,2008-05-19 07:32:27,120.75082,30.68605
Car-1,2008-05-19 07:32:28,120.750645,30.686202
Car-1,2008-05-19 07:32:34,120.75047,30.686355
Car-1,2008-05-19 07:32:41,120.748668,30.687865
Car-1,2008-05-19 07:32:47,120.747333,30.688942
Car-1,2008-05-19 07:32:52,120.746545,30.689557
Car-1,2008-05-19 07:32:58,120.745117,30.69064
Car-1,2008-05-19 07:33:04,120.743855,30.691565
Car-1,2008-05-19 07:33:08,120.743212,30.692022
Car-1,2008-05-19 07:33:14,120.741687,30.693102
Car-1,2008-05-19 07:33:18,120.741003,30.693558
Car-1,2008-05-19 07:33:23,120.739607,30.694462
Car-1,2008-05-19 07:33:27,120.73846,30.695225
Car-1,2008-05-19 07:33:29,120.738012,30.695533
Car-1,2008-05-19 07:33:31,120.737568,30.695843
Car-1,2008-05-19 07:33:35,120.736913,30.696305
Car-1,2008-05-19 07:33:38,120.736053,30.696925
Car-1,2008-05-19 07:33:40,120.735623,30.69724
Car-1,2008-05-19 07:33:42,120.735192,30.697558
Car-1,2008-05-19 07:33:44,120.734758,30.697887
Car-1,2008-05-19 07:33:46,120.734328,30.69822
Car-1,2008-05-19 07:33:48,120.733897,30.698555
Car-1,2008-05-19 07:33:50,120.733467,30.698895
Car-1,2008-05-19 07:33:52,120.733038,30.699233
Car-1,2008-05-19 07:33:54,120.732612,30.699578
Car-1,2008-05-19 07:33:56,120.732185,30.699927
Car-1,2008-05-19 07:33:58,120.731757,30.70028
Car-1,2008-05-19 07:34:00,120.731327,30.700635
Car-1,2008-05-19 07:34:02,120.730893,30.700998
Car-1,2008-05-19 07:34:04,120.730457,30.701357
Car-1,2008-05-19 07:34:06,120.730018,30.701708
Car-1,2008-05-19 07:34:08,120.729583,30.702058
Car-1,2008-05-19 07:34:10,120.729153,30.702407
Car-1,2008-05-19 07:34:11,120.728942,30.702583
Car-1,2008-05-19 07:34:13,120.728525,30.702932
Car-1,2008-05-19 07:34:14,120.728317,30.703103
Car-1,2008-05-19 07:34:16,120.727903,30.703447
Car-1,2008-05-19 07:34:18,120.727495,30.703787
Car-1,2008-05-19 07:34:19,120.727293,30.703955
Car-1,2008-05-19 07:34:21,120.7269,30.704282
Car-1,2008-05-19 07:34:22,120.726708,30.70444
Car-1,2008-05-19 07:34:24,120.726327,30.704757
Car-1,2008-05-19 07:34:25,120.726135,30.704915
Car-1,2008-05-19 07:34:27,120.725747,30.705235
Car-1,2008-05-19 07:34:28,120.725552,30.705395
Car-1,2008-05-19 07:34:30,120.725167,30.705713
Car-1,2008-05-19 07:34:31,120.724975,30.705873
Car-1,2008-05-19 07:34:33,120.724588,30.706197
Car-1,2008-05-19 07:34:35,120.724203,30.706518
Car-1,2008-05-19 07:34:37,120.72382,30.706835
Car-1,2008-05-19 07:34:39,120.723442,30.707148
Car-1,2008-05-19 07:34:41,120.723058,30.707463
Car-1,2008-05-19 07:34:43,120.722677,30.707778
Car-1,2008-05-19 07:34:45,120.722297,30.708095
Car-1,2008-05-19 07:34:49,120.72153,30.708723
Car-1,2008-05-19 07:34:51,120.72116,30.709047
Car-1,2008-05-19 07:34:54,120.720577,30.70952
Car-1,2008-05-19 07:34:57,120.719982,30.71001
Car-1,2008-05-19 07:34:58,120.719782,30.710177
Car-1,2008-05-19 07:35:00,120.719378,30.710508
Car-1,2008-05-19 07:35:02,120.718962,30.710847
Car-1,2008-05-19 07:35:10,120.718332,30.711368
Car-1,2008-05-19 07:35:15,120.716685,30.712772
Car-1,2008-05-19 07:35:21,120.71545,30.713793
Car-1,2008-05-19 07:35:26,120.714002,30.715003
Car-1,2008-05-19 07:35:30,120.713378,30.715527
Car-1,2008-05-19 07:35:34,120.712532,30.716225
Car-1,2008-05-19 07:35:38,120.711442,30.717102
Car-1,2008-05-19 07:35:41,120.71081,30.717625
Car-1,2008-05-19 07:35:43,120.710407,30.71797
Car-1,2008-05-19 07:35:46,120.709822,30.718485
Car-1,2008-05-19 07:35:48,120.709437,30.718822
Car-1,2008-05-19 07:35:50,120.709053,30.71915
Car-1,2008-05-19 07:35:52,120.708682,30.719465
Car-1,2008-05-19 07:35:54,120.708328,30.71977
Car-1,2008-05-19 07:35:56,120.707992,30.720065
Car-1,2008-05-19 07:35:58,120.70767,30.720353
Car-1,2008-05-19 07:35:59,120.707515,30.720495
Car-1,2008-05-19 07:36:01,120.707218,30.720773
Car-1,2008-05-19 07:36:02,120.707078,30.72091
Car-1,2008-05-19 07:36:04,120.706827,30.721173
Car-1,2008-05-19 07:36:07,120.706578,30.721577
Car-1,2008-05-19 07:36:09,120.706483,30.721843
Car-1,2008-05-19 07:36:12,120.706437,30.722247
Car-1,2008-05-19 07:36:14,120.706443,30.7225
Car-1,2008-05-19 07:36:16,120.706438,30.722723
Car-1,2008-05-19 07:36:18,120.706385,30.722925
Car-1,2008-05-19 07:36:20,120.706273,30.723095
Car-1,2008-05-19 07:36:23,120.706,30.723258
Car-1,2008-05-19 07:36:25,120.705777,30.723292
Car-1,2008-05-19 07:36:27,120.705555,30.723257
Car-1,2008-05-19 07:36:30,120.705245,30.72309
Car-1,2008-05-19 07:36:32,120.705062,30.722937
Car-1,2008-05-19 07:36:34,120.704877,30.722773
Car-1,2008-05-19 07:36:37,120.704593,30.722517
Car-1,2008-05-19 07:36:39,120.704393,30.722335
Car-1,2008-05-19 07:36:41,120.70418,30.722147
Car-1,2008-05-19 07:36:44,120.703855,30.721852
Car-1,2008-05-19 07:36:46,120.70363,30.72165
Car-1,2008-05-19 07:36:48,120.703397,30.72144
Car-1,2008-05-19 07:36:51,120.703035,30.721112
Car-1,2008-05-19 07:36:53,120.702798,30.720883
Car-1,2008-05-19 07:36:55,120.702585,30.720642
Car-1,2008-05-19 07:36:57,120.702428,30.720398
Car-1,2008-05-19 07:36:59,120.702323,30.720163
Car-1,2008-05-19 07:37:01,120.702253,30.71993
Car-1,2008-05-19 07:37:02,120.702232,30.719818
Car-1,2008-05-19 07:37:04,120.702202,30.719602
Car-1,2008-05-19 07:37:05,120.70219,30.719497
Car-1,2008-05-19 07:37:07,120.702168,30.7193
Car-1,2008-05-19 07:37:08,120.70216,30.719208
Car-1,2008-05-19 07:37:10,120.702158,30.719047
Car-1,2008-05-19 07:37:11,120.702167,30.718975
Car-1,2008-05-19 07:37:13,120.702203,30.718863
Car-1,2008-05-19 07:37:14,120.702222,30.718822
Car-1,2008-05-19 07:37:15,120.702235,30.71879
Car-1,2008-05-19 07:37:17,120.702258,30.718743
Car-1,2008-05-19 07:37:18,120.70226,30.718737
Car-1,2008-05-19 07:37:19,120.702262,30.718737
Car-1,2008-05-19 07:37:21,120.702262,30.718738
Car-1,2008-05-19 07:37:22,120.702262,30.718738
Car-1,2008-05-19 07:37:23,120.702262,30.71874
Car-1,2008-05-19 07:37:25,120.702263,30.71874
Car-1,2008-05-19 07:37:26,120.702263,30.71874
Car-1,2008-05-19 07:37:27,120.702263,30.71874
Car-1,2008-05-19 07:37:29,120.702263,30.71874
Car-1,2008-05-19 07:37:30,120.702263,30.71874
Car-1,2008-05-19 07:37:31,120.702263,30.71874
Car-1,2008-05-19 07:37:33,120.702262,30.71874
Car-1,2008-05-19 07:37:34,120.702265,30.718735
Car-1,2008-05-19 07:37:36,120.70227,30.718707
Car-1,2008-05-19 07:37:37,120.702278,30.718682
Car-1,2008-05-19 07:37:38,120.702293,30.71865
Car-1,2008-05-19 07:37:40,120.702338,30.718562
Car-1,2008-05-19 07:37:41,120.702372,30.71851
Car-1,2008-05-19 07:37:42,120.70241,30.71846
Car-1,2008-05-19 07:37:44,120.702503,30.718363
Car-1,2008-05-19 07:37:45,120.702557,30.718315
Car-1,2008-05-19 07:37:47,120.702675,30.71822
Car-1,2008-05-19 07:37:48,120.702728,30.718178
Car-1,2008-05-19 07:37:50,120.7028,30.718125
Car-1,2008-05-19 07:37:51,120.702828,30.718102
Car-1,2008-05-19 07:37:52,120.702858,30.718077
Car-1,2008-05-19 07:37:54,120.702932,30.718015
Car-1,2008-05-19 07:37:55,120.702975,30.717977
Car-1,2008-05-19 07:37:57,120.703082,30.717887
Car-1,2008-05-19 07:37:58,120.703143,30.717833
Car-1,2008-05-19 07:37:59,120.703208,30.717777
Car-1,2008-05-19 07:38:02,120.703422,30.717585
Car-1,2008-05-19 07:38:04,120.703578,30.717452
Car-1,2008-05-19 07:38:05,120.703658,30.717383
Car-1,2008-05-19 07:38:06,120.703742,30.717315
Car-1,2008-05-19 07:38:08,120.703902,30.717178
Car-1,2008-05-19 07:38:09,120.703982,30.71711
Car-1,2008-05-19 07:38:10,120.704062,30.717042
Car-1,2008-05-19 07:38:11,120.704143,30.716973
Car-1,2008-05-19 07:38:13,120.704302,30.716835
Car-1,2008-05-19 07:38:14,120.704382,30.716765
Car-1,2008-05-19 07:38:15,120.70446,30.716695
Car-1,2008-05-19 07:38:16,120.704538,30.716628
Car-1,2008-05-19 07:38:17,120.704613,30.71656
Car-1,2008-05-19 07:38:18,120.704692,30.716493
Car-1,2008-05-19 07:38:20,120.704862,30.716358
Car-1,2008-05-19 07:38:21,120.70495,30.716287
Car-1,2008-05-19 07:38:22,120.705042,30.716212
Car-1,2008-05-19 07:38:23,120.70514,30.716135
Car-1,2008-05-19 07:38:24,120.705225,30.716063
Car-1,2008-05-19 07:38:25,120.70529,30.715988
Car-1,2008-05-19 07:38:26,120.70535,30.715907
Car-1,2008-05-19 07:38:27,120.705398,30.715823
Car-1,2008-05-19 07:38:28,120.705438,30.715738
Car-1,2008-05-19 07:38:29,120.705458,30.715655
Car-1,2008-05-19 07:38:31,120.705432,30.715483
Car-1,2008-05-19 07:38:32,120.705398,30.7154
Car-1,2008-05-19 07:38:33,120.705352,30.71532
Car-1,2008-05-19 07:38:34,120.705292,30.715248
Car-1,2008-05-19 07:38:35,120.705222,30.715183
Car-1,2008-05-19 07:38:36,120.705138,30.715142
Car-1,2008-05-19 07:38:37,120.705045,30.715103
Car-1,2008-05-19 07:38:38,120.704947,30.71509
Car-1,2008-05-19 07:38:39,120.704847,30.715083
Car-1,2008-05-19 07:38:40,120.704748,30.715088
Car-1,2008-05-19 07:38:42,120.704563,30.715147
Car-1,2008-05-19 07:38:43,120.704483,30.715193
Car-1,2008-05-19 07:38:44,120.704408,30.71525
Car-1,2008-05-19 07:38:45,120.704348,30.715318
Car-1,2008-05-19 07:38:46,120.704298,30.715398
Car-1,2008-05-19 07:38:47,120.704265,30.715483
Car-1,2008-05-19 07:38:48,120.704252,30.715582
Car-1,2008-05-19 07:38:49,120.704265,30.715675
Car-1,2008-05-19 07:38:50,120.704293,30.715777
Car-1,2008-05-19 07:38:51,120.704332,30.715872
Car-1,2008-05-19 07:38:52,120.704385,30.715963
Car-1,2008-05-19 07:38:53,120.704452,30.716053
Car-1,2008-05-19 07:38:54,120.704523,30.716143
Car-1,2008-05-19 07:38:55,120.704603,30.716235
Car-1,2008-05-19 07:38:56,120.704688,30.716325
Car-1,2008-05-19 07:38:57,120.704782,30.716415
Car-1,2008-05-19 07:38:58,120.70488,30.71651
Car-1,2008-05-19 07:38:59,120.704985,30.716598
Car-1,2008-05-19 07:39:00,120.705092,30.71669
Car-1,2008-05-19 07:39:01,120.705198,30.716785
Car-1,2008-05-19 07:39:02,120.705303,30.716882
Car-1,2008-05-19 07:39:04,120.705517,30.717073
Car-1,2008-05-19 07:39:05,120.705625,30.717168
Car-1,2008-05-19 07:39:06,120.705733,30.717258
Car-1,2008-05-19 07:39:07,120.705838,30.717348
Car-1,2008-05-19 07:39:08,120.705942,30.717437
Car-1,2008-05-19 07:39:09,120.70605,30.717518
Car-1,2008-05-19 07:39:10,120.706167,30.717588
Car-1,2008-05-19 07:39:11,120.70629,30.717645
Car-1,2008-05-19 07:39:12,120.706418,30.717697
Car-1,2008-05-19 07:39:13,120.706545,30.717747
Car-1,2008-05-19 07:39:14,120.706668,30.7178
Car-1,2008-05-19 07:39:15,120.70679,30.71786
Car-1,2008-05-19 07:39:16,120.706912,30.717923
Car-1,2008-05-19 07:39:17,120.707032,30.717992
Car-1,2008-05-19 07:39:18,120.707147,30.718065
Car-1,2008-05-19 07:39:20,120.707367,30.718217
Car-1,2008-05-19 07:39:21,120.707477,30.7183
Car-1,2008-05-19 07:39:22,120.707588,30.718385
Car-1,2008-05-19 07:39:23,120.707703,30.718467
Car-1,2008-05-19 07:39:24,120.707817,30.718557
Car-1,2008-05-19 07:39:25,120.70793,30.718647
Car-1,2008-05-19 07:39:27,120.708158,30.718825
Car-1,2008-05-19 07:39:28,120.708275,30.718918
Car-1,2008-05-19 07:39:29,120.708395,30.719013
Car-1,2008-05-19 07:39:30,120.708518,30.71911
Car-1,2008-05-19 07:39:31,120.708643,30.719208
Car-1,2008-05-19 07:39:32,120.708767,30.719307
Car-1,2008-05-19 07:39:33,120.708893,30.719405
Car-1,2008-05-19 07:39:34,120.709023,30.71951
Car-1,2008-05-19 07:39:35,120.709153,30.719608
Car-1,2008-05-19 07:39:38,120.709413,30.719808
Car-1,2008-05-19 07:39:41,120.709935,30.720217
Car-1,2008-05-19 07:39:42,120.710068,30.72032
Car-1,2008-05-19 07:39:43,120.7102,30.720425
Car-1,2008-05-19 07:39:44,120.710332,30.720528
Car-1,2008-05-19 07:39:45,120.710463,30.720633
Car-1,2008-05-19 07:39:46,120.710593,30.720735
Car-1,2008-05-19 07:39:47,120.710725,30.720835
Car-1,2008-05-19 07:39:48,120.710852,30.720933
Car-1,2008-05-19 07:39:51,120.71122,30.721217
Car-1,2008-05-19 07:39:52,120.711335,30.721305
Car-1,2008-05-19 07:39:53,120.711447,30.72139
Car-1,2008-05-19 07:39:54,120.711553,30.721472
Car-1,2008-05-19 07:39:55,120.71166,30.721552
Car-1,2008-05-19 07:39:56,120.711765,30.721637
Car-1,2008-05-19 07:39:58,120.711968,30.72181
Car-1,2008-05-19 07:39:59,120.712062,30.721893
Car-1,2008-05-19 07:40:00,120.71215,30.721975
Car-1,2008-05-19 07:40:01,120.712232,30.722057
Car-1,2008-05-19 07:40:02,120.712307,30.722135
Car-1,2008-05-19 07:40:03,120.712368,30.722215
Car-1,2008-05-19 07:40:04,120.712425,30.7223
Car-1,2008-05-19 07:40:05,120.712482,30.722383
Car-1,2008-05-19 07:40:06,120.712543,30.722465
Car-1,2008-05-19 07:40:07,120.71261,30.722545
Car-1,2008-05-19 07:40:08,120.71268,30.722623
Car-1,2008-05-19 07:40:09,120.712755,30.722702
Car-1,2008-05-19 07:40:10,120.71283,30.72278
Car-1,2008-05-19 07:40:11,120.712905,30.722862
Car-1,2008-05-19 07:40:12,120.712985,30.722948
Car-1,2008-05-19 07:40:13,120.713065,30.723035
Car-1,2008-05-19 07:40:14,120.713148,30.723123
Car-1,2008-05-19 07:40:15,120.71323,30.723212
Car-1,2008-05-19 07:40:16,120.713313,30.723303
Car-1,2008-05-19 07:40:17,120.713398,30.723398
Car-1,2008-05-19 07:40:18,120.71348,30.723497
Car-1,2008-05-19 07:40:19,120.713562,30.723597
Car-1,2008-05-19 07:40:21,120.713728,30.72379
Car-1,2008-05-19 07:40:22,120.713805,30.723878
Car-1,2008-05-19 07:40:24,120.71392,30.724025
Car-1,2008-05-19 07:40:25,120.71397,30.724088
Car-1,2008-05-19 07:40:26,120.714015,30.724147
Car-1,2008-05-19 07:40:27,120.71406,30.7242
Car-1,2008-05-19 07:40:28,120.7141,30.72425
Car-1,2008-05-19 07:40:29,120.71414,30.724298
Car-1,2008-05-19 07:40:31,120.71423,30.724402
Car-1,2008-05-19 07:40:32,120.714278,30.724458
Car-1,2008-05-19 07:40:33,120.714327,30.724522
Car-1,2008-05-19 07:40:34,120.714377,30.72459
Car-1,2008-05-19 07:40:35,120.71443,30.724663
Car-1,2008-05-19 07:40:36,120.714487,30.72474
Car-1,2008-05-19 07:40:37,120.714548,30.72482
Car-1,2008-05-19 07:40:38,120.714612,30.724907
Car-1,2008-05-19 07:40:39,120.71468,30.724995
Car-1,2008-05-19 07:40:41,120.71483,30.725187
Car-1,2008-05-19 07:40:42,120.714913,30.725287
Car-1,2008-05-19 07:40:43,120.715002,30.72539
Car-1,2008-05-19 07:40:44,120.71509,30.725495
Car-1,2008-05-19 07:40:45,120.715178,30.7256
Car-1,2008-05-19 07:40:46,120.715268,30.725707
Car-1,2008-05-19 07:40:47,120.715362,30.725815
Car-1,2008-05-19 07:40:48,120.715452,30.725927
Car-1,2008-05-19 07:40:49,120.715545,30.72604
Car-1,2008-05-19 07:40:51,120.715738,30.726273
Car-1,2008-05-19 07:40:52,120.715838,30.726392
Car-1,2008-05-19 07:40:53,120.71594,30.726513
Car-1,2008-05-19 07:40:54,120.716042,30.726637
Car-1,2008-05-19 07:40:55,120.716145,30.72676
Car-1,2008-05-19 07:40:56,120.716248,30.726887
Car-1,2008-05-19 07:40:57,120.716352,30.727015
Car-1,2008-05-19 07:40:58,120.716458,30.727143
Car-1,2008-05-19 07:40:59,120.716568,30.727275
Car-1,2008-05-19 07:41:01,120.716792,30.727543
Car-1,2008-05-19 07:41:02,120.716908,30.72768
Car-1,2008-05-19 07:41:03,120.717027,30.727822
Car-1,2008-05-19 07:41:04,120.717147,30.727965
Car-1,2008-05-19 07:41:05,120.717268,30.728112
Car-1,2008-05-19 07:41:06,120.717393,30.72826
Car-1,2008-05-19 07:41:07,120.717518,30.728412
Car-1,2008-05-19 07:41:08,120.717648,30.728562
Car-1,2008-05-19 07:41:09,120.71778,30.728713
Car-1,2008-05-19 07:41:11,120.71805,30.72902
Car-1,2008-05-19 07:41:12,120.718182,30.729177
Car-1,2008-05-19 07:41:13,120.71831,30.72933
Car-1,2008-05-19 07:41:14,120.718433,30.72948
Car-1,2008-05-19 07:41:15,120.718557,30.729627
Car-1,2008-05-19 07:41:16,120.718677,30.72977
Car-1,2008-05-19 07:41:17,120.718793,30.729912
Car-1,2008-05-19 07:41:18,120.718907,30.730048
Car-1,2008-05-19 07:41:20,120.719122,30.730308
Car-1,2008-05-19 07:41:21,120.719223,30.730433
Car-1,2008-05-19 07:41:22,120.719323,30.730548
Car-1,2008-05-19 07:41:23,120.71942,30.730665
Car-1,2008-05-19 07:41:24,120.719515,30.730782
Car-1,2008-05-19 07:41:25,120.719612,30.7309
Car-1,2008-05-19 07:41:26,120.719708,30.73102
Car-1,2008-05-19 07:41:27,120.719807,30.731143
Car-1,2008-05-19 07:41:28,120.719907,30.73127
Car-1,2008-05-19 07:41:30,120.7201,30.731537
Car-1,2008-05-19 07:41:31,120.720195,30.731677
Car-1,2008-05-19 07:41:32,120.720287,30.731818
Car-1,2008-05-19 07:41:33,120.720375,30.731963
Car-1,2008-05-19 07:41:34,120.720458,30.732113
Car-1,2008-05-19 07:41:35,120.720535,30.732267
Car-1,2008-05-19 07:41:36,120.720605,30.732427
Car-1,2008-05-19 07:41:37,120.720667,30.732593
Car-1,2008-05-19 07:41:39,120.720767,30.732932
Car-1,2008-05-19 07:41:40,120.720805,30.733107
Car-1,2008-05-19 07:41:41,120.72083,30.733283
Car-1,2008-05-19 07:41:42,120.720852,30.733463
Car-1,2008-05-19 07:41:43,120.720867,30.733645
Car-1,2008-05-19 07:41:44,120.720877,30.733827
Car-1,2008-05-19 07:41:45,120.720885,30.734008
Car-1,2008-05-19 07:41:46,120.720888,30.734188
Car-1,2008-05-19 07:41:47,120.72089,30.734368
Car-1,2008-05-19 07:41:49,120.720887,30.734728
Car-1,2008-05-19 07:41:50,120.720892,30.734907
Car-1,2008-05-19 07:41:51,120.720895,30.735087
Car-1,2008-05-19 07:41:52,120.7209,30.735265
Car-1,2008-05-19 07:41:53,120.720905,30.735442
Car-1,2008-05-19 07:41:54,120.72091,30.73562
Car-1,2008-05-19 07:41:55,120.720917,30.735797
Car-1,2008-05-19 07:41:56,120.720923,30.73597
Car-1,2008-05-19 07:41:58,120.720935,30.736308
Car-1,2008-05-19 07:41:59,120.720942,30.736473
Car-1,2008-05-19 07:42:00,120.720948,30.736637
Car-1,2008-05-19 07:42:01,120.720953,30.736798
Car-1,2008-05-19 07:42:02,120.720958,30.736955
Car-1,2008-05-19 07:42:03,120.720963,30.73711
Car-1,2008-05-19 07:42:04,120.720968,30.737263
Car-1,2008-05-19 07:42:05,120.720973,30.737413
Car-1,2008-05-19 07:42:06,120.720978,30.737562
Car-1,2008-05-19 07:42:08,120.72099,30.737855
Car-1,2008-05-19 07:42:09,120.720998,30.738002
Car-1,2008-05-19 07:42:10,120.721005,30.738147
Car-1,2008-05-19 07:42:11,120.72101,30.738293
Car-1,2008-05-19 07:42:12,120.721015,30.73844
Car-1,2008-05-19 07:42:13,120.721018,30.73859
Car-1,2008-05-19 07:42:14,120.721023,30.738742
Car-1,2008-05-19 07:42:15,120.721028,30.738895
Car-1,2008-05-19 07:42:16,120.721035,30.739048
Car-1,2008-05-19 07:42:18,120.721045,30.739363
Car-1,2008-05-19 07:42:19,120.72105,30.739525
Car-1,2008-05-19 07:42:20,120.721055,30.739687
Car-1,2008-05-19 07:42:21,120.721063,30.739843
Car-1,2008-05-19 07:42:23,120.721068,30.74019
Car-1,2008-05-19 07:42:24,120.721073,30.740363
Car-1,2008-05-19 07:42:25,120.721077,30.74054
Car-1,2008-05-19 07:42:27,120.721095,30.740895
Car-1,2008-05-19 07:42:28,120.721105,30.741078
Car-1,2008-05-19 07:42:29,120.721117,30.741265
Car-1,2008-05-19 07:42:30,120.721127,30.741448
Car-1,2008-05-19 07:42:31,120.721135,30.741635
Car-1,2008-05-19 07:42:32,120.721143,30.741822
Car-1,2008-05-19 07:42:33,120.721152,30.742013
Car-1,2008-05-19 07:42:34,120.72116,30.742205
Car-1,2008-05-19 07:42:36,120.721175,30.742593
Car-1,2008-05-19 07:42:37,120.721183,30.742787
Car-1,2008-05-19 07:42:38,120.72119,30.742972
Car-1,2008-05-19 07:42:39,120.721195,30.743148
Car-1,2008-05-19 07:42:40,120.721202,30.74332
Car-1,2008-05-19 07:42:41,120.721208,30.743488
Car-1,2008-05-19 07:42:43,120.721213,30.743795
Car-1,2008-05-19 07:42:45,120.721208,30.744065
Car-1,2008-05-19 07:42:46,120.72121,30.7442
Car-1,2008-05-19 07:42:47,120.72121,30.744333
Car-1,2008-05-19 07:42:48,120.721205,30.744458
Car-1,2008-05-19 07:42:49,120.721205,30.744575
Car-1,2008-05-19 07:42:50,120.721207,30.744695
Car-1,2008-05-19 07:42:51,120.72121,30.744812
Car-1,2008-05-19 07:42:52,120.721213,30.744923
Car-1,2008-05-19 07:42:54,120.721218,30.745137
Car-1,2008-05-19 07:42:55,120.721222,30.745243
Car-1,2008-05-19 07:42:56,120.721225,30.745348
Car-1,2008-05-19 07:42:57,120.721228,30.745455
Car-1,2008-05-19 07:42:58,120.721232,30.74556
Car-1,2008-05-19 07:42:59,120.721233,30.745668
Car-1,2008-05-19 07:43:00,120.721238,30.745775
Car-1,2008-05-19 07:43:01,120.721242,30.745885
Car-1,2008-05-19 07:43:03,120.721248,30.746107
Car-1,2008-05-19 07:43:04,120.72125,30.746215
Car-1,2008-05-19 07:43:05,120.721252,30.746323
Car-1,2008-05-19 07:43:06,120.721255,30.746435
Car-1,2008-05-19 07:43:07,120.721258,30.74655
Car-1,2008-05-19 07:43:08,120.721263,30.746663
Car-1,2008-05-19 07:43:09,120.721267,30.746772
Car-1,2008-05-19 07:43:10,120.72127,30.746878
Car-1,2008-05-19 07:43:12,120.721277,30.747088
Car-1,2008-05-19 07:43:13,120.72128,30.747195
Car-1,2008-05-19 07:43:14,120.721285,30.747303
Car-1,2008-05-19 07:43:15,120.72129,30.747413
Car-1,2008-05-19 07:43:16,120.721293,30.747522
Car-1,2008-05-19 07:43:17,120.721297,30.74763
Car-1,2008-05-19 07:43:18,120.7213,30.747737
Car-1,2008-05-19 07:43:20,120.721308,30.747955
Car-1,2008-05-19 07:43:21,120.721312,30.748062
Car-1,2008-05-19 07:43:22,120.721315,30.748163
Car-1,2008-05-19 07:43:23,120.721318,30.748263
Car-1,2008-05-19 07:43:24,120.72132,30.748362
Car-1,2008-05-19 07:43:25,120.721322,30.748457
Car-1,2008-05-19 07:43:26,120.721323,30.748555
Car-1,2008-05-19 07:43:28,120.721332,30.74875
Car-1,2008-05-19 07:43:29,120.721335,30.748845
Car-1,2008-05-19 07:43:30,120.721338,30.748935
Car-1,2008-05-19 07:43:31,120.721342,30.749028
Car-1,2008-05-19 07:43:32,120.721345,30.749123
Car-1,2008-05-19 07:43:33,120.721348,30.749222
Car-1,2008-05-19 07:43:34,120.721352,30.749323
Car-1,2008-05-19 07:43:35,120.721355,30.749428
Car-1,2008-05-19 07:43:37,120.721363,30.749653
Car-1,2008-05-19 07:43:38,120.721368,30.74977
Car-1,2008-05-19 07:43:39,120.721373,30.749887
Car-1,2008-05-19 07:43:40,120.721377,30.750003
Car-1,2008-05-19 07:43:41,120.72138,30.750118
Car-1,2008-05-19 07:43:42,120.721382,30.750233
Car-1,2008-05-19 07:43:43,120.721383,30.750347
Car-1,2008-05-19 07:43:44,120.721387,30.750455
Car-1,2008-05-19 07:43:45,120.721392,30.750557
Car-1,2008-05-19 07:43:46,120.721395,30.750648
Car-1,2008-05-19 07:43:47,120.721393,30.750725
Car-1,2008-05-19 07:43:48,120.7214,30.75079
Car-1,2008-05-19 07:43:49,120.721402,30.750853
Car-1,2008-05-19 07:43:50,120.72141,30.750912
Car-1,2008-05-19 07:43:51,120.721403,30.750957
Car-1,2008-05-19 07:43:52,120.721405,30.750988
Car-1,2008-05-19 07:43:53,120.721405,30.751012
Car-1,2008-05-19 07:43:54,120.721403,30.751028
Car-1,2008-05-19 07:43:55,120.721403,30.75104
Car-1,2008-05-19 07:43:56,120.721403,30.751047
Car-1,2008-05-19 07:43:57,120.721403,30.751052
Car-1,2008-05-19 07:43:58,120.721405,30.751057
Car-1,2008-05-19 07:43:59,120.721405,30.751057
Car-1,2008-05-19 07:44:00,120.721407,30.751058
Car-1,2008-05-19 07:44:01,120.721405,30.751058
Car-1,2008-05-19 07:44:02,120.721405,30.751058
Car-1,2008-05-19 07:44:03,120.721405,30.751058
Car-1,2008-05-19 07:44:04,120.721407,30.751058
Car-1,2008-05-19 07:44:05,120.721407,30.751058
Car-1,2008-05-19 07:44:06,120.721407,30.751058
Car-1,2008-05-19 07:44:07,120.721407,30.751058
Car-1,2008-05-19 07:44:08,120.721407,30.751058
Car-1,2008-05-19 07:44:09,120.721407,30.751058
Car-1,2008-05-19 07:44:10,120.721407,30.751058
Car-1,2008-05-19 07:44:11,120.721407,30.751058
Car-1,2008-05-19 07:44:12,120.721405,30.75106
Car-1,2008-05-19 07:44:13,120.721405,30.751058
Car-1,2008-05-19 07:44:14,120.721405,30.751058
Car-1,2008-05-19 07:44:15,120.721405,30.751058
Car-1,2008-05-19 07:44:16,120.721405,30.751058
Car-1,2008-05-19 07:44:17,120.721405,30.751058
Car-1,2008-05-19 07:44:18,120.721405,30.751063
Car-1,2008-05-19 07:44:19,120.721405,30.751063
Car-1,2008-05-19 07:44:20,120.721405,30.751063
Car-1,2008-05-19 07:44:21,120.721405,30.751063
Car-1,2008-05-19 07:44:23,120.721398,30.751092
Car-1,2008-05-19 07:44:25,120.721382,30.751143
Car-1,2008-05-19 07:44:26,120.72138,30.751183
Car-1,2008-05-19 07:44:27,120.721362,30.751223
Car-1,2008-05-19 07:44:29,120.721358,30.751345
Car-1,2008-05-19 07:44:30,120.721362,30.751413
Car-1,2008-05-19 07:44:31,120.721358,30.751468
Car-1,2008-05-19 07:44:32,120.721358,30.751533
Car-1,2008-05-19 07:44:33,120.721357,30.751605
Car-1,2008-05-19 07:44:34,120.721358,30.751678
Car-1,2008-05-19 07:44:37,120.72136,30.751933
Car-1,2008-05-19 07:44:38,120.72136,30.752027
Car-1,2008-05-19 07:44:39,120.721362,30.752122
Car-1,2008-05-19 07:44:40,120.721363,30.752213
Car-1,2008-05-19 07:44:41,120.721363,30.752308
Car-1,2008-05-19 07:44:42,120.721365,30.752407
Car-1,2008-05-19 07:44:43,120.721368,30.75251
Car-1,2008-05-19 07:44:44,120.72137,30.752615
Car-1,2008-05-19 07:44:45,120.721372,30.752727
Car-1,2008-05-19 07:44:46,120.721375,30.752838
Car-1,2008-05-19 07:44:49,120.721385,30.753202
Car-1,2008-05-19 07:44:52,120.721398,30.753578
Car-1,2008-05-19 07:44:53,120.7214,30.753708
Car-1,2008-05-19 07:44:55,120.721405,30.753983
Car-1,2008-05-19 07:44:56,120.721407,30.754123
Car-1,2008-05-19 07:44:57,120.72141,30.754268
Car-1,2008-05-19 07:44:59,120.721422,30.754567
Car-1,2008-05-19 07:45:00,120.721432,30.754722
Car-1,2008-05-19 07:45:01,120.721442,30.754878
Car-1,2008-05-19 07:45:02,120.721457,30.755037
Car-1,2008-05-19 07:45:03,120.72147,30.755198
Car-1,2008-05-19 07:45:04,120.721488,30.755363
Car-1,2008-05-19 07:45:05,120.721507,30.75553
Car-1,2008-05-19 07:45:06,120.721525,30.755698
Car-1,2008-05-19 07:45:08,120.721562,30.756037
Car-1,2008-05-19 07:45:09,120.721575,30.756208
Car-1,2008-05-19 07:45:10,120.721588,30.75638
Car-1,2008-05-19 07:45:11,120.721597,30.756553
Car-1,2008-05-19 07:45:12,120.721607,30.756725
Car-1,2008-05-19 07:45:13,120.721618,30.756895
Car-1,2008-05-19 07:45:14,120.721627,30.757062
Car-1,2008-05-19 07:45:16,120.721645,30.757387
Car-1,2008-05-19 07:45:17,120.721655,30.757547
Car-1,2008-05-19 07:45:18,120.72166,30.757703
Car-1,2008-05-19 07:45:19,120.721667,30.757855
Car-1,2008-05-19 07:45:20,120.721672,30.757998
Car-1,2008-05-19 07:45:21,120.721678,30.75814
Car-1,2008-05-19 07:45:22,120.721683,30.758278
Car-1,2008-05-19 07:45:24,120.721697,30.758553
Car-1,2008-05-19 07:45:25,120.721703,30.758687
Car-1,2008-05-19 07:45:26,120.72171,30.758817
Car-1,2008-05-19 07:45:27,120.721718,30.758947
Car-1,2008-05-19 07:45:28,120.721727,30.759073
Car-1,2008-05-19 07:45:29,120.721735,30.759198
Car-1,2008-05-19 07:45:30,120.721745,30.759325
Car-1,2008-05-19 07:45:32,120.721775,30.759577
Car-1,2008-05-19 07:45:33,120.721788,30.759703
Car-1,2008-05-19 07:45:34,120.721802,30.759828
Car-1,2008-05-19 07:45:35,120.721813,30.759943
Car-1,2008-05-19 07:45:36,120.721825,30.760042
Car-1,2008-05-19 07:45:37,120.721835,30.760127
Car-1,2008-05-19 07:45:39,120.721845,30.760238
Car-1,2008-05-19 07:45:40,120.72185,30.76027
Car-1,2008-05-19 07:45:41,120.721852,30.760293
Car-1,2008-05-19 07:45:42,120.721852,30.760308
Car-1,2008-05-19 07:45:43,120.721853,30.760313
Car-1,2008-05-19 07:45:44,120.721855,30.76032
Car-1,2008-05-19 07:45:45,120.721857,30.760333
Car-1,2008-05-19 07:45:46,120.721858,30.760352
Car-1,2008-05-19 07:45:47,120.721858,30.760372
Car-1,2008-05-19 07:45:48,120.72186,30.760388
Car-1,2008-05-19 07:45:49,120.721863,30.760405
Car-1,2008-05-19 07:45:50,120.721867,30.760427
Car-1,2008-05-19 07:45:51,120.721875,30.760455
Car-1,2008-05-19 07:45:52,120.721887,30.76049
Car-1,2008-05-19 07:45:53,120.721908,30.76053
Car-1,2008-05-19 07:45:54,120.721938,30.760573
Car-1,2008-05-19 07:45:56,120.72202,30.76065
Car-1,2008-05-19 07:45:57,120.722078,30.760682
Car-1,2008-05-19 07:45:58,120.722147,30.760712
Car-1,2008-05-19 07:45:59,120.722225,30.760737
Car-1,2008-05-19 07:46:00,120.722312,30.760758
Car-1,2008-05-19 07:46:01,120.722407,30.760778
Car-1,2008-05-19 07:46:02,120.722507,30.760795
Car-1,2008-05-19 07:46:03,120.722608,30.76081
Car-1,2008-05-19 07:46:05,120.722818,30.760843
Car-1,2008-05-19 07:46:06,120.722928,30.76086
Car-1,2008-05-19 07:46:07,120.723045,30.760877
Car-1,2008-05-19 07:46:08,120.723165,30.760893
Car-1,2008-05-19 07:46:09,120.723287,30.760912
Car-1,2008-05-19 07:46:10,120.723412,30.76093
Car-1,2008-05-19 07:46:11,120.723537,30.760947
Car-1,2008-05-19 07:46:13,120.723792,30.760983
Car-1,2008-05-19 07:46:14,120.723925,30.761002
Car-1,2008-05-19 07:46:15,120.724062,30.761022
Car-1,2008-05-19 07:46:16,120.7242,30.761042
Car-1,2008-05-19 07:46:17,120.72434,30.761062
Car-1,2008-05-19 07:46:18,120.724478,30.761078
Car-1,2008-05-19 07:46:19,120.724615,30.761098
Car-1,2008-05-19 07:46:21,120.724883,30.76114
Car-1,2008-05-19 07:46:22,120.725008,30.761158
Car-1,2008-05-19 07:46:23,120.725128,30.761177
Car-1,2008-05-19 07:46:24,120.725243,30.761193
Car-1,2008-05-19 07:46:25,120.725355,30.76121
Car-1,2008-05-19 07:46:26,120.725467,30.761228
Car-1,2008-05-19 07:46:27,120.72558,30.761245
Car-1,2008-05-19 07:46:29,120.725807,30.761278
Car-1,2008-05-19 07:46:30,120.725918,30.76129
Car-1,2008-05-19 07:46:31,120.726028,30.761307
Car-1,2008-05-19 07:46:32,120.726138,30.761323
Car-1,2008-05-19 07:46:33,120.726248,30.761342
Car-1,2008-05-19 07:46:34,120.726358,30.761358
Car-1,2008-05-19 07:46:35,120.726462,30.761375
Car-1,2008-05-19 07:46:36,120.726563,30.761392
Car-1,2008-05-19 07:46:37,120.726663,30.761405
Car-1,2008-05-19 07:46:38,120.726763,30.761417
Car-1,2008-05-19 07:46:39,120.726863,30.761432
Car-1,2008-05-19 07:46:40,120.72696,30.761458
Car-1,2008-05-19 07:46:41,120.72706,30.761473
Car-1,2008-05-19 07:46:42,120.727153,30.761485
Car-1,2008-05-19 07:46:43,120.72724,30.761498
Car-1,2008-05-19 07:46:44,120.72733,30.761512
Car-1,2008-05-19 07:46:45,120.727422,30.761525
Car-1,2008-05-19 07:46:46,120.727517,30.761542
Car-1,2008-05-19 07:46:47,120.727613,30.761558
Car-1,2008-05-19 07:46:48,120.727715,30.761573
Car-1,2008-05-19 07:46:49,120.727817,30.761583
Car-1,2008-05-19 07:46:50,120.727918,30.761592
Car-1,2008-05-19 07:46:51,120.72802,30.761598
Car-1,2008-05-19 07:46:52,120.728117,30.761607
Car-1,2008-05-19 07:46:53,120.728205,30.761618
Car-1,2008-05-19 07:46:54,120.728282,30.761628
Car-1,2008-05-19 07:46:55,120.728347,30.761637
Car-1,2008-05-19 07:47:38,120.72864,30.76171
Car-1,2008-05-19 07:47:39,120.728675,30.761713
Car-1,2008-05-19 07:47:40,120.728707,30.761713
Car-1,2008-05-19 07:47:41,120.728738,30.761708
Car-1,2008-05-19 07:47:42,120.728772,30.761695
Car-1,2008-05-19 07:47:43,120.728803,30.76167
Car-1,2008-05-19 07:47:44,120.72883,30.761632
Car-1,2008-05-19 07:47:45,120.728848,30.76158
Car-1,2008-05-19 07:47:46,120.72886,30.761518
Car-1,2008-05-19 07:47:47,120.728863,30.761457
Car-1,2008-05-19 07:47:48,120.728863,30.761393
Car-1,2008-05-19 07:47:49,120.728863,30.761328
Car-1,2008-05-19 07:47:50,120.728862,30.761272
Car-1,2008-05-19 07:47:51,120.728858,30.761225
Car-1,2008-05-19 07:47:52,120.728853,30.761188
Car-1,2008-05-19 07:47:53,120.728842,30.761158
Car-1,2008-05-19 07:47:54,120.728827,30.76113
Car-1,2008-05-19 07:47:55,120.72881,30.761105
Car-1,2008-05-19 07:47:56,120.72879,30.761088
Car-1,2008-05-19 07:47:57,120.728772,30.761075
Car-1,2008-05-19 07:47:58,120.728752,30.761062
Car-1,2008-05-19 07:47:59,120.72873,30.761052
Car-1,2008-05-19 07:48:00,120.7287,30.761042
Car-1,2008-05-19 07:48:01,120.728668,30.761038
Car-1,2008-05-19 07:48:02,120.728635,30.761033
Car-1,2008-05-19 07:48:03,120.728602,30.761023
Car-1,2008-05-19 07:48:04,120.728567,30.761015
Car-1,2008-05-19 07:48:05,120.728533,30.761002
Car-1,2008-05-19 07:48:06,120.728508,30.760985
Car-1,2008-05-19 07:48:07,120.728495,30.760968
Car-1,2008-05-19 07:48:08,120.72849,30.760958
