agent_id,time,lng,lat
Car-1,2008-05-14 10:06:37,116.3299299,39.9752233
Car-1,2008-05-14 10:06:51,116.3299299,39.9752233
Car-1,2008-05-14 10:06:53,116.3299299,39.9752266
Car-1,2008-05-14 10:06:55,116.3299116,39.9752266
Car-1,2008-05-14 10:06:57,116.3298683,39.9752399
Car-1,2008-05-14 10:06:59,116.3298233,39.9752466
Car-1,2008-05-14 10:07:01,116.3297249,39.9752466
Car-1,2008-05-14 10:07:03,116.3296416,39.97526
Car-1,2008-05-14 10:07:05,116.3295633,39.9752633
Car-1,2008-05-14 10:07:07,116.3295016,39.9752483
Car-1,2008-05-14 10:07:09,116.3294116,39.9752399
Car-1,2008-05-14 10:07:11,116.32935,39.9752166
Car-1,2008-05-14 10:07:13,116.3292966,39.9751849
Car-1,2008-05-14 10:07:15,116.329265,39.97514
Car-1,2008-05-14 10:07:17,116.3292133,39.9751066
Car-1,2008-05-14 10:07:19,116.32914,39.9751016
Car-1,2008-05-14 10:07:21,116.3290466,39.9751049
Car-1,2008-05-14 10:07:23,116.3289116,39.9751233
Car-1,2008-05-14 10:07:25,116.3287733,39.975135
Car-1,2008-05-14 10:07:27,116.3286,39.9751666
Car-1,2008-05-14 10:07:29,116.3284166,39.9751916
Car-1,2008-05-14 10:07:31,116.3282483,39.97521
Car-1,2008-05-14 10:07:33,116.3281266,39.9752183
Car-1,2008-05-14 10:07:35,116.3280583,39.9752233
Car-1,2008-05-14 10:07:37,116.3279749,39.9752266
Car-1,2008-05-14 10:07:39,116.3279266,39.9752233
Car-1,2008-05-14 10:07:41,116.3278766,39.9752399
Car-1,2008-05-14 10:07:43,116.3278449,39.97525
Car-1,2008-05-14 10:07:45,116.3278283,39.9752533
Car-1,2008-05-14 10:07:47,116.3277849,39.9752583
Car-1,2008-05-14 10:07:49,116.3277316,39.9752766
Car-1,2008-05-14 10:07:51,116.327655,39.9753083
Car-1,2008-05-14 10:07:53,116.3275883,39.975345
Car-1,2008-05-14 10:07:55,116.3275566,39.9753933
Car-1,2008-05-14 10:07:57,116.3275416,39.9754616
Car-1,2008-05-14 10:07:59,116.3275516,39.975555
Car-1,2008-05-14 10:08:01,116.32755,39.9756649
Car-1,2008-05-14 10:08:03,116.3275483,39.9758083
Car-1,2008-05-14 10:08:05,116.3275616,39.9759666
Car-1,2008-05-14 10:08:07,116.3275749,39.9761183
Car-1,2008-05-14 10:08:09,116.3275883,39.9762583
Car-1,2008-05-14 10:08:11,116.3275899,39.97637
Car-1,2008-05-14 10:08:13,116.3275616,39.9764466
Car-1,2008-05-14 10:08:15,116.3275366,39.9765016
Car-1,2008-05-14 10:08:17,116.3275199,39.976525
Car-1,2008-05-14 10:08:19,116.3275099,39.9765383
Car-1,2008-05-14 10:08:21,116.3274883,39.97655
Car-1,2008-05-14 10:08:23,116.3274633,39.9765533
Car-1,2008-05-14 10:08:36,116.3274633,39.9765533
Car-1,2008-05-14 10:08:38,116.3274549,39.976555
Car-1,2008-05-14 10:08:40,116.3274483,39.9765983
Car-1,2008-05-14 10:08:42,116.3274383,39.9766933
Car-1,2008-05-14 10:08:44,116.3274333,39.97683
Car-1,2008-05-14 10:08:46,116.3274266,39.9770016
Car-1,2008-05-14 10:08:48,116.3274216,39.9771733
Car-1,2008-05-14 10:08:50,116.3274149,39.9773333
Car-1,2008-05-14 10:09:08,116.3274049,39.978695
Car-1,2008-05-14 10:09:10,116.3274133,39.978835
Car-1,2008-05-14 10:09:12,116.3274066,39.9789616
Car-1,2008-05-14 10:09:14,116.327395,39.97906
Car-1,2008-05-14 10:09:16,116.3273899,39.97913
Car-1,2008-05-14 10:09:18,116.3273899,39.979185
Car-1,2008-05-14 10:09:20,116.3273666,39.9792233
Car-1,2008-05-14 10:09:22,116.32736,39.9792416
Car-1,2008-05-14 10:09:24,116.3273583,39.97924
Car-1,2008-05-14 10:09:26,116.3273483,39.9792349
Car-1,2008-05-14 10:09:28,116.3273366,39.9792316
Car-1,2008-05-14 10:09:30,116.3273316,39.9792266
Car-1,2008-05-14 10:09:44,116.3274066,39.9791916
Car-1,2008-05-14 10:10:01,116.3273783,39.9791966
Car-1,2008-05-14 10:10:03,116.327395,39.9791966
Car-1,2008-05-14 10:10:11,116.3274399,39.9791916
Car-1,2008-05-14 10:10:13,116.3274516,39.9791916
Car-1,2008-05-14 10:10:15,116.3274699,39.9791883
Car-1,2008-05-14 10:10:50,116.3272983,39.9801449
Car-1,2008-05-14 10:10:52,116.3272849,39.9802733
Car-1,2008-05-14 10:11:11,116.327165,39.9809083
Car-1,2008-05-14 10:11:13,116.327165,39.9809616
Car-1,2008-05-14 10:11:15,116.3271616,39.9809883
Car-1,2008-05-14 10:11:17,116.3271483,39.9809916
Car-1,2008-05-14 10:11:19,116.32713,39.9809916
Car-1,2008-05-14 10:11:34,116.3271316,39.9809816
Car-1,2008-05-14 10:11:44,116.3271199,39.98122
Car-1,2008-05-14 10:11:46,116.3271199,39.9812549
Car-1,2008-05-14 10:11:48,116.32713,39.9812833
Car-1,2008-05-14 10:11:50,116.3271466,39.9813066
Car-1,2008-05-14 10:11:52,116.3271633,39.9813249
Car-1,2008-05-14 10:12:05,116.3271333,39.9814083
Car-1,2008-05-14 10:12:07,116.3271199,39.9814266
Car-1,2008-05-14 10:12:09,116.3271016,39.9814383
Car-1,2008-05-14 10:12:11,116.3270899,39.9814466
Car-1,2008-05-14 10:12:13,116.3270833,39.9814483
Car-1,2008-05-14 10:12:23,116.3270833,39.9814483
Car-1,2008-05-14 10:12:25,116.3270816,39.981445
Car-1,2008-05-14 10:12:27,116.3270966,39.9814783
Car-1,2008-05-14 10:12:29,116.3271116,39.9815266
Car-1,2008-05-14 10:12:31,116.3271283,39.9815916
Car-1,2008-05-14 10:12:33,116.3271266,39.9816616
Car-1,2008-05-14 10:12:45,116.3271549,39.9819933
Car-1,2008-05-14 10:13:19,116.3274133,39.9822666
Car-1,2008-05-14 10:13:21,116.3274116,39.9822933
Car-1,2008-05-14 10:13:39,116.327375,39.9823416
Car-1,2008-05-14 10:13:41,116.3273766,39.9823733
Car-1,2008-05-14 10:13:43,116.3273699,39.9824149
Car-1,2008-05-14 10:13:45,116.3273633,39.9824516
Car-1,2008-05-14 10:13:47,116.3273666,39.9824683
Car-1,2008-05-14 10:13:49,116.3273633,39.9824849
Car-1,2008-05-14 10:13:52,116.3273483,39.982505
Car-1,2008-05-14 10:13:54,116.3273466,39.9825266
Car-1,2008-05-14 10:13:56,116.3273416,39.982565
Car-1,2008-05-14 10:13:58,116.3273333,39.9825883
Car-1,2008-05-14 10:14:00,116.3273283,39.9826383
Car-1,2008-05-14 10:14:02,116.3273166,39.9827083
Car-1,2008-05-14 10:14:04,116.327305,39.9827533
Car-1,2008-05-14 10:14:06,116.3273033,39.9827833
Car-1,2008-05-14 10:14:08,116.3272916,39.9828283
Car-1,2008-05-14 10:14:10,116.3272816,39.9829083
Car-1,2008-05-14 10:14:12,116.3272583,39.9830583
Car-1,2008-05-14 10:14:14,116.327255,39.9831999
Car-1,2008-05-14 10:14:16,116.3272499,39.98335
Car-1,2008-05-14 10:14:18,116.3272533,39.9835
Car-1,2008-05-14 10:14:20,116.3272449,39.9836516
Car-1,2008-05-14 10:14:22,116.3272283,39.9838
Car-1,2008-05-14 10:14:24,116.327235,39.9839216
Car-1,2008-05-14 10:14:26,116.3272466,39.9840166
Car-1,2008-05-14 10:14:28,116.32722,39.9840999
Car-1,2008-05-14 10:14:30,116.327185,39.9841583
Car-1,2008-05-14 10:14:32,116.32715,39.9841949
Car-1,2008-05-14 10:15:50,116.3270883,39.9842283
Car-1,2008-05-14 10:15:52,116.3270883,39.9842783
Car-1,2008-05-14 10:15:54,116.3270933,39.9843683
Car-1,2008-05-14 10:15:56,116.327115,39.9844649
Car-1,2008-05-14 10:15:58,116.327115,39.9845216
Car-1,2008-05-14 10:16:00,116.3271366,39.9845266
Car-1,2008-05-14 10:16:02,116.3271583,39.9845333
Car-1,2008-05-14 10:16:04,116.3271833,39.9845499
Car-1,2008-05-14 10:16:06,116.3272099,39.9845583
Car-1,2008-05-14 10:16:08,116.3272433,39.9845666
Car-1,2008-05-14 10:16:10,116.32729,39.98458
Car-1,2008-05-14 10:16:12,116.3273183,39.984585
Car-1,2008-05-14 10:16:14,116.3273516,39.9845916
Car-1,2008-05-14 10:16:16,116.3274066,39.9846116
Car-1,2008-05-14 10:16:18,116.32748,39.984635
Car-1,2008-05-14 10:16:20,116.3275799,39.9846366
Car-1,2008-05-14 10:16:22,116.3276633,39.98464
Car-1,2008-05-14 10:16:24,116.3277399,39.9846433
Car-1,2008-05-14 10:16:26,116.3278099,39.98465
Car-1,2008-05-14 10:16:28,116.3278699,39.98465
Car-1,2008-05-14 10:16:30,116.3279333,39.9846516
Car-1,2008-05-14 10:16:32,116.3280083,39.9846533
Car-1,2008-05-14 10:16:34,116.3280716,39.9846566
Car-1,2008-05-14 10:16:36,116.3281233,39.9846599
Car-1,2008-05-14 10:16:38,116.3281666,39.9846633
Car-1,2008-05-14 10:16:40,116.3282033,39.984665
Car-1,2008-05-14 10:16:42,116.3282316,39.9846666
Car-1,2008-05-14 10:16:44,116.32825,39.9846683
Car-1,2008-05-14 10:16:50,116.328265,39.9846683
Car-1,2008-05-14 10:16:52,116.3283149,39.9846699
Car-1,2008-05-14 10:16:54,116.3283666,39.9846699
Car-1,2008-05-14 10:16:56,116.3284149,39.9846716
Car-1,2008-05-14 10:16:58,116.3284583,39.9846733
Car-1,2008-05-14 10:17:00,116.3284999,39.9846716
Car-1,2008-05-14 10:17:02,116.3285466,39.9846716
Car-1,2008-05-14 10:17:04,116.328635,39.9846749
Car-1,2008-05-14 10:17:06,116.3287533,39.9846816
Car-1,2008-05-14 10:17:08,116.32888,39.9846883
Car-1,2008-05-14 10:17:10,116.3289833,39.9846916
Car-1,2008-05-14 10:17:12,116.3290833,39.9846999
Car-1,2008-05-14 10:17:14,116.3291783,39.98471
Car-1,2008-05-14 10:17:16,116.3292699,39.9847183
Car-1,2008-05-14 10:17:18,116.3293583,39.9847283
Car-1,2008-05-14 10:17:20,116.3294416,39.9847333
Car-1,2008-05-14 10:17:22,116.3295299,39.9847383
Car-1,2008-05-14 10:17:24,116.3296083,39.9847399
Car-1,2008-05-14 10:17:26,116.3296883,39.9847433
Car-1,2008-05-14 10:17:28,116.3297516,39.9847449
Car-1,2008-05-14 10:17:30,116.3298133,39.9847449
Car-1,2008-05-14 10:17:32,116.3298816,39.9847449
Car-1,2008-05-14 10:17:34,116.3299516,39.9847483
Car-1,2008-05-14 10:17:36,116.3300233,39.9847516
Car-1,2008-05-14 10:17:38,116.3300933,39.9847583
Car-1,2008-05-14 10:17:40,116.3301566,39.9847633
Car-1,2008-05-14 10:17:42,116.3302099,39.9847683
Car-1,2008-05-14 10:17:44,116.3302616,39.984775
Car-1,2008-05-14 10:17:46,116.3303116,39.98478
Car-1,2008-05-14 10:17:48,116.3303749,39.9847833
Car-1,2008-05-14 10:17:50,116.3304583,39.9847916
Car-1,2008-05-14 10:17:52,116.3305449,39.9848016
Car-1,2008-05-14 10:17:54,116.3306299,39.9848116
Car-1,2008-05-14 10:17:56,116.3307183,39.9848216
Car-1,2008-05-14 10:17:58,116.3308099,39.984835
Car-1,2008-05-14 10:18:00,116.3309016,39.9848416
Car-1,2008-05-14 10:18:02,116.3310033,39.9848533
Car-1,2008-05-14 10:18:04,116.3311083,39.984865
Car-1,2008-05-14 10:18:06,116.3312366,39.9848483
Car-1,2008-05-14 10:18:08,116.3313783,39.9848549
Car-1,2008-05-14 10:18:10,116.3315166,39.9848583
Car-1,2008-05-14 10:18:12,116.331655,39.9848583
Car-1,2008-05-14 10:18:14,116.3317683,39.9848533
Car-1,2008-05-14 10:18:16,116.3318533,39.9848483
Car-1,2008-05-14 10:18:18,116.3319083,39.984845
Car-1,2008-05-14 10:18:20,116.33195,39.98485
Car-1,2008-05-14 10:18:22,116.3319799,39.9848533
Car-1,2008-05-14 10:18:24,116.3320283,39.9848566
Car-1,2008-05-14 10:18:26,116.3320916,39.9848616
Car-1,2008-05-14 10:18:28,116.3321849,39.9848666
Car-1,2008-05-14 10:18:30,116.3322866,39.9848683
Car-1,2008-05-14 10:18:32,116.3323233,39.9849016
Car-1,2008-05-14 10:18:34,116.3323599,39.9849399
Car-1,2008-05-14 10:18:36,116.3324299,39.9849616
Car-1,2008-05-14 10:18:38,116.3325183,39.9849499
Car-1,2008-05-14 10:18:40,116.3326383,39.9849016
Car-1,2008-05-14 10:18:42,116.3327416,39.9848666
Car-1,2008-05-14 10:18:44,116.3328316,39.9848483
Car-1,2008-05-14 10:18:46,116.3329183,39.9848433
Car-1,2008-05-14 10:18:48,116.3330083,39.9848333
Car-1,2008-05-14 10:18:50,116.3331149,39.9848116
Car-1,2008-05-14 10:18:52,116.3332583,39.9847999
Car-1,2008-05-14 10:18:54,116.3334166,39.9848016
Car-1,2008-05-14 10:18:56,116.3335849,39.984805
Car-1,2008-05-14 10:18:58,116.3337566,39.984805
Car-1,2008-05-14 10:19:00,116.3339183,39.9848099
Car-1,2008-05-14 10:19:02,116.3340716,39.9848133
Car-1,2008-05-14 10:19:04,116.3342133,39.98482
Car-1,2008-05-14 10:19:06,116.3343416,39.9848233
Car-1,2008-05-14 10:19:08,116.33445,39.9848183
Car-1,2008-05-14 10:19:10,116.3345366,39.9848016
Car-1,2008-05-14 10:19:12,116.334605,39.9847849
Car-1,2008-05-14 10:19:14,116.3347133,39.9847849
Car-1,2008-05-14 10:19:16,116.3348433,39.9848099
Car-1,2008-05-14 10:19:18,116.335005,39.9848633
Car-1,2008-05-14 10:19:20,116.3351166,39.9848716
Car-1,2008-05-14 10:19:22,116.3352083,39.9848766
Car-1,2008-05-14 10:19:24,116.3352949,39.9848816
Car-1,2008-05-14 10:19:26,116.3353933,39.9848849
Car-1,2008-05-14 10:19:28,116.3354966,39.9848849
Car-1,2008-05-14 10:19:30,116.3355916,39.9848866
Car-1,2008-05-14 10:19:32,116.33567,39.9848883
Car-1,2008-05-14 10:19:34,116.3357516,39.98489
Car-1,2008-05-14 10:19:36,116.3358433,39.9848933
Car-1,2008-05-14 10:19:38,116.33593,39.9848933
Car-1,2008-05-14 10:19:40,116.3360183,39.9848966
Car-1,2008-05-14 10:19:42,116.3360933,39.9848999
Car-1,2008-05-14 10:19:44,116.3361633,39.984905
Car-1,2008-05-14 10:19:46,116.3362166,39.9849083
Car-1,2008-05-14 10:19:48,116.3362466,39.9849116
Car-1,2008-05-14 10:19:50,116.3362833,39.9849133
Car-1,2008-05-14 10:19:52,116.336335,39.984915
Car-1,2008-05-14 10:19:54,116.3363783,39.9849166
Car-1,2008-05-14 10:19:56,116.3364349,39.9849183
Car-1,2008-05-14 10:19:58,116.33649,39.9849216
Car-1,2008-05-14 10:20:00,116.33654,39.9849233
Car-1,2008-05-14 10:20:02,116.3366049,39.9849266
Car-1,2008-05-14 10:20:04,116.3366699,39.9849283
Car-1,2008-05-14 10:20:06,116.3367183,39.98493
Car-1,2008-05-14 10:20:08,116.3367716,39.9849333
Car-1,2008-05-14 10:20:10,116.3368216,39.9849366
Car-1,2008-05-14 10:20:12,116.3368533,39.9849383
Car-1,2008-05-14 10:20:14,116.3368999,39.9849416
Car-1,2008-05-14 10:20:16,116.3369549,39.9849483
Car-1,2008-05-14 10:20:18,116.3369983,39.9849549
Car-1,2008-05-14 10:20:20,116.3370166,39.9849533
Car-1,2008-05-14 10:20:22,116.3370199,39.9849499
Car-1,2008-05-14 10:20:24,116.3370483,39.9849516
Car-1,2008-05-14 10:20:26,116.3370799,39.9849516
Car-1,2008-05-14 10:20:28,116.3371133,39.9849549
Car-1,2008-05-14 10:20:30,116.3371599,39.9849583
Car-1,2008-05-14 10:20:32,116.3371933,39.98496
Car-1,2008-05-14 10:20:34,116.3372266,39.9849616
Car-1,2008-05-14 10:20:36,116.3372683,39.9849666
Car-1,2008-05-14 10:20:38,116.3373133,39.9849733
Car-1,2008-05-14 10:20:40,116.3373766,39.9849816
Car-1,2008-05-14 10:20:42,116.3374166,39.984985
Car-1,2008-05-14 10:20:44,116.3374749,39.9849866
Car-1,2008-05-14 10:20:46,116.3375633,39.9850066
Car-1,2008-05-14 10:20:48,116.3376866,39.9850249
Car-1,2008-05-14 10:20:50,116.3377983,39.9850383
Car-1,2008-05-14 10:20:52,116.3378933,39.9850516
Car-1,2008-05-14 10:20:54,116.3379366,39.9850516
Car-1,2008-05-14 10:20:56,116.3379533,39.9850516
Car-1,2008-05-14 10:20:58,116.3379816,39.9850533
Car-1,2008-05-14 10:21:00,116.3380199,39.9850583
Car-1,2008-05-14 10:21:02,116.3380816,39.98507
Car-1,2008-05-14 10:21:04,116.3381683,39.9850933
Car-1,2008-05-14 10:21:06,116.3382233,39.9851
Car-1,2008-05-14 10:21:08,116.3382683,39.9851049
Car-1,2008-05-14 10:21:10,116.3383383,39.9851166
Car-1,2008-05-14 10:21:12,116.3384466,39.9851333
Car-1,2008-05-14 10:21:14,116.3385833,39.9851466
Car-1,2008-05-14 10:21:16,116.3387233,39.9851566
Car-1,2008-05-14 10:21:18,116.3388583,39.9851633
Car-1,2008-05-14 10:21:20,116.3389866,39.9851666
Car-1,2008-05-14 10:21:22,116.3390999,39.9851716
Car-1,2008-05-14 10:21:24,116.3392066,39.9851733
Car-1,2008-05-14 10:21:26,116.3393416,39.9851766
Car-1,2008-05-14 10:21:28,116.33951,39.9851783
Car-1,2008-05-14 10:21:30,116.3397033,39.9851833
Car-1,2008-05-14 10:21:32,116.3399249,39.9851916
Car-1,2008-05-14 10:21:34,116.3401533,39.9852016
Car-1,2008-05-14 10:21:36,116.3403549,39.98521
Car-1,2008-05-14 10:21:38,116.3405266,39.9852183
Car-1,2008-05-14 10:21:40,116.3406866,39.9852233
Car-1,2008-05-14 10:21:42,116.3408383,39.9852266
Car-1,2008-05-14 10:21:44,116.3409833,39.9852283
Car-1,2008-05-14 10:21:46,116.3411283,39.9852283
Car-1,2008-05-14 10:21:48,116.3412833,39.9852233
Car-1,2008-05-14 10:21:50,116.34143,39.9852283
Car-1,2008-05-14 10:21:52,116.3415599,39.98524
Car-1,2008-05-14 10:21:54,116.3416983,39.9852299
Car-1,2008-05-14 10:21:56,116.3418333,39.9852199
Car-1,2008-05-14 10:21:58,116.3419333,39.9852416
Car-1,2008-05-14 10:22:00,116.3420183,39.9852516
Car-1,2008-05-14 10:22:02,116.3420799,39.9852616
Car-1,2008-05-14 10:22:04,116.3421366,39.9852666
Car-1,2008-05-14 10:22:06,116.3421766,39.98528
Car-1,2008-05-14 10:22:08,116.3422333,39.9852883
Car-1,2008-05-14 10:22:10,116.3422966,39.9852933
Car-1,2008-05-14 10:22:12,116.342375,39.9853016
Car-1,2008-05-14 10:22:14,116.3424649,39.9853133
Car-1,2008-05-14 10:22:16,116.3425716,39.9853216
Car-1,2008-05-14 10:22:18,116.3426649,39.9853316
Car-1,2008-05-14 10:22:20,116.3427233,39.9853416
Car-1,2008-05-14 10:22:22,116.3427666,39.9853416
Car-1,2008-05-14 10:22:24,116.342825,39.9853299
Car-1,2008-05-14 10:22:26,116.3429183,39.9853233
Car-1,2008-05-14 10:22:28,116.3430266,39.9853233
Car-1,2008-05-14 10:22:30,116.343125,39.9853266
Car-1,2008-05-14 10:22:32,116.34321,39.9853283
Car-1,2008-05-14 10:22:34,116.3432949,39.9853349
Car-1,2008-05-14 10:22:36,116.3433833,39.98534
Car-1,2008-05-14 10:22:38,116.3434833,39.9853466
Car-1,2008-05-14 10:22:40,116.3435966,39.9853566
Car-1,2008-05-14 10:22:42,116.3437316,39.9853633
Car-1,2008-05-14 10:22:44,116.34386,39.9853683
Car-1,2008-05-14 10:22:46,116.3439716,39.9853733
Car-1,2008-05-14 10:22:48,116.3441083,39.9853766
Car-1,2008-05-14 10:22:50,116.3442416,39.98538
Car-1,2008-05-14 10:22:52,116.3443583,39.9853833
Car-1,2008-05-14 10:22:54,116.3444983,39.9853883
Car-1,2008-05-14 10:22:56,116.3446549,39.9853933
Car-1,2008-05-14 10:22:58,116.3447933,39.9853983
Car-1,2008-05-14 10:23:00,116.3449083,39.9854033
Car-1,2008-05-14 10:23:02,116.3450266,39.98541
Car-1,2008-05-14 10:23:04,116.3451799,39.9854116
Car-1,2008-05-14 10:23:06,116.3453566,39.9854183
Car-1,2008-05-14 10:23:08,116.3455683,39.9854283
Car-1,2008-05-14 10:23:10,116.3458116,39.9854383
Car-1,2008-05-14 10:23:12,116.3460716,39.9854416
Car-1,2008-05-14 10:23:14,116.3463483,39.9854483
Car-1,2008-05-14 10:23:16,116.3466399,39.9854549
Car-1,2008-05-14 10:23:18,116.3469433,39.9854599
Car-1,2008-05-14 10:23:20,116.3472633,39.9854683
Car-1,2008-05-14 10:23:22,116.3475966,39.9854749
Car-1,2008-05-14 10:23:24,116.3479333,39.98548
Car-1,2008-05-14 10:23:26,116.3482716,39.9854866
Car-1,2008-05-14 10:23:28,116.3486099,39.9854983
Car-1,2008-05-14 10:23:30,116.3489433,39.9855149
Car-1,2008-05-14 10:23:32,116.3492566,39.985535
Car-1,2008-05-14 10:23:34,116.3495566,39.9855549
Car-1,2008-05-14 10:23:36,116.3498549,39.985575
Car-1,2008-05-14 10:23:38,116.3501733,39.9855866
Car-1,2008-05-14 10:23:40,116.3505233,39.9856016
Car-1,2008-05-14 10:23:42,116.3508999,39.9856149
Car-1,2008-05-14 10:23:44,116.3512916,39.9856249
Car-1,2008-05-14 10:23:46,116.3516883,39.9856366
Car-1,2008-05-14 10:23:48,116.3520849,39.9856483
Car-1,2008-05-14 10:23:50,116.3524783,39.9856616
Car-1,2008-05-14 10:23:52,116.3528633,39.985675
Car-1,2008-05-14 10:23:54,116.3532516,39.9856866
Car-1,2008-05-14 10:23:56,116.3536483,39.9856983
Car-1,2008-05-14 10:24:01,116.3546349,39.9857399
Car-1,2008-05-14 10:24:03,116.3550266,39.98576
Car-1,2008-05-14 10:24:05,116.3554183,39.985775
Car-1,2008-05-14 10:24:07,116.3558033,39.9857883
Car-1,2008-05-14 10:24:09,116.3561883,39.9857933
Car-1,2008-05-14 10:24:11,116.35657,39.9858033
Car-1,2008-05-14 10:24:13,116.35695,39.9858216
Car-1,2008-05-14 10:24:15,116.3573299,39.9858333
Car-1,2008-05-14 10:24:17,116.357705,39.98584
Car-1,2008-05-14 10:24:19,116.3580716,39.9858499
Car-1,2008-05-14 10:24:21,116.358435,39.9858616
Car-1,2008-05-14 10:24:23,116.358805,39.9858616
Car-1,2008-05-14 10:24:25,116.3591783,39.9858633
Car-1,2008-05-14 10:24:27,116.3595466,39.9858733
Car-1,2008-05-14 10:24:29,116.3599166,39.985885
Car-1,2008-05-14 10:24:31,116.3602866,39.9858966
Car-1,2008-05-14 10:24:33,116.360655,39.9859033
Car-1,2008-05-14 10:24:35,116.3610166,39.985915
Car-1,2008-05-14 10:24:37,116.3613749,39.9859266
Car-1,2008-05-14 10:24:39,116.3617299,39.9859449
Car-1,2008-05-14 10:24:41,116.362085,39.9859616
Car-1,2008-05-14 10:24:43,116.3624433,39.9859749
Car-1,2008-05-14 10:24:45,116.3628099,39.9859866
Car-1,2008-05-14 10:24:47,116.3631783,39.9860033
Car-1,2008-05-14 10:24:49,116.3635433,39.9860233
Car-1,2008-05-14 10:24:51,116.3638633,39.9860833
Car-1,2008-05-14 10:24:53,116.3641866,39.9860933
Car-1,2008-05-14 10:24:55,116.3644666,39.9861166
Car-1,2008-05-14 10:24:57,116.3646983,39.9861533
Car-1,2008-05-14 10:24:59,116.3649349,39.9861549
Car-1,2008-05-14 10:25:01,116.3652083,39.9861283
Car-1,2008-05-14 10:25:03,116.3654716,39.98612
Car-1,2008-05-14 10:25:05,116.3657066,39.9861033
Car-1,2008-05-14 10:25:07,116.3659299,39.9860966
Car-1,2008-05-14 10:25:09,116.3661866,39.9860966
Car-1,2008-05-14 10:25:11,116.366465,39.9860933
Car-1,2008-05-14 10:25:13,116.3667499,39.9860849
Car-1,2008-05-14 10:25:15,116.367025,39.9860899
Car-1,2008-05-14 10:25:17,116.3672749,39.9860933
Car-1,2008-05-14 10:25:19,116.3675199,39.9860916
Car-1,2008-05-14 10:25:21,116.3677649,39.9860933
Car-1,2008-05-14 10:25:23,116.3680066,39.9861049
Car-1,2008-05-14 10:25:25,116.368245,39.98612
Car-1,2008-05-14 10:25:27,116.3684466,39.9861383
Car-1,2008-05-14 10:25:29,116.368615,39.9861466
Car-1,2008-05-14 10:25:31,116.368755,39.9861466
Car-1,2008-05-14 10:25:33,116.36886,39.9861549
Car-1,2008-05-14 10:25:35,116.3689316,39.9861633
Car-1,2008-05-14 10:25:37,116.3689749,39.9861616
Car-1,2008-05-14 10:25:39,116.3689933,39.9861599
Car-1,2008-05-14 10:25:42,116.3690049,39.98614
Car-1,2008-05-14 10:25:44,116.3690183,39.986135
Car-1,2008-05-14 10:25:46,116.3690383,39.9861316
Car-1,2008-05-14 10:25:48,116.3690366,39.9861333
Car-1,2008-05-14 10:25:52,116.3690366,39.9861333
Car-1,2008-05-14 10:25:54,116.36903,39.9861333
Car-1,2008-05-14 10:25:56,116.369065,39.986135
Car-1,2008-05-14 10:25:58,116.3690833,39.986135
Car-1,2008-05-14 10:26:00,116.3690949,39.986135
Car-1,2008-05-14 10:26:02,116.3691216,39.9861366
Car-1,2008-05-14 10:26:04,116.3691633,39.9861383
Car-1,2008-05-14 10:26:06,116.3692016,39.98614
Car-1,2008-05-14 10:26:08,116.3692416,39.9861416
Car-1,2008-05-14 10:26:10,116.3692883,39.9861433
Car-1,2008-05-14 10:26:12,116.3693233,39.9861449
Car-1,2008-05-14 10:26:14,116.3693616,39.9861483
Car-1,2008-05-14 10:26:16,116.3694049,39.98615
Car-1,2008-05-14 10:26:18,116.3694449,39.98615
Car-1,2008-05-14 10:26:20,116.3694933,39.98615
Car-1,2008-05-14 10:26:22,116.3695449,39.98615
Car-1,2008-05-14 10:26:24,116.3695949,39.98615
Car-1,2008-05-14 10:26:26,116.3696333,39.98615
Car-1,2008-05-14 10:26:28,116.3696733,39.9861516
Car-1,2008-05-14 10:26:30,116.3697266,39.98615
Car-1,2008-05-14 10:26:32,116.3697816,39.98615
Car-1,2008-05-14 10:26:34,116.3698616,39.9861516
Car-1,2008-05-14 10:26:36,116.3699466,39.9861533
Car-1,2008-05-14 10:26:38,116.3700366,39.9861583
Car-1,2008-05-14 10:26:40,116.3701316,39.9861549
Car-1,2008-05-14 10:26:42,116.3702316,39.9861449
Car-1,2008-05-14 10:26:44,116.3703333,39.9861383
Car-1,2008-05-14 10:26:46,116.3704349,39.98614
Car-1,2008-05-14 10:26:48,116.3705316,39.9861466
Car-1,2008-05-14 10:26:50,116.370605,39.9861549
Car-1,2008-05-14 10:26:52,116.3706416,39.9861599
Car-1,2008-05-14 10:26:54,116.3706599,39.9861616
Car-1,2008-05-14 10:26:56,116.3706866,39.9861633
Car-1,2008-05-14 10:26:58,116.3707299,39.9861683
Car-1,2008-05-14 10:27:00,116.370745,39.9861716
Car-1,2008-05-14 10:27:02,116.370745,39.9861749
Car-1,2008-05-14 10:27:04,116.3707666,39.9861749
Car-1,2008-05-14 10:27:06,116.3708083,39.9861766
Car-1,2008-05-14 10:27:08,116.3708466,39.9861783
Car-1,2008-05-14 10:27:10,116.3708833,39.9861783
Car-1,2008-05-14 10:27:12,116.3709133,39.9861766
Car-1,2008-05-14 10:27:14,116.3709733,39.9861766
Car-1,2008-05-14 10:27:16,116.3710333,39.9861783
Car-1,2008-05-14 10:27:18,116.3710849,39.9861783
Car-1,2008-05-14 10:27:20,116.371145,39.98618
Car-1,2008-05-14 10:27:22,116.3711933,39.9861783
Car-1,2008-05-14 10:27:24,116.37123,39.9861783
Car-1,2008-05-14 10:27:26,116.3712583,39.9861766
Car-1,2008-05-14 10:27:28,116.3712866,39.9861766
Car-1,2008-05-14 10:27:30,116.3713149,39.9861766
Car-1,2008-05-14 10:27:32,116.3713449,39.9861766
Car-1,2008-05-14 10:27:34,116.3713833,39.9861766
Car-1,2008-05-14 10:27:53,116.3714016,39.9861766
Car-1,2008-05-14 10:27:55,116.3714149,39.9861766
Car-1,2008-05-14 10:28:10,116.3714149,39.9861766
Car-1,2008-05-14 10:28:12,116.3714233,39.9861766
Car-1,2008-05-14 10:28:14,116.3714683,39.9861783
Car-1,2008-05-14 10:28:16,116.37151,39.98618
Car-1,2008-05-14 10:28:18,116.3715316,39.98618
Car-1,2008-05-14 10:28:26,116.3715316,39.98618
Car-1,2008-05-14 10:28:28,116.3715366,39.98618
Car-1,2008-05-14 10:28:30,116.3715583,39.9861816
Car-1,2008-05-14 10:28:34,116.3715699,39.9861816
Car-1,2008-05-14 10:28:36,116.3716233,39.9861833
Car-1,2008-05-14 10:28:38,116.3716833,39.9861866
Car-1,2008-05-14 10:28:40,116.3717366,39.98619
Car-1,2008-05-14 10:28:42,116.3718149,39.9861933
Car-1,2008-05-14 10:28:44,116.3719216,39.9861966
Car-1,2008-05-14 10:28:46,116.3720466,39.9862016
Car-1,2008-05-14 10:28:48,116.3721783,39.986205
Car-1,2008-05-14 10:28:50,116.3723,39.9862083
Car-1,2008-05-14 10:28:52,116.3724016,39.98621
Car-1,2008-05-14 10:28:54,116.3724766,39.9862116
Car-1,2008-05-14 10:28:56,116.3725433,39.98621
Car-1,2008-05-14 10:28:58,116.3726033,39.98621
Car-1,2008-05-14 10:29:00,116.3726483,39.9862116
Car-1,2008-05-14 10:29:02,116.37268,39.9862149
Car-1,2008-05-14 10:29:04,116.3727,39.9862166
Car-1,2008-05-14 10:29:06,116.3727199,39.98622
Car-1,2008-05-14 10:29:08,116.3727416,39.9862216
Car-1,2008-05-14 10:29:10,116.3727683,39.9862233
Car-1,2008-05-14 10:29:12,116.3728233,39.9862266
Car-1,2008-05-14 10:29:14,116.3728999,39.9862283
Car-1,2008-05-14 10:29:16,116.3729833,39.9862316
Car-1,2008-05-14 10:29:18,116.3730566,39.9862399
Car-1,2008-05-14 10:29:20,116.3730983,39.9862416
Car-1,2008-05-14 10:29:22,116.3731216,39.9862566
Car-1,2008-05-14 10:29:24,116.3731333,39.9862533
Car-1,2008-05-14 10:29:33,116.3731466,39.9862466
Car-1,2008-05-14 10:29:35,116.3731633,39.9862483
Car-1,2008-05-14 10:29:37,116.3731816,39.98625
Car-1,2008-05-14 10:29:39,116.3732149,39.98625
Car-1,2008-05-14 10:29:41,116.3732633,39.9862516
Car-1,2008-05-14 10:29:43,116.3733083,39.9862533
Car-1,2008-05-14 10:29:45,116.3733583,39.9862583
Car-1,2008-05-14 10:29:47,116.3734283,39.986265
Car-1,2008-05-14 10:29:49,116.3734983,39.9862699
Car-1,2008-05-14 10:29:51,116.3735599,39.9862733
Car-1,2008-05-14 10:29:53,116.3736033,39.9862733
Car-1,2008-05-14 10:29:55,116.3736433,39.9862733
Car-1,2008-05-14 10:29:57,116.3736833,39.9862716
Car-1,2008-05-14 10:29:59,116.3737266,39.9862716
Car-1,2008-05-14 10:30:01,116.3737716,39.9862733
Car-1,2008-05-14 10:30:03,116.3738316,39.986275
Car-1,2008-05-14 10:30:05,116.3738999,39.986275
Car-1,2008-05-14 10:30:07,116.3739716,39.9862733
Car-1,2008-05-14 10:30:09,116.3740533,39.986275
Car-1,2008-05-14 10:30:11,116.37415,39.986275
Car-1,2008-05-14 10:30:13,116.3742399,39.986275
Car-1,2008-05-14 10:30:15,116.374325,39.9862766
Car-1,2008-05-14 10:30:17,116.37441,39.9862766
Car-1,2008-05-14 10:30:19,116.3744933,39.9862783
Car-1,2008-05-14 10:30:21,116.3745699,39.98628
Car-1,2008-05-14 10:30:23,116.3746299,39.9862816
Car-1,2008-05-14 10:30:25,116.3746766,39.9862833
Car-1,2008-05-14 10:30:27,116.3747199,39.9862849
Car-1,2008-05-14 10:30:29,116.3747683,39.9862866
Car-1,2008-05-14 10:30:31,116.3748199,39.9862883
Car-1,2008-05-14 10:30:33,116.3748599,39.98629
Car-1,2008-05-14 10:30:35,116.3748866,39.9862916
Car-1,2008-05-14 10:30:45,116.3748866,39.9862916
Car-1,2008-05-14 10:30:47,116.3748949,39.9862933
Car-1,2008-05-14 10:30:49,116.3749416,39.9862933
Car-1,2008-05-14 10:30:51,116.375,39.9862949
Car-1,2008-05-14 10:30:53,116.3750533,39.9862949
Car-1,2008-05-14 10:30:55,116.3750966,39.9862983
Car-1,2008-05-14 10:30:57,116.3751216,39.9862983
Car-1,2008-05-14 10:31:02,116.3751216,39.9862983
Car-1,2008-05-14 10:31:04,116.3751299,39.9862983
Car-1,2008-05-14 10:31:06,116.3751816,39.9862999
Car-1,2008-05-14 10:31:08,116.3752333,39.9862999
Car-1,2008-05-14 10:31:10,116.3752833,39.9863016
Car-1,2008-05-14 10:31:12,116.3753483,39.9863016
Car-1,2008-05-14 10:31:14,116.3754166,39.9863033
Car-1,2008-05-14 10:31:16,116.3754666,39.9863099
Car-1,2008-05-14 10:31:18,116.3755049,39.9863133
Car-1,2008-05-14 10:31:20,116.3755516,39.9863166
Car-1,2008-05-14 10:31:22,116.3755983,39.98632
Car-1,2008-05-14 10:31:24,116.3756716,39.9863316
Car-1,2008-05-14 10:31:26,116.3757233,39.986335
Car-1,2008-05-14 10:31:28,116.37577,39.9863383
Car-1,2008-05-14 10:31:30,116.375805,39.9863433
Car-1,2008-05-14 10:31:32,116.3758233,39.986345
Car-1,2008-05-14 10:31:34,116.3758333,39.9863466
Car-1,2008-05-14 10:31:46,116.3758333,39.9863466
Car-1,2008-05-14 10:31:48,116.3758366,39.9863483
Car-1,2008-05-14 10:31:50,116.375875,39.98635
Car-1,2008-05-14 10:31:52,116.3759083,39.9863516
Car-1,2008-05-14 10:31:54,116.3759316,39.9863516
Car-1,2008-05-14 10:31:56,116.3759549,39.9863516
Car-1,2008-05-14 10:31:58,116.3760033,39.9863549
Car-1,2008-05-14 10:32:00,116.3760616,39.98636
Car-1,2008-05-14 10:32:02,116.3761,39.9863633
Car-1,2008-05-14 10:32:04,116.3761266,39.9863633
Car-1,2008-05-14 10:32:06,116.3761483,39.9863649
Car-1,2008-05-14 10:32:08,116.3761666,39.9863683
Car-1,2008-05-14 10:32:18,116.3761666,39.9863683
Car-1,2008-05-14 10:32:20,116.3761716,39.9863649
Car-1,2008-05-14 10:32:22,116.3762033,39.9863633
Car-1,2008-05-14 10:32:24,116.3762283,39.9863633
Car-1,2008-05-14 10:32:26,116.3762466,39.9863616
Car-1,2008-05-14 10:32:28,116.3762666,39.98636
Car-1,2008-05-14 10:32:30,116.3762833,39.9863583
Car-1,2008-05-14 10:32:32,116.3762966,39.9863549
Car-1,2008-05-14 10:32:34,116.3763349,39.9863549
Car-1,2008-05-14 10:32:36,116.3764016,39.9863549
Car-1,2008-05-14 10:32:38,116.3764783,39.9863566
Car-1,2008-05-14 10:32:40,116.3765716,39.98636
Car-1,2008-05-14 10:32:42,116.3766499,39.9863716
Car-1,2008-05-14 10:32:44,116.3767366,39.9863866
Car-1,2008-05-14 10:32:46,116.3768416,39.9863983
Car-1,2008-05-14 10:32:48,116.3769433,39.9864066
Car-1,2008-05-14 10:32:50,116.3770549,39.9864116
Car-1,2008-05-14 10:32:52,116.37717,39.9864166
Car-1,2008-05-14 10:32:54,116.3772533,39.98642
Car-1,2008-05-14 10:32:56,116.3773266,39.9864233
Car-1,2008-05-14 10:32:58,116.3774066,39.9864266
Car-1,2008-05-14 10:33:00,116.37748,39.98643
Car-1,2008-05-14 10:33:02,116.377535,39.9864383
Car-1,2008-05-14 10:33:04,116.3775599,39.9863783
Car-1,2008-05-14 10:33:06,116.3775883,39.9863766
Car-1,2008-05-14 10:33:08,116.3776116,39.9863783
Car-1,2008-05-14 10:33:10,116.37764,39.9863799
Car-1,2008-05-14 10:33:12,116.3776716,39.9863833
Car-1,2008-05-14 10:33:14,116.377695,39.98639
Car-1,2008-05-14 10:33:16,116.3777083,39.9863966
Car-1,2008-05-14 10:33:24,116.3777183,39.986415
Car-1,2008-05-14 10:33:26,116.3777649,39.9864083
Car-1,2008-05-14 10:33:28,116.3778416,39.9864066
Car-1,2008-05-14 10:33:30,116.3779433,39.9864116
Car-1,2008-05-14 10:33:32,116.3780683,39.986415
Car-1,2008-05-14 10:33:34,116.378195,39.9864233
Car-1,2008-05-14 10:33:36,116.3783383,39.9864266
Car-1,2008-05-14 10:33:38,116.3785016,39.9864383
Car-1,2008-05-14 10:33:40,116.3786749,39.9864883
Car-1,2008-05-14 10:33:42,116.3788383,39.9865683
Car-1,2008-05-14 10:33:44,116.3789699,39.986555
Car-1,2008-05-14 10:33:46,116.3790716,39.9865483
Car-1,2008-05-14 10:33:48,116.3791466,39.9865033
Car-1,2008-05-14 10:33:50,116.3792216,39.986475
Car-1,2008-05-14 10:33:52,116.3792866,39.9864766
Car-1,2008-05-14 10:33:54,116.3793816,39.9864766
Car-1,2008-05-14 10:33:56,116.37951,39.9864816
Car-1,2008-05-14 10:33:58,116.379645,39.9864799
Car-1,2008-05-14 10:34:00,116.3797366,39.9864683
Car-1,2008-05-14 10:34:02,116.3797933,39.9864716
Car-1,2008-05-14 10:34:04,116.3798349,39.9864733
Car-1,2008-05-14 10:34:06,116.3798716,39.986475
Car-1,2008-05-14 10:34:08,116.3799116,39.9864733
Car-1,2008-05-14 10:34:10,116.3799666,39.9864716
Car-1,2008-05-14 10:34:12,116.3800233,39.9864733
Car-1,2008-05-14 10:34:14,116.3800783,39.9864716
Car-1,2008-05-14 10:34:16,116.3801116,39.9864666
Car-1,2008-05-14 10:34:27,116.3801116,39.9864666
Car-1,2008-05-14 10:34:29,116.38012,39.9864633
Car-1,2008-05-14 10:34:31,116.3801416,39.9864666
Car-1,2008-05-14 10:34:33,116.3801583,39.9864666
Car-1,2008-05-14 10:34:41,116.3801583,39.9864666
Car-1,2008-05-14 10:34:43,116.3801649,39.9864649
Car-1,2008-05-14 10:34:45,116.3802033,39.9864666
Car-1,2008-05-14 10:34:47,116.3802716,39.9864699
Car-1,2008-05-14 10:34:49,116.3803516,39.986475
Car-1,2008-05-14 10:34:51,116.3804716,39.9864783
Car-1,2008-05-14 10:34:53,116.3806283,39.9864799
Car-1,2008-05-14 10:34:55,116.3808183,39.98649
Car-1,2008-05-14 10:34:57,116.3810499,39.9864966
Car-1,2008-05-14 10:35:00,116.3813966,39.9865016
Car-1,2008-05-14 10:35:02,116.3816133,39.9865033
Car-1,2008-05-14 10:35:05,116.3818466,39.9865033
Car-1,2008-05-14 10:35:08,116.3820083,39.986505
Car-1,2008-05-14 10:35:10,116.3821033,39.986505
Car-1,2008-05-14 10:35:12,116.3821366,39.9865033
Car-1,2008-05-14 10:35:14,116.38218,39.9865066
Car-1,2008-05-14 10:35:17,116.3821649,39.9865116
Car-1,2008-05-14 10:35:20,116.3821649,39.9865116
Car-1,2008-05-14 10:35:22,116.3821716,39.986515
Car-1,2008-05-14 10:35:25,116.3822549,39.9865166
Car-1,2008-05-14 10:35:27,116.3823316,39.9865199
Car-1,2008-05-14 10:35:29,116.3824099,39.9865216
Car-1,2008-05-14 10:35:31,116.3824983,39.9865249
Car-1,2008-05-14 10:35:33,116.3825733,39.9865266
Car-1,2008-05-14 10:35:35,116.3826216,39.9865283
Car-1,2008-05-14 10:35:37,116.3826516,39.98653
Car-1,2008-05-14 10:35:39,116.3826716,39.98653
Car-1,2008-05-14 10:35:41,116.3826883,39.9865316
Car-1,2008-05-14 10:35:43,116.3827,39.9865333
Car-1,2008-05-14 10:35:45,116.3827266,39.9865349
Car-1,2008-05-14 10:35:47,116.3827783,39.9865383
Car-1,2008-05-14 10:35:49,116.3828549,39.9865399
Car-1,2008-05-14 10:35:51,116.3829399,39.9865433
Car-1,2008-05-14 10:35:53,116.3830366,39.9865483
Car-1,2008-05-14 10:35:55,116.3831666,39.9865533
Car-1,2008-05-14 10:35:57,116.3832983,39.98656
Car-1,2008-05-14 10:35:59,116.3834133,39.9865649
Car-1,2008-05-14 10:36:01,116.3835183,39.9865683
Car-1,2008-05-14 10:36:03,116.38363,39.9865733
Car-1,2008-05-14 10:36:05,116.3837766,39.9865766
Car-1,2008-05-14 10:36:07,116.3839383,39.9865799
Car-1,2008-05-14 10:36:09,116.3840933,39.9865833
Car-1,2008-05-14 10:36:11,116.3842449,39.9865899
Car-1,2008-05-14 10:36:13,116.3843916,39.9865949
Car-1,2008-05-14 10:36:15,116.3845366,39.9865966
Car-1,2008-05-14 10:36:17,116.3846799,39.9865983
Car-1,2008-05-14 10:36:19,116.3848266,39.9866049
Car-1,2008-05-14 10:36:21,116.3849616,39.9866099
Car-1,2008-05-14 10:36:23,116.3850583,39.986615
Car-1,2008-05-14 10:36:25,116.3851083,39.9866183
Car-1,2008-05-14 10:36:27,116.3851533,39.9866216
Car-1,2008-05-14 10:36:29,116.3852,39.9866233
Car-1,2008-05-14 10:36:31,116.38525,39.98663
Car-1,2008-05-14 10:36:33,116.3853033,39.9866333
Car-1,2008-05-14 10:36:35,116.3853716,39.9866349
Car-1,2008-05-14 10:36:37,116.3854533,39.9866366
Car-1,2008-05-14 10:36:39,116.38553,39.98664
Car-1,2008-05-14 10:36:41,116.3856099,39.9866433
Car-1,2008-05-14 10:36:43,116.3856766,39.9866466
Car-1,2008-05-14 10:36:51,116.3857033,39.9866516
Car-1,2008-05-14 10:36:53,116.3857649,39.986655
Car-1,2008-05-14 10:36:55,116.3858483,39.9866583
Car-1,2008-05-14 10:36:57,116.385965,39.9866616
Car-1,2008-05-14 10:36:59,116.3861066,39.9866649
Car-1,2008-05-14 10:37:01,116.3862549,39.98667
Car-1,2008-05-14 10:37:03,116.3864083,39.9866766
Car-1,2008-05-14 10:37:05,116.386575,39.9866783
Car-1,2008-05-14 10:37:07,116.3867433,39.9866833
Car-1,2008-05-14 10:37:09,116.3869233,39.9867016
Car-1,2008-05-14 10:37:11,116.3870933,39.9867216
Car-1,2008-05-14 10:37:24,116.3877883,39.9867166
Car-1,2008-05-14 10:37:26,116.3879983,39.9867033
Car-1,2008-05-14 10:37:28,116.3881983,39.9866899
Car-1,2008-05-14 10:37:30,116.3883216,39.9866899
Car-1,2008-05-14 10:37:32,116.3884366,39.9866933
Car-1,2008-05-14 10:37:34,116.3885416,39.9867016
Car-1,2008-05-14 10:37:36,116.3886666,39.9867133
Car-1,2008-05-14 10:37:38,116.3887833,39.9867233
Car-1,2008-05-14 10:37:40,116.3888833,39.9867283
Car-1,2008-05-14 10:37:42,116.3889933,39.9867366
Car-1,2008-05-14 10:37:44,116.3891199,39.9867383
Car-1,2008-05-14 10:37:46,116.3892449,39.98674
Car-1,2008-05-14 10:37:48,116.3893466,39.98674
Car-1,2008-05-14 10:37:50,116.3894299,39.9867416
Car-1,2008-05-14 10:37:52,116.3894966,39.9867416
Car-1,2008-05-14 10:37:54,116.3895549,39.9867416
Car-1,2008-05-14 10:37:56,116.3896233,39.9867416
Car-1,2008-05-14 10:37:58,116.3896599,39.98674
Car-1,2008-05-14 10:38:12,116.3896599,39.98674
Car-1,2008-05-14 10:38:14,116.3896633,39.98674
Car-1,2008-05-14 10:38:16,116.38972,39.9867416
Car-1,2008-05-14 10:38:18,116.3897816,39.9867433
Car-1,2008-05-14 10:38:20,116.3898583,39.9867449
Car-1,2008-05-14 10:38:22,116.3899199,39.9867483
Car-1,2008-05-14 10:38:24,116.3899533,39.9867483
Car-1,2008-05-14 10:38:26,116.3900066,39.9867516
Car-1,2008-05-14 10:38:28,116.39009,39.986755
Car-1,2008-05-14 10:38:30,116.3902016,39.9867599
Car-1,2008-05-14 10:38:32,116.3903483,39.9867666
Car-1,2008-05-14 10:38:34,116.3905149,39.9867733
Car-1,2008-05-14 10:38:36,116.3906966,39.9867783
Car-1,2008-05-14 10:38:38,116.3908733,39.986785
Car-1,2008-05-14 10:38:40,116.3910333,39.9867899
Car-1,2008-05-14 10:38:42,116.39115,39.9867933
Car-1,2008-05-14 10:38:44,116.3912483,39.986795
Car-1,2008-05-14 10:38:46,116.3913383,39.9867966
Car-1,2008-05-14 10:38:48,116.39143,39.9868033
Car-1,2008-05-14 10:38:50,116.39152,39.9868049
Car-1,2008-05-14 10:38:52,116.3916066,39.9868033
Car-1,2008-05-14 10:38:54,116.3916933,39.9868016
Car-1,2008-05-14 10:38:56,116.3918033,39.9867983
Car-1,2008-05-14 10:38:58,116.3919383,39.9867966
Car-1,2008-05-14 10:39:00,116.3920733,39.9867983
Car-1,2008-05-14 10:39:02,116.3922066,39.9867999
Car-1,2008-05-14 10:39:04,116.3923449,39.9868049
Car-1,2008-05-14 10:39:06,116.3925166,39.9868149
Car-1,2008-05-14 10:39:08,116.3927216,39.9868216
Car-1,2008-05-14 10:39:10,116.3929283,39.9868266
Car-1,2008-05-14 10:39:12,116.3931383,39.9868333
Car-1,2008-05-14 10:39:14,116.3933533,39.98684
Car-1,2008-05-14 10:39:16,116.39356,39.9868449
Car-1,2008-05-14 10:39:18,116.3937566,39.9868533
Car-1,2008-05-14 10:39:20,116.393945,39.986855
Car-1,2008-05-14 10:39:22,116.3941266,39.986865
Car-1,2008-05-14 10:39:24,116.3942983,39.9868849
Car-1,2008-05-14 10:39:26,116.3944583,39.9868866
Car-1,2008-05-14 10:39:28,116.3946166,39.9868983
Car-1,2008-05-14 10:39:30,116.3947949,39.9869066
Car-1,2008-05-14 10:39:32,116.394975,39.9869166
Car-1,2008-05-14 10:39:34,116.3951099,39.9869149
Car-1,2008-05-14 10:39:36,116.3952249,39.9869183
Car-1,2008-05-14 10:39:38,116.3953316,39.9869133
Car-1,2008-05-14 10:39:40,116.3954533,39.9869233
Car-1,2008-05-14 10:39:42,116.3956149,39.9869283
Car-1,2008-05-14 10:39:44,116.3958116,39.9869266
Car-1,2008-05-14 10:39:46,116.3960333,39.9869299
Car-1,2008-05-14 10:39:48,116.3962599,39.9869366
Car-1,2008-05-14 10:39:50,116.3964933,39.9869433
Car-1,2008-05-14 10:39:52,116.3967266,39.9869433
Car-1,2008-05-14 10:39:54,116.3969566,39.986935
Car-1,2008-05-14 10:39:56,116.3971733,39.9869399
Car-1,2008-05-14 10:39:58,116.3973749,39.9869383
Car-1,2008-05-14 10:40:00,116.39758,39.9869399
Car-1,2008-05-14 10:40:02,116.3978016,39.9869449
Car-1,2008-05-14 10:40:04,116.3980433,39.9869566
Car-1,2008-05-14 10:40:06,116.3982733,39.986965
Car-1,2008-05-14 10:40:08,116.3984833,39.9869833
Car-1,2008-05-14 10:40:10,116.3986833,39.9869966
Car-1,2008-05-14 10:40:12,116.3988833,39.987005
Car-1,2008-05-14 10:40:14,116.399075,39.9870133
Car-1,2008-05-14 10:40:16,116.3992366,39.9870233
Car-1,2008-05-14 10:40:18,116.3993183,39.9870233
Car-1,2008-05-14 10:40:20,116.3993449,39.9870233
Car-1,2008-05-14 10:40:22,116.3993566,39.98702
Car-1,2008-05-14 10:40:27,116.3993566,39.98702
Car-1,2008-05-14 10:40:29,116.3993583,39.9870166
Car-1,2008-05-14 10:40:31,116.3993866,39.9870183
Car-1,2008-05-14 10:40:33,116.3994533,39.98702
Car-1,2008-05-14 10:40:35,116.3995266,39.9870233
Car-1,2008-05-14 10:40:37,116.39962,39.9870266
Car-1,2008-05-14 10:40:39,116.3997666,39.9870316
Car-1,2008-05-14 10:40:41,116.3999416,39.9870366
Car-1,2008-05-14 10:40:43,116.4001583,39.987045
Car-1,2008-05-14 10:40:45,116.4004099,39.9870533
Car-1,2008-05-14 10:40:47,116.4006833,39.987065
Car-1,2008-05-14 10:40:49,116.4009766,39.9870733
Car-1,2008-05-14 10:40:51,116.4012783,39.9870766
Car-1,2008-05-14 10:40:53,116.40156,39.987065
Car-1,2008-05-14 10:40:55,116.4018383,39.9870783
Car-1,2008-05-14 10:40:57,116.4021016,39.9870866
Car-1,2008-05-14 10:40:59,116.4023533,39.9870933
Car-1,2008-05-14 10:41:01,116.4025766,39.9870999
Car-1,2008-05-14 10:41:03,116.4027833,39.9871099
Car-1,2008-05-14 10:41:05,116.4029916,39.9871166
Car-1,2008-05-14 10:41:07,116.4031933,39.98713
Car-1,2008-05-14 10:41:09,116.4033716,39.9871383
Car-1,2008-05-14 10:41:11,116.4034966,39.9871533
Car-1,2008-05-14 10:41:13,116.4035683,39.9871566
Car-1,2008-05-14 10:41:15,116.403635,39.9871499
Car-1,2008-05-14 10:41:17,116.4037033,39.9871416
Car-1,2008-05-14 10:41:19,116.4037649,39.9871399
Car-1,2008-05-14 10:41:21,116.4038233,39.9871383
Car-1,2008-05-14 10:41:23,116.4038816,39.9871383
Car-1,2008-05-14 10:41:25,116.40395,39.9871399
Car-1,2008-05-14 10:41:27,116.4040516,39.9871399
Car-1,2008-05-14 10:41:29,116.4041733,39.9871416
Car-1,2008-05-14 10:41:31,116.40428,39.9871399
Car-1,2008-05-14 10:41:33,116.404335,39.987135
Car-1,2008-05-14 10:41:35,116.4043599,39.9871283
Car-1,2008-05-14 10:41:54,116.4043866,39.987115
Car-1,2008-05-14 10:41:56,116.4044283,39.9871133
Car-1,2008-05-14 10:41:58,116.4044733,39.9871233
Car-1,2008-05-14 10:42:00,116.4045066,39.9871266
Car-1,2008-05-14 10:42:05,116.4045066,39.9871266
Car-1,2008-05-14 10:42:07,116.4045133,39.9871266
Car-1,2008-05-14 10:42:09,116.4045633,39.9871283
Car-1,2008-05-14 10:42:11,116.4046516,39.98713
Car-1,2008-05-14 10:42:13,116.4047866,39.9871316
Car-1,2008-05-14 10:42:15,116.4049466,39.9871366
Car-1,2008-05-14 10:42:17,116.4050983,39.98716
Car-1,2008-05-14 10:42:19,116.4052499,39.9871733
Car-1,2008-05-14 10:42:21,116.4053683,39.9871833
Car-1,2008-05-14 10:42:23,116.4054383,39.9871833
Car-1,2008-05-14 10:42:25,116.4054733,39.9871933
Car-1,2008-05-14 10:42:27,116.4054933,39.9872066
Car-1,2008-05-14 10:42:29,116.4055099,39.9872033
Car-1,2008-05-14 10:42:31,116.40552,39.9872066
Car-1,2008-05-14 10:42:33,116.40554,39.9872166
Car-1,2008-05-14 10:42:35,116.4055966,39.987215
Car-1,2008-05-14 10:42:37,116.4056416,39.9872216
Car-1,2008-05-14 10:42:39,116.4056616,39.9872216
Car-1,2008-05-14 10:42:45,116.4056716,39.9872183
Car-1,2008-05-14 10:42:47,116.4057133,39.9872183
Car-1,2008-05-14 10:42:49,116.4057833,39.9872199
Car-1,2008-05-14 10:42:51,116.4058566,39.9872233
Car-1,2008-05-14 10:42:53,116.4059449,39.9872249
Car-1,2008-05-14 10:42:55,116.4060666,39.9872366
Car-1,2008-05-14 10:42:57,116.4061933,39.9872416
Car-1,2008-05-14 10:42:59,116.4063133,39.987245
Car-1,2008-05-14 10:43:01,116.4063966,39.987245
Car-1,2008-05-14 10:43:03,116.4064549,39.987245
Car-1,2008-05-14 10:43:05,116.4065033,39.9872416
Car-1,2008-05-14 10:43:07,116.4065399,39.9872383
Car-1,2008-05-14 10:43:17,116.4065566,39.9872333
Car-1,2008-05-14 10:43:19,116.4065933,39.9872349
Car-1,2008-05-14 10:43:21,116.4066466,39.9872366
Car-1,2008-05-14 10:43:23,116.4066966,39.9872399
Car-1,2008-05-14 10:43:25,116.4067283,39.9872416
Car-1,2008-05-14 10:43:27,116.4067283,39.9872416
Car-1,2008-05-14 10:43:29,116.4067349,39.9872416
Car-1,2008-05-14 10:43:31,116.4067783,39.9872433
Car-1,2008-05-14 10:43:33,116.4068483,39.9872466
Car-1,2008-05-14 10:43:35,116.4069266,39.9872483
Car-1,2008-05-14 10:43:37,116.4070499,39.987245
Car-1,2008-05-14 10:43:39,116.4071899,39.9872499
Car-1,2008-05-14 10:43:41,116.4073233,39.9872566
Car-1,2008-05-14 10:43:43,116.4074483,39.9872616
Car-1,2008-05-14 10:43:45,116.4075349,39.9872666
Car-1,2008-05-14 10:43:47,116.4075716,39.98727
Car-1,2008-05-14 10:43:49,116.4075899,39.9872716
Car-1,2008-05-14 10:44:09,116.4076,39.9872733
Car-1,2008-05-14 10:44:11,116.4076549,39.9872766
Car-1,2008-05-14 10:44:13,116.4077383,39.9872799
Car-1,2008-05-14 10:44:15,116.4078583,39.9872866
Car-1,2008-05-14 10:44:17,116.407985,39.9872916
Car-1,2008-05-14 10:44:19,116.4081083,39.9873016
Car-1,2008-05-14 10:44:21,116.4082549,39.9873066
Car-1,2008-05-14 10:44:23,116.4084049,39.9873133
Car-1,2008-05-14 10:44:25,116.4085433,39.9873199
Car-1,2008-05-14 10:44:27,116.4086699,39.9873266
Car-1,2008-05-14 10:44:29,116.4087866,39.98733
Car-1,2008-05-14 10:44:31,116.4088999,39.9873283
Car-1,2008-05-14 10:44:33,116.4090083,39.9873249
Car-1,2008-05-14 10:44:35,116.4091083,39.9873233
Car-1,2008-05-14 10:44:37,116.4092133,39.9873233
Car-1,2008-05-14 10:44:39,116.4093583,39.9873249
Car-1,2008-05-14 10:44:41,116.4095249,39.9873283
Car-1,2008-05-14 10:44:43,116.4097049,39.9873349
Car-1,2008-05-14 10:44:45,116.4099083,39.9873433
Car-1,2008-05-14 10:44:47,116.4101116,39.9873533
Car-1,2008-05-14 10:44:49,116.4103033,39.9873599
Car-1,2008-05-14 10:44:51,116.410475,39.9873716
Car-1,2008-05-14 10:44:53,116.410635,39.9873833
Car-1,2008-05-14 10:44:55,116.4107516,39.9874199
Car-1,2008-05-14 10:44:57,116.4108566,39.9874416
Car-1,2008-05-14 10:44:59,116.4109616,39.9874383
Car-1,2008-05-14 10:45:01,116.4110883,39.9874449
Car-1,2008-05-14 10:45:03,116.4112016,39.9874533
Car-1,2008-05-14 10:45:05,116.4113166,39.9874666
Car-1,2008-05-14 10:45:07,116.41147,39.9874766
Car-1,2008-05-14 10:45:09,116.4116533,39.9874833
Car-1,2008-05-14 10:45:11,116.4118683,39.9874883
Car-1,2008-05-14 10:45:13,116.4120733,39.987495
Car-1,2008-05-14 10:45:15,116.4122766,39.9874883
Car-1,2008-05-14 10:45:17,116.41247,39.9874933
Car-1,2008-05-14 10:45:19,116.4126533,39.9875
Car-1,2008-05-14 10:45:21,116.4128616,39.9875083
Car-1,2008-05-14 10:45:23,116.4131,39.9875149
Car-1,2008-05-14 10:45:25,116.4133433,39.9875183
Car-1,2008-05-14 10:45:27,116.4135616,39.9875383
Car-1,2008-05-14 10:45:29,116.413775,39.9875533
Car-1,2008-05-14 10:45:31,116.4139783,39.9875599
Car-1,2008-05-14 10:45:33,116.4141749,39.987565
Car-1,2008-05-14 10:45:35,116.4143499,39.9875816
Car-1,2008-05-14 10:45:37,116.4145116,39.9875983
Car-1,2008-05-14 10:45:39,116.41467,39.98761
Car-1,2008-05-14 10:45:41,116.4148549,39.9876133
Car-1,2008-05-14 10:45:43,116.4150616,39.9876183
Car-1,2008-05-14 10:45:45,116.4152783,39.987595
Car-1,2008-05-14 10:45:47,116.4154033,39.9875716
Car-1,2008-05-14 10:45:49,116.4155099,39.98751
Car-1,2008-05-14 10:46:03,116.4155466,39.9874716
Car-1,2008-05-14 10:46:05,116.4156183,39.9874816
Car-1,2008-05-14 10:46:07,116.4157116,39.9874866
Car-1,2008-05-14 10:46:09,116.41584,39.9874866
Car-1,2008-05-14 10:46:11,116.4159833,39.9874983
Car-1,2008-05-14 10:46:13,116.4161166,39.9875016
Car-1,2008-05-14 10:46:15,116.4162466,39.987495
Car-1,2008-05-14 10:46:17,116.4163933,39.9874883
Car-1,2008-05-14 10:46:19,116.416555,39.9874916
Car-1,2008-05-14 10:46:21,116.41673,39.9874983
Car-1,2008-05-14 10:46:23,116.416905,39.9875049
Car-1,2008-05-14 10:46:25,116.4170649,39.9875116
Car-1,2008-05-14 10:46:27,116.4172083,39.9875183
Car-1,2008-05-14 10:46:29,116.4173366,39.9875266
Car-1,2008-05-14 10:46:31,116.4174566,39.9875383
Car-1,2008-05-14 10:46:33,116.4175883,39.9875483
Car-1,2008-05-14 10:46:35,116.4177366,39.987555
Car-1,2008-05-14 10:46:37,116.4178749,39.9875566
Car-1,2008-05-14 10:46:39,116.418005,39.9875633
Car-1,2008-05-14 10:46:41,116.4181483,39.9875716
Car-1,2008-05-14 10:46:43,116.4183166,39.98758
Car-1,2008-05-14 10:46:45,116.4184933,39.9875899
Car-1,2008-05-14 10:46:47,116.418665,39.9875966
Car-1,2008-05-14 10:46:49,116.4188349,39.9876033
Car-1,2008-05-14 10:46:51,116.4190016,39.9876083
Car-1,2008-05-14 10:46:53,116.4191683,39.9876116
Car-1,2008-05-14 10:46:55,116.4193349,39.9876116
Car-1,2008-05-14 10:46:57,116.4195016,39.9876133
Car-1,2008-05-14 10:46:59,116.4196683,39.9876149
Car-1,2008-05-14 10:47:01,116.4198383,39.9876166
Car-1,2008-05-14 10:47:03,116.4200116,39.9876166
Car-1,2008-05-14 10:47:05,116.4201883,39.9876166
Car-1,2008-05-14 10:47:07,116.4203683,39.9876183
Car-1,2008-05-14 10:47:09,116.42055,39.987625
Car-1,2008-05-14 10:47:11,116.4207399,39.9876333
Car-1,2008-05-14 10:47:13,116.4209399,39.98764
Car-1,2008-05-14 10:47:15,116.421145,39.9876449
Car-1,2008-05-14 10:47:17,116.4213499,39.9876516
Car-1,2008-05-14 10:47:19,116.4215416,39.9876583
Car-1,2008-05-14 10:47:21,116.421685,39.987665
Car-1,2008-05-14 10:47:23,116.4217499,39.9876683
Car-1,2008-05-14 10:47:25,116.4217916,39.9876716
Car-1,2008-05-14 10:47:27,116.4218283,39.9876749
Car-1,2008-05-14 10:47:29,116.4218683,39.98768
Car-1,2008-05-14 10:47:31,116.4219133,39.9876783
Car-1,2008-05-14 10:47:33,116.4219733,39.9876833
Car-1,2008-05-14 10:47:35,116.4220733,39.98769
Car-1,2008-05-14 10:47:37,116.4221916,39.9876966
Car-1,2008-05-14 10:47:39,116.4223099,39.9876999
Car-1,2008-05-14 10:47:41,116.4224216,39.9877066
Car-1,2008-05-14 10:47:43,116.4225216,39.9877216
Car-1,2008-05-14 10:47:45,116.4226533,39.9876966
Car-1,2008-05-14 10:47:47,116.422755,39.98768
Car-1,2008-05-14 10:47:49,116.4228416,39.9876683
Car-1,2008-05-14 10:47:51,116.4229116,39.9876599
Car-1,2008-05-14 10:47:53,116.4229649,39.9876616
Car-1,2008-05-14 10:47:55,116.4230216,39.9876616
Car-1,2008-05-14 10:47:57,116.4230983,39.9876616
Car-1,2008-05-14 10:47:59,116.4231583,39.987665
Car-1,2008-05-14 10:48:07,116.4231816,39.9876616
Car-1,2008-05-14 10:48:09,116.4232333,39.9876616
Car-1,2008-05-14 10:48:11,116.4233166,39.9876616
Car-1,2008-05-14 10:48:13,116.4234566,39.9876549
Car-1,2008-05-14 10:48:15,116.4236299,39.9876533
Car-1,2008-05-14 10:48:17,116.4238233,39.9876583
Car-1,2008-05-14 10:48:19,116.4240033,39.9876583
Car-1,2008-05-14 10:48:21,116.4241549,39.9876566
Car-1,2008-05-14 10:48:23,116.4242999,39.9876533
Car-1,2008-05-14 10:48:25,116.4244566,39.9876583
Car-1,2008-05-14 10:48:27,116.42462,39.9876466
Car-1,2008-05-14 10:48:29,116.4247916,39.9876516
Car-1,2008-05-14 10:48:31,116.4249983,39.9876549
Car-1,2008-05-14 10:48:33,116.4252283,39.9876549
Car-1,2008-05-14 10:48:35,116.4254483,39.9876599
Car-1,2008-05-14 10:48:37,116.4256583,39.9876633
Car-1,2008-05-14 10:48:39,116.4258616,39.9876699
Car-1,2008-05-14 10:48:41,116.4260533,39.9876733
Car-1,2008-05-14 10:48:43,116.4262383,39.9876716
Car-1,2008-05-14 10:48:45,116.4264099,39.9876816
Car-1,2008-05-14 10:48:47,116.4265349,39.98769
Car-1,2008-05-14 10:48:49,116.4266149,39.9876933
Car-1,2008-05-14 10:48:51,116.4266783,39.9876966
Car-1,2008-05-14 10:48:53,116.4267616,39.9876999
Car-1,2008-05-14 10:48:55,116.426875,39.9877016
Car-1,2008-05-14 10:48:57,116.4269933,39.9877016
Car-1,2008-05-14 10:48:59,116.4271249,39.9877016
Car-1,2008-05-14 10:49:01,116.4272616,39.9877066
Car-1,2008-05-14 10:49:03,116.427395,39.9877133
Car-1,2008-05-14 10:49:05,116.4275166,39.9877183
Car-1,2008-05-14 10:49:07,116.4276183,39.9877249
Car-1,2008-05-14 10:49:09,116.4277083,39.9877266
Car-1,2008-05-14 10:49:11,116.4277899,39.9877283
Car-1,2008-05-14 10:49:13,116.42787,39.9877266
Car-1,2008-05-14 10:49:15,116.4279516,39.9877383
Car-1,2008-05-14 10:49:17,116.4280649,39.9877483
Car-1,2008-05-14 10:49:19,116.4281833,39.9877549
Car-1,2008-05-14 10:49:21,116.4282883,39.9877616
Car-1,2008-05-14 10:49:23,116.4283883,39.9877683
Car-1,2008-05-14 10:49:25,116.4284933,39.987775
Car-1,2008-05-14 10:49:27,116.4286,39.9877816
Car-1,2008-05-14 10:49:29,116.4287016,39.9877866
Car-1,2008-05-14 10:49:31,116.4287983,39.9877916
Car-1,2008-05-14 10:49:33,116.4288899,39.9877933
Car-1,2008-05-14 10:49:35,116.4289766,39.9877933
Car-1,2008-05-14 10:49:37,116.4290633,39.9877866
Car-1,2008-05-14 10:49:39,116.4291466,39.9877849
Car-1,2008-05-14 10:49:41,116.429265,39.9877766
Car-1,2008-05-14 10:49:43,116.4294033,39.9877733
Car-1,2008-05-14 10:49:45,116.4295416,39.9877633
Car-1,2008-05-14 10:49:47,116.4296683,39.9877633
Car-1,2008-05-14 10:49:49,116.4297983,39.9877583
Car-1,2008-05-14 10:49:51,116.4299549,39.9877516
Car-1,2008-05-14 10:49:53,116.4301383,39.9877466
Car-1,2008-05-14 10:49:55,116.4303349,39.9877249
Car-1,2008-05-14 10:49:57,116.4305483,39.9877066
Car-1,2008-05-14 10:49:59,116.4307733,39.9876916
Car-1,2008-05-14 10:50:01,116.4309983,39.9876783
Car-1,2008-05-14 10:50:03,116.4312083,39.9876616
Car-1,2008-05-14 10:50:05,116.4314149,39.9876383
Car-1,2008-05-14 10:50:07,116.4316533,39.987595
Car-1,2008-05-14 10:50:09,116.4319116,39.9875199
Car-1,2008-05-14 10:50:11,116.4321716,39.9874316
Car-1,2008-05-14 10:50:13,116.4324366,39.9873416
Car-1,2008-05-14 10:50:15,116.4326933,39.9872233
Car-1,2008-05-14 10:50:17,116.43293,39.987135
Car-1,2008-05-14 10:50:19,116.4331566,39.9870433
Car-1,2008-05-14 10:50:21,116.43338,39.9869383
Car-1,2008-05-14 10:50:23,116.4336083,39.9868083
Car-1,2008-05-14 10:50:25,116.433835,39.9866783
Car-1,2008-05-14 10:50:27,116.4340466,39.9865366
Car-1,2008-05-14 10:50:29,116.4342633,39.9863783
Car-1,2008-05-14 10:50:31,116.4344716,39.9862233
Car-1,2008-05-14 10:50:33,116.4346733,39.9860766
Car-1,2008-05-14 10:50:35,116.4348816,39.9859433
Car-1,2008-05-14 10:50:37,116.4350983,39.9858183
Car-1,2008-05-14 10:50:39,116.43532,39.9857116
Car-1,2008-05-14 10:50:41,116.4355616,39.9856216
Car-1,2008-05-14 10:50:43,116.4358216,39.9855616
Car-1,2008-05-14 10:50:45,116.4360983,39.9855283
Car-1,2008-05-14 10:50:47,116.4363983,39.9855333
Car-1,2008-05-14 10:50:49,116.4366916,39.9855683
Car-1,2008-05-14 10:50:51,116.4369683,39.9856316
Car-1,2008-05-14 10:50:53,116.4372333,39.9857233
Car-1,2008-05-14 10:50:55,116.43749,39.9858416
Car-1,2008-05-14 10:50:57,116.4376816,39.9860149
Car-1,2008-05-14 10:50:59,116.4378749,39.986195
Car-1,2008-05-14 10:51:01,116.438025,39.9864116
Car-1,2008-05-14 10:51:03,116.4381333,39.9866749
Car-1,2008-05-14 10:51:05,116.4381783,39.9869416
Car-1,2008-05-14 10:51:07,116.4381983,39.9871883
Car-1,2008-05-14 10:51:09,116.4382166,39.9874166
Car-1,2008-05-14 10:51:11,116.4382299,39.9876283
Car-1,2008-05-14 10:51:13,116.4382566,39.9878149
Car-1,2008-05-14 10:51:15,116.4382966,39.9879983
Car-1,2008-05-14 10:51:17,116.4383283,39.988155
Car-1,2008-05-14 10:51:19,116.4383549,39.9882816
Car-1,2008-05-14 10:51:21,116.438375,39.9883766
Car-1,2008-05-14 10:51:23,116.4383833,39.9884333
Car-1,2008-05-14 10:51:25,116.4383916,39.9884816
Car-1,2008-05-14 10:51:27,116.4383999,39.9885366
Car-1,2008-05-14 10:51:29,116.4384216,39.9886249
Car-1,2008-05-14 10:51:31,116.43845,39.9887283
Car-1,2008-05-14 10:51:33,116.4384833,39.9888316
Car-1,2008-05-14 10:51:35,116.4385566,39.9888983
Car-1,2008-05-14 10:51:37,116.4386083,39.9889983
Car-1,2008-05-14 10:51:39,116.4386683,39.9891283
Car-1,2008-05-14 10:51:41,116.43874,39.9892816
Car-1,2008-05-14 10:51:43,116.4388233,39.9894516
Car-1,2008-05-14 10:51:45,116.4389133,39.98963
Car-1,2008-05-14 10:51:47,116.439005,39.98981
Car-1,2008-05-14 10:51:49,116.439095,39.9899866
Car-1,2008-05-14 10:51:51,116.4391916,39.9901649
Car-1,2008-05-14 10:51:53,116.4392949,39.9903433
Car-1,2008-05-14 10:51:55,116.4393933,39.9905083
Car-1,2008-05-14 10:51:57,116.4394833,39.9906549
Car-1,2008-05-14 10:51:59,116.4395666,39.9907816
Car-1,2008-05-14 10:52:01,116.4396466,39.990905
Car-1,2008-05-14 10:52:03,116.4397183,39.9910133
Car-1,2008-05-14 10:52:05,116.4397866,39.9911133
Car-1,2008-05-14 10:52:07,116.4398483,39.9912116
Car-1,2008-05-14 10:52:09,116.4399049,39.9913033
Car-1,2008-05-14 10:52:11,116.4399566,39.9913916
Car-1,2008-05-14 10:52:13,116.4400083,39.9914699
Car-1,2008-05-14 10:52:15,116.4400483,39.99153
Car-1,2008-05-14 10:52:17,116.4400833,39.9915866
Car-1,2008-05-14 10:52:19,116.4401149,39.9916349
Car-1,2008-05-14 10:52:21,116.4401449,39.9916799
Car-1,2008-05-14 10:52:23,116.440175,39.9917216
Car-1,2008-05-14 10:52:25,116.4402083,39.9917733
Car-1,2008-05-14 10:52:27,116.44026,39.9918499
Car-1,2008-05-14 10:52:29,116.4403283,39.9919566
Car-1,2008-05-14 10:52:31,116.4404033,39.992065
Car-1,2008-05-14 10:52:33,116.4405016,39.9922149
Car-1,2008-05-14 10:52:35,116.4406049,39.9923666
Car-1,2008-05-14 10:52:37,116.4406983,39.9925066
Car-1,2008-05-14 10:52:39,116.4407833,39.99264
Car-1,2008-05-14 10:52:41,116.4408516,39.9927533
Car-1,2008-05-14 10:52:43,116.4409066,39.99285
Car-1,2008-05-14 10:52:45,116.4409483,39.9929166
Car-1,2008-05-14 10:52:47,116.4409883,39.9929833
Car-1,2008-05-14 10:52:49,116.4410249,39.9930483
Car-1,2008-05-14 10:52:51,116.4410549,39.9930883
Car-1,2008-05-14 10:52:53,116.4410733,39.993115
Car-1,2008-05-14 10:52:55,116.4410749,39.9931016
Car-1,2008-05-14 10:53:07,116.441085,39.99309
Car-1,2008-05-14 10:53:09,116.4410949,39.9931016
Car-1,2008-05-14 10:53:11,116.4410949,39.9931016
Car-1,2008-05-14 10:53:13,116.4410983,39.9931066
Car-1,2008-05-14 10:53:15,116.4411266,39.9931483
Car-1,2008-05-14 10:53:17,116.4411649,39.9932199
Car-1,2008-05-14 10:53:19,116.4412216,39.9933183
Car-1,2008-05-14 10:53:21,116.441295,39.9934266
Car-1,2008-05-14 10:53:23,116.4413716,39.9935483
Car-1,2008-05-14 10:53:25,116.441465,39.9936699
Car-1,2008-05-14 10:53:27,116.441575,39.9937766
Car-1,2008-05-14 10:53:29,116.4416533,39.9938933
Car-1,2008-05-14 10:53:31,116.4417316,39.9939933
Car-1,2008-05-14 10:53:33,116.4418,39.9940749
Car-1,2008-05-14 10:53:35,116.4418549,39.9941583
Car-1,2008-05-14 10:53:37,116.4419033,39.9942383
Car-1,2008-05-14 10:53:39,116.4419516,39.9943066
Car-1,2008-05-14 10:53:41,116.4419966,39.9943683
Car-1,2008-05-14 10:53:43,116.4420233,39.994435
Car-1,2008-05-14 10:53:45,116.442045,39.9944966
Car-1,2008-05-14 10:53:47,116.4420899,39.9945516
Car-1,2008-05-14 10:53:49,116.4421566,39.9946266
Car-1,2008-05-14 10:53:51,116.4422233,39.994715
Car-1,2008-05-14 10:53:53,116.4422716,39.9947899
Car-1,2008-05-14 10:53:55,116.4423116,39.9948516
Car-1,2008-05-14 10:53:57,116.4423533,39.9949133
Car-1,2008-05-14 10:53:59,116.4423733,39.9949683
Car-1,2008-05-14 10:54:01,116.4423149,39.9950533
Car-1,2008-05-14 10:54:03,116.4423333,39.9950616
Car-1,2008-05-14 10:54:05,116.4423133,39.9950966
Car-1,2008-05-14 10:54:21,116.4423516,39.9950766
Car-1,2008-05-14 10:54:23,116.4423816,39.9951083
Car-1,2008-05-14 10:54:25,116.4424216,39.99516
Car-1,2008-05-14 10:54:27,116.4424816,39.9952383
Car-1,2008-05-14 10:54:29,116.4425449,39.9953233
Car-1,2008-05-14 10:54:31,116.4426116,39.9954133
Car-1,2008-05-14 10:54:33,116.4426816,39.9955183
Car-1,2008-05-14 10:54:35,116.4427616,39.995695
Car-1,2008-05-14 10:54:37,116.4428266,39.9958249
Car-1,2008-05-14 10:54:39,116.4428866,39.99595
Car-1,2008-05-14 10:54:41,116.4429283,39.9960249
Car-1,2008-05-14 10:54:43,116.4429633,39.9960583
Car-1,2008-05-14 10:54:45,116.4429966,39.9961049
Car-1,2008-05-14 10:54:47,116.4430266,39.9961416
Car-1,2008-05-14 10:54:49,116.443055,39.9961766
Car-1,2008-05-14 10:54:51,116.4430883,39.9962316
Car-1,2008-05-14 10:54:53,116.44314,39.9963166
Car-1,2008-05-14 10:54:55,116.4431899,39.9963899
Car-1,2008-05-14 10:54:57,116.4432283,39.9964516
Car-1,2008-05-14 10:54:59,116.4432633,39.9965033
Car-1,2008-05-14 10:55:01,116.4432966,39.99656
Car-1,2008-05-14 10:55:03,116.4433366,39.99663
Car-1,2008-05-14 10:55:05,116.4433883,39.99672
Car-1,2008-05-14 10:55:07,116.4434366,39.9968066
Car-1,2008-05-14 10:55:09,116.4434766,39.9968783
Car-1,2008-05-14 10:55:11,116.4435083,39.9969383
Car-1,2008-05-14 10:55:13,116.4435349,39.9969933
Car-1,2008-05-14 10:55:15,116.4435566,39.99704
Car-1,2008-05-14 10:55:17,116.4435749,39.9970749
Car-1,2008-05-14 10:55:19,116.4435849,39.997095
Car-1,2008-05-14 10:55:21,116.4435883,39.9971033
Car-1,2008-05-14 10:55:24,116.4435883,39.9971033
Car-1,2008-05-14 10:55:26,116.4435899,39.9970999
Car-1,2008-05-14 10:55:28,116.4436133,39.9971449
Car-1,2008-05-14 10:55:30,116.4436483,39.9972133
Car-1,2008-05-14 10:55:32,116.4436833,39.9972833
Car-1,2008-05-14 10:55:34,116.4437133,39.9973466
Car-1,2008-05-14 10:55:36,116.4437416,39.9974066
Car-1,2008-05-14 10:55:38,116.4437683,39.99746
Car-1,2008-05-14 10:55:40,116.4437933,39.9975116
Car-1,2008-05-14 10:55:42,116.4438266,39.9975783
Car-1,2008-05-14 10:55:44,116.4438666,39.9976633
Car-1,2008-05-14 10:55:46,116.4438999,39.9977449
Car-1,2008-05-14 10:55:48,116.4439349,39.9978116
Car-1,2008-05-14 10:55:50,116.4439683,39.9978716
Car-1,2008-05-14 10:55:52,116.4440066,39.9979533
Car-1,2008-05-14 10:55:54,116.4440433,39.9980383
Car-1,2008-05-14 10:55:56,116.4440766,39.9981149
Car-1,2008-05-14 10:55:58,116.444105,39.9981833
Car-1,2008-05-14 10:56:00,116.4441299,39.9982466
Car-1,2008-05-14 10:56:02,116.4441533,39.9983049
Car-1,2008-05-14 10:56:04,116.444175,39.9983716
Car-1,2008-05-14 10:56:06,116.4442033,39.9984583
Car-1,2008-05-14 10:56:08,116.4442349,39.9985383
Car-1,2008-05-14 10:56:10,116.4442666,39.9986116
Car-1,2008-05-14 10:56:12,116.4442916,39.9986833
Car-1,2008-05-14 10:56:14,116.4443166,39.9987483
Car-1,2008-05-14 10:56:16,116.4443383,39.9988099
Car-1,2008-05-14 10:56:18,116.4443566,39.9988683
Car-1,2008-05-14 10:56:20,116.4443766,39.9989166
Car-1,2008-05-14 10:56:22,116.4443966,39.9989799
Car-1,2008-05-14 10:56:24,116.44442,39.9990799
Car-1,2008-05-14 10:56:26,116.4444533,39.9991799
Car-1,2008-05-14 10:56:28,116.44449,39.999265
Car-1,2008-05-14 10:56:30,116.44452,39.9993466
Car-1,2008-05-14 10:56:32,116.4445416,39.9994333
Car-1,2008-05-14 10:56:34,116.4445533,39.9995183
Car-1,2008-05-14 10:56:36,116.4445683,39.99959
Car-1,2008-05-14 10:56:38,116.4446033,39.999635
Car-1,2008-05-14 10:56:40,116.4446316,39.9996783
Car-1,2008-05-14 10:56:42,116.4446533,39.9997283
Car-1,2008-05-14 10:56:44,116.4446766,39.9997933
Car-1,2008-05-14 10:56:46,116.4447033,39.9998683
Car-1,2008-05-14 10:56:48,116.4447316,39.9999333
Car-1,2008-05-14 10:56:50,116.4447616,39.9999833
Car-1,2008-05-14 10:56:52,116.4447799,40.0000166
Car-1,2008-05-14 10:56:54,116.4447866,40.0000333
Car-1,2008-05-14 10:56:59,116.4447866,40.0000333
Car-1,2008-05-14 10:57:01,116.4447883,40.0000349
Car-1,2008-05-14 10:57:03,116.4447983,40.0000616
Car-1,2008-05-14 10:57:05,116.444815,40.0001099
Car-1,2008-05-14 10:57:07,116.4448366,40.0001699
Car-1,2008-05-14 10:57:09,116.4448616,40.0002466
Car-1,2008-05-14 10:57:11,116.444885,40.0003216
Car-1,2008-05-14 10:57:13,116.4449016,40.0003749
Car-1,2008-05-14 10:57:15,116.4449116,40.0004083
Car-1,2008-05-14 10:57:17,116.4449216,40.0004399
Car-1,2008-05-14 10:57:19,116.4449383,40.0004899
Car-1,2008-05-14 10:57:21,116.4449616,40.0005599
Car-1,2008-05-14 10:57:23,116.44499,40.0006433
Car-1,2008-05-14 10:57:25,116.4450216,40.0007433
Car-1,2008-05-14 10:57:27,116.4450549,40.0008399
Car-1,2008-05-14 10:57:29,116.4450866,40.0009349
Car-1,2008-05-14 10:57:31,116.4451166,40.0010249
Car-1,2008-05-14 10:57:33,116.4451433,40.0011116
Car-1,2008-05-14 10:57:35,116.4451716,40.0011916
Car-1,2008-05-14 10:57:37,116.4451966,40.0012683
Car-1,2008-05-14 10:57:39,116.44522,40.0013433
Car-1,2008-05-14 10:57:41,116.4452449,40.0014149
Car-1,2008-05-14 10:57:43,116.4452716,40.0014999
Car-1,2008-05-14 10:57:45,116.4452983,40.0015849
Car-1,2008-05-14 10:57:47,116.4453266,40.0016599
Car-1,2008-05-14 10:57:49,116.4453516,40.0017316
Car-1,2008-05-14 10:57:51,116.4453716,40.0017966
Car-1,2008-05-14 10:57:53,116.4453933,40.0018533
Car-1,2008-05-14 10:57:55,116.44541,40.0019049
Car-1,2008-05-14 10:57:57,116.4454249,40.0019533
Car-1,2008-05-14 10:57:59,116.4454416,40.0019966
Car-1,2008-05-14 10:58:01,116.4454533,40.0020366
Car-1,2008-05-14 10:58:03,116.4454616,40.0020716
Car-1,2008-05-14 10:58:05,116.4454716,40.0021149
Car-1,2008-05-14 10:58:07,116.4454883,40.0021766
Car-1,2008-05-14 10:58:09,116.4455049,40.0022483
Car-1,2008-05-14 10:58:11,116.445515,40.0023149
Car-1,2008-05-14 10:58:13,116.4455299,40.0023783
Car-1,2008-05-14 10:58:15,116.4455533,40.0024516
Car-1,2008-05-14 10:58:17,116.4455883,40.0025149
Car-1,2008-05-14 10:58:19,116.4456166,40.0025699
Car-1,2008-05-14 10:58:21,116.4456299,40.0026183
Car-1,2008-05-14 10:58:23,116.4456583,40.0026816
Car-1,2008-05-14 10:58:25,116.4456883,40.0027466
Car-1,2008-05-14 10:58:27,116.4457066,40.0028183
Car-1,2008-05-14 10:58:29,116.4457399,40.0029133
Car-1,2008-05-14 10:58:31,116.4457733,40.0030099
Car-1,2008-05-14 10:58:33,116.4458033,40.0030966
Car-1,2008-05-14 10:58:35,116.44583,40.0031716
Car-1,2008-05-14 10:58:37,116.4458533,40.0032316
Car-1,2008-05-14 10:58:39,116.4458733,40.0032816
Car-1,2008-05-14 10:58:41,116.4458916,40.0033299
Car-1,2008-05-14 10:58:43,116.4459033,40.0033783
Car-1,2008-05-14 10:58:45,116.445915,40.0034349
Car-1,2008-05-14 10:58:47,116.4459333,40.0035049
Car-1,2008-05-14 10:58:49,116.4459483,40.0035766
Car-1,2008-05-14 10:58:51,116.4459666,40.0036416
Car-1,2008-05-14 10:58:53,116.44599,40.0037166
Car-1,2008-05-14 10:58:55,116.4460216,40.0038083
Car-1,2008-05-14 10:58:57,116.446055,40.003915
Car-1,2008-05-14 10:58:59,116.4460933,40.0040266
Car-1,2008-05-14 10:59:01,116.44613,40.0041399
Car-1,2008-05-14 10:59:03,116.446165,40.0042516
Car-1,2008-05-14 10:59:05,116.4462,40.0043566
Car-1,2008-05-14 10:59:07,116.4462366,40.0044666
Car-1,2008-05-14 10:59:09,116.4462816,40.0045966
Car-1,2008-05-14 10:59:11,116.4463333,40.0047466
Car-1,2008-05-14 10:59:13,116.4463799,40.0048983
Car-1,2008-05-14 10:59:15,116.4464299,40.0050366
Car-1,2008-05-14 10:59:17,116.446475,40.0051749
Car-1,2008-05-14 10:59:19,116.4465183,40.0053199
Car-1,2008-05-14 10:59:21,116.4465583,40.0054833
Car-1,2008-05-14 10:59:23,116.4466116,40.0056383
Car-1,2008-05-14 10:59:25,116.4466749,40.0057816
Car-1,2008-05-14 10:59:27,116.4467266,40.0059133
Car-1,2008-05-14 10:59:29,116.4467766,40.0060516
Car-1,2008-05-14 10:59:31,116.4468416,40.0062049
Car-1,2008-05-14 10:59:33,116.4469133,40.0063749
Car-1,2008-05-14 10:59:35,116.4469766,40.0065583
Car-1,2008-05-14 10:59:37,116.4470466,40.0067399
Car-1,2008-05-14 10:59:39,116.4471216,40.0069149
Car-1,2008-05-14 10:59:41,116.447195,40.0070899
Car-1,2008-05-14 10:59:43,116.4472699,40.0072749
Car-1,2008-05-14 10:59:45,116.4473466,40.0074666
Car-1,2008-05-14 10:59:47,116.4474216,40.0076583
Car-1,2008-05-14 10:59:49,116.4474983,40.0078399
Car-1,2008-05-14 10:59:51,116.4475733,40.0080083
Car-1,2008-05-14 10:59:53,116.4476433,40.0081716
Car-1,2008-05-14 10:59:55,116.4477033,40.0083399
Car-1,2008-05-14 10:59:57,116.4477633,40.0085199
Car-1,2008-05-14 10:59:59,116.4478316,40.0087016
Car-1,2008-05-14 11:00:01,116.4478966,40.0088749
Car-1,2008-05-14 11:00:03,116.4479733,40.0090483
Car-1,2008-05-14 11:00:05,116.4480616,40.0092349
Car-1,2008-05-14 11:00:07,116.4481516,40.0094433
Car-1,2008-05-14 11:00:09,116.4482416,40.0096683
Car-1,2008-05-14 11:00:11,116.4483349,40.0099016
Car-1,2008-05-14 11:00:13,116.44843,40.0101416
Car-1,2008-05-14 11:00:15,116.4485183,40.0103816
Car-1,2008-05-14 11:00:17,116.4486066,40.0106183
Car-1,2008-05-14 11:00:19,116.4486999,40.0108533
Car-1,2008-05-14 11:00:21,116.4487833,40.0110766
Car-1,2008-05-14 11:00:23,116.4488533,40.0112749
Car-1,2008-05-14 11:00:25,116.4489133,40.0114616
Car-1,2008-05-14 11:00:27,116.448975,40.0116316
Car-1,2008-05-14 11:00:29,116.449045,40.0117916
Car-1,2008-05-14 11:00:31,116.44913,40.0119616
Car-1,2008-05-14 11:00:33,116.4492449,40.0121266
Car-1,2008-05-14 11:00:35,116.4493699,40.0123066
Car-1,2008-05-14 11:00:37,116.4495099,40.0124833
Car-1,2008-05-14 11:00:39,116.4496716,40.0126499
Car-1,2008-05-14 11:00:41,116.4498549,40.0128166
Car-1,2008-05-14 11:00:43,116.45006,40.0129683
Car-1,2008-05-14 11:00:45,116.4502866,40.0130716
Car-1,2008-05-14 11:00:47,116.4505199,40.0132149
Car-1,2008-05-14 11:00:49,116.4507833,40.0133516
Car-1,2008-05-14 11:00:51,116.45107,40.0134866
Car-1,2008-05-14 11:00:53,116.4513733,40.0135949
Car-1,2008-05-14 11:00:55,116.4516816,40.0136816
Car-1,2008-05-14 11:00:57,116.4519966,40.0137433
Car-1,2008-05-14 11:00:59,116.4523116,40.0137933
Car-1,2008-05-14 11:01:01,116.4526449,40.0138266
Car-1,2008-05-14 11:01:03,116.4529933,40.0138449
Car-1,2008-05-14 11:01:05,116.4533616,40.0138433
Car-1,2008-05-14 11:01:07,116.4537383,40.0138366
Car-1,2008-05-14 11:01:09,116.4541233,40.0138233
Car-1,2008-05-14 11:01:11,116.4545166,40.0138183
Car-1,2008-05-14 11:01:16,116.4555233,40.0137949
Car-1,2008-05-14 11:01:21,116.4564983,40.0137666
Car-1,2008-05-14 11:01:23,116.4568616,40.0137749
Car-1,2008-05-14 11:01:25,116.4572099,40.0137916
Car-1,2008-05-14 11:01:27,116.4575533,40.0137849
Car-1,2008-05-14 11:01:29,116.4578866,40.0137766
Car-1,2008-05-14 11:01:31,116.4581849,40.0137816
Car-1,2008-05-14 11:01:33,116.4584716,40.0137766
Car-1,2008-05-14 11:01:35,116.4587383,40.0137649
Car-1,2008-05-14 11:01:37,116.4590033,40.0137666
Car-1,2008-05-14 11:01:39,116.4592733,40.0137566
Car-1,2008-05-14 11:01:41,116.4595216,40.0137533
Car-1,2008-05-14 11:01:43,116.4597549,40.0137699
Car-1,2008-05-14 11:01:45,116.4599883,40.0137933
Car-1,2008-05-14 11:01:47,116.4602416,40.0137983
Car-1,2008-05-14 11:01:49,116.4604866,40.0137966
Car-1,2008-05-14 11:01:51,116.4607266,40.0137916
Car-1,2008-05-14 11:01:53,116.4609566,40.0137899
Car-1,2008-05-14 11:01:55,116.46118,40.0137883
Car-1,2008-05-14 11:01:57,116.4614033,40.0137983
Car-1,2008-05-14 11:01:59,116.4616433,40.0137916
Car-1,2008-05-14 11:02:01,116.4619016,40.0137866
Car-1,2008-05-14 11:02:03,116.4621666,40.0137916
Car-1,2008-05-14 11:02:05,116.4624383,40.0137983
Car-1,2008-05-14 11:02:07,116.4627183,40.0138049
Car-1,2008-05-14 11:02:09,116.4630066,40.0138116
Car-1,2008-05-14 11:02:11,116.463305,40.0138199
Car-1,2008-05-14 11:02:13,116.46362,40.0138183
Car-1,2008-05-14 11:02:15,116.46395,40.0138116
Car-1,2008-05-14 11:02:17,116.4642899,40.0138033
Car-1,2008-05-14 11:02:19,116.464655,40.0137766
Car-1,2008-05-14 11:02:21,116.46502,40.0137649
Car-1,2008-05-14 11:02:23,116.4653966,40.0137516
Car-1,2008-05-14 11:02:25,116.4657799,40.0137499
Car-1,2008-05-14 11:02:27,116.4661749,40.0137516
Car-1,2008-05-14 11:02:32,116.4672016,40.0137283
Car-1,2008-05-14 11:02:37,116.4682249,40.0137316
Car-1,2008-05-14 11:02:42,116.4692416,40.0137349
Car-1,2008-05-14 11:02:47,116.470255,40.0137349
Car-1,2008-05-14 11:02:52,116.4712633,40.0137283
Car-1,2008-05-14 11:02:57,116.4722366,40.0136866
Car-1,2008-05-14 11:02:59,116.47258,40.0136749
Car-1,2008-05-14 11:03:01,116.4729066,40.0136516
Car-1,2008-05-14 11:03:03,116.4732233,40.0136166
Car-1,2008-05-14 11:03:05,116.4735299,40.0135783
Car-1,2008-05-14 11:03:07,116.4738049,40.0135433
Car-1,2008-05-14 11:03:09,116.4740933,40.0134999
Car-1,2008-05-14 11:03:11,116.4743983,40.0134583
Car-1,2008-05-14 11:03:13,116.4747183,40.0134166
Car-1,2008-05-14 11:03:15,116.4750433,40.0133633
Car-1,2008-05-14 11:03:17,116.4753683,40.0133016
Car-1,2008-05-14 11:03:19,116.4757016,40.0132016
Car-1,2008-05-14 11:03:21,116.4760333,40.0131099
Car-1,2008-05-14 11:03:23,116.4763716,40.0130099
Car-1,2008-05-14 11:03:25,116.4767099,40.0129066
Car-1,2008-05-14 11:03:27,116.4770399,40.0128033
Car-1,2008-05-14 11:03:29,116.4773583,40.0126949
Car-1,2008-05-14 11:03:31,116.4776583,40.0125799
Car-1,2008-05-14 11:03:33,116.4779483,40.0124583
Car-1,2008-05-14 11:03:35,116.4782333,40.0123299
Car-1,2008-05-14 11:03:37,116.4785233,40.0121933
Car-1,2008-05-14 11:03:39,116.4788066,40.0120599
Car-1,2008-05-14 11:03:41,116.4790933,40.0119149
Car-1,2008-05-14 11:03:43,116.47939,40.0117516
Car-1,2008-05-14 11:03:45,116.4796949,40.0115649
Car-1,2008-05-14 11:03:47,116.4800033,40.0113666
Car-1,2008-05-14 11:03:52,116.4807666,40.0108566
Car-1,2008-05-14 11:03:54,116.4810566,40.0106616
Car-1,2008-05-14 11:03:56,116.4813233,40.0104616
Car-1,2008-05-14 11:03:58,116.4815583,40.0102516
Car-1,2008-05-14 11:04:00,116.4817766,40.0100583
Car-1,2008-05-14 11:04:02,116.4819916,40.0098666
Car-1,2008-05-14 11:04:04,116.4822083,40.0096633
Car-1,2008-05-14 11:04:06,116.4824316,40.0094433
Car-1,2008-05-14 11:04:08,116.4826599,40.0092133
Car-1,2008-05-14 11:04:10,116.4828883,40.0089783
Car-1,2008-05-14 11:04:12,116.4831183,40.0087449
Car-1,2008-05-14 11:04:14,116.483335,40.0085249
Car-1,2008-05-14 11:04:16,116.4835316,40.0083216
Car-1,2008-05-14 11:04:18,116.4837166,40.0081316
Car-1,2008-05-14 11:04:20,116.4838999,40.0079533
Car-1,2008-05-14 11:04:22,116.4840666,40.0077833
Car-1,2008-05-14 11:04:24,116.4842183,40.0076266
Car-1,2008-05-14 11:04:26,116.4843583,40.0074733
Car-1,2008-05-14 11:04:28,116.4844983,40.0073249
Car-1,2008-05-14 11:04:30,116.4846483,40.0071683
Car-1,2008-05-14 11:04:32,116.4848049,40.0070066
Car-1,2008-05-14 11:04:34,116.4849616,40.0068466
Car-1,2008-05-14 11:04:36,116.4851133,40.0066849
Car-1,2008-05-14 11:04:38,116.4852599,40.0065299
Car-1,2008-05-14 11:04:40,116.48539,40.0063949
Car-1,2008-05-14 11:04:42,116.4854966,40.0062799
Car-1,2008-05-14 11:04:44,116.485585,40.0061883
Car-1,2008-05-14 11:04:46,116.4856483,40.0061316
Car-1,2008-05-14 11:04:48,116.4856933,40.0061016
Car-1,2008-05-14 11:04:50,116.485745,40.0060599
Car-1,2008-05-14 11:04:52,116.4858183,40.0059916
Car-1,2008-05-14 11:04:54,116.4859233,40.0058883
Car-1,2008-05-14 11:04:56,116.4860299,40.0057649
Car-1,2008-05-14 11:04:58,116.4861566,40.005615
Car-1,2008-05-14 11:05:00,116.4863016,40.0054533
Car-1,2008-05-14 11:05:02,116.4864499,40.0052999
Car-1,2008-05-14 11:05:04,116.4865966,40.0051533
Car-1,2008-05-14 11:05:06,116.4867366,40.0050066
Car-1,2008-05-14 11:05:08,116.4868716,40.0048616
Car-1,2008-05-14 11:05:10,116.4870116,40.0047183
Car-1,2008-05-14 11:05:12,116.4871683,40.0045599
Car-1,2008-05-14 11:05:14,116.4873349,40.0043899
Car-1,2008-05-14 11:05:16,116.4875083,40.0042166
Car-1,2008-05-14 11:05:18,116.48768,40.0040416
Car-1,2008-05-14 11:05:20,116.487855,40.0038633
Car-1,2008-05-14 11:05:22,116.48803,40.0036883
Car-1,2008-05-14 11:05:24,116.4881983,40.0035183
Car-1,2008-05-14 11:05:26,116.4883533,40.0033599
Car-1,2008-05-14 11:05:28,116.4885066,40.0032033
Car-1,2008-05-14 11:05:30,116.4886666,40.0030349
Car-1,2008-05-14 11:05:32,116.4888383,40.0028566
Car-1,2008-05-14 11:05:34,116.4889999,40.0026849
Car-1,2008-05-14 11:05:36,116.4891616,40.0025233
Car-1,2008-05-14 11:05:38,116.4893233,40.0023616
Car-1,2008-05-14 11:05:40,116.4894849,40.0022016
Car-1,2008-05-14 11:05:42,116.4896466,40.0020333
Car-1,2008-05-14 11:05:44,116.4898199,40.0018549
Car-1,2008-05-14 11:05:46,116.4900016,40.0016683
Car-1,2008-05-14 11:05:48,116.4901883,40.0014749
Car-1,2008-05-14 11:05:50,116.4903833,40.0012816
Car-1,2008-05-14 11:05:52,116.49058,40.0010866
Car-1,2008-05-14 11:05:54,116.4907783,40.0008899
Car-1,2008-05-14 11:05:56,116.4909716,40.0006983
Car-1,2008-05-14 11:05:58,116.4911566,40.0005066
Car-1,2008-05-14 11:06:00,116.4913333,40.0003266
Car-1,2008-05-14 11:06:02,116.4914899,40.0001633
Car-1,2008-05-14 11:06:04,116.4916433,40.0000066
Car-1,2008-05-14 11:06:06,116.4918066,39.9998433
Car-1,2008-05-14 11:06:08,116.4919666,39.9996833
Car-1,2008-05-14 11:06:10,116.4921183,39.9995316
Car-1,2008-05-14 11:06:12,116.4922616,39.9993883
Car-1,2008-05-14 11:06:14,116.4923766,39.9992716
Car-1,2008-05-14 11:06:16,116.4924516,39.9991966
Car-1,2008-05-14 11:06:18,116.4924933,39.9991566
Car-1,2008-05-14 11:06:20,116.4925233,39.99913
Car-1,2008-05-14 11:06:22,116.4925599,39.9990966
Car-1,2008-05-14 11:06:24,116.4926133,39.999045
Car-1,2008-05-14 11:06:26,116.4926666,39.998985
Car-1,2008-05-14 11:06:28,116.4927166,39.9989283
Car-1,2008-05-14 11:06:30,116.4927616,39.9988799
Car-1,2008-05-14 11:06:32,116.4927999,39.9988366
Car-1,2008-05-14 11:06:34,116.4928383,39.9987949
Car-1,2008-05-14 11:06:36,116.4928883,39.9987449
Car-1,2008-05-14 11:06:38,116.4929399,39.9986933
Car-1,2008-05-14 11:06:40,116.4929883,39.9986449
Car-1,2008-05-14 11:06:42,116.4930316,39.9986016
Car-1,2008-05-14 11:06:44,116.49307,39.9985616
Car-1,2008-05-14 11:06:46,116.4931199,39.99851
Car-1,2008-05-14 11:06:48,116.4931816,39.9984483
Car-1,2008-05-14 11:06:50,116.4932383,39.9983899
Car-1,2008-05-14 11:06:52,116.4932899,39.9983383
Car-1,2008-05-14 11:06:54,116.4933399,39.9982916
Car-1,2008-05-14 11:06:56,116.4933833,39.9982483
Car-1,2008-05-14 11:06:58,116.4934266,39.9982033
Car-1,2008-05-14 11:07:00,116.4934733,39.9981533
Car-1,2008-05-14 11:07:02,116.4935233,39.9981066
Car-1,2008-05-14 11:07:04,116.4935666,39.9980616
Car-1,2008-05-14 11:07:06,116.4936133,39.9980166
Car-1,2008-05-14 11:07:08,116.4936616,39.9979749
Car-1,2008-05-14 11:07:10,116.4937166,39.997925
Car-1,2008-05-14 11:07:12,116.4937733,39.99785
Car-1,2008-05-14 11:07:14,116.4938366,39.9977333
Car-1,2008-05-14 11:07:16,116.4939416,39.9975983
Car-1,2008-05-14 11:07:18,116.4940799,39.9974499
Car-1,2008-05-14 11:07:20,116.4942166,39.9973116
Car-1,2008-05-14 11:07:22,116.4943249,39.9971983
Car-1,2008-05-14 11:07:24,116.4944083,39.9971033
Car-1,2008-05-14 11:07:26,116.4944983,39.9969916
Car-1,2008-05-14 11:07:28,116.494595,39.996885
Car-1,2008-05-14 11:07:30,116.494695,39.996785
Car-1,2008-05-14 11:07:32,116.4947883,39.9966916
Car-1,2008-05-14 11:07:34,116.4948683,39.9966116
Car-1,2008-05-14 11:07:36,116.4949349,39.9965449
Car-1,2008-05-14 11:07:38,116.4949916,39.9964866
Car-1,2008-05-14 11:07:40,116.495045,39.996435
Car-1,2008-05-14 11:07:42,116.4950899,39.9963916
Car-1,2008-05-14 11:07:44,116.4951316,39.9963516
Car-1,2008-05-14 11:07:46,116.495165,39.9963216
Car-1,2008-05-14 11:07:48,116.4951883,39.9963
Car-1,2008-05-14 11:07:50,116.4952133,39.9962783
Car-1,2008-05-14 11:07:52,116.495255,39.9962416
Car-1,2008-05-14 11:07:54,116.4953066,39.9961966
Car-1,2008-05-14 11:07:56,116.4953666,39.9961433
Car-1,2008-05-14 11:07:58,116.4954233,39.9960916
Car-1,2008-05-14 11:08:00,116.4954599,39.9960566
Car-1,2008-05-14 11:08:02,116.49548,39.9960349
Car-1,2008-05-14 11:08:04,116.4954883,39.9960249
Car-1,2008-05-14 11:08:09,116.4954883,39.9960249
Car-1,2008-05-14 11:08:11,116.4954883,39.9960233
Car-1,2008-05-14 11:08:13,116.4955283,39.9959849
Car-1,2008-05-14 11:08:15,116.49557,39.9959466
Car-1,2008-05-14 11:08:17,116.4956083,39.9959133
Car-1,2008-05-14 11:08:19,116.4956466,39.9958783
Car-1,2008-05-14 11:08:21,116.4956783,39.9958533
Car-1,2008-05-14 11:08:23,116.4956999,39.9958366
Car-1,2008-05-14 11:08:25,116.4957149,39.9958233
Car-1,2008-05-14 11:08:27,116.4957416,39.9958016
Car-1,2008-05-14 11:08:29,116.4957933,39.9957549
Car-1,2008-05-14 11:08:31,116.4958466,39.9957083
Car-1,2008-05-14 11:08:33,116.4958933,39.995665
Car-1,2008-05-14 11:08:35,116.4959333,39.9956266
Car-1,2008-05-14 11:08:37,116.4959766,39.9955866
Car-1,2008-05-14 11:08:39,116.4960233,39.9955383
Car-1,2008-05-14 11:08:41,116.4960666,39.9954966
Car-1,2008-05-14 11:08:43,116.4961116,39.9954533
Car-1,2008-05-14 11:08:45,116.4961566,39.9954083
Car-1,2008-05-14 11:08:47,116.4962033,39.9953616
Car-1,2008-05-14 11:08:49,116.4962433,39.9953216
Car-1,2008-05-14 11:08:51,116.4962683,39.9953
Car-1,2008-05-14 11:08:53,116.4962749,39.99529
Car-1,2008-05-14 11:08:56,116.4962749,39.99529
Car-1,2008-05-14 11:08:58,116.4962799,39.995285
Car-1,2008-05-14 11:09:00,116.4963166,39.9952483
Car-1,2008-05-14 11:09:02,116.4963599,39.9952066
Car-1,2008-05-14 11:09:04,116.4964116,39.9951583
Car-1,2008-05-14 11:09:06,116.4964866,39.99509
Car-1,2008-05-14 11:09:08,116.4965616,39.9950183
Car-1,2008-05-14 11:09:10,116.4966333,39.9949449
Car-1,2008-05-14 11:09:12,116.4967016,39.9948616
Car-1,2008-05-14 11:09:14,116.4967716,39.9947766
Car-1,2008-05-14 11:09:16,116.4968583,39.9946833
Car-1,2008-05-14 11:09:18,116.4969599,39.9945766
Car-1,2008-05-14 11:09:20,116.4970466,39.9944833
Car-1,2008-05-14 11:09:22,116.49711,39.9944116
Car-1,2008-05-14 11:09:24,116.4971633,39.9943566
Car-1,2008-05-14 11:09:26,116.49721,39.9942999
Car-1,2008-05-14 11:09:28,116.4972666,39.9942316
Car-1,2008-05-14 11:09:30,116.4973216,39.9941683
Car-1,2008-05-14 11:09:32,116.4973733,39.9941133
Car-1,2008-05-14 11:09:34,116.49742,39.9940633
Car-1,2008-05-14 11:09:36,116.4974683,39.994015
Car-1,2008-05-14 11:09:38,116.4975166,39.9939649
Car-1,2008-05-14 11:09:40,116.4975716,39.9939099
Car-1,2008-05-14 11:09:42,116.4976133,39.9938666
Car-1,2008-05-14 11:09:44,116.4976483,39.9938333
Car-1,2008-05-14 11:09:46,116.4976816,39.9938
Car-1,2008-05-14 11:09:48,116.4977299,39.9937516
Car-1,2008-05-14 11:09:50,116.4977949,39.9936933
Car-1,2008-05-14 11:09:52,116.4978516,39.9936416
Car-1,2008-05-14 11:09:54,116.49789,39.9936033
Car-1,2008-05-14 11:09:56,116.4979183,39.993575
Car-1,2008-05-14 11:09:58,116.4979499,39.9935466
Car-1,2008-05-14 11:10:00,116.49801,39.993495
Car-1,2008-05-14 11:10:02,116.4980783,39.993435
Car-1,2008-05-14 11:10:04,116.4981416,39.9933733
Car-1,2008-05-14 11:10:06,116.498205,39.9933116
Car-1,2008-05-14 11:10:08,116.4982666,39.9932499
Car-1,2008-05-14 11:10:10,116.4983283,39.9931899
Car-1,2008-05-14 11:10:12,116.4984,39.9931183
Car-1,2008-05-14 11:10:14,116.4984749,39.9930416
Car-1,2008-05-14 11:10:16,116.498535,39.9929799
Car-1,2008-05-14 11:10:18,116.4985866,39.9929283
Car-1,2008-05-14 11:10:20,116.4986299,39.9928849
Car-1,2008-05-14 11:10:22,116.4986633,39.9928516
Car-1,2008-05-14 11:10:24,116.4986899,39.992825
Car-1,2008-05-14 11:10:26,116.4987166,39.9927983
Car-1,2008-05-14 11:10:28,116.498765,39.9927483
Car-1,2008-05-14 11:10:30,116.4988366,39.9926766
Car-1,2008-05-14 11:10:32,116.4989133,39.9925983
Car-1,2008-05-14 11:10:34,116.4989849,39.9925216
Car-1,2008-05-14 11:10:36,116.4990683,39.9924366
Car-1,2008-05-14 11:10:38,116.4991666,39.9923349
Car-1,2008-05-14 11:10:40,116.49927,39.99223
Car-1,2008-05-14 11:10:42,116.4993583,39.9921399
Car-1,2008-05-14 11:10:44,116.4994399,39.9920566
Car-1,2008-05-14 11:10:46,116.499515,39.9919766
Car-1,2008-05-14 11:10:48,116.4995866,39.9919033
Car-1,2008-05-14 11:10:50,116.499675,39.9918116
Car-1,2008-05-14 11:10:52,116.4997633,39.9917199
Car-1,2008-05-14 11:10:54,116.4998433,39.9916399
Car-1,2008-05-14 11:10:56,116.4999166,39.9915649
Car-1,2008-05-14 11:10:58,116.4999833,39.9914966
Car-1,2008-05-14 11:11:00,116.5000583,39.9914183
Car-1,2008-05-14 11:11:02,116.5001566,39.9913166
Car-1,2008-05-14 11:11:04,116.500265,39.9912066
Car-1,2008-05-14 11:11:06,116.5003666,39.9911
Car-1,2008-05-14 11:11:08,116.5004683,39.9909949
Car-1,2008-05-14 11:11:10,116.5005666,39.9908933
Car-1,2008-05-14 11:11:12,116.5006549,39.9907999
Car-1,2008-05-14 11:11:14,116.5007299,39.9907216
Car-1,2008-05-14 11:11:16,116.5007983,39.9906483
Car-1,2008-05-14 11:11:18,116.5008616,39.9905833
Car-1,2008-05-14 11:11:20,116.5009199,39.9905233
Car-1,2008-05-14 11:11:22,116.5009733,39.9904683
Car-1,2008-05-14 11:11:24,116.5010249,39.9904133
Car-1,2008-05-14 11:11:26,116.5010799,39.9903516
Car-1,2008-05-14 11:11:28,116.5011383,39.9902899
Car-1,2008-05-14 11:11:30,116.50119,39.9902316
Car-1,2008-05-14 11:11:32,116.5012416,39.990175
Car-1,2008-05-14 11:11:34,116.5012933,39.9901166
Car-1,2008-05-14 11:11:36,116.5013516,39.9900533
Car-1,2008-05-14 11:11:38,116.5014066,39.9899916
Car-1,2008-05-14 11:11:40,116.5014599,39.9899316
Car-1,2008-05-14 11:11:42,116.5015149,39.9898716
Car-1,2008-05-14 11:11:44,116.5015716,39.9898116
Car-1,2008-05-14 11:11:46,116.501625,39.989755
Car-1,2008-05-14 11:11:48,116.5016716,39.9897016
Car-1,2008-05-14 11:11:50,116.501715,39.9896533
Car-1,2008-05-14 11:11:52,116.5017583,39.9896033
Car-1,2008-05-14 11:11:54,116.5018016,39.989555
Car-1,2008-05-14 11:11:56,116.5018483,39.9895033
Car-1,2008-05-14 11:11:58,116.5018983,39.9894483
Car-1,2008-05-14 11:12:00,116.5019466,39.9893933
Car-1,2008-05-14 11:12:02,116.5020049,39.9893266
Car-1,2008-05-14 11:12:04,116.5020716,39.9892466
Car-1,2008-05-14 11:12:06,116.5021366,39.9891716
Car-1,2008-05-14 11:12:08,116.5022016,39.9890966
Car-1,2008-05-14 11:12:10,116.5022683,39.9890216
Car-1,2008-05-14 11:12:12,116.5023333,39.9889449
Car-1,2008-05-14 11:12:14,116.502395,39.9888733
Car-1,2008-05-14 11:12:16,116.5024533,39.9888049
Car-1,2008-05-14 11:12:18,116.5025166,39.9887316
Car-1,2008-05-14 11:12:20,116.5025783,39.9886583
Car-1,2008-05-14 11:12:22,116.50264,39.9885833
Car-1,2008-05-14 11:12:24,116.5027033,39.9885066
Car-1,2008-05-14 11:12:26,116.5027666,39.9884299
Car-1,2008-05-14 11:12:28,116.50283,39.9883566
Car-1,2008-05-14 11:12:30,116.5028949,39.98828
Car-1,2008-05-14 11:12:32,116.5029616,39.9882033
Car-1,2008-05-14 11:12:34,116.5030433,39.9881616
Car-1,2008-05-14 11:12:36,116.5031166,39.9881133
Car-1,2008-05-14 11:12:38,116.5031216,39.9880316
Car-1,2008-05-14 11:12:40,116.5031583,39.98796
Car-1,2008-05-14 11:12:42,116.5032066,39.9879066
Car-1,2008-05-14 11:12:44,116.5032683,39.987845
Car-1,2008-05-14 11:12:46,116.5033416,39.9877733
Car-1,2008-05-14 11:12:48,116.5034116,39.9876966
Car-1,2008-05-14 11:12:50,116.5034583,39.9876183
Car-1,2008-05-14 11:12:52,116.5035166,39.98755
Car-1,2008-05-14 11:12:54,116.50353,39.9874966
Car-1,2008-05-14 11:12:56,116.503585,39.9874349
Car-1,2008-05-14 11:12:58,116.503655,39.9873633
Car-1,2008-05-14 11:13:00,116.503775,39.9872733
Car-1,2008-05-14 11:13:02,116.50386,39.9871883
Car-1,2008-05-14 11:13:04,116.5039283,39.9871116
Car-1,2008-05-14 11:13:06,116.5039883,39.9870466
Car-1,2008-05-14 11:13:08,116.50404,39.9869866
Car-1,2008-05-14 11:13:10,116.5040966,39.9869299
Car-1,2008-05-14 11:13:12,116.50416,39.9868633
Car-1,2008-05-14 11:13:14,116.504225,39.9867966
Car-1,2008-05-14 11:13:16,116.5042866,39.9867299
Car-1,2008-05-14 11:13:18,116.5043516,39.986655
Car-1,2008-05-14 11:13:20,116.5044099,39.9865783
Car-1,2008-05-14 11:13:22,116.5044649,39.9864983
Car-1,2008-05-14 11:13:24,116.504525,39.9864183
Car-1,2008-05-14 11:13:26,116.50458,39.98635
Car-1,2008-05-14 11:13:28,116.504635,39.9862816
Car-1,2008-05-14 11:13:30,116.5046783,39.9862183
Car-1,2008-05-14 11:13:32,116.5047166,39.986165
Car-1,2008-05-14 11:13:34,116.504755,39.9861149
Car-1,2008-05-14 11:13:36,116.5047866,39.9860716
Car-1,2008-05-14 11:13:38,116.5048216,39.9860316
Car-1,2008-05-14 11:13:40,116.5048533,39.986
Car-1,2008-05-14 11:13:42,116.5048816,39.9859733
Car-1,2008-05-14 11:13:44,116.50491,39.9859466
Car-1,2008-05-14 11:13:46,116.5049416,39.9859133
Car-1,2008-05-14 11:13:48,116.5049733,39.9858749
Car-1,2008-05-14 11:13:50,116.505015,39.9858266
Car-1,2008-05-14 11:13:52,116.505065,39.9857616
Car-1,2008-05-14 11:13:54,116.5051149,39.9856983
Car-1,2008-05-14 11:13:56,116.5051516,39.9856433
Car-1,2008-05-14 11:13:58,116.5051966,39.9855833
Car-1,2008-05-14 11:14:00,116.50524,39.9855283
Car-1,2008-05-14 11:14:02,116.5052833,39.9854716
Car-1,2008-05-14 11:14:04,116.5053266,39.9854133
Car-1,2008-05-14 11:14:06,116.5053699,39.9853533
Car-1,2008-05-14 11:14:08,116.5054283,39.9852733
Car-1,2008-05-14 11:14:10,116.5055016,39.9851799
Car-1,2008-05-14 11:14:12,116.5055566,39.9851083
Car-1,2008-05-14 11:14:14,116.5056016,39.9850533
Car-1,2008-05-14 11:14:16,116.5056483,39.9850033
Car-1,2008-05-14 11:14:18,116.50571,39.9849433
Car-1,2008-05-14 11:14:20,116.5057783,39.984875
Car-1,2008-05-14 11:14:22,116.5058399,39.984805
Car-1,2008-05-14 11:14:24,116.5058999,39.9847333
Car-1,2008-05-14 11:14:26,116.5059716,39.9846583
Car-1,2008-05-14 11:14:28,116.5060399,39.9845866
Car-1,2008-05-14 11:14:30,116.5061099,39.9845083
Car-1,2008-05-14 11:14:32,116.5061833,39.9844183
Car-1,2008-05-14 11:14:34,116.5062583,39.9843199
Car-1,2008-05-14 11:14:36,116.5063416,39.9842133
Car-1,2008-05-14 11:14:38,116.506425,39.9841083
Car-1,2008-05-14 11:14:40,116.506515,39.9839933
Car-1,2008-05-14 11:14:42,116.5066016,39.9838783
Car-1,2008-05-14 11:14:44,116.50667,39.9837883
Car-1,2008-05-14 11:14:46,116.5067333,39.9837083
Car-1,2008-05-14 11:14:48,116.5067933,39.98363
Car-1,2008-05-14 11:14:50,116.5068583,39.983545
Car-1,2008-05-14 11:14:52,116.5069216,39.9834616
Car-1,2008-05-14 11:14:54,116.506985,39.98338
Car-1,2008-05-14 11:14:56,116.50706,39.9832849
Car-1,2008-05-14 11:14:58,116.5071483,39.9831683
Car-1,2008-05-14 11:15:00,116.5072449,39.9830449
Car-1,2008-05-14 11:15:02,116.50734,39.982925
Car-1,2008-05-14 11:15:04,116.5074299,39.9828083
Car-1,2008-05-14 11:15:06,116.5075183,39.9826966
Car-1,2008-05-14 11:15:08,116.5076049,39.98259
Car-1,2008-05-14 11:15:10,116.5076883,39.9824883
Car-1,2008-05-14 11:15:12,116.5077649,39.9823916
Car-1,2008-05-14 11:15:14,116.5078416,39.9822933
Car-1,2008-05-14 11:15:16,116.5079249,39.9821883
Car-1,2008-05-14 11:15:18,116.5080099,39.9820816
Car-1,2008-05-14 11:15:20,116.5080966,39.9819716
Car-1,2008-05-14 11:15:22,116.5081866,39.98186
Car-1,2008-05-14 11:15:24,116.5082766,39.9817466
Car-1,2008-05-14 11:15:26,116.508365,39.9816349
Car-1,2008-05-14 11:15:28,116.5084533,39.9815233
Car-1,2008-05-14 11:15:30,116.5085416,39.9814116
Car-1,2008-05-14 11:15:32,116.5086283,39.9813016
Car-1,2008-05-14 11:15:34,116.5087166,39.98119
Car-1,2008-05-14 11:15:36,116.5088,39.9810849
Car-1,2008-05-14 11:15:38,116.5088799,39.9809849
Car-1,2008-05-14 11:15:40,116.5089683,39.9808733
Car-1,2008-05-14 11:15:42,116.509065,39.9807516
Car-1,2008-05-14 11:15:44,116.50917,39.9806199
Car-1,2008-05-14 11:15:46,116.509275,39.9804883
Car-1,2008-05-14 11:15:48,116.5093666,39.9803733
Car-1,2008-05-14 11:15:50,116.5094483,39.9802699
Car-1,2008-05-14 11:15:52,116.5095333,39.980165
Car-1,2008-05-14 11:15:54,116.5096233,39.9800533
Car-1,2008-05-14 11:15:56,116.5097216,39.9799316
Car-1,2008-05-14 11:15:58,116.50983,39.9797966
Car-1,2008-05-14 11:16:00,116.5099433,39.9796549
Car-1,2008-05-14 11:16:02,116.5100633,39.9795066
Car-1,2008-05-14 11:16:04,116.5101866,39.9793516
Car-1,2008-05-14 11:16:06,116.5103166,39.97919
Car-1,2008-05-14 11:16:08,116.5104499,39.9790233
Car-1,2008-05-14 11:16:10,116.5105833,39.9788533
Car-1,2008-05-14 11:16:12,116.510725,39.9786749
Car-1,2008-05-14 11:16:14,116.5108749,39.9784899
Car-1,2008-05-14 11:16:16,116.5110283,39.9782983
Car-1,2008-05-14 11:16:18,116.5111883,39.9780966
Car-1,2008-05-14 11:16:20,116.511355,39.9778866
Car-1,2008-05-14 11:16:22,116.5115199,39.9776783
Car-1,2008-05-14 11:16:24,116.51168,39.9774716
Car-1,2008-05-14 11:16:26,116.5118366,39.9772716
Car-1,2008-05-14 11:16:28,116.511985,39.9770783
Car-1,2008-05-14 11:16:30,116.5121383,39.9768833
Car-1,2008-05-14 11:16:32,116.512295,39.9766866
Car-1,2008-05-14 11:16:34,116.5124566,39.9764783
Car-1,2008-05-14 11:16:36,116.5126233,39.9762683
Car-1,2008-05-14 11:16:38,116.5127916,39.9760516
Car-1,2008-05-14 11:16:40,116.5129683,39.9758283
Car-1,2008-05-14 11:16:42,116.5131533,39.9755983
Car-1,2008-05-14 11:16:44,116.5133366,39.9753666
Car-1,2008-05-14 11:16:46,116.5135233,39.9751299
Car-1,2008-05-14 11:16:48,116.5137133,39.9748883
Car-1,2008-05-14 11:16:50,116.5139083,39.9746433
Car-1,2008-05-14 11:16:52,116.5140983,39.9744033
Car-1,2008-05-14 11:16:54,116.5142749,39.9741783
Car-1,2008-05-14 11:16:56,116.5144433,39.9739633
Car-1,2008-05-14 11:16:58,116.5146033,39.9737583
Car-1,2008-05-14 11:17:00,116.5147566,39.9735583
Car-1,2008-05-14 11:17:02,116.5149049,39.9733649
Car-1,2008-05-14 11:17:04,116.5150583,39.9731649
Car-1,2008-05-14 11:17:06,116.5152199,39.97295
Car-1,2008-05-14 11:17:08,116.5153899,39.9727216
Car-1,2008-05-14 11:17:10,116.5155616,39.9724866
Car-1,2008-05-14 11:17:12,116.5157249,39.9722583
Car-1,2008-05-14 11:17:14,116.5158816,39.9720383
Car-1,2008-05-14 11:17:16,116.516035,39.9718249
Car-1,2008-05-14 11:17:18,116.516185,39.9716083
Car-1,2008-05-14 11:17:20,116.5163383,39.9713883
Car-1,2008-05-14 11:17:22,116.5164933,39.9711633
Car-1,2008-05-14 11:17:24,116.516645,39.9709383
Car-1,2008-05-14 11:17:26,116.5167899,39.9707133
Car-1,2008-05-14 11:17:28,116.5169366,39.9704866
Car-1,2008-05-14 11:17:30,116.5170849,39.9702549
Car-1,2008-05-14 11:17:32,116.5172366,39.9700216
Car-1,2008-05-14 11:17:34,116.51739,39.969785
Car-1,2008-05-14 11:17:36,116.5175433,39.969545
Car-1,2008-05-14 11:17:38,116.5176966,39.9693033
Car-1,2008-05-14 11:17:40,116.5178483,39.9690533
Car-1,2008-05-14 11:17:42,116.5179983,39.9688016
Car-1,2008-05-14 11:17:44,116.5181466,39.96855
Car-1,2008-05-14 11:17:46,116.5182916,39.9682983
Car-1,2008-05-14 11:17:48,116.5184366,39.968045
Car-1,2008-05-14 11:17:50,116.5185816,39.967795
Car-1,2008-05-14 11:17:52,116.5187216,39.9675466
Car-1,2008-05-14 11:17:54,116.51886,39.9672983
Car-1,2008-05-14 11:17:56,116.5189966,39.9670516
Car-1,2008-05-14 11:17:58,116.5191266,39.9668066
Car-1,2008-05-14 11:18:00,116.5192549,39.9665616
Car-1,2008-05-14 11:18:02,116.519385,39.96631
Car-1,2008-05-14 11:18:04,116.5195166,39.9660516
Car-1,2008-05-14 11:18:06,116.5196499,39.9657883
Car-1,2008-05-14 11:18:08,116.5197816,39.9655233
Car-1,2008-05-14 11:18:10,116.5199133,39.965255
Car-1,2008-05-14 11:18:12,116.5200433,39.9649849
Car-1,2008-05-14 11:18:14,116.5201716,39.9647149
Car-1,2008-05-14 11:18:16,116.5202966,39.9644433
Car-1,2008-05-14 11:18:18,116.5204249,39.9641666
Car-1,2008-05-14 11:18:20,116.52055,39.9638866
Car-1,2008-05-14 11:18:22,116.5206766,39.9636033
Car-1,2008-05-14 11:18:24,116.5208066,39.9633116
Car-1,2008-05-14 11:18:29,116.5211133,39.9625733
Car-1,2008-05-14 11:18:34,116.5214149,39.9618266
Car-1,2008-05-14 11:18:39,116.5217366,39.9610566
Car-1,2008-05-14 11:18:44,116.5220533,39.9602833
Car-1,2008-05-14 11:18:49,116.5223733,39.9595183
Car-1,2008-05-14 11:18:54,116.522685,39.9587599
Car-1,2008-05-14 11:18:59,116.5230033,39.9579833
Car-1,2008-05-14 11:19:04,116.5233433,39.9571683
Car-1,2008-05-14 11:19:09,116.5237233,39.9563116
Car-1,2008-05-14 11:19:14,116.5241166,39.9554316
Car-1,2008-05-14 11:19:19,116.5245433,39.9545416
Car-1,2008-05-14 11:19:24,116.5250099,39.9536716
Car-1,2008-05-14 11:19:29,116.5255133,39.9528266
Car-1,2008-05-14 11:19:34,116.526065,39.9520183
Car-1,2008-05-14 11:19:39,116.526645,39.9512249
Car-1,2008-05-14 11:19:44,116.5273116,39.9504233
Car-1,2008-05-14 11:19:49,116.5280383,39.9496033
Car-1,2008-05-14 11:19:54,116.5287916,39.9488083
Car-1,2008-05-14 11:19:59,116.52954,39.9480383
Car-1,2008-05-14 11:20:04,116.5301966,39.9473733
Car-1,2008-05-14 11:20:06,116.5304166,39.9471516
Car-1,2008-05-14 11:20:08,116.5306283,39.9469383
Car-1,2008-05-14 11:20:10,116.5308449,39.9467216
Car-1,2008-05-14 11:20:12,116.5310716,39.9464933
Car-1,2008-05-14 11:20:14,116.531305,39.9462533
Car-1,2008-05-14 11:20:16,116.5315449,39.9460016
Car-1,2008-05-14 11:20:21,116.5321849,39.9453533
Car-1,2008-05-14 11:20:26,116.53283,39.94467
Car-1,2008-05-14 11:20:31,116.5334683,39.9439466
Car-1,2008-05-14 11:20:36,116.5340716,39.9431716
Car-1,2008-05-14 11:20:41,116.5346416,39.9423333
Car-1,2008-05-14 11:20:46,116.5351533,39.9414249
Car-1,2008-05-14 11:20:51,116.5355449,39.9404599
Car-1,2008-05-14 11:20:56,116.5358666,39.9395216
Car-1,2008-05-14 11:21:01,116.5361033,39.9385983
Car-1,2008-05-14 11:21:06,116.5362666,39.9376849
Car-1,2008-05-14 11:21:11,116.5363749,39.9367983
Car-1,2008-05-14 11:21:16,116.5364499,39.9359833
Car-1,2008-05-14 11:21:21,116.5364949,39.9352016
Car-1,2008-05-14 11:21:26,116.5365416,39.9343816
Car-1,2008-05-14 11:21:31,116.5365883,39.93353
Car-1,2008-05-14 11:21:36,116.5366366,39.93265
Car-1,2008-05-14 11:21:41,116.5366933,39.9317616
Car-1,2008-05-14 11:21:46,116.5367449,39.9308666
Car-1,2008-05-14 11:21:51,116.5368016,39.92996
Car-1,2008-05-14 11:21:56,116.5368566,39.9290499
Car-1,2008-05-14 11:22:01,116.5369082,39.9281333
Car-1,2008-05-14 11:22:06,116.53695,39.9271966
Car-1,2008-05-14 11:22:11,116.5369899,39.926245
Car-1,2008-05-14 11:22:16,116.5370366,39.9253149
Car-1,2008-05-14 11:22:21,116.5370933,39.9244033
Car-1,2008-05-14 11:22:26,116.5371466,39.923525
Car-1,2008-05-14 11:22:31,116.5372016,39.9226783
Car-1,2008-05-14 11:22:36,116.5372716,39.9218282
Car-1,2008-05-14 11:22:41,116.5373366,39.92092
Car-1,2008-05-14 11:22:46,116.5373982,39.9200066
Car-1,2008-05-14 11:22:51,116.5374616,39.9190899
Car-1,2008-05-14 11:22:56,116.5375116,39.9182049
Car-1,2008-05-14 11:23:01,116.5375633,39.917345
Car-1,2008-05-14 11:23:06,116.5375999,39.916505
Car-1,2008-05-14 11:23:11,116.5376566,39.9156683
Car-1,2008-05-14 11:23:16,116.5376966,39.91481
Car-1,2008-05-14 11:23:21,116.5377149,39.9139783
Car-1,2008-05-14 11:23:26,116.5377316,39.9132016
Car-1,2008-05-14 11:23:28,116.5377482,39.9129249
Car-1,2008-05-14 11:23:30,116.5377666,39.9126849
Car-1,2008-05-14 11:23:32,116.5377749,39.9124749
Car-1,2008-05-14 11:23:34,116.5377782,39.9122766
Car-1,2008-05-14 11:23:36,116.5377733,39.9120866
Car-1,2008-05-14 11:23:38,116.5377716,39.9118983
Car-1,2008-05-14 11:23:40,116.5377666,39.9117016
Car-1,2008-05-14 11:23:42,116.5377599,39.9114866
Car-1,2008-05-14 11:23:44,116.53775,39.9112683
Car-1,2008-05-14 11:23:46,116.5377316,39.9110483
Car-1,2008-05-14 11:23:48,116.5377049,39.91083
Car-1,2008-05-14 11:23:50,116.5376416,39.9106133
Car-1,2008-05-14 11:23:52,116.5375366,39.9104033
Car-1,2008-05-14 11:23:54,116.5373899,39.9102
Car-1,2008-05-14 11:23:56,116.5371999,39.9100033
Car-1,2008-05-14 11:23:58,116.5369816,39.9098166
Car-1,2008-05-14 11:24:00,116.536755,39.9096283
Car-1,2008-05-14 11:24:02,116.5365216,39.9094333
Car-1,2008-05-14 11:24:04,116.5362899,39.90923
Car-1,2008-05-14 11:24:06,116.5360566,39.9090133
Car-1,2008-05-14 11:24:08,116.535845,39.9087666
Car-1,2008-05-14 11:24:10,116.5356916,39.9084816
Car-1,2008-05-14 11:24:15,116.5356616,39.9077083
Car-1,2008-05-14 11:24:17,116.5357966,39.9074183
Car-1,2008-05-14 11:24:19,116.5359883,39.9071483
Car-1,2008-05-14 11:24:21,116.5362399,39.9069066
Car-1,2008-05-14 11:24:26,116.5371116,39.9065366
Car-1,2008-05-14 11:24:31,116.5381399,39.9065083
Car-1,2008-05-14 11:24:36,116.539055,39.9067449
Car-1,2008-05-14 11:24:38,116.5393916,39.9068816
Car-1,2008-05-14 11:24:40,116.5397283,39.907015
Car-1,2008-05-14 11:24:42,116.5400549,39.9071433
Car-1,2008-05-14 11:24:44,116.5403832,39.9072633
Car-1,2008-05-14 11:24:46,116.5407083,39.9073766
Car-1,2008-05-14 11:24:48,116.5410399,39.9074849
Car-1,2008-05-14 11:24:50,116.5413666,39.9075883
Car-1,2008-05-14 11:24:52,116.5416933,39.9076799
Car-1,2008-05-14 11:24:54,116.5420382,39.907745
Car-1,2008-05-14 11:24:56,116.5423933,39.9077849
Car-1,2008-05-14 11:24:58,116.5427499,39.9078083
Car-1,2008-05-14 11:25:00,116.5430933,39.9078249
Car-1,2008-05-14 11:25:02,116.5434316,39.907845
Car-1,2008-05-14 11:25:04,116.5437683,39.9078649
Car-1,2008-05-14 11:25:06,116.544125,39.9078899
Car-1,2008-05-14 11:25:08,116.5445032,39.9079099
Car-1,2008-05-14 11:25:10,116.5448899,39.9079199
Car-1,2008-05-14 11:25:12,116.5452783,39.9079283
Car-1,2008-05-14 11:25:14,116.5456649,39.9079366
Car-1,2008-05-14 11:25:16,116.5460499,39.9079433
Car-1,2008-05-14 11:25:18,116.5464549,39.9079366
Car-1,2008-05-14 11:25:23,116.5475616,39.9079233
Car-1,2008-05-14 11:25:28,116.5487599,39.90794
Car-1,2008-05-14 11:25:33,116.55,39.9079616
Car-1,2008-05-14 11:25:38,116.5512582,39.9080066
Car-1,2008-05-14 11:25:43,116.5525283,39.9080466
Car-1,2008-05-14 11:25:48,116.5538183,39.9080883
Car-1,2008-05-14 11:25:53,116.5551349,39.9081316
Car-1,2008-05-14 11:25:58,116.5564349,39.9081533
Car-1,2008-05-14 11:26:03,116.5576883,39.9081816
Car-1,2008-05-14 11:26:08,116.5588866,39.9082083
Car-1,2008-05-14 11:26:13,116.560075,39.9082266
Car-1,2008-05-14 11:26:18,116.5612833,39.9082533
Car-1,2008-05-14 11:26:23,116.5624832,39.9082766
Car-1,2008-05-14 11:26:28,116.5636649,39.9083033
Car-1,2008-05-14 11:26:33,116.564825,39.9083566
Car-1,2008-05-14 11:26:38,116.56596,39.90846
Car-1,2008-05-14 11:26:43,116.5671399,39.9085766
Car-1,2008-05-14 11:26:48,116.5683199,39.9087066
Car-1,2008-05-14 11:26:53,116.56949,39.9088466
Car-1,2008-05-14 11:26:58,116.5706849,39.9089866
Car-1,2008-05-14 11:27:03,116.5719282,39.9091099
Car-1,2008-05-14 11:27:08,116.5732416,39.9091216
Car-1,2008-05-14 11:27:13,116.5745866,39.9090733
Car-1,2008-05-14 11:27:18,116.5759416,39.9089433
Car-1,2008-05-14 11:27:23,116.5772816,39.9087899
Car-1,2008-05-14 11:27:28,116.5785282,39.9086183
Car-1,2008-05-14 11:27:33,116.5797249,39.9084633
Car-1,2008-05-14 11:27:38,116.5809283,39.9083249
Car-1,2008-05-14 11:27:43,116.5821333,39.9082149
Car-1,2008-05-14 11:27:48,116.5833283,39.90814
Car-1,2008-05-14 11:27:53,116.584485,39.9080933
Car-1,2008-05-14 11:27:58,116.5855616,39.9080649
Car-1,2008-05-14 11:28:03,116.5865683,39.9080516
Car-1,2008-05-14 11:28:05,116.5869466,39.9080433
Car-1,2008-05-14 11:28:07,116.5873132,39.9080333
Car-1,2008-05-14 11:28:09,116.5876716,39.9080216
Car-1,2008-05-14 11:28:11,116.5880083,39.9080066
Car-1,2008-05-14 11:28:13,116.5882883,39.9079916
Car-1,2008-05-14 11:28:15,116.5884916,39.9079816
Car-1,2008-05-14 11:28:17,116.5886299,39.9079816
Car-1,2008-05-14 11:28:19,116.5887566,39.9079899
Car-1,2008-05-14 11:28:21,116.5888866,39.9079949
Car-1,2008-05-14 11:28:23,116.5890149,39.9079933
Car-1,2008-05-14 11:28:25,116.5890833,39.9079899
Car-1,2008-05-14 11:28:27,116.5891299,39.9079866
Car-1,2008-05-14 11:28:29,116.5891683,39.907985
Car-1,2008-05-14 11:28:31,116.5892033,39.9079816
Car-1,2008-05-14 11:28:33,116.589235,39.9079783
Car-1,2008-05-14 11:28:35,116.5892616,39.9079766
Car-1,2008-05-14 11:28:37,116.5892866,39.9079799
Car-1,2008-05-14 11:28:39,116.5893166,39.9079783
Car-1,2008-05-14 11:28:41,116.5893433,39.9079799
Car-1,2008-05-14 11:28:43,116.5893766,39.9079799
Car-1,2008-05-14 11:28:45,116.5894149,39.9079816
Car-1,2008-05-14 11:28:47,116.5894466,39.9079799
Car-1,2008-05-14 11:28:49,116.5894799,39.9079783
Car-1,2008-05-14 11:28:51,116.5895116,39.9079749
Car-1,2008-05-14 11:28:53,116.5895316,39.9079733
Car-1,2008-05-14 11:28:55,116.5895516,39.90797
Car-1,2008-05-14 11:28:57,116.5895633,39.90797
Car-1,2008-05-14 11:28:59,116.589585,39.9079666
Car-1,2008-05-14 11:29:01,116.5896183,39.9079633
Car-1,2008-05-14 11:29:03,116.5896633,39.9079616
Car-1,2008-05-14 11:29:05,116.5897233,39.9079583
Car-1,2008-05-14 11:29:07,116.5897649,39.9079583
Car-1,2008-05-14 11:29:09,116.5897733,39.9079599
Car-1,2008-05-14 11:29:11,116.5897799,39.9079616
Car-1,2008-05-14 11:29:13,116.5897983,39.9079616
Car-1,2008-05-14 11:29:15,116.5898433,39.9079616
Car-1,2008-05-14 11:29:17,116.5898666,39.9079616
Car-1,2008-05-14 11:29:23,116.5898666,39.9079616
Car-1,2008-05-14 11:29:25,116.589865,39.9079666
Car-1,2008-05-14 11:29:27,116.5899049,39.9079649
Car-1,2008-05-14 11:29:29,116.5899482,39.9079616
Car-1,2008-05-14 11:29:31,116.58998,39.9079616
Car-1,2008-05-14 11:29:33,116.5899949,39.9079599
Car-1,2008-05-14 11:29:35,116.5900033,39.9079599
Car-1,2008-05-14 11:29:39,116.5900033,39.9079599
Car-1,2008-05-14 11:29:41,116.5899949,39.9079633
Car-1,2008-05-14 11:29:43,116.5900266,39.9079616
Car-1,2008-05-14 11:29:45,116.5900583,39.9079616
Car-1,2008-05-14 11:29:47,116.5900849,39.9079599
Car-1,2008-05-14 11:29:49,116.590105,39.9079599
Car-1,2008-05-14 11:29:51,116.5901149,39.9079616
Car-1,2008-05-14 11:30:01,116.5901149,39.9079616
Car-1,2008-05-14 11:30:03,116.5901182,39.9079616
Car-1,2008-05-14 11:30:05,116.59016,39.9079616
Car-1,2008-05-14 11:30:07,116.590215,39.9079599
Car-1,2008-05-14 11:30:09,116.5902483,39.9079633
Car-1,2008-05-14 11:30:11,116.5902699,39.9079599
Car-1,2008-05-14 11:30:13,116.5902982,39.9079599
Car-1,2008-05-14 11:30:15,116.5903316,39.9079666
Car-1,2008-05-14 11:30:21,116.5903416,39.9079599
Car-1,2008-05-14 11:30:23,116.5904166,39.9079566
Car-1,2008-05-14 11:30:25,116.5905049,39.9079533
Car-1,2008-05-14 11:30:27,116.5906416,39.907945
Car-1,2008-05-14 11:30:29,116.5908266,39.9079349
Car-1,2008-05-14 11:30:31,116.5910383,39.9079349
Car-1,2008-05-14 11:30:33,116.5912683,39.9079333
Car-1,2008-05-14 11:30:35,116.5915216,39.9079249
Car-1,2008-05-14 11:30:37,116.5917683,39.9079183
Car-1,2008-05-14 11:30:39,116.5920066,39.9079083
Car-1,2008-05-14 11:30:41,116.5922299,39.9078983
Car-1,2008-05-14 11:30:43,116.5924432,39.9078916
Car-1,2008-05-14 11:30:45,116.5926449,39.9078816
Car-1,2008-05-14 11:30:47,116.5928416,39.90787
Car-1,2008-05-14 11:30:49,116.5930299,39.90786
Car-1,2008-05-14 11:30:51,116.5931966,39.9078483
Car-1,2008-05-14 11:30:53,116.5933132,39.9078466
Car-1,2008-05-14 11:30:55,116.5933866,39.9078499
Car-1,2008-05-14 11:30:57,116.593425,39.9078616
Car-1,2008-05-14 11:31:04,116.5934366,39.9078633
Car-1,2008-05-14 11:31:06,116.5934899,39.9078549
Car-1,2008-05-14 11:31:08,116.5935433,39.9078516
Car-1,2008-05-14 11:31:10,116.5935749,39.9078533
Car-1,2008-05-14 11:31:25,116.5935749,39.9078533
Car-1,2008-05-14 11:31:27,116.59358,39.9078566
Car-1,2008-05-14 11:31:29,116.5936249,39.9078533
Car-1,2008-05-14 11:31:31,116.5936699,39.9078516
Car-1,2008-05-14 11:31:33,116.5937366,39.9078499
Car-1,2008-05-14 11:31:35,116.5938266,39.9078499
Car-1,2008-05-14 11:31:37,116.5939116,39.9078499
Car-1,2008-05-14 11:31:39,116.5939883,39.90786
Car-1,2008-05-14 11:31:41,116.594055,39.9078633
Car-1,2008-05-14 11:31:43,116.5941133,39.9078666
Car-1,2008-05-14 11:31:45,116.5941583,39.9078633
Car-1,2008-05-14 11:31:47,116.5941883,39.90786
Car-1,2008-05-14 11:31:56,116.5941883,39.90786
Car-1,2008-05-14 11:31:58,116.594195,39.9078566
Car-1,2008-05-14 11:32:00,116.5941983,39.9078416
Car-1,2008-05-14 11:32:02,116.5942049,39.9078216
Car-1,2008-05-14 11:32:04,116.59421,39.9078
Car-1,2008-05-14 11:32:06,116.5942166,39.907775
Car-1,2008-05-14 11:32:08,116.5942199,39.9077666
Car-1,2008-05-14 11:32:13,116.5942216,39.90776
Car-1,2008-05-14 11:33:02,116.5942216,39.90776
Car-1,2008-05-14 11:33:04,116.5942216,39.9077583
Car-1,2008-05-14 11:33:06,116.5942566,39.9077583
Car-1,2008-05-14 11:33:08,116.5943082,39.9077566
Car-1,2008-05-14 11:33:10,116.5943716,39.9077566
Car-1,2008-05-14 11:33:12,116.5944383,39.9077549
Car-1,2008-05-14 11:33:14,116.59452,39.9077549
Car-1,2008-05-14 11:33:16,116.5946033,39.9077549
Car-1,2008-05-14 11:33:18,116.5946783,39.9077549
Car-1,2008-05-14 11:33:20,116.5947499,39.9077549
Car-1,2008-05-14 11:33:22,116.5948283,39.9077566
Car-1,2008-05-14 11:33:24,116.59491,39.9077633
Car-1,2008-05-14 11:33:26,116.5949833,39.9077766
Car-1,2008-05-14 11:33:28,116.5950433,39.9077916
Car-1,2008-05-14 11:33:30,116.5950766,39.9078183
Car-1,2008-05-14 11:33:32,116.5950549,39.9078649
Car-1,2008-05-14 11:33:34,116.5950299,39.90787
Car-1,2008-05-14 11:33:36,116.5950349,39.9078866
Car-1,2008-05-14 11:33:43,116.5950399,39.907915
Car-1,2008-05-14 11:33:45,116.5950116,39.9079483
Car-1,2008-05-14 11:33:47,116.5950016,39.908
Car-1,2008-05-14 11:33:49,116.5949133,39.9080616
Car-1,2008-05-14 11:33:51,116.5947949,39.9081466
Car-1,2008-05-14 11:33:53,116.5947516,39.9082632
Car-1,2008-05-14 11:33:55,116.5947366,39.9084133
Car-1,2008-05-14 11:33:57,116.5946916,39.9085433
Car-1,2008-05-14 11:33:59,116.5945933,39.908655
Car-1,2008-05-14 11:34:01,116.5944983,39.9087916
Car-1,2008-05-14 11:34:03,116.5944166,39.9089366
Car-1,2008-05-14 11:34:05,116.5943466,39.909075
Car-1,2008-05-14 11:34:07,116.594295,39.9092216
Car-1,2008-05-14 11:34:09,116.5942566,39.9093916
Car-1,2008-05-14 11:34:11,116.5942183,39.9095666
Car-1,2008-05-14 11:34:13,116.5941783,39.9097366
Car-1,2008-05-14 11:34:15,116.5941666,39.90992
Car-1,2008-05-14 11:34:17,116.5942033,39.9101183
Car-1,2008-05-14 11:34:19,116.5942499,39.9102883
Car-1,2008-05-14 11:34:21,116.59431,39.9104383
Car-1,2008-05-14 11:34:23,116.5943933,39.9105849
Car-1,2008-05-14 11:34:25,116.5945099,39.910715
Car-1,2008-05-14 11:34:27,116.5946349,39.9108166
Car-1,2008-05-14 11:34:29,116.5947583,39.9109033
Car-1,2008-05-14 11:34:31,116.5948816,39.9109816
Car-1,2008-05-14 11:34:33,116.5950333,39.9110533
Car-1,2008-05-14 11:34:35,116.5952266,39.9111116
Car-1,2008-05-14 11:34:37,116.5954549,39.9111449
Car-1,2008-05-14 11:34:39,116.5956883,39.9111716
Car-1,2008-05-14 11:34:41,116.5959249,39.9111933
Car-1,2008-05-14 11:34:43,116.5961699,39.9112149
Car-1,2008-05-14 11:34:45,116.5964232,39.9112383
Car-1,2008-05-14 11:34:47,116.5966766,39.9112583
Car-1,2008-05-14 11:34:49,116.5969383,39.91128
Car-1,2008-05-14 11:34:51,116.5972082,39.9113016
Car-1,2008-05-14 11:34:53,116.5974833,39.9113249
Car-1,2008-05-14 11:34:55,116.5977566,39.9113483
Car-1,2008-05-14 11:34:57,116.5980249,39.9113683
Car-1,2008-05-14 11:34:59,116.5982983,39.9113882
Car-1,2008-05-14 11:35:01,116.5985766,39.9114066
Car-1,2008-05-14 11:35:03,116.5988599,39.9114283
Car-1,2008-05-14 11:35:05,116.5991616,39.9114483
Car-1,2008-05-14 11:35:07,116.5994683,39.9114699
Car-1,2008-05-14 11:35:09,116.5997766,39.9114916
Car-1,2008-05-14 11:35:11,116.6000883,39.9115099
Car-1,2008-05-14 11:35:13,116.600405,39.91153
Car-1,2008-05-14 11:35:15,116.6007133,39.911555
Car-1,2008-05-14 11:35:17,116.60102,39.911575
Car-1,2008-05-14 11:35:19,116.6013083,39.9115983
Car-1,2008-05-14 11:35:21,116.6016016,39.9116216
Car-1,2008-05-14 11:35:23,116.6018849,39.9116433
Car-1,2008-05-14 11:35:25,116.6021799,39.9116633
Car-1,2008-05-14 11:35:27,116.6024716,39.9116833
Car-1,2008-05-14 11:35:29,116.6027566,39.9117
Car-1,2008-05-14 11:35:31,116.6030232,39.9117083
Car-1,2008-05-14 11:35:33,116.6032666,39.9117199
Car-1,2008-05-14 11:35:35,116.6035066,39.9117349
Car-1,2008-05-14 11:35:37,116.6037583,39.9117516
Car-1,2008-05-14 11:35:39,116.6040166,39.91177
Car-1,2008-05-14 11:35:41,116.6042649,39.9118049
Car-1,2008-05-14 11:35:43,116.604525,39.9118299
Car-1,2008-05-14 11:35:45,116.604775,39.91185
Car-1,2008-05-14 11:35:47,116.6050099,39.9118666
Car-1,2008-05-14 11:35:49,116.6052366,39.9118849
Car-1,2008-05-14 11:35:51,116.6054783,39.9118999
Car-1,2008-05-14 11:35:53,116.6057282,39.9119233
Car-1,2008-05-14 11:35:55,116.6059899,39.9119416
Car-1,2008-05-14 11:35:57,116.6062649,39.9119599
Car-1,2008-05-14 11:35:59,116.6065483,39.9119783
Car-1,2008-05-14 11:36:01,116.606835,39.9119983
Car-1,2008-05-14 11:36:03,116.6071249,39.9120166
Car-1,2008-05-14 11:36:05,116.6074183,39.9120399
Car-1,2008-05-14 11:36:07,116.6077166,39.91206
Car-1,2008-05-14 11:36:09,116.6080183,39.9120816
Car-1,2008-05-14 11:36:11,116.6083266,39.9121032
Car-1,2008-05-14 11:36:13,116.6086366,39.9121249
Car-1,2008-05-14 11:36:15,116.6089499,39.912145
Car-1,2008-05-14 11:36:17,116.6092566,39.9121683
Car-1,2008-05-14 11:36:19,116.6095599,39.91219
Car-1,2008-05-14 11:36:21,116.6098783,39.9122116
Car-1,2008-05-14 11:36:23,116.6102,39.9122316
Car-1,2008-05-14 11:36:25,116.6105233,39.9122566
Car-1,2008-05-14 11:36:27,116.6108566,39.9122816
Car-1,2008-05-14 11:36:29,116.6111899,39.9123049
Car-1,2008-05-14 11:36:31,116.6115166,39.9123283
Car-1,2008-05-14 11:36:33,116.6118349,39.9123499
Car-1,2008-05-14 11:36:35,116.6121516,39.91237
Car-1,2008-05-14 11:36:37,116.6124682,39.9123899
Car-1,2008-05-14 11:36:39,116.6127749,39.9124116
Car-1,2008-05-14 11:36:41,116.6130749,39.9124333
Car-1,2008-05-14 11:36:43,116.6133716,39.912455
Car-1,2008-05-14 11:36:45,116.6136533,39.9124766
Car-1,2008-05-14 11:36:47,116.6139,39.9124933
Car-1,2008-05-14 11:36:49,116.6140849,39.9125116
Car-1,2008-05-14 11:36:51,116.6141666,39.91254
Car-1,2008-05-14 11:36:53,116.6142283,39.9125783
Car-1,2008-05-14 11:36:55,116.6141983,39.9126516
Car-1,2008-05-14 11:36:57,116.6141849,39.91272
Car-1,2008-05-14 11:36:59,116.6141683,39.9127883
Car-1,2008-05-14 11:37:01,116.6141233,39.9128566
Car-1,2008-05-14 11:37:03,116.6140566,39.9129566
Car-1,2008-05-14 11:37:05,116.6139916,39.9130233
Car-1,2008-05-14 11:37:07,116.6138982,39.9130516
Car-1,2008-05-14 11:37:09,116.6137916,39.91306
Car-1,2008-05-14 11:37:11,116.6137083,39.9130833
Car-1,2008-05-14 11:37:13,116.613605,39.9130899
Car-1,2008-05-14 11:37:15,116.6134966,39.9131049
Car-1,2008-05-14 11:37:17,116.6134016,39.9131199
Car-1,2008-05-14 11:37:19,116.613295,39.9131266
Car-1,2008-05-14 11:37:21,116.6131899,39.91307
Car-1,2008-05-14 11:37:23,116.6131682,39.9130066
Car-1,2008-05-14 11:37:25,116.6131466,39.9129433
Car-1,2008-05-14 11:37:27,116.6130716,39.9128766
Car-1,2008-05-14 11:37:29,116.6130016,39.9128766
Car-1,2008-05-14 11:37:31,116.6129183,39.9128733
Car-1,2008-05-14 11:37:33,116.61282,39.9128666
Car-1,2008-05-14 11:37:35,116.6127183,39.9128566
Car-1,2008-05-14 11:37:37,116.6126349,39.9128549
Car-1,2008-05-14 11:37:39,116.6125583,39.9128549
Car-1,2008-05-14 11:37:41,116.6125016,39.9128299
Car-1,2008-05-14 11:37:43,116.612455,39.9127949
Car-1,2008-05-14 11:37:45,116.6124649,39.9127699
Car-1,2008-05-14 11:38:02,116.6124583,39.91276
Car-1,2008-05-14 11:38:04,116.6124666,39.9127616
