agent_id,time,lng,lat
Car-1,2008-05-30 06:51:58,116.330461,39.975478
Car-1,2008-05-30 06:51:59,116.330422,39.975481
Car-1,2008-05-30 06:54:53,116.33023,39.975689
Car-1,2008-05-30 06:54:54,116.330195,39.975695
Car-1,2008-05-30 06:54:55,116.33016,39.975712
Car-1,2008-05-30 06:54:56,116.330147,39.97572
Car-1,2008-05-30 06:54:57,116.330129,39.975726
Car-1,2008-05-30 06:54:58,116.330091,39.975736
Car-1,2008-05-30 06:54:59,116.33009,39.975745
Car-1,2008-05-30 06:55:00,116.33011,39.975754
Car-1,2008-05-30 06:55:01,116.33011,39.975759
Car-1,2008-05-30 06:55:02,116.330111,39.975762
Car-1,2008-05-30 06:55:03,116.330118,39.975764
Car-1,2008-05-30 06:55:04,116.330111,39.975769
Car-1,2008-05-30 06:55:05,116.330106,39.97577
Car-1,2008-05-30 06:55:06,116.330109,39.975767
Car-1,2008-05-30 06:55:07,116.330114,39.975762
Car-1,2008-05-30 06:55:08,116.330119,39.97576
Car-1,2008-05-30 06:55:10,116.330126,39.975749
Car-1,2008-05-30 06:55:11,116.330114,39.975747
Car-1,2008-05-30 06:55:16,116.330124,39.975747
Car-1,2008-05-30 06:55:21,116.330132,39.975745
Car-1,2008-05-30 06:55:24,116.330132,39.975745
Car-1,2008-05-30 06:55:26,116.330136,39.975739
Car-1,2008-05-30 06:55:30,116.330146,39.975737
Car-1,2008-05-30 06:55:31,116.330156,39.97574
Car-1,2008-05-30 06:55:32,116.330167,39.975738
Car-1,2008-05-30 06:55:33,116.330178,39.975736
Car-1,2008-05-30 06:55:34,116.330189,39.975733
Car-1,2008-05-30 06:55:35,116.330196,39.975723
Car-1,2008-05-30 06:55:36,116.330207,39.975722
Car-1,2008-05-30 06:55:37,116.330215,39.97572
Car-1,2008-05-30 06:55:38,116.330216,39.975714
Car-1,2008-05-30 06:55:39,116.330213,39.975703
Car-1,2008-05-30 06:55:40,116.330208,39.975692
Car-1,2008-05-30 06:55:41,116.330207,39.975686
Car-1,2008-05-30 06:55:44,116.33019,39.975671
Car-1,2008-05-30 06:55:45,116.33019,39.975668
Car-1,2008-05-30 06:55:46,116.330189,39.975665
Car-1,2008-05-30 06:55:47,116.330169,39.97566
Car-1,2008-05-30 06:55:48,116.330165,39.975653
Car-1,2008-05-30 06:55:49,116.330164,39.975647
Car-1,2008-05-30 06:55:50,116.330206,39.975676
Car-1,2008-05-30 06:55:51,116.330194,39.97568
Car-1,2008-05-30 06:55:53,116.330207,39.97568
Car-1,2008-05-30 06:55:55,116.330206,39.975682
Car-1,2008-05-30 06:55:56,116.3302,39.97569
Car-1,2008-05-30 06:55:57,116.330195,39.975704
Car-1,2008-05-30 06:55:58,116.33019,39.975704
Car-1,2008-05-30 06:55:59,116.330188,39.975709
Car-1,2008-05-30 06:56:00,116.330185,39.975714
Car-1,2008-05-30 06:56:01,116.330183,39.975718
Car-1,2008-05-30 06:56:02,116.330179,39.975725
Car-1,2008-05-30 06:56:03,116.330171,39.975734
Car-1,2008-05-30 06:56:04,116.330168,39.975744
Car-1,2008-05-30 06:56:05,116.330167,39.975751
Car-1,2008-05-30 06:56:06,116.330158,39.975756
Car-1,2008-05-30 06:56:07,116.330156,39.975757
Car-1,2008-05-30 06:56:08,116.330157,39.975756
Car-1,2008-05-30 06:56:11,116.330156,39.97577
Car-1,2008-05-30 06:56:16,116.330149,39.975772
Car-1,2008-05-30 06:56:21,116.330142,39.975777
Car-1,2008-05-30 06:56:25,116.33014,39.975782
Car-1,2008-05-30 06:56:26,116.330137,39.975783
Car-1,2008-05-30 06:56:27,116.330135,39.975783
Car-1,2008-05-30 06:56:28,116.330132,39.975779
Car-1,2008-05-30 06:56:29,116.330125,39.975781
Car-1,2008-05-30 06:56:30,116.330116,39.975782
Car-1,2008-05-30 06:56:31,116.3301,39.975785
Car-1,2008-05-30 06:56:32,116.33008,39.975787
Car-1,2008-05-30 06:56:33,116.330065,39.97579
Car-1,2008-05-30 06:56:34,116.330049,39.975794
Car-1,2008-05-30 06:56:35,116.330031,39.97579
Car-1,2008-05-30 06:56:36,116.330011,39.975794
Car-1,2008-05-30 06:56:37,116.329985,39.975809
Car-1,2008-05-30 06:56:38,116.329957,39.97582
Car-1,2008-05-30 06:56:39,116.329939,39.975816
Car-1,2008-05-30 06:56:40,116.329947,39.97575
Car-1,2008-05-30 06:56:41,116.329924,39.975744
Car-1,2008-05-30 06:56:42,116.329902,39.975738
Car-1,2008-05-30 06:56:43,116.329885,39.975732
Car-1,2008-05-30 06:56:44,116.329868,39.975728
Car-1,2008-05-30 06:56:45,116.329848,39.975725
Car-1,2008-05-30 06:56:46,116.329828,39.97572
Car-1,2008-05-30 06:56:47,116.329812,39.975702
Car-1,2008-05-30 06:56:48,116.3298,39.975683
Car-1,2008-05-30 06:56:49,116.329787,39.975667
Car-1,2008-05-30 06:56:50,116.329769,39.975653
Car-1,2008-05-30 06:56:51,116.329757,39.975642
Car-1,2008-05-30 06:56:52,116.329745,39.97563
Car-1,2008-05-30 06:56:53,116.329735,39.975616
Car-1,2008-05-30 06:56:54,116.329724,39.975599
Car-1,2008-05-30 06:56:55,116.329717,39.975583
Car-1,2008-05-30 06:56:56,116.329709,39.975574
Car-1,2008-05-30 06:56:57,116.329702,39.975563
Car-1,2008-05-30 06:56:58,116.32969,39.975542
Car-1,2008-05-30 06:56:59,116.329681,39.975532
Car-1,2008-05-30 06:57:00,116.329673,39.975525
Car-1,2008-05-30 06:57:01,116.329662,39.975519
Car-1,2008-05-30 06:57:02,116.329651,39.975516
Car-1,2008-05-30 06:57:03,116.329637,39.975517
Car-1,2008-05-30 06:57:04,116.329629,39.975524
Car-1,2008-05-30 06:57:05,116.329627,39.975534
Car-1,2008-05-30 06:57:06,116.329622,39.975543
Car-1,2008-05-30 06:57:08,116.329617,39.975559
Car-1,2008-05-30 06:57:10,116.329609,39.975569
Car-1,2008-05-30 06:57:15,116.329609,39.975568
Car-1,2008-05-30 06:57:18,116.329609,39.975568
Car-1,2008-05-30 06:57:20,116.329607,39.975569
Car-1,2008-05-30 06:57:21,116.32961,39.975579
Car-1,2008-05-30 06:57:25,116.329604,39.975589
Car-1,2008-05-30 06:57:27,116.329602,39.975592
Car-1,2008-05-30 06:57:28,116.329594,39.9756
Car-1,2008-05-30 06:57:29,116.329583,39.975606
Car-1,2008-05-30 06:57:31,116.329573,39.975619
Car-1,2008-05-30 06:57:32,116.329564,39.975625
Car-1,2008-05-30 06:57:33,116.32955,39.975628
Car-1,2008-05-30 06:57:34,116.329537,39.975632
Car-1,2008-05-30 06:57:35,116.329546,39.975664
Car-1,2008-05-30 06:57:36,116.329516,39.975664
Car-1,2008-05-30 06:57:37,116.329487,39.97566
Car-1,2008-05-30 06:57:38,116.329468,39.975663
Car-1,2008-05-30 06:57:39,116.329448,39.975663
Car-1,2008-05-30 06:57:40,116.329419,39.975668
Car-1,2008-05-30 06:57:41,116.329389,39.975671
Car-1,2008-05-30 06:57:42,116.329354,39.975678
Car-1,2008-05-30 06:57:43,116.329324,39.975682
Car-1,2008-05-30 06:57:44,116.329296,39.975692
Car-1,2008-05-30 06:57:45,116.329272,39.975698
Car-1,2008-05-30 06:57:46,116.329251,39.975708
Car-1,2008-05-30 06:57:47,116.329238,39.975716
Car-1,2008-05-30 06:57:48,116.329236,39.975721
Car-1,2008-05-30 06:57:49,116.329228,39.97574
Car-1,2008-05-30 06:57:50,116.329224,39.975754
Car-1,2008-05-30 06:57:52,116.32921,39.975759
Car-1,2008-05-30 06:57:53,116.329203,39.975762
Car-1,2008-05-30 06:57:54,116.329192,39.975762
Car-1,2008-05-30 06:57:55,116.329174,39.975761
Car-1,2008-05-30 06:57:56,116.329151,39.975759
Car-1,2008-05-30 06:57:57,116.329125,39.975761
Car-1,2008-05-30 06:57:58,116.329089,39.975763
Car-1,2008-05-30 06:57:59,116.329051,39.975766
Car-1,2008-05-30 06:58:00,116.329013,39.975776
Car-1,2008-05-30 06:58:01,116.328982,39.975785
Car-1,2008-05-30 06:58:02,116.328956,39.975784
Car-1,2008-05-30 06:58:03,116.328932,39.975789
Car-1,2008-05-30 06:58:04,116.32893,39.975806
Car-1,2008-05-30 06:58:05,116.328916,39.975815
Car-1,2008-05-30 06:58:06,116.328904,39.975825
Car-1,2008-05-30 06:58:07,116.328893,39.975837
Car-1,2008-05-30 06:58:08,116.328885,39.975848
Car-1,2008-05-30 06:58:09,116.328874,39.975854
Car-1,2008-05-30 06:59:25,116.328972,39.975673
Car-1,2008-05-30 06:59:28,116.328907,39.975556
Car-1,2008-05-30 06:59:29,116.328873,39.975545
Car-1,2008-05-30 06:59:30,116.328846,39.975526
Car-1,2008-05-30 06:59:31,116.328811,39.975511
Car-1,2008-05-30 06:59:32,116.328784,39.975502
Car-1,2008-05-30 06:59:33,116.328753,39.975494
Car-1,2008-05-30 06:59:34,116.328716,39.975478
Car-1,2008-05-30 06:59:35,116.328671,39.975467
Car-1,2008-05-30 06:59:36,116.328632,39.975452
Car-1,2008-05-30 06:59:37,116.328598,39.975444
Car-1,2008-05-30 06:59:38,116.328569,39.975428
Car-1,2008-05-30 06:59:39,116.328525,39.975419
Car-1,2008-05-30 06:59:40,116.328477,39.975416
Car-1,2008-05-30 06:59:41,116.328426,39.975411
Car-1,2008-05-30 06:59:42,116.328369,39.97541
Car-1,2008-05-30 06:59:43,116.328318,39.975409
Car-1,2008-05-30 06:59:44,116.32827,39.975406
Car-1,2008-05-30 06:59:45,116.328211,39.975408
Car-1,2008-05-30 06:59:46,116.32816,39.975391
Car-1,2008-05-30 06:59:47,116.328109,39.975379
Car-1,2008-05-30 06:59:48,116.328061,39.975374
Car-1,2008-05-30 06:59:49,116.32802,39.975372
Car-1,2008-05-30 06:59:50,116.327997,39.97537
Car-1,2008-05-30 06:59:51,116.327956,39.975375
Car-1,2008-05-30 06:59:52,116.327925,39.975385
Car-1,2008-05-30 06:59:53,116.327881,39.975407
Car-1,2008-05-30 06:59:54,116.32785,39.975424
Car-1,2008-05-30 06:59:55,116.327826,39.975444
Car-1,2008-05-30 06:59:56,116.327801,39.975472
Car-1,2008-05-30 06:59:57,116.327789,39.975511
Car-1,2008-05-30 06:59:58,116.32777,39.975565
Car-1,2008-05-30 06:59:59,116.327752,39.975616
Car-1,2008-05-30 07:00:00,116.327743,39.975668
Car-1,2008-05-30 07:00:01,116.327734,39.975721
Car-1,2008-05-30 07:00:02,116.327729,39.975776
Car-1,2008-05-30 07:00:03,116.327728,39.975837
Car-1,2008-05-30 07:00:04,116.327725,39.975894
Car-1,2008-05-30 07:00:05,116.327719,39.975963
Car-1,2008-05-30 07:00:06,116.327714,39.976031
Car-1,2008-05-30 07:00:07,116.327709,39.976091
Car-1,2008-05-30 07:00:08,116.327696,39.976158
Car-1,2008-05-30 07:00:09,116.327691,39.976233
Car-1,2008-05-30 07:00:10,116.327677,39.976302
Car-1,2008-05-30 07:00:11,116.327675,39.976382
Car-1,2008-05-30 07:00:12,116.327667,39.976461
Car-1,2008-05-30 07:00:13,116.327654,39.976532
Car-1,2008-05-30 07:00:14,116.327644,39.976608
Car-1,2008-05-30 07:00:15,116.327638,39.976686
Car-1,2008-05-30 07:00:16,116.327638,39.976766
Car-1,2008-05-30 07:00:17,116.327633,39.97686
Car-1,2008-05-30 07:00:18,116.327631,39.976961
Car-1,2008-05-30 07:00:19,116.327627,39.977052
Car-1,2008-05-30 07:00:20,116.327623,39.977145
Car-1,2008-05-30 07:00:21,116.327624,39.977241
Car-1,2008-05-30 07:00:22,116.327622,39.977345
Car-1,2008-05-30 07:00:23,116.327619,39.977443
Car-1,2008-05-30 07:00:24,116.32761,39.97754
Car-1,2008-05-30 07:00:25,116.327597,39.977638
Car-1,2008-05-30 07:00:26,116.327579,39.977746
Car-1,2008-05-30 07:00:27,116.327565,39.977854
Car-1,2008-05-30 07:00:28,116.327586,39.977982
Car-1,2008-05-30 07:00:29,116.327584,39.978088
Car-1,2008-05-30 07:00:30,116.327576,39.978186
Car-1,2008-05-30 07:00:31,116.327558,39.978281
Car-1,2008-05-30 07:00:32,116.327543,39.978374
Car-1,2008-05-30 07:00:33,116.32753,39.978469
Car-1,2008-05-30 07:00:34,116.327538,39.978562
Car-1,2008-05-30 07:00:35,116.327526,39.978644
Car-1,2008-05-30 07:00:36,116.327517,39.978742
Car-1,2008-05-30 07:00:37,116.327506,39.978834
Car-1,2008-05-30 07:00:38,116.327466,39.978928
Car-1,2008-05-30 07:00:39,116.327457,39.979028
Car-1,2008-05-30 07:00:40,116.327444,39.979136
Car-1,2008-05-30 07:00:41,116.32744,39.979228
Car-1,2008-05-30 07:00:42,116.327437,39.979317
Car-1,2008-05-30 07:00:43,116.327435,39.979399
Car-1,2008-05-30 07:00:44,116.327429,39.979475
Car-1,2008-05-30 07:00:45,116.327412,39.979533
Car-1,2008-05-30 07:01:43,116.327371,39.979768
Car-1,2008-05-30 07:01:44,116.327363,39.97981
Car-1,2008-05-30 07:01:45,116.327381,39.979849
Car-1,2008-05-30 07:01:46,116.327396,39.979901
Car-1,2008-05-30 07:01:47,116.327395,39.979965
Car-1,2008-05-30 07:01:48,116.327393,39.980036
Car-1,2008-05-30 07:01:49,116.327449,39.980097
Car-1,2008-05-30 07:01:50,116.327453,39.980166
Car-1,2008-05-30 07:01:51,116.327455,39.980242
Car-1,2008-05-30 07:01:52,116.327455,39.980327
Car-1,2008-05-30 07:01:53,116.327454,39.980413
Car-1,2008-05-30 07:01:54,116.32746,39.980506
Car-1,2008-05-30 07:01:55,116.327449,39.980601
Car-1,2008-05-30 07:01:56,116.327444,39.980698
Car-1,2008-05-30 07:01:57,116.327443,39.980794
Car-1,2008-05-30 07:01:58,116.32745,39.980899
Car-1,2008-05-30 07:01:59,116.327456,39.981013
Car-1,2008-05-30 07:02:00,116.327469,39.981138
Car-1,2008-05-30 07:02:01,116.327468,39.981231
Car-1,2008-05-30 07:02:02,116.327463,39.981326
Car-1,2008-05-30 07:02:03,116.327459,39.981424
Car-1,2008-05-30 07:02:04,116.327454,39.981521
Car-1,2008-05-30 07:02:05,116.327452,39.981614
Car-1,2008-05-30 07:02:06,116.32745,39.98171
Car-1,2008-05-30 07:02:07,116.327448,39.981805
Car-1,2008-05-30 07:02:08,116.327451,39.981903
Car-1,2008-05-30 07:02:09,116.32745,39.982006
Car-1,2008-05-30 07:02:10,116.327441,39.98211
Car-1,2008-05-30 07:02:11,116.327417,39.982212
Car-1,2008-05-30 07:02:12,116.327401,39.982313
Car-1,2008-05-30 07:02:13,116.327433,39.982408
Car-1,2008-05-30 07:02:14,116.32744,39.982505
Car-1,2008-05-30 07:02:15,116.327431,39.982598
Car-1,2008-05-30 07:02:16,116.327424,39.982683
Car-1,2008-05-30 07:02:17,116.327428,39.982755
Car-1,2008-05-30 07:02:18,116.327424,39.982821
Car-1,2008-05-30 07:02:19,116.327412,39.982858
Car-1,2008-05-30 07:02:20,116.327426,39.982894
Car-1,2008-05-30 07:02:21,116.327433,39.982921
Car-1,2008-05-30 07:02:22,116.327438,39.98295
Car-1,2008-05-30 07:02:23,116.327448,39.982968
Car-1,2008-05-30 07:02:24,116.32746,39.982988
Car-1,2008-05-30 07:02:25,116.32747,39.983017
Car-1,2008-05-30 07:02:26,116.327471,39.983041
Car-1,2008-05-30 07:02:27,116.327474,39.983067
Car-1,2008-05-30 07:02:28,116.327546,39.983084
Car-1,2008-05-30 07:02:29,116.327619,39.983107
Car-1,2008-05-30 07:02:30,116.327651,39.983134
Car-1,2008-05-30 07:02:31,116.327646,39.983167
Car-1,2008-05-30 07:02:32,116.327639,39.983201
Car-1,2008-05-30 07:02:33,116.327636,39.983228
Car-1,2008-05-30 07:02:34,116.327635,39.983258
Car-1,2008-05-30 07:02:35,116.327635,39.983303
Car-1,2008-05-30 07:02:36,116.327632,39.98336
Car-1,2008-05-30 07:02:37,116.327627,39.983409
Car-1,2008-05-30 07:02:38,116.327613,39.983442
Car-1,2008-05-30 07:02:39,116.327599,39.983476
Car-1,2008-05-30 07:02:40,116.32758,39.983509
Car-1,2008-05-30 07:02:41,116.327552,39.983545
Car-1,2008-05-30 07:02:42,116.327531,39.983579
Car-1,2008-05-30 07:02:43,116.327536,39.98364
Car-1,2008-05-30 07:02:44,116.327532,39.983689
Car-1,2008-05-30 07:02:45,116.327507,39.983738
Car-1,2008-05-30 07:02:46,116.327495,39.983786
Car-1,2008-05-30 07:02:47,116.327474,39.983829
Car-1,2008-05-30 07:02:48,116.327459,39.983877
Car-1,2008-05-30 07:02:49,116.327455,39.983924
Car-1,2008-05-30 07:02:50,116.327478,39.983981
Car-1,2008-05-30 07:02:51,116.327491,39.98403
Car-1,2008-05-30 07:02:52,116.327498,39.984077
Car-1,2008-05-30 07:02:53,116.327504,39.984119
Car-1,2008-05-30 07:02:54,116.327518,39.984167
Car-1,2008-05-30 07:02:55,116.327551,39.984215
Car-1,2008-05-30 07:02:56,116.327579,39.984249
Car-1,2008-05-30 07:02:57,116.32761,39.98428
Car-1,2008-05-30 07:02:58,116.327638,39.984309
Car-1,2008-05-30 07:02:59,116.327699,39.984323
Car-1,2008-05-30 07:03:00,116.327768,39.984343
Car-1,2008-05-30 07:03:01,116.327843,39.984358
Car-1,2008-05-30 07:03:02,116.327926,39.984375
Car-1,2008-05-30 07:03:03,116.328005,39.984393
Car-1,2008-05-30 07:03:04,116.328107,39.984389
Car-1,2008-05-30 07:03:05,116.328204,39.984408
Car-1,2008-05-30 07:03:06,116.328309,39.984418
Car-1,2008-05-30 07:03:07,116.328424,39.984433
Car-1,2008-05-30 07:03:08,116.328544,39.984442
Car-1,2008-05-30 07:03:09,116.328673,39.984458
Car-1,2008-05-30 07:03:10,116.328807,39.984475
Car-1,2008-05-30 07:03:11,116.32895,39.984498
Car-1,2008-05-30 07:03:12,116.329099,39.984518
Car-1,2008-05-30 07:03:13,116.329268,39.984525
Car-1,2008-05-30 07:03:14,116.329431,39.984535
Car-1,2008-05-30 07:03:15,116.329585,39.984545
Car-1,2008-05-30 07:03:16,116.329754,39.984553
Car-1,2008-05-30 07:03:17,116.329928,39.984552
Car-1,2008-05-30 07:03:18,116.330092,39.984569
Car-1,2008-05-30 07:03:19,116.330267,39.98458
Car-1,2008-05-30 07:03:20,116.330446,39.984591
Car-1,2008-05-30 07:03:21,116.33063,39.984605
Car-1,2008-05-30 07:03:22,116.330813,39.984614
Car-1,2008-05-30 07:03:23,116.330993,39.98463
Car-1,2008-05-30 07:03:24,116.331173,39.984642
Car-1,2008-05-30 07:03:25,116.331372,39.984651
Car-1,2008-05-30 07:03:26,116.331562,39.984683
Car-1,2008-05-30 07:03:27,116.331752,39.984702
Car-1,2008-05-30 07:03:28,116.331953,39.984728
Car-1,2008-05-30 07:03:29,116.332157,39.984754
Car-1,2008-05-30 07:03:30,116.332358,39.984771
Car-1,2008-05-30 07:03:31,116.332562,39.984791
Car-1,2008-05-30 07:03:32,116.332762,39.984812
Car-1,2008-05-30 07:03:33,116.332968,39.984825
Car-1,2008-05-30 07:03:34,116.333175,39.984834
Car-1,2008-05-30 07:03:35,116.333381,39.984847
Car-1,2008-05-30 07:03:36,116.333596,39.984853
Car-1,2008-05-30 07:03:37,116.333818,39.984846
Car-1,2008-05-30 07:03:38,116.334041,39.984839
Car-1,2008-05-30 07:03:39,116.334253,39.984851
Car-1,2008-05-30 07:03:40,116.334475,39.984849
Car-1,2008-05-30 07:03:41,116.334699,39.984858
Car-1,2008-05-30 07:03:42,116.334929,39.984868
Car-1,2008-05-30 07:03:43,116.335156,39.984886
Car-1,2008-05-30 07:03:44,116.335391,39.984887
Car-1,2008-05-30 07:03:45,116.335611,39.984894
Car-1,2008-05-30 07:03:46,116.33584,39.984907
Car-1,2008-05-30 07:03:47,116.336069,39.984921
Car-1,2008-05-30 07:03:48,116.336302,39.984918
Car-1,2008-05-30 07:03:49,116.33653,39.98493
Car-1,2008-05-30 07:03:50,116.336756,39.98493
Car-1,2008-05-30 07:03:51,116.336967,39.984943
Car-1,2008-05-30 07:03:52,116.337171,39.984956
Car-1,2008-05-30 07:03:53,116.33736,39.98497
Car-1,2008-05-30 07:03:54,116.337549,39.984988
Car-1,2008-05-30 07:03:55,116.337734,39.985007
Car-1,2008-05-30 07:03:56,116.337911,39.985029
Car-1,2008-05-30 07:03:57,116.338073,39.98505
Car-1,2008-05-30 07:03:58,116.338201,39.985069
Car-1,2008-05-30 07:03:59,116.338316,39.985086
Car-1,2008-05-30 07:04:00,116.33842,39.985101
Car-1,2008-05-30 07:04:01,116.338525,39.985116
Car-1,2008-05-30 07:04:02,116.338632,39.98513
Car-1,2008-05-30 07:04:03,116.33874,39.985138
Car-1,2008-05-30 07:04:04,116.338849,39.985149
Car-1,2008-05-30 07:04:05,116.338956,39.985149
Car-1,2008-05-30 07:04:06,116.339069,39.985145
Car-1,2008-05-30 07:04:07,116.339187,39.985155
Car-1,2008-05-30 07:04:08,116.339305,39.985151
Car-1,2008-05-30 07:04:09,116.339416,39.985149
Car-1,2008-05-30 07:04:10,116.339534,39.985159
Car-1,2008-05-30 07:04:11,116.33965,39.985161
Car-1,2008-05-30 07:04:12,116.339769,39.985173
Car-1,2008-05-30 07:04:13,116.339888,39.985172
Car-1,2008-05-30 07:04:14,116.340004,39.98517
Car-1,2008-05-30 07:04:15,116.340118,39.985175
Car-1,2008-05-30 07:04:16,116.340233,39.985187
Car-1,2008-05-30 07:04:17,116.340344,39.985183
Car-1,2008-05-30 07:04:18,116.340447,39.985185
Car-1,2008-05-30 07:04:19,116.340545,39.985191
Car-1,2008-05-30 07:04:20,116.340643,39.985192
Car-1,2008-05-30 07:04:21,116.340728,39.985192
Car-1,2008-05-30 07:04:22,116.34081,39.985196
Car-1,2008-05-30 07:04:23,116.340889,39.985196
Car-1,2008-05-30 07:04:24,116.340954,39.985193
Car-1,2008-05-30 07:04:25,116.341028,39.985197
Car-1,2008-05-30 07:04:26,116.341094,39.98521
Car-1,2008-05-30 07:04:27,116.341152,39.985219
Car-1,2008-05-30 07:04:28,116.341216,39.985231
Car-1,2008-05-30 07:04:29,116.341257,39.985227
Car-1,2008-05-30 07:04:30,116.341308,39.985229
Car-1,2008-05-30 07:04:31,116.341345,39.985231
Car-1,2008-05-30 07:04:32,116.341389,39.985229
Car-1,2008-05-30 07:04:33,116.341452,39.985223
Car-1,2008-05-30 07:04:34,116.341522,39.985232
Car-1,2008-05-30 07:04:35,116.341595,39.985238
Car-1,2008-05-30 07:04:36,116.341663,39.985226
Car-1,2008-05-30 07:04:37,116.341744,39.98522
Car-1,2008-05-30 07:04:38,116.341827,39.985221
Car-1,2008-05-30 07:04:39,116.341912,39.985226
Car-1,2008-05-30 07:04:40,116.341994,39.985229
Car-1,2008-05-30 07:04:41,116.342085,39.985234
Car-1,2008-05-30 07:04:42,116.342172,39.985237
Car-1,2008-05-30 07:04:43,116.34226,39.985245
Car-1,2008-05-30 07:04:44,116.342339,39.985252
Car-1,2008-05-30 07:04:45,116.342424,39.985262
Car-1,2008-05-30 07:04:46,116.342497,39.985267
Car-1,2008-05-30 07:04:47,116.342565,39.985273
Car-1,2008-05-30 07:04:48,116.342639,39.985274
Car-1,2008-05-30 07:04:49,116.342716,39.985275
Car-1,2008-05-30 07:04:50,116.342786,39.985269
Car-1,2008-05-30 07:04:51,116.34285,39.985262
Car-1,2008-05-30 07:04:52,116.34292,39.985264
Car-1,2008-05-30 07:04:53,116.342981,39.985261
Car-1,2008-05-30 07:04:54,116.343036,39.985256
Car-1,2008-05-30 07:04:55,116.343088,39.985254
Car-1,2008-05-30 07:04:56,116.343133,39.985255
Car-1,2008-05-30 07:04:57,116.34317,39.985254
Car-1,2008-05-30 07:04:58,116.343201,39.985255
Car-1,2008-05-30 07:04:59,116.343226,39.985253
Car-1,2008-05-30 07:05:00,116.343246,39.985249
Car-1,2008-05-30 07:05:01,116.343256,39.985244
Car-1,2008-05-30 07:05:02,116.343266,39.985246
Car-1,2008-05-30 07:05:03,116.343274,39.985243
Car-1,2008-05-30 07:05:04,116.34328,39.985241
Car-1,2008-05-30 07:05:05,116.34328,39.985237
Car-1,2008-05-30 07:05:06,116.343285,39.985239
Car-1,2008-05-30 07:05:07,116.343291,39.98524
Car-1,2008-05-30 07:05:08,116.343298,39.98524
Car-1,2008-05-30 07:05:09,116.343307,39.985239
Car-1,2008-05-30 07:05:10,116.343321,39.985231
Car-1,2008-05-30 07:05:11,116.343342,39.985223
Car-1,2008-05-30 07:05:12,116.343365,39.985215
Car-1,2008-05-30 07:05:13,116.343396,39.985203
Car-1,2008-05-30 07:05:14,116.343429,39.985194
Car-1,2008-05-30 07:05:15,116.343458,39.985199
Car-1,2008-05-30 07:05:16,116.343485,39.985209
Car-1,2008-05-30 07:05:17,116.343512,39.985227
Car-1,2008-05-30 07:05:18,116.343546,39.985225
Car-1,2008-05-30 07:05:19,116.343582,39.98523
Car-1,2008-05-30 07:05:20,116.343627,39.985234
Car-1,2008-05-30 07:05:21,116.34368,39.985232
Car-1,2008-05-30 07:05:22,116.343738,39.98523
Car-1,2008-05-30 07:05:23,116.343796,39.985225
Car-1,2008-05-30 07:05:24,116.343861,39.985225
Car-1,2008-05-30 07:05:25,116.343928,39.985223
Car-1,2008-05-30 07:05:26,116.343996,39.985222
Car-1,2008-05-30 07:05:27,116.34407,39.985219
Car-1,2008-05-30 07:05:28,116.344141,39.985224
Car-1,2008-05-30 07:05:29,116.344212,39.985225
Car-1,2008-05-30 07:05:30,116.344297,39.985222
Car-1,2008-05-30 07:05:31,116.344395,39.985229
Car-1,2008-05-30 07:05:32,116.344498,39.985241
Car-1,2008-05-30 07:05:33,116.344607,39.985244
Car-1,2008-05-30 07:05:34,116.344715,39.985249
Car-1,2008-05-30 07:05:35,116.34482,39.985254
Car-1,2008-05-30 07:05:36,116.344939,39.985258
Car-1,2008-05-30 07:05:37,116.345062,39.985263
Car-1,2008-05-30 07:05:38,116.345206,39.985265
Car-1,2008-05-30 07:05:39,116.345348,39.985269
Car-1,2008-05-30 07:05:40,116.345494,39.985277
Car-1,2008-05-30 07:05:41,116.345655,39.98528
Car-1,2008-05-30 07:05:42,116.345791,39.985285
Car-1,2008-05-30 07:05:43,116.345927,39.985289
Car-1,2008-05-30 07:05:44,116.346068,39.985295
Car-1,2008-05-30 07:05:45,116.346209,39.985303
Car-1,2008-05-30 07:05:46,116.346362,39.985324
Car-1,2008-05-30 07:05:47,116.346507,39.985336
Car-1,2008-05-30 07:05:48,116.346639,39.985346
Car-1,2008-05-30 07:05:49,116.346765,39.985365
Car-1,2008-05-30 07:05:50,116.346903,39.985364
Car-1,2008-05-30 07:05:51,116.347041,39.985368
Car-1,2008-05-30 07:05:52,116.347172,39.985367
Car-1,2008-05-30 07:05:53,116.347301,39.985373
Car-1,2008-05-30 07:05:54,116.347435,39.985391
Car-1,2008-05-30 07:05:55,116.347569,39.985403
Car-1,2008-05-30 07:05:56,116.347712,39.985404
Car-1,2008-05-30 07:05:57,116.347842,39.985409
Car-1,2008-05-30 07:05:58,116.347965,39.985413
Car-1,2008-05-30 07:05:59,116.348088,39.985418
Car-1,2008-05-30 07:06:00,116.348205,39.985419
Car-1,2008-05-30 07:06:01,116.34831,39.985433
Car-1,2008-05-30 07:06:02,116.348421,39.985438
Car-1,2008-05-30 07:06:03,116.348521,39.985436
Car-1,2008-05-30 07:06:04,116.348618,39.985435
Car-1,2008-05-30 07:06:05,116.348709,39.985436
Car-1,2008-05-30 07:06:06,116.348797,39.985437
Car-1,2008-05-30 07:06:07,116.34888,39.985441
Car-1,2008-05-30 07:06:08,116.348956,39.985441
Car-1,2008-05-30 07:06:09,116.349025,39.985448
Car-1,2008-05-30 07:06:10,116.349081,39.985454
Car-1,2008-05-30 07:06:11,116.349121,39.985455
Car-1,2008-05-30 07:06:12,116.349154,39.985459
Car-1,2008-05-30 07:06:13,116.349172,39.985465
Car-1,2008-05-30 07:06:14,116.349179,39.985468
Car-1,2008-05-30 07:06:15,116.349182,39.985472
Car-1,2008-05-30 07:06:16,116.349179,39.985475
Car-1,2008-05-30 07:06:17,116.349173,39.985483
Car-1,2008-05-30 07:06:18,116.349165,39.985488
Car-1,2008-05-30 07:06:19,116.349165,39.985492
Car-1,2008-05-30 07:06:20,116.349164,39.985495
Car-1,2008-05-30 07:06:21,116.349163,39.985499
Car-1,2008-05-30 07:06:22,116.349163,39.985502
Car-1,2008-05-30 07:06:23,116.349163,39.985506
Car-1,2008-05-30 07:06:24,116.349163,39.985509
Car-1,2008-05-30 07:06:25,116.349162,39.985512
Car-1,2008-05-30 07:06:26,116.349161,39.985515
Car-1,2008-05-30 07:06:27,116.349158,39.985518
Car-1,2008-05-30 07:06:28,116.349154,39.985521
Car-1,2008-05-30 07:06:29,116.34915,39.985525
Car-1,2008-05-30 07:06:33,116.349149,39.985533
Car-1,2008-05-30 07:06:34,116.349155,39.985534
Car-1,2008-05-30 07:06:35,116.349163,39.985536
Car-1,2008-05-30 07:06:36,116.349175,39.985536
Car-1,2008-05-30 07:06:37,116.349197,39.985529
Car-1,2008-05-30 07:06:38,116.349228,39.985524
Car-1,2008-05-30 07:06:39,116.349255,39.985522
Car-1,2008-05-30 07:06:40,116.349289,39.985526
Car-1,2008-05-30 07:06:41,116.349326,39.985532
Car-1,2008-05-30 07:06:42,116.349368,39.985535
Car-1,2008-05-30 07:06:43,116.34942,39.985536
Car-1,2008-05-30 07:06:44,116.349478,39.985535
Car-1,2008-05-30 07:06:45,116.349535,39.985536
Car-1,2008-05-30 07:06:46,116.349602,39.98554
Car-1,2008-05-30 07:06:47,116.349671,39.985543
Car-1,2008-05-30 07:06:48,116.349746,39.985545
Car-1,2008-05-30 07:06:49,116.349831,39.985553
Car-1,2008-05-30 07:06:50,116.34992,39.985554
Car-1,2008-05-30 07:06:51,116.350016,39.985556
Car-1,2008-05-30 07:06:52,116.350112,39.985554
Car-1,2008-05-30 07:06:53,116.350214,39.985552
Car-1,2008-05-30 07:06:54,116.350318,39.98555
Car-1,2008-05-30 07:06:55,116.35043,39.985545
Car-1,2008-05-30 07:06:56,116.350549,39.985539
Car-1,2008-05-30 07:06:57,116.350671,39.985537
Car-1,2008-05-30 07:06:58,116.350788,39.985531
Car-1,2008-05-30 07:06:59,116.350901,39.985533
Car-1,2008-05-30 07:07:00,116.35102,39.985543
Car-1,2008-05-30 07:07:01,116.351136,39.985548
Car-1,2008-05-30 07:07:02,116.351253,39.985557
Car-1,2008-05-30 07:07:03,116.351372,39.985575
Car-1,2008-05-30 07:07:04,116.35148,39.98558
Car-1,2008-05-30 07:07:05,116.351582,39.985584
Car-1,2008-05-30 07:07:06,116.351685,39.985592
Car-1,2008-05-30 07:07:07,116.351783,39.985601
Car-1,2008-05-30 07:07:08,116.351876,39.985611
Car-1,2008-05-30 07:07:09,116.35197,39.985628
Car-1,2008-05-30 07:07:10,116.352052,39.98563
Car-1,2008-05-30 07:07:11,116.352137,39.985632
Car-1,2008-05-30 07:07:12,116.352214,39.985632
Car-1,2008-05-30 07:07:13,116.352293,39.985633
Car-1,2008-05-30 07:07:14,116.35237,39.985635
Car-1,2008-05-30 07:07:15,116.35244,39.985641
Car-1,2008-05-30 07:07:16,116.352508,39.985645
Car-1,2008-05-30 07:07:17,116.352571,39.98564
Car-1,2008-05-30 07:07:18,116.352631,39.985629
Car-1,2008-05-30 07:07:19,116.352689,39.985621
Car-1,2008-05-30 07:07:20,116.352746,39.985619
Car-1,2008-05-30 07:07:21,116.352802,39.985618
Car-1,2008-05-30 07:07:22,116.352857,39.985615
Car-1,2008-05-30 07:07:23,116.352914,39.985623
Car-1,2008-05-30 07:07:24,116.352969,39.985626
Car-1,2008-05-30 07:07:25,116.353022,39.985635
Car-1,2008-05-30 07:07:26,116.353073,39.985642
Car-1,2008-05-30 07:07:27,116.353119,39.985639
Car-1,2008-05-30 07:07:28,116.353157,39.98564
Car-1,2008-05-30 07:07:29,116.353203,39.985639
Car-1,2008-05-30 07:07:30,116.353229,39.985636
Car-1,2008-05-30 07:07:31,116.353277,39.985635
Car-1,2008-05-30 07:07:32,116.353329,39.985635
Car-1,2008-05-30 07:07:33,116.353378,39.98564
Car-1,2008-05-30 07:07:34,116.35342,39.985639
Car-1,2008-05-30 07:07:35,116.353462,39.985637
Car-1,2008-05-30 07:07:36,116.353508,39.985637
Car-1,2008-05-30 07:07:37,116.353557,39.985638
Car-1,2008-05-30 07:07:38,116.353598,39.985636
Car-1,2008-05-30 07:07:39,116.353644,39.985635
Car-1,2008-05-30 07:07:40,116.353688,39.985629
Car-1,2008-05-30 07:07:41,116.353737,39.985622
Car-1,2008-05-30 07:07:42,116.353791,39.985624
Car-1,2008-05-30 07:07:43,116.353843,39.985626
Car-1,2008-05-30 07:07:44,116.353902,39.985619
Car-1,2008-05-30 07:07:45,116.353962,39.985611
Car-1,2008-05-30 07:07:46,116.354029,39.985618
Car-1,2008-05-30 07:07:47,116.354094,39.985608
Car-1,2008-05-30 07:07:48,116.35417,39.985606
Car-1,2008-05-30 07:07:49,116.354244,39.985604
Car-1,2008-05-30 07:07:50,116.354309,39.985603
Car-1,2008-05-30 07:07:51,116.354369,39.985601
Car-1,2008-05-30 07:07:52,116.354449,39.985606
Car-1,2008-05-30 07:07:53,116.35454,39.98562
Car-1,2008-05-30 07:07:54,116.354625,39.985622
Car-1,2008-05-30 07:07:55,116.354708,39.985628
Car-1,2008-05-30 07:07:56,116.35479,39.985635
Car-1,2008-05-30 07:07:57,116.354876,39.985641
Car-1,2008-05-30 07:07:58,116.354969,39.985643
Car-1,2008-05-30 07:07:59,116.355076,39.985649
Car-1,2008-05-30 07:08:00,116.355184,39.985651
Car-1,2008-05-30 07:08:01,116.355299,39.985651
Car-1,2008-05-30 07:08:02,116.355417,39.985652
Car-1,2008-05-30 07:08:03,116.355535,39.98565
Car-1,2008-05-30 07:08:04,116.355657,39.985649
Car-1,2008-05-30 07:08:05,116.355774,39.985656
Car-1,2008-05-30 07:08:06,116.355884,39.985666
Car-1,2008-05-30 07:08:07,116.355991,39.985669
Car-1,2008-05-30 07:08:08,116.356087,39.985675
Car-1,2008-05-30 07:08:09,116.356178,39.985678
Car-1,2008-05-30 07:08:10,116.356267,39.985686
Car-1,2008-05-30 07:08:11,116.356351,39.985699
Car-1,2008-05-30 07:08:12,116.356435,39.985695
Car-1,2008-05-30 07:08:13,116.356518,39.985704
Car-1,2008-05-30 07:08:14,116.356594,39.985716
Car-1,2008-05-30 07:08:15,116.356672,39.985717
Car-1,2008-05-30 07:08:16,116.356748,39.985718
Car-1,2008-05-30 07:08:17,116.35682,39.985722
Car-1,2008-05-30 07:08:18,116.356894,39.985701
Car-1,2008-05-30 07:08:19,116.356962,39.985702
Car-1,2008-05-30 07:08:20,116.357029,39.985702
Car-1,2008-05-30 07:08:21,116.357099,39.985707
Car-1,2008-05-30 07:08:22,116.357163,39.985713
Car-1,2008-05-30 07:08:23,116.357221,39.985718
Car-1,2008-05-30 07:08:24,116.357271,39.985728
Car-1,2008-05-30 07:08:25,116.35733,39.985735
Car-1,2008-05-30 07:08:26,116.357389,39.985751
Car-1,2008-05-30 07:08:27,116.357445,39.985775
Car-1,2008-05-30 07:08:28,116.357513,39.985792
Car-1,2008-05-30 07:08:29,116.35758,39.9858
Car-1,2008-05-30 07:08:30,116.35765,39.985797
Car-1,2008-05-30 07:08:31,116.357729,39.985791
Car-1,2008-05-30 07:08:32,116.357829,39.985765
Car-1,2008-05-30 07:08:33,116.357914,39.985768
Car-1,2008-05-30 07:08:34,116.358012,39.98577
Car-1,2008-05-30 07:08:35,116.358114,39.985769
Car-1,2008-05-30 07:08:36,116.358219,39.985769
Car-1,2008-05-30 07:08:37,116.358323,39.985772
Car-1,2008-05-30 07:08:38,116.358431,39.985771
Car-1,2008-05-30 07:08:39,116.358531,39.985779
Car-1,2008-05-30 07:08:40,116.358632,39.985786
Car-1,2008-05-30 07:08:41,116.358741,39.985792
Car-1,2008-05-30 07:08:42,116.358851,39.985797
Car-1,2008-05-30 07:08:43,116.358951,39.985802
Car-1,2008-05-30 07:08:44,116.359052,39.985797
Car-1,2008-05-30 07:08:45,116.359144,39.985801
Car-1,2008-05-30 07:08:46,116.359255,39.985803
Car-1,2008-05-30 07:08:47,116.359364,39.985814
Car-1,2008-05-30 07:08:48,116.359471,39.985825
Car-1,2008-05-30 07:08:49,116.35958,39.98583
Car-1,2008-05-30 07:08:50,116.359684,39.985821
Car-1,2008-05-30 07:08:51,116.359793,39.985817
Car-1,2008-05-30 07:08:52,116.359906,39.985818
Car-1,2008-05-30 07:08:53,116.360019,39.985818
Car-1,2008-05-30 07:08:54,116.360138,39.985823
Car-1,2008-05-30 07:08:55,116.360257,39.985829
Car-1,2008-05-30 07:08:56,116.360371,39.985829
Car-1,2008-05-30 07:08:57,116.36049,39.98584
Car-1,2008-05-30 07:08:58,116.360602,39.985851
Car-1,2008-05-30 07:08:59,116.36073,39.985842
Car-1,2008-05-30 07:09:00,116.360857,39.985841
Car-1,2008-05-30 07:09:01,116.360981,39.985845
Car-1,2008-05-30 07:09:02,116.361106,39.985855
Car-1,2008-05-30 07:09:03,116.361231,39.985872
Car-1,2008-05-30 07:09:04,116.361361,39.985884
Car-1,2008-05-30 07:09:05,116.361492,39.98589
Car-1,2008-05-30 07:09:06,116.36163,39.98589
Car-1,2008-05-30 07:09:07,116.361758,39.9859
Car-1,2008-05-30 07:09:08,116.361893,39.985904
Car-1,2008-05-30 07:09:09,116.362025,39.985909
Car-1,2008-05-30 07:09:10,116.362148,39.98591
Car-1,2008-05-30 07:09:11,116.362269,39.985907
Car-1,2008-05-30 07:09:12,116.362392,39.985907
Car-1,2008-05-30 07:09:13,116.362505,39.985909
Car-1,2008-05-30 07:09:14,116.362603,39.985921
Car-1,2008-05-30 07:09:15,116.362703,39.985917
Car-1,2008-05-30 07:09:16,116.362794,39.985928
Car-1,2008-05-30 07:09:17,116.362888,39.985926
Car-1,2008-05-30 07:09:18,116.362996,39.985916
Car-1,2008-05-30 07:09:19,116.363116,39.985918
Car-1,2008-05-30 07:09:20,116.363232,39.985921
Car-1,2008-05-30 07:09:21,116.363344,39.985921
Car-1,2008-05-30 07:09:22,116.363456,39.98593
Car-1,2008-05-30 07:09:23,116.363567,39.985924
Car-1,2008-05-30 07:09:24,116.363678,39.985926
Car-1,2008-05-30 07:09:25,116.363788,39.985922
Car-1,2008-05-30 07:09:26,116.363896,39.985921
Car-1,2008-05-30 07:09:27,116.364003,39.98592
Car-1,2008-05-30 07:09:28,116.364108,39.985914
Car-1,2008-05-30 07:09:29,116.364215,39.985917
Car-1,2008-05-30 07:09:30,116.364321,39.985915
Car-1,2008-05-30 07:09:31,116.364431,39.985914
Car-1,2008-05-30 07:09:32,116.364541,39.985914
Car-1,2008-05-30 07:09:33,116.364652,39.985914
Car-1,2008-05-30 07:09:34,116.364761,39.985914
Car-1,2008-05-30 07:09:35,116.364876,39.98591
Car-1,2008-05-30 07:09:36,116.364991,39.98591
Car-1,2008-05-30 07:09:37,116.365109,39.98591
Car-1,2008-05-30 07:09:38,116.365226,39.985912
Car-1,2008-05-30 07:09:39,116.365345,39.985915
Car-1,2008-05-30 07:09:40,116.365462,39.985918
Car-1,2008-05-30 07:09:41,116.365583,39.985922
Car-1,2008-05-30 07:09:42,116.36571,39.985925
Car-1,2008-05-30 07:09:43,116.365839,39.985931
Car-1,2008-05-30 07:09:44,116.365968,39.985937
Car-1,2008-05-30 07:09:45,116.366104,39.985937
Car-1,2008-05-30 07:09:46,116.366242,39.985935
Car-1,2008-05-30 07:09:47,116.36639,39.985933
Car-1,2008-05-30 07:09:48,116.366542,39.985934
Car-1,2008-05-30 07:09:49,116.366697,39.985923
Car-1,2008-05-30 07:09:50,116.366856,39.985927
Car-1,2008-05-30 07:09:51,116.367018,39.985932
Car-1,2008-05-30 07:09:52,116.367199,39.98593
Car-1,2008-05-30 07:09:53,116.36738,39.985928
Car-1,2008-05-30 07:09:54,116.367564,39.985926
Car-1,2008-05-30 07:09:55,116.367755,39.985923
Car-1,2008-05-30 07:09:56,116.36793,39.98592
Car-1,2008-05-30 07:09:57,116.368121,39.985924
Car-1,2008-05-30 07:09:58,116.368314,39.985932
Car-1,2008-05-30 07:09:59,116.368501,39.985946
Car-1,2008-05-30 07:10:00,116.368694,39.985959
Car-1,2008-05-30 07:10:01,116.368887,39.985968
Car-1,2008-05-30 07:10:02,116.369066,39.985982
Car-1,2008-05-30 07:10:03,116.369254,39.98599
Car-1,2008-05-30 07:10:04,116.369446,39.985995
Car-1,2008-05-30 07:10:05,116.369645,39.985998
Car-1,2008-05-30 07:10:06,116.369843,39.985998
Car-1,2008-05-30 07:10:07,116.370042,39.986001
Car-1,2008-05-30 07:10:08,116.370245,39.986008
Car-1,2008-05-30 07:10:09,116.370454,39.986033
Car-1,2008-05-30 07:10:10,116.370653,39.986042
Car-1,2008-05-30 07:10:11,116.370855,39.986043
Car-1,2008-05-30 07:10:12,116.371056,39.986053
Car-1,2008-05-30 07:10:13,116.371261,39.986066
Car-1,2008-05-30 07:10:14,116.371469,39.986076
Car-1,2008-05-30 07:10:15,116.371676,39.986089
Car-1,2008-05-30 07:10:16,116.371883,39.986103
Car-1,2008-05-30 07:10:17,116.372092,39.986112
Car-1,2008-05-30 07:10:18,116.372298,39.986123
Car-1,2008-05-30 07:10:19,116.372505,39.986134
Car-1,2008-05-30 07:10:20,116.372705,39.986139
Car-1,2008-05-30 07:10:21,116.372899,39.986145
Car-1,2008-05-30 07:10:22,116.373088,39.98615
Car-1,2008-05-30 07:10:23,116.373274,39.986157
Car-1,2008-05-30 07:10:24,116.373452,39.986166
Car-1,2008-05-30 07:10:25,116.373615,39.986176
Car-1,2008-05-30 07:10:26,116.373775,39.986182
Car-1,2008-05-30 07:10:27,116.373938,39.986188
Car-1,2008-05-30 07:10:28,116.37409,39.986191
Car-1,2008-05-30 07:10:29,116.374241,39.986189
Car-1,2008-05-30 07:10:30,116.374392,39.986191
Car-1,2008-05-30 07:10:31,116.374542,39.986194
Car-1,2008-05-30 07:10:32,116.374687,39.986202
Car-1,2008-05-30 07:10:33,116.374828,39.986211
Car-1,2008-05-30 07:10:34,116.374958,39.986209
Car-1,2008-05-30 07:10:35,116.375088,39.98621
Car-1,2008-05-30 07:10:36,116.37521,39.986212
Car-1,2008-05-30 07:10:37,116.375326,39.986213
Car-1,2008-05-30 07:10:38,116.375437,39.986217
Car-1,2008-05-30 07:10:39,116.375545,39.98622
Car-1,2008-05-30 07:10:40,116.375642,39.986222
Car-1,2008-05-30 07:10:41,116.37573,39.986221
Car-1,2008-05-30 07:10:42,116.375815,39.986225
Car-1,2008-05-30 07:10:43,116.375894,39.986233
Car-1,2008-05-30 07:10:44,116.375967,39.986245
Car-1,2008-05-30 07:10:45,116.376021,39.986254
Car-1,2008-05-30 07:10:46,116.376089,39.986259
Car-1,2008-05-30 07:10:47,116.376153,39.986259
Car-1,2008-05-30 07:10:48,116.376223,39.98626
Car-1,2008-05-30 07:10:49,116.376277,39.986257
Car-1,2008-05-30 07:10:50,116.376336,39.986265
Car-1,2008-05-30 07:10:51,116.376396,39.986274
Car-1,2008-05-30 07:10:52,116.376437,39.986282
Car-1,2008-05-30 07:10:53,116.376474,39.986278
Car-1,2008-05-30 07:10:54,116.376526,39.986273
Car-1,2008-05-30 07:10:55,116.376587,39.98628
Car-1,2008-05-30 07:10:56,116.376657,39.986276
Car-1,2008-05-30 07:10:57,116.376719,39.986277
Car-1,2008-05-30 07:10:58,116.376783,39.986275
Car-1,2008-05-30 07:10:59,116.37683,39.986283
Car-1,2008-05-30 07:11:00,116.376886,39.986287
Car-1,2008-05-30 07:11:01,116.376948,39.986291
Car-1,2008-05-30 07:11:02,116.377007,39.986297
Car-1,2008-05-30 07:11:03,116.377059,39.986303
Car-1,2008-05-30 07:11:04,116.377121,39.986303
Car-1,2008-05-30 07:11:05,116.377193,39.986298
Car-1,2008-05-30 07:11:06,116.377261,39.986297
Car-1,2008-05-30 07:11:07,116.37733,39.986289
Car-1,2008-05-30 07:11:08,116.377407,39.986281
Car-1,2008-05-30 07:11:09,116.377478,39.986274
Car-1,2008-05-30 07:11:10,116.377551,39.986281
Car-1,2008-05-30 07:11:11,116.377633,39.986259
Car-1,2008-05-30 07:11:12,116.377714,39.986259
Car-1,2008-05-30 07:11:13,116.377799,39.986256
Car-1,2008-05-30 07:11:14,116.377884,39.986256
Car-1,2008-05-30 07:11:15,116.377971,39.986258
Car-1,2008-05-30 07:11:16,116.378052,39.98626
Car-1,2008-05-30 07:11:17,116.378134,39.986262
Car-1,2008-05-30 07:11:18,116.378217,39.986267
Car-1,2008-05-30 07:11:19,116.378302,39.986278
Car-1,2008-05-30 07:11:20,116.378386,39.98629
Car-1,2008-05-30 07:11:21,116.378461,39.986293
Car-1,2008-05-30 07:11:22,116.378529,39.986295
Car-1,2008-05-30 07:11:23,116.378594,39.986299
Car-1,2008-05-30 07:11:24,116.378656,39.986294
Car-1,2008-05-30 07:11:25,116.378707,39.98629
Car-1,2008-05-30 07:11:26,116.378762,39.986292
Car-1,2008-05-30 07:11:27,116.378815,39.986299
Car-1,2008-05-30 07:11:28,116.378872,39.986304
Car-1,2008-05-30 07:11:29,116.378929,39.986307
Car-1,2008-05-30 07:11:30,116.378992,39.98631
Car-1,2008-05-30 07:11:31,116.379064,39.986312
Car-1,2008-05-30 07:11:32,116.379135,39.986316
Car-1,2008-05-30 07:11:33,116.379198,39.986328
Car-1,2008-05-30 07:11:34,116.379264,39.986334
Car-1,2008-05-30 07:11:35,116.379331,39.986344
Car-1,2008-05-30 07:11:36,116.379402,39.986342
Car-1,2008-05-30 07:11:37,116.379484,39.986343
Car-1,2008-05-30 07:11:38,116.379572,39.986344
Car-1,2008-05-30 07:11:39,116.379664,39.986342
Car-1,2008-05-30 07:11:40,116.37976,39.986344
Car-1,2008-05-30 07:11:41,116.379854,39.986351
Car-1,2008-05-30 07:11:42,116.379952,39.986347
Car-1,2008-05-30 07:11:43,116.380055,39.986351
Car-1,2008-05-30 07:11:44,116.380169,39.986356
Car-1,2008-05-30 07:11:45,116.380286,39.986354
Car-1,2008-05-30 07:11:46,116.380408,39.986364
Car-1,2008-05-30 07:11:47,116.380537,39.986377
Car-1,2008-05-30 07:11:48,116.380671,39.986392
Car-1,2008-05-30 07:11:49,116.380805,39.986404
Car-1,2008-05-30 07:11:50,116.380946,39.986409
Car-1,2008-05-30 07:11:51,116.381092,39.986414
Car-1,2008-05-30 07:11:52,116.381242,39.986418
Car-1,2008-05-30 07:11:53,116.381388,39.986426
Car-1,2008-05-30 07:11:54,116.381526,39.986439
Car-1,2008-05-30 07:11:55,116.381667,39.986448
Car-1,2008-05-30 07:11:56,116.381805,39.986454
Car-1,2008-05-30 07:11:57,116.38195,39.986459
Car-1,2008-05-30 07:11:58,116.382086,39.986462
Car-1,2008-05-30 07:11:59,116.38222,39.986464
Car-1,2008-05-30 07:12:00,116.382349,39.986467
Car-1,2008-05-30 07:12:01,116.382475,39.986467
Car-1,2008-05-30 07:12:02,116.382599,39.986469
Car-1,2008-05-30 07:12:03,116.382725,39.986477
Car-1,2008-05-30 07:12:04,116.382842,39.986483
Car-1,2008-05-30 07:12:05,116.382963,39.986491
Car-1,2008-05-30 07:12:06,116.383075,39.986496
Car-1,2008-05-30 07:12:07,116.383214,39.986508
Car-1,2008-05-30 07:12:08,116.383346,39.986513
Car-1,2008-05-30 07:12:09,116.38348,39.986513
Car-1,2008-05-30 07:12:10,116.383602,39.986504
Car-1,2008-05-30 07:12:11,116.383727,39.986502
Car-1,2008-05-30 07:12:12,116.383848,39.986509
Car-1,2008-05-30 07:12:13,116.383963,39.986517
Car-1,2008-05-30 07:12:14,116.384072,39.986524
Car-1,2008-05-30 07:12:15,116.384192,39.986529
Car-1,2008-05-30 07:12:16,116.384311,39.986534
Car-1,2008-05-30 07:12:17,116.384432,39.986541
Car-1,2008-05-30 07:12:18,116.384553,39.986546
Car-1,2008-05-30 07:12:19,116.384678,39.986551
Car-1,2008-05-30 07:12:20,116.384804,39.986555
Car-1,2008-05-30 07:12:21,116.38493,39.98656
Car-1,2008-05-30 07:12:22,116.385055,39.986564
Car-1,2008-05-30 07:12:23,116.385188,39.986565
Car-1,2008-05-30 07:12:24,116.385326,39.986562
Car-1,2008-05-30 07:12:25,116.385469,39.98656
Car-1,2008-05-30 07:12:26,116.385618,39.986561
Car-1,2008-05-30 07:12:27,116.38577,39.986562
Car-1,2008-05-30 07:12:28,116.385946,39.986558
Car-1,2008-05-30 07:12:29,116.386108,39.986561
Car-1,2008-05-30 07:12:30,116.386268,39.986565
Car-1,2008-05-30 07:12:31,116.386436,39.986568
Car-1,2008-05-30 07:12:32,116.386607,39.986573
Car-1,2008-05-30 07:12:33,116.386775,39.986576
Car-1,2008-05-30 07:12:34,116.38694,39.98658
Car-1,2008-05-30 07:12:35,116.387105,39.986583
Car-1,2008-05-30 07:12:36,116.38727,39.986586
Car-1,2008-05-30 07:12:37,116.387433,39.986588
Car-1,2008-05-30 07:12:38,116.387589,39.98659
Car-1,2008-05-30 07:12:39,116.387746,39.986591
Car-1,2008-05-30 07:12:40,116.387896,39.986592
Car-1,2008-05-30 07:12:41,116.38804,39.98659
Car-1,2008-05-30 07:12:42,116.388187,39.986589
Car-1,2008-05-30 07:12:43,116.388327,39.986586
Car-1,2008-05-30 07:12:44,116.388407,39.98657
Car-1,2008-05-30 07:12:45,116.388514,39.986572
Car-1,2008-05-30 07:12:46,116.388622,39.986578
Car-1,2008-05-30 07:12:47,116.388701,39.986576
Car-1,2008-05-30 07:12:48,116.388774,39.986567
Car-1,2008-05-30 07:12:49,116.388854,39.986572
Car-1,2008-05-30 07:12:50,116.388939,39.98658
Car-1,2008-05-30 07:12:51,116.389005,39.986584
Car-1,2008-05-30 07:12:52,116.389102,39.986588
Car-1,2008-05-30 07:12:53,116.389196,39.986591
Car-1,2008-05-30 07:12:54,116.389314,39.986591
Car-1,2008-05-30 07:12:55,116.389428,39.986591
Car-1,2008-05-30 07:12:56,116.389547,39.986594
Car-1,2008-05-30 07:12:57,116.389668,39.986601
Car-1,2008-05-30 07:12:58,116.389786,39.986613
Car-1,2008-05-30 07:12:59,116.389906,39.986626
Car-1,2008-05-30 07:13:00,116.390026,39.986647
Car-1,2008-05-30 07:13:01,116.390153,39.986659
Car-1,2008-05-30 07:13:02,116.390275,39.98667
Car-1,2008-05-30 07:13:03,116.390402,39.986677
Car-1,2008-05-30 07:13:04,116.390528,39.986682
Car-1,2008-05-30 07:13:05,116.390655,39.986685
Car-1,2008-05-30 07:13:06,116.390783,39.986687
Car-1,2008-05-30 07:13:07,116.390912,39.986692
Car-1,2008-05-30 07:13:08,116.391041,39.986699
Car-1,2008-05-30 07:13:09,116.391168,39.986705
Car-1,2008-05-30 07:13:10,116.391292,39.986711
Car-1,2008-05-30 07:13:11,116.391415,39.986717
Car-1,2008-05-30 07:13:12,116.39153,39.986705
Car-1,2008-05-30 07:13:13,116.391631,39.986695
Car-1,2008-05-30 07:13:14,116.391729,39.986685
Car-1,2008-05-30 07:13:15,116.391823,39.986673
Car-1,2008-05-30 07:13:16,116.391917,39.986672
Car-1,2008-05-30 07:13:17,116.392013,39.986676
Car-1,2008-05-30 07:13:18,116.392109,39.986683
Car-1,2008-05-30 07:13:19,116.392205,39.986693
Car-1,2008-05-30 07:13:20,116.392304,39.986702
Car-1,2008-05-30 07:13:21,116.392404,39.986705
Car-1,2008-05-30 07:13:22,116.392501,39.986708
Car-1,2008-05-30 07:13:23,116.392589,39.986712
Car-1,2008-05-30 07:13:24,116.392675,39.986715
Car-1,2008-05-30 07:13:25,116.392754,39.986716
Car-1,2008-05-30 07:13:26,116.392829,39.986717
Car-1,2008-05-30 07:13:27,116.392897,39.986719
Car-1,2008-05-30 07:13:28,116.392956,39.986723
Car-1,2008-05-30 07:13:29,116.39303,39.986724
Car-1,2008-05-30 07:13:30,116.393091,39.986721
Car-1,2008-05-30 07:13:31,116.393151,39.986717
Car-1,2008-05-30 07:13:32,116.393209,39.986717
Car-1,2008-05-30 07:13:33,116.393265,39.986718
Car-1,2008-05-30 07:13:34,116.393322,39.986716
Car-1,2008-05-30 07:13:35,116.393359,39.986721
Car-1,2008-05-30 07:13:36,116.393408,39.986721
Car-1,2008-05-30 07:13:37,116.393452,39.986727
Car-1,2008-05-30 07:13:38,116.393503,39.986733
Car-1,2008-05-30 07:13:39,116.393552,39.986718
Car-1,2008-05-30 07:13:40,116.393615,39.986725
Car-1,2008-05-30 07:13:41,116.393681,39.986722
Car-1,2008-05-30 07:13:42,116.393757,39.986724
Car-1,2008-05-30 07:13:43,116.393839,39.986724
Car-1,2008-05-30 07:13:44,116.393922,39.986728
Car-1,2008-05-30 07:13:45,116.394018,39.986736
Car-1,2008-05-30 07:13:46,116.394112,39.986743
Car-1,2008-05-30 07:13:47,116.394212,39.98675
Car-1,2008-05-30 07:13:48,116.394316,39.986758
Car-1,2008-05-30 07:13:49,116.394421,39.986768
Car-1,2008-05-30 07:13:50,116.394524,39.986773
Car-1,2008-05-30 07:13:51,116.394625,39.986768
Car-1,2008-05-30 07:13:52,116.394726,39.98677
Car-1,2008-05-30 07:13:53,116.394825,39.98677
Car-1,2008-05-30 07:13:54,116.394927,39.986777
Car-1,2008-05-30 07:13:55,116.395019,39.986779
Car-1,2008-05-30 07:13:56,116.395105,39.986779
Car-1,2008-05-30 07:13:57,116.39519,39.986783
Car-1,2008-05-30 07:13:58,116.395275,39.986786
Car-1,2008-05-30 07:13:59,116.395359,39.986786
Car-1,2008-05-30 07:14:00,116.395447,39.986792
Car-1,2008-05-30 07:14:01,116.395536,39.986791
Car-1,2008-05-30 07:14:02,116.395636,39.986793
Car-1,2008-05-30 07:14:03,116.395741,39.986796
Car-1,2008-05-30 07:14:04,116.39585,39.986795
Car-1,2008-05-30 07:14:05,116.395968,39.986796
Car-1,2008-05-30 07:14:06,116.396088,39.986799
Car-1,2008-05-30 07:14:07,116.396215,39.986804
Car-1,2008-05-30 07:14:08,116.396344,39.986808
Car-1,2008-05-30 07:14:09,116.396479,39.986814
Car-1,2008-05-30 07:14:10,116.396622,39.986818
Car-1,2008-05-30 07:14:11,116.396765,39.986821
Car-1,2008-05-30 07:14:12,116.396915,39.986824
Car-1,2008-05-30 07:14:13,116.397065,39.986828
Car-1,2008-05-30 07:14:14,116.397214,39.986831
Car-1,2008-05-30 07:14:15,116.397358,39.986833
Car-1,2008-05-30 07:14:16,116.397496,39.986836
Car-1,2008-05-30 07:14:17,116.397635,39.986841
Car-1,2008-05-30 07:14:18,116.397773,39.986843
Car-1,2008-05-30 07:14:19,116.397911,39.986846
Car-1,2008-05-30 07:14:20,116.398053,39.986846
Car-1,2008-05-30 07:14:21,116.398191,39.986852
Car-1,2008-05-30 07:14:22,116.398329,39.986858
Car-1,2008-05-30 07:14:23,116.398469,39.986863
Car-1,2008-05-30 07:14:24,116.39861,39.986878
Car-1,2008-05-30 07:14:25,116.398745,39.986889
Car-1,2008-05-30 07:14:26,116.398881,39.986899
Car-1,2008-05-30 07:14:27,116.399013,39.986907
Car-1,2008-05-30 07:14:28,116.399146,39.986912
Car-1,2008-05-30 07:14:29,116.399292,39.986926
Car-1,2008-05-30 07:14:30,116.399444,39.986933
Car-1,2008-05-30 07:14:31,116.399584,39.986937
Car-1,2008-05-30 07:14:32,116.399725,39.986939
Car-1,2008-05-30 07:14:33,116.399864,39.986942
Car-1,2008-05-30 07:14:34,116.400003,39.986944
Car-1,2008-05-30 07:14:35,116.40015,39.986949
Car-1,2008-05-30 07:14:36,116.400296,39.986957
Car-1,2008-05-30 07:14:37,116.400446,39.986966
Car-1,2008-05-30 07:14:38,116.400588,39.986962
Car-1,2008-05-30 07:14:39,116.400739,39.986966
Car-1,2008-05-30 07:14:40,116.400896,39.986981
Car-1,2008-05-30 07:14:41,116.401052,39.986982
Car-1,2008-05-30 07:14:42,116.401213,39.986988
Car-1,2008-05-30 07:14:43,116.401376,39.986994
Car-1,2008-05-30 07:14:44,116.401537,39.987003
Car-1,2008-05-30 07:14:45,116.4017,39.987013
Car-1,2008-05-30 07:14:46,116.401864,39.987017
Car-1,2008-05-30 07:14:47,116.40203,39.987021
Car-1,2008-05-30 07:14:48,116.402196,39.987023
Car-1,2008-05-30 07:14:49,116.40236,39.987024
Car-1,2008-05-30 07:14:50,116.402525,39.987024
Car-1,2008-05-30 07:14:51,116.402691,39.987028
Car-1,2008-05-30 07:14:52,116.402846,39.987023
Car-1,2008-05-30 07:14:53,116.403009,39.987029
Car-1,2008-05-30 07:14:54,116.403171,39.987033
Car-1,2008-05-30 07:14:55,116.403329,39.987035
Car-1,2008-05-30 07:14:56,116.403481,39.987033
Car-1,2008-05-30 07:14:57,116.403636,39.987035
Car-1,2008-05-30 07:14:58,116.403804,39.987044
Car-1,2008-05-30 07:14:59,116.403952,39.987047
Car-1,2008-05-30 07:15:00,116.404109,39.987055
Car-1,2008-05-30 07:15:01,116.404263,39.987063
Car-1,2008-05-30 07:15:02,116.404416,39.987067
Car-1,2008-05-30 07:15:03,116.404569,39.987076
Car-1,2008-05-30 07:15:04,116.404719,39.987083
Car-1,2008-05-30 07:15:05,116.404861,39.987085
Car-1,2008-05-30 07:15:06,116.405002,39.987089
Car-1,2008-05-30 07:15:07,116.405151,39.987099
Car-1,2008-05-30 07:15:08,116.405294,39.987104
Car-1,2008-05-30 07:15:09,116.405443,39.987109
Car-1,2008-05-30 07:15:10,116.405598,39.987113
Car-1,2008-05-30 07:15:11,116.405754,39.987119
Car-1,2008-05-30 07:15:12,116.405915,39.987125
Car-1,2008-05-30 07:15:13,116.406084,39.98713
Car-1,2008-05-30 07:15:14,116.40625,39.987136
Car-1,2008-05-30 07:15:15,116.406419,39.987149
Car-1,2008-05-30 07:15:16,116.406591,39.987162
Car-1,2008-05-30 07:15:17,116.406763,39.987172
Car-1,2008-05-30 07:15:18,116.406941,39.987179
Car-1,2008-05-30 07:15:19,116.407115,39.987195
Car-1,2008-05-30 07:15:20,116.40729,39.987212
Car-1,2008-05-30 07:15:21,116.407463,39.98722
Car-1,2008-05-30 07:15:22,116.407636,39.987225
Car-1,2008-05-30 07:15:23,116.4078,39.987228
Car-1,2008-05-30 07:15:24,116.407949,39.987227
Car-1,2008-05-30 07:15:25,116.408088,39.987227
Car-1,2008-05-30 07:15:26,116.408221,39.987239
Car-1,2008-05-30 07:15:27,116.408354,39.987241
Car-1,2008-05-30 07:15:28,116.408479,39.987244
Car-1,2008-05-30 07:15:29,116.408607,39.987244
Car-1,2008-05-30 07:15:30,116.408738,39.987244
Car-1,2008-05-30 07:15:31,116.408867,39.987245
Car-1,2008-05-30 07:15:32,116.408996,39.987249
Car-1,2008-05-30 07:15:33,116.409122,39.987253
Car-1,2008-05-30 07:15:34,116.409253,39.987257
Car-1,2008-05-30 07:15:35,116.409381,39.987263
Car-1,2008-05-30 07:15:36,116.409508,39.987269
Car-1,2008-05-30 07:15:37,116.409628,39.987269
Car-1,2008-05-30 07:15:38,116.409751,39.987271
Car-1,2008-05-30 07:15:39,116.409875,39.987288
Car-1,2008-05-30 07:15:40,116.41,39.987301
Car-1,2008-05-30 07:15:41,116.41013,39.987312
Car-1,2008-05-30 07:15:42,116.410267,39.987306
Car-1,2008-05-30 07:15:43,116.410405,39.987293
Car-1,2008-05-30 07:15:44,116.410561,39.987291
Car-1,2008-05-30 07:15:45,116.410724,39.987283
Car-1,2008-05-30 07:15:46,116.410881,39.987286
Car-1,2008-05-30 07:15:47,116.41104,39.98729
Car-1,2008-05-30 07:15:48,116.411198,39.987284
Car-1,2008-05-30 07:15:49,116.411347,39.987318
Car-1,2008-05-30 07:15:50,116.411507,39.987323
Car-1,2008-05-30 07:15:51,116.411674,39.987316
Car-1,2008-05-30 07:15:52,116.411833,39.987317
Car-1,2008-05-30 07:15:53,116.412003,39.987294
Car-1,2008-05-30 07:15:54,116.412168,39.987295
Car-1,2008-05-30 07:15:55,116.412335,39.987297
Car-1,2008-05-30 07:15:56,116.412496,39.987304
Car-1,2008-05-30 07:15:57,116.412651,39.98731
Car-1,2008-05-30 07:15:58,116.412799,39.987322
Car-1,2008-05-30 07:15:59,116.412944,39.98733
Car-1,2008-05-30 07:16:00,116.413086,39.987329
Car-1,2008-05-30 07:16:01,116.413232,39.987331
Car-1,2008-05-30 07:16:02,116.413376,39.987334
Car-1,2008-05-30 07:16:03,116.413523,39.987339
Car-1,2008-05-30 07:16:04,116.413674,39.987345
Car-1,2008-05-30 07:16:05,116.413832,39.987348
Car-1,2008-05-30 07:16:06,116.413995,39.987352
Car-1,2008-05-30 07:16:07,116.414163,39.98736
Car-1,2008-05-30 07:16:08,116.414331,39.987357
Car-1,2008-05-30 07:16:09,116.414504,39.987359
Car-1,2008-05-30 07:16:10,116.414678,39.987372
Car-1,2008-05-30 07:16:11,116.414856,39.987376
Car-1,2008-05-30 07:16:12,116.415041,39.987379
Car-1,2008-05-30 07:16:13,116.41523,39.987371
Car-1,2008-05-30 07:16:14,116.415417,39.987375
Car-1,2008-05-30 07:16:15,116.415604,39.987374
Car-1,2008-05-30 07:16:16,116.415789,39.987373
Car-1,2008-05-30 07:16:17,116.415973,39.98738
Car-1,2008-05-30 07:16:18,116.416163,39.987383
Car-1,2008-05-30 07:16:19,116.416361,39.987384
Car-1,2008-05-30 07:16:20,116.416558,39.987393
Car-1,2008-05-30 07:16:21,116.416757,39.987396
Car-1,2008-05-30 07:16:22,116.41696,39.9874
Car-1,2008-05-30 07:16:23,116.417165,39.987406
Car-1,2008-05-30 07:16:24,116.41736,39.987411
Car-1,2008-05-30 07:16:25,116.417557,39.987421
Car-1,2008-05-30 07:16:26,116.417749,39.98744
Car-1,2008-05-30 07:16:27,116.417935,39.987456
Car-1,2008-05-30 07:16:28,116.418119,39.987456
Car-1,2008-05-30 07:16:29,116.418297,39.987471
Car-1,2008-05-30 07:16:30,116.418473,39.987483
Car-1,2008-05-30 07:16:31,116.418647,39.987496
Car-1,2008-05-30 07:16:32,116.418815,39.987496
Car-1,2008-05-30 07:16:33,116.418982,39.987501
Car-1,2008-05-30 07:16:34,116.419143,39.987499
Car-1,2008-05-30 07:16:35,116.419299,39.987502
Car-1,2008-05-30 07:16:36,116.419449,39.987505
Car-1,2008-05-30 07:16:37,116.419605,39.987503
Car-1,2008-05-30 07:16:38,116.419763,39.98753
Car-1,2008-05-30 07:16:39,116.419921,39.987516
Car-1,2008-05-30 07:16:40,116.420079,39.987514
Car-1,2008-05-30 07:16:41,116.420236,39.987516
Car-1,2008-05-30 07:16:42,116.420388,39.987506
Car-1,2008-05-30 07:16:43,116.420534,39.987509
Car-1,2008-05-30 07:16:44,116.420671,39.987516
Car-1,2008-05-30 07:16:45,116.420799,39.987524
Car-1,2008-05-30 07:16:46,116.42092,39.987519
Car-1,2008-05-30 07:16:47,116.421043,39.987523
Car-1,2008-05-30 07:16:48,116.421158,39.987526
Car-1,2008-05-30 07:16:49,116.421268,39.98752
Car-1,2008-05-30 07:16:50,116.421375,39.987522
Car-1,2008-05-30 07:16:51,116.42148,39.98752
Car-1,2008-05-30 07:16:52,116.421577,39.987524
Car-1,2008-05-30 07:16:53,116.421681,39.987527
Car-1,2008-05-30 07:16:54,116.42179,39.987531
Car-1,2008-05-30 07:16:55,116.421902,39.987536
Car-1,2008-05-30 07:16:56,116.422019,39.987536
Car-1,2008-05-30 07:16:57,116.422133,39.987534
Car-1,2008-05-30 07:16:58,116.422256,39.987539
Car-1,2008-05-30 07:16:59,116.422378,39.987548
Car-1,2008-05-30 07:17:00,116.4225,39.987548
Car-1,2008-05-30 07:17:01,116.422623,39.987558
Car-1,2008-05-30 07:17:02,116.422749,39.987561
Car-1,2008-05-30 07:17:03,116.422873,39.987569
Car-1,2008-05-30 07:17:04,116.422999,39.987574
Car-1,2008-05-30 07:17:05,116.423124,39.98758
Car-1,2008-05-30 07:17:06,116.423249,39.987579
Car-1,2008-05-30 07:17:07,116.423361,39.98759
Car-1,2008-05-30 07:17:08,116.423463,39.9876
Car-1,2008-05-30 07:17:09,116.423561,39.987602
Car-1,2008-05-30 07:17:10,116.423658,39.987605
Car-1,2008-05-30 07:17:11,116.423739,39.987614
Car-1,2008-05-30 07:17:12,116.423812,39.98762
Car-1,2008-05-30 07:17:13,116.423875,39.987624
Car-1,2008-05-30 07:17:14,116.423922,39.987626
Car-1,2008-05-30 07:17:15,116.42397,39.987632
Car-1,2008-05-30 07:17:16,116.424013,39.987636
Car-1,2008-05-30 07:17:17,116.424053,39.987636
Car-1,2008-05-30 07:17:18,116.424091,39.987634
Car-1,2008-05-30 07:17:19,116.424126,39.987634
Car-1,2008-05-30 07:17:20,116.424157,39.98763
Car-1,2008-05-30 07:17:21,116.424189,39.987627
Car-1,2008-05-30 07:17:22,116.424221,39.987627
Car-1,2008-05-30 07:17:23,116.42425,39.987625
Car-1,2008-05-30 07:17:24,116.424278,39.987631
Car-1,2008-05-30 07:17:25,116.424304,39.987635
Car-1,2008-05-30 07:17:26,116.424323,39.987637
Car-1,2008-05-30 07:17:27,116.42435,39.987636
Car-1,2008-05-30 07:17:28,116.42438,39.987634
Car-1,2008-05-30 07:17:29,116.424416,39.987632
Car-1,2008-05-30 07:17:30,116.424442,39.987622
Car-1,2008-05-30 07:17:31,116.42447,39.987624
Car-1,2008-05-30 07:17:32,116.424505,39.987622
Car-1,2008-05-30 07:17:33,116.424539,39.987624
Car-1,2008-05-30 07:17:34,116.424567,39.98762
Car-1,2008-05-30 07:17:35,116.424616,39.987616
Car-1,2008-05-30 07:17:36,116.424672,39.987614
Car-1,2008-05-30 07:17:37,116.42473,39.987612
Car-1,2008-05-30 07:17:38,116.42479,39.987611
Car-1,2008-05-30 07:17:39,116.424855,39.987611
Car-1,2008-05-30 07:17:40,116.424924,39.9876
Car-1,2008-05-30 07:17:41,116.425,39.987596
Car-1,2008-05-30 07:17:42,116.425072,39.987599
Car-1,2008-05-30 07:17:43,116.425147,39.987601
Car-1,2008-05-30 07:17:44,116.425218,39.9876
Car-1,2008-05-30 07:17:45,116.425283,39.9876
Car-1,2008-05-30 07:17:46,116.42534,39.987603
Car-1,2008-05-30 07:17:47,116.425386,39.987608
Car-1,2008-05-30 07:17:48,116.425428,39.987612
Car-1,2008-05-30 07:17:49,116.425465,39.987612
Car-1,2008-05-30 07:17:50,116.425496,39.987615
Car-1,2008-05-30 07:17:51,116.425545,39.987627
Car-1,2008-05-30 07:17:52,116.425573,39.987644
Car-1,2008-05-30 07:17:53,116.425611,39.987659
Car-1,2008-05-30 07:17:54,116.425642,39.987681
Car-1,2008-05-30 07:17:55,116.425681,39.987702
Car-1,2008-05-30 07:17:56,116.425724,39.987722
Car-1,2008-05-30 07:17:57,116.42577,39.987735
Car-1,2008-05-30 07:17:58,116.425819,39.987748
Car-1,2008-05-30 07:17:59,116.425873,39.987753
Car-1,2008-05-30 07:18:00,116.42593,39.987755
Car-1,2008-05-30 07:18:01,116.425989,39.987755
Car-1,2008-05-30 07:18:02,116.426054,39.987745
Car-1,2008-05-30 07:18:03,116.426126,39.987721
Car-1,2008-05-30 07:18:04,116.426204,39.987694
Car-1,2008-05-30 07:18:05,116.426278,39.987662
Car-1,2008-05-30 07:18:06,116.426339,39.987658
Car-1,2008-05-30 07:18:07,116.426401,39.987656
Car-1,2008-05-30 07:18:08,116.426459,39.98765
Car-1,2008-05-30 07:18:09,116.426527,39.987629
Car-1,2008-05-30 07:18:10,116.426588,39.987634
Car-1,2008-05-30 07:18:11,116.426651,39.987637
Car-1,2008-05-30 07:18:12,116.426718,39.987642
Car-1,2008-05-30 07:18:13,116.426794,39.987646
Car-1,2008-05-30 07:18:14,116.426867,39.987649
Car-1,2008-05-30 07:18:15,116.426942,39.987655
Car-1,2008-05-30 07:18:16,116.427017,39.98766
Car-1,2008-05-30 07:18:17,116.42709,39.987665
Car-1,2008-05-30 07:18:18,116.427163,39.987671
Car-1,2008-05-30 07:18:19,116.427237,39.987676
Car-1,2008-05-30 07:18:20,116.427314,39.987683
Car-1,2008-05-30 07:18:21,116.427398,39.98769
Car-1,2008-05-30 07:18:22,116.427487,39.987696
Car-1,2008-05-30 07:18:23,116.427582,39.987698
Car-1,2008-05-30 07:18:24,116.427676,39.987704
Car-1,2008-05-30 07:18:25,116.427773,39.987709
Car-1,2008-05-30 07:18:26,116.427868,39.987717
Car-1,2008-05-30 07:18:27,116.427972,39.987723
Car-1,2008-05-30 07:18:28,116.428076,39.987726
Car-1,2008-05-30 07:18:29,116.428181,39.987738
Car-1,2008-05-30 07:18:30,116.428286,39.987745
Car-1,2008-05-30 07:18:31,116.428385,39.987753
Car-1,2008-05-30 07:18:32,116.428469,39.987769
Car-1,2008-05-30 07:18:33,116.428551,39.987785
Car-1,2008-05-30 07:18:34,116.428628,39.987804
Car-1,2008-05-30 07:18:35,116.428703,39.987824
Car-1,2008-05-30 07:18:36,116.428778,39.987838
Car-1,2008-05-30 07:18:37,116.428861,39.987843
Car-1,2008-05-30 07:18:38,116.428946,39.987842
Car-1,2008-05-30 07:18:39,116.429032,39.987837
Car-1,2008-05-30 07:18:40,116.42912,39.987833
Car-1,2008-05-30 07:18:41,116.429196,39.987838
Car-1,2008-05-30 07:18:42,116.429282,39.987843
Car-1,2008-05-30 07:18:43,116.429369,39.987853
Car-1,2008-05-30 07:18:44,116.429463,39.987862
Car-1,2008-05-30 07:18:45,116.429562,39.987864
Car-1,2008-05-30 07:18:46,116.429661,39.987875
Car-1,2008-05-30 07:18:47,116.429754,39.987891
Car-1,2008-05-30 07:18:48,116.42985,39.987904
Car-1,2008-05-30 07:18:49,116.429952,39.987913
Car-1,2008-05-30 07:18:50,116.430058,39.987931
Car-1,2008-05-30 07:18:51,116.430157,39.987951
Car-1,2008-05-30 07:18:52,116.430253,39.987963
Car-1,2008-05-30 07:18:53,116.430352,39.987956
Car-1,2008-05-30 07:18:54,116.430452,39.987942
Car-1,2008-05-30 07:18:55,116.430552,39.987927
Car-1,2008-05-30 07:18:56,116.430663,39.987885
Car-1,2008-05-30 07:18:57,116.430761,39.987879
Car-1,2008-05-30 07:18:58,116.430868,39.987869
Car-1,2008-05-30 07:18:59,116.430979,39.987854
Car-1,2008-05-30 07:19:00,116.431096,39.987838
Car-1,2008-05-30 07:19:01,116.431221,39.987814
Car-1,2008-05-30 07:19:02,116.431352,39.987787
Car-1,2008-05-30 07:19:03,116.431482,39.987766
Car-1,2008-05-30 07:19:04,116.431614,39.987742
Car-1,2008-05-30 07:19:05,116.43175,39.987728
Car-1,2008-05-30 07:19:06,116.431897,39.987706
Car-1,2008-05-30 07:19:07,116.432036,39.987704
Car-1,2008-05-30 07:19:08,116.432196,39.987692
Car-1,2008-05-30 07:19:09,116.432356,39.987659
Car-1,2008-05-30 07:19:10,116.43252,39.987636
Car-1,2008-05-30 07:19:11,116.43269,39.987608
Car-1,2008-05-30 07:19:12,116.43286,39.987577
Car-1,2008-05-30 07:19:13,116.433033,39.987528
Car-1,2008-05-30 07:19:14,116.433204,39.987476
Car-1,2008-05-30 07:19:15,116.433386,39.987408
Car-1,2008-05-30 07:19:16,116.433596,39.987288
Car-1,2008-05-30 07:19:17,116.433791,39.987224
Car-1,2008-05-30 07:19:18,116.433995,39.987143
Car-1,2008-05-30 07:19:19,116.434185,39.987075
Car-1,2008-05-30 07:19:20,116.434371,39.987014
Car-1,2008-05-30 07:19:21,116.434562,39.986952
Car-1,2008-05-30 07:19:22,116.434767,39.986887
Car-1,2008-05-30 07:19:23,116.434964,39.986826
Car-1,2008-05-30 07:19:24,116.435162,39.986762
Car-1,2008-05-30 07:19:25,116.435361,39.98669
Car-1,2008-05-30 07:19:26,116.435566,39.986612
Car-1,2008-05-30 07:19:27,116.435777,39.986534
Car-1,2008-05-30 07:19:28,116.435981,39.986449
Car-1,2008-05-30 07:19:29,116.436179,39.986363
Car-1,2008-05-30 07:19:30,116.436378,39.986269
Car-1,2008-05-30 07:19:31,116.436577,39.986177
Car-1,2008-05-30 07:19:32,116.436776,39.986081
Car-1,2008-05-30 07:19:33,116.436975,39.985993
Car-1,2008-05-30 07:19:34,116.437183,39.98591
Car-1,2008-05-30 07:19:35,116.437385,39.985836
Car-1,2008-05-30 07:19:36,116.437582,39.985757
Car-1,2008-05-30 07:19:37,116.437792,39.985658
Car-1,2008-05-30 07:19:38,116.437996,39.985566
Car-1,2008-05-30 07:19:39,116.438203,39.985483
Car-1,2008-05-30 07:19:40,116.438405,39.985408
Car-1,2008-05-30 07:19:41,116.438592,39.985331
Car-1,2008-05-30 07:19:42,116.438784,39.985251
Car-1,2008-05-30 07:19:43,116.438977,39.985182
Car-1,2008-05-30 07:19:44,116.439181,39.985095
Car-1,2008-05-30 07:19:45,116.439376,39.985021
Car-1,2008-05-30 07:19:46,116.43956,39.984955
Car-1,2008-05-30 07:19:47,116.439746,39.984893
Car-1,2008-05-30 07:19:48,116.439931,39.984828
Car-1,2008-05-30 07:19:49,116.440121,39.98477
Car-1,2008-05-30 07:19:50,116.440306,39.984703
Car-1,2008-05-30 07:19:51,116.440495,39.984628
Car-1,2008-05-30 07:19:52,116.440681,39.984553
Car-1,2008-05-30 07:19:53,116.440868,39.984478
Car-1,2008-05-30 07:19:54,116.441051,39.98441
Car-1,2008-05-30 07:19:55,116.441238,39.984335
Car-1,2008-05-30 07:19:56,116.441429,39.984266
Car-1,2008-05-30 07:19:57,116.441617,39.984185
Car-1,2008-05-30 07:19:58,116.441803,39.984094
Car-1,2008-05-30 07:19:59,116.441986,39.983998
Car-1,2008-05-30 07:20:00,116.442164,39.983904
Car-1,2008-05-30 07:20:01,116.442334,39.983803
Car-1,2008-05-30 07:20:02,116.442503,39.983705
Car-1,2008-05-30 07:20:03,116.442665,39.983604
Car-1,2008-05-30 07:20:04,116.442829,39.983498
Car-1,2008-05-30 07:20:05,116.442989,39.983392
Car-1,2008-05-30 07:20:06,116.443146,39.983289
Car-1,2008-05-30 07:20:07,116.443307,39.983176
Car-1,2008-05-30 07:20:08,116.443463,39.983064
Car-1,2008-05-30 07:20:09,116.443618,39.982956
Car-1,2008-05-30 07:20:10,116.443771,39.982848
Car-1,2008-05-30 07:20:11,116.443915,39.982747
Car-1,2008-05-30 07:20:12,116.444058,39.982648
Car-1,2008-05-30 07:20:13,116.444202,39.982544
Car-1,2008-05-30 07:20:14,116.444349,39.982441
Car-1,2008-05-30 07:20:15,116.444489,39.982344
Car-1,2008-05-30 07:20:16,116.444627,39.982251
Car-1,2008-05-30 07:20:17,116.44476,39.982158
Car-1,2008-05-30 07:20:18,116.444886,39.982072
Car-1,2008-05-30 07:20:19,116.445013,39.981992
Car-1,2008-05-30 07:20:20,116.445139,39.981911
Car-1,2008-05-30 07:20:21,116.445257,39.981832
Car-1,2008-05-30 07:20:22,116.445368,39.981753
Car-1,2008-05-30 07:20:23,116.445478,39.981674
Car-1,2008-05-30 07:20:24,116.445587,39.981594
Car-1,2008-05-30 07:20:25,116.445694,39.981511
Car-1,2008-05-30 07:20:26,116.44581,39.981423
Car-1,2008-05-30 07:20:27,116.445924,39.981334
Car-1,2008-05-30 07:20:28,116.446039,39.98124
Car-1,2008-05-30 07:20:29,116.446157,39.981147
Car-1,2008-05-30 07:20:30,116.446282,39.981058
Car-1,2008-05-30 07:20:31,116.446412,39.980973
Car-1,2008-05-30 07:20:32,116.446538,39.980889
Car-1,2008-05-30 07:20:33,116.44667,39.980804
Car-1,2008-05-30 07:20:34,116.4468,39.980721
Car-1,2008-05-30 07:20:35,116.44692,39.98064
Car-1,2008-05-30 07:20:36,116.447034,39.980559
Car-1,2008-05-30 07:20:37,116.447157,39.980476
Car-1,2008-05-30 07:20:38,116.447276,39.980396
Car-1,2008-05-30 07:20:39,116.447371,39.980317
Car-1,2008-05-30 07:20:40,116.447479,39.980242
Car-1,2008-05-30 07:20:41,116.447581,39.980167
Car-1,2008-05-30 07:20:42,116.447667,39.980094
Car-1,2008-05-30 07:20:43,116.447743,39.980024
Car-1,2008-05-30 07:20:45,116.447736,39.980034
Car-1,2008-05-30 07:20:46,116.447696,39.98006
Car-1,2008-05-30 07:20:47,116.447686,39.980065
Car-1,2008-05-30 07:20:48,116.447676,39.980072
Car-1,2008-05-30 07:20:49,116.44767,39.98009
Car-1,2008-05-30 07:20:50,116.447662,39.980098
Car-1,2008-05-30 07:20:51,116.447657,39.980104
Car-1,2008-05-30 07:20:54,116.447652,39.980105
Car-1,2008-05-30 07:20:56,116.447656,39.980101
Car-1,2008-05-30 07:20:57,116.447659,39.980099
Car-1,2008-05-30 07:20:58,116.447661,39.980098
Car-1,2008-05-30 07:20:59,116.447664,39.980096
Car-1,2008-05-30 07:21:00,116.447669,39.980093
Car-1,2008-05-30 07:21:01,116.447676,39.980088
Car-1,2008-05-30 07:21:02,116.447703,39.980081
Car-1,2008-05-30 07:21:03,116.447721,39.980077
Car-1,2008-05-30 07:21:04,116.447746,39.980063
Car-1,2008-05-30 07:21:05,116.447775,39.980047
Car-1,2008-05-30 07:21:06,116.447809,39.980028
Car-1,2008-05-30 07:21:07,116.447849,39.980006
Car-1,2008-05-30 07:21:08,116.447898,39.979978
Car-1,2008-05-30 07:21:09,116.447953,39.979942
Car-1,2008-05-30 07:21:10,116.448001,39.979913
Car-1,2008-05-30 07:21:11,116.448055,39.979881
Car-1,2008-05-30 07:21:12,116.448115,39.979838
Car-1,2008-05-30 07:21:13,116.448173,39.9798
Car-1,2008-05-30 07:21:14,116.448239,39.979756
Car-1,2008-05-30 07:21:15,116.448313,39.979709
Car-1,2008-05-30 07:21:16,116.448374,39.979668
Car-1,2008-05-30 07:21:17,116.448426,39.979632
Car-1,2008-05-30 07:21:18,116.448478,39.979598
Car-1,2008-05-30 07:21:19,116.448523,39.979565
Car-1,2008-05-30 07:21:20,116.44856,39.979541
Car-1,2008-05-30 07:21:21,116.448597,39.979519
Car-1,2008-05-30 07:21:22,116.448627,39.979501
Car-1,2008-05-30 07:21:23,116.448663,39.97948
Car-1,2008-05-30 07:21:24,116.448695,39.979458
Car-1,2008-05-30 07:21:25,116.44872,39.979441
Car-1,2008-05-30 07:21:26,116.448756,39.979417
Car-1,2008-05-30 07:21:27,116.448789,39.979388
Car-1,2008-05-30 07:21:28,116.44883,39.979361
Car-1,2008-05-30 07:21:29,116.448869,39.979334
Car-1,2008-05-30 07:21:30,116.448912,39.979306
Car-1,2008-05-30 07:21:31,116.448953,39.979276
Car-1,2008-05-30 07:21:32,116.448996,39.979246
Car-1,2008-05-30 07:21:33,116.449038,39.97922
Car-1,2008-05-30 07:21:34,116.449078,39.979191
Car-1,2008-05-30 07:21:35,116.44912,39.97916
Car-1,2008-05-30 07:21:36,116.44917,39.979125
Car-1,2008-05-30 07:21:37,116.449224,39.97909
Car-1,2008-05-30 07:21:38,116.44928,39.979054
Car-1,2008-05-30 07:21:39,116.44934,39.979016
Car-1,2008-05-30 07:21:40,116.449402,39.978977
Car-1,2008-05-30 07:21:41,116.449461,39.978938
Car-1,2008-05-30 07:21:42,116.449521,39.978896
Car-1,2008-05-30 07:21:43,116.449584,39.978853
Car-1,2008-05-30 07:21:44,116.44966,39.978805
Car-1,2008-05-30 07:21:45,116.449735,39.978761
Car-1,2008-05-30 07:21:46,116.449818,39.978715
Car-1,2008-05-30 07:21:47,116.449902,39.978668
Car-1,2008-05-30 07:21:48,116.449985,39.978625
Car-1,2008-05-30 07:21:49,116.450069,39.978581
Car-1,2008-05-30 07:21:50,116.450151,39.978537
Car-1,2008-05-30 07:21:51,116.450222,39.978487
Car-1,2008-05-30 07:21:52,116.450288,39.97844
Car-1,2008-05-30 07:21:53,116.450352,39.978395
Car-1,2008-05-30 07:21:54,116.450416,39.978349
Car-1,2008-05-30 07:21:55,116.450479,39.978305
Car-1,2008-05-30 07:21:56,116.450535,39.978259
Car-1,2008-05-30 07:21:57,116.450598,39.978216
Car-1,2008-05-30 07:21:58,116.45066,39.978176
Car-1,2008-05-30 07:21:59,116.45072,39.978139
Car-1,2008-05-30 07:22:00,116.450777,39.978105
Car-1,2008-05-30 07:22:01,116.450834,39.978071
Car-1,2008-05-30 07:22:02,116.450888,39.978032
Car-1,2008-05-30 07:22:03,116.450945,39.977991
Car-1,2008-05-30 07:22:04,116.451002,39.97795
Car-1,2008-05-30 07:22:05,116.451056,39.977908
Car-1,2008-05-30 07:22:06,116.451111,39.97787
Car-1,2008-05-30 07:22:07,116.451163,39.977837
Car-1,2008-05-30 07:22:08,116.451211,39.977808
Car-1,2008-05-30 07:22:09,116.451252,39.977783
Car-1,2008-05-30 07:22:10,116.451292,39.977762
Car-1,2008-05-30 07:22:11,116.451323,39.977737
Car-1,2008-05-30 07:22:12,116.451355,39.977714
Car-1,2008-05-30 07:22:13,116.45139,39.97769
Car-1,2008-05-30 07:22:14,116.451429,39.977664
Car-1,2008-05-30 07:22:15,116.451473,39.977633
Car-1,2008-05-30 07:22:16,116.451519,39.977603
Car-1,2008-05-30 07:22:17,116.451566,39.977579
Car-1,2008-05-30 07:22:18,116.451622,39.977554
Car-1,2008-05-30 07:22:19,116.451659,39.977532
Car-1,2008-05-30 07:22:20,116.451707,39.977505
Car-1,2008-05-30 07:22:21,116.451749,39.977478
Car-1,2008-05-30 07:22:22,116.451792,39.977452
Car-1,2008-05-30 07:22:23,116.451816,39.977427
Car-1,2008-05-30 07:22:24,116.451861,39.977395
Car-1,2008-05-30 07:22:25,116.451904,39.977367
Car-1,2008-05-30 07:22:26,116.451943,39.977346
Car-1,2008-05-30 07:22:27,116.451986,39.977326
Car-1,2008-05-30 07:22:28,116.452032,39.977304
Car-1,2008-05-30 07:22:29,116.452082,39.977277
Car-1,2008-05-30 07:22:30,116.452136,39.977249
Car-1,2008-05-30 07:22:31,116.452178,39.977223
Car-1,2008-05-30 07:22:32,116.452231,39.977192
Car-1,2008-05-30 07:22:33,116.452287,39.977163
Car-1,2008-05-30 07:22:34,116.452345,39.977133
Car-1,2008-05-30 07:22:35,116.452404,39.977102
Car-1,2008-05-30 07:22:36,116.452463,39.977073
Car-1,2008-05-30 07:22:37,116.45252,39.977044
Car-1,2008-05-30 07:22:38,116.452573,39.977015
Car-1,2008-05-30 07:22:39,116.452629,39.976984
Car-1,2008-05-30 07:22:40,116.452685,39.976955
Car-1,2008-05-30 07:22:41,116.452744,39.976924
Car-1,2008-05-30 07:22:42,116.452805,39.976889
Car-1,2008-05-30 07:22:43,116.452869,39.976851
Car-1,2008-05-30 07:22:44,116.452937,39.976808
Car-1,2008-05-30 07:22:45,116.453007,39.976761
Car-1,2008-05-30 07:22:46,116.453078,39.976712
Car-1,2008-05-30 07:22:47,116.453154,39.976662
Car-1,2008-05-30 07:22:48,116.453229,39.976613
Car-1,2008-05-30 07:22:49,116.453301,39.976565
Car-1,2008-05-30 07:22:50,116.453375,39.976518
Car-1,2008-05-30 07:22:51,116.453446,39.976474
Car-1,2008-05-30 07:22:52,116.453518,39.976421
Car-1,2008-05-30 07:22:53,116.453587,39.97637
Car-1,2008-05-30 07:22:54,116.453652,39.97632
Car-1,2008-05-30 07:22:55,116.45372,39.976267
Car-1,2008-05-30 07:22:56,116.453786,39.976217
Car-1,2008-05-30 07:22:57,116.453854,39.976166
Car-1,2008-05-30 07:22:58,116.453925,39.976119
Car-1,2008-05-30 07:22:59,116.453993,39.976069
Car-1,2008-05-30 07:23:00,116.454063,39.97602
Car-1,2008-05-30 07:23:01,116.454131,39.975971
Car-1,2008-05-30 07:23:02,116.454192,39.975927
Car-1,2008-05-30 07:23:03,116.454245,39.975894
Car-1,2008-05-30 07:23:04,116.454287,39.975861
Car-1,2008-05-30 07:23:05,116.454325,39.975838
Car-1,2008-05-30 07:23:06,116.454355,39.975817
Car-1,2008-05-30 07:23:07,116.454381,39.975798
Car-1,2008-05-30 07:23:08,116.454406,39.975782
Car-1,2008-05-30 07:23:09,116.454431,39.975763
Car-1,2008-05-30 07:23:10,116.454449,39.975742
Car-1,2008-05-30 07:23:11,116.454465,39.97572
Car-1,2008-05-30 07:23:12,116.454479,39.975701
Car-1,2008-05-30 07:23:13,116.454497,39.975685
Car-1,2008-05-30 07:23:14,116.454512,39.975676
Car-1,2008-05-30 07:23:15,116.454526,39.975663
Car-1,2008-05-30 07:23:16,116.45454,39.975649
Car-1,2008-05-30 07:23:17,116.454555,39.975634
Car-1,2008-05-30 07:23:18,116.454578,39.975617
Car-1,2008-05-30 07:23:19,116.454613,39.975587
Car-1,2008-05-30 07:23:20,116.454647,39.975562
Car-1,2008-05-30 07:23:21,116.45468,39.975539
Car-1,2008-05-30 07:23:22,116.454707,39.975523
Car-1,2008-05-30 07:23:23,116.454733,39.975504
Car-1,2008-05-30 07:23:24,116.454742,39.975499
Car-1,2008-05-30 07:23:25,116.454751,39.975499
Car-1,2008-05-30 07:23:26,116.454756,39.975496
Car-1,2008-05-30 07:23:28,116.454767,39.975501
Car-1,2008-05-30 07:23:29,116.454771,39.975502
Car-1,2008-05-30 07:23:30,116.454775,39.975503
Car-1,2008-05-30 07:23:31,116.454778,39.975505
Car-1,2008-05-30 07:23:32,116.454781,39.975507
Car-1,2008-05-30 07:23:33,116.454784,39.975509
Car-1,2008-05-30 07:23:34,116.454787,39.97551
Car-1,2008-05-30 07:23:35,116.454791,39.97551
Car-1,2008-05-30 07:23:36,116.454795,39.97551
Car-1,2008-05-30 07:23:37,116.4548,39.975509
Car-1,2008-05-30 07:23:38,116.454805,39.975505
Car-1,2008-05-30 07:23:39,116.454812,39.9755
Car-1,2008-05-30 07:23:40,116.454819,39.975494
Car-1,2008-05-30 07:23:41,116.454828,39.975487
Car-1,2008-05-30 07:23:42,116.454844,39.975474
Car-1,2008-05-30 07:23:43,116.454864,39.97546
Car-1,2008-05-30 07:23:44,116.454887,39.975445
Car-1,2008-05-30 07:23:45,116.454909,39.975431
Car-1,2008-05-30 07:23:46,116.454929,39.97542
Car-1,2008-05-30 07:23:47,116.454946,39.975412
Car-1,2008-05-30 07:23:48,116.454969,39.975406
Car-1,2008-05-30 07:23:49,116.454989,39.975394
Car-1,2008-05-30 07:23:50,116.455007,39.975382
Car-1,2008-05-30 07:23:51,116.455023,39.975368
Car-1,2008-05-30 07:23:52,116.455047,39.975344
Car-1,2008-05-30 07:23:53,116.455062,39.975323
Car-1,2008-05-30 07:23:54,116.455083,39.975305
Car-1,2008-05-30 07:23:55,116.455109,39.975283
Car-1,2008-05-30 07:23:56,116.455142,39.975257
Car-1,2008-05-30 07:23:57,116.45518,39.975235
Car-1,2008-05-30 07:23:58,116.455214,39.975215
Car-1,2008-05-30 07:23:59,116.455249,39.975197
Car-1,2008-05-30 07:24:00,116.455274,39.975179
Car-1,2008-05-30 07:24:01,116.455291,39.975163
Car-1,2008-05-30 07:24:02,116.455309,39.975138
Car-1,2008-05-30 07:24:03,116.455321,39.975113
Car-1,2008-05-30 07:24:04,116.455331,39.975087
Car-1,2008-05-30 07:24:05,116.45535,39.975061
Car-1,2008-05-30 07:24:06,116.455369,39.975037
Car-1,2008-05-30 07:24:07,116.455396,39.975013
Car-1,2008-05-30 07:24:08,116.455425,39.974985
Car-1,2008-05-30 07:24:09,116.455454,39.974958
Car-1,2008-05-30 07:24:10,116.455471,39.974936
Car-1,2008-05-30 07:24:11,116.455497,39.974909
Car-1,2008-05-30 07:24:12,116.455523,39.974889
Car-1,2008-05-30 07:24:13,116.45555,39.974872
Car-1,2008-05-30 07:24:14,116.455582,39.97485
Car-1,2008-05-30 07:24:15,116.455608,39.974831
Car-1,2008-05-30 07:24:16,116.455649,39.974808
Car-1,2008-05-30 07:24:17,116.455691,39.974789
Car-1,2008-05-30 07:24:18,116.455737,39.974768
Car-1,2008-05-30 07:24:19,116.455783,39.974745
Car-1,2008-05-30 07:24:20,116.455828,39.97472
Car-1,2008-05-30 07:24:21,116.455874,39.974696
Car-1,2008-05-30 07:24:22,116.455925,39.974665
Car-1,2008-05-30 07:24:23,116.455977,39.974634
Car-1,2008-05-30 07:24:24,116.456029,39.974605
Car-1,2008-05-30 07:24:25,116.456082,39.974575
Car-1,2008-05-30 07:24:26,116.45613,39.974549
Car-1,2008-05-30 07:24:27,116.456175,39.974523
Car-1,2008-05-30 07:24:28,116.456218,39.974495
Car-1,2008-05-30 07:24:29,116.456259,39.974475
Car-1,2008-05-30 07:24:30,116.456302,39.974451
Car-1,2008-05-30 07:24:31,116.456346,39.974427
Car-1,2008-05-30 07:24:32,116.456392,39.974399
Car-1,2008-05-30 07:24:33,116.456439,39.974368
Car-1,2008-05-30 07:24:34,116.456488,39.974335
Car-1,2008-05-30 07:24:35,116.456533,39.974305
Car-1,2008-05-30 07:24:36,116.456581,39.974272
Car-1,2008-05-30 07:24:37,116.456628,39.974242
Car-1,2008-05-30 07:24:38,116.456677,39.97421
Car-1,2008-05-30 07:24:39,116.456727,39.974174
Car-1,2008-05-30 07:24:40,116.456782,39.974139
Car-1,2008-05-30 07:24:41,116.456839,39.974106
Car-1,2008-05-30 07:24:42,116.456896,39.974072
Car-1,2008-05-30 07:24:43,116.456951,39.974039
Car-1,2008-05-30 07:24:44,116.457008,39.974005
Car-1,2008-05-30 07:24:45,116.457064,39.973972
Car-1,2008-05-30 07:24:46,116.457121,39.973938
Car-1,2008-05-30 07:24:47,116.457176,39.973936
Car-1,2008-05-30 07:24:49,116.457303,39.973806
Car-1,2008-05-30 07:24:50,116.457409,39.973743
Car-1,2008-05-30 07:24:51,116.457469,39.973691
Car-1,2008-05-30 07:24:52,116.457545,39.973666
Car-1,2008-05-30 07:24:53,116.457633,39.973628
Car-1,2008-05-30 07:24:54,116.45773,39.973576
Car-1,2008-05-30 07:24:55,116.457808,39.973537
Car-1,2008-05-30 07:24:56,116.457889,39.973491
Car-1,2008-05-30 07:24:57,116.457956,39.973453
Car-1,2008-05-30 07:24:58,116.458018,39.973413
Car-1,2008-05-30 07:24:59,116.458089,39.973357
Car-1,2008-05-30 07:25:00,116.458154,39.973295
Car-1,2008-05-30 07:25:01,116.458207,39.973242
Car-1,2008-05-30 07:25:02,116.458261,39.97319
Car-1,2008-05-30 07:25:03,116.458319,39.973143
Car-1,2008-05-30 07:25:04,116.458399,39.973087
Car-1,2008-05-30 07:25:05,116.458478,39.973035
Car-1,2008-05-30 07:25:06,116.458559,39.972981
Car-1,2008-05-30 07:25:07,116.458637,39.972924
Car-1,2008-05-30 07:25:08,116.458714,39.97287
Car-1,2008-05-30 07:25:09,116.458787,39.972825
Car-1,2008-05-30 07:25:10,116.458865,39.972769
Car-1,2008-05-30 07:25:11,116.458939,39.972723
Car-1,2008-05-30 07:25:12,116.459011,39.972677
Car-1,2008-05-30 07:25:13,116.459089,39.972631
Car-1,2008-05-30 07:25:14,116.459168,39.972585
Car-1,2008-05-30 07:25:15,116.459239,39.972543
Car-1,2008-05-30 07:25:16,116.459309,39.972497
Car-1,2008-05-30 07:25:17,116.459372,39.972456
Car-1,2008-05-30 07:25:18,116.45943,39.97242
Car-1,2008-05-30 07:25:19,116.459484,39.972384
Car-1,2008-05-30 07:25:20,116.459537,39.972348
Car-1,2008-05-30 07:25:21,116.459586,39.972315
Car-1,2008-05-30 07:25:22,116.459622,39.972287
Car-1,2008-05-30 07:25:23,116.459663,39.972257
Car-1,2008-05-30 07:25:24,116.459703,39.972226
Car-1,2008-05-30 07:25:25,116.459744,39.972187
Car-1,2008-05-30 07:25:26,116.459782,39.972163
Car-1,2008-05-30 07:25:27,116.459817,39.972135
Car-1,2008-05-30 07:25:28,116.459862,39.972099
Car-1,2008-05-30 07:25:29,116.459912,39.972057
Car-1,2008-05-30 07:25:30,116.459969,39.972012
Car-1,2008-05-30 07:25:31,116.460027,39.971971
Car-1,2008-05-30 07:25:32,116.460085,39.971931
Car-1,2008-05-30 07:25:33,116.460143,39.97189
Car-1,2008-05-30 07:25:34,116.4602,39.971856
Car-1,2008-05-30 07:25:35,116.460259,39.97182
Car-1,2008-05-30 07:25:36,116.460325,39.971783
Car-1,2008-05-30 07:25:37,116.460387,39.971743
Car-1,2008-05-30 07:25:38,116.460446,39.971703
Car-1,2008-05-30 07:25:39,116.460506,39.971663
Car-1,2008-05-30 07:25:40,116.460562,39.971619
Car-1,2008-05-30 07:25:41,116.460621,39.971575
Car-1,2008-05-30 07:25:42,116.460682,39.971533
Car-1,2008-05-30 07:25:43,116.46074,39.971487
Car-1,2008-05-30 07:25:44,116.460799,39.971441
Car-1,2008-05-30 07:25:45,116.460855,39.971402
Car-1,2008-05-30 07:25:46,116.4609,39.971371
Car-1,2008-05-30 07:25:47,116.460943,39.971336
Car-1,2008-05-30 07:25:48,116.460977,39.971313
Car-1,2008-05-30 07:25:49,116.461015,39.971286
Car-1,2008-05-30 07:25:50,116.461054,39.971261
Car-1,2008-05-30 07:25:51,116.461092,39.971235
Car-1,2008-05-30 07:25:52,116.461127,39.971211
Car-1,2008-05-30 07:25:53,116.461167,39.971183
Car-1,2008-05-30 07:25:54,116.461211,39.971154
Car-1,2008-05-30 07:25:55,116.46126,39.971125
Car-1,2008-05-30 07:25:56,116.461309,39.971099
Car-1,2008-05-30 07:25:57,116.461351,39.971076
Car-1,2008-05-30 07:25:58,116.461392,39.971052
Car-1,2008-05-30 07:25:59,116.461433,39.97103
Car-1,2008-05-30 07:26:00,116.461472,39.971007
Car-1,2008-05-30 07:26:01,116.461512,39.970985
Car-1,2008-05-30 07:26:02,116.461548,39.970962
Car-1,2008-05-30 07:26:03,116.461579,39.970944
Car-1,2008-05-30 07:26:04,116.461608,39.97093
Car-1,2008-05-30 07:26:05,116.46164,39.970919
Car-1,2008-05-30 07:26:06,116.461663,39.970916
Car-1,2008-05-30 07:26:07,116.461684,39.970899
Car-1,2008-05-30 07:26:08,116.461696,39.970896
Car-1,2008-05-30 07:26:09,116.461711,39.970898
Car-1,2008-05-30 07:26:10,116.461713,39.970899
Car-1,2008-05-30 07:26:11,116.461722,39.970895
Car-1,2008-05-30 07:26:12,116.461741,39.970883
Car-1,2008-05-30 07:26:13,116.461766,39.970864
Car-1,2008-05-30 07:26:14,116.461793,39.970857
Car-1,2008-05-30 07:26:15,116.461808,39.970849
Car-1,2008-05-30 07:26:16,116.461817,39.970857
Car-1,2008-05-30 07:26:17,116.461833,39.970841
Car-1,2008-05-30 07:26:18,116.461846,39.970821
Car-1,2008-05-30 07:26:19,116.461858,39.970806
Car-1,2008-05-30 07:26:20,116.461879,39.970787
Car-1,2008-05-30 07:26:21,116.461901,39.970766
Car-1,2008-05-30 07:26:22,116.461925,39.970749
Car-1,2008-05-30 07:26:23,116.461951,39.97073
Car-1,2008-05-30 07:26:24,116.461979,39.970704
Car-1,2008-05-30 07:26:25,116.46201,39.970686
Car-1,2008-05-30 07:26:26,116.462049,39.970663
Car-1,2008-05-30 07:26:27,116.462094,39.970636
Car-1,2008-05-30 07:26:28,116.462151,39.970598
Car-1,2008-05-30 07:26:29,116.462203,39.970566
Car-1,2008-05-30 07:26:30,116.462256,39.970535
Car-1,2008-05-30 07:26:31,116.462307,39.97049
Car-1,2008-05-30 07:26:32,116.462359,39.970462
Car-1,2008-05-30 07:26:33,116.462415,39.97042
Car-1,2008-05-30 07:26:34,116.462483,39.970376
Car-1,2008-05-30 07:26:35,116.462537,39.970338
Car-1,2008-05-30 07:26:36,116.462587,39.970303
Car-1,2008-05-30 07:26:37,116.462637,39.970272
Car-1,2008-05-30 07:26:38,116.462685,39.97024
Car-1,2008-05-30 07:26:39,116.462734,39.970209
Car-1,2008-05-30 07:26:40,116.462779,39.970185
Car-1,2008-05-30 07:26:41,116.462826,39.970155
Car-1,2008-05-30 07:26:42,116.462885,39.97013
Car-1,2008-05-30 07:26:43,116.462937,39.970097
Car-1,2008-05-30 07:26:44,116.46299,39.970062
Car-1,2008-05-30 07:26:45,116.463046,39.970027
Car-1,2008-05-30 07:26:46,116.463103,39.969991
Car-1,2008-05-30 07:26:47,116.463167,39.969954
Car-1,2008-05-30 07:26:48,116.463224,39.969908
Car-1,2008-05-30 07:26:49,116.46328,39.969864
Car-1,2008-05-30 07:26:50,116.463343,39.969815
Car-1,2008-05-30 07:26:51,116.463413,39.969762
Car-1,2008-05-30 07:26:52,116.463472,39.969713
Car-1,2008-05-30 07:26:53,116.463548,39.969658
Car-1,2008-05-30 07:26:54,116.463632,39.969607
Car-1,2008-05-30 07:26:55,116.463712,39.969551
Car-1,2008-05-30 07:26:56,116.463793,39.969493
Car-1,2008-05-30 07:26:57,116.463882,39.969429
Car-1,2008-05-30 07:26:58,116.46397,39.969365
Car-1,2008-05-30 07:26:59,116.464052,39.969304
Car-1,2008-05-30 07:27:00,116.464129,39.969247
Car-1,2008-05-30 07:27:01,116.464199,39.969188
Car-1,2008-05-30 07:27:02,116.464266,39.969124
Car-1,2008-05-30 07:27:03,116.464309,39.969063
Car-1,2008-05-30 07:27:04,116.464316,39.969005
Car-1,2008-05-30 07:27:05,116.464314,39.96894
Car-1,2008-05-30 07:27:06,116.464308,39.968873
Car-1,2008-05-30 07:27:07,116.46428,39.968805
Car-1,2008-05-30 07:27:08,116.464248,39.968733
Car-1,2008-05-30 07:27:09,116.464209,39.968665
Car-1,2008-05-30 07:27:10,116.464161,39.968598
Car-1,2008-05-30 07:27:11,116.464103,39.968539
Car-1,2008-05-30 07:27:12,116.464021,39.968485
Car-1,2008-05-30 07:27:13,116.463902,39.968438
Car-1,2008-05-30 07:27:14,116.463782,39.968397
Car-1,2008-05-30 07:27:15,116.463672,39.968379
Car-1,2008-05-30 07:27:16,116.463557,39.968376
Car-1,2008-05-30 07:27:17,116.463447,39.968374
Car-1,2008-05-30 07:27:18,116.463344,39.968381
Car-1,2008-05-30 07:27:19,116.463241,39.968404
Car-1,2008-05-30 07:27:20,116.463145,39.968454
Car-1,2008-05-30 07:27:21,116.463059,39.96851
Car-1,2008-05-30 07:27:22,116.462954,39.968593
Car-1,2008-05-30 07:27:23,116.462892,39.968668
Car-1,2008-05-30 07:27:24,116.462821,39.968747
Car-1,2008-05-30 07:27:25,116.462784,39.96883
Car-1,2008-05-30 07:27:26,116.462766,39.968918
Car-1,2008-05-30 07:27:27,116.462758,39.969021
Car-1,2008-05-30 07:27:28,116.462767,39.969101
Car-1,2008-05-30 07:27:29,116.462794,39.969173
Car-1,2008-05-30 07:27:30,116.462824,39.969249
Car-1,2008-05-30 07:27:31,116.462875,39.969316
Car-1,2008-05-30 07:27:32,116.462926,39.969387
Car-1,2008-05-30 07:27:33,116.462969,39.969457
Car-1,2008-05-30 07:27:34,116.46302,39.969518
Car-1,2008-05-30 07:27:35,116.46307,39.969578
Car-1,2008-05-30 07:27:36,116.463121,39.969636
Car-1,2008-05-30 07:27:37,116.463169,39.969687
Car-1,2008-05-30 07:27:38,116.463224,39.969728
Car-1,2008-05-30 07:27:39,116.463281,39.969769
Car-1,2008-05-30 07:27:40,116.463338,39.969812
Car-1,2008-05-30 07:27:41,116.463396,39.969858
Car-1,2008-05-30 07:27:42,116.463457,39.969907
Car-1,2008-05-30 07:27:43,116.463511,39.969952
Car-1,2008-05-30 07:27:44,116.463568,39.970002
Car-1,2008-05-30 07:27:45,116.463624,39.970052
Car-1,2008-05-30 07:27:46,116.463685,39.970106
Car-1,2008-05-30 07:27:47,116.463748,39.970166
Car-1,2008-05-30 07:27:48,116.463821,39.970225
Car-1,2008-05-30 07:27:49,116.463888,39.970289
Car-1,2008-05-30 07:27:50,116.463955,39.970355
Car-1,2008-05-30 07:27:51,116.464029,39.970426
Car-1,2008-05-30 07:27:52,116.464111,39.970496
Car-1,2008-05-30 07:27:53,116.464193,39.970571
Car-1,2008-05-30 07:27:54,116.464278,39.970651
Car-1,2008-05-30 07:27:55,116.464362,39.970732
Car-1,2008-05-30 07:27:56,116.464454,39.97081
Car-1,2008-05-30 07:27:57,116.464548,39.970895
Car-1,2008-05-30 07:27:58,116.464645,39.970983
Car-1,2008-05-30 07:27:59,116.464751,39.97107
Car-1,2008-05-30 07:28:00,116.464852,39.971161
Car-1,2008-05-30 07:28:01,116.464955,39.971256
Car-1,2008-05-30 07:28:02,116.465058,39.971355
Car-1,2008-05-30 07:28:03,116.465156,39.971453
Car-1,2008-05-30 07:28:04,116.465261,39.97155
Car-1,2008-05-30 07:28:05,116.465372,39.971652
Car-1,2008-05-30 07:28:06,116.465488,39.971755
Car-1,2008-05-30 07:28:07,116.465606,39.971863
Car-1,2008-05-30 07:28:08,116.465726,39.971974
Car-1,2008-05-30 07:28:09,116.465846,39.972086
Car-1,2008-05-30 07:28:10,116.465969,39.972191
Car-1,2008-05-30 07:28:11,116.466093,39.972294
Car-1,2008-05-30 07:28:12,116.466219,39.972399
Car-1,2008-05-30 07:28:13,116.466348,39.972507
Car-1,2008-05-30 07:28:14,116.466479,39.972615
Car-1,2008-05-30 07:28:15,116.46661,39.972724
Car-1,2008-05-30 07:28:16,116.466752,39.972832
Car-1,2008-05-30 07:28:17,116.466896,39.972939
Car-1,2008-05-30 07:28:18,116.46703,39.973049
Car-1,2008-05-30 07:28:19,116.467173,39.973161
Car-1,2008-05-30 07:28:20,116.46731,39.973271
Car-1,2008-05-30 07:28:21,116.467443,39.973387
Car-1,2008-05-30 07:28:22,116.467576,39.973502
Car-1,2008-05-30 07:28:23,116.467712,39.973614
Car-1,2008-05-30 07:28:24,116.467848,39.973729
Car-1,2008-05-30 07:28:25,116.467987,39.97385
Car-1,2008-05-30 07:28:26,116.468131,39.973972
Car-1,2008-05-30 07:28:27,116.468276,39.974099
Car-1,2008-05-30 07:28:28,116.468439,39.974222
Car-1,2008-05-30 07:28:29,116.468592,39.974349
Car-1,2008-05-30 07:28:30,116.46874,39.974476
Car-1,2008-05-30 07:28:31,116.468892,39.974602
Car-1,2008-05-30 07:28:32,116.469043,39.974724
Car-1,2008-05-30 07:28:33,116.469193,39.974849
Car-1,2008-05-30 07:28:34,116.469348,39.974975
Car-1,2008-05-30 07:28:35,116.469499,39.9751
Car-1,2008-05-30 07:28:36,116.46965,39.975226
Car-1,2008-05-30 07:28:37,116.469802,39.975354
Car-1,2008-05-30 07:28:38,116.469955,39.975486
Car-1,2008-05-30 07:28:39,116.470107,39.975616
Car-1,2008-05-30 07:28:40,116.470258,39.975744
Car-1,2008-05-30 07:28:41,116.470409,39.975873
Car-1,2008-05-30 07:28:42,116.47056,39.976009
Car-1,2008-05-30 07:28:43,116.470712,39.976145
Car-1,2008-05-30 07:28:44,116.470864,39.976283
Car-1,2008-05-30 07:28:45,116.471017,39.976422
Car-1,2008-05-30 07:28:46,116.471173,39.976559
Car-1,2008-05-30 07:28:47,116.471329,39.976694
Car-1,2008-05-30 07:28:48,116.471486,39.976828
Car-1,2008-05-30 07:28:49,116.471641,39.976958
Car-1,2008-05-30 07:28:50,116.471793,39.977088
Car-1,2008-05-30 07:28:51,116.471951,39.977218
Car-1,2008-05-30 07:28:52,116.472114,39.977348
Car-1,2008-05-30 07:28:53,116.472275,39.977476
Car-1,2008-05-30 07:28:54,116.472435,39.977602
Car-1,2008-05-30 07:28:55,116.472592,39.977735
Car-1,2008-05-30 07:28:56,116.47275,39.977873
Car-1,2008-05-30 07:28:57,116.472906,39.978014
Car-1,2008-05-30 07:28:58,116.473061,39.978155
Car-1,2008-05-30 07:28:59,116.473213,39.978296
Car-1,2008-05-30 07:29:00,116.473369,39.978438
Car-1,2008-05-30 07:29:01,116.473531,39.978582
Car-1,2008-05-30 07:29:02,116.473687,39.978722
Car-1,2008-05-30 07:29:03,116.473843,39.978859
Car-1,2008-05-30 07:29:04,116.473994,39.978998
Car-1,2008-05-30 07:29:05,116.474142,39.979134
Car-1,2008-05-30 07:29:06,116.474289,39.979276
Car-1,2008-05-30 07:29:07,116.474446,39.979427
Car-1,2008-05-30 07:29:08,116.474589,39.979583
Car-1,2008-05-30 07:29:09,116.474747,39.979739
Car-1,2008-05-30 07:29:10,116.474904,39.979905
Car-1,2008-05-30 07:29:11,116.475054,39.980069
Car-1,2008-05-30 07:29:12,116.475201,39.980234
Car-1,2008-05-30 07:29:13,116.475358,39.980391
Car-1,2008-05-30 07:29:14,116.475519,39.980536
Car-1,2008-05-30 07:29:15,116.475675,39.98069
Car-1,2008-05-30 07:29:16,116.475824,39.980833
Car-1,2008-05-30 07:29:17,116.475974,39.980977
Car-1,2008-05-30 07:29:18,116.476132,39.981125
Car-1,2008-05-30 07:29:19,116.476288,39.981276
Car-1,2008-05-30 07:29:20,116.476444,39.981425
Car-1,2008-05-30 07:29:21,116.476601,39.981574
Car-1,2008-05-30 07:29:22,116.476755,39.98172
Car-1,2008-05-30 07:29:23,116.476908,39.981869
Car-1,2008-05-30 07:29:24,116.477068,39.98203
Car-1,2008-05-30 07:29:25,116.477223,39.982193
Car-1,2008-05-30 07:29:26,116.477379,39.982348
Car-1,2008-05-30 07:29:27,116.477536,39.982504
Car-1,2008-05-30 07:29:28,116.477694,39.982654
Car-1,2008-05-30 07:29:29,116.477851,39.982802
Car-1,2008-05-30 07:29:30,116.478007,39.982952
Car-1,2008-05-30 07:29:31,116.47817,39.983104
Car-1,2008-05-30 07:29:32,116.478338,39.983262
Car-1,2008-05-30 07:29:33,116.478506,39.983422
Car-1,2008-05-30 07:29:34,116.478672,39.983583
Car-1,2008-05-30 07:29:35,116.478834,39.983742
Car-1,2008-05-30 07:29:36,116.479,39.983898
Car-1,2008-05-30 07:29:37,116.479164,39.984055
Car-1,2008-05-30 07:29:38,116.47933,39.984206
Car-1,2008-05-30 07:29:39,116.479498,39.984356
Car-1,2008-05-30 07:29:40,116.479666,39.984511
Car-1,2008-05-30 07:29:41,116.479833,39.984666
Car-1,2008-05-30 07:29:42,116.480001,39.984819
Car-1,2008-05-30 07:29:43,116.480167,39.984973
Car-1,2008-05-30 07:29:44,116.48033,39.985128
Car-1,2008-05-30 07:29:45,116.480493,39.985282
Car-1,2008-05-30 07:29:46,116.480657,39.985435
Car-1,2008-05-30 07:29:47,116.480821,39.985586
Car-1,2008-05-30 07:29:48,116.480984,39.985733
Car-1,2008-05-30 07:29:49,116.481149,39.985881
Car-1,2008-05-30 07:29:50,116.481316,39.986029
Car-1,2008-05-30 07:29:51,116.481481,39.986178
Car-1,2008-05-30 07:29:52,116.481647,39.986325
Car-1,2008-05-30 07:29:53,116.481812,39.98647
Car-1,2008-05-30 07:29:54,116.481975,39.98661
Car-1,2008-05-30 07:29:55,116.482138,39.986746
Car-1,2008-05-30 07:29:56,116.482302,39.986886
Car-1,2008-05-30 07:29:57,116.482466,39.987024
Car-1,2008-05-30 07:29:58,116.482632,39.987164
Car-1,2008-05-30 07:29:59,116.482796,39.987305
Car-1,2008-05-30 07:30:00,116.482959,39.987447
Car-1,2008-05-30 07:30:01,116.483123,39.987587
Car-1,2008-05-30 07:30:02,116.483289,39.987725
Car-1,2008-05-30 07:30:03,116.483452,39.987866
Car-1,2008-05-30 07:30:04,116.483611,39.988006
Car-1,2008-05-30 07:30:05,116.48377,39.988148
Car-1,2008-05-30 07:30:06,116.483926,39.988292
Car-1,2008-05-30 07:30:07,116.484089,39.988436
Car-1,2008-05-30 07:30:08,116.484247,39.988582
Car-1,2008-05-30 07:30:09,116.484404,39.988726
Car-1,2008-05-30 07:30:10,116.484558,39.988871
Car-1,2008-05-30 07:30:11,116.484704,39.989022
Car-1,2008-05-30 07:30:12,116.484846,39.989176
Car-1,2008-05-30 07:30:13,116.484999,39.989331
Car-1,2008-05-30 07:30:14,116.485153,39.989478
Car-1,2008-05-30 07:30:15,116.485311,39.989629
Car-1,2008-05-30 07:30:16,116.485475,39.98978
Car-1,2008-05-30 07:30:17,116.485633,39.98993
Car-1,2008-05-30 07:30:18,116.485795,39.99008
Car-1,2008-05-30 07:30:19,116.485962,39.990229
Car-1,2008-05-30 07:30:20,116.486124,39.990375
Car-1,2008-05-30 07:30:21,116.486287,39.990523
Car-1,2008-05-30 07:30:22,116.486455,39.990668
Car-1,2008-05-30 07:30:23,116.486622,39.990815
Car-1,2008-05-30 07:30:24,116.486791,39.990959
Car-1,2008-05-30 07:30:25,116.486961,39.991105
Car-1,2008-05-30 07:30:26,116.487131,39.991249
Car-1,2008-05-30 07:30:27,116.487299,39.991398
Car-1,2008-05-30 07:30:28,116.487469,39.991542
Car-1,2008-05-30 07:30:29,116.487634,39.991692
Car-1,2008-05-30 07:30:30,116.487798,39.991839
Car-1,2008-05-30 07:30:31,116.487963,39.99198
Car-1,2008-05-30 07:30:32,116.488125,39.99212
Car-1,2008-05-30 07:30:33,116.488285,39.992257
Car-1,2008-05-30 07:30:34,116.488442,39.992391
Car-1,2008-05-30 07:30:35,116.488599,39.992518
Car-1,2008-05-30 07:30:36,116.488748,39.992644
Car-1,2008-05-30 07:30:37,116.488891,39.992771
Car-1,2008-05-30 07:30:38,116.489032,39.9929
Car-1,2008-05-30 07:30:39,116.489169,39.993031
Car-1,2008-05-30 07:30:40,116.489306,39.993161
Car-1,2008-05-30 07:30:41,116.489443,39.993291
Car-1,2008-05-30 07:30:42,116.489581,39.993418
Car-1,2008-05-30 07:30:43,116.489722,39.993545
Car-1,2008-05-30 07:30:44,116.489864,39.993666
Car-1,2008-05-30 07:30:45,116.490006,39.993789
Car-1,2008-05-30 07:30:46,116.490148,39.993919
Car-1,2008-05-30 07:30:47,116.490292,39.994049
Car-1,2008-05-30 07:30:48,116.490437,39.994178
Car-1,2008-05-30 07:30:49,116.490576,39.994308
Car-1,2008-05-30 07:30:50,116.490721,39.99444
Car-1,2008-05-30 07:30:51,116.490864,39.994574
Car-1,2008-05-30 07:30:52,116.491011,39.994708
Car-1,2008-05-30 07:30:53,116.49116,39.994845
Car-1,2008-05-30 07:30:54,116.49131,39.994982
Car-1,2008-05-30 07:30:55,116.491459,39.995118
Car-1,2008-05-30 07:30:56,116.491611,39.995255
Car-1,2008-05-30 07:30:57,116.491763,39.995389
Car-1,2008-05-30 07:30:58,116.491915,39.995523
Car-1,2008-05-30 07:30:59,116.492066,39.995667
Car-1,2008-05-30 07:31:00,116.492217,39.995811
Car-1,2008-05-30 07:31:01,116.492368,39.995958
Car-1,2008-05-30 07:31:02,116.492523,39.996104
Car-1,2008-05-30 07:31:03,116.492676,39.996253
Car-1,2008-05-30 07:31:04,116.492831,39.996406
Car-1,2008-05-30 07:31:05,116.492988,39.996565
Car-1,2008-05-30 07:31:06,116.493154,39.996723
Car-1,2008-05-30 07:31:07,116.493328,39.996877
Car-1,2008-05-30 07:31:08,116.493504,39.997026
Car-1,2008-05-30 07:31:09,116.493687,39.997172
Car-1,2008-05-30 07:31:10,116.493868,39.99732
Car-1,2008-05-30 07:31:11,116.494042,39.997473
Car-1,2008-05-30 07:31:12,116.494217,39.997628
Car-1,2008-05-30 07:31:13,116.494394,39.997782
Car-1,2008-05-30 07:31:14,116.494573,39.997936
Car-1,2008-05-30 07:31:15,116.494747,39.998089
Car-1,2008-05-30 07:31:16,116.494922,39.998242
Car-1,2008-05-30 07:31:17,116.495092,39.998396
Car-1,2008-05-30 07:31:18,116.49526,39.998545
Car-1,2008-05-30 07:31:19,116.49542,39.99869
Car-1,2008-05-30 07:31:20,116.495574,39.998833
Car-1,2008-05-30 07:31:21,116.495733,39.998977
Car-1,2008-05-30 07:31:22,116.495892,39.999126
Car-1,2008-05-30 07:31:23,116.496054,39.999276
Car-1,2008-05-30 07:31:24,116.496208,39.999422
Car-1,2008-05-30 07:31:25,116.496354,39.999559
Car-1,2008-05-30 07:31:26,116.496496,39.999696
Car-1,2008-05-30 07:31:27,116.496632,39.999828
Car-1,2008-05-30 07:31:28,116.496766,39.999959
Car-1,2008-05-30 07:31:29,116.496895,40.000082
Car-1,2008-05-30 07:31:30,116.49702,40.0002
Car-1,2008-05-30 07:31:31,116.497144,40.000317
Car-1,2008-05-30 07:31:32,116.497269,40.000436
Car-1,2008-05-30 07:31:33,116.497396,40.000557
Car-1,2008-05-30 07:31:34,116.497528,40.000678
Car-1,2008-05-30 07:31:35,116.497653,40.000798
Car-1,2008-05-30 07:31:36,116.497779,40.00092
Car-1,2008-05-30 07:31:37,116.497904,40.001043
Car-1,2008-05-30 07:31:38,116.498031,40.001173
Car-1,2008-05-30 07:31:39,116.498161,40.001306
Car-1,2008-05-30 07:31:40,116.498294,40.001438
Car-1,2008-05-30 07:31:41,116.498428,40.001568
Car-1,2008-05-30 07:31:42,116.498559,40.001699
Car-1,2008-05-30 07:31:43,116.498696,40.001828
Car-1,2008-05-30 07:31:44,116.498835,40.001956
Car-1,2008-05-30 07:31:45,116.498976,40.002084
Car-1,2008-05-30 07:31:46,116.499118,40.002214
Car-1,2008-05-30 07:31:47,116.499261,40.002342
Car-1,2008-05-30 07:31:48,116.499406,40.002475
Car-1,2008-05-30 07:31:49,116.499555,40.002608
Car-1,2008-05-30 07:31:50,116.499711,40.002744
Car-1,2008-05-30 07:31:51,116.499868,40.002886
Car-1,2008-05-30 07:31:52,116.500025,40.003027
Car-1,2008-05-30 07:31:53,116.500179,40.003169
Car-1,2008-05-30 07:31:54,116.500334,40.003308
Car-1,2008-05-30 07:31:55,116.50049,40.00344
Car-1,2008-05-30 07:31:56,116.50065,40.003572
Car-1,2008-05-30 07:31:57,116.500808,40.003703
Car-1,2008-05-30 07:31:58,116.500974,40.003832
Car-1,2008-05-30 07:31:59,116.501139,40.003963
Car-1,2008-05-30 07:32:00,116.501306,40.004095
Car-1,2008-05-30 07:32:01,116.501482,40.004233
Car-1,2008-05-30 07:32:02,116.501654,40.004368
Car-1,2008-05-30 07:32:03,116.501823,40.004503
Car-1,2008-05-30 07:32:04,116.501982,40.004638
Car-1,2008-05-30 07:32:05,116.502136,40.004773
Car-1,2008-05-30 07:32:06,116.502284,40.004904
Car-1,2008-05-30 07:32:07,116.50243,40.005033
Car-1,2008-05-30 07:32:08,116.502574,40.00516
Car-1,2008-05-30 07:32:09,116.502719,40.005288
Car-1,2008-05-30 07:32:10,116.502865,40.005415
Car-1,2008-05-30 07:32:11,116.502998,40.005534
Car-1,2008-05-30 07:32:12,116.503127,40.005653
Car-1,2008-05-30 07:32:13,116.50325,40.005773
Car-1,2008-05-30 07:32:14,116.503371,40.005888
Car-1,2008-05-30 07:32:15,116.503495,40.006004
Car-1,2008-05-30 07:32:16,116.503624,40.006121
Car-1,2008-05-30 07:32:17,116.503758,40.006238
Car-1,2008-05-30 07:32:18,116.503894,40.006353
Car-1,2008-05-30 07:32:19,116.50403,40.006472
Car-1,2008-05-30 07:32:20,116.504169,40.006594
Car-1,2008-05-30 07:32:21,116.50431,40.006717
Car-1,2008-05-30 07:32:22,116.50445,40.006842
Car-1,2008-05-30 07:32:23,116.504586,40.00696
Car-1,2008-05-30 07:32:24,116.504726,40.007076
Car-1,2008-05-30 07:32:25,116.504863,40.007186
Car-1,2008-05-30 07:32:26,116.505,40.007296
Car-1,2008-05-30 07:32:27,116.505114,40.007394
Car-1,2008-05-30 07:32:28,116.505216,40.007488
Car-1,2008-05-30 07:32:29,116.505307,40.007577
Car-1,2008-05-30 07:32:30,116.505399,40.007665
Car-1,2008-05-30 07:32:31,116.505485,40.007747
Car-1,2008-05-30 07:32:32,116.505583,40.007829
Car-1,2008-05-30 07:32:33,116.505682,40.007911
Car-1,2008-05-30 07:32:34,116.50578,40.007992
Car-1,2008-05-30 07:32:35,116.505884,40.008069
Car-1,2008-05-30 07:32:36,116.505981,40.008145
Car-1,2008-05-30 07:32:37,116.506084,40.008223
Car-1,2008-05-30 07:32:38,116.506188,40.008303
Car-1,2008-05-30 07:32:39,116.506285,40.008379
Car-1,2008-05-30 07:32:40,116.506382,40.008456
Car-1,2008-05-30 07:32:41,116.506476,40.008532
Car-1,2008-05-30 07:32:42,116.506571,40.008608
Car-1,2008-05-30 07:32:43,116.506663,40.008684
Car-1,2008-05-30 07:32:44,116.506757,40.008762
Car-1,2008-05-30 07:32:45,116.506852,40.008842
Car-1,2008-05-30 07:32:46,116.506948,40.008926
Car-1,2008-05-30 07:32:47,116.507046,40.009016
Car-1,2008-05-30 07:32:48,116.507145,40.009106
Car-1,2008-05-30 07:32:49,116.50724,40.0092
Car-1,2008-05-30 07:32:50,116.507332,40.009297
Car-1,2008-05-30 07:32:51,116.507423,40.009396
Car-1,2008-05-30 07:32:52,116.507519,40.009493
Car-1,2008-05-30 07:32:53,116.507618,40.009588
Car-1,2008-05-30 07:32:54,116.507715,40.009681
Car-1,2008-05-30 07:32:55,116.507815,40.009778
Car-1,2008-05-30 07:32:56,116.507919,40.009882
Car-1,2008-05-30 07:32:57,116.508022,40.009987
Car-1,2008-05-30 07:32:58,116.508129,40.010089
Car-1,2008-05-30 07:32:59,116.508237,40.010188
Car-1,2008-05-30 07:33:00,116.50834,40.010285
Car-1,2008-05-30 07:33:01,116.508431,40.01038
Car-1,2008-05-30 07:33:02,116.50852,40.010473
Car-1,2008-05-30 07:33:03,116.508612,40.010563
Car-1,2008-05-30 07:33:04,116.508708,40.010653
Car-1,2008-05-30 07:33:05,116.5088,40.010742
Car-1,2008-05-30 07:33:06,116.508896,40.010826
Car-1,2008-05-30 07:33:07,116.50899,40.010911
Car-1,2008-05-30 07:33:08,116.509089,40.010999
Car-1,2008-05-30 07:33:09,116.509188,40.011088
Car-1,2008-05-30 07:33:10,116.509286,40.011181
Car-1,2008-05-30 07:33:11,116.509382,40.011277
Car-1,2008-05-30 07:33:12,116.50948,40.011377
Car-1,2008-05-30 07:33:13,116.509581,40.011476
Car-1,2008-05-30 07:33:14,116.509692,40.011575
Car-1,2008-05-30 07:33:15,116.509802,40.011674
Car-1,2008-05-30 07:33:16,116.509915,40.011775
Car-1,2008-05-30 07:33:17,116.510029,40.011876
Car-1,2008-05-30 07:33:18,116.510149,40.011974
Car-1,2008-05-30 07:33:19,116.510266,40.012074
Car-1,2008-05-30 07:33:20,116.510383,40.012177
Car-1,2008-05-30 07:33:21,116.510504,40.01228
Car-1,2008-05-30 07:33:22,116.510621,40.012383
Car-1,2008-05-30 07:33:23,116.510738,40.012488
Car-1,2008-05-30 07:33:24,116.510856,40.012591
Car-1,2008-05-30 07:33:25,116.510984,40.012691
Car-1,2008-05-30 07:33:26,116.51111,40.01279
Car-1,2008-05-30 07:33:27,116.511236,40.012891
Car-1,2008-05-30 07:33:28,116.511369,40.012993
Car-1,2008-05-30 07:33:29,116.511508,40.013091
Car-1,2008-05-30 07:33:30,116.511645,40.013185
Car-1,2008-05-30 07:33:31,116.511779,40.013277
Car-1,2008-05-30 07:33:32,116.511912,40.013371
Car-1,2008-05-30 07:33:33,116.512045,40.013468
Car-1,2008-05-30 07:33:34,116.512174,40.013565
Car-1,2008-05-30 07:33:35,116.512301,40.013667
Car-1,2008-05-30 07:33:36,116.512431,40.013768
Car-1,2008-05-30 07:33:37,116.512563,40.013866
Car-1,2008-05-30 07:33:38,116.512699,40.013963
Car-1,2008-05-30 07:33:39,116.512842,40.014057
Car-1,2008-05-30 07:33:40,116.512983,40.014146
Car-1,2008-05-30 07:33:41,116.513123,40.014235
Car-1,2008-05-30 07:33:42,116.51326,40.014328
Car-1,2008-05-30 07:33:43,116.513397,40.014419
Car-1,2008-05-30 07:33:44,116.513533,40.014511
Car-1,2008-05-30 07:33:45,116.513673,40.014603
Car-1,2008-05-30 07:33:46,116.513815,40.014695
Car-1,2008-05-30 07:33:47,116.513965,40.014783
Car-1,2008-05-30 07:33:48,116.51412,40.014866
Car-1,2008-05-30 07:33:49,116.514278,40.014949
Car-1,2008-05-30 07:33:50,116.514442,40.015032
Car-1,2008-05-30 07:33:51,116.514604,40.015129
Car-1,2008-05-30 07:33:52,116.51477,40.015216
Car-1,2008-05-30 07:33:53,116.514936,40.01531
Car-1,2008-05-30 07:33:54,116.515106,40.015406
Car-1,2008-05-30 07:33:55,116.515278,40.0155
Car-1,2008-05-30 07:33:56,116.515452,40.015591
Car-1,2008-05-30 07:33:57,116.515623,40.015683
Car-1,2008-05-30 07:33:58,116.5158,40.015773
Car-1,2008-05-30 07:33:59,116.515983,40.015866
Car-1,2008-05-30 07:34:00,116.516167,40.015959
Car-1,2008-05-30 07:34:01,116.516354,40.016051
Car-1,2008-05-30 07:34:02,116.516545,40.01614
Car-1,2008-05-30 07:34:03,116.51673,40.016216
Car-1,2008-05-30 07:34:04,116.516919,40.016292
Car-1,2008-05-30 07:34:05,116.517114,40.016369
Car-1,2008-05-30 07:34:06,116.517318,40.016451
Car-1,2008-05-30 07:34:07,116.517518,40.016531
Car-1,2008-05-30 07:34:08,116.517725,40.016611
Car-1,2008-05-30 07:34:09,116.517931,40.016687
Car-1,2008-05-30 07:34:10,116.518135,40.016761
Car-1,2008-05-30 07:34:11,116.518341,40.016837
Car-1,2008-05-30 07:34:12,116.518553,40.016916
Car-1,2008-05-30 07:34:13,116.518765,40.016999
Car-1,2008-05-30 07:34:14,116.518984,40.017081
Car-1,2008-05-30 07:34:15,116.519202,40.017162
Car-1,2008-05-30 07:34:16,116.519423,40.017242
Car-1,2008-05-30 07:34:17,116.519648,40.017323
Car-1,2008-05-30 07:34:18,116.519876,40.017402
Car-1,2008-05-30 07:34:19,116.520103,40.017485
Car-1,2008-05-30 07:34:20,116.520333,40.017568
Car-1,2008-05-30 07:34:21,116.520565,40.01765
Car-1,2008-05-30 07:34:22,116.520801,40.017731
Car-1,2008-05-30 07:34:23,116.521044,40.017821
Car-1,2008-05-30 07:34:24,116.521285,40.017912
Car-1,2008-05-30 07:34:25,116.521529,40.018004
Car-1,2008-05-30 07:34:26,116.521777,40.018099
Car-1,2008-05-30 07:34:27,116.522026,40.018199
Car-1,2008-05-30 07:34:28,116.522274,40.018304
Car-1,2008-05-30 07:34:29,116.522518,40.018406
Car-1,2008-05-30 07:34:30,116.522765,40.018505
Car-1,2008-05-30 07:34:31,116.52302,40.018598
Car-1,2008-05-30 07:34:32,116.523277,40.018687
Car-1,2008-05-30 07:34:33,116.523531,40.018776
Car-1,2008-05-30 07:34:34,116.523787,40.018865
Car-1,2008-05-30 07:34:35,116.524041,40.018951
Car-1,2008-05-30 07:34:36,116.524295,40.019037
Car-1,2008-05-30 07:34:37,116.524549,40.019123
Car-1,2008-05-30 07:34:38,116.52479,40.019199
Car-1,2008-05-30 07:34:39,116.525025,40.019269
Car-1,2008-05-30 07:34:40,116.525249,40.01934
Car-1,2008-05-30 07:34:41,116.525471,40.01941
Car-1,2008-05-30 07:34:42,116.525696,40.019481
Car-1,2008-05-30 07:34:43,116.525928,40.019552
Car-1,2008-05-30 07:34:44,116.526166,40.019625
Car-1,2008-05-30 07:34:45,116.526401,40.019704
Car-1,2008-05-30 07:34:46,116.526645,40.019788
Car-1,2008-05-30 07:34:47,116.526896,40.019868
Car-1,2008-05-30 07:34:48,116.527153,40.01995
Car-1,2008-05-30 07:34:49,116.527413,40.020035
Car-1,2008-05-30 07:34:50,116.527668,40.020116
Car-1,2008-05-30 07:34:51,116.527903,40.020198
Car-1,2008-05-30 07:34:52,116.528155,40.020275
Car-1,2008-05-30 07:34:53,116.528394,40.02035
Car-1,2008-05-30 07:34:54,116.528627,40.020426
Car-1,2008-05-30 07:34:55,116.528865,40.020508
Car-1,2008-05-30 07:34:56,116.529099,40.020587
Car-1,2008-05-30 07:34:57,116.529338,40.020668
Car-1,2008-05-30 07:34:58,116.529577,40.020749
Car-1,2008-05-30 07:34:59,116.529819,40.020828
Car-1,2008-05-30 07:35:00,116.53006,40.020909
Car-1,2008-05-30 07:35:01,116.530299,40.020988
Car-1,2008-05-30 07:35:02,116.530537,40.021069
Car-1,2008-05-30 07:35:03,116.530774,40.021151
Car-1,2008-05-30 07:35:04,116.531012,40.021233
Car-1,2008-05-30 07:35:05,116.531252,40.021316
Car-1,2008-05-30 07:35:06,116.531498,40.021398
Car-1,2008-05-30 07:35:07,116.531736,40.02148
Car-1,2008-05-30 07:35:08,116.531978,40.02156
Car-1,2008-05-30 07:35:09,116.532217,40.021641
Car-1,2008-05-30 07:35:10,116.532455,40.021719
Car-1,2008-05-30 07:35:11,116.532695,40.021796
Car-1,2008-05-30 07:35:12,116.532937,40.021872
Car-1,2008-05-30 07:35:13,116.533179,40.021947
Car-1,2008-05-30 07:35:14,116.533419,40.022023
Car-1,2008-05-30 07:35:15,116.533657,40.022093
Car-1,2008-05-30 07:35:16,116.533891,40.022169
Car-1,2008-05-30 07:35:17,116.534124,40.022241
Car-1,2008-05-30 07:35:18,116.53436,40.022315
Car-1,2008-05-30 07:35:19,116.534595,40.022389
Car-1,2008-05-30 07:35:20,116.534824,40.022464
Car-1,2008-05-30 07:35:21,116.535048,40.022539
Car-1,2008-05-30 07:35:22,116.535269,40.022616
Car-1,2008-05-30 07:35:23,116.535488,40.02269
Car-1,2008-05-30 07:35:24,116.535697,40.022768
Car-1,2008-05-30 07:35:25,116.535905,40.022846
Car-1,2008-05-30 07:35:26,116.536109,40.022923
Car-1,2008-05-30 07:35:27,116.536309,40.022999
Car-1,2008-05-30 07:35:28,116.536509,40.023077
Car-1,2008-05-30 07:35:29,116.53671,40.023157
Car-1,2008-05-30 07:35:30,116.536911,40.023236
Car-1,2008-05-30 07:35:31,116.537105,40.023314
Car-1,2008-05-30 07:35:32,116.537298,40.02339
Car-1,2008-05-30 07:35:33,116.53749,40.023458
Car-1,2008-05-30 07:35:34,116.537682,40.023523
Car-1,2008-05-30 07:35:35,116.537874,40.023589
Car-1,2008-05-30 07:35:36,116.538064,40.023657
Car-1,2008-05-30 07:35:37,116.53825,40.023725
Car-1,2008-05-30 07:35:38,116.538427,40.023793
Car-1,2008-05-30 07:35:39,116.538601,40.023856
Car-1,2008-05-30 07:35:40,116.538781,40.023918
Car-1,2008-05-30 07:35:41,116.538956,40.02398
Car-1,2008-05-30 07:35:42,116.539139,40.02404
Car-1,2008-05-30 07:35:43,116.539308,40.024099
Car-1,2008-05-30 07:35:44,116.539475,40.02416
Car-1,2008-05-30 07:35:45,116.539644,40.024219
Car-1,2008-05-30 07:35:46,116.539811,40.024274
Car-1,2008-05-30 07:35:47,116.539986,40.024335
Car-1,2008-05-30 07:35:48,116.540158,40.024402
Car-1,2008-05-30 07:35:49,116.540325,40.024463
Car-1,2008-05-30 07:35:50,116.540491,40.024528
Car-1,2008-05-30 07:35:51,116.540647,40.024593
Car-1,2008-05-30 07:35:52,116.540811,40.024656
Car-1,2008-05-30 07:35:53,116.540965,40.024716
Car-1,2008-05-30 07:35:54,116.541114,40.02477
Car-1,2008-05-30 07:35:55,116.541258,40.024825
Car-1,2008-05-30 07:35:56,116.541401,40.024875
Car-1,2008-05-30 07:35:57,116.541537,40.024925
Car-1,2008-05-30 07:35:58,116.54167,40.024969
Car-1,2008-05-30 07:35:59,116.5418,40.025015
Car-1,2008-05-30 07:36:00,116.541915,40.02505
Car-1,2008-05-30 07:36:01,116.542029,40.025091
Car-1,2008-05-30 07:36:02,116.54214,40.025126
Car-1,2008-05-30 07:36:03,116.542249,40.025156
Car-1,2008-05-30 07:36:04,116.542346,40.02519
Car-1,2008-05-30 07:36:05,116.542434,40.025221
Car-1,2008-05-30 07:36:06,116.542513,40.025246
Car-1,2008-05-30 07:36:07,116.542577,40.025264
Car-1,2008-05-30 07:36:08,116.542627,40.025275
Car-1,2008-05-30 07:36:09,116.542672,40.025286
Car-1,2008-05-30 07:36:10,116.542691,40.025286
Car-1,2008-05-30 07:36:11,116.542711,40.025291
Car-1,2008-05-30 07:36:12,116.54273,40.025291
Car-1,2008-05-30 07:36:13,116.542746,40.025289
Car-1,2008-05-30 07:36:14,116.542759,40.025285
Car-1,2008-05-30 07:36:15,116.542772,40.025288
Car-1,2008-05-30 07:36:16,116.542784,40.025288
Car-1,2008-05-30 07:37:11,116.543118,40.025219
Car-1,2008-05-30 07:37:12,116.543128,40.025221
Car-1,2008-05-30 07:37:13,116.543139,40.025225
Car-1,2008-05-30 07:37:14,116.543153,40.025234
Car-1,2008-05-30 07:37:15,116.543167,40.025242
Car-1,2008-05-30 07:37:16,116.54318,40.025252
Car-1,2008-05-30 07:37:17,116.543194,40.025264
Car-1,2008-05-30 07:37:18,116.543202,40.025274
Car-1,2008-05-30 07:37:19,116.543211,40.025282
Car-1,2008-05-30 07:37:20,116.543219,40.025292
Car-1,2008-05-30 07:37:21,116.543231,40.0253
Car-1,2008-05-30 07:37:22,116.543254,40.025313
Car-1,2008-05-30 07:37:23,116.543265,40.025318
Car-1,2008-05-30 07:37:24,116.543279,40.025327
Car-1,2008-05-30 07:37:25,116.543293,40.02534
Car-1,2008-05-30 07:37:26,116.543299,40.025349
Car-1,2008-05-30 07:37:27,116.543309,40.02536
Car-1,2008-05-30 07:37:28,116.543322,40.025372
Car-1,2008-05-30 07:37:29,116.543338,40.025384
Car-1,2008-05-30 07:37:30,116.543349,40.025389
Car-1,2008-05-30 07:37:31,116.543367,40.025397
Car-1,2008-05-30 07:37:32,116.543387,40.025403
Car-1,2008-05-30 07:37:33,116.543408,40.025413
Car-1,2008-05-30 07:37:34,116.543436,40.025421
Car-1,2008-05-30 07:37:35,116.543465,40.025428
Car-1,2008-05-30 07:37:36,116.543487,40.025436
Car-1,2008-05-30 07:37:37,116.543509,40.025445
Car-1,2008-05-30 07:37:38,116.543538,40.025451
Car-1,2008-05-30 07:37:39,116.543572,40.025441
Car-1,2008-05-30 07:37:40,116.543611,40.025438
Car-1,2008-05-30 07:37:41,116.543641,40.025435
Car-1,2008-05-30 07:37:42,116.543665,40.025433
Car-1,2008-05-30 07:37:43,116.543692,40.025432
Car-1,2008-05-30 07:37:44,116.543709,40.025435
Car-1,2008-05-30 07:37:45,116.543729,40.025435
Car-1,2008-05-30 07:37:46,116.543747,40.025429
Car-1,None,None,None
