agent_id,time,lng,lat
Car-1,2008-10-19 01:57:08,116.320926,40.083746
Car-1,2008-10-19 01:57:10,116.320841,40.083747
Car-1,2008-10-19 01:57:12,116.320738,40.083747
Car-1,2008-10-19 01:57:14,116.320611,40.083747
Car-1,2008-10-19 01:57:16,116.320398,40.083745
Car-1,2008-10-19 01:57:18,116.3202,40.08374
Car-1,2008-10-19 01:57:20,116.320017,40.083737
Car-1,2008-10-19 01:57:22,116.319837,40.08372
Car-1,2008-10-19 01:57:24,116.319645,40.083683
Car-1,2008-10-19 01:57:26,116.319434,40.083658
Car-1,2008-10-19 01:57:28,116.319147,40.083645
Car-1,2008-10-19 01:57:30,116.318855,40.083623
Car-1,2008-10-19 01:57:32,116.318698,40.083616
Car-1,2008-10-19 01:57:34,116.318408,40.083584
Car-1,2008-10-19 01:57:36,116.318169,40.083563
Car-1,2008-10-19 01:57:38,116.317985,40.083553
Car-1,2008-10-19 01:57:40,116.317785,40.083539
Car-1,2008-10-19 01:57:42,116.317597,40.083526
Car-1,2008-10-19 01:57:44,116.317447,40.08351
Car-1,2008-10-19 01:57:46,116.317346,40.083492
Car-1,2008-10-19 01:57:48,116.317303,40.083485
Car-1,2008-10-19 01:57:50,116.317284,40.083476
Car-1,2008-10-19 01:57:52,116.317249,40.083464
Car-1,2008-10-19 01:57:54,116.3172,40.083444
Car-1,2008-10-19 01:57:56,116.317136,40.083424
Car-1,2008-10-19 01:57:58,116.317038,40.08339
Car-1,2008-10-19 01:58:00,116.316922,40.083365
Car-1,2008-10-19 01:58:02,116.316779,40.083345
Car-1,2008-10-19 01:58:04,116.316615,40.083327
Car-1,2008-10-19 01:58:06,116.316429,40.083299
Car-1,2008-10-19 01:58:08,116.316209,40.083269
Car-1,2008-10-19 01:58:10,116.316011,40.083235
Car-1,2008-10-19 01:58:12,116.315813,40.083201
Car-1,2008-10-19 01:58:14,116.315616,40.083163
Car-1,2008-10-19 01:58:16,116.315403,40.083124
Car-1,2008-10-19 01:58:18,116.315208,40.083094
Car-1,2008-10-19 01:58:20,116.315042,40.083061
Car-1,2008-10-19 01:58:22,116.314935,40.083024
Car-1,2008-10-19 01:58:24,116.314847,40.08299
Car-1,2008-10-19 01:58:26,116.314746,40.082958
Car-1,2008-10-19 01:58:28,116.314633,40.082928
Car-1,2008-10-19 01:58:30,116.314499,40.082887
Car-1,2008-10-19 01:58:32,116.314367,40.082823
Car-1,2008-10-19 01:58:34,116.314234,40.08276
Car-1,2008-10-19 01:58:36,116.314097,40.082676
Car-1,2008-10-19 01:58:38,116.314056,40.082614
Car-1,2008-10-19 01:58:40,116.314091,40.082551
Car-1,2008-10-19 01:58:42,116.314109,40.08246
Car-1,2008-10-19 01:58:44,116.314139,40.082345
Car-1,2008-10-19 01:58:46,116.314172,40.082199
Car-1,2008-10-19 01:58:48,116.314216,40.082047
Car-1,2008-10-19 01:58:50,116.314272,40.081918
Car-1,2008-10-19 01:58:52,116.31434,40.081809
Car-1,2008-10-19 01:58:54,116.314417,40.081709
Car-1,2008-10-19 01:58:56,116.314504,40.081635
Car-1,2008-10-19 01:58:58,116.314622,40.08155
Car-1,2008-10-19 01:59:00,116.314721,40.081464
Car-1,2008-10-19 01:59:02,116.314815,40.081359
Car-1,2008-10-19 01:59:04,116.314889,40.081228
Car-1,2008-10-19 01:59:06,116.31492,40.081068
Car-1,2008-10-19 01:59:08,116.314837,40.080878
Car-1,2008-10-19 01:59:10,116.314811,40.080762
Car-1,2008-10-19 01:59:12,116.314799,40.080692
Car-1,2008-10-19 01:59:14,116.314751,40.080633
Car-1,2008-10-19 01:59:16,116.314712,40.08061
Car-1,2008-10-19 01:59:18,116.314678,40.080594
Car-1,2008-10-19 01:59:20,116.314652,40.080575
Car-1,2008-10-19 01:59:22,116.314635,40.080524
Car-1,2008-10-19 01:59:24,116.314637,40.080428
Car-1,2008-10-19 01:59:26,116.314637,40.080342
Car-1,2008-10-19 01:59:28,116.314633,40.080266
Car-1,2008-10-19 01:59:30,116.314626,40.080196
Car-1,2008-10-19 01:59:32,116.314632,40.080122
Car-1,2008-10-19 01:59:34,116.314636,40.080024
Car-1,2008-10-19 01:59:36,116.314622,40.079887
Car-1,2008-10-19 01:59:38,116.314625,40.079741
Car-1,2008-10-19 01:59:40,116.314642,40.079595
Car-1,2008-10-19 01:59:42,116.314707,40.079475
Car-1,2008-10-19 01:59:44,116.314837,40.079365
Car-1,2008-10-19 01:59:46,116.314929,40.079225
Car-1,2008-10-19 01:59:48,116.314989,40.079067
Car-1,2008-10-19 01:59:50,116.315044,40.078947
Car-1,2008-10-19 01:59:52,116.315158,40.078945
Car-1,2008-10-19 01:59:54,116.315201,40.078872
Car-1,2008-10-19 01:59:56,116.315305,40.078905
Car-1,2008-10-19 01:59:58,116.315396,40.078954
Car-1,2008-10-19 02:00:00,116.315411,40.078918
Car-1,2008-10-19 02:00:02,116.31542,40.078894
Car-1,2008-10-19 02:00:04,116.315424,40.07889
Car-1,2008-10-19 02:00:06,116.315427,40.07889
Car-1,2008-10-19 02:00:08,116.315431,40.078895
Car-1,2008-10-19 02:00:10,116.315432,40.078902
Car-1,2008-10-19 02:00:12,116.315435,40.078906
Car-1,2008-10-19 02:00:14,116.315436,40.078904
Car-1,2008-10-19 02:00:16,116.315443,40.078902
Car-1,2008-10-19 02:00:18,116.315454,40.078905
Car-1,2008-10-19 02:00:20,116.315455,40.07889
Car-1,2008-10-19 02:00:22,116.315453,40.078843
Car-1,2008-10-19 02:00:24,116.315463,40.078771
Car-1,2008-10-19 02:00:26,116.315526,40.078733
Car-1,2008-10-19 02:00:28,116.315577,40.078614
Car-1,2008-10-19 02:00:30,116.315694,40.078549
Car-1,2008-10-19 02:00:32,116.315763,40.078406
Car-1,2008-10-19 02:00:34,116.315863,40.07828
Car-1,2008-10-19 02:00:36,116.315947,40.078109
Car-1,2008-10-19 02:00:38,116.316064,40.077977
Car-1,2008-10-19 02:00:40,116.316155,40.077815
Car-1,2008-10-19 02:00:42,116.316236,40.077626
Car-1,2008-10-19 02:00:44,116.316316,40.077437
Car-1,2008-10-19 02:00:46,116.316394,40.077238
Car-1,2008-10-19 02:00:48,116.316485,40.07705
Car-1,2008-10-19 02:00:50,116.316594,40.076863
Car-1,2008-10-19 02:00:52,116.316708,40.076677
Car-1,2008-10-19 02:00:54,116.31681,40.076479
Car-1,2008-10-19 02:00:56,116.3169,40.076285
Car-1,2008-10-19 02:00:58,116.316982,40.076105
Car-1,2008-10-19 02:01:00,116.317073,40.075955
Car-1,2008-10-19 02:01:02,116.317149,40.075803
Car-1,2008-10-19 02:01:04,116.317211,40.075671
Car-1,2008-10-19 02:01:06,116.317214,40.07554
Car-1,2008-10-19 02:01:08,116.31718,40.075423
Car-1,2008-10-19 02:01:10,116.317149,40.075329
Car-1,2008-10-19 02:01:12,116.317096,40.075277
Car-1,2008-10-19 02:01:14,116.317068,40.075276
Car-1,2008-10-19 02:01:16,116.316978,40.07529
Car-1,2008-10-19 02:01:18,116.316966,40.075293
Car-1,2008-10-19 02:01:20,116.316951,40.075289
Car-1,2008-10-19 02:01:22,116.316933,40.07528
Car-1,2008-10-19 02:01:24,116.316926,40.075278
Car-1,2008-10-19 02:01:26,116.316934,40.075282
Car-1,2008-10-19 02:01:28,116.316941,40.07528
Car-1,2008-10-19 02:01:30,116.316952,40.075249
Car-1,2008-10-19 02:01:32,116.316974,40.075202
Car-1,2008-10-19 02:01:34,116.317003,40.075133
Car-1,2008-10-19 02:01:36,116.317037,40.075056
Car-1,2008-10-19 02:01:38,116.317074,40.07499
Car-1,2008-10-19 02:01:40,116.317098,40.074923
Car-1,2008-10-19 02:01:42,116.317111,40.074886
Car-1,2008-10-19 02:01:44,116.317106,40.074871
Car-1,2008-10-19 02:01:46,116.317092,40.074867
Car-1,2008-10-19 02:01:48,116.317054,40.074875
Car-1,2008-10-19 02:01:50,116.317001,40.07489
Car-1,2008-10-19 02:01:52,116.316931,40.074895
Car-1,2008-10-19 02:01:54,116.31686,40.074905
Car-1,2008-10-19 02:01:56,116.316768,40.074905
Car-1,2008-10-19 02:01:58,116.316666,40.074901
Car-1,2008-10-19 02:02:00,116.316551,40.07489
Car-1,2008-10-19 02:02:02,116.316418,40.074872
Car-1,2008-10-19 02:02:04,116.316269,40.074854
Car-1,2008-10-19 02:02:06,116.316103,40.074824
Car-1,2008-10-19 02:02:08,116.315922,40.074788
Car-1,2008-10-19 02:02:10,116.315729,40.074746
Car-1,2008-10-19 02:02:12,116.315526,40.074712
Car-1,2008-10-19 02:02:14,116.315324,40.074666
Car-1,2008-10-19 02:02:16,116.315128,40.074627
Car-1,2008-10-19 02:02:18,116.314932,40.074609
Car-1,2008-10-19 02:02:20,116.314741,40.074582
Car-1,2008-10-19 02:02:22,116.314547,40.074561
Car-1,2008-10-19 02:02:24,116.314353,40.074542
Car-1,2008-10-19 02:02:26,116.314146,40.074545
Car-1,2008-10-19 02:02:28,116.313944,40.074532
Car-1,2008-10-19 02:02:30,116.313748,40.074508
Car-1,2008-10-19 02:02:32,116.313566,40.074478
Car-1,2008-10-19 02:02:34,116.313414,40.074439
Car-1,2008-10-19 02:02:36,116.313304,40.074388
Car-1,2008-10-19 02:02:38,116.313238,40.074345
Car-1,2008-10-19 02:02:40,116.313205,40.074297
Car-1,2008-10-19 02:02:42,116.313206,40.074264
Car-1,2008-10-19 02:02:44,116.313197,40.074234
Car-1,2008-10-19 02:02:46,116.313163,40.074167
Car-1,2008-10-19 02:02:48,116.313115,40.074077
Car-1,2008-10-19 02:02:50,116.313029,40.073975
Car-1,2008-10-19 02:02:52,116.312934,40.073887
Car-1,2008-10-19 02:02:54,116.31283,40.07382
Car-1,2008-10-19 02:02:56,116.31272,40.073768
Car-1,2008-10-19 02:02:58,116.312609,40.073725
Car-1,2008-10-19 02:03:00,116.312507,40.073691
Car-1,2008-10-19 02:03:02,116.312393,40.073649
Car-1,2008-10-19 02:03:04,116.312283,40.073613
Car-1,2008-10-19 02:03:06,116.312175,40.073582
Car-1,2008-10-19 02:03:08,116.312064,40.073556
Car-1,2008-10-19 02:03:10,116.31193,40.073514
Car-1,2008-10-19 02:03:12,116.311789,40.073464
Car-1,2008-10-19 02:03:14,116.311656,40.073413
Car-1,2008-10-19 02:03:16,116.311535,40.073363
Car-1,2008-10-19 02:03:18,116.311404,40.073305
Car-1,2008-10-19 02:03:20,116.311303,40.073257
Car-1,2008-10-19 02:03:22,116.311219,40.073198
Car-1,2008-10-19 02:03:24,116.311181,40.073156
Car-1,2008-10-19 02:03:26,116.311179,40.073146
Car-1,2008-10-19 02:03:28,116.311189,40.073147
Car-1,2008-10-19 02:03:30,116.311188,40.07314
Car-1,2008-10-19 02:03:32,116.311194,40.073131
Car-1,2008-10-19 02:03:34,116.311182,40.073143
Car-1,2008-10-19 02:03:36,116.311151,40.073148
Car-1,2008-10-19 02:03:38,116.311091,40.073148
Car-1,2008-10-19 02:03:40,116.311012,40.073133
Car-1,2008-10-19 02:03:42,116.31092,40.073106
Car-1,2008-10-19 02:03:44,116.31083,40.07308
Car-1,2008-10-19 02:03:46,116.310754,40.073065
Car-1,2008-10-19 02:03:48,116.310696,40.073045
Car-1,2008-10-19 02:03:50,116.310639,40.073028
Car-1,2008-10-19 02:03:52,116.310606,40.073006
Car-1,2008-10-19 02:03:54,116.310559,40.072975
Car-1,2008-10-19 02:03:56,116.310499,40.072948
Car-1,2008-10-19 02:03:58,116.310426,40.072924
Car-1,2008-10-19 02:04:00,116.310354,40.072889
Car-1,2008-10-19 02:04:02,116.31029,40.072848
Car-1,2008-10-19 02:04:04,116.310221,40.072811
Car-1,2008-10-19 02:04:06,116.310126,40.072787
Car-1,2008-10-19 02:04:08,116.310013,40.072765
Car-1,2008-10-19 02:04:10,116.309902,40.072742
Car-1,2008-10-19 02:04:12,116.309802,40.072721
Car-1,2008-10-19 02:04:14,116.309696,40.07269
Car-1,2008-10-19 02:04:16,116.309584,40.072654
Car-1,2008-10-19 02:04:18,116.309461,40.072614
Car-1,2008-10-19 02:04:20,116.309333,40.072582
Car-1,2008-10-19 02:04:22,116.309218,40.072565
Car-1,2008-10-19 02:04:24,116.309107,40.072551
Car-1,2008-10-19 02:04:26,116.309002,40.072526
Car-1,2008-10-19 02:04:28,116.308907,40.072496
Car-1,2008-10-19 02:04:30,116.308821,40.072458
Car-1,2008-10-19 02:04:32,116.308741,40.072424
Car-1,2008-10-19 02:04:34,116.308641,40.072394
Car-1,2008-10-19 02:04:36,116.308546,40.072366
Car-1,2008-10-19 02:04:38,116.308461,40.072337
Car-1,2008-10-19 02:04:40,116.308369,40.072304
Car-1,2008-10-19 02:04:42,116.308253,40.072272
Car-1,2008-10-19 02:04:44,116.308137,40.072236
Car-1,2008-10-19 02:04:46,116.308011,40.072229
Car-1,2008-10-19 02:04:48,116.307863,40.072251
Car-1,2008-10-19 02:04:50,116.307707,40.072305
Car-1,2008-10-19 02:04:52,116.307551,40.072372
Car-1,2008-10-19 02:04:54,116.307407,40.072483
Car-1,2008-10-19 02:04:56,116.307281,40.072637
Car-1,2008-10-19 02:04:58,116.307178,40.072776
Car-1,2008-10-19 02:05:00,116.307071,40.072917
Car-1,2008-10-19 02:05:02,116.306982,40.073044
Car-1,2008-10-19 02:05:04,116.30691,40.073156
Car-1,2008-10-19 02:05:06,116.306843,40.073275
Car-1,2008-10-19 02:05:08,116.306784,40.073403
Car-1,2008-10-19 02:05:10,116.306731,40.07353
Car-1,2008-10-19 02:05:12,116.306679,40.073642
Car-1,2008-10-19 02:05:14,116.306627,40.073753
Car-1,2008-10-19 02:05:16,116.306574,40.073876
Car-1,2008-10-19 02:05:18,116.30652,40.07399
Car-1,2008-10-19 02:05:20,116.306466,40.074097
Car-1,2008-10-19 02:05:22,116.306428,40.074219
Car-1,2008-10-19 02:05:24,116.306406,40.074326
Car-1,2008-10-19 02:05:26,116.306407,40.0744
Car-1,2008-10-19 02:05:28,116.306428,40.074445
Car-1,2008-10-19 02:05:30,116.306465,40.07448
Car-1,2008-10-19 02:05:32,116.306521,40.074506
Car-1,2008-10-19 02:05:34,116.306589,40.074516
Car-1,2008-10-19 02:05:36,116.306658,40.074511
Car-1,2008-10-19 02:05:38,116.306732,40.074494
Car-1,2008-10-19 02:05:40,116.306804,40.074453
Car-1,2008-10-19 02:05:42,116.306856,40.074377
Car-1,2008-10-19 02:05:44,116.306914,40.074281
Car-1,2008-10-19 02:05:46,116.306978,40.074179
Car-1,2008-10-19 02:05:48,116.307066,40.074055
Car-1,2008-10-19 02:05:50,116.30717,40.073925
Car-1,2008-10-19 02:05:52,116.307325,40.073769
Car-1,2008-10-19 02:05:54,116.307443,40.073588
Car-1,2008-10-19 02:05:56,116.307557,40.073395
Car-1,2008-10-19 02:05:58,116.307713,40.073202
Car-1,2008-10-19 02:06:00,116.307829,40.073012
Car-1,2008-10-19 02:06:02,116.307952,40.072772
Car-1,2008-10-19 02:06:04,116.308091,40.072599
Car-1,2008-10-19 02:06:06,116.308228,40.072322
Car-1,2008-10-19 02:06:08,116.30839,40.072113
Car-1,2008-10-19 02:06:10,116.308548,40.07198
Car-1,2008-10-19 02:06:12,116.308643,40.071879
Car-1,2008-10-19 02:06:14,116.308753,40.071825
Car-1,2008-10-19 02:06:16,116.308839,40.071823
Car-1,2008-10-19 02:06:18,116.308919,40.071856
Car-1,2008-10-19 02:06:20,116.308983,40.071903
Car-1,2008-10-19 02:06:22,116.309027,40.071946
Car-1,2008-10-19 02:06:24,116.309055,40.071972
Car-1,2008-10-19 02:06:26,116.309083,40.07196
Car-1,2008-10-19 02:06:28,116.309124,40.071933
Car-1,2008-10-19 02:06:30,116.309174,40.071891
Car-1,2008-10-19 02:06:32,116.30924,40.071851
Car-1,2008-10-19 02:06:34,116.30933,40.071816
Car-1,2008-10-19 02:06:36,116.309441,40.071732
Car-1,2008-10-19 02:06:38,116.309574,40.0716
Car-1,2008-10-19 02:06:40,116.309709,40.071429
Car-1,2008-10-19 02:06:42,116.309842,40.07122
Car-1,2008-10-19 02:06:44,116.309996,40.070977
Car-1,2008-10-19 02:06:46,116.310139,40.07073
Car-1,2008-10-19 02:06:48,116.310248,40.070499
Car-1,2008-10-19 02:06:50,116.310336,40.070294
Car-1,2008-10-19 02:06:52,116.310427,40.070097
Car-1,2008-10-19 02:06:54,116.31051,40.069892
Car-1,2008-10-19 02:06:56,116.310593,40.069684
Car-1,2008-10-19 02:06:58,116.310719,40.06948
Car-1,2008-10-19 02:07:00,116.310925,40.069266
Car-1,2008-10-19 02:07:02,116.311119,40.069065
Car-1,2008-10-19 02:07:04,116.311328,40.068893
Car-1,2008-10-19 02:07:06,116.311546,40.068769
Car-1,2008-10-19 02:07:08,116.311724,40.068672
Car-1,2008-10-19 02:07:10,116.311915,40.068623
Car-1,2008-10-19 02:07:12,116.312038,40.068528
Car-1,2008-10-19 02:07:14,116.312098,40.068516
Car-1,2008-10-19 02:07:16,116.312115,40.068529
Car-1,2008-10-19 02:07:18,116.312098,40.06855
Car-1,2008-10-19 02:07:20,116.31204,40.068588
Car-1,2008-10-19 02:07:22,116.311974,40.068611
Car-1,2008-10-19 02:07:24,116.311915,40.068593
Car-1,2008-10-19 02:07:26,116.311889,40.06858
Car-1,2008-10-19 02:07:28,116.311872,40.068554
Car-1,2008-10-19 02:07:30,116.311861,40.068512
Car-1,2008-10-19 02:07:32,116.311862,40.068445
Car-1,2008-10-19 02:07:34,116.31188,40.068384
Car-1,2008-10-19 02:07:36,116.311907,40.068317
Car-1,2008-10-19 02:07:38,116.311943,40.068237
Car-1,2008-10-19 02:07:40,116.311998,40.068158
Car-1,2008-10-19 02:07:42,116.312066,40.068081
Car-1,2008-10-19 02:07:44,116.312138,40.068011
Car-1,2008-10-19 02:07:46,116.312214,40.067947
Car-1,2008-10-19 02:07:48,116.312288,40.067889
Car-1,2008-10-19 02:07:50,116.312364,40.067835
Car-1,2008-10-19 02:07:52,116.312434,40.06779
Car-1,2008-10-19 02:07:54,116.312506,40.067735
Car-1,2008-10-19 02:07:56,116.312572,40.06767
Car-1,2008-10-19 02:07:58,116.312635,40.067603
Car-1,2008-10-19 02:08:00,116.312692,40.067525
Car-1,2008-10-19 02:08:02,116.312748,40.067428
Car-1,2008-10-19 02:08:04,116.312824,40.067323
Car-1,2008-10-19 02:08:06,116.312893,40.067233
Car-1,2008-10-19 02:08:08,116.312956,40.067139
Car-1,2008-10-19 02:08:10,116.313019,40.067045
Car-1,2008-10-19 02:08:12,116.313048,40.066933
Car-1,2008-10-19 02:08:14,116.313086,40.066868
Car-1,2008-10-19 02:08:16,116.313123,40.066782
Car-1,2008-10-19 02:08:18,116.313144,40.066697
Car-1,2008-10-19 02:08:20,116.313152,40.066666
Car-1,2008-10-19 02:08:22,116.313147,40.06665
Car-1,2008-10-19 02:08:24,116.313126,40.066642
Car-1,2008-10-19 02:08:26,116.313102,40.066624
Car-1,2008-10-19 02:08:28,116.313079,40.066616
Car-1,2008-10-19 02:08:30,116.313066,40.0666
Car-1,2008-10-19 02:08:32,116.313057,40.066579
Car-1,2008-10-19 02:08:34,116.313051,40.066576
Car-1,2008-10-19 02:08:36,116.313054,40.066579
Car-1,2008-10-19 02:08:38,116.313073,40.066579
Car-1,2008-10-19 02:08:40,116.313093,40.066571
Car-1,2008-10-19 02:08:42,116.31313,40.066553
Car-1,2008-10-19 02:08:44,116.313159,40.066486
Car-1,2008-10-19 02:08:46,116.313194,40.066405
Car-1,2008-10-19 02:08:48,116.313231,40.066318
Car-1,2008-10-19 02:08:50,116.313271,40.066221
Car-1,2008-10-19 02:08:52,116.313332,40.066115
Car-1,2008-10-19 02:08:54,116.313417,40.065999
Car-1,2008-10-19 02:08:56,116.313523,40.065853
Car-1,2008-10-19 02:08:58,116.31363,40.065652
Car-1,2008-10-19 02:09:00,116.31378,40.065465
Car-1,2008-10-19 02:09:02,116.313805,40.065102
Car-1,2008-10-19 02:09:04,116.313922,40.064927
Car-1,2008-10-19 02:09:06,116.313982,40.064667
Car-1,2008-10-19 02:09:08,116.314036,40.064441
Car-1,2008-10-19 02:09:10,116.314141,40.064316
Car-1,2008-10-19 02:09:12,116.314238,40.064179
Car-1,2008-10-19 02:09:14,116.314354,40.064063
Car-1,2008-10-19 02:09:16,116.314433,40.063875
Car-1,2008-10-19 02:09:18,116.314514,40.063699
Car-1,2008-10-19 02:09:20,116.314583,40.063526
Car-1,2008-10-19 02:09:22,116.314667,40.063359
Car-1,2008-10-19 02:09:24,116.314762,40.063193
Car-1,2008-10-19 02:09:26,116.314821,40.062971
Car-1,2008-10-19 02:09:28,116.314907,40.062785
Car-1,2008-10-19 02:09:30,116.315028,40.062647
Car-1,2008-10-19 02:09:32,116.315142,40.062496
Car-1,2008-10-19 02:09:34,116.315264,40.062362
Car-1,2008-10-19 02:09:36,116.315384,40.062266
Car-1,2008-10-19 02:09:38,116.315498,40.062182
Car-1,2008-10-19 02:09:40,116.315606,40.062111
Car-1,2008-10-19 02:09:42,116.315695,40.062014
Car-1,2008-10-19 02:09:44,116.31577,40.061895
Car-1,2008-10-19 02:09:46,116.315792,40.061686
Car-1,2008-10-19 02:09:48,116.315833,40.061496
Car-1,2008-10-19 02:09:50,116.315918,40.061352
Car-1,2008-10-19 02:09:52,116.316019,40.061198
Car-1,2008-10-19 02:12:42,116.321254,40.055456
Car-1,2008-10-19 02:12:44,116.321478,40.055464
Car-1,2008-10-19 02:12:46,116.321502,40.055485
Car-1,2008-10-19 02:12:52,116.322146,40.054721
Car-1,2008-10-19 02:13:00,116.322278,40.053544
Car-1,2008-10-19 02:13:02,116.322203,40.053715
Car-1,2008-10-19 02:13:04,116.322121,40.053899
Car-1,2008-10-19 02:13:06,116.32201,40.054017
Car-1,2008-10-19 02:13:08,116.322054,40.054086
Car-1,2008-10-19 02:13:10,116.322089,40.05415
Car-1,2008-10-19 02:13:12,116.322111,40.054215
Car-1,2008-10-19 02:13:14,116.322122,40.054279
Car-1,2008-10-19 02:13:16,116.322137,40.054332
Car-1,2008-10-19 02:13:18,116.322159,40.054372
Car-1,2008-10-19 02:13:20,116.322193,40.054407
Car-1,2008-10-19 02:13:22,116.322193,40.054435
Car-1,2008-10-19 02:13:24,116.32218,40.054452
Car-1,2008-10-19 02:13:26,116.32217,40.054478
Car-1,2008-10-19 02:13:28,116.322158,40.054505
Car-1,2008-10-19 02:13:30,116.322142,40.054525
Car-1,2008-10-19 02:13:32,116.322112,40.054547
Car-1,2008-10-19 02:13:34,116.322094,40.054564
Car-1,2008-10-19 02:13:36,116.32206,40.054587
Car-1,2008-10-19 02:13:38,116.322034,40.0546
Car-1,2008-10-19 02:13:40,116.321999,40.054618
Car-1,2008-10-19 02:13:42,116.321963,40.054627
Car-1,2008-10-19 02:13:44,116.321929,40.054639
Car-1,2008-10-19 02:13:46,116.321903,40.054654
Car-1,2008-10-19 02:13:48,116.321891,40.054648
Car-1,2008-10-19 02:13:50,116.321903,40.054624
Car-1,2008-10-19 02:13:52,116.321901,40.054591
Car-1,2008-10-19 02:13:54,116.321889,40.054564
Car-1,2008-10-19 02:13:56,116.321873,40.054541
Car-1,2008-10-19 02:13:58,116.32186,40.054515
Car-1,2008-10-19 02:14:00,116.321839,40.054484
Car-1,2008-10-19 02:14:02,116.321817,40.054458
Car-1,2008-10-19 02:14:04,116.321797,40.054434
Car-1,2008-10-19 02:14:06,116.321797,40.054408
Car-1,2008-10-19 02:14:08,116.321796,40.05438
Car-1,2008-10-19 02:14:10,116.32179,40.054357
Car-1,2008-10-19 02:14:12,116.321788,40.054348
Car-1,2008-10-19 02:14:14,116.321778,40.054338
Car-1,2008-10-19 02:14:16,116.321767,40.054312
Car-1,2008-10-19 02:14:18,116.32175,40.054275
Car-1,2008-10-19 02:14:20,116.321718,40.054377
Car-1,2008-10-19 02:14:22,116.321699,40.0543
Car-1,2008-10-19 02:14:24,116.321706,40.054226
Car-1,2008-10-19 02:14:26,116.32172,40.054154
Car-1,2008-10-19 02:14:28,116.321738,40.054077
Car-1,2008-10-19 02:14:30,116.321801,40.054104
Car-1,2008-10-19 02:14:32,116.32182,40.054088
Car-1,2008-10-19 02:14:34,116.321839,40.054026
Car-1,2008-10-19 02:14:36,116.321877,40.053951
Car-1,2008-10-19 02:14:38,116.321905,40.053805
Car-1,2008-10-19 02:14:40,116.321958,40.053673
Car-1,2008-10-19 02:14:42,116.322052,40.05355
Car-1,2008-10-19 02:14:44,116.322186,40.053441
Car-1,2008-10-19 02:14:46,116.322302,40.053306
Car-1,2008-10-19 02:14:48,116.322464,40.053196
Car-1,2008-10-19 02:14:50,116.322631,40.053063
Car-1,2008-10-19 02:14:52,116.32278,40.052901
Car-1,2008-10-19 02:14:54,116.322936,40.05274
Car-1,2008-10-19 02:14:56,116.323217,40.052733
Car-1,2008-10-19 02:14:58,116.323465,40.052698
Car-1,2008-10-19 02:15:00,116.32358,40.052546
Car-1,2008-10-19 02:15:02,116.323653,40.052379
Car-1,2008-10-19 02:15:04,116.323681,40.052209
Car-1,2008-10-19 02:15:06,116.323701,40.052055
Car-1,2008-10-19 02:15:08,116.323705,40.051901
Car-1,2008-10-19 02:15:10,116.323698,40.051754
Car-1,2008-10-19 02:15:12,116.323736,40.051667
Car-1,2008-10-19 02:15:14,116.323778,40.051599
Car-1,2008-10-19 02:15:16,116.323794,40.051497
Car-1,2008-10-19 02:15:18,116.323907,40.05153
Car-1,2008-10-19 02:15:20,116.323983,40.051523
Car-1,2008-10-19 02:15:22,116.324003,40.051441
Car-1,2008-10-19 02:15:24,116.324061,40.051406
Car-1,2008-10-19 02:15:26,116.324141,40.051393
Car-1,2008-10-19 02:15:28,116.324192,40.051345
Car-1,2008-10-19 02:15:30,116.324221,40.051276
Car-1,2008-10-19 02:15:32,116.324255,40.051216
Car-1,2008-10-19 02:15:34,116.324287,40.051174
Car-1,2008-10-19 02:15:36,116.324301,40.051142
Car-1,2008-10-19 02:15:38,116.324309,40.05111
Car-1,2008-10-19 02:15:40,116.324371,40.051158
Car-1,2008-10-19 02:15:42,116.324387,40.051182
Car-1,2008-10-19 02:15:44,116.324398,40.051185
Car-1,2008-10-19 02:15:46,116.324493,40.05129
Car-1,2008-10-19 02:15:48,116.324517,40.051263
Car-1,2008-10-19 02:15:50,116.324534,40.051233
Car-1,2008-10-19 02:16:30,116.324854,40.051344
Car-1,2008-10-19 02:16:32,116.324909,40.051342
Car-1,2008-10-19 02:16:34,116.32498,40.051327
Car-1,2008-10-19 02:16:36,116.325046,40.051279
Car-1,2008-10-19 02:16:38,116.325106,40.051194
Car-1,2008-10-19 02:17:52,116.331326,40.042837
Car-1,2008-10-19 02:17:54,116.33162,40.042645
Car-1,2008-10-19 02:17:56,116.331633,40.042638
Car-1,2008-10-19 02:18:02,116.33132,40.042311
Car-1,2008-10-19 02:18:04,116.331406,40.042115
Car-1,2008-10-19 02:18:06,116.331468,40.041967
Car-1,2008-10-19 02:18:08,116.331502,40.041876
Car-1,2008-10-19 02:18:10,116.331551,40.041783
Car-1,2008-10-19 02:18:12,116.331607,40.041696
Car-1,2008-10-19 02:18:14,116.331659,40.041589
Car-1,2008-10-19 02:18:16,116.331709,40.041486
Car-1,2008-10-19 02:18:18,116.331754,40.041386
Car-1,2008-10-19 02:18:20,116.331769,40.041337
Car-1,2008-10-19 02:18:22,116.331731,40.041356
Car-1,2008-10-19 02:18:24,116.331701,40.041372
Car-1,2008-10-19 02:18:26,116.331684,40.04139
Car-1,2008-10-19 02:18:28,116.331693,40.041382
Car-1,2008-10-19 02:18:30,116.331725,40.041366
Car-1,2008-10-19 02:18:32,116.331752,40.041306
Car-1,2008-10-19 02:18:34,116.331797,40.041236
Car-1,2008-10-19 02:18:36,116.331853,40.041156
Car-1,2008-10-19 02:18:38,116.331915,40.041076
Car-1,2008-10-19 02:18:40,116.331968,40.040994
Car-1,2008-10-19 02:18:42,116.332025,40.040926
Car-1,2008-10-19 02:18:44,116.332085,40.040882
Car-1,2008-10-19 02:18:46,116.332125,40.040843
Car-1,2008-10-19 02:18:48,116.332154,40.04081
Car-1,2008-10-19 02:18:50,116.332192,40.040781
Car-1,2008-10-19 02:18:52,116.332232,40.040739
Car-1,2008-10-19 02:18:54,116.332279,40.040682
Car-1,2008-10-19 02:18:56,116.332321,40.040617
Car-1,2008-10-19 02:18:58,116.332368,40.040562
Car-1,2008-10-19 02:19:00,116.332394,40.040504
Car-1,2008-10-19 02:19:02,116.332438,40.040447
Car-1,2008-10-19 02:19:04,116.332482,40.040387
Car-1,2008-10-19 02:19:06,116.33253,40.040315
Car-1,2008-10-19 02:19:08,116.332594,40.040234
Car-1,2008-10-19 02:19:10,116.332658,40.04015
Car-1,2008-10-19 02:19:12,116.332732,40.04006
Car-1,2008-10-19 02:19:14,116.33281,40.039948
Car-1,2008-10-19 02:19:16,116.33287,40.03987
Car-1,2008-10-19 02:19:18,116.332911,40.03983
Car-1,2008-10-19 02:19:20,116.332917,40.039807
Car-1,2008-10-19 02:21:36,116.333151,40.039647
Car-1,2008-10-19 02:21:38,116.333229,40.039602
Car-1,2008-10-19 02:21:40,116.333312,40.039548
Car-1,2008-10-19 02:21:42,116.333399,40.039481
Car-1,2008-10-19 02:21:44,116.333488,40.039406
Car-1,2008-10-19 02:21:46,116.333587,40.039295
Car-1,2008-10-19 02:21:48,116.333673,40.039155
Car-1,2008-10-19 02:21:50,116.333855,40.03891
Car-1,2008-10-19 02:21:52,116.33403,40.038689
Car-1,2008-10-19 02:21:54,116.334183,40.038516
Car-1,2008-10-19 02:21:56,116.334305,40.038391
Car-1,2008-10-19 02:21:58,116.3344,40.038286
Car-1,2008-10-19 02:22:00,116.334483,40.038188
Car-1,2008-10-19 02:22:02,116.334561,40.03811
Car-1,2008-10-19 02:22:04,116.334631,40.038051
Car-1,2008-10-19 02:22:06,116.334675,40.03799
Car-1,2008-10-19 02:22:08,116.334717,40.037929
Car-1,2008-10-19 02:22:10,116.334742,40.037887
Car-1,2008-10-19 02:22:12,116.334744,40.037887
Car-1,2008-10-19 02:22:14,116.33472,40.037882
Car-1,2008-10-19 02:22:16,116.334711,40.03788
Car-1,2008-10-19 02:22:18,116.334709,40.037879
Car-1,2008-10-19 02:22:20,116.334705,40.037876
Car-1,2008-10-19 02:22:22,116.334706,40.037872
Car-1,2008-10-19 02:22:24,116.334707,40.037869
Car-1,2008-10-19 02:22:26,116.334708,40.037869
Car-1,2008-10-19 02:22:28,116.33471,40.03787
Car-1,2008-10-19 02:22:30,116.334709,40.037871
Car-1,2008-10-19 02:22:32,116.334705,40.037873
Car-1,2008-10-19 02:22:34,116.334701,40.037873
Car-1,2008-10-19 02:22:36,116.334703,40.037872
Car-1,2008-10-19 02:22:38,116.334703,40.037872
Car-1,2008-10-19 02:22:40,116.334699,40.037875
Car-1,2008-10-19 02:22:42,116.334693,40.037878
Car-1,2008-10-19 02:22:44,116.334686,40.037882
Car-1,2008-10-19 02:22:46,116.33468,40.037881
Car-1,2008-10-19 02:22:48,116.334674,40.037878
Car-1,2008-10-19 02:22:50,116.334669,40.037876
Car-1,2008-10-19 02:22:52,116.334661,40.037869
Car-1,2008-10-19 02:22:54,116.334653,40.03786
Car-1,2008-10-19 02:22:56,116.334648,40.037852
Car-1,2008-10-19 02:22:58,116.334646,40.037847
Car-1,2008-10-19 02:23:00,116.334643,40.037844
Car-1,2008-10-19 02:23:02,116.334643,40.037844
Car-1,2008-10-19 02:23:04,116.334647,40.037845
Car-1,2008-10-19 02:23:06,116.334653,40.037847
Car-1,2008-10-19 02:23:08,116.334659,40.037852
Car-1,2008-10-19 02:23:10,116.334665,40.037856
Car-1,2008-10-19 02:23:12,116.33467,40.037857
Car-1,2008-10-19 02:23:14,116.334672,40.037858
Car-1,2008-10-19 02:23:16,116.334673,40.037858
Car-1,2008-10-19 02:23:18,116.334672,40.037858
Car-1,2008-10-19 02:23:20,116.334672,40.037858
Car-1,2008-10-19 02:23:22,116.334673,40.037859
Car-1,2008-10-19 02:23:24,116.334676,40.037861
Car-1,2008-10-19 02:23:26,116.334677,40.037862
Car-1,2008-10-19 02:23:28,116.334676,40.037865
Car-1,2008-10-19 02:23:30,116.334673,40.037868
Car-1,2008-10-19 02:23:32,116.334668,40.037867
Car-1,2008-10-19 02:23:34,116.334662,40.037865
Car-1,2008-10-19 02:23:36,116.334658,40.03786
Car-1,2008-10-19 02:23:38,116.334653,40.037849
Car-1,2008-10-19 02:23:40,116.334652,40.037835
Car-1,2008-10-19 02:23:42,116.334656,40.037827
Car-1,2008-10-19 02:23:44,116.33466,40.037823
Car-1,2008-10-19 02:23:46,116.334664,40.037824
Car-1,2008-10-19 02:23:48,116.334668,40.037827
Car-1,2008-10-19 02:23:50,116.334666,40.037829
Car-1,2008-10-19 02:23:52,116.334666,40.037831
Car-1,2008-10-19 02:23:54,116.334667,40.037833
Car-1,2008-10-19 02:25:24,116.334818,40.037671
Car-1,2008-10-19 02:25:26,116.334876,40.037583
Car-1,2008-10-19 02:25:28,116.334969,40.03745
Car-1,2008-10-19 02:25:30,116.335059,40.037304
Car-1,2008-10-19 02:25:32,116.335158,40.037158
Car-1,2008-10-19 02:25:34,116.335276,40.036989
Car-1,2008-10-19 02:25:36,116.335394,40.036827
Car-1,2008-10-19 02:25:38,116.335518,40.036675
Car-1,2008-10-19 02:25:40,116.335627,40.036514
Car-1,2008-10-19 02:25:42,116.335744,40.036386
Car-1,2008-10-19 02:25:44,116.335821,40.036283
Car-1,2008-10-19 02:25:46,116.335878,40.036214
Car-1,2008-10-19 02:25:48,116.33592,40.036171
Car-1,2008-10-19 02:25:50,116.335933,40.036159
Car-1,2008-10-19 02:25:52,116.33591,40.036164
Car-1,2008-10-19 02:25:54,116.335892,40.036166
Car-1,2008-10-19 02:25:56,116.335889,40.03617
Car-1,2008-10-19 02:25:58,116.335888,40.036176
Car-1,2008-10-19 02:26:00,116.335888,40.036173
Car-1,2008-10-19 02:26:02,116.335886,40.036165
Car-1,2008-10-19 02:26:04,116.335877,40.03616
Car-1,2008-10-19 02:26:06,116.335875,40.036155
Car-1,2008-10-19 02:26:08,116.33588,40.036149
Car-1,2008-10-19 02:26:10,116.335888,40.036142
Car-1,2008-10-19 02:26:12,116.335898,40.036131
Car-1,2008-10-19 02:26:14,116.335923,40.036103
Car-1,2008-10-19 02:26:16,116.335953,40.036073
Car-1,2008-10-19 02:26:18,116.335969,40.036053
Car-1,2008-10-19 02:26:20,116.335985,40.036039
Car-1,2008-10-19 02:26:22,116.336005,40.036035
Car-1,2008-10-19 02:26:24,116.336006,40.036033
Car-1,2008-10-19 02:26:26,116.336008,40.03603
Car-1,2008-10-19 02:26:28,116.336008,40.036027
Car-1,2008-10-19 02:26:30,116.336011,40.036023
Car-1,2008-10-19 02:26:32,116.336014,40.036014
Car-1,2008-10-19 02:26:34,116.336016,40.035996
Car-1,2008-10-19 02:26:36,116.336015,40.035978
Car-1,2008-10-19 02:26:38,116.336017,40.035966
Car-1,2008-10-19 02:26:40,116.336037,40.035953
Car-1,2008-10-19 02:26:42,116.336058,40.035945
Car-1,2008-10-19 02:26:44,116.336089,40.035942
Car-1,2008-10-19 02:26:46,116.336128,40.035934
Car-1,2008-10-19 02:26:48,116.336181,40.035908
Car-1,2008-10-19 02:26:50,116.33625,40.035859
Car-1,2008-10-19 02:26:52,116.336322,40.035794
Car-1,2008-10-19 02:26:54,116.336389,40.035709
Car-1,2008-10-19 02:26:56,116.336455,40.035616
Car-1,2008-10-19 02:26:58,116.336531,40.035502
Car-1,2008-10-19 02:27:00,116.33661,40.035378
Car-1,2008-10-19 02:27:02,116.336696,40.035242
Car-1,2008-10-19 02:27:04,116.336799,40.035084
Car-1,2008-10-19 02:27:06,116.336915,40.034934
Car-1,2008-10-19 02:27:08,116.337046,40.034769
Car-1,2008-10-19 02:27:10,116.337167,40.034608
Car-1,2008-10-19 02:27:12,116.33727,40.034445
Car-1,2008-10-19 02:27:14,116.337375,40.034271
Car-1,2008-10-19 02:27:16,116.337482,40.03409
Car-1,2008-10-19 02:27:18,116.337592,40.033917
Car-1,2008-10-19 02:27:20,116.337697,40.033733
Car-1,2008-10-19 02:27:22,116.3378,40.033543
Car-1,2008-10-19 02:27:24,116.337913,40.033341
Car-1,2008-10-19 02:27:26,116.338031,40.033144
Car-1,2008-10-19 02:27:28,116.338144,40.032953
Car-1,2008-10-19 02:27:30,116.338267,40.032765
Car-1,2008-10-19 02:27:32,116.338406,40.032574
Car-1,2008-10-19 02:27:34,116.338544,40.032392
Car-1,2008-10-19 02:27:36,116.338688,40.032206
Car-1,2008-10-19 02:27:38,116.338843,40.032028
Car-1,2008-10-19 02:27:40,116.339016,40.031854
Car-1,2008-10-19 02:27:42,116.339193,40.031697
Car-1,2008-10-19 02:27:44,116.339371,40.031548
Car-1,2008-10-19 02:27:46,116.339538,40.031407
Car-1,2008-10-19 02:27:48,116.339692,40.031274
Car-1,2008-10-19 02:27:50,116.339841,40.031143
Car-1,2008-10-19 02:27:52,116.339984,40.031014
Car-1,2008-10-19 02:27:54,116.340124,40.03088
Car-1,2008-10-19 02:27:56,116.340256,40.030743
Car-1,2008-10-19 02:27:58,116.340364,40.030611
Car-1,2008-10-19 02:28:00,116.340443,40.030498
Car-1,2008-10-19 02:28:02,116.340501,40.030409
Car-1,2008-10-19 02:28:04,116.340547,40.030334
Car-1,2008-10-19 02:28:54,116.34072,40.030158
Car-1,2008-10-19 02:28:56,116.340754,40.030108
Car-1,2008-10-19 02:28:58,116.340779,40.03006
Car-1,2008-10-19 02:29:00,116.340803,40.030015
Car-1,2008-10-19 02:29:02,116.340829,40.029966
Car-1,2008-10-19 02:29:04,116.34087,40.029919
Car-1,2008-10-19 02:29:06,116.340925,40.029875
Car-1,2008-10-19 02:29:08,116.340984,40.029826
Car-1,2008-10-19 02:29:10,116.341053,40.029773
Car-1,2008-10-19 02:29:12,116.34112,40.029717
Car-1,2008-10-19 02:29:14,116.341191,40.029649
Car-1,2008-10-19 02:29:16,116.341276,40.029563
Car-1,2008-10-19 02:29:18,116.341365,40.029454
Car-1,2008-10-19 02:29:20,116.341442,40.029337
Car-1,2008-10-19 02:29:22,116.341514,40.029207
Car-1,2008-10-19 02:29:24,116.341586,40.029084
Car-1,2008-10-19 02:29:26,116.341632,40.028951
Car-1,2008-10-19 02:29:28,116.341655,40.028808
Car-1,2008-10-19 02:29:30,116.341671,40.02867
Car-1,2008-10-19 02:29:32,116.341684,40.028553
Car-1,2008-10-19 02:29:34,116.34168,40.028444
Car-1,2008-10-19 02:29:36,116.341661,40.028342
Car-1,2008-10-19 02:29:38,116.341622,40.028269
Car-1,2008-10-19 02:29:40,116.341578,40.028212
Car-1,2008-10-19 02:29:42,116.341524,40.028188
Car-1,2008-10-19 02:29:44,116.341475,40.028161
Car-1,2008-10-19 02:29:46,116.341443,40.028143
Car-1,2008-10-19 02:31:06,116.341773,40.02811
Car-1,2008-10-19 02:31:08,116.341827,40.028098
Car-1,2008-10-19 02:31:10,116.341855,40.028055
Car-1,2008-10-19 02:31:12,116.341926,40.028074
Car-1,2008-10-19 02:31:14,116.341984,40.028096
Car-1,2008-10-19 02:31:16,116.342025,40.028109
Car-1,2008-10-19 02:31:18,116.342057,40.028122
Car-1,2008-10-19 02:31:20,116.342074,40.028134
Car-1,2008-10-19 02:31:22,116.342078,40.028129
Car-1,2008-10-19 02:31:24,116.342067,40.028109
Car-1,2008-10-19 02:31:26,116.342093,40.028074
Car-1,2008-10-19 02:31:28,116.342163,40.02802
Car-1,2008-10-19 02:31:30,116.342249,40.027953
Car-1,2008-10-19 02:31:32,116.342317,40.027892
Car-1,2008-10-19 02:31:34,116.342464,40.027809
Car-1,2008-10-19 02:31:36,116.342594,40.027726
Car-1,2008-10-19 02:31:38,116.342724,40.027632
Car-1,2008-10-19 02:31:40,116.342808,40.027516
Car-1,2008-10-19 02:31:42,116.342911,40.027386
Car-1,2008-10-19 02:31:44,116.343027,40.027242
Car-1,2008-10-19 02:31:46,116.343142,40.027088
Car-1,2008-10-19 02:31:48,116.343254,40.026928
Car-1,2008-10-19 02:31:50,116.343363,40.026768
Car-1,2008-10-19 02:31:52,116.34347,40.026611
Car-1,2008-10-19 02:31:54,116.343568,40.026458
Car-1,2008-10-19 02:31:56,116.343668,40.026296
Car-1,2008-10-19 02:31:58,116.343756,40.026135
Car-1,2008-10-19 02:32:00,116.343845,40.025975
Car-1,2008-10-19 02:32:02,116.343933,40.025799
Car-1,2008-10-19 02:32:04,116.344036,40.025624
Car-1,2008-10-19 02:32:06,116.344153,40.025457
Car-1,2008-10-19 02:32:08,116.34428,40.02529
Car-1,2008-10-19 02:32:10,116.344407,40.025127
Car-1,2008-10-19 02:32:12,116.344535,40.024961
Car-1,2008-10-19 02:32:14,116.344669,40.024801
Car-1,2008-10-19 02:32:16,116.344804,40.02463
Car-1,2008-10-19 02:32:18,116.34494,40.02446
Car-1,2008-10-19 02:32:20,116.345082,40.024291
Car-1,2008-10-19 02:32:22,116.345226,40.024125
Car-1,2008-10-19 02:32:24,116.345356,40.023978
Car-1,2008-10-19 02:32:26,116.345475,40.023849
Car-1,2008-10-19 02:32:28,116.345581,40.023719
Car-1,2008-10-19 02:32:30,116.345661,40.023595
Car-1,2008-10-19 02:32:32,116.345707,40.023468
Car-1,2008-10-19 02:32:34,116.345738,40.023331
Car-1,2008-10-19 02:32:36,116.345754,40.023192
Car-1,2008-10-19 02:32:38,116.345733,40.023057
Car-1,2008-10-19 02:32:40,116.345712,40.02293
Car-1,2008-10-19 02:32:42,116.34567,40.022789
Car-1,2008-10-19 02:32:44,116.345608,40.022659
Car-1,2008-10-19 02:32:46,116.345517,40.022532
Car-1,2008-10-19 02:32:48,116.345421,40.022391
Car-1,2008-10-19 02:32:50,116.345323,40.022254
Car-1,2008-10-19 02:32:52,116.345235,40.022118
Car-1,2008-10-19 02:32:54,116.345152,40.021988
Car-1,2008-10-19 02:32:56,116.345097,40.021859
Car-1,2008-10-19 02:32:58,116.345042,40.02174
Car-1,2008-10-19 02:33:00,116.34499,40.021618
Car-1,2008-10-19 02:33:02,116.344943,40.021484
Car-1,2008-10-19 02:33:04,116.344899,40.021356
Car-1,2008-10-19 02:33:06,116.344867,40.021236
Car-1,2008-10-19 02:33:08,116.344853,40.021128
Car-1,2008-10-19 02:33:10,116.344879,40.021008
Car-1,2008-10-19 02:33:12,116.344964,40.020878
Car-1,2008-10-19 02:33:14,116.34504,40.020773
Car-1,2008-10-19 02:33:16,116.3451,40.020681
Car-1,2008-10-19 02:33:18,116.345154,40.020572
Car-1,2008-10-19 02:33:20,116.345196,40.020432
Car-1,2008-10-19 02:33:22,116.345235,40.020323
Car-1,2008-10-19 02:33:24,116.34525,40.020211
Car-1,2008-10-19 02:33:26,116.345241,40.020063
Car-1,2008-10-19 02:33:28,116.345229,40.019912
Car-1,2008-10-19 02:33:30,116.345244,40.019766
Car-1,2008-10-19 02:33:32,116.345256,40.01965
Car-1,2008-10-19 02:33:34,116.345271,40.019541
Car-1,2008-10-19 02:33:36,116.345292,40.019434
Car-1,2008-10-19 02:33:38,116.345303,40.019336
Car-1,2008-10-19 02:33:40,116.3453,40.019241
Car-1,2008-10-19 02:33:42,116.34531,40.019151
Car-1,2008-10-19 02:33:44,116.34534,40.019072
Car-1,2008-10-19 02:33:46,116.345358,40.01899
Car-1,2008-10-19 02:33:48,116.345408,40.018953
Car-1,2008-10-19 02:33:50,116.345449,40.018934
Car-1,2008-10-19 02:33:52,116.34548,40.01893
Car-1,2008-10-19 02:33:54,116.345501,40.018929
Car-1,2008-10-19 02:33:56,116.34551,40.018934
Car-1,2008-10-19 02:33:58,116.345514,40.018934
Car-1,2008-10-19 02:34:00,116.345509,40.018925
Car-1,2008-10-19 02:34:02,116.34551,40.018914
Car-1,2008-10-19 02:34:04,116.345524,40.018899
Car-1,2008-10-19 02:34:06,116.34555,40.018876
Car-1,2008-10-19 02:34:08,116.345578,40.018847
Car-1,2008-10-19 02:34:10,116.3456,40.018819
Car-1,2008-10-19 02:34:12,116.345617,40.0188
Car-1,2008-10-19 02:34:14,116.345628,40.018777
Car-1,2008-10-19 02:34:16,116.345639,40.018769
Car-1,2008-10-19 02:34:18,116.345648,40.018767
Car-1,2008-10-19 02:34:20,116.345659,40.018765
Car-1,2008-10-19 02:34:22,116.345673,40.018757
Car-1,2008-10-19 02:34:24,116.345695,40.018757
Car-1,2008-10-19 02:34:26,116.345713,40.018759
Car-1,2008-10-19 02:34:28,116.345727,40.018759
Car-1,2008-10-19 02:34:30,116.34574,40.018752
Car-1,2008-10-19 02:34:32,116.345758,40.018731
Car-1,2008-10-19 02:34:34,116.345775,40.018689
Car-1,2008-10-19 02:34:36,116.345787,40.018615
Car-1,2008-10-19 02:34:38,116.345777,40.018497
Car-1,2008-10-19 02:34:40,116.345778,40.018362
Car-1,2008-10-19 02:34:42,116.34576,40.018188
Car-1,2008-10-19 02:34:44,116.345759,40.018007
Car-1,2008-10-19 02:34:46,116.345772,40.017809
Car-1,2008-10-19 02:34:48,116.345791,40.017596
Car-1,2008-10-19 02:34:50,116.345814,40.017387
Car-1,2008-10-19 02:34:52,116.345836,40.017181
Car-1,2008-10-19 02:34:54,116.345841,40.016968
Car-1,2008-10-19 02:34:56,116.34586,40.016789
Car-1,2008-10-19 02:34:58,116.345914,40.016662
Car-1,2008-10-19 02:35:00,116.345971,40.01656
Car-1,2008-10-19 02:35:02,116.346031,40.016469
Car-1,2008-10-19 02:35:04,116.346051,40.016378
Car-1,2008-10-19 02:35:06,116.34606,40.016289
Car-1,2008-10-19 02:35:08,116.346033,40.016194
Car-1,2008-10-19 02:35:10,116.346023,40.016133
Car-1,2008-10-19 02:35:12,116.346,40.016066
Car-1,2008-10-19 02:35:14,116.345977,40.016014
Car-1,2008-10-19 02:35:16,116.345967,40.015983
Car-1,2008-10-19 02:35:18,116.345939,40.015934
Car-1,2008-10-19 02:35:20,116.345902,40.015889
Car-1,2008-10-19 02:35:22,116.345886,40.015875
Car-1,2008-10-19 02:35:24,116.34585,40.015861
Car-1,2008-10-19 02:35:26,116.345811,40.015846
Car-1,2008-10-19 02:35:28,116.345781,40.015835
Car-1,2008-10-19 02:35:30,116.345755,40.015822
Car-1,2008-10-19 02:35:32,116.345727,40.015808
Car-1,2008-10-19 02:35:34,116.345697,40.015784
Car-1,2008-10-19 02:35:36,116.345658,40.015741
Car-1,2008-10-19 02:35:38,116.345606,40.015689
Car-1,2008-10-19 02:35:40,116.345555,40.015596
Car-1,2008-10-19 02:35:42,116.345538,40.015548
Car-1,2008-10-19 02:35:44,116.34553,40.015496
Car-1,2008-10-19 02:35:46,116.345521,40.015362
Car-1,2008-10-19 02:35:48,116.345541,40.01522
Car-1,2008-10-19 02:35:50,116.34557,40.015048
Car-1,2008-10-19 02:35:52,116.345613,40.014834
Car-1,2008-10-19 02:35:54,116.345657,40.014582
Car-1,2008-10-19 02:35:56,116.345698,40.014326
Car-1,2008-10-19 02:35:58,116.345766,40.014062
Car-1,2008-10-19 02:36:00,116.345824,40.013801
Car-1,2008-10-19 02:36:02,116.345878,40.013546
Car-1,2008-10-19 02:36:04,116.345927,40.013317
Car-1,2008-10-19 02:36:06,116.345969,40.013113
Car-1,2008-10-19 02:36:08,116.345987,40.012941
Car-1,2008-10-19 02:36:10,116.345992,40.012782
Car-1,2008-10-19 02:36:12,116.345993,40.012649
Car-1,2008-10-19 02:36:14,116.345998,40.012529
Car-1,2008-10-19 02:36:16,116.34597,40.012443
Car-1,2008-10-19 02:36:18,116.345953,40.012378
Car-1,2008-10-19 02:37:04,116.345724,40.012176
Car-1,2008-10-19 02:37:06,116.345733,40.012118
Car-1,2008-10-19 02:37:08,116.345757,40.01205
Car-1,2008-10-19 02:37:10,116.345781,40.011972
Car-1,2008-10-19 02:37:12,116.345802,40.011888
Car-1,2008-10-19 02:37:14,116.345853,40.011781
Car-1,2008-10-19 02:37:16,116.345853,40.011652
Car-1,2008-10-19 02:37:26,116.346154,40.009695
Car-1,2008-10-19 02:37:28,116.34621,40.009501
Car-1,2008-10-19 02:37:30,116.346235,40.009263
Car-1,2008-10-19 02:37:32,116.346233,40.00901
Car-1,2008-10-19 02:37:34,116.346241,40.008751
Car-1,2008-10-19 02:37:36,116.346269,40.008481
Car-1,2008-10-19 02:37:38,116.346298,40.008193
Car-1,2008-10-19 02:37:40,116.346328,40.007896
Car-1,2008-10-19 02:37:42,116.346372,40.007586
Car-1,2008-10-19 02:37:44,116.346423,40.007271
Car-1,2008-10-19 02:37:46,116.34645,40.006968
Car-1,2008-10-19 02:37:48,116.346501,40.006663
Car-1,2008-10-19 02:37:50,116.346553,40.006376
Car-1,2008-10-19 02:37:52,116.346569,40.006125
Car-1,2008-10-19 02:37:54,116.34659,40.005884
Car-1,2008-10-19 02:37:56,116.346633,40.005645
Car-1,2008-10-19 02:37:58,116.346689,40.005447
Car-1,2008-10-19 02:38:00,116.346721,40.005289
Car-1,2008-10-19 02:38:02,116.346783,40.005144
Car-1,2008-10-19 02:38:04,116.346821,40.00502
Car-1,2008-10-19 02:38:06,116.34684,40.004917
Car-1,2008-10-19 02:38:08,116.346846,40.004826
Car-1,2008-10-19 02:38:10,116.346844,40.004731
Car-1,2008-10-19 02:38:12,116.346835,40.004637
Car-1,2008-10-19 02:38:14,116.346808,40.004537
Car-1,2008-10-19 02:38:16,116.346789,40.004457
Car-1,2008-10-19 02:38:18,116.346677,40.004549
Car-1,2008-10-19 02:38:20,116.346581,40.004686
Car-1,2008-10-19 02:38:22,116.346493,40.004793
Car-1,2008-10-19 02:38:24,116.346429,40.004863
Car-1,2008-10-19 02:38:26,116.346372,40.004923
Car-1,2008-10-19 02:38:28,116.346328,40.004953
Car-1,2008-10-19 02:38:30,116.346279,40.005029
Car-1,2008-10-19 02:38:32,116.346238,40.00508
Car-1,2008-10-19 02:38:34,116.346211,40.005108
Car-1,2008-10-19 02:38:36,116.346202,40.005158
Car-1,2008-10-19 02:38:38,116.346208,40.005195
Car-1,2008-10-19 02:38:40,116.346235,40.005215
Car-1,2008-10-19 02:38:42,116.34628,40.005229
Car-1,2008-10-19 02:38:44,116.346329,40.005222
Car-1,2008-10-19 02:38:46,116.346342,40.005126
Car-1,2008-10-19 02:38:48,116.346384,40.005068
Car-1,2008-10-19 02:38:50,116.346399,40.004981
Car-1,2008-10-19 02:38:52,116.346399,40.004919
Car-1,2008-10-19 02:38:54,116.346387,40.004873
Car-1,2008-10-19 02:38:56,116.346366,40.004839
Car-1,2008-10-19 02:38:58,116.346334,40.004807
Car-1,2008-10-19 02:39:00,116.346295,40.004766
Car-1,2008-10-19 02:39:02,116.346261,40.004721
Car-1,2008-10-19 02:39:04,116.346236,40.004677
Car-1,2008-10-19 02:39:06,116.346222,40.004635
Car-1,2008-10-19 02:39:08,116.346203,40.004588
Car-1,2008-10-19 02:39:10,116.346182,40.004564
Car-1,2008-10-19 02:39:12,116.346163,40.004543
Car-1,2008-10-19 02:39:14,116.346146,40.004521
Car-1,2008-10-19 02:39:16,116.346115,40.0045
Car-1,2008-10-19 02:39:18,116.346081,40.00448
Car-1,2008-10-19 02:39:20,116.346041,40.004464
Car-1,2008-10-19 02:39:22,116.345994,40.004444
Car-1,2008-10-19 02:39:24,116.345947,40.00443
Car-1,2008-10-19 02:39:26,116.345893,40.004408
Car-1,2008-10-19 02:39:36,116.347276,40.004585
Car-1,2008-10-19 02:39:38,116.347236,40.004553
Car-1,2008-10-19 02:39:40,116.347198,40.00454
Car-1,2008-10-19 02:39:42,116.347188,40.004539
Car-1,2008-10-19 02:39:44,116.347171,40.004543
Car-1,2008-10-19 02:39:46,116.347152,40.004552
Car-1,2008-10-19 02:39:48,116.347139,40.004559
Car-1,2008-10-19 02:39:50,116.347105,40.004586
Car-1,2008-10-19 02:39:52,116.347059,40.004624
Car-1,2008-10-19 02:39:54,116.346994,40.004671
Car-1,2008-10-19 02:39:56,116.346924,40.004714
Car-1,2008-10-19 02:44:13,116.337435,39.999662
Car-1,2008-10-19 02:45:17,116.337113,39.999565
Car-1,2008-10-19 02:45:19,116.337105,39.999563
Car-1,2008-10-19 02:45:21,116.337103,39.99956
Car-1,2008-10-19 02:45:23,116.337101,39.999557
Car-1,2008-10-19 02:45:25,116.337099,39.999558
Car-1,2008-10-19 02:45:27,116.3371,39.99956
Car-1,2008-10-19 02:45:29,116.337102,39.999562
Car-1,2008-10-19 02:45:31,116.337103,39.999564
Car-1,2008-10-19 02:45:33,116.3371,39.999565
Car-1,2008-10-19 02:45:35,116.337093,39.999564
Car-1,2008-10-19 02:45:37,116.337083,39.999562
Car-1,2008-10-19 02:45:39,116.337074,39.999556
Car-1,2008-10-19 02:45:41,116.337065,39.999547
Car-1,2008-10-19 02:45:43,116.337053,39.999539
Car-1,2008-10-19 02:45:45,116.337041,39.999534
Car-1,2008-10-19 02:45:47,116.337033,39.99953
Car-1,2008-10-19 02:45:49,116.337027,39.999524
Car-1,2008-10-19 02:45:51,116.337026,39.999524
Car-1,2008-10-19 02:45:53,116.337036,39.999525
Car-1,2008-10-19 02:45:55,116.337044,39.999527
Car-1,2008-10-19 02:45:57,116.337048,39.999528
Car-1,2008-10-19 02:45:59,116.337047,39.999526
Car-1,2008-10-19 02:46:01,116.337044,39.99952
Car-1,2008-10-19 02:46:03,116.33704,39.999512
Car-1,2008-10-19 02:46:05,116.337035,39.999502
Car-1,2008-10-19 02:46:07,116.337029,39.99949
Car-1,2008-10-19 02:46:09,116.337025,39.999477
Car-1,2008-10-19 02:46:11,116.337023,39.999464
Car-1,2008-10-19 02:46:13,116.33702,39.99945
Car-1,2008-10-19 02:46:15,116.337018,39.999438
Car-1,2008-10-19 02:46:17,116.337016,39.999428
Car-1,2008-10-19 02:46:19,116.337013,39.999419
Car-1,2008-10-19 02:46:21,116.337011,39.999409
Car-1,2008-10-19 02:46:23,116.337008,39.999399
Car-1,2008-10-19 02:48:21,116.337316,39.999523
Car-1,2008-10-19 02:48:23,116.337323,39.999526
Car-1,2008-10-19 02:48:25,116.337331,39.999533
Car-1,2008-10-19 02:48:27,116.337336,39.999531
Car-1,2008-10-19 02:48:29,116.337351,39.99954
Car-1,2008-10-19 02:48:31,116.337367,39.999547
Car-1,2008-10-19 02:48:33,116.337396,39.99955
Car-1,2008-10-19 02:48:35,116.337401,39.999558
Car-1,2008-10-19 02:48:37,116.337438,39.999559
Car-1,2008-10-19 02:48:39,116.337479,39.999572
Car-1,2008-10-19 02:48:41,116.337485,39.999571
Car-1,2008-10-19 02:48:43,116.337505,39.999574
Car-1,2008-10-19 02:48:45,116.337519,39.999576
Car-1,2008-10-19 02:48:47,116.337542,39.99957
Car-1,2008-10-19 02:48:49,116.337558,39.999567
Car-1,2008-10-19 02:48:51,116.337571,39.999568
Car-1,2008-10-19 02:48:53,116.337572,39.999579
Car-1,2008-10-19 02:48:55,116.337595,39.999593
Car-1,2008-10-19 02:48:57,116.337603,39.99961
Car-1,2008-10-19 02:48:59,116.337591,39.999618
Car-1,2008-10-19 02:49:01,116.337602,39.999625
Car-1,2008-10-19 02:49:03,116.337606,39.999627
Car-1,2008-10-19 02:49:05,116.337609,39.999628
Car-1,2008-10-19 02:49:07,116.337609,39.999628
Car-1,2008-10-19 02:49:09,116.337609,39.999628
Car-1,2008-10-19 02:49:11,116.337609,39.999628
Car-1,2008-10-19 02:49:13,116.337608,39.999627
Car-1,2008-10-19 02:49:15,116.337608,39.999626
Car-1,2008-10-19 02:49:17,116.337607,39.999626
Car-1,2008-10-19 02:49:19,116.337606,39.999625
Car-1,2008-10-19 02:49:21,116.337604,39.999624
Car-1,2008-10-19 02:49:23,116.337603,39.999623
Car-1,2008-10-19 02:49:25,116.337601,39.999621
Car-1,2008-10-19 02:49:27,116.3376,39.999619
Car-1,2008-10-19 02:49:29,116.3376,39.999619
Car-1,2008-10-19 02:49:31,116.3376,39.999619
Car-1,2008-10-19 02:49:33,116.3376,39.999619
Car-1,2008-10-19 02:49:35,116.3376,39.999621
Car-1,2008-10-19 02:49:37,116.337602,39.99962
Car-1,2008-10-19 02:49:39,116.337606,39.999621
Car-1,2008-10-19 02:49:41,116.33761,39.999621
Car-1,2008-10-19 02:49:43,116.337614,39.999621
Car-1,2008-10-19 02:49:45,116.337617,39.99962
Car-1,2008-10-19 02:49:47,116.33762,39.999618
Car-1,2008-10-19 02:49:49,116.337623,39.999617
Car-1,2008-10-19 02:49:51,116.337626,39.999616
Car-1,2008-10-19 02:49:53,116.33763,39.999616
Car-1,2008-10-19 02:49:55,116.33763,39.999614
Car-1,2008-10-19 02:49:57,116.337626,39.999612
Car-1,2008-10-19 02:49:59,116.337612,39.999613
Car-1,2008-10-19 02:50:01,116.337587,39.999602
Car-1,2008-10-19 02:50:03,116.337582,39.999598
Car-1,2008-10-19 02:50:05,116.337573,39.999597
Car-1,2008-10-19 02:50:07,116.337562,39.9996
Car-1,2008-10-19 02:50:09,116.337554,39.999605
Car-1,2008-10-19 02:50:11,116.337546,39.999609
Car-1,2008-10-19 02:50:13,116.33754,39.999614
Car-1,2008-10-19 02:50:15,116.337534,39.999617
Car-1,2008-10-19 02:50:17,116.337512,39.999612
Car-1,2008-10-19 02:50:19,116.337498,39.999603
Car-1,2008-10-19 02:50:21,116.33751,39.9996
Car-1,2008-10-19 02:56:19,116.33717,39.999569
Car-1,2008-10-19 02:56:21,116.33715,39.999568
Car-1,2008-10-19 02:56:23,116.337137,39.99957
Car-1,2008-10-19 02:56:25,116.337133,39.999569
Car-1,2008-10-19 02:56:27,116.337123,39.999566
Car-1,2008-10-19 02:56:29,116.337115,39.999563
Car-1,2008-10-19 02:56:31,116.337098,39.999558
Car-1,2008-10-19 02:56:33,116.337088,39.999549
Car-1,2008-10-19 02:56:35,116.337077,39.999544
Car-1,2008-10-19 02:56:37,116.337063,39.999541
Car-1,2008-10-19 02:56:39,116.337054,39.999536
Car-1,2008-10-19 02:56:41,116.33705,39.999526
Car-1,2008-10-19 02:56:43,116.337059,39.999517
Car-1,2008-10-19 02:56:45,116.337055,39.999516
Car-1,2008-10-19 02:56:47,116.337053,39.999514
Car-1,2008-10-19 02:56:49,116.337051,39.999513
Car-1,2008-10-19 02:56:51,116.337049,39.999512
Car-1,2008-10-19 02:56:53,116.337047,39.999511
Car-1,2008-10-19 02:56:55,116.337045,39.999511
Car-1,2008-10-19 02:56:57,116.337042,39.999511
Car-1,2008-10-19 02:56:59,116.337039,39.999511
Car-1,2008-10-19 02:57:01,116.337037,39.999513
Car-1,2008-10-19 02:57:03,116.337034,39.999514
Car-1,2008-10-19 02:57:05,116.33703,39.999516
Car-1,2008-10-19 02:57:07,116.337025,39.999517
Car-1,2008-10-19 02:57:09,116.337021,39.999519
Car-1,2008-10-19 02:57:11,116.337019,39.999521
Car-1,2008-10-19 02:57:13,116.337018,39.999524
Car-1,2008-10-19 02:57:15,116.337019,39.999527
Car-1,2008-10-19 02:57:17,116.337021,39.99953
Car-1,2008-10-19 02:57:19,116.337025,39.999533
Car-1,2008-10-19 02:57:21,116.337178,39.99955
Car-1,2008-10-19 02:57:23,116.337196,39.99955
Car-1,2008-10-19 02:57:25,116.337209,39.999546
Car-1,2008-10-19 02:57:27,116.337215,39.999554
Car-1,2008-10-19 02:57:29,116.337216,39.999558
Car-1,2008-10-19 02:57:31,116.337227,39.999563
Car-1,2008-10-19 02:57:33,116.33723,39.999566
Car-1,2008-10-19 02:57:35,116.337232,39.999568
Car-1,2008-10-19 02:57:37,116.337234,39.99957
Car-1,2008-10-19 02:57:39,116.337235,39.999571
Car-1,2008-10-19 02:57:41,116.337236,39.999571
Car-1,2008-10-19 02:57:43,116.337237,39.999571
Car-1,2008-10-19 02:57:45,116.337236,39.999571
Car-1,2008-10-19 02:57:47,116.337236,39.999571
Car-1,2008-10-19 02:57:49,116.337236,39.999572
Car-1,2008-10-19 02:57:51,116.337237,39.999574
Car-1,2008-10-19 02:57:53,116.337237,39.999573
Car-1,2008-10-19 02:57:55,116.337237,39.999573
Car-1,2008-10-19 02:57:57,116.337237,39.999573
Car-1,2008-10-19 02:57:59,116.337237,39.999573
Car-1,2008-10-19 02:58:01,116.337238,39.999573
Car-1,2008-10-19 02:58:03,116.337238,39.999573
Car-1,2008-10-19 02:58:05,116.337238,39.999572
Car-1,2008-10-19 02:58:07,116.337238,39.999572
Car-1,2008-10-19 02:58:09,116.337238,39.999572
Car-1,2008-10-19 02:58:11,116.337238,39.999572
Car-1,2008-10-19 02:58:13,116.337239,39.999572
Car-1,2008-10-19 02:58:15,116.337239,39.999571
Car-1,2008-10-19 02:58:17,116.337239,39.999571
Car-1,2008-10-19 02:58:19,116.337239,39.999571
Car-1,2008-10-19 02:58:21,116.337239,39.999571
Car-1,2008-10-19 02:58:23,116.337238,39.999571
Car-1,2008-10-19 02:58:25,116.337239,39.999571
Car-1,2008-10-19 02:58:27,116.337238,39.999571
Car-1,2008-10-19 02:58:29,116.337238,39.999571
Car-1,2008-10-19 02:58:31,116.337238,39.999571
Car-1,2008-10-19 02:58:33,116.337238,39.999571
Car-1,2008-10-19 02:58:35,116.337238,39.999571
Car-1,2008-10-19 02:58:37,116.337238,39.999571
Car-1,2008-10-19 02:58:39,116.337238,39.999571
Car-1,2008-10-19 02:58:41,116.337238,39.999571
Car-1,2008-10-19 02:58:43,116.337238,39.999571
Car-1,2008-10-19 02:58:45,116.337238,39.99957
Car-1,2008-10-19 02:58:47,116.337238,39.99957
Car-1,2008-10-19 02:58:49,116.337238,39.99957
Car-1,2008-10-19 02:58:51,116.337238,39.99957
Car-1,2008-10-19 02:58:53,116.337238,39.99957
Car-1,2008-10-19 02:58:55,116.337238,39.99957
Car-1,2008-10-19 02:58:57,116.337238,39.99957
Car-1,2008-10-19 02:58:59,116.337238,39.99957
Car-1,2008-10-19 02:59:01,116.337238,39.99957
Car-1,2008-10-19 02:59:03,116.337237,39.99957
Car-1,2008-10-19 02:59:05,116.337237,39.99957
Car-1,2008-10-19 02:59:07,116.337237,39.999569
Car-1,2008-10-19 02:59:09,116.337238,39.999569
Car-1,2008-10-19 02:59:11,116.337238,39.999569
Car-1,2008-10-19 02:59:13,116.337238,39.999569
Car-1,2008-10-19 02:59:15,116.337238,39.999569
Car-1,2008-10-19 02:59:17,116.337238,39.999569
Car-1,2008-10-19 02:59:19,116.337238,39.999569
Car-1,2008-10-19 02:59:21,116.337237,39.999568
Car-1,2008-10-19 02:59:23,116.337237,39.999568
Car-1,2008-10-19 02:59:25,116.337237,39.999568
Car-1,2008-10-19 02:59:27,116.337237,39.999568
Car-1,2008-10-19 02:59:29,116.337237,39.999568
Car-1,2008-10-19 02:59:31,116.337237,39.999568
Car-1,2008-10-19 02:59:33,116.337237,39.999568
Car-1,2008-10-19 02:59:35,116.337237,39.999567
Car-1,2008-10-19 02:59:37,116.337237,39.999567
Car-1,2008-10-19 02:59:39,116.337237,39.999567
Car-1,2008-10-19 02:59:41,116.337237,39.999567
Car-1,2008-10-19 02:59:43,116.337237,39.999566
Car-1,2008-10-19 02:59:45,116.337237,39.999566
Car-1,2008-10-19 02:59:47,116.33723,39.999567
Car-1,2008-10-19 02:59:49,116.337233,39.999555
Car-1,2008-10-19 02:59:51,116.337226,39.999555
Car-1,2008-10-19 02:59:53,116.337219,39.999552
Car-1,2008-10-19 02:59:55,116.337214,39.999551
Car-1,2008-10-19 02:59:57,116.337209,39.999551
Car-1,2008-10-19 02:59:59,116.337194,39.999548
Car-1,2008-10-19 03:00:01,116.33717,39.999559
Car-1,2008-10-19 03:00:03,116.33715,39.999561
Car-1,2008-10-19 03:00:05,116.337121,39.999557
Car-1,2008-10-19 03:00:07,116.337092,39.999546
Car-1,2008-10-19 03:00:09,116.337059,39.999544
Car-1,2008-10-19 03:00:11,116.337014,39.99955
Car-1,2008-10-19 03:00:13,116.33696,39.999553
Car-1,2008-10-19 03:00:15,116.336905,39.99954
Car-1,2008-10-19 03:00:17,116.336843,39.999528
Car-1,2008-10-19 03:00:19,116.336772,39.999514
Car-1,2008-10-19 03:00:21,116.336698,39.999502
Car-1,2008-10-19 03:00:23,116.336616,39.999497
Car-1,2008-10-19 03:00:25,116.336543,39.999486
Car-1,2008-10-19 03:00:27,116.336471,39.999477
Car-1,2008-10-19 03:00:29,116.336395,39.999479
Car-1,2008-10-19 03:00:31,116.336319,39.999475
Car-1,2008-10-19 03:00:33,116.336235,39.999472
Car-1,2008-10-19 03:00:35,116.336145,39.999453
Car-1,2008-10-19 03:00:37,116.336076,39.999439
Car-1,2008-10-19 03:00:39,116.336004,39.999433
Car-1,2008-10-19 03:00:41,116.33591,39.999435
Car-1,2008-10-19 03:00:43,116.335823,39.99944
Car-1,2008-10-19 03:00:45,116.335743,39.999439
Car-1,2008-10-19 03:00:47,116.335651,39.999447
Car-1,2008-10-19 03:00:49,116.335575,39.999449
Car-1,2008-10-19 03:00:51,116.3355,39.999461
Car-1,2008-10-19 03:00:53,116.335421,39.999482
Car-1,2008-10-19 03:00:55,116.335345,39.999483
Car-1,2008-10-19 03:00:57,116.335274,39.999475
Car-1,2008-10-19 03:00:59,116.335194,39.999467
Car-1,2008-10-19 03:01:01,116.335113,39.999463
Car-1,2008-10-19 03:01:03,116.335061,39.999454
Car-1,2008-10-19 03:01:05,116.33499,39.99945
Car-1,2008-10-19 03:01:07,116.334919,39.999433
Car-1,2008-10-19 03:01:09,116.334868,39.999412
Car-1,2008-10-19 03:01:11,116.334803,39.999427
Car-1,2008-10-19 03:01:13,116.334751,39.999433
Car-1,2008-10-19 03:01:15,116.334698,39.999424
Car-1,2008-10-19 03:01:17,116.334632,39.999427
Car-1,2008-10-19 03:01:19,116.334551,39.99945
Car-1,2008-10-19 03:01:21,116.334475,39.999459
Car-1,2008-10-19 03:01:23,116.334394,39.999463
Car-1,2008-10-19 03:01:25,116.334331,39.999452
Car-1,2008-10-19 03:01:27,116.334259,39.99944
Car-1,2008-10-19 03:01:29,116.334182,39.999433
Car-1,2008-10-19 03:01:31,116.334088,39.999427
Car-1,2008-10-19 03:01:33,116.334014,39.999405
Car-1,2008-10-19 03:01:35,116.333919,39.999391
Car-1,2008-10-19 03:01:37,116.333819,39.999406
Car-1,2008-10-19 03:01:39,116.333715,39.999422
Car-1,2008-10-19 03:01:41,116.333621,39.99943
Car-1,2008-10-19 03:01:43,116.333534,39.999434
Car-1,2008-10-19 03:01:45,116.333449,39.999437
Car-1,2008-10-19 03:01:47,116.333365,39.999434
Car-1,2008-10-19 03:01:49,116.333283,39.999431
Car-1,2008-10-19 03:01:51,116.333205,39.999432
Car-1,2008-10-19 03:01:53,116.33312,39.999433
Car-1,2008-10-19 03:01:55,116.333035,39.999428
Car-1,2008-10-19 03:01:57,116.332963,39.999418
Car-1,2008-10-19 03:01:59,116.332885,39.999414
Car-1,2008-10-19 03:02:01,116.332813,39.999411
Car-1,2008-10-19 03:02:03,116.332712,39.999406
Car-1,2008-10-19 03:02:05,116.332632,39.999406
Car-1,2008-10-19 03:02:07,116.332568,39.999401
Car-1,2008-10-19 03:02:09,116.332504,39.999401
Car-1,2008-10-19 03:02:11,116.332431,39.999399
Car-1,2008-10-19 03:02:13,116.332352,39.999412
Car-1,2008-10-19 03:02:15,116.332308,39.999427
Car-1,2008-10-19 03:02:17,116.332258,39.999467
Car-1,2008-10-19 03:02:19,116.332205,39.999522
Car-1,2008-10-19 03:02:21,116.332206,39.999583
Car-1,2008-10-19 03:02:23,116.332228,39.999637
Car-1,2008-10-19 03:02:25,116.332251,39.999695
Car-1,2008-10-19 03:02:27,116.332284,39.999746
Car-1,2008-10-19 03:02:29,116.332315,39.999803
Car-1,2008-10-19 03:02:31,116.332353,39.999854
Car-1,2008-10-19 03:02:33,116.332374,39.999903
Car-1,2008-10-19 03:02:35,116.332396,39.999956
Car-1,2008-10-19 03:02:37,116.332427,40.000011
Car-1,2008-10-19 03:02:39,116.332446,40.000066
Car-1,2008-10-19 03:02:41,116.332464,40.000122
Car-1,2008-10-19 03:02:43,116.332487,40.000176
Car-1,2008-10-19 03:02:45,116.332513,40.000228
Car-1,2008-10-19 03:02:47,116.332524,40.000286
Car-1,2008-10-19 03:02:49,116.332558,40.000344
Car-1,2008-10-19 03:02:51,116.33259,40.000398
Car-1,2008-10-19 03:02:53,116.332618,40.000452
Car-1,2008-10-19 03:02:55,116.332635,40.00051
Car-1,2008-10-19 03:02:57,116.33265,40.00056
Car-1,2008-10-19 03:02:59,116.332661,40.000612
Car-1,2008-10-19 03:03:01,116.33267,40.00067
Car-1,2008-10-19 03:03:03,116.332673,40.000725
Car-1,2008-10-19 03:03:05,116.332679,40.000774
Car-1,2008-10-19 03:03:07,116.332681,40.000814
Car-1,2008-10-19 03:03:09,116.332693,40.000867
Car-1,2008-10-19 03:03:11,116.332736,40.00092
Car-1,2008-10-19 03:03:13,116.332798,40.000978
Car-1,2008-10-19 03:03:15,116.332885,40.001027
Car-1,2008-10-19 03:03:17,116.332935,40.001092
Car-1,2008-10-19 03:03:19,116.332957,40.00116
Car-1,2008-10-19 03:03:21,116.332997,40.001216
Car-1,2008-10-19 03:03:23,116.333027,40.001288
Car-1,2008-10-19 03:03:25,116.333045,40.001352
Car-1,2008-10-19 03:03:27,116.333071,40.001407
Car-1,2008-10-19 03:03:29,116.333095,40.001454
Car-1,2008-10-19 03:03:31,116.333122,40.001511
Car-1,2008-10-19 03:03:33,116.333156,40.00155
Car-1,2008-10-19 03:03:35,116.333187,40.001588
Car-1,2008-10-19 03:03:37,116.333221,40.001631
Car-1,2008-10-19 03:03:39,116.333242,40.001689
Car-1,2008-10-19 03:03:41,116.333265,40.001734
Car-1,2008-10-19 03:03:43,116.333289,40.001789
Car-1,2008-10-19 03:03:45,116.333338,40.00183
Car-1,2008-10-19 03:03:47,116.33336,40.001875
Car-1,2008-10-19 03:03:49,116.333341,40.001981
Car-1,2008-10-19 03:03:51,116.33335,40.002048
Car-1,2008-10-19 03:03:53,116.333364,40.0021
Car-1,2008-10-19 03:03:55,116.33336,40.002151
Car-1,2008-10-19 03:03:57,116.333381,40.002198
Car-1,2008-10-19 03:03:59,116.333419,40.002256
Car-1,2008-10-19 03:04:01,116.333457,40.00229
Car-1,2008-10-19 03:04:03,116.333495,40.002334
Car-1,2008-10-19 03:04:05,116.33351,40.002403
Car-1,2008-10-19 03:04:07,116.333531,40.002472
Car-1,2008-10-19 03:04:09,116.333557,40.002531
Car-1,2008-10-19 03:04:11,116.333582,40.002587
Car-1,2008-10-19 03:04:13,116.333632,40.002629
Car-1,2008-10-19 03:04:15,116.333656,40.002689
Car-1,2008-10-19 03:04:17,116.333665,40.002763
Car-1,2008-10-19 03:04:19,116.33368,40.002826
Car-1,2008-10-19 03:04:21,116.333706,40.002884
Car-1,2008-10-19 03:04:23,116.33374,40.002936
Car-1,2008-10-19 03:04:25,116.333775,40.002994
Car-1,2008-10-19 03:04:27,116.333797,40.003051
Car-1,2008-10-19 03:04:29,116.333825,40.003101
Car-1,2008-10-19 03:04:31,116.33386,40.003158
Car-1,2008-10-19 03:04:33,116.333897,40.00322
Car-1,2008-10-19 03:04:35,116.33392,40.003272
Car-1,2008-10-19 03:04:37,116.333942,40.003331
Car-1,2008-10-19 03:04:39,116.333966,40.003389
Car-1,2008-10-19 03:04:41,116.333983,40.003445
Car-1,2008-10-19 03:04:43,116.334012,40.003496
Car-1,2008-10-19 03:04:45,116.334046,40.003535
Car-1,2008-10-19 03:04:47,116.334077,40.003587
Car-1,2008-10-19 03:04:49,116.334102,40.003637
Car-1,2008-10-19 03:04:51,116.334129,40.003689
Car-1,2008-10-19 03:04:53,116.334152,40.003749
Car-1,2008-10-19 03:04:55,116.334215,40.003802
Car-1,2008-10-19 03:04:57,116.334239,40.003849
Car-1,2008-10-19 03:04:59,116.334268,40.003895
Car-1,2008-10-19 03:05:01,116.334294,40.003941
Car-1,2008-10-19 03:05:03,116.33432,40.003993
Car-1,2008-10-19 03:05:05,116.334352,40.004043
Car-1,2008-10-19 03:05:07,116.334392,40.004086
Car-1,2008-10-19 03:05:09,116.334446,40.004138
Car-1,2008-10-19 03:05:11,116.334506,40.004182
Car-1,2008-10-19 03:05:13,116.334543,40.00423
Car-1,2008-10-19 03:05:15,116.334578,40.004273
Car-1,2008-10-19 03:05:17,116.334631,40.004326
Car-1,2008-10-19 03:05:19,116.334679,40.004376
Car-1,2008-10-19 03:05:21,116.334707,40.004429
Car-1,2008-10-19 03:05:23,116.334735,40.004478
Car-1,2008-10-19 03:05:25,116.334753,40.004534
Car-1,2008-10-19 03:05:27,116.334772,40.004585
Car-1,2008-10-19 03:05:29,116.334796,40.004641
Car-1,2008-10-19 03:05:31,116.334838,40.004692
Car-1,2008-10-19 03:05:33,116.33486,40.004743
Car-1,2008-10-19 03:05:35,116.334875,40.004793
Car-1,2008-10-19 03:05:37,116.334908,40.004842
Car-1,2008-10-19 03:05:39,116.334928,40.004893
Car-1,2008-10-19 03:05:41,116.334961,40.004943
Car-1,2008-10-19 03:05:43,116.334983,40.004994
Car-1,2008-10-19 03:05:45,116.335012,40.005047
Car-1,2008-10-19 03:05:47,116.335036,40.005108
Car-1,2008-10-19 03:05:49,116.335049,40.005166
Car-1,2008-10-19 03:05:51,116.335069,40.005219
Car-1,2008-10-19 03:05:53,116.335107,40.005267
Car-1,2008-10-19 03:05:55,116.335133,40.005318
Car-1,2008-10-19 03:05:57,116.335148,40.005372
Car-1,2008-10-19 03:05:59,116.335173,40.005423
Car-1,2008-10-19 03:06:01,116.33521,40.005464
Car-1,2008-10-19 03:06:03,116.335228,40.005515
Car-1,2008-10-19 03:06:05,116.33524,40.005557
Car-1,2008-10-19 03:06:07,116.335253,40.005607
Car-1,2008-10-19 03:06:09,116.335278,40.005659
Car-1,2008-10-19 03:06:11,116.335306,40.005705
Car-1,2008-10-19 03:06:13,116.335327,40.005753
Car-1,2008-10-19 03:06:15,116.335352,40.005798
Car-1,2008-10-19 03:06:17,116.335365,40.005842
Car-1,2008-10-19 03:06:19,116.33538,40.005876
Car-1,2008-10-19 03:06:21,116.33539,40.005908
Car-1,2008-10-19 03:06:23,116.335416,40.005952
Car-1,2008-10-19 03:06:25,116.335429,40.006
Car-1,2008-10-19 03:06:27,116.335447,40.00605
Car-1,2008-10-19 03:06:29,116.335471,40.006103
Car-1,2008-10-19 03:06:31,116.335482,40.006151
Car-1,2008-10-19 03:06:33,116.335495,40.006186
Car-1,2008-10-19 03:06:35,116.335534,40.006227
Car-1,2008-10-19 03:06:37,116.335559,40.006266
Car-1,2008-10-19 03:06:39,116.335572,40.006303
Car-1,2008-10-19 03:06:41,116.335581,40.006337
Car-1,2008-10-19 03:06:43,116.33558,40.006375
Car-1,2008-10-19 03:06:45,116.3356,40.0064
Car-1,2008-10-19 03:06:47,116.335611,40.006442
Car-1,2008-10-19 03:12:41,116.335695,40.006702
Car-1,2008-10-19 03:12:43,116.335695,40.006704
Car-1,2008-10-19 03:12:45,116.335692,40.006712
Car-1,2008-10-19 03:12:47,116.335685,40.006716
Car-1,2008-10-19 03:12:49,116.335688,40.00673
Car-1,2008-10-19 03:12:51,116.335687,40.006738
Car-1,2008-10-19 03:12:53,116.335686,40.00674
Car-1,2008-10-19 03:12:55,116.335683,40.006739
Car-1,2008-10-19 03:12:57,116.335683,40.006741
Car-1,2008-10-19 03:12:59,116.335683,40.006741
Car-1,2008-10-19 03:13:01,116.335683,40.006742
Car-1,2008-10-19 03:13:03,116.335683,40.006744
Car-1,2008-10-19 03:13:05,116.335683,40.006745
Car-1,2008-10-19 03:13:07,116.335684,40.006746
Car-1,2008-10-19 03:13:09,116.335684,40.006744
Car-1,2008-10-19 03:13:11,116.335684,40.006742
Car-1,2008-10-19 03:13:13,116.335684,40.006744
Car-1,2008-10-19 03:13:15,116.335684,40.006746
Car-1,2008-10-19 03:13:17,116.335684,40.006749
Car-1,2008-10-19 03:13:19,116.335684,40.006751
Car-1,2008-10-19 03:13:21,116.335684,40.006752
Car-1,2008-10-19 03:13:23,116.335683,40.006753
Car-1,2008-10-19 03:13:25,116.335683,40.006752
Car-1,2008-10-19 03:13:27,116.335682,40.006751
Car-1,2008-10-19 03:13:29,116.335682,40.00675
Car-1,2008-10-19 03:13:31,116.335681,40.006749
Car-1,2008-10-19 03:13:33,116.33568,40.006747
Car-1,2008-10-19 03:13:35,116.33568,40.006744
Car-1,2008-10-19 03:13:37,116.335679,40.006743
Car-1,2008-10-19 03:13:39,116.335678,40.00674
Car-1,2008-10-19 03:13:41,116.335678,40.006739
Car-1,2008-10-19 03:13:43,116.335678,40.006738
Car-1,2008-10-19 03:13:45,116.335678,40.006737
Car-1,2008-10-19 03:13:47,116.335678,40.006734
Car-1,2008-10-19 03:13:49,116.335677,40.00673
Car-1,2008-10-19 03:13:51,116.335677,40.006728
Car-1,2008-10-19 03:13:53,116.335676,40.006727
Car-1,2008-10-19 03:13:55,116.335675,40.006727
Car-1,2008-10-19 03:13:57,116.335675,40.006726
Car-1,2008-10-19 03:13:59,116.335674,40.006725
Car-1,2008-10-19 03:14:01,116.335673,40.006725
Car-1,2008-10-19 03:14:03,116.335673,40.006725
Car-1,2008-10-19 03:14:05,116.335672,40.006725
Car-1,2008-10-19 03:14:07,116.335672,40.006724
Car-1,2008-10-19 03:14:09,116.335672,40.006723
Car-1,2008-10-19 03:14:11,116.335671,40.006723
Car-1,2008-10-19 03:14:13,116.335671,40.006722
Car-1,2008-10-19 03:14:15,116.335671,40.006721
Car-1,2008-10-19 03:14:17,116.33567,40.00672
Car-1,2008-10-19 03:14:19,116.33567,40.00672
Car-1,2008-10-19 03:14:21,116.33567,40.006719
Car-1,2008-10-19 03:14:23,116.335669,40.006719
Car-1,2008-10-19 03:14:25,116.335669,40.006719
Car-1,2008-10-19 03:14:27,116.335669,40.006718
Car-1,2008-10-19 03:14:29,116.335669,40.006718
Car-1,2008-10-19 03:14:31,116.335668,40.006718
Car-1,2008-10-19 03:14:33,116.335668,40.006717
Car-1,2008-10-19 03:14:35,116.335668,40.006717
Car-1,2008-10-19 03:14:37,116.335668,40.006717
Car-1,2008-10-19 03:14:39,116.335668,40.006716
Car-1,2008-10-19 03:14:41,116.335668,40.006716
Car-1,2008-10-19 03:14:43,116.335668,40.006716
Car-1,2008-10-19 03:14:45,116.335668,40.006716
Car-1,2008-10-19 03:14:47,116.335668,40.006715
Car-1,2008-10-19 03:14:49,116.335667,40.006715
Car-1,2008-10-19 03:14:51,116.335667,40.006715
Car-1,2008-10-19 03:14:53,116.335667,40.006715
Car-1,2008-10-19 03:14:55,116.335667,40.006715
Car-1,2008-10-19 03:14:57,116.335667,40.006715
Car-1,2008-10-19 03:14:59,116.335667,40.006715
Car-1,2008-10-19 03:15:01,116.335668,40.006715
Car-1,2008-10-19 03:15:03,116.335668,40.006715
Car-1,2008-10-19 03:15:05,116.335668,40.006715
Car-1,2008-10-19 03:15:07,116.335668,40.006714
Car-1,2008-10-19 03:15:09,116.335669,40.006714
Car-1,2008-10-19 03:15:11,116.335669,40.006714
Car-1,2008-10-19 03:15:13,116.335669,40.006713
Car-1,2008-10-19 03:15:15,116.335669,40.006713
Car-1,2008-10-19 03:15:17,116.335669,40.006713
Car-1,2008-10-19 03:15:19,116.33567,40.006713
Car-1,2008-10-19 03:15:21,116.33567,40.006712
Car-1,2008-10-19 03:15:23,116.33567,40.006712
Car-1,2008-10-19 03:15:25,116.335671,40.006712
Car-1,2008-10-19 03:15:27,116.335671,40.006711
Car-1,2008-10-19 03:15:29,116.335671,40.006711
Car-1,2008-10-19 03:15:31,116.335671,40.006711
Car-1,2008-10-19 03:15:33,116.335672,40.006711
Car-1,2008-10-19 03:15:35,116.335672,40.00671
Car-1,2008-10-19 03:15:37,116.335672,40.00671
Car-1,2008-10-19 03:15:39,116.335672,40.00671
Car-1,2008-10-19 03:15:41,116.335672,40.00671
Car-1,2008-10-19 03:15:43,116.335673,40.006709
Car-1,2008-10-19 03:15:45,116.335673,40.006709
Car-1,2008-10-19 03:15:47,116.335673,40.006708
Car-1,2008-10-19 03:15:49,116.335673,40.006708
Car-1,2008-10-19 03:15:51,116.335673,40.006708
Car-1,2008-10-19 03:15:53,116.335674,40.006707
Car-1,2008-10-19 03:15:55,116.335674,40.006707
Car-1,2008-10-19 03:15:57,116.335674,40.006706
Car-1,2008-10-19 03:15:59,116.335674,40.006706
Car-1,2008-10-19 03:16:01,116.335674,40.006706
Car-1,2008-10-19 03:16:03,116.335674,40.006705
Car-1,2008-10-19 03:16:05,116.335674,40.006705
Car-1,2008-10-19 03:16:07,116.335674,40.006705
Car-1,2008-10-19 03:16:09,116.335674,40.006705
Car-1,2008-10-19 03:16:11,116.335675,40.006705
Car-1,2008-10-19 03:16:13,116.335675,40.006704
Car-1,2008-10-19 03:16:15,116.335675,40.006704
Car-1,2008-10-19 03:16:17,116.335675,40.006703
Car-1,2008-10-19 03:16:19,116.335675,40.006703
Car-1,2008-10-19 03:16:21,116.335675,40.006702
Car-1,2008-10-19 03:16:23,116.335675,40.006702
Car-1,2008-10-19 03:16:25,116.335675,40.006702
Car-1,2008-10-19 03:16:27,116.335675,40.006702
Car-1,2008-10-19 03:16:29,116.335675,40.006701
Car-1,2008-10-19 03:16:31,116.335675,40.006701
Car-1,2008-10-19 03:16:33,116.335675,40.006701
Car-1,2008-10-19 03:16:35,116.335675,40.0067
Car-1,2008-10-19 03:16:37,116.335676,40.0067
Car-1,2008-10-19 03:16:39,116.335676,40.0067
Car-1,2008-10-19 03:16:41,116.335676,40.0067
Car-1,2008-10-19 03:16:43,116.335676,40.006699
Car-1,2008-10-19 03:16:45,116.335676,40.006699
Car-1,2008-10-19 03:16:47,116.335676,40.006699
Car-1,2008-10-19 03:16:49,116.335676,40.006699
Car-1,2008-10-19 03:16:51,116.335677,40.006698
Car-1,2008-10-19 03:16:53,116.335677,40.006698
Car-1,2008-10-19 03:16:55,116.335677,40.006698
Car-1,2008-10-19 03:16:57,116.335677,40.006697
Car-1,2008-10-19 03:16:59,116.335677,40.006697
Car-1,2008-10-19 03:17:01,116.335678,40.006697
Car-1,2008-10-19 03:17:03,116.335678,40.006696
Car-1,2008-10-19 03:17:05,116.335678,40.006696
Car-1,2008-10-19 03:17:07,116.335678,40.006696
Car-1,2008-10-19 03:17:09,116.335679,40.006695
Car-1,2008-10-19 03:17:11,116.335679,40.006695
Car-1,2008-10-19 03:17:13,116.335679,40.006695
Car-1,2008-10-19 03:17:15,116.335679,40.006695
Car-1,2008-10-19 03:17:17,116.335679,40.006695
Car-1,2008-10-19 03:17:19,116.335679,40.006694
Car-1,2008-10-19 03:17:21,116.335679,40.006694
Car-1,2008-10-19 03:17:23,116.335679,40.006694
Car-1,2008-10-19 03:17:25,116.335679,40.006694
Car-1,2008-10-19 03:17:27,116.335679,40.006694
Car-1,2008-10-19 03:17:29,116.335679,40.006693
Car-1,2008-10-19 03:17:31,116.335679,40.006693
Car-1,2008-10-19 03:17:33,116.335679,40.006693
Car-1,2008-10-19 03:17:35,116.335679,40.006693
Car-1,2008-10-19 03:17:37,116.335679,40.006693
Car-1,2008-10-19 03:17:39,116.335679,40.006692
Car-1,2008-10-19 03:17:41,116.335678,40.006692
Car-1,2008-10-19 03:17:43,116.335678,40.006692
Car-1,2008-10-19 03:17:45,116.335678,40.006692
Car-1,2008-10-19 03:17:47,116.335679,40.006691
Car-1,2008-10-19 03:17:49,116.335679,40.006691
Car-1,2008-10-19 03:17:51,116.335679,40.006691
Car-1,2008-10-19 03:17:53,116.335679,40.006691
Car-1,2008-10-19 03:17:55,116.335679,40.00669
Car-1,2008-10-19 03:17:57,116.335679,40.00669
Car-1,2008-10-19 03:17:59,116.33568,40.00669
Car-1,2008-10-19 03:18:01,116.33568,40.006689
Car-1,2008-10-19 03:18:03,116.33568,40.006689
Car-1,2008-10-19 03:18:05,116.33568,40.006689
Car-1,2008-10-19 03:18:07,116.33568,40.006689
Car-1,2008-10-19 03:18:09,116.33568,40.006688
Car-1,2008-10-19 03:18:11,116.33568,40.006688
Car-1,2008-10-19 03:18:13,116.33568,40.006688
Car-1,2008-10-19 03:18:15,116.33568,40.006687
Car-1,2008-10-19 03:18:17,116.33568,40.006687
Car-1,2008-10-19 03:18:19,116.33568,40.006687
Car-1,2008-10-19 03:18:21,116.33568,40.006687
Car-1,2008-10-19 03:18:23,116.33568,40.006686
Car-1,2008-10-19 03:18:25,116.33568,40.006686
Car-1,2008-10-19 03:18:27,116.33568,40.006686
Car-1,2008-10-19 03:18:29,116.33568,40.006686
Car-1,2008-10-19 03:18:31,116.33568,40.006686
Car-1,2008-10-19 03:18:33,116.33568,40.006685
Car-1,2008-10-19 03:18:35,116.33568,40.006685
Car-1,2008-10-19 03:18:37,116.33568,40.006685
Car-1,2008-10-19 03:19:25,116.335582,40.006444
Car-1,2008-10-19 03:19:27,116.335572,40.006418
Car-1,2008-10-19 03:19:29,116.335566,40.0064
Car-1,2008-10-19 03:19:31,116.335567,40.006384
Car-1,2008-10-19 03:19:33,116.335581,40.006373
Car-1,2008-10-19 03:19:35,116.335596,40.006347
Car-1,2008-10-19 03:19:37,116.335606,40.006321
Car-1,2008-10-19 03:19:39,116.335606,40.006296
Car-1,2008-10-19 03:19:41,116.335601,40.006272
Car-1,2008-10-19 03:19:43,116.335593,40.006249
Car-1,2008-10-19 03:19:45,116.335586,40.006231
Car-1,2008-10-19 03:19:47,116.33558,40.006206
Car-1,2008-10-19 03:19:49,116.335562,40.00619
Car-1,2008-10-19 03:19:51,116.33555,40.006175
Car-1,2008-10-19 03:19:53,116.33554,40.006158
Car-1,2008-10-19 03:19:55,116.335521,40.006141
Car-1,2008-10-19 03:19:57,116.335514,40.006125
Car-1,2008-10-19 03:19:59,116.335496,40.006118
Car-1,2008-10-19 03:20:01,116.335492,40.006097
Car-1,2008-10-19 03:20:03,116.335478,40.006088
Car-1,2008-10-19 03:20:05,116.33548,40.006076
Car-1,2008-10-19 03:20:07,116.335477,40.00606
Car-1,2008-10-19 03:20:09,116.335476,40.00605
Car-1,2008-10-19 03:20:11,116.335484,40.006024
Car-1,2008-10-19 03:20:13,116.335488,40.00601
Car-1,2008-10-19 03:20:15,116.33549,40.005998
Car-1,2008-10-19 03:20:17,116.335494,40.005986
Car-1,2008-10-19 03:20:19,116.335492,40.005974
Car-1,2008-10-19 03:20:21,116.335494,40.00596
Car-1,2008-10-19 03:20:23,116.335491,40.005931
Car-1,2008-10-19 03:20:25,116.335476,40.005912
Car-1,2008-10-19 03:20:27,116.335464,40.005895
Car-1,2008-10-19 03:20:29,116.335461,40.005882
Car-1,2008-10-19 03:20:31,116.335433,40.005878
Car-1,2008-10-19 03:20:33,116.335409,40.005868
Car-1,2008-10-19 03:20:35,116.335393,40.005856
Car-1,2008-10-19 03:20:37,116.335379,40.005839
Car-1,2008-10-19 03:20:39,116.335372,40.005825
Car-1,2008-10-19 03:20:41,116.335358,40.005805
Car-1,2008-10-19 03:20:43,116.335342,40.005786
Car-1,2008-10-19 03:20:45,116.335332,40.005776
Car-1,2008-10-19 03:20:47,116.33532,40.005767
Car-1,2008-10-19 03:20:49,116.335315,40.005757
Car-1,2008-10-19 03:20:51,116.335304,40.005739
Car-1,2008-10-19 03:20:53,116.335277,40.005733
Car-1,2008-10-19 03:20:55,116.335242,40.005727
Car-1,2008-10-19 03:20:57,116.33521,40.005714
Car-1,2008-10-19 03:20:59,116.335186,40.005701
Car-1,2008-10-19 03:21:01,116.335183,40.005688
Car-1,2008-10-19 03:21:03,116.335166,40.005669
Car-1,2008-10-19 03:21:05,116.335165,40.005652
Car-1,2008-10-19 03:21:07,116.335157,40.005632
Car-1,2008-10-19 03:21:09,116.335155,40.005603
Car-1,2008-10-19 03:21:11,116.335143,40.005575
Car-1,2008-10-19 03:21:13,116.335131,40.005551
Car-1,2008-10-19 03:21:15,116.335117,40.005512
Car-1,2008-10-19 03:21:17,116.335108,40.005484
Car-1,2008-10-19 03:21:19,116.335096,40.005451
Car-1,2008-10-19 03:21:21,116.335078,40.005404
Car-1,2008-10-19 03:21:23,116.335069,40.00536
Car-1,2008-10-19 03:21:25,116.335036,40.005326
Car-1,2008-10-19 03:21:27,116.33502,40.005291
Car-1,2008-10-19 03:21:29,116.335022,40.005247
Car-1,2008-10-19 03:21:31,116.335001,40.005206
Car-1,2008-10-19 03:21:33,116.334976,40.00517
Car-1,2008-10-19 03:21:35,116.334958,40.005127
Car-1,2008-10-19 03:21:37,116.334933,40.005084
Car-1,2008-10-19 03:21:39,116.334904,40.005036
Car-1,2008-10-19 03:21:41,116.334879,40.004989
Car-1,2008-10-19 03:21:43,116.33486,40.004941
Car-1,2008-10-19 03:21:45,116.334842,40.004892
Car-1,2008-10-19 03:21:47,116.334819,40.004839
Car-1,2008-10-19 03:21:49,116.334809,40.004789
Car-1,2008-10-19 03:21:51,116.334793,40.004737
Car-1,2008-10-19 03:21:53,116.334777,40.004692
Car-1,2008-10-19 03:21:55,116.334761,40.004633
Car-1,2008-10-19 03:21:57,116.334736,40.004579
Car-1,2008-10-19 03:21:59,116.334717,40.004537
Car-1,2008-10-19 03:22:01,116.334688,40.004499
Car-1,2008-10-19 03:22:03,116.334663,40.004452
Car-1,2008-10-19 03:22:05,116.334646,40.004401
Car-1,2008-10-19 03:22:07,116.334617,40.004348
Car-1,2008-10-19 03:22:09,116.334589,40.0043
Car-1,2008-10-19 03:22:11,116.334562,40.004253
Car-1,2008-10-19 03:22:13,116.334524,40.004214
Car-1,2008-10-19 03:22:15,116.33449,40.004165
Car-1,2008-10-19 03:22:17,116.334451,40.004126
Car-1,2008-10-19 03:22:19,116.334412,40.004083
Car-1,2008-10-19 03:22:21,116.334376,40.00404
Car-1,2008-10-19 03:22:23,116.334342,40.00399
Car-1,2008-10-19 03:22:25,116.334318,40.003937
Car-1,2008-10-19 03:22:27,116.334278,40.003907
Car-1,2008-10-19 03:22:29,116.334248,40.003859
Car-1,2008-10-19 03:22:31,116.33421,40.0038
Car-1,2008-10-19 03:22:33,116.334169,40.003744
Car-1,2008-10-19 03:22:35,116.33412,40.003686
Car-1,2008-10-19 03:22:37,116.33408,40.003639
Car-1,2008-10-19 03:22:39,116.334054,40.003588
Car-1,2008-10-19 03:22:41,116.334013,40.003526
Car-1,2008-10-19 03:22:43,116.333975,40.003481
Car-1,2008-10-19 03:22:45,116.333941,40.003441
Car-1,2008-10-19 03:22:47,116.333913,40.003389
Car-1,2008-10-19 03:22:49,116.333883,40.00334
Car-1,2008-10-19 03:22:51,116.333856,40.003289
Car-1,2008-10-19 03:22:53,116.333819,40.003234
Car-1,2008-10-19 03:22:55,116.333769,40.003191
Car-1,2008-10-19 03:22:57,116.333727,40.00314
Car-1,2008-10-19 03:22:59,116.333701,40.003094
Car-1,2008-10-19 03:23:01,116.333672,40.003044
Car-1,2008-10-19 03:23:03,116.333643,40.002991
Car-1,2008-10-19 03:23:05,116.33362,40.002942
Car-1,2008-10-19 03:23:07,116.333597,40.002892
Car-1,2008-10-19 03:23:09,116.333581,40.002834
Car-1,2008-10-19 03:23:11,116.333554,40.002781
Car-1,2008-10-19 03:23:13,116.333538,40.002712
Car-1,2008-10-19 03:23:15,116.333509,40.002651
Car-1,2008-10-19 03:23:17,116.333482,40.002605
Car-1,2008-10-19 03:23:19,116.333473,40.002591
Car-1,2008-10-19 03:23:21,116.33346,40.002548
Car-1,2008-10-19 03:23:23,116.333452,40.002526
Car-1,2008-10-19 03:23:25,116.333424,40.002485
Car-1,2008-10-19 03:23:27,116.333408,40.002435
Car-1,2008-10-19 03:23:29,116.333402,40.002377
Car-1,2008-10-19 03:23:31,116.333379,40.002325
Car-1,2008-10-19 03:23:33,116.333352,40.002284
Car-1,2008-10-19 03:23:35,116.333332,40.002229
Car-1,2008-10-19 03:23:37,116.333312,40.002176
Car-1,2008-10-19 03:23:39,116.333284,40.002125
Car-1,2008-10-19 03:23:41,116.33325,40.002067
Car-1,2008-10-19 03:23:43,116.333216,40.001978
Car-1,2008-10-19 03:23:45,116.333192,40.001875
Car-1,2008-10-19 03:23:47,116.333165,40.001805
Car-1,2008-10-19 03:23:49,116.333142,40.001733
Car-1,2008-10-19 03:23:51,116.333123,40.001674
Car-1,2008-10-19 03:23:53,116.333102,40.001619
Car-1,2008-10-19 03:23:55,116.333074,40.00156
Car-1,2008-10-19 03:23:57,116.333047,40.001504
Car-1,2008-10-19 03:23:59,116.333011,40.001459
Car-1,2008-10-19 03:24:01,116.332978,40.001413
Car-1,2008-10-19 03:24:03,116.332955,40.001355
Car-1,2008-10-19 03:24:05,116.332944,40.001294
Car-1,2008-10-19 03:24:07,116.332921,40.001251
Car-1,2008-10-19 03:24:09,116.3329,40.001209
Car-1,2008-10-19 03:24:11,116.332869,40.001177
Car-1,2008-10-19 03:24:13,116.332857,40.001138
Car-1,2008-10-19 03:24:15,116.332836,40.001086
Car-1,2008-10-19 03:24:17,116.332804,40.001031
Car-1,2008-10-19 03:24:19,116.332774,40.000969
Car-1,2008-10-19 03:24:21,116.332746,40.000928
Car-1,2008-10-19 03:24:23,116.332719,40.000883
Car-1,2008-10-19 03:24:25,116.332692,40.000841
Car-1,2008-10-19 03:24:27,116.332685,40.000786
Car-1,2008-10-19 03:24:29,116.332663,40.000737
Car-1,2008-10-19 03:24:31,116.332639,40.000663
Car-1,2008-10-19 03:24:33,116.332599,40.000602
Car-1,2008-10-19 03:24:35,116.332577,40.000535
Car-1,2008-10-19 03:24:37,116.332555,40.000476
Car-1,2008-10-19 03:24:39,116.332534,40.000427
Car-1,2008-10-19 03:24:41,116.33251,40.00038
Car-1,2008-10-19 03:24:43,116.332482,40.000326
Car-1,2008-10-19 03:24:45,116.332456,40.000284
Car-1,2008-10-19 03:24:47,116.33243,40.000215
Car-1,2008-10-19 03:24:49,116.332396,40.000165
Car-1,2008-10-19 03:24:51,116.332371,40.000116
Car-1,2008-10-19 03:24:53,116.332344,40.000077
Car-1,2008-10-19 03:24:55,116.332324,40.000042
Car-1,2008-10-19 03:24:57,116.332296,40.000007
Car-1,2008-10-19 03:24:59,116.332284,39.999956
Car-1,2008-10-19 03:25:01,116.332261,39.999927
Car-1,2008-10-19 03:25:03,116.332239,39.999879
Car-1,2008-10-19 03:25:05,116.332217,39.999819
Car-1,2008-10-19 03:25:07,116.332184,39.999758
Car-1,2008-10-19 03:25:09,116.332163,39.99971
Car-1,2008-10-19 03:25:11,116.332148,39.999684
Car-1,2008-10-19 03:25:13,116.33213,39.999648
Car-1,2008-10-19 03:25:15,116.332123,39.999649
Car-1,2008-10-19 03:25:17,116.332114,39.999636
Car-1,2008-10-19 03:25:19,116.332108,39.999611
Car-1,2008-10-19 03:25:21,116.332097,39.999592
Car-1,2008-10-19 03:25:23,116.332088,39.999571
Car-1,2008-10-19 03:25:25,116.332079,39.999542
Car-1,2008-10-19 03:25:27,116.332058,39.999514
Car-1,2008-10-19 03:25:29,116.33204,39.999488
Car-1,2008-10-19 03:25:31,116.332021,39.999459
Car-1,2008-10-19 03:25:33,116.332005,39.999398
Car-1,2008-10-19 03:25:35,116.332002,39.999337
Car-1,2008-10-19 03:25:37,116.331982,39.999285
Car-1,2008-10-19 03:25:39,116.331969,39.999221
Car-1,2008-10-19 03:25:41,116.33195,39.999167
Car-1,2008-10-19 03:25:43,116.331931,39.999128
Car-1,2008-10-19 03:25:45,116.331906,39.99907
Car-1,2008-10-19 03:25:47,116.331873,39.999025
Car-1,2008-10-19 03:25:49,116.331849,39.998973
Car-1,2008-10-19 03:25:51,116.331828,39.998926
Car-1,2008-10-19 03:25:53,116.33181,39.998887
Car-1,2008-10-19 03:25:55,116.331784,39.998854
Car-1,2008-10-19 03:25:57,116.331765,39.998814
Car-1,2008-10-19 03:25:59,116.331749,39.998805
Car-1,2008-10-19 03:26:01,116.331733,39.998771
Car-1,2008-10-19 03:26:03,116.331709,39.998753
Car-1,2008-10-19 03:26:05,116.331692,39.99872
Car-1,2008-10-19 03:26:07,116.331674,39.998678
Car-1,2008-10-19 03:26:09,116.331649,39.998601
Car-1,2008-10-19 03:26:11,116.33162,39.998495
Car-1,2008-10-19 03:26:13,116.331597,39.998414
Car-1,2008-10-19 03:26:15,116.331572,39.998335
Car-1,2008-10-19 03:26:17,116.331557,39.998293
Car-1,2008-10-19 03:26:19,116.331545,39.998236
Car-1,2008-10-19 03:26:21,116.331521,39.998194
Car-1,2008-10-19 03:26:23,116.331497,39.99816
Car-1,2008-10-19 03:26:25,116.331484,39.998116
Car-1,2008-10-19 03:26:27,116.33146,39.998066
Car-1,2008-10-19 03:26:29,116.331443,39.998025
Car-1,2008-10-19 03:26:31,116.331455,39.997936
Car-1,2008-10-19 03:26:33,116.331467,39.997872
Car-1,2008-10-19 03:26:35,116.331424,39.997823
Car-1,2008-10-19 03:26:37,116.331403,39.997773
Car-1,2008-10-19 03:26:39,116.331337,39.997749
Car-1,2008-10-19 03:26:41,116.331287,39.997718
Car-1,2008-10-19 03:26:43,116.331237,39.997686
Car-1,2008-10-19 03:26:45,116.331164,39.997711
Car-1,2008-10-19 03:26:47,116.331129,39.997749
Car-1,2008-10-19 03:26:49,116.33111,39.997797
Car-1,2008-10-19 03:26:51,116.331101,39.997833
Car-1,2008-10-19 03:26:53,116.331088,39.997852
Car-1,2008-10-19 03:26:55,116.331085,39.997878
Car-1,2008-10-19 03:26:57,116.331056,39.997919
Car-1,2008-10-19 03:26:59,116.331036,39.997967
Car-1,2008-10-19 03:27:01,116.331018,39.998023
Car-1,2008-10-19 03:27:03,116.330997,39.998071
Car-1,2008-10-19 03:27:05,116.330986,39.998127
Car-1,2008-10-19 03:27:07,116.330979,39.998188
Car-1,2008-10-19 03:27:09,116.330956,39.998244
Car-1,2008-10-19 03:27:11,116.330934,39.998307
Car-1,2008-10-19 03:27:13,116.330916,39.998371
Car-1,2008-10-19 03:27:15,116.330908,39.998432
Car-1,2008-10-19 03:27:17,116.330912,39.998498
Car-1,2008-10-19 03:27:19,116.330885,39.998573
Car-1,2008-10-19 03:27:21,116.330887,39.998642
Car-1,2008-10-19 03:27:23,116.330897,39.998705
Car-1,2008-10-19 03:27:25,116.330912,39.998774
Car-1,2008-10-19 03:27:27,116.330917,39.998837
Car-1,2008-10-19 03:27:29,116.330911,39.998902
Car-1,2008-10-19 03:27:31,116.330919,39.998962
Car-1,2008-10-19 03:27:33,116.33094,39.999034
Car-1,2008-10-19 03:27:35,116.330941,39.999086
Car-1,2008-10-19 03:27:37,116.330937,39.999147
Car-1,2008-10-19 03:27:39,116.330949,39.999209
Car-1,2008-10-19 03:27:41,116.330963,39.999267
Car-1,2008-10-19 03:27:43,116.330964,39.999333
Car-1,2008-10-19 03:27:45,116.330969,39.999387
Car-1,2008-10-19 03:27:47,116.330972,39.999442
Car-1,2008-10-19 03:27:49,116.330986,39.999506
Car-1,2008-10-19 03:27:51,116.330992,39.999576
Car-1,2008-10-19 03:27:53,116.330997,39.999645
Car-1,2008-10-19 03:27:55,116.331003,39.999712
Car-1,2008-10-19 03:27:57,116.331003,39.999787
Car-1,2008-10-19 03:27:59,116.331006,39.999856
Car-1,2008-10-19 03:28:01,116.331001,39.999927
Car-1,2008-10-19 03:28:03,116.331005,39.999991
Car-1,2008-10-19 03:28:05,116.331008,40.00006
Car-1,2008-10-19 03:28:07,116.331004,40.00013
Car-1,2008-10-19 03:28:09,116.33101,40.000199
Car-1,2008-10-19 03:28:11,116.331014,40.000268
Car-1,2008-10-19 03:28:13,116.331021,40.000336
Car-1,2008-10-19 03:28:15,116.33104,40.000401
Car-1,2008-10-19 03:28:17,116.33106,40.000468
Car-1,2008-10-19 03:28:19,116.331062,40.000531
Car-1,2008-10-19 03:28:21,116.331058,40.000591
Car-1,2008-10-19 03:28:23,116.331055,40.000649
Car-1,2008-10-19 03:28:43,116.330972,40.001237
Car-1,2008-10-19 03:29:05,116.330924,40.001919
Car-1,2008-10-19 03:29:25,116.33092,40.00252
Car-1,2008-10-19 03:29:27,116.33092,40.002581
Car-1,2008-10-19 03:29:29,116.330922,40.002642
Car-1,2008-10-19 03:29:31,116.330917,40.002703
Car-1,2008-10-19 03:29:33,116.330913,40.002765
Car-1,2008-10-19 03:29:35,116.33091,40.002829
Car-1,2008-10-19 03:29:37,116.330918,40.002897
Car-1,2008-10-19 03:29:39,116.330917,40.002962
Car-1,2008-10-19 03:29:41,116.330909,40.003027
Car-1,2008-10-19 03:29:43,116.330903,40.003089
Car-1,2008-10-19 03:29:45,116.330901,40.003147
Car-1,2008-10-19 03:29:47,116.3309,40.003206
Car-1,2008-10-19 03:29:49,116.330898,40.003265
Car-1,2008-10-19 03:29:51,116.330896,40.003327
Car-1,2008-10-19 03:29:53,116.330888,40.003395
Car-1,2008-10-19 03:29:55,116.330883,40.00346
Car-1,2008-10-19 03:29:57,116.330882,40.003519
Car-1,2008-10-19 03:29:59,116.330878,40.003585
Car-1,2008-10-19 03:30:01,116.330874,40.00365
Car-1,2008-10-19 03:30:03,116.330859,40.003717
Car-1,2008-10-19 03:30:05,116.330855,40.003783
Car-1,2008-10-19 03:30:07,116.330851,40.00385
Car-1,2008-10-19 03:30:09,116.330845,40.003918
Car-1,2008-10-19 03:30:11,116.33085,40.003985
Car-1,2008-10-19 03:30:13,116.330845,40.004052
Car-1,2008-10-19 03:30:15,116.330834,40.004124
Car-1,2008-10-19 03:30:17,116.330822,40.004192
Car-1,2008-10-19 03:30:19,116.330827,40.004267
Car-1,2008-10-19 03:30:21,116.330822,40.004338
Car-1,2008-10-19 03:30:23,116.330822,40.004407
Car-1,2008-10-19 03:30:25,116.330822,40.004479
Car-1,2008-10-19 03:30:27,116.330826,40.004547
Car-1,2008-10-19 03:30:29,116.330829,40.004614
Car-1,2008-10-19 03:30:31,116.330828,40.004685
Car-1,2008-10-19 03:30:33,116.330838,40.004755
Car-1,2008-10-19 03:30:35,116.330858,40.004821
Car-1,2008-10-19 03:30:37,116.330867,40.004886
Car-1,2008-10-19 03:30:39,116.330861,40.004949
Car-1,2008-10-19 03:30:41,116.33086,40.005013
Car-1,2008-10-19 03:30:43,116.330858,40.005072
Car-1,2008-10-19 03:30:45,116.330862,40.005135
Car-1,2008-10-19 03:30:47,116.330848,40.005201
Car-1,2008-10-19 03:30:49,116.330845,40.005267
Car-1,2008-10-19 03:30:51,116.330845,40.005329
Car-1,2008-10-19 03:30:53,116.330845,40.005394
Car-1,2008-10-19 03:30:55,116.330837,40.005455
Car-1,2008-10-19 03:30:57,116.330835,40.005515
Car-1,2008-10-19 03:30:59,116.330829,40.005583
Car-1,2008-10-19 03:31:01,116.33082,40.005644
Car-1,2008-10-19 03:31:03,116.330814,40.005704
Car-1,2008-10-19 03:31:05,116.330798,40.005768
Car-1,2008-10-19 03:31:07,116.330793,40.005834
Car-1,2008-10-19 03:31:09,116.330775,40.005894
Car-1,2008-10-19 03:31:11,116.330757,40.005956
Car-1,2008-10-19 03:31:13,116.330742,40.006021
Car-1,2008-10-19 03:31:15,116.330731,40.006076
Car-1,2008-10-19 03:31:17,116.330714,40.006136
Car-1,2008-10-19 03:31:19,116.330704,40.0062
Car-1,2008-10-19 03:31:21,116.330686,40.006264
Car-1,2008-10-19 03:31:23,116.330671,40.006325
Car-1,2008-10-19 03:31:25,116.330653,40.006383
Car-1,2008-10-19 03:31:27,116.330636,40.006442
Car-1,2008-10-19 03:31:29,116.330607,40.006498
Car-1,2008-10-19 03:31:31,116.330582,40.006559
Car-1,2008-10-19 03:31:33,116.33055,40.006616
Car-1,2008-10-19 03:31:35,116.330528,40.00668
Car-1,2008-10-19 03:31:37,116.330507,40.006741
Car-1,2008-10-19 03:31:39,116.330476,40.006797
Car-1,2008-10-19 03:31:41,116.330443,40.006855
Car-1,2008-10-19 03:31:43,116.330414,40.006911
Car-1,2008-10-19 03:31:45,116.330387,40.006968
Car-1,2008-10-19 03:31:47,116.330356,40.007031
Car-1,2008-10-19 03:31:49,116.330326,40.00709
Car-1,2008-10-19 03:31:51,116.33029,40.007154
Car-1,2008-10-19 03:31:53,116.330252,40.00722
Car-1,2008-10-19 03:31:55,116.330216,40.007277
Car-1,2008-10-19 03:31:57,116.330174,40.007336
Car-1,2008-10-19 03:31:59,116.330129,40.007395
Car-1,2008-10-19 03:32:01,116.330081,40.007456
Car-1,2008-10-19 03:32:03,116.330043,40.007511
Car-1,2008-10-19 03:32:05,116.33,40.007571
Car-1,2008-10-19 03:32:07,116.329961,40.00763
Car-1,2008-10-19 03:32:09,116.32993,40.007681
Car-1,2008-10-19 03:32:11,116.329888,40.007726
Car-1,2008-10-19 03:32:13,116.32985,40.007771
Car-1,2008-10-19 03:32:15,116.329821,40.007818
Car-1,2008-10-19 03:32:17,116.329785,40.007857
Car-1,2008-10-19 03:32:19,116.329757,40.007898
Car-1,2008-10-19 03:32:21,116.329723,40.007934
Car-1,2008-10-19 03:32:23,116.329685,40.007974
Car-1,2008-10-19 03:32:25,116.329636,40.008017
Car-1,2008-10-19 03:32:27,116.329595,40.008062
Car-1,2008-10-19 03:32:29,116.329555,40.008109
Car-1,2008-10-19 03:32:31,116.329511,40.008155
Car-1,2008-10-19 03:32:33,116.329475,40.008196
Car-1,2008-10-19 03:33:13,116.329189,40.008059
Car-1,2008-10-19 03:33:15,116.329139,40.008038
Car-1,2008-10-19 03:33:17,116.329094,40.008028
Car-1,2008-10-19 03:33:19,116.329054,40.008007
Car-1,2008-10-19 03:33:21,116.329,40.007996
Car-1,2008-10-19 03:33:23,116.328939,40.007995
Car-1,2008-10-19 03:33:25,116.328877,40.007997
Car-1,2008-10-19 03:33:27,116.32883,40.008003
Car-1,2008-10-19 03:33:29,116.328783,40.008009
Car-1,2008-10-19 03:33:31,116.32873,40.008003
Car-1,2008-10-19 03:33:33,116.328662,40.008
Car-1,2008-10-19 03:33:35,116.328589,40.008004
Car-1,2008-10-19 03:33:37,116.328522,40.007996
Car-1,2008-10-19 03:33:39,116.328443,40.007998
Car-1,2008-10-19 03:33:41,116.32837,40.008005
Car-1,2008-10-19 03:33:43,116.328295,40.008008
Car-1,2008-10-19 03:33:45,116.328216,40.008001
Car-1,2008-10-19 03:33:47,116.328149,40.007991
Car-1,2008-10-19 03:33:49,116.328068,40.007998
Car-1,2008-10-19 03:33:51,116.328007,40.007973
Car-1,2008-10-19 03:33:53,116.327918,40.007984
Car-1,2008-10-19 03:33:55,116.327838,40.007988
Car-1,2008-10-19 03:33:57,116.327766,40.007982
Car-1,2008-10-19 03:33:59,116.327694,40.007977
Car-1,2008-10-19 03:34:01,116.32762,40.007983
Car-1,2008-10-19 03:34:03,116.327547,40.007973
Car-1,2008-10-19 03:34:05,116.327482,40.007959
Car-1,2008-10-19 03:34:07,116.327403,40.007959
Car-1,2008-10-19 03:34:09,116.327328,40.007952
Car-1,2008-10-19 03:34:11,116.327261,40.007948
Car-1,2008-10-19 03:34:13,116.327185,40.007952
Car-1,2008-10-19 03:34:15,116.32711,40.007957
Car-1,2008-10-19 03:34:17,116.327036,40.007946
Car-1,2008-10-19 03:34:19,116.326947,40.007948
Car-1,2008-10-19 03:34:21,116.326867,40.007942
Car-1,2008-10-19 03:34:23,116.326781,40.007938
Car-1,2008-10-19 03:34:25,116.326689,40.007939
Car-1,2008-10-19 03:34:27,116.326592,40.007919
Car-1,2008-10-19 03:34:29,116.326511,40.007917
Car-1,2008-10-19 03:34:31,116.326431,40.007911
Car-1,2008-10-19 03:34:33,116.326352,40.007904
Car-1,2008-10-19 03:34:35,116.326262,40.007906
Car-1,2008-10-19 03:34:37,116.326173,40.007902
Car-1,2008-10-19 03:34:39,116.326095,40.007903
Car-1,2008-10-19 03:34:41,116.326,40.007898
Car-1,2008-10-19 03:34:43,116.325931,40.007894
Car-1,2008-10-19 03:34:45,116.325852,40.007901
Car-1,2008-10-19 03:34:47,116.325777,40.007895
Car-1,2008-10-19 03:34:49,116.325707,40.007887
Car-1,2008-10-19 03:34:51,116.325632,40.007885
Car-1,2008-10-19 03:34:53,116.325557,40.00788
Car-1,2008-10-19 03:34:55,116.325464,40.007867
Car-1,2008-10-19 03:34:57,116.325384,40.007862
Car-1,2008-10-19 03:34:59,116.325298,40.007858
Car-1,2008-10-19 03:35:01,116.325217,40.00786
Car-1,2008-10-19 03:35:03,116.325125,40.007852
Car-1,2008-10-19 03:35:05,116.325053,40.007843
Car-1,2008-10-19 03:35:07,116.32498,40.007839
Car-1,2008-10-19 03:35:09,116.324907,40.007829
Car-1,2008-10-19 03:35:11,116.324799,40.007827
Car-1,2008-10-19 03:35:13,116.324705,40.007825
Car-1,2008-10-19 03:35:15,116.324618,40.007819
Car-1,2008-10-19 03:35:17,116.324529,40.007816
Car-1,2008-10-19 03:35:19,116.324457,40.007814
Car-1,2008-10-19 03:35:21,116.324378,40.007817
Car-1,2008-10-19 03:35:23,116.32431,40.00781
Car-1,2008-10-19 03:35:25,116.324248,40.007806
Car-1,2008-10-19 03:35:27,116.32419,40.007794
Car-1,2008-10-19 03:35:29,116.324114,40.007792
Car-1,2008-10-19 03:35:31,116.324047,40.007784
Car-1,2008-10-19 03:35:33,116.323985,40.007785
Car-1,2008-10-19 03:35:35,116.323924,40.007777
Car-1,2008-10-19 03:35:37,116.323863,40.007775
Car-1,2008-10-19 03:35:39,116.323803,40.007766
Car-1,2008-10-19 03:35:41,116.323728,40.007769
Car-1,2008-10-19 03:35:43,116.323652,40.007769
Car-1,2008-10-19 03:35:45,116.323588,40.00777
Car-1,2008-10-19 03:35:47,116.32352,40.007764
Car-1,2008-10-19 03:35:49,116.32345,40.007757
Car-1,2008-10-19 03:35:51,116.323377,40.00776
Car-1,2008-10-19 03:35:53,116.323299,40.007755
Car-1,2008-10-19 03:35:55,116.32323,40.007745
Car-1,2008-10-19 03:35:57,116.323158,40.007742
Car-1,2008-10-19 03:35:59,116.323045,40.007739
Car-1,2008-10-19 03:36:01,116.322966,40.007744
Car-1,2008-10-19 03:36:03,116.322895,40.007739
Car-1,2008-10-19 03:36:05,116.322839,40.007742
Car-1,2008-10-19 03:36:07,116.32279,40.007743
Car-1,2008-10-19 03:36:09,116.322747,40.007747
Car-1,2008-10-19 03:36:11,116.322707,40.007766
Car-1,2008-10-19 03:36:13,116.322689,40.007792
Car-1,2008-10-19 03:36:15,116.322665,40.007842
Car-1,2008-10-19 03:36:17,116.322683,40.007879
Car-1,2008-10-19 03:36:19,116.322683,40.007924
Car-1,2008-10-19 03:36:21,116.322695,40.00797
Car-1,2008-10-19 03:36:23,116.322709,40.008006
Car-1,2008-10-19 03:36:25,116.322723,40.00805
Car-1,2008-10-19 03:36:27,116.322742,40.008089
Car-1,2008-10-19 03:36:29,116.322748,40.00814
Car-1,2008-10-19 03:36:31,116.322736,40.00819
Car-1,2008-10-19 03:36:33,116.322728,40.008239
Car-1,2008-10-19 03:36:35,116.322725,40.008276
Car-1,2008-10-19 03:36:37,116.32272,40.00832
Car-1,2008-10-19 03:36:39,116.322717,40.008364
Car-1,2008-10-19 03:36:41,116.322725,40.008404
Car-1,2008-10-19 03:36:43,116.322713,40.008447
Car-1,2008-10-19 03:36:45,116.322707,40.00849
Car-1,2008-10-19 03:36:47,116.322708,40.008528
Car-1,2008-10-19 03:36:49,116.322694,40.008564
Car-1,2008-10-19 03:36:51,116.322683,40.008607
Car-1,2008-10-19 03:36:53,116.322679,40.008643
Car-1,2008-10-19 03:36:55,116.322673,40.008688
Car-1,2008-10-19 03:36:57,116.322668,40.008731
Car-1,2008-10-19 03:36:59,116.322659,40.00877
Car-1,2008-10-19 03:37:01,116.322655,40.008813
Car-1,2008-10-19 03:37:03,116.322676,40.008854
Car-1,2008-10-19 03:37:05,116.322671,40.008902
Car-1,2008-10-19 03:37:07,116.322674,40.008942
Car-1,2008-10-19 03:37:09,116.322664,40.008988
Car-1,2008-10-19 03:37:11,116.322661,40.009037
Car-1,2008-10-19 03:37:13,116.322654,40.009092
Car-1,2008-10-19 03:37:15,116.322655,40.00914
Car-1,2008-10-19 03:37:17,116.322634,40.009191
Car-1,2008-10-19 03:37:19,116.322616,40.009231
Car-1,2008-10-19 03:37:21,116.322599,40.009274
Car-1,2008-10-19 03:37:23,116.322596,40.009317
Car-1,2008-10-19 03:37:25,116.322576,40.009363
Car-1,2008-10-19 03:37:27,116.322574,40.009409
Car-1,2008-10-19 03:37:29,116.322582,40.009443
Car-1,2008-10-19 03:37:31,116.322575,40.009481
Car-1,2008-10-19 03:37:33,116.322564,40.009525
Car-1,2008-10-19 03:37:35,116.322556,40.009569
Car-1,2008-10-19 03:37:37,116.322547,40.009614
Car-1,2008-10-19 03:37:39,116.322547,40.009654
Car-1,2008-10-19 03:37:41,116.322544,40.009692
Car-1,2008-10-19 03:37:43,116.322544,40.009733
Car-1,2008-10-19 03:37:45,116.322533,40.009784
Car-1,2008-10-19 03:37:47,116.322523,40.009827
Car-1,None,None,None
Car-1,None,None,None
Car-1,None,None,None
Car-1,None,None,None
Car-1,None,None,None
Car-1,None,None,None
Car-1,None,None,None
Car-1,None,None,None
Car-1,None,None,None
Car-1,None,None,None
Car-1,None,None,None
Car-1,None,None,None
Car-1,None,None,None
Car-1,None,None,None
Car-1,None,None,None
Car-1,None,None,None
Car-1,None,None,None
Car-1,None,None,None
Car-1,None,None,None
Car-1,None,None,None
Car-1,None,None,None
Car-1,None,None,None
Car-1,None,None,None
Car-1,None,None,None
Car-1,None,None,None
Car-1,None,None,None
Car-1,None,None,None
Car-1,None,None,None
Car-1,None,None,None
Car-1,None,None,None
Car-1,None,None,None
Car-1,None,None,None
Car-1,None,None,None
Car-1,None,None,None
Car-1,None,None,None
Car-1,None,None,None
Car-1,None,None,None
Car-1,None,None,None
Car-1,None,None,None
Car-1,None,None,None
Car-1,None,None,None
Car-1,None,None,None
Car-1,None,None,None
Car-1,None,None,None
Car-1,None,None,None
Car-1,None,None,None
Car-1,None,None,None
Car-1,None,None,None
Car-1,None,None,None
Car-1,None,None,None
Car-1,None,None,None
Car-1,None,None,None
Car-1,None,None,None
Car-1,None,None,None
Car-1,None,None,None
Car-1,None,None,None
Car-1,None,None,None
Car-1,None,None,None
Car-1,None,None,None
Car-1,None,None,None
Car-1,None,None,None
Car-1,None,None,None
Car-1,None,None,None
Car-1,None,None,None
Car-1,None,None,None
Car-1,None,None,None
Car-1,None,None,None
Car-1,None,None,None
Car-1,None,None,None
Car-1,None,None,None
Car-1,None,None,None
Car-1,None,None,None
Car-1,None,None,None
Car-1,None,None,None
Car-1,None,None,None
Car-1,None,None,None
Car-1,None,None,None
Car-1,None,None,None
Car-1,None,None,None
Car-1,None,None,None
Car-1,None,None,None
Car-1,None,None,None
Car-1,None,None,None
Car-1,None,None,None
Car-1,None,None,None
Car-1,None,None,None
Car-1,None,None,None
Car-1,None,None,None
Car-1,None,None,None
Car-1,None,None,None
Car-1,None,None,None
Car-1,None,None,None
Car-1,None,None,None
Car-1,None,None,None
Car-1,None,None,None
Car-1,None,None,None
Car-1,None,None,None
Car-1,None,None,None
Car-1,None,None,None
Car-1,None,None,None
Car-1,None,None,None
Car-1,None,None,None
Car-1,None,None,None
Car-1,None,None,None
Car-1,None,None,None
Car-1,None,None,None
Car-1,None,None,None
Car-1,None,None,None
Car-1,None,None,None
Car-1,None,None,None
Car-1,None,None,None
Car-1,None,None,None
Car-1,None,None,None
Car-1,None,None,None
Car-1,None,None,None
Car-1,None,None,None
Car-1,None,None,None
Car-1,None,None,None
Car-1,None,None,None
Car-1,None,None,None
Car-1,None,None,None
Car-1,None,None,None
Car-1,None,None,None
Car-1,None,None,None
Car-1,None,None,None
Car-1,None,None,None
Car-1,None,None,None
Car-1,None,None,None
Car-1,None,None,None
Car-1,None,None,None
Car-1,None,None,None
Car-1,None,None,None
Car-1,None,None,None
Car-1,None,None,None
Car-1,None,None,None
Car-1,None,None,None
Car-1,None,None,None
Car-1,None,None,None
Car-1,None,None,None
Car-1,None,None,None
Car-1,None,None,None
Car-1,None,None,None
Car-1,None,None,None
Car-1,None,None,None
Car-1,None,None,None
Car-1,None,None,None
Car-1,None,None,None
Car-1,None,None,None
Car-1,None,None,None
Car-1,None,None,None
Car-1,None,None,None
Car-1,None,None,None
Car-1,None,None,None
Car-1,None,None,None
Car-1,None,None,None
Car-1,None,None,None
Car-1,None,None,None
Car-1,None,None,None
Car-1,None,None,None
Car-1,None,None,None
Car-1,None,None,None
Car-1,None,None,None
Car-1,None,None,None
Car-1,None,None,None
Car-1,None,None,None
Car-1,None,None,None
Car-1,None,None,None
Car-1,None,None,None
Car-1,None,None,None
Car-1,None,None,None
Car-1,None,None,None
Car-1,None,None,None
Car-1,None,None,None
Car-1,None,None,None
Car-1,None,None,None
Car-1,None,None,None
Car-1,None,None,None
Car-1,None,None,None
Car-1,None,None,None
Car-1,None,None,None
Car-1,None,None,None
Car-1,None,None,None
Car-1,None,None,None
Car-1,None,None,None
Car-1,None,None,None
Car-1,None,None,None
Car-1,None,None,None
Car-1,None,None,None
Car-1,None,None,None
Car-1,None,None,None
Car-1,None,None,None
Car-1,None,None,None
Car-1,None,None,None
Car-1,None,None,None
Car-1,None,None,None
Car-1,None,None,None
Car-1,None,None,None
Car-1,None,None,None
Car-1,None,None,None
Car-1,None,None,None
Car-1,None,None,None
Car-1,None,None,None
Car-1,None,None,None
Car-1,None,None,None
Car-1,None,None,None
Car-1,None,None,None
Car-1,None,None,None
Car-1,None,None,None
Car-1,None,None,None
Car-1,None,None,None
Car-1,None,None,None
Car-1,None,None,None
Car-1,None,None,None
Car-1,None,None,None
Car-1,None,None,None
Car-1,None,None,None
Car-1,None,None,None
Car-1,None,None,None
Car-1,None,None,None
Car-1,None,None,None
Car-1,None,None,None
Car-1,None,None,None
Car-1,None,None,None
Car-1,None,None,None
Car-1,None,None,None
Car-1,None,None,None
Car-1,None,None,None
Car-1,None,None,None
Car-1,None,None,None
Car-1,None,None,None
Car-1,None,None,None
Car-1,None,None,None
Car-1,None,None,None
Car-1,None,None,None
Car-1,None,None,None
Car-1,None,None,None
Car-1,None,None,None
Car-1,None,None,None
Car-1,None,None,None
Car-1,None,None,None
Car-1,None,None,None
Car-1,None,None,None
Car-1,None,None,None
Car-1,None,None,None
Car-1,None,None,None
Car-1,None,None,None
Car-1,None,None,None
Car-1,None,None,None
Car-1,None,None,None
Car-1,None,None,None
Car-1,None,None,None
Car-1,None,None,None
Car-1,None,None,None
Car-1,None,None,None
Car-1,None,None,None
Car-1,None,None,None
Car-1,None,None,None
Car-1,None,None,None
Car-1,None,None,None
Car-1,None,None,None
Car-1,None,None,None
Car-1,None,None,None
Car-1,None,None,None
Car-1,None,None,None
Car-1,None,None,None
Car-1,None,None,None
Car-1,None,None,None
Car-1,None,None,None
Car-1,None,None,None
Car-1,None,None,None
Car-1,None,None,None
Car-1,None,None,None
Car-1,None,None,None
Car-1,None,None,None
Car-1,None,None,None
Car-1,None,None,None
Car-1,None,None,None
Car-1,None,None,None
Car-1,None,None,None
Car-1,None,None,None
Car-1,None,None,None
Car-1,None,None,None
Car-1,None,None,None
Car-1,None,None,None
Car-1,None,None,None
Car-1,None,None,None
Car-1,None,None,None
Car-1,None,None,None
Car-1,None,None,None
Car-1,None,None,None
Car-1,None,None,None
Car-1,None,None,None
Car-1,None,None,None
Car-1,None,None,None
Car-1,None,None,None
Car-1,None,None,None
Car-1,None,None,None
Car-1,None,None,None
Car-1,None,None,None
Car-1,None,None,None
Car-1,None,None,None
Car-1,None,None,None
Car-1,None,None,None
Car-1,None,None,None
Car-1,None,None,None
Car-1,None,None,None
Car-1,None,None,None
Car-1,None,None,None
Car-1,None,None,None
Car-1,None,None,None
Car-1,None,None,None
Car-1,None,None,None
Car-1,None,None,None
Car-1,None,None,None
Car-1,None,None,None
Car-1,None,None,None
Car-1,None,None,None
Car-1,None,None,None
Car-1,None,None,None
Car-1,None,None,None
Car-1,None,None,None
Car-1,None,None,None
Car-1,None,None,None
Car-1,None,None,None
Car-1,None,None,None
Car-1,None,None,None
Car-1,None,None,None
Car-1,None,None,None
Car-1,None,None,None
Car-1,None,None,None
Car-1,None,None,None
Car-1,None,None,None
Car-1,None,None,None
Car-1,None,None,None
Car-1,None,None,None
Car-1,None,None,None
Car-1,None,None,None
Car-1,None,None,None
Car-1,None,None,None
Car-1,None,None,None
Car-1,None,None,None
Car-1,None,None,None
Car-1,None,None,None
Car-1,None,None,None
Car-1,None,None,None
Car-1,None,None,None
Car-1,None,None,None
Car-1,None,None,None
Car-1,None,None,None
Car-1,None,None,None
Car-1,None,None,None
Car-1,None,None,None
Car-1,None,None,None
Car-1,None,None,None
Car-1,None,None,None
Car-1,None,None,None
Car-1,None,None,None
Car-1,None,None,None
Car-1,None,None,None
Car-1,None,None,None
Car-1,None,None,None
Car-1,None,None,None
Car-1,None,None,None
Car-1,None,None,None
Car-1,None,None,None
Car-1,None,None,None
Car-1,None,None,None
Car-1,None,None,None
Car-1,None,None,None
Car-1,None,None,None
Car-1,None,None,None
Car-1,None,None,None
Car-1,None,None,None
Car-1,None,None,None
Car-1,None,None,None
Car-1,None,None,None
Car-1,None,None,None
Car-1,None,None,None
Car-1,None,None,None
Car-1,None,None,None
Car-1,None,None,None
Car-1,None,None,None
Car-1,None,None,None
Car-1,None,None,None
Car-1,None,None,None
Car-1,None,None,None
Car-1,None,None,None
Car-1,None,None,None
Car-1,None,None,None
Car-1,None,None,None
Car-1,None,None,None
Car-1,None,None,None
Car-1,None,None,None
Car-1,None,None,None
Car-1,None,None,None
Car-1,None,None,None
Car-1,None,None,None
Car-1,None,None,None
Car-1,None,None,None
Car-1,None,None,None
Car-1,None,None,None
Car-1,None,None,None
Car-1,None,None,None
Car-1,None,None,None
Car-1,None,None,None
Car-1,None,None,None
Car-1,None,None,None
Car-1,None,None,None
Car-1,None,None,None
Car-1,None,None,None
Car-1,None,None,None
Car-1,None,None,None
Car-1,None,None,None
Car-1,None,None,None
Car-1,None,None,None
Car-1,None,None,None
Car-1,None,None,None
Car-1,None,None,None
Car-1,None,None,None
Car-1,None,None,None
Car-1,None,None,None
Car-1,None,None,None
Car-1,None,None,None
Car-1,None,None,None
Car-1,None,None,None
Car-1,None,None,None
Car-1,None,None,None
Car-1,None,None,None
Car-1,None,None,None
Car-1,None,None,None
Car-1,None,None,None
Car-1,None,None,None
Car-1,None,None,None
Car-1,None,None,None
Car-1,None,None,None
Car-1,None,None,None
Car-1,None,None,None
Car-1,None,None,None
Car-1,None,None,None
Car-1,None,None,None
Car-1,None,None,None
Car-1,None,None,None
Car-1,None,None,None
Car-1,None,None,None
Car-1,None,None,None
Car-1,None,None,None
Car-1,None,None,None
Car-1,None,None,None
Car-1,None,None,None
Car-1,None,None,None
Car-1,None,None,None
Car-1,None,None,None
Car-1,None,None,None
Car-1,None,None,None
Car-1,None,None,None
Car-1,None,None,None
Car-1,None,None,None
Car-1,None,None,None
Car-1,None,None,None
Car-1,None,None,None
Car-1,None,None,None
Car-1,None,None,None
Car-1,None,None,None
Car-1,None,None,None
Car-1,None,None,None
Car-1,None,None,None
Car-1,None,None,None
Car-1,None,None,None
Car-1,None,None,None
Car-1,None,None,None
Car-1,None,None,None
Car-1,None,None,None
Car-1,None,None,None
Car-1,None,None,None
Car-1,None,None,None
Car-1,None,None,None
Car-1,None,None,None
Car-1,None,None,None
Car-1,None,None,None
Car-1,None,None,None
Car-1,None,None,None
Car-1,None,None,None
Car-1,None,None,None
Car-1,None,None,None
Car-1,None,None,None
Car-1,None,None,None
Car-1,None,None,None
Car-1,None,None,None
Car-1,None,None,None
Car-1,None,None,None
Car-1,None,None,None
Car-1,None,None,None
Car-1,None,None,None
Car-1,None,None,None
Car-1,None,None,None
Car-1,None,None,None
Car-1,None,None,None
Car-1,None,None,None
Car-1,None,None,None
Car-1,None,None,None
Car-1,None,None,None
Car-1,None,None,None
Car-1,None,None,None
Car-1,None,None,None
Car-1,None,None,None
Car-1,None,None,None
Car-1,None,None,None
Car-1,None,None,None
Car-1,None,None,None
Car-1,None,None,None
Car-1,None,None,None
Car-1,None,None,None
Car-1,None,None,None
Car-1,None,None,None
Car-1,None,None,None
Car-1,None,None,None
Car-1,None,None,None
Car-1,None,None,None
Car-1,None,None,None
Car-1,None,None,None
Car-1,None,None,None
Car-1,None,None,None
Car-1,None,None,None
Car-1,None,None,None
Car-1,None,None,None
Car-1,None,None,None
Car-1,None,None,None
Car-1,None,None,None
Car-1,None,None,None
Car-1,None,None,None
Car-1,None,None,None
Car-1,None,None,None
Car-1,None,None,None
Car-1,None,None,None
Car-1,None,None,None
Car-1,None,None,None
Car-1,None,None,None
Car-1,None,None,None
Car-1,None,None,None
Car-1,None,None,None
Car-1,None,None,None
Car-1,None,None,None
Car-1,None,None,None
Car-1,None,None,None
Car-1,None,None,None
Car-1,None,None,None
Car-1,None,None,None
Car-1,None,None,None
Car-1,None,None,None
Car-1,None,None,None
Car-1,None,None,None
Car-1,None,None,None
Car-1,None,None,None
Car-1,None,None,None
Car-1,None,None,None
Car-1,None,None,None
Car-1,None,None,None
Car-1,None,None,None
Car-1,None,None,None
Car-1,None,None,None
Car-1,None,None,None
Car-1,None,None,None
Car-1,None,None,None
Car-1,None,None,None
Car-1,None,None,None
Car-1,None,None,None
Car-1,None,None,None
Car-1,None,None,None
Car-1,None,None,None
Car-1,None,None,None
Car-1,None,None,None
Car-1,None,None,None
Car-1,None,None,None
Car-1,None,None,None
Car-1,None,None,None
Car-1,None,None,None
Car-1,None,None,None
Car-1,None,None,None
Car-1,None,None,None
Car-1,None,None,None
Car-1,None,None,None
Car-1,None,None,None
Car-1,None,None,None
Car-1,None,None,None
Car-1,None,None,None
Car-1,None,None,None
Car-1,None,None,None
Car-1,None,None,None
Car-1,None,None,None
Car-1,None,None,None
Car-1,None,None,None
Car-1,None,None,None
Car-1,None,None,None
Car-1,None,None,None
Car-1,None,None,None
Car-1,None,None,None
Car-1,None,None,None
Car-1,None,None,None
Car-1,None,None,None
Car-1,None,None,None
Car-1,None,None,None
Car-1,None,None,None
Car-1,None,None,None
Car-1,None,None,None
Car-1,None,None,None
Car-1,None,None,None
Car-1,None,None,None
Car-1,None,None,None
Car-1,None,None,None
Car-1,None,None,None
Car-1,None,None,None
Car-1,None,None,None
Car-1,None,None,None
Car-1,None,None,None
Car-1,None,None,None
Car-1,None,None,None
Car-1,None,None,None
Car-1,None,None,None
Car-1,None,None,None
Car-1,None,None,None
Car-1,None,None,None
Car-1,None,None,None
Car-1,None,None,None
Car-1,None,None,None
Car-1,None,None,None
Car-1,None,None,None
Car-1,None,None,None
Car-1,None,None,None
Car-1,None,None,None
Car-1,None,None,None
Car-1,None,None,None
Car-1,None,None,None
Car-1,None,None,None
Car-1,None,None,None
Car-1,None,None,None
Car-1,None,None,None
Car-1,None,None,None
Car-1,None,None,None
Car-1,None,None,None
Car-1,None,None,None
Car-1,None,None,None
Car-1,None,None,None
Car-1,None,None,None
Car-1,None,None,None
Car-1,None,None,None
Car-1,None,None,None
Car-1,None,None,None
Car-1,None,None,None
Car-1,None,None,None
Car-1,None,None,None
Car-1,None,None,None
Car-1,None,None,None
Car-1,None,None,None
Car-1,None,None,None
Car-1,None,None,None
Car-1,None,None,None
Car-1,None,None,None
Car-1,None,None,None
Car-1,None,None,None
Car-1,None,None,None
Car-1,None,None,None
Car-1,None,None,None
Car-1,None,None,None
Car-1,None,None,None
Car-1,None,None,None
Car-1,None,None,None
Car-1,None,None,None
Car-1,None,None,None
Car-1,None,None,None
Car-1,None,None,None
Car-1,None,None,None
Car-1,None,None,None
Car-1,None,None,None
Car-1,None,None,None
Car-1,None,None,None
Car-1,None,None,None
Car-1,None,None,None
Car-1,None,None,None
Car-1,None,None,None
Car-1,None,None,None
Car-1,None,None,None
Car-1,None,None,None
Car-1,None,None,None
Car-1,None,None,None
Car-1,None,None,None
Car-1,None,None,None
Car-1,None,None,None
Car-1,None,None,None
Car-1,None,None,None
Car-1,None,None,None
Car-1,None,None,None
Car-1,None,None,None
Car-1,None,None,None
Car-1,None,None,None
Car-1,None,None,None
Car-1,None,None,None
Car-1,None,None,None
Car-1,None,None,None
Car-1,None,None,None
Car-1,None,None,None
Car-1,None,None,None
Car-1,None,None,None
Car-1,None,None,None
Car-1,None,None,None
Car-1,None,None,None
Car-1,None,None,None
Car-1,None,None,None
Car-1,None,None,None
Car-1,None,None,None
Car-1,None,None,None
Car-1,None,None,None
Car-1,None,None,None
Car-1,None,None,None
Car-1,None,None,None
Car-1,None,None,None
Car-1,None,None,None
Car-1,None,None,None
Car-1,None,None,None
Car-1,None,None,None
Car-1,None,None,None
Car-1,None,None,None
Car-1,None,None,None
Car-1,None,None,None
Car-1,None,None,None
Car-1,None,None,None
Car-1,None,None,None
Car-1,None,None,None
Car-1,None,None,None
Car-1,None,None,None
Car-1,None,None,None
Car-1,None,None,None
Car-1,None,None,None
Car-1,None,None,None
Car-1,None,None,None
Car-1,None,None,None
Car-1,None,None,None
Car-1,None,None,None
Car-1,None,None,None
Car-1,None,None,None
Car-1,None,None,None
Car-1,None,None,None
Car-1,None,None,None
Car-1,None,None,None
Car-1,None,None,None
Car-1,None,None,None
Car-1,None,None,None
Car-1,None,None,None
Car-1,None,None,None
Car-1,None,None,None
Car-1,None,None,None
Car-1,None,None,None
Car-1,None,None,None
Car-1,None,None,None
Car-1,None,None,None
Car-1,None,None,None
Car-1,None,None,None
Car-1,None,None,None
Car-1,None,None,None
Car-1,None,None,None
Car-1,None,None,None
Car-1,None,None,None
Car-1,None,None,None
Car-1,None,None,None
Car-1,None,None,None
Car-1,None,None,None
Car-1,None,None,None
Car-1,None,None,None
Car-1,None,None,None
Car-1,None,None,None
Car-1,None,None,None
Car-1,None,None,None
Car-1,None,None,None
Car-1,None,None,None
Car-1,None,None,None
Car-1,None,None,None
Car-1,None,None,None
Car-1,None,None,None
Car-1,None,None,None
Car-1,None,None,None
Car-1,None,None,None
Car-1,None,None,None
Car-1,None,None,None
Car-1,None,None,None
Car-1,None,None,None
Car-1,None,None,None
Car-1,None,None,None
Car-1,None,None,None
Car-1,None,None,None
Car-1,None,None,None
Car-1,None,None,None
Car-1,None,None,None
Car-1,None,None,None
Car-1,None,None,None
Car-1,None,None,None
Car-1,None,None,None
Car-1,None,None,None
Car-1,None,None,None
Car-1,None,None,None
Car-1,None,None,None
Car-1,None,None,None
Car-1,None,None,None
Car-1,None,None,None
Car-1,None,None,None
Car-1,None,None,None
Car-1,None,None,None
Car-1,None,None,None
Car-1,None,None,None
Car-1,None,None,None
Car-1,None,None,None
Car-1,None,None,None
Car-1,None,None,None
Car-1,None,None,None
Car-1,None,None,None
Car-1,None,None,None
Car-1,None,None,None
Car-1,None,None,None
Car-1,None,None,None
Car-1,None,None,None
Car-1,None,None,None
Car-1,None,None,None
Car-1,None,None,None
Car-1,None,None,None
Car-1,None,None,None
Car-1,None,None,None
Car-1,None,None,None
Car-1,None,None,None
Car-1,None,None,None
Car-1,None,None,None
Car-1,None,None,None
Car-1,None,None,None
Car-1,None,None,None
Car-1,None,None,None
Car-1,None,None,None
Car-1,None,None,None
Car-1,None,None,None
Car-1,None,None,None
Car-1,None,None,None
Car-1,None,None,None
Car-1,None,None,None
Car-1,None,None,None
Car-1,None,None,None
Car-1,None,None,None
Car-1,None,None,None
Car-1,None,None,None
Car-1,None,None,None
Car-1,None,None,None
Car-1,None,None,None
Car-1,None,None,None
Car-1,None,None,None
Car-1,None,None,None
Car-1,None,None,None
Car-1,None,None,None
Car-1,None,None,None
Car-1,None,None,None
Car-1,None,None,None
Car-1,None,None,None
Car-1,None,None,None
Car-1,None,None,None
Car-1,None,None,None
Car-1,None,None,None
Car-1,None,None,None
Car-1,None,None,None
Car-1,None,None,None
Car-1,None,None,None
Car-1,None,None,None
Car-1,None,None,None
Car-1,None,None,None
Car-1,None,None,None
Car-1,None,None,None
Car-1,None,None,None
Car-1,None,None,None
Car-1,None,None,None
Car-1,None,None,None
Car-1,None,None,None
Car-1,None,None,None
Car-1,None,None,None
Car-1,None,None,None
Car-1,None,None,None
Car-1,None,None,None
Car-1,None,None,None
Car-1,None,None,None
Car-1,None,None,None
Car-1,None,None,None
Car-1,None,None,None
Car-1,None,None,None
Car-1,None,None,None
Car-1,None,None,None
Car-1,None,None,None
Car-1,None,None,None
Car-1,None,None,None
Car-1,None,None,None
Car-1,None,None,None
Car-1,None,None,None
Car-1,None,None,None
Car-1,None,None,None
Car-1,None,None,None
Car-1,None,None,None
Car-1,None,None,None
Car-1,None,None,None
Car-1,None,None,None
Car-1,None,None,None
Car-1,None,None,None
Car-1,None,None,None
Car-1,None,None,None
Car-1,None,None,None
Car-1,None,None,None
Car-1,None,None,None
Car-1,None,None,None
Car-1,None,None,None
Car-1,None,None,None
Car-1,None,None,None
Car-1,None,None,None
Car-1,None,None,None
Car-1,None,None,None
Car-1,None,None,None
Car-1,None,None,None
Car-1,None,None,None
Car-1,None,None,None
Car-1,None,None,None
Car-1,None,None,None
Car-1,None,None,None
Car-1,None,None,None
Car-1,None,None,None
Car-1,None,None,None
Car-1,None,None,None
Car-1,None,None,None
Car-1,None,None,None
Car-1,None,None,None
Car-1,None,None,None
Car-1,None,None,None
Car-1,None,None,None
Car-1,None,None,None
Car-1,None,None,None
Car-1,None,None,None
Car-1,None,None,None
Car-1,None,None,None
Car-1,None,None,None
Car-1,None,None,None
Car-1,None,None,None
Car-1,None,None,None
Car-1,None,None,None
Car-1,None,None,None
Car-1,None,None,None
Car-1,None,None,None
Car-1,None,None,None
Car-1,None,None,None
Car-1,None,None,None
Car-1,None,None,None
Car-1,None,None,None
Car-1,None,None,None
Car-1,None,None,None
Car-1,None,None,None
Car-1,None,None,None
Car-1,None,None,None
Car-1,None,None,None
Car-1,None,None,None
Car-1,None,None,None
Car-1,None,None,None
Car-1,None,None,None
Car-1,None,None,None
Car-1,None,None,None
Car-1,None,None,None
Car-1,None,None,None
Car-1,None,None,None
Car-1,None,None,None
Car-1,None,None,None
Car-1,None,None,None
Car-1,None,None,None
Car-1,None,None,None
Car-1,None,None,None
Car-1,None,None,None
Car-1,None,None,None
Car-1,None,None,None
Car-1,None,None,None
Car-1,None,None,None
Car-1,None,None,None
Car-1,None,None,None
Car-1,None,None,None
Car-1,None,None,None
Car-1,None,None,None
Car-1,None,None,None
Car-1,None,None,None
Car-1,None,None,None
Car-1,None,None,None
Car-1,None,None,None
Car-1,None,None,None
Car-1,None,None,None
Car-1,None,None,None
Car-1,None,None,None
Car-1,None,None,None
Car-1,None,None,None
Car-1,None,None,None
Car-1,None,None,None
Car-1,None,None,None
Car-1,None,None,None
Car-1,None,None,None
Car-1,None,None,None
Car-1,None,None,None
Car-1,None,None,None
Car-1,None,None,None
Car-1,None,None,None
Car-1,None,None,None
Car-1,None,None,None
Car-1,None,None,None
Car-1,None,None,None
Car-1,None,None,None
Car-1,None,None,None
Car-1,None,None,None
Car-1,None,None,None
Car-1,None,None,None
Car-1,None,None,None
Car-1,None,None,None
Car-1,None,None,None
Car-1,None,None,None
Car-1,None,None,None
Car-1,None,None,None
Car-1,None,None,None
Car-1,None,None,None
Car-1,None,None,None
Car-1,None,None,None
Car-1,None,None,None
Car-1,None,None,None
Car-1,None,None,None
Car-1,None,None,None
Car-1,None,None,None
Car-1,None,None,None
Car-1,None,None,None
Car-1,None,None,None
Car-1,None,None,None
Car-1,None,None,None
Car-1,None,None,None
Car-1,None,None,None
Car-1,None,None,None
Car-1,None,None,None
Car-1,None,None,None
Car-1,None,None,None
Car-1,None,None,None
Car-1,None,None,None
Car-1,None,None,None
Car-1,None,None,None
Car-1,None,None,None
Car-1,None,None,None
Car-1,None,None,None
Car-1,None,None,None
Car-1,None,None,None
Car-1,None,None,None
Car-1,None,None,None
Car-1,None,None,None
Car-1,None,None,None
Car-1,None,None,None
Car-1,None,None,None
Car-1,None,None,None
Car-1,None,None,None
Car-1,None,None,None
Car-1,None,None,None
Car-1,None,None,None
Car-1,None,None,None
Car-1,None,None,None
Car-1,None,None,None
Car-1,None,None,None
Car-1,None,None,None
Car-1,None,None,None
Car-1,None,None,None
Car-1,None,None,None
Car-1,None,None,None
Car-1,None,None,None
Car-1,None,None,None
Car-1,None,None,None
Car-1,None,None,None
Car-1,None,None,None
Car-1,None,None,None
Car-1,None,None,None
Car-1,None,None,None
Car-1,None,None,None
Car-1,None,None,None
Car-1,None,None,None
Car-1,None,None,None
Car-1,None,None,None
Car-1,None,None,None
Car-1,None,None,None
Car-1,None,None,None
Car-1,None,None,None
Car-1,None,None,None
Car-1,None,None,None
Car-1,None,None,None
Car-1,None,None,None
Car-1,None,None,None
Car-1,None,None,None
Car-1,None,None,None
Car-1,None,None,None
Car-1,None,None,None
Car-1,None,None,None
Car-1,None,None,None
Car-1,None,None,None
Car-1,None,None,None
Car-1,None,None,None
Car-1,None,None,None
Car-1,None,None,None
Car-1,None,None,None
Car-1,None,None,None
Car-1,None,None,None
Car-1,None,None,None
Car-1,None,None,None
Car-1,None,None,None
Car-1,None,None,None
Car-1,None,None,None
Car-1,None,None,None
Car-1,None,None,None
Car-1,None,None,None
Car-1,None,None,None
Car-1,None,None,None
Car-1,None,None,None
Car-1,None,None,None
Car-1,None,None,None
Car-1,None,None,None
Car-1,None,None,None
Car-1,None,None,None
Car-1,None,None,None
Car-1,None,None,None
Car-1,None,None,None
Car-1,None,None,None
Car-1,None,None,None
Car-1,None,None,None
Car-1,None,None,None
Car-1,None,None,None
Car-1,None,None,None
Car-1,None,None,None
Car-1,None,None,None
Car-1,None,None,None
Car-1,None,None,None
Car-1,None,None,None
Car-1,None,None,None
Car-1,None,None,None
Car-1,None,None,None
Car-1,None,None,None
Car-1,None,None,None
Car-1,None,None,None
Car-1,None,None,None
Car-1,None,None,None
Car-1,None,None,None
Car-1,None,None,None
Car-1,None,None,None
Car-1,None,None,None
Car-1,None,None,None
Car-1,None,None,None
Car-1,None,None,None
Car-1,None,None,None
Car-1,None,None,None
Car-1,None,None,None
Car-1,None,None,None
Car-1,None,None,None
Car-1,None,None,None
Car-1,None,None,None
Car-1,None,None,None
Car-1,None,None,None
Car-1,None,None,None
Car-1,None,None,None
Car-1,None,None,None
Car-1,None,None,None
Car-1,None,None,None
Car-1,None,None,None
Car-1,None,None,None
Car-1,None,None,None
Car-1,None,None,None
Car-1,None,None,None
Car-1,None,None,None
Car-1,None,None,None
Car-1,None,None,None
Car-1,None,None,None
Car-1,None,None,None
Car-1,None,None,None
Car-1,None,None,None
Car-1,None,None,None
Car-1,None,None,None
Car-1,None,None,None
Car-1,None,None,None
Car-1,None,None,None
Car-1,None,None,None
Car-1,None,None,None
Car-1,None,None,None
Car-1,None,None,None
Car-1,None,None,None
Car-1,None,None,None
Car-1,None,None,None
Car-1,None,None,None
Car-1,None,None,None
Car-1,None,None,None
Car-1,None,None,None
Car-1,None,None,None
Car-1,None,None,None
Car-1,None,None,None
Car-1,None,None,None
Car-1,None,None,None
Car-1,None,None,None
Car-1,None,None,None
Car-1,None,None,None
Car-1,None,None,None
Car-1,None,None,None
Car-1,None,None,None
Car-1,None,None,None
Car-1,None,None,None
Car-1,None,None,None
Car-1,None,None,None
Car-1,None,None,None
Car-1,None,None,None
Car-1,None,None,None
Car-1,None,None,None
Car-1,None,None,None
Car-1,None,None,None
Car-1,None,None,None
Car-1,None,None,None
Car-1,None,None,None
Car-1,None,None,None
Car-1,None,None,None
Car-1,None,None,None
Car-1,None,None,None
Car-1,None,None,None
Car-1,None,None,None
Car-1,None,None,None
Car-1,None,None,None
Car-1,None,None,None
Car-1,None,None,None
Car-1,None,None,None
Car-1,None,None,None
Car-1,None,None,None
Car-1,None,None,None
Car-1,None,None,None
Car-1,None,None,None
Car-1,None,None,None
Car-1,None,None,None
Car-1,None,None,None
Car-1,None,None,None
Car-1,None,None,None
Car-1,None,None,None
Car-1,None,None,None
Car-1,None,None,None
Car-1,None,None,None
Car-1,None,None,None
Car-1,None,None,None
Car-1,None,None,None
Car-1,None,None,None
Car-1,None,None,None
Car-1,None,None,None
Car-1,None,None,None
Car-1,None,None,None
Car-1,None,None,None
Car-1,None,None,None
Car-1,None,None,None
Car-1,None,None,None
Car-1,None,None,None
Car-1,None,None,None
Car-1,None,None,None
Car-1,None,None,None
Car-1,None,None,None
Car-1,None,None,None
Car-1,None,None,None
Car-1,None,None,None
Car-1,None,None,None
Car-1,None,None,None
Car-1,None,None,None
Car-1,None,None,None
Car-1,None,None,None
Car-1,None,None,None
Car-1,None,None,None
Car-1,None,None,None
Car-1,None,None,None
Car-1,None,None,None
Car-1,None,None,None
Car-1,None,None,None
Car-1,None,None,None
Car-1,None,None,None
Car-1,None,None,None
Car-1,None,None,None
Car-1,None,None,None
Car-1,None,None,None
Car-1,None,None,None
Car-1,None,None,None
Car-1,None,None,None
Car-1,None,None,None
Car-1,None,None,None
Car-1,None,None,None
Car-1,None,None,None
Car-1,None,None,None
Car-1,None,None,None
Car-1,None,None,None
Car-1,None,None,None
Car-1,None,None,None
Car-1,None,None,None
Car-1,None,None,None
Car-1,None,None,None
Car-1,None,None,None
Car-1,None,None,None
Car-1,None,None,None
Car-1,None,None,None
Car-1,None,None,None
Car-1,None,None,None
Car-1,None,None,None
Car-1,None,None,None
Car-1,None,None,None
Car-1,None,None,None
Car-1,None,None,None
Car-1,None,None,None
Car-1,None,None,None
Car-1,None,None,None
Car-1,None,None,None
Car-1,None,None,None
Car-1,None,None,None
Car-1,None,None,None
Car-1,None,None,None
Car-1,None,None,None
Car-1,None,None,None
Car-1,None,None,None
Car-1,None,None,None
Car-1,None,None,None
Car-1,None,None,None
Car-1,None,None,None
Car-1,None,None,None
Car-1,None,None,None
Car-1,None,None,None
Car-1,None,None,None
Car-1,None,None,None
Car-1,None,None,None
Car-1,None,None,None
Car-1,None,None,None
Car-1,None,None,None
Car-1,None,None,None
Car-1,None,None,None
Car-1,None,None,None
Car-1,None,None,None
Car-1,None,None,None
Car-1,None,None,None
Car-1,None,None,None
Car-1,None,None,None
Car-1,None,None,None
Car-1,None,None,None
Car-1,None,None,None
Car-1,None,None,None
Car-1,None,None,None
Car-1,None,None,None
Car-1,None,None,None
Car-1,None,None,None
Car-1,None,None,None
Car-1,None,None,None
Car-1,None,None,None
Car-1,None,None,None
Car-1,None,None,None
Car-1,None,None,None
Car-1,None,None,None
Car-1,None,None,None
Car-1,None,None,None
Car-1,None,None,None
Car-1,None,None,None
Car-1,None,None,None
Car-1,None,None,None
Car-1,None,None,None
Car-1,None,None,None
Car-1,None,None,None
Car-1,None,None,None
Car-1,None,None,None
Car-1,None,None,None
Car-1,None,None,None
Car-1,None,None,None
Car-1,None,None,None
Car-1,None,None,None
Car-1,None,None,None
Car-1,None,None,None
Car-1,None,None,None
Car-1,None,None,None
Car-1,None,None,None
Car-1,None,None,None
Car-1,None,None,None
Car-1,None,None,None
Car-1,None,None,None
Car-1,None,None,None
Car-1,None,None,None
Car-1,None,None,None
Car-1,None,None,None
Car-1,None,None,None
Car-1,None,None,None
Car-1,None,None,None
Car-1,None,None,None
Car-1,None,None,None
Car-1,None,None,None
Car-1,None,None,None
Car-1,None,None,None
Car-1,None,None,None
Car-1,None,None,None
Car-1,None,None,None
Car-1,None,None,None
Car-1,None,None,None
Car-1,None,None,None
Car-1,None,None,None
Car-1,None,None,None
Car-1,None,None,None
Car-1,None,None,None
Car-1,None,None,None
Car-1,None,None,None
Car-1,None,None,None
Car-1,None,None,None
Car-1,None,None,None
Car-1,None,None,None
Car-1,None,None,None
Car-1,None,None,None
Car-1,None,None,None
Car-1,None,None,None
Car-1,None,None,None
Car-1,None,None,None
Car-1,None,None,None
Car-1,None,None,None
Car-1,None,None,None
Car-1,None,None,None
Car-1,None,None,None
Car-1,None,None,None
Car-1,None,None,None
Car-1,None,None,None
Car-1,None,None,None
Car-1,None,None,None
Car-1,None,None,None
Car-1,None,None,None
Car-1,None,None,None
Car-1,None,None,None
Car-1,None,None,None
Car-1,None,None,None
Car-1,None,None,None
Car-1,None,None,None
Car-1,None,None,None
Car-1,None,None,None
Car-1,None,None,None
Car-1,None,None,None
Car-1,None,None,None
Car-1,None,None,None
Car-1,None,None,None
Car-1,None,None,None
Car-1,None,None,None
Car-1,None,None,None
Car-1,None,None,None
Car-1,None,None,None
Car-1,None,None,None
Car-1,None,None,None
Car-1,None,None,None
Car-1,None,None,None
Car-1,None,None,None
Car-1,None,None,None
Car-1,None,None,None
Car-1,None,None,None
Car-1,None,None,None
Car-1,None,None,None
Car-1,None,None,None
Car-1,None,None,None
Car-1,None,None,None
Car-1,None,None,None
Car-1,None,None,None
Car-1,None,None,None
Car-1,None,None,None
Car-1,None,None,None
Car-1,None,None,None
Car-1,None,None,None
Car-1,None,None,None
Car-1,None,None,None
Car-1,None,None,None
Car-1,None,None,None
Car-1,None,None,None
Car-1,None,None,None
Car-1,None,None,None
Car-1,None,None,None
Car-1,None,None,None
Car-1,None,None,None
Car-1,None,None,None
Car-1,None,None,None
Car-1,None,None,None
Car-1,None,None,None
Car-1,None,None,None
Car-1,None,None,None
Car-1,None,None,None
Car-1,None,None,None
Car-1,None,None,None
Car-1,None,None,None
Car-1,None,None,None
Car-1,None,None,None
Car-1,None,None,None
Car-1,None,None,None
Car-1,None,None,None
Car-1,None,None,None
Car-1,None,None,None
Car-1,None,None,None
Car-1,None,None,None
Car-1,None,None,None
Car-1,None,None,None
Car-1,None,None,None
Car-1,None,None,None
Car-1,None,None,None
Car-1,None,None,None
Car-1,None,None,None
Car-1,None,None,None
Car-1,None,None,None
Car-1,None,None,None
Car-1,None,None,None
Car-1,None,None,None
Car-1,None,None,None
Car-1,None,None,None
Car-1,None,None,None
Car-1,None,None,None
Car-1,None,None,None
Car-1,None,None,None
Car-1,None,None,None
Car-1,None,None,None
Car-1,None,None,None
Car-1,None,None,None
Car-1,None,None,None
Car-1,None,None,None
Car-1,None,None,None
Car-1,None,None,None
Car-1,None,None,None
Car-1,None,None,None
Car-1,None,None,None
Car-1,None,None,None
Car-1,None,None,None
Car-1,None,None,None
Car-1,None,None,None
Car-1,None,None,None
Car-1,None,None,None
Car-1,None,None,None
Car-1,None,None,None
Car-1,None,None,None
Car-1,None,None,None
Car-1,None,None,None
Car-1,None,None,None
Car-1,None,None,None
Car-1,None,None,None
Car-1,None,None,None
Car-1,None,None,None
Car-1,None,None,None
Car-1,None,None,None
Car-1,None,None,None
Car-1,None,None,None
Car-1,None,None,None
Car-1,None,None,None
Car-1,None,None,None
Car-1,None,None,None
Car-1,None,None,None
Car-1,None,None,None
Car-1,None,None,None
Car-1,None,None,None
Car-1,None,None,None
Car-1,None,None,None
Car-1,None,None,None
Car-1,None,None,None
Car-1,None,None,None
Car-1,None,None,None
Car-1,None,None,None
Car-1,None,None,None
Car-1,None,None,None
Car-1,None,None,None
Car-1,None,None,None
Car-1,None,None,None
Car-1,None,None,None
Car-1,None,None,None
Car-1,None,None,None
Car-1,None,None,None
Car-1,None,None,None
Car-1,None,None,None
Car-1,None,None,None
Car-1,None,None,None
Car-1,None,None,None
Car-1,None,None,None
Car-1,None,None,None
Car-1,None,None,None
Car-1,None,None,None
Car-1,None,None,None
Car-1,None,None,None
Car-1,None,None,None
Car-1,None,None,None
Car-1,None,None,None
Car-1,None,None,None
Car-1,None,None,None
Car-1,None,None,None
Car-1,None,None,None
Car-1,None,None,None
Car-1,None,None,None
Car-1,None,None,None
Car-1,None,None,None
Car-1,None,None,None
Car-1,None,None,None
Car-1,None,None,None
Car-1,None,None,None
Car-1,None,None,None
Car-1,None,None,None
Car-1,None,None,None
Car-1,None,None,None
Car-1,None,None,None
Car-1,None,None,None
Car-1,None,None,None
Car-1,None,None,None
Car-1,None,None,None
Car-1,None,None,None
Car-1,None,None,None
Car-1,None,None,None
Car-1,None,None,None
Car-1,None,None,None
Car-1,None,None,None
Car-1,None,None,None
Car-1,None,None,None
Car-1,None,None,None
Car-1,None,None,None
Car-1,None,None,None
Car-1,None,None,None
Car-1,None,None,None
Car-1,None,None,None
Car-1,None,None,None
Car-1,None,None,None
Car-1,None,None,None
Car-1,None,None,None
Car-1,None,None,None
Car-1,None,None,None
Car-1,None,None,None
Car-1,None,None,None
Car-1,None,None,None
Car-1,None,None,None
Car-1,None,None,None
Car-1,None,None,None
Car-1,None,None,None
Car-1,None,None,None
Car-1,None,None,None
Car-1,None,None,None
Car-1,None,None,None
Car-1,None,None,None
Car-1,None,None,None
Car-1,None,None,None
Car-1,None,None,None
Car-1,None,None,None
Car-1,None,None,None
Car-1,None,None,None
Car-1,None,None,None
Car-1,None,None,None
Car-1,None,None,None
Car-1,None,None,None
Car-1,None,None,None
Car-1,None,None,None
Car-1,None,None,None
Car-1,None,None,None
Car-1,None,None,None
Car-1,None,None,None
Car-1,None,None,None
Car-1,None,None,None
Car-1,None,None,None
Car-1,None,None,None
Car-1,None,None,None
Car-1,None,None,None
Car-1,None,None,None
Car-1,None,None,None
Car-1,None,None,None
Car-1,None,None,None
Car-1,None,None,None
Car-1,None,None,None
Car-1,None,None,None
Car-1,None,None,None
Car-1,None,None,None
Car-1,None,None,None
Car-1,None,None,None
Car-1,None,None,None
Car-1,None,None,None
Car-1,None,None,None
Car-1,None,None,None
Car-1,None,None,None
Car-1,None,None,None
Car-1,None,None,None
Car-1,None,None,None
Car-1,None,None,None
Car-1,None,None,None
Car-1,None,None,None
Car-1,None,None,None
Car-1,None,None,None
Car-1,None,None,None
Car-1,None,None,None
Car-1,None,None,None
Car-1,None,None,None
Car-1,None,None,None
Car-1,None,None,None
Car-1,None,None,None
Car-1,None,None,None
Car-1,None,None,None
Car-1,None,None,None
Car-1,None,None,None
Car-1,None,None,None
Car-1,None,None,None
Car-1,None,None,None
Car-1,None,None,None
Car-1,None,None,None
Car-1,None,None,None
Car-1,None,None,None
Car-1,None,None,None
Car-1,None,None,None
Car-1,None,None,None
Car-1,None,None,None
Car-1,None,None,None
Car-1,None,None,None
Car-1,None,None,None
Car-1,None,None,None
Car-1,None,None,None
Car-1,None,None,None
Car-1,None,None,None
Car-1,None,None,None
Car-1,None,None,None
Car-1,None,None,None
Car-1,None,None,None
Car-1,None,None,None
Car-1,None,None,None
Car-1,None,None,None
Car-1,None,None,None
Car-1,None,None,None
Car-1,None,None,None
Car-1,None,None,None
Car-1,None,None,None
Car-1,None,None,None
Car-1,None,None,None
Car-1,None,None,None
Car-1,None,None,None
Car-1,None,None,None
Car-1,None,None,None
Car-1,None,None,None
Car-1,None,None,None
Car-1,None,None,None
Car-1,None,None,None
Car-1,None,None,None
Car-1,None,None,None
Car-1,None,None,None
Car-1,None,None,None
Car-1,None,None,None
Car-1,None,None,None
Car-1,None,None,None
Car-1,None,None,None
Car-1,None,None,None
Car-1,None,None,None
Car-1,None,None,None
Car-1,None,None,None
Car-1,None,None,None
Car-1,None,None,None
Car-1,None,None,None
Car-1,None,None,None
Car-1,None,None,None
Car-1,None,None,None
Car-1,None,None,None
Car-1,None,None,None
Car-1,None,None,None
Car-1,None,None,None
Car-1,None,None,None
Car-1,None,None,None
Car-1,None,None,None
Car-1,None,None,None
Car-1,None,None,None
Car-1,None,None,None
Car-1,None,None,None
Car-1,None,None,None
Car-1,None,None,None
Car-1,None,None,None
Car-1,None,None,None
Car-1,None,None,None
Car-1,None,None,None
Car-1,None,None,None
Car-1,None,None,None
Car-1,None,None,None
Car-1,None,None,None
Car-1,None,None,None
Car-1,None,None,None
Car-1,None,None,None
Car-1,None,None,None
Car-1,None,None,None
Car-1,None,None,None
Car-1,None,None,None
Car-1,None,None,None
Car-1,None,None,None
Car-1,None,None,None
Car-1,None,None,None
Car-1,None,None,None
Car-1,None,None,None
Car-1,None,None,None
Car-1,None,None,None
Car-1,None,None,None
Car-1,None,None,None
Car-1,None,None,None
Car-1,None,None,None
Car-1,None,None,None
Car-1,None,None,None
Car-1,None,None,None
Car-1,None,None,None
Car-1,None,None,None
Car-1,None,None,None
Car-1,None,None,None
Car-1,None,None,None
Car-1,None,None,None
Car-1,None,None,None
Car-1,None,None,None
Car-1,None,None,None
Car-1,None,None,None
Car-1,None,None,None
Car-1,None,None,None
Car-1,None,None,None
Car-1,None,None,None
Car-1,None,None,None
Car-1,None,None,None
Car-1,None,None,None
Car-1,None,None,None
Car-1,None,None,None
Car-1,None,None,None
Car-1,None,None,None
Car-1,None,None,None
Car-1,None,None,None
Car-1,None,None,None
Car-1,None,None,None
Car-1,None,None,None
Car-1,None,None,None
Car-1,None,None,None
Car-1,None,None,None
Car-1,None,None,None
Car-1,None,None,None
Car-1,None,None,None
Car-1,None,None,None
Car-1,None,None,None
Car-1,None,None,None
Car-1,None,None,None
Car-1,None,None,None
Car-1,None,None,None
Car-1,None,None,None
Car-1,None,None,None
Car-1,None,None,None
Car-1,None,None,None
Car-1,None,None,None
Car-1,None,None,None
Car-1,None,None,None
Car-1,None,None,None
Car-1,None,None,None
Car-1,None,None,None
Car-1,None,None,None
Car-1,None,None,None
Car-1,None,None,None
Car-1,None,None,None
Car-1,None,None,None
Car-1,None,None,None
Car-1,None,None,None
Car-1,None,None,None
Car-1,None,None,None
Car-1,None,None,None
Car-1,None,None,None
Car-1,None,None,None
Car-1,None,None,None
Car-1,None,None,None
Car-1,None,None,None
Car-1,None,None,None
Car-1,None,None,None
Car-1,None,None,None
Car-1,None,None,None
Car-1,None,None,None
Car-1,None,None,None
Car-1,None,None,None
Car-1,None,None,None
Car-1,None,None,None
Car-1,None,None,None
Car-1,None,None,None
Car-1,None,None,None
Car-1,None,None,None
Car-1,None,None,None
Car-1,None,None,None
Car-1,None,None,None
Car-1,None,None,None
Car-1,None,None,None
Car-1,None,None,None
Car-1,None,None,None
Car-1,None,None,None
Car-1,None,None,None
Car-1,None,None,None
Car-1,None,None,None
Car-1,None,None,None
Car-1,None,None,None
Car-1,None,None,None
Car-1,None,None,None
Car-1,None,None,None
Car-1,None,None,None
Car-1,None,None,None
Car-1,None,None,None
Car-1,None,None,None
Car-1,None,None,None
Car-1,None,None,None
Car-1,None,None,None
Car-1,None,None,None
Car-1,None,None,None
Car-1,None,None,None
Car-1,None,None,None
Car-1,None,None,None
Car-1,None,None,None
Car-1,None,None,None
Car-1,None,None,None
Car-1,None,None,None
Car-1,None,None,None
Car-1,None,None,None
Car-1,None,None,None
Car-1,None,None,None
Car-1,None,None,None
Car-1,None,None,None
Car-1,None,None,None
Car-1,None,None,None
Car-1,None,None,None
Car-1,None,None,None
Car-1,None,None,None
Car-1,None,None,None
Car-1,None,None,None
Car-1,None,None,None
Car-1,None,None,None
Car-1,None,None,None
Car-1,None,None,None
Car-1,None,None,None
Car-1,None,None,None
Car-1,None,None,None
Car-1,None,None,None
Car-1,None,None,None
Car-1,None,None,None
Car-1,None,None,None
Car-1,None,None,None
Car-1,None,None,None
Car-1,None,None,None
Car-1,None,None,None
Car-1,None,None,None
Car-1,None,None,None
Car-1,None,None,None
Car-1,None,None,None
Car-1,None,None,None
Car-1,None,None,None
Car-1,None,None,None
Car-1,None,None,None
Car-1,None,None,None
Car-1,None,None,None
Car-1,None,None,None
Car-1,None,None,None
Car-1,None,None,None
Car-1,None,None,None
Car-1,None,None,None
Car-1,None,None,None
Car-1,None,None,None
Car-1,None,None,None
Car-1,None,None,None
Car-1,None,None,None
Car-1,None,None,None
Car-1,None,None,None
Car-1,None,None,None
Car-1,None,None,None
Car-1,None,None,None
Car-1,None,None,None
Car-1,None,None,None
Car-1,None,None,None
Car-1,None,None,None
Car-1,None,None,None
Car-1,None,None,None
Car-1,None,None,None
Car-1,None,None,None
Car-1,None,None,None
Car-1,None,None,None
Car-1,None,None,None
Car-1,None,None,None
Car-1,None,None,None
Car-1,None,None,None
Car-1,None,None,None
Car-1,None,None,None
Car-1,None,None,None
Car-1,None,None,None
Car-1,None,None,None
Car-1,None,None,None
Car-1,None,None,None
Car-1,None,None,None
Car-1,None,None,None
Car-1,None,None,None
Car-1,None,None,None
Car-1,None,None,None
Car-1,None,None,None
Car-1,None,None,None
Car-1,None,None,None
Car-1,None,None,None
Car-1,None,None,None
Car-1,None,None,None
Car-1,None,None,None
Car-1,None,None,None
Car-1,None,None,None
Car-1,None,None,None
Car-1,None,None,None
Car-1,None,None,None
Car-1,None,None,None
Car-1,None,None,None
Car-1,None,None,None
Car-1,None,None,None
Car-1,None,None,None
Car-1,None,None,None
Car-1,None,None,None
Car-1,None,None,None
Car-1,None,None,None
Car-1,None,None,None
Car-1,None,None,None
Car-1,None,None,None
Car-1,None,None,None
Car-1,None,None,None
Car-1,None,None,None
Car-1,None,None,None
Car-1,None,None,None
Car-1,None,None,None
Car-1,None,None,None
Car-1,None,None,None
Car-1,None,None,None
Car-1,None,None,None
Car-1,None,None,None
Car-1,None,None,None
Car-1,None,None,None
Car-1,None,None,None
Car-1,None,None,None
Car-1,None,None,None
Car-1,None,None,None
Car-1,None,None,None
Car-1,None,None,None
Car-1,None,None,None
Car-1,None,None,None
Car-1,None,None,None
Car-1,None,None,None
Car-1,None,None,None
Car-1,None,None,None
Car-1,None,None,None
Car-1,None,None,None
Car-1,None,None,None
Car-1,None,None,None
Car-1,None,None,None
Car-1,None,None,None
Car-1,None,None,None
Car-1,None,None,None
Car-1,None,None,None
Car-1,None,None,None
Car-1,None,None,None
Car-1,None,None,None
Car-1,None,None,None
Car-1,None,None,None
Car-1,None,None,None
Car-1,None,None,None
Car-1,None,None,None
Car-1,None,None,None
Car-1,None,None,None
Car-1,None,None,None
Car-1,None,None,None
Car-1,None,None,None
Car-1,None,None,None
Car-1,None,None,None
Car-1,None,None,None
Car-1,None,None,None
Car-1,None,None,None
Car-1,None,None,None
Car-1,None,None,None
Car-1,None,None,None
Car-1,None,None,None
Car-1,None,None,None
Car-1,None,None,None
Car-1,None,None,None
Car-1,None,None,None
Car-1,None,None,None
Car-1,None,None,None
Car-1,None,None,None
Car-1,None,None,None
Car-1,None,None,None
Car-1,None,None,None
Car-1,None,None,None
Car-1,None,None,None
Car-1,None,None,None
Car-1,None,None,None
Car-1,None,None,None
Car-1,None,None,None
