agent_id,time,lng,lat
Car-1,2008-08-07 05:57:04,116.3005783,39.9912983
Car-1,2008-08-07 05:57:05,116.3005666,39.99132
Car-1,2008-08-07 05:57:07,116.3005899,39.9913116
Car-1,2008-08-07 05:57:09,116.3005816,39.9913433
Car-1,2008-08-07 05:57:11,116.3005783,39.991395
Car-1,2008-08-07 05:57:13,116.3005683,39.9914249
Car-1,2008-08-07 05:57:16,116.3005666,39.9914849
Car-1,2008-08-07 05:57:19,116.3005666,39.9915816
Car-1,2008-08-07 05:57:21,116.3005766,39.9916199
Car-1,2008-08-07 05:57:23,116.3006066,39.9916549
Car-1,2008-08-07 05:57:25,116.3006216,39.9916833
Car-1,2008-08-07 05:57:28,116.3006483,39.9917283
Car-1,2008-08-07 05:57:31,116.3006916,39.9917933
Car-1,2008-08-07 05:57:33,116.3007266,39.9918166
Car-1,2008-08-07 05:57:36,116.3007733,39.9917816
Car-1,2008-08-07 05:57:39,116.3008033,39.9917983
Car-1,2008-08-07 05:57:42,116.3008333,39.991855
Car-1,2008-08-07 05:57:45,116.3008883,39.9919433
Car-1,2008-08-07 05:57:47,116.3009049,39.9919866
Car-1,2008-08-07 05:57:50,116.3009183,39.9920866
Car-1,2008-08-07 05:57:52,116.3009066,39.9921383
Car-1,2008-08-07 05:57:55,116.3009266,39.9922433
Car-1,2008-08-07 05:57:57,116.3009283,39.9923216
Car-1,2008-08-07 05:57:59,116.3008983,39.9923949
Car-1,2008-08-07 05:58:01,116.3008466,39.9924616
Car-1,2008-08-07 05:58:03,116.30079,39.9925283
Car-1,2008-08-07 05:58:05,116.3007599,39.9926333
Car-1,2008-08-07 05:58:07,116.3007383,39.9927233
Car-1,2008-08-07 05:58:09,116.3007083,39.992795
Car-1,2008-08-07 05:58:11,116.3006933,39.9929266
Car-1,2008-08-07 05:58:13,116.3006883,39.9930233
Car-1,2008-08-07 05:58:15,116.3007,39.993115
Car-1,2008-08-07 05:58:17,116.3006733,39.9930916
Car-1,2008-08-07 05:58:19,116.3006316,39.9931616
Car-1,2008-08-07 05:58:21,116.3005633,39.9932083
Car-1,2008-08-07 05:58:23,116.3004999,39.99327
Car-1,2008-08-07 05:58:25,116.3004283,39.9933599
Car-1,2008-08-07 05:58:27,116.3003916,39.9934416
Car-1,2008-08-07 05:58:29,116.3003183,39.9935016
Car-1,2008-08-07 05:58:31,116.300245,39.9935633
Car-1,2008-08-07 05:58:33,116.3001833,39.9936249
Car-1,2008-08-07 05:58:35,116.3000949,39.9936316
Car-1,2008-08-07 05:58:37,116.3000066,39.9936716
Car-1,2008-08-07 05:58:39,116.2999216,39.993675
Car-1,2008-08-07 05:58:41,116.2998149,39.9934733
Car-1,2008-08-07 05:58:43,116.2997266,39.9933733
Car-1,2008-08-07 05:58:45,116.2996449,39.9933216
Car-1,2008-08-07 05:58:47,116.2995383,39.9932966
Car-1,2008-08-07 05:58:49,116.2994733,39.9932566
Car-1,2008-08-07 05:58:51,116.2994299,39.99324
Car-1,2008-08-07 05:58:53,116.2993733,39.9933033
Car-1,2008-08-07 05:58:55,116.2993433,39.9933916
Car-1,2008-08-07 05:58:57,116.299305,39.9934733
Car-1,2008-08-07 05:58:59,116.2992633,39.993535
Car-1,2008-08-07 05:59:01,116.2992049,39.99358
Car-1,2008-08-07 05:59:03,116.2991349,39.9936149
Car-1,2008-08-07 05:59:05,116.2991049,39.9936316
Car-1,2008-08-07 05:59:08,116.2990383,39.9936399
Car-1,2008-08-07 05:59:11,116.2989799,39.9936233
Car-1,2008-08-07 05:59:13,116.2989299,39.9936216
Car-1,2008-08-07 05:59:15,116.2988949,39.9936483
Car-1,2008-08-07 05:59:18,116.2988833,39.9936716
Car-1,2008-08-07 05:59:20,116.2988833,39.9936716
Car-1,2008-08-07 05:59:22,116.2988799,39.9936799
Car-1,2008-08-07 05:59:25,116.2988866,39.9936966
Car-1,2008-08-07 06:00:16,116.2990316,39.9934599
Car-1,2008-08-07 06:00:19,116.2990133,39.9934766
Car-1,2008-08-07 06:00:52,116.2986549,39.9936283
Car-1,2008-08-07 06:01:54,116.2985649,39.99362
Car-1,2008-08-07 06:01:58,116.2985183,39.9937099
Car-1,2008-08-07 06:02:01,116.2985249,39.9936883
Car-1,2008-08-07 06:02:04,116.2985533,39.9936683
Car-1,2008-08-07 06:02:07,116.2985799,39.9936433
Car-1,2008-08-07 06:02:10,116.2985933,39.9936383
Car-1,2008-08-07 06:02:13,116.2985866,39.9936849
Car-1,2008-08-07 06:02:16,116.2985916,39.9936933
Car-1,2008-08-07 06:02:19,116.2985916,39.9936933
Car-1,2008-08-07 06:02:21,116.2985849,39.9936983
Car-1,2008-08-07 06:02:59,116.2985299,39.9934766
Car-1,2008-08-07 06:03:03,116.2984833,39.9934466
Car-1,2008-08-07 06:03:06,116.2984516,39.9934599
Car-1,2008-08-07 06:03:09,116.2984099,39.993435
Car-1,2008-08-07 06:03:12,116.2983816,39.9934383
Car-1,2008-08-07 06:03:15,116.2983616,39.9934283
Car-1,2008-08-07 06:03:16,116.2983616,39.9934283
Car-1,2008-08-07 06:03:18,116.2983533,39.9934366
Car-1,2008-08-07 06:03:21,116.2983333,39.993435
Car-1,2008-08-07 06:03:24,116.2983316,39.9934149
Car-1,2008-08-07 06:03:55,116.2983816,39.9934383
Car-1,2008-08-07 06:03:58,116.298345,39.9934699
Car-1,2008-08-07 06:04:01,116.2982999,39.9935399
Car-1,2008-08-07 06:04:03,116.2982999,39.9936183
Car-1,2008-08-07 06:04:11,116.2979899,39.994365
Car-1,2008-08-07 06:04:14,116.2978883,39.9947216
Car-1,2008-08-07 06:04:19,116.2982116,39.99551
Car-1,2008-08-07 06:04:21,116.2981883,39.9957566
Car-1,2008-08-07 06:04:23,116.2982033,39.9959133
Car-1,2008-08-07 06:04:25,116.2982216,39.9960616
Car-1,2008-08-07 06:04:27,116.2982166,39.996185
Car-1,2008-08-07 06:04:29,116.2981666,39.9962733
Car-1,2008-08-07 06:04:31,116.2981316,39.9963599
Car-1,2008-08-07 06:04:33,116.2980816,39.9963983
Car-1,2008-08-07 06:04:35,116.2980149,39.9963733
Car-1,2008-08-07 06:04:37,116.2979366,39.9963516
Car-1,2008-08-07 06:04:39,116.2978133,39.9963299
Car-1,2008-08-07 06:04:41,116.2977183,39.9963016
Car-1,2008-08-07 06:04:43,116.2976566,39.99628
Car-1,2008-08-07 06:04:45,116.2976133,39.9962733
Car-1,2008-08-07 06:04:47,116.2975783,39.9962583
Car-1,2008-08-07 06:04:50,116.2975733,39.9962066
Car-1,2008-08-07 06:04:53,116.2976483,39.9962133
Car-1,2008-08-07 06:04:56,116.2978116,39.9961949
Car-1,2008-08-07 06:04:58,116.2979083,39.996155
Car-1,2008-08-07 06:05:00,116.2980166,39.9961116
Car-1,2008-08-07 06:05:11,116.2996599,39.9962283
Car-1,2008-08-07 06:05:13,116.2998899,39.9962333
Car-1,2008-08-07 06:05:17,116.3003449,39.99624
Car-1,2008-08-07 06:05:19,116.3005433,39.9962766
Car-1,2008-08-07 06:05:21,116.3007299,39.9963583
Car-1,2008-08-07 06:05:28,116.3020016,39.9971233
Car-1,2008-08-07 06:05:30,116.30213,39.9972616
Car-1,2008-08-07 06:05:32,116.3022316,39.9973966
Car-1,2008-08-07 06:05:34,116.3023716,39.9975249
Car-1,2008-08-07 06:05:36,116.3025166,39.9976349
Car-1,2008-08-07 06:05:38,116.3026883,39.9977499
Car-1,2008-08-07 06:05:40,116.3028516,39.9978516
Car-1,2008-08-07 06:05:42,116.3030366,39.9979416
Car-1,2008-08-07 06:05:44,116.3032233,39.998005
Car-1,2008-08-07 06:05:46,116.3034149,39.9980716
Car-1,2008-08-07 06:06:48,116.3075699,39.9987949
Car-1,2008-08-07 06:06:52,116.30758,39.9987566
Car-1,2008-08-07 06:06:55,116.3076083,39.9987449
Car-1,2008-08-07 06:06:58,116.3076283,39.9987516
Car-1,2008-08-07 06:06:59,116.3076283,39.9987516
Car-1,2008-08-07 06:07:01,116.3076249,39.9987583
Car-1,2008-08-07 06:07:05,116.3075349,39.9987766
Car-1,2008-08-07 06:07:08,116.3074366,39.9987566
Car-1,2008-08-07 06:07:12,116.3073733,39.9987816
Car-1,2008-08-07 06:07:15,116.3073399,39.9987983
Car-1,2008-08-07 06:07:22,116.3073533,39.9987433
Car-1,2008-08-07 06:07:33,116.3073533,39.9987433
Car-1,2008-08-07 06:07:35,116.307355,39.9987416
Car-1,2008-08-07 06:07:38,116.307385,39.9987433
Car-1,2008-08-07 06:07:41,116.3074316,39.9987383
Car-1,2008-08-07 06:07:44,116.3074816,39.99872
Car-1,2008-08-07 06:07:47,116.3075333,39.9987233
Car-1,2008-08-07 06:07:50,116.3075849,39.998765
Car-1,2008-08-07 06:07:53,116.3076199,39.9987949
Car-1,2008-08-07 06:07:56,116.3076416,39.9988233
Car-1,2008-08-07 06:07:59,116.3076433,39.9988549
Car-1,2008-08-07 06:08:02,116.3076099,39.9988849
Car-1,2008-08-07 06:08:05,116.3075649,39.9989183
Car-1,2008-08-07 06:08:08,116.3075466,39.9989399
Car-1,2008-08-07 06:08:11,116.3075299,39.9989366
Car-1,2008-08-07 06:08:12,116.3075299,39.9989366
Car-1,2008-08-07 06:08:14,116.3075216,39.99893
Car-1,2008-08-07 06:08:17,116.3074883,39.9989349
Car-1,2008-08-07 06:08:20,116.3074633,39.9989516
Car-1,2008-08-07 06:08:48,116.3074299,39.9989583
Car-1,2008-08-07 06:08:57,116.3074299,39.9989583
Car-1,2008-08-07 06:08:59,116.3074216,39.9989583
Car-1,2008-08-07 06:09:02,116.3074566,39.9989549
Car-1,2008-08-07 06:09:05,116.3074816,39.9989133
Car-1,2008-08-07 06:09:08,116.3077849,39.9989399
Car-1,2008-08-07 06:09:10,116.3078183,39.9989649
Car-1,2008-08-07 06:09:17,116.3076833,39.9992433
Car-1,2008-08-07 06:09:19,116.3075083,39.9991766
Car-1,2008-08-07 06:09:21,116.3073566,39.9991583
Car-1,2008-08-07 06:09:23,116.3072983,39.9991633
Car-1,2008-08-07 06:09:25,116.3072249,39.9990816
Car-1,2008-08-07 06:09:27,116.3071666,39.9990233
Car-1,2008-08-07 06:09:30,116.3071349,39.9990216
Car-1,2008-08-07 06:09:33,116.3071133,39.9990416
Car-1,2008-08-07 06:09:36,116.3070949,39.9990716
Car-1,2008-08-07 06:09:39,116.30709,39.9991016
Car-1,2008-08-07 06:09:42,116.3070716,39.9991133
Car-1,2008-08-07 06:09:45,116.3070283,39.9991183
Car-1,2008-08-07 06:09:48,116.3069933,39.99913
Car-1,2008-08-07 06:09:51,116.3069616,39.9991316
Car-1,2008-08-07 06:09:54,116.3069166,39.9991133
Car-1,2008-08-07 06:09:57,116.3068516,39.9990866
Car-1,2008-08-07 06:10:00,116.306795,39.9990733
Car-1,2008-08-07 06:10:03,116.3067483,39.99906
Car-1,2008-08-07 06:10:06,116.3067099,39.9990499
Car-1,2008-08-07 06:10:09,116.3066749,39.9990399
Car-1,2008-08-07 06:10:12,116.3066383,39.9990399
Car-1,2008-08-07 06:10:15,116.3065916,39.9990283
Car-1,2008-08-07 06:10:18,116.3065583,39.9990133
Car-1,2008-08-07 06:10:21,116.3065333,39.9990116
Car-1,2008-08-07 06:10:24,116.3065133,39.9990133
Car-1,2008-08-07 06:10:27,116.3064899,39.9990216
Car-1,2008-08-07 06:10:30,116.3064683,39.9990233
Car-1,2008-08-07 06:10:33,116.3064199,39.9990216
Car-1,2008-08-07 06:10:50,116.3063966,39.9990166
Car-1,2008-08-07 06:10:53,116.30641,39.9990216
Car-1,2008-08-07 06:10:56,116.3064216,39.9990233
Car-1,2008-08-07 06:11:17,116.3064216,39.9990233
Car-1,2008-08-07 06:11:19,116.3064233,39.9990249
Car-1,2008-08-07 06:11:22,116.30641,39.99903
Car-1,2008-08-07 06:11:25,116.3063483,39.9990416
Car-1,2008-08-07 06:11:28,116.3062533,39.9990766
Car-1,2008-08-07 06:11:31,116.3061666,39.9990899
Car-1,2008-08-07 06:11:34,116.3061016,39.9991166
Car-1,2008-08-07 06:11:37,116.3060416,39.99914
Car-1,2008-08-07 06:11:40,116.3060083,39.9991566
Car-1,2008-08-07 06:11:43,116.3059833,39.9991766
Car-1,2008-08-07 06:11:46,116.3059466,39.9991983
Car-1,2008-08-07 06:11:49,116.3059149,39.9992066
Car-1,2008-08-07 06:11:52,116.3058816,39.9992066
Car-1,2008-08-07 06:11:55,116.3058716,39.9992233
Car-1,2008-08-07 06:11:58,116.3058599,39.9992383
Car-1,2008-08-07 06:12:49,116.3058799,39.9992283
Car-1,2008-08-07 06:12:52,116.3058783,39.9992366
Car-1,2008-08-07 06:13:09,116.3058783,39.9992366
Car-1,2008-08-07 06:13:11,116.3058866,39.9992366
Car-1,2008-08-07 06:13:14,116.3059116,39.9992233
Car-1,2008-08-07 06:13:17,116.3059616,39.9992333
Car-1,2008-08-07 06:13:20,116.3060383,39.999265
Car-1,2008-08-07 06:13:23,116.3061033,39.9992833
Car-1,2008-08-07 06:13:26,116.3061616,39.9993083
Car-1,2008-08-07 06:13:29,116.3062233,39.9993033
Car-1,2008-08-07 06:13:32,116.3062666,39.9993266
Car-1,2008-08-07 06:13:35,116.306305,39.99934
Car-1,2008-08-07 06:13:38,116.3063533,39.9993633
Car-1,2008-08-07 06:13:41,116.3063949,39.9993816
Car-1,2008-08-07 06:13:44,116.3064399,39.9993883
Car-1,2008-08-07 06:13:47,116.3064633,39.9993899
Car-1,2008-08-07 06:13:50,116.30648,39.999405
Car-1,2008-08-07 06:13:53,116.3064933,39.999395
Car-1,2008-08-07 06:13:54,116.3064933,39.999395
Car-1,2008-08-07 06:13:56,116.306495,39.9993899
Car-1,2008-08-07 06:14:00,116.30646,39.9993633
Car-1,2008-08-07 06:14:04,116.3064349,39.9993583
Car-1,2008-08-07 06:14:07,116.3064216,39.999365
Car-1,2008-08-07 06:14:11,116.3064316,39.9993466
Car-1,2008-08-07 06:14:14,116.3063966,39.9993566
Car-1,2008-08-07 06:14:17,116.3063833,39.999395
Car-1,2008-08-07 06:14:20,116.3063683,39.9994333
Car-1,2008-08-07 06:14:27,116.3063483,39.9994333
Car-1,2008-08-07 06:14:30,116.306355,39.9994466
Car-1,2008-08-07 06:14:33,116.3063533,39.999475
Car-1,2008-08-07 06:14:36,116.3063333,39.9995216
Car-1,2008-08-07 06:14:39,116.3063233,39.9995733
Car-1,2008-08-07 06:14:42,116.3063066,39.9995983
Car-1,2008-08-07 06:14:45,116.3063116,39.9996233
Car-1,2008-08-07 06:14:48,116.306325,39.9996549
Car-1,2008-08-07 06:14:51,116.3063349,39.999675
Car-1,2008-08-07 06:14:54,116.3063483,39.9996983
Car-1,2008-08-07 06:14:57,116.3063633,39.9996916
Car-1,2008-08-07 06:15:08,116.3063683,39.9996799
Car-1,2008-08-07 06:15:35,116.3063683,39.9996799
Car-1,2008-08-07 06:15:37,116.3063683,39.9996816
Car-1,2008-08-07 06:15:40,116.3063849,39.9997033
Car-1,2008-08-07 06:15:43,116.306375,39.999715
Car-1,2008-08-07 06:15:46,116.3063583,39.9997366
Car-1,2008-08-07 06:15:50,116.3063033,39.9997399
Car-1,2008-08-07 06:15:54,116.3062816,39.9997583
Car-1,2008-08-07 06:16:00,116.30627,39.99976
Car-1,2008-08-07 06:16:03,116.3062749,39.9997433
Car-1,2008-08-07 06:16:06,116.3062416,39.999745
Car-1,2008-08-07 06:16:09,116.30622,39.9997716
Car-1,2008-08-07 06:16:13,116.3062333,39.9997933
Car-1,2008-08-07 06:16:16,116.3062816,39.999815
Car-1,2008-08-07 06:16:19,116.3062116,39.9998083
Car-1,2008-08-07 06:16:22,116.3062183,39.9998383
Car-1,2008-08-07 06:16:31,116.3062666,39.9998666
Car-1,2008-08-07 06:16:37,116.3062649,39.9998649
Car-1,2008-08-07 06:16:42,116.3062649,39.9998649
Car-1,2008-08-07 06:16:44,116.3062666,39.9998666
Car-1,2008-08-07 06:16:47,116.306255,39.9998649
Car-1,2008-08-07 06:16:53,116.3062633,39.9998566
Car-1,2008-08-07 06:17:11,116.3062616,39.9998566
Car-1,2008-08-07 06:17:18,116.3062633,39.9998649
Car-1,2008-08-07 06:17:21,116.3062633,39.9998649
Car-1,2008-08-07 06:17:23,116.3062649,39.9998649
Car-1,2008-08-07 06:17:26,116.3062416,39.9998649
Car-1,2008-08-07 06:17:29,116.30625,39.9998799
Car-1,2008-08-07 06:17:32,116.3062799,39.9999116
Car-1,2008-08-07 06:17:35,116.3063099,39.9999083
Car-1,2008-08-07 06:17:38,116.306325,39.9999183
Car-1,2008-08-07 06:17:42,116.3063266,39.9998916
Car-1,2008-08-07 06:18:08,116.3063266,39.9998916
Car-1,2008-08-07 06:18:10,116.3063216,39.9998833
Car-1,2008-08-07 06:18:13,116.3063033,39.9998949
Car-1,2008-08-07 06:18:17,116.3062866,39.9999066
Car-1,2008-08-07 06:18:20,116.3062866,39.9999599
Car-1,2008-08-07 06:18:23,116.306255,39.9999666
Car-1,2008-08-07 06:18:27,116.3062599,39.9999816
Car-1,2008-08-07 06:18:30,116.3062683,40.0000133
Car-1,2008-08-07 06:18:33,116.3062449,39.9999983
Car-1,2008-08-07 06:18:41,116.3062583,40.0000116
Car-1,2008-08-07 06:18:44,116.3062399,40.0
Car-1,2008-08-07 06:18:58,116.3062383,39.9999983
Car-1,2008-08-07 06:18:59,116.3062383,39.9999983
Car-1,2008-08-07 06:19:01,116.3062316,40.0
Car-1,2008-08-07 06:19:04,116.3062166,39.9999983
Car-1,2008-08-07 06:19:13,116.306235,40.0000183
Car-1,2008-08-07 06:19:16,116.3062216,40.0000283
Car-1,2008-08-07 06:19:19,116.306235,40.0000533
Car-1,2008-08-07 06:19:22,116.3062266,40.0000749
Car-1,2008-08-07 06:19:41,116.3062416,40.0000816
Car-1,2008-08-07 06:19:44,116.3062233,40.0000983
Car-1,2008-08-07 06:19:47,116.3062033,40.0001166
Car-1,2008-08-07 06:19:50,116.3061749,40.0001349
Car-1,2008-08-07 06:19:53,116.3061466,40.0001499
Car-1,2008-08-07 06:19:56,116.3061116,40.0001633
Car-1,2008-08-07 06:19:59,116.3060883,40.0001616
Car-1,2008-08-07 06:20:02,116.3060883,40.0001616
Car-1,2008-08-07 06:20:04,116.3060849,40.0001599
Car-1,2008-08-07 06:20:07,116.3060533,40.0001699
Car-1,2008-08-07 06:20:10,116.306025,40.0001849
Car-1,2008-08-07 06:20:13,116.3059866,40.0001866
Car-1,2008-08-07 06:20:16,116.3059483,40.0001816
Car-1,2008-08-07 06:20:19,116.30592,40.0001783
Car-1,2008-08-07 06:20:22,116.3058783,40.0001716
Car-1,2008-08-07 06:20:25,116.30585,40.0001633
Car-1,2008-08-07 06:20:28,116.3058183,40.0001566
Car-1,2008-08-07 06:20:31,116.3057716,40.0001633
Car-1,2008-08-07 06:20:34,116.3057349,40.0001566
Car-1,2008-08-07 06:20:37,116.30571,40.0001599
Car-1,2008-08-07 06:20:40,116.3056783,40.0001483
Car-1,2008-08-07 06:20:43,116.3056549,40.0001216
Car-1,2008-08-07 06:20:46,116.305625,40.0001133
Car-1,2008-08-07 06:20:49,116.305605,40.0000933
Car-1,2008-08-07 06:20:52,116.3055616,40.0000666
Car-1,2008-08-07 06:20:55,116.3055333,40.0000499
Car-1,2008-08-07 06:20:58,116.3054749,40.0000483
Car-1,2008-08-07 06:21:01,116.3054449,40.0000349
Car-1,2008-08-07 06:21:04,116.3054316,40.0000149
Car-1,2008-08-07 06:21:07,116.3054099,40.0
Car-1,2008-08-07 06:21:26,116.30543,40.0000166
Car-1,2008-08-07 06:21:29,116.3054133,40.0000133
Car-1,2008-08-07 06:21:32,116.3053833,40.0000133
Car-1,2008-08-07 06:21:35,116.3053899,40.0000033
Car-1,2008-08-07 06:21:45,116.3054266,40.0000366
Car-1,2008-08-07 06:21:49,116.3054383,40.0000383
Car-1,2008-08-07 06:21:52,116.3054549,40.0000466
Car-1,2008-08-07 06:21:55,116.3054399,40.0000649
Car-1,2008-08-07 06:22:05,116.3054316,40.0000799
Car-1,2008-08-07 06:22:08,116.3054533,40.0000699
Car-1,2008-08-07 06:22:11,116.3054683,40.0000783
Car-1,2008-08-07 06:22:15,116.30545,40.0001033
Car-1,2008-08-07 06:22:18,116.3054516,40.0001266
Car-1,2008-08-07 06:22:21,116.3054383,40.0001549
Car-1,2008-08-07 06:22:24,116.3054266,40.0001866
Car-1,2008-08-07 06:22:27,116.3054216,40.0002066
Car-1,2008-08-07 06:22:30,116.3054083,40.0002216
Car-1,2008-08-07 06:22:33,116.3053716,40.0002516
Car-1,2008-08-07 06:22:36,116.30536,40.0002766
Car-1,2008-08-07 06:22:39,116.3053516,40.0003066
Car-1,2008-08-07 06:22:42,116.3053333,40.0003266
Car-1,2008-08-07 06:22:45,116.3053183,40.0003483
Car-1,2008-08-07 06:22:52,116.3053083,40.0003433
Car-1,2008-08-07 06:22:55,116.30529,40.0003283
Car-1,2008-08-07 06:22:58,116.3052683,40.0002983
Car-1,2008-08-07 06:23:01,116.3052516,40.0002766
Car-1,2008-08-07 06:23:04,116.3052299,40.0002583
Car-1,2008-08-07 06:23:07,116.3052083,40.0002483
Car-1,2008-08-07 06:23:10,116.3051849,40.0002416
Car-1,2008-08-07 06:23:13,116.3051666,40.0002383
Car-1,2008-08-07 06:23:16,116.3051366,40.0002316
Car-1,2008-08-07 06:23:19,116.3051116,40.0002316
Car-1,2008-08-07 06:23:30,116.3051016,40.0002299
Car-1,2008-08-07 06:23:35,116.3051016,40.0002299
Car-1,2008-08-07 06:23:37,116.3051049,40.0002316
Car-1,2008-08-07 06:23:40,116.3050699,40.0002099
Car-1,2008-08-07 06:23:43,116.3050383,40.0001966
Car-1,2008-08-07 06:23:44,116.3050383,40.0001966
Car-1,2008-08-07 06:23:46,116.3050333,40.0001949
Car-1,2008-08-07 06:23:49,116.3050066,40.0001883
Car-1,2008-08-07 06:23:52,116.3049883,40.0001916
Car-1,2008-08-07 06:24:03,116.3049966,40.0002033
Car-1,2008-08-07 06:24:08,116.3050083,40.0002016
Car-1,2008-08-07 06:24:11,116.3049849,40.0001966
Car-1,2008-08-07 06:24:14,116.30496,40.0001949
Car-1,2008-08-07 06:24:21,116.3049416,40.0001949
Car-1,2008-08-07 06:24:24,116.3049149,40.0001916
Car-1,2008-08-07 06:24:29,116.3049149,40.0001916
Car-1,2008-08-07 06:24:31,116.3049066,40.0001866
Car-1,2008-08-07 06:24:35,116.3048966,40.0001799
Car-1,2008-08-07 06:24:39,116.3048583,40.0001716
Car-1,2008-08-07 06:24:41,116.3048599,40.0001866
Car-1,2008-08-07 06:24:44,116.3048366,40.0001849
Car-1,2008-08-07 06:24:48,116.3048099,40.0001733
Car-1,2008-08-07 06:24:51,116.3047716,40.0001783
Car-1,2008-08-07 06:24:54,116.3047616,40.0002049
Car-1,2008-08-07 06:24:57,116.30475,40.0002166
Car-1,2008-08-07 06:25:00,116.3047316,40.0002249
Car-1,2008-08-07 06:25:03,116.304715,40.0002383
Car-1,2008-08-07 06:25:06,116.3047116,40.0002533
Car-1,2008-08-07 06:25:07,116.3047116,40.0002533
Car-1,2008-08-07 06:25:09,116.3047033,40.0002583
Car-1,2008-08-07 06:25:12,116.3046933,40.0002633
Car-1,2008-08-07 06:25:15,116.30468,40.0002566
Car-1,2008-08-07 06:25:18,116.3046933,40.0002733
Car-1,2008-08-07 06:25:24,116.3046816,40.0002549
Car-1,2008-08-07 06:25:27,116.3046666,40.0002483
Car-1,2008-08-07 06:25:30,116.3046383,40.0002349
Car-1,2008-08-07 06:25:33,116.3046116,40.0002266
Car-1,2008-08-07 06:25:36,116.3045833,40.0002133
Car-1,2008-08-07 06:25:39,116.3045616,40.0002033
Car-1,2008-08-07 06:25:42,116.30454,40.0001916
Car-1,2008-08-07 06:25:45,116.3045199,40.0001883
Car-1,2008-08-07 06:25:53,116.3045199,40.0001883
Car-1,2008-08-07 06:25:55,116.3045133,40.0001916
Car-1,2008-08-07 06:25:58,116.3045233,40.0001716
Car-1,2008-08-07 06:26:01,116.3045166,40.0001449
Car-1,2008-08-07 06:26:04,116.3045233,40.0001083
Car-1,2008-08-07 06:26:07,116.30454,40.0000733
Car-1,2008-08-07 06:26:10,116.3045533,40.0000433
Car-1,2008-08-07 06:26:13,116.3045633,40.0000249
Car-1,2008-08-07 06:26:16,116.304595,40.0000133
Car-1,2008-08-07 06:26:19,116.3046466,40.0000116
Car-1,2008-08-07 06:26:22,116.3046783,40.0000016
Car-1,2008-08-07 06:26:25,116.3047099,40.0
Car-1,2008-08-07 06:26:28,116.304735,40.0000033
Car-1,2008-08-07 06:26:31,116.3047683,40.0000049
Car-1,2008-08-07 06:26:34,116.3047949,40.0000066
Car-1,2008-08-07 06:26:37,116.3048316,40.0000133
Car-1,2008-08-07 06:26:40,116.3048716,40.0000349
Car-1,2008-08-07 06:26:43,116.3048916,40.0000483
Car-1,2008-08-07 06:26:46,116.3049149,40.0000816
Car-1,2008-08-07 06:26:49,116.3049166,40.0001033
Car-1,2008-08-07 06:26:52,116.3049183,40.0001283
Car-1,2008-08-07 06:26:55,116.3049199,40.0001466
Car-1,2008-08-07 06:26:58,116.3049433,40.0001566
Car-1,2008-08-07 06:27:01,116.3049699,40.0001583
Car-1,2008-08-07 06:27:04,116.3050066,40.0001766
Car-1,2008-08-07 06:27:07,116.30505,40.0001899
Car-1,2008-08-07 06:27:10,116.3050683,40.0002016
Car-1,2008-08-07 06:27:13,116.3051,40.0002066
Car-1,2008-08-07 06:27:20,116.3051233,40.0002299
Car-1,2008-08-07 06:27:23,116.3051449,40.0002299
Car-1,2008-08-07 06:27:26,116.3051733,40.0002249
Car-1,2008-08-07 06:27:29,116.3052099,40.0002249
Car-1,2008-08-07 06:27:32,116.3052316,40.0002433
Car-1,2008-08-07 06:27:35,116.30526,40.0002449
Car-1,2008-08-07 06:27:38,116.3052849,40.0002533
Car-1,2008-08-07 06:27:41,116.30531,40.0002633
Car-1,2008-08-07 06:27:46,116.30531,40.0002633
Car-1,2008-08-07 06:27:48,116.3053166,40.0002666
Car-1,2008-08-07 06:27:51,116.30531,40.0002883
Car-1,2008-08-07 06:27:54,116.3053033,40.0003149
Car-1,2008-08-07 06:27:57,116.3052966,40.0003416
Car-1,2008-08-07 06:28:00,116.30526,40.0003699
Car-1,2008-08-07 06:28:03,116.3052216,40.0003966
Car-1,2008-08-07 06:28:06,116.3051849,40.0004183
Car-1,2008-08-07 06:28:09,116.3051683,40.0004483
Car-1,2008-08-07 06:28:12,116.305155,40.0004683
Car-1,2008-08-07 06:28:15,116.3051216,40.0004749
Car-1,2008-08-07 06:28:18,116.3051116,40.0005049
Car-1,2008-08-07 06:28:21,116.3050949,40.0005283
Car-1,2008-08-07 06:28:24,116.3050933,40.0005566
Car-1,2008-08-07 06:28:27,116.3050933,40.0005866
Car-1,2008-08-07 06:28:30,116.3050916,40.0006116
Car-1,2008-08-07 06:28:33,116.3050533,40.0006199
Car-1,2008-08-07 06:28:36,116.3050349,40.0006433
Car-1,2008-08-07 06:28:39,116.3050266,40.0006666
Car-1,2008-08-07 06:28:42,116.3050083,40.0006849
Car-1,2008-08-07 06:28:45,116.3050066,40.0006999
Car-1,2008-08-07 06:28:48,116.3050033,40.0007233
Car-1,2008-08-07 06:28:51,116.3050099,40.0007499
Car-1,2008-08-07 06:28:54,116.3050016,40.0007649
Car-1,2008-08-07 06:28:57,116.3049866,40.0007849
Car-1,2008-08-07 06:29:00,116.3049966,40.0008266
Car-1,2008-08-07 06:29:03,116.305015,40.0008816
Car-1,2008-08-07 06:29:06,116.3050349,40.0009566
Car-1,2008-08-07 06:29:09,116.3050216,40.0010066
Car-1,2008-08-07 06:29:12,116.3049899,40.0010183
Car-1,2008-08-07 06:29:15,116.3049683,40.0010283
Car-1,2008-08-07 06:29:18,116.3049266,40.0010299
Car-1,2008-08-07 06:29:21,116.3048966,40.0010283
Car-1,2008-08-07 06:29:24,116.304855,40.0010099
Car-1,2008-08-07 06:29:27,116.3048083,40.0009999
Car-1,2008-08-07 06:29:30,116.3047749,40.0009866
Car-1,2008-08-07 06:29:33,116.30475,40.0009966
Car-1,2008-08-07 06:29:36,116.3047399,40.0010199
Car-1,2008-08-07 06:29:39,116.3047366,40.0010583
Car-1,2008-08-07 06:29:42,116.3047333,40.0010983
Car-1,2008-08-07 06:29:45,116.3047399,40.0011216
Car-1,2008-08-07 06:29:46,116.3047399,40.0011216
Car-1,2008-08-07 06:29:48,116.3047449,40.0011266
Car-1,2008-08-07 06:29:51,116.3047549,40.0011549
Car-1,2008-08-07 06:29:54,116.3047466,40.0012199
Car-1,2008-08-07 06:29:57,116.3047483,40.0012633
Car-1,2008-08-07 06:30:00,116.3047433,40.001305
Car-1,2008-08-07 06:30:06,116.3047616,40.0013383
Car-1,2008-08-07 06:30:09,116.3047549,40.0013516
Car-1,2008-08-07 06:30:12,116.3047433,40.0013716
Car-1,2008-08-07 06:30:15,116.3047316,40.0013999
Car-1,2008-08-07 06:30:18,116.3047333,40.0014316
Car-1,2008-08-07 06:30:21,116.3047299,40.0014666
Car-1,2008-08-07 06:30:24,116.3047199,40.0014933
Car-1,2008-08-07 06:30:27,116.3046983,40.0015016
Car-1,2008-08-07 06:30:30,116.3046716,40.0014749
Car-1,2008-08-07 06:30:33,116.3046749,40.0014533
Car-1,2008-08-07 06:30:36,116.3046633,40.0014266
Car-1,2008-08-07 06:30:39,116.3046416,40.0014133
Car-1,2008-08-07 06:30:42,116.3046266,40.0013966
Car-1,2008-08-07 06:30:45,116.30461,40.0013916
Car-1,2008-08-07 06:30:48,116.3045849,40.0013966
Car-1,2008-08-07 06:30:51,116.3045633,40.0013899
Car-1,2008-08-07 06:30:54,116.3045483,40.0013833
Car-1,2008-08-07 06:30:57,116.3045316,40.0013683
Car-1,2008-08-07 06:31:00,116.3045083,40.0013533
Car-1,2008-08-07 06:31:03,116.3044866,40.0013349
Car-1,2008-08-07 06:31:06,116.3044616,40.0013233
Car-1,2008-08-07 06:31:09,116.3044483,40.001305
Car-1,2008-08-07 06:31:12,116.304435,40.0012933
Car-1,2008-08-07 06:31:15,116.30442,40.0012816
Car-1,2008-08-07 06:31:18,116.3043966,40.0012533
Car-1,2008-08-07 06:31:21,116.3043599,40.0012466
Car-1,2008-08-07 06:31:24,116.3043366,40.0012316
Car-1,2008-08-07 06:31:30,116.3043016,40.0012316
Car-1,2008-08-07 06:31:33,116.3042816,40.0012199
Car-1,2008-08-07 06:31:36,116.3042516,40.0012149
Car-1,2008-08-07 06:31:39,116.3042166,40.0012116
Car-1,2008-08-07 06:31:42,116.3041883,40.0012049
Car-1,2008-08-07 06:31:45,116.3041533,40.0011966
Car-1,2008-08-07 06:31:48,116.3041233,40.0011949
Car-1,2008-08-07 06:31:51,116.3040883,40.0011883
Car-1,2008-08-07 06:31:54,116.304055,40.0011866
Car-1,2008-08-07 06:31:57,116.3040249,40.0011816
Car-1,2008-08-07 06:32:00,116.3040049,40.0011866
Car-1,2008-08-07 06:32:05,116.3040049,40.0011866
Car-1,2008-08-07 06:32:07,116.3039983,40.0011883
Car-1,2008-08-07 06:32:10,116.3039733,40.0011833
Car-1,2008-08-07 06:32:13,116.3039466,40.0011716
Car-1,2008-08-07 06:32:16,116.3039099,40.0011666
Car-1,2008-08-07 06:32:19,116.3038766,40.0011816
Car-1,2008-08-07 06:32:22,116.3038499,40.0012016
Car-1,2008-08-07 06:32:25,116.3038183,40.0012216
Car-1,2008-08-07 06:32:28,116.3037949,40.0012449
Car-1,2008-08-07 06:32:31,116.3037649,40.0012599
Car-1,2008-08-07 06:32:34,116.3037366,40.0012716
Car-1,2008-08-07 06:32:37,116.3037099,40.0012766
Car-1,2008-08-07 06:32:40,116.3036716,40.0012783
Car-1,2008-08-07 06:32:43,116.3036533,40.0012833
Car-1,2008-08-07 06:32:46,116.3036283,40.0012866
Car-1,2008-08-07 06:32:49,116.3035983,40.0012883
Car-1,2008-08-07 06:32:52,116.3035733,40.0012916
Car-1,2008-08-07 06:32:55,116.3035433,40.0012899
Car-1,2008-08-07 06:32:58,116.3035166,40.0012866
Car-1,2008-08-07 06:33:02,116.3034966,40.0012866
Car-1,2008-08-07 06:33:06,116.3034833,40.0012699
Car-1,2008-08-07 06:33:08,116.3034833,40.0012699
Car-1,2008-08-07 06:33:10,116.3034766,40.0012633
Car-1,2008-08-07 06:33:15,116.3034633,40.0012616
Car-1,2008-08-07 06:33:18,116.3034433,40.0012566
Car-1,2008-08-07 06:33:21,116.3034316,40.0012583
Car-1,2008-08-07 06:33:24,116.3034199,40.0012633
Car-1,2008-08-07 06:33:29,116.3034066,40.0012766
Car-1,2008-08-07 06:33:32,116.3034083,40.0012999
Car-1,2008-08-07 06:33:35,116.3034066,40.0013266
Car-1,2008-08-07 06:33:38,116.3034016,40.0013516
Car-1,2008-08-07 06:33:41,116.3034033,40.0013899
Car-1,2008-08-07 06:33:44,116.3034016,40.0014133
Car-1,2008-08-07 06:33:47,116.3033966,40.0014349
Car-1,2008-08-07 06:33:50,116.3033933,40.0014599
Car-1,2008-08-07 06:33:53,116.3033849,40.0014816
Car-1,2008-08-07 06:33:56,116.3033683,40.0015116
Car-1,2008-08-07 06:33:59,116.3033633,40.0015333
Car-1,2008-08-07 06:34:02,116.3033716,40.0015599
Car-1,2008-08-07 06:34:05,116.3033649,40.0015799
Car-1,2008-08-07 06:34:09,116.3033649,40.0015799
Car-1,2008-08-07 06:34:11,116.3033566,40.0015799
Car-1,2008-08-07 06:34:17,116.3033516,40.0015949
Car-1,2008-08-07 06:34:18,116.3033516,40.0015949
Car-1,2008-08-07 06:34:20,116.3033433,40.0016016
Car-1,2008-08-07 06:34:23,116.3033416,40.0016183
Car-1,2008-08-07 06:34:26,116.3033416,40.0016449
Car-1,2008-08-07 06:34:29,116.3033483,40.0016783
Car-1,2008-08-07 06:34:32,116.3033366,40.0016933
Car-1,2008-08-07 06:34:35,116.3033466,40.0017016
Car-1,2008-08-07 06:34:38,116.3033316,40.0017233
Car-1,2008-08-07 06:34:41,116.3033266,40.0017416
Car-1,2008-08-07 06:34:44,116.3033233,40.00176
Car-1,2008-08-07 06:34:47,116.3033299,40.0017833
Car-1,2008-08-07 06:34:50,116.3033266,40.0018116
Car-1,2008-08-07 06:34:53,116.3033266,40.0018266
Car-1,2008-08-07 06:34:56,116.3033283,40.0018499
Car-1,2008-08-07 06:34:59,116.3033299,40.0018699
Car-1,2008-08-07 06:35:02,116.3033399,40.0018699
Car-1,2008-08-07 06:35:08,116.3033399,40.0018699
Car-1,2008-08-07 06:35:10,116.3033416,40.0018699
Car-1,2008-08-07 06:35:13,116.3033333,40.0018883
Car-1,2008-08-07 06:35:16,116.3033283,40.0019083
Car-1,2008-08-07 06:35:19,116.3033333,40.0019416
Car-1,2008-08-07 06:35:22,116.3033333,40.0019733
Car-1,2008-08-07 06:35:25,116.3033416,40.0019949
Car-1,2008-08-07 06:35:28,116.3033683,40.0020283
Car-1,2008-08-07 06:35:31,116.3033799,40.0020433
Car-1,2008-08-07 06:35:35,116.3033799,40.0020433
Car-1,2008-08-07 06:35:37,116.3033783,40.0020516
Car-1,2008-08-07 06:35:40,116.3033766,40.0020683
Car-1,2008-08-07 06:35:43,116.3033566,40.0020749
Car-1,2008-08-07 06:35:46,116.3033416,40.0020999
Car-1,2008-08-07 06:35:49,116.3033299,40.0021366
Car-1,2008-08-07 06:35:52,116.3033099,40.0021466
Car-1,2008-08-07 06:35:55,116.3033183,40.0021666
Car-1,2008-08-07 06:35:58,116.3033133,40.0021833
Car-1,2008-08-07 06:36:01,116.3033,40.0022033
Car-1,2008-08-07 06:36:04,116.303285,40.0022283
Car-1,2008-08-07 06:36:07,116.3032783,40.0022599
Car-1,2008-08-07 06:36:10,116.3032699,40.0022883
Car-1,2008-08-07 06:36:17,116.3032583,40.0023049
Car-1,2008-08-07 06:36:20,116.3032466,40.0023233
Car-1,2008-08-07 06:36:23,116.30323,40.0023433
Car-1,2008-08-07 06:36:26,116.3032216,40.0023766
Car-1,2008-08-07 06:36:29,116.3032099,40.0024049
Car-1,2008-08-07 06:36:32,116.3032083,40.0024299
Car-1,2008-08-07 06:36:35,116.3032016,40.0024516
Car-1,2008-08-07 06:36:38,116.3031983,40.0024633
Car-1,2008-08-07 06:36:52,116.3032183,40.0024766
Car-1,2008-08-07 06:37:03,116.3032183,40.0024766
Car-1,2008-08-07 06:37:05,116.303215,40.0024833
Car-1,2008-08-07 06:37:08,116.3032016,40.0025066
Car-1,2008-08-07 06:37:11,116.3031866,40.0025283
Car-1,2008-08-07 06:37:14,116.3031349,40.0025383
Car-1,2008-08-07 06:37:17,116.3031033,40.0025516
Car-1,2008-08-07 06:37:20,116.3031049,40.0025916
Car-1,2008-08-07 06:37:23,116.3031066,40.0026216
Car-1,2008-08-07 06:37:26,116.3031016,40.0026433
Car-1,2008-08-07 06:37:29,116.3030999,40.0026733
Car-1,2008-08-07 06:37:32,116.3030983,40.0027083
Car-1,2008-08-07 06:37:35,116.3031383,40.0027383
Car-1,2008-08-07 06:37:38,116.30316,40.0027633
Car-1,2008-08-07 06:37:42,116.3031483,40.0027583
Car-1,2008-08-07 06:37:45,116.3031399,40.0027783
Car-1,2008-08-07 06:37:48,116.3031349,40.0028049
Car-1,2008-08-07 06:37:51,116.3031183,40.0028266
Car-1,2008-08-07 06:37:54,116.3030933,40.0028449
Car-1,2008-08-07 06:37:57,116.3030649,40.0028683
Car-1,2008-08-07 06:38:00,116.3030516,40.0028933
Car-1,2008-08-07 06:38:03,116.3030383,40.0029149
Car-1,2008-08-07 06:38:06,116.3030333,40.0029399
Car-1,2008-08-07 06:38:09,116.3030266,40.0029649
Car-1,2008-08-07 06:38:12,116.3030183,40.0029899
Car-1,2008-08-07 06:38:15,116.3030016,40.0030066
Car-1,2008-08-07 06:38:18,116.30297,40.0030166
Car-1,2008-08-07 06:38:22,116.3029733,40.0030283
Car-1,2008-08-07 06:38:25,116.3030233,40.0030249
Car-1,2008-08-07 06:38:28,116.3030616,40.0030216
Car-1,2008-08-07 06:38:31,116.3031199,40.0030333
Car-1,2008-08-07 06:38:34,116.3031716,40.0030299
Car-1,2008-08-07 06:38:37,116.3032116,40.0030199
Car-1,2008-08-07 06:38:40,116.3032449,40.0030283
Car-1,2008-08-07 06:38:43,116.3032716,40.0030449
Car-1,2008-08-07 06:38:46,116.3032949,40.0030816
Car-1,2008-08-07 06:38:49,116.3033283,40.0030716
Car-1,2008-08-07 06:38:52,116.3033433,40.0030383
Car-1,2008-08-07 06:38:55,116.3033599,40.0030333
Car-1,2008-08-07 06:38:58,116.3033799,40.0030616
Car-1,2008-08-07 06:39:01,116.3034083,40.0030766
Car-1,2008-08-07 06:39:04,116.3034199,40.0031033
Car-1,2008-08-07 06:39:07,116.3034483,40.0031199
Car-1,2008-08-07 06:39:10,116.3035349,40.0031633
Car-1,2008-08-07 06:39:13,116.3035683,40.0031583
Car-1,2008-08-07 06:39:16,116.3036099,40.0031599
Car-1,2008-08-07 06:39:19,116.3036283,40.0031549
Car-1,2008-08-07 06:39:22,116.3036599,40.0031583
Car-1,2008-08-07 06:39:25,116.303685,40.0031633
Car-1,2008-08-07 06:39:28,116.3037166,40.0031683
Car-1,2008-08-07 06:39:31,116.303755,40.00318
Car-1,2008-08-07 06:39:34,116.3038049,40.0031849
Car-1,2008-08-07 06:39:37,116.3038349,40.0031949
Car-1,2008-08-07 06:39:40,116.3038583,40.0031849
Car-1,2008-08-07 06:39:43,116.3038833,40.0031833
Car-1,2008-08-07 06:39:46,116.3039099,40.0031833
Car-1,2008-08-07 06:39:49,116.3039416,40.0031983
Car-1,2008-08-07 06:39:52,116.303965,40.0032049
Car-1,2008-08-07 06:39:55,116.3039866,40.0032266
Car-1,2008-08-07 06:39:58,116.3039966,40.0032316
Car-1,2008-08-07 06:39:59,116.3039966,40.0032316
Car-1,2008-08-07 06:40:01,116.3039916,40.0032399
Car-1,2008-08-07 06:40:08,116.3039833,40.0032516
Car-1,2008-08-07 06:40:11,116.3039783,40.0032749
Car-1,2008-08-07 06:40:34,116.3039666,40.0032883
Car-1,2008-08-07 06:40:37,116.3039933,40.0032849
Car-1,2008-08-07 06:40:40,116.30402,40.0032866
Car-1,2008-08-07 06:40:43,116.304055,40.0032966
Car-1,2008-08-07 06:40:47,116.3041066,40.0033166
Car-1,2008-08-07 06:40:51,116.3041183,40.0033033
Car-1,2008-08-07 06:40:54,116.3041433,40.0033066
Car-1,2008-08-07 06:40:57,116.3041699,40.0032999
Car-1,2008-08-07 06:41:00,116.3041999,40.0033049
Car-1,2008-08-07 06:41:03,116.3042216,40.0033183
Car-1,2008-08-07 06:41:06,116.3042483,40.0033333
Car-1,2008-08-07 06:41:09,116.3042716,40.0033449
Car-1,2008-08-07 06:41:12,116.304295,40.0033549
Car-1,2008-08-07 06:41:15,116.3043083,40.0033699
Car-1,2008-08-07 06:41:18,116.3042966,40.0033866
Car-1,2008-08-07 06:41:21,116.3042833,40.0034116
Car-1,2008-08-07 06:41:24,116.3042733,40.0034333
Car-1,2008-08-07 06:41:27,116.3042683,40.0034549
Car-1,2008-08-07 06:41:30,116.3042549,40.0034766
Car-1,2008-08-07 06:41:33,116.3042416,40.0034983
Car-1,2008-08-07 06:41:36,116.30423,40.0035233
Car-1,2008-08-07 06:41:39,116.3042283,40.0035483
Car-1,2008-08-07 06:41:42,116.3042499,40.0035766
Car-1,2008-08-07 06:41:45,116.304295,40.0035949
Car-1,2008-08-07 06:41:48,116.3043333,40.0036116
Car-1,2008-08-07 06:41:51,116.3043633,40.0036183
Car-1,2008-08-07 06:41:54,116.3043983,40.0036366
Car-1,2008-08-07 06:41:57,116.3044399,40.0036533
Car-1,2008-08-07 06:42:00,116.3044649,40.0036566
Car-1,2008-08-07 06:42:03,116.3044733,40.0036383
Car-1,2008-08-07 06:42:06,116.3044949,40.0036249
Car-1,2008-08-07 06:42:10,116.30454,40.0036199
Car-1,2008-08-07 06:42:13,116.3045816,40.0036133
Car-1,2008-08-07 06:42:16,116.3046133,40.0036383
Car-1,2008-08-07 06:42:19,116.3046616,40.0036749
Car-1,2008-08-07 06:42:22,116.3047166,40.0036849
Car-1,2008-08-07 06:42:25,116.3047549,40.0036883
Car-1,2008-08-07 06:42:28,116.3047816,40.0036966
Car-1,2008-08-07 06:42:31,116.3048149,40.0036866
Car-1,2008-08-07 06:42:34,116.3048366,40.0036749
Car-1,2008-08-07 06:42:37,116.3048566,40.0036783
Car-1,2008-08-07 06:42:40,116.3048683,40.0036899
Car-1,2008-08-07 06:42:43,116.3048933,40.0036983
Car-1,2008-08-07 06:42:46,116.3049199,40.0036966
Car-1,2008-08-07 06:42:49,116.30496,40.0036999
Car-1,2008-08-07 06:42:52,116.3049866,40.0037016
Car-1,2008-08-07 06:42:55,116.3050199,40.0037233
Car-1,2008-08-07 06:42:58,116.30505,40.0037566
Car-1,2008-08-07 06:42:59,116.30505,40.0037566
Car-1,2008-08-07 06:43:01,116.3050466,40.0037649
Car-1,2008-08-07 06:43:13,116.3050266,40.0037583
Car-1,2008-08-07 06:43:16,116.3050266,40.0037716
Car-1,2008-08-07 06:43:19,116.3050566,40.0038083
Car-1,2008-08-07 06:43:22,116.3050599,40.0038349
Car-1,2008-08-07 06:43:25,116.3050616,40.0038583
Car-1,2008-08-07 06:43:28,116.3050466,40.0038749
Car-1,2008-08-07 06:43:31,116.3050399,40.0038966
Car-1,2008-08-07 06:43:34,116.3050349,40.0039083
Car-1,2008-08-07 06:43:37,116.3050183,40.0039233
Car-1,2008-08-07 06:43:40,116.3049999,40.0039399
Car-1,2008-08-07 06:43:43,116.3049916,40.0039716
Car-1,2008-08-07 06:43:46,116.30498,40.0040016
Car-1,2008-08-07 06:43:54,116.3049716,40.0040149
Car-1,2008-08-07 06:43:57,116.3049649,40.0040383
Car-1,2008-08-07 06:44:00,116.30496,40.0040649
Car-1,2008-08-07 06:44:03,116.3049533,40.0040933
Car-1,2008-08-07 06:44:06,116.3049466,40.0041266
Car-1,2008-08-07 06:44:09,116.3049399,40.0041583
Car-1,2008-08-07 06:44:12,116.304925,40.0041833
Car-1,2008-08-07 06:44:15,116.30491,40.0042033
Car-1,2008-08-07 06:44:18,116.3048999,40.0042266
Car-1,2008-08-07 06:44:21,116.3048933,40.0042466
Car-1,2008-08-07 06:44:24,116.3048833,40.0042633
Car-1,2008-08-07 06:44:27,116.3048866,40.0042866
Car-1,2008-08-07 06:44:30,116.3048833,40.0043083
Car-1,2008-08-07 06:44:33,116.3048783,40.0043316
Car-1,2008-08-07 06:44:36,116.3048699,40.0043599
Car-1,2008-08-07 06:44:39,116.304855,40.0043883
Car-1,2008-08-07 06:44:42,116.3048533,40.0044249
Car-1,2008-08-07 06:44:45,116.3048466,40.0044449
Car-1,2008-08-07 06:44:48,116.3048333,40.0044666
Car-1,2008-08-07 06:44:51,116.3048183,40.0044933
Car-1,2008-08-07 06:44:54,116.3048449,40.0045049
Car-1,2008-08-07 06:44:59,116.3048466,40.0044999
Car-1,2008-08-07 06:45:17,116.3048466,40.0044999
Car-1,2008-08-07 06:45:19,116.3048416,40.0045083
Car-1,2008-08-07 06:45:22,116.3048416,40.0045216
Car-1,2008-08-07 06:45:31,116.3048416,40.0045216
Car-1,2008-08-07 06:45:33,116.3048483,40.0045233
Car-1,2008-08-07 06:45:36,116.30484,40.0045366
Car-1,2008-08-07 06:45:39,116.3048249,40.0045516
Car-1,2008-08-07 06:45:42,116.3048166,40.0045716
Car-1,2008-08-07 06:45:45,116.3048316,40.0045949
Car-1,2008-08-07 06:45:48,116.3047816,40.0045866
Car-1,2008-08-07 06:45:51,116.3047566,40.0046133
Car-1,2008-08-07 06:45:54,116.3047433,40.0046349
Car-1,2008-08-07 06:45:57,116.3047216,40.0046466
Car-1,2008-08-07 06:46:00,116.3047399,40.0046933
Car-1,2008-08-07 06:46:03,116.3047466,40.0047249
Car-1,2008-08-07 06:46:06,116.3047316,40.0047533
Car-1,2008-08-07 06:46:09,116.3046866,40.0047599
Car-1,2008-08-07 06:46:12,116.3046683,40.0047783
Car-1,2008-08-07 06:46:15,116.3046416,40.0047899
Car-1,2008-08-07 06:46:18,116.3046133,40.0048033
Car-1,2008-08-07 06:46:21,116.3045916,40.0048166
Car-1,2008-08-07 06:46:24,116.3045583,40.0048266
Car-1,2008-08-07 06:46:27,116.3045333,40.0048316
Car-1,2008-08-07 06:46:30,116.3045216,40.0048549
Car-1,2008-08-07 06:46:33,116.3044799,40.0048416
Car-1,2008-08-07 06:46:36,116.3044866,40.0048583
Car-1,2008-08-07 06:46:39,116.3044799,40.0048466
Car-1,2008-08-07 06:46:42,116.304455,40.0048449
Car-1,2008-08-07 06:46:46,116.3044333,40.0048383
Car-1,2008-08-07 06:46:49,116.3044083,40.0048399
Car-1,2008-08-07 06:46:52,116.3043549,40.0048499
Car-1,2008-08-07 06:46:55,116.3043366,40.0048449
Car-1,2008-08-07 06:47:07,116.3043699,40.0048483
Car-1,2008-08-07 06:47:15,116.3043699,40.0048483
Car-1,2008-08-07 06:47:17,116.304365,40.0048483
Car-1,2008-08-07 06:47:20,116.3043449,40.0048416
Car-1,2008-08-07 06:47:45,116.3043183,40.0048266
Car-1,2008-08-07 06:47:48,116.304295,40.0048299
Car-1,2008-08-07 06:47:51,116.3042783,40.0048233
Car-1,2008-08-07 06:48:01,116.3042633,40.0048199
Car-1,2008-08-07 06:48:04,116.3042266,40.0048199
Car-1,2008-08-07 06:48:07,116.3041783,40.0048049
Car-1,2008-08-07 06:48:14,116.3041683,40.0047966
Car-1,2008-08-07 06:48:17,116.3041333,40.0048016
Car-1,2008-08-07 06:48:20,116.3040866,40.0047983
Car-1,2008-08-07 06:48:23,116.3040366,40.0048149
Car-1,2008-08-07 06:48:26,116.3039633,40.0048116
Car-1,2008-08-07 06:48:29,116.3039316,40.0048199
Car-1,2008-08-07 06:48:32,116.3039033,40.0048333
Car-1,2008-08-07 06:48:35,116.3038699,40.0048383
Car-1,2008-08-07 06:48:38,116.3038233,40.0048383
Car-1,2008-08-07 06:48:41,116.3038433,40.0048683
Car-1,2008-08-07 06:48:44,116.3038566,40.0048933
Car-1,2008-08-07 06:48:47,116.3038266,40.0049016
Car-1,2008-08-07 06:48:50,116.3037866,40.0049049
Car-1,2008-08-07 06:48:53,116.3037616,40.0049166
Car-1,2008-08-07 06:48:56,116.3037016,40.0049166
Car-1,2008-08-07 06:48:57,116.3037016,40.0049166
Car-1,2008-08-07 06:48:59,116.3036949,40.0049166
Car-1,2008-08-07 06:49:02,116.3036833,40.0049116
Car-1,2008-08-07 06:49:05,116.3037066,40.0049066
Car-1,2008-08-07 06:49:08,116.3037216,40.0048916
Car-1,2008-08-07 06:49:09,116.3037216,40.0048916
Car-1,2008-08-07 06:49:11,116.3037266,40.0048849
Car-1,2008-08-07 06:49:14,116.3037249,40.0048483
Car-1,2008-08-07 06:49:17,116.3037366,40.0048349
Car-1,2008-08-07 06:49:19,116.3037366,40.0048349
Car-1,2008-08-07 06:49:21,116.3037349,40.0048316
Car-1,2008-08-07 06:49:27,116.3037483,40.0048349
Car-1,2008-08-07 06:49:28,116.3037483,40.0048349
Car-1,2008-08-07 06:49:30,116.3037449,40.0048316
Car-1,2008-08-07 06:49:33,116.3037516,40.0048516
Car-1,2008-08-07 06:49:36,116.3037449,40.0048783
Car-1,2008-08-07 06:49:39,116.3037183,40.0049033
Car-1,2008-08-07 06:49:42,116.3036783,40.0049283
Car-1,2008-08-07 06:49:45,116.3036483,40.0049499
Car-1,2008-08-07 06:49:48,116.303635,40.0049783
Car-1,2008-08-07 06:49:51,116.3036216,40.0050066
Car-1,2008-08-07 06:49:54,116.3036116,40.0050316
Car-1,2008-08-07 06:49:57,116.3036166,40.0050583
Car-1,2008-08-07 06:50:00,116.3036166,40.0050749
Car-1,2008-08-07 06:50:03,116.3036116,40.0050849
Car-1,2008-08-07 06:50:06,116.3036199,40.0051233
Car-1,2008-08-07 06:50:15,116.3036283,40.0051466
Car-1,2008-08-07 06:50:18,116.3036116,40.0051499
Car-1,2008-08-07 06:50:21,116.3036183,40.0051716
Car-1,2008-08-07 06:50:24,116.3036116,40.0051966
Car-1,2008-08-07 06:50:27,116.3036083,40.0052216
Car-1,2008-08-07 06:50:30,116.3035866,40.0052299
Car-1,2008-08-07 06:50:33,116.3035433,40.0052399
Car-1,2008-08-07 06:50:36,116.3035316,40.0052633
Car-1,2008-08-07 06:50:39,116.3034983,40.0052783
Car-1,2008-08-07 06:50:42,116.3034616,40.0052749
Car-1,2008-08-07 06:50:45,116.303425,40.0052783
Car-1,2008-08-07 06:50:48,116.3033816,40.0052666
Car-1,2008-08-07 06:51:01,116.3033849,40.0052749
Car-1,2008-08-07 06:51:23,116.3033849,40.0052749
Car-1,2008-08-07 06:51:25,116.3033833,40.0052749
Car-1,2008-08-07 06:51:28,116.3033633,40.0052783
Car-1,2008-08-07 06:51:31,116.3033299,40.0052633
Car-1,2008-08-07 06:51:34,116.3032883,40.0052533
Car-1,2008-08-07 06:51:37,116.3032549,40.0052583
Car-1,2008-08-07 06:51:40,116.3032099,40.0052699
Car-1,2008-08-07 06:51:43,116.3031666,40.0052649
Car-1,2008-08-07 06:51:46,116.3031316,40.0052499
Car-1,2008-08-07 06:51:49,116.3030883,40.0052466
Car-1,2008-08-07 06:51:52,116.30311,40.0052633
Car-1,2008-08-07 06:51:55,116.3031266,40.0052699
Car-1,2008-08-07 06:51:58,116.3031383,40.0052716
Car-1,2008-08-07 06:52:01,116.3031783,40.0052433
Car-1,2008-08-07 06:52:08,116.303195,40.0051916
Car-1,2008-08-07 06:52:11,116.303195,40.0051683
Car-1,2008-08-07 06:52:14,116.303165,40.0051466
Car-1,2008-08-07 06:52:17,116.303145,40.0051316
Car-1,2008-08-07 06:52:25,116.3031433,40.0051199
Car-1,2008-08-07 06:52:27,116.3031433,40.0051199
Car-1,2008-08-07 06:52:29,116.3031416,40.0051283
Car-1,2008-08-07 06:52:32,116.3031166,40.0051333
Car-1,2008-08-07 06:52:37,116.3031166,40.0051333
Car-1,2008-08-07 06:52:39,116.3031199,40.0051333
Car-1,2008-08-07 06:52:42,116.30313,40.0051533
Car-1,2008-08-07 06:52:45,116.3031583,40.0051649
Car-1,2008-08-07 06:52:46,116.3031583,40.0051649
Car-1,2008-08-07 06:52:48,116.3031583,40.0051733
Car-1,2008-08-07 06:53:11,116.3031533,40.0051833
Car-1,2008-08-07 06:53:14,116.3031433,40.0051599
Car-1,2008-08-07 06:54:26,116.3031433,40.0051599
Car-1,2008-08-07 06:54:28,116.3031466,40.0051666
Car-1,2008-08-07 06:54:30,116.3031283,40.0051199
Car-1,2008-08-07 06:54:32,116.3031033,40.0050899
Car-1,2008-08-07 06:54:34,116.303075,40.0050716
Car-1,2008-08-07 06:54:37,116.3030383,40.0050816
Car-1,2008-08-07 06:54:41,116.3029783,40.0052249
Car-1,2008-08-07 06:54:44,116.3029166,40.0053416
Car-1,2008-08-07 06:56:38,116.3031166,40.0057633
Car-1,2008-08-07 06:56:40,116.3030999,40.0056866
Car-1,2008-08-07 06:56:42,116.3030616,40.0055649
Car-1,2008-08-07 06:56:44,116.3029933,40.0054566
Car-1,2008-08-07 06:56:46,116.30299,40.0054299
Car-1,2008-08-07 06:56:48,116.3029283,40.0053983
Car-1,2008-08-07 06:56:50,116.3028933,40.0053799
Car-1,2008-08-07 06:56:53,116.3028766,40.0053733
Car-1,2008-08-07 06:57:21,116.3029116,40.0054316
Car-1,2008-08-07 06:57:24,116.3029233,40.0054449
Car-1,2008-08-07 06:57:27,116.3029049,40.0054583
Car-1,2008-08-07 06:57:28,116.3029049,40.0054583
Car-1,2008-08-07 06:57:30,116.3028966,40.0054649
Car-1,2008-08-07 06:57:33,116.3028833,40.0054716
Car-1,2008-08-07 06:57:41,116.3028833,40.0054716
Car-1,2008-08-07 06:57:43,116.3028799,40.0054683
Car-1,2008-08-07 06:57:46,116.3028583,40.0054849
Car-1,2008-08-07 06:57:49,116.3028399,40.0055016
Car-1,2008-08-07 06:57:52,116.3028216,40.0055199
Car-1,2008-08-07 06:57:55,116.3028199,40.0055316
Car-1,2008-08-07 06:57:58,116.3028066,40.0055449
Car-1,2008-08-07 06:58:01,116.3027883,40.0055583
Car-1,2008-08-07 06:58:04,116.3027649,40.0055666
Car-1,2008-08-07 06:58:07,116.3027366,40.0055716
Car-1,2008-08-07 06:58:10,116.3027066,40.0055749
Car-1,2008-08-07 06:58:13,116.302675,40.0055799
Car-1,2008-08-07 06:58:16,116.3026483,40.0055933
Car-1,2008-08-07 06:58:19,116.3026366,40.0056099
Car-1,2008-08-07 06:58:22,116.3026366,40.0056233
Car-1,2008-08-07 06:58:25,116.3026316,40.0056433
Car-1,2008-08-07 06:58:28,116.3026233,40.0056633
Car-1,2008-08-07 06:58:31,116.3026283,40.0056916
Car-1,2008-08-07 06:58:34,116.3026266,40.0057166
Car-1,2008-08-07 06:58:37,116.30262,40.0057366
Car-1,2008-08-07 06:58:40,116.30262,40.0057599
Car-1,2008-08-07 06:58:43,116.3026149,40.0057833
Car-1,2008-08-07 06:58:46,116.3026283,40.0058116
Car-1,2008-08-07 06:58:49,116.3026299,40.0058366
Car-1,2008-08-07 06:58:52,116.3026283,40.0058633
Car-1,2008-08-07 06:58:55,116.3026249,40.0058816
Car-1,2008-08-07 06:58:58,116.3026216,40.0059016
Car-1,2008-08-07 06:59:01,116.3026133,40.0059216
Car-1,2008-08-07 06:59:04,116.3025933,40.0059416
Car-1,2008-08-07 06:59:07,116.3025799,40.0059666
Car-1,2008-08-07 06:59:10,116.3025616,40.0059833
Car-1,2008-08-07 06:59:13,116.3025583,40.0060016
Car-1,2008-08-07 06:59:16,116.3025583,40.0060216
Car-1,2008-08-07 06:59:19,116.3025433,40.0060366
Car-1,2008-08-07 06:59:22,116.3025399,40.0060633
Car-1,2008-08-07 06:59:25,116.3025466,40.0060799
Car-1,2008-08-07 06:59:28,116.3025483,40.0061083
Car-1,2008-08-07 06:59:31,116.3025516,40.0061366
Car-1,2008-08-07 06:59:34,116.3025616,40.0061666
Car-1,2008-08-07 06:59:37,116.3025616,40.0061949
Car-1,2008-08-07 06:59:40,116.3025333,40.0062116
Car-1,2008-08-07 06:59:43,116.3025433,40.0062033
Car-1,2008-08-07 06:59:46,116.3025666,40.0062266
Car-1,2008-08-07 06:59:49,116.3025733,40.0062666
Car-1,2008-08-07 06:59:52,116.302585,40.0063083
Car-1,2008-08-07 06:59:55,116.302535,40.0063083
Car-1,2008-08-07 06:59:58,116.3025166,40.0063266
Car-1,2008-08-07 07:00:01,116.3025049,40.0063416
Car-1,2008-08-07 07:00:04,116.302515,40.0063716
Car-1,2008-08-07 07:00:07,116.3025116,40.0063983
Car-1,2008-08-07 07:00:10,116.3025016,40.0064216
Car-1,2008-08-07 07:00:13,116.3025049,40.0064516
Car-1,2008-08-07 07:00:16,116.3025066,40.0064766
Car-1,2008-08-07 07:00:19,116.302515,40.0065033
Car-1,2008-08-07 07:00:22,116.3025099,40.006525
Car-1,2008-08-07 07:00:25,116.3025066,40.0065433
Car-1,2008-08-07 07:00:28,116.3024766,40.0065433
Car-1,2008-08-07 07:00:31,116.3024483,40.0065649
Car-1,2008-08-07 07:00:34,116.3024399,40.0065949
Car-1,2008-08-07 07:00:37,116.3024549,40.0066333
Car-1,2008-08-07 07:00:40,116.3024666,40.0066616
Car-1,2008-08-07 07:00:43,116.3024566,40.0066783
Car-1,2008-08-07 07:00:46,116.3024416,40.0066983
Car-1,2008-08-07 07:00:49,116.30243,40.0067149
Car-1,2008-08-07 07:00:52,116.3024333,40.0067483
Car-1,2008-08-07 07:00:55,116.30243,40.0067683
Car-1,2008-08-07 07:00:58,116.3024166,40.0067883
Car-1,2008-08-07 07:01:01,116.302395,40.0068033
Car-1,2008-08-07 07:01:04,116.3023699,40.0068249
Car-1,2008-08-07 07:01:07,116.3023816,40.0068433
Car-1,2008-08-07 07:01:10,116.3024016,40.0068783
Car-1,2008-08-07 07:01:13,116.3024066,40.0068933
Car-1,2008-08-07 07:01:16,116.3024249,40.0069166
Car-1,2008-08-07 07:01:19,116.3024149,40.0069383
Car-1,2008-08-07 07:01:22,116.30241,40.0069583
Car-1,2008-08-07 07:01:25,116.3023966,40.0069899
Car-1,2008-08-07 07:01:28,116.3024049,40.0070266
Car-1,2008-08-07 07:01:31,116.3024049,40.0070533
Car-1,2008-08-07 07:01:34,116.3023883,40.0070833
Car-1,2008-08-07 07:01:37,116.3023799,40.0070983
Car-1,2008-08-07 07:01:40,116.3023716,40.0071233
Car-1,2008-08-07 07:01:43,116.3023766,40.0071533
Car-1,2008-08-07 07:01:46,116.3023849,40.0071783
Car-1,2008-08-07 07:01:49,116.3023733,40.0072033
Car-1,2008-08-07 07:01:52,116.30234,40.0072016
Car-1,2008-08-07 07:01:55,116.3023233,40.0072249
Car-1,2008-08-07 07:01:58,116.3023099,40.0072583
Car-1,2008-08-07 07:02:01,116.3023166,40.0073016
Car-1,2008-08-07 07:02:04,116.30234,40.0073333
Car-1,2008-08-07 07:02:07,116.3023433,40.0073666
Car-1,2008-08-07 07:02:10,116.3023266,40.0073783
Car-1,2008-08-07 07:02:13,116.3022883,40.0073949
Car-1,2008-08-07 07:02:16,116.3022633,40.0074033
Car-1,2008-08-07 07:02:19,116.3022933,40.0074449
Car-1,2008-08-07 07:02:22,116.3022983,40.0074633
Car-1,2008-08-07 07:02:25,116.3023083,40.0074916
Car-1,2008-08-07 07:02:28,116.302305,40.0075233
Car-1,2008-08-07 07:02:31,116.3022949,40.0075349
Car-1,2008-08-07 07:02:34,116.3022983,40.0075616
Car-1,2008-08-07 07:02:37,116.3022933,40.00759
Car-1,2008-08-07 07:02:40,116.3023083,40.0076233
Car-1,2008-08-07 07:02:43,116.3023033,40.0076366
Car-1,2008-08-07 07:02:50,116.3022983,40.0076349
Car-1,2008-08-07 07:02:52,116.3022983,40.0076349
Car-1,2008-08-07 07:02:54,116.30229,40.0076433
Car-1,2008-08-07 07:02:57,116.3022933,40.0076699
Car-1,2008-08-07 07:03:00,116.3023116,40.0077016
Car-1,2008-08-07 07:03:03,116.3023116,40.0077699
Car-1,2008-08-07 07:03:06,116.3022933,40.0077999
Car-1,2008-08-07 07:03:09,116.3022983,40.0078316
Car-1,2008-08-07 07:03:12,116.3022983,40.0078499
Car-1,2008-08-07 07:03:15,116.3022966,40.0078933
Car-1,2008-08-07 07:03:18,116.3022749,40.0079133
Car-1,2008-08-07 07:03:21,116.3022783,40.0079316
Car-1,2008-08-07 07:03:24,116.3022766,40.0079383
Car-1,2008-08-07 07:03:25,116.3022766,40.0079383
Car-1,2008-08-07 07:03:27,116.3022749,40.0079333
Car-1,2008-08-07 07:03:30,116.3022583,40.0079599
Car-1,2008-08-07 07:03:33,116.3022683,40.0079849
Car-1,2008-08-07 07:03:36,116.3022633,40.0080199
Car-1,2008-08-07 07:03:39,116.3022416,40.0080299
Car-1,2008-08-07 07:03:42,116.3022433,40.0080399
Car-1,2008-08-07 07:03:43,116.3022433,40.0080399
Car-1,2008-08-07 07:03:45,116.3022466,40.0080483
Car-1,2008-08-07 07:03:48,116.3022399,40.0080866
Car-1,2008-08-07 07:03:51,116.3022416,40.0081083
Car-1,2008-08-07 07:03:54,116.3022666,40.0081416
Car-1,2008-08-07 07:03:58,116.3022833,40.0081616
Car-1,2008-08-07 07:04:01,116.3022949,40.0081749
Car-1,2008-08-07 07:04:07,116.3022883,40.0081899
Car-1,2008-08-07 07:04:10,116.3022866,40.0082049
Car-1,2008-08-07 07:04:15,116.3022833,40.0082166
Car-1,2008-08-07 07:04:18,116.3022816,40.0082383
Car-1,2008-08-07 07:04:21,116.3022766,40.0082816
Car-1,2008-08-07 07:04:24,116.3022533,40.0083283
Car-1,2008-08-07 07:04:27,116.3022416,40.0083866
Car-1,2008-08-07 07:04:30,116.3022166,40.0084183
Car-1,2008-08-07 07:04:33,116.3022016,40.0084349
Car-1,2008-08-07 07:04:37,116.3022183,40.0084716
Car-1,2008-08-07 07:04:40,116.3022033,40.0084883
Car-1,2008-08-07 07:04:43,116.3022016,40.0085316
Car-1,2008-08-07 07:04:46,116.3021916,40.0085449
Car-1,2008-08-07 07:04:49,116.3021816,40.0085516
Car-1,2008-08-07 07:04:52,116.3021799,40.0085783
Car-1,2008-08-07 07:04:55,116.3021716,40.0085949
Car-1,2008-08-07 07:04:58,116.302185,40.0086299
Car-1,2008-08-07 07:05:01,116.3021666,40.0086483
Car-1,2008-08-07 07:05:07,116.3021583,40.0086716
Car-1,2008-08-07 07:05:10,116.302165,40.0087066
Car-1,2008-08-07 07:05:13,116.3021749,40.0087383
Car-1,2008-08-07 07:05:14,116.3021749,40.0087383
Car-1,2008-08-07 07:05:16,116.3021783,40.0087449
Car-1,2008-08-07 07:05:20,116.3021866,40.0087666
Car-1,2008-08-07 07:05:23,116.3021866,40.0088016
Car-1,2008-08-07 07:05:43,116.3021749,40.0088149
Car-1,2008-08-07 07:05:46,116.3021566,40.0088016
Car-1,2008-08-07 07:05:49,116.3021316,40.0087916
Car-1,2008-08-07 07:05:52,116.3021183,40.0088016
Car-1,2008-08-07 07:05:55,116.3021066,40.0088149
Car-1,2008-08-07 07:05:58,116.3020083,40.0088583
Car-1,2008-08-07 07:06:01,116.3019483,40.0088333
Car-1,2008-08-07 07:06:04,116.3019233,40.0088433
Car-1,2008-08-07 07:06:07,116.3018749,40.0088333
Car-1,2008-08-07 07:06:10,116.301835,40.0088199
Car-1,2008-08-07 07:06:13,116.3018066,40.0088066
Car-1,2008-08-07 07:06:16,116.3017816,40.0087899
Car-1,2008-08-07 07:06:19,116.3017466,40.0087683
Car-1,2008-08-07 07:06:22,116.3017083,40.0087633
Car-1,2008-08-07 07:06:25,116.3016849,40.0087483
Car-1,2008-08-07 07:06:28,116.3016466,40.0087183
Car-1,2008-08-07 07:06:31,116.3016366,40.0086966
Car-1,2008-08-07 07:06:34,116.3016199,40.0086683
Car-1,2008-08-07 07:06:37,116.3015999,40.0086333
Car-1,2008-08-07 07:06:40,116.3015483,40.0086099
Car-1,2008-08-07 07:06:43,116.3014833,40.0085749
Car-1,2008-08-07 07:06:46,116.3014766,40.0085416
Car-1,2008-08-07 07:06:49,116.3014716,40.0085199
Car-1,2008-08-07 07:06:52,116.3014333,40.0084949
Car-1,2008-08-07 07:06:55,116.3014216,40.0084883
Car-1,2008-08-07 07:06:58,116.3013966,40.0084849
Car-1,2008-08-07 07:07:01,116.3013849,40.0084966
Car-1,2008-08-07 07:07:04,116.3013816,40.0085066
Car-1,2008-08-07 07:07:07,116.3013766,40.0085233
Car-1,2008-08-07 07:07:10,116.3013516,40.0085283
Car-1,2008-08-07 07:07:13,116.3013383,40.0085333
Car-1,2008-08-07 07:07:20,116.3013249,40.0085299
Car-1,2008-08-07 07:07:23,116.3012983,40.0085399
Car-1,2008-08-07 07:07:26,116.3012633,40.0085449
Car-1,2008-08-07 07:07:29,116.3012383,40.0085566
Car-1,2008-08-07 07:07:32,116.3012099,40.0085699
Car-1,2008-08-07 07:07:35,116.3011966,40.0086066
Car-1,2008-08-07 07:07:38,116.3011816,40.0086483
Car-1,2008-08-07 07:07:41,116.3011149,40.0086433
Car-1,2008-08-07 07:08:13,116.301105,40.0086583
Car-1,2008-08-07 07:08:16,116.3011149,40.0086466
Car-1,2008-08-07 07:08:19,116.3011499,40.0086283
Car-1,2008-08-07 07:08:22,116.3011999,40.0086116
Car-1,2008-08-07 07:08:25,116.3012466,40.0085833
Car-1,2008-08-07 07:08:28,116.3012883,40.0085599
Car-1,2008-08-07 07:08:31,116.3013349,40.0085499
Car-1,2008-08-07 07:08:34,116.3013866,40.0085516
Car-1,2008-08-07 07:08:37,116.301435,40.0085599
Car-1,2008-08-07 07:08:40,116.3014833,40.0085449
Car-1,2008-08-07 07:08:43,116.3015283,40.0085283
Car-1,2008-08-07 07:08:46,116.301575,40.0085083
Car-1,2008-08-07 07:08:49,116.3016199,40.0085099
Car-1,2008-08-07 07:08:52,116.3016549,40.0085266
Car-1,2008-08-07 07:08:55,116.3016766,40.0085566
Car-1,2008-08-07 07:08:58,116.3017083,40.0085683
Car-1,2008-08-07 07:09:01,116.3017349,40.0085933
Car-1,2008-08-07 07:09:04,116.3017566,40.0086133
Car-1,2008-08-07 07:09:07,116.3017699,40.0086349
Car-1,2008-08-07 07:09:10,116.3017766,40.0086633
Car-1,2008-08-07 07:09:13,116.3017749,40.0086966
Car-1,2008-08-07 07:09:16,116.301785,40.0087366
Car-1,2008-08-07 07:09:19,116.3018066,40.0087699
Car-1,2008-08-07 07:09:22,116.3018216,40.008805
Car-1,2008-08-07 07:09:25,116.3018433,40.0088233
Car-1,2008-08-07 07:09:28,116.3018649,40.0088383
Car-1,2008-08-07 07:09:31,116.3018799,40.0088483
Car-1,2008-08-07 07:09:34,116.3019083,40.0088299
Car-1,2008-08-07 07:09:37,116.3019349,40.0088316
Car-1,2008-08-07 07:09:40,116.3019649,40.0088399
Car-1,2008-08-07 07:09:43,116.3019983,40.0088466
Car-1,2008-08-07 07:09:46,116.3020149,40.0088566
Car-1,2008-08-07 07:09:49,116.3020333,40.00886
Car-1,2008-08-07 07:09:52,116.3020399,40.0088499
Car-1,2008-08-07 07:10:12,116.3020549,40.0088399
Car-1,2008-08-07 07:10:13,116.3020549,40.0088399
Car-1,2008-08-07 07:10:15,116.3020516,40.0088466
Car-1,2008-08-07 07:10:18,116.3020599,40.0088583
Car-1,2008-08-07 07:10:24,116.3020716,40.0088633
Car-1,2008-08-07 07:10:35,116.3020616,40.0088749
Car-1,2008-08-07 07:10:38,116.3020566,40.0088899
Car-1,2008-08-07 07:10:41,116.3020549,40.0089266
Car-1,2008-08-07 07:10:44,116.3020566,40.0089516
Car-1,2008-08-07 07:10:47,116.3020616,40.0089883
Car-1,2008-08-07 07:10:50,116.3020966,40.0091283
Car-1,2008-08-07 07:10:53,116.3021516,40.0092433
Car-1,2008-08-07 07:10:56,116.3021466,40.0092733
Car-1,2008-08-07 07:10:59,116.3021366,40.0093066
Car-1,2008-08-07 07:11:02,116.3021266,40.0093399
Car-1,2008-08-07 07:11:05,116.302135,40.0093516
Car-1,2008-08-07 07:11:08,116.3021333,40.0093733
Car-1,2008-08-07 07:11:11,116.3021366,40.0093899
Car-1,2008-08-07 07:11:14,116.3021316,40.0094116
Car-1,2008-08-07 07:11:17,116.3021316,40.0094416
Car-1,2008-08-07 07:11:20,116.30213,40.0094633
Car-1,2008-08-07 07:11:23,116.3021049,40.0094799
Car-1,2008-08-07 07:11:26,116.3020916,40.0094983
Car-1,2008-08-07 07:11:29,116.3020783,40.0095049
Car-1,2008-08-07 07:11:32,116.3020733,40.0095216
Car-1,2008-08-07 07:11:35,116.3020583,40.0095499
Car-1,2008-08-07 07:11:38,116.3020583,40.0095933
Car-1,2008-08-07 07:11:41,116.302045,40.0096133
Car-1,2008-08-07 07:11:44,116.3020266,40.0096449
Car-1,2008-08-07 07:11:47,116.3019766,40.0096316
Car-1,2008-08-07 07:11:55,116.30194,40.0096199
Car-1,2008-08-07 07:11:58,116.3019533,40.0096333
Car-1,2008-08-07 07:12:01,116.3019866,40.0096649
Car-1,2008-08-07 07:12:04,116.3020066,40.0096883
Car-1,2008-08-07 07:12:07,116.3020116,40.0097083
Car-1,2008-08-07 07:12:10,116.30203,40.0097416
Car-1,2008-08-07 07:12:13,116.3020433,40.0097949
Car-1,2008-08-07 07:12:16,116.3020366,40.0098083
Car-1,2008-08-07 07:12:19,116.3020566,40.0098116
Car-1,2008-08-07 07:12:22,116.3020549,40.0098516
Car-1,2008-08-07 07:12:25,116.3020566,40.0098899
Car-1,2008-08-07 07:12:28,116.3020583,40.0099366
Car-1,2008-08-07 07:12:31,116.3020583,40.0099899
Car-1,2008-08-07 07:12:34,116.3020516,40.0100133
Car-1,2008-08-07 07:12:37,116.3020383,40.0100283
Car-1,2008-08-07 07:12:40,116.3020433,40.0100599
Car-1,2008-08-07 07:12:43,116.3020349,40.0100749
Car-1,2008-08-07 07:12:46,116.30203,40.0100949
Car-1,2008-08-07 07:12:49,116.3020283,40.0101216
Car-1,2008-08-07 07:12:52,116.3020266,40.0101533
Car-1,2008-08-07 07:12:55,116.3020283,40.0101933
Car-1,2008-08-07 07:12:58,116.3020166,40.0102166
Car-1,2008-08-07 07:13:01,116.30201,40.0102483
Car-1,2008-08-07 07:13:04,116.3020066,40.0102699
Car-1,2008-08-07 07:13:07,116.3020033,40.0102716
Car-1,2008-08-07 07:13:08,116.3020033,40.0102716
Car-1,2008-08-07 07:13:10,116.3020066,40.0102799
Car-1,2008-08-07 07:13:13,116.3019883,40.0102966
Car-1,2008-08-07 07:13:16,116.3019766,40.0103249
Car-1,2008-08-07 07:13:19,116.3019799,40.0103683
Car-1,2008-08-07 07:13:22,116.3019816,40.0104383
Car-1,2008-08-07 07:13:25,116.3019733,40.0104499
Car-1,2008-08-07 07:13:28,116.3019566,40.0104699
Car-1,2008-08-07 07:13:31,116.30194,40.0104799
Car-1,2008-08-07 07:13:34,116.3019033,40.0105016
Car-1,2008-08-07 07:13:37,116.3018933,40.0105333
Car-1,2008-08-07 07:13:40,116.301905,40.0105583
Car-1,2008-08-07 07:13:43,116.3019199,40.0105766
Car-1,2008-08-07 07:13:46,116.3019099,40.0106066
Car-1,2008-08-07 07:13:49,116.3019033,40.0106366
Car-1,2008-08-07 07:13:52,116.3019066,40.0106599
Car-1,2008-08-07 07:13:55,116.3019083,40.0107083
Car-1,2008-08-07 07:13:58,116.3019033,40.0107199
Car-1,2008-08-07 07:14:01,116.3019083,40.0107016
Car-1,2008-08-07 07:14:04,116.3019016,40.0107549
Car-1,2008-08-07 07:14:07,116.3018966,40.0107883
Car-1,2008-08-07 07:14:10,116.3018999,40.0108066
Car-1,2008-08-07 07:14:13,116.3018766,40.0108133
Car-1,2008-08-07 07:14:16,116.3018683,40.0108333
Car-1,2008-08-07 07:14:19,116.3018966,40.0108449
Car-1,2008-08-07 07:14:22,116.301905,40.0108599
Car-1,2008-08-07 07:14:25,116.3018933,40.0108849
Car-1,2008-08-07 07:14:28,116.3018916,40.0109016
Car-1,2008-08-07 07:14:31,116.30189,40.0109399
Car-1,2008-08-07 07:14:34,116.3018983,40.0109866
Car-1,2008-08-07 07:14:37,116.3018599,40.0109833
Car-1,2008-08-07 07:14:40,116.3018466,40.0110166
Car-1,2008-08-07 07:14:43,116.3018366,40.0110466
Car-1,2008-08-07 07:14:46,116.3018183,40.0110883
Car-1,2008-08-07 07:14:49,116.3018066,40.0111233
Car-1,2008-08-07 07:14:52,116.3018266,40.0111699
Car-1,2008-08-07 07:14:55,116.3018433,40.0111999
Car-1,2008-08-07 07:14:58,116.3018416,40.0112266
Car-1,2008-08-07 07:15:01,116.301835,40.0112416
Car-1,2008-08-07 07:15:04,116.3018266,40.0112766
Car-1,2008-08-07 07:15:07,116.3018283,40.0112933
Car-1,2008-08-07 07:15:10,116.3018216,40.0113049
Car-1,2008-08-07 07:15:13,116.3018583,40.0113349
Car-1,2008-08-07 07:15:16,116.301855,40.0113533
Car-1,2008-08-07 07:15:19,116.3018966,40.0113849
Car-1,2008-08-07 07:15:22,116.3018949,40.0114316
Car-1,2008-08-07 07:15:37,116.3018599,40.0114999
Car-1,2008-08-07 07:15:40,116.3018933,40.0114999
Car-1,2008-08-07 07:15:43,116.3019566,40.0114966
Car-1,2008-08-07 07:15:46,116.301995,40.0114916
Car-1,2008-08-07 07:15:50,116.301995,40.0114916
Car-1,2008-08-07 07:15:52,116.3019933,40.0114966
Car-1,2008-08-07 07:15:55,116.3020216,40.0114833
Car-1,2008-08-07 07:15:58,116.3020216,40.0114299
Car-1,2008-08-07 07:16:01,116.3020366,40.0113916
Car-1,2008-08-07 07:16:04,116.3020433,40.0113399
Car-1,2008-08-07 07:16:07,116.3020666,40.0112999
Car-1,2008-08-07 07:16:10,116.3020916,40.0112483
Car-1,2008-08-07 07:16:13,116.3020883,40.0112116
Car-1,2008-08-07 07:16:16,116.3020666,40.0112066
Car-1,2008-08-07 07:16:19,116.3020216,40.0112066
Car-1,2008-08-07 07:16:22,116.3020266,40.0111766
Car-1,2008-08-07 07:16:26,116.302045,40.0111499
Car-1,2008-08-07 07:16:29,116.3020549,40.0111633
Car-1,2008-08-07 07:16:32,116.3021033,40.0111733
Car-1,2008-08-07 07:16:38,116.3021533,40.0111716
Car-1,2008-08-07 07:16:42,116.3021449,40.0111566
Car-1,2008-08-07 07:16:49,116.3021449,40.0111566
Car-1,2008-08-07 07:16:51,116.3021449,40.0111549
Car-1,2008-08-07 07:16:54,116.3021733,40.0111633
Car-1,2008-08-07 07:16:57,116.3021966,40.0111566
Car-1,2008-08-07 07:17:00,116.3022249,40.0111549
Car-1,2008-08-07 07:17:03,116.3022416,40.0111333
Car-1,2008-08-07 07:17:06,116.3022483,40.0111149
Car-1,2008-08-07 07:17:13,116.3022483,40.0111149
Car-1,2008-08-07 07:17:15,116.302255,40.0111099
Car-1,2008-08-07 07:17:18,116.3022683,40.0110966
Car-1,2008-08-07 07:17:21,116.30229,40.0110866
Car-1,2008-08-07 07:17:24,116.3023099,40.0110799
Car-1,2008-08-07 07:17:26,116.3023099,40.0110799
Car-1,2008-08-07 07:17:28,116.3023083,40.0110783
Car-1,2008-08-07 07:17:31,116.3023316,40.0110716
Car-1,2008-08-07 07:17:34,116.30236,40.0110733
Car-1,2008-08-07 07:17:37,116.3023799,40.0110799
Car-1,2008-08-07 07:17:40,116.3023933,40.0110866
Car-1,2008-08-07 07:17:43,116.3024149,40.0110933
Car-1,2008-08-07 07:17:46,116.3024399,40.0110999
Car-1,2008-08-07 07:17:51,116.3024716,40.0111099
Car-1,2008-08-07 07:17:54,116.3024949,40.0111183
Car-1,2008-08-07 07:18:03,116.3025099,40.0111199
Car-1,2008-08-07 07:18:06,116.3025116,40.0111349
Car-1,2008-08-07 07:18:09,116.3024983,40.0111499
Car-1,2008-08-07 07:18:12,116.3024833,40.0111683
Car-1,2008-08-07 07:18:15,116.3024616,40.0111899
Car-1,2008-08-07 07:18:18,116.3024366,40.0112083
Car-1,2008-08-07 07:18:21,116.3024283,40.0112349
Car-1,2008-08-07 07:18:24,116.3024216,40.0112599
Car-1,2008-08-07 07:18:27,116.3024116,40.0112833
Car-1,2008-08-07 07:18:30,116.3024016,40.0113049
Car-1,2008-08-07 07:18:33,116.3023899,40.0113249
Car-1,2008-08-07 07:18:36,116.3023849,40.0113549
Car-1,2008-08-07 07:18:40,116.302375,40.0113799
Car-1,2008-08-07 07:18:43,116.3023866,40.0113933
Car-1,2008-08-07 07:18:46,116.302395,40.0114183
Car-1,2008-08-07 07:18:59,116.3023866,40.0114583
Car-1,2008-08-07 07:19:02,116.3023999,40.01147
Car-1,2008-08-07 07:19:04,116.3023999,40.01147
Car-1,2008-08-07 07:19:06,116.3024033,40.0114716
Car-1,2008-08-07 07:19:10,116.3023866,40.0114933
Car-1,2008-08-07 07:19:13,116.3023733,40.0115299
Car-1,2008-08-07 07:19:17,116.3023883,40.0115333
Car-1,2008-08-07 07:19:20,116.302395,40.0115483
Car-1,2008-08-07 07:19:24,116.3023849,40.0115899
Car-1,2008-08-07 07:19:27,116.3024049,40.0116349
Car-1,2008-08-07 07:19:30,116.3024166,40.0116883
Car-1,2008-08-07 07:19:33,116.3023816,40.0117133
Car-1,2008-08-07 07:19:36,116.3023616,40.0117166
Car-1,2008-08-07 07:19:39,116.3023316,40.0117083
Car-1,2008-08-07 07:19:42,116.3023216,40.0117399
Car-1,2008-08-07 07:19:46,116.3023066,40.01178
Car-1,2008-08-07 07:19:49,116.3023066,40.0117999
Car-1,2008-08-07 07:19:52,116.3023083,40.0118349
Car-1,2008-08-07 07:19:55,116.3023133,40.0118466
Car-1,2008-08-07 07:19:59,116.3023149,40.0118599
Car-1,2008-08-07 07:20:02,116.3023066,40.0118749
Car-1,2008-08-07 07:20:05,116.3023099,40.0118849
Car-1,2008-08-07 07:20:08,116.3023283,40.0119099
Car-1,2008-08-07 07:20:12,116.3023316,40.0119516
Car-1,2008-08-07 07:20:15,116.3023283,40.0119749
Car-1,2008-08-07 07:20:45,116.3023083,40.0120049
Car-1,2008-08-07 07:20:48,116.3023016,40.0120233
Car-1,2008-08-07 07:20:51,116.302305,40.0120499
Car-1,2008-08-07 07:20:54,116.3023116,40.0120733
Car-1,2008-08-07 07:20:56,116.3023116,40.0120733
Car-1,2008-08-07 07:20:58,116.3023133,40.0120783
Car-1,2008-08-07 07:21:01,116.3023083,40.0120633
Car-1,2008-08-07 07:21:04,116.3023033,40.0120399
Car-1,2008-08-07 07:21:07,116.3022999,40.0120133
Car-1,2008-08-07 07:21:10,116.3023016,40.0119899
Car-1,2008-08-07 07:21:13,116.3022999,40.0119666
Car-1,2008-08-07 07:21:16,116.3023099,40.0119349
Car-1,2008-08-07 07:21:19,116.3023083,40.0119083
Car-1,2008-08-07 07:21:22,116.3023283,40.0118849
Car-1,2008-08-07 07:21:25,116.3023449,40.0118849
Car-1,2008-08-07 07:21:45,116.3023533,40.0118866
Car-1,2008-08-07 07:21:48,116.3023583,40.0118783
Car-1,2008-08-07 07:21:50,116.3023583,40.0118783
Car-1,2008-08-07 07:21:52,116.3023566,40.0118766
Car-1,2008-08-07 07:21:55,116.30236,40.0118633
Car-1,2008-08-07 07:21:58,116.3023666,40.0118433
Car-1,2008-08-07 07:22:01,116.3023733,40.0118216
Car-1,2008-08-07 07:22:04,116.3023799,40.0118099
Car-1,2008-08-07 07:22:07,116.3023999,40.0118066
Car-1,2008-08-07 07:22:10,116.3024166,40.0117999
Car-1,2008-08-07 07:22:13,116.3024616,40.0117816
Car-1,2008-08-07 07:22:16,116.3025116,40.01178
Car-1,2008-08-07 07:22:19,116.30257,40.0117766
Car-1,2008-08-07 07:22:22,116.3026116,40.0117733
Car-1,2008-08-07 07:22:25,116.3026466,40.0117966
Car-1,2008-08-07 07:22:28,116.3026633,40.0118199
Car-1,2008-08-07 07:22:31,116.3026883,40.0118416
Car-1,2008-08-07 07:22:34,116.30271,40.0118649
Car-1,2008-08-07 07:22:37,116.3027433,40.0118816
Car-1,2008-08-07 07:22:40,116.3027716,40.0118949
Car-1,2008-08-07 07:22:43,116.302815,40.0119099
Car-1,2008-08-07 07:22:46,116.3028416,40.0119049
Car-1,2008-08-07 07:22:49,116.3028766,40.0119066
Car-1,2008-08-07 07:22:52,116.3029133,40.0119083
Car-1,2008-08-07 07:22:55,116.3029499,40.0119083
Car-1,2008-08-07 07:22:58,116.30299,40.0119149
Car-1,2008-08-07 07:23:01,116.3030133,40.0119233
Car-1,2008-08-07 07:23:04,116.3030283,40.0119483
Car-1,2008-08-07 07:23:07,116.3030549,40.0119683
Car-1,2008-08-07 07:23:10,116.303095,40.0119799
Car-1,2008-08-07 07:23:13,116.3031349,40.0119883
Car-1,2008-08-07 07:23:16,116.3031666,40.0119916
Car-1,2008-08-07 07:23:19,116.3031983,40.0119883
Car-1,2008-08-07 07:23:22,116.3032366,40.0119883
Car-1,2008-08-07 07:23:25,116.3032766,40.0119933
Car-1,2008-08-07 07:23:28,116.3033133,40.0119966
Car-1,2008-08-07 07:23:31,116.3033516,40.0119999
Car-1,2008-08-07 07:23:34,116.3033766,40.0120066
Car-1,2008-08-07 07:23:37,116.3034066,40.0120133
Car-1,2008-08-07 07:23:40,116.3034199,40.0120299
Car-1,2008-08-07 07:23:43,116.3034199,40.0120483
Car-1,2008-08-07 07:23:46,116.30344,40.0120716
Car-1,2008-08-07 07:23:49,116.3034499,40.0121033
Car-1,2008-08-07 07:23:52,116.3034666,40.0121266
Car-1,2008-08-07 07:23:55,116.3034883,40.0121433
Car-1,2008-08-07 07:23:58,116.3035166,40.0121333
Car-1,2008-08-07 07:24:01,116.3035233,40.0120966
Car-1,2008-08-07 07:24:04,116.3035166,40.0120649
Car-1,2008-08-07 07:24:07,116.30353,40.0120216
Car-1,2008-08-07 07:24:36,116.303265,40.0118349
Car-1,2008-08-07 07:24:46,116.30325,40.0118366
Car-1,2008-08-07 07:24:49,116.3032566,40.0118516
Car-1,2008-08-07 07:24:52,116.3032449,40.0118766
Car-1,2008-08-07 07:24:55,116.3032316,40.0119066
Car-1,2008-08-07 07:24:58,116.3032233,40.0119483
Car-1,2008-08-07 07:25:01,116.3031966,40.0120349
Car-1,2008-08-07 07:25:19,116.3031199,40.0122549
Car-1,2008-08-07 07:25:24,116.3031049,40.0120766
Car-1,2008-08-07 07:25:30,116.3031349,40.0119933
Car-1,2008-08-07 07:25:33,116.3031266,40.0119716
Car-1,2008-08-07 07:25:36,116.3031049,40.0119599
Car-1,2008-08-07 07:25:39,116.3030883,40.0119499
Car-1,2008-08-07 07:25:42,116.303095,40.0119399
Car-1,2008-08-07 07:25:45,116.3031183,40.01193
Car-1,2008-08-07 07:25:48,116.3031366,40.0119216
Car-1,2008-08-07 07:25:51,116.3031683,40.0119099
Car-1,2008-08-07 07:25:54,116.30323,40.0119083
Car-1,2008-08-07 07:25:57,116.3032883,40.0119149
Car-1,2008-08-07 07:26:00,116.3033383,40.0119149
Car-1,2008-08-07 07:26:03,116.3033999,40.0119183
Car-1,2008-08-07 07:26:06,116.3034649,40.0119333
Car-1,2008-08-07 07:26:09,116.3035049,40.0119383
Car-1,2008-08-07 07:26:12,116.3035516,40.0119466
Car-1,2008-08-07 07:26:15,116.3035983,40.0119599
Car-1,2008-08-07 07:26:18,116.3036383,40.0119816
Car-1,2008-08-07 07:26:21,116.303685,40.0119899
Car-1,2008-08-07 07:26:24,116.3037266,40.0119933
Car-1,2008-08-07 07:26:27,116.3037649,40.0119949
Car-1,2008-08-07 07:26:30,116.3038049,40.0120016
Car-1,2008-08-07 07:26:33,116.3038366,40.0120066
Car-1,2008-08-07 07:26:36,116.3038683,40.0120083
Car-1,2008-08-07 07:26:39,116.3039049,40.0120116
Car-1,2008-08-07 07:26:42,116.3039399,40.0120149
Car-1,2008-08-07 07:26:45,116.3039783,40.0120183
Car-1,2008-08-07 07:26:48,116.3040116,40.0120216
Car-1,2008-08-07 07:26:51,116.3040416,40.0120266
Car-1,2008-08-07 07:26:54,116.3040633,40.0120299
Car-1,2008-08-07 07:26:57,116.3040883,40.0120366
Car-1,2008-08-07 07:27:00,116.3041116,40.0120416
Car-1,2008-08-07 07:27:03,116.3041416,40.0120433
Car-1,2008-08-07 07:27:06,116.3041733,40.0120449
Car-1,2008-08-07 07:27:09,116.30421,40.0120466
Car-1,2008-08-07 07:27:12,116.3042399,40.0120566
Car-1,2008-08-07 07:27:15,116.3042549,40.0120616
Car-1,2008-08-07 07:27:18,116.3042866,40.0120799
Car-1,2008-08-07 07:27:21,116.3043216,40.0120833
Car-1,2008-08-07 07:27:24,116.3043633,40.0120849
Car-1,2008-08-07 07:27:27,116.3043949,40.0120849
Car-1,2008-08-07 07:27:30,116.3044266,40.0120883
Car-1,2008-08-07 07:27:33,116.3044616,40.0120816
Car-1,2008-08-07 07:27:36,116.3044983,40.0120766
Car-1,2008-08-07 07:27:41,116.3045133,40.0120699
Car-1,2008-08-07 07:27:44,116.3045333,40.0120733
Car-1,2008-08-07 07:27:47,116.3045549,40.0120716
Car-1,2008-08-07 07:27:50,116.3045766,40.0120699
Car-1,2008-08-07 07:27:53,116.3045866,40.0120733
Car-1,2008-08-07 07:27:56,116.3045999,40.0120716
Car-1,2008-08-07 07:28:11,116.3045999,40.0120716
Car-1,2008-08-07 07:28:13,116.3046049,40.0120699
Car-1,2008-08-07 07:28:16,116.3046283,40.0120833
Car-1,2008-08-07 07:28:19,116.3046499,40.0120966
Car-1,2008-08-07 07:28:22,116.3046516,40.0121133
Car-1,2008-08-07 07:28:25,116.3046366,40.0121216
Car-1,2008-08-07 07:28:28,116.3046066,40.0121199
Car-1,2008-08-07 07:28:31,116.3046266,40.0121616
Car-1,2008-08-07 07:28:34,116.3046466,40.0121949
Car-1,2008-08-07 07:42:59,116.3046283,40.0121883
Car-1,2008-08-07 07:43:02,116.3046149,40.0121816
Car-1,2008-08-07 07:43:05,116.3045933,40.0121916
Car-1,2008-08-07 07:43:08,116.3045633,40.0122099
Car-1,2008-08-07 07:43:11,116.3045316,40.0122149
Car-1,2008-08-07 07:43:14,116.3044933,40.0122116
Car-1,2008-08-07 07:43:17,116.304455,40.0122083
Car-1,2008-08-07 07:43:20,116.3044149,40.0122099
Car-1,2008-08-07 07:43:23,116.304385,40.0122133
Car-1,2008-08-07 07:43:26,116.3043433,40.0122116
Car-1,2008-08-07 07:43:29,116.3043083,40.0122083
Car-1,2008-08-07 07:43:32,116.3042733,40.0122099
Car-1,2008-08-07 07:43:35,116.3042383,40.0122099
Car-1,2008-08-07 07:43:38,116.3042016,40.0122066
Car-1,2008-08-07 07:43:41,116.3041666,40.0122016
Car-1,2008-08-07 07:43:44,116.3041349,40.0121983
Car-1,2008-08-07 07:43:47,116.3040999,40.0121966
Car-1,2008-08-07 07:43:50,116.3040516,40.0121933
Car-1,2008-08-07 07:43:54,116.3040083,40.0121999
Car-1,2008-08-07 07:43:57,116.3039766,40.0122033
Car-1,2008-08-07 07:44:00,116.3039416,40.0122099
Car-1,2008-08-07 07:44:05,116.30393,40.0122116
Car-1,2008-08-07 07:44:08,116.3039116,40.0122033
Car-1,2008-08-07 07:44:12,116.3039183,40.0122033
Car-1,2008-08-07 07:44:19,116.3039183,40.0122033
Car-1,2008-08-07 07:44:21,116.3039199,40.0122033
Car-1,2008-08-07 07:44:24,116.3039016,40.0121849
Car-1,2008-08-07 07:44:27,116.3038683,40.0121816
Car-1,2008-08-07 07:44:30,116.3038433,40.0121783
Car-1,2008-08-07 07:44:33,116.3038149,40.0121766
Car-1,2008-08-07 07:44:36,116.3037666,40.0121666
Car-1,2008-08-07 07:44:39,116.3037299,40.0121583
Car-1,2008-08-07 07:44:42,116.3037016,40.0121533
Car-1,2008-08-07 07:44:45,116.3036766,40.0121483
Car-1,2008-08-07 07:44:48,116.3036566,40.0121249
Car-1,2008-08-07 07:44:51,116.3036633,40.0121133
Car-1,2008-08-07 07:44:54,116.3036883,40.0120983
Car-1,2008-08-07 07:44:59,116.3037266,40.0120899
Car-1,2008-08-07 07:45:02,116.3037183,40.0120816
Car-1,2008-08-07 07:45:06,116.3037183,40.0120816
Car-1,2008-08-07 07:45:08,116.3037183,40.0120783
Car-1,2008-08-07 07:45:11,116.3036916,40.0120749
Car-1,2008-08-07 07:45:14,116.3036516,40.0120683
Car-1,2008-08-07 07:45:17,116.3035866,40.012055
Car-1,2008-08-07 07:45:20,116.3035699,40.0120266
Car-1,2008-08-07 07:45:23,116.3035566,40.0119899
Car-1,2008-08-07 07:45:26,116.3035399,40.0119599
Car-1,2008-08-07 07:45:29,116.3035049,40.0119466
Car-1,2008-08-07 07:45:32,116.3034666,40.0119466
Car-1,2008-08-07 07:45:35,116.3034283,40.0119499
Car-1,2008-08-07 07:45:38,116.3033983,40.0119449
Car-1,2008-08-07 07:45:41,116.3033649,40.0119416
Car-1,2008-08-07 07:45:44,116.3033333,40.0119383
Car-1,2008-08-07 07:45:47,116.3033066,40.0119333
Car-1,2008-08-07 07:45:50,116.3032833,40.0119333
Car-1,2008-08-07 07:45:53,116.3032616,40.0119349
Car-1,2008-08-07 07:45:56,116.3032416,40.0119383
Car-1,2008-08-07 07:45:59,116.3032249,40.0119399
Car-1,2008-08-07 07:46:02,116.3032066,40.0119383
Car-1,2008-08-07 07:46:05,116.3031916,40.0119266
Car-1,2008-08-07 07:46:08,116.3031699,40.0119216
Car-1,2008-08-07 07:46:11,116.3031483,40.0119166
Car-1,2008-08-07 07:46:14,116.3031283,40.0119149
Car-1,2008-08-07 07:46:17,116.3031083,40.0119116
Car-1,2008-08-07 07:46:20,116.3030833,40.0119099
Car-1,2008-08-07 07:46:23,116.3030566,40.0119083
Car-1,2008-08-07 07:46:26,116.3030316,40.0119049
Car-1,2008-08-07 07:46:29,116.3030033,40.0119033
Car-1,2008-08-07 07:46:32,116.3029733,40.0118983
Car-1,2008-08-07 07:46:35,116.3029466,40.0118966
Car-1,2008-08-07 07:46:38,116.30292,40.0118933
Car-1,2008-08-07 07:46:41,116.3028933,40.0118883
Car-1,2008-08-07 07:46:44,116.3028749,40.0118783
Car-1,2008-08-07 07:46:47,116.3028566,40.0118616
Car-1,2008-08-07 07:46:50,116.3028466,40.0118499
Car-1,2008-08-07 07:46:53,116.3028266,40.0118399
Car-1,2008-08-07 07:46:56,116.3028116,40.0118249
Car-1,2008-08-07 07:46:59,116.3027833,40.0118183
Car-1,2008-08-07 07:47:02,116.3027416,40.0118299
Car-1,2008-08-07 07:47:05,116.30271,40.0118333
Car-1,2008-08-07 07:47:08,116.3026733,40.0118316
Car-1,2008-08-07 07:47:11,116.3026433,40.0118299
Car-1,2008-08-07 07:47:14,116.3026316,40.0118299
Car-1,2008-08-07 07:47:17,116.30262,40.0118233
Car-1,2008-08-07 07:47:20,116.3026066,40.0118099
Car-1,2008-08-07 07:47:23,116.3025949,40.0117866
Car-1,2008-08-07 07:47:26,116.3025766,40.0117683
Car-1,2008-08-07 07:47:29,116.3025599,40.0117516
Car-1,2008-08-07 07:47:32,116.3025449,40.0117383
Car-1,2008-08-07 07:47:35,116.3025233,40.0117216
Car-1,2008-08-07 07:47:38,116.3025066,40.0117049
Car-1,2008-08-07 07:47:41,116.3024983,40.0116799
Car-1,2008-08-07 07:47:44,116.3024933,40.0116583
Car-1,2008-08-07 07:47:47,116.30248,40.0116249
Car-1,2008-08-07 07:47:50,116.3024666,40.0116016
Car-1,2008-08-07 07:47:53,116.302465,40.0115899
Car-1,2008-08-07 07:47:56,116.3024216,40.0115783
Car-1,2008-08-07 07:47:59,116.3024033,40.0115883
Car-1,2008-08-07 07:48:02,116.30236,40.0115933
Car-1,2008-08-07 07:48:05,116.3023349,40.0116083
Car-1,2008-08-07 07:48:08,116.3022999,40.0115983
Car-1,2008-08-07 07:48:11,116.3022799,40.0115783
Car-1,2008-08-07 07:48:14,116.3022599,40.0115649
Car-1,2008-08-07 07:48:17,116.3022399,40.0115483
Car-1,2008-08-07 07:48:20,116.3022083,40.0115216
Car-1,2008-08-07 07:48:23,116.3021866,40.0115133
Car-1,2008-08-07 07:48:26,116.3021749,40.0114983
Car-1,2008-08-07 07:48:29,116.3021533,40.0114766
Car-1,2008-08-07 07:48:32,116.30213,40.0114649
Car-1,2008-08-07 07:48:35,116.3021116,40.0114366
Car-1,2008-08-07 07:48:38,116.3021049,40.0114216
Car-1,2008-08-07 07:48:41,116.3020983,40.0113966
Car-1,2008-08-07 07:48:44,116.3020983,40.0113749
Car-1,2008-08-07 07:48:47,116.3020766,40.0113633
Car-1,2008-08-07 07:48:50,116.3020416,40.0113766
Car-1,2008-08-07 07:48:53,116.3020066,40.0113833
Car-1,2008-08-07 07:48:56,116.3019699,40.0113899
Car-1,2008-08-07 07:48:59,116.3019333,40.0113949
Car-1,2008-08-07 07:49:02,116.3019016,40.0113949
Car-1,2008-08-07 07:49:05,116.30187,40.0113999
Car-1,2008-08-07 07:49:08,116.3018399,40.0113999
Car-1,2008-08-07 07:49:11,116.3018099,40.0113983
Car-1,2008-08-07 07:49:14,116.3017866,40.0113899
Car-1,2008-08-07 07:49:18,116.3017733,40.0113816
Car-1,2008-08-07 07:49:21,116.3017816,40.0113816
Car-1,2008-08-07 07:49:22,116.3017816,40.0113816
Car-1,2008-08-07 07:49:24,116.3017749,40.0113866
Car-1,2008-08-07 07:49:27,116.3017583,40.0113749
Car-1,2008-08-07 07:49:30,116.3017399,40.0113466
Car-1,2008-08-07 07:49:33,116.3017366,40.0113283
Car-1,2008-08-07 07:49:36,116.3017399,40.0113116
Car-1,2008-08-07 07:49:39,116.3017333,40.0112833
Car-1,2008-08-07 07:49:42,116.3017233,40.0112549
Car-1,2008-08-07 07:49:44,116.3017349,40.0112533
Car-1,2008-08-07 07:49:54,116.3017349,40.0112933
Car-1,2008-08-07 07:49:57,116.3017733,40.0113133
Car-1,2008-08-07 07:50:00,116.3017799,40.0113416
Car-1,2008-08-07 07:50:03,116.3017666,40.0113499
Car-1,2008-08-07 07:50:15,116.3017666,40.0113499
Car-1,2008-08-07 07:50:17,116.3017716,40.0113466
Car-1,2008-08-07 07:50:54,116.3017583,40.0113499
Car-1,2008-08-07 07:50:57,116.30175,40.0113083
Car-1,2008-08-07 07:51:34,116.3017549,40.0112999
Car-1,2008-08-07 07:51:48,116.3017549,40.0112999
Car-1,2008-08-07 07:51:50,116.3017549,40.0113016
Car-1,2008-08-07 07:51:52,116.3017433,40.0113133
Car-1,2008-08-07 07:51:53,116.3017433,40.0113133
Car-1,2008-08-07 07:51:55,116.3017466,40.0113133
Car-1,2008-08-07 07:52:11,116.3017616,40.0113133
Car-1,2008-08-07 07:53:30,116.3017616,40.0113133
Car-1,2008-08-07 07:53:32,116.3017583,40.0113099
Car-1,2008-08-07 07:53:35,116.30175,40.0112949
Car-1,2008-08-07 07:53:38,116.3017383,40.0111899
Car-1,2008-08-07 07:53:40,116.3017399,40.0111133
Car-1,2008-08-07 07:53:42,116.3017483,40.0110349
Car-1,2008-08-07 07:53:44,116.3017583,40.0109499
Car-1,2008-08-07 07:53:46,116.3017899,40.0108466
Car-1,2008-08-07 07:53:48,116.3017916,40.0107549
Car-1,2008-08-07 07:53:50,116.3018183,40.0106483
Car-1,2008-08-07 07:53:52,116.3018383,40.0105599
Car-1,2008-08-07 07:53:54,116.3018533,40.0104716
Car-1,2008-08-07 07:53:56,116.3018683,40.0103866
Car-1,2008-08-07 07:53:58,116.3018983,40.0102799
Car-1,2008-08-07 07:54:00,116.3019216,40.0101899
Car-1,2008-08-07 07:54:02,116.30194,40.0101033
Car-1,2008-08-07 07:54:04,116.3019583,40.0100166
Car-1,2008-08-07 07:54:06,116.3019699,40.0099316
Car-1,2008-08-07 07:54:08,116.3019783,40.0098449
Car-1,2008-08-07 07:54:10,116.3019999,40.0097599
Car-1,2008-08-07 07:54:12,116.3020149,40.0096766
Car-1,2008-08-07 07:54:14,116.3020233,40.0095899
Car-1,2008-08-07 07:54:16,116.3020316,40.0094983
Car-1,2008-08-07 07:54:18,116.3020333,40.0094133
Car-1,2008-08-07 07:54:20,116.302045,40.0093299
Car-1,2008-08-07 07:54:22,116.3020416,40.0092599
Car-1,2008-08-07 07:54:24,116.3020349,40.0091916
Car-1,2008-08-07 07:54:26,116.3020199,40.0091216
Car-1,2008-08-07 07:54:28,116.30201,40.0090549
Car-1,2008-08-07 07:54:30,116.3020249,40.0089633
Car-1,2008-08-07 07:54:32,116.3020283,40.0088799
Car-1,2008-08-07 07:54:34,116.302045,40.0088033
Car-1,2008-08-07 07:54:36,116.3020683,40.0087199
Car-1,2008-08-07 07:54:38,116.3020599,40.0086416
Car-1,2008-08-07 07:54:40,116.3020549,40.0085683
Car-1,2008-08-07 07:54:42,116.3020516,40.0084916
Car-1,2008-08-07 07:54:44,116.3020699,40.0084116
Car-1,2008-08-07 07:54:46,116.3020766,40.0083483
Car-1,2008-08-07 07:54:48,116.3021199,40.0082566
Car-1,2008-08-07 07:54:50,116.3021816,40.0081316
Car-1,2008-08-07 07:54:52,116.3021533,40.0080666
Car-1,2008-08-07 07:54:54,116.3021516,40.0079666
Car-1,2008-08-07 07:54:56,116.302115,40.0078966
Car-1,2008-08-07 07:54:58,116.3021033,40.0078116
Car-1,2008-08-07 07:55:00,116.3021066,40.0077199
Car-1,2008-08-07 07:55:02,116.3021383,40.0076166
Car-1,2008-08-07 07:55:04,116.3021333,40.0075199
Car-1,2008-08-07 07:55:06,116.3021633,40.0074099
Car-1,2008-08-07 07:55:08,116.3021766,40.0073099
Car-1,2008-08-07 07:55:10,116.3021933,40.0072083
Car-1,2008-08-07 07:55:12,116.3022016,40.0071149
Car-1,2008-08-07 07:55:14,116.3022266,40.0070149
Car-1,2008-08-07 07:55:16,116.3022133,40.0069233
Car-1,2008-08-07 07:55:18,116.3022466,40.0067883
Car-1,2008-08-07 07:55:20,116.3022433,40.0066949
Car-1,2008-08-07 07:55:22,116.3022983,40.0065816
Car-1,2008-08-07 07:55:24,116.3023366,40.0064316
Car-1,2008-08-07 07:55:26,116.3023666,40.0063066
Car-1,2008-08-07 07:55:28,116.3024349,40.0061483
Car-1,2008-08-07 07:55:30,116.3024349,40.0060333
Car-1,2008-08-07 07:55:32,116.3024366,40.0059266
Car-1,2008-08-07 07:55:34,116.3024316,40.0058216
Car-1,2008-08-07 07:55:36,116.3024183,40.0057333
Car-1,2008-08-07 07:55:38,116.3024266,40.0056449
Car-1,2008-08-07 07:55:40,116.3024549,40.0055283
Car-1,2008-08-07 07:55:42,116.3024583,40.0054416
Car-1,2008-08-07 07:55:44,116.3024899,40.0053599
Car-1,2008-08-07 07:55:46,116.3025233,40.0053033
Car-1,2008-08-07 07:55:48,116.3025616,40.0052466
Car-1,2008-08-07 07:55:50,116.3026266,40.0051916
Car-1,2008-08-07 07:55:52,116.3027233,40.0051383
Car-1,2008-08-07 07:55:54,116.3028416,40.0051266
Car-1,2008-08-07 07:55:56,116.3029449,40.0051133
Car-1,2008-08-07 07:55:58,116.3030349,40.0051133
Car-1,2008-08-07 07:56:00,116.3031533,40.0051149
Car-1,2008-08-07 07:56:02,116.3032666,40.0051199
Car-1,2008-08-07 07:56:04,116.3033516,40.0051316
Car-1,2008-08-07 07:56:06,116.3034366,40.0051233
Car-1,2008-08-07 07:56:08,116.3034899,40.0051049
Car-1,2008-08-07 07:56:12,116.3035083,40.0050949
Car-1,2008-08-07 07:56:19,116.3035283,40.0050666
Car-1,2008-08-07 07:56:22,116.3035399,40.0050649
Car-1,2008-08-07 07:56:25,116.303565,40.0050566
Car-1,2008-08-07 07:56:28,116.3035916,40.0050366
Car-1,2008-08-07 07:56:31,116.3036233,40.0050033
Car-1,2008-08-07 07:56:34,116.3036566,40.0049766
Car-1,2008-08-07 07:56:37,116.3036816,40.0049599
Car-1,2008-08-07 07:56:40,116.3037066,40.0049199
Car-1,2008-08-07 07:56:43,116.3037333,40.0048983
Car-1,2008-08-07 07:56:46,116.3037583,40.0048833
Car-1,2008-08-07 07:56:49,116.3038049,40.0048749
Car-1,2008-08-07 07:56:52,116.3038383,40.0048633
Car-1,2008-08-07 07:56:55,116.3038666,40.0048599
Car-1,2008-08-07 07:56:58,116.3038883,40.0048583
Car-1,2008-08-07 07:57:03,116.3039216,40.0048533
Car-1,2008-08-07 07:57:06,116.3039549,40.0048583
Car-1,2008-08-07 07:57:09,116.3039883,40.0048599
Car-1,2008-08-07 07:57:12,116.30402,40.0048583
Car-1,2008-08-07 07:57:15,116.3040533,40.0048466
Car-1,2008-08-07 07:57:18,116.3040999,40.0048416
Car-1,2008-08-07 07:57:21,116.3041416,40.0048499
Car-1,2008-08-07 07:57:24,116.3042166,40.0048433
Car-1,2008-08-07 07:57:27,116.3042483,40.0048699
Car-1,2008-08-07 07:57:30,116.3042849,40.0048616
Car-1,2008-08-07 07:57:33,116.3043349,40.0048516
Car-1,2008-08-07 07:57:36,116.3043899,40.0048366
Car-1,2008-08-07 07:57:39,116.3044266,40.0048416
Car-1,2008-08-07 07:57:42,116.304455,40.0048433
Car-1,2008-08-07 07:57:45,116.3044783,40.0048449
Car-1,2008-08-07 07:57:48,116.3045066,40.0048349
Car-1,2008-08-07 07:57:51,116.3045283,40.0048316
Car-1,2008-08-07 07:57:54,116.304595,40.0048216
Car-1,2008-08-07 07:57:57,116.3046249,40.0048266
Car-1,2008-08-07 07:58:00,116.3046383,40.0048416
Car-1,2008-08-07 07:58:03,116.3046899,40.0047849
Car-1,2008-08-07 07:58:06,116.3047083,40.0047916
Car-1,2008-08-07 07:58:09,116.3047133,40.0048183
Car-1,2008-08-07 07:58:12,116.3047333,40.0048299
Car-1,2008-08-07 07:58:15,116.3047566,40.0048299
Car-1,2008-08-07 07:58:18,116.3047999,40.0048016
Car-1,2008-08-07 07:58:19,116.3047999,40.0048016
Car-1,2008-08-07 07:58:21,116.3047999,40.0047966
Car-1,2008-08-07 07:58:24,116.3047949,40.0047716
Car-1,2008-08-07 07:58:31,116.3047816,40.0047549
Car-1,2008-08-07 07:58:34,116.3047933,40.0047583
Car-1,2008-08-07 07:58:37,116.3048099,40.0047333
Car-1,2008-08-07 07:58:40,116.3048033,40.0047199
Car-1,2008-08-07 07:58:43,116.3047716,40.0046983
Car-1,2008-08-07 07:58:46,116.3047616,40.0046516
Car-1,2008-08-07 07:58:49,116.3047449,40.0046116
Car-1,2008-08-07 07:58:59,116.3047433,40.0045916
Car-1,2008-08-07 07:59:08,116.3047466,40.0045883
Car-1,2008-08-07 07:59:09,116.3047466,40.0045883
Car-1,2008-08-07 07:59:11,116.3047483,40.0045899
Car-1,2008-08-07 07:59:14,116.3047466,40.0046083
Car-1,2008-08-07 07:59:17,116.3047749,40.0045733
Car-1,2008-08-07 07:59:20,116.3048016,40.0045349
Car-1,2008-08-07 07:59:29,116.3048166,40.0045116
Car-1,2008-08-07 07:59:32,116.3048249,40.0044966
Car-1,2008-08-07 07:59:35,116.3048166,40.0044783
Car-1,2008-08-07 07:59:38,116.3048083,40.0044516
Car-1,2008-08-07 07:59:41,116.3047983,40.0044349
Car-1,2008-08-07 07:59:44,116.3047949,40.0044199
Car-1,2008-08-07 07:59:47,116.3047866,40.0044016
Car-1,2008-08-07 07:59:50,116.3047783,40.0043866
Car-1,2008-08-07 07:59:53,116.3047766,40.0043733
Car-1,2008-08-07 07:59:56,116.3047766,40.0043566
Car-1,2008-08-07 07:59:59,116.3047749,40.0043466
Car-1,2008-08-07 08:00:02,116.3047866,40.0043166
Car-1,2008-08-07 08:00:05,116.3047899,40.0042999
Car-1,2008-08-07 08:00:08,116.3047949,40.0042816
Car-1,2008-08-07 08:00:11,116.3048599,40.0041399
Car-1,2008-08-07 08:00:14,116.3048849,40.0040733
Car-1,2008-08-07 08:00:17,116.3048966,40.0040283
Car-1,2008-08-07 08:00:20,116.3048983,40.0040116
Car-1,2008-08-07 08:00:23,116.3049116,40.0039899
Car-1,2008-08-07 08:00:26,116.304925,40.0039866
Car-1,2008-08-07 08:00:30,116.3049333,40.0039966
Car-1,2008-08-07 08:00:33,116.3049499,40.0039816
Car-1,2008-08-07 08:00:45,116.3049299,40.0039999
Car-1,2008-08-07 08:00:48,116.3049366,40.0039816
Car-1,2008-08-07 08:00:51,116.3049433,40.0039599
Car-1,2008-08-07 08:00:54,116.3049499,40.0039366
Car-1,2008-08-07 08:00:57,116.3049616,40.0039083
Car-1,2008-08-07 08:01:00,116.3049716,40.0038833
Car-1,2008-08-07 08:01:03,116.3049766,40.0038566
Car-1,2008-08-07 08:01:06,116.3049866,40.0038266
Car-1,2008-08-07 08:01:09,116.3049933,40.0038049
Car-1,2008-08-07 08:01:12,116.3050083,40.0037733
Car-1,2008-08-07 08:01:15,116.3049999,40.0037583
Car-1,2008-08-07 08:01:18,116.3049933,40.0037416
Car-1,2008-08-07 08:01:34,116.3049816,40.0037333
Car-1,2008-08-07 08:01:37,116.3049716,40.0037149
Car-1,2008-08-07 08:01:40,116.3049583,40.0036949
Car-1,2008-08-07 08:01:43,116.3049266,40.0036699
Car-1,2008-08-07 08:01:46,116.3048933,40.0036433
Car-1,2008-08-07 08:01:49,116.3048283,40.0036166
Car-1,2008-08-07 08:01:52,116.304785,40.0035999
Car-1,2008-08-07 08:01:55,116.3047683,40.0035633
Car-1,2008-08-07 08:01:58,116.3047566,40.0035349
Car-1,2008-08-07 08:02:01,116.3047716,40.0035183
Car-1,2008-08-07 08:02:04,116.3047799,40.0034999
Car-1,2008-08-07 08:02:07,116.3047833,40.0034616
Car-1,2008-08-07 08:02:10,116.3047883,40.0034266
Car-1,2008-08-07 08:02:13,116.304785,40.0034033
Car-1,2008-08-07 08:02:16,116.3047916,40.0033799
Car-1,2008-08-07 08:02:19,116.3047933,40.0033599
Car-1,2008-08-07 08:02:22,116.3047999,40.0033266
Car-1,2008-08-07 08:02:25,116.3047999,40.0032766
Car-1,2008-08-07 08:02:28,116.3047816,40.0032499
Car-1,2008-08-07 08:02:31,116.3047616,40.0032299
Car-1,2008-08-07 08:02:34,116.3047449,40.0031983
Car-1,2008-08-07 08:02:37,116.3047466,40.0031549
Car-1,2008-08-07 08:02:40,116.3047399,40.0031199
Car-1,2008-08-07 08:02:43,116.3047599,40.0031049
Car-1,2008-08-07 08:02:50,116.304805,40.0031133
Car-1,2008-08-07 08:02:53,116.3048033,40.0030883
Car-1,2008-08-07 08:02:56,116.3048149,40.0030649
Car-1,2008-08-07 08:03:05,116.3048116,40.0030649
Car-1,2008-08-07 08:03:14,116.3048116,40.0030649
Car-1,2008-08-07 08:03:16,116.3048066,40.0030599
Car-1,2008-08-07 08:03:19,116.3047999,40.0030499
Car-1,2008-08-07 08:03:22,116.3047916,40.0030249
Car-1,2008-08-07 08:03:25,116.3047783,40.0029733
Car-1,2008-08-07 08:03:28,116.30477,40.0029449
Car-1,2008-08-07 08:03:31,116.3047583,40.0029049
Car-1,2008-08-07 08:03:34,116.3047483,40.0028699
Car-1,2008-08-07 08:03:37,116.3047433,40.0028399
Car-1,2008-08-07 08:03:40,116.3047416,40.0028166
Car-1,2008-08-07 08:03:43,116.3047383,40.0027949
Car-1,2008-08-07 08:03:46,116.3047416,40.0027766
Car-1,2008-08-07 08:03:49,116.3047383,40.0027483
Car-1,2008-08-07 08:03:52,116.3047366,40.0027216
Car-1,2008-08-07 08:03:55,116.30475,40.0027116
Car-1,2008-08-07 08:03:58,116.3047666,40.0026899
Car-1,2008-08-07 08:04:02,116.3047749,40.0026616
Car-1,2008-08-07 08:04:05,116.3047799,40.0026399
Car-1,2008-08-07 08:04:09,116.3047633,40.0026133
Car-1,2008-08-07 08:04:12,116.3047833,40.0025966
Car-1,2008-08-07 08:04:15,116.3047966,40.0025533
Car-1,2008-08-07 08:04:18,116.3048016,40.0025099
Car-1,2008-08-07 08:04:21,116.3047933,40.00249
Car-1,2008-08-07 08:04:24,116.304785,40.0024766
Car-1,2008-08-07 08:04:27,116.3047983,40.0024566
Car-1,2008-08-07 08:04:30,116.3047949,40.0024116
Car-1,2008-08-07 08:04:33,116.3047833,40.0023949
Car-1,2008-08-07 08:04:36,116.3047966,40.0023766
Car-1,2008-08-07 08:04:39,116.3048099,40.0023533
Car-1,2008-08-07 08:04:42,116.3048149,40.0023299
Car-1,2008-08-07 08:04:45,116.3048149,40.0022999
Car-1,2008-08-07 08:04:48,116.3048116,40.0022749
Car-1,2008-08-07 08:04:51,116.3048099,40.0022566
Car-1,2008-08-07 08:04:56,116.3048033,40.0022333
Car-1,2008-08-07 08:04:59,116.3048083,40.0022199
Car-1,2008-08-07 08:05:02,116.3048099,40.0021916
Car-1,2008-08-07 08:05:05,116.3048133,40.0021683
Car-1,2008-08-07 08:05:08,116.3048166,40.0021466
Car-1,2008-08-07 08:05:11,116.3048216,40.0021149
Car-1,2008-08-07 08:05:14,116.3048349,40.0020999
Car-1,2008-08-07 08:05:17,116.30484,40.0020866
Car-1,2008-08-07 08:05:20,116.3048466,40.0020633
Car-1,2008-08-07 08:05:23,116.3048499,40.0020249
Car-1,2008-08-07 08:05:26,116.3048633,40.0019733
Car-1,2008-08-07 08:05:29,116.3048583,40.0019383
Car-1,2008-08-07 08:05:32,116.3048233,40.0019449
Car-1,2008-08-07 08:05:35,116.3047766,40.0019683
Car-1,2008-08-07 08:06:05,116.3047566,40.0019916
Car-1,2008-08-07 08:06:08,116.3047466,40.0019816
Car-1,2008-08-07 08:06:11,116.3047283,40.0019666
Car-1,2008-08-07 08:06:14,116.3047016,40.0019533
Car-1,2008-08-07 08:06:17,116.3046733,40.0019383
Car-1,2008-08-07 08:06:20,116.304645,40.0019299
Car-1,2008-08-07 08:06:25,116.304645,40.0019299
Car-1,2008-08-07 08:06:27,116.3046399,40.0019299
Car-1,2008-08-07 08:06:30,116.3046199,40.0019149
Car-1,2008-08-07 08:06:33,116.3046016,40.0019033
Car-1,2008-08-07 08:06:36,116.3045883,40.0018883
Car-1,2008-08-07 08:06:39,116.3045583,40.0018666
Car-1,2008-08-07 08:06:42,116.3045133,40.0018399
Car-1,2008-08-07 08:06:45,116.3044749,40.0018199
Car-1,2008-08-07 08:06:48,116.304435,40.0017966
Car-1,2008-08-07 08:06:51,116.3044149,40.0017716
Car-1,2008-08-07 08:06:54,116.3044033,40.0017449
Car-1,2008-08-07 08:06:57,116.3043866,40.0017149
Car-1,2008-08-07 08:07:00,116.3043833,40.0016849
Car-1,2008-08-07 08:07:03,116.3044,40.0016666
Car-1,2008-08-07 08:07:06,116.3044333,40.0016449
Car-1,2008-08-07 08:07:09,116.3044583,40.0016149
Car-1,2008-08-07 08:07:12,116.3044749,40.0015916
Car-1,2008-08-07 08:07:28,116.3044883,40.0015683
Car-1,2008-08-07 08:07:31,116.3044983,40.0015599
Car-1,2008-08-07 08:07:34,116.3045133,40.0015466
Car-1,2008-08-07 08:07:37,116.3045149,40.0015116
Car-1,2008-08-07 08:07:40,116.3045416,40.0014633
Car-1,2008-08-07 08:07:43,116.3045483,40.0014183
Car-1,2008-08-07 08:07:46,116.3045549,40.0013766
Car-1,2008-08-07 08:07:49,116.3045816,40.0013566
Car-1,2008-08-07 08:07:52,116.3045983,40.0013449
Car-1,2008-08-07 08:07:55,116.3046066,40.0013349
Car-1,2008-08-07 08:07:58,116.3045833,40.0013366
Car-1,2008-08-07 08:08:01,116.304575,40.0013266
Car-1,2008-08-07 08:08:04,116.3045816,40.0013016
Car-1,2008-08-07 08:08:07,116.3045799,40.0012783
Car-1,2008-08-07 08:08:10,116.3045983,40.0012566
Car-1,2008-08-07 08:08:13,116.3046149,40.0012216
Car-1,2008-08-07 08:08:16,116.3046166,40.0011983
Car-1,2008-08-07 08:08:19,116.3046233,40.0011816
Car-1,2008-08-07 08:08:22,116.3046549,40.0011483
Car-1,2008-08-07 08:08:25,116.3046849,40.0010949
Car-1,2008-08-07 08:08:28,116.3047049,40.0010733
Car-1,2008-08-07 08:08:31,116.3047116,40.0010483
Car-1,2008-08-07 08:08:34,116.3047166,40.0010199
Car-1,2008-08-07 08:08:37,116.3047233,40.0009916
Car-1,2008-08-07 08:08:40,116.3047283,40.0009733
Car-1,2008-08-07 08:08:43,116.3047366,40.0009383
Car-1,2008-08-07 08:08:46,116.3047333,40.0009283
Car-1,2008-08-07 08:08:58,116.3047333,40.0009283
Car-1,2008-08-07 08:09:00,116.3047266,40.0009316
Car-1,2008-08-07 08:09:03,116.304735,40.0009216
Car-1,2008-08-07 08:09:11,116.304735,40.0009216
Car-1,2008-08-07 08:09:13,116.3047383,40.0009216
Car-1,2008-08-07 08:09:16,116.3047383,40.0009116
Car-1,2008-08-07 08:09:19,116.3047449,40.0008999
Car-1,2008-08-07 08:09:22,116.3047533,40.0008816
Car-1,2008-08-07 08:09:25,116.3047816,40.0008499
Car-1,2008-08-07 08:09:28,116.3048083,40.0008116
Car-1,2008-08-07 08:09:31,116.3048099,40.0007899
Car-1,2008-08-07 08:09:34,116.3048149,40.0007749
Car-1,2008-08-07 08:09:37,116.3048383,40.0007466
Car-1,2008-08-07 08:09:40,116.3048566,40.0007283
Car-1,2008-08-07 08:09:43,116.3048849,40.0006966
Car-1,2008-08-07 08:09:46,116.3049116,40.0006599
Car-1,2008-08-07 08:09:49,116.3049516,40.0006199
Car-1,2008-08-07 08:09:52,116.30498,40.0005983
Car-1,2008-08-07 08:09:55,116.3050049,40.0005799
Car-1,2008-08-07 08:09:58,116.305015,40.0005533
Car-1,2008-08-07 08:10:02,116.3050133,40.0005466
Car-1,2008-08-07 08:10:36,116.3050133,40.0005466
Car-1,2008-08-07 08:10:38,116.3050133,40.0005449
Car-1,2008-08-07 08:10:41,116.3050099,40.0005549
Car-1,2008-08-07 08:10:44,116.3050333,40.0005316
Car-1,2008-08-07 08:10:47,116.3050899,40.0004749
Car-1,2008-08-07 08:10:50,116.3051449,40.0004166
Car-1,2008-08-07 08:10:53,116.3052083,40.0003566
Car-1,2008-08-07 08:10:56,116.3052483,40.0003116
Car-1,2008-08-07 08:10:59,116.3052849,40.0002666
Car-1,2008-08-07 08:11:02,116.3053183,40.0002183
Car-1,2008-08-07 08:11:05,116.3053416,40.0001783
Car-1,2008-08-07 08:11:08,116.3053549,40.0001366
Car-1,2008-08-07 08:11:11,116.3053583,40.0000833
Car-1,2008-08-07 08:11:14,116.3053616,40.0000499
Car-1,2008-08-07 08:11:17,116.3053633,40.0000116
Car-1,2008-08-07 08:11:20,116.3053683,39.9999816
Car-1,2008-08-07 08:11:23,116.3053816,39.999955
Car-1,2008-08-07 08:11:26,116.3053649,39.9999299
Car-1,2008-08-07 08:11:29,116.30536,39.9999049
Car-1,2008-08-07 08:11:32,116.3053516,39.9998833
Car-1,2008-08-07 08:11:35,116.3053633,39.9998516
Car-1,2008-08-07 08:11:38,116.3053749,39.9998266
Car-1,2008-08-07 08:11:41,116.3053849,39.9997916
Car-1,2008-08-07 08:11:44,116.3053766,39.9997649
Car-1,2008-08-07 08:11:47,116.3053716,39.9997416
Car-1,2008-08-07 08:11:50,116.3053583,39.9997166
Car-1,2008-08-07 08:11:53,116.3053766,39.999675
Car-1,2008-08-07 08:11:56,116.3053966,39.9996549
Car-1,2008-08-07 08:11:59,116.3054166,39.99963
Car-1,2008-08-07 08:12:02,116.3054366,39.9995966
Car-1,2008-08-07 08:12:05,116.3054483,39.9995699
Car-1,2008-08-07 08:12:08,116.3054583,39.9995466
Car-1,2008-08-07 08:12:25,116.3054699,39.9995316
Car-1,2008-08-07 08:13:00,116.3054699,39.9995316
Car-1,2008-08-07 08:13:02,116.3054633,39.9995233
Car-1,2008-08-07 08:13:05,116.3054483,39.9995366
Car-1,2008-08-07 08:13:08,116.305465,39.999495
Car-1,2008-08-07 08:13:11,116.305485,39.9994416
Car-1,2008-08-07 08:13:14,116.3054983,39.999395
Car-1,2008-08-07 08:13:17,116.30552,39.9993383
Car-1,2008-08-07 08:13:20,116.3055516,39.9992733
Car-1,2008-08-07 08:13:23,116.3055866,39.999195
Car-1,2008-08-07 08:13:26,116.3056033,39.9991333
Car-1,2008-08-07 08:13:29,116.3056433,39.9990716
Car-1,2008-08-07 08:13:32,116.3056533,39.9990266
Car-1,2008-08-07 08:13:35,116.3056549,39.9990016
Car-1,2008-08-07 08:13:38,116.3056716,39.9989633
Car-1,2008-08-07 08:13:41,116.3056899,39.9989216
Car-1,2008-08-07 08:13:44,116.3057033,39.99886
Car-1,2008-08-07 08:13:47,116.3057516,39.9988216
Car-1,2008-08-07 08:13:50,116.3057916,39.9988099
Car-1,2008-08-07 08:14:07,116.3057916,39.9988099
Car-1,2008-08-07 08:14:09,116.3057833,39.9988183
Car-1,2008-08-07 08:14:12,116.3057716,39.9988016
Car-1,2008-08-07 08:14:15,116.3057666,39.9987849
Car-1,2008-08-07 08:14:18,116.305765,39.9987583
Car-1,2008-08-07 08:14:22,116.3057583,39.9987149
Car-1,2008-08-07 08:14:25,116.3057516,39.9986883
Car-1,2008-08-07 08:14:37,116.3057499,39.9986749
Car-1,2008-08-07 08:17:30,116.3057483,39.9986749
Car-1,2008-08-07 08:18:10,116.3057483,39.9986749
Car-1,2008-08-07 08:18:12,116.305745,39.9986749
Car-1,2008-08-07 08:18:21,116.3057416,39.998665
Car-1,2008-08-07 08:18:24,116.3057433,39.99864
Car-1,2008-08-07 08:24:57,116.3055449,39.9985199
Car-1,2008-08-07 08:24:59,116.30543,39.9984916
Car-1,2008-08-07 08:25:01,116.3052933,39.9984683
Car-1,2008-08-07 08:25:03,116.3051366,39.9984316
Car-1,2008-08-07 08:25:05,116.3049549,39.9983899
Car-1,2008-08-07 08:25:07,116.3047649,39.9983433
Car-1,2008-08-07 08:25:09,116.3045683,39.9983
Car-1,2008-08-07 08:25:11,116.3043566,39.9982533
Car-1,2008-08-07 08:25:13,116.3041116,39.9982016
Car-1,2008-08-07 08:25:15,116.30386,39.998145
Car-1,2008-08-07 08:25:17,116.3035949,39.99809
Car-1,2008-08-07 08:25:19,116.3033283,39.9980249
Car-1,2008-08-07 08:25:21,116.30306,39.9979833
Car-1,2008-08-07 08:25:23,116.3028066,39.9979183
Car-1,2008-08-07 08:25:25,116.3025866,39.9978266
Car-1,2008-08-07 08:25:27,116.3023866,39.9977133
Car-1,2008-08-07 08:25:29,116.3021883,39.9975733
Car-1,2008-08-07 08:25:31,116.3020083,39.99743
Car-1,2008-08-07 08:25:33,116.3018416,39.997265
Car-1,2008-08-07 08:25:35,116.3016666,39.9970966
Car-1,2008-08-07 08:25:37,116.3014933,39.9969116
Car-1,2008-08-07 08:25:39,116.3013199,39.99673
Car-1,2008-08-07 08:25:41,116.3011366,39.9965766
Car-1,2008-08-07 08:25:43,116.3009149,39.9964683
Car-1,2008-08-07 08:25:45,116.3006666,39.9963899
Car-1,2008-08-07 08:25:47,116.3004083,39.9963566
Car-1,2008-08-07 08:25:49,116.3001466,39.9963483
Car-1,2008-08-07 08:25:51,116.2998949,39.9963383
Car-1,2008-08-07 08:25:53,116.2996783,39.9963349
Car-1,2008-08-07 08:25:55,116.299515,39.9963266
Car-1,2008-08-07 08:25:57,116.2993699,39.9963266
Car-1,2008-08-07 08:25:59,116.299235,39.9963183
Car-1,2008-08-07 08:26:01,116.2990733,39.9962933
Car-1,2008-08-07 08:26:03,116.2989033,39.9962783
Car-1,2008-08-07 08:26:05,116.2987233,39.9962616
Car-1,2008-08-07 08:26:07,116.2985666,39.9962349
Car-1,2008-08-07 08:26:09,116.2984449,39.9962283
Car-1,2008-08-07 08:26:11,116.2983533,39.99621
Car-1,2008-08-07 08:26:13,116.2982783,39.9961533
Car-1,2008-08-07 08:26:15,116.29824,39.9960566
Car-1,2008-08-07 08:26:17,116.2982516,39.9959333
Car-1,2008-08-07 08:26:19,116.2982716,39.9957916
Car-1,2008-08-07 08:26:21,116.2982883,39.9956483
Car-1,2008-08-07 08:26:23,116.2983066,39.9954899
Car-1,2008-08-07 08:26:25,116.2983216,39.9953199
Car-1,2008-08-07 08:26:27,116.2983083,39.9951533
Car-1,2008-08-07 08:26:29,116.2982983,39.9949783
Car-1,2008-08-07 08:26:31,116.2983083,39.994815
Car-1,2008-08-07 08:26:33,116.29831,39.9946249
Car-1,2008-08-07 08:26:35,116.2983133,39.9944116
Car-1,2008-08-07 08:26:37,116.298325,39.9941883
Car-1,2008-08-07 08:26:39,116.2983299,39.9940133
Car-1,2008-08-07 08:26:41,116.2983299,39.9938466
Car-1,2008-08-07 08:26:43,116.298325,39.9936966
Car-1,2008-08-07 08:26:45,116.2983216,39.9935916
Car-1,2008-08-07 08:26:47,116.298325,39.9935433
Car-1,2008-08-07 08:26:58,116.298325,39.9935433
Car-1,2008-08-07 08:27:00,116.2983166,39.9935399
Car-1,2008-08-07 08:27:03,116.2983116,39.993525
Car-1,2008-08-07 08:27:06,116.2983049,39.9934833
Car-1,2008-08-07 08:27:09,116.2983166,39.99344
Car-1,2008-08-07 08:27:12,116.2983683,39.9933966
Car-1,2008-08-07 08:27:15,116.2983766,39.99338
Car-1,2008-08-07 08:27:18,116.2984066,39.9933583
Car-1,2008-08-07 08:27:21,116.29843,39.9933349
Car-1,2008-08-07 08:27:24,116.2984516,39.9933283
Car-1,2008-08-07 08:27:27,116.2984799,39.9933199
Car-1,2008-08-07 08:27:30,116.2984983,39.9933066
Car-1,2008-08-07 08:27:33,116.2985099,39.9933
Car-1,2008-08-07 08:27:36,116.2985316,39.9932899
Car-1,2008-08-07 08:27:39,116.2986149,39.9932733
Car-1,2008-08-07 08:27:42,116.2986983,39.9932599
Car-1,2008-08-07 08:27:45,116.2987483,39.9932499
Car-1,2008-08-07 08:27:48,116.2987849,39.9932583
Car-1,2008-08-07 08:27:51,116.2987949,39.9932883
Car-1,2008-08-07 08:27:54,116.2987883,39.9933349
Car-1,2008-08-07 08:27:57,116.2987749,39.9933683
Car-1,2008-08-07 08:28:33,116.2987266,39.9933599
Car-1,2008-08-07 08:28:41,116.2987283,39.9933599
Car-1,2008-08-07 08:28:43,116.2987283,39.9933599
Car-1,2008-08-07 08:28:45,116.2987366,39.9933583
Car-1,2008-08-07 08:28:48,116.2987699,39.9933383
Car-1,2008-08-07 08:28:51,116.2988116,39.9933266
Car-1,2008-08-07 08:28:54,116.2988533,39.9933049
Car-1,2008-08-07 08:28:57,116.2988983,39.9932883
Car-1,2008-08-07 08:29:00,116.29894,39.9932799
Car-1,2008-08-07 08:29:03,116.2989683,39.9932816
Car-1,2008-08-07 08:29:06,116.2989883,39.9932883
Car-1,2008-08-07 08:29:09,116.2990316,39.9932799
Car-1,2008-08-07 08:29:12,116.2990616,39.9932899
Car-1,2008-08-07 08:29:15,116.2990883,39.9932983
Car-1,2008-08-07 08:29:18,116.2991233,39.9932833
Car-1,2008-08-07 08:29:21,116.2991549,39.9932716
Car-1,2008-08-07 08:29:24,116.2991916,39.9932649
Car-1,2008-08-07 08:29:27,116.299215,39.9932599
Car-1,2008-08-07 08:29:30,116.2992266,39.9932116
Car-1,2008-08-07 08:29:33,116.299235,39.9931966
Car-1,2008-08-07 08:29:36,116.2992516,39.9931716
Car-1,2008-08-07 08:29:39,116.2992599,39.9931433
Car-1,2008-08-07 08:29:42,116.2992666,39.9931266
Car-1,2008-08-07 08:29:45,116.2992683,39.9931133
Car-1,2008-08-07 08:29:48,116.2992883,39.993085
Car-1,2008-08-07 08:29:51,116.2992899,39.9930733
Car-1,2008-08-07 08:29:54,116.2992966,39.993045
Car-1,2008-08-07 08:29:57,116.2993349,39.9930233
Car-1,2008-08-07 08:30:00,116.2993649,39.9930333
Car-1,2008-08-07 08:30:03,116.2993983,39.9930733
Car-1,2008-08-07 08:30:06,116.2994166,39.993035
Car-1,2008-08-07 08:30:09,116.2994533,39.9929533
Car-1,2008-08-07 08:30:12,116.2994816,39.9929016
Car-1,2008-08-07 08:30:15,116.2995016,39.9928666
Car-1,2008-08-07 08:30:18,116.2995083,39.992835
Car-1,2008-08-07 08:30:21,116.2995183,39.9928016
Car-1,2008-08-07 08:30:24,116.2995099,39.9927816
Car-1,2008-08-07 08:30:27,116.2994733,39.9927749
Car-1,2008-08-07 08:30:30,116.2994616,39.9927483
Car-1,2008-08-07 08:30:33,116.2994533,39.9927299
Car-1,2008-08-07 08:30:36,116.2994999,39.9926633
Car-1,2008-08-07 08:30:39,116.2995083,39.992625
Car-1,2008-08-07 08:30:42,116.2995049,39.9926066
Car-1,2008-08-07 08:30:45,116.2995083,39.9925799
Car-1,2008-08-07 08:30:48,116.2995166,39.9925483
Car-1,2008-08-07 08:30:51,116.2995233,39.9925216
Car-1,2008-08-07 08:30:54,116.29953,39.9924933
Car-1,2008-08-07 08:30:57,116.2995383,39.9924799
Car-1,2008-08-07 08:30:58,116.2995383,39.9924799
Car-1,2008-08-07 08:31:00,116.2995449,39.9924766
Car-1,2008-08-07 08:31:03,116.2995666,39.9924816
Car-1,2008-08-07 08:31:06,116.2996033,39.9924983
Car-1,2008-08-07 08:31:09,116.2996249,39.992525
Car-1,2008-08-07 08:31:12,116.2996499,39.9925533
Car-1,2008-08-07 08:31:15,116.29969,39.9925283
Car-1,2008-08-07 08:31:18,116.2997183,39.992525
Car-1,2008-08-07 08:31:21,116.2997483,39.9925199
Car-1,2008-08-07 08:31:24,116.2997833,39.9925016
Car-1,2008-08-07 08:31:27,116.2998149,39.9924816
Car-1,2008-08-07 08:31:30,116.2998416,39.9924733
Car-1,2008-08-07 08:31:33,116.2998666,39.99247
Car-1,2008-08-07 08:31:36,116.2999033,39.9924616
Car-1,2008-08-07 08:31:39,116.2999383,39.9924616
Car-1,2008-08-07 08:31:42,116.2999733,39.99246
Car-1,2008-08-07 08:31:45,116.3000083,39.9924649
Car-1,2008-08-07 08:31:48,116.3000366,39.9924783
Car-1,2008-08-07 08:31:51,116.3000666,39.9924866
Car-1,2008-08-07 08:31:54,116.3000966,39.9925116
Car-1,2008-08-07 08:31:57,116.3001283,39.9925266
Car-1,2008-08-07 08:32:00,116.3001649,39.9925416
Car-1,2008-08-07 08:32:03,116.3001999,39.9925466
Car-1,2008-08-07 08:32:06,116.3002233,39.9925499
Car-1,2008-08-07 08:32:09,116.3002683,39.992525
Car-1,2008-08-07 08:32:12,116.3003083,39.9925066
Car-1,2008-08-07 08:32:15,116.3003516,39.9924366
Car-1,2008-08-07 08:32:18,116.3003399,39.9923866
Car-1,2008-08-07 08:32:21,116.30037,39.9923466
Car-1,2008-08-07 08:32:24,116.3004249,39.9923416
Car-1,2008-08-07 08:32:27,116.3004533,39.9923033
Car-1,2008-08-07 08:32:30,116.3004633,39.9923
Car-1,2008-08-07 08:32:33,116.300475,39.9922949
Car-1,2008-08-07 08:32:36,116.30051,39.99229
Car-1,2008-08-07 08:32:39,116.3005433,39.9922833
Car-1,2008-08-07 08:32:42,116.3005716,39.9922849
Car-1,2008-08-07 08:32:45,116.3006033,39.9922466
Car-1,2008-08-07 08:32:48,116.3006216,39.99222
Car-1,2008-08-07 08:32:51,116.3006166,39.9921983
Car-1,2008-08-07 08:32:52,116.3006166,39.9921983
Car-1,2008-08-07 08:32:54,116.3006099,39.9921933
Car-1,2008-08-07 08:32:57,116.3006633,39.9921516
Car-1,2008-08-07 08:33:00,116.3007516,39.9921266
Car-1,2008-08-07 08:33:03,116.3007649,39.9921233
Car-1,2008-08-07 08:33:06,116.3007966,39.99215
Car-1,2008-08-07 08:33:09,116.3008116,39.9921249
Car-1,2008-08-07 08:33:12,116.3008183,39.9920816
Car-1,2008-08-07 08:33:15,116.3008166,39.9920583
Car-1,2008-08-07 08:33:18,116.3008066,39.992025
Car-1,2008-08-07 08:33:21,116.3008149,39.9920049
Car-1,2008-08-07 08:33:24,116.3008199,39.9919683
Car-1,2008-08-07 08:33:27,116.3008316,39.9919299
Car-1,2008-08-07 08:33:30,116.3008583,39.9918883
Car-1,2008-08-07 08:33:33,116.3009249,39.9918066
Car-1,2008-08-07 08:33:36,116.300895,39.9917933
Car-1,2008-08-07 08:33:39,116.3008766,39.9917716
Car-1,2008-08-07 08:33:42,116.3008516,39.9917533
Car-1,2008-08-07 08:33:45,116.3008199,39.9917249
Car-1,2008-08-07 08:33:48,116.300805,39.9917266
Car-1,2008-08-07 08:33:51,116.3008149,39.9917133
Car-1,2008-08-07 08:33:54,116.300805,39.9917033
Car-1,2008-08-07 08:33:57,116.3007616,39.9916833
Car-1,2008-08-07 08:34:00,116.3007466,39.9916366
Car-1,2008-08-07 08:34:03,116.3007433,39.9916133
Car-1,2008-08-07 08:34:06,116.3007383,39.9915883
Car-1,2008-08-07 08:34:09,116.3007299,39.9915549
Car-1,2008-08-07 08:34:12,116.3007099,39.9915266
Car-1,2008-08-07 08:34:15,116.3007099,39.9915033
Car-1,2008-08-07 08:34:18,116.3007166,39.9914699
Car-1,2008-08-07 08:34:21,116.3007149,39.9914433
Car-1,2008-08-07 08:34:24,116.3006733,39.9914299
Car-1,2008-08-07 08:34:27,116.3006399,39.9914166
Car-1,2008-08-07 08:34:30,116.3006216,39.9914066
Car-1,2008-08-07 08:34:33,116.3006249,39.9913766
Car-1,2008-08-07 08:34:36,116.3006216,39.9913483
Car-1,2008-08-07 08:34:39,116.3005916,39.9913316
Car-1,2008-08-07 08:34:42,116.3005733,39.9913083
Car-1,2008-08-07 08:34:45,116.3005683,39.9912866
Car-1,2008-08-07 08:34:48,116.3005433,39.9912683
Car-1,2008-08-07 08:34:51,116.3005199,39.99125
Car-1,2008-08-07 08:34:54,116.3004816,39.9912466
Car-1,2008-08-07 08:34:57,116.3004649,39.9912199
Car-1,2008-08-07 08:35:00,116.3004533,39.9911816
Car-1,2008-08-07 08:35:03,116.3004516,39.9911466
Car-1,2008-08-07 08:35:06,116.3004283,39.9911199
Car-1,2008-08-07 08:35:09,116.3004083,39.991095
Car-1,2008-08-07 08:35:12,116.3003933,39.9910749
Car-1,2008-08-07 08:35:16,116.3003799,39.9910583
Car-1,2008-08-07 08:35:19,116.3003683,39.9910383
Car-1,2008-08-07 08:35:22,116.3003466,39.9910183
Car-1,2008-08-07 08:35:25,116.3003399,39.9909883
Car-1,2008-08-07 08:35:28,116.3003383,39.99096
Car-1,2008-08-07 08:35:31,116.3003399,39.9909416
Car-1,2008-08-07 08:35:34,116.3003116,39.990905
Car-1,2008-08-07 08:35:37,116.3002916,39.9908816
Car-1,2008-08-07 08:35:40,116.3002766,39.9908549
Car-1,2008-08-07 08:35:43,116.3002699,39.9908249
Car-1,2008-08-07 08:35:46,116.300265,39.9908099
Car-1,2008-08-07 08:35:49,116.3002716,39.9907883
Car-1,2008-08-07 08:35:52,116.3002699,39.9907733
Car-1,2008-08-07 08:35:55,116.3002699,39.9907583
Car-1,2008-08-07 08:35:58,116.3002733,39.9907383
Car-1,2008-08-07 08:36:01,116.3002733,39.9907116
Car-1,2008-08-07 08:36:04,116.3002766,39.99068
Car-1,2008-08-07 08:36:07,116.3002683,39.9906583
Car-1,2008-08-07 08:36:10,116.3002616,39.9906333
Car-1,2008-08-07 08:36:13,116.3002583,39.9906083
Car-1,2008-08-07 08:36:16,116.3002599,39.9905833
Car-1,2008-08-07 08:36:19,116.3002549,39.9905583
Car-1,2008-08-07 08:36:22,116.3002533,39.990535
Car-1,2008-08-07 08:36:25,116.3002549,39.99051
Car-1,2008-08-07 08:36:28,116.3002533,39.9904849
Car-1,2008-08-07 08:36:31,116.3002533,39.9904583
Car-1,2008-08-07 08:36:34,116.3002533,39.9904316
Car-1,2008-08-07 08:36:37,116.3002549,39.9904049
Car-1,2008-08-07 08:36:40,116.3002633,39.9903783
Car-1,2008-08-07 08:36:43,116.3002683,39.990355
Car-1,2008-08-07 08:36:46,116.30028,39.9903283
Car-1,2008-08-07 08:36:49,116.3002883,39.9903016
Car-1,2008-08-07 08:36:52,116.3002866,39.9902766
Car-1,2008-08-07 08:36:55,116.3002883,39.9902499
Car-1,2008-08-07 08:36:58,116.3002883,39.9902249
Car-1,2008-08-07 08:37:01,116.3002916,39.9901983
Car-1,2008-08-07 08:37:04,116.3002966,39.9901733
Car-1,2008-08-07 08:37:07,116.3003016,39.9901499
Car-1,2008-08-07 08:37:10,116.3003133,39.9901233
Car-1,2008-08-07 08:37:13,116.3003183,39.9900949
Car-1,2008-08-07 08:37:16,116.3003166,39.9900666
Car-1,2008-08-07 08:37:19,116.3003166,39.9900416
Car-1,2008-08-07 08:37:22,116.3003166,39.9900149
Car-1,2008-08-07 08:37:25,116.3003183,39.9899849
Car-1,2008-08-07 08:37:28,116.3003183,39.9899583
Car-1,2008-08-07 08:37:31,116.3003183,39.9899333
Car-1,2008-08-07 08:37:34,116.3003199,39.9899083
Car-1,2008-08-07 08:37:37,116.3003233,39.9898783
Car-1,2008-08-07 08:37:40,116.3003249,39.9898516
Car-1,2008-08-07 08:37:43,116.3003283,39.9898216
Car-1,2008-08-07 08:37:46,116.3003299,39.989795
Car-1,2008-08-07 08:37:49,116.3003399,39.9897683
Car-1,2008-08-07 08:37:52,116.3003433,39.9897416
Car-1,2008-08-07 08:37:55,116.3003516,39.9897149
Car-1,2008-08-07 08:37:58,116.3003549,39.9896883
Car-1,2008-08-07 08:38:01,116.3003566,39.9896599
Car-1,2008-08-07 08:38:04,116.3003583,39.9896383
Car-1,2008-08-07 08:38:07,116.3003616,39.9896116
Car-1,2008-08-07 08:38:10,116.3003666,39.9895833
Car-1,2008-08-07 08:38:13,116.3003749,39.9895533
Car-1,2008-08-07 08:38:16,116.3003816,39.9895216
Car-1,2008-08-07 08:38:19,116.3003816,39.9894916
Car-1,2008-08-07 08:38:22,116.3003833,39.9894633
Car-1,2008-08-07 08:38:25,116.3003799,39.9894349
Car-1,2008-08-07 08:38:28,116.3003833,39.989405
Car-1,2008-08-07 08:38:31,116.3003866,39.9893799
Car-1,2008-08-07 08:38:34,116.3003866,39.9893533
Car-1,2008-08-07 08:38:37,116.3003883,39.9893266
Car-1,2008-08-07 08:38:40,116.3003916,39.9893016
Car-1,2008-08-07 08:38:43,116.3003983,39.9892683
Car-1,2008-08-07 08:38:46,116.3004083,39.9892383
Car-1,2008-08-07 08:38:49,116.3004149,39.9892099
Car-1,2008-08-07 08:38:52,116.3004166,39.98918
Car-1,2008-08-07 08:38:55,116.3004166,39.9891466
Car-1,2008-08-07 08:38:58,116.3004116,39.9891116
Car-1,2008-08-07 08:39:01,116.3004116,39.9890783
Car-1,2008-08-07 08:39:04,116.3004066,39.9890516
Car-1,2008-08-07 08:39:07,116.3004016,39.9890266
Car-1,2008-08-07 08:39:10,116.3004016,39.9890033
Car-1,2008-08-07 08:39:13,116.300405,39.98897
Car-1,2008-08-07 08:39:16,116.3004083,39.9889266
Car-1,2008-08-07 08:39:19,116.3004166,39.9888833
Car-1,2008-08-07 08:39:22,116.3004066,39.9888649
Car-1,2008-08-07 08:39:25,116.3003966,39.9888499
Car-1,2008-08-07 08:39:28,116.3003883,39.9888366
Car-1,2008-08-07 08:39:31,116.3003783,39.9888233
Car-1,2008-08-07 08:39:34,116.3003666,39.9888016
Car-1,2008-08-07 08:39:37,116.30035,39.9887799
Car-1,2008-08-07 08:39:40,116.3003433,39.9887483
Car-1,2008-08-07 08:39:43,116.3003549,39.9887199
Car-1,2008-08-07 08:39:47,116.3003799,39.9886766
Car-1,2008-08-07 08:39:50,116.3004116,39.9886399
Car-1,2008-08-07 08:39:53,116.3004166,39.9886116
Car-1,2008-08-07 08:39:56,116.3004333,39.9885666
Car-1,2008-08-07 08:39:59,116.3004133,39.9885283
Car-1,2008-08-07 08:40:02,116.3003933,39.9884933
Car-1,2008-08-07 08:40:05,116.3003666,39.9884733
Car-1,2008-08-07 08:40:08,116.3003416,39.9884549
Car-1,2008-08-07 08:40:11,116.3003516,39.9884383
Car-1,2008-08-07 08:40:14,116.3003683,39.98842
Car-1,2008-08-07 08:40:17,116.3003649,39.9884016
Car-1,2008-08-07 08:40:21,116.3003733,39.98838
Car-1,2008-08-07 08:40:24,116.3003749,39.988365
Car-1,2008-08-07 08:40:27,116.3003683,39.9883366
Car-1,2008-08-07 08:41:30,116.301,39.9878699
Car-1,2008-08-07 08:42:33,116.3011816,39.9875116
Car-1,2008-08-07 08:44:20,116.3012116,39.9872249
Car-1,2008-08-07 08:44:37,116.3011749,39.9872666
Car-1,2008-08-07 08:44:40,116.3011583,39.987275
Car-1,2008-08-07 08:44:43,116.3011483,39.9873483
Car-1,2008-08-07 08:44:45,116.3011633,39.9873899
Car-1,2008-08-07 08:44:47,116.3011999,39.9874416
Car-1,2008-08-07 08:44:49,116.3012583,39.9874783
Car-1,2008-08-07 08:44:51,116.3013149,39.9875133
Car-1,2008-08-07 08:44:53,116.3013733,39.9875349
Car-1,2008-08-07 08:44:55,116.301435,39.9875216
Car-1,2008-08-07 08:44:57,116.3015183,39.9874783
Car-1,2008-08-07 08:44:59,116.3015983,39.9874533
Car-1,2008-08-07 08:45:01,116.3016466,39.9874449
Car-1,2008-08-07 08:45:03,116.3017066,39.9874366
Car-1,2008-08-07 08:45:05,116.3017783,39.9874233
Car-1,2008-08-07 08:45:07,116.3018433,39.9874316
Car-1,2008-08-07 08:45:09,116.3019283,39.9874299
Car-1,2008-08-07 08:45:11,116.3020083,39.9874283
Car-1,2008-08-07 08:45:13,116.3020683,39.987425
Car-1,2008-08-07 08:45:15,116.30213,39.9874349
Car-1,2008-08-07 08:45:17,116.3021799,39.9874666
Car-1,2008-08-07 08:45:19,116.302235,39.9874749
Car-1,2008-08-07 08:45:22,116.3023483,39.98747
Car-1,2008-08-07 08:45:24,116.3024216,39.9874533
Car-1,2008-08-07 08:45:26,116.3024933,39.9874433
Car-1,2008-08-07 08:45:28,116.3025416,39.9874599
Car-1,2008-08-07 08:45:31,116.3026233,39.98744
Car-1,2008-08-07 08:45:34,116.3027016,39.9874066
Car-1,2008-08-07 08:45:37,116.302745,39.9873649
Car-1,2008-08-07 08:45:40,116.3027749,39.9873216
Car-1,2008-08-07 08:45:43,116.3028033,39.9872716
Car-1,2008-08-07 08:45:46,116.3028033,39.9871983
Car-1,2008-08-07 08:45:49,116.3028333,39.987135
Car-1,2008-08-07 08:45:52,116.3029416,39.9870916
Car-1,2008-08-07 08:45:54,116.3030216,39.9870799
Car-1,2008-08-07 08:45:56,116.30313,39.9870949
Car-1,2008-08-07 08:45:59,116.3032483,39.9870233
Car-1,2008-08-07 08:46:01,116.3033049,39.9869983
Car-1,2008-08-07 08:46:03,116.3033583,39.9869849
Car-1,2008-08-07 08:46:05,116.3033849,39.9869816
Car-1,2008-08-07 08:46:08,116.3034116,39.9869783
Car-1,2008-08-07 08:46:11,116.3034149,39.9869999
Car-1,2008-08-07 08:46:15,116.3033966,39.9870583
Car-1,2008-08-07 08:46:18,116.3034416,39.9870566
Car-1,2008-08-07 08:46:22,116.3034783,39.9870533
Car-1,2008-08-07 08:46:25,116.3034449,39.9870966
Car-1,2008-08-07 08:46:28,116.3034316,39.9871333
Car-1,2008-08-07 08:46:31,116.303405,39.9871833
Car-1,2008-08-07 08:46:34,116.3033683,39.9871633
Car-1,2008-08-07 08:46:37,116.3033399,39.9871766
Car-1,2008-08-07 08:46:40,116.3033166,39.9872016
Car-1,2008-08-07 08:46:43,116.3033033,39.9872283
Car-1,2008-08-07 08:46:46,116.3033066,39.9872383
Car-1,2008-08-07 08:46:49,116.3033033,39.9872566
Car-1,2008-08-07 08:46:52,116.3033166,39.9872566
Car-1,2008-08-07 08:46:56,116.3033283,39.9872516
Car-1,2008-08-07 08:46:59,116.3033533,39.9872616
