agent_id,time,lng,lat
Car-1,2008-10-03 00:56:41,119.9204349,50.8226949
Car-1,2008-10-03 00:56:42,119.9205566,50.8226516
Car-1,2008-10-03 00:56:48,119.9213283,50.8223999
Car-1,2008-10-03 00:56:54,119.9221116,50.82215
Car-1,2008-10-03 00:57:00,119.9228999,50.8218799
Car-1,2008-10-03 00:57:06,119.92368,50.8215949
Car-1,2008-10-03 00:57:12,119.92435,50.8213
Car-1,2008-10-03 00:57:18,119.9250533,50.8209966
Car-1,2008-10-03 00:57:24,119.9259333,50.8207116
Car-1,2008-10-03 00:57:55,119.9300966,50.8184483
Car-1,2008-10-03 00:58:01,119.9309583,50.81802
Car-1,2008-10-03 00:58:07,119.9318166,50.8176233
Car-1,2008-10-03 00:58:13,119.9326783,50.8172116
Car-1,2008-10-03 00:58:19,119.93338,50.8168516
Car-1,2008-10-03 00:58:25,119.9337116,50.8168449
Car-1,2008-10-03 00:58:29,119.9335783,50.8170283
Car-1,2008-10-03 00:58:33,119.9333633,50.8172966
Car-1,2008-10-03 00:58:39,119.93318,50.8178016
Car-1,2008-10-03 00:58:45,119.9332449,50.8184083
Car-1,2008-10-03 00:58:51,119.9336966,50.8190016
Car-1,2008-10-03 00:58:57,119.9344099,50.8194833
Car-1,2008-10-03 00:59:03,119.9351599,50.8199783
Car-1,2008-10-03 00:59:09,119.9359483,50.8205199
Car-1,2008-10-03 00:59:15,119.9367983,50.8211099
Car-1,2008-10-03 00:59:21,119.9377266,50.821745
Car-1,2008-10-03 00:59:27,119.9386466,50.8224666
Car-1,2008-10-03 00:59:33,119.93933,50.8233183
Car-1,2008-10-03 00:59:39,119.9399783,50.8244233
Car-1,2008-10-03 00:59:45,119.9406866,50.8255866
Car-1,2008-10-03 00:59:51,119.9413816,50.8267733
Car-1,2008-10-03 01:00:01,119.942585,50.8288299
Car-1,2008-10-03 01:00:11,119.9440349,50.8307383
Car-1,2008-10-03 01:00:21,119.945515,50.831865
Car-1,2008-10-03 01:00:27,119.946535,50.8322983
Car-1,2008-10-03 01:00:39,119.9488216,50.8333716
Car-1,2008-10-03 01:00:45,119.9500083,50.8340383
Car-1,2008-10-03 01:00:51,119.9512433,50.8348133
Car-1,2008-10-03 01:00:57,119.9524683,50.83566
Car-1,2008-10-03 01:01:03,119.9537133,50.8364466
Car-1,2008-10-03 01:01:09,119.95507,50.837205
Car-1,2008-10-03 01:01:15,119.9564499,50.8379383
Car-1,2008-10-03 01:01:21,119.9578616,50.83863
Car-1,2008-10-03 01:01:27,119.959345,50.8393533
Car-1,2008-10-03 01:01:33,119.9608966,50.8401083
Car-1,2008-10-03 01:01:43,119.9638266,50.8410983
Car-1,2008-10-03 01:01:53,119.9669416,50.8419266
Car-1,2008-10-03 01:02:03,119.97012,50.84288
Car-1,2008-10-03 01:02:13,119.9734683,50.8438816
Car-1,2008-10-03 01:02:23,119.97683,50.8449216
Car-1,2008-10-03 01:02:33,119.9798483,50.8461383
Car-1,2008-10-03 01:02:43,119.9827083,50.8473999
Car-1,2008-10-03 01:02:53,119.9854733,50.8485966
Car-1,2008-10-03 01:03:03,119.9874733,50.8497583
Car-1,2008-10-03 01:03:09,119.9875133,50.8506333
Car-1,2008-10-03 01:03:15,119.9875416,50.85154
Car-1,2008-10-03 01:03:21,119.9875816,50.8524866
Car-1,2008-10-03 01:03:27,119.98764,50.8534766
Car-1,2008-10-03 01:03:33,119.9876416,50.8545299
Car-1,2008-10-03 01:03:39,119.9876233,50.8556499
Car-1,2008-10-03 01:03:45,119.9876283,50.8568366
Car-1,2008-10-03 01:03:55,119.9876283,50.8590216
Car-1,2008-10-03 01:04:05,119.9876549,50.8614033
Car-1,2008-10-03 01:04:15,119.9878533,50.8638983
Car-1,2008-10-03 01:04:25,119.9880983,50.86646
Car-1,2008-10-03 01:04:35,119.9886166,50.869015
Car-1,2008-10-03 01:04:45,119.9893249,50.8715449
Car-1,2008-10-03 01:04:55,119.989965,50.8740983
Car-1,2008-10-03 01:05:05,119.9907999,50.8766516
Car-1,2008-10-03 01:05:15,119.9918433,50.8789116
Car-1,2008-10-03 01:05:25,119.9929983,50.8811633
Car-1,2008-10-03 01:05:35,119.9941783,50.8830483
Car-1,2008-10-03 01:05:41,119.994825,50.8840766
Car-1,2008-10-03 01:05:47,119.9954683,50.8851116
Car-1,2008-10-03 01:05:53,119.9961316,50.8861533
Car-1,2008-10-03 01:05:59,119.9967833,50.88719
Car-1,2008-10-03 01:06:05,119.9974283,50.8882483
Car-1,2008-10-03 01:06:11,119.9981133,50.8893499
Car-1,2008-10-03 01:06:17,119.9987966,50.8904849
Car-1,2008-10-03 01:06:27,119.9997949,50.8925199
Car-1,2008-10-03 01:06:37,120.0008716,50.8946533
Car-1,2008-10-03 01:06:47,120.0028166,50.89655
Car-1,2008-10-03 01:06:57,120.0048883,50.8984816
Car-1,2008-10-03 01:07:07,120.0070049,50.9004816
Car-1,2008-10-03 01:07:17,120.0091066,50.9024933
Car-1,2008-10-03 01:07:27,120.0111649,50.9044299
Car-1,2008-10-03 01:07:37,120.0130949,50.90637
Car-1,2008-10-03 01:07:47,120.0150533,50.9083116
Car-1,2008-10-03 01:07:57,120.0166633,50.9103599
Car-1,2008-10-03 01:08:07,120.0177466,50.9125916
Car-1,2008-10-03 01:08:17,120.0188466,50.9147983
Car-1,2008-10-03 01:08:27,120.0200599,50.9172066
Car-1,2008-10-03 01:08:37,120.0210999,50.9195316
Car-1,2008-10-03 01:08:47,120.0216399,50.9217799
Car-1,2008-10-03 01:08:57,120.0224316,50.9236716
Car-1,2008-10-03 01:09:03,120.0231083,50.9247099
Car-1,2008-10-03 01:09:09,120.0238583,50.9258133
Car-1,2008-10-03 01:09:15,120.0245933,50.9269633
Car-1,2008-10-03 01:09:25,120.0258883,50.9287583
Car-1,2008-10-03 01:09:31,120.0266649,50.9296866
Car-1,2008-10-03 01:09:37,120.0275,50.9306799
Car-1,2008-10-03 01:09:43,120.0283749,50.9317466
Car-1,2008-10-03 01:09:53,120.0295099,50.9335666
Car-1,2008-10-03 01:09:59,120.0298683,50.9347033
Car-1,2008-10-03 01:10:05,120.0302633,50.9359199
Car-1,2008-10-03 01:10:15,120.0307499,50.9380866
Car-1,2008-10-03 01:10:25,120.0309216,50.9403266
Car-1,2008-10-03 01:10:35,120.0310899,50.9424499
Car-1,2008-10-03 01:10:45,120.0312516,50.9444149
Car-1,2008-10-03 01:10:51,120.0313316,50.9455933
Car-1,2008-10-03 01:10:57,120.0311566,50.9465983
Car-1,2008-10-03 01:11:03,120.03073,50.9475216
Car-1,2008-10-03 01:11:09,120.0301783,50.9485266
Car-1,2008-10-03 01:11:15,120.0296349,50.9496699
Car-1,2008-10-03 01:11:25,120.0286916,50.9517933
Car-1,2008-10-03 01:11:35,120.0277516,50.9537583
Car-1,2008-10-03 01:11:45,120.0270366,50.95577
Car-1,2008-10-03 01:11:51,120.0273399,50.9569016
Car-1,2008-10-03 01:11:57,120.0279116,50.9580483
Car-1,2008-10-03 01:12:07,120.0292149,50.9599716
Car-1,2008-10-03 01:12:17,120.0309466,50.9617766
Car-1,2008-10-03 01:12:23,120.0319383,50.9627566
Car-1,2008-10-03 01:12:29,120.0328066,50.9636566
Car-1,2008-10-03 01:12:35,120.0331766,50.9640633
Car-1,2008-10-03 01:12:39,120.0332066,50.9640966
Car-1,2008-10-03 01:12:43,120.0333033,50.9641583
Car-1,2008-10-03 01:12:47,120.0333533,50.96422
Car-1,2008-10-03 01:12:49,120.0333749,50.9642366
Car-1,2008-10-03 01:12:51,120.0334099,50.96426
Car-1,2008-10-03 01:12:53,120.03345,50.9642966
Car-1,2008-10-03 01:12:57,120.0336299,50.9644466
Car-1,2008-10-03 01:13:01,120.03388,50.9646733
Car-1,2008-10-03 01:13:07,120.0343399,50.9651533
Car-1,2008-10-03 01:13:13,120.0349166,50.9657416
Car-1,2008-10-03 01:13:19,120.0355483,50.9663933
Car-1,2008-10-03 01:13:25,120.03618,50.96704
Car-1,2008-10-03 01:13:31,120.0368399,50.9677666
Car-1,2008-10-03 01:13:37,120.0372349,50.9683133
Car-1,2008-10-03 01:13:41,120.0372766,50.9684083
Car-1,2008-10-03 01:13:43,120.037295,50.9684366
Car-1,2008-10-03 01:13:47,120.0373583,50.9685983
Car-1,2008-10-03 01:13:51,120.0375233,50.9688483
Car-1,2008-10-03 01:13:57,120.0378666,50.96935
Car-1,2008-10-03 01:14:03,120.0382616,50.9699883
Car-1,2008-10-03 01:14:09,120.0387166,50.9707233
Car-1,2008-10-03 01:14:15,120.0392416,50.9715366
Car-1,2008-10-03 01:14:21,120.0397833,50.9723716
Car-1,2008-10-03 01:14:27,120.0403566,50.9732866
Car-1,2008-10-03 01:14:33,120.0409516,50.9742783
Car-1,2008-10-03 01:14:39,120.0415883,50.9752949
Car-1,2008-10-03 01:14:45,120.0422016,50.9762899
Car-1,2008-10-03 01:14:51,120.0426316,50.9769783
Car-1,2008-10-03 01:14:57,120.0430049,50.9775183
Car-1,2008-10-03 01:15:03,120.0434549,50.9780416
Car-1,2008-10-03 01:15:09,120.0439316,50.9785283
Car-1,2008-10-03 01:15:15,120.0444799,50.9789183
Car-1,2008-10-03 01:15:21,120.0450499,50.9792883
Car-1,2008-10-03 01:15:27,120.0457266,50.9796699
Car-1,2008-10-03 01:15:33,120.0465149,50.9801049
Car-1,2008-10-03 01:15:39,120.0473616,50.9806983
Car-1,2008-10-03 01:15:45,120.0479433,50.9813966
Car-1,2008-10-03 01:15:51,120.0485116,50.9821233
Car-1,2008-10-03 01:15:57,120.0490766,50.9828949
Car-1,2008-10-03 01:16:03,120.0496816,50.98363
Car-1,2008-10-03 01:16:09,120.0502683,50.9843833
Car-1,2008-10-03 01:16:15,120.0508566,50.98514
Car-1,2008-10-03 01:16:21,120.0513916,50.98583
Car-1,2008-10-03 01:16:27,120.051945,50.9864699
Car-1,2008-10-03 01:16:33,120.052715,50.9870699
Car-1,2008-10-03 01:16:39,120.0535183,50.9876466
Car-1,2008-10-03 01:16:45,120.0544066,50.9882916
Car-1,2008-10-03 01:16:51,120.0553233,50.9889583
Car-1,2008-10-03 01:16:57,120.0563066,50.98971
Car-1,2008-10-03 01:17:03,120.0572366,50.9905549
Car-1,2008-10-03 01:17:09,120.0574783,50.9915649
Car-1,2008-10-03 01:17:15,120.0572233,50.9926983
Car-1,2008-10-03 01:17:25,120.0567083,50.9949216
Car-1,2008-10-03 01:17:35,120.0561516,50.9972566
Car-1,2008-10-03 01:17:45,120.0555466,50.9995683
Car-1,2008-10-03 01:17:55,120.0544966,51.0015833
Car-1,2008-10-03 01:18:01,120.053885,51.0026899
Car-1,2008-10-03 01:18:07,120.0532399,51.0038083
Car-1,2008-10-03 01:18:13,120.0525966,51.0049599
Car-1,2008-10-03 01:18:23,120.0516683,51.0069799
Car-1,2008-10-03 01:18:33,120.0520716,51.0091716
Car-1,2008-10-03 01:18:43,120.0525983,51.0115116
Car-1,2008-10-03 01:18:53,120.0530783,51.0138966
Car-1,2008-10-03 01:19:03,120.0535216,51.0161833
Car-1,2008-10-03 01:19:13,120.0539766,51.018425
Car-1,2008-10-03 01:19:23,120.0544099,51.0206299
Car-1,2008-10-03 01:19:33,120.0548016,51.0227499
Car-1,2008-10-03 01:19:39,120.05514,51.0237249
Car-1,2008-10-03 01:19:45,120.0554966,51.0246799
Car-1,2008-10-03 01:19:51,120.0558583,51.0256849
Car-1,2008-10-03 01:19:57,120.05622,51.0266866
Car-1,2008-10-03 01:20:03,120.0565849,51.0276766
Car-1,2008-10-03 01:20:09,120.0569166,51.0286699
Car-1,2008-10-03 01:20:15,120.0571533,51.0296499
Car-1,2008-10-03 01:20:21,120.0573599,51.0306316
Car-1,2008-10-03 01:20:27,120.0575666,51.0316083
Car-1,2008-10-03 01:20:33,120.0577699,51.0325999
Car-1,2008-10-03 01:20:39,120.0579533,51.0335916
Car-1,2008-10-03 01:20:45,120.0578566,51.0346249
Car-1,2008-10-03 01:20:51,120.0575966,51.0355966
Car-1,2008-10-03 01:20:57,120.0572983,51.0365466
Car-1,2008-10-03 01:21:03,120.0570233,51.0374483
Car-1,2008-10-03 01:21:09,120.0570183,51.0383083
Car-1,2008-10-03 01:21:15,120.0575833,51.0389266
Car-1,2008-10-03 01:21:21,120.0579133,51.0391066
Car-1,2008-10-03 01:21:25,120.0579783,51.0391366
Car-1,2008-10-03 01:21:27,120.0579816,51.0391233
Car-1,2008-10-03 01:21:29,120.0579833,51.0391133
Car-1,2008-10-03 01:21:31,120.0580083,51.0391049
Car-1,2008-10-03 01:21:33,120.0580466,51.0390683
Car-1,2008-10-03 01:21:35,120.0580733,51.0390583
Car-1,2008-10-03 01:21:37,120.0580983,51.0390349
Car-1,2008-10-03 01:21:43,120.0581166,51.0390366
Car-1,2008-10-03 01:22:12,120.0581116,51.0390399
Car-1,2008-10-03 01:22:36,120.0581116,51.0390383
Car-1,2008-10-03 01:22:39,120.0581116,51.0390366
Car-1,2008-10-03 01:29:24,120.0581183,51.0390383
Car-1,2008-10-03 01:29:26,120.0581216,51.0390366
Car-1,2008-10-03 01:29:28,120.0581233,51.0390416
Car-1,2008-10-03 01:29:30,120.0581199,51.0390483
Car-1,2008-10-03 01:29:39,120.0581199,51.0390483
Car-1,2008-10-03 01:29:41,120.0581183,51.03905
Car-1,2008-10-03 01:29:43,120.058145,51.0390683
Car-1,2008-10-03 01:29:47,120.0582033,51.0391216
Car-1,2008-10-03 01:29:51,120.0583016,51.0391799
Car-1,2008-10-03 01:29:55,120.058345,51.0392283
Car-1,2008-10-03 01:29:57,120.0583583,51.0392583
Car-1,2008-10-03 01:29:59,120.0583699,51.0392849
Car-1,2008-10-03 01:30:01,120.0583766,51.0393083
Car-1,2008-10-03 01:30:03,120.0584116,51.0393416
Car-1,2008-10-03 01:30:07,120.0585266,51.0394333
Car-1,2008-10-03 01:30:11,120.05866,51.0395249
Car-1,2008-10-03 01:30:15,120.0587433,51.0396033
Car-1,2008-10-03 01:30:19,120.0587983,51.0396583
Car-1,2008-10-03 01:30:21,120.0588083,51.0396749
Car-1,2008-10-03 01:30:23,120.0588099,51.039685
Car-1,2008-10-03 01:30:38,120.0588283,51.0396916
Car-1,2008-10-03 01:30:40,120.0588466,51.0397
Car-1,2008-10-03 01:30:42,120.0588683,51.0397116
Car-1,2008-10-03 01:30:44,120.0589,51.0397316
Car-1,2008-10-03 01:30:46,120.0589316,51.0397533
Car-1,2008-10-03 01:30:48,120.0589666,51.0397599
Car-1,2008-10-03 01:30:50,120.0589833,51.0397683
Car-1,2008-10-03 01:30:52,120.0589966,51.0397733
Car-1,2008-10-03 01:30:54,120.0590116,51.0397749
Car-1,2008-10-03 01:30:56,120.0590233,51.0397733
Car-1,2008-10-03 01:30:58,120.0590316,51.0397783
Car-1,2008-10-03 01:31:00,120.0590466,51.0397816
Car-1,2008-10-03 01:31:14,120.0590333,51.039805
Car-1,2008-10-03 01:31:15,120.0590333,51.039805
Car-1,2008-10-03 01:31:17,120.0590383,51.0398066
Car-1,2008-10-03 01:31:23,120.0590416,51.0398266
Car-1,2008-10-03 01:31:25,120.0590666,51.0398566
Car-1,2008-10-03 01:31:29,120.0591466,51.03994
Car-1,2008-10-03 01:31:33,120.0593349,51.0400499
Car-1,2008-10-03 01:31:37,120.0596599,51.0402399
Car-1,2008-10-03 01:31:43,120.0603016,51.040715
Car-1,2008-10-03 01:31:49,120.0610616,51.0413049
Car-1,2008-10-03 01:31:55,120.0617833,51.0418383
Car-1,2008-10-03 01:32:01,120.0620866,51.0422166
Car-1,2008-10-03 01:32:05,120.0620866,51.0425166
Car-1,2008-10-03 01:32:06,120.0620933,51.0425766
Car-1,2008-10-03 01:32:10,120.0617766,51.0428333
Car-1,2008-10-03 01:32:16,120.0612333,51.0430333
Car-1,2008-10-03 01:32:22,120.0606083,51.0431066
Car-1,2008-10-03 01:32:28,120.0597233,51.0432499
Car-1,2008-10-03 01:32:34,120.05859,51.0433999
Car-1,2008-10-03 01:32:40,120.0572383,51.0435666
Car-1,2008-10-03 01:32:46,120.0558149,51.043875
Car-1,2008-10-03 01:32:52,120.0545649,51.0444149
Car-1,2008-10-03 01:32:58,120.0533783,51.0449116
Car-1,2008-10-03 01:33:04,120.0521549,51.0454116
Car-1,2008-10-03 01:33:10,120.0509233,51.0459566
Car-1,2008-10-03 01:33:16,120.0495849,51.0465716
Car-1,2008-10-03 01:33:22,120.0481866,51.0473249
Car-1,2008-10-03 01:33:28,120.0468449,51.0482033
Car-1,2008-10-03 01:33:34,120.0456716,51.0491466
Car-1,2008-10-03 01:33:40,120.0444916,51.0501316
Car-1,2008-10-03 01:33:50,120.0422933,51.0518649
Car-1,2008-10-03 01:34:00,120.0402049,51.0536783
Car-1,2008-10-03 01:34:10,120.0387366,51.0552916
Car-1,2008-10-03 01:34:16,120.0385899,51.0559749
Car-1,2008-10-03 01:34:22,120.0388549,51.0565416
Car-1,2008-10-03 01:34:28,120.039185,51.0571216
Car-1,2008-10-03 01:34:34,120.0395066,51.0577216
Car-1,2008-10-03 01:34:40,120.0398333,51.0583166
Car-1,2008-10-03 01:34:46,120.0400416,51.0590016
Car-1,2008-10-03 01:34:52,120.0397749,51.0596416
Car-1,2008-10-03 01:34:58,120.0392633,51.0601416
Car-1,2008-10-03 01:35:04,120.0387499,51.0606299
Car-1,2008-10-03 01:35:10,120.0381449,51.0612049
Car-1,2008-10-03 01:35:16,120.0375416,51.0618983
Car-1,2008-10-03 01:35:22,120.0369449,51.0627199
Car-1,2008-10-03 01:35:28,120.0363816,51.0636483
Car-1,2008-10-03 01:35:34,120.0358316,51.0646333
Car-1,2008-10-03 01:35:40,120.0352616,51.0656583
Car-1,2008-10-03 01:35:46,120.0348199,51.0667483
Car-1,2008-10-03 01:35:52,120.0345099,51.0678449
Car-1,2008-10-03 01:35:58,120.0341399,51.0688799
Car-1,2008-10-03 01:36:04,120.0337883,51.0698949
Car-1,2008-10-03 01:36:10,120.0335033,51.0707183
Car-1,2008-10-03 01:36:16,120.0333666,51.0712016
Car-1,2008-10-03 01:36:22,120.0332233,51.0716533
Car-1,2008-10-03 01:36:28,120.0330883,51.072055
Car-1,2008-10-03 01:36:34,120.0329183,51.0725916
Car-1,2008-10-03 01:36:40,120.0327516,51.0732116
Car-1,2008-10-03 01:36:46,120.0325633,51.073875
Car-1,2008-10-03 01:36:52,120.0324933,51.0745799
Car-1,2008-10-03 01:36:58,120.0327133,51.0750516
Car-1,2008-10-03 01:37:02,120.0329499,51.0752833
Car-1,2008-10-03 01:37:08,120.0334716,51.0758
Car-1,2008-10-03 01:37:14,120.0341449,51.0763733
Car-1,2008-10-03 01:37:20,120.0348766,51.0769883
Car-1,2008-10-03 01:37:26,120.0356033,51.0776916
Car-1,2008-10-03 01:37:32,120.0363749,51.0784533
Car-1,2008-10-03 01:37:38,120.0371999,51.0792533
Car-1,2008-10-03 01:37:44,120.0381183,51.0800533
Car-1,2008-10-03 01:37:50,120.0392099,51.0809983
Car-1,2008-10-03 01:37:56,120.0401166,51.0819199
Car-1,2008-10-03 01:38:02,120.0410033,51.0827983
Car-1,2008-10-03 01:38:08,120.0419516,51.0835466
Car-1,2008-10-03 01:38:14,120.0429933,51.0842016
Car-1,2008-10-03 01:38:20,120.0440366,51.084795
Car-1,2008-10-03 01:38:26,120.0450683,51.08545
Car-1,2008-10-03 01:38:32,120.0460133,51.0862166
Car-1,2008-10-03 01:38:38,120.0467866,51.0870749
Car-1,2008-10-03 01:38:44,120.047425,51.0880033
Car-1,2008-10-03 01:38:50,120.0478049,51.088915
Car-1,2008-10-03 01:38:56,120.0480916,51.0898066
Car-1,2008-10-03 01:39:02,120.0483899,51.0907033
Car-1,2008-10-03 01:39:08,120.0486566,51.0915499
Car-1,2008-10-03 01:39:14,120.0489199,51.0922733
Car-1,2008-10-03 01:39:20,120.0491699,51.0929383
Car-1,2008-10-03 01:39:26,120.0494299,51.0934999
Car-1,2008-10-03 01:39:32,120.0497033,51.0941016
Car-1,2008-10-03 01:39:38,120.0500249,51.09472
Car-1,2008-10-03 01:39:44,120.0499699,51.0953549
Car-1,2008-10-03 01:39:50,120.0490249,51.095675
Car-1,2008-10-03 01:39:56,120.0479699,51.0958516
Car-1,2008-10-03 01:40:02,120.0468983,51.0961566
Car-1,2008-10-03 01:40:08,120.0460399,51.0965899
Car-1,2008-10-03 01:40:14,120.0455483,51.0972883
Car-1,2008-10-03 01:40:20,120.0454716,51.0981766
Car-1,2008-10-03 01:40:26,120.0457716,51.0991549
Car-1,2008-10-03 01:40:32,120.0456799,51.1001883
Car-1,2008-10-03 01:40:38,120.0452799,51.1013133
Car-1,2008-10-03 01:40:44,120.0447299,51.1024016
Car-1,2008-10-03 01:40:50,120.0443333,51.1033933
Car-1,2008-10-03 01:40:56,120.0438566,51.1044083
Car-1,2008-10-03 01:41:02,120.0433916,51.1054749
Car-1,2008-10-03 01:41:08,120.0429066,51.1065666
Car-1,2008-10-03 01:41:14,120.0424399,51.1076149
Car-1,2008-10-03 01:41:20,120.0422416,51.1086349
Car-1,2008-10-03 01:41:26,120.0422783,51.1096833
Car-1,2008-10-03 01:41:32,120.0423366,51.1107716
Car-1,2008-10-03 01:41:38,120.0427699,51.1118799
Car-1,2008-10-03 01:41:44,120.0432266,51.1130049
Car-1,2008-10-03 01:41:50,120.0437699,51.1141516
Car-1,2008-10-03 01:41:56,120.0444566,51.1152466
Car-1,2008-10-03 01:42:02,120.0451399,51.116325
Car-1,2008-10-03 01:42:08,120.0457583,51.1174266
Car-1,2008-10-03 01:42:14,120.04633,51.1185333
Car-1,2008-10-03 01:42:20,120.0468466,51.1195916
Car-1,2008-10-03 01:42:26,120.0468449,51.1205999
Car-1,2008-10-03 01:42:32,120.0467049,51.1216199
Car-1,2008-10-03 01:42:38,120.0465433,51.122715
Car-1,2008-10-03 01:42:44,120.0463916,51.123905
Car-1,2008-10-03 01:42:54,120.0461049,51.1260116
Car-1,2008-10-03 01:43:04,120.0458716,51.1281116
Car-1,2008-10-03 01:43:14,120.045575,51.1301916
Car-1,2008-10-03 01:43:24,120.0453383,51.1321983
Car-1,2008-10-03 01:43:30,120.0452016,51.13338
Car-1,2008-10-03 01:43:36,120.0450199,51.1345933
Car-1,2008-10-03 01:43:42,120.04487,51.1357599
Car-1,2008-10-03 01:43:48,120.0447449,51.1368733
Car-1,2008-10-03 01:43:54,120.0445966,51.1380033
Car-1,2008-10-03 01:44:00,120.0442299,51.13915
Car-1,2008-10-03 01:44:06,120.043445,51.1402483
Car-1,2008-10-03 01:44:12,120.0426683,51.1413566
Car-1,2008-10-03 01:44:18,120.0418716,51.1425266
Car-1,2008-10-03 01:44:28,120.0404783,51.1444833
Car-1,2008-10-03 01:44:38,120.0392733,51.1463916
Car-1,2008-10-03 01:44:44,120.0396033,51.1473816
Car-1,2008-10-03 01:44:50,120.0402299,51.148455
Car-1,2008-10-03 01:44:56,120.0406199,51.1495533
Car-1,2008-10-03 01:45:02,120.0402933,51.1506533
Car-1,2008-10-03 01:45:08,120.039925,51.1516099
Car-1,2008-10-03 01:45:14,120.0396033,51.1525316
Car-1,2008-10-03 01:45:20,120.0391533,51.1534683
Car-1,2008-10-03 01:45:26,120.0384099,51.1543733
Car-1,2008-10-03 01:45:32,120.0376599,51.1552883
Car-1,2008-10-03 01:45:38,120.0369566,51.1562183
Car-1,2008-10-03 01:45:44,120.0361916,51.1571333
Car-1,2008-10-03 01:45:50,120.0354049,51.1580716
Car-1,2008-10-03 01:45:56,120.0345866,51.1590116
Car-1,2008-10-03 01:46:02,120.0337633,51.1599566
Car-1,2008-10-03 01:46:08,120.0329716,51.1609249
Car-1,2008-10-03 01:46:14,120.0321566,51.1618883
Car-1,2008-10-03 01:46:20,120.0314166,51.1628983
Car-1,2008-10-03 01:46:26,120.0306333,51.1638783
Car-1,2008-10-03 01:46:32,120.0299466,51.164875
Car-1,2008-10-03 01:46:38,120.0295266,51.1659133
Car-1,2008-10-03 01:46:44,120.0290766,51.1669399
Car-1,2008-10-03 01:46:50,120.0286049,51.1679683
Car-1,2008-10-03 01:46:56,120.0281933,51.1690316
Car-1,2008-10-03 01:47:02,120.0281149,51.1701499
Car-1,2008-10-03 01:47:08,120.0280566,51.171275
Car-1,2008-10-03 01:47:14,120.0280083,51.1724366
Car-1,2008-10-03 01:47:20,120.0279533,51.1736199
Car-1,2008-10-03 01:47:26,120.0278833,51.1748166
Car-1,2008-10-03 01:47:32,120.0277933,51.1760166
Car-1,2008-10-03 01:47:38,120.0280149,51.1770883
Car-1,2008-10-03 01:47:44,120.0287016,51.1780633
Car-1,2008-10-03 01:47:50,120.0294783,51.1791433
Car-1,2008-10-03 01:48:00,120.0308683,51.1811033
Car-1,2008-10-03 01:48:10,120.03224,51.1830883
Car-1,2008-10-03 01:48:20,120.0331466,51.1844266
Car-1,2008-10-03 01:48:26,120.0334633,51.1848833
Car-1,2008-10-03 01:48:33,120.0338249,51.1853599
Car-1,2008-10-03 01:48:38,120.0340966,51.1857616
Car-1,2008-10-03 01:48:44,120.0342366,51.1863816
Car-1,2008-10-03 01:48:50,120.0339549,51.1871083
Car-1,2008-10-03 01:48:57,120.0334633,51.18814
Car-1,2008-10-03 01:49:03,120.0330099,51.1891166
Car-1,2008-10-03 01:49:09,120.0325033,51.1901633
Car-1,2008-10-03 01:49:15,120.0320133,51.1912466
Car-1,2008-10-03 01:49:21,120.0315466,51.1923283
Car-1,2008-10-03 01:49:27,120.0310549,51.1934466
Car-1,2008-10-03 01:49:33,120.0305333,51.1945749
Car-1,2008-10-03 01:49:39,120.0300299,51.1956566
Car-1,2008-10-03 01:49:45,120.0294116,51.1965733
Car-1,2008-10-03 01:49:51,120.0285766,51.1973266
Car-1,2008-10-03 01:49:57,120.0277166,51.19809
Car-1,2008-10-03 01:50:03,120.0268566,51.1988683
Car-1,2008-10-03 01:50:09,120.0259749,51.1996516
Car-1,2008-10-03 01:50:15,120.0253033,51.2005133
Car-1,2008-10-03 01:50:21,120.0247699,51.2014616
Car-1,2008-10-03 01:50:27,120.0242633,51.2024566
Car-1,2008-10-03 01:50:33,120.0237633,51.2034133
Car-1,2008-10-03 01:50:39,120.0232766,51.2043416
Car-1,2008-10-03 01:50:45,120.0227583,51.2053066
Car-1,2008-10-03 01:50:51,120.0222216,51.2062966
Car-1,2008-10-03 01:50:57,120.0217133,51.2072699
Car-1,2008-10-03 01:51:03,120.0212616,51.2081666
Car-1,2008-10-03 01:51:09,120.0207999,51.2090033
Car-1,2008-10-03 01:51:15,120.0203549,51.209875
Car-1,2008-10-03 01:51:21,120.0198733,51.2108216
Car-1,2008-10-03 01:51:27,120.0193316,51.2118483
Car-1,2008-10-03 01:51:33,120.0187966,51.2128549
Car-1,2008-10-03 01:51:39,120.0183033,51.2138166
Car-1,2008-10-03 01:51:45,120.0178649,51.2148199
Car-1,2008-10-03 01:51:51,120.0176266,51.2159099
Car-1,2008-10-03 01:51:57,120.0173766,51.2170133
Car-1,2008-10-03 01:52:03,120.0171233,51.2181183
Car-1,2008-10-03 01:52:09,120.0168683,51.2191849
Car-1,2008-10-03 01:52:15,120.0166333,51.2202233
Car-1,2008-10-03 01:52:21,120.0164083,51.2212066
Car-1,2008-10-03 01:52:27,120.0158649,51.2219666
Car-1,2008-10-03 01:52:33,120.0146433,51.2222749
Car-1,2008-10-03 01:52:39,120.0132933,51.22248
Car-1,2008-10-03 01:52:45,120.0120383,51.2226766
Car-1,2008-10-03 01:52:51,120.0107699,51.2228666
Car-1,2008-10-03 01:52:57,120.0097483,51.2233516
Car-1,2008-10-03 01:53:03,120.0096049,51.2241433
Car-1,2008-10-03 01:53:09,120.0098816,51.2248716
Car-1,2008-10-03 01:53:15,120.0101716,51.2255966
Car-1,2008-10-03 01:53:21,120.0105016,51.226435
Car-1,2008-10-03 01:53:27,120.0107949,51.2272949
Car-1,2008-10-03 01:53:33,120.0107916,51.2281583
Car-1,2008-10-03 01:53:39,120.0103716,51.2289983
Car-1,2008-10-03 01:53:45,120.0096699,51.2298216
Car-1,2008-10-03 01:53:51,120.0088933,51.2306833
Car-1,2008-10-03 01:53:57,120.0080983,51.2315266
Car-1,2008-10-03 01:54:03,120.0072683,51.2323916
Car-1,2008-10-03 01:54:09,120.0064616,51.233305
Car-1,2008-10-03 01:54:15,120.0058099,51.2343399
Car-1,2008-10-03 01:54:21,120.0052549,51.2354566
Car-1,2008-10-03 01:54:27,120.0047983,51.2365366
Car-1,2008-10-03 01:54:33,120.0043316,51.2375983
Car-1,2008-10-03 01:54:39,120.0038283,51.2386949
Car-1,2008-10-03 01:54:45,120.0032916,51.2398199
Car-1,2008-10-03 01:54:51,120.0030299,51.2409633
Car-1,2008-10-03 01:54:57,120.0028516,51.24211
Car-1,2008-10-03 01:55:03,120.0026533,51.2432466
Car-1,2008-10-03 01:55:09,120.0021466,51.244295
Car-1,2008-10-03 01:55:15,120.0015949,51.2452949
Car-1,2008-10-03 01:55:21,120.0011449,51.2462949
Car-1,2008-10-03 01:55:27,120.0008099,51.2472533
Car-1,2008-10-03 01:55:33,120.0004816,51.2481483
Car-1,2008-10-03 01:55:39,120.0001883,51.2490733
Car-1,2008-10-03 01:55:45,119.9997733,51.2500066
Car-1,2008-10-03 01:55:51,119.9989516,51.2508383
Car-1,2008-10-03 01:55:57,119.9981383,51.2516466
Car-1,2008-10-03 01:56:03,119.9981116,51.2524666
Car-1,2008-10-03 01:56:09,119.9982883,51.2532566
Car-1,2008-10-03 01:56:15,119.9983083,51.2540633
Car-1,2008-10-03 01:56:21,119.9981333,51.2548866
Car-1,2008-10-03 01:56:27,119.997895,51.2557216
Car-1,2008-10-03 01:56:33,119.9977733,51.256445
Car-1,2008-10-03 01:56:39,119.9982249,51.2570016
Car-1,2008-10-03 01:56:45,119.9991583,51.2572766
Car-1,2008-10-03 01:56:51,120.0003449,51.2574099
Car-1,2008-10-03 01:56:57,120.0017449,51.2575733
Car-1,2008-10-03 01:57:03,120.0032783,51.2577783
Car-1,2008-10-03 01:57:09,120.0042549,51.257895
Car-1,2008-10-03 01:57:15,120.0047083,51.2579483
Car-1,2008-10-03 01:57:19,120.0049066,51.2579749
Car-1,2008-10-03 01:57:23,120.0052566,51.2580566
Car-1,2008-10-03 01:57:29,120.0058683,51.2583183
Car-1,2008-10-03 01:57:35,120.0065316,51.2588066
Car-1,2008-10-03 01:57:41,120.0072683,51.2593716
Car-1,2008-10-03 01:57:47,120.0081899,51.2598583
Car-1,2008-10-03 01:57:53,120.0093399,51.2601249
Car-1,2008-10-03 01:57:59,120.0104733,51.2604
Car-1,2008-10-03 01:58:05,120.0112233,51.2609666
Car-1,2008-10-03 01:58:11,120.0116399,51.2616533
Car-1,2008-10-03 01:58:17,120.0122783,51.2622833
Car-1,2008-10-03 01:58:23,120.0134183,51.2625483
Car-1,2008-10-03 01:58:29,120.0146866,51.2625333
Car-1,2008-10-03 01:58:35,120.0160366,51.2624983
Car-1,2008-10-03 01:58:41,120.01754,51.2624466
Car-1,2008-10-03 01:58:47,120.0190533,51.262425
Car-1,2008-10-03 01:58:53,120.0206116,51.2623866
Car-1,2008-10-03 01:58:59,120.0221649,51.2623566
Car-1,2008-10-03 01:59:05,120.0237533,51.2623316
Car-1,2008-10-03 01:59:11,120.0254333,51.2622899
Car-1,2008-10-03 01:59:17,120.0271699,51.2622549
Car-1,2008-10-03 01:59:23,120.0288383,51.2622216
Car-1,2008-10-03 01:59:29,120.0304399,51.2623649
Car-1,2008-10-03 01:59:35,120.0319116,51.2627533
Car-1,2008-10-03 01:59:41,120.0333599,51.2631983
Car-1,2008-10-03 01:59:47,120.0348266,51.26363
Car-1,2008-10-03 01:59:53,120.0362699,51.2640766
Car-1,2008-10-03 01:59:59,120.037725,51.26451
Car-1,2008-10-03 02:00:05,120.0392566,51.2649866
Car-1,2008-10-03 02:00:11,120.04087,51.2654683
Car-1,2008-10-03 02:00:17,120.0424766,51.265975
Car-1,2008-10-03 02:00:23,120.0439866,51.2664799
Car-1,2008-10-03 02:00:29,120.0454566,51.26697
Car-1,2008-10-03 02:00:35,120.04691,51.2674766
Car-1,2008-10-03 02:00:41,120.0483683,51.2680183
Car-1,2008-10-03 02:00:47,120.0498133,51.2685649
Car-1,2008-10-03 02:00:53,120.051225,51.2691599
Car-1,2008-10-03 02:00:59,120.0526316,51.2697666
Car-1,2008-10-03 02:01:05,120.0541466,51.2704083
Car-1,2008-10-03 02:01:11,120.0557149,51.2710733
Car-1,2008-10-03 02:01:17,120.0572949,51.2717333
Car-1,2008-10-03 02:01:23,120.0589883,51.2722116
Car-1,2008-10-03 02:01:29,120.0607299,51.2726166
Car-1,2008-10-03 02:01:35,120.0622899,51.2731716
Car-1,2008-10-03 02:01:41,120.0637349,51.2737583
Car-1,2008-10-03 02:01:47,120.0651499,51.2743216
Car-1,2008-10-03 02:01:53,120.0666616,51.2746749
Car-1,2008-10-03 02:01:59,120.0682433,51.2748749
Car-1,2008-10-03 02:02:05,120.0698699,51.2750749
Car-1,2008-10-03 02:02:11,120.0715216,51.2752683
Car-1,2008-10-03 02:02:17,120.0732033,51.2754733
Car-1,2008-10-03 02:02:23,120.0748966,51.2756883
Car-1,2008-10-03 02:02:29,120.0765949,51.275895
Car-1,2008-10-03 02:02:35,120.0783033,51.2761049
Car-1,2008-10-03 02:02:41,120.0800416,51.2762999
Car-1,2008-10-03 02:02:47,120.0817349,51.27633
Car-1,2008-10-03 02:02:53,120.08338,51.2763183
Car-1,2008-10-03 02:02:59,120.0848166,51.2765583
Car-1,2008-10-03 02:03:05,120.0860533,51.2770966
Car-1,2008-10-03 02:03:11,120.0873916,51.2776483
Car-1,2008-10-03 02:03:17,120.0889616,51.2780483
Car-1,2008-10-03 02:03:23,120.090565,51.27832
Car-1,2008-10-03 02:03:29,120.0921949,51.2786116
Car-1,2008-10-03 02:03:35,120.0938883,51.2790099
Car-1,2008-10-03 02:03:41,120.0955266,51.279645
Car-1,2008-10-03 02:03:51,120.0982866,51.2807883
Car-1,2008-10-03 02:04:01,120.101175,51.2816516
Car-1,2008-10-03 02:04:07,120.1029366,51.2820366
Car-1,2008-10-03 02:04:13,120.1047383,51.2824283
Car-1,2008-10-03 02:04:19,120.1066133,51.2826816
Car-1,2008-10-03 02:04:25,120.1085099,51.2828666
Car-1,2008-10-03 02:04:35,120.111745,51.2831683
Car-1,2008-10-03 02:04:45,120.1147966,51.2834133
Car-1,2008-10-03 02:04:51,120.1164883,51.28354
Car-1,2008-10-03 02:04:57,120.1180983,51.2836899
Car-1,2008-10-03 02:05:03,120.1197733,51.2838466
Car-1,2008-10-03 02:05:09,120.1215416,51.2839883
Car-1,2008-10-03 02:05:15,120.123365,51.2841283
Car-1,2008-10-03 02:05:21,120.1252716,51.2843499
Car-1,2008-10-03 02:05:27,120.1270716,51.2845666
Car-1,2008-10-03 02:05:33,120.1288999,51.2848216
Car-1,2008-10-03 02:05:39,120.13077,51.2850633
Car-1,2008-10-03 02:05:45,120.1325316,51.2852616
Car-1,2008-10-03 02:05:51,120.1341616,51.2854716
Car-1,2008-10-03 02:05:57,120.1357333,51.2858133
Car-1,2008-10-03 02:06:03,120.1372933,51.2861666
Car-1,2008-10-03 02:06:09,120.138635,51.2866033
Car-1,2008-10-03 02:06:15,120.1396816,51.2872333
Car-1,2008-10-03 02:06:21,120.1407199,51.2878066
Car-1,2008-10-03 02:06:27,120.1418066,51.2884149
Car-1,2008-10-03 02:06:33,120.1431433,51.2888583
Car-1,2008-10-03 02:06:39,120.144545,51.2891999
Car-1,2008-10-03 02:06:45,120.1459233,51.2895333
Car-1,2008-10-03 02:06:51,120.1473099,51.2898783
Car-1,2008-10-03 02:06:57,120.1486699,51.2902983
Car-1,2008-10-03 02:07:03,120.1498249,51.2909799
Car-1,2008-10-03 02:07:09,120.150945,51.2916549
Car-1,2008-10-03 02:07:15,120.1520433,51.2923233
Car-1,2008-10-03 02:07:21,120.1531299,51.2929866
Car-1,2008-10-03 02:07:27,120.1542166,51.2936449
Car-1,2008-10-03 02:07:33,120.1553516,51.2943199
Car-1,2008-10-03 02:09:39,120.1749633,51.3082366
Car-1,2008-10-03 02:15:32,120.1762233,51.3089299
Car-1,2008-10-03 02:16:22,120.1768216,51.3095066
Car-1,2008-10-03 02:16:26,120.1768783,51.3095683
Car-1,2008-10-03 02:16:34,120.17693,51.3096266
Car-1,2008-10-03 02:16:51,120.1769349,51.3096316
Car-1,2008-10-03 02:17:01,120.1769383,51.3096333
Car-1,2008-10-03 02:17:23,120.1769449,51.3096416
Car-1,2008-10-03 02:17:25,120.1769533,51.3096499
Car-1,2008-10-03 02:17:27,120.176965,51.3096599
Car-1,2008-10-03 02:17:40,120.176975,51.3096683
Car-1,2008-10-03 02:17:42,120.1769866,51.3096866
Car-1,2008-10-03 02:17:44,120.1770116,51.3097116
Car-1,2008-10-03 02:17:48,120.1770533,51.3097533
Car-1,2008-10-03 02:17:50,120.17708,51.3097733
Car-1,2008-10-03 02:17:52,120.1771016,51.3097899
Car-1,2008-10-03 02:17:54,120.1771216,51.3098033
Car-1,2008-10-03 02:17:56,120.1771383,51.3098099
Car-1,2008-10-03 02:17:58,120.17715,51.3098216
Car-1,2008-10-03 02:18:00,120.1771716,51.3098383
Car-1,2008-10-03 02:18:02,120.1771916,51.3098533
Car-1,2008-10-03 02:18:04,120.1772049,51.3098583
Car-1,2008-10-03 02:18:06,120.1772249,51.3098683
Car-1,2008-10-03 02:18:08,120.1772416,51.309885
Car-1,2008-10-03 02:18:10,120.1772433,51.3099166
Car-1,2008-10-03 02:18:12,120.17727,51.309935
Car-1,2008-10-03 02:18:19,120.1772733,51.3099449
Car-1,2008-10-03 02:18:37,120.1772849,51.3099533
Car-1,2008-10-03 02:18:39,120.177305,51.3099799
Car-1,2008-10-03 02:18:43,120.1773599,51.3100216
Car-1,2008-10-03 02:18:45,120.1773833,51.3100333
Car-1,2008-10-03 02:18:47,120.1774133,51.3100449
Car-1,2008-10-03 02:18:49,120.177445,51.3100583
Car-1,2008-10-03 02:18:51,120.1774716,51.3100699
Car-1,2008-10-03 02:18:53,120.1774916,51.3100833
Car-1,2008-10-03 02:18:55,120.1775133,51.3101016
Car-1,2008-10-03 02:18:57,120.1775349,51.3101199
Car-1,2008-10-03 02:18:59,120.1775566,51.3101383
Car-1,2008-10-03 02:19:01,120.1775766,51.3101583
Car-1,2008-10-03 02:19:03,120.1775966,51.3101783
Car-1,2008-10-03 02:19:05,120.1776116,51.3101949
Car-1,2008-10-03 02:19:07,120.17762,51.3102083
Car-1,2008-10-03 02:19:09,120.1776399,51.3102183
Car-1,2008-10-03 02:19:11,120.1776566,51.3102316
Car-1,2008-10-03 02:19:13,120.1776716,51.3102466
Car-1,2008-10-03 02:19:15,120.1776849,51.3102616
Car-1,2008-10-03 02:19:17,120.1776849,51.3102816
Car-1,2008-10-03 02:19:19,120.1776849,51.3103033
Car-1,2008-10-03 02:19:21,120.1776983,51.3103133
Car-1,2008-10-03 02:19:23,120.1777083,51.3103249
Car-1,2008-10-03 02:19:25,120.1777133,51.3103383
Car-1,2008-10-03 02:19:27,120.1777033,51.3103566
Car-1,2008-10-03 02:19:29,120.1777,51.310375
Car-1,2008-10-03 02:19:31,120.17769,51.3103949
Car-1,2008-10-03 02:19:33,120.1776849,51.3104116
Car-1,2008-10-03 02:19:35,120.1776949,51.310425
Car-1,2008-10-03 02:19:37,120.1777116,51.3104549
Car-1,2008-10-03 02:19:41,120.1778099,51.3105466
Car-1,2008-10-03 02:19:45,120.1779816,51.310685
Car-1,2008-10-03 02:19:49,120.1781433,51.3108366
Car-1,2008-10-03 02:19:53,120.1783049,51.3108916
Car-1,2008-10-03 02:19:57,120.1783716,51.3109449
Car-1,2008-10-03 02:20:01,120.17844,51.3109916
Car-1,2008-10-03 02:20:03,120.1784599,51.311
Car-1,2008-10-03 02:20:05,120.1784733,51.3110066
Car-1,2008-10-03 02:20:09,120.1784866,51.3110183
Car-1,2008-10-03 02:20:11,120.1784966,51.3110283
Car-1,2008-10-03 02:20:53,120.1785516,51.3110183
Car-1,2008-10-03 02:20:57,120.1785666,51.3110216
Car-1,2008-10-03 02:22:22,120.1785816,51.3110249
Car-1,2008-10-03 02:22:24,120.1786066,51.3110366
Car-1,2008-10-03 02:22:26,120.1786583,51.3110566
Car-1,2008-10-03 02:22:30,120.1788299,51.3111016
Car-1,2008-10-03 02:22:34,120.1791033,51.3111466
Car-1,2008-10-03 02:22:38,120.1794583,51.3112016
Car-1,2008-10-03 02:22:42,120.1799333,51.3112583
Car-1,2008-10-03 02:22:48,120.1805116,51.3113083
Car-1,2008-10-03 02:22:52,120.1806483,51.3113266
Car-1,2008-10-03 02:22:54,120.1806933,51.3113316
Car-1,2008-10-03 02:22:56,120.1807283,51.3113316
Car-1,2008-10-03 02:22:58,120.1807483,51.3113333
Car-1,2008-10-03 02:23:01,120.1807633,51.3113466
Car-1,2008-10-03 02:23:05,120.1807883,51.311385
Car-1,2008-10-03 02:23:10,120.18078,51.3113949
Car-1,2008-10-03 02:23:12,120.1807633,51.3113799
Car-1,2008-10-03 02:23:17,120.1807499,51.3113599
Car-1,2008-10-03 02:23:19,120.1807516,51.3113549
Car-1,2008-10-03 02:23:21,120.1807399,51.3113566
Car-1,2008-10-03 02:23:23,120.1807216,51.3113399
Car-1,2008-10-03 02:23:24,120.1807216,51.3113333
Car-1,2008-10-03 02:23:26,120.1807033,51.3113249
Car-1,2008-10-03 02:23:28,120.1807166,51.3113049
Car-1,2008-10-03 02:23:32,120.1808866,51.3112549
Car-1,2008-10-03 02:23:36,120.18112,51.3112566
Car-1,2008-10-03 02:23:40,120.1814216,51.3113416
Car-1,2008-10-03 02:23:44,120.18188,51.3113983
Car-1,2008-10-03 02:23:50,120.1827666,51.3114683
Car-1,2008-10-03 02:23:56,120.1837949,51.31147
Car-1,2008-10-03 02:24:02,120.1848416,51.3114916
Car-1,2008-10-03 02:24:08,120.185965,51.3115016
Car-1,2008-10-03 02:24:14,120.1871216,51.3115066
Car-1,2008-10-03 02:24:20,120.1883499,51.3115216
Car-1,2008-10-03 02:24:26,120.1896883,51.3115266
Car-1,2008-10-03 02:24:32,120.1911483,51.3115283
Car-1,2008-10-03 02:24:38,120.1926883,51.3116166
Car-1,2008-10-03 02:24:44,120.1942633,51.3119566
Car-1,2008-10-03 02:24:50,120.1958433,51.3123233
Car-1,2008-10-03 02:24:56,120.1973866,51.3126916
Car-1,2008-10-03 02:25:02,120.1989149,51.3130616
Car-1,2008-10-03 02:25:08,120.2004416,51.3134233
Car-1,2008-10-03 02:25:14,120.2019166,51.3137549
Car-1,2008-10-03 02:25:20,120.2033333,51.3139966
Car-1,2008-10-03 02:25:26,120.2047483,51.3142433
Car-1,2008-10-03 02:25:32,120.2061949,51.3144133
Car-1,2008-10-03 02:25:38,120.2074533,51.3142716
Car-1,2008-10-03 02:25:44,120.2082466,51.3139866
Car-1,2008-10-03 02:25:50,120.2090466,51.3139683
Car-1,2008-10-03 02:25:56,120.2099399,51.3141283
Car-1,2008-10-03 02:26:02,120.2110783,51.3141499
Car-1,2008-10-03 02:26:08,120.2122733,51.3141483
Car-1,2008-10-03 02:26:14,120.2134399,51.3142266
Car-1,2008-10-03 02:26:20,120.2144283,51.3143983
Car-1,2008-10-03 02:26:27,120.2147933,51.31437
Car-1,2008-10-03 02:28:33,120.2147983,51.3143583
Car-1,2008-10-03 02:28:37,120.2147966,51.3143599
Car-1,2008-10-03 02:29:28,120.2147966,51.3143599
Car-1,2008-10-03 02:29:30,120.2147916,51.3143616
Car-1,2008-10-03 02:29:32,120.2148216,51.3143599
Car-1,2008-10-03 02:29:34,120.2148716,51.3143566
Car-1,2008-10-03 02:29:38,120.2150316,51.3143433
Car-1,2008-10-03 02:29:42,120.2152749,51.3143183
Car-1,2008-10-03 02:29:46,120.2156133,51.3142966
Car-1,2008-10-03 02:29:50,120.2160316,51.3142983
Car-1,2008-10-03 02:29:56,120.2167516,51.3143116
Car-1,2008-10-03 02:30:02,120.2175316,51.3144366
Car-1,2008-10-03 02:30:08,120.2181933,51.3146949
Car-1,2008-10-03 02:30:14,120.2187016,51.3149899
Car-1,2008-10-03 02:30:18,120.2189266,51.3152233
Car-1,2008-10-03 02:31:00,120.2189866,51.3152716
Car-1,2008-10-03 02:34:33,120.2189966,51.3152633
Car-1,2008-10-03 02:34:35,120.2190166,51.3152816
Car-1,2008-10-03 02:34:37,120.21905,51.3153099
Car-1,2008-10-03 02:34:41,120.2191266,51.315385
Car-1,2008-10-03 02:34:45,120.2192016,51.3154749
Car-1,2008-10-03 02:34:49,120.2193716,51.3156083
Car-1,2008-10-03 02:34:53,120.2196583,51.3157816
Car-1,2008-10-03 02:34:59,120.2199833,51.3159116
Car-1,2008-10-03 02:35:01,120.2200183,51.3159233
Car-1,2008-10-03 02:35:03,120.2200383,51.3159299
Car-1,2008-10-03 02:35:09,120.2200383,51.3159299
Car-1,2008-10-03 02:35:11,120.2200433,51.3159299
Car-1,2008-10-03 02:35:43,120.2200566,51.3159383
Car-1,2008-10-03 02:35:47,120.2200433,51.31594
Car-1,2008-10-03 02:36:09,120.220025,51.3159449
Car-1,2008-10-03 02:36:19,120.220025,51.3159449
Car-1,2008-10-03 02:36:21,120.2200333,51.3159416
Car-1,2008-10-03 02:36:23,120.22006,51.3159533
Car-1,2008-10-03 02:36:25,120.220105,51.3159699
Car-1,2008-10-03 02:36:29,120.2202583,51.3160049
Car-1,2008-10-03 02:36:33,120.2204833,51.3160399
Car-1,2008-10-03 02:36:37,120.2207433,51.3160499
Car-1,2008-10-03 02:36:41,120.2210633,51.3160433
Car-1,2008-10-03 02:36:45,120.2214966,51.3159733
Car-1,2008-10-03 02:36:51,120.2221099,51.3157866
Car-1,2008-10-03 02:36:57,120.2226733,51.3155699
Car-1,2008-10-03 02:37:03,120.2233783,51.3153083
Car-1,2008-10-03 02:37:09,120.2242366,51.3150299
Car-1,2008-10-03 02:37:15,120.2252849,51.3147233
Car-1,2008-10-03 02:37:21,120.2264799,51.314545
Car-1,2008-10-03 02:37:27,120.2277533,51.3146399
Car-1,2008-10-03 02:37:33,120.2289666,51.3145916
Car-1,2008-10-03 02:37:39,120.2301899,51.3145216
Car-1,2008-10-03 02:37:45,120.2314149,51.31437
Car-1,2008-10-03 02:37:51,120.2327599,51.3145583
Car-1,2008-10-03 02:37:57,120.2339799,51.3146616
Car-1,2008-10-03 02:38:03,120.2352133,51.3147949
Car-1,2008-10-03 02:38:09,120.2364533,51.3149716
Car-1,2008-10-03 02:38:15,120.2376933,51.3151983
Car-1,2008-10-03 02:38:21,120.2389449,51.3154533
Car-1,2008-10-03 02:38:27,120.2402216,51.3156966
Car-1,2008-10-03 02:38:33,120.2414566,51.3159449
Car-1,2008-10-03 02:38:39,120.2425866,51.3162083
Car-1,2008-10-03 02:38:45,120.2436149,51.316625
Car-1,2008-10-03 02:38:51,120.2446866,51.3170849
Car-1,2008-10-03 02:38:57,120.2458116,51.3175583
Car-1,2008-10-03 02:39:03,120.246965,51.3178499
Car-1,2008-10-03 02:39:09,120.2478699,51.3177966
Car-1,2008-10-03 02:39:15,120.2485116,51.3175333
Car-1,2008-10-03 02:39:21,120.2490066,51.3172883
Car-1,2008-10-03 02:39:25,120.2490833,51.3172233
Car-1,2008-10-03 02:39:29,120.2491349,51.3171333
Car-1,2008-10-03 02:39:33,120.2493416,51.3169266
Car-1,2008-10-03 02:39:39,120.2499083,51.31645
Car-1,2008-10-03 02:39:45,120.2507883,51.3158499
Car-1,2008-10-03 02:39:51,120.2518516,51.3152466
Car-1,2008-10-03 02:39:57,120.2531616,51.31472
Car-1,2008-10-03 02:40:03,120.2544566,51.3142233
Car-1,2008-10-03 02:40:09,120.2556999,51.3137533
Car-1,2008-10-03 02:40:15,120.2568933,51.3133066
Car-1,2008-10-03 02:40:21,120.2580166,51.312885
Car-1,2008-10-03 02:40:27,120.259045,51.31247
Car-1,2008-10-03 02:40:33,120.260085,51.3120866
Car-1,2008-10-03 02:40:39,120.2611883,51.3116466
Car-1,2008-10-03 02:40:45,120.2623283,51.3112116
Car-1,2008-10-03 02:40:51,120.26363,51.3109233
Car-1,2008-10-03 02:40:57,120.2650433,51.3109016
Car-1,2008-10-03 02:41:03,120.2664883,51.3112233
Car-1,2008-10-03 02:41:09,120.2678966,51.3116016
Car-1,2008-10-03 02:41:15,120.2693399,51.3119699
Car-1,2008-10-03 02:41:21,120.2707649,51.3123866
Car-1,2008-10-03 02:41:27,120.2720583,51.3129366
Car-1,2008-10-03 02:41:33,120.2733299,51.3134883
Car-1,2008-10-03 02:41:39,120.2745399,51.3140599
Car-1,2008-10-03 02:41:45,120.2754033,51.3146566
Car-1,2008-10-03 02:41:51,120.2759166,51.3151433
Car-1,2008-10-03 02:41:57,120.2763549,51.3156783
Car-1,2008-10-03 02:42:03,120.27668,51.31636
Car-1,2008-10-03 02:42:09,120.2768816,51.3171599
Car-1,2008-10-03 02:42:15,120.2770716,51.3180416
Car-1,2008-10-03 02:42:21,120.2772683,51.3189283
Car-1,2008-10-03 02:42:27,120.2774866,51.3198783
Car-1,2008-10-03 02:42:33,120.2777633,51.3208816
Car-1,2008-10-03 02:42:39,120.27811,51.3219516
Car-1,2008-10-03 02:42:45,120.2784816,51.3230249
Car-1,2008-10-03 02:42:51,120.2788016,51.3240883
Car-1,2008-10-03 02:42:57,120.2791283,51.3251233
Car-1,2008-10-03 02:43:03,120.2793916,51.3261116
Car-1,2008-10-03 02:43:09,120.2797433,51.3270849
Car-1,2008-10-03 02:43:16,120.2807533,51.3280849
Car-1,2008-10-03 02:43:22,120.2817516,51.3287966
Car-1,2008-10-03 02:43:28,120.2824599,51.3294983
Car-1,2008-10-03 02:43:35,120.2828099,51.3303783
Car-1,2008-10-03 02:43:41,120.2831183,51.3311866
Car-1,2008-10-03 02:43:47,120.2834316,51.3320699
Car-1,2008-10-03 02:43:53,120.2838,51.3329816
Car-1,2008-10-03 02:43:59,120.2841616,51.3339099
Car-1,2008-10-03 02:44:05,120.2847866,51.3347216
Car-1,2008-10-03 02:44:11,120.2857666,51.3354299
Car-1,2008-10-03 02:44:17,120.2867516,51.3361133
Car-1,2008-10-03 02:44:23,120.2877183,51.3367949
Car-1,2008-10-03 02:44:29,120.2886999,51.3374949
Car-1,2008-10-03 02:44:35,120.2897583,51.3380533
Car-1,2008-10-03 02:44:41,120.2910899,51.3384433
Car-1,2008-10-03 02:44:47,120.2925333,51.3388599
Car-1,2008-10-03 02:44:53,120.2937433,51.3392066
Car-1,2008-10-03 02:44:59,120.2944999,51.3394849
Car-1,2008-10-03 02:45:05,120.2950516,51.3399199
Car-1,2008-10-03 02:45:11,120.2954599,51.3404916
Car-1,2008-10-03 02:45:17,120.2958733,51.3411116
Car-1,2008-10-03 02:45:23,120.2963166,51.3417583
Car-1,2008-10-03 02:45:29,120.2970416,51.34232
Car-1,2008-10-03 02:45:35,120.2981,51.3426949
Car-1,2008-10-03 02:45:41,120.299375,51.3430066
Car-1,2008-10-03 02:45:47,120.3007416,51.3433249
Car-1,2008-10-03 02:45:53,120.3019683,51.3437183
Car-1,2008-10-03 02:45:59,120.3029116,51.3442933
Car-1,2008-10-03 02:46:05,120.3036433,51.3449383
Car-1,2008-10-03 02:46:11,120.3042566,51.3456349
Car-1,2008-10-03 02:46:17,120.3047299,51.3464383
Car-1,2008-10-03 02:46:23,120.3051916,51.3473066
Car-1,2008-10-03 02:46:29,120.3056983,51.3481933
Car-1,2008-10-03 02:46:35,120.3062,51.3490966
Car-1,2008-10-03 02:46:41,120.3066949,51.349985
Car-1,2008-10-03 02:46:47,120.3071966,51.35086
Car-1,2008-10-03 02:46:53,120.3077166,51.3517099
Car-1,2008-10-03 02:46:59,120.3082083,51.35241
Car-1,2008-10-03 02:47:05,120.3085649,51.3529316
Car-1,2008-10-03 02:47:11,120.3087133,51.3534499
Car-1,2008-10-03 02:47:17,120.3085483,51.3539349
Car-1,2008-10-03 02:47:23,120.3081999,51.354525
Car-1,2008-10-03 02:47:29,120.3081383,51.3552333
Car-1,2008-10-03 02:47:35,120.3086166,51.3559233
Car-1,2008-10-03 02:47:41,120.3093583,51.3565133
Car-1,2008-10-03 02:47:47,120.3100999,51.35711
Car-1,2008-10-03 02:47:53,120.3105333,51.3578199
Car-1,2008-10-03 02:47:59,120.3106299,51.3585983
Car-1,2008-10-03 02:48:05,120.31067,51.3592666
Car-1,2008-10-03 02:48:11,120.310895,51.3597866
Car-1,2008-10-03 02:48:17,120.3115033,51.3601049
Car-1,2008-10-03 02:48:23,120.3123683,51.3601633
Car-1,2008-10-03 02:48:29,120.31341,51.36004
Car-1,2008-10-03 02:48:35,120.3145433,51.3598949
Car-1,2008-10-03 02:48:41,120.3156633,51.3596983
Car-1,2008-10-03 02:48:47,120.3165333,51.3592433
Car-1,2008-10-03 02:48:53,120.3168616,51.358555
Car-1,2008-10-03 02:48:59,120.3170733,51.3577766
Car-1,2008-10-03 02:49:05,120.3172983,51.3569333
Car-1,2008-10-03 02:49:11,120.3175716,51.3560066
Car-1,2008-10-03 02:49:17,120.317865,51.35503
Car-1,2008-10-03 02:49:23,120.3183999,51.3541116
Car-1,2008-10-03 02:49:29,120.3193516,51.3534183
Car-1,2008-10-03 02:49:35,120.3203849,51.3527233
Car-1,2008-10-03 02:49:41,120.3214366,51.3519733
Car-1,2008-10-03 02:49:47,120.3225349,51.3512483
Car-1,2008-10-03 02:49:53,120.3236116,51.3505549
Car-1,2008-10-03 02:49:59,120.3246616,51.349865
Car-1,2008-10-03 02:50:05,120.3255049,51.3491049
Car-1,2008-10-03 02:50:11,120.3260449,51.3482416
Car-1,2008-10-03 02:50:17,120.32654,51.3473199
Car-1,2008-10-03 02:50:23,120.32703,51.3463666
Car-1,2008-10-03 02:50:29,120.3275049,51.3454183
Car-1,2008-10-03 02:50:35,120.3279833,51.3444716
Car-1,2008-10-03 02:50:41,120.3284733,51.3435416
Car-1,2008-10-03 02:50:47,120.3291649,51.3426833
Car-1,2008-10-03 02:50:53,120.3300616,51.3419516
Car-1,2008-10-03 02:50:59,120.3310116,51.3413583
Car-1,2008-10-03 02:51:05,120.3319283,51.3408133
Car-1,2008-10-03 02:51:11,120.3327116,51.34028
Car-1,2008-10-03 02:51:17,120.3332333,51.3398649
Car-1,2008-10-03 02:51:23,120.3336283,51.3394549
Car-1,2008-10-03 02:51:29,120.3340666,51.3390316
Car-1,2008-10-03 02:51:35,120.334445,51.3386
Car-1,2008-10-03 02:51:41,120.3348349,51.3380833
Car-1,2008-10-03 02:51:47,120.3352399,51.3374583
Car-1,2008-10-03 02:51:53,120.3356533,51.3367283
Car-1,2008-10-03 02:51:59,120.3361083,51.3359349
Car-1,2008-10-03 02:52:05,120.3365683,51.3351033
Car-1,2008-10-03 02:52:11,120.3370599,51.3342333
Car-1,2008-10-03 02:52:17,120.3378766,51.3335183
Car-1,2008-10-03 02:52:23,120.3390866,51.3331666
Car-1,2008-10-03 02:52:29,120.3403616,51.3328449
Car-1,2008-10-03 02:52:35,120.3416983,51.3324983
Car-1,2008-10-03 02:52:41,120.3430566,51.332285
Car-1,2008-10-03 02:52:47,120.3444433,51.3323516
Car-1,2008-10-03 02:52:53,120.3458466,51.3324349
Car-1,2008-10-03 02:52:59,120.3472016,51.3324733
Car-1,2008-10-03 02:53:05,120.3484816,51.3323483
Car-1,2008-10-03 02:53:11,120.3495366,51.3319049
Car-1,2008-10-03 02:53:17,120.35058,51.3314149
Car-1,2008-10-03 02:53:23,120.3516049,51.3309116
Car-1,2008-10-03 02:53:29,120.3525566,51.3303699
Car-1,2008-10-03 02:53:35,120.3533383,51.3297649
Car-1,2008-10-03 02:53:41,120.3540783,51.3291266
Car-1,2008-10-03 02:53:47,120.3548383,51.3284933
Car-1,2008-10-03 02:53:53,120.3555649,51.3278933
Car-1,2008-10-03 02:53:59,120.3562783,51.3272866
Car-1,2008-10-03 02:54:05,120.3570183,51.3266549
Car-1,2008-10-03 02:54:11,120.3577683,51.3260199
Car-1,2008-10-03 02:54:17,120.3585616,51.3253916
Car-1,2008-10-03 02:54:23,120.3595883,51.3249233
Car-1,2008-10-03 02:54:29,120.3606616,51.32455
Car-1,2008-10-03 02:54:35,120.3617066,51.3241916
Car-1,2008-10-03 02:54:41,120.3627116,51.323815
Car-1,2008-10-03 02:54:47,120.3634866,51.3232433
Car-1,2008-10-03 02:54:53,120.3640649,51.3225033
Car-1,2008-10-03 02:54:59,120.3646833,51.32172
Car-1,2008-10-03 02:55:05,120.3653016,51.3209316
Car-1,2008-10-03 02:55:11,120.3659083,51.3201483
Car-1,2008-10-03 02:55:17,120.3664916,51.3193866
Car-1,2008-10-03 02:55:23,120.3670483,51.3186566
Car-1,2008-10-03 02:55:29,120.3676116,51.3179699
Car-1,2008-10-03 02:55:35,120.3682716,51.3174899
Car-1,2008-10-03 02:55:41,120.3689749,51.3170733
Car-1,2008-10-03 02:55:47,120.3697799,51.3165799
Car-1,2008-10-03 02:55:53,120.3706616,51.3160399
Car-1,2008-10-03 02:55:59,120.3715983,51.3154766
Car-1,2008-10-03 02:56:05,120.3726049,51.3149066
Car-1,2008-10-03 02:56:11,120.3738666,51.3146199
Car-1,2008-10-03 02:56:17,120.3752333,51.3146383
Car-1,2008-10-03 02:56:23,120.3766216,51.3146716
Car-1,2008-10-03 02:56:29,120.37804,51.3147083
Car-1,2008-10-03 02:56:35,120.3794583,51.3147383
Car-1,2008-10-03 02:56:41,120.380575,51.3147633
Car-1,2008-10-03 02:56:47,120.3813783,51.3147799
Car-1,2008-10-03 02:56:53,120.3822566,51.3147966
Car-1,2008-10-03 02:56:59,120.3831999,51.3148133
Car-1,2008-10-03 02:57:05,120.384115,51.3148299
Car-1,2008-10-03 02:57:11,120.3850716,51.3148516
Car-1,2008-10-03 02:57:17,120.386105,51.3147783
Car-1,2008-10-03 02:57:23,120.3872516,51.3146366
Car-1,2008-10-03 02:57:29,120.3885133,51.3144733
Car-1,2008-10-03 02:57:35,120.3895266,51.3143366
Car-1,2008-10-03 02:57:41,120.3904249,51.3142199
Car-1,2008-10-03 02:57:47,120.3914899,51.3140683
Car-1,2008-10-03 02:57:53,120.3927083,51.3139066
Car-1,2008-10-03 02:57:59,120.3940016,51.3137616
Car-1,2008-10-03 02:58:05,120.3953466,51.3137033
Car-1,2008-10-03 02:58:11,120.396585,51.3137616
Car-1,2008-10-03 02:58:17,120.397785,51.3138166
Car-1,2008-10-03 02:58:23,120.3989616,51.313865
Car-1,2008-10-03 02:58:29,120.4001133,51.3139199
Car-1,2008-10-03 02:58:35,120.4012649,51.3139799
Car-1,2008-10-03 02:58:41,120.4024249,51.3140299
Car-1,2008-10-03 02:58:47,120.4035933,51.3140916
Car-1,2008-10-03 02:58:53,120.4047233,51.3141733
Car-1,2008-10-03 02:58:59,120.405625,51.3142583
Car-1,2008-10-03 02:59:05,120.406565,51.3143533
Car-1,2008-10-03 02:59:11,120.4076749,51.3144716
Car-1,2008-10-03 02:59:17,120.4087866,51.3145833
Car-1,2008-10-03 02:59:23,120.4098449,51.3146916
Car-1,2008-10-03 02:59:29,120.41095,51.3148083
Car-1,2008-10-03 02:59:35,120.4120799,51.3149249
Car-1,2008-10-03 02:59:41,120.4132416,51.3150466
Car-1,2008-10-03 02:59:47,120.4144416,51.3151666
Car-1,2008-10-03 02:59:53,120.4157466,51.3152933
Car-1,2008-10-03 02:59:59,120.4170883,51.3154433
Car-1,2008-10-03 03:00:05,120.4183449,51.3156916
Car-1,2008-10-03 03:00:11,120.4196149,51.3159699
Car-1,2008-10-03 03:00:17,120.4208783,51.3160899
Car-1,2008-10-03 03:00:23,120.4220333,51.3158866
Car-1,2008-10-03 03:00:29,120.423065,51.3156566
Car-1,2008-10-03 03:00:35,120.4239799,51.3154499
Car-1,2008-10-03 03:00:41,120.4247316,51.3152849
Car-1,2008-10-03 03:00:47,120.4253683,51.3151449
Car-1,2008-10-03 03:00:51,120.4256566,51.315085
Car-1,2008-10-03 03:00:55,120.4257733,51.3150566
Car-1,2008-10-03 03:01:00,120.4257733,51.3150566
Car-1,2008-10-03 03:01:02,120.4257799,51.3150549
Car-1,2008-10-03 03:01:04,120.4258266,51.3150466
Car-1,2008-10-03 03:01:08,120.4260666,51.3150033
Car-1,2008-10-03 03:01:12,120.4263683,51.3149349
Car-1,2008-10-03 03:01:16,120.426805,51.3148166
Car-1,2008-10-03 03:01:22,120.4274716,51.3145499
Car-1,2008-10-03 03:01:28,120.4281933,51.3141333
Car-1,2008-10-03 03:01:34,120.4289833,51.3137083
Car-1,2008-10-03 03:01:40,120.4299883,51.3135249
Car-1,2008-10-03 03:01:46,120.4311033,51.3135466
Car-1,2008-10-03 03:01:52,120.4322116,51.3134816
Car-1,2008-10-03 03:01:58,120.4331883,51.3132149
Car-1,2008-10-03 03:02:04,120.43391,51.3128433
Car-1,2008-10-03 03:02:10,120.4341216,51.312675
Car-1,2008-10-03 03:02:14,120.4343316,51.3124933
Car-1,2008-10-03 03:02:18,120.4345783,51.3122583
Car-1,2008-10-03 03:02:24,120.4349816,51.3117366
Car-1,2008-10-03 03:02:30,120.4352533,51.3111449
Car-1,2008-10-03 03:02:36,120.4353933,51.3104966
Car-1,2008-10-03 03:02:42,120.4355466,51.3098133
Car-1,2008-10-03 03:02:48,120.4356916,51.3090616
Car-1,2008-10-03 03:02:54,120.4357866,51.3082766
Car-1,2008-10-03 03:03:00,120.4359866,51.3075016
Car-1,2008-10-03 03:03:06,120.4365149,51.3067733
Car-1,2008-10-03 03:03:12,120.4372916,51.30608
Car-1,2008-10-03 03:03:18,120.4380866,51.30538
Car-1,2008-10-03 03:03:24,120.4388949,51.3046666
Car-1,2008-10-03 03:03:30,120.4397216,51.3039416
Car-1,2008-10-03 03:03:36,120.4405466,51.3031983
Car-1,2008-10-03 03:03:42,120.4413966,51.3024433
Car-1,2008-10-03 03:03:48,120.442285,51.3016899
Car-1,2008-10-03 03:03:54,120.4431333,51.3011216
Car-1,2008-10-03 03:04:00,120.4436733,51.3008233
Car-1,2008-10-03 03:04:06,120.4443616,51.3005049
Car-1,2008-10-03 03:04:12,120.4452316,51.3001849
Car-1,2008-10-03 03:04:18,120.4461899,51.299915
Car-1,2008-10-03 03:04:24,120.4472499,51.2996749
Car-1,2008-10-03 03:04:30,120.4484416,51.2994183
Car-1,2008-10-03 03:04:36,120.4497616,51.2991349
Car-1,2008-10-03 03:04:42,120.4511949,51.2988399
Car-1,2008-10-03 03:04:48,120.4526916,51.2985299
Car-1,2008-10-03 03:04:54,120.4542683,51.2981933
Car-1,2008-10-03 03:05:00,120.4558416,51.2978033
Car-1,2008-10-03 03:05:06,120.4570699,51.2970683
Car-1,2008-10-03 03:05:12,120.45802,51.2961733
Car-1,2008-10-03 03:05:18,120.4589433,51.2952849
Car-1,2008-10-03 03:05:24,120.4598116,51.2945116
Car-1,2008-10-03 03:05:30,120.4604783,51.2941216
Car-1,2008-10-03 03:05:34,120.4606266,51.2940599
Car-1,2008-10-03 03:05:38,120.46072,51.2940233
Car-1,2008-10-03 03:05:42,120.4609633,51.2939399
Car-1,2008-10-03 03:05:46,120.4613366,51.2938416
Car-1,2008-10-03 03:05:52,120.4621216,51.2938299
Car-1,2008-10-03 03:05:58,120.4628933,51.29403
Car-1,2008-10-03 03:06:04,120.4635116,51.2944049
Car-1,2008-10-03 03:06:10,120.4638549,51.294835
Car-1,2008-10-03 03:06:16,120.4641549,51.2954083
Car-1,2008-10-03 03:06:22,120.4644233,51.2961016
Car-1,2008-10-03 03:06:28,120.4648333,51.2967983
Car-1,2008-10-03 03:06:34,120.4657966,51.2972816
Car-1,2008-10-03 03:06:40,120.4669799,51.2976166
Car-1,2008-10-03 03:06:46,120.4681833,51.2978983
Car-1,2008-10-03 03:06:52,120.4694916,51.2979083
Car-1,2008-10-03 03:06:58,120.4707583,51.2980016
Car-1,2008-10-03 03:07:04,120.47197,51.2982383
Car-1,2008-10-03 03:07:10,120.4731799,51.2984983
Car-1,2008-10-03 03:07:16,120.474445,51.2986883
Car-1,2008-10-03 03:07:22,120.4757516,51.29873
Car-1,2008-10-03 03:07:28,120.4770483,51.2987116
Car-1,2008-10-03 03:07:34,120.4783166,51.2984816
Car-1,2008-10-03 03:07:40,120.47954,51.2982233
Car-1,2008-10-03 03:07:46,120.4807516,51.2980383
Car-1,2008-10-03 03:07:52,120.4818983,51.2980183
Car-1,2008-10-03 03:07:58,120.4829599,51.2983266
Car-1,2008-10-03 03:08:04,120.4838733,51.2988266
Car-1,2008-10-03 03:08:10,120.4849316,51.299235
Car-1,2008-10-03 03:08:16,120.486175,51.299425
Car-1,2008-10-03 03:08:22,120.4874633,51.2996183
Car-1,2008-10-03 03:08:28,120.488745,51.2999083
Car-1,2008-10-03 03:08:34,120.4899816,51.3003016
Car-1,2008-10-03 03:08:40,120.4913166,51.3006783
Car-1,2008-10-03 03:08:46,120.4928133,51.30084
Car-1,2008-10-03 03:08:52,120.4943233,51.3009149
Car-1,2008-10-03 03:08:58,120.4957399,51.3007733
Car-1,2008-10-03 03:09:04,120.4969733,51.300475
Car-1,2008-10-03 03:09:10,120.497975,51.3000366
Car-1,2008-10-03 03:09:16,120.4989833,51.2998766
Car-1,2008-10-03 03:09:22,120.500025,51.3000533
Car-1,2008-10-03 03:09:28,120.5009883,51.3004383
Car-1,2008-10-03 03:09:34,120.5011816,51.3011566
Car-1,2008-10-03 03:09:40,120.5009049,51.3019216
Car-1,2008-10-03 03:09:46,120.5011366,51.3027316
Car-1,2008-10-03 03:09:52,120.5020233,51.303265
Car-1,2008-10-03 03:09:58,120.5031916,51.3036199
Car-1,2008-10-03 03:10:04,120.5044966,51.3039216
Car-1,2008-10-03 03:10:10,120.5059083,51.3041216
Car-1,2008-10-03 03:10:16,120.5073466,51.3042516
Car-1,2008-10-03 03:10:22,120.50856,51.3044966
Car-1,2008-10-03 03:10:28,120.5093116,51.3050783
Car-1,2008-10-03 03:10:34,120.5097016,51.3057949
Car-1,2008-10-03 03:10:40,120.5100216,51.3064866
Car-1,2008-10-03 03:10:46,120.510465,51.3071633
Car-1,2008-10-03 03:10:52,120.5109283,51.3078766
Car-1,2008-10-03 03:10:58,120.511425,51.3086066
Car-1,2008-10-03 03:11:04,120.5118533,51.3093583
Car-1,2008-10-03 03:11:10,120.5117366,51.3101666
Car-1,2008-10-03 03:11:16,120.5111783,51.3109216
Car-1,2008-10-03 03:11:22,120.51041,51.3116183
Car-1,2008-10-03 03:11:28,120.5100649,51.3124733
Car-1,2008-10-03 03:11:34,120.5097816,51.3134133
Car-1,2008-10-03 03:11:40,120.5095283,51.3143783
Car-1,2008-10-03 03:11:46,120.5092133,51.31533
Car-1,2008-10-03 03:11:52,120.5087083,51.3162966
Car-1,2008-10-03 03:11:58,120.5081799,51.3172949
Car-1,2008-10-03 03:12:04,120.5079233,51.3181416
Car-1,2008-10-03 03:12:10,120.5082316,51.3189933
Car-1,2008-10-03 03:12:16,120.5086199,51.3198783
Car-1,2008-10-03 03:12:22,120.5091049,51.3208383
Car-1,2008-10-03 03:12:28,120.5096716,51.3218399
Car-1,2008-10-03 03:12:34,120.5104516,51.3227916
Car-1,2008-10-03 03:12:40,120.511425,51.3237516
Car-1,2008-10-03 03:12:46,120.51242,51.3247566
Car-1,2008-10-03 03:12:52,120.5134466,51.3257733
Car-1,2008-10-03 03:12:58,120.5144716,51.32682
Car-1,2008-10-03 03:13:08,120.5159116,51.3287266
Car-1,2008-10-03 03:13:18,120.5179833,51.3302499
Car-1,2008-10-03 03:13:24,120.5196233,51.3307699
Car-1,2008-10-03 03:13:30,120.5213466,51.33129
Car-1,2008-10-03 03:13:40,120.52432,51.3321633
Car-1,2008-10-03 03:13:50,120.5271283,51.3329483
Car-1,2008-10-03 03:13:56,120.5288116,51.3330033
Car-1,2008-10-03 03:14:02,120.5304749,51.3327483
Car-1,2008-10-03 03:14:08,120.53213,51.3324833
Car-1,2008-10-03 03:14:14,120.5338316,51.3322683
Car-1,2008-10-03 03:14:20,120.5355849,51.3321866
Car-1,2008-10-03 03:14:26,120.5373749,51.332125
Car-1,2008-10-03 03:14:32,120.5392133,51.3320533
Car-1,2008-10-03 03:14:38,120.5410982,51.3319783
Car-1,2008-10-03 03:14:44,120.5429216,51.3319133
Car-1,2008-10-03 03:14:50,120.5447682,51.3318383
Car-1,2008-10-03 03:14:56,120.5465299,51.3317733
Car-1,2008-10-03 03:15:02,120.5479932,51.3317133
Car-1,2008-10-03 03:15:08,120.5490099,51.3316683
Car-1,2008-10-03 03:15:14,120.5497233,51.3316099
Car-1,2008-10-03 03:15:18,120.5500766,51.331565
Car-1,2008-10-03 03:15:22,120.5504283,51.3315249
Car-1,2008-10-03 03:15:26,120.5508016,51.33148
Car-1,2008-10-03 03:15:30,120.5512116,51.3314283
Car-1,2008-10-03 03:15:36,120.5519149,51.3313466
Car-1,2008-10-03 03:15:42,120.5528132,51.3312383
Car-1,2008-10-03 03:15:48,120.5539866,51.3310983
Car-1,2008-10-03 03:15:54,120.5553932,51.3309283
Car-1,2008-10-03 03:16:00,120.5565866,51.3306833
Car-1,2008-10-03 03:16:06,120.5573416,51.3304883
Car-1,2008-10-03 03:16:12,120.5582399,51.330255
Car-1,2008-10-03 03:16:18,120.5592983,51.3299866
Car-1,2008-10-03 03:16:24,120.5605482,51.3296866
Car-1,2008-10-03 03:16:30,120.5620933,51.3294749
Car-1,2008-10-03 03:16:36,120.5638016,51.3293566
Car-1,2008-10-03 03:16:42,120.5654099,51.3292349
Car-1,2008-10-03 03:16:48,120.5669316,51.3291199
Car-1,2008-10-03 03:16:54,120.5685333,51.3289983
Car-1,2008-10-03 03:17:00,120.5701966,51.3289266
Car-1,2008-10-03 03:17:06,120.5718199,51.3291283
Car-1,2008-10-03 03:17:12,120.5733616,51.3293599
Car-1,2008-10-03 03:17:18,120.5744666,51.329525
Car-1,2008-10-03 03:17:24,120.5750299,51.329595
Car-1,2008-10-03 03:17:28,120.5752716,51.3296416
Car-1,2008-10-03 03:17:32,120.575615,51.3296949
Car-1,2008-10-03 03:17:38,120.5762866,51.3297966
Car-1,2008-10-03 03:17:44,120.5769616,51.32989
Car-1,2008-10-03 03:17:48,120.5773416,51.3299349
Car-1,2008-10-03 03:17:52,120.577675,51.3299816
Car-1,2008-10-03 03:17:56,120.5779833,51.3300266
Car-1,2008-10-03 03:18:00,120.5783699,51.3300883
Car-1,2008-10-03 03:18:06,120.5791199,51.330205
Car-1,2008-10-03 03:18:12,120.5800816,51.330415
Car-1,2008-10-03 03:18:18,120.5812016,51.3307549
Car-1,2008-10-03 03:18:24,120.5824283,51.3311699
Car-1,2008-10-03 03:18:30,120.5836733,51.3315749
Car-1,2008-10-03 03:18:36,120.5845499,51.3319999
Car-1,2008-10-03 03:18:42,120.5850516,51.3325933
Car-1,2008-10-03 03:18:48,120.5852349,51.33328
Car-1,2008-10-03 03:18:54,120.5853649,51.3340316
Car-1,2008-10-03 03:19:00,120.5855083,51.3348583
Car-1,2008-10-03 03:19:06,120.5856466,51.3357516
Car-1,2008-10-03 03:19:12,120.5857783,51.3365966
Car-1,2008-10-03 03:19:18,120.5858866,51.3373666
Car-1,2008-10-03 03:19:24,120.5859899,51.3380349
Car-1,2008-10-03 03:19:30,120.5860816,51.3386116
Car-1,2008-10-03 03:19:36,120.5861749,51.3392883
Car-1,2008-10-03 03:19:42,120.5863083,51.3400399
Car-1,2008-10-03 03:19:48,120.5864383,51.3407883
Car-1,2008-10-03 03:19:54,120.5868316,51.3414583
Car-1,2008-10-03 03:20:00,120.5875799,51.3419783
Car-1,2008-10-03 03:20:06,120.58831,51.3423983
Car-1,2008-10-03 03:20:12,120.5889749,51.34281
Car-1,2008-10-03 03:20:18,120.58957,51.3431549
Car-1,2008-10-03 03:20:24,120.5901016,51.3434616
Car-1,2008-10-03 03:20:30,120.5907466,51.3438366
Car-1,2008-10-03 03:20:36,120.5914066,51.3442349
Car-1,2008-10-03 03:20:42,120.5920466,51.3446216
Car-1,2008-10-03 03:20:48,120.592825,51.3450849
Car-1,2008-10-03 03:20:54,120.593735,51.34564
Car-1,2008-10-03 03:21:00,120.5947316,51.3462433
Car-1,2008-10-03 03:21:06,120.5957299,51.3468716
Car-1,2008-10-03 03:21:12,120.5967516,51.3474916
Car-1,2008-10-03 03:21:18,120.5977366,51.3481033
Car-1,2008-10-03 03:21:24,120.5986866,51.3486699
Car-1,2008-10-03 03:21:30,120.5996583,51.3492633
Car-1,2008-10-03 03:21:36,120.6006666,51.3498766
Car-1,2008-10-03 03:21:42,120.6016416,51.3504833
Car-1,2008-10-03 03:21:48,120.6024666,51.3511666
Car-1,2008-10-03 03:21:54,120.6031716,51.3518949
Car-1,2008-10-03 03:22:00,120.6037899,51.3525183
Car-1,2008-10-03 03:22:06,120.6042216,51.3529633
Car-1,2008-10-03 03:22:12,120.6045833,51.3533333
Car-1,2008-10-03 03:22:18,120.6049816,51.35374
Car-1,2008-10-03 03:22:24,120.6054583,51.3542399
Car-1,2008-10-03 03:22:30,120.6059749,51.3547866
Car-1,2008-10-03 03:22:36,120.6065199,51.3553433
Car-1,2008-10-03 03:22:42,120.6070483,51.3558799
Car-1,2008-10-03 03:22:48,120.6075149,51.3563433
Car-1,2008-10-03 03:22:54,120.6080866,51.3569
Car-1,2008-10-03 03:23:00,120.608755,51.3575549
Car-1,2008-10-03 03:23:06,120.6093666,51.3581666
Car-1,2008-10-03 03:23:12,120.6100216,51.35882
Car-1,2008-10-03 03:23:18,120.6107416,51.3595366
Car-1,2008-10-03 03:23:24,120.6115249,51.3603366
Car-1,2008-10-03 03:23:30,120.6123616,51.361175
Car-1,2008-10-03 03:23:36,120.6133833,51.3618099
Car-1,2008-10-03 03:23:42,120.6143283,51.3621483
Car-1,2008-10-03 03:23:48,120.6153799,51.3623516
Car-1,2008-10-03 03:23:54,120.6166949,51.3623866
Car-1,2008-10-03 03:24:00,120.6180383,51.3623916
Car-1,2008-10-03 03:24:06,120.6194033,51.3622416
Car-1,2008-10-03 03:24:12,120.6205132,51.3618666
Car-1,2008-10-03 03:24:18,120.6212166,51.3615683
Car-1,2008-10-03 03:24:24,120.6217216,51.3612833
Car-1,2008-10-03 03:24:30,120.6222383,51.3608233
Car-1,2008-10-03 03:24:36,120.6227916,51.3602383
Car-1,2008-10-03 03:24:42,120.6234516,51.3595533
Car-1,2008-10-03 03:24:48,120.6241966,51.3588499
Car-1,2008-10-03 03:24:54,120.6252366,51.3582349
Car-1,2008-10-03 03:25:00,120.6264532,51.3576583
Car-1,2008-10-03 03:25:06,120.6277116,51.3570533
Car-1,2008-10-03 03:25:12,120.6290032,51.3564383
Car-1,2008-10-03 03:25:18,120.6302166,51.3557533
Car-1,2008-10-03 03:25:24,120.6312066,51.354925
Car-1,2008-10-03 03:25:30,120.6321516,51.3540599
Car-1,2008-10-03 03:25:36,120.63311,51.3531816
Car-1,2008-10-03 03:25:42,120.6340899,51.3522916
Car-1,2008-10-03 03:25:48,120.6350649,51.3514116
Car-1,2008-10-03 03:25:54,120.6360049,51.3505549
Car-1,2008-10-03 03:26:00,120.636965,51.3496783
Car-1,2008-10-03 03:26:06,120.6379649,51.3487666
Car-1,2008-10-03 03:26:12,120.6389966,51.3478316
Car-1,2008-10-03 03:26:18,120.6400849,51.3469199
Car-1,2008-10-03 03:26:24,120.6414416,51.3462066
Car-1,2008-10-03 03:26:30,120.6428866,51.3455399
Car-1,2008-10-03 03:26:36,120.6443316,51.3448683
Car-1,2008-10-03 03:26:42,120.6457699,51.3442116
Car-1,2008-10-03 03:26:48,120.6471849,51.3435499
Car-1,2008-10-03 03:26:54,120.6486016,51.3428966
Car-1,2008-10-03 03:27:00,120.6500233,51.3422383
Car-1,2008-10-03 03:27:06,120.6514449,51.3415799
Car-1,2008-10-03 03:27:12,120.6528916,51.3409083
Car-1,2008-10-03 03:27:18,120.6543383,51.3402316
Car-1,2008-10-03 03:27:24,120.655785,51.3395583
Car-1,2008-10-03 03:27:30,120.6571866,51.3388349
Car-1,2008-10-03 03:27:36,120.6583166,51.3379516
Car-1,2008-10-03 03:27:42,120.659315,51.3370433
Car-1,2008-10-03 03:27:48,120.6602616,51.3361516
Car-1,2008-10-03 03:27:54,120.6611699,51.3352983
Car-1,2008-10-03 03:28:00,120.66209,51.3344516
Car-1,2008-10-03 03:28:06,120.6630749,51.3335449
Car-1,2008-10-03 03:28:12,120.6640849,51.3326233
Car-1,2008-10-03 03:28:18,120.6650583,51.3317316
Car-1,2008-10-03 03:28:24,120.6658799,51.3309083
Car-1,2008-10-03 03:28:30,120.6662066,51.3304233
Car-1,2008-10-03 03:28:34,120.6662583,51.3303399
Car-1,2008-10-03 03:28:38,120.6663416,51.33029
Car-1,2008-10-03 03:28:42,120.6664482,51.3302666
Car-1,2008-10-03 03:28:46,120.6666432,51.3302649
Car-1,2008-10-03 03:39:55,120.6666916,51.3302716
Car-1,2008-10-03 03:39:57,120.6667516,51.3302833
Car-1,2008-10-03 03:40:01,120.6669532,51.3303499
Car-1,2008-10-03 03:40:05,120.6671583,51.330415
Car-1,2008-10-03 03:40:09,120.6672516,51.330435
Car-1,2008-10-03 03:40:17,120.6672516,51.330435
Car-1,2008-10-03 03:40:19,120.6672516,51.3304399
Car-1,2008-10-03 03:40:21,120.6673032,51.3304599
Car-1,2008-10-03 03:40:25,120.6676166,51.3304883
Car-1,2008-10-03 03:40:29,120.6679816,51.3305266
Car-1,2008-10-03 03:40:33,120.6682949,51.3305649
Car-1,2008-10-03 03:46:36,120.6683816,51.3305683
Car-1,2008-10-03 03:46:38,120.66841,51.33057
Car-1,2008-10-03 03:46:40,120.668455,51.3305749
Car-1,2008-10-03 03:46:44,120.6686133,51.3305983
Car-1,2008-10-03 03:46:48,120.6688333,51.3306283
Car-1,2008-10-03 03:46:52,120.6691833,51.330675
Car-1,2008-10-03 03:46:58,120.6698366,51.3307583
Car-1,2008-10-03 03:47:04,120.6707066,51.33087
Car-1,2008-10-03 03:47:10,120.6717399,51.3309916
Car-1,2008-10-03 03:47:16,120.67274,51.3311583
Car-1,2008-10-03 03:47:22,120.6735033,51.3316133
Car-1,2008-10-03 03:47:28,120.6741633,51.3322616
Car-1,2008-10-03 03:47:34,120.6749133,51.3329483
Car-1,2008-10-03 03:47:40,120.6757149,51.3336683
Car-1,2008-10-03 03:47:46,120.6765199,51.3343933
Car-1,2008-10-03 03:47:52,120.6773816,51.3351349
Car-1,2008-10-03 03:47:58,120.678195,51.3358899
Car-1,2008-10-03 03:48:04,120.6789666,51.3365716
Car-1,2008-10-03 03:48:10,120.67975,51.337155
Car-1,2008-10-03 03:48:16,120.6806916,51.3373783
Car-1,2008-10-03 03:48:22,120.6815949,51.3372033
Car-1,2008-10-03 03:48:28,120.6825883,51.3369583
Car-1,2008-10-03 03:48:34,120.6836566,51.3367016
Car-1,2008-10-03 03:48:40,120.6847549,51.3364533
Car-1,2008-10-03 03:48:46,120.6859099,51.3363266
Car-1,2008-10-03 03:48:52,120.6871949,51.3363216
Car-1,2008-10-03 03:48:58,120.6885766,51.3363383
Car-1,2008-10-03 03:49:04,120.69002,51.3363383
Car-1,2008-10-03 03:49:10,120.6914616,51.3363366
Car-1,2008-10-03 03:49:16,120.6929383,51.336315
Car-1,2008-10-03 03:49:22,120.6944849,51.3363283
Car-1,2008-10-03 03:49:28,120.696045,51.3362216
Car-1,2008-10-03 03:49:34,120.6975416,51.3360499
Car-1,2008-10-03 03:49:40,120.699045,51.335895
Car-1,2008-10-03 03:49:46,120.7004916,51.3357433
Car-1,2008-10-03 03:49:52,120.7019533,51.3355966
Car-1,2008-10-03 03:49:58,120.7033583,51.3354333
Car-1,2008-10-03 03:50:04,120.7047332,51.3353016
Car-1,2008-10-03 03:50:10,120.7060749,51.3353833
Car-1,2008-10-03 03:50:16,120.7073799,51.335475
Car-1,2008-10-03 03:50:22,120.7086982,51.33553
Car-1,2008-10-03 03:50:28,120.7100933,51.3355783
Car-1,2008-10-03 03:50:34,120.711585,51.3356533
Car-1,2008-10-03 03:50:40,120.7131449,51.3357499
Car-1,2008-10-03 03:50:46,120.7146316,51.3358399
Car-1,2008-10-03 03:50:52,120.7156399,51.3358883
Car-1,2008-10-03 03:51:06,120.7157833,51.33588
Car-1,2008-10-03 03:51:08,120.7157816,51.33588
Car-1,2008-10-03 03:53:26,120.7157816,51.3358766
Car-1,2008-10-03 04:01:17,120.7157783,51.3358816
Car-1,2008-10-03 04:01:23,120.7157783,51.3358816
Car-1,2008-10-03 04:01:36,120.7157699,51.33588
Car-1,2008-10-03 04:01:37,120.7157699,51.33588
Car-1,2008-10-03 04:01:39,120.7157666,51.3358766
Car-1,2008-10-03 04:01:41,120.7157999,51.33588
Car-1,2008-10-03 04:01:43,120.7158566,51.3358783
Car-1,2008-10-03 04:01:47,120.7159516,51.3358783
Car-1,2008-10-03 04:01:49,120.7159516,51.3358716
Car-1,2008-10-03 04:01:51,120.7159399,51.3358649
Car-1,2008-10-03 04:02:18,120.7159399,51.3358649
Car-1,2008-10-03 04:02:20,120.7159483,51.3358683
Car-1,2008-10-03 04:02:22,120.7160132,51.3358699
Car-1,2008-10-03 04:02:26,120.7162199,51.3358849
Car-1,2008-10-03 04:02:30,120.7164399,51.3359099
Car-1,2008-10-03 04:02:34,120.7167933,51.3359416
Car-1,2008-10-03 04:02:38,120.717165,51.3359716
Car-1,2008-10-03 04:02:42,120.7175866,51.336
Car-1,2008-10-03 04:02:48,120.7183933,51.33609
Car-1,2008-10-03 04:02:54,120.7193083,51.336265
Car-1,2008-10-03 04:03:00,120.7202583,51.3364633
Car-1,2008-10-03 04:03:06,120.7211916,51.3366699
Car-1,2008-10-03 04:03:12,120.722085,51.336855
Car-1,2008-10-03 04:03:18,120.7229733,51.3370033
Car-1,2008-10-03 04:03:24,120.7238566,51.3371883
Car-1,2008-10-03 04:03:30,120.7247633,51.3373616
Car-1,2008-10-03 04:03:36,120.7256866,51.3375499
Car-1,2008-10-03 04:03:42,120.7266766,51.3377566
Car-1,2008-10-03 04:03:48,120.7277216,51.3379816
Car-1,2008-10-03 04:03:54,120.7287932,51.3381866
Car-1,2008-10-03 04:04:00,120.7296766,51.3383549
Car-1,2008-10-03 04:04:04,120.7298699,51.3383849
Car-1,2008-10-03 04:04:58,120.7299183,51.3383899
Car-1,2008-10-03 04:05:00,120.7299733,51.3384049
Car-1,2008-10-03 04:05:04,120.7301933,51.3384583
Car-1,2008-10-03 04:05:08,120.7304616,51.3385283
Car-1,2008-10-03 04:05:12,120.7308883,51.3385733
Car-1,2008-10-03 04:05:18,120.7316416,51.3386733
Car-1,2008-10-03 04:05:24,120.7325683,51.3388049
Car-1,2008-10-03 04:05:30,120.7335383,51.3389283
Car-1,2008-10-03 04:05:36,120.7345833,51.3390483
Car-1,2008-10-03 04:05:42,120.7356099,51.3391699
Car-1,2008-10-03 04:05:48,120.7366566,51.339285
Car-1,2008-10-03 04:05:54,120.7377183,51.3394149
Car-1,2008-10-03 04:06:00,120.7387649,51.3395966
Car-1,2008-10-03 04:06:06,120.7398216,51.3397916
Car-1,2008-10-03 04:06:12,120.74079,51.339965
Car-1,2008-10-03 04:06:18,120.741685,51.3401333
Car-1,2008-10-03 04:06:24,120.7426616,51.3403199
Car-1,2008-10-03 04:06:30,120.7436482,51.3405033
Car-1,2008-10-03 04:06:36,120.7446216,51.3406766
Car-1,2008-10-03 04:06:42,120.7457233,51.3408683
Car-1,2008-10-03 04:06:48,120.746915,51.3410666
Car-1,2008-10-03 04:06:54,120.7481216,51.3414166
Car-1,2008-10-03 04:07:00,120.7493583,51.3418033
Car-1,2008-10-03 04:07:06,120.7505416,51.3422099
Car-1,2008-10-03 04:07:12,120.7517766,51.3425783
Car-1,2008-10-03 04:07:18,120.7530066,51.343005
Car-1,2008-10-03 04:07:24,120.7542199,51.3434249
Car-1,2008-10-03 04:07:30,120.7554666,51.3437933
Car-1,2008-10-03 04:07:36,120.7566416,51.3441983
Car-1,2008-10-03 04:07:42,120.7577583,51.3445933
Car-1,2008-10-03 04:07:48,120.7588666,51.3449683
Car-1,2008-10-03 04:07:54,120.7599366,51.3452849
Car-1,2008-10-03 04:08:00,120.76108,51.345535
Car-1,2008-10-03 04:08:06,120.7622649,51.3457983
Car-1,2008-10-03 04:08:12,120.7634466,51.3460583
Car-1,2008-10-03 04:08:18,120.7645132,51.3464549
Car-1,2008-10-03 04:08:24,120.7654599,51.3469383
Car-1,2008-10-03 04:08:30,120.7664566,51.3473516
Car-1,2008-10-03 04:08:36,120.7675666,51.3476333
Car-1,2008-10-03 04:08:42,120.7686949,51.3479183
Car-1,2008-10-03 04:08:48,120.7698883,51.3481749
Car-1,2008-10-03 04:08:54,120.7710933,51.3481766
Car-1,2008-10-03 04:09:00,120.7722599,51.34801
Car-1,2008-10-03 04:09:06,120.7734483,51.3478499
Car-1,2008-10-03 04:09:12,120.7746316,51.3476683
Car-1,2008-10-03 04:09:18,120.7758883,51.3475299
Car-1,2008-10-03 04:09:24,120.777185,51.3474633
Car-1,2008-10-03 04:09:30,120.7784166,51.3474099
Car-1,2008-10-03 04:09:36,120.7795699,51.3473566
Car-1,2008-10-03 04:09:42,120.780785,51.3473099
Car-1,2008-10-03 04:09:48,120.7820133,51.347265
Car-1,2008-10-03 04:09:54,120.7832416,51.3472049
Car-1,2008-10-03 04:10:00,120.7845199,51.3471583
Car-1,2008-10-03 04:10:06,120.7858099,51.34707
Car-1,2008-10-03 04:10:12,120.7870633,51.3468933
Car-1,2008-10-03 04:10:18,120.7882899,51.346845
Car-1,2008-10-03 04:10:24,120.7894266,51.3468566
Car-1,2008-10-03 04:10:30,120.7905449,51.3468666
Car-1,2008-10-03 04:10:36,120.7916733,51.3468683
Car-1,2008-10-03 04:10:42,120.7928016,51.3469083
Car-1,2008-10-03 04:10:48,120.7937849,51.3471966
Car-1,2008-10-03 04:10:54,120.7947983,51.3476066
Car-1,2008-10-03 04:11:00,120.7958449,51.3480183
Car-1,2008-10-03 04:11:06,120.7968033,51.3484749
Car-1,2008-10-03 04:11:12,120.7976733,51.3489516
Car-1,2008-10-03 04:11:18,120.7985116,51.3494183
Car-1,2008-10-03 04:11:24,120.7993599,51.3498599
Car-1,2008-10-03 04:11:30,120.8001449,51.3501616
Car-1,2008-10-03 04:11:36,120.8006016,51.3502399
Car-1,2008-10-03 04:11:40,120.8007283,51.3502866
Car-1,2008-10-03 04:12:31,120.8007382,51.3502766
Car-1,2008-10-03 04:23:38,120.8007382,51.3502766
Car-1,2008-10-03 04:23:40,120.8007366,51.3502749
Car-1,2008-10-03 04:23:44,120.80081,51.3503266
Car-1,2008-10-03 04:23:48,120.8009266,51.35039
Car-1,2008-10-03 04:23:52,120.8010866,51.3504666
Car-1,2008-10-03 04:23:56,120.8013383,51.35056
Car-1,2008-10-03 04:24:00,120.8016666,51.3506516
Car-1,2008-10-03 04:24:04,120.8020016,51.3506966
Car-1,2008-10-03 04:24:08,120.8024083,51.3507066
Car-1,2008-10-03 04:24:14,120.8031016,51.3506949
Car-1,2008-10-03 04:24:20,120.8038683,51.3506783
Car-1,2008-10-03 04:24:26,120.8046966,51.3506599
Car-1,2008-10-03 04:24:32,120.8055466,51.3506116
Car-1,2008-10-03 04:24:38,120.8063349,51.350455
Car-1,2008-10-03 04:24:44,120.8071266,51.350265
Car-1,2008-10-03 04:24:50,120.8079132,51.3500733
Car-1,2008-10-03 04:24:56,120.8087049,51.3498749
Car-1,2008-10-03 04:25:02,120.8095016,51.3496883
Car-1,2008-10-03 04:25:08,120.8102466,51.3494833
Car-1,2008-10-03 04:25:14,120.8110266,51.3494066
Car-1,2008-10-03 04:25:20,120.8116783,51.3496383
Car-1,2008-10-03 04:25:26,120.8119583,51.3500299
Car-1,2008-10-03 04:25:32,120.81163,51.3504799
Car-1,2008-10-03 04:25:38,120.8111233,51.3509699
Car-1,2008-10-03 04:25:44,120.8105816,51.35152
Car-1,2008-10-03 04:25:50,120.81017,51.3520883
Car-1,2008-10-03 04:25:56,120.8101933,51.3526566
Car-1,2008-10-03 04:26:02,120.8103533,51.3531683
Car-1,2008-10-03 04:26:08,120.8107466,51.3536316
Car-1,2008-10-03 04:26:14,120.8112466,51.3540433
Car-1,2008-10-03 04:26:20,120.8117466,51.3544499
Car-1,2008-10-03 04:26:26,120.8122183,51.3549116
Car-1,2008-10-03 04:26:32,120.8127299,51.3553466
Car-1,2008-10-03 04:26:38,120.8132766,51.3557683
Car-1,2008-10-03 04:26:44,120.8137566,51.3561966
Car-1,2008-10-03 04:26:50,120.8142449,51.3566716
Car-1,2008-10-03 04:26:56,120.8148849,51.3570699
Car-1,2008-10-03 04:27:02,120.8155866,51.3574416
Car-1,2008-10-03 04:27:08,120.816265,51.3578283
Car-1,2008-10-03 04:27:14,120.8169416,51.3582149
Car-1,2008-10-03 04:27:20,120.8176349,51.3585999
Car-1,2008-10-03 04:27:26,120.8183532,51.3590033
Car-1,2008-10-03 04:27:32,120.8191049,51.3594583
Car-1,2008-10-03 04:27:38,120.81995,51.3599066
Car-1,2008-10-03 04:27:44,120.8208633,51.3603266
Car-1,2008-10-03 04:27:50,120.8217549,51.3607449
Car-1,2008-10-03 04:27:56,120.8227066,51.3611066
Car-1,2008-10-03 04:28:02,120.8237233,51.3613249
Car-1,2008-10-03 04:28:08,120.8247649,51.3614316
Car-1,2008-10-03 04:28:14,120.8257216,51.3614849
Car-1,2008-10-03 04:28:20,120.8266049,51.36128
Car-1,2008-10-03 04:28:26,120.8274216,51.3610566
Car-1,2008-10-03 04:28:32,120.828095,51.3612633
Car-1,2008-10-03 04:28:38,120.8285083,51.3617366
Car-1,2008-10-03 04:28:44,120.8289783,51.3622699
Car-1,2008-10-03 04:28:50,120.8289233,51.3628
Car-1,2008-10-03 04:28:56,120.82871,51.3634283
Car-1,2008-10-03 04:29:02,120.8289733,51.3640916
Car-1,2008-10-03 04:29:08,120.8293783,51.3646516
Car-1,2008-10-03 04:29:14,120.8300949,51.3651083
Car-1,2008-10-03 04:29:20,120.830745,51.3655449
Car-1,2008-10-03 04:29:26,120.8312566,51.366015
Car-1,2008-10-03 04:29:32,120.8316016,51.36657
Car-1,2008-10-03 04:29:38,120.8319033,51.3671699
Car-1,2008-10-03 04:29:44,120.8322483,51.3678016
Car-1,2008-10-03 04:29:50,120.8325833,51.3684466
Car-1,2008-10-03 04:29:56,120.832915,51.3690616
Car-1,2008-10-03 04:30:02,120.8327433,51.3695316
Car-1,2008-10-03 04:30:08,120.8319683,51.3695216
Car-1,2008-10-03 04:30:14,120.8310299,51.3692633
Car-1,2008-10-03 04:30:20,120.8298949,51.3690183
Car-1,2008-10-03 04:30:26,120.82864,51.3688316
Car-1,2008-10-03 04:30:32,120.8278349,51.3687416
Car-1,2008-10-03 04:30:42,120.8275633,51.3687333
Car-1,2008-10-03 04:30:53,120.8275633,51.368735
Car-1,2008-10-03 04:30:58,120.8275633,51.368735
Car-1,2008-10-03 04:31:00,120.8275649,51.3687366
Car-1,2008-10-03 04:47:54,120.8275799,51.3687266
Car-1,2008-10-03 04:47:58,120.8274482,51.3686883
Car-1,2008-10-03 04:48:02,120.8272966,51.3687433
Car-1,2008-10-03 04:48:06,120.8271283,51.3688499
Car-1,2008-10-03 04:48:10,120.8269966,51.3690166
Car-1,2008-10-03 04:48:14,120.8269349,51.369175
Car-1,2008-10-03 04:48:18,120.8269366,51.3694266
Car-1,2008-10-03 04:48:22,120.8269899,51.3697083
Car-1,2008-10-03 04:48:26,120.8270216,51.3700066
Car-1,2008-10-03 04:48:32,120.8269933,51.37048
Car-1,2008-10-03 04:48:38,120.8269133,51.3709883
Car-1,2008-10-03 04:48:44,120.8267533,51.3715316
Car-1,2008-10-03 04:48:50,120.8260216,51.3718716
Car-1,2008-10-03 04:48:56,120.8252266,51.3719466
Car-1,2008-10-03 04:49:02,120.8244783,51.371845
Car-1,2008-10-03 04:49:08,120.8236316,51.3716466
Car-1,2008-10-03 04:49:14,120.8226766,51.3714533
Car-1,2008-10-03 04:49:20,120.8216933,51.3712583
Car-1,2008-10-03 04:49:26,120.8207999,51.3707766
Car-1,2008-10-03 04:49:32,120.8204166,51.3701483
Car-1,2008-10-03 04:49:38,120.8199866,51.3695099
Car-1,2008-10-03 04:49:44,120.8191583,51.3690799
Car-1,2008-10-03 04:49:50,120.8182683,51.36905
Car-1,2008-10-03 04:49:56,120.8175649,51.3694766
Car-1,2008-10-03 04:50:02,120.8172983,51.3696816
Car-1,2008-10-03 04:50:06,120.81809,51.3698716
Car-1,2008-10-03 04:50:12,120.8190816,51.3701466
Car-1,2008-10-03 04:50:18,120.81988,51.3704549
Car-1,2008-10-03 04:50:24,120.8201866,51.3709233
Car-1,2008-10-03 04:50:30,120.8203349,51.371495
Car-1,2008-10-03 04:50:36,120.82023,51.372085
Car-1,2008-10-03 04:50:42,120.8196633,51.37268
Car-1,2008-10-03 04:50:48,120.8190616,51.3732966
Car-1,2008-10-03 04:50:54,120.8184083,51.37394
Car-1,2008-10-03 04:51:00,120.8176499,51.3745449
Car-1,2008-10-03 04:51:06,120.8166916,51.3750516
Car-1,2008-10-03 04:51:12,120.8156183,51.37558
Car-1,2008-10-03 04:51:18,120.8145483,51.376245
Car-1,2008-10-03 04:51:24,120.8139532,51.3771066
Car-1,2008-10-03 04:51:30,120.8134949,51.3779883
Car-1,2008-10-03 04:51:36,120.8134633,51.3785283
Car-1,2008-10-03 04:51:40,120.8134599,51.3785466
Car-1,2008-10-03 04:51:43,120.8134733,51.3785133
Car-1,2008-10-03 04:51:48,120.8135016,51.3784983
Car-1,2008-10-03 04:51:50,120.8134983,51.37851
Car-1,2008-10-03 04:51:52,120.8134949,51.3785249
Car-1,2008-10-03 04:51:55,120.8135033,51.3785266
Car-1,2008-10-03 04:52:06,120.8135033,51.3785266
Car-1,2008-10-03 04:52:08,120.813505,51.3785333
Car-1,2008-10-03 04:52:10,120.8134916,51.3785349
Car-1,2008-10-03 04:55:38,120.8134916,51.3785349
Car-1,2008-10-03 04:55:40,120.8134966,51.3785349
Car-1,2008-10-03 04:55:42,120.8134816,51.378545
Car-1,2008-10-03 05:01:42,120.8134849,51.3785416
Car-1,2008-10-03 05:02:07,120.8134916,51.3785433
Car-1,2008-10-03 05:02:11,120.8134916,51.3785433
Car-1,2008-10-03 05:02:13,120.8134949,51.3785399
Car-1,2008-10-03 05:02:14,120.8134816,51.37853
Car-1,2008-10-03 05:02:15,120.8134399,51.3785133
Car-1,2008-10-03 05:02:19,120.8134616,51.3784966
Car-1,2008-10-03 05:02:21,120.81342,51.3785683
Car-1,2008-10-03 05:02:25,120.8133633,51.3787383
Car-1,2008-10-03 05:02:29,120.8133782,51.3788933
Car-1,2008-10-03 05:02:33,120.8134249,51.3791316
Car-1,2008-10-03 05:02:37,120.8135166,51.3792933
Car-1,2008-10-03 05:02:41,120.8135733,51.3795266
Car-1,2008-10-03 05:02:45,120.8136616,51.3797816
Car-1,2008-10-03 05:02:51,120.8139916,51.380225
Car-1,2008-10-03 05:02:57,120.8146199,51.3805633
Car-1,2008-10-03 05:03:03,120.8154683,51.3808099
Car-1,2008-10-03 05:03:09,120.8163549,51.3810766
Car-1,2008-10-03 05:03:15,120.81725,51.3813416
Car-1,2008-10-03 05:03:21,120.8181183,51.3816266
Car-1,2008-10-03 05:03:27,120.8183999,51.3819983
Car-1,2008-10-03 05:03:33,120.8179983,51.3823516
Car-1,2008-10-03 05:03:39,120.8173133,51.38249
Car-1,2008-10-03 05:03:45,120.8164249,51.3826683
Car-1,2008-10-03 05:03:51,120.8153316,51.3828483
Car-1,2008-10-03 05:03:57,120.8141599,51.3830233
Car-1,2008-10-03 05:04:03,120.8130183,51.383225
Car-1,2008-10-03 05:04:09,120.8119316,51.383525
Car-1,2008-10-03 05:04:15,120.8109449,51.38389
Car-1,2008-10-03 05:04:21,120.8103932,51.3841483
Car-1,2008-10-03 05:04:27,120.8097983,51.3844883
Car-1,2008-10-03 05:04:33,120.8092116,51.3849716
Car-1,2008-10-03 05:04:39,120.8088216,51.3855949
Car-1,2008-10-03 05:04:45,120.8087682,51.3861233
Car-1,2008-10-03 05:04:51,120.8088199,51.3866266
Car-1,2008-10-03 05:04:57,120.8084666,51.386965
Car-1,2008-10-03 05:05:03,120.8076683,51.3868966
Car-1,2008-10-03 05:05:09,120.8068583,51.3867016
Car-1,2008-10-03 05:05:15,120.8058433,51.3867516
Car-1,2008-10-03 05:05:21,120.8048116,51.3869583
Car-1,2008-10-03 05:05:27,120.8038049,51.3871249
Car-1,2008-10-03 05:05:33,120.80276,51.3870899
Car-1,2008-10-03 05:05:39,120.8016583,51.3870866
Car-1,2008-10-03 05:05:45,120.80067,51.3871966
Car-1,2008-10-03 05:05:51,120.7999499,51.3876533
Car-1,2008-10-03 05:05:57,120.7993966,51.3883033
Car-1,2008-10-03 05:06:03,120.7987083,51.3888216
Car-1,2008-10-03 05:06:09,120.7977316,51.3890416
Car-1,2008-10-03 05:06:15,120.7965833,51.3890466
Car-1,2008-10-03 05:06:21,120.7953516,51.3891333
Car-1,2008-10-03 05:06:27,120.7941833,51.3893966
Car-1,2008-10-03 05:06:33,120.7930616,51.3897966
Car-1,2008-10-03 05:06:39,120.7919816,51.3900233
Car-1,2008-10-03 05:06:45,120.7908883,51.3899666
Car-1,2008-10-03 05:06:51,120.7898583,51.3896833
Car-1,2008-10-03 05:06:57,120.7890016,51.3892199
Car-1,2008-10-03 05:07:03,120.78807,51.3886516
Car-1,2008-10-03 05:07:09,120.7871133,51.3881183
Car-1,2008-10-03 05:07:15,120.7862516,51.3876316
Car-1,2008-10-03 05:07:21,120.78544,51.3872016
Car-1,2008-10-03 05:07:27,120.7846266,51.3867583
Car-1,2008-10-03 05:07:33,120.7838749,51.3863283
Car-1,2008-10-03 05:07:39,120.78304,51.3861816
Car-1,2008-10-03 05:07:45,120.7824183,51.3865349
Car-1,2008-10-03 05:07:51,120.7824299,51.38719
Car-1,2008-10-03 05:07:57,120.7826216,51.387905
Car-1,2008-10-03 05:08:03,120.7828516,51.3886833
Car-1,2008-10-03 05:08:09,120.7830783,51.3895033
Car-1,2008-10-03 05:08:15,120.7833249,51.39035
Car-1,2008-10-03 05:08:21,120.7835866,51.3912083
Car-1,2008-10-03 05:08:27,120.7838349,51.3920849
Car-1,2008-10-03 05:08:33,120.7840933,51.3929683
Car-1,2008-10-03 05:08:39,120.7843633,51.39389
Car-1,2008-10-03 05:08:45,120.7846483,51.3947683
Car-1,2008-10-03 05:08:51,120.7849099,51.39557
Car-1,2008-10-03 05:08:57,120.7851283,51.3962766
Car-1,2008-10-03 05:09:03,120.785015,51.3969183
Car-1,2008-10-03 05:09:09,120.7845883,51.3975183
Car-1,2008-10-03 05:09:15,120.7839033,51.3980166
Car-1,2008-10-03 05:09:21,120.7831766,51.3982283
Car-1,2008-10-03 05:09:27,120.7826233,51.3983499
Car-1,2008-10-03 05:09:31,120.7822366,51.3984399
Car-1,2008-10-03 05:09:37,120.7815499,51.39861
Car-1,2008-10-03 05:09:43,120.7807599,51.3987499
Car-1,2008-10-03 05:09:49,120.77997,51.3988099
Car-1,2008-10-03 05:09:55,120.7792133,51.3988333
Car-1,2008-10-03 05:10:01,120.7785199,51.39887
Car-1,2008-10-03 05:10:07,120.7777799,51.3989166
Car-1,2008-10-03 05:10:13,120.7771083,51.3989599
Car-1,2008-10-03 05:10:17,120.7767883,51.3990299
Car-1,2008-10-03 05:10:21,120.7764866,51.3991583
Car-1,2008-10-03 05:10:25,120.776245,51.3993666
Car-1,2008-10-03 05:10:31,120.7760666,51.3997299
Car-1,2008-10-03 05:10:35,120.7760999,51.3999599
Car-1,2008-10-03 05:10:39,120.7762666,51.4001833
Car-1,2008-10-03 05:10:45,120.7767316,51.4005399
Car-1,2008-10-03 05:10:51,120.7773533,51.4007649
Car-1,2008-10-03 05:10:57,120.7780266,51.4009699
Car-1,2008-10-03 05:11:03,120.7787333,51.4011799
Car-1,2008-10-03 05:11:09,120.7794816,51.4013866
Car-1,2008-10-03 05:11:15,120.7802383,51.40161
Car-1,2008-10-03 05:11:21,120.7808916,51.401785
Car-1,2008-10-03 05:11:25,120.7812066,51.4018566
Car-1,2008-10-03 05:11:29,120.7815499,51.4019316
Car-1,2008-10-03 05:11:35,120.78223,51.4021166
Car-1,2008-10-03 05:11:41,120.7829399,51.4023333
Car-1,2008-10-03 05:11:47,120.78363,51.4025533
Car-1,2008-10-03 05:11:53,120.784275,51.4027783
Car-1,2008-10-03 05:11:59,120.7849433,51.4030366
Car-1,2008-10-03 05:12:05,120.7855466,51.4032933
Car-1,2008-10-03 05:12:11,120.7861033,51.4035233
Car-1,2008-10-03 05:12:17,120.7866649,51.4037649
Car-1,2008-10-03 05:12:23,120.7871866,51.4040616
Car-1,2008-10-03 05:12:29,120.7876833,51.40444
Car-1,2008-10-03 05:12:35,120.7882216,51.4048683
Car-1,2008-10-03 05:12:41,120.7887633,51.4052933
Car-1,2008-10-03 05:12:47,120.7892516,51.4056933
Car-1,2008-10-03 05:12:53,120.7897033,51.406045
Car-1,2008-10-03 05:12:59,120.7901466,51.40641
Car-1,2008-10-03 05:13:05,120.7906033,51.4067766
Car-1,2008-10-03 05:13:11,120.7910683,51.4071466
Car-1,2008-10-03 05:13:17,120.7915032,51.4075399
Car-1,2008-10-03 05:13:23,120.7918233,51.4079399
Car-1,2008-10-03 05:13:29,120.7921316,51.4083683
Car-1,2008-10-03 05:13:35,120.7924282,51.4088683
Car-1,2008-10-03 05:13:41,120.7927266,51.4093483
Car-1,2008-10-03 05:13:47,120.7930249,51.4097899
Car-1,2008-10-03 05:13:53,120.7932316,51.4102466
Car-1,2008-10-03 05:13:59,120.7933799,51.4106716
Car-1,2008-10-03 05:14:03,120.7934232,51.4108966
Car-1,2008-10-03 05:14:07,120.7934283,51.4111383
Car-1,2008-10-03 05:14:13,120.7933649,51.4115616
Car-1,2008-10-03 05:14:19,120.793255,51.4120899
Car-1,2008-10-03 05:14:25,120.7931649,51.4125983
Car-1,2008-10-03 05:14:31,120.7930883,51.4130733
Car-1,2008-10-03 05:14:37,120.7928699,51.4135783
Car-1,2008-10-03 05:14:43,120.792555,51.414075
Car-1,2008-10-03 05:14:49,120.7922016,51.4145499
Car-1,2008-10-03 05:14:55,120.7917116,51.4148899
Car-1,2008-10-03 05:14:59,120.7914683,51.41502
Car-1,2008-10-03 05:15:03,120.7912116,51.4151449
Car-1,2008-10-03 05:15:07,120.7909233,51.4152916
Car-1,2008-10-03 05:15:11,120.7906116,51.4154683
Car-1,2008-10-03 05:15:15,120.7903033,51.4156783
Car-1,2008-10-03 05:15:21,120.7898782,51.4160549
Car-1,2008-10-03 05:15:27,120.7895,51.4164749
Car-1,2008-10-03 05:15:33,120.7891049,51.4169283
Car-1,2008-10-03 05:15:39,120.7887483,51.4173733
Car-1,2008-10-03 05:15:45,120.7885566,51.4177699
Car-1,2008-10-03 05:15:49,120.7884016,51.4179949
Car-1,2008-10-03 05:15:53,120.7881583,51.4182383
Car-1,2008-10-03 05:15:59,120.7877116,51.4185866
Car-1,2008-10-03 05:16:05,120.7874333,51.4188133
Car-1,2008-10-03 05:16:07,120.7874116,51.4188349
Car-1,2008-10-03 05:16:09,120.7873916,51.418855
Car-1,2008-10-03 05:16:11,120.7873733,51.4188783
Car-1,2008-10-03 05:16:13,120.7873433,51.4189083
Car-1,2008-10-03 05:16:17,120.7872816,51.4189666
Car-1,2008-10-03 05:16:19,120.7872683,51.41898
Car-1,2008-10-03 05:16:21,120.7872383,51.4190049
Car-1,2008-10-03 05:16:25,120.7871516,51.4190933
Car-1,2008-10-03 05:16:29,120.7870949,51.4191516
Car-1,2008-10-03 05:16:31,120.7870799,51.4191716
Car-1,2008-10-03 05:16:35,120.7870583,51.4191883
Car-1,2008-10-03 05:16:37,120.7870233,51.4192116
Car-1,2008-10-03 05:16:41,120.7869699,51.4192933
Car-1,2008-10-03 05:16:45,120.7869449,51.4193283
Car-1,2008-10-03 05:16:47,120.7869333,51.4193349
Car-1,2008-10-03 05:16:49,120.786925,51.4193433
Car-1,2008-10-03 05:16:56,120.786935,51.4193399
Car-1,2008-10-03 05:16:58,120.7869266,51.4193549
Car-1,2008-10-03 05:17:00,120.7869166,51.4193683
Car-1,2008-10-03 05:17:02,120.7868916,51.4194049
Car-1,2008-10-03 05:17:06,120.7868232,51.41954
Car-1,2008-10-03 05:17:10,120.7867649,51.4196683
Car-1,2008-10-03 05:17:14,120.7867049,51.4197816
Car-1,2008-10-03 05:17:18,120.7866683,51.4198449
Car-1,2008-10-03 05:17:22,120.7866249,51.4199499
Car-1,2008-10-03 05:17:26,120.7865883,51.42003
Car-1,2008-10-03 05:17:30,120.7865383,51.4200933
Car-1,2008-10-03 05:17:34,120.7865133,51.4201199
Car-1,2008-10-03 05:17:36,120.7865116,51.420135
Car-1,2008-10-03 05:17:38,120.7865083,51.4201533
Car-1,2008-10-03 05:17:40,120.7864883,51.4201716
Car-1,2008-10-03 05:17:42,120.7864683,51.4201949
Car-1,2008-10-03 05:17:46,120.7864333,51.4202233
Car-1,2008-10-03 05:17:51,120.7864133,51.4202333
Car-1,2008-10-03 05:17:53,120.7863933,51.4202649
Car-1,2008-10-03 05:17:57,120.7863182,51.42038
Car-1,2008-10-03 05:18:01,120.7862549,51.4204783
Car-1,2008-10-03 05:18:05,120.7862183,51.4205383
Car-1,2008-10-03 05:18:07,120.7861983,51.4205666
Car-1,2008-10-03 05:18:11,120.7861699,51.4205983
Car-1,2008-10-03 05:18:14,120.7861666,51.42062
Car-1,2008-10-03 05:18:16,120.7861466,51.4206433
Car-1,2008-10-03 05:18:18,120.7861233,51.4206816
Car-1,2008-10-03 05:18:22,120.7860966,51.4207433
Car-1,2008-10-03 05:18:30,120.7860833,51.4207616
Car-1,2008-10-03 05:18:32,120.7860899,51.4207566
Car-1,2008-10-03 05:18:34,120.7860816,51.4207649
Car-1,2008-10-03 05:18:36,120.7860683,51.42078
Car-1,2008-10-03 05:18:38,120.7860483,51.4208066
Car-1,2008-10-03 05:18:40,120.7860183,51.4208433
Car-1,2008-10-03 05:18:45,120.785985,51.42088
Car-1,2008-10-03 05:18:47,120.7859733,51.4209016
Car-1,2008-10-03 05:18:49,120.7859666,51.42092
Car-1,2008-10-03 05:18:51,120.785955,51.4209399
Car-1,2008-10-03 05:18:53,120.7859349,51.4209616
Car-1,2008-10-03 05:18:55,120.7859133,51.4209833
Car-1,2008-10-03 05:18:57,120.7858833,51.4209916
Car-1,2008-10-03 05:18:59,120.7858666,51.4210099
Car-1,2008-10-03 05:19:06,120.7858466,51.4210133
Car-1,2008-10-03 05:19:08,120.7858399,51.4210299
Car-1,2008-10-03 05:19:10,120.7858282,51.4210616
Car-1,2008-10-03 05:19:14,120.7858049,51.4211149
Car-1,2008-10-03 05:19:16,120.7857966,51.4211316
Car-1,2008-10-03 05:19:18,120.7857833,51.4211483
Car-1,2008-10-03 05:19:20,120.7857799,51.4211633
Car-1,2008-10-03 05:19:22,120.785785,51.42118
Car-1,2008-10-03 05:19:24,120.7857866,51.4211983
Car-1,2008-10-03 05:19:28,120.7857716,51.4212083
Car-1,2008-10-03 05:19:30,120.7857683,51.4212249
Car-1,2008-10-03 05:19:32,120.7857483,51.4212566
Car-1,2008-10-03 05:19:36,120.7857266,51.4213066
Car-1,2008-10-03 05:19:38,120.785715,51.4213283
Car-1,2008-10-03 05:19:40,120.785715,51.4213499
Car-1,2008-10-03 05:19:42,120.785705,51.4213733
Car-1,2008-10-03 05:19:44,120.7857016,51.4213933
Car-1,2008-10-03 05:19:46,120.78569,51.4214066
Car-1,2008-10-03 05:19:48,120.7856783,51.4214133
Car-1,2008-10-03 05:19:50,120.7856733,51.4214233
Car-1,2008-10-03 05:19:52,120.7856699,51.42144
Car-1,2008-10-03 05:19:54,120.7856616,51.4214583
Car-1,2008-10-03 05:19:56,120.7856549,51.4214783
Car-1,2008-10-03 05:19:58,120.7856416,51.4214983
Car-1,2008-10-03 05:20:03,120.785635,51.4215049
Car-1,2008-10-03 05:20:05,120.785635,51.4215133
Car-1,2008-10-03 05:20:14,120.785635,51.4215133
Car-1,2008-10-03 05:20:16,120.7856383,51.4215116
Car-1,2008-10-03 05:20:18,120.7856299,51.4215249
Car-1,2008-10-03 05:20:20,120.7856316,51.4215349
Car-1,2008-10-03 05:20:22,120.7856299,51.421545
Car-1,2008-10-03 05:20:24,120.7856216,51.4215633
Car-1,2008-10-03 05:20:26,120.7856149,51.4215933
Car-1,2008-10-03 05:20:30,120.78558,51.4216816
Car-1,2008-10-03 05:20:34,120.7855316,51.4217633
Car-1,2008-10-03 05:20:38,120.7854699,51.4218616
Car-1,2008-10-03 05:20:42,120.7854333,51.4219466
Car-1,2008-10-03 05:20:44,120.78541,51.421965
Car-1,2008-10-03 05:20:46,120.7853833,51.4219949
Car-1,2008-10-03 05:20:50,120.785295,51.4221333
Car-1,2008-10-03 05:20:54,120.7851649,51.4223399
Car-1,2008-10-03 05:20:58,120.7850133,51.4225899
Car-1,2008-10-03 05:21:04,120.7847783,51.4229633
Car-1,2008-10-03 05:21:08,120.7846266,51.4232083
Car-1,2008-10-03 05:21:12,120.7845333,51.4234749
Car-1,2008-10-03 05:21:18,120.7844083,51.4238933
Car-1,2008-10-03 05:21:24,120.7842866,51.4243766
Car-1,2008-10-03 05:21:30,120.7841249,51.4249283
Car-1,2008-10-03 05:21:36,120.7839883,51.4255066
Car-1,2008-10-03 05:21:42,120.7838299,51.4260466
Car-1,2008-10-03 05:21:48,120.7836933,51.4265666
Car-1,2008-10-03 05:21:54,120.7835549,51.4271049
Car-1,2008-10-03 05:22:00,120.7833983,51.4276666
Car-1,2008-10-03 05:22:06,120.783225,51.42825
Car-1,2008-10-03 05:22:12,120.7829966,51.4288016
Car-1,2008-10-03 05:22:18,120.78269,51.4293166
Car-1,2008-10-03 05:22:24,120.7823833,51.4298433
Car-1,2008-10-03 05:22:30,120.7820649,51.43038
Car-1,2008-10-03 05:22:36,120.7817366,51.4309233
Car-1,2008-10-03 05:22:42,120.78139,51.4314866
Car-1,2008-10-03 05:22:48,120.7810516,51.4320433
Car-1,2008-10-03 05:22:54,120.7806883,51.4326083
Car-1,2008-10-03 05:23:00,120.7803333,51.4331633
Car-1,2008-10-03 05:23:06,120.7799799,51.4337133
Car-1,2008-10-03 05:23:12,120.7796216,51.4342616
Car-1,2008-10-03 05:23:18,120.7792633,51.4348316
Car-1,2008-10-03 05:23:24,120.7788866,51.4354533
Car-1,2008-10-03 05:23:30,120.7784666,51.4361066
Car-1,2008-10-03 05:23:36,120.7780782,51.4367433
Car-1,2008-10-03 05:23:42,120.7776616,51.4373516
Car-1,2008-10-03 05:23:48,120.7773049,51.4379733
Car-1,2008-10-03 05:23:54,120.7769566,51.4385516
Car-1,2008-10-03 05:24:00,120.77661,51.4390849
Car-1,2008-10-03 05:24:06,120.7763516,51.4395233
Car-1,2008-10-03 05:24:10,120.7762816,51.4396566
Car-1,2008-10-03 05:24:14,120.7762116,51.4398016
Car-1,2008-10-03 05:24:18,120.7761066,51.4400283
Car-1,2008-10-03 05:24:22,120.7759583,51.4402699
Car-1,2008-10-03 05:24:28,120.7756783,51.4406883
Car-1,2008-10-03 05:24:34,120.7753799,51.4411749
Car-1,2008-10-03 05:24:40,120.7749233,51.4416666
Car-1,2008-10-03 05:24:47,120.77424,51.4422133
Car-1,2008-10-03 05:24:53,120.7736166,51.4427183
Car-1,2008-10-03 05:25:00,120.7728666,51.4431883
Car-1,2008-10-03 05:25:04,120.772475,51.4435066
Car-1,2008-10-03 05:25:10,120.7719349,51.4440433
Car-1,2008-10-03 05:25:16,120.7714699,51.4445799
Car-1,2008-10-03 05:25:22,120.7710516,51.4451833
Car-1,2008-10-03 05:25:28,120.7706316,51.4458283
Car-1,2008-10-03 05:25:34,120.7701983,51.4464699
Car-1,2008-10-03 05:25:40,120.7697583,51.4471299
Car-1,2008-10-03 05:25:46,120.7693133,51.44777
Car-1,2008-10-03 05:25:52,120.7688633,51.4484016
Car-1,2008-10-03 05:25:58,120.7684449,51.4490016
Car-1,2008-10-03 05:26:04,120.7680783,51.4495283
Car-1,2008-10-03 05:26:10,120.7676466,51.44995
Car-1,2008-10-03 05:26:16,120.7671633,51.4503533
Car-1,2008-10-03 05:26:22,120.7666816,51.4508183
Car-1,2008-10-03 05:26:28,120.7661633,51.4512983
Car-1,2008-10-03 05:26:34,120.7655183,51.4517116
Car-1,2008-10-03 05:26:40,120.7647499,51.4520683
Car-1,2008-10-03 05:26:46,120.7640183,51.4524466
Car-1,2008-10-03 05:26:52,120.7634083,51.4528799
Car-1,2008-10-03 05:26:58,120.7632999,51.4534283
Car-1,2008-10-03 05:27:04,120.7634583,51.4540249
Car-1,2008-10-03 05:27:10,120.76362,51.454615
Car-1,2008-10-03 05:27:16,120.7637533,51.4552083
Car-1,2008-10-03 05:27:22,120.7639083,51.4558833
Car-1,2008-10-03 05:27:28,120.7639599,51.4566116
Car-1,2008-10-03 05:27:34,120.7637099,51.4573183
Car-1,2008-10-03 05:27:40,120.7634016,51.4580316
Car-1,2008-10-03 05:27:46,120.7630783,51.4587366
Car-1,2008-10-03 05:27:52,120.7627549,51.4594016
Car-1,2008-10-03 05:27:58,120.7624499,51.4600466
Car-1,2008-10-03 05:28:04,120.7621799,51.4606099
Car-1,2008-10-03 05:28:10,120.7619016,51.461175
Car-1,2008-10-03 05:28:16,120.7616,51.4617399
Car-1,2008-10-03 05:28:22,120.7612983,51.462295
Car-1,2008-10-03 05:28:28,120.7609816,51.4628399
Car-1,2008-10-03 05:28:34,120.7606849,51.4633683
Car-1,2008-10-03 05:28:40,120.7603266,51.4639016
Car-1,2008-10-03 05:28:46,120.7599066,51.4644516
Car-1,2008-10-03 05:28:52,120.7594983,51.4650166
Car-1,2008-10-03 05:28:58,120.7591233,51.4655699
Car-1,2008-10-03 05:29:04,120.7587216,51.4660966
Car-1,2008-10-03 05:29:10,120.7583116,51.4666699
Car-1,2008-10-03 05:29:16,120.7578899,51.4672716
Car-1,2008-10-03 05:29:22,120.7574966,51.4678733
Car-1,2008-10-03 05:29:28,120.7570649,51.4684533
Car-1,2008-10-03 05:29:34,120.7567999,51.4691016
Car-1,2008-10-03 05:29:40,120.7567549,51.4698266
Car-1,2008-10-03 05:29:46,120.7566416,51.4705483
Car-1,2008-10-03 05:29:52,120.7562849,51.4712683
Car-1,2008-10-03 05:29:58,120.7558899,51.4719599
Car-1,2008-10-03 05:30:04,120.7554966,51.4726566
Car-1,2008-10-03 05:30:10,120.7551516,51.4733466
Car-1,2008-10-03 05:30:16,120.7548016,51.4739816
Car-1,2008-10-03 05:30:22,120.7544483,51.4745799
Car-1,2008-10-03 05:30:28,120.7540966,51.4752016
Car-1,2008-10-03 05:30:34,120.7537766,51.4758466
Car-1,2008-10-03 05:30:40,120.7534432,51.4765083
Car-1,2008-10-03 05:30:46,120.75311,51.4771683
Car-1,2008-10-03 05:30:52,120.7527799,51.4778399
Car-1,2008-10-03 05:30:58,120.7524266,51.4785266
Car-1,2008-10-03 05:31:04,120.7520749,51.4791999
Car-1,2008-10-03 05:31:10,120.7516699,51.4798533
Car-1,2008-10-03 05:31:16,120.7509616,51.48035
Car-1,2008-10-03 05:31:22,120.750055,51.4806349
Car-1,2008-10-03 05:31:28,120.7490983,51.4808999
Car-1,2008-10-03 05:31:34,120.7481766,51.4812766
Car-1,2008-10-03 05:31:40,120.7477016,51.4819049
Car-1,2008-10-03 05:31:46,120.7475199,51.4826016
Car-1,2008-10-03 05:31:52,120.7473583,51.4832816
Car-1,2008-10-03 05:31:58,120.7471983,51.4839699
Car-1,2008-10-03 05:32:04,120.7470383,51.4846649
Car-1,2008-10-03 05:32:10,120.7468666,51.4853099
Car-1,2008-10-03 05:32:16,120.7467166,51.4859099
Car-1,2008-10-03 05:32:22,120.7465616,51.4864083
Car-1,2008-10-03 05:32:28,120.7464782,51.4865016
Car-1,2008-10-03 05:32:30,120.7464533,51.4865183
Car-1,2008-10-03 05:32:34,120.7462099,51.4865966
Car-1,2008-10-03 05:32:38,120.745865,51.4866083
Car-1,2008-10-03 05:32:42,120.7456699,51.4865833
Car-1,2008-10-03 05:32:46,120.7455466,51.4865149
Car-1,2008-10-03 05:32:50,120.745385,51.4863233
Car-1,2008-10-03 05:32:54,120.7452366,51.4860616
Car-1,2008-10-03 05:33:00,120.7449466,51.4855783
Car-1,2008-10-03 05:33:06,120.7446766,51.4850433
Car-1,2008-10-03 05:33:12,120.7445466,51.4844033
Car-1,2008-10-03 05:33:18,120.7443482,51.4837
Car-1,2008-10-03 05:33:24,120.7436383,51.4830783
Car-1,2008-10-03 05:33:30,120.7426833,51.4824966
Car-1,2008-10-03 05:33:36,120.7416983,51.4819099
Car-1,2008-10-03 05:33:42,120.74061,51.4813366
Car-1,2008-10-03 05:33:48,120.739445,51.4808366
Car-1,2008-10-03 05:33:54,120.7382133,51.48047
Car-1,2008-10-03 05:34:00,120.736965,51.4801966
Car-1,2008-10-03 05:34:06,120.7357016,51.4799349
Car-1,2008-10-03 05:34:12,120.7344016,51.4796683
Car-1,2008-10-03 05:34:18,120.7330599,51.4793833
Car-1,2008-10-03 05:34:24,120.7316816,51.479075
Car-1,2008-10-03 05:34:30,120.7303533,51.4786916
Car-1,2008-10-03 05:34:36,120.7290249,51.4783383
Car-1,2008-10-03 05:34:42,120.72766,51.4781666
Car-1,2008-10-03 05:34:48,120.7262583,51.478115
Car-1,2008-10-03 05:34:54,120.7251899,51.4785283
Car-1,2008-10-03 05:35:00,120.7244983,51.4792316
Car-1,2008-10-03 05:35:06,120.7233883,51.4793399
Car-1,2008-10-03 05:35:12,120.7222616,51.4790233
Car-1,2008-10-03 05:35:18,120.7210333,51.4789766
Car-1,2008-10-03 05:35:24,120.7198433,51.4792266
Car-1,2008-10-03 05:35:30,120.7186216,51.4795833
Car-1,2008-10-03 05:35:36,120.7174116,51.4800949
Car-1,2008-10-03 05:35:42,120.7162216,51.4807083
Car-1,2008-10-03 05:35:48,120.7149083,51.48124
Car-1,2008-10-03 05:35:54,120.7134433,51.4816666
Car-1,2008-10-03 05:36:00,120.7119316,51.4820916
Car-1,2008-10-03 05:36:06,120.7105083,51.4825116
Car-1,2008-10-03 05:36:09,120.7099299,51.4826066
Car-1,2008-10-03 05:36:10,120.7097266,51.4826416
Car-1,2008-10-03 05:36:16,120.7087283,51.4824066
Car-1,2008-10-03 05:36:22,120.708855,51.481305
Car-1,2008-10-03 05:36:28,120.7090549,51.4803966
Car-1,2008-10-03 05:36:34,120.7091266,51.4795083
Car-1,2008-10-03 05:36:40,120.7088716,51.47862
Car-1,2008-10-03 05:36:46,120.7085183,51.4778016
Car-1,2008-10-03 05:36:52,120.7075833,51.477205
Car-1,2008-10-03 05:36:58,120.7062683,51.4771133
Car-1,2008-10-03 05:37:04,120.704875,51.47701
Car-1,2008-10-03 05:37:10,120.703405,51.4768933
Car-1,2008-10-03 05:37:16,120.7019116,51.4768099
Car-1,2008-10-03 05:37:22,120.700445,51.4768183
Car-1,2008-10-03 05:37:28,120.6990349,51.4768666
Car-1,2008-10-03 05:37:34,120.6977,51.4771216
Car-1,2008-10-03 05:37:40,120.6964082,51.4774166
Car-1,2008-10-03 05:37:46,120.6954516,51.4779666
Car-1,2008-10-03 05:37:52,120.6946083,51.4783466
Car-1,2008-10-03 05:37:58,120.6936332,51.4782599
Car-1,2008-10-03 05:38:04,120.6926483,51.4781316
Car-1,2008-10-03 05:38:10,120.6916116,51.478005
Car-1,2008-10-03 05:38:16,120.6906083,51.4777833
Car-1,2008-10-03 05:38:22,120.690175,51.4771216
Car-1,2008-10-03 05:38:28,120.6899666,51.4763599
Car-1,2008-10-03 05:38:34,120.689475,51.475735
Car-1,2008-10-03 05:38:40,120.6885383,51.4752766
Car-1,2008-10-03 05:38:46,120.6874299,51.474955
Car-1,2008-10-03 05:38:52,120.68615,51.4749266
Car-1,2008-10-03 05:38:58,120.684805,51.4749616
Car-1,2008-10-03 05:39:04,120.6834116,51.475
Car-1,2008-10-03 05:39:10,120.6820216,51.475035
Car-1,2008-10-03 05:39:16,120.6807316,51.4748266
Car-1,2008-10-03 05:39:22,120.6795016,51.47448
Car-1,2008-10-03 05:39:28,120.6782316,51.4741249
Car-1,2008-10-03 05:39:34,120.6769083,51.47375
Car-1,2008-10-03 05:39:40,120.6755,51.4733383
Car-1,2008-10-03 05:39:46,120.6741216,51.4729199
Car-1,2008-10-03 05:39:52,120.6727299,51.4724849
Car-1,2008-10-03 05:39:58,120.6715833,51.4718699
Car-1,2008-10-03 05:40:04,120.6706266,51.4711016
Car-1,2008-10-03 05:40:10,120.6696866,51.4703383
Car-1,2008-10-03 05:40:16,120.668915,51.4695349
Car-1,2008-10-03 05:40:22,120.6688666,51.4686283
Car-1,2008-10-03 05:40:28,120.669055,51.4676666
Car-1,2008-10-03 05:40:34,120.6692216,51.4666616
Car-1,2008-10-03 05:40:40,120.6692483,51.4656116
Car-1,2008-10-03 05:40:46,120.6692016,51.4645183
Car-1,2008-10-03 05:40:52,120.6692016,51.4634049
Car-1,2008-10-03 05:40:58,120.6691833,51.4622583
Car-1,2008-10-03 05:41:04,120.6690199,51.4610883
Car-1,2008-10-03 05:41:10,120.6688099,51.4599983
Car-1,2008-10-03 05:41:16,120.66876,51.4589416
Car-1,2008-10-03 05:41:22,120.6688483,51.4578666
Car-1,2008-10-03 05:41:28,120.6689316,51.4568199
Car-1,2008-10-03 05:41:34,120.6691133,51.4560399
Car-1,2008-10-03 05:41:40,120.6694816,51.4556499
Car-1,2008-10-03 05:41:44,120.6695683,51.4556216
Car-1,2008-10-03 05:41:46,120.669575,51.455625
Car-1,2008-10-03 05:41:48,120.6695866,51.4556183
Car-1,2008-10-03 05:41:50,120.6696099,51.4555883
Car-1,2008-10-03 05:41:54,120.6698199,51.4554899
Car-1,2008-10-03 05:41:58,120.6700816,51.4553633
Car-1,2008-10-03 05:42:02,120.6704266,51.4552133
Car-1,2008-10-03 05:42:08,120.6710549,51.4549583
Car-1,2008-10-03 05:42:14,120.6718066,51.4548366
Car-1,2008-10-03 05:42:20,120.6726533,51.4549333
Car-1,2008-10-03 05:42:26,120.6733616,51.45489
Car-1,2008-10-03 05:42:32,120.6738416,51.4544966
Car-1,2008-10-03 05:42:38,120.6741166,51.4539233
Car-1,2008-10-03 05:42:44,120.6744516,51.4532016
Car-1,2008-10-03 05:42:50,120.6747383,51.4525066
Car-1,2008-10-03 05:42:56,120.6746083,51.45198
Car-1,2008-10-03 05:43:02,120.6736433,51.4517749
Car-1,2008-10-03 05:43:08,120.6724483,51.4517549
Car-1,2008-10-03 05:43:14,120.671075,51.451695
Car-1,2008-10-03 05:43:20,120.6695766,51.4515499
Car-1,2008-10-03 05:43:26,120.6682066,51.4512683
Car-1,2008-10-03 05:43:32,120.6668949,51.4508166
Car-1,2008-10-03 05:43:38,120.6657033,51.4503933
Car-1,2008-10-03 05:43:44,120.6648383,51.4498533
Car-1,2008-10-03 05:43:50,120.66429,51.4490816
Car-1,2008-10-03 05:43:56,120.6638583,51.4482883
Car-1,2008-10-03 05:44:02,120.6636133,51.4474916
Car-1,2008-10-03 05:44:08,120.6637116,51.4467766
Car-1,2008-10-03 05:44:14,120.6641866,51.4461133
Car-1,2008-10-03 05:44:20,120.6649383,51.4455616
Car-1,2008-10-03 05:44:26,120.66558,51.4450366
Car-1,2008-10-03 05:44:32,120.6654933,51.4444183
Car-1,2008-10-03 05:44:38,120.6646216,51.44391
Car-1,2008-10-03 05:44:44,120.6635182,51.4434383
Car-1,2008-10-03 05:44:50,120.662315,51.44293
Car-1,2008-10-03 05:44:56,120.6611049,51.4423666
Car-1,2008-10-03 05:45:02,120.6600432,51.4416716
Car-1,2008-10-03 05:45:08,120.6591083,51.4408883
Car-1,2008-10-03 05:45:14,120.6581833,51.4400916
Car-1,2008-10-03 05:45:20,120.6572349,51.4392816
Car-1,2008-10-03 05:45:26,120.6562983,51.4385183
Car-1,2008-10-03 05:45:32,120.6554066,51.4377783
Car-1,2008-10-03 05:45:38,120.6544883,51.4370016
Car-1,2008-10-03 05:45:44,120.6535383,51.4362049
Car-1,2008-10-03 05:45:50,120.6525483,51.4353849
Car-1,2008-10-03 05:45:56,120.6516999,51.4346783
Car-1,2008-10-03 05:46:02,120.6510233,51.4341016
Car-1,2008-10-03 05:46:08,120.6503866,51.4335483
Car-1,2008-10-03 05:46:14,120.64997,51.43302
Car-1,2008-10-03 05:46:20,120.6496316,51.4324533
Car-1,2008-10-03 05:46:26,120.6493816,51.4318566
Car-1,2008-10-03 05:46:32,120.6491116,51.431205
Car-1,2008-10-03 05:46:38,120.6487632,51.4303766
Car-1,2008-10-03 05:46:44,120.6483499,51.4294449
Car-1,2008-10-03 05:46:50,120.6477216,51.42858
Car-1,2008-10-03 05:46:56,120.6465433,51.427975
Car-1,2008-10-03 05:47:02,120.6450716,51.4275
Car-1,2008-10-03 05:47:08,120.6435766,51.4270033
Car-1,2008-10-03 05:47:14,120.6420699,51.42647
Car-1,2008-10-03 05:47:20,120.6405333,51.42591
Car-1,2008-10-03 05:47:26,120.6389483,51.4253449
Car-1,2008-10-03 05:47:32,120.6373333,51.4247649
Car-1,2008-10-03 05:47:38,120.635885,51.4240149
Car-1,2008-10-03 05:47:44,120.6346599,51.4231
Car-1,2008-10-03 05:47:50,120.6334666,51.42212
Car-1,2008-10-03 05:48:00,120.6314516,51.4204583
Car-1,2008-10-03 05:48:10,120.62979,51.4187449
Car-1,2008-10-03 05:48:16,120.6288433,51.4177416
Car-1,2008-10-03 05:48:22,120.628165,51.4166433
Car-1,2008-10-03 05:48:28,120.6278649,51.41556
Car-1,2008-10-03 05:48:34,120.6276066,51.4145166
Car-1,2008-10-03 05:48:40,120.6273983,51.4135616
Car-1,2008-10-03 05:48:46,120.6271049,51.4125033
Car-1,2008-10-03 05:48:52,120.6268483,51.411405
Car-1,2008-10-03 05:48:58,120.6266149,51.4103166
Car-1,2008-10-03 05:49:04,120.6263783,51.4092349
Car-1,2008-10-03 05:49:10,120.6261616,51.4081683
Car-1,2008-10-03 05:49:16,120.6259033,51.4071149
Car-1,2008-10-03 05:49:22,120.6256383,51.4060483
Car-1,2008-10-03 05:49:28,120.625375,51.4049733
Car-1,2008-10-03 05:49:34,120.6251433,51.4039133
Car-1,2008-10-03 05:49:40,120.6249216,51.4028966
Car-1,2008-10-03 05:49:46,120.6245383,51.4019349
Car-1,2008-10-03 05:49:52,120.6239066,51.4010333
Car-1,2008-10-03 05:49:58,120.6231999,51.400105
Car-1,2008-10-03 05:50:04,120.6224666,51.3992133
Car-1,2008-10-03 05:50:10,120.6216449,51.3983616
Car-1,2008-10-03 05:50:16,120.6207632,51.3974449
Car-1,2008-10-03 05:50:22,120.6198099,51.3965066
Car-1,2008-10-03 05:50:28,120.6188399,51.3955766
Car-1,2008-10-03 05:50:34,120.6179149,51.3946316
Car-1,2008-10-03 05:50:40,120.6171466,51.393665
Car-1,2008-10-03 05:50:46,120.6164049,51.3926599
Car-1,2008-10-03 05:50:52,120.6156999,51.391675
Car-1,2008-10-03 05:50:58,120.6150866,51.3907549
Car-1,2008-10-03 05:51:04,120.6144333,51.3898899
Car-1,2008-10-03 05:51:10,120.6135599,51.3891166
Car-1,2008-10-03 05:51:16,120.6125183,51.3884466
Car-1,2008-10-03 05:51:22,120.6114766,51.387765
Car-1,2008-10-03 05:51:28,120.6104733,51.3870949
Car-1,2008-10-03 05:51:34,120.609445,51.3864216
Car-1,2008-10-03 05:51:40,120.6083399,51.3856883
Car-1,2008-10-03 05:51:46,120.6071799,51.3849083
Car-1,2008-10-03 05:51:52,120.6059783,51.384115
Car-1,2008-10-03 05:51:58,120.6047966,51.3833383
Car-1,2008-10-03 05:52:04,120.6037666,51.3824999
Car-1,2008-10-03 05:52:10,120.6032783,51.3815633
Car-1,2008-10-03 05:52:16,120.6032783,51.380625
Car-1,2008-10-03 05:52:22,120.6037999,51.3797166
Car-1,2008-10-03 05:52:28,120.6044083,51.3787516
Car-1,2008-10-03 05:52:34,120.6050183,51.3777499
Car-1,2008-10-03 05:52:40,120.6056483,51.3767633
Car-1,2008-10-03 05:52:46,120.6062316,51.3757616
Car-1,2008-10-03 05:52:52,120.6068049,51.3747283
Car-1,2008-10-03 05:52:58,120.6074232,51.3736733
Car-1,2008-10-03 05:53:04,120.6077849,51.3727799
Car-1,2008-10-03 05:53:10,120.6077566,51.3719699
Car-1,2008-10-03 05:53:16,120.6076332,51.3711666
Car-1,2008-10-03 05:53:22,120.6076099,51.3708866
Car-1,2008-10-03 05:53:24,120.60762,51.3708933
Car-1,2008-10-03 05:53:26,120.6076283,51.3709016
Car-1,2008-10-03 05:53:28,120.6076383,51.3709049
Car-1,2008-10-03 05:53:30,120.6076233,51.3709099
Car-1,2008-10-03 05:55:42,120.6076332,51.3709166
Car-1,2008-10-03 05:57:09,120.607635,51.3709183
Car-1,2008-10-03 05:57:11,120.6076433,51.370915
Car-1,2008-10-03 05:57:18,120.6076433,51.3709233
Car-1,2008-10-03 05:57:24,120.6076433,51.3709233
Car-1,2008-10-03 05:57:26,120.6076466,51.3709233
Car-1,2008-10-03 05:57:28,120.6076466,51.3709033
Car-1,2008-10-03 05:57:30,120.6076449,51.3708616
Car-1,2008-10-03 05:57:34,120.6076599,51.3707466
Car-1,2008-10-03 05:57:38,120.6076433,51.3705633
Car-1,2008-10-03 05:57:42,120.6076316,51.3703233
Car-1,2008-10-03 05:57:48,120.6076833,51.3698916
Car-1,2008-10-03 05:57:54,120.6078983,51.3694616
Car-1,2008-10-03 05:58:00,120.6082433,51.3690633
Car-1,2008-10-03 05:58:06,120.6086766,51.3687766
Car-1,2008-10-03 05:58:10,120.6089116,51.3686583
Car-1,2008-10-03 05:58:14,120.6091466,51.3685733
Car-1,2008-10-03 05:58:18,120.6094266,51.3684849
Car-1,2008-10-03 05:58:22,120.6098116,51.3683799
Car-1,2008-10-03 05:58:28,120.6105433,51.3682599
Car-1,2008-10-03 05:58:34,120.6114766,51.3681466
Car-1,2008-10-03 05:58:40,120.6125083,51.3680166
Car-1,2008-10-03 05:58:46,120.6136866,51.36786
Car-1,2008-10-03 05:58:52,120.6148849,51.3675983
Car-1,2008-10-03 05:58:58,120.6159466,51.3671066
Car-1,2008-10-03 05:59:04,120.6167933,51.3664016
Car-1,2008-10-03 05:59:10,120.6175449,51.3656133
Car-1,2008-10-03 05:59:16,120.6183049,51.3648266
Car-1,2008-10-03 05:59:22,120.6191066,51.3640416
Car-1,2008-10-03 05:59:28,120.6198349,51.3632949
Car-1,2008-10-03 05:59:34,120.6204649,51.36261
Car-1,2008-10-03 05:59:40,120.6210399,51.3620399
Car-1,2008-10-03 05:59:46,120.621395,51.3616783
Car-1,2008-10-03 05:59:50,120.6214633,51.3616066
Car-1,2008-10-03 05:59:52,120.6214683,51.3615983
Car-1,2008-10-03 05:59:54,120.6214733,51.3615999
Car-1,2008-10-03 05:59:58,120.6214733,51.3615999
Car-1,2008-10-03 06:00:00,120.6214666,51.3616033
Car-1,2008-10-03 06:00:02,120.6214816,51.3616049
Car-1,2008-10-03 06:00:04,120.6214816,51.3616049
Car-1,2008-10-03 06:00:11,120.6214749,51.3616049
Car-1,2008-10-03 06:00:13,120.6214816,51.3616066
Car-1,2008-10-03 06:01:03,120.6214816,51.3616066
Car-1,2008-10-03 06:01:05,120.6214782,51.3616083
Car-1,2008-10-03 06:01:14,120.6214883,51.3616116
Car-1,2008-10-03 06:01:16,120.6215133,51.3615849
Car-1,2008-10-03 06:01:20,120.6216316,51.3614583
Car-1,2008-10-03 06:01:24,120.6217949,51.3612716
Car-1,2008-10-03 06:01:28,120.6220099,51.3610316
Car-1,2008-10-03 06:01:34,120.6223966,51.3606
Car-1,2008-10-03 06:01:40,120.62288,51.3600999
Car-1,2008-10-03 06:01:46,120.6236183,51.3595466
Car-1,2008-10-03 06:01:52,120.6243049,51.35894
Car-1,2008-10-03 06:01:58,120.6252083,51.3583766
Car-1,2008-10-03 06:02:04,120.62626,51.357825
Car-1,2008-10-03 06:02:10,120.6274199,51.3572366
Car-1,2008-10-03 06:02:16,120.6286816,51.3566266
Car-1,2008-10-03 06:02:22,120.6299549,51.3559716
Car-1,2008-10-03 06:02:28,120.6310066,51.3551366
Car-1,2008-10-03 06:02:34,120.6319999,51.3542266
Car-1,2008-10-03 06:02:40,120.6330133,51.3532783
Car-1,2008-10-03 06:02:46,120.6340782,51.3523333
Car-1,2008-10-03 06:02:52,120.6350699,51.3514099
Car-1,2008-10-03 06:02:58,120.6360566,51.350525
Car-1,2008-10-03 06:03:04,120.637035,51.3496266
Car-1,2008-10-03 06:03:10,120.6380399,51.3487249
Car-1,2008-10-03 06:03:16,120.6390232,51.3478299
Car-1,2008-10-03 06:03:22,120.6400216,51.3469783
Car-1,2008-10-03 06:03:28,120.641225,51.3462916
Car-1,2008-10-03 06:03:34,120.6425499,51.3456883
Car-1,2008-10-03 06:03:40,120.6438883,51.3450683
Car-1,2008-10-03 06:03:46,120.6452116,51.3444649
Car-1,2008-10-03 06:03:52,120.6465766,51.3438366
Car-1,2008-10-03 06:03:58,120.6480383,51.343195
Car-1,2008-10-03 06:04:04,120.6495249,51.3425133
Car-1,2008-10-03 06:04:10,120.6509933,51.34183
Car-1,2008-10-03 06:04:16,120.65252,51.3411783
Car-1,2008-10-03 06:04:22,120.6539583,51.3405116
Car-1,2008-10-03 06:04:28,120.6553466,51.33986
Car-1,2008-10-03 06:04:34,120.6567283,51.3391883
Car-1,2008-10-03 06:04:40,120.6580216,51.3383633
Car-1,2008-10-03 06:04:46,120.6591166,51.3373516
Car-1,2008-10-03 06:04:52,120.6601799,51.3363383
Car-1,2008-10-03 06:05:02,120.6619583,51.334655
Car-1,2008-10-03 06:05:12,120.6637633,51.3329666
Car-1,2008-10-03 06:05:18,120.664825,51.3319866
Car-1,2008-10-03 06:05:24,120.665805,51.3310083
Car-1,2008-10-03 06:05:30,120.6664966,51.3299299
Car-1,2008-10-03 06:05:36,120.6670833,51.3287949
Car-1,2008-10-03 06:05:37,120.66719,51.3285899
Car-1,2008-10-03 06:05:47,120.668075,51.3267733
Car-1,2008-10-03 06:05:53,120.6684516,51.3257049
Car-1,2008-10-03 06:05:59,120.6686966,51.3246449
Car-1,2008-10-03 06:06:05,120.6689116,51.3236149
Car-1,2008-10-03 06:06:11,120.6691199,51.3226216
Car-1,2008-10-03 06:06:17,120.6693183,51.3216566
Car-1,2008-10-03 06:06:23,120.6695099,51.3207049
Car-1,2008-10-03 06:06:29,120.6697883,51.3197766
Car-1,2008-10-03 06:06:35,120.6705366,51.3189216
Car-1,2008-10-03 06:06:41,120.6716833,51.3181533
Car-1,2008-10-03 06:06:47,120.6729316,51.3173516
Car-1,2008-10-03 06:06:53,120.6742532,51.316535
Car-1,2008-10-03 06:06:59,120.6755583,51.3156966
Car-1,2008-10-03 06:07:05,120.6767033,51.3147833
Car-1,2008-10-03 06:07:11,120.6775133,51.31376
Car-1,2008-10-03 06:07:17,120.6782849,51.3127216
Car-1,2008-10-03 06:07:23,120.67909,51.3116749
Car-1,2008-10-03 06:07:29,120.6798399,51.3106199
Car-1,2008-10-03 06:07:35,120.6805999,51.3095749
Car-1,2008-10-03 06:07:41,120.6813883,51.3085449
Car-1,2008-10-03 06:07:47,120.6821683,51.3075316
Car-1,2008-10-03 06:07:53,120.6829333,51.3065366
Car-1,2008-10-03 06:07:59,120.6836866,51.305555
Car-1,2008-10-03 06:08:05,120.6844333,51.304595
Car-1,2008-10-03 06:08:11,120.6851649,51.30365
Car-1,2008-10-03 06:08:17,120.68586,51.3027683
Car-1,2008-10-03 06:08:23,120.6864799,51.30194
Car-1,2008-10-03 06:08:29,120.6871533,51.3010716
Car-1,2008-10-03 06:08:35,120.6878866,51.3001933
Car-1,2008-10-03 06:08:41,120.688565,51.2993149
Car-1,2008-10-03 06:08:47,120.6892216,51.2984483
Car-1,2008-10-03 06:08:53,120.6898633,51.2975899
Car-1,2008-10-03 06:08:59,120.6905149,51.2967499
Car-1,2008-10-03 06:09:05,120.6911766,51.2959183
Car-1,2008-10-03 06:09:11,120.6917916,51.2950883
Car-1,2008-10-03 06:09:17,120.6925733,51.2943066
Car-1,2008-10-03 06:09:23,120.6935999,51.2936383
Car-1,2008-10-03 06:09:29,120.6947816,51.2930366
Car-1,2008-10-03 06:09:35,120.6959866,51.2924183
Car-1,2008-10-03 06:09:41,120.697225,51.2917816
Car-1,2008-10-03 06:09:47,120.6982933,51.2910699
Car-1,2008-10-03 06:09:53,120.6991666,51.2902483
Car-1,2008-10-03 06:09:59,120.7000216,51.2893716
Car-1,2008-10-03 06:10:05,120.7008449,51.2885266
Car-1,2008-10-03 06:10:11,120.7016533,51.2876783
Car-1,2008-10-03 06:10:17,120.7025066,51.2868249
Car-1,2008-10-03 06:10:23,120.7034266,51.2860166
Car-1,2008-10-03 06:10:29,120.7044166,51.2853633
Car-1,2008-10-03 06:10:35,120.7055849,51.2848033
Car-1,2008-10-03 06:10:41,120.7068966,51.2842783
Car-1,2008-10-03 06:10:47,120.7082866,51.2837183
Car-1,2008-10-03 06:10:53,120.7097583,51.28314
Car-1,2008-10-03 06:10:59,120.7111333,51.2826016
Car-1,2008-10-03 06:11:05,120.7123066,51.2819333
Car-1,2008-10-03 06:11:11,120.7132566,51.2810499
Car-1,2008-10-03 06:11:17,120.7142383,51.2801433
Car-1,2008-10-03 06:11:23,120.7152499,51.2792166
Car-1,2008-10-03 06:11:29,120.71628,51.2782816
Car-1,2008-10-03 06:11:35,120.71732,51.2773416
Car-1,2008-10-03 06:11:41,120.7181366,51.2766033
Car-1,2008-10-03 06:11:47,120.7189366,51.2758733
Car-1,2008-10-03 06:11:53,120.7197216,51.2751549
Car-1,2008-10-03 06:11:59,120.7206166,51.274425
Car-1,2008-10-03 06:12:05,120.7218933,51.273835
Car-1,2008-10-03 06:12:11,120.7233,51.2733333
Car-1,2008-10-03 06:12:17,120.7246866,51.2728383
Car-1,2008-10-03 06:12:23,120.7261483,51.2722933
Car-1,2008-10-03 06:12:29,120.7276783,51.2717099
Car-1,2008-10-03 06:12:35,120.7292649,51.2711233
Car-1,2008-10-03 06:12:41,120.7308183,51.2705399
Car-1,2008-10-03 06:12:47,120.7323449,51.269975
Car-1,2008-10-03 06:12:53,120.73381,51.2694166
Car-1,2008-10-03 06:12:59,120.7351099,51.2689349
Car-1,2008-10-03 06:13:05,120.7364183,51.2684349
Car-1,2008-10-03 06:13:11,120.7376899,51.2679433
Car-1,2008-10-03 06:13:17,120.7390533,51.2674349
Car-1,2008-10-03 06:13:23,120.7405116,51.2668866
Car-1,2008-10-03 06:13:29,120.7420383,51.2663066
Car-1,2008-10-03 06:13:35,120.7434583,51.2657283
Car-1,2008-10-03 06:13:41,120.7445933,51.2650783
Car-1,2008-10-03 06:13:47,120.7455466,51.2643999
Car-1,2008-10-03 06:13:53,120.7462733,51.2639
Car-1,2008-10-03 06:13:59,120.7468899,51.2637
Car-1,2008-10-03 06:14:05,120.7476733,51.2637333
Car-1,2008-10-03 06:14:11,120.7487266,51.2638016
Car-1,2008-10-03 06:14:17,120.7499449,51.2638749
Car-1,2008-10-03 06:14:23,120.7512699,51.2639366
Car-1,2008-10-03 06:14:29,120.7527266,51.2640183
Car-1,2008-10-03 06:14:35,120.7542616,51.2640849
Car-1,2008-10-03 06:14:41,120.7557316,51.2641583
Car-1,2008-10-03 06:14:47,120.7570732,51.2642216
Car-1,2008-10-03 06:14:53,120.7577649,51.264255
Car-1,2008-10-03 06:14:57,120.7580716,51.2642699
Car-1,2008-10-03 06:15:01,120.7583716,51.2642716
Car-1,2008-10-03 06:15:05,120.7586483,51.2642833
Car-1,2008-10-03 06:15:09,120.7588616,51.2642966
Car-1,2008-10-03 06:15:13,120.7590749,51.2643083
Car-1,2008-10-03 06:15:17,120.7592383,51.2643149
Car-1,2008-10-03 06:15:21,120.7593383,51.264325
Car-1,2008-10-03 06:15:23,120.7594,51.2643299
Car-1,2008-10-03 06:15:27,120.7595899,51.2643466
Car-1,2008-10-03 06:15:31,120.7598233,51.2643533
Car-1,2008-10-03 06:15:35,120.760005,51.2643649
Car-1,2008-10-03 06:15:39,120.760115,51.2643733
Car-1,2008-10-03 06:15:41,120.7601516,51.2643749
Car-1,2008-10-03 06:15:43,120.7602083,51.2643766
Car-1,2008-10-03 06:15:47,120.7603382,51.2643766
Car-1,2008-10-03 06:15:51,120.76048,51.2643683
Car-1,2008-10-03 06:15:55,120.7606016,51.2643683
Car-1,2008-10-03 06:15:57,120.7606399,51.26437
Car-1,2008-10-03 06:15:59,120.7606666,51.2643733
Car-1,2008-10-03 06:16:01,120.7606833,51.2643716
Car-1,2008-10-03 06:16:03,120.7607066,51.2643733
Car-1,2008-10-03 06:16:05,120.7607383,51.2643733
Car-1,2008-10-03 06:16:07,120.7607616,51.2643749
Car-1,2008-10-03 06:16:09,120.7607966,51.2643766
Car-1,2008-10-03 06:16:13,120.7609716,51.2643883
Car-1,2008-10-03 06:16:17,120.76118,51.2643999
Car-1,2008-10-03 06:16:21,120.7613733,51.2644099
Car-1,2008-10-03 06:16:25,120.7615649,51.2644199
Car-1,2008-10-03 06:16:29,120.7618299,51.26443
Car-1,2008-10-03 06:16:33,120.76212,51.26445
Car-1,2008-10-03 06:16:37,120.7623866,51.2644616
Car-1,2008-10-03 06:16:41,120.7626283,51.2644766
Car-1,2008-10-03 06:16:45,120.7628466,51.264485
Car-1,2008-10-03 06:16:49,120.7630083,51.2644949
Car-1,2008-10-03 06:16:53,120.7631783,51.2645066
Car-1,2008-10-03 06:16:57,120.7634233,51.2645216
Car-1,2008-10-03 06:17:01,120.763745,51.2645416
Car-1,2008-10-03 06:17:05,120.7640749,51.2645583
Car-1,2008-10-03 06:17:09,120.76443,51.2645816
Car-1,2008-10-03 06:17:13,120.7647733,51.2646066
Car-1,2008-10-03 06:17:17,120.7651366,51.2646199
Car-1,2008-10-03 06:17:21,120.7654616,51.2646366
Car-1,2008-10-03 06:17:25,120.765775,51.2646466
Car-1,2008-10-03 06:17:29,120.7660649,51.2646583
Car-1,2008-10-03 06:17:33,120.7664332,51.2646699
Car-1,2008-10-03 06:17:37,120.7668099,51.2646766
Car-1,2008-10-03 06:17:41,120.767095,51.2646899
Car-1,2008-10-03 06:17:46,120.7672649,51.2647116
Car-1,2008-10-03 06:17:53,120.7672783,51.2647183
Car-1,2008-10-03 06:17:55,120.7672999,51.2647183
Car-1,2008-10-03 06:18:01,120.7672999,51.2647183
Car-1,2008-10-03 06:18:03,120.7673033,51.2647183
Car-1,2008-10-03 06:18:06,120.767375,51.2647166
Car-1,2008-10-03 06:18:10,120.7676333,51.2647383
Car-1,2008-10-03 06:18:14,120.7679483,51.2647583
Car-1,2008-10-03 06:18:18,120.7683083,51.2647883
Car-1,2008-10-03 06:18:22,120.7686883,51.2648099
Car-1,2008-10-03 06:18:26,120.7690749,51.2648299
Car-1,2008-10-03 06:18:30,120.7694116,51.264825
Car-1,2008-10-03 06:18:34,120.7696816,51.2648383
Car-1,2008-10-03 06:18:38,120.7699116,51.2648083
Car-1,2008-10-03 06:18:42,120.7700699,51.2647483
Car-1,2008-10-03 06:18:46,120.770175,51.2646733
Car-1,2008-10-03 06:18:50,120.770235,51.2645149
Car-1,2008-10-03 06:18:54,120.7702516,51.2643049
Car-1,2008-10-03 06:18:58,120.7702333,51.2641316
Car-1,2008-10-03 06:19:02,120.7702933,51.2639733
Car-1,2008-10-03 06:19:06,120.7702833,51.263725
Car-1,2008-10-03 06:19:12,120.7703033,51.2633199
Car-1,2008-10-03 06:19:18,120.7703583,51.2628733
Car-1,2008-10-03 06:19:24,120.7704199,51.2624716
Car-1,2008-10-03 06:19:28,120.7704666,51.2622716
Car-1,2008-10-03 06:19:32,120.7704783,51.2621033
Car-1,2008-10-03 06:19:36,120.7704499,51.2618216
Car-1,2008-10-03 06:19:42,120.7704966,51.2613983
Car-1,2008-10-03 06:19:48,120.7705599,51.2611199
Car-1,2008-10-03 06:19:52,120.7705883,51.2609266
Car-1,2008-10-03 06:19:56,120.7706266,51.2607233
Car-1,2008-10-03 06:20:00,120.7706699,51.2605433
Car-1,2008-10-03 06:20:04,120.7706816,51.2604733
Car-1,2008-10-03 06:20:08,120.7706849,51.2604099
Car-1,2008-10-03 06:20:12,120.7706699,51.2603216
Car-1,2008-10-03 06:20:16,120.7706716,51.2602133
Car-1,2008-10-03 06:20:20,120.7706983,51.2601066
Car-1,2008-10-03 06:20:24,120.7707283,51.2599883
Car-1,2008-10-03 06:20:28,120.7707466,51.2598716
Car-1,2008-10-03 06:20:32,120.7707366,51.2597483
Car-1,2008-10-03 06:20:36,120.7707683,51.259655
Car-1,2008-10-03 06:20:40,120.7707766,51.2595733
Car-1,2008-10-03 06:20:44,120.7707816,51.2594733
Car-1,2008-10-03 06:20:48,120.7707866,51.2594266
Car-1,2008-10-03 06:20:50,120.77078,51.2594183
Car-1,2008-10-03 06:20:52,120.7707683,51.2594133
Car-1,2008-10-03 06:20:54,120.7707533,51.2594083
Car-1,2008-10-03 06:20:56,120.7707516,51.2593999
Car-1,2008-10-03 06:20:58,120.7707533,51.259395
Car-1,2008-10-03 06:21:17,120.7707666,51.259395
Car-1,2008-10-03 06:21:19,120.7707449,51.2593816
Car-1,2008-10-03 06:21:23,120.7706633,51.2593383
Car-1,2008-10-03 06:21:27,120.7705333,51.2592933
Car-1,2008-10-03 06:21:31,120.7703733,51.2592933
Car-1,2008-10-03 06:21:35,120.7702266,51.2593233
Car-1,2008-10-03 06:21:40,120.77019,51.2593133
