agent_id,time,lng,lat
Car-1,2008-11-08 04:42:27,116.509615,39.503688
Car-1,2008-11-08 04:42:32,116.509841,39.503771
Car-1,2008-11-08 04:42:37,116.510439,39.503883
Car-1,2008-11-08 04:42:42,116.511221,39.504014
Car-1,2008-11-08 04:42:47,116.512151,39.504176
Car-1,2008-11-08 04:42:52,116.513241,39.50436
Car-1,2008-11-08 04:42:57,116.514426,39.504566
Car-1,2008-11-08 04:43:02,116.51573,39.504801
Car-1,2008-11-08 04:43:07,116.51689,39.504992
Car-1,2008-11-08 04:43:12,116.517849,39.505151
Car-1,2008-11-08 04:43:17,116.518746,39.505301
Car-1,2008-11-08 04:43:22,116.519534,39.50541
Car-1,2008-11-08 04:43:27,116.520295,39.505522
Car-1,2008-11-08 04:43:32,116.521296,39.50552
Car-1,2008-11-08 04:43:37,116.522367,39.505521
Car-1,2008-11-08 04:43:42,116.523339,39.505529
Car-1,2008-11-08 04:43:47,116.524185,39.505537
Car-1,2008-11-08 04:43:52,116.524815,39.505544
Car-1,2008-11-08 04:43:57,116.525551,39.50558
Car-1,2008-11-08 04:44:02,116.526484,39.505595
Car-1,2008-11-08 04:44:07,116.527328,39.505673
Car-1,2008-11-08 04:44:12,116.528081,39.50586
Car-1,2008-11-08 04:44:17,116.528862,39.506077
Car-1,2008-11-08 04:44:22,116.529784,39.506337
Car-1,2008-11-08 04:44:27,116.53085,39.506635
Car-1,2008-11-08 04:44:32,116.532038,39.506759
Car-1,2008-11-08 04:44:37,116.53332,39.506755
Car-1,2008-11-08 04:44:42,116.534612,39.506782
Car-1,2008-11-08 04:44:47,116.53596,39.506787
Car-1,2008-11-08 04:44:52,116.537269,39.506779
Car-1,2008-11-08 04:44:57,116.538634,39.506771
Car-1,2008-11-08 04:45:02,116.540063,39.506754
Car-1,2008-11-08 04:45:07,116.541525,39.506754
Car-1,2008-11-08 04:45:12,116.543003,39.506734
Car-1,2008-11-08 04:45:17,116.544349,39.506707
Car-1,2008-11-08 04:45:22,116.545548,39.506667
Car-1,2008-11-08 04:45:27,116.546641,39.506523
Car-1,2008-11-08 04:45:32,116.547643,39.506382
Car-1,2008-11-08 04:45:37,116.548612,39.50631
Car-1,2008-11-08 04:45:42,116.549452,39.506276
Car-1,2008-11-08 04:45:47,116.550119,39.506331
Car-1,2008-11-08 04:45:52,116.550923,39.506318
Car-1,2008-11-08 04:45:57,116.551785,39.506262
Car-1,2008-11-08 04:46:02,116.552648,39.506192
Car-1,2008-11-08 04:46:07,116.553539,39.506096
Car-1,2008-11-08 04:46:12,116.554428,39.506012
Car-1,2008-11-08 04:46:17,116.555366,39.505972
Car-1,2008-11-08 04:46:22,116.556385,39.505903
Car-1,2008-11-08 04:46:27,116.557323,39.505833
Car-1,2008-11-08 04:46:32,116.558342,39.505843
Car-1,2008-11-08 04:46:37,116.559369,39.505917
Car-1,2008-11-08 04:46:42,116.560314,39.506012
Car-1,2008-11-08 04:46:47,116.561196,39.506081
Car-1,2008-11-08 04:46:52,116.562011,39.506166
Car-1,2008-11-08 04:46:57,116.562695,39.50625
Car-1,2008-11-08 04:47:02,116.563263,39.506344
Car-1,2008-11-08 04:47:07,116.563747,39.506423
Car-1,2008-11-08 04:47:12,116.564195,39.506518
Car-1,2008-11-08 04:47:17,116.564666,39.506591
Car-1,2008-11-08 04:47:22,116.565292,39.506732
Car-1,2008-11-08 04:47:27,116.565948,39.506838
Car-1,2008-11-08 04:47:32,116.56646,39.506924
Car-1,2008-11-08 04:47:37,116.566565,39.506937
Car-1,2008-11-08 04:47:42,116.566647,39.506866
Car-1,2008-11-08 04:47:47,116.566702,39.506628
Car-1,2008-11-08 04:47:52,116.566766,39.506404
Car-1,2008-11-08 04:47:57,116.566821,39.506265
Car-1,2008-11-08 04:48:02,116.566879,39.506083
Car-1,2008-11-08 04:48:07,116.566898,39.505918
Car-1,2008-11-08 04:51:07,116.567155,39.505751
Car-1,2008-11-08 04:51:12,116.567184,39.505733
Car-1,2008-11-08 04:51:15,116.567184,39.505733
Car-1,2008-11-08 04:51:17,116.567183,39.505732
Car-1,2008-11-08 04:51:22,116.567183,39.505741
Car-1,2008-11-08 04:51:27,116.567201,39.505757
Car-1,2008-11-08 04:51:32,116.567188,39.505751
Car-1,2008-11-08 04:51:35,116.567188,39.505751
Car-1,2008-11-08 04:51:37,116.567187,39.505752
Car-1,2008-11-08 04:51:42,116.567149,39.505723
Car-1,2008-11-08 04:51:47,116.567143,39.505721
Car-1,2008-11-08 04:51:52,116.567142,39.505721
Car-1,2008-11-08 04:51:57,116.567147,39.505722
Car-1,2008-11-08 04:52:02,116.567152,39.505723
Car-1,2008-11-08 04:52:07,116.567156,39.505724
Car-1,2008-11-08 04:52:10,116.567156,39.505724
Car-1,2008-11-08 04:52:12,116.567152,39.505723
Car-1,2008-11-08 04:52:17,116.567142,39.505721
Car-1,2008-11-08 04:52:22,116.567144,39.505722
Car-1,2008-11-08 04:52:27,116.56715,39.505723
Car-1,2008-11-08 04:52:32,116.56715,39.505724
Car-1,2008-11-08 04:52:35,116.56715,39.505724
Car-1,2008-11-08 04:52:37,116.567157,39.505727
Car-1,2008-11-08 04:52:42,116.567148,39.505753
Car-1,2008-11-08 04:52:47,116.567129,39.505767
Car-1,2008-11-08 04:52:52,116.567115,39.505788
Car-1,2008-11-08 04:52:55,116.567115,39.505788
Car-1,2008-11-08 04:52:57,116.567115,39.505783
Car-1,2008-11-08 04:53:02,116.567101,39.505762
Car-1,2008-11-08 04:53:07,116.567079,39.505751
Car-1,2008-11-08 04:53:12,116.567108,39.505728
Car-1,2008-11-08 04:53:17,116.567114,39.505721
Car-1,2008-11-08 04:53:20,116.567114,39.505721
Car-1,2008-11-08 04:53:22,116.567108,39.50572
Car-1,2008-11-08 04:53:27,116.567095,39.505716
Car-1,2008-11-08 04:53:30,116.567095,39.505716
Car-1,2008-11-08 04:53:32,116.567093,39.505715
Car-1,2008-11-08 04:53:37,116.567104,39.505719
Car-1,2008-11-08 04:53:42,116.567109,39.50572
Car-1,2008-11-08 04:53:45,116.567109,39.50572
Car-1,2008-11-08 04:53:47,116.567112,39.505724
Car-1,2008-11-08 04:53:52,116.567141,39.505734
Car-1,2008-11-08 04:53:57,116.567143,39.505745
Car-1,2008-11-08 05:00:22,116.567382,39.505931
Car-1,2008-11-08 05:00:27,116.567412,39.505924
Car-1,2008-11-08 05:00:32,116.567449,39.505912
Car-1,2008-11-08 05:00:37,116.567437,39.505914
Car-1,2008-11-08 05:00:42,116.567387,39.505912
Car-1,2008-11-08 05:00:47,116.567451,39.50593
Car-1,2008-11-08 05:00:52,116.567443,39.505943
Car-1,2008-11-08 05:00:57,116.567442,39.505923
Car-1,2008-11-08 05:01:00,116.567442,39.505923
Car-1,2008-11-08 05:01:02,116.56745,39.505931
Car-1,2008-11-08 05:01:07,116.567379,39.505957
Car-1,2008-11-08 05:01:10,116.567379,39.505957
Car-1,2008-11-08 05:01:12,116.567373,39.50595
Car-1,2008-11-08 05:01:17,116.567388,39.505934
Car-1,2008-11-08 05:01:22,116.567371,39.505902
Car-1,2008-11-08 05:01:27,116.567325,39.505889
Car-1,2008-11-08 05:01:32,116.567294,39.505896
Car-1,2008-11-08 05:01:37,116.567263,39.505896
Car-1,2008-11-08 05:01:42,116.567252,39.505893
Car-1,2008-11-08 05:01:47,116.567217,39.505857
Car-1,2008-11-08 05:01:52,116.567196,39.505799
Car-1,2008-11-08 05:01:55,116.567196,39.505799
Car-1,2008-11-08 05:01:57,116.567191,39.505798
Car-1,2008-11-08 05:02:02,116.567186,39.505785
Car-1,2008-11-08 05:02:07,116.567172,39.50576
Car-1,2008-11-08 05:02:12,116.567173,39.50576
Car-1,2008-11-08 05:02:17,116.567174,39.505761
Car-1,2008-11-08 05:02:20,116.567174,39.505761
Car-1,2008-11-08 05:02:22,116.567172,39.50576
Car-1,2008-11-08 05:02:27,116.567207,39.505775
Car-1,2008-11-08 05:02:32,116.567229,39.505791
Car-1,2008-11-08 05:02:37,116.567246,39.505803
Car-1,2008-11-08 05:02:42,116.567229,39.505811
Car-1,2008-11-08 05:02:47,116.56724,39.505808
Car-1,2008-11-08 05:02:52,116.56724,39.505807
Car-1,2008-11-08 05:02:57,116.567234,39.505806
Car-1,2008-11-08 05:03:02,116.567228,39.505805
Car-1,2008-11-08 05:03:05,116.567228,39.505805
Car-1,2008-11-08 05:03:07,116.567227,39.505805
Car-1,2008-11-08 05:03:12,116.567242,39.505811
Car-1,2008-11-08 05:03:17,116.567258,39.505818
Car-1,2008-11-08 05:03:22,116.567259,39.505829
Car-1,2008-11-08 05:03:27,116.567232,39.505836
Car-1,2008-11-08 05:03:30,116.567232,39.505836
Car-1,2008-11-08 05:03:32,116.567229,39.505836
Car-1,2008-11-08 05:03:37,116.567196,39.505831
Car-1,2008-11-08 05:03:42,116.567185,39.505824
Car-1,2008-11-08 05:03:47,116.567183,39.505824
Car-1,2008-11-08 05:03:52,116.567181,39.505822
Car-1,2008-11-08 05:03:57,116.567174,39.50582
Car-1,2008-11-08 05:04:00,116.567174,39.50582
Car-1,2008-11-08 05:04:02,116.567169,39.505818
Car-1,2008-11-08 05:04:07,116.567178,39.50582
Car-1,2008-11-08 05:04:12,116.567177,39.50582
Car-1,2008-11-08 05:04:17,116.567172,39.505818
Car-1,2008-11-08 05:04:20,116.567172,39.505818
Car-1,2008-11-08 05:04:22,116.567172,39.505817
Car-1,2008-11-08 05:04:27,116.567158,39.505816
Car-1,2008-11-08 05:04:32,116.567131,39.505813
Car-1,2008-11-08 05:04:37,116.567122,39.505816
Car-1,2008-11-08 05:04:42,116.56711,39.505814
Car-1,2008-11-08 05:04:47,116.567098,39.505812
Car-1,2008-11-08 05:04:52,116.567091,39.505811
Car-1,2008-11-08 05:04:57,116.567095,39.505813
Car-1,2008-11-08 05:05:02,116.567093,39.505812
Car-1,2008-11-08 05:05:07,116.567092,39.505811
Car-1,2008-11-08 05:05:12,116.567091,39.505811
Car-1,2008-11-08 05:05:17,116.567092,39.505812
Car-1,2008-11-08 05:05:20,116.567092,39.505812
Car-1,2008-11-08 05:05:22,116.567086,39.505811
Car-1,2008-11-08 05:05:27,116.567075,39.505809
Car-1,2008-11-08 05:05:32,116.567071,39.505808
Car-1,2008-11-08 05:05:35,116.567071,39.505808
Car-1,2008-11-08 05:05:37,116.567075,39.505809
Car-1,2008-11-08 05:05:42,116.567084,39.505811
Car-1,2008-11-08 05:05:45,116.567084,39.505811
Car-1,2008-11-08 05:05:47,116.567079,39.50581
Car-1,2008-11-08 05:05:52,116.567065,39.505803
Car-1,2008-11-08 05:05:57,116.567036,39.505768
Car-1,2008-11-08 05:06:02,116.567019,39.505756
Car-1,2008-11-08 05:06:07,116.567023,39.505746
Car-1,2008-11-08 05:06:12,116.567026,39.505751
Car-1,2008-11-08 05:06:17,116.567024,39.505751
Car-1,2008-11-08 05:06:22,116.567031,39.505753
Car-1,2008-11-08 05:06:27,116.567031,39.505753
Car-1,2008-11-08 05:06:30,116.567031,39.505753
Car-1,2008-11-08 05:06:32,116.567029,39.505753
Car-1,2008-11-08 05:06:37,116.567016,39.505751
Car-1,2008-11-08 05:06:42,116.566987,39.505732
Car-1,2008-11-08 05:06:47,116.566995,39.505727
Car-1,2008-11-08 05:06:52,116.566995,39.505727
Car-1,2008-11-08 05:28:02,116.566932,39.505875
Car-1,2008-11-08 05:28:07,116.566844,39.506139
Car-1,2008-11-08 05:28:12,116.566748,39.506434
Car-1,2008-11-08 05:28:17,116.566651,39.506739
Car-1,2008-11-08 05:28:22,116.566529,39.506942
Car-1,2008-11-08 05:28:27,116.56619,39.506937
Car-1,2008-11-08 05:28:32,116.565703,39.506833
Car-1,2008-11-08 05:28:37,116.565218,39.506737
Car-1,2008-11-08 05:28:42,116.564757,39.506626
Car-1,2008-11-08 05:28:47,116.564398,39.506555
Car-1,2008-11-08 05:28:52,116.56419,39.506548
Car-1,2008-11-08 05:28:57,116.56391,39.506514
Car-1,2008-11-08 05:29:02,116.563358,39.506372
Car-1,2008-11-08 05:29:07,116.562754,39.506287
Car-1,2008-11-08 05:29:12,116.562149,39.506229
Car-1,2008-11-08 05:29:17,116.561553,39.506178
Car-1,2008-11-08 05:29:22,116.560973,39.506098
Car-1,2008-11-08 05:29:27,116.560338,39.506034
Car-1,2008-11-08 05:29:32,116.559545,39.505947
Car-1,2008-11-08 05:29:37,116.558595,39.505911
Car-1,2008-11-08 05:29:42,116.557534,39.50585
Car-1,2008-11-08 05:29:47,116.556253,39.505861
Car-1,2008-11-08 05:29:52,116.554994,39.505952
Car-1,2008-11-08 05:29:57,116.553912,39.505979
Car-1,2008-11-08 05:30:02,116.55284,39.506074
Car-1,2008-11-08 05:30:07,116.551765,39.506185
Car-1,2008-11-08 05:30:12,116.550745,39.506271
Car-1,2008-11-08 05:30:17,116.549775,39.506293
Car-1,2008-11-08 05:30:22,116.548751,39.506304
Car-1,2008-11-08 05:30:27,116.547746,39.506313
Car-1,2008-11-08 05:30:32,116.546702,39.506438
Car-1,2008-11-08 05:30:37,116.54562,39.5066
Car-1,2008-11-08 05:30:42,116.544397,39.506666
Car-1,2008-11-08 05:30:47,116.54301,39.506679
Car-1,2008-11-08 05:30:52,116.54157,39.506673
Car-1,2008-11-08 05:30:57,116.540039,39.506687
Car-1,2008-11-08 05:31:02,116.538374,39.506686
Car-1,2008-11-08 05:31:07,116.536645,39.506675
Car-1,2008-11-08 05:31:12,116.534891,39.506668
Car-1,2008-11-08 05:31:17,116.533207,39.506657
Car-1,2008-11-08 05:31:22,116.531656,39.506688
Car-1,2008-11-08 05:31:27,116.530241,39.506646
Car-1,2008-11-08 05:31:32,116.52899,39.506402
Car-1,2008-11-08 05:31:37,116.527978,39.506048
Car-1,2008-11-08 05:31:42,116.527145,39.505753
Car-1,2008-11-08 05:31:47,116.526402,39.505621
Car-1,2008-11-08 05:31:52,116.52571,39.505564
Car-1,2008-11-08 05:31:57,116.525059,39.50558
Car-1,2008-11-08 05:32:02,116.524374,39.505602
Car-1,2008-11-08 05:32:07,116.523676,39.50564
Car-1,2008-11-08 05:32:12,116.522904,39.505603
Car-1,2008-11-08 05:32:17,116.521983,39.505549
Car-1,2008-11-08 05:32:22,116.521005,39.505517
Car-1,2008-11-08 05:32:27,116.520095,39.505475
Car-1,2008-11-08 05:32:32,116.519195,39.505377
Car-1,2008-11-08 05:32:37,116.518199,39.505187
Car-1,2008-11-08 05:32:42,116.517054,39.504966
Car-1,2008-11-08 05:32:47,116.515682,39.504743
Car-1,2008-11-08 05:32:52,116.514199,39.504498
Car-1,2008-11-08 05:32:57,116.512646,39.504231
Car-1,2008-11-08 05:33:02,116.511209,39.504012
Car-1,2008-11-08 05:33:07,116.509873,39.503799
Car-1,2008-11-08 05:33:12,116.508707,39.503655
Car-1,2008-11-08 05:33:17,116.507654,39.503544
Car-1,2008-11-08 05:33:22,116.506649,39.503442
Car-1,2008-11-08 05:33:27,116.505667,39.503337
Car-1,2008-11-08 05:33:32,116.504675,39.503287
Car-1,2008-11-08 05:33:37,116.503611,39.503295
Car-1,2008-11-08 05:33:42,116.502453,39.503341
Car-1,2008-11-08 05:33:47,116.501257,39.503427
Car-1,2008-11-08 05:33:52,116.500141,39.503561
Car-1,2008-11-08 05:33:57,116.499181,39.503659
Car-1,2008-11-08 05:34:02,116.498232,39.503752
Car-1,2008-11-08 05:34:07,116.497193,39.503836
Car-1,2008-11-08 05:34:12,116.496069,39.503932
Car-1,2008-11-08 05:34:17,116.494914,39.504002
Car-1,2008-11-08 05:34:22,116.49382,39.50404
Car-1,2008-11-08 05:34:27,116.492821,39.504065
Car-1,2008-11-08 05:34:32,116.492128,39.504077
Car-1,2008-11-08 05:34:37,116.491859,39.504098
Car-1,2008-11-08 05:34:42,116.491587,39.504131
Car-1,2008-11-08 05:34:47,116.491304,39.504293
Car-1,2008-11-08 05:34:52,116.491216,39.504544
Car-1,2008-11-08 05:34:57,116.491441,39.505214
Car-1,2008-11-08 05:35:02,116.491544,39.505622
Car-1,2008-11-08 05:35:07,116.491674,39.506001
Car-1,2008-11-08 05:35:12,116.491624,39.50653
Car-1,2008-11-08 05:35:27,116.492204,39.509842
Car-1,2008-11-08 05:35:32,116.492117,39.510314
Car-1,2008-11-08 05:35:37,116.492036,39.510755
Car-1,2008-11-08 05:35:42,116.491973,39.511069
Car-1,2008-11-08 05:35:47,116.491933,39.511238
Car-1,2008-11-08 05:35:52,116.491903,39.511398
Car-1,2008-11-08 05:35:57,116.491869,39.511683
Car-1,2008-11-08 05:36:02,116.491751,39.512217
Car-1,2008-11-08 05:36:07,116.491567,39.51283
Car-1,2008-11-08 05:36:12,116.49142,39.513284
Car-1,2008-11-08 05:36:17,116.491315,39.513755
Car-1,2008-11-08 05:36:22,116.491222,39.514347
Car-1,2008-11-08 05:36:27,116.491041,39.515081
Car-1,2008-11-08 05:36:32,116.490852,39.515688
Car-1,2008-11-08 05:36:37,116.490737,39.516065
Car-1,2008-11-08 05:36:42,116.490689,39.516428
Car-1,2008-11-08 05:36:47,116.49057,39.516854
Car-1,2008-11-08 05:36:52,116.490452,39.517217
Car-1,2008-11-08 05:36:57,116.490312,39.517452
Car-1,2008-11-08 05:37:02,116.490229,39.517769
Car-1,2008-11-08 05:37:07,116.490128,39.518302
Car-1,2008-11-08 05:37:12,116.489983,39.518922
Car-1,2008-11-08 05:37:17,116.489815,39.519387
Car-1,2008-11-08 05:37:22,116.489466,39.51968
Car-1,2008-11-08 05:37:27,116.488914,39.519932
Car-1,2008-11-08 05:37:32,116.488559,39.520201
Car-1,2008-11-08 05:37:37,116.488453,39.520588
Car-1,2008-11-08 05:37:42,116.48836,39.521058
Car-1,2008-11-08 05:37:47,116.48827,39.521583
Car-1,2008-11-08 05:37:52,116.488168,39.522146
Car-1,2008-11-08 05:37:57,116.488073,39.522768
Car-1,2008-11-08 05:38:02,116.487938,39.523484
Car-1,2008-11-08 05:38:07,116.4878,39.5243
Car-1,2008-11-08 05:38:12,116.487689,39.525178
Car-1,2008-11-08 05:38:17,116.487559,39.526069
Car-1,2008-11-08 05:38:22,116.487441,39.526906
Car-1,2008-11-08 05:38:27,116.487355,39.527606
Car-1,2008-11-08 05:38:32,116.487254,39.528044
Car-1,2008-11-08 05:38:37,116.487197,39.52839
Car-1,2008-11-08 05:38:42,116.487168,39.528728
Car-1,2008-11-08 05:38:47,116.487113,39.529032
Car-1,2008-11-08 05:38:52,116.487005,39.529357
Car-1,2008-11-08 05:38:57,116.486856,39.529706
Car-1,2008-11-08 05:39:02,116.486819,39.529909
Car-1,2008-11-08 05:39:07,116.486896,39.529953
Car-1,2008-11-08 05:39:12,116.487099,39.529924
Car-1,2008-11-08 05:39:17,116.487369,39.529901
Car-1,2008-11-08 05:39:22,116.487699,39.52991
Car-1,2008-11-08 05:39:27,116.488175,39.529958
Car-1,2008-11-08 05:39:32,116.488609,39.530029
Car-1,2008-11-08 05:39:37,116.48899,39.530089
Car-1,2008-11-08 05:39:42,116.489438,39.530172
Car-1,2008-11-08 05:39:47,116.48988,39.530264
Car-1,2008-11-08 05:39:52,116.490161,39.530309
Car-1,2008-11-08 05:39:57,116.490338,39.530331
Car-1,2008-11-08 05:40:02,116.490599,39.530366
Car-1,2008-11-08 05:40:07,116.490772,39.530383
Car-1,2008-11-08 05:40:12,116.490862,39.530401
Car-1,2008-11-08 05:40:17,116.490905,39.530401
Car-1,2008-11-08 05:40:22,116.490931,39.530404
Car-1,2008-11-08 05:40:27,116.490962,39.530408
Car-1,2008-11-08 05:40:32,116.491,39.530409
Car-1,2008-11-08 05:40:37,116.491207,39.530423
Car-1,2008-11-08 05:40:42,116.491506,39.530443
Car-1,2008-11-08 05:40:47,116.491728,39.530468
Car-1,2008-11-08 05:40:52,116.491884,39.530486
Car-1,2008-11-08 05:40:57,116.492021,39.530484
Car-1,2008-11-08 05:41:02,116.492193,39.530507
Car-1,2008-11-08 05:41:07,116.492414,39.53051
Car-1,2008-11-08 05:41:12,116.49272,39.530541
Car-1,2008-11-08 05:41:17,116.492962,39.530563
Car-1,2008-11-08 05:41:22,116.493209,39.530592
Car-1,2008-11-08 05:41:27,116.493433,39.530598
Car-1,2008-11-08 05:41:32,116.493545,39.53061
Car-1,2008-11-08 05:41:37,116.493729,39.530638
Car-1,2008-11-08 05:41:42,116.493921,39.530664
Car-1,2008-11-08 05:41:47,116.494152,39.530704
Car-1,2008-11-08 05:41:52,116.494395,39.530728
Car-1,2008-11-08 05:41:57,116.494614,39.530719
Car-1,2008-11-08 05:42:02,116.494821,39.530723
Car-1,2008-11-08 05:42:07,116.494986,39.530739
Car-1,2008-11-08 05:42:12,116.495088,39.530749
Car-1,2008-11-08 05:42:17,116.495244,39.530752
Car-1,2008-11-08 05:42:22,116.495433,39.53076
Car-1,2008-11-08 05:42:27,116.495577,39.530782
Car-1,2008-11-08 05:42:32,116.495617,39.530869
Car-1,2008-11-08 05:42:37,116.495616,39.530948
Car-1,2008-11-08 05:42:42,116.49561,39.530968
Car-1,2008-11-08 05:42:47,116.495608,39.530967
Car-1,2008-11-08 05:42:52,116.495605,39.530967
Car-1,2008-11-08 05:42:57,116.495601,39.530967
Car-1,2008-11-08 05:43:02,116.495601,39.530967
Car-1,2008-11-08 05:43:07,116.495594,39.530965
Car-1,2008-11-08 05:43:12,116.495589,39.530963
Car-1,2008-11-08 05:43:17,116.495593,39.530965
Car-1,2008-11-08 05:43:22,116.495601,39.530967
Car-1,2008-11-08 05:43:27,116.495602,39.530966
Car-1,2008-11-08 05:43:32,116.495594,39.530965
Car-1,2008-11-08 05:43:35,116.495594,39.530965
Car-1,2008-11-08 05:43:37,116.495587,39.530965
Car-1,2008-11-08 05:43:42,116.495576,39.530962
Car-1,2008-11-08 05:43:47,116.495567,39.53096
Car-1,2008-11-08 05:43:52,116.49557,39.530962
Car-1,2008-11-08 05:43:57,116.495565,39.530961
Car-1,2008-11-08 05:44:02,116.495568,39.530962
Car-1,2008-11-08 05:44:07,116.495576,39.530964
Car-1,2008-11-08 05:44:12,116.495578,39.530964
Car-1,2008-11-08 05:44:17,116.495585,39.530966
Car-1,2008-11-08 05:44:22,116.495585,39.530967
Car-1,2008-11-08 05:44:27,116.495581,39.530966
Car-1,2008-11-08 05:44:32,116.495585,39.530966
Car-1,2008-11-08 05:44:37,116.495592,39.530968
Car-1,2008-11-08 05:44:40,116.495592,39.530968
Car-1,2008-11-08 05:44:42,116.495596,39.53097
Car-1,2008-11-08 05:44:47,116.495609,39.530973
Car-1,2008-11-08 05:44:52,116.495625,39.530977
Car-1,2008-11-08 05:44:57,116.495627,39.530978
Car-1,2008-11-08 05:45:02,116.495625,39.530978
Car-1,2008-11-08 05:45:05,116.495625,39.530978
Car-1,2008-11-08 05:45:07,116.495622,39.530977
Car-1,2008-11-08 05:45:12,116.495611,39.530975
Car-1,2008-11-08 05:45:17,116.495593,39.530971
Car-1,2008-11-08 05:45:20,116.495593,39.530971
Car-1,2008-11-08 05:45:22,116.495591,39.530971
Car-1,2008-11-08 05:45:27,116.495574,39.530968
Car-1,2008-11-08 05:45:32,116.49556,39.530965
Car-1,2008-11-08 05:45:37,116.495542,39.530962
Car-1,2008-11-08 05:45:42,116.495536,39.530961
Car-1,2008-11-08 05:45:47,116.495535,39.530961
Car-1,2008-11-08 05:45:52,116.495541,39.530963
Car-1,2008-11-08 05:45:55,116.495541,39.530963
Car-1,2008-11-08 05:45:57,116.495538,39.530962
Car-1,2008-11-08 05:46:02,116.495551,39.530965
Car-1,2008-11-08 05:46:07,116.49556,39.530967
Car-1,2008-11-08 05:46:10,116.49556,39.530967
Car-1,2008-11-08 05:46:12,116.49556,39.530968
Car-1,2008-11-08 05:46:17,116.495549,39.530966
Car-1,2008-11-08 05:46:22,116.495542,39.530966
Car-1,2008-11-08 05:46:27,116.495541,39.530967
Car-1,2008-11-08 05:46:30,116.495541,39.530967
Car-1,2008-11-08 05:46:32,116.495534,39.53097
Car-1,2008-11-08 05:46:37,116.495536,39.530989
Car-1,2008-11-08 05:46:42,116.49553,39.530987
Car-1,2008-11-08 05:46:45,116.49553,39.530987
Car-1,2008-11-08 05:46:47,116.495534,39.530989
Car-1,2008-11-08 05:46:52,116.495543,39.530991
Car-1,2008-11-08 05:46:57,116.495555,39.530994
Car-1,2008-11-08 05:47:02,116.495554,39.530995
Car-1,2008-11-08 05:47:07,116.495554,39.530995
Car-1,2008-11-08 05:47:10,116.495554,39.530995
Car-1,2008-11-08 05:47:12,116.495558,39.530995
Car-1,2008-11-08 05:47:17,116.495567,39.530996
Car-1,2008-11-08 05:47:20,116.495567,39.530996
Car-1,2008-11-08 05:47:22,116.495571,39.530997
Car-1,2008-11-08 05:47:27,116.495561,39.530995
Car-1,2008-11-08 05:47:32,116.495552,39.530993
Car-1,2008-11-08 05:47:37,116.495567,39.531008
Car-1,2008-11-08 05:47:42,116.495568,39.531009
Car-1,2008-11-08 05:47:45,116.495568,39.531009
Car-1,2008-11-08 05:47:47,116.495571,39.53101
Car-1,2008-11-08 05:47:52,116.495581,39.531013
Car-1,2008-11-08 05:47:57,116.495592,39.531015
Car-1,2008-11-08 05:48:02,116.495599,39.531016
Car-1,2008-11-08 05:48:07,116.495601,39.531016
Car-1,2008-11-08 05:48:12,116.495607,39.531017
Car-1,2008-11-08 05:48:15,116.495607,39.531017
Car-1,2008-11-08 05:48:17,116.495606,39.531014
Car-1,2008-11-08 05:48:22,116.495616,39.531016
Car-1,2008-11-08 05:48:27,116.49563,39.531013
Car-1,2008-11-08 05:48:32,116.495634,39.531016
Car-1,2008-11-08 05:48:35,116.495634,39.531016
Car-1,2008-11-08 05:48:37,116.495626,39.531015
Car-1,2008-11-08 05:48:42,116.495616,39.531012
Car-1,2008-11-08 05:48:47,116.495607,39.53101
Car-1,2008-11-08 05:48:52,116.495582,39.531003
Car-1,2008-11-08 05:48:57,116.495553,39.530983
Car-1,2008-11-08 05:49:00,116.495553,39.530983
Car-1,2008-11-08 05:49:02,116.495548,39.530981
Car-1,2008-11-08 05:49:07,116.495559,39.530975
Car-1,2008-11-08 05:49:12,116.495547,39.530973
Car-1,2008-11-08 05:49:15,116.495547,39.530973
Car-1,2008-11-08 05:49:17,116.495543,39.530972
Car-1,2008-11-08 05:49:22,116.495533,39.53097
Car-1,2008-11-08 05:49:27,116.495529,39.530969
Car-1,2008-11-08 05:49:30,116.495529,39.530969
Car-1,2008-11-08 05:49:32,116.495534,39.53097
Car-1,2008-11-08 05:49:37,116.495543,39.530972
Car-1,2008-11-08 05:49:40,116.495543,39.530972
Car-1,2008-11-08 05:49:42,116.49554,39.530971
Car-1,2008-11-08 05:49:47,116.495527,39.530968
Car-1,2008-11-08 05:49:52,116.495523,39.530967
Car-1,2008-11-08 05:49:55,116.495523,39.530967
Car-1,2008-11-08 05:49:57,116.495515,39.530964
Car-1,2008-11-08 05:50:02,116.495505,39.530961
Car-1,2008-11-08 05:50:07,116.495503,39.530959
Car-1,2008-11-08 05:50:12,116.495501,39.530955
Car-1,2008-11-08 05:50:17,116.495501,39.530954
Car-1,2008-11-08 05:50:22,116.495505,39.530953
Car-1,2008-11-08 05:50:27,116.495511,39.530952
Car-1,2008-11-08 05:50:32,116.495517,39.530951
Car-1,2008-11-08 05:50:37,116.495517,39.530949
Car-1,2008-11-08 05:50:40,116.495517,39.530949
Car-1,2008-11-08 05:50:42,116.495512,39.530946
Car-1,2008-11-08 05:50:47,116.495547,39.530876
Car-1,2008-11-08 05:50:52,116.495565,39.530856
Car-1,2008-11-08 05:50:57,116.495647,39.530819
Car-1,2008-11-08 05:51:02,116.495675,39.530796
Car-1,2008-11-08 05:51:07,116.495682,39.530804
Car-1,2008-11-08 05:51:10,116.495682,39.530804
Car-1,2008-11-08 05:51:12,116.495675,39.530804
Car-1,2008-11-08 05:51:17,116.495664,39.530809
Car-1,2008-11-08 06:08:42,116.495597,39.531058
Car-1,2008-11-08 06:08:47,116.495599,39.531103
Car-1,2008-11-08 06:08:52,116.495598,39.531142
Car-1,2008-11-08 06:08:57,116.495584,39.53118
Car-1,2008-11-08 06:09:02,116.495596,39.53119
Car-1,2008-11-08 06:09:07,116.495595,39.531217
Car-1,2008-11-08 06:09:12,116.49557,39.531284
Car-1,2008-11-08 06:09:17,116.495569,39.531336
Car-1,2008-11-08 06:09:22,116.49555,39.531409
Car-1,2008-11-08 06:09:27,116.495538,39.53146
Car-1,2008-11-08 06:09:32,116.49554,39.531526
Car-1,2008-11-08 06:09:37,116.495542,39.531539
Car-1,2008-11-08 06:09:42,116.495548,39.531548
Car-1,2008-11-08 06:09:47,116.495531,39.531602
Car-1,2008-11-08 06:09:52,116.495518,39.531672
Car-1,2008-11-08 06:09:57,116.495516,39.531724
Car-1,2008-11-08 06:10:02,116.495497,39.531779
Car-1,2008-11-08 06:10:07,116.495495,39.531827
Car-1,2008-11-08 06:10:12,116.495488,39.531887
Car-1,2008-11-08 06:10:17,116.49549,39.531922
Car-1,2008-11-08 06:10:22,116.495488,39.53196
Car-1,2008-11-08 06:10:27,116.495478,39.532017
Car-1,2008-11-08 06:10:32,116.495476,39.532057
Car-1,2008-11-08 06:10:37,116.495455,39.532117
Car-1,2008-11-08 06:10:42,116.495424,39.532193
Car-1,2008-11-08 06:10:47,116.495402,39.53224
Car-1,2008-11-08 06:10:52,116.495392,39.532284
Car-1,2008-11-08 06:10:57,116.495371,39.532355
Car-1,2008-11-08 06:11:02,116.495371,39.532394
Car-1,2008-11-08 06:11:07,116.495384,39.532449
Car-1,2008-11-08 06:11:12,116.49537,39.532518
Car-1,2008-11-08 06:11:17,116.495364,39.532574
Car-1,2008-11-08 06:11:22,116.495373,39.532623
Car-1,2008-11-08 06:11:27,116.495375,39.532675
Car-1,2008-11-08 06:11:32,116.495366,39.532736
Car-1,2008-11-08 06:11:37,116.49536,39.53279
Car-1,2008-11-08 06:11:42,116.495357,39.532848
Car-1,2008-11-08 06:11:47,116.495351,39.532904
Car-1,2008-11-08 06:11:52,116.495336,39.532979
Car-1,2008-11-08 06:11:57,116.495337,39.533012
Car-1,2008-11-08 06:12:02,116.495331,39.533098
Car-1,2008-11-08 06:12:07,116.495314,39.533158
Car-1,2008-11-08 06:12:12,116.495314,39.533212
Car-1,2008-11-08 06:12:17,116.495297,39.533291
Car-1,2008-11-08 06:12:22,116.495293,39.533341
Car-1,2008-11-08 06:12:27,116.495273,39.533403
Car-1,2008-11-08 06:12:32,116.495272,39.533475
Car-1,2008-11-08 06:12:37,116.495274,39.533528
Car-1,2008-11-08 06:12:42,116.495264,39.533583
Car-1,2008-11-08 06:12:47,116.495243,39.533648
Car-1,2008-11-08 06:12:52,116.495238,39.533694
Car-1,2008-11-08 06:12:57,116.495234,39.533738
Car-1,2008-11-08 06:13:02,116.495209,39.533778
Car-1,2008-11-08 06:13:07,116.495221,39.533804
Car-1,2008-11-08 06:13:12,116.495236,39.533865
Car-1,2008-11-08 06:13:17,116.495231,39.533926
Car-1,2008-11-08 06:13:22,116.495227,39.533978
Car-1,2008-11-08 06:13:27,116.495227,39.534042
Car-1,2008-11-08 06:13:32,116.495217,39.534086
Car-1,2008-11-08 06:13:37,116.495205,39.534134
Car-1,2008-11-08 06:13:42,116.495203,39.534181
Car-1,2008-11-08 06:13:47,116.495177,39.534226
Car-1,2008-11-08 06:13:52,116.495157,39.534268
Car-1,2008-11-08 06:13:57,116.495141,39.534266
Car-1,2008-11-08 06:14:02,116.495147,39.534267
Car-1,2008-11-08 06:14:07,116.495154,39.534268
Car-1,2008-11-08 06:14:10,116.495154,39.534268
Car-1,2008-11-08 06:14:12,116.495157,39.534269
Car-1,2008-11-08 06:14:17,116.495159,39.534283
Car-1,2008-11-08 06:14:22,116.495155,39.534329
Car-1,2008-11-08 06:14:27,116.495148,39.534375
Car-1,2008-11-08 06:14:32,116.495154,39.534385
Car-1,2008-11-08 06:14:37,116.495151,39.534384
Car-1,2008-11-08 06:14:42,116.495143,39.534383
Car-1,2008-11-08 06:14:45,116.495143,39.534383
Car-1,2008-11-08 06:14:47,116.495139,39.534382
Car-1,2008-11-08 06:14:52,116.495129,39.53438
Car-1,2008-11-08 06:14:57,116.495116,39.534378
Car-1,2008-11-08 06:15:02,116.495107,39.534396
Car-1,2008-11-08 06:15:07,116.495155,39.534398
Car-1,2008-11-08 06:15:12,116.495156,39.534419
Car-1,2008-11-08 06:15:15,116.495156,39.534419
Car-1,2008-11-08 06:15:17,116.495155,39.534421
Car-1,2008-11-08 06:15:22,116.495183,39.534414
Car-1,2008-11-08 06:15:27,116.495195,39.53441
Car-1,2008-11-08 06:15:32,116.495207,39.534385
Car-1,2008-11-08 06:15:37,116.495251,39.534365
Car-1,2008-11-08 06:15:42,116.495292,39.534368
Car-1,2008-11-08 06:15:47,116.495301,39.534366
Car-1,2008-11-08 06:15:52,116.495309,39.534367
Car-1,2008-11-08 06:15:55,116.495309,39.534367
Car-1,2008-11-08 06:15:57,116.495315,39.534367
Car-1,2008-11-08 06:16:02,116.495333,39.534356
Car-1,2008-11-08 06:16:07,116.495367,39.534351
Car-1,2008-11-08 06:16:12,116.495363,39.534343
Car-1,2008-11-08 06:16:17,116.495368,39.534336
Car-1,2008-11-08 06:16:22,116.49537,39.534335
Car-1,2008-11-08 06:16:27,116.49537,39.534339
Car-1,2008-11-08 06:16:32,116.495365,39.534345
Car-1,2008-11-08 06:16:37,116.495358,39.53435
Car-1,2008-11-08 06:16:42,116.495354,39.534354
Car-1,2008-11-08 06:16:47,116.495352,39.534353
Car-1,2008-11-08 06:16:50,116.495352,39.534353
Car-1,2008-11-08 06:16:52,116.495348,39.534356
Car-1,2008-11-08 06:16:57,116.495338,39.534365
Car-1,2008-11-08 06:17:02,116.495292,39.534399
Car-1,2008-11-08 06:17:07,116.495274,39.534388
Car-1,2008-11-08 06:17:12,116.495256,39.534387
Car-1,2008-11-08 06:17:17,116.495257,39.534388
Car-1,2008-11-08 06:17:22,116.49526,39.534391
Car-1,2008-11-08 06:17:27,116.495268,39.534387
Car-1,2008-11-08 06:17:30,116.495268,39.534387
Car-1,2008-11-08 06:17:32,116.495276,39.534383
Car-1,2008-11-08 06:17:37,116.495285,39.53438
Car-1,2008-11-08 06:17:42,116.495286,39.534377
Car-1,2008-11-08 06:17:47,116.495288,39.534375
Car-1,2008-11-08 06:17:52,116.495291,39.534372
Car-1,2008-11-08 06:17:55,116.495291,39.534372
Car-1,2008-11-08 06:17:57,116.495298,39.534368
Car-1,2008-11-08 06:18:02,116.495308,39.534367
Car-1,2008-11-08 06:18:07,116.495318,39.534363
Car-1,2008-11-08 06:18:10,116.495318,39.534363
Car-1,2008-11-08 06:18:12,116.495324,39.534357
Car-1,2008-11-08 06:18:17,116.495319,39.534306
Car-1,2008-11-08 06:18:22,116.495315,39.534274
Car-1,2008-11-08 06:18:27,116.495324,39.534272
Car-1,2008-11-08 06:18:32,116.495345,39.534264
Car-1,2008-11-08 06:18:37,116.495346,39.534262
Car-1,2008-11-08 06:18:42,116.495349,39.534262
Car-1,2008-11-08 06:18:47,116.495349,39.534259
Car-1,2008-11-08 06:18:50,116.495349,39.534259
Car-1,2008-11-08 06:18:52,116.495346,39.534253
Car-1,2008-11-08 06:18:57,116.49536,39.534251
Car-1,2008-11-08 06:19:02,116.495445,39.534273
Car-1,2008-11-08 06:19:07,116.495502,39.534281
Car-1,2008-11-08 06:19:12,116.495551,39.534297
Car-1,2008-11-08 06:19:17,116.495607,39.53429
Car-1,2008-11-08 06:19:22,116.495636,39.5343
Car-1,2008-11-08 06:19:27,116.495621,39.53429
Car-1,2008-11-08 06:19:32,116.495584,39.534277
Car-1,2008-11-08 06:19:37,116.495557,39.534257
Car-1,2008-11-08 06:19:40,116.495557,39.534257
Car-1,2008-11-08 06:19:42,116.495558,39.53426
Car-1,2008-11-08 06:19:47,116.495577,39.534254
Car-1,2008-11-08 06:19:52,116.495604,39.534245
Car-1,2008-11-08 06:19:57,116.495599,39.534229
Car-1,2008-11-08 06:20:02,116.495604,39.53423
Car-1,2008-11-08 06:20:07,116.495602,39.534229
Car-1,2008-11-08 06:20:12,116.495597,39.534228
Car-1,2008-11-08 06:20:17,116.495592,39.534227
Car-1,2008-11-08 06:20:22,116.495591,39.534226
Car-1,2008-11-08 06:20:27,116.495591,39.534226
Car-1,2008-11-08 06:20:32,116.495584,39.534224
Car-1,2008-11-08 06:20:35,116.495584,39.534224
Car-1,2008-11-08 06:20:37,116.49559,39.534224
Car-1,2008-11-08 06:20:42,116.495606,39.534195
Car-1,2008-11-08 06:20:45,116.495606,39.534195
Car-1,2008-11-08 06:20:47,116.495601,39.534193
Car-1,2008-11-08 06:20:52,116.495603,39.534162
Car-1,2008-11-08 06:20:57,116.49559,39.534111
Car-1,2008-11-08 06:21:02,116.495586,39.534054
Car-1,2008-11-08 06:21:07,116.495593,39.533994
Car-1,2008-11-08 06:21:12,116.495607,39.533935
Car-1,2008-11-08 06:21:17,116.495637,39.533923
Car-1,2008-11-08 06:21:22,116.4957,39.533921
Car-1,2008-11-08 06:21:27,116.495739,39.533899
Car-1,2008-11-08 06:21:32,116.495762,39.533856
Car-1,2008-11-08 06:21:37,116.495757,39.533838
Car-1,2008-11-08 06:21:42,116.495754,39.53384
Car-1,2008-11-08 06:21:47,116.495754,39.533839
Car-1,2008-11-08 06:21:50,116.495754,39.533839
Car-1,2008-11-08 06:21:52,116.495754,39.533839
Car-1,2008-11-08 06:21:57,116.495764,39.533843
Car-1,2008-11-08 06:22:02,116.495777,39.533866
Car-1,2008-11-08 06:22:07,116.495775,39.533852
Car-1,2008-11-08 06:22:12,116.495762,39.533836
Car-1,2008-11-08 06:22:17,116.495771,39.533836
Car-1,2008-11-08 06:22:22,116.495772,39.533834
Car-1,2008-11-08 06:22:25,116.495772,39.533834
Car-1,2008-11-08 06:22:27,116.495768,39.533832
Car-1,2008-11-08 06:22:32,116.495771,39.533796
Car-1,2008-11-08 06:22:37,116.495772,39.533775
Car-1,2008-11-08 06:22:40,116.495772,39.533775
Car-1,2008-11-08 06:22:42,116.495767,39.533773
Car-1,2008-11-08 06:22:47,116.495785,39.533691
Car-1,2008-11-08 06:22:52,116.495801,39.533616
Car-1,2008-11-08 06:22:57,116.495826,39.533556
Car-1,2008-11-08 06:23:02,116.495855,39.533542
Car-1,2008-11-08 06:23:07,116.495852,39.53354
Car-1,2008-11-08 06:23:12,116.495847,39.533539
Car-1,2008-11-08 06:23:17,116.495845,39.533538
Car-1,2008-11-08 06:23:22,116.495842,39.533537
Car-1,2008-11-08 06:23:27,116.495849,39.533532
Car-1,2008-11-08 06:23:30,116.495849,39.533532
Car-1,2008-11-08 06:23:32,116.495844,39.533531
Car-1,2008-11-08 06:23:37,116.495835,39.533528
Car-1,2008-11-08 06:23:42,116.495826,39.533526
Car-1,2008-11-08 06:23:47,116.495843,39.533505
Car-1,2008-11-08 06:23:52,116.495839,39.533444
Car-1,2008-11-08 06:23:57,116.495845,39.533406
Car-1,2008-11-08 06:24:02,116.495833,39.533375
Car-1,2008-11-08 06:24:07,116.495829,39.533324
Car-1,2008-11-08 06:24:12,116.49584,39.533257
Car-1,2008-11-08 06:24:17,116.495851,39.533201
Car-1,2008-11-08 06:24:22,116.495864,39.533143
Car-1,2008-11-08 06:24:27,116.495862,39.533098
Car-1,2008-11-08 06:24:32,116.495877,39.533038
Car-1,2008-11-08 06:24:37,116.495884,39.532999
Car-1,2008-11-08 06:24:42,116.495874,39.532953
Car-1,2008-11-08 06:24:47,116.495881,39.5329
Car-1,2008-11-08 06:24:52,116.495889,39.532862
Car-1,2008-11-08 06:24:57,116.495902,39.532822
Car-1,2008-11-08 06:25:02,116.495888,39.532772
Car-1,2008-11-08 06:25:07,116.495905,39.532717
Car-1,2008-11-08 06:25:12,116.495902,39.532665
Car-1,2008-11-08 06:25:17,116.495902,39.532638
Car-1,2008-11-08 06:25:22,116.495913,39.532594
Car-1,2008-11-08 06:25:27,116.49593,39.532572
Car-1,2008-11-08 06:25:32,116.495912,39.532537
Car-1,2008-11-08 06:25:37,116.495906,39.532504
Car-1,2008-11-08 06:25:42,116.495936,39.532477
Car-1,2008-11-08 06:25:47,116.495989,39.532485
Car-1,2008-11-08 06:25:52,116.496064,39.532473
Car-1,2008-11-08 06:25:57,116.49613,39.532464
Car-1,2008-11-08 06:26:02,116.49615,39.532494
Car-1,2008-11-08 06:26:07,116.496185,39.532491
Car-1,2008-11-08 06:26:12,116.49622,39.532485
Car-1,2008-11-08 06:26:17,116.496243,39.532476
Car-1,2008-11-08 06:26:22,116.496265,39.532476
Car-1,2008-11-08 06:26:27,116.49627,39.532486
Car-1,2008-11-08 06:26:32,116.496271,39.53251
Car-1,2008-11-08 06:26:37,116.496275,39.532519
Car-1,2008-11-08 06:26:42,116.49632,39.532507
Car-1,2008-11-08 06:26:47,116.496362,39.532508
Car-1,2008-11-08 06:26:52,116.49637,39.532512
Car-1,2008-11-08 06:35:47,116.496586,39.532315
Car-1,2008-11-08 06:35:52,116.496629,39.532267
Car-1,2008-11-08 06:35:57,116.496614,39.532234
Car-1,2008-11-08 06:36:02,116.496625,39.532183
Car-1,2008-11-08 06:36:07,116.496624,39.53213
Car-1,2008-11-08 06:36:12,116.49663,39.532113
Car-1,2008-11-08 06:36:17,116.496632,39.532078
Car-1,2008-11-08 06:36:22,116.49665,39.532069
Car-1,2008-11-08 06:36:27,116.49666,39.532022
Car-1,2008-11-08 06:36:32,116.496656,39.531973
Car-1,2008-11-08 06:36:37,116.496638,39.531925
Car-1,2008-11-08 06:36:42,116.496632,39.531887
Car-1,2008-11-08 06:36:47,116.496646,39.531847
Car-1,2008-11-08 06:36:52,116.496662,39.531852
Car-1,2008-11-08 06:36:57,116.496701,39.531842
Car-1,2008-11-08 06:37:02,116.496756,39.531796
Car-1,2008-11-08 06:37:07,116.496763,39.531763
Car-1,2008-11-08 06:37:12,116.496782,39.531706
Car-1,2008-11-08 06:37:17,116.496785,39.531682
Car-1,2008-11-08 06:37:20,116.496785,39.531682
Car-1,2008-11-08 06:37:22,116.496791,39.531686
Car-1,2008-11-08 06:37:27,116.496836,39.531654
Car-1,2008-11-08 06:37:32,116.496865,39.531608
Car-1,2008-11-08 06:37:37,116.496879,39.531569
Car-1,2008-11-08 06:37:42,116.496882,39.531524
Car-1,2008-11-08 06:37:47,116.496884,39.531487
Car-1,2008-11-08 06:37:52,116.496879,39.531471
Car-1,2008-11-08 06:37:55,116.496879,39.531471
Car-1,2008-11-08 06:37:57,116.496875,39.531468
Car-1,2008-11-08 06:38:02,116.496895,39.531415
Car-1,2008-11-08 06:38:07,116.496916,39.53136
Car-1,2008-11-08 06:38:12,116.496933,39.531307
Car-1,2008-11-08 06:38:17,116.496933,39.531244
Car-1,2008-11-08 06:38:22,116.496938,39.531226
Car-1,2008-11-08 06:38:25,116.496938,39.531226
Car-1,2008-11-08 06:38:27,116.496942,39.531226
Car-1,2008-11-08 06:38:32,116.49693,39.531213
Car-1,2008-11-08 06:38:37,116.49695,39.531166
Car-1,2008-11-08 06:38:42,116.496961,39.531114
Car-1,2008-11-08 06:38:47,116.496966,39.531075
Car-1,2008-11-08 06:38:52,116.496977,39.531033
Car-1,2008-11-08 06:38:57,116.496991,39.530992
Car-1,2008-11-08 06:39:02,116.497021,39.530952
Car-1,2008-11-08 06:39:07,116.497018,39.530938
Car-1,2008-11-08 06:39:12,116.497012,39.530932
Car-1,2008-11-08 06:39:17,116.497017,39.530932
Car-1,2008-11-08 06:39:22,116.497018,39.530933
Car-1,2008-11-08 06:39:27,116.49702,39.530934
Car-1,2008-11-08 06:39:32,116.497024,39.530935
Car-1,2008-11-08 06:39:35,116.497024,39.530935
Car-1,2008-11-08 06:39:37,116.497032,39.530936
Car-1,2008-11-08 06:39:42,116.497042,39.530918
Car-1,2008-11-08 06:39:47,116.497046,39.530897
Car-1,2008-11-08 06:39:52,116.497064,39.53088
Car-1,2008-11-08 06:39:57,116.497065,39.530811
Car-1,2008-11-08 06:40:02,116.497072,39.530749
Car-1,2008-11-08 06:40:07,116.49705,39.530663
Car-1,2008-11-08 06:40:12,116.497068,39.530619
Car-1,2008-11-08 06:40:17,116.497072,39.530597
Car-1,2008-11-08 06:40:20,116.497072,39.530597
Car-1,2008-11-08 06:40:22,116.497069,39.5306
Car-1,2008-11-08 06:40:27,116.497086,39.530598
Car-1,2008-11-08 06:40:32,116.497117,39.530569
Car-1,2008-11-08 06:40:37,116.497153,39.530538
Car-1,2008-11-08 06:40:42,116.497212,39.530537
Car-1,2008-11-08 06:40:47,116.49723,39.530539
Car-1,2008-11-08 06:40:52,116.49723,39.530539
Car-1,2008-11-08 06:40:57,116.497225,39.530539
Car-1,2008-11-08 06:41:02,116.497221,39.530537
Car-1,2008-11-08 06:41:07,116.497224,39.530538
Car-1,2008-11-08 06:41:12,116.497222,39.530537
Car-1,2008-11-08 06:41:17,116.497222,39.530537
Car-1,2008-11-08 06:41:22,116.497223,39.530538
Car-1,2008-11-08 06:41:27,116.497224,39.530538
Car-1,2008-11-08 06:41:30,116.497224,39.530538
Car-1,2008-11-08 06:41:32,116.49723,39.530538
Car-1,2008-11-08 06:41:37,116.497237,39.530504
Car-1,2008-11-08 06:41:42,116.49726,39.530439
Car-1,2008-11-08 06:41:47,116.497273,39.53039
Car-1,2008-11-08 06:41:52,116.497285,39.53034
Car-1,2008-11-08 06:41:57,116.497295,39.530289
Car-1,2008-11-08 06:42:02,116.497285,39.530242
Car-1,2008-11-08 06:42:07,116.497335,39.53017
Car-1,2008-11-08 06:42:12,116.497336,39.530155
Car-1,2008-11-08 06:42:17,116.497337,39.530121
Car-1,2008-11-08 06:42:22,116.49735,39.530068
Car-1,2008-11-08 06:42:27,116.49736,39.530036
Car-1,2008-11-08 06:42:32,116.497361,39.529965
Car-1,2008-11-08 06:42:37,116.497359,39.529932
Car-1,2008-11-08 06:42:42,116.497354,39.529901
Car-1,2008-11-08 06:42:47,116.497352,39.529908
Car-1,2008-11-08 06:42:52,116.497351,39.529908
Car-1,2008-11-08 06:42:57,116.49735,39.529909
Car-1,2008-11-08 06:43:02,116.497356,39.529911
Car-1,2008-11-08 06:43:07,116.497364,39.529913
Car-1,2008-11-08 06:43:12,116.497371,39.529916
Car-1,2008-11-08 06:43:15,116.497371,39.529916
Car-1,2008-11-08 06:43:17,116.497368,39.529916
Car-1,2008-11-08 06:43:22,116.497376,39.529935
Car-1,2008-11-08 06:43:27,116.497413,39.529968
Car-1,2008-11-08 06:43:32,116.497422,39.529966
Car-1,2008-11-08 06:43:37,116.497422,39.529966
Car-1,2008-11-08 06:43:40,116.497422,39.529966
Car-1,2008-11-08 06:43:42,116.497425,39.529967
Car-1,2008-11-08 06:43:47,116.497436,39.529968
Car-1,2008-11-08 06:43:52,116.497435,39.529966
Car-1,2008-11-08 06:43:55,116.497435,39.529966
Car-1,2008-11-08 06:43:57,116.497438,39.529966
Car-1,2008-11-08 06:44:02,116.497452,39.529952
Car-1,2008-11-08 06:44:05,116.497452,39.529952
Car-1,2008-11-08 06:44:07,116.497458,39.529952
Car-1,2008-11-08 06:44:12,116.497467,39.529954
Car-1,2008-11-08 06:44:17,116.497481,39.529957
Car-1,2008-11-08 06:44:22,116.497511,39.529834
Car-1,2008-11-08 06:44:27,116.497484,39.529874
Car-1,2008-11-08 06:44:32,116.497506,39.529911
Car-1,2008-11-08 06:44:37,116.497496,39.529929
Car-1,2008-11-08 06:44:42,116.497504,39.529931
Car-1,2008-11-08 06:44:47,116.49751,39.529934
Car-1,2008-11-08 06:44:52,116.497511,39.529934
Car-1,2008-11-08 06:44:55,116.497511,39.529934
Car-1,2008-11-08 06:44:57,116.497512,39.529935
Car-1,2008-11-08 06:45:02,116.497521,39.529938
Car-1,2008-11-08 06:45:07,116.497522,39.529938
Car-1,2008-11-08 06:45:12,116.497518,39.529937
Car-1,2008-11-08 06:45:15,116.497518,39.529937
Car-1,2008-11-08 06:45:17,116.497517,39.529936
Car-1,2008-11-08 06:45:22,116.497549,39.529943
Car-1,2008-11-08 06:45:27,116.49755,39.529934
Car-1,2008-11-08 06:45:32,116.49755,39.529933
Car-1,2008-11-08 06:45:37,116.497547,39.529934
Car-1,2008-11-08 06:45:42,116.497543,39.529933
Car-1,2008-11-08 06:45:47,116.497536,39.529925
Car-1,2008-11-08 06:45:52,116.497529,39.529918
Car-1,2008-11-08 06:45:57,116.497524,39.529911
Car-1,2008-11-08 06:46:02,116.497518,39.529909
Car-1,2008-11-08 06:46:07,116.497518,39.529904
Car-1,2008-11-08 06:46:10,116.497518,39.529904
Car-1,2008-11-08 06:46:12,116.497525,39.529896
Car-1,2008-11-08 06:46:17,116.497533,39.529886
Car-1,2008-11-08 06:46:22,116.497535,39.529876
Car-1,2008-11-08 06:46:27,116.497547,39.529849
Car-1,2008-11-08 06:46:32,116.497563,39.529798
Car-1,2008-11-08 06:46:37,116.497594,39.529752
Car-1,2008-11-08 06:46:42,116.497581,39.529733
Car-1,2008-11-08 06:46:47,116.497577,39.529674
Car-1,2008-11-08 06:46:52,116.497582,39.529652
Car-1,2008-11-08 06:46:57,116.497617,39.529599
Car-1,2008-11-08 06:47:02,116.497631,39.529551
Car-1,2008-11-08 06:47:07,116.497597,39.529539
Car-1,2008-11-08 06:47:12,116.497615,39.529507
Car-1,2008-11-08 06:47:17,116.497632,39.529477
Car-1,2008-11-08 06:47:22,116.49759,39.529491
Car-1,2008-11-08 06:47:27,116.4976,39.529433
Car-1,2008-11-08 06:47:32,116.497621,39.529365
Car-1,2008-11-08 06:47:37,116.497626,39.52935
Car-1,2008-11-08 06:47:42,116.497637,39.529299
Car-1,2008-11-08 06:47:47,116.497627,39.529279
Car-1,2008-11-08 06:47:52,116.497635,39.529219
Car-1,2008-11-08 06:47:57,116.497623,39.529193
Car-1,2008-11-08 06:48:02,116.497655,39.529124
Car-1,2008-11-08 06:48:07,116.497629,39.529088
Car-1,2008-11-08 06:51:22,116.497701,39.528825
Car-1,2008-11-08 06:51:27,116.497703,39.528763
Car-1,2008-11-08 06:51:32,116.49767,39.528709
Car-1,2008-11-08 06:51:37,116.497709,39.528725
Car-1,2008-11-08 06:51:42,116.497743,39.528731
Car-1,2008-11-08 06:51:47,116.497748,39.52876
Car-1,2008-11-08 06:51:52,116.497723,39.528749
Car-1,2008-11-08 06:51:57,116.497719,39.528721
Car-1,2008-11-08 06:52:02,116.49772,39.528721
Car-1,2008-11-08 06:52:07,116.497727,39.52872
Car-1,2008-11-08 06:52:10,116.497727,39.52872
Car-1,2008-11-08 06:52:12,116.497719,39.528717
Car-1,2008-11-08 06:52:17,116.497761,39.528714
Car-1,2008-11-08 06:52:22,116.497769,39.528715
Car-1,2008-11-08 06:52:27,116.497768,39.528714
Car-1,2008-11-08 06:52:30,116.497768,39.528714
Car-1,2008-11-08 06:52:32,116.49776,39.528709
Car-1,2008-11-08 06:52:37,116.497745,39.52868
Car-1,2008-11-08 06:52:42,116.497729,39.528623
Car-1,2008-11-08 06:52:47,116.497735,39.528566
Car-1,2008-11-08 06:52:52,116.497727,39.528525
Car-1,2008-11-08 06:52:57,116.497709,39.528528
Car-1,2008-11-08 06:53:02,116.497707,39.528526
Car-1,2008-11-08 06:53:05,116.497707,39.528526
Car-1,2008-11-08 06:53:07,116.497702,39.528525
Car-1,2008-11-08 06:53:12,116.497692,39.528524
Car-1,2008-11-08 06:53:17,116.497697,39.528526
Car-1,2008-11-08 06:53:20,116.497697,39.528526
Car-1,2008-11-08 06:53:22,116.497705,39.528528
Car-1,2008-11-08 06:53:27,116.497729,39.528509
Car-1,2008-11-08 06:53:30,116.497729,39.528509
Car-1,2008-11-08 06:53:32,116.497737,39.528511
Car-1,2008-11-08 06:53:37,116.49775,39.528512
Car-1,2008-11-08 06:53:42,116.497758,39.528513
Car-1,2008-11-08 06:53:45,116.497758,39.528513
Car-1,2008-11-08 06:53:47,116.497752,39.528512
Car-1,2008-11-08 06:53:52,116.497763,39.528513
Car-1,2008-11-08 06:53:57,116.497778,39.528509
Car-1,2008-11-08 06:54:02,116.497786,39.528496
Car-1,2008-11-08 06:54:07,116.497758,39.528469
Car-1,2008-11-08 06:54:12,116.497772,39.52847
Car-1,2008-11-08 06:54:17,116.497782,39.528464
Car-1,2008-11-08 06:54:22,116.497792,39.528464
Car-1,2008-11-08 06:54:27,116.497803,39.528473
Car-1,2008-11-08 06:54:32,116.49781,39.5285
Car-1,2008-11-08 06:54:37,116.497819,39.528499
Car-1,2008-11-08 06:54:42,116.497822,39.528508
Car-1,2008-11-08 06:54:47,116.497819,39.528517
Car-1,2008-11-08 06:54:52,116.497818,39.528527
Car-1,2008-11-08 06:54:57,116.497846,39.528531
Car-1,2008-11-08 06:55:02,116.497882,39.52851
Car-1,2008-11-08 06:55:07,116.49791,39.528509
Car-1,2008-11-08 06:55:12,116.49796,39.528539
Car-1,2008-11-08 06:55:17,116.497936,39.528614
Car-1,2008-11-08 06:55:22,116.497968,39.528569
Car-1,2008-11-08 06:55:27,116.497933,39.528499
Car-1,2008-11-08 06:55:32,116.497921,39.528453
Car-1,2008-11-08 06:55:37,116.497927,39.528453
Car-1,2008-11-08 06:55:42,116.497929,39.528452
Car-1,2008-11-08 06:55:45,116.497929,39.528452
Car-1,2008-11-08 06:55:47,116.497927,39.528451
Car-1,2008-11-08 06:55:52,116.497903,39.52841
Car-1,2008-11-08 06:55:57,116.497878,39.52836
Car-1,2008-11-08 06:56:02,116.49787,39.528331
Car-1,2008-11-08 06:56:07,116.497867,39.528329
Car-1,2008-11-08 06:56:12,116.497866,39.528327
Car-1,2008-11-08 06:56:15,116.497866,39.528327
Car-1,2008-11-08 06:56:17,116.497861,39.528324
Car-1,2008-11-08 06:56:22,116.497875,39.528254
Car-1,2008-11-08 06:56:27,116.497867,39.528249
Car-1,2008-11-08 06:56:32,116.497862,39.528246
Car-1,2008-11-08 06:56:37,116.497861,39.528243
Car-1,2008-11-08 06:56:40,116.497861,39.528243
Car-1,2008-11-08 06:56:42,116.497866,39.52824
Car-1,2008-11-08 06:56:47,116.497856,39.528217
Car-1,2008-11-08 06:56:52,116.497854,39.528133
Car-1,2008-11-08 06:56:57,116.497863,39.528118
Car-1,2008-11-08 06:57:02,116.497863,39.528116
Car-1,2008-11-08 06:57:05,116.497863,39.528116
Car-1,2008-11-08 06:57:07,116.497861,39.528113
Car-1,2008-11-08 06:57:12,116.49785,39.528109
Car-1,2008-11-08 06:57:17,116.497853,39.528107
Car-1,2008-11-08 06:57:20,116.497853,39.528107
Car-1,2008-11-08 06:57:22,116.497848,39.528103
Car-1,2008-11-08 06:57:27,116.497858,39.528023
Car-1,2008-11-08 06:57:32,116.497889,39.527954
Car-1,2008-11-08 06:57:37,116.497897,39.527903
Car-1,2008-11-08 07:04:42,116.498055,39.52769
Car-1,2008-11-08 07:04:47,116.498032,39.527645
Car-1,2008-11-08 07:04:52,116.498037,39.527614
Car-1,2008-11-08 07:04:57,116.498044,39.527562
Car-1,2008-11-08 07:05:02,116.498058,39.527521
Car-1,2008-11-08 07:05:07,116.498073,39.527501
Car-1,2008-11-08 07:05:12,116.498075,39.52747
Car-1,2008-11-08 07:05:17,116.498092,39.527453
Car-1,2008-11-08 07:05:22,116.498092,39.527436
Car-1,2008-11-08 07:05:27,116.498101,39.527415
Car-1,2008-11-08 07:05:32,116.498101,39.527405
Car-1,2008-11-08 07:05:37,116.498103,39.527396
Car-1,2008-11-08 07:05:42,116.498121,39.527338
Car-1,2008-11-08 07:05:47,116.498091,39.527299
Car-1,2008-11-08 07:05:52,116.498096,39.527268
Car-1,2008-11-08 07:05:57,116.49815,39.527214
Car-1,2008-11-08 07:06:02,116.498166,39.527199
Car-1,2008-11-08 07:06:07,116.49817,39.527159
Car-1,2008-11-08 07:06:12,116.498163,39.527137
Car-1,2008-11-08 07:06:17,116.498172,39.527106
Car-1,2008-11-08 07:06:22,116.498172,39.527068
Car-1,2008-11-08 07:06:27,116.498188,39.527003
Car-1,2008-11-08 07:06:32,116.498199,39.52697
Car-1,2008-11-08 07:06:37,116.4982,39.526955
Car-1,2008-11-08 07:06:42,116.498234,39.526903
Car-1,2008-11-08 07:06:47,116.498258,39.52687
Car-1,2008-11-08 07:06:52,116.498269,39.526839
Car-1,2008-11-08 07:06:57,116.498323,39.526777
Car-1,2008-11-08 07:07:02,116.498315,39.526726
Car-1,2008-11-08 07:07:07,116.498294,39.526703
Car-1,2008-11-08 07:07:12,116.498291,39.526664
Car-1,2008-11-08 07:07:17,116.498304,39.52664
Car-1,2008-11-08 07:07:22,116.498319,39.526636
Car-1,2008-11-08 07:07:27,116.498349,39.526632
Car-1,2008-11-08 07:07:32,116.498361,39.526605
Car-1,2008-11-08 07:07:37,116.498354,39.526592
Car-1,2008-11-08 07:07:42,116.498346,39.526589
Car-1,2008-11-08 07:07:45,116.498346,39.526589
Car-1,2008-11-08 07:07:47,116.498342,39.526586
Car-1,2008-11-08 07:07:52,116.498325,39.526568
Car-1,2008-11-08 07:07:57,116.498349,39.526536
Car-1,2008-11-08 07:08:00,116.498349,39.526536
Car-1,2008-11-08 07:08:02,116.498345,39.526533
Car-1,2008-11-08 07:08:07,116.498296,39.526381
Car-1,2008-11-08 07:08:12,116.498341,39.52639
Car-1,2008-11-08 07:08:17,116.498346,39.526334
Car-1,2008-11-08 07:08:22,116.498353,39.526328
Car-1,2008-11-08 07:08:27,116.498353,39.526327
Car-1,2008-11-08 07:08:32,116.498345,39.526325
Car-1,2008-11-08 07:08:37,116.498345,39.526324
Car-1,2008-11-08 07:08:40,116.498345,39.526324
Car-1,2008-11-08 07:08:42,116.498339,39.526322
Car-1,2008-11-08 07:08:47,116.498344,39.52629
Car-1,2008-11-08 07:08:52,116.498328,39.526226
Car-1,2008-11-08 07:08:57,116.49832,39.526199
Car-1,2008-11-08 07:09:02,116.498333,39.526171
Car-1,2008-11-08 07:09:05,116.498333,39.526171
Car-1,2008-11-08 07:09:07,116.498328,39.526168
Car-1,2008-11-08 07:09:12,116.498329,39.526128
Car-1,2008-11-08 07:09:17,116.498326,39.526125
Car-1,2008-11-08 07:09:20,116.498326,39.526125
Car-1,2008-11-08 07:09:22,116.498318,39.526119
Car-1,2008-11-08 07:09:27,116.498308,39.526072
Car-1,2008-11-08 07:09:32,116.498304,39.525908
Car-1,2008-11-08 07:09:37,116.498293,39.525903
Car-1,2008-11-08 07:09:42,116.498284,39.525898
Car-1,2008-11-08 07:09:47,116.498278,39.525779
Car-1,2008-11-08 07:09:52,116.498342,39.525723
Car-1,2008-11-08 07:09:57,116.49838,39.52571
Car-1,2008-11-08 07:10:02,116.498456,39.525676
Car-1,2008-11-08 07:10:07,116.498547,39.525646
Car-1,2008-11-08 07:10:12,116.498625,39.5256
Car-1,2008-11-08 07:10:17,116.498652,39.52557
Car-1,2008-11-08 07:10:22,116.498662,39.525571
Car-1,2008-11-08 07:10:27,116.498666,39.525571
Car-1,2008-11-08 07:10:32,116.498673,39.525571
Car-1,2008-11-08 07:10:37,116.498676,39.525569
Car-1,2008-11-08 07:10:40,116.498676,39.525569
Car-1,2008-11-08 07:10:42,116.49868,39.525565
Car-1,2008-11-08 07:10:47,116.498715,39.525555
Car-1,2008-11-08 07:10:52,116.498709,39.525543
Car-1,2008-11-08 07:10:57,116.498703,39.52553
Car-1,2008-11-08 07:11:02,116.498699,39.525467
Car-1,2008-11-08 07:11:07,116.498755,39.525361
Car-1,2008-11-08 07:11:12,116.498758,39.525343
Car-1,2008-11-08 07:11:17,116.498769,39.525345
Car-1,2008-11-08 07:11:22,116.498779,39.525346
Car-1,2008-11-08 07:11:25,116.498779,39.525346
Car-1,2008-11-08 07:11:27,116.498782,39.525346
Car-1,2008-11-08 07:11:32,116.498792,39.525348
Car-1,2008-11-08 07:11:37,116.498743,39.525342
Car-1,2008-11-08 07:18:47,116.498872,39.525096
Car-1,2008-11-08 07:18:52,116.498922,39.525071
Car-1,2008-11-08 07:18:57,116.498955,39.525058
Car-1,2008-11-08 07:19:02,116.498972,39.525075
Car-1,2008-11-08 07:19:07,116.498972,39.525073
Car-1,2008-11-08 07:19:12,116.498967,39.525071
Car-1,2008-11-08 07:19:15,116.498967,39.525071
Car-1,2008-11-08 07:19:17,116.498967,39.525069
Car-1,2008-11-08 07:19:22,116.498961,39.525042
Car-1,2008-11-08 07:19:27,116.49897,39.524988
Car-1,2008-11-08 07:19:32,116.498988,39.52498
Car-1,2008-11-08 07:19:37,116.498991,39.52498
Car-1,2008-11-08 07:19:40,116.498991,39.52498
Car-1,2008-11-08 07:19:42,116.498986,39.524978
Car-1,2008-11-08 07:19:47,116.498979,39.524968
Car-1,2008-11-08 07:19:50,116.498979,39.524968
Car-1,2008-11-08 07:19:52,116.498972,39.524968
Car-1,2008-11-08 07:19:57,116.498923,39.524937
Car-1,2008-11-08 07:20:02,116.498915,39.524902
Car-1,2008-11-08 07:20:07,116.498901,39.524884
Car-1,2008-11-08 07:20:12,116.498884,39.524844
Car-1,2008-11-08 07:20:17,116.498859,39.524801
Car-1,2008-11-08 07:20:22,116.498868,39.524705
Car-1,2008-11-08 07:20:27,116.498863,39.524673
Car-1,2008-11-08 07:20:32,116.498839,39.524664
Car-1,2008-11-08 07:20:37,116.498877,39.524572
Car-1,2008-11-08 07:20:42,116.498881,39.524546
Car-1,2008-11-08 07:20:47,116.498887,39.524545
Car-1,2008-11-08 07:20:52,116.498895,39.524545
Car-1,2008-11-08 07:20:55,116.498895,39.524545
Car-1,2008-11-08 07:20:57,116.498903,39.524545
Car-1,2008-11-08 07:21:02,116.4989,39.524521
Car-1,2008-11-08 07:21:07,116.498922,39.524466
Car-1,2008-11-08 07:21:10,116.498922,39.524466
Car-1,2008-11-08 07:21:12,116.498929,39.524466
Car-1,2008-11-08 07:21:17,116.498954,39.524401
Car-1,2008-11-08 07:21:22,116.498965,39.524385
Car-1,2008-11-08 07:21:25,116.498965,39.524385
Car-1,2008-11-08 07:21:27,116.498959,39.524383
Car-1,2008-11-08 07:21:32,116.49895,39.52438
Car-1,2008-11-08 07:23:12,116.499196,39.523822
Car-1,2008-11-08 07:24:52,116.499271,39.523209
Car-1,2008-11-08 07:26:27,116.499092,39.523443
Car-1,2008-11-08 07:26:32,116.499,39.523497
Car-1,2008-11-08 07:26:37,116.499025,39.523518
Car-1,2008-11-08 07:26:42,116.499017,39.523546
Car-1,2008-11-08 07:26:47,116.499004,39.523548
Car-1,2008-11-08 07:26:52,116.498989,39.523532
Car-1,2008-11-08 07:26:57,116.498993,39.523538
Car-1,2008-11-08 07:27:02,116.498993,39.523543
Car-1,2008-11-08 07:27:07,116.498991,39.523546
Car-1,2008-11-08 07:27:12,116.498994,39.523548
Car-1,2008-11-08 07:27:15,116.498994,39.523548
Car-1,2008-11-08 07:27:17,116.498998,39.523548
Car-1,2008-11-08 07:27:22,116.499067,39.523413
Car-1,2008-11-08 07:27:27,116.499109,39.523347
Car-1,2008-11-08 07:27:32,116.499119,39.5233
Car-1,2008-11-08 07:27:37,116.499108,39.523253
Car-1,2008-11-08 07:27:42,116.499131,39.523237
Car-1,2008-11-08 07:27:47,116.499147,39.523249
Car-1,2008-11-08 07:27:52,116.49918,39.523262
Car-1,2008-11-08 07:27:57,116.499215,39.523251
Car-1,2008-11-08 07:28:02,116.499225,39.523237
Car-1,2008-11-08 07:28:07,116.499184,39.523203
Car-1,2008-11-08 07:28:12,116.499178,39.523152
Car-1,2008-11-08 07:28:17,116.499179,39.523148
Car-1,2008-11-08 07:28:22,116.499179,39.523148
Car-1,2008-11-08 07:28:25,116.499179,39.523148
Car-1,2008-11-08 07:28:27,116.499171,39.52314
Car-1,2008-11-08 07:28:32,116.499174,39.523124
Car-1,2008-11-08 07:28:37,116.499174,39.523123
Car-1,2008-11-08 07:28:42,116.499172,39.523122
Car-1,2008-11-08 07:28:45,116.499172,39.523122
Car-1,2008-11-08 07:28:47,116.499175,39.523122
Car-1,2008-11-08 07:28:52,116.499187,39.523124
Car-1,2008-11-08 07:28:57,116.499193,39.523126
Car-1,2008-11-08 07:29:00,116.499193,39.523126
Car-1,2008-11-08 07:29:02,116.4992,39.523126
Car-1,2008-11-08 07:29:07,116.499191,39.523123
Car-1,2008-11-08 07:29:12,116.499178,39.523115
Car-1,2008-11-08 07:29:17,116.499211,39.523026
Car-1,2008-11-08 07:29:22,116.499214,39.523025
Car-1,2008-11-08 07:29:27,116.499215,39.523025
Car-1,2008-11-08 07:29:32,116.499213,39.523023
Car-1,2008-11-08 07:29:35,116.499213,39.523023
Car-1,2008-11-08 07:29:37,116.49922,39.523024
Car-1,2008-11-08 07:29:42,116.499241,39.52298
Car-1,2008-11-08 07:29:47,116.499272,39.522947
Car-1,2008-11-08 07:29:52,116.499322,39.522928
Car-1,2008-11-08 07:29:57,116.499351,39.522918
Car-1,2008-11-08 07:30:02,116.499352,39.52287
Car-1,2008-11-08 07:30:07,116.499352,39.522846
Car-1,2008-11-08 07:30:10,116.499352,39.522846
Car-1,2008-11-08 07:30:12,116.499356,39.522846
Car-1,2008-11-08 07:30:17,116.499369,39.522848
Car-1,2008-11-08 07:30:22,116.499394,39.522858
Car-1,2008-11-08 07:30:27,116.499439,39.522869
Car-1,2008-11-08 07:30:32,116.499463,39.522845
Car-1,2008-11-08 07:30:37,116.499454,39.522815
Car-1,2008-11-08 07:30:42,116.499477,39.522764
Car-1,2008-11-08 07:30:47,116.499472,39.52275
Car-1,2008-11-08 07:30:52,116.499478,39.522716
Car-1,2008-11-08 07:30:57,116.499473,39.522715
Car-1,2008-11-08 07:31:02,116.499471,39.522715
Car-1,2008-11-08 07:31:07,116.49947,39.522715
Car-1,2008-11-08 07:31:12,116.49947,39.522715
Car-1,2008-11-08 07:31:17,116.499473,39.522714
Car-1,2008-11-08 07:31:20,116.499473,39.522714
Car-1,2008-11-08 07:31:22,116.499481,39.522713
Car-1,2008-11-08 07:31:27,116.499493,39.522714
Car-1,2008-11-08 07:31:32,116.499506,39.522693
Car-1,2008-11-08 07:31:37,116.499511,39.522684
Car-1,2008-11-08 07:31:42,116.499507,39.522684
Car-1,2008-11-08 07:31:47,116.499505,39.522684
Car-1,2008-11-08 07:31:52,116.4995,39.52268
Car-1,2008-11-08 07:31:55,116.4995,39.52268
Car-1,2008-11-08 07:31:57,116.499498,39.522672
Car-1,2008-11-08 07:32:02,116.499502,39.522663
Car-1,2008-11-08 07:32:07,116.499527,39.522665
Car-1,2008-11-08 07:32:12,116.499549,39.52267
Car-1,2008-11-08 07:32:17,116.499551,39.522671
Car-1,2008-11-08 07:32:20,116.499551,39.522671
Car-1,2008-11-08 07:32:22,116.499552,39.522665
Car-1,2008-11-08 07:32:27,116.499563,39.52264
Car-1,2008-11-08 07:32:30,116.499563,39.52264
Car-1,2008-11-08 07:32:32,116.499564,39.522639
Car-1,2008-11-08 07:32:37,116.499554,39.522628
Car-1,2008-11-08 07:32:42,116.499509,39.522648
Car-1,2008-11-08 07:32:47,116.499501,39.522641
Car-1,2008-11-08 07:32:52,116.499499,39.522641
Car-1,2008-11-08 07:32:57,116.499499,39.522641
Car-1,2008-11-08 07:33:02,116.499501,39.522641
Car-1,2008-11-08 07:33:05,116.499501,39.522641
Car-1,2008-11-08 07:33:07,116.499502,39.522641
Car-1,2008-11-08 07:33:12,116.499528,39.522645
Car-1,2008-11-08 07:33:17,116.499551,39.522594
Car-1,2008-11-08 07:33:22,116.499553,39.522595
Car-1,2008-11-08 07:33:25,116.499553,39.522595
Car-1,2008-11-08 07:33:27,116.499548,39.522593
Car-1,2008-11-08 07:33:32,116.499536,39.522592
Car-1,2008-11-08 07:33:37,116.499509,39.522614
Car-1,2008-11-08 07:33:42,116.499509,39.522613
Car-1,2008-11-08 07:33:45,116.499509,39.522613
Car-1,2008-11-08 07:33:47,116.499514,39.522606
Car-1,2008-11-08 07:33:52,116.499537,39.522573
Car-1,2008-11-08 07:33:57,116.499545,39.522551
Car-1,2008-11-08 07:34:02,116.499546,39.522549
Car-1,2008-11-08 07:34:07,116.499544,39.522548
Car-1,2008-11-08 07:34:12,116.499539,39.522547
Car-1,2008-11-08 07:34:15,116.499539,39.522547
Car-1,2008-11-08 07:34:17,116.499533,39.522545
Car-1,2008-11-08 07:34:22,116.499533,39.522529
Car-1,2008-11-08 07:34:27,116.499529,39.522476
Car-1,2008-11-08 07:34:32,116.499572,39.522426
Car-1,2008-11-08 07:34:37,116.499602,39.522387
Car-1,2008-11-08 07:34:42,116.499625,39.522369
Car-1,2008-11-08 07:39:22,116.49969,39.522123
Car-1,2008-11-08 07:39:27,116.499687,39.522093
Car-1,2008-11-08 07:39:32,116.499673,39.522056
Car-1,2008-11-08 07:39:37,116.49965,39.522003
Car-1,2008-11-08 07:39:42,116.499589,39.521993
Car-1,2008-11-08 07:39:47,116.499533,39.52197
Car-1,2008-11-08 07:39:52,116.499481,39.521935
Car-1,2008-11-08 07:39:57,116.499427,39.521907
Car-1,2008-11-08 07:40:02,116.499388,39.521886
Car-1,2008-11-08 07:40:07,116.499384,39.521855
Car-1,2008-11-08 07:40:12,116.499372,39.521827
Car-1,2008-11-08 07:40:17,116.499361,39.521815
Car-1,2008-11-08 07:40:22,116.499338,39.521806
Car-1,2008-11-08 07:40:27,116.499331,39.521805
Car-1,2008-11-08 07:40:32,116.499331,39.521804
Car-1,2008-11-08 07:40:37,116.499336,39.521806
Car-1,2008-11-08 07:40:42,116.499336,39.521806
Car-1,2008-11-08 07:40:47,116.499336,39.521806
Car-1,2008-11-08 07:40:52,116.499337,39.521806
Car-1,2008-11-08 07:40:57,116.499337,39.521805
Car-1,2008-11-08 07:41:02,116.499337,39.521805
Car-1,2008-11-08 07:41:07,116.499336,39.521805
Car-1,2008-11-08 07:41:12,116.499336,39.521806
Car-1,2008-11-08 07:41:17,116.499336,39.521805
Car-1,2008-11-08 07:41:22,116.499336,39.521804
Car-1,2008-11-08 07:41:27,116.499336,39.521804
Car-1,2008-11-08 07:41:32,116.499336,39.521804
Car-1,2008-11-08 07:41:37,116.499335,39.521803
Car-1,2008-11-08 07:41:42,116.499334,39.521802
Car-1,2008-11-08 07:41:47,116.499333,39.521802
Car-1,2008-11-08 07:41:52,116.499332,39.521802
Car-1,2008-11-08 07:41:57,116.499332,39.521801
Car-1,2008-11-08 07:42:02,116.499331,39.521801
Car-1,2008-11-08 07:42:07,116.499331,39.5218
Car-1,2008-11-08 07:42:12,116.49933,39.521799
Car-1,2008-11-08 07:42:17,116.49933,39.521798
Car-1,2008-11-08 07:42:20,116.49933,39.521798
Car-1,2008-11-08 07:42:22,116.499329,39.521798
Car-1,2008-11-08 07:42:27,116.499287,39.521785
Car-1,2008-11-08 07:42:32,116.49927,39.521781
Car-1,2008-11-08 07:42:37,116.499253,39.521779
Car-1,2008-11-08 07:42:42,116.499201,39.521772
Car-1,2008-11-08 07:42:47,116.49916,39.521763
Car-1,2008-11-08 07:42:52,116.499139,39.521741
Car-1,2008-11-08 07:42:57,116.499099,39.521733
Car-1,2008-11-08 07:43:02,116.499078,39.521707
Car-1,2008-11-08 07:43:07,116.499088,39.521692
Car-1,2008-11-08 07:43:12,116.499088,39.521688
Car-1,2008-11-08 07:43:17,116.499093,39.521685
Car-1,2008-11-08 07:43:22,116.499096,39.521683
Car-1,2008-11-08 07:43:27,116.499097,39.521683
Car-1,2008-11-08 07:43:32,116.499099,39.521685
Car-1,2008-11-08 07:43:37,116.4991,39.521686
Car-1,2008-11-08 07:43:42,116.499102,39.521687
Car-1,2008-11-08 07:43:45,116.499102,39.521687
Car-1,2008-11-08 07:43:47,116.499094,39.521681
Car-1,2008-11-08 07:43:52,116.499064,39.521679
Car-1,2008-11-08 07:43:57,116.499078,39.521679
Car-1,2008-11-08 07:44:02,116.499068,39.52164
Car-1,2008-11-08 07:44:07,116.499048,39.521615
Car-1,2008-11-08 07:44:12,116.499049,39.521621
Car-1,2008-11-08 07:44:15,116.499049,39.521621
Car-1,2008-11-08 07:44:17,116.499051,39.521621
Car-1,2008-11-08 07:44:22,116.499039,39.521609
Car-1,2008-11-08 07:44:27,116.499049,39.521607
Car-1,2008-11-08 07:44:32,116.499053,39.521609
Car-1,2008-11-08 07:44:35,116.499053,39.521609
Car-1,2008-11-08 07:44:37,116.49906,39.521611
Car-1,2008-11-08 07:44:42,116.499057,39.521593
Car-1,2008-11-08 07:44:47,116.499046,39.52153
Car-1,2008-11-08 07:44:52,116.499054,39.521468
Car-1,2008-11-08 07:44:57,116.499055,39.521409
Car-1,2008-11-08 07:45:02,116.499052,39.521359
Car-1,2008-11-08 07:45:07,116.499054,39.521301
Car-1,2008-11-08 07:45:12,116.499046,39.52126
Car-1,2008-11-08 07:45:17,116.499032,39.521226
Car-1,2008-11-08 07:45:22,116.499031,39.521201
Car-1,2008-11-08 07:45:27,116.499034,39.521201
Car-1,2008-11-08 07:45:32,116.499034,39.521202
Car-1,2008-11-08 07:45:37,116.499031,39.521202
Car-1,2008-11-08 07:45:40,116.499031,39.521202
Car-1,2008-11-08 07:45:42,116.499023,39.5212
Car-1,2008-11-08 07:45:47,116.499011,39.521206
Car-1,2008-11-08 07:45:52,116.499016,39.521206
Car-1,2008-11-08 07:45:57,116.49901,39.521206
Car-1,2008-11-08 07:46:02,116.499009,39.521206
Car-1,2008-11-08 07:46:07,116.499011,39.521205
Car-1,2008-11-08 07:46:12,116.499017,39.52121
Car-1,2008-11-08 07:46:17,116.499023,39.521205
Car-1,2008-11-08 07:46:22,116.499024,39.521206
Car-1,2008-11-08 07:46:27,116.49902,39.521205
Car-1,2008-11-08 07:46:32,116.49902,39.521205
Car-1,2008-11-08 07:46:37,116.499016,39.521203
Car-1,2008-11-08 07:46:42,116.499013,39.521202
Car-1,2008-11-08 07:46:47,116.499014,39.521201
Car-1,2008-11-08 07:46:52,116.499015,39.521201
Car-1,2008-11-08 07:46:57,116.499015,39.521201
Car-1,2008-11-08 07:47:02,116.499015,39.521201
Car-1,2008-11-08 07:47:07,116.499015,39.521201
Car-1,2008-11-08 07:47:12,116.499016,39.5212
Car-1,2008-11-08 07:47:17,116.499016,39.5212
Car-1,2008-11-08 07:47:20,116.499016,39.5212
Car-1,2008-11-08 07:47:22,116.499015,39.521199
Car-1,2008-11-08 07:47:27,116.499007,39.521186
Car-1,2008-11-08 07:47:32,116.498997,39.521131
Car-1,2008-11-08 07:47:37,116.498982,39.521063
Car-1,2008-11-08 07:47:42,116.498928,39.521025
Car-1,2008-11-08 07:47:47,116.498879,39.520978
Car-1,2008-11-08 07:47:52,116.498804,39.520972
Car-1,2008-11-08 07:47:57,116.498736,39.520952
Car-1,2008-11-08 07:48:02,116.49868,39.520931
Car-1,2008-11-08 07:48:07,116.498642,39.520923
Car-1,2008-11-08 07:48:12,116.498614,39.520926
Car-1,2008-11-08 07:48:17,116.498566,39.520909
Car-1,2008-11-08 07:48:22,116.498519,39.520886
Car-1,2008-11-08 07:48:27,116.498447,39.520891
Car-1,2008-11-08 07:48:32,116.498384,39.520877
Car-1,2008-11-08 07:48:37,116.498305,39.520869
Car-1,2008-11-08 07:48:42,116.498241,39.520836
Car-1,2008-11-08 07:48:47,116.498162,39.520855
Car-1,2008-11-08 07:51:52,116.498461,39.520739
Car-1,2008-11-08 07:51:57,116.498496,39.520715
Car-1,2008-11-08 07:52:02,116.498546,39.520664
Car-1,2008-11-08 07:52:07,116.498596,39.520649
Car-1,2008-11-08 07:52:12,116.498639,39.520615
Car-1,2008-11-08 07:52:17,116.498632,39.520574
Car-1,2008-11-08 07:52:22,116.498629,39.520534
Car-1,2008-11-08 07:52:27,116.498642,39.520501
Car-1,2008-11-08 07:52:32,116.498665,39.520462
Car-1,2008-11-08 07:52:37,116.498686,39.520423
Car-1,2008-11-08 07:52:42,116.498703,39.520377
Car-1,2008-11-08 07:52:47,116.498757,39.520342
Car-1,2008-11-08 07:52:52,116.498803,39.520299
Car-1,2008-11-08 07:52:57,116.498799,39.520271
Car-1,2008-11-08 07:53:02,116.498829,39.52023
Car-1,2008-11-08 07:53:07,116.498866,39.520188
Car-1,2008-11-08 07:53:12,116.498883,39.520151
Car-1,2008-11-08 07:53:17,116.498925,39.5201
Car-1,2008-11-08 07:53:22,116.498982,39.520062
Car-1,2008-11-08 07:53:27,116.498984,39.520012
Car-1,2008-11-08 07:53:32,116.498999,39.519977
Car-1,2008-11-08 07:53:37,116.499017,39.519946
Car-1,2008-11-08 07:53:42,116.499017,39.51993
Car-1,2008-11-08 07:53:45,116.499017,39.51993
Car-1,2008-11-08 07:53:47,116.499023,39.51993
Car-1,2008-11-08 07:53:52,116.499033,39.519911
Car-1,2008-11-08 07:53:57,116.499032,39.51988
Car-1,2008-11-08 07:54:02,116.499047,39.519869
Car-1,2008-11-08 07:54:07,116.499045,39.519866
Car-1,2008-11-08 07:54:12,116.49904,39.519865
Car-1,2008-11-08 07:54:17,116.499038,39.519867
Car-1,2008-11-08 07:54:22,116.499038,39.519867
Car-1,2008-11-08 07:54:27,116.499039,39.519867
Car-1,2008-11-08 07:54:32,116.499039,39.519866
Car-1,2008-11-08 07:54:37,116.49904,39.519865
Car-1,2008-11-08 07:54:42,116.49904,39.519865
Car-1,2008-11-08 07:54:47,116.499041,39.519864
Car-1,2008-11-08 07:54:50,116.499041,39.519864
Car-1,2008-11-08 07:54:52,116.499043,39.519858
Car-1,2008-11-08 07:54:57,116.499068,39.519801
Car-1,2008-11-08 07:55:02,116.499083,39.519733
Car-1,2008-11-08 07:55:07,116.499096,39.519677
Car-1,2008-11-08 07:55:12,116.49912,39.519628
Car-1,2008-11-08 07:55:17,116.49913,39.519603
Car-1,2008-11-08 07:55:22,116.499121,39.519565
Car-1,2008-11-08 07:55:27,116.49912,39.51952
Car-1,2008-11-08 07:55:32,116.499126,39.519479
Car-1,2008-11-08 07:55:37,116.499127,39.519445
Car-1,2008-11-08 07:55:42,116.49914,39.519414
Car-1,2008-11-08 07:55:47,116.499132,39.519395
Car-1,2008-11-08 07:55:52,116.499141,39.51935
Car-1,2008-11-08 07:55:57,116.499149,39.519303
Car-1,2008-11-08 07:56:02,116.499154,39.519274
Car-1,2008-11-08 07:56:07,116.499171,39.519227
Car-1,2008-11-08 07:56:12,116.499186,39.519188
Car-1,2008-11-08 07:56:17,116.499205,39.519147
Car-1,2008-11-08 07:56:22,116.499216,39.519111
Car-1,2008-11-08 07:56:27,116.499221,39.51909
Car-1,2008-11-08 07:56:32,116.499228,39.519053
Car-1,2008-11-08 07:56:37,116.499236,39.519017
Car-1,2008-11-08 07:56:42,116.499234,39.518985
Car-1,2008-11-08 07:56:47,116.499247,39.518972
Car-1,2008-11-08 07:56:52,116.499254,39.518951
Car-1,2008-11-08 07:56:57,116.499262,39.518935
Car-1,2008-11-08 07:57:02,116.499277,39.518892
Car-1,2008-11-08 07:57:07,116.499274,39.518845
Car-1,2008-11-08 07:57:12,116.499256,39.5188
Car-1,2008-11-08 07:57:17,116.499244,39.518752
Car-1,2008-11-08 07:57:22,116.49923,39.518716
Car-1,2008-11-08 07:57:27,116.499224,39.518677
Car-1,2008-11-08 07:57:32,116.499227,39.51864
Car-1,2008-11-08 07:57:37,116.499245,39.518617
Car-1,2008-11-08 07:57:42,116.49924,39.51859
Car-1,2008-11-08 07:57:47,116.499245,39.518583
Car-1,2008-11-08 07:57:50,116.499245,39.518583
Car-1,2008-11-08 07:57:52,116.499241,39.518579
Car-1,2008-11-08 07:57:57,116.499232,39.518577
Car-1,2008-11-08 07:58:00,116.499232,39.518577
Car-1,2008-11-08 07:58:02,116.499228,39.518573
Car-1,2008-11-08 07:58:07,116.49922,39.518555
Car-1,2008-11-08 07:58:12,116.499196,39.51853
Car-1,2008-11-08 07:58:17,116.499202,39.518472
Car-1,2008-11-08 07:58:22,116.499215,39.518443
Car-1,2008-11-08 07:58:27,116.499217,39.518422
Car-1,2008-11-08 07:58:32,116.499234,39.518385
Car-1,2008-11-08 07:58:37,116.499227,39.518352
Car-1,2008-11-08 07:58:42,116.49923,39.518333
Car-1,2008-11-08 07:58:47,116.499224,39.518318
Car-1,2008-11-08 07:58:52,116.499227,39.518301
Car-1,2008-11-08 07:58:57,116.499225,39.51829
Car-1,2008-11-08 07:59:02,116.499226,39.518278
Car-1,2008-11-08 07:59:05,116.499226,39.518278
Car-1,2008-11-08 07:59:07,116.499225,39.518271
Car-1,2008-11-08 07:59:12,116.499195,39.518248
Car-1,2008-11-08 07:59:17,116.49912,39.518247
Car-1,2008-11-08 07:59:22,116.499063,39.518236
Car-1,2008-11-08 07:59:27,116.499019,39.518204
Car-1,2008-11-08 07:59:32,116.498968,39.518194
Car-1,2008-11-08 07:59:37,116.498914,39.518183
Car-1,2008-11-08 07:59:42,116.498861,39.518168
Car-1,2008-11-08 08:12:32,116.499174,39.518234
Car-1,2008-11-08 08:12:37,116.49923,39.518252
Car-1,2008-11-08 08:12:42,116.49922,39.51825
Car-1,2008-11-08 08:12:45,116.49922,39.51825
Car-1,2008-11-08 08:12:47,116.499219,39.518249
Car-1,2008-11-08 08:12:52,116.499231,39.518248
Car-1,2008-11-08 08:12:57,116.499269,39.518236
Car-1,2008-11-08 08:13:02,116.499323,39.518229
Car-1,2008-11-08 08:13:07,116.499377,39.51822
Car-1,2008-11-08 08:13:12,116.499417,39.518199
Car-1,2008-11-08 08:13:17,116.499442,39.518163
Car-1,2008-11-08 08:13:22,116.499456,39.518118
Car-1,2008-11-08 08:13:27,116.499458,39.518071
Car-1,2008-11-08 08:13:32,116.499463,39.518034
Car-1,2008-11-08 08:13:37,116.499481,39.517995
Car-1,2008-11-08 08:13:42,116.499481,39.517945
Car-1,2008-11-08 08:13:47,116.499504,39.517895
Car-1,2008-11-08 08:13:52,116.49952,39.517853
Car-1,2008-11-08 08:13:57,116.499545,39.517821
Car-1,2008-11-08 08:14:02,116.499552,39.517794
Car-1,2008-11-08 08:14:07,116.499546,39.517767
Car-1,2008-11-08 08:14:12,116.499517,39.517758
Car-1,2008-11-08 08:14:17,116.49949,39.517729
Car-1,2008-11-08 08:14:22,116.49948,39.517685
Car-1,2008-11-08 08:14:27,116.499502,39.517679
Car-1,2008-11-08 08:14:32,116.499505,39.517682
Car-1,2008-11-08 08:14:35,116.499505,39.517682
Car-1,2008-11-08 08:14:37,116.499506,39.517681
Car-1,2008-11-08 08:14:42,116.499517,39.517645
Car-1,2008-11-08 08:14:47,116.499526,39.5176
Car-1,2008-11-08 08:14:52,116.499542,39.517555
Car-1,2008-11-08 08:14:57,116.499549,39.517514
Car-1,2008-11-08 08:15:02,116.499573,39.517481
Car-1,2008-11-08 08:15:07,116.49957,39.517478
Car-1,2008-11-08 08:15:12,116.499569,39.517476
Car-1,2008-11-08 08:15:15,116.499569,39.517476
Car-1,2008-11-08 08:15:17,116.499564,39.517472
Car-1,2008-11-08 08:15:22,116.499572,39.517436
Car-1,2008-11-08 08:15:25,116.499572,39.517436
Car-1,2008-11-08 08:15:27,116.499566,39.517432
Car-1,2008-11-08 08:15:32,116.499582,39.517392
Car-1,2008-11-08 08:15:37,116.499575,39.517367
Car-1,2008-11-08 08:15:42,116.499579,39.517345
Car-1,2008-11-08 08:15:47,116.499591,39.517315
Car-1,2008-11-08 08:15:52,116.499604,39.517298
Car-1,2008-11-08 08:15:57,116.499617,39.517284
Car-1,2008-11-08 08:16:00,116.499617,39.517284
Car-1,2008-11-08 08:16:02,116.499623,39.517276
Car-1,2008-11-08 08:16:07,116.499629,39.517259
Car-1,2008-11-08 08:16:12,116.499645,39.517229
Car-1,2008-11-08 08:16:17,116.499638,39.517216
Car-1,2008-11-08 08:16:22,116.499615,39.517205
Car-1,2008-11-08 08:16:27,116.499606,39.517188
Car-1,2008-11-08 08:16:32,116.499619,39.517162
Car-1,2008-11-08 08:16:37,116.499632,39.517145
Car-1,2008-11-08 08:16:42,116.499637,39.517139
Car-1,2008-11-08 08:16:45,116.499637,39.517139
Car-1,2008-11-08 08:16:47,116.499638,39.517137
Car-1,2008-11-08 08:16:52,116.499645,39.517123
Car-1,2008-11-08 08:16:57,116.499655,39.517112
Car-1,2008-11-08 08:17:02,116.499653,39.517096
Car-1,2008-11-08 08:17:07,116.499663,39.517063
Car-1,2008-11-08 08:17:12,116.499638,39.517041
Car-1,2008-11-08 08:17:17,116.499569,39.517036
Car-1,2008-11-08 08:17:22,116.499532,39.517045
Car-1,2008-11-08 08:17:27,116.499496,39.51703
Car-1,2008-11-08 08:17:32,116.499475,39.517007
Car-1,2008-11-08 08:17:37,116.499452,39.517004
Car-1,2008-11-08 08:17:42,116.499443,39.517002
Car-1,2008-11-08 08:17:45,116.499443,39.517002
Car-1,2008-11-08 08:17:47,116.499437,39.517001
Car-1,2008-11-08 08:17:52,116.499448,39.516986
Car-1,2008-11-08 08:17:57,116.499466,39.516967
Car-1,2008-11-08 08:18:02,116.499515,39.516934
Car-1,2008-11-08 08:18:07,116.499539,39.51692
Car-1,2008-11-08 08:18:12,116.499534,39.516901
Car-1,2008-11-08 08:18:17,116.499511,39.516879
Car-1,2008-11-08 08:18:22,116.499486,39.516868
Car-1,2008-11-08 08:18:27,116.499482,39.516862
Car-1,2008-11-08 08:18:32,116.499474,39.516864
Car-1,2008-11-08 08:18:35,116.499474,39.516864
Car-1,2008-11-08 08:18:37,116.499471,39.516864
Car-1,2008-11-08 08:18:42,116.49948,39.516854
Car-1,2008-11-08 08:18:47,116.499527,39.516805
Car-1,2008-11-08 08:18:52,116.499533,39.516795
Car-1,2008-11-08 08:18:57,116.499538,39.516784
Car-1,2008-11-08 08:19:02,116.499541,39.516774
Car-1,2008-11-08 08:19:05,116.499541,39.516774
Car-1,2008-11-08 08:19:07,116.499535,39.51677
Car-1,2008-11-08 08:19:12,116.499532,39.51678
Car-1,2008-11-08 08:19:17,116.499528,39.516779
Car-1,2008-11-08 08:19:22,116.499528,39.516779
Car-1,2008-11-08 08:19:27,116.499521,39.516778
Car-1,2008-11-08 08:19:32,116.499517,39.516777
Car-1,2008-11-08 08:19:37,116.499519,39.516778
Car-1,2008-11-08 08:19:42,116.499524,39.51678
Car-1,2008-11-08 08:19:47,116.499532,39.516783
Car-1,2008-11-08 08:19:52,116.499538,39.516785
Car-1,2008-11-08 08:19:57,116.499546,39.516787
Car-1,2008-11-08 08:20:02,116.499553,39.516789
Car-1,2008-11-08 08:20:07,116.499555,39.51679
Car-1,2008-11-08 08:20:12,116.499548,39.516789
Car-1,2008-11-08 08:20:17,116.499544,39.516788
Car-1,2008-11-08 08:20:22,116.499544,39.516789
Car-1,2008-11-08 08:20:27,116.499543,39.516789
Car-1,2008-11-08 08:20:32,116.499542,39.51679
Car-1,2008-11-08 08:20:35,116.499542,39.51679
Car-1,2008-11-08 08:20:37,116.499541,39.51679
Car-1,2008-11-08 08:20:42,116.499515,39.516792
Car-1,2008-11-08 08:20:47,116.499422,39.516801
Car-1,2008-11-08 08:20:52,116.499328,39.516798
Car-1,2008-11-08 08:20:57,116.499241,39.516794
Car-1,2008-11-08 08:21:02,116.49916,39.516783
Car-1,2008-11-08 08:21:07,116.499087,39.516768
Car-1,2008-11-08 08:21:12,116.49902,39.516766
Car-1,2008-11-08 08:21:17,116.498943,39.516754
Car-1,2008-11-08 08:21:22,116.498928,39.51675
Car-1,2008-11-08 08:21:25,116.498928,39.51675
Car-1,2008-11-08 08:21:27,116.498926,39.51675
Car-1,2008-11-08 08:21:32,116.4989,39.516742
Car-1,2008-11-08 08:21:37,116.498838,39.516731
Car-1,2008-11-08 08:21:42,116.4988,39.51671
Car-1,2008-11-08 08:21:47,116.498845,39.516713
Car-1,2008-11-08 08:21:52,116.498898,39.516741
Car-1,2008-11-08 08:21:57,116.49896,39.516736
Car-1,2008-11-08 08:22:02,116.499017,39.516748
Car-1,2008-11-08 08:22:07,116.499037,39.516751
Car-1,2008-11-08 08:22:12,116.499073,39.516754
Car-1,2008-11-08 08:22:17,116.499123,39.516741
Car-1,2008-11-08 08:22:22,116.499179,39.516694
Car-1,2008-11-08 08:22:27,116.499209,39.51663
Car-1,2008-11-08 08:22:32,116.499203,39.516574
Car-1,2008-11-08 08:22:37,116.499211,39.516553
Car-1,2008-11-08 08:22:42,116.499225,39.516563
Car-1,2008-11-08 08:22:47,116.499256,39.516562
Car-1,2008-11-08 08:22:52,116.499274,39.516569
Car-1,2008-11-08 08:22:57,116.499277,39.516572
Car-1,2008-11-08 08:23:02,116.499277,39.51658
Car-1,2008-11-08 08:23:07,116.499275,39.516588
Car-1,2008-11-08 08:23:12,116.49927,39.516594
Car-1,2008-11-08 08:23:15,116.49927,39.516594
Car-1,2008-11-08 08:23:17,116.499264,39.516591
Car-1,2008-11-08 08:23:22,116.499265,39.516572
Car-1,2008-11-08 08:23:27,116.499269,39.516554
Car-1,2008-11-08 08:23:32,116.499284,39.516552
Car-1,2008-11-08 08:23:37,116.499292,39.516551
Car-1,2008-11-08 08:23:40,116.499292,39.516551
Car-1,2008-11-08 08:23:42,116.499289,39.516551
Car-1,2008-11-08 08:23:47,116.49927,39.516539
Car-1,2008-11-08 08:23:52,116.499231,39.516532
Car-1,2008-11-08 08:23:57,116.499199,39.516506
Car-1,2008-11-08 08:24:02,116.499189,39.516484
Car-1,2008-11-08 08:24:07,116.499229,39.51648
Car-1,2008-11-08 08:24:12,116.49924,39.516478
Car-1,2008-11-08 08:24:15,116.49924,39.516478
Car-1,2008-11-08 08:24:17,116.499242,39.516475
Car-1,2008-11-08 08:24:22,116.49923,39.516468
Car-1,2008-11-08 08:24:27,116.499141,39.51645
Car-1,2008-11-08 08:24:32,116.499104,39.516436
Car-1,2008-11-08 08:24:37,116.499084,39.516431
Car-1,2008-11-08 08:24:42,116.499081,39.516426
Car-1,2008-11-08 08:24:45,116.499081,39.516426
Car-1,2008-11-08 08:24:47,116.499075,39.51643
Car-1,2008-11-08 08:24:52,116.499061,39.516499
Car-1,2008-11-08 08:24:57,116.499079,39.516525
Car-1,2008-11-08 08:25:02,116.499087,39.516541
Car-1,2008-11-08 08:25:07,116.499078,39.516535
Car-1,2008-11-08 08:25:10,116.499078,39.516535
Car-1,2008-11-08 08:25:12,116.499072,39.516536
Car-1,2008-11-08 08:25:17,116.499052,39.51651
Car-1,2008-11-08 08:25:22,116.499007,39.516441
Car-1,2008-11-08 08:25:27,116.498954,39.516406
Car-1,2008-11-08 08:25:32,116.498928,39.516406
Car-1,2008-11-08 08:25:37,116.498921,39.516404
Car-1,2008-11-08 08:25:42,116.498917,39.5164
Car-1,2008-11-08 08:25:45,116.498917,39.5164
Car-1,2008-11-08 08:25:47,116.498919,39.516394
Car-1,2008-11-08 08:25:52,116.498934,39.516378
Car-1,2008-11-08 08:25:57,116.498931,39.516359
Car-1,2008-11-08 08:26:02,116.498943,39.516346
Car-1,2008-11-08 08:26:07,116.498911,39.516344
Car-1,2008-11-08 08:26:12,116.498868,39.516358
Car-1,2008-11-08 08:26:17,116.498833,39.516337
Car-1,2008-11-08 08:26:22,116.498798,39.516323
Car-1,2008-11-08 08:26:27,116.498794,39.516325
Car-1,2008-11-08 08:26:32,116.498792,39.516321
Car-1,2008-11-08 08:26:37,116.49879,39.516313
Car-1,2008-11-08 08:26:42,116.498791,39.516308
Car-1,2008-11-08 08:26:47,116.498794,39.516301
Car-1,2008-11-08 08:26:52,116.498793,39.516299
Car-1,2008-11-08 08:26:55,116.498793,39.516299
Car-1,2008-11-08 08:26:57,116.498791,39.516301
Car-1,2008-11-08 08:27:02,116.498781,39.516306
Car-1,2008-11-08 08:27:07,116.49877,39.516304
Car-1,2008-11-08 08:27:12,116.498754,39.516256
Car-1,2008-11-08 08:27:17,116.498751,39.516234
Car-1,2008-11-08 08:27:22,116.498745,39.516226
Car-1,2008-11-08 08:27:25,116.498745,39.516226
Car-1,2008-11-08 08:27:27,116.49874,39.51622
Car-1,2008-11-08 08:27:32,116.498722,39.516207
Car-1,2008-11-08 08:27:37,116.498717,39.516204
Car-1,2008-11-08 08:27:42,116.498713,39.516206
Car-1,2008-11-08 08:27:47,116.498705,39.516211
Car-1,2008-11-08 08:27:52,116.498698,39.516216
Car-1,2008-11-08 08:27:55,116.498698,39.516216
Car-1,2008-11-08 08:27:57,116.498694,39.516224
Car-1,2008-11-08 08:28:02,116.498715,39.516262
Car-1,2008-11-08 08:28:07,116.498747,39.516302
Car-1,2008-11-08 08:28:12,116.498784,39.516327
Car-1,2008-11-08 08:28:17,116.498796,39.516329
Car-1,2008-11-08 08:28:22,116.498799,39.516329
Car-1,2008-11-08 08:28:27,116.498795,39.516328
Car-1,2008-11-08 08:28:32,116.49879,39.516327
Car-1,2008-11-08 08:28:37,116.498793,39.516327
Car-1,2008-11-08 08:28:40,116.498793,39.516327
Car-1,2008-11-08 08:28:42,116.498787,39.516326
Car-1,2008-11-08 08:28:47,116.498797,39.516328
Car-1,2008-11-08 08:28:52,116.498803,39.516327
Car-1,2008-11-08 08:28:55,116.498803,39.516327
Car-1,2008-11-08 08:28:57,116.498803,39.516325
Car-1,2008-11-08 08:29:02,116.498771,39.516315
Car-1,2008-11-08 08:29:07,116.498756,39.516264
Car-1,2008-11-08 08:29:12,116.498773,39.516218
Car-1,2008-11-08 08:29:17,116.498781,39.516165
Car-1,2008-11-08 08:29:22,116.498783,39.51611
Car-1,2008-11-08 08:29:27,116.49878,39.516078
Car-1,2008-11-08 08:29:32,116.498779,39.516047
Car-1,2008-11-08 08:29:37,116.498776,39.516022
Car-1,2008-11-08 08:29:42,116.49877,39.516021
Car-1,2008-11-08 08:29:47,116.49877,39.516016
Car-1,2008-11-08 08:29:50,116.49877,39.516016
Car-1,2008-11-08 08:29:52,116.498764,39.516014
Car-1,2008-11-08 08:29:57,116.498774,39.516003
Car-1,2008-11-08 08:30:02,116.498815,39.515976
Car-1,2008-11-08 08:30:07,116.498831,39.515941
Car-1,2008-11-08 08:30:12,116.498836,39.515904
Car-1,2008-11-08 08:30:17,116.498832,39.515899
Car-1,2008-11-08 08:30:22,116.498824,39.515891
Car-1,2008-11-08 08:30:25,116.498824,39.515891
Car-1,2008-11-08 08:30:27,116.498818,39.515883
Car-1,2008-11-08 08:30:32,116.498819,39.51587
Car-1,2008-11-08 08:30:37,116.498813,39.515814
Car-1,2008-11-08 08:30:42,116.498822,39.515757
Car-1,2008-11-08 08:30:47,116.498808,39.515701
Car-1,2008-11-08 08:30:52,116.498815,39.515658
Car-1,2008-11-08 08:30:57,116.498802,39.515621
Car-1,2008-11-08 08:31:02,116.498809,39.51559
Car-1,2008-11-08 08:31:07,116.498804,39.515575
Car-1,2008-11-08 08:31:12,116.498796,39.515571
Car-1,2008-11-08 08:31:15,116.498796,39.515571
Car-1,2008-11-08 08:31:17,116.498803,39.51557
Car-1,2008-11-08 08:31:22,116.498855,39.515503
Car-1,2008-11-08 08:31:27,116.498859,39.515502
Car-1,2008-11-08 08:31:32,116.498859,39.515501
Car-1,2008-11-08 08:31:37,116.498866,39.515502
Car-1,2008-11-08 08:31:42,116.498871,39.515502
Car-1,2008-11-08 08:31:45,116.498871,39.515502
Car-1,2008-11-08 08:31:47,116.498876,39.515502
Car-1,2008-11-08 08:31:52,116.498929,39.515465
Car-1,2008-11-08 08:31:57,116.498982,39.515462
Car-1,2008-11-08 08:32:02,116.498995,39.515445
Car-1,2008-11-08 08:32:07,116.498997,39.515435
Car-1,2008-11-08 08:32:12,116.499001,39.515432
Car-1,2008-11-08 08:32:15,116.499001,39.515432
Car-1,2008-11-08 08:32:17,116.499009,39.51543
Car-1,2008-11-08 08:32:22,116.49902,39.515424
Car-1,2008-11-08 08:32:27,116.499002,39.515412
Car-1,2008-11-08 08:32:32,116.498974,39.515423
Car-1,2008-11-08 08:32:37,116.498963,39.515421
Car-1,2008-11-08 08:32:42,116.498965,39.515372
Car-1,2008-11-08 08:32:47,116.498973,39.51529
Car-1,2008-11-08 08:32:52,116.498968,39.515233
Car-1,2008-11-08 08:32:57,116.498965,39.515181
Car-1,2008-11-08 08:33:02,116.498952,39.515192
Car-1,2008-11-08 08:33:07,116.49895,39.515192
Car-1,2008-11-08 08:33:10,116.49895,39.515192
Car-1,2008-11-08 08:33:12,116.498943,39.51519
Car-1,2008-11-08 08:33:17,116.498955,39.515188
Car-1,2008-11-08 08:33:22,116.49898,39.515184
Car-1,2008-11-08 08:33:27,116.498935,39.515192
Car-1,2008-11-08 08:33:32,116.498871,39.515182
Car-1,2008-11-08 08:33:37,116.498854,39.515192
Car-1,2008-11-08 08:33:42,116.498859,39.51519
Car-1,2008-11-08 08:33:47,116.498861,39.51519
Car-1,2008-11-08 08:33:52,116.498863,39.51519
Car-1,2008-11-08 08:33:57,116.498864,39.515191
Car-1,2008-11-08 08:34:02,116.498862,39.515191
Car-1,2008-11-08 08:34:07,116.498861,39.515191
Car-1,2008-11-08 08:34:12,116.498861,39.515191
Car-1,2008-11-08 08:34:17,116.498861,39.51519
Car-1,2008-11-08 08:34:22,116.498861,39.515189
Car-1,2008-11-08 08:34:27,116.49886,39.515187
Car-1,2008-11-08 08:34:32,116.49886,39.515186
Car-1,2008-11-08 08:34:37,116.49886,39.515184
Car-1,2008-11-08 08:34:40,116.49886,39.515184
Car-1,2008-11-08 08:34:42,116.498857,39.515177
Car-1,2008-11-08 08:34:47,116.498841,39.515122
Car-1,2008-11-08 08:34:52,116.498811,39.515098
Car-1,2008-11-08 08:34:57,116.498796,39.515096
Car-1,2008-11-08 08:35:00,116.498796,39.515096
Car-1,2008-11-08 08:35:02,116.498788,39.515092
Car-1,2008-11-08 08:35:07,116.498778,39.515088
Car-1,2008-11-08 08:35:10,116.498778,39.515088
Car-1,2008-11-08 08:35:12,116.498773,39.515082
Car-1,2008-11-08 08:35:17,116.498784,39.515055
Car-1,2008-11-08 08:35:22,116.498787,39.515007
Car-1,2008-11-08 08:35:27,116.498799,39.514978
Car-1,2008-11-08 08:35:32,116.498808,39.514965
Car-1,2008-11-08 08:35:37,116.49881,39.514958
Car-1,2008-11-08 08:35:42,116.498811,39.514957
Car-1,2008-11-08 08:35:45,116.498811,39.514957
Car-1,2008-11-08 08:35:47,116.498815,39.514955
Car-1,2008-11-08 08:35:52,116.498811,39.514934
Car-1,2008-11-08 08:35:57,116.498815,39.514899
Car-1,2008-11-08 08:36:02,116.498815,39.514887
Car-1,2008-11-08 08:36:07,116.498814,39.514874
Car-1,2008-11-08 08:36:12,116.498814,39.514865
Car-1,2008-11-08 08:36:17,116.498815,39.514854
Car-1,2008-11-08 08:36:22,116.498816,39.514829
Car-1,2008-11-08 08:36:27,116.498823,39.514817
Car-1,2008-11-08 08:36:32,116.498824,39.514819
Car-1,2008-11-08 08:36:37,116.498824,39.514821
Car-1,2008-11-08 08:36:42,116.498823,39.514822
Car-1,2008-11-08 08:36:47,116.498823,39.514822
Car-1,2008-11-08 08:36:52,116.498823,39.514822
Car-1,2008-11-08 08:36:57,116.498823,39.514822
Car-1,2008-11-08 08:37:02,116.498823,39.514822
Car-1,2008-11-08 08:37:07,116.498823,39.514822
Car-1,2008-11-08 08:37:12,116.498823,39.514821
Car-1,2008-11-08 08:37:17,116.498823,39.514821
Car-1,2008-11-08 08:37:20,116.498823,39.514821
Car-1,2008-11-08 08:37:22,116.498822,39.514819
Car-1,2008-11-08 08:37:27,116.498812,39.514762
Car-1,2008-11-08 08:37:32,116.498817,39.5147
Car-1,2008-11-08 08:37:37,116.498833,39.514645
Car-1,2008-11-08 08:37:42,116.498867,39.514569
Car-1,2008-11-08 08:37:47,116.498882,39.51452
Car-1,2008-11-08 08:37:52,116.498868,39.514476
Car-1,2008-11-08 08:37:57,116.498873,39.514438
Car-1,2008-11-08 08:38:02,116.498863,39.514435
Car-1,2008-11-08 08:38:07,116.498861,39.514429
Car-1,2008-11-08 08:38:12,116.498862,39.514429
Car-1,2008-11-08 08:38:17,116.498866,39.514429
Car-1,2008-11-08 08:38:20,116.498866,39.514429
Car-1,2008-11-08 08:38:22,116.498865,39.514427
Car-1,2008-11-08 08:38:27,116.498868,39.5144
Car-1,2008-11-08 08:38:32,116.498884,39.514338
Car-1,2008-11-08 08:38:37,116.498881,39.514307
Car-1,2008-11-08 08:38:40,116.498881,39.514307
Car-1,2008-11-08 08:38:42,116.49888,39.514305
Car-1,2008-11-08 08:38:47,116.498871,39.514301
Car-1,2008-11-08 08:38:52,116.498878,39.514302
Car-1,2008-11-08 08:38:57,116.498882,39.514301
Car-1,2008-11-08 08:39:02,116.49888,39.5143
Car-1,2008-11-08 08:39:07,116.498879,39.514298
Car-1,2008-11-08 08:39:12,116.498882,39.514298
Car-1,2008-11-08 08:39:17,116.498881,39.514297
Car-1,2008-11-08 08:39:22,116.498885,39.514296
Car-1,2008-11-08 08:39:27,116.498885,39.514294
Car-1,2008-11-08 08:39:32,116.498883,39.514293
Car-1,2008-11-08 08:39:37,116.49888,39.51429
Car-1,2008-11-08 08:39:42,116.498872,39.514287
Car-1,2008-11-08 08:39:47,116.498871,39.514285
Car-1,2008-11-08 08:39:50,116.498871,39.514285
Car-1,2008-11-08 08:39:52,116.49887,39.514282
Car-1,2008-11-08 08:39:57,116.498881,39.514112
Car-1,2008-11-08 08:40:02,116.498885,39.514034
Car-1,2008-11-08 08:40:07,116.498906,39.513996
Car-1,2008-11-08 08:40:12,116.498911,39.513966
Car-1,2008-11-08 08:40:17,116.498922,39.51394
Car-1,2008-11-08 08:40:22,116.49891,39.513923
Car-1,2008-11-08 08:40:27,116.498918,39.513888
Car-1,2008-11-08 08:40:32,116.498921,39.513862
Car-1,2008-11-08 08:40:37,116.498922,39.513811
Car-1,2008-11-08 08:40:42,116.498931,39.513777
Car-1,2008-11-08 08:40:47,116.498931,39.513742
Car-1,2008-11-08 08:40:52,116.498932,39.513684
Car-1,2008-11-08 08:40:57,116.498933,39.513641
Car-1,2008-11-08 08:41:02,116.498936,39.513576
Car-1,2008-11-08 08:41:07,116.498931,39.513525
Car-1,2008-11-08 08:41:12,116.498917,39.513509
Car-1,2008-11-08 08:41:17,116.498907,39.5135
Car-1,2008-11-08 08:41:22,116.498901,39.513497
Car-1,2008-11-08 08:41:27,116.498895,39.513498
Car-1,2008-11-08 08:41:32,116.498889,39.5135
Car-1,2008-11-08 08:41:37,116.498887,39.513503
Car-1,2008-11-08 08:41:42,116.498889,39.513502
Car-1,2008-11-08 08:41:45,116.498889,39.513502
Car-1,2008-11-08 08:41:47,116.498884,39.513499
Car-1,2008-11-08 08:41:52,116.498879,39.513482
Car-1,2008-11-08 08:41:57,116.49889,39.513448
Car-1,2008-11-08 08:48:42,116.498924,39.513196
Car-1,2008-11-08 08:48:47,116.498935,39.513095
Car-1,2008-11-08 08:48:52,116.498936,39.513095
Car-1,2008-11-08 08:48:57,116.498936,39.513095
Car-1,2008-11-08 08:49:02,116.498937,39.513095
Car-1,2008-11-08 08:49:07,116.498937,39.513095
Car-1,2008-11-08 08:49:12,116.498937,39.513095
Car-1,2008-11-08 08:49:17,116.498936,39.513095
Car-1,2008-11-08 08:49:22,116.498937,39.513095
Car-1,2008-11-08 08:49:27,116.498937,39.513095
Car-1,2008-11-08 08:49:32,116.498938,39.513095
Car-1,2008-11-08 08:49:35,116.498938,39.513095
Car-1,2008-11-08 08:49:37,116.498935,39.513093
Car-1,2008-11-08 08:49:42,116.498941,39.51304
Car-1,2008-11-08 08:49:47,116.498937,39.512993
Car-1,2008-11-08 08:49:52,116.49896,39.512976
Car-1,2008-11-08 08:49:57,116.49896,39.512975
Car-1,2008-11-08 08:50:02,116.498962,39.512974
Car-1,2008-11-08 08:50:07,116.498957,39.512972
Car-1,2008-11-08 08:50:12,116.498956,39.512971
Car-1,2008-11-08 08:50:17,116.498951,39.51297
Car-1,2008-11-08 08:50:20,116.498951,39.51297
Car-1,2008-11-08 08:50:22,116.498956,39.51297
Car-1,2008-11-08 08:50:27,116.49896,39.512942
Car-1,2008-11-08 08:50:32,116.498957,39.512937
Car-1,2008-11-08 08:50:35,116.498957,39.512937
Car-1,2008-11-08 08:50:37,116.498957,39.512945
Car-1,2008-11-08 08:50:42,116.498954,39.512907
Car-1,2008-11-08 08:50:47,116.498967,39.512854
Car-1,2008-11-08 08:50:52,116.498969,39.512811
Car-1,2008-11-08 08:50:57,116.498973,39.512809
Car-1,2008-11-08 08:51:02,116.498978,39.512809
Car-1,2008-11-08 08:51:07,116.498979,39.512808
Car-1,2008-11-08 08:51:10,116.498979,39.512808
Car-1,2008-11-08 08:51:12,116.498979,39.512807
Car-1,2008-11-08 08:51:17,116.498989,39.512779
Car-1,2008-11-08 08:51:22,116.499001,39.512743
Car-1,2008-11-08 08:51:27,116.498993,39.512723
Car-1,2008-11-08 08:51:32,116.49899,39.512711
Car-1,2008-11-08 08:51:37,116.498985,39.512705
Car-1,2008-11-08 08:51:40,116.498985,39.512705
Car-1,2008-11-08 08:51:42,116.498979,39.512703
Car-1,2008-11-08 08:51:47,116.49897,39.512702
Car-1,2008-11-08 08:51:52,116.49896,39.512701
Car-1,2008-11-08 08:51:57,116.498953,39.512701
Car-1,2008-11-08 08:52:02,116.498945,39.512704
Car-1,2008-11-08 08:52:05,116.498945,39.512704
Car-1,2008-11-08 08:52:07,116.498937,39.512707
Car-1,2008-11-08 08:52:12,116.498928,39.512711
Car-1,2008-11-08 08:52:15,116.498928,39.512711
Car-1,2008-11-08 08:52:17,116.498927,39.512708
Car-1,2008-11-08 08:52:22,116.49892,39.512653
Car-1,2008-11-08 08:52:27,116.498918,39.512574
Car-1,2008-11-08 08:52:32,116.498919,39.512499
Car-1,2008-11-08 08:52:37,116.498922,39.512436
Car-1,2008-11-08 08:52:42,116.49893,39.512366
Car-1,2008-11-08 08:52:47,116.498932,39.512305
Car-1,2008-11-08 08:52:52,116.498932,39.512262
Car-1,2008-11-08 08:52:57,116.498925,39.512263
Car-1,2008-11-08 08:53:00,116.498925,39.512263
Car-1,2008-11-08 08:53:02,116.498924,39.512255
Car-1,2008-11-08 08:53:07,116.498921,39.512239
Car-1,2008-11-08 08:53:12,116.498915,39.512212
Car-1,2008-11-08 08:53:15,116.498915,39.512212
Car-1,2008-11-08 08:53:17,116.498914,39.512205
Car-1,2008-11-08 08:53:22,116.498917,39.512196
Car-1,2008-11-08 08:53:27,116.498923,39.512176
Car-1,2008-11-08 08:53:32,116.498938,39.512125
Car-1,2008-11-08 08:53:37,116.498923,39.512107
Car-1,2008-11-08 08:53:42,116.498934,39.512079
Car-1,2008-11-08 08:53:47,116.498967,39.512085
Car-1,2008-11-08 08:53:52,116.498973,39.512078
Car-1,2008-11-08 08:53:57,116.498973,39.512077
Car-1,2008-11-08 08:54:02,116.498981,39.512075
Car-1,2008-11-08 08:54:07,116.498984,39.512075
Car-1,2008-11-08 08:54:12,116.498983,39.512074
Car-1,2008-11-08 08:54:17,116.498978,39.512069
Car-1,2008-11-08 08:54:22,116.498976,39.512067
Car-1,2008-11-08 08:54:27,116.498968,39.512063
Car-1,2008-11-08 08:54:30,116.498968,39.512063
Car-1,2008-11-08 08:54:32,116.498962,39.512059
Car-1,2008-11-08 08:54:37,116.498934,39.512066
Car-1,2008-11-08 08:54:42,116.498915,39.512074
Car-1,2008-11-08 08:54:47,116.498895,39.512087
Car-1,2008-11-08 08:54:50,116.498895,39.512087
Car-1,2008-11-08 08:54:52,116.498887,39.512089
Car-1,2008-11-08 08:54:57,116.498883,39.512079
Car-1,2008-11-08 08:55:02,116.498881,39.512067
Car-1,2008-11-08 08:59:22,116.498997,39.511817
Car-1,2008-11-08 08:59:27,116.498995,39.511803
Car-1,2008-11-08 08:59:32,116.498976,39.511749
Car-1,2008-11-08 08:59:37,116.498959,39.51171
Car-1,2008-11-08 08:59:42,116.498951,39.511699
Car-1,2008-11-08 08:59:47,116.498944,39.511692
Car-1,2008-11-08 08:59:52,116.498937,39.511689
Car-1,2008-11-08 08:59:55,116.498937,39.511689
Car-1,2008-11-08 08:59:57,116.498936,39.511685
Car-1,2008-11-08 09:00:02,116.498947,39.511657
Car-1,2008-11-08 09:00:07,116.498931,39.511638
Car-1,2008-11-08 09:00:12,116.498926,39.511623
Car-1,2008-11-08 09:00:17,116.498928,39.511612
Car-1,2008-11-08 09:00:22,116.498932,39.511565
Car-1,2008-11-08 09:00:27,116.498929,39.511525
Car-1,2008-11-08 09:00:32,116.498947,39.511479
Car-1,2008-11-08 09:00:37,116.498969,39.51142
Car-1,2008-11-08 09:00:42,116.498941,39.511379
Car-1,2008-11-08 09:00:47,116.498942,39.511355
Car-1,2008-11-08 09:00:52,116.498936,39.511352
Car-1,2008-11-08 09:00:55,116.498936,39.511352
Car-1,2008-11-08 09:00:57,116.498932,39.511349
Car-1,2008-11-08 09:01:02,116.498921,39.511305
Car-1,2008-11-08 09:01:07,116.498915,39.51126
Car-1,2008-11-08 09:01:12,116.498915,39.511193
Car-1,2008-11-08 09:01:17,116.498901,39.511164
Car-1,2008-11-08 09:01:22,116.498867,39.511137
Car-1,2008-11-08 09:01:27,116.498877,39.511139
Car-1,2008-11-08 09:01:32,116.49888,39.511132
Car-1,2008-11-08 09:01:35,116.49888,39.511132
Car-1,2008-11-08 09:01:37,116.498883,39.511126
Car-1,2008-11-08 09:01:42,116.498883,39.511117
Car-1,2008-11-08 09:01:47,116.498888,39.511106
Car-1,2008-11-08 09:01:52,116.498895,39.511095
Car-1,2008-11-08 09:01:57,116.498904,39.51109
Car-1,2008-11-08 09:02:00,116.498904,39.51109
Car-1,2008-11-08 09:02:02,116.498912,39.511084
Car-1,2008-11-08 09:02:07,116.498921,39.511073
Car-1,2008-11-08 09:02:12,116.498925,39.511058
Car-1,2008-11-08 09:02:17,116.498948,39.511063
Car-1,2008-11-08 09:02:22,116.498953,39.511057
Car-1,2008-11-08 09:02:25,116.498953,39.511057
Car-1,2008-11-08 09:02:27,116.498954,39.511059
Car-1,2008-11-08 09:02:32,116.498938,39.511101
Car-1,2008-11-08 09:02:37,116.498929,39.511129
Car-1,2008-11-08 09:02:42,116.498942,39.51111
Car-1,2008-11-08 09:02:47,116.498946,39.511108
Car-1,2008-11-08 09:02:50,116.498946,39.511108
Car-1,2008-11-08 09:02:52,116.498941,39.511102
Car-1,2008-11-08 09:02:57,116.498931,39.511102
Car-1,2008-11-08 09:03:02,116.498925,39.511103
Car-1,2008-11-08 09:03:07,116.498926,39.511099
Car-1,2008-11-08 09:03:12,116.498925,39.511092
Car-1,2008-11-08 09:03:17,116.498924,39.511085
Car-1,2008-11-08 09:03:22,116.498925,39.511079
Car-1,2008-11-08 09:03:27,116.498924,39.511078
Car-1,2008-11-08 09:03:30,116.498924,39.511078
Car-1,2008-11-08 09:03:32,116.498924,39.511079
Car-1,2008-11-08 09:03:37,116.498924,39.51107
Car-1,2008-11-08 09:03:42,116.498919,39.511061
Car-1,2008-11-08 09:03:47,116.498916,39.511054
Car-1,2008-11-08 09:03:50,116.498916,39.511054
Car-1,2008-11-08 09:03:52,116.498913,39.511046
Car-1,2008-11-08 09:03:57,116.49891,39.511037
Car-1,2008-11-08 09:04:02,116.498906,39.511025
Car-1,2008-11-08 09:04:07,116.498904,39.511017
Car-1,2008-11-08 09:04:12,116.4989,39.511013
Car-1,2008-11-08 09:04:15,116.4989,39.511013
Car-1,2008-11-08 09:04:17,116.4989,39.511007
Car-1,2008-11-08 09:04:22,116.498902,39.510998
Car-1,2008-11-08 09:04:27,116.498919,39.510949
Car-1,2008-11-08 09:04:32,116.498924,39.510887
Car-1,2008-11-08 09:04:37,116.498948,39.51082
Car-1,2008-11-08 09:04:42,116.498944,39.510761
Car-1,2008-11-08 09:09:52,116.498944,39.510512
Car-1,2008-11-08 09:09:57,116.498954,39.51045
Car-1,2008-11-08 09:10:02,116.49896,39.510392
Car-1,2008-11-08 09:10:07,116.498984,39.510353
Car-1,2008-11-08 09:10:12,116.498978,39.510349
Car-1,2008-11-08 09:10:17,116.498976,39.510348
Car-1,2008-11-08 09:10:20,116.498976,39.510348
Car-1,2008-11-08 09:10:22,116.498975,39.510348
Car-1,2008-11-08 09:10:27,116.498986,39.510349
Car-1,2008-11-08 09:10:32,116.498988,39.510349
Car-1,2008-11-08 09:10:37,116.498986,39.510347
Car-1,2008-11-08 09:10:42,116.498992,39.510347
Car-1,2008-11-08 09:10:47,116.498997,39.510345
Car-1,2008-11-08 09:10:52,116.499004,39.510344
Car-1,2008-11-08 09:10:57,116.49901,39.510344
Car-1,2008-11-08 09:11:02,116.499011,39.510344
Car-1,2008-11-08 09:11:07,116.499012,39.510344
Car-1,2008-11-08 09:11:10,116.499012,39.510344
Car-1,2008-11-08 09:11:12,116.49902,39.510346
Car-1,2008-11-08 09:11:17,116.499029,39.510347
Car-1,2008-11-08 09:11:22,116.499038,39.510349
Car-1,2008-11-08 09:11:27,116.499041,39.510349
Car-1,2008-11-08 09:11:32,116.49904,39.510348
Car-1,2008-11-08 09:11:37,116.499039,39.510348
Car-1,2008-11-08 09:11:42,116.499038,39.510347
Car-1,2008-11-08 09:11:47,116.499038,39.510347
Car-1,2008-11-08 09:11:50,116.499038,39.510347
Car-1,2008-11-08 09:11:52,116.499038,39.510346
Car-1,2008-11-08 09:11:57,116.499048,39.510342
Car-1,2008-11-08 09:12:02,116.499063,39.510337
Car-1,2008-11-08 09:12:07,116.499058,39.510335
Car-1,2008-11-08 09:12:10,116.499058,39.510335
Car-1,2008-11-08 09:12:12,116.499055,39.510334
Car-1,2008-11-08 09:12:17,116.499065,39.510335
Car-1,2008-11-08 09:12:22,116.49907,39.510335
Car-1,2008-11-08 09:12:25,116.49907,39.510335
Car-1,2008-11-08 09:12:27,116.499066,39.510334
Car-1,2008-11-08 09:12:32,116.499047,39.510321
Car-1,2008-11-08 09:12:37,116.499057,39.510328
Car-1,2008-11-08 09:12:42,116.499052,39.510328
Car-1,2008-11-08 09:12:47,116.499045,39.510331
Car-1,2008-11-08 09:12:52,116.499038,39.51033
Car-1,2008-11-08 09:12:57,116.499032,39.510327
Car-1,2008-11-08 09:13:02,116.499031,39.510325
Car-1,2008-11-08 09:13:07,116.499035,39.510322
Car-1,2008-11-08 09:13:12,116.499037,39.510319
Car-1,2008-11-08 09:13:17,116.499043,39.51032
Car-1,2008-11-08 09:13:22,116.49904,39.510317
Car-1,2008-11-08 09:13:27,116.499038,39.510313
Car-1,2008-11-08 09:13:32,116.499038,39.510309
Car-1,2008-11-08 09:13:37,116.499038,39.510306
Car-1,2008-11-08 09:13:42,116.499038,39.510304
Car-1,2008-11-08 09:13:47,116.499038,39.510303
Car-1,2008-11-08 09:13:50,116.499038,39.510303
Car-1,2008-11-08 09:13:52,116.49904,39.510303
Car-1,2008-11-08 09:13:57,116.499068,39.510303
Car-1,2008-11-08 09:14:02,116.499132,39.510305
Car-1,2008-11-08 09:14:07,116.499203,39.510313
Car-1,2008-11-08 09:14:12,116.499221,39.51031
Car-1,2008-11-08 09:14:17,116.499218,39.510309
Car-1,2008-11-08 09:14:22,116.499217,39.510308
Car-1,2008-11-08 09:14:27,116.499217,39.510308
Car-1,2008-11-08 09:14:32,116.499217,39.510308
Car-1,2008-11-08 09:14:35,116.499217,39.510308
Car-1,2008-11-08 09:14:37,116.499216,39.510308
Car-1,2008-11-08 09:24:32,116.499551,39.510288
Car-1,2008-11-08 09:24:37,116.499618,39.51028
Car-1,2008-11-08 09:24:42,116.499709,39.510261
Car-1,2008-11-08 09:24:47,116.499793,39.510251
Car-1,2008-11-08 09:24:52,116.499872,39.51025
Car-1,2008-11-08 09:24:57,116.499952,39.510249
Car-1,2008-11-08 09:25:02,116.50002,39.510236
Car-1,2008-11-08 09:25:07,116.500087,39.51023
Car-1,2008-11-08 09:25:12,116.50015,39.510239
Car-1,2008-11-08 09:25:17,116.500152,39.510241
Car-1,2008-11-08 09:25:22,116.500151,39.510242
Car-1,2008-11-08 09:25:27,116.500149,39.510243
Car-1,2008-11-08 09:25:32,116.500152,39.510245
Car-1,2008-11-08 09:25:37,116.500152,39.510245
Car-1,2008-11-08 09:25:42,116.500152,39.510245
Car-1,2008-11-08 09:25:47,116.500152,39.510246
Car-1,2008-11-08 09:25:52,116.500152,39.510246
Car-1,2008-11-08 09:25:57,116.500152,39.510246
Car-1,2008-11-08 09:26:02,116.500152,39.510246
Car-1,2008-11-08 09:26:07,116.500152,39.510246
Car-1,2008-11-08 09:26:12,116.500152,39.510247
Car-1,2008-11-08 09:26:17,116.500152,39.510247
Car-1,2008-11-08 09:26:22,116.500153,39.510247
Car-1,2008-11-08 09:26:27,116.500153,39.510247
Car-1,2008-11-08 09:26:30,116.500153,39.510247
Car-1,2008-11-08 09:26:32,116.500153,39.510247
Car-1,2008-11-08 09:26:37,116.500134,39.510249
Car-1,2008-11-08 09:26:42,116.500036,39.510254
Car-1,2008-11-08 09:26:47,116.499936,39.510261
Car-1,2008-11-08 09:26:52,116.499837,39.510256
Car-1,2008-11-08 09:26:57,116.499739,39.510255
Car-1,2008-11-08 09:27:02,116.49965,39.510263
Car-1,2008-11-08 09:27:07,116.499572,39.51027
Car-1,2008-11-08 09:27:12,116.499486,39.510276
Car-1,2008-11-08 09:27:17,116.499407,39.510269
Car-1,2008-11-08 09:27:22,116.49933,39.510289
Car-1,2008-11-08 09:27:27,116.499265,39.510297
Car-1,2008-11-08 09:27:32,116.499174,39.510285
Car-1,2008-11-08 09:27:37,116.499094,39.510307
Car-1,2008-11-08 09:27:42,116.499028,39.510298
Car-1,2008-11-08 09:27:45,116.499028,39.510298
Car-1,2008-11-08 09:27:47,116.499031,39.510296
Car-1,2008-11-08 09:27:52,116.499015,39.510297
Car-1,2008-11-08 09:27:57,116.499001,39.510289
Car-1,2008-11-08 09:28:02,116.499016,39.510303
Car-1,2008-11-08 09:28:07,116.499016,39.510303
Car-1,2008-11-08 09:28:12,116.499016,39.510303
Car-1,2008-11-08 09:28:17,116.499016,39.510304
Car-1,2008-11-08 09:28:22,116.499016,39.510305
Car-1,2008-11-08 09:28:27,116.499016,39.510305
Car-1,2008-11-08 09:28:32,116.499016,39.510306
Car-1,2008-11-08 09:28:37,116.499016,39.510306
Car-1,2008-11-08 09:28:42,116.499016,39.510307
Car-1,2008-11-08 09:28:47,116.499016,39.510307
Car-1,2008-11-08 09:28:52,116.499016,39.510307
Car-1,2008-11-08 09:28:57,116.499016,39.510307
Car-1,2008-11-08 09:29:02,116.499016,39.510306
Car-1,2008-11-08 09:29:07,116.499015,39.510306
Car-1,2008-11-08 09:29:12,116.499015,39.510307
Car-1,2008-11-08 09:29:17,116.499015,39.510307
Car-1,2008-11-08 09:29:22,116.499015,39.510307
Car-1,2008-11-08 09:29:27,116.499015,39.510307
Car-1,2008-11-08 09:29:32,116.499015,39.510307
Car-1,2008-11-08 09:29:37,116.499015,39.510308
Car-1,2008-11-08 09:29:42,116.499016,39.510308
Car-1,2008-11-08 09:29:47,116.499015,39.510308
Car-1,2008-11-08 09:29:52,116.499015,39.510308
Car-1,2008-11-08 09:29:57,116.499014,39.510308
Car-1,2008-11-08 09:30:02,116.499014,39.510308
Car-1,2008-11-08 09:30:07,116.499014,39.510308
Car-1,2008-11-08 09:30:12,116.499013,39.510309
Car-1,2008-11-08 09:30:17,116.499013,39.510309
Car-1,2008-11-08 09:30:22,116.499012,39.510309
Car-1,2008-11-08 09:30:27,116.499011,39.51031
Car-1,2008-11-08 09:30:32,116.499012,39.510311
Car-1,2008-11-08 09:30:37,116.499012,39.510311
Car-1,2008-11-08 09:30:42,116.499011,39.510312
Car-1,2008-11-08 09:30:47,116.499011,39.510312
Car-1,2008-11-08 09:30:52,116.499011,39.510312
Car-1,2008-11-08 09:30:57,116.499011,39.510312
Car-1,2008-11-08 09:31:02,116.499012,39.510312
Car-1,2008-11-08 09:31:07,116.499012,39.510312
Car-1,2008-11-08 09:31:12,116.499012,39.510311
Car-1,2008-11-08 09:31:17,116.499012,39.510311
Car-1,2008-11-08 09:31:20,116.499012,39.510311
Car-1,2008-11-08 09:31:22,116.499005,39.51031
Car-1,2008-11-08 09:31:27,116.499018,39.510311
Car-1,2008-11-08 09:31:32,116.499034,39.510317
Car-1,2008-11-08 09:31:35,116.499034,39.510317
Car-1,2008-11-08 09:31:37,116.499031,39.51032
Car-1,2008-11-08 09:31:42,116.499008,39.510312
Car-1,2008-11-08 09:31:47,116.498964,39.510302
Car-1,2008-11-08 09:31:52,116.49896,39.51027
Car-1,2008-11-08 09:31:57,116.498959,39.510261
Car-1,2008-11-08 09:32:02,116.498957,39.510256
Car-1,2008-11-08 09:32:07,116.498954,39.510252
Car-1,2008-11-08 09:32:10,116.498954,39.510252
Car-1,2008-11-08 09:32:12,116.498959,39.510247
Car-1,2008-11-08 09:32:17,116.498962,39.510272
Car-1,2008-11-08 09:32:22,116.498971,39.510273
Car-1,2008-11-08 09:32:27,116.498971,39.510274
Car-1,2008-11-08 09:32:32,116.498965,39.510277
Car-1,2008-11-08 09:32:37,116.498967,39.510278
Car-1,2008-11-08 09:32:42,116.498965,39.510276
Car-1,2008-11-08 09:32:47,116.498964,39.510276
Car-1,2008-11-08 09:32:52,116.498963,39.510276
Car-1,2008-11-08 09:32:57,116.498964,39.510276
Car-1,2008-11-08 09:33:02,116.498964,39.510276
Car-1,2008-11-08 09:33:07,116.498963,39.510276
Car-1,2008-11-08 09:33:12,116.498963,39.510276
Car-1,2008-11-08 09:33:17,116.498963,39.510276
Car-1,2008-11-08 09:33:22,116.498963,39.510276
Car-1,2008-11-08 09:33:27,116.498963,39.510276
Car-1,2008-11-08 09:33:32,116.498963,39.510277
Car-1,2008-11-08 09:33:37,116.498963,39.510277
Car-1,2008-11-08 09:33:40,116.498963,39.510277
Car-1,2008-11-08 09:33:42,116.498962,39.510276
Car-1,2008-11-08 09:33:47,116.498934,39.510263
Car-1,2008-11-08 09:33:52,116.498917,39.510256
Car-1,2008-11-08 09:33:57,116.498923,39.510263
Car-1,2008-11-08 09:34:00,116.498923,39.510263
Car-1,2008-11-08 09:34:02,116.498919,39.510264
Car-1,2008-11-08 09:34:07,116.498918,39.510279
Car-1,2008-11-08 09:34:12,116.498966,39.51032
Car-1,2008-11-08 09:34:17,116.49899,39.510325
Car-1,2008-11-08 09:34:22,116.49898,39.510336
Car-1,2008-11-08 09:34:27,116.49901,39.51035
Car-1,2008-11-08 09:34:32,116.499011,39.510345
Car-1,2008-11-08 09:34:35,116.499011,39.510345
Car-1,2008-11-08 09:34:37,116.499009,39.510344
Car-1,2008-11-08 09:34:42,116.499025,39.51035
Car-1,2008-11-08 09:34:47,116.49902,39.510352
Car-1,2008-11-08 09:34:50,116.49902,39.510352
Car-1,2008-11-08 09:34:52,116.499025,39.510353
Car-1,2008-11-08 09:34:57,116.499037,39.510355
Car-1,2008-11-08 09:35:02,116.499094,39.510367
Car-1,2008-11-08 09:35:07,116.499138,39.510392
Car-1,2008-11-08 09:35:12,116.499158,39.510391
Car-1,2008-11-08 09:35:17,116.499114,39.510375
Car-1,2008-11-08 09:35:22,116.499108,39.510362
Car-1,2008-11-08 09:35:27,116.499107,39.510362
Car-1,2008-11-08 09:35:32,116.499104,39.510361
Car-1,2008-11-08 09:35:37,116.499105,39.51036
Car-1,2008-11-08 09:35:42,116.499104,39.510359
Car-1,2008-11-08 09:35:45,116.499104,39.510359
Car-1,2008-11-08 09:35:47,116.499099,39.510357
Car-1,2008-11-08 09:35:52,116.499074,39.510339
Car-1,2008-11-08 09:35:57,116.499042,39.510317
Car-1,2008-11-08 09:36:02,116.499039,39.510348
Car-1,2008-11-08 09:36:05,116.499039,39.510348
Car-1,2008-11-08 09:36:07,116.499037,39.510349
Car-1,2008-11-08 09:36:12,116.499115,39.510447
Car-1,2008-11-08 09:36:17,116.499175,39.510522
Car-1,2008-11-08 09:36:22,116.499178,39.510531
Car-1,2008-11-08 09:36:27,116.49917,39.510518
Car-1,2008-11-08 09:36:32,116.499123,39.510499
Car-1,2008-11-08 09:36:37,116.499111,39.510468
Car-1,2008-11-08 09:36:40,116.499111,39.510468
Car-1,2008-11-08 09:36:42,116.499105,39.510462
Car-1,2008-11-08 09:36:47,116.499051,39.510337
Car-1,2008-11-08 09:36:52,116.498935,39.510037
Car-1,2008-11-08 09:36:57,116.498825,39.509742
Car-1,2008-11-08 09:37:07,116.501236,39.506978
Car-1,2008-11-08 09:37:12,116.501052,39.506521
Car-1,2008-11-08 09:37:17,116.499865,39.506234
Car-1,2008-11-08 09:37:22,116.499196,39.505825
Car-1,2008-11-08 09:37:27,116.499043,39.505331
Car-1,2008-11-08 09:37:32,116.499014,39.50478
Car-1,2008-11-08 09:37:37,116.498999,39.504277
Car-1,2008-11-08 09:37:42,116.498944,39.503824
Car-1,2008-11-08 09:37:47,116.498905,39.503488
Car-1,2008-11-08 09:37:52,116.498881,39.503255
Car-1,2008-11-08 09:37:57,116.498873,39.503022
Car-1,2008-11-08 09:44:47,116.574008,39.509628
Car-1,2008-11-08 09:44:52,116.57562,39.509918
Car-1,2008-11-08 09:44:57,116.57714,39.50977
Car-1,2008-11-08 09:45:02,116.578623,39.509699
Car-1,2008-11-08 09:45:07,116.580052,39.509594
Car-1,2008-11-08 09:45:12,116.581438,39.509432
Car-1,2008-11-08 09:45:17,116.58276,39.509228
Car-1,2008-11-08 09:45:22,116.584035,39.509017
Car-1,2008-11-08 09:45:27,116.585113,39.50861
Car-1,2008-11-08 09:45:32,116.586105,39.508132
Car-1,2008-11-08 09:45:37,116.587073,39.507709
Car-1,2008-11-08 09:45:42,116.588072,39.507355
Car-1,2008-11-08 09:45:47,116.589076,39.507125
Car-1,2008-11-08 09:45:52,116.59009,39.506968
Car-1,2008-11-08 09:45:57,116.59118,39.506902
Car-1,2008-11-08 09:46:02,116.592324,39.506865
Car-1,2008-11-08 09:46:07,116.59356,39.506886
Car-1,2008-11-08 09:46:12,116.594929,39.507012
Car-1,2008-11-08 09:46:17,116.596297,39.507131
Car-1,2008-11-08 09:46:22,116.597675,39.507275
Car-1,2008-11-08 09:46:27,116.598988,39.507431
Car-1,2008-11-08 09:46:32,116.600164,39.50757
Car-1,2008-11-08 09:46:37,116.601313,39.507762
Car-1,2008-11-08 09:46:42,116.602461,39.507922
Car-1,2008-11-08 09:46:47,116.603545,39.508027
Car-1,2008-11-08 09:46:52,116.604614,39.508138
Car-1,2008-11-08 09:46:57,116.605677,39.508212
Car-1,2008-11-08 09:47:02,116.606765,39.508273
Car-1,2008-11-08 09:47:07,116.607843,39.508342
Car-1,2008-11-08 09:47:12,116.60893,39.508417
Car-1,2008-11-08 09:47:17,116.610013,39.508498
Car-1,2008-11-08 09:47:22,116.611088,39.508577
Car-1,2008-11-08 09:47:27,116.612149,39.508634
Car-1,2008-11-08 09:47:32,116.613249,39.508686
Car-1,2008-11-08 09:47:37,116.614395,39.508707
Car-1,2008-11-08 09:47:42,116.615469,39.508689
Car-1,2008-11-08 09:47:47,116.61648,39.508698
Car-1,2008-11-08 09:47:52,116.61748,39.508739
Car-1,2008-11-08 09:47:57,116.618344,39.508735
Car-1,2008-11-08 09:48:02,116.619185,39.508749
Car-1,2008-11-08 09:48:07,116.620027,39.508779
Car-1,2008-11-08 09:48:12,116.620887,39.508837
Car-1,2008-11-08 09:48:17,116.621774,39.508889
Car-1,2008-11-08 09:48:22,116.622711,39.508979
Car-1,2008-11-08 09:48:27,116.623708,39.509088
Car-1,2008-11-08 09:48:32,116.624794,39.509237
Car-1,2008-11-08 09:48:37,116.625883,39.50936
Car-1,2008-11-08 09:48:42,116.627005,39.509448
Car-1,2008-11-08 09:48:47,116.628084,39.509499
Car-1,2008-11-08 09:48:52,116.629069,39.509513
Car-1,2008-11-08 09:48:57,116.630023,39.50954
Car-1,2008-11-08 09:49:02,116.630954,39.509582
Car-1,2008-11-08 09:49:07,116.631882,39.509619
Car-1,2008-11-08 09:49:12,116.632842,39.509664
Car-1,2008-11-08 09:49:17,116.633921,39.509803
Car-1,2008-11-08 09:49:22,116.635199,39.509965
Car-1,2008-11-08 09:49:27,116.63653,39.510094
Car-1,2008-11-08 09:49:32,116.637803,39.510159
Car-1,2008-11-08 09:49:37,116.639059,39.510236
Car-1,2008-11-08 09:49:42,116.640274,39.510302
Car-1,2008-11-08 09:49:47,116.641377,39.51025
Car-1,2008-11-08 09:49:52,116.642355,39.510091
Car-1,2008-11-08 09:49:57,116.643371,39.510064
Car-1,2008-11-08 09:50:02,116.644489,39.510072
Car-1,2008-11-08 09:50:07,116.645576,39.51007
Car-1,2008-11-08 09:50:12,116.646666,39.510128
Car-1,2008-11-08 09:50:22,116.64844,39.510206
Car-1,2008-11-08 09:50:27,116.649748,39.510089
Car-1,2008-11-08 09:50:42,116.6525,39.510063
Car-1,2008-11-08 09:50:47,116.652547,39.510062
Car-1,2008-11-08 09:52:12,116.660819,39.51141
Car-1,2008-11-08 09:52:27,116.660924,39.513018
Car-1,2008-11-08 09:52:32,116.660776,39.5136
Car-1,2008-11-08 09:52:37,116.660566,39.514346
Car-1,2008-11-08 09:52:42,116.660374,39.515139
Car-1,2008-11-08 09:52:47,116.66021,39.515963
Car-1,2008-11-08 09:52:52,116.66008,39.516754
Car-1,2008-11-08 09:52:57,116.65997,39.517543
Car-1,2008-11-08 09:53:02,116.659895,39.518316
Car-1,2008-11-08 09:53:07,116.659802,39.519092
Car-1,2008-11-08 09:53:12,116.659732,39.519893
Car-1,2008-11-08 09:53:17,116.659689,39.520715
Car-1,2008-11-08 09:53:22,116.659683,39.521434
Car-1,2008-11-08 09:53:27,116.659738,39.522086
Car-1,2008-11-08 09:53:32,116.659853,39.52267
Car-1,2008-11-08 09:53:37,116.660025,39.522955
Car-1,2008-11-08 09:53:42,116.660034,39.522714
Car-1,2008-11-08 09:53:47,116.659953,39.522294
Car-1,2008-11-08 09:53:52,116.660026,39.522184
Car-1,2008-11-08 09:53:57,116.660259,39.522522
Car-1,2008-11-08 09:54:02,116.659792,39.521809
Car-1,2008-11-08 09:54:07,116.659625,39.521873
Car-1,2008-11-08 09:54:12,116.659663,39.522132
Car-1,2008-11-08 09:54:17,116.659463,39.522076
Car-1,2008-11-08 09:54:22,116.659169,39.522018
Car-1,2008-11-08 09:54:27,116.658921,39.522397
Car-1,2008-11-08 09:54:32,116.658731,39.523048
Car-1,2008-11-08 09:54:37,116.658537,39.523838
Car-1,2008-11-08 09:54:42,116.658458,39.524842
Car-1,2008-11-08 09:54:47,116.658346,39.5259
Car-1,2008-11-08 09:54:52,116.658251,39.527022
Car-1,2008-11-08 09:54:57,116.658173,39.528135
Car-1,2008-11-08 09:55:02,116.658104,39.529141
Car-1,2008-11-08 09:55:07,116.658046,39.530056
Car-1,2008-11-08 09:55:12,116.658145,39.530886
Car-1,2008-11-08 09:55:17,116.658478,39.531533
Car-1,2008-11-08 09:55:22,116.658932,39.531842
Car-1,2008-11-08 09:55:27,116.659503,39.532237
Car-1,2008-11-08 09:55:32,116.660067,39.532585
Car-1,2008-11-08 09:55:37,116.660523,39.532843
Car-1,2008-11-08 09:55:42,116.661017,39.53311
Car-1,2008-11-08 09:55:47,116.66154,39.533474
Car-1,2008-11-08 09:55:52,116.662137,39.533928
Car-1,2008-11-08 09:55:57,116.662695,39.534367
Car-1,2008-11-08 09:56:02,116.663282,39.534742
Car-1,2008-11-08 09:56:07,116.66361,39.534841
Car-1,2008-11-08 09:56:12,116.663916,39.534992
Car-1,2008-11-08 09:56:17,116.664184,39.535133
Car-1,2008-11-08 09:56:22,116.664464,39.535203
Car-1,2008-11-08 09:56:27,116.664951,39.53526
Car-1,2008-11-08 09:56:32,116.665634,39.535326
Car-1,2008-11-08 09:56:37,116.666338,39.535315
Car-1,2008-11-08 09:59:27,116.690483,39.535727
Car-1,2008-11-08 09:59:32,116.690534,39.535027
Car-1,2008-11-08 09:59:37,116.69053,39.534886
Car-1,2008-11-08 09:59:42,116.690542,39.534836
Car-1,2008-11-08 09:59:47,116.690598,39.534667
Car-1,2008-11-08 09:59:52,116.690583,39.534761
Car-1,2008-11-08 09:59:57,116.69059,39.534731
Car-1,2008-11-08 10:00:02,116.690599,39.534845
Car-1,2008-11-08 10:00:07,116.690629,39.534931
Car-1,2008-11-08 10:00:12,116.690698,39.534872
Car-1,2008-11-08 10:00:17,116.690779,39.534699
Car-1,2008-11-08 10:00:22,116.690859,39.534521
Car-1,2008-11-08 10:00:27,116.690957,39.534196
Car-1,2008-11-08 10:00:32,116.69104,39.533812
Car-1,2008-11-08 10:00:37,116.69121,39.533114
Car-1,2008-11-08 10:00:42,116.691412,39.532396
Car-1,2008-11-08 10:00:47,116.691627,39.531495
