agent_id,time,lng,lat
Car-1,2008-10-04 01:59:06,119.97469,51.4101983
Car-1,2008-10-04 01:59:07,119.9746466,51.4102116
Car-1,2008-10-04 01:59:11,119.9745616,51.410235
Car-1,2008-10-04 01:59:15,119.9745166,51.4102299
Car-1,2008-10-04 01:59:19,119.9742916,51.4102549
Car-1,2008-10-04 01:59:23,119.9740633,51.4102966
Car-1,2008-10-04 01:59:27,119.9738216,51.4103183
Car-1,2008-10-04 01:59:31,119.9736183,51.4102716
Car-1,2008-10-04 01:59:35,119.9735283,51.4101816
Car-1,2008-10-04 01:59:39,119.9734766,51.4099916
Car-1,2008-10-04 01:59:43,119.9734166,51.4097516
Car-1,2008-10-04 01:59:47,119.973355,51.40952
Car-1,2008-10-04 01:59:51,119.97329,51.4093016
Car-1,2008-10-04 01:59:55,119.97319,51.4090749
Car-1,2008-10-04 01:59:59,119.9730999,51.4088666
Car-1,2008-10-04 02:00:03,119.97302,51.4086666
Car-1,2008-10-04 02:00:07,119.9729149,51.4084433
Car-1,2008-10-04 02:00:11,119.9727899,51.4082199
Car-1,2008-10-04 02:00:15,119.9726116,51.408
Car-1,2008-10-04 02:00:19,119.972335,51.4077999
Car-1,2008-10-04 02:00:25,119.9718099,51.4075083
Car-1,2008-10-04 02:00:31,119.9712416,51.4072016
Car-1,2008-10-04 02:00:37,119.9706699,51.4068633
Car-1,2008-10-04 02:00:43,119.9700483,51.4065216
Car-1,2008-10-04 02:00:49,119.9694733,51.4061466
Car-1,2008-10-04 02:00:55,119.9688949,51.4057466
Car-1,2008-10-04 02:01:01,119.9684349,51.40533
Car-1,2008-10-04 02:01:07,119.9681183,51.4049016
Car-1,2008-10-04 02:01:13,119.967835,51.4044516
Car-1,2008-10-04 02:01:19,119.9675933,51.4039583
Car-1,2008-10-04 02:01:25,119.9672849,51.4034833
Car-1,2008-10-04 02:01:31,119.9670466,51.4030416
Car-1,2008-10-04 02:01:37,119.9668,51.4025883
Car-1,2008-10-04 02:01:43,119.9665883,51.4021616
Car-1,2008-10-04 02:01:49,119.9664383,51.4017399
Car-1,2008-10-04 02:01:55,119.9661166,51.401315
Car-1,2008-10-04 02:02:01,119.9658799,51.400895
Car-1,2008-10-04 02:02:07,119.9657833,51.4004866
Car-1,2008-10-04 02:02:13,119.9656866,51.4
Car-1,2008-10-04 02:02:19,119.9655999,51.3995183
Car-1,2008-10-04 02:02:25,119.9655783,51.3990166
Car-1,2008-10-04 02:02:31,119.965815,51.3985149
Car-1,2008-10-04 02:02:37,119.9661233,51.3979999
Car-1,2008-10-04 02:02:43,119.9663816,51.3974466
Car-1,2008-10-04 02:02:49,119.9666433,51.3968866
Car-1,2008-10-04 02:02:55,119.9669299,51.3963633
Car-1,2008-10-04 02:03:01,119.9670216,51.3959216
Car-1,2008-10-04 02:03:07,119.9669533,51.3954816
Car-1,2008-10-04 02:03:13,119.9666549,51.3951116
Car-1,2008-10-04 02:03:17,119.9664383,51.3949366
Car-1,2008-10-04 02:03:21,119.9662183,51.3947249
Car-1,2008-10-04 02:03:25,119.9660316,51.3944999
Car-1,2008-10-04 02:03:29,119.9655733,51.3942066
Car-1,2008-10-04 02:03:35,119.96509,51.3937149
Car-1,2008-10-04 02:03:41,119.9648849,51.3931316
Car-1,2008-10-04 02:03:47,119.96481,51.3925566
Car-1,2008-10-04 02:03:53,119.96478,51.3920149
Car-1,2008-10-04 02:03:59,119.9647449,51.3914483
Car-1,2008-10-04 02:04:05,119.9647216,51.39087
Car-1,2008-10-04 02:04:11,119.9647049,51.3903049
Car-1,2008-10-04 02:04:17,119.9645499,51.389735
Car-1,2008-10-04 02:04:23,119.9642249,51.389145
Car-1,2008-10-04 02:04:29,119.9637649,51.38857
Car-1,2008-10-04 02:04:35,119.9632849,51.3879966
Car-1,2008-10-04 02:04:41,119.9629099,51.3875299
Car-1,2008-10-04 02:04:47,119.9625683,51.3870333
Car-1,2008-10-04 02:04:53,119.9621549,51.38649
Car-1,2008-10-04 02:04:59,119.9617,51.3858899
Car-1,2008-10-04 02:05:05,119.9612449,51.3852999
Car-1,2008-10-04 02:05:11,119.9607933,51.3847166
Car-1,2008-10-04 02:05:17,119.9603599,51.3841599
Car-1,2008-10-04 02:05:23,119.9599499,51.38361
Car-1,2008-10-04 02:05:29,119.9595466,51.38307
Car-1,2008-10-04 02:05:35,119.95912,51.38253
Car-1,2008-10-04 02:05:41,119.9588183,51.3820766
Car-1,2008-10-04 02:05:47,119.9584649,51.3815799
Car-1,2008-10-04 02:05:53,119.9580649,51.3810333
Car-1,2008-10-04 02:05:59,119.9576016,51.3804616
Car-1,2008-10-04 02:06:05,119.9571416,51.3798683
Car-1,2008-10-04 02:06:11,119.9567299,51.3793316
Car-1,2008-10-04 02:06:17,119.9563366,51.3787816
Car-1,2008-10-04 02:06:23,119.9559583,51.3782283
Car-1,2008-10-04 02:06:29,119.9555633,51.3776649
Car-1,2008-10-04 02:06:35,119.9551266,51.3770983
Car-1,2008-10-04 02:06:41,119.9546933,51.37656
Car-1,2008-10-04 02:06:47,119.9542683,51.3760199
Car-1,2008-10-04 02:06:53,119.9538433,51.3754649
Car-1,2008-10-04 02:06:59,119.9534166,51.3749
Car-1,2008-10-04 02:07:05,119.9530216,51.3743649
Car-1,2008-10-04 02:07:11,119.9526216,51.3738416
Car-1,2008-10-04 02:07:17,119.9522333,51.3733283
Car-1,2008-10-04 02:07:23,119.9518216,51.3728216
Car-1,2008-10-04 02:07:29,119.9514066,51.3723549
Car-1,2008-10-04 02:07:35,119.9508616,51.3719383
Car-1,2008-10-04 02:07:41,119.9502766,51.3715066
Car-1,2008-10-04 02:07:47,119.9496516,51.3710633
Car-1,2008-10-04 02:07:53,119.94906,51.3706466
Car-1,2008-10-04 02:07:59,119.9484716,51.3702099
Car-1,2008-10-04 02:08:05,119.947865,51.3697449
Car-1,2008-10-04 02:08:11,119.9472933,51.3692999
Car-1,2008-10-04 02:08:17,119.9469466,51.3688783
Car-1,2008-10-04 02:08:23,119.9469349,51.3683433
Car-1,2008-10-04 02:08:29,119.9469816,51.3677633
Car-1,2008-10-04 02:08:35,119.9468216,51.3671633
Car-1,2008-10-04 02:08:41,119.9466983,51.3665316
Car-1,2008-10-04 02:08:47,119.9467249,51.3660599
Car-1,2008-10-04 02:08:53,119.94679,51.365595
Car-1,2008-10-04 02:08:59,119.9468433,51.36505
Car-1,2008-10-04 02:09:05,119.9468533,51.3644483
Car-1,2008-10-04 02:09:11,119.946875,51.3638633
Car-1,2008-10-04 02:09:17,119.9469383,51.3632849
Car-1,2008-10-04 02:09:23,119.9472366,51.3627166
Car-1,2008-10-04 02:09:29,119.9474283,51.3622366
Car-1,2008-10-04 02:09:35,119.9472599,51.3618333
Car-1,2008-10-04 02:09:41,119.946465,51.3617016
Car-1,2008-10-04 02:09:47,119.9455416,51.3614933
Car-1,2008-10-04 02:09:53,119.9448499,51.3612399
Car-1,2008-10-04 02:09:57,119.9444983,51.3610083
Car-1,2008-10-04 02:10:03,119.9439316,51.3605566
Car-1,2008-10-04 02:10:09,119.9435616,51.3601916
Car-1,2008-10-04 02:10:13,119.9434083,51.3599933
Car-1,2008-10-04 02:10:17,119.9432416,51.3598116
Car-1,2008-10-04 02:10:21,119.942975,51.359515
Car-1,2008-10-04 02:10:27,119.9424666,51.35894
Car-1,2008-10-04 02:10:33,119.9417583,51.3583916
Car-1,2008-10-04 02:10:39,119.9409866,51.357805
Car-1,2008-10-04 02:10:45,119.940245,51.3572316
Car-1,2008-10-04 02:10:51,119.9400883,51.3567683
Car-1,2008-10-04 02:10:57,119.9403116,51.3563383
Car-1,2008-10-04 02:11:01,119.9404733,51.3561166
Car-1,2008-10-04 02:11:05,119.9404299,51.3558833
Car-1,2008-10-04 02:11:09,119.9399583,51.355815
Car-1,2008-10-04 02:11:15,119.939205,51.3558516
Car-1,2008-10-04 02:11:21,119.9383916,51.3556066
Car-1,2008-10-04 02:11:27,119.9377133,51.3551216
Car-1,2008-10-04 02:11:33,119.9371166,51.3545783
Car-1,2008-10-04 02:11:39,119.9367083,51.3540633
Car-1,2008-10-04 02:11:45,119.9361283,51.3535083
Car-1,2008-10-04 02:11:51,119.9356116,51.3528799
Car-1,2008-10-04 02:11:57,119.9349866,51.3522916
Car-1,2008-10-04 02:12:03,119.9343266,51.3516583
Car-1,2008-10-04 02:12:09,119.9336766,51.3510683
Car-1,2008-10-04 02:12:15,119.93301,51.3504783
Car-1,2008-10-04 02:12:21,119.93259,51.3499066
Car-1,2008-10-04 02:12:27,119.9321499,51.3493616
Car-1,2008-10-04 02:12:33,119.9312266,51.3489733
Car-1,2008-10-04 02:12:39,119.9302133,51.3485966
Car-1,2008-10-04 02:12:45,119.92952,51.3482316
Car-1,2008-10-04 02:12:51,119.9288866,51.3476816
Car-1,2008-10-04 02:12:57,119.928175,51.3469866
Car-1,2008-10-04 02:13:03,119.9274383,51.3462433
Car-1,2008-10-04 02:13:09,119.9266699,51.3455183
Car-1,2008-10-04 02:13:15,119.9257833,51.3448333
Car-1,2008-10-04 02:13:21,119.9248333,51.3441783
Car-1,2008-10-04 02:13:27,119.9237633,51.3436266
Car-1,2008-10-04 02:13:33,119.9227216,51.3431799
Car-1,2008-10-04 02:13:39,119.9218099,51.3427916
Car-1,2008-10-04 02:13:45,119.9209733,51.3424433
Car-1,2008-10-04 02:13:51,119.9201233,51.342075
Car-1,2008-10-04 02:13:57,119.9193433,51.3417366
Car-1,2008-10-04 02:14:03,119.9186616,51.3414583
Car-1,2008-10-04 02:14:09,119.9178633,51.3411166
Car-1,2008-10-04 02:14:15,119.917175,51.3407983
Car-1,2008-10-04 02:14:21,119.9168333,51.3405099
Car-1,2008-10-04 02:18:41,119.9168166,51.3403483
Car-1,2008-10-04 02:18:45,119.9167733,51.3402033
Car-1,2008-10-04 02:18:49,119.9166833,51.3400166
Car-1,2008-10-04 02:18:53,119.9165833,51.3398083
Car-1,2008-10-04 02:18:57,119.9164983,51.3395966
Car-1,2008-10-04 02:19:01,119.9164233,51.3393566
Car-1,2008-10-04 02:19:05,119.9163266,51.3391149
Car-1,2008-10-04 02:19:11,119.9160349,51.3387116
Car-1,2008-10-04 02:19:17,119.9154066,51.3383783
Car-1,2008-10-04 02:19:23,119.9147083,51.3381599
Car-1,2008-10-04 02:19:29,119.9140349,51.3379616
Car-1,2008-10-04 02:19:35,119.9134849,51.3378033
Car-1,2008-10-04 02:19:39,119.913125,51.33771
Car-1,2008-10-04 02:19:43,119.9127316,51.33759
Car-1,2008-10-04 02:19:49,119.9120683,51.3373916
Car-1,2008-10-04 02:19:55,119.9113616,51.3371866
Car-1,2008-10-04 02:20:01,119.9106933,51.3369933
Car-1,2008-10-04 02:20:07,119.9100549,51.3368166
Car-1,2008-10-04 02:20:11,119.909695,51.3367166
Car-1,2008-10-04 02:20:15,119.9092649,51.3365966
Car-1,2008-10-04 02:20:21,119.9085016,51.3363533
Car-1,2008-10-04 02:20:27,119.9077016,51.3361283
Car-1,2008-10-04 02:20:33,119.9070566,51.3362333
Car-1,2008-10-04 02:20:39,119.9064033,51.3364866
Car-1,2008-10-04 02:20:45,119.9055766,51.3365849
Car-1,2008-10-04 02:20:51,119.9047633,51.3364449
Car-1,2008-10-04 02:20:57,119.9040149,51.3362883
Car-1,2008-10-04 02:21:03,119.9032699,51.3361116
Car-1,2008-10-04 02:21:09,119.9024366,51.3359433
Car-1,2008-10-04 02:21:15,119.9015566,51.3357766
Car-1,2008-10-04 02:21:21,119.9006516,51.3355949
Car-1,2008-10-04 02:21:27,119.8999333,51.3354333
Car-1,2008-10-04 02:21:31,119.8996283,51.3353766
Car-1,2008-10-04 02:21:35,119.8994533,51.33546
Car-1,2008-10-04 02:21:39,119.8993366,51.33567
Car-1,2008-10-04 02:21:43,119.8992383,51.3359049
Car-1,2008-10-04 02:21:47,119.89913,51.3361983
Car-1,2008-10-04 02:21:53,119.8989249,51.3367049
Car-1,2008-10-04 02:21:59,119.8987549,51.3371983
Car-1,2008-10-04 02:22:05,119.8986082,51.3375249
Car-1,2008-10-04 02:22:09,119.8985516,51.3376533
Car-1,2008-10-04 02:22:43,119.8985382,51.3376716
Car-1,2008-10-04 02:23:02,119.8985382,51.3376716
Car-1,2008-10-04 02:23:04,119.8985316,51.3376766
Car-1,2008-10-04 02:23:08,119.8985433,51.3376666
Car-1,2008-10-04 02:23:28,119.8985483,51.3376466
Car-1,2008-10-04 02:23:30,119.8985283,51.3376733
Car-1,2008-10-04 02:23:34,119.8984333,51.3378116
Car-1,2008-10-04 02:23:38,119.89833,51.3380283
Car-1,2008-10-04 02:23:42,119.898215,51.3382533
Car-1,2008-10-04 02:23:46,119.8980933,51.3384766
Car-1,2008-10-04 02:23:50,119.8979849,51.3387499
Car-1,2008-10-04 02:23:56,119.8977999,51.3391649
Car-1,2008-10-04 02:24:02,119.89764,51.3395183
Car-1,2008-10-04 02:24:06,119.8975733,51.3396633
Car-1,2008-10-04 02:24:10,119.8974766,51.3398983
Car-1,2008-10-04 02:24:16,119.8973849,51.3402233
Car-1,2008-10-04 02:24:20,119.8976416,51.3403116
Car-1,2008-10-04 02:24:24,119.8981033,51.3403883
Car-1,2008-10-04 02:24:30,119.8988866,51.3405449
Car-1,2008-10-04 02:24:36,119.8996716,51.3407099
Car-1,2008-10-04 02:24:42,119.9002816,51.3408383
Car-1,2008-10-04 02:24:46,119.9006333,51.340905
Car-1,2008-10-04 02:24:50,119.900935,51.3409683
Car-1,2008-10-04 02:24:54,119.9012133,51.3410366
Car-1,2008-10-04 02:24:58,119.9016083,51.3410966
Car-1,2008-10-04 02:25:04,119.9022466,51.3412083
Car-1,2008-10-04 02:25:08,119.9025583,51.3412649
Car-1,2008-10-04 02:25:12,119.9028783,51.3413133
Car-1,2008-10-04 02:25:16,119.9032616,51.3413749
Car-1,2008-10-04 02:25:22,119.9038299,51.3414549
Car-1,2008-10-04 02:25:26,119.903935,51.3416216
Car-1,2008-10-04 02:25:30,119.9037999,51.34187
Car-1,2008-10-04 02:25:36,119.9035066,51.3422883
Car-1,2008-10-04 02:25:42,119.903235,51.3426766
Car-1,2008-10-04 02:25:46,119.9031366,51.3428716
Car-1,2008-10-04 02:25:50,119.9030566,51.3429799
Car-1,2008-10-04 02:25:54,119.9029733,51.3430516
Car-1,2008-10-04 02:25:58,119.9029216,51.3430716
Car-1,2008-10-04 02:26:00,119.9029216,51.3430716
Car-1,2008-10-04 02:26:02,119.9029216,51.3430766
Car-1,2008-10-04 02:26:05,119.90294,51.3430666
Car-1,2008-10-04 02:26:10,119.9029333,51.3430599
Car-1,2008-10-04 02:26:12,119.9029316,51.343055
Car-1,2008-10-04 02:26:14,119.9029166,51.3430566
Car-1,2008-10-04 02:26:20,119.9029033,51.3430599
Car-1,2008-10-04 02:26:22,119.9028933,51.3430616
Car-1,2008-10-04 02:26:26,119.9029016,51.3430799
Car-1,2008-10-04 02:26:28,119.9028966,51.3430866
Car-1,2008-10-04 02:26:30,119.9029016,51.34309
Car-1,2008-10-04 02:26:32,119.9029049,51.3430799
Car-1,2008-10-04 02:26:34,119.9029116,51.3430733
Car-1,2008-10-04 02:26:36,119.9029266,51.3430683
Car-1,2008-10-04 02:26:44,119.9029033,51.3430816
Car-1,2008-10-04 02:26:46,119.9029,51.3430833
Car-1,2008-10-04 02:26:48,119.9028833,51.3430866
Car-1,2008-10-04 02:26:50,119.9028983,51.3430933
Car-1,2008-10-04 02:26:52,119.9028983,51.3431133
Car-1,2008-10-04 02:26:54,119.9028866,51.3431366
Car-1,2008-10-04 02:26:56,119.9028749,51.3431516
Car-1,2008-10-04 02:26:58,119.9028599,51.3431449
Car-1,2008-10-04 02:27:18,119.90287,51.3431333
Car-1,2008-10-04 02:27:20,119.9028983,51.3431416
Car-1,2008-10-04 02:27:22,119.9029416,51.3431516
Car-1,2008-10-04 02:27:24,119.9029749,51.3431616
Car-1,2008-10-04 02:27:26,119.9030166,51.3431666
Car-1,2008-10-04 02:27:28,119.9030616,51.3431783
Car-1,2008-10-04 02:27:30,119.9031083,51.3431799
Car-1,2008-10-04 02:27:32,119.9031466,51.343175
Car-1,2008-10-04 02:27:34,119.9031783,51.3431583
Car-1,2008-10-04 02:27:51,119.9031683,51.3431566
Car-1,2008-10-04 02:27:53,119.9031533,51.3431783
Car-1,2008-10-04 02:27:55,119.9031299,51.3431966
Car-1,2008-10-04 02:27:57,119.9031183,51.3432166
Car-1,2008-10-04 02:27:59,119.9031233,51.3432366
Car-1,2008-10-04 02:28:01,119.9031466,51.3432549
Car-1,2008-10-04 02:28:03,119.9031783,51.3432733
Car-1,2008-10-04 02:28:05,119.9031999,51.3432849
Car-1,2008-10-04 02:28:07,119.9032266,51.3433
Car-1,2008-10-04 02:28:09,119.90326,51.3433099
Car-1,2008-10-04 02:28:11,119.9032516,51.3433383
Car-1,2008-10-04 02:28:13,119.9032533,51.3433616
Car-1,2008-10-04 02:28:15,119.9032716,51.3433749
Car-1,2008-10-04 02:28:36,119.9032716,51.3433749
Car-1,2008-10-04 02:28:38,119.9032733,51.3433766
Car-1,2008-10-04 02:28:40,119.9032733,51.3433899
Car-1,2008-10-04 02:28:42,119.90326,51.343405
Car-1,2008-10-04 02:28:44,119.9032299,51.3434183
Car-1,2008-10-04 02:28:46,119.9032033,51.3434333
Car-1,2008-10-04 02:28:48,119.90319,51.3434533
Car-1,2008-10-04 02:28:50,119.9031833,51.3434699
Car-1,2008-10-04 02:28:52,119.9031883,51.3434933
Car-1,2008-10-04 02:28:54,119.9031966,51.3435166
Car-1,2008-10-04 02:28:56,119.9031933,51.3435416
Car-1,2008-10-04 02:28:58,119.9031833,51.3435649
Car-1,2008-10-04 02:29:00,119.903175,51.3435883
Car-1,2008-10-04 02:29:02,119.9031616,51.3436116
Car-1,2008-10-04 02:29:04,119.9031399,51.3436316
Car-1,2008-10-04 02:29:13,119.903125,51.3436466
Car-1,2008-10-04 02:29:15,119.9031316,51.3436666
Car-1,2008-10-04 02:29:17,119.9031383,51.3436833
Car-1,2008-10-04 02:29:19,119.9031566,51.3436933
Car-1,2008-10-04 02:29:21,119.9031733,51.3437066
Car-1,2008-10-04 02:29:23,119.9031783,51.3437249
Car-1,2008-10-04 02:29:25,119.9031866,51.3437449
Car-1,2008-10-04 02:29:27,119.9031849,51.3437649
Car-1,2008-10-04 02:29:29,119.9031766,51.3437866
Car-1,2008-10-04 02:29:31,119.9031716,51.3438083
Car-1,2008-10-04 02:29:33,119.9031816,51.3438383
Car-1,2008-10-04 02:29:35,119.9032016,51.343855
Car-1,2008-10-04 02:29:37,119.9032266,51.3438683
Car-1,2008-10-04 02:29:39,119.9032533,51.3438866
Car-1,2008-10-04 02:29:41,119.9032716,51.3439049
Car-1,2008-10-04 02:29:43,119.9032849,51.3439266
Car-1,2008-10-04 02:29:45,119.9032949,51.3439466
Car-1,2008-10-04 02:29:47,119.9033016,51.3439666
Car-1,2008-10-04 02:29:49,119.9033133,51.3439833
Car-1,2008-10-04 02:29:51,119.9033216,51.3440016
Car-1,2008-10-04 02:29:53,119.903335,51.3440166
Car-1,2008-10-04 02:29:55,119.9033516,51.34403
Car-1,2008-10-04 02:29:57,119.9033666,51.3440416
Car-1,2008-10-04 02:30:07,119.9033666,51.3440416
Car-1,2008-10-04 02:30:09,119.9033733,51.34405
Car-1,2008-10-04 02:30:11,119.9033866,51.3440449
Car-1,2008-10-04 02:30:22,119.9033866,51.3440449
Car-1,2008-10-04 02:30:24,119.9033916,51.3440449
Car-1,2008-10-04 02:30:26,119.9034116,51.3440399
Car-1,2008-10-04 02:30:37,119.9034116,51.3440399
Car-1,2008-10-04 02:30:39,119.9034183,51.3440366
Car-1,2008-10-04 02:30:49,119.90343,51.34403
Car-1,2008-10-04 02:30:51,119.9034549,51.3440383
Car-1,2008-10-04 02:30:53,119.9034733,51.3440483
Car-1,2008-10-04 02:33:58,119.9032566,51.3438233
Car-1,2008-10-04 02:34:00,119.903235,51.3438083
Car-1,2008-10-04 02:34:02,119.9032216,51.3437933
Car-1,2008-10-04 02:34:04,119.9032149,51.3437799
Car-1,2008-10-04 02:34:06,119.9032133,51.3437683
Car-1,2008-10-04 02:34:08,119.9032099,51.3437566
Car-1,2008-10-04 02:34:10,119.9032116,51.3437433
Car-1,2008-10-04 02:34:12,119.9032133,51.34372
Car-1,2008-10-04 02:34:14,119.9032183,51.3437033
Car-1,2008-10-04 02:34:16,119.9032133,51.3436883
Car-1,2008-10-04 02:34:18,119.9032099,51.3436783
Car-1,2008-10-04 02:34:20,119.9032016,51.3436616
Car-1,2008-10-04 02:34:22,119.9031999,51.3436433
Car-1,2008-10-04 02:34:24,119.903195,51.3436249
Car-1,2008-10-04 02:34:26,119.9031916,51.3436066
Car-1,2008-10-04 02:34:28,119.9031883,51.3435883
Car-1,2008-10-04 02:34:30,119.9031816,51.3435683
Car-1,2008-10-04 02:34:32,119.9031766,51.3435499
Car-1,2008-10-04 02:34:34,119.9031733,51.3435283
Car-1,2008-10-04 02:34:36,119.9031733,51.34351
Car-1,2008-10-04 02:34:38,119.903175,51.3434916
Car-1,2008-10-04 02:34:40,119.90318,51.343475
Car-1,2008-10-04 02:34:42,119.9031849,51.3434599
Car-1,2008-10-04 02:34:44,119.9031883,51.34344
Car-1,2008-10-04 02:34:46,119.9031866,51.3434249
Car-1,2008-10-04 02:34:48,119.9031883,51.3434066
Car-1,2008-10-04 02:34:50,119.9031916,51.3433916
Car-1,2008-10-04 02:34:52,119.9031916,51.3433783
Car-1,2008-10-04 02:34:54,119.9031983,51.3433666
Car-1,2008-10-04 02:34:56,119.903205,51.3433533
Car-1,2008-10-04 02:34:58,119.903205,51.343335
Car-1,2008-10-04 02:35:00,119.9031916,51.3433199
Car-1,2008-10-04 02:35:02,119.90318,51.3433049
Car-1,2008-10-04 02:35:04,119.9031683,51.3432916
Car-1,2008-10-04 02:35:06,119.9031599,51.3432749
Car-1,2008-10-04 02:35:08,119.9031466,51.3432583
Car-1,2008-10-04 02:35:10,119.9031283,51.3432433
Car-1,2008-10-04 02:35:12,119.9031216,51.3432266
Car-1,2008-10-04 02:35:14,119.9031166,51.3432116
Car-1,2008-10-04 02:35:16,119.9031149,51.343195
Car-1,2008-10-04 02:35:18,119.9031083,51.3431816
Car-1,2008-10-04 02:35:20,119.9031016,51.3431649
Car-1,2008-10-04 02:35:22,119.9030933,51.3431533
Car-1,2008-10-04 02:35:24,119.9030749,51.34314
Car-1,2008-10-04 02:35:26,119.9030516,51.3431266
Car-1,2008-10-04 02:35:28,119.9030416,51.3431116
Car-1,2008-10-04 02:35:30,119.903025,51.3431016
Car-1,2008-10-04 02:35:32,119.9030033,51.34309
Car-1,2008-10-04 02:35:34,119.9029816,51.3430849
Car-1,2008-10-04 02:35:36,119.9029583,51.343075
Car-1,2008-10-04 02:35:38,119.90294,51.3430633
Car-1,2008-10-04 02:35:40,119.9029199,51.3430566
Car-1,2008-10-04 02:36:12,119.9029049,51.343055
Car-1,2008-10-04 02:36:14,119.902895,51.3430633
Car-1,2008-10-04 02:36:16,119.9028816,51.3430533
Car-1,2008-10-04 02:36:18,119.9028899,51.343055
Car-1,2008-10-04 02:36:20,119.9028916,51.3430466
Car-1,2008-10-04 02:36:22,119.9029,51.3430449
Car-1,2008-10-04 02:36:24,119.9029,51.3430449
Car-1,2008-10-04 02:36:27,119.9028883,51.3430433
Car-1,2008-10-04 02:36:29,119.902885,51.3430433
Car-1,2008-10-04 02:36:31,119.9028883,51.3430316
Car-1,2008-10-04 02:36:33,119.9028616,51.3430316
Car-1,2008-10-04 02:36:35,119.9028599,51.3430366
Car-1,2008-10-04 02:36:37,119.9028682,51.3430266
Car-1,2008-10-04 02:36:39,119.9028883,51.3430433
Car-1,2008-10-04 02:36:41,119.9029033,51.3430516
Car-1,2008-10-04 02:36:43,119.9029083,51.3430666
Car-1,2008-10-04 02:36:45,119.9028966,51.3430383
Car-1,2008-10-04 02:36:51,119.9029066,51.34304
Car-1,2008-10-04 02:36:54,119.9029166,51.3430333
Car-1,2008-10-04 02:36:56,119.9029266,51.3430283
Car-1,2008-10-04 02:36:58,119.90294,51.34302
Car-1,2008-10-04 02:37:00,119.9029633,51.3430249
Car-1,2008-10-04 02:37:02,119.9029899,51.3430316
Car-1,2008-10-04 02:37:04,119.9030066,51.3430383
Car-1,2008-10-04 02:37:06,119.9030066,51.3430533
Car-1,2008-10-04 02:37:08,119.9030633,51.3430816
Car-1,2008-10-04 02:37:12,119.9032249,51.3431266
Car-1,2008-10-04 02:37:16,119.9031933,51.3430966
Car-1,2008-10-04 02:37:20,119.9032299,51.3431466
Car-1,2008-10-04 02:37:22,119.9032683,51.3431633
Car-1,2008-10-04 02:37:25,119.9032933,51.3431549
Car-1,2008-10-04 02:37:30,119.9033949,51.3431699
Car-1,2008-10-04 02:37:32,119.9034483,51.3431866
Car-1,2008-10-04 02:39:01,119.9030666,51.3431099
Car-1,2008-10-04 02:39:03,119.9030716,51.3431299
Car-1,2008-10-04 02:39:05,119.9030782,51.3431299
Car-1,2008-10-04 02:39:07,119.9030849,51.3431283
Car-1,2008-10-04 02:39:09,119.9030716,51.3431483
Car-1,2008-10-04 02:39:11,119.9030549,51.3431549
Car-1,2008-10-04 02:39:13,119.9030366,51.3431766
Car-1,2008-10-04 02:39:15,119.903065,51.3431983
Car-1,2008-10-04 02:39:17,119.9031233,51.3432199
Car-1,2008-10-04 02:39:19,119.9031883,51.3432433
Car-1,2008-10-04 02:39:23,119.9032699,51.3432216
Car-1,2008-10-04 02:39:25,119.9033466,51.3431966
Car-1,2008-10-04 02:39:29,119.9033933,51.3431099
Car-1,2008-10-04 02:39:33,119.9034383,51.3429883
Car-1,2008-10-04 02:39:37,119.9035166,51.3428499
Car-1,2008-10-04 02:39:41,119.90361,51.3426783
Car-1,2008-10-04 02:39:45,119.9037316,51.3425133
Car-1,2008-10-04 02:39:49,119.903755,51.3422616
Car-1,2008-10-04 02:39:53,119.9037766,51.3419816
Car-1,2008-10-04 02:39:57,119.9039116,51.341745
Car-1,2008-10-04 02:40:01,119.9039216,51.3415383
Car-1,2008-10-04 02:40:05,119.9037333,51.3414283
Car-1,2008-10-04 02:40:09,119.9033716,51.3413783
Car-1,2008-10-04 02:40:13,119.9029899,51.3413433
Car-1,2008-10-04 02:40:17,119.9026016,51.3412999
Car-1,2008-10-04 02:40:21,119.9023283,51.3412716
Car-1,2008-10-04 02:40:25,119.9020216,51.3412133
Car-1,2008-10-04 02:40:29,119.9016299,51.34115
Car-1,2008-10-04 02:40:35,119.9010916,51.3410683
Car-1,2008-10-04 02:40:39,119.9008366,51.34101
Car-1,2008-10-04 02:40:43,119.9005216,51.3409516
Car-1,2008-10-04 02:40:47,119.9001916,51.3408733
Car-1,2008-10-04 02:40:51,119.8998066,51.3408
Car-1,2008-10-04 02:40:57,119.8991533,51.3406633
Car-1,2008-10-04 02:41:03,119.8984566,51.3405033
Car-1,2008-10-04 02:41:09,119.8978516,51.3403799
Car-1,2008-10-04 02:41:15,119.8973449,51.3402749
Car-1,2008-10-04 02:41:19,119.8972583,51.3401483
Car-1,2008-10-04 02:41:23,119.8973616,51.33993
Car-1,2008-10-04 02:41:27,119.8974433,51.3396749
Car-1,2008-10-04 02:41:31,119.8975766,51.3394299
Car-1,2008-10-04 02:41:37,119.8977583,51.3389816
Car-1,2008-10-04 02:41:43,119.8979683,51.3385366
Car-1,2008-10-04 02:41:49,119.8981716,51.3381366
Car-1,2008-10-04 02:41:55,119.8983316,51.3377433
Car-1,2008-10-04 02:41:59,119.8984216,51.3375516
Car-1,2008-10-04 02:42:03,119.8984983,51.3374
Car-1,2008-10-04 02:42:07,119.8985966,51.3372266
Car-1,2008-10-04 02:42:11,119.8987266,51.3369866
Car-1,2008-10-04 02:42:17,119.8989099,51.336545
Car-1,2008-10-04 02:42:23,119.8991133,51.3360833
Car-1,2008-10-04 02:42:29,119.8993133,51.3356666
Car-1,2008-10-04 02:42:33,119.8994049,51.3354583
Car-1,2008-10-04 02:42:37,119.8995099,51.3352433
Car-1,2008-10-04 02:42:41,119.8996366,51.3349766
Car-1,2008-10-04 02:42:47,119.8998716,51.3344899
Car-1,2008-10-04 02:42:53,119.900125,51.3339549
Car-1,2008-10-04 02:42:59,119.9003666,51.3333633
Car-1,2008-10-04 02:43:05,119.9006349,51.332735
Car-1,2008-10-04 02:43:11,119.9009133,51.3320949
Car-1,2008-10-04 02:43:17,119.9011733,51.3315
Car-1,2008-10-04 02:43:23,119.9013416,51.3311083
Car-1,2008-10-04 02:43:27,119.9013816,51.3310166
Car-1,2008-10-04 02:43:31,119.9013816,51.3310166
Car-1,2008-10-04 02:43:33,119.9013766,51.3310149
Car-1,2008-10-04 02:43:35,119.9013733,51.3309966
Car-1,2008-10-04 02:43:39,119.9013216,51.3309366
Car-1,2008-10-04 02:43:43,119.9012499,51.3309466
Car-1,2008-10-04 02:43:47,119.9012033,51.3309366
Car-1,2008-10-04 02:43:49,119.9012333,51.3309249
Car-1,2008-10-04 02:43:51,119.9012249,51.3309083
Car-1,2008-10-04 02:43:53,119.9011983,51.330885
Car-1,2008-10-04 02:43:57,119.9011833,51.3308816
Car-1,2008-10-04 02:44:34,119.9011666,51.3308749
Car-1,2008-10-04 02:44:57,119.9011666,51.3308749
Car-1,2008-10-04 02:44:59,119.90116,51.3308799
Car-1,2008-10-04 02:45:01,119.901145,51.3308833
Car-1,2008-10-04 02:45:03,119.901115,51.3308816
Car-1,2008-10-04 02:45:05,119.901115,51.3308816
Car-1,2008-10-04 02:45:07,119.9011066,51.3308833
Car-1,2008-10-04 02:45:10,119.9010999,51.3308716
Car-1,2008-10-04 02:45:11,119.9010999,51.3308716
Car-1,2008-10-04 02:45:13,119.9010933,51.33087
Car-1,2008-10-04 02:45:40,119.9011033,51.3308749
Car-1,2008-10-04 02:45:42,119.9011016,51.3308899
Car-1,2008-10-04 02:45:44,119.9010833,51.330905
Car-1,2008-10-04 02:45:46,119.9010583,51.3309133
Car-1,2008-10-04 02:45:48,119.9010466,51.3309099
Car-1,2008-10-04 02:45:50,119.9010616,51.3309083
Car-1,2008-10-04 02:45:52,119.9010849,51.3309016
Car-1,2008-10-04 02:45:54,119.90112,51.330905
Car-1,2008-10-04 02:45:56,119.9011649,51.33092
Car-1,2008-10-04 02:46:00,119.9012216,51.3309466
Car-1,2008-10-04 02:46:05,119.9012216,51.3309466
Car-1,2008-10-04 02:46:07,119.9012266,51.3309449
Car-1,2008-10-04 02:46:09,119.9012583,51.330955
Car-1,2008-10-04 02:46:11,119.901275,51.330975
Car-1,2008-10-04 02:46:13,119.9013166,51.3309866
Car-1,2008-10-04 02:46:15,119.9013816,51.3310016
Car-1,2008-10-04 02:46:17,119.9013733,51.3310083
Car-1,2008-10-04 02:46:19,119.9013566,51.3310183
Car-1,2008-10-04 02:46:30,119.9013566,51.3310183
Car-1,2008-10-04 02:46:32,119.9013533,51.3310199
Car-1,2008-10-04 02:46:35,119.9013616,51.3310316
Car-1,2008-10-04 02:46:37,119.9013583,51.3310283
Car-1,2008-10-04 02:46:39,119.901355,51.3310233
Car-1,2008-10-04 02:46:41,119.901355,51.3310233
Car-1,2008-10-04 02:46:43,119.9013566,51.3310233
Car-1,2008-10-04 02:46:45,119.9013633,51.3309949
Car-1,2008-10-04 02:46:49,119.9014183,51.3308749
Car-1,2008-10-04 02:46:53,119.9014899,51.3307183
Car-1,2008-10-04 02:46:57,119.9015149,51.3305849
Car-1,2008-10-04 02:47:01,119.9013533,51.330535
Car-1,2008-10-04 02:47:05,119.9010766,51.3306416
Car-1,2008-10-04 02:47:09,119.9006783,51.3308233
Car-1,2008-10-04 02:47:15,119.8999633,51.3311516
Car-1,2008-10-04 02:47:21,119.8991233,51.3315083
Car-1,2008-10-04 02:47:27,119.8982616,51.3318233
Car-1,2008-10-04 02:47:33,119.8973266,51.3321066
Car-1,2008-10-04 02:47:39,119.8963999,51.3323733
Car-1,2008-10-04 02:47:45,119.8954583,51.332615
Car-1,2008-10-04 02:47:51,119.8944516,51.3328633
Car-1,2008-10-04 02:47:57,119.8934083,51.3330599
Car-1,2008-10-04 02:48:03,119.8924949,51.3332149
Car-1,2008-10-04 02:48:09,119.891965,51.3332966
Car-1,2008-10-04 02:48:13,119.8917683,51.3332499
Car-1,2008-10-04 02:48:17,119.8916233,51.3330599
Car-1,2008-10-04 02:48:21,119.8914549,51.3328133
Car-1,2008-10-04 02:48:27,119.8911483,51.332385
Car-1,2008-10-04 02:48:33,119.8908266,51.3319166
Car-1,2008-10-04 02:48:39,119.8904483,51.3314066
Car-1,2008-10-04 02:48:45,119.8900699,51.3308566
Car-1,2008-10-04 02:48:51,119.8896583,51.3302799
Car-1,2008-10-04 02:48:57,119.88929,51.3297249
Car-1,2008-10-04 02:49:03,119.8888933,51.3291449
Car-1,2008-10-04 02:49:09,119.8885066,51.3285499
Car-1,2008-10-04 02:49:15,119.888125,51.32792
Car-1,2008-10-04 02:49:21,119.8879649,51.3272666
Car-1,2008-10-04 02:49:27,119.8878966,51.3266183
Car-1,2008-10-04 02:49:33,119.8878416,51.32598
Car-1,2008-10-04 02:49:39,119.887765,51.3252833
Car-1,2008-10-04 02:49:45,119.8876899,51.3245699
Car-1,2008-10-04 02:49:51,119.8876216,51.3238133
Car-1,2008-10-04 02:49:57,119.8875283,51.3230233
Car-1,2008-10-04 02:50:03,119.8874466,51.3222116
Car-1,2008-10-04 02:50:09,119.8873483,51.3213866
Car-1,2008-10-04 02:50:15,119.8872616,51.3205833
Car-1,2008-10-04 02:50:21,119.8871516,51.3198049
Car-1,2008-10-04 02:50:27,119.8872016,51.31912
Car-1,2008-10-04 02:50:33,119.8875783,51.318525
Car-1,2008-10-04 02:50:39,119.8881749,51.3180299
Car-1,2008-10-04 02:50:45,119.88898,51.3176783
Car-1,2008-10-04 02:50:51,119.889685,51.3173416
Car-1,2008-10-04 02:50:57,119.8896016,51.316835
Car-1,2008-10-04 02:51:03,119.8890966,51.316205
Car-1,2008-10-04 02:51:09,119.8885966,51.3155533
Car-1,2008-10-04 02:51:15,119.8881599,51.3149049
Car-1,2008-10-04 02:51:21,119.8876233,51.314215
Car-1,2008-10-04 02:51:27,119.887075,51.3135033
Car-1,2008-10-04 02:51:33,119.886515,51.3127983
Car-1,2008-10-04 02:51:39,119.8859199,51.31205
Car-1,2008-10-04 02:51:45,119.8854216,51.3112766
Car-1,2008-10-04 02:51:51,119.88493,51.3105699
Car-1,2008-10-04 02:51:57,119.8845233,51.3099133
Car-1,2008-10-04 02:52:03,119.8841099,51.3092733
Car-1,2008-10-04 02:52:37,119.8833149,51.3058683
Car-1,2008-10-04 02:52:50,119.88359,51.3046533
Car-1,2008-10-04 02:52:56,119.884075,51.3040799
Car-1,2008-10-04 02:53:02,119.8845666,51.3035199
Car-1,2008-10-04 02:53:08,119.8847383,51.3032066
Car-1,2008-10-04 02:53:12,119.884315,51.3030533
Car-1,2008-10-04 02:53:16,119.8836733,51.3030233
Car-1,2008-10-04 02:53:22,119.8825733,51.30311
Car-1,2008-10-04 02:53:28,119.8817599,51.3028783
Car-1,2008-10-04 02:53:34,119.8814366,51.3024366
Car-1,2008-10-04 02:53:40,119.8811233,51.3019533
Car-1,2008-10-04 02:53:46,119.8808066,51.3014233
Car-1,2008-10-04 02:53:52,119.8804666,51.3008516
Car-1,2008-10-04 02:53:58,119.8801216,51.3002566
Car-1,2008-10-04 02:54:04,119.8797816,51.2996966
Car-1,2008-10-04 02:54:10,119.8794716,51.2991949
Car-1,2008-10-04 02:54:16,119.8791549,51.2986649
Car-1,2008-10-04 02:54:22,119.878835,51.298115
Car-1,2008-10-04 02:54:28,119.8785066,51.2975649
Car-1,2008-10-04 02:54:34,119.8781566,51.2970283
Car-1,2008-10-04 02:54:40,119.8778083,51.2964633
Car-1,2008-10-04 02:54:46,119.8774449,51.2958633
Car-1,2008-10-04 02:54:52,119.877085,51.2952083
Car-1,2008-10-04 02:54:58,119.876705,51.2946033
Car-1,2008-10-04 02:55:04,119.8763483,51.2940483
Car-1,2008-10-04 02:55:10,119.8759816,51.2934733
Car-1,2008-10-04 02:55:16,119.8756766,51.2929683
Car-1,2008-10-04 02:58:42,119.8756183,51.2927249
Car-1,2008-10-04 02:58:44,119.8755982,51.2926683
Car-1,2008-10-04 02:58:48,119.8755949,51.2925899
Car-1,2008-10-04 02:58:52,119.8755333,51.2924533
Car-1,2008-10-04 02:58:56,119.8753833,51.2922383
Car-1,2008-10-04 02:59:00,119.8751816,51.2919949
Car-1,2008-10-04 02:59:04,119.8750416,51.2917649
Car-1,2008-10-04 02:59:08,119.8748916,51.2914966
Car-1,2008-10-04 02:59:12,119.8747266,51.2911949
Car-1,2008-10-04 02:59:18,119.87445,51.2907549
Car-1,2008-10-04 02:59:24,119.8741066,51.2902216
Car-1,2008-10-04 02:59:30,119.8737783,51.2896466
Car-1,2008-10-04 02:59:36,119.8734833,51.28916
Car-1,2008-10-04 02:59:42,119.8732283,51.2887133
Car-1,2008-10-04 02:59:48,119.8729516,51.2883016
Car-1,2008-10-04 02:59:54,119.8726433,51.2879349
Car-1,2008-10-04 03:00:00,119.8720999,51.2875999
Car-1,2008-10-04 03:00:06,119.8714549,51.2873249
Car-1,2008-10-04 03:00:12,119.8707683,51.2870016
Car-1,2008-10-04 03:00:18,119.8699366,51.2866249
Car-1,2008-10-04 03:00:24,119.8690566,51.2862499
Car-1,2008-10-04 03:00:30,119.8682832,51.2858983
Car-1,2008-10-04 03:00:36,119.8675183,51.28558
Car-1,2008-10-04 03:00:42,119.8667416,51.2852649
Car-1,2008-10-04 03:00:48,119.8659516,51.2849299
Car-1,2008-10-04 03:00:54,119.8651533,51.2845766
Car-1,2008-10-04 03:01:00,119.8643949,51.2842366
Car-1,2008-10-04 03:01:06,119.8635983,51.2838633
Car-1,2008-10-04 03:01:12,119.862875,51.2834299
Car-1,2008-10-04 03:01:18,119.8623333,51.2828516
Car-1,2008-10-04 03:01:24,119.8618166,51.2822316
Car-1,2008-10-04 03:01:30,119.8613182,51.2816249
Car-1,2008-10-04 03:01:36,119.8608349,51.2810483
Car-1,2008-10-04 03:01:42,119.86031,51.2804549
Car-1,2008-10-04 03:01:48,119.8597699,51.2798616
Car-1,2008-10-04 03:01:54,119.85916,51.2793166
Car-1,2008-10-04 03:02:00,119.8583949,51.2788366
Car-1,2008-10-04 03:02:06,119.8575516,51.2783583
Car-1,2008-10-04 03:02:12,119.85668,51.2779233
Car-1,2008-10-04 03:02:18,119.8557666,51.2774683
Car-1,2008-10-04 03:02:24,119.8548816,51.2769883
Car-1,2008-10-04 03:02:30,119.85396,51.2765799
Car-1,2008-10-04 03:02:36,119.8530299,51.2761433
Car-1,2008-10-04 03:02:42,119.8521183,51.2757383
Car-1,2008-10-04 03:02:48,119.8512649,51.2753249
Car-1,2008-10-04 03:04:40,119.8498,51.2660533
Car-1,2008-10-04 03:06:46,119.8351066,51.2537783
Car-1,2008-10-04 03:08:32,119.8282716,51.2463249
Car-1,2008-10-04 03:08:38,119.8277933,51.2458066
Car-1,2008-10-04 03:08:44,119.8273016,51.2452816
Car-1,2008-10-04 03:08:50,119.8267949,51.2447516
Car-1,2008-10-04 03:08:56,119.8263216,51.244215
Car-1,2008-10-04 03:09:02,119.8257999,51.2436433
Car-1,2008-10-04 03:09:08,119.82528,51.24308
Car-1,2008-10-04 03:09:14,119.8247983,51.2425499
Car-1,2008-10-04 03:09:20,119.8243216,51.2420366
Car-1,2008-10-04 03:09:26,119.8238399,51.2414699
Car-1,2008-10-04 03:09:32,119.8233366,51.2409116
Car-1,2008-10-04 03:09:38,119.8228133,51.2403316
Car-1,2008-10-04 03:09:44,119.8222699,51.2397666
Car-1,2008-10-04 03:09:50,119.8217549,51.2392316
Car-1,2008-10-04 03:09:56,119.8213666,51.238785
Car-1,2008-10-04 03:10:02,119.82096,51.2383433
Car-1,2008-10-04 03:10:08,119.8205566,51.2378766
Car-1,2008-10-04 03:10:14,119.820175,51.23744
Car-1,2008-10-04 03:10:20,119.8198299,51.2370566
Car-1,2008-10-04 03:10:26,119.8195083,51.2366766
Car-1,2008-10-04 03:10:32,119.81911,51.2362633
Car-1,2008-10-04 03:10:38,119.818745,51.2358216
Car-1,2008-10-04 03:10:44,119.81844,51.2354166
Car-1,2008-10-04 03:10:50,119.8180983,51.2350283
Car-1,2008-10-04 03:10:56,119.8178333,51.2347683
Car-1,2008-10-04 03:11:00,119.8177583,51.2346633
Car-1,2008-10-04 03:11:04,119.8176316,51.2345233
Car-1,2008-10-04 03:11:08,119.8175283,51.2343983
Car-1,2008-10-04 03:11:12,119.8174049,51.2342783
Car-1,2008-10-04 03:11:16,119.8172249,51.2341316
Car-1,2008-10-04 03:11:20,119.8170466,51.2339816
Car-1,2008-10-04 03:11:24,119.8168682,51.2338083
Car-1,2008-10-04 03:11:28,119.8166716,51.2336416
Car-1,2008-10-04 03:11:32,119.8165116,51.2334683
Car-1,2008-10-04 03:11:36,119.8163699,51.2333249
Car-1,2008-10-04 03:11:40,119.8162599,51.2332383
Car-1,2008-10-04 03:11:52,119.8162433,51.2332299
Car-1,2008-10-04 03:11:54,119.8162349,51.2332183
Car-1,2008-10-04 03:11:56,119.8162266,51.2332366
Car-1,2008-10-04 03:11:58,119.816225,51.2332299
Car-1,2008-10-04 03:12:00,119.8162116,51.2332216
Car-1,2008-10-04 03:12:02,119.8161783,51.2332066
Car-1,2008-10-04 03:12:04,119.8161516,51.23319
Car-1,2008-10-04 03:12:06,119.8161266,51.2331816
Car-1,2008-10-04 03:12:28,119.8161216,51.2331833
Car-1,2008-10-04 03:12:30,119.8161199,51.2331783
Car-1,2008-10-04 03:12:46,119.8161199,51.2331783
Car-1,2008-10-04 03:12:48,119.8161216,51.2331733
Car-1,2008-10-04 03:12:50,119.81611,51.2331666
Car-1,2008-10-04 03:12:52,119.8161066,51.2331666
Car-1,2008-10-04 03:12:53,119.8161216,51.2331699
Car-1,2008-10-04 03:13:18,119.8161466,51.2331633
Car-1,2008-10-04 03:13:20,119.8161666,51.2331666
Car-1,2008-10-04 03:13:22,119.8161883,51.2331733
Car-1,2008-10-04 03:13:24,119.8162016,51.2331833
Car-1,2008-10-04 03:13:26,119.8162049,51.2331966
Car-1,2008-10-04 03:13:28,119.8162199,51.2332049
Car-1,2008-10-04 03:13:30,119.8162266,51.2332166
Car-1,2008-10-04 03:13:32,119.8162366,51.2332299
Car-1,2008-10-04 03:13:34,119.8162416,51.2332416
Car-1,2008-10-04 03:13:36,119.8162533,51.2332466
Car-1,2008-10-04 03:13:46,119.816265,51.2332483
Car-1,2008-10-04 03:13:48,119.816265,51.2332416
Car-1,2008-10-04 03:13:54,119.816265,51.233235
Car-1,2008-10-04 03:13:57,119.8162616,51.2332316
Car-1,2008-10-04 03:14:14,119.816265,51.2332283
Car-1,2008-10-04 03:14:16,119.8162616,51.233235
Car-1,2008-10-04 03:14:23,119.8162616,51.233235
Car-1,2008-10-04 03:14:25,119.8162533,51.2332283
Car-1,2008-10-04 03:14:27,119.81624,51.2332083
Car-1,2008-10-04 03:14:29,119.8162333,51.23319
Car-1,2008-10-04 03:14:37,119.8162333,51.23319
Car-1,2008-10-04 03:14:39,119.8162299,51.2331833
Car-1,2008-10-04 03:14:43,119.81611,51.2330816
Car-1,2008-10-04 03:14:47,119.8159633,51.2329316
Car-1,2008-10-04 03:14:51,119.8158416,51.2327883
Car-1,2008-10-04 03:14:55,119.8157249,51.2326316
Car-1,2008-10-04 03:14:59,119.8155966,51.23249
Car-1,2008-10-04 03:15:03,119.8154849,51.2323733
Car-1,2008-10-04 03:15:07,119.8154149,51.2322533
Car-1,2008-10-04 03:15:11,119.8153682,51.2321316
Car-1,2008-10-04 03:15:15,119.8153666,51.2319799
Car-1,2008-10-04 03:15:19,119.81533,51.2317699
Car-1,2008-10-04 03:15:23,119.8153383,51.2316283
Car-1,2008-10-04 03:15:27,119.8153516,51.2314849
Car-1,2008-10-04 03:15:31,119.8153099,51.2313099
Car-1,2008-10-04 03:15:35,119.8153133,51.2310649
Car-1,2008-10-04 03:15:39,119.8153133,51.2308383
Car-1,2008-10-04 03:15:43,119.8152916,51.2306366
Car-1,2008-10-04 03:15:47,119.8152633,51.2304333
Car-1,2008-10-04 03:15:51,119.815285,51.23023
Car-1,2008-10-04 03:15:55,119.8153199,51.2300383
Car-1,2008-10-04 03:15:59,119.8153599,51.2298599
Car-1,2008-10-04 03:16:03,119.8154416,51.2296933
Car-1,2008-10-04 03:16:07,119.8154766,51.2295683
Car-1,2008-10-04 03:16:11,119.8155333,51.2294116
Car-1,2008-10-04 03:16:15,119.8156533,51.2292533
Car-1,2008-10-04 03:16:19,119.8157332,51.2290933
Car-1,2008-10-04 03:16:23,119.8158216,51.2289249
Car-1,2008-10-04 03:16:27,119.8158983,51.2287366
Car-1,2008-10-04 03:16:31,119.815985,51.2285083
Car-1,2008-10-04 03:16:35,119.8160716,51.2282683
Car-1,2008-10-04 03:16:39,119.8161933,51.2280383
Car-1,2008-10-04 03:16:43,119.8162583,51.2278149
Car-1,2008-10-04 03:16:47,119.81631,51.2276183
Car-1,2008-10-04 03:16:51,119.8163766,51.2273933
Car-1,2008-10-04 03:16:55,119.8165616,51.2271699
Car-1,2008-10-04 03:16:59,119.8167216,51.2269416
Car-1,2008-10-04 03:17:05,119.8168833,51.2265233
Car-1,2008-10-04 03:17:11,119.8170316,51.2261049
Car-1,2008-10-04 03:17:17,119.8171949,51.2256866
Car-1,2008-10-04 03:17:23,119.8173516,51.2252616
Car-1,2008-10-04 03:17:29,119.8175599,51.2248116
Car-1,2008-10-04 03:17:35,119.8177666,51.2243333
Car-1,2008-10-04 03:17:41,119.8180166,51.2239166
Car-1,2008-10-04 03:17:47,119.8182816,51.2235866
Car-1,2008-10-04 03:17:53,119.8185983,51.2232266
Car-1,2008-10-04 03:17:59,119.818815,51.2228699
Car-1,2008-10-04 03:18:03,119.8187733,51.2225866
Car-1,2008-10-04 03:18:09,119.8187933,51.2221066
Car-1,2008-10-04 03:18:15,119.818775,51.2216683
Car-1,2008-10-04 03:18:19,119.8186683,51.2214566
Car-1,2008-10-04 03:18:23,119.818595,51.2212566
Car-1,2008-10-04 03:18:27,119.8186099,51.2211483
Car-1,2008-10-04 03:18:31,119.8186299,51.2211333
Car-1,2008-10-04 03:18:33,119.8186183,51.221135
Car-1,2008-10-04 03:18:35,119.8186216,51.2211299
Car-1,2008-10-04 03:18:37,119.8186249,51.2211299
Car-1,2008-10-04 03:18:39,119.8186533,51.2211316
Car-1,2008-10-04 03:18:43,119.8186916,51.2211533
Car-1,2008-10-04 03:18:47,119.8187099,51.22116
Car-1,2008-10-04 03:18:51,119.81865,51.2211649
Car-1,2008-10-04 03:18:53,119.8186599,51.2211633
Car-1,2008-10-04 03:18:55,119.8186666,51.2211716
Car-1,2008-10-04 03:18:57,119.8186633,51.2211716
Car-1,2008-10-04 03:18:59,119.818675,51.2211566
Car-1,2008-10-04 03:19:04,119.8187166,51.2211183
Car-1,2008-10-04 03:19:06,119.8186966,51.2210566
Car-1,2008-10-04 03:19:08,119.8186633,51.2209999
Car-1,2008-10-04 03:19:12,119.818705,51.2208683
Car-1,2008-10-04 03:19:16,119.818775,51.2207133
Car-1,2008-10-04 03:19:20,119.8188516,51.2205466
Car-1,2008-10-04 03:19:24,119.8189633,51.2203583
Car-1,2008-10-04 03:19:28,119.8191083,51.220235
Car-1,2008-10-04 03:19:32,119.8193183,51.2200266
Car-1,2008-10-04 03:19:36,119.81952,51.2198649
Car-1,2008-10-04 03:19:40,119.8197716,51.2196999
Car-1,2008-10-04 03:20:05,119.8196649,51.2182083
Car-1,2008-10-04 03:20:09,119.8197316,51.2179583
Car-1,2008-10-04 03:20:13,119.8197733,51.2177183
Car-1,2008-10-04 03:20:17,119.8197083,51.2175033
Car-1,2008-10-04 03:20:21,119.8195966,51.2173016
Car-1,2008-10-04 03:20:25,119.819475,51.2171466
Car-1,2008-10-04 03:20:29,119.8192549,51.2169733
Car-1,2008-10-04 03:20:33,119.8189949,51.2167283
Car-1,2008-10-04 03:20:37,119.8187633,51.2164383
Car-1,2008-10-04 03:20:41,119.8184699,51.2161299
Car-1,2008-10-04 03:20:47,119.8180816,51.21568
Car-1,2008-10-04 03:20:53,119.8176066,51.21518
Car-1,2008-10-04 03:20:59,119.8171299,51.2147566
Car-1,2008-10-04 03:21:05,119.816785,51.21445
Car-1,2008-10-04 03:24:29,119.8165233,51.2142383
Car-1,2008-10-04 03:24:34,119.8165149,51.2142316
Car-1,2008-10-04 03:24:36,119.8165183,51.2142283
Car-1,2008-10-04 03:24:46,119.81652,51.2142349
Car-1,2008-10-04 03:24:48,119.8165283,51.2142383
Car-1,2008-10-04 03:24:50,119.8165399,51.2142466
Car-1,2008-10-04 03:24:54,119.8165416,51.2142499
Car-1,2008-10-04 03:24:56,119.8165483,51.2142499
Car-1,2008-10-04 03:25:08,119.8165433,51.2142499
Car-1,2008-10-04 03:25:10,119.8165466,51.214255
Car-1,2008-10-04 03:25:31,119.816545,51.214255
Car-1,2008-10-04 03:25:35,119.8165399,51.2142533
Car-1,2008-10-04 03:25:40,119.816545,51.214255
Car-1,2008-10-04 03:25:42,119.8165383,51.2142483
Car-1,2008-10-04 03:26:27,119.8165233,51.2142449
Car-1,2008-10-04 03:26:29,119.8165333,51.2142483
Car-1,2008-10-04 03:26:31,119.8165383,51.214255
Car-1,2008-10-04 03:26:35,119.8165383,51.214255
Car-1,2008-10-04 03:26:37,119.8165399,51.2142599
Car-1,2008-10-04 03:26:39,119.8165483,51.2142716
Car-1,2008-10-04 03:26:41,119.8165699,51.2142916
Car-1,2008-10-04 03:26:43,119.8165816,51.2143116
Car-1,2008-10-04 03:26:45,119.8165916,51.2143316
Car-1,2008-10-04 03:26:47,119.8165983,51.2143466
Car-1,2008-10-04 03:26:49,119.8166033,51.2143583
Car-1,2008-10-04 03:26:52,119.8166216,51.2143649
Car-1,2008-10-04 03:26:54,119.8166383,51.2143749
Car-1,2008-10-04 03:27:05,119.8166533,51.2143783
Car-1,2008-10-04 03:27:08,119.8166432,51.2143716
Car-1,2008-10-04 03:27:11,119.8166483,51.2143666
Car-1,2008-10-04 03:27:13,119.8166566,51.2143749
Car-1,2008-10-04 03:27:15,119.8166383,51.2143816
Car-1,2008-10-04 03:27:17,119.8166216,51.2143866
Car-1,2008-10-04 03:27:19,119.816615,51.2143749
Car-1,2008-10-04 03:27:23,119.8166349,51.2143816
Car-1,2008-10-04 03:27:25,119.8166483,51.2143833
Car-1,2008-10-04 03:27:27,119.8166466,51.2143766
Car-1,2008-10-04 03:27:29,119.8166516,51.2143749
Car-1,2008-10-04 03:27:36,119.8166499,51.2143633
Car-1,2008-10-04 03:27:39,119.8166499,51.2143633
Car-1,2008-10-04 03:27:41,119.8166483,51.2143616
Car-1,2008-10-04 03:27:43,119.8166233,51.2143266
Car-1,2008-10-04 03:27:44,119.8166016,51.2143083
Car-1,2008-10-04 03:27:45,119.8165966,51.2142799
Car-1,2008-10-04 03:27:49,119.8172283,51.2140766
Car-1,2008-10-04 03:27:55,119.8172316,51.2140483
Car-1,2008-10-04 03:27:59,119.81705,51.2139616
Car-1,2008-10-04 03:28:03,119.8168499,51.21383
Car-1,2008-10-04 03:28:07,119.8165649,51.2136633
Car-1,2008-10-04 03:28:11,119.8162833,51.2134833
Car-1,2008-10-04 03:28:15,119.815985,51.213315
Car-1,2008-10-04 03:28:19,119.8157116,51.2131516
Car-1,2008-10-04 03:28:23,119.8154516,51.212975
Car-1,2008-10-04 03:28:27,119.8151833,51.2127866
Car-1,2008-10-04 03:28:31,119.8149533,51.2126066
Car-1,2008-10-04 03:28:35,119.8147366,51.2124316
Car-1,2008-10-04 03:28:39,119.8144432,51.2122666
Car-1,2008-10-04 03:28:43,119.8142083,51.2121333
Car-1,2008-10-04 03:28:47,119.8139916,51.21203
Car-1,2008-10-04 03:28:51,119.8138166,51.2119549
Car-1,2008-10-04 03:28:55,119.8136416,51.2118949
Car-1,2008-10-04 03:28:59,119.8135366,51.2118366
Car-1,2008-10-04 03:29:03,119.8134616,51.2117749
Car-1,2008-10-04 03:29:07,119.8132683,51.2116633
Car-1,2008-10-04 03:29:11,119.81306,51.2115116
Car-1,2008-10-04 03:29:15,119.8128716,51.2113433
Car-1,2008-10-04 03:29:19,119.8125966,51.2111866
Car-1,2008-10-04 03:29:23,119.8123516,51.2110266
Car-1,2008-10-04 03:29:27,119.8120916,51.2108616
Car-1,2008-10-04 03:29:31,119.8118583,51.2106899
Car-1,2008-10-04 03:29:35,119.8115949,51.2105333
Car-1,2008-10-04 03:29:39,119.8113333,51.2104049
Car-1,2008-10-04 03:29:43,119.8110283,51.2102633
Car-1,2008-10-04 03:29:47,119.8106549,51.2101366
Car-1,2008-10-04 03:29:51,119.8103199,51.2099416
Car-1,2008-10-04 03:29:57,119.8098466,51.209655
Car-1,2008-10-04 03:30:01,119.8095649,51.2094716
Car-1,2008-10-04 03:30:05,119.8093033,51.2093199
Car-1,2008-10-04 03:30:09,119.8090816,51.2091716
Car-1,2008-10-04 03:30:13,119.8088216,51.2089883
Car-1,2008-10-04 03:30:17,119.8085883,51.2087916
Car-1,2008-10-04 03:30:21,119.8083299,51.2085849
Car-1,2008-10-04 03:30:27,119.8077666,51.2081983
Car-1,2008-10-04 03:30:33,119.8071333,51.2077599
Car-1,2008-10-04 03:30:39,119.8064516,51.2072849
Car-1,2008-10-04 03:30:45,119.8057616,51.2068066
Car-1,2008-10-04 03:30:51,119.8050166,51.2063066
Car-1,2008-10-04 03:30:57,119.804255,51.2057816
Car-1,2008-10-04 03:31:03,119.8034766,51.20524
Car-1,2008-10-04 03:31:09,119.8026966,51.2047116
Car-1,2008-10-04 03:31:15,119.8019099,51.2041816
Car-1,2008-10-04 03:31:21,119.8011166,51.2036533
Car-1,2008-10-04 03:31:27,119.8003366,51.203125
Car-1,2008-10-04 03:31:33,119.7995799,51.2025933
Car-1,2008-10-04 03:31:39,119.79879,51.2020499
Car-1,2008-10-04 03:31:45,119.7980083,51.2015133
Car-1,2008-10-04 03:31:51,119.7972516,51.2009933
Car-1,2008-10-04 03:31:57,119.7964999,51.2004916
Car-1,2008-10-04 03:32:03,119.79575,51.199975
Car-1,2008-10-04 03:32:09,119.7949966,51.1994549
Car-1,2008-10-04 03:32:15,119.7941866,51.1989066
Car-1,2008-10-04 03:32:21,119.7933799,51.1983383
Car-1,2008-10-04 03:32:27,119.7926083,51.1977933
Car-1,2008-10-04 03:32:33,119.7918116,51.19726
Car-1,2008-10-04 03:32:39,119.7910433,51.1967533
Car-1,2008-10-04 03:32:45,119.7902766,51.1962249
Car-1,2008-10-04 03:32:51,119.7895116,51.1956916
Car-1,2008-10-04 03:32:57,119.78873,51.1951566
Car-1,2008-10-04 03:33:03,119.78793,51.194625
Car-1,2008-10-04 03:33:09,119.7872783,51.194075
Car-1,2008-10-04 03:33:15,119.78695,51.19342
Car-1,2008-10-04 03:33:21,119.7866333,51.1927466
Car-1,2008-10-04 03:33:27,119.7863133,51.1921316
Car-1,2008-10-04 03:33:33,119.7860449,51.1915799
Car-1,2008-10-04 03:33:39,119.7857033,51.1910516
Car-1,2008-10-04 03:33:45,119.7851216,51.1905916
Car-1,2008-10-04 03:33:51,119.7843933,51.1902816
Car-1,2008-10-04 03:33:57,119.7836216,51.1901049
Car-1,2008-10-04 03:34:03,119.783015,51.1897783
Car-1,2008-10-04 03:34:09,119.7826799,51.1892799
Car-1,2008-10-04 03:34:15,119.7823916,51.1887583
Car-1,2008-10-04 03:34:21,119.7820983,51.1882483
Car-1,2008-10-04 03:34:27,119.781765,51.1877283
Car-1,2008-10-04 03:34:33,119.781455,51.1871983
Car-1,2008-10-04 03:34:39,119.7811733,51.1866383
Car-1,2008-10-04 03:34:45,119.7809349,51.1860316
Car-1,2008-10-04 03:34:51,119.7806816,51.1853883
Car-1,2008-10-04 03:34:57,119.7804216,51.1847283
Car-1,2008-10-04 03:35:03,119.7801566,51.1840749
Car-1,2008-10-04 03:35:09,119.7798833,51.1833983
Car-1,2008-10-04 03:35:15,119.7796083,51.1826966
Car-1,2008-10-04 03:35:21,119.7793366,51.1820249
Car-1,2008-10-04 03:35:27,119.7790732,51.1813983
Car-1,2008-10-04 03:35:33,119.7788116,51.1807916
Car-1,2008-10-04 03:35:39,119.7786033,51.1802849
Car-1,2008-10-04 03:35:45,119.7784916,51.1800533
Car-1,2008-10-04 03:35:49,119.7784766,51.1799133
Car-1,2008-10-04 03:35:53,119.7784983,51.1797066
Car-1,2008-10-04 03:35:57,119.7784933,51.1795283
Car-1,2008-10-04 03:36:01,119.7785533,51.1793166
Car-1,2008-10-04 03:36:07,119.7785966,51.178825
Car-1,2008-10-04 03:36:13,119.778755,51.1782899
Car-1,2008-10-04 03:36:19,119.7792833,51.1779133
Car-1,2008-10-04 03:36:25,119.78017,51.1776483
Car-1,2008-10-04 03:36:31,119.7810999,51.177385
Car-1,2008-10-04 03:36:37,119.7820349,51.1770983
Car-1,2008-10-04 03:36:43,119.7830866,51.1767833
Car-1,2008-10-04 03:36:49,119.7841466,51.17645
Car-1,2008-10-04 03:36:55,119.7851683,51.1761316
Car-1,2008-10-04 03:37:01,119.7862699,51.1757933
Car-1,2008-10-04 03:37:07,119.7872933,51.1754683
Car-1,2008-10-04 03:37:13,119.7880183,51.1752499
Car-1,2008-10-04 03:37:19,119.7884566,51.1751099
Car-1,2008-10-04 03:37:29,119.7885266,51.1750916
Car-1,2008-10-04 03:37:31,119.78859,51.1750716
Car-1,2008-10-04 03:37:35,119.7888016,51.1750083
Car-1,2008-10-04 03:37:39,119.7891216,51.1749116
Car-1,2008-10-04 03:37:43,119.7894733,51.1748033
Car-1,2008-10-04 03:37:49,119.7899733,51.1745183
Car-1,2008-10-04 03:37:55,119.7900466,51.1739999
Car-1,2008-10-04 03:38:01,119.7897849,51.1733883
Car-1,2008-10-04 03:38:07,119.7894799,51.1727449
Car-1,2008-10-04 03:38:13,119.7891549,51.1720716
Car-1,2008-10-04 03:38:19,119.7888566,51.1714349
Car-1,2008-10-04 03:38:25,119.7885616,51.1707999
Car-1,2008-10-04 03:38:31,119.7882649,51.1701466
Car-1,2008-10-04 03:38:37,119.7879483,51.1694483
Car-1,2008-10-04 03:38:43,119.7875999,51.16869
Car-1,2008-10-04 03:38:49,119.7872582,51.16794
Car-1,2008-10-04 03:38:55,119.7869233,51.1671933
Car-1,2008-10-04 03:39:01,119.7866033,51.1664983
Car-1,2008-10-04 03:39:07,119.7862966,51.1658316
Car-1,2008-10-04 03:39:13,119.7859316,51.1650566
Car-1,2008-10-04 03:39:19,119.7855949,51.1643133
Car-1,2008-10-04 03:39:25,119.7852633,51.1635916
Car-1,2008-10-04 03:39:31,119.7849316,51.1628816
Car-1,2008-10-04 03:39:37,119.7846216,51.1622066
Car-1,2008-10-04 03:39:43,119.7843499,51.1616033
Car-1,2008-10-04 03:39:49,119.7841083,51.1610849
Car-1,2008-10-04 03:42:59,119.7840033,51.1608266
Car-1,2008-10-04 03:43:01,119.7839933,51.1607933
Car-1,2008-10-04 03:43:05,119.7839749,51.1606833
Car-1,2008-10-04 03:43:09,119.7839149,51.1605333
Car-1,2008-10-04 03:43:13,119.7838449,51.1603649
Car-1,2008-10-04 03:43:17,119.7837866,51.1601816
Car-1,2008-10-04 03:43:21,119.78373,51.1599899
Car-1,2008-10-04 03:43:25,119.783685,51.1598199
Car-1,2008-10-04 03:43:29,119.7836033,51.1596433
Car-1,2008-10-04 03:43:33,119.7835466,51.1594766
Car-1,2008-10-04 03:43:37,119.78349,51.159315
Car-1,2008-10-04 03:43:41,119.7834366,51.1591666
Car-1,2008-10-04 03:43:45,119.7833616,51.159035
Car-1,2008-10-04 03:43:49,119.7832866,51.1588766
Car-1,2008-10-04 03:43:53,119.783235,51.1587199
Car-1,2008-10-04 03:43:57,119.7831516,51.1585283
Car-1,2008-10-04 03:44:01,119.7830716,51.1583116
Car-1,2008-10-04 03:44:05,119.7829949,51.1580999
Car-1,2008-10-04 03:44:09,119.7829266,51.1578983
Car-1,2008-10-04 03:44:13,119.7828549,51.1576983
Car-1,2008-10-04 03:44:17,119.782775,51.1574933
Car-1,2008-10-04 03:44:21,119.7826916,51.1572866
Car-1,2008-10-04 03:44:25,119.782605,51.1570699
Car-1,2008-10-04 03:44:29,119.7825233,51.1568399
Car-1,2008-10-04 03:44:33,119.7824449,51.1566033
Car-1,2008-10-04 03:44:37,119.78237,51.1563533
Car-1,2008-10-04 03:44:43,119.7822649,51.1559366
Car-1,2008-10-04 03:44:49,119.7821216,51.1554766
Car-1,2008-10-04 03:44:55,119.7819699,51.1549799
Car-1,2008-10-04 03:45:01,119.7817782,51.1543949
Car-1,2008-10-04 03:45:07,119.7815666,51.1537149
Car-1,2008-10-04 03:45:13,119.7813616,51.1530733
Car-1,2008-10-04 03:45:19,119.7811616,51.1524583
Car-1,2008-10-04 03:45:25,119.7809433,51.1518449
Car-1,2008-10-04 03:45:31,119.7807483,51.1512716
Car-1,2008-10-04 03:45:37,119.7805616,51.1507016
Car-1,2008-10-04 03:45:43,119.7803833,51.1501033
Car-1,2008-10-04 03:45:49,119.7802016,51.1495033
Car-1,2008-10-04 03:45:55,119.7800166,51.14891
Car-1,2008-10-04 03:46:01,119.77983,51.1483116
Car-1,2008-10-04 03:46:07,119.7796433,51.1477216
Car-1,2008-10-04 03:46:13,119.7794533,51.1471383
Car-1,2008-10-04 03:46:19,119.7792666,51.1465399
Car-1,2008-10-04 03:46:25,119.77906,51.1459083
Car-1,2008-10-04 03:46:31,119.7788782,51.1452999
Car-1,2008-10-04 03:46:37,119.7786716,51.144685
Car-1,2008-10-04 03:46:43,119.7784683,51.1440683
Car-1,2008-10-04 03:46:49,119.7782916,51.1434766
Car-1,2008-10-04 03:46:55,119.7781166,51.1429133
Car-1,2008-10-04 03:47:01,119.7779382,51.1424016
Car-1,2008-10-04 03:47:07,119.7777966,51.1419416
Car-1,2008-10-04 03:47:13,119.7776799,51.1414533
Car-1,2008-10-04 03:47:19,119.7775033,51.1408599
Car-1,2008-10-04 03:47:25,119.7772999,51.1401766
Car-1,2008-10-04 03:47:31,119.777115,51.1395199
Car-1,2008-10-04 03:47:37,119.7769199,51.1388516
Car-1,2008-10-04 03:47:43,119.7767016,51.1381983
Car-1,2008-10-04 03:47:49,119.7765116,51.1375716
Car-1,2008-10-04 03:47:55,119.7763666,51.1369749
Car-1,2008-10-04 03:48:01,119.7761849,51.1363783
Car-1,2008-10-04 03:48:07,119.7760033,51.13573
Car-1,2008-10-04 03:48:13,119.7758016,51.135075
Car-1,2008-10-04 03:48:19,119.7755666,51.1344133
Car-1,2008-10-04 03:48:25,119.7753799,51.1337733
Car-1,2008-10-04 03:48:31,119.7751516,51.1331333
Car-1,2008-10-04 03:48:37,119.774915,51.1324749
Car-1,2008-10-04 03:48:43,119.7747016,51.1317849
Car-1,2008-10-04 03:48:49,119.7744683,51.1310716
Car-1,2008-10-04 03:48:55,119.7742316,51.1303566
Car-1,2008-10-04 03:49:01,119.7740249,51.1297083
Car-1,2008-10-04 03:49:07,119.7737999,51.1290683
Car-1,2008-10-04 03:49:13,119.7735783,51.128415
Car-1,2008-10-04 03:49:19,119.7733433,51.127725
Car-1,2008-10-04 03:49:25,119.7731149,51.1270499
Car-1,2008-10-04 03:49:31,119.77291,51.1264283
Car-1,2008-10-04 03:49:37,119.7726633,51.1257316
Car-1,2008-10-04 03:49:43,119.7724149,51.1249733
Car-1,2008-10-04 03:49:49,119.7721633,51.1242683
Car-1,2008-10-04 03:49:55,119.7719599,51.1236866
Car-1,2008-10-04 03:50:01,119.7717582,51.1231016
Car-1,2008-10-04 03:50:07,119.7715733,51.1225366
Car-1,2008-10-04 03:50:13,119.771395,51.1220066
Car-1,2008-10-04 03:50:19,119.7712349,51.1215616
Car-1,2008-10-04 03:50:23,119.7711649,51.1213783
Car-1,2008-10-04 03:51:37,119.7711399,51.1213183
Car-1,2008-10-04 03:51:39,119.7711433,51.1213133
Car-1,2008-10-04 03:51:41,119.7711366,51.1213116
Car-1,2008-10-04 03:51:43,119.7711266,51.1213183
Car-1,2008-10-04 03:51:45,119.7711216,51.1213099
Car-1,2008-10-04 03:51:46,119.7711216,51.1213099
Car-1,2008-10-04 03:51:48,119.771115,51.121305
Car-1,2008-10-04 03:51:50,119.7711216,51.1212933
Car-1,2008-10-04 03:51:52,119.7711183,51.1212849
Car-1,2008-10-04 03:51:54,119.7711433,51.1212983
Car-1,2008-10-04 03:55:50,119.7711433,51.1212983
Car-1,2008-10-04 03:55:52,119.7711483,51.1213016
Car-1,2008-10-04 03:55:54,119.7711466,51.1212916
Car-1,2008-10-04 03:55:56,119.7711316,51.121295
Car-1,2008-10-04 03:55:58,119.7711216,51.1212966
Car-1,2008-10-04 03:56:00,119.7711133,51.1212683
Car-1,2008-10-04 03:56:04,119.7710916,51.1211433
Car-1,2008-10-04 03:56:08,119.7710666,51.1209649
Car-1,2008-10-04 03:56:12,119.7709716,51.1207533
Car-1,2008-10-04 03:56:16,119.7708833,51.12051
Car-1,2008-10-04 03:56:22,119.7707383,51.1201016
Car-1,2008-10-04 03:56:28,119.7706232,51.1196683
Car-1,2008-10-04 03:56:34,119.7704349,51.1191816
Car-1,2008-10-04 03:56:40,119.7702149,51.1186833
Car-1,2008-10-04 03:56:46,119.7698483,51.1182583
Car-1,2008-10-04 03:56:52,119.7691716,51.1178983
Car-1,2008-10-04 03:56:58,119.7685066,51.117625
Car-1,2008-10-04 03:57:04,119.7678333,51.117345
Car-1,2008-10-04 03:57:10,119.7670749,51.1170266
Car-1,2008-10-04 03:57:16,119.7662633,51.1166883
Car-1,2008-10-04 03:57:22,119.7654966,51.11636
Car-1,2008-10-04 03:57:28,119.7648183,51.1160516
Car-1,2008-10-04 03:57:34,119.7642116,51.1157716
Car-1,2008-10-04 03:57:40,119.7636166,51.11553
Car-1,2008-10-04 03:57:46,119.7631016,51.1153083
Car-1,2008-10-04 03:57:50,119.7628416,51.1151783
Car-1,2008-10-04 03:57:54,119.7625466,51.1150566
Car-1,2008-10-04 03:57:58,119.7622349,51.1149549
Car-1,2008-10-04 03:58:02,119.7618583,51.1148133
Car-1,2008-10-04 03:58:08,119.7613166,51.1145849
Car-1,2008-10-04 03:58:12,119.7610866,51.1144133
Car-1,2008-10-04 03:58:16,119.7609733,51.1140766
Car-1,2008-10-04 03:58:22,119.7608282,51.1135566
Car-1,2008-10-04 03:58:28,119.7606683,51.1130216
Car-1,2008-10-04 03:58:34,119.7605416,51.11254
Car-1,2008-10-04 03:58:40,119.7604533,51.1121399
Car-1,2008-10-04 03:58:44,119.7604149,51.1119633
Car-1,2008-10-04 03:58:48,119.7603633,51.1116966
Car-1,2008-10-04 03:58:54,119.7602466,51.111235
Car-1,2008-10-04 03:59:00,119.7601033,51.1107349
Car-1,2008-10-04 03:59:06,119.7600066,51.1102833
Car-1,2008-10-04 03:59:12,119.7599032,51.1097916
Car-1,2008-10-04 03:59:18,119.7597883,51.109315
Car-1,2008-10-04 03:59:24,119.7596683,51.1088383
Car-1,2008-10-04 03:59:30,119.75954,51.1084116
Car-1,2008-10-04 03:59:36,119.7594683,51.1080316
Car-1,2008-10-04 03:59:40,119.75944,51.1077849
Car-1,2008-10-04 03:59:44,119.7593766,51.1075566
Car-1,2008-10-04 03:59:48,119.7592866,51.1073466
Car-1,2008-10-04 03:59:52,119.7592499,51.1071783
Car-1,2008-10-04 03:59:56,119.7591816,51.1070516
Car-1,2008-10-04 04:00:00,119.7589966,51.1070183
Car-1,2008-10-04 04:00:04,119.7587649,51.1070666
Car-1,2008-10-04 04:00:08,119.7583866,51.1071116
Car-1,2008-10-04 04:00:12,119.7580083,51.1071766
Car-1,2008-10-04 04:00:16,119.7576583,51.10722
Car-1,2008-10-04 04:00:20,119.7573566,51.1072616
Car-1,2008-10-04 04:00:24,119.7570249,51.1072983
Car-1,2008-10-04 04:00:28,119.7566133,51.1073166
Car-1,2008-10-04 04:00:32,119.7562283,51.1073349
Car-1,2008-10-04 04:00:36,119.7558199,51.1073766
Car-1,2008-10-04 04:00:42,119.7551382,51.1074099
Car-1,2008-10-04 04:00:48,119.7545433,51.10746
Car-1,2008-10-04 04:00:52,119.7541833,51.1075099
Car-1,2008-10-04 04:00:58,119.7535749,51.1075566
Car-1,2008-10-04 04:01:02,119.7532332,51.1075849
Car-1,2008-10-04 04:01:06,119.7529983,51.1076433
Car-1,2008-10-04 04:01:10,119.7530782,51.1078066
Car-1,2008-10-04 04:01:14,119.7531083,51.1079783
Car-1,2008-10-04 04:01:18,119.7531466,51.1081249
Car-1,2008-10-04 04:01:22,119.7531766,51.1082399
Car-1,2008-10-04 04:01:26,119.7531833,51.1082683
Car-1,2008-10-04 04:01:44,119.7531833,51.1082683
Car-1,2008-10-04 04:01:46,119.7531883,51.1082683
Car-1,2008-10-04 04:01:48,119.7532266,51.1082749
Car-1,2008-10-04 04:01:50,119.7533149,51.1082733
Car-1,2008-10-04 04:01:54,119.7536449,51.1082333
Car-1,2008-10-04 04:01:58,119.7540233,51.1081983
Car-1,2008-10-04 04:02:02,119.7544416,51.1081483
Car-1,2008-10-04 04:02:08,119.7551233,51.1080683
Car-1,2008-10-04 04:02:14,119.7558999,51.10797
Car-1,2008-10-04 04:02:20,119.7566149,51.1078783
Car-1,2008-10-04 04:02:26,119.7573049,51.1077866
Car-1,2008-10-04 04:02:32,119.7578733,51.10774
Car-1,2008-10-04 04:02:36,119.7582666,51.107695
Car-1,2008-10-04 04:02:40,119.7586266,51.1076633
Car-1,2008-10-04 04:02:44,119.7588983,51.1076383
Car-1,2008-10-04 04:02:48,119.7591683,51.1075483
Car-1,2008-10-04 04:02:52,119.7592566,51.1074149
Car-1,2008-10-04 04:02:56,119.75929,51.1072166
Car-1,2008-10-04 04:03:00,119.7592833,51.1070633
Car-1,2008-10-04 04:03:04,119.7593966,51.1069633
Car-1,2008-10-04 04:03:08,119.7596349,51.1069283
Car-1,2008-10-04 04:03:12,119.7599649,51.1069016
Car-1,2008-10-04 04:03:16,119.7603599,51.1068583
Car-1,2008-10-04 04:03:22,119.7610599,51.1068116
Car-1,2008-10-04 04:03:28,119.7617116,51.1067516
Car-1,2008-10-04 04:03:32,119.7620066,51.1067216
Car-1,2008-10-04 04:03:36,119.7623183,51.1067066
Car-1,2008-10-04 04:03:40,119.762695,51.106675
Car-1,2008-10-04 04:03:44,119.7630099,51.1066283
Car-1,2008-10-04 04:03:48,119.7632382,51.106565
Car-1,2008-10-04 04:03:52,119.7634783,51.1065633
Car-1,2008-10-04 04:03:56,119.7637966,51.1065399
Car-1,2008-10-04 04:04:00,119.7640899,51.1064266
Car-1,2008-10-04 04:04:04,119.7643666,51.1062483
Car-1,2008-10-04 04:04:08,119.7643383,51.1060766
Car-1,2008-10-04 04:04:12,119.7642966,51.1058966
Car-1,2008-10-04 04:04:16,119.7641966,51.1056966
Car-1,2008-10-04 04:04:20,119.7641466,51.105465
Car-1,2008-10-04 04:04:24,119.7640566,51.1052533
Car-1,2008-10-04 04:04:28,119.7639783,51.1050133
Car-1,2008-10-04 04:04:32,119.7639199,51.1047733
Car-1,2008-10-04 04:04:36,119.7638683,51.1045516
Car-1,2008-10-04 04:04:40,119.7638333,51.1043616
Car-1,2008-10-04 04:04:44,119.7638,51.1041383
Car-1,2008-10-04 04:04:48,119.7637349,51.1038833
Car-1,2008-10-04 04:04:52,119.763675,51.1036316
Car-1,2008-10-04 04:04:56,119.7636032,51.1033583
Car-1,2008-10-04 04:05:02,119.7635249,51.1028566
Car-1,2008-10-04 04:05:08,119.7634166,51.1022866
Car-1,2008-10-04 04:05:14,119.7633133,51.1016916
Car-1,2008-10-04 04:05:20,119.7631766,51.1011183
Car-1,2008-10-04 04:05:26,119.7630816,51.1006266
Car-1,2008-10-04 04:05:32,119.7630433,51.1003566
Car-1,2008-10-04 04:05:36,119.7630433,51.1002233
Car-1,2008-10-04 04:05:40,119.7630383,51.1000633
Car-1,2008-10-04 04:05:44,119.763015,51.0998366
Car-1,2008-10-04 04:05:48,119.7629616,51.099555
Car-1,2008-10-04 04:05:54,119.7628449,51.099075
Car-1,2008-10-04 04:06:00,119.7627816,51.0986599
Car-1,2008-10-04 04:06:04,119.7627166,51.0984083
Car-1,2008-10-04 04:06:10,119.7626316,51.0979366
Car-1,2008-10-04 04:06:16,119.7625766,51.09746
Car-1,2008-10-04 04:06:22,119.7624749,51.0969333
Car-1,2008-10-04 04:06:28,119.7624016,51.0963499
Car-1,2008-10-04 04:06:34,119.7623,51.0957516
Car-1,2008-10-04 04:06:40,119.7621999,51.095165
Car-1,2008-10-04 04:06:46,119.7621416,51.0947183
Car-1,2008-10-04 04:06:52,119.7620416,51.0942899
Car-1,2008-10-04 04:06:56,119.7620366,51.0940466
Car-1,2008-10-04 04:07:02,119.7619516,51.093585
Car-1,2008-10-04 04:07:08,119.7618816,51.0931016
Car-1,2008-10-04 04:07:14,119.7617883,51.0925683
Car-1,2008-10-04 04:07:20,119.7617016,51.0920216
Car-1,2008-10-04 04:07:26,119.7616066,51.0914416
Car-1,2008-10-04 04:07:32,119.761505,51.0908549
Car-1,2008-10-04 04:07:38,119.7614649,51.0903999
Car-1,2008-10-04 04:07:42,119.761445,51.0902016
Car-1,2008-10-04 04:07:46,119.7614283,51.0901183
Car-1,2008-10-04 04:07:50,119.761405,51.0899983
Car-1,2008-10-04 04:07:54,119.7614216,51.0898783
Car-1,2008-10-04 04:07:58,119.7614466,51.0898083
Car-1,2008-10-04 04:08:02,119.761515,51.089675
Car-1,2008-10-04 04:08:06,119.7616483,51.0895249
Car-1,2008-10-04 04:08:10,119.7617716,51.0893699
Car-1,2008-10-04 04:08:14,119.7619316,51.0892233
Car-1,2008-10-04 04:08:18,119.7620999,51.0890716
Car-1,2008-10-04 04:08:22,119.7622883,51.08891
Car-1,2008-10-04 04:08:26,119.7624933,51.0887416
Car-1,2008-10-04 04:08:30,119.7627149,51.0885616
Car-1,2008-10-04 04:08:34,119.7628882,51.0884099
Car-1,2008-10-04 04:08:38,119.7630216,51.0882049
Car-1,2008-10-04 04:08:42,119.7630833,51.0879666
Car-1,2008-10-04 04:08:46,119.7630133,51.0877516
Car-1,2008-10-04 04:08:50,119.7628399,51.0875283
Car-1,2008-10-04 04:08:56,119.7624283,51.08716
Car-1,2008-10-04 04:09:02,119.7619999,51.0868399
Car-1,2008-10-04 04:09:06,119.7617299,51.0866549
Car-1,2008-10-04 04:09:10,119.7614716,51.086475
Car-1,2008-10-04 04:09:16,119.7610433,51.08613
Car-1,2008-10-04 04:09:22,119.7605633,51.0857716
Car-1,2008-10-04 04:09:28,119.7601499,51.0854566
Car-1,2008-10-04 04:09:34,119.759725,51.0851116
Car-1,2008-10-04 04:09:40,119.7594166,51.0848433
Car-1,2008-10-04 04:09:44,119.7591799,51.0846666
Car-1,2008-10-04 04:09:48,119.7590133,51.0845399
Car-1,2008-10-04 04:09:52,119.7588066,51.0843466
Car-1,2008-10-04 04:09:56,119.7585649,51.08414
Car-1,2008-10-04 04:10:02,119.7581566,51.0837816
Car-1,2008-10-04 04:10:08,119.7577016,51.0834333
Car-1,2008-10-04 04:10:14,119.7573433,51.0831249
Car-1,2008-10-04 04:10:18,119.7571166,51.0829683
Car-1,2008-10-04 04:10:22,119.7569332,51.082805
Car-1,2008-10-04 04:10:26,119.7568149,51.0826366
Car-1,2008-10-04 04:10:30,119.7566382,51.0824433
Car-1,2008-10-04 04:10:36,119.7562966,51.0820999
Car-1,2008-10-04 04:10:42,119.7560966,51.0817433
Car-1,2008-10-04 04:10:46,119.75598,51.0815566
Car-1,2008-10-04 04:10:50,119.7558716,51.0813699
Car-1,2008-10-04 04:10:54,119.7557616,51.0811883
Car-1,2008-10-04 04:10:58,119.7556166,51.0810066
Car-1,2008-10-04 04:11:02,119.7554266,51.0808649
Car-1,2008-10-04 04:11:06,119.7552416,51.0807833
Car-1,2008-10-04 04:11:10,119.7549899,51.0806816
Car-1,2008-10-04 04:11:14,119.7547516,51.0805916
Car-1,2008-10-04 04:11:20,119.7544816,51.0804916
Car-1,2008-10-04 04:11:24,119.754315,51.0804283
Car-1,2008-10-04 04:11:28,119.7540983,51.0803383
Car-1,2008-10-04 04:11:32,119.75381,51.0802233
Car-1,2008-10-04 04:11:36,119.7534432,51.0800849
Car-1,2008-10-04 04:11:42,119.75283,51.0798633
Car-1,2008-10-04 04:11:48,119.7521583,51.0796299
Car-1,2008-10-04 04:11:54,119.7515583,51.0794216
Car-1,2008-10-04 04:12:00,119.7510466,51.079225
Car-1,2008-10-04 04:12:04,119.7507049,51.0790183
Car-1,2008-10-04 04:12:10,119.7504783,51.0785766
Car-1,2008-10-04 04:12:16,119.7505282,51.0780849
Car-1,2008-10-04 04:12:22,119.7506499,51.0775399
Car-1,2008-10-04 04:12:28,119.7507783,51.0770199
Car-1,2008-10-04 04:12:34,119.7507149,51.0766249
Car-1,2008-10-04 04:12:40,119.7505899,51.0763949
Car-1,2008-10-04 04:12:44,119.7505049,51.0762666
Car-1,2008-10-04 04:12:48,119.75039,51.0761199
Car-1,2008-10-04 04:12:52,119.75025,51.0759099
Car-1,2008-10-04 04:12:56,119.7500783,51.0756583
Car-1,2008-10-04 04:13:00,119.7499449,51.0754616
Car-1,2008-10-04 04:13:04,119.74983,51.0753333
Car-1,2008-10-04 04:17:23,119.7502316,51.0752583
Car-1,2008-10-04 04:17:25,119.75025,51.0752483
Car-1,2008-10-04 04:17:37,119.7502666,51.0752349
Car-1,2008-10-04 04:17:39,119.75029,51.0752266
Car-1,2008-10-04 04:17:41,119.7503116,51.0752199
Car-1,2008-10-04 04:17:43,119.7503299,51.0752116
Car-1,2008-10-04 04:17:45,119.7503449,51.0752166
Car-1,2008-10-04 04:17:47,119.7503683,51.075215
Car-1,2008-10-04 04:17:49,119.7503866,51.0752133
Car-1,2008-10-04 04:17:51,119.7504116,51.0752016
Car-1,2008-10-04 04:17:53,119.7504333,51.0751866
Car-1,2008-10-04 04:17:55,119.7504516,51.0751933
Car-1,2008-10-04 04:18:04,119.7504349,51.0751949
Car-1,2008-10-04 04:18:06,119.7504316,51.07518
Car-1,2008-10-04 04:18:08,119.7504149,51.0751616
Car-1,2008-10-04 04:18:10,119.7503983,51.075145
Car-1,2008-10-04 04:18:18,119.7503882,51.0751366
Car-1,2008-10-04 04:18:20,119.7503766,51.0751416
Car-1,2008-10-04 04:18:22,119.7503666,51.0751499
Car-1,2008-10-04 04:18:24,119.7503516,51.0751583
Car-1,2008-10-04 04:18:26,119.7503433,51.0751666
Car-1,2008-10-04 04:18:28,119.750335,51.0751716
Car-1,2008-10-04 04:18:30,119.7503249,51.0751766
Car-1,2008-10-04 04:18:36,119.7503182,51.0751783
Car-1,2008-10-04 04:18:38,119.7503182,51.0751783
Car-1,2008-10-04 04:18:40,119.7503216,51.07518
Car-1,2008-10-04 04:18:42,119.7503116,51.07518
Car-1,2008-10-04 04:18:44,119.7503016,51.0751833
Car-1,2008-10-04 04:18:46,119.7502949,51.0751866
Car-1,2008-10-04 04:18:50,119.75029,51.0751849
Car-1,2008-10-04 04:18:52,119.7502866,51.0751766
Car-1,2008-10-04 04:18:54,119.7502966,51.0751699
Car-1,2008-10-04 04:18:56,119.7503033,51.0751699
Car-1,2008-10-04 04:18:59,119.7503099,51.0751699
Car-1,2008-10-04 04:19:01,119.750305,51.075175
Car-1,2008-10-04 04:19:04,119.7503266,51.075175
Car-1,2008-10-04 04:19:09,119.7503216,51.075175
Car-1,2008-10-04 04:19:11,119.7503133,51.0751733
Car-1,2008-10-04 04:19:13,119.7503149,51.0751666
Car-1,2008-10-04 04:19:19,119.7503066,51.0751766
Car-1,2008-10-04 04:19:21,119.7502949,51.0751716
Car-1,2008-10-04 04:19:23,119.7502816,51.0751616
Car-1,2008-10-04 04:19:25,119.7502716,51.0751499
Car-1,2008-10-04 04:19:31,119.7502616,51.075145
Car-1,2008-10-04 04:19:33,119.7502482,51.0751333
Car-1,2008-10-04 04:19:35,119.7502366,51.0751216
Car-1,2008-10-04 04:19:40,119.7502366,51.0751216
Car-1,2008-10-04 04:19:42,119.750235,51.0751133
Car-1,2008-10-04 04:19:44,119.7502233,51.0750999
Car-1,2008-10-04 04:19:46,119.7502049,51.0750866
Car-1,2008-10-04 04:19:48,119.7501866,51.0750716
Car-1,2008-10-04 04:19:50,119.7501699,51.0750549
Car-1,2008-10-04 04:19:52,119.75015,51.0750433
Car-1,2008-10-04 04:19:54,119.750135,51.0750283
Car-1,2008-10-04 04:19:56,119.7501199,51.0750116
Car-1,2008-10-04 04:19:58,119.7501149,51.075
Car-1,2008-10-04 04:20:00,119.7501066,51.0749883
Car-1,2008-10-04 04:20:02,119.7500899,51.0749833
Car-1,2008-10-04 04:20:04,119.7500766,51.07497
Car-1,2008-10-04 04:20:06,119.7500716,51.0749549
Car-1,2008-10-04 04:20:08,119.7500566,51.07494
Car-1,2008-10-04 04:20:10,119.7500483,51.0749266
Car-1,2008-10-04 04:20:12,119.7500466,51.0749149
Car-1,2008-10-04 04:20:14,119.7500349,51.074905
Car-1,2008-10-04 04:20:16,119.7500199,51.0748949
Car-1,2008-10-04 04:20:18,119.7500033,51.0748833
Car-1,2008-10-04 04:20:20,119.749995,51.07487
Car-1,2008-10-04 04:20:22,119.749985,51.0748549
Car-1,2008-10-04 04:20:24,119.7499733,51.0748433
Car-1,2008-10-04 04:20:26,119.7499583,51.0748283
Car-1,2008-10-04 04:20:28,119.7499516,51.0748116
Car-1,2008-10-04 04:20:30,119.7499366,51.0747966
Car-1,2008-10-04 04:20:32,119.7499233,51.0747816
Car-1,2008-10-04 04:20:34,119.7499083,51.074765
Car-1,2008-10-04 04:20:36,119.7498966,51.0747466
Car-1,2008-10-04 04:20:38,119.7498533,51.0747133
Car-1,2008-10-04 04:20:42,119.7497783,51.0745883
Car-1,2008-10-04 04:20:46,119.7497533,51.0745316
Car-1,2008-10-04 04:21:23,119.7497399,51.0745349
Car-1,2008-10-04 04:21:25,119.74973,51.0745266
Car-1,2008-10-04 04:21:27,119.7497233,51.0745166
Car-1,2008-10-04 04:21:29,119.7497199,51.0745099
Car-1,2008-10-04 04:21:45,119.7497183,51.0744949
Car-1,2008-10-04 04:21:47,119.749705,51.0744833
Car-1,2008-10-04 04:21:49,119.7496916,51.0744699
Car-1,2008-10-04 04:21:51,119.7496783,51.0744583
Car-1,2008-10-04 04:21:53,119.7496649,51.0744449
Car-1,2008-10-04 04:21:55,119.749645,51.0744366
Car-1,2008-10-04 04:21:57,119.7496249,51.0744349
Car-1,2008-10-04 04:21:59,119.7496016,51.0744299
Car-1,2008-10-04 04:22:01,119.7495816,51.074425
Car-1,2008-10-04 04:22:03,119.7495599,51.0744149
Car-1,2008-10-04 04:22:05,119.7495366,51.0744099
Car-1,2008-10-04 04:22:07,119.7495183,51.0744066
Car-1,2008-10-04 04:22:09,119.7495099,51.0743966
Car-1,2008-10-04 04:22:11,119.7494983,51.0743833
Car-1,2008-10-04 04:22:13,119.7494933,51.0743666
Car-1,2008-10-04 04:22:15,119.7494833,51.0743516
Car-1,2008-10-04 04:22:17,119.7494749,51.0743366
Car-1,2008-10-04 04:22:19,119.7494632,51.0743266
Car-1,2008-10-04 04:22:21,119.7494449,51.0743283
Car-1,2008-10-04 04:22:23,119.7494666,51.074355
Car-1,2008-10-04 04:22:27,119.7494899,51.0744083
Car-1,2008-10-04 04:22:32,119.7494933,51.0744216
Car-1,2008-10-04 04:22:34,119.7494782,51.0744116
Car-1,2008-10-04 04:22:36,119.7494632,51.0743949
Car-1,2008-10-04 04:22:38,119.7494466,51.0743783
Car-1,2008-10-04 04:22:40,119.7494283,51.0743599
Car-1,2008-10-04 04:22:42,119.7494133,51.0743416
Car-1,2008-10-04 04:22:44,119.7493966,51.0743216
Car-1,2008-10-04 04:22:46,119.7493866,51.0743016
Car-1,2008-10-04 04:22:48,119.7493766,51.074285
Car-1,2008-10-04 04:22:50,119.7493683,51.0742683
Car-1,2008-10-04 04:22:52,119.7493599,51.07425
Car-1,2008-10-04 04:22:54,119.7493499,51.0742299
Car-1,2008-10-04 04:22:56,119.7493349,51.0742099
Car-1,2008-10-04 04:22:58,119.7493116,51.0741966
Car-1,2008-10-04 04:23:00,119.7492883,51.0741833
Car-1,2008-10-04 04:23:02,119.7492666,51.0741666
Car-1,2008-10-04 04:23:04,119.7492449,51.0741483
Car-1,2008-10-04 04:23:06,119.7492233,51.0741299
Car-1,2008-10-04 04:23:08,119.7492083,51.0741133
Car-1,2008-10-04 04:23:10,119.7491899,51.0741016
Car-1,2008-10-04 04:23:12,119.7491683,51.0740866
Car-1,2008-10-04 04:23:14,119.7491516,51.0740699
Car-1,2008-10-04 04:23:16,119.7491266,51.0740616
Car-1,2008-10-04 04:23:18,119.7490966,51.0740583
Car-1,2008-10-04 04:23:20,119.74907,51.0740566
Car-1,2008-10-04 04:23:33,119.74907,51.0740566
Car-1,2008-10-04 04:23:35,119.7490666,51.0740599
Car-1,2008-10-04 04:23:37,119.7490499,51.0740499
Car-1,2008-10-04 04:23:39,119.7490333,51.0740416
Car-1,2008-10-04 04:23:41,119.7490033,51.0740349
Car-1,2008-10-04 04:23:43,119.7489933,51.0740199
Car-1,2008-10-04 04:23:45,119.7489766,51.0740016
Car-1,2008-10-04 04:23:47,119.7489649,51.0739849
Car-1,2008-10-04 04:23:49,119.7489499,51.0739683
Car-1,2008-10-04 04:23:51,119.74893,51.0739583
Car-1,2008-10-04 04:23:53,119.7489099,51.0739466
Car-1,2008-10-04 04:23:55,119.7488966,51.0739316
Car-1,2008-10-04 04:23:57,119.7488866,51.0739133
Car-1,2008-10-04 04:23:59,119.7488783,51.0738983
Car-1,2008-10-04 04:29:43,119.7487733,51.0737033
Car-1,2008-10-04 04:29:47,119.74871,51.0736216
Car-1,2008-10-04 04:29:51,119.7486349,51.0735116
Car-1,2008-10-04 04:29:55,119.7485499,51.0733799
Car-1,2008-10-04 04:29:59,119.7484566,51.0732316
Car-1,2008-10-04 04:30:03,119.7483566,51.0730866
Car-1,2008-10-04 04:30:07,119.748275,51.0729483
Car-1,2008-10-04 04:30:11,119.7482016,51.0728299
Car-1,2008-10-04 04:30:15,119.7481016,51.0727083
Car-1,2008-10-04 04:30:19,119.7479833,51.0725633
Car-1,2008-10-04 04:30:23,119.747855,51.0723733
Car-1,2008-10-04 04:30:27,119.7477199,51.0721683
Car-1,2008-10-04 04:30:31,119.7475933,51.0719566
Car-1,2008-10-04 04:30:35,119.7474549,51.0717699
Car-1,2008-10-04 04:30:39,119.7473149,51.0715799
Car-1,2008-10-04 04:30:43,119.7471516,51.071365
Car-1,2008-10-04 04:30:47,119.7469966,51.0711333
Car-1,2008-10-04 04:30:51,119.7468249,51.0709116
Car-1,2008-10-04 04:30:55,119.7466933,51.0707566
Car-1,2008-10-04 04:30:59,119.7465933,51.0706466
Car-1,2008-10-04 04:31:03,119.7464766,51.0704916
Car-1,2008-10-04 04:31:07,119.7463433,51.0703033
Car-1,2008-10-04 04:31:11,119.7461883,51.070095
Car-1,2008-10-04 04:31:15,119.7460183,51.0698599
Car-1,2008-10-04 04:31:19,119.7458333,51.0696416
Car-1,2008-10-04 04:31:23,119.7456633,51.06941
Car-1,2008-10-04 04:31:27,119.7455166,51.0692016
Car-1,2008-10-04 04:31:31,119.7453666,51.0689866
Car-1,2008-10-04 04:31:35,119.7452066,51.0687966
Car-1,2008-10-04 04:31:39,119.7450549,51.0685766
Car-1,2008-10-04 04:31:43,119.7448616,51.0683599
Car-1,2008-10-04 04:31:47,119.7447433,51.0681633
Car-1,2008-10-04 04:31:51,119.7445549,51.0679633
Car-1,2008-10-04 04:31:55,119.7443683,51.0677233
Car-1,2008-10-04 04:32:01,119.7441216,51.0673866
Car-1,2008-10-04 04:32:05,119.7439433,51.0671466
Car-1,2008-10-04 04:32:11,119.7436266,51.0667816
Car-1,2008-10-04 04:32:17,119.7433816,51.0665149
Car-1,2008-10-04 04:32:21,119.743325,51.0664016
Car-1,2008-10-04 04:32:25,119.7432349,51.0663249
Car-1,2008-10-04 04:32:29,119.7431416,51.0662516
Car-1,2008-10-04 04:32:33,119.7430516,51.0661666
Car-1,2008-10-04 04:32:37,119.7429483,51.0660866
Car-1,2008-10-04 04:32:41,119.7428716,51.0659949
Car-1,2008-10-04 04:32:45,119.7427566,51.0658999
Car-1,2008-10-04 04:32:49,119.7425649,51.0657516
Car-1,2008-10-04 04:32:53,119.7422816,51.0655566
Car-1,2008-10-04 04:32:59,119.7419466,51.0652583
Car-1,2008-10-04 04:33:03,119.7419066,51.0650799
Car-1,2008-10-04 04:33:07,119.7419266,51.0648916
Car-1,2008-10-04 04:33:11,119.7419449,51.0646733
Car-1,2008-10-04 04:33:15,119.7419416,51.0644666
Car-1,2008-10-04 04:33:19,119.7419133,51.0642349
Car-1,2008-10-04 04:33:23,119.7418983,51.0640066
Car-1,2008-10-04 04:33:27,119.7419083,51.0637416
Car-1,2008-10-04 04:33:33,119.7419016,51.0633349
Car-1,2008-10-04 04:33:39,119.7418766,51.0628966
Car-1,2008-10-04 04:33:45,119.7418316,51.0624599
Car-1,2008-10-04 04:33:51,119.7416199,51.0620366
Car-1,2008-10-04 04:33:57,119.7413049,51.0617333
Car-1,2008-10-04 04:34:01,119.7410466,51.0615033
Car-1,2008-10-04 04:34:07,119.74068,51.0611716
Car-1,2008-10-04 04:34:11,119.7404833,51.0610066
Car-1,2008-10-04 04:34:15,119.7403049,51.0608216
Car-1,2008-10-04 04:34:19,119.7400716,51.0606116
Car-1,2008-10-04 04:34:23,119.7398383,51.0604049
Car-1,2008-10-04 04:34:27,119.7395866,51.0601799
Car-1,2008-10-04 04:34:33,119.7392716,51.0598733
Car-1,2008-10-04 04:34:37,119.7391199,51.0597083
Car-1,2008-10-04 04:34:41,119.7389766,51.0595066
Car-1,2008-10-04 04:34:45,119.738915,51.0592516
Car-1,2008-10-04 04:34:51,119.73897,51.0588366
Car-1,2008-10-04 04:34:57,119.7390382,51.0584399
Car-1,2008-10-04 04:35:03,119.73908,51.0580316
Car-1,2008-10-04 04:35:09,119.7391316,51.0576399
Car-1,2008-10-04 04:35:15,119.7391782,51.0572466
Car-1,2008-10-04 04:35:19,119.7391983,51.0569999
Car-1,2008-10-04 04:35:23,119.7392216,51.0567666
Car-1,2008-10-04 04:35:27,119.7392283,51.0565633
Car-1,2008-10-04 04:35:31,119.739265,51.0562983
Car-1,2008-10-04 04:35:37,119.7393066,51.0558699
Car-1,2008-10-04 04:35:43,119.7393466,51.0553933
Car-1,2008-10-04 04:35:49,119.7393983,51.0549033
Car-1,2008-10-04 04:35:55,119.7391416,51.0544566
Car-1,2008-10-04 04:36:01,119.7386816,51.0540533
Car-1,2008-10-04 04:36:07,119.738255,51.0536366
Car-1,2008-10-04 04:36:13,119.7379033,51.0533133
Car-1,2008-10-04 04:36:19,119.7375349,51.0529533
Car-1,2008-10-04 04:36:25,119.7371799,51.0526116
Car-1,2008-10-04 04:36:29,119.73698,51.0524483
Car-1,2008-10-04 04:36:33,119.736785,51.0523233
Car-1,2008-10-04 04:36:37,119.7366099,51.0522049
Car-1,2008-10-04 04:36:41,119.7364516,51.0520966
Car-1,2008-10-04 04:36:45,119.7362816,51.0519766
Car-1,2008-10-04 04:36:49,119.7361016,51.0518499
Car-1,2008-10-04 04:36:53,119.7359199,51.0517183
Car-1,2008-10-04 04:36:57,119.7357466,51.0515983
Car-1,2008-10-04 04:37:01,119.7355833,51.0514899
Car-1,2008-10-04 04:37:05,119.7354366,51.0513899
Car-1,2008-10-04 04:37:09,119.7352816,51.0512849
Car-1,2008-10-04 04:37:13,119.7351333,51.0511683
Car-1,2008-10-04 04:37:17,119.735015,51.0510416
Car-1,2008-10-04 04:37:21,119.7349383,51.0509216
Car-1,2008-10-04 04:37:25,119.7348883,51.0507849
Car-1,2008-10-04 04:37:29,119.7348516,51.0506433
Car-1,2008-10-04 04:37:33,119.7348249,51.0505099
Car-1,2008-10-04 04:37:37,119.7348216,51.0502983
Car-1,2008-10-04 04:37:41,119.7347783,51.0500566
Car-1,2008-10-04 04:37:45,119.7347632,51.0498516
Car-1,2008-10-04 04:37:49,119.7347516,51.0496766
Car-1,2008-10-04 04:37:53,119.7347516,51.0495316
Car-1,2008-10-04 04:37:57,119.7347066,51.0493266
Car-1,2008-10-04 04:38:01,119.7346916,51.0491716
Car-1,2008-10-04 04:38:05,119.7346783,51.0490033
Car-1,2008-10-04 04:38:09,119.7346616,51.0488399
Car-1,2008-10-04 04:38:13,119.7346316,51.0486066
Car-1,2008-10-04 04:38:19,119.7345366,51.0482633
Car-1,2008-10-04 04:38:23,119.7344933,51.0481016
Car-1,2008-10-04 04:38:27,119.7344883,51.0479866
Car-1,2008-10-04 04:38:31,119.7344899,51.0478699
Car-1,2008-10-04 04:38:35,119.7344949,51.0477433
Car-1,2008-10-04 04:38:39,119.734485,51.0476049
Car-1,2008-10-04 04:38:43,119.7344799,51.0474699
Car-1,2008-10-04 04:38:47,119.7344616,51.0473249
Car-1,2008-10-04 04:38:51,119.7344283,51.0471633
Car-1,2008-10-04 04:38:55,119.7343616,51.0470066
Car-1,2008-10-04 04:38:59,119.7342183,51.0468249
Car-1,2008-10-04 04:39:03,119.7340166,51.046605
Car-1,2008-10-04 04:39:09,119.7336916,51.0462566
Car-1,2008-10-04 04:39:15,119.7333616,51.0458766
Car-1,2008-10-04 04:39:21,119.7329533,51.0454499
Car-1,2008-10-04 04:39:27,119.7326466,51.0450383
Car-1,2008-10-04 04:39:33,119.7323816,51.0446233
Car-1,2008-10-04 04:39:39,119.7321049,51.0441766
Car-1,2008-10-04 04:39:45,119.7318583,51.04375
Car-1,2008-10-04 04:39:51,119.7315333,51.0434416
Car-1,2008-10-04 04:39:55,119.7313149,51.0433133
Car-1,2008-10-04 04:39:59,119.7311399,51.0431766
Car-1,2008-10-04 04:40:03,119.7310082,51.0431
Car-1,2008-10-04 04:40:07,119.7308983,51.0430383
Car-1,2008-10-04 04:40:11,119.7307183,51.0429216
Car-1,2008-10-04 04:40:15,119.7304799,51.0427733
Car-1,2008-10-04 04:40:19,119.7302049,51.0425933
Car-1,2008-10-04 04:40:23,119.7299016,51.0424116
Car-1,2008-10-04 04:40:27,119.7296283,51.0422283
Car-1,2008-10-04 04:40:31,119.72941,51.0420733
Car-1,2008-10-04 04:40:35,119.7292233,51.0419099
Car-1,2008-10-04 04:40:39,119.7290149,51.0416999
Car-1,2008-10-04 04:40:43,119.728795,51.0414583
Car-1,2008-10-04 04:40:49,119.7284566,51.0410666
Car-1,2008-10-04 04:40:55,119.7281016,51.0406749
Car-1,2008-10-04 04:41:01,119.7277183,51.0402316
Car-1,2008-10-04 04:41:07,119.7273516,51.0398149
Car-1,2008-10-04 04:41:13,119.7270016,51.0393483
Car-1,2008-10-04 04:41:19,119.7266833,51.0388533
Car-1,2008-10-04 04:41:25,119.7263749,51.0383816
Car-1,2008-10-04 04:41:31,119.7260549,51.0379199
Car-1,2008-10-04 04:41:37,119.7257499,51.0374533
Car-1,2008-10-04 04:41:43,119.7254649,51.0369999
Car-1,2008-10-04 04:41:49,119.7251916,51.0365683
Car-1,2008-10-04 04:41:55,119.7249366,51.0361583
Car-1,2008-10-04 04:42:01,119.72466,51.0356549
Car-1,2008-10-04 04:42:07,119.7244149,51.0351899
Car-1,2008-10-04 04:42:13,119.7243816,51.0346833
Car-1,2008-10-04 04:42:19,119.7244383,51.0342566
Car-1,2008-10-04 04:42:23,119.7244616,51.0340533
Car-1,2008-10-04 04:42:27,119.7244849,51.0338816
Car-1,2008-10-04 04:42:31,119.7245116,51.0337266
Car-1,2008-10-04 04:42:35,119.7245366,51.0336316
Car-1,2008-10-04 04:42:39,119.7245549,51.0335533
Car-1,2008-10-04 04:42:43,119.7245666,51.0334316
Car-1,2008-10-04 04:42:47,119.7245633,51.0333366
Car-1,2008-10-04 04:42:51,119.7245633,51.0332599
Car-1,2008-10-04 04:42:55,119.7245716,51.0331316
Car-1,2008-10-04 04:42:59,119.7246149,51.0329433
Car-1,2008-10-04 04:43:03,119.7246433,51.0326899
Car-1,2008-10-04 04:43:09,119.7246949,51.0322416
Car-1,2008-10-04 04:43:15,119.72476,51.0317233
Car-1,2008-10-04 04:43:21,119.7247966,51.031245
Car-1,2008-10-04 04:43:27,119.7246699,51.0308349
Car-1,2008-10-04 04:43:33,119.7243516,51.0304066
Car-1,2008-10-04 04:43:39,119.7240233,51.0299449
Car-1,2008-10-04 04:43:45,119.7236683,51.029485
Car-1,2008-10-04 04:43:51,119.7231366,51.0291883
Car-1,2008-10-04 04:43:57,119.7225199,51.0290766
Car-1,2008-10-04 04:44:01,119.72214,51.0290933
Car-1,2008-10-04 04:44:05,119.7217732,51.0291199
Car-1,2008-10-04 04:44:09,119.72145,51.0291599
Car-1,2008-10-04 04:44:13,119.7211483,51.0291733
Car-1,2008-10-04 04:44:17,119.7208216,51.0291783
Car-1,2008-10-04 04:44:21,119.7205416,51.0291733
Car-1,2008-10-04 04:44:25,119.7202949,51.0291816
Car-1,2008-10-04 04:44:29,119.7200383,51.0291699
Car-1,2008-10-04 04:44:33,119.71977,51.0291599
Car-1,2008-10-04 04:44:37,119.7195216,51.0291533
Car-1,2008-10-04 04:44:41,119.7193233,51.0291549
Car-1,2008-10-04 04:44:45,119.7190949,51.0291433
Car-1,2008-10-04 04:44:49,119.7188549,51.0291233
Car-1,2008-10-04 04:44:53,119.7186033,51.0291133
Car-1,2008-10-04 04:44:57,119.7183532,51.0290949
Car-1,2008-10-04 04:45:01,119.7181483,51.0290766
Car-1,2008-10-04 04:45:05,119.7178466,51.0291133
Car-1,2008-10-04 04:45:09,119.71753,51.0292283
Car-1,2008-10-04 04:45:13,119.7172133,51.0293699
Car-1,2008-10-04 04:45:17,119.7168783,51.029465
Car-1,2008-10-04 04:45:21,119.7165399,51.0294933
Car-1,2008-10-04 04:45:25,119.7162816,51.0293483
Car-1,2008-10-04 04:45:29,119.7160649,51.0291416
Car-1,2008-10-04 04:45:35,119.7157399,51.0287849
Car-1,2008-10-04 04:45:41,119.7153266,51.0284283
Car-1,2008-10-04 04:45:47,119.7149516,51.0281049
Car-1,2008-10-04 04:45:51,119.7147633,51.0278583
Car-1,2008-10-04 04:45:57,119.7144366,51.0274833
Car-1,2008-10-04 04:46:01,119.7143032,51.0272766
Car-1,2008-10-04 04:46:05,119.714165,51.0270816
Car-1,2008-10-04 04:46:09,119.7140449,51.0269049
Car-1,2008-10-04 04:46:13,119.7139349,51.0267283
Car-1,2008-10-04 04:46:17,119.7138366,51.0265983
Car-1,2008-10-04 04:46:21,119.7137533,51.0264783
Car-1,2008-10-04 04:46:25,119.7136499,51.0263616
Car-1,2008-10-04 04:46:29,119.7135316,51.0262449
Car-1,2008-10-04 04:46:33,119.7134183,51.0261
Car-1,2008-10-04 04:46:37,119.7133049,51.0259366
Car-1,2008-10-04 04:46:41,119.7131749,51.0257616
Car-1,2008-10-04 04:46:45,119.7130516,51.0255666
Car-1,2008-10-04 04:46:49,119.7129083,51.0253649
Car-1,2008-10-04 04:46:53,119.7127299,51.0251449
Car-1,2008-10-04 04:46:59,119.7124266,51.0247966
Car-1,2008-10-04 04:47:05,119.7121766,51.0244149
Car-1,2008-10-04 04:47:11,119.7118966,51.0240033
Car-1,2008-10-04 04:47:17,119.7115833,51.0235199
Car-1,2008-10-04 04:47:23,119.7112366,51.0230199
Car-1,2008-10-04 04:47:29,119.7108716,51.0225266
Car-1,2008-10-04 04:47:35,119.7105299,51.0220383
Car-1,2008-10-04 04:47:41,119.7101683,51.0215699
Car-1,2008-10-04 04:47:47,119.7097766,51.0211999
Car-1,2008-10-04 04:47:53,119.7093199,51.0209866
Car-1,2008-10-04 04:47:57,119.7090766,51.0209049
Car-1,2008-10-04 04:48:01,119.7088666,51.0208283
Car-1,2008-10-04 04:48:05,119.7086799,51.0207383
Car-1,2008-10-04 04:48:09,119.7085783,51.0206383
Car-1,2008-10-04 04:48:13,119.7085366,51.0205483
Car-1,2008-10-04 04:48:17,119.7085233,51.0204283
Car-1,2008-10-04 04:48:21,119.7084083,51.0202566
Car-1,2008-10-04 04:48:25,119.7082833,51.020005
Car-1,2008-10-04 04:48:31,119.7080983,51.0195666
Car-1,2008-10-04 04:48:37,119.7078866,51.0190816
Car-1,2008-10-04 04:48:43,119.7076616,51.0186583
Car-1,2008-10-04 04:48:49,119.7073666,51.0183349
Car-1,2008-10-04 04:48:53,119.7071216,51.0181766
Car-1,2008-10-04 04:48:57,119.7068999,51.0180799
Car-1,2008-10-04 04:49:01,119.7066433,51.0180066
Car-1,2008-10-04 04:49:05,119.7063716,51.0179549
Car-1,2008-10-04 04:49:09,119.7061116,51.0179283
Car-1,2008-10-04 04:49:13,119.7058866,51.0179183
Car-1,2008-10-04 04:49:17,119.7055533,51.0179016
Car-1,2008-10-04 04:49:21,119.7051649,51.01785
Car-1,2008-10-04 04:49:25,119.7048466,51.0178216
Car-1,2008-10-04 04:49:29,119.7045333,51.0177233
Car-1,2008-10-04 04:49:33,119.7041866,51.0175599
Car-1,2008-10-04 04:49:39,119.703825,51.0171366
Car-1,2008-10-04 04:49:45,119.7034633,51.0166383
Car-1,2008-10-04 04:49:51,119.7030983,51.0161249
Car-1,2008-10-04 04:49:57,119.7027683,51.0156233
Car-1,2008-10-04 04:50:03,119.7025383,51.0152766
Car-1,2008-10-04 04:50:07,119.7024149,51.0150983
Car-1,2008-10-04 04:50:11,119.7022933,51.0149483
Car-1,2008-10-04 04:50:15,119.702155,51.0147399
Car-1,2008-10-04 04:50:19,119.702,51.0145083
Car-1,2008-10-04 04:50:23,119.7018433,51.0142516
Car-1,2008-10-04 04:50:29,119.7015333,51.0138216
Car-1,2008-10-04 04:50:35,119.7012633,51.0133999
Car-1,2008-10-04 04:50:41,119.7010549,51.0130699
Car-1,2008-10-04 04:50:45,119.7009333,51.0128916
Car-1,2008-10-04 04:50:49,119.7008232,51.0127683
Car-1,2008-10-04 04:50:53,119.7007333,51.0126783
Car-1,2008-10-04 04:50:57,119.7006483,51.0125766
Car-1,2008-10-04 04:51:01,119.7005666,51.0124783
Car-1,2008-10-04 04:51:05,119.7004933,51.0123699
Car-1,2008-10-04 04:51:09,119.7003849,51.0122383
Car-1,2008-10-04 04:51:13,119.7002632,51.0120833
Car-1,2008-10-04 04:51:17,119.7001483,51.0119149
Car-1,2008-10-04 04:51:21,119.70001,51.0116949
Car-1,2008-10-04 04:51:27,119.6997549,51.0113266
Car-1,2008-10-04 04:51:33,119.6993849,51.0109783
Car-1,2008-10-04 04:51:39,119.6988766,51.0107783
Car-1,2008-10-04 04:51:43,119.698525,51.0106883
Car-1,2008-10-04 04:51:47,119.6981566,51.0105916
Car-1,2008-10-04 04:51:51,119.6977733,51.0104949
Car-1,2008-10-04 04:51:57,119.6971483,51.0103083
Car-1,2008-10-04 04:52:03,119.6965416,51.0101216
Car-1,2008-10-04 04:52:09,119.6958866,51.0099566
Car-1,2008-10-04 04:52:15,119.6953566,51.0098149
Car-1,2008-10-04 04:52:19,119.69508,51.0097233
Car-1,2008-10-04 04:52:23,119.6948033,51.0096333
Car-1,2008-10-04 04:52:27,119.69456,51.0095433
Car-1,2008-10-04 04:52:31,119.694405,51.0094966
Car-1,2008-10-04 04:52:35,119.6942133,51.0094466
Car-1,2008-10-04 04:52:39,119.6939282,51.0093699
Car-1,2008-10-04 04:52:43,119.6935483,51.0092516
Car-1,2008-10-04 04:52:49,119.6929383,51.0090866
Car-1,2008-10-04 04:52:53,119.6925883,51.0089616
Car-1,2008-10-04 04:52:59,119.6919749,51.0087633
Car-1,2008-10-04 04:53:05,119.691265,51.0085966
Car-1,2008-10-04 04:53:11,119.6904799,51.0083683
Car-1,2008-10-04 04:53:17,119.6896883,51.0081566
Car-1,2008-10-04 04:53:23,119.6889899,51.0079366
Car-1,2008-10-04 04:53:29,119.6884083,51.0077349
Car-1,2008-10-04 04:53:33,119.6881416,51.0075933
Car-1,2008-10-04 04:53:37,119.6880333,51.0074649
Car-1,2008-10-04 04:53:41,119.6880083,51.0073749
Car-1,2008-10-04 04:53:45,119.6879266,51.0073216
Car-1,2008-10-04 04:53:49,119.6878332,51.0072349
Car-1,2008-10-04 04:53:53,119.6877849,51.0070583
Car-1,2008-10-04 04:53:57,119.6877183,51.0068283
Car-1,2008-10-04 04:54:01,119.6876299,51.0065549
Car-1,2008-10-04 04:54:07,119.6874633,51.0060849
Car-1,2008-10-04 04:54:13,119.6873016,51.0056049
Car-1,2008-10-04 04:54:19,119.6871566,51.0050983
Car-1,2008-10-04 04:54:25,119.6870332,51.0046133
Car-1,2008-10-04 04:54:31,119.6868916,51.0041683
Car-1,2008-10-04 04:54:37,119.6867366,51.0037016
Car-1,2008-10-04 04:54:43,119.6865883,51.0031766
Car-1,2008-10-04 04:54:49,119.6863966,51.0026166
Car-1,2008-10-04 04:54:55,119.6862049,51.0020749
Car-1,2008-10-04 04:55:01,119.6860499,51.0015249
Car-1,2008-10-04 04:55:07,119.6858649,51.0009633
Car-1,2008-10-04 04:55:13,119.6856716,51.0004366
Car-1,2008-10-04 04:55:19,119.685535,51.0
Car-1,2008-10-04 04:55:23,119.6854849,50.9997983
Car-1,2008-10-04 04:55:27,119.68544,50.9996783
Car-1,2008-10-04 04:55:31,119.6853966,50.9995016
Car-1,2008-10-04 04:55:35,119.6853416,50.9992866
Car-1,2008-10-04 04:55:39,119.6852599,50.9991016
Car-1,2008-10-04 04:55:43,119.6851583,50.9988999
Car-1,2008-10-04 04:55:47,119.6850783,50.9986833
Car-1,2008-10-04 04:55:51,119.6850249,50.9984233
Car-1,2008-10-04 04:55:55,119.6849433,50.99822
Car-1,2008-10-04 04:55:59,119.6848716,50.998005
Car-1,2008-10-04 04:56:03,119.6847782,50.9977733
Car-1,2008-10-04 04:56:07,119.6846716,50.9975383
Car-1,2008-10-04 04:56:13,119.6844282,50.9970749
Car-1,2008-10-04 04:56:19,119.6841083,50.9965583
Car-1,2008-10-04 04:56:25,119.6837933,50.9960366
Car-1,2008-10-04 04:56:31,119.6834882,50.995525
Car-1,2008-10-04 04:56:37,119.6831749,50.9950033
Car-1,2008-10-04 04:56:43,119.6828949,50.9945233
Car-1,2008-10-04 04:56:49,119.68269,50.9941233
Car-1,2008-10-04 04:56:53,119.6825549,50.9939133
Car-1,2008-10-04 04:56:57,119.6824016,50.9936716
Car-1,2008-10-04 04:57:03,119.6821866,50.9932833
Car-1,2008-10-04 04:57:09,119.6819216,50.9928416
Car-1,2008-10-04 04:57:15,119.6815866,50.9923633
Car-1,2008-10-04 04:57:21,119.6811216,50.9919616
Car-1,2008-10-04 04:57:27,119.6805699,50.9915483
Car-1,2008-10-04 04:57:33,119.6799949,50.99111
Car-1,2008-10-04 04:57:39,119.6794649,50.9907066
Car-1,2008-10-04 04:57:45,119.6789633,50.9903433
Car-1,2008-10-04 04:57:51,119.6783783,50.9900933
Car-1,2008-10-04 04:57:57,119.6776983,50.9899033
Car-1,2008-10-04 04:58:03,119.6770066,50.989725
Car-1,2008-10-04 04:58:09,119.6763066,50.98954
Car-1,2008-10-04 04:58:15,119.6756916,50.9892966
Car-1,2008-10-04 04:58:21,119.6752049,50.9889999
Car-1,2008-10-04 04:58:27,119.6749183,50.988675
Car-1,2008-10-04 04:58:31,119.6747666,50.9884666
Car-1,2008-10-04 04:58:35,119.6746066,50.9882516
Car-1,2008-10-04 04:58:39,119.6743916,50.9879766
Car-1,2008-10-04 04:58:45,119.6740016,50.987525
Car-1,2008-10-04 04:58:51,119.6736983,50.9871483
Car-1,2008-10-04 04:58:55,119.6735783,50.98698
Car-1,2008-10-04 04:58:59,119.6734132,50.9868166
Car-1,2008-10-04 04:59:03,119.6732483,50.9866383
Car-1,2008-10-04 04:59:07,119.6730632,50.9863983
Car-1,2008-10-04 04:59:13,119.67277,50.9860316
Car-1,2008-10-04 04:59:17,119.6725799,50.9858016
Car-1,2008-10-04 04:59:21,119.6724016,50.9855783
Car-1,2008-10-04 04:59:25,119.6722233,50.9853583
Car-1,2008-10-04 04:59:29,119.6720449,50.9851366
Car-1,2008-10-04 04:59:35,119.6717783,50.9848216
Car-1,2008-10-04 04:59:39,119.6716182,50.9845983
Car-1,2008-10-04 04:59:45,119.6713016,50.984215
Car-1,2008-10-04 04:59:51,119.6709866,50.9838483
Car-1,2008-10-04 04:59:57,119.6706649,50.9834583
Car-1,2008-10-04 05:00:01,119.6705383,50.9832983
Car-1,2008-10-04 05:00:05,119.6704349,50.983155
Car-1,2008-10-04 05:00:09,119.6702466,50.98294
Car-1,2008-10-04 05:00:15,119.6698933,50.9825149
Car-1,2008-10-04 05:00:21,119.6694599,50.9820783
Car-1,2008-10-04 05:00:27,119.6689733,50.9818016
Car-1,2008-10-04 05:00:33,119.6683833,50.9816016
Car-1,2008-10-04 05:00:39,119.6676083,50.9814016
Car-1,2008-10-04 05:00:45,119.6667083,50.9811949
Car-1,2008-10-04 05:00:51,119.6657849,50.980965
Car-1,2008-10-04 05:00:57,119.6649133,50.9807566
Car-1,2008-10-04 05:01:03,119.6640983,50.9805066
Car-1,2008-10-04 05:01:09,119.6634316,50.9801766
Car-1,2008-10-04 05:01:15,119.662765,50.9797466
Car-1,2008-10-04 05:01:21,119.6620549,50.9792883
Car-1,2008-10-04 05:01:27,119.6614249,50.9788483
Car-1,2008-10-04 05:01:33,119.6608033,50.9784349
Car-1,2008-10-04 05:01:39,119.6602349,50.9780616
Car-1,2008-10-04 05:01:45,119.6596966,50.9777183
Car-1,2008-10-04 05:01:51,119.6591583,50.9773516
Car-1,2008-10-04 05:01:57,119.6586949,50.9770666
Car-1,2008-10-04 05:02:01,119.65856,50.9769616
Car-1,2008-10-04 05:02:05,119.6583449,50.9768149
Car-1,2008-10-04 05:02:09,119.6580316,50.9766133
Car-1,2008-10-04 05:02:15,119.6574633,50.9762266
Car-1,2008-10-04 05:02:21,119.6569083,50.9758733
Car-1,2008-10-04 05:02:27,119.6564016,50.9755133
Car-1,2008-10-04 05:02:33,119.6557982,50.9751466
Car-1,2008-10-04 05:02:39,119.6552266,50.9747716
Car-1,2008-10-04 05:02:45,119.6547666,50.9744583
Car-1,2008-10-04 05:02:49,119.6544816,50.974265
Car-1,2008-10-04 05:02:55,119.6539716,50.9739366
Car-1,2008-10-04 05:03:01,119.65339,50.97357
Car-1,2008-10-04 05:03:07,119.6529999,50.9733
Car-1,2008-10-04 05:03:11,119.6528083,50.9731066
Car-1,2008-10-04 05:03:15,119.6525983,50.9728633
Car-1,2008-10-04 05:03:21,119.6523932,50.9724166
Car-1,2008-10-04 05:03:27,119.6522583,50.9720433
Car-1,2008-10-04 05:03:31,119.6521783,50.9718166
Car-1,2008-10-04 05:03:35,119.6520933,50.9715833
Car-1,2008-10-04 05:03:39,119.6519399,50.9713599
Car-1,2008-10-04 05:03:43,119.6516766,50.9711883
Car-1,2008-10-04 05:03:47,119.6513733,50.9710383
Car-1,2008-10-04 05:03:51,119.6510316,50.9709099
Car-1,2008-10-04 05:03:55,119.6506449,50.9708016
Car-1,2008-10-04 05:04:01,119.6500066,50.9706016
Car-1,2008-10-04 05:04:07,119.6494233,50.9703899
Car-1,2008-10-04 05:04:13,119.6488666,50.9701949
Car-1,2008-10-04 05:04:19,119.6482399,50.9699849
Car-1,2008-10-04 05:04:25,119.6476266,50.969785
Car-1,2008-10-04 05:04:31,119.6469649,50.9695549
Car-1,2008-10-04 05:04:37,119.6463449,50.9693383
Car-1,2008-10-04 05:04:43,119.6458133,50.9691216
Car-1,2008-10-04 05:04:47,119.6455166,50.969015
Car-1,2008-10-04 05:04:51,119.6451166,50.968885
Car-1,2008-10-04 05:04:57,119.6445183,50.9687033
Car-1,2008-10-04 05:05:01,119.6441532,50.9685749
Car-1,2008-10-04 05:05:05,119.6437966,50.9684383
Car-1,2008-10-04 05:05:11,119.643245,50.9682516
Car-1,2008-10-04 05:05:17,119.6427183,50.9680783
Car-1,2008-10-04 05:05:23,119.6421316,50.9678783
Car-1,2008-10-04 05:05:29,119.6415882,50.9677066
Car-1,2008-10-04 05:05:33,119.641255,50.9676
Car-1,2008-10-04 05:05:37,119.6410883,50.9675449
Car-1,2008-10-04 05:05:41,119.6409166,50.967485
Car-1,2008-10-04 05:05:45,119.6406533,50.9673883
Car-1,2008-10-04 05:05:49,119.6403283,50.967275
Car-1,2008-10-04 05:05:55,119.6396383,50.9670333
Car-1,2008-10-04 05:06:01,119.6389949,50.9667833
Car-1,2008-10-04 05:06:07,119.6383766,50.9665516
Car-1,2008-10-04 05:06:13,119.6378416,50.9663549
Car-1,2008-10-04 05:06:17,119.6374733,50.9662316
Car-1,2008-10-04 05:06:21,119.6371399,50.9661266
Car-1,2008-10-04 05:06:25,119.6368116,50.9660166
Car-1,2008-10-04 05:06:29,119.6364949,50.9658566
Car-1,2008-10-04 05:06:35,119.6362082,50.9654849
Car-1,2008-10-04 05:06:41,119.6360516,50.9651066
Car-1,2008-10-04 05:06:47,119.6359,50.9647049
Car-1,2008-10-04 05:06:53,119.6357466,50.964345
Car-1,2008-10-04 05:06:57,119.6356666,50.9641016
Car-1,2008-10-04 05:07:01,119.6355599,50.9638466
Car-1,2008-10-04 05:07:07,119.6354049,50.9634983
Car-1,2008-10-04 05:07:11,119.6353433,50.9632666
Car-1,2008-10-04 05:07:15,119.6352532,50.9630666
Car-1,2008-10-04 05:07:19,119.6351616,50.962835
Car-1,2008-10-04 05:07:25,119.6349583,50.962415
Car-1,2008-10-04 05:07:31,119.6347933,50.9620066
Car-1,2008-10-04 05:07:37,119.6345833,50.9616216
Car-1,2008-10-04 05:07:41,119.63433,50.9614033
Car-1,2008-10-04 05:07:48,119.6338382,50.96107
Car-1,2008-10-04 05:07:53,119.63346,50.9608683
Car-1,2008-10-04 05:07:57,119.6331149,50.9607349
Car-1,2008-10-04 05:08:01,119.6327666,50.9606883
Car-1,2008-10-04 05:08:05,119.6324533,50.9607466
Car-1,2008-10-04 05:08:08,119.6322366,50.9609333
Car-1,2008-10-04 05:08:15,119.6316349,50.961335
Car-1,2008-10-04 05:08:21,119.6309849,50.961725
Car-1,2008-10-04 05:08:27,119.6303166,50.9621583
Car-1,2008-10-04 05:08:33,119.6296416,50.96258
Car-1,2008-10-04 05:08:39,119.6291266,50.9628949
Car-1,2008-10-04 05:08:45,119.6286349,50.9632449
Car-1,2008-10-04 05:08:51,119.6281399,50.9635466
Car-1,2008-10-04 05:08:57,119.6276283,50.9638749
Car-1,2008-10-04 05:09:03,119.6270783,50.9642116
Car-1,2008-10-04 05:09:09,119.6265499,50.964545
Car-1,2008-10-04 05:09:15,119.6259716,50.9648999
Car-1,2008-10-04 05:09:21,119.6253766,50.9652499
Car-1,2008-10-04 05:09:27,119.6247916,50.9655833
Car-1,2008-10-04 05:09:33,119.6242083,50.9659416
Car-1,2008-10-04 05:09:39,119.6237299,50.9662333
Car-1,2008-10-04 05:09:43,119.6234583,50.9664249
Car-1,2008-10-04 05:09:47,119.6231399,50.9666266
Car-1,2008-10-04 05:09:53,119.6227,50.9669133
Car-1,2008-10-04 05:09:59,119.62221,50.9672149
Car-1,2008-10-04 05:10:05,119.6217083,50.967515
Car-1,2008-10-04 05:10:11,119.6212099,50.9678599
Car-1,2008-10-04 05:10:17,119.6207082,50.9681899
Car-1,2008-10-04 05:10:23,119.6202149,50.9685016
Car-1,2008-10-04 05:10:29,119.6197016,50.9688399
Car-1,2008-10-04 05:10:35,119.6193066,50.9691116
Car-1,2008-10-04 05:10:39,119.6190666,50.9692816
Car-1,2008-10-04 05:10:43,119.6188333,50.9694549
Car-1,2008-10-04 05:10:47,119.6185983,50.9695783
Car-1,2008-10-04 05:10:51,119.6183949,50.9696966
Car-1,2008-10-04 05:10:55,119.6181283,50.9698366
Car-1,2008-10-04 05:10:59,119.6178333,50.9699916
Car-1,2008-10-04 05:11:05,119.617345,50.9702916
Car-1,2008-10-04 05:11:11,119.6168366,50.9706066
Car-1,2008-10-04 05:11:17,119.6163216,50.970765
Car-1,2008-10-04 05:11:21,119.6160916,50.9707433
Car-1,2008-10-04 05:11:25,119.6157299,50.9707449
Car-1,2008-10-04 05:11:29,119.6153466,50.9706783
Car-1,2008-10-04 05:11:35,119.6147416,50.9704083
Car-1,2008-10-04 05:11:41,119.6141699,50.9701583
Car-1,2008-10-04 05:11:45,119.61397,50.9700616
Car-1,2008-10-04 05:11:49,119.6139099,50.9699899
Car-1,2008-10-04 05:11:53,119.6138783,50.9698899
Car-1,2008-10-04 05:11:57,119.6139016,50.9697916
Car-1,2008-10-04 05:12:01,119.6138466,50.9696916
Car-1,2008-10-04 05:12:05,119.61373,50.9696133
Car-1,2008-10-04 05:12:09,119.6135999,50.969575
Car-1,2008-10-04 05:12:13,119.6134566,50.9695666
Car-1,2008-10-04 05:12:17,119.6133166,50.9695683
Car-1,2008-10-04 05:12:21,119.6131416,50.9695733
Car-1,2008-10-04 05:12:25,119.6129233,50.9695499
Car-1,2008-10-04 05:12:29,119.6127399,50.9694966
Car-1,2008-10-04 05:12:33,119.6125833,50.9694149
Car-1,2008-10-04 05:12:37,119.6123716,50.9693033
Car-1,2008-10-04 05:12:41,119.6120516,50.96915
Car-1,2008-10-04 05:12:47,119.6113733,50.9688549
Car-1,2008-10-04 05:12:53,119.61062,50.9685083
Car-1,2008-10-04 05:12:59,119.6099233,50.9681916
Car-1,2008-10-04 05:13:05,119.6095116,50.96802
Car-1,2008-10-04 05:13:09,119.609315,50.9679216
Car-1,2008-10-04 05:13:13,119.6090716,50.9678016
Car-1,2008-10-04 05:13:17,119.6088382,50.9675983
Car-1,2008-10-04 05:13:23,119.6083849,50.9671949
Car-1,2008-10-04 05:13:29,119.6078383,50.96673
Car-1,2008-10-04 05:13:35,119.6072832,50.96628
Car-1,2008-10-04 05:13:41,119.6067166,50.9657866
Car-1,2008-10-04 05:13:47,119.6062483,50.9653833
Car-1,2008-10-04 05:13:53,119.6059649,50.9651133
Car-1,2008-10-04 05:13:57,119.6059866,50.9650083
Car-1,2008-10-04 05:14:01,119.6060349,50.9648916
Car-1,2008-10-04 05:14:05,119.6059366,50.96481
Car-1,2008-10-04 05:14:09,119.6057549,50.9647716
Car-1,2008-10-04 05:14:13,119.6055483,50.964795
Car-1,2008-10-04 05:14:17,119.6053549,50.964685
Car-1,2008-10-04 05:14:21,119.6051049,50.9644966
Car-1,2008-10-04 05:14:27,119.6046833,50.9641283
Car-1,2008-10-04 05:14:33,119.6044316,50.9638283
Car-1,2008-10-04 05:14:37,119.6043333,50.963645
Car-1,2008-10-04 05:14:41,119.6041966,50.9634699
Car-1,2008-10-04 05:14:45,119.603965,50.9632383
Car-1,2008-10-04 05:15:13,119.6037416,50.9630816
Car-1,2008-10-04 05:15:33,119.6037382,50.9630816
Car-1,2008-10-04 05:15:35,119.6037299,50.9630783
Car-1,2008-10-04 05:15:37,119.6037349,50.9630783
Car-1,2008-10-04 05:15:46,119.6037349,50.9630783
Car-1,2008-10-04 05:15:48,119.6037382,50.9630783
Car-1,2008-10-04 05:15:50,119.6037266,50.9630783
Car-1,2008-10-04 05:15:52,119.6037266,50.9630783
Car-1,2008-10-04 05:15:54,119.603725,50.9630749
Car-1,2008-10-04 05:15:58,119.6036133,50.9629983
Car-1,2008-10-04 05:16:02,119.6033983,50.9628733
Car-1,2008-10-04 05:16:06,119.6031266,50.9627166
Car-1,2008-10-04 05:16:12,119.6027783,50.9624483
Car-1,2008-10-04 05:16:16,119.6025266,50.9622983
Car-1,2008-10-04 05:16:20,119.6022566,50.9621216
Car-1,2008-10-04 05:16:26,119.6018849,50.9617866
Car-1,2008-10-04 05:16:32,119.6013366,50.96143
Car-1,2008-10-04 05:16:38,119.600865,50.9611083
Car-1,2008-10-04 05:16:42,119.6005916,50.960955
Car-1,2008-10-04 05:16:46,119.6003583,50.96073
Car-1,2008-10-04 05:16:52,119.6000016,50.9604766
Car-1,2008-10-04 05:16:56,119.5997516,50.9603149
Car-1,2008-10-04 05:17:02,119.5993049,50.9600083
Car-1,2008-10-04 05:17:08,119.5987883,50.9596733
Car-1,2008-10-04 05:17:12,119.5985816,50.9595349
Car-1,2008-10-04 05:17:16,119.5984083,50.9594316
Car-1,2008-10-04 05:17:20,119.5982466,50.9593433
Car-1,2008-10-04 05:17:24,119.5980266,50.9591983
Car-1,2008-10-04 05:17:28,119.5978149,50.9590483
Car-1,2008-10-04 05:17:32,119.5976466,50.9588316
Car-1,2008-10-04 05:17:38,119.5976683,50.9583616
Car-1,2008-10-04 05:17:44,119.5978166,50.9578233
Car-1,2008-10-04 05:17:50,119.5979833,50.9572733
Car-1,2008-10-04 05:17:56,119.5980183,50.9567566
Car-1,2008-10-04 05:18:02,119.5978599,50.9563399
Car-1,2008-10-04 05:18:08,119.5978033,50.9558116
Car-1,2008-10-04 05:18:14,119.5977532,50.9551849
Car-1,2008-10-04 05:18:20,119.5976583,50.9545333
Car-1,2008-10-04 05:18:26,119.597545,50.9538383
Car-1,2008-10-04 05:18:32,119.5974016,50.9531783
Car-1,2008-10-04 05:18:38,119.5971599,50.9524733
Car-1,2008-10-04 05:18:44,119.5969316,50.9517799
Car-1,2008-10-04 05:18:50,119.5967182,50.9511016
Car-1,2008-10-04 05:18:56,119.5964816,50.9504416
Car-1,2008-10-04 05:19:02,119.5961183,50.9497899
Car-1,2008-10-04 05:19:08,119.5956849,50.9491349
Car-1,2008-10-04 05:19:14,119.5952266,50.9485
Car-1,2008-10-04 05:19:20,119.5947633,50.9478749
Car-1,2008-10-04 05:19:26,119.5943416,50.947365
Car-1,2008-10-04 05:19:32,119.5940983,50.9470333
Car-1,2008-10-04 05:19:36,119.59393,50.9468099
Car-1,2008-10-04 05:19:40,119.5937882,50.94652
Car-1,2008-10-04 05:19:46,119.5934983,50.9461116
Car-1,2008-10-04 05:19:52,119.5931483,50.9456566
Car-1,2008-10-04 05:19:58,119.5927916,50.945165
Car-1,2008-10-04 05:20:04,119.5924416,50.9446533
Car-1,2008-10-04 05:20:10,119.5920333,50.9441316
Car-1,2008-10-04 05:20:16,119.5915483,50.9436516
Car-1,2008-10-04 05:20:22,119.5909516,50.9432016
Car-1,2008-10-04 05:20:28,119.5902316,50.9427866
Car-1,2008-10-04 05:20:34,119.589515,50.9423416
Car-1,2008-10-04 05:20:40,119.5887249,50.9418716
Car-1,2008-10-04 05:20:46,119.5879266,50.9413916
Car-1,2008-10-04 05:20:52,119.5871483,50.9409349
Car-1,2008-10-04 05:20:58,119.5864416,50.9405782
Car-1,2008-10-04 05:21:04,119.5858866,50.9403016
Car-1,2008-10-04 05:21:10,119.5854749,50.9400133
Car-1,2008-10-04 05:21:16,119.5849182,50.9397566
Car-1,2008-10-04 05:21:22,119.5843266,50.9395649
Car-1,2008-10-04 05:21:28,119.5837733,50.9393699
Car-1,2008-10-04 05:21:34,119.5832516,50.9391699
Car-1,2008-10-04 05:21:38,119.5829216,50.939095
Car-1,2008-10-04 05:21:42,119.5825082,50.938995
Car-1,2008-10-04 05:21:48,119.5819566,50.9387966
Car-1,2008-10-04 05:21:52,119.5817033,50.9387066
Car-1,2008-10-04 05:21:56,119.5814133,50.9385999
Car-1,2008-10-04 05:22:00,119.5811216,50.9385033
Car-1,2008-10-04 05:22:04,119.5809316,50.9384466
Car-1,2008-10-04 05:22:08,119.5807982,50.9384433
Car-1,2008-10-04 05:22:12,119.5806966,50.9384433
Car-1,2008-10-04 05:22:16,119.5805166,50.9384083
Car-1,2008-10-04 05:22:20,119.5802599,50.9383149
Car-1,2008-10-04 05:22:24,119.5799349,50.9382166
Car-1,2008-10-04 05:22:28,119.5795266,50.9381033
Car-1,2008-10-04 05:22:34,119.5789116,50.9378916
Car-1,2008-10-04 05:22:40,119.5784216,50.9376449
Car-1,2008-10-04 05:22:44,119.5782633,50.9375316
Car-1,2008-10-04 05:22:48,119.577995,50.9374283
Car-1,2008-10-04 05:22:52,119.5776133,50.9372333
Car-1,2008-10-04 05:22:58,119.5770483,50.9368116
Car-1,2008-10-04 05:23:04,119.57658,50.936375
Car-1,2008-10-04 05:23:10,119.5760749,50.9359583
Car-1,2008-10-04 05:23:16,119.57556,50.9354866
Car-1,2008-10-04 05:23:22,119.5750532,50.9350549
Car-1,2008-10-04 05:23:28,119.574465,50.934555
Car-1,2008-10-04 05:23:34,119.573875,50.9340299
Car-1,2008-10-04 05:23:40,119.5733099,50.9335533
Car-1,2008-10-04 05:23:46,119.5727066,50.9330766
Car-1,2008-10-04 05:23:52,119.5721133,50.93258
Car-1,2008-10-04 05:23:58,119.5716216,50.9320366
Car-1,2008-10-04 05:24:04,119.5712166,50.9315916
Car-1,2008-10-04 05:24:10,119.5708766,50.9312566
Car-1,2008-10-04 05:24:14,119.5706583,50.9311099
Car-1,2008-10-04 05:24:18,119.5704633,50.9309033
Car-1,2008-10-04 05:24:22,119.5702716,50.9307216
Car-1,2008-10-04 05:24:26,119.5700349,50.9305249
Car-1,2008-10-04 05:24:30,119.5698466,50.9302966
Car-1,2008-10-04 05:24:36,119.5694699,50.9298916
Car-1,2008-10-04 05:24:42,119.5689566,50.9293666
Car-1,2008-10-04 05:24:48,119.5683066,50.9288016
Car-1,2008-10-04 05:24:54,119.5676499,50.9282883
Car-1,2008-10-04 05:25:00,119.5671116,50.9278066
Car-1,2008-10-04 05:25:06,119.5664549,50.9272666
Car-1,2008-10-04 05:25:12,119.5658032,50.9267183
Car-1,2008-10-04 05:25:18,119.5652466,50.9262916
Car-1,2008-10-04 05:25:24,119.564755,50.9258283
Car-1,2008-10-04 05:25:30,119.5644716,50.9254983
Car-1,2008-10-04 05:25:34,119.564405,50.92546
Car-1,2008-10-04 05:25:36,119.56439,50.9254583
Car-1,2008-10-04 05:25:38,119.5643949,50.9254633
Car-1,2008-10-04 05:25:40,119.5643949,50.9254633
Car-1,2008-10-04 05:25:42,119.5644016,50.9254666
Car-1,2008-10-04 05:25:46,119.5643116,50.92536
Car-1,2008-10-04 05:25:50,119.5641683,50.9252316
Car-1,2008-10-04 05:25:54,119.5640699,50.9251366
Car-1,2008-10-04 05:25:58,119.5639466,50.9250116
Car-1,2008-10-04 05:26:02,119.5636866,50.924815
Car-1,2008-10-04 05:26:08,119.5632416,50.9244299
Car-1,2008-10-04 05:26:14,119.5629416,50.9240883
Car-1,2008-10-04 05:26:18,119.5627616,50.9238182
Car-1,2008-10-04 05:26:24,119.5621799,50.9233233
Car-1,2008-10-04 05:26:30,119.5615183,50.9227816
Car-1,2008-10-04 05:26:36,119.5608582,50.9222116
Car-1,2008-10-04 05:26:42,119.5602433,50.9216399
Car-1,2008-10-04 05:26:48,119.5596532,50.921015
Car-1,2008-10-04 05:26:54,119.5592233,50.920655
Car-1,2008-10-04 05:26:58,119.55887,50.9205532
Car-1,2008-10-04 05:27:02,119.5585016,50.920375
Car-1,2008-10-04 05:27:08,119.5579566,50.919885
Car-1,2008-10-04 05:27:14,119.5573666,50.9193783
Car-1,2008-10-04 05:27:20,119.5568333,50.9189216
Car-1,2008-10-04 05:27:26,119.5562816,50.9184016
Car-1,2008-10-04 05:27:32,119.5556366,50.9178366
Car-1,2008-10-04 05:27:38,119.5551849,50.9173466
Car-1,2008-10-04 05:27:44,119.5546949,50.9168599
Car-1,2008-10-04 05:27:50,119.5543233,50.9165166
Car-1,2008-10-04 05:27:54,119.5541066,50.9163016
Car-1,2008-10-04 05:28:00,119.5536283,50.9159483
Car-1,2008-10-04 05:28:06,119.5531016,50.9155066
Car-1,2008-10-04 05:28:12,119.5525633,50.9150583
Car-1,2008-10-04 05:28:18,119.5519666,50.9145683
Car-1,2008-10-04 05:28:24,119.5512333,50.9140449
Car-1,2008-10-04 05:28:30,119.5505049,50.9134849
Car-1,2008-10-04 05:28:36,119.5497333,50.9128849
Car-1,2008-10-04 05:28:42,119.5489699,50.912285
Car-1,2008-10-04 05:28:48,119.5483949,50.9117749
Car-1,2008-10-04 05:28:54,119.5478349,50.9112333
Car-1,2008-10-04 05:29:00,119.5471749,50.9106616
Car-1,2008-10-04 05:29:06,119.5464683,50.9100649
Car-1,2008-10-04 05:29:12,119.5457283,50.9094366
Car-1,2008-10-04 05:29:18,119.5449616,50.9087899
Car-1,2008-10-04 05:29:24,119.5443283,50.9083033
Car-1,2008-10-04 05:29:30,119.5439483,50.9081766
Car-1,2008-10-04 05:29:34,119.5437866,50.9081383
Car-1,2008-10-04 05:29:38,119.5435616,50.9080899
Car-1,2008-10-04 05:29:42,119.5432666,50.9079349
Car-1,2008-10-04 05:29:48,119.5428316,50.9075683
Car-1,2008-10-04 05:29:54,119.5422799,50.9071066
Car-1,2008-10-04 05:30:00,119.5416566,50.9065749
Car-1,2008-10-04 05:30:06,119.5409933,50.9060083
Car-1,2008-10-04 05:30:12,119.5402749,50.9054099
Car-1,2008-10-04 05:30:18,119.5394849,50.9047399
Car-1,2008-10-04 05:30:24,119.5386983,50.9040416
Car-1,2008-10-04 05:30:30,119.5379649,50.9032966
Car-1,2008-10-04 05:30:36,119.5373699,50.9026349
Car-1,2008-10-04 05:30:42,119.5369016,50.90213
Car-1,2008-10-04 05:30:48,119.5364516,50.9016366
Car-1,2008-10-04 05:30:54,119.5359616,50.9011216
Car-1,2008-10-04 05:31:00,119.5354733,50.9006266
Car-1,2008-10-04 05:31:06,119.5350316,50.9001666
Car-1,2008-10-04 05:31:12,119.5346666,50.8997783
Car-1,2008-10-04 05:31:16,119.5344749,50.899575
Car-1,2008-10-04 05:31:20,119.53429,50.8993633
Car-1,2008-10-04 05:31:24,119.5341166,50.8991833
Car-1,2008-10-04 05:31:28,119.5339516,50.8989949
Car-1,2008-10-04 05:31:32,119.5337816,50.8988099
Car-1,2008-10-04 05:31:36,119.5336033,50.8986183
Car-1,2008-10-04 05:31:40,119.5334249,50.8984416
Car-1,2008-10-04 05:31:44,119.5333016,50.8983399
Car-1,2008-10-04 05:31:49,119.5333016,50.8983399
Car-1,2008-10-04 05:31:51,119.5333066,50.8983349
Car-1,2008-10-04 05:31:58,119.5334249,50.8981783
Car-1,2008-10-04 05:32:00,119.5333866,50.8982399
Car-1,2008-10-04 05:32:02,119.5333983,50.89829
Car-1,2008-10-04 05:32:04,119.5334182,50.89829
Car-1,2008-10-04 05:32:06,119.5334283,50.8982883
Car-1,2008-10-04 05:32:16,119.5334099,50.8982983
Car-1,2008-10-04 05:32:18,119.5333949,50.898285
Car-1,2008-10-04 05:32:20,119.53338,50.8982766
Car-1,2008-10-04 05:32:22,119.5333666,50.8982616
Car-1,2008-10-04 05:32:24,119.5333583,50.8982499
Car-1,2008-10-04 05:32:37,119.5333566,50.8982483
Car-1,2008-10-04 05:32:46,119.5333566,50.8982483
Car-1,2008-10-04 05:32:48,119.5333583,50.8982533
Car-1,2008-10-04 05:32:50,119.5333683,50.8982666
Car-1,2008-10-04 05:32:52,119.5333766,50.8982933
Car-1,2008-10-04 05:33:36,119.5333782,50.8983099
Car-1,2008-10-04 05:33:38,119.5333766,50.8983183
Car-1,2008-10-04 05:33:40,119.5333699,50.8983266
Car-1,2008-10-04 05:33:42,119.53338,50.89833
Car-1,2008-10-04 05:33:44,119.5333883,50.8983216
Car-1,2008-10-04 05:33:46,119.5333949,50.8983166
Car-1,2008-10-04 05:33:48,119.5334133,50.8983099
Car-1,2008-10-04 05:33:50,119.5334449,50.8983016
Car-1,2008-10-04 05:33:52,119.5334699,50.8983
Car-1,2008-10-04 05:33:54,119.5334999,50.8983016
Car-1,2008-10-04 05:33:56,119.5335333,50.8983099
Car-1,2008-10-04 05:33:58,119.5335533,50.8983249
Car-1,2008-10-04 05:34:00,119.5336516,50.8982499
Car-1,2008-10-04 05:34:06,119.5340133,50.8984283
Car-1,2008-10-04 05:34:08,119.5338366,50.8983916
Car-1,2008-10-04 05:34:10,119.5337349,50.8983883
Car-1,2008-10-04 05:34:14,119.5337266,50.8984016
Car-1,2008-10-04 05:34:16,119.5337166,50.89844
Car-1,2008-10-04 05:34:26,119.5337132,50.8984583
Car-1,2008-10-04 05:34:31,119.5337132,50.8984583
Car-1,2008-10-04 05:34:33,119.5337183,50.898455
Car-1,2008-10-04 05:34:35,119.5336949,50.8984633
Car-1,2008-10-04 05:34:37,119.5336799,50.8984749
Car-1,2008-10-04 05:34:39,119.5336666,50.8984833
Car-1,2008-10-04 05:34:41,119.5336549,50.8984899
Car-1,2008-10-04 05:34:43,119.5336516,50.8984966
Car-1,2008-10-04 05:34:50,119.5336516,50.8984966
Car-1,2008-10-04 05:35:30,119.5336516,50.8984966
Car-1,2008-10-04 05:35:32,119.5336466,50.898495
Car-1,2008-10-04 05:35:34,119.53363,50.8984833
Car-1,2008-10-04 05:35:36,119.53363,50.8984833
Car-1,2008-10-04 05:35:38,119.5336333,50.8984766
Car-1,2008-10-04 05:35:40,119.5336616,50.8984666
Car-1,2008-10-04 05:35:42,119.5336916,50.8984616
Car-1,2008-10-04 05:35:44,119.5337099,50.898455
Car-1,2008-10-04 05:35:46,119.5337083,50.898455
Car-1,2008-10-04 05:35:48,119.5336949,50.8984599
Car-1,2008-10-04 05:35:50,119.5337049,50.8984499
Car-1,2008-10-04 05:35:52,119.5337066,50.8984516
Car-1,2008-10-04 05:35:54,119.5336883,50.8984483
Car-1,2008-10-04 05:36:32,119.5336883,50.8984483
Car-1,2008-10-04 05:36:34,119.5336899,50.8984416
Car-1,2008-10-04 05:36:36,119.5336749,50.8984499
Car-1,2008-10-04 05:36:38,119.5336566,50.8984616
Car-1,2008-10-04 05:36:40,119.53363,50.8984682
Car-1,2008-10-04 05:36:42,119.5336016,50.8984666
Car-1,2008-10-04 05:36:44,119.5335716,50.8984516
Car-1,2008-10-04 05:36:46,119.533545,50.8984383
Car-1,2008-10-04 05:36:48,119.53352,50.8984216
Car-1,2008-10-04 05:36:50,119.5335016,50.8984033
Car-1,2008-10-04 05:36:52,119.5334866,50.898385
Car-1,2008-10-04 05:36:54,119.5334716,50.8983683
Car-1,2008-10-04 05:36:56,119.5334549,50.8983516
Car-1,2008-10-04 05:36:58,119.533435,50.8983349
Car-1,2008-10-04 05:37:00,119.5334166,50.8983199
Car-1,2008-10-04 05:37:02,119.5333966,50.8983083
Car-1,2008-10-04 05:37:04,119.5333766,50.8982966
Car-1,2008-10-04 05:37:06,119.533365,50.8982866
Car-1,2008-10-04 05:37:08,119.5333599,50.8982733
Car-1,2008-10-04 05:37:10,119.5333549,50.8982616
Car-1,2008-10-04 05:37:12,119.5333516,50.8982516
Car-1,2008-10-04 05:37:14,119.5333466,50.8982433
Car-1,2008-10-04 05:37:16,119.533335,50.8982399
Car-1,2008-10-04 05:37:18,119.5333166,50.8982499
Car-1,2008-10-04 05:37:20,119.5333,50.8982649
Car-1,2008-10-04 05:37:22,119.5332933,50.8982833
Car-1,2008-10-04 05:37:24,119.533295,50.8983066
Car-1,2008-10-04 05:37:26,119.5333033,50.8983283
Car-1,2008-10-04 05:37:28,119.5333116,50.898355
Car-1,2008-10-04 05:37:33,119.5333333,50.8983616
Car-1,2008-10-04 05:37:36,119.53335,50.8983633
Car-1,2008-10-04 05:37:44,119.53335,50.8983633
Car-1,2008-10-04 05:37:46,119.5333583,50.8983633
Car-1,2008-10-04 05:37:48,119.5333383,50.898355
Car-1,2008-10-04 05:37:50,119.5333199,50.8983316
Car-1,2008-10-04 05:37:54,119.5332166,50.8982549
Car-1,2008-10-04 05:37:58,119.5330533,50.898145
Car-1,2008-10-04 05:38:02,119.5327366,50.8979933
Car-1,2008-10-04 05:38:08,119.5320149,50.8977166
Car-1,2008-10-04 05:38:14,119.5311633,50.8973833
Car-1,2008-10-04 05:38:20,119.5301466,50.8969933
Car-1,2008-10-04 05:38:26,119.5289766,50.8965633
Car-1,2008-10-04 05:38:32,119.5277933,50.8961166
Car-1,2008-10-04 05:38:38,119.5267133,50.8956849
Car-1,2008-10-04 05:38:44,119.5257266,50.8952983
Car-1,2008-10-04 05:38:50,119.5247566,50.8949183
Car-1,2008-10-04 05:38:56,119.523765,50.8945582
Car-1,2008-10-04 05:39:02,119.5229916,50.8942316
Car-1,2008-10-04 05:39:08,119.522505,50.8938716
Car-1,2008-10-04 05:39:14,119.5222983,50.8933349
Car-1,2008-10-04 05:39:20,119.5225199,50.8927183
Car-1,2008-10-04 05:39:26,119.52296,50.8921816
Car-1,2008-10-04 05:39:32,119.5233749,50.8916916
Car-1,2008-10-04 05:39:38,119.5235383,50.8914883
Car-1,2008-10-04 05:39:43,119.5235383,50.8914883
Car-1,2008-10-04 05:39:45,119.5235433,50.8914849
Car-1,2008-10-04 05:39:49,119.5234799,50.8915649
Car-1,2008-10-04 05:39:50,119.5234799,50.8915649
Car-1,2008-10-04 05:39:52,119.5234766,50.8915716
Car-1,2008-10-04 05:39:54,119.523465,50.8915433
Car-1,2008-10-04 05:39:58,119.5232233,50.8914933
Car-1,2008-10-04 05:40:02,119.5229416,50.8914366
Car-1,2008-10-04 05:40:06,119.5228266,50.8913599
Car-1,2008-10-04 05:40:10,119.5229783,50.8911749
Car-1,2008-10-04 05:40:14,119.52319,50.8908933
Car-1,2008-10-04 05:40:20,119.5235783,50.8904466
Car-1,2008-10-04 05:40:26,119.5239633,50.88995
Car-1,2008-10-04 05:40:32,119.52418,50.8896783
Car-1,2008-10-04 05:40:36,119.5243166,50.8894933
Car-1,2008-10-04 05:40:42,119.5246999,50.8891083
Car-1,2008-10-04 05:40:48,119.5252666,50.8887649
Car-1,2008-10-04 05:40:54,119.5258233,50.8884516
Car-1,2008-10-04 05:41:00,119.5263083,50.88817
Car-1,2008-10-04 05:41:04,119.5265083,50.8880683
Car-1,2008-10-04 05:41:08,119.5267183,50.88792
Car-1,2008-10-04 05:41:12,119.5269199,50.8876866
Car-1,2008-10-04 05:41:18,119.5272499,50.887275
Car-1,2008-10-04 05:41:24,119.5276683,50.8867366
Car-1,2008-10-04 05:41:30,119.5281633,50.8861183
Car-1,2008-10-04 05:41:36,119.5287083,50.8854666
Car-1,2008-10-04 05:41:42,119.5292049,50.8848566
Car-1,2008-10-04 05:41:48,119.52979,50.8841549
Car-1,2008-10-04 05:41:54,119.5304083,50.88342
Car-1,2008-10-04 05:42:00,119.5310283,50.8826866
Car-1,2008-10-04 05:42:06,119.5315783,50.8820116
Car-1,2008-10-04 05:42:12,119.5321083,50.8813583
Car-1,2008-10-04 05:42:18,119.5327466,50.8806416
Car-1,2008-10-04 05:42:24,119.533405,50.8799066
Car-1,2008-10-04 05:42:30,119.5339866,50.8792416
Car-1,2008-10-04 05:42:36,119.5346066,50.8785183
Car-1,2008-10-04 05:42:42,119.5351733,50.8778333
Car-1,2008-10-04 05:42:48,119.5357383,50.877125
Car-1,2008-10-04 05:42:54,119.5363583,50.8764016
Car-1,2008-10-04 05:43:00,119.5369932,50.8756783
Car-1,2008-10-04 05:43:06,119.5375599,50.8750016
Car-1,2008-10-04 05:43:12,119.5381416,50.8743383
Car-1,2008-10-04 05:43:18,119.5386999,50.8736433
Car-1,2008-10-04 05:43:24,119.5392166,50.8729866
Car-1,2008-10-04 05:43:30,119.5394466,50.8725949
Car-1,2008-10-04 05:43:34,119.5394699,50.8725766
Car-1,2008-10-04 05:43:43,119.5394766,50.8725783
Car-1,2008-10-04 05:43:57,119.539475,50.8725799
Car-1,2008-10-04 05:43:59,119.5394799,50.8725783
Car-1,2008-10-04 05:44:01,119.5394983,50.8725432
Car-1,2008-10-04 05:44:05,119.5395466,50.8724016
Car-1,2008-10-04 05:44:09,119.5395982,50.8721749
Car-1,2008-10-04 05:44:15,119.5397316,50.8717016
Car-1,2008-10-04 05:44:21,119.5398733,50.871115
Car-1,2008-10-04 05:44:27,119.5400399,50.87051
Car-1,2008-10-04 05:44:33,119.5401216,50.8698999
Car-1,2008-10-04 05:44:39,119.5398416,50.8694533
Car-1,2008-10-04 05:44:43,119.5398166,50.869305
Car-1,2008-10-04 05:44:47,119.5397633,50.869195
Car-1,2008-10-04 05:44:51,119.5396416,50.8691233
Car-1,2008-10-04 05:44:55,119.5393766,50.8690216
Car-1,2008-10-04 05:44:59,119.5391066,50.8687883
Car-1,2008-10-04 05:45:05,119.5385916,50.8682866
Car-1,2008-10-04 05:45:11,119.5379349,50.8676666
Car-1,2008-10-04 05:45:17,119.5372549,50.867035
Car-1,2008-10-04 05:45:23,119.5366016,50.8664066
Car-1,2008-10-04 05:45:29,119.5359166,50.8657616
Car-1,2008-10-04 05:45:35,119.5352316,50.8651249
Car-1,2008-10-04 05:45:41,119.5345816,50.8645099
Car-1,2008-10-04 05:45:47,119.5339333,50.8639
Car-1,2008-10-04 05:45:53,119.53345,50.8634133
Car-1,2008-10-04 05:45:59,119.5330966,50.8631016
Car-1,2008-10-04 05:46:03,119.5330083,50.8630249
Car-1,2008-10-04 05:46:07,119.5330083,50.8630249
Car-1,2008-10-04 05:46:09,119.5330066,50.8630266
Car-1,2008-10-04 05:46:11,119.5329833,50.8630083
Car-1,2008-10-04 05:46:30,119.5329833,50.8630083
Car-1,2008-10-04 05:46:32,119.5329899,50.8630033
Car-1,2008-10-04 05:46:34,119.533,50.8630049
Car-1,2008-10-04 05:46:40,119.5330133,50.8630066
Car-1,2008-10-04 05:46:42,119.5330649,50.8630116
Car-1,2008-10-04 05:46:45,119.5330916,50.863045
Car-1,2008-10-04 05:46:47,119.5330933,50.8630583
Car-1,2008-10-04 05:46:49,119.5330783,50.86306
Car-1,2008-10-04 05:46:51,119.5330799,50.8630683
Car-1,2008-10-04 05:46:53,119.5330883,50.8630766
Car-1,2008-10-04 05:46:55,119.533085,50.8630716
Car-1,2008-10-04 05:46:57,119.5330733,50.8630666
Car-1,2008-10-04 05:46:59,119.53309,50.8630649
Car-1,2008-10-04 05:47:01,119.5330866,50.8630616
Car-1,2008-10-04 05:47:03,119.5330566,50.8630399
Car-1,2008-10-04 05:47:07,119.532935,50.8629066
Car-1,2008-10-04 05:47:11,119.5327583,50.8626933
Car-1,2008-10-04 05:47:17,119.5323566,50.8622649
Car-1,2008-10-04 05:47:23,119.5318233,50.8617783
Car-1,2008-10-04 05:47:29,119.5312833,50.8612416
Car-1,2008-10-04 05:47:35,119.5307833,50.8607033
Car-1,2008-10-04 05:47:41,119.530155,50.8601049
Car-1,2008-10-04 05:47:47,119.52947,50.859455
Car-1,2008-10-04 05:47:53,119.5287866,50.8588083
Car-1,2008-10-04 05:47:59,119.5281516,50.8581133
Car-1,2008-10-04 05:48:05,119.5274933,50.8574233
Car-1,2008-10-04 05:48:11,119.5269349,50.8567449
Car-1,2008-10-04 05:48:17,119.5263233,50.8560599
Car-1,2008-10-04 05:48:23,119.5257599,50.8554299
Car-1,2008-10-04 05:48:29,119.5252233,50.8548949
Car-1,2008-10-04 05:48:35,119.5247666,50.8545133
Car-1,2008-10-04 05:48:41,119.5246216,50.8543216
Car-1,2008-10-04 05:48:45,119.5246366,50.8542249
Car-1,2008-10-04 05:48:49,119.5245916,50.8541099
Car-1,2008-10-04 05:48:53,119.524515,50.8540249
Car-1,2008-10-04 05:48:57,119.5243499,50.8540133
Car-1,2008-10-04 05:49:01,119.5241949,50.853935
Car-1,2008-10-04 05:49:05,119.5239883,50.8537749
Car-1,2008-10-04 05:49:09,119.523715,50.8535316
Car-1,2008-10-04 05:49:15,119.5231683,50.8530449
Car-1,2008-10-04 05:49:21,119.5225533,50.8525133
Car-1,2008-10-04 05:49:27,119.5219199,50.8519549
Car-1,2008-10-04 05:49:33,119.5211549,50.8513316
Car-1,2008-10-04 05:49:39,119.5202533,50.8506433
Car-1,2008-10-04 05:49:45,119.5193666,50.8499433
Car-1,2008-10-04 05:49:51,119.5185633,50.84927
Car-1,2008-10-04 05:49:57,119.5180516,50.848635
Car-1,2008-10-04 05:50:03,119.5177216,50.848065
Car-1,2008-10-04 05:50:09,119.51717,50.8475066
Car-1,2008-10-04 05:50:15,119.5165066,50.8469316
Car-1,2008-10-04 05:50:21,119.5158633,50.8462966
Car-1,2008-10-04 05:50:27,119.5153799,50.8455633
Car-1,2008-10-04 05:50:33,119.5149666,50.8448866
Car-1,2008-10-04 05:50:39,119.5145483,50.84417
Car-1,2008-10-04 05:50:45,119.5141049,50.8434516
Car-1,2008-10-04 05:50:51,119.5136666,50.8427133
Car-1,2008-10-04 05:50:57,119.51324,50.8419833
Car-1,2008-10-04 05:51:03,119.5127933,50.8412366
Car-1,2008-10-04 05:51:09,119.5123316,50.8404583
Car-1,2008-10-04 05:51:15,119.5118733,50.8396766
Car-1,2008-10-04 05:51:21,119.5114083,50.838885
Car-1,2008-10-04 05:51:27,119.5109033,50.8380899
Car-1,2008-10-04 05:51:33,119.51043,50.8372949
Car-1,2008-10-04 05:51:39,119.5099433,50.8364949
Car-1,2008-10-04 05:51:45,119.50948,50.8357033
Car-1,2008-10-04 05:51:51,119.5090116,50.8349083
Car-1,2008-10-04 05:51:57,119.50858,50.83416
Car-1,2008-10-04 05:52:03,119.5081566,50.8334249
Car-1,2008-10-04 05:52:09,119.50779,50.8327466
Car-1,2008-10-04 05:52:15,119.5073666,50.83203
Car-1,2008-10-04 05:52:21,119.507005,50.8314066
Car-1,2008-10-04 05:52:27,119.5067516,50.8308899
Car-1,2008-10-04 05:52:33,119.5066299,50.8302749
Car-1,2008-10-04 05:52:39,119.50666,50.8296066
Car-1,2008-10-04 05:52:45,119.5067866,50.8289883
Car-1,2008-10-04 05:52:51,119.5068783,50.828345
Car-1,2008-10-04 05:52:57,119.5069583,50.8277133
Car-1,2008-10-04 05:53:03,119.5070033,50.8272116
Car-1,2008-10-04 05:53:09,119.5070349,50.8267133
Car-1,2008-10-04 05:53:15,119.5071083,50.8263316
Car-1,2008-10-04 05:53:19,119.5071499,50.8261883
Car-1,2008-10-04 05:53:23,119.5072783,50.8259416
Car-1,2008-10-04 05:53:29,119.5074766,50.8254666
Car-1,2008-10-04 05:53:35,119.5077783,50.8249016
Car-1,2008-10-04 05:53:41,119.5080516,50.8243083
Car-1,2008-10-04 05:53:47,119.508365,50.8237166
Car-1,2008-10-04 05:53:53,119.508615,50.8231016
Car-1,2008-10-04 05:53:59,119.50887,50.8225316
Car-1,2008-10-04 05:54:05,119.5091399,50.8219683
Car-1,2008-10-04 05:54:11,119.5094033,50.8214749
Car-1,2008-10-04 05:54:17,119.5095183,50.8212283
Car-1,2008-10-04 05:54:19,119.5095516,50.8212216
Car-1,2008-10-04 05:54:21,119.5095533,50.8211982
Car-1,2008-10-04 05:54:23,119.5095433,50.8212116
Car-1,2008-10-04 05:54:25,119.509515,50.8211933
Car-1,2008-10-04 05:54:27,119.5095266,50.8211783
Car-1,2008-10-04 05:54:29,119.5095333,50.8211649
Car-1,2008-10-04 05:54:36,119.5095333,50.8211616
Car-1,2008-10-04 05:54:38,119.50954,50.8211533
Car-1,2008-10-04 05:54:40,119.5095449,50.8211383
Car-1,2008-10-04 05:54:42,119.5095516,50.8211233
Car-1,2008-10-04 05:54:44,119.5095633,50.8211099
Car-1,2008-10-04 05:55:02,119.50957,50.8210983
Car-1,2008-10-04 05:55:08,119.50957,50.8210983
Car-1,2008-10-04 05:55:10,119.5095766,50.8211033
Car-1,2008-10-04 05:55:12,119.5095783,50.8211266
Car-1,2008-10-04 05:55:14,119.5095533,50.8211649
Car-1,2008-10-04 05:55:18,119.5095183,50.8212216
Car-1,2008-10-04 05:55:20,119.5095233,50.8212049
Car-1,2008-10-04 05:55:22,119.509505,50.8212133
Car-1,2008-10-04 05:55:24,119.509535,50.8212166
Car-1,2008-10-04 05:55:26,119.5095583,50.8212166
Car-1,2008-10-04 05:55:28,119.5095733,50.8212133
Car-1,2008-10-04 05:55:30,119.5095633,50.8212099
Car-1,2008-10-04 05:55:32,119.5095483,50.8212099
Car-1,2008-10-04 05:55:37,119.5095616,50.821215
Car-1,2008-10-04 05:55:39,119.5095683,50.8212049
Car-1,2008-10-04 05:55:41,119.509575,50.8211966
Car-1,2008-10-04 05:55:43,119.50961,50.8211616
Car-1,2008-10-04 05:55:47,119.5096816,50.8210616
Car-1,2008-10-04 05:55:51,119.5097166,50.8209099
Car-1,2008-10-04 05:55:55,119.509795,50.8207033
Car-1,2008-10-04 05:55:59,119.5099083,50.8205099
Car-1,2008-10-04 05:56:03,119.51004,50.8202866
Car-1,2008-10-04 05:56:07,119.51018,50.8200183
Car-1,2008-10-04 05:56:13,119.5103849,50.8195416
Car-1,2008-10-04 05:56:19,119.5105916,50.8190799
Car-1,2008-10-04 05:56:25,119.5107916,50.818595
Car-1,2008-10-04 05:56:31,119.510965,50.8181766
Car-1,2008-10-04 05:56:37,119.5111983,50.8177083
Car-1,2008-10-04 05:56:43,119.5114666,50.8172583
Car-1,2008-10-04 05:56:49,119.5117083,50.8168466
Car-1,2008-10-04 05:56:55,119.5119549,50.8164983
Car-1,2008-10-04 05:56:59,119.5119483,50.8164733
Car-1,2008-10-04 05:57:01,119.5119366,50.8164916
Car-1,2008-10-04 05:57:07,119.511925,50.8165233
Car-1,2008-10-04 05:57:09,119.5119133,50.8165249
Car-1,2008-10-04 05:57:11,119.5119083,50.8165216
Car-1,2008-10-04 05:57:13,119.51191,50.8165366
Car-1,2008-10-04 05:57:15,119.5118766,50.8165383
Car-1,2008-10-04 05:57:28,119.5118566,50.8165416
Car-1,2008-10-04 05:57:30,119.5118766,50.8165499
Car-1,2008-10-04 05:57:32,119.5118933,50.8165533
Car-1,2008-10-04 05:57:34,119.5118983,50.8165549
Car-1,2008-10-04 05:57:36,119.5118999,50.8165516
Car-1,2008-10-04 05:57:38,119.5118999,50.8165499
Car-1,2008-10-04 05:57:40,119.511895,50.8165466
Car-1,2008-10-04 05:57:42,119.5118999,50.8165483
Car-1,2008-10-04 05:57:44,119.5119049,50.8165466
Car-1,2008-10-04 05:57:46,119.5118849,50.8165433
Car-1,2008-10-04 05:57:48,119.5118433,50.816545
Car-1,2008-10-04 05:57:51,119.5118283,50.8165316
Car-1,2008-10-04 05:57:53,119.5118266,50.8165299
Car-1,2008-10-04 05:57:55,119.5118366,50.8165299
Car-1,2008-10-04 05:57:57,119.511855,50.8165283
Car-1,2008-10-04 05:57:59,119.5118716,50.8165099
Car-1,2008-10-04 05:58:01,119.5119116,50.8164766
Car-1,2008-10-04 05:58:05,119.5119833,50.8163866
Car-1,2008-10-04 05:58:09,119.5120316,50.8162516
Car-1,2008-10-04 05:58:10,119.5120433,50.816225
Car-1,2008-10-04 05:58:11,119.5120583,50.8161916
Car-1,2008-10-04 05:58:15,119.5120983,50.8160583
Car-1,2008-10-04 05:58:19,119.5121533,50.8159099
Car-1,2008-10-04 05:58:23,119.5122083,50.81575
Car-1,2008-10-04 05:58:28,119.5123433,50.8155149
Car-1,2008-10-04 05:58:32,119.5124566,50.8152566
Car-1,2008-10-04 05:58:36,119.5125516,50.815005
Car-1,2008-10-04 05:58:40,119.51268,50.8147499
Car-1,2008-10-04 05:58:46,119.5128333,50.8143549
Car-1,2008-10-04 05:58:52,119.5130066,50.81398
Car-1,2008-10-04 05:58:56,119.5131483,50.8137383
Car-1,2008-10-04 05:59:02,119.5133466,50.8133416
Car-1,2008-10-04 05:59:06,119.5134749,50.8130966
Car-1,2008-10-04 05:59:12,119.513635,50.8127466
Car-1,2008-10-04 05:59:16,119.5137349,50.8125283
Car-1,2008-10-04 05:59:20,119.5137933,50.8123333
Car-1,2008-10-04 05:59:24,119.5138683,50.81223
Car-1,2008-10-04 05:59:28,119.5139483,50.812105
Car-1,2008-10-04 05:59:32,119.51399,50.8120249
Car-1,2008-10-04 05:59:36,119.5139833,50.81199
Car-1,2008-10-04 05:59:40,119.5139333,50.811965
Car-1,2008-10-04 05:59:42,119.5139516,50.8119466
Car-1,2008-10-04 05:59:44,119.5139483,50.811935
Car-1,2008-10-04 05:59:48,119.5138766,50.8119033
Car-1,2008-10-04 05:59:50,119.5139116,50.8118966
Car-1,2008-10-04 05:59:52,119.5139033,50.8118866
Car-1,2008-10-04 06:00:16,119.5139,50.8118783
Car-1,2008-10-04 06:00:32,119.5139,50.8118783
Car-1,2008-10-04 06:00:34,119.513905,50.8118816
Car-1,2008-10-04 06:00:36,119.5138833,50.8118766
Car-1,2008-10-04 06:00:38,119.5139266,50.8118916
Car-1,2008-10-04 06:00:40,119.51394,50.8118999
Car-1,2008-10-04 06:00:42,119.5139483,50.8118999
Car-1,2008-10-04 06:00:44,119.5139216,50.811895
Car-1,2008-10-04 06:00:46,119.5138666,50.8118999
Car-1,2008-10-04 06:00:48,119.5138883,50.8119133
Car-1,2008-10-04 06:00:54,119.5139316,50.8119216
Car-1,2008-10-04 06:00:56,119.5139383,50.8119283
Car-1,2008-10-04 06:00:58,119.513935,50.811925
Car-1,2008-10-04 06:01:01,119.5139516,50.8119299
Car-1,2008-10-04 06:01:03,119.5139483,50.8119166
Car-1,2008-10-04 06:01:05,119.5139416,50.8119183
Car-1,2008-10-04 06:01:07,119.5139416,50.8119166
Car-1,2008-10-04 06:01:09,119.5139449,50.8119149
Car-1,2008-10-04 06:01:16,119.5139633,50.8119183
Car-1,2008-10-04 06:01:18,119.5139833,50.8118816
Car-1,2008-10-04 06:01:22,119.5140633,50.8117666
Car-1,2008-10-04 06:01:26,119.5141399,50.8116216
Car-1,2008-10-04 06:01:30,119.5142266,50.8114716
Car-1,2008-10-04 06:01:34,119.5143333,50.8112949
Car-1,2008-10-04 06:01:38,119.514445,50.8110849
Car-1,2008-10-04 06:01:42,119.5145549,50.8108499
Car-1,2008-10-04 06:01:46,119.5146683,50.8105883
Car-1,2008-10-04 06:01:53,119.51486,50.8100966
Car-1,2008-10-04 06:02:00,119.5150133,50.80968
Car-1,2008-10-04 06:02:04,119.515085,50.8094816
Car-1,2008-10-04 06:02:08,119.5151833,50.8092383
Car-1,2008-10-04 06:02:14,119.5153616,50.8087783
Car-1,2008-10-04 06:02:20,119.5155433,50.8083016
Car-1,2008-10-04 06:02:26,119.5157883,50.8077816
Car-1,2008-10-04 06:02:32,119.5159916,50.8073299
Car-1,2008-10-04 06:02:38,119.516175,50.8068983
Car-1,2008-10-04 06:02:44,119.5163716,50.8064049
Car-1,2008-10-04 06:02:50,119.5166299,50.8058566
Car-1,2008-10-04 06:02:56,119.5168616,50.8053149
Car-1,2008-10-04 06:03:02,119.51711,50.80476
Car-1,2008-10-04 06:03:08,119.5173916,50.8041566
Car-1,2008-10-04 06:03:14,119.5176366,50.8036
Car-1,2008-10-04 06:03:20,119.517795,50.8031999
Car-1,2008-10-04 06:03:24,119.5178766,50.8030216
Car-1,2008-10-04 06:03:28,119.5179716,50.8028233
Car-1,2008-10-04 06:03:32,119.5180649,50.8026283
Car-1,2008-10-04 06:03:36,119.5181766,50.8024116
Car-1,2008-10-04 06:03:40,119.51828,50.8021682
Car-1,2008-10-04 06:03:46,119.5185216,50.8017116
Car-1,2008-10-04 06:03:52,119.5187383,50.8012616
Car-1,2008-10-04 06:03:58,119.5188916,50.8008333
Car-1,2008-10-04 06:04:04,119.5190383,50.8004216
Car-1,2008-10-04 06:04:10,119.519195,50.8000166
Car-1,2008-10-04 06:04:16,119.5193666,50.7995866
Car-1,2008-10-04 06:04:22,119.5195616,50.79913
Car-1,2008-10-04 06:04:28,119.5197899,50.7986566
Car-1,2008-10-04 06:04:34,119.5199866,50.7982249
Car-1,2008-10-04 06:04:40,119.5201183,50.7978516
Car-1,2008-10-04 06:04:44,119.5201749,50.797645
Car-1,2008-10-04 06:04:48,119.520225,50.7974366
Car-1,2008-10-04 06:04:52,119.5202833,50.79718
Car-1,2008-10-04 06:04:58,119.5203849,50.7967633
Car-1,2008-10-04 06:05:02,119.5204866,50.7965749
Car-1,2008-10-04 06:05:06,119.5206849,50.7964599
Car-1,2008-10-04 06:05:10,119.520845,50.7963016
Car-1,2008-10-04 06:05:14,119.5209383,50.7961099
Car-1,2008-10-04 06:05:18,119.5209916,50.7959266
Car-1,2008-10-04 06:05:22,119.5209916,50.7957883
Car-1,2008-10-04 06:05:26,119.521075,50.795665
Car-1,2008-10-04 06:05:30,119.5211616,50.7955099
Car-1,2008-10-04 06:05:34,119.52115,50.7953399
Car-1,2008-10-04 06:05:38,119.5211633,50.7951549
Car-1,2008-10-04 06:05:42,119.5211749,50.7949366
Car-1,2008-10-04 06:05:46,119.5212083,50.794715
Car-1,2008-10-04 06:05:50,119.5212116,50.7945149
Car-1,2008-10-04 06:05:54,119.52123,50.794335
Car-1,2008-10-04 06:05:58,119.5212033,50.7941299
Car-1,2008-10-04 06:06:02,119.52122,50.7938916
Car-1,2008-10-04 06:06:06,119.5211966,50.7937149
Car-1,2008-10-04 06:06:10,119.5211516,50.793635
Car-1,2008-10-04 06:06:14,119.5211049,50.79351
Car-1,2008-10-04 06:06:18,119.5211283,50.7933449
Car-1,2008-10-04 06:06:22,119.5211916,50.7931316
Car-1,2008-10-04 06:06:26,119.5212449,50.7929566
Car-1,2008-10-04 06:06:30,119.5213016,50.7927833
Car-1,2008-10-04 06:06:34,119.5213716,50.7926066
Car-1,2008-10-04 06:06:38,119.521405,50.7924066
Car-1,2008-10-04 06:06:42,119.5214233,50.7922882
Car-1,2008-10-04 06:06:46,119.5214433,50.7921383
Car-1,2008-10-04 06:06:50,119.5214566,50.7920416
Car-1,2008-10-04 06:07:15,119.5214466,50.79201
Car-1,2008-10-04 06:07:17,119.5214583,50.7919766
Car-1,2008-10-04 06:07:21,119.5215049,50.7918449
Car-1,2008-10-04 06:07:25,119.521565,50.7916283
Car-1,2008-10-04 06:07:29,119.5216133,50.7914083
Car-1,2008-10-04 06:07:33,119.5216633,50.7912683
Car-1,2008-10-04 06:07:37,119.5216883,50.791125
Car-1,2008-10-04 06:07:41,119.52172,50.7909466
Car-1,2008-10-04 06:07:45,119.5217633,50.7907666
Car-1,2008-10-04 06:07:49,119.5217966,50.7905883
Car-1,2008-10-04 06:07:53,119.5218399,50.7904
Car-1,2008-10-04 06:07:57,119.5218766,50.7902549
Car-1,2008-10-04 06:08:01,119.5219083,50.790105
Car-1,2008-10-04 06:08:05,119.5219616,50.7899183
Car-1,2008-10-04 06:08:09,119.5220016,50.7897466
Car-1,2008-10-04 06:08:13,119.5220283,50.7895883
Car-1,2008-10-04 06:08:17,119.5220683,50.7894133
Car-1,2008-10-04 06:08:21,119.52211,50.7892449
Car-1,2008-10-04 06:08:25,119.5221733,50.789055
Car-1,2008-10-04 06:08:29,119.5222399,50.7888799
Car-1,2008-10-04 06:08:33,119.5222783,50.7886933
Car-1,2008-10-04 06:08:37,119.5222816,50.7884916
Car-1,2008-10-04 06:08:41,119.5223049,50.7882733
Car-1,2008-10-04 06:08:45,119.5223216,50.7880966
Car-1,2008-10-04 06:08:49,119.5223466,50.7879499
Car-1,2008-10-04 06:08:57,119.5223383,50.7879033
Car-1,2008-10-04 06:08:58,119.5223383,50.7879033
Car-1,2008-10-04 06:09:00,119.522335,50.787905
Car-1,2008-10-04 06:10:00,119.5223099,50.7879133
Car-1,2008-10-04 06:10:30,119.5223099,50.7879133
Car-1,2008-10-04 06:10:32,119.5223099,50.7879116
Car-1,2008-10-04 06:10:34,119.5223183,50.7878783
Car-1,2008-10-04 06:10:38,119.5223633,50.78778
Car-1,2008-10-04 06:10:42,119.5224183,50.7876516
Car-1,2008-10-04 06:10:46,119.52246,50.7875133
Car-1,2008-10-04 06:10:50,119.5225066,50.7873633
Car-1,2008-10-04 06:10:54,119.5225533,50.787215
Car-1,2008-10-04 06:10:58,119.5225566,50.7870816
Car-1,2008-10-04 06:11:02,119.5225016,50.7869666
Car-1,2008-10-04 06:11:06,119.52251,50.7868266
Car-1,2008-10-04 06:11:10,119.5225516,50.7867049
Car-1,2008-10-04 06:11:14,119.5225849,50.7865983
Car-1,2008-10-04 06:11:18,119.5225816,50.7865
Car-1,2008-10-04 06:11:22,119.5225916,50.7863583
Car-1,2008-10-04 06:11:26,119.5226249,50.7862016
Car-1,2008-10-04 06:11:30,119.5226666,50.7860299
Car-1,2008-10-04 06:11:34,119.52272,50.7858566
Car-1,2008-10-04 06:11:38,119.5227649,50.7856833
Car-1,2008-10-04 06:11:42,119.52284,50.7854916
Car-1,2008-10-04 06:11:46,119.5229349,50.7852866
Car-1,2008-10-04 06:11:50,119.5230316,50.7850949
Car-1,2008-10-04 06:11:54,119.523085,50.7849366
Car-1,2008-10-04 06:11:58,119.5230866,50.7847966
Car-1,2008-10-04 06:12:02,119.5230933,50.7846583
Car-1,2008-10-04 06:12:06,119.5230899,50.7845233
Car-1,2008-10-04 06:12:10,119.5231566,50.7843883
Car-1,2008-10-04 06:12:14,119.5232433,50.7842833
Car-1,2008-10-04 06:12:18,119.5233216,50.7841933
Car-1,2008-10-04 06:12:22,119.523365,50.7840999
Car-1,2008-10-04 06:12:26,119.5233716,50.7839782
Car-1,2008-10-04 06:12:30,119.5233383,50.7838616
Car-1,2008-10-04 06:12:34,119.5233333,50.7837682
Car-1,2008-10-04 06:12:38,119.5233866,50.783655
Car-1,2008-10-04 06:12:42,119.5235616,50.7835066
Car-1,2008-10-04 06:12:46,119.5237333,50.7833216
Car-1,2008-10-04 06:12:50,119.5239299,50.7831449
Car-1,2008-10-04 06:12:54,119.5241133,50.7830016
Car-1,2008-10-04 06:12:58,119.52425,50.7828133
Car-1,2008-10-04 06:13:02,119.5243116,50.78258
Car-1,2008-10-04 06:13:06,119.5244199,50.7823466
Car-1,2008-10-04 06:13:12,119.52462,50.7819249
Car-1,2008-10-04 06:13:18,119.5248066,50.781455
Car-1,2008-10-04 06:13:24,119.5249866,50.7809683
Car-1,2008-10-04 06:13:30,119.5251199,50.7805833
Car-1,2008-10-04 06:13:34,119.5251966,50.7804266
Car-1,2008-10-04 06:13:38,119.5252616,50.7802449
Car-1,2008-10-04 06:13:42,119.5253599,50.7799816
Car-1,2008-10-04 06:13:48,119.5255566,50.7795116
Car-1,2008-10-04 06:13:54,119.5257633,50.7790166
Car-1,2008-10-04 06:14:00,119.525965,50.7785249
Car-1,2008-10-04 06:14:06,119.5261416,50.7780483
Car-1,2008-10-04 06:14:12,119.5263716,50.7775033
Car-1,2008-10-04 06:14:18,119.5266133,50.77693
Car-1,2008-10-04 06:14:24,119.5268416,50.776415
Car-1,2008-10-04 06:14:30,119.5269633,50.7760433
Car-1,2008-10-04 06:14:34,119.5269983,50.7758916
Car-1,2008-10-04 06:14:38,119.5270766,50.7756649
Car-1,2008-10-04 06:14:44,119.5272616,50.7751699
Car-1,2008-10-04 06:14:50,119.5274533,50.7746433
Car-1,2008-10-04 06:14:56,119.527655,50.7741166
Car-1,2008-10-04 06:15:02,119.5278633,50.77357
Car-1,2008-10-04 06:15:08,119.5280916,50.7730399
Car-1,2008-10-04 06:15:14,119.5282683,50.7725516
Car-1,2008-10-04 06:15:20,119.5282733,50.7720683
Car-1,2008-10-04 06:15:26,119.5280616,50.7715699
Car-1,2008-10-04 06:15:32,119.5278,50.7710866
Car-1,2008-10-04 06:15:38,119.5276033,50.77057
Car-1,2008-10-04 06:15:44,119.5273616,50.7700399
Car-1,2008-10-04 06:15:50,119.5271033,50.7694999
Car-1,2008-10-04 06:15:56,119.5268366,50.7689349
Car-1,2008-10-04 06:16:02,119.5265649,50.76834
Car-1,2008-10-04 06:16:08,119.5262933,50.76778
Car-1,2008-10-04 06:16:14,119.5260016,50.7671766
Car-1,2008-10-04 06:16:20,119.5257449,50.7665483
Car-1,2008-10-04 06:16:26,119.525475,50.7659399
Car-1,2008-10-04 06:16:32,119.5251966,50.7653566
Car-1,2008-10-04 06:16:38,119.5249516,50.7648149
Car-1,2008-10-04 06:16:44,119.5246233,50.764275
Car-1,2008-10-04 06:16:50,119.5241249,50.7638083
Car-1,2008-10-04 06:16:56,119.5236266,50.7634466
Car-1,2008-10-04 06:17:02,119.5232383,50.7631249
Car-1,2008-10-04 06:17:08,119.5228233,50.7628016
Car-1,2008-10-04 06:17:14,119.5224433,50.7624916
Car-1,2008-10-04 06:17:20,119.5220766,50.7622116
Car-1,2008-10-04 06:17:24,119.5219266,50.7621099
Car-1,2008-10-04 06:17:28,119.5217866,50.7619966
Car-1,2008-10-04 06:17:32,119.5216166,50.7618616
Car-1,2008-10-04 06:17:36,119.5214533,50.7617283
Car-1,2008-10-04 06:17:40,119.5212383,50.7615649
Car-1,2008-10-04 06:17:44,119.5209583,50.7613633
Car-1,2008-10-04 06:17:48,119.5207049,50.761165
Car-1,2008-10-04 06:17:52,119.5204699,50.7609583
Car-1,2008-10-04 06:17:56,119.5201949,50.7607416
Car-1,2008-10-04 06:18:02,119.5198183,50.7604549
Car-1,2008-10-04 06:18:06,119.5196966,50.7603416
Car-1,2008-10-04 06:18:10,119.5195699,50.76024
Car-1,2008-10-04 06:18:14,119.5194,50.7601383
Car-1,2008-10-04 06:18:18,119.5192266,50.7599999
Car-1,2008-10-04 06:18:22,119.5190166,50.7598316
Car-1,2008-10-04 06:18:26,119.5187866,50.759655
Car-1,2008-10-04 06:18:30,119.518565,50.7594983
Car-1,2008-10-04 06:18:34,119.5183649,50.7593683
Car-1,2008-10-04 06:19:23,119.5183216,50.7593416
Car-1,2008-10-04 06:19:25,119.51828,50.7593066
Car-1,2008-10-04 06:19:29,119.5181566,50.7591816
Car-1,2008-10-04 06:19:33,119.5179383,50.7590133
Car-1,2008-10-04 06:19:39,119.5175,50.7586683
Car-1,2008-10-04 06:19:45,119.5169783,50.7582749
Car-1,2008-10-04 06:19:51,119.51657,50.7579916
Car-1,2008-10-04 06:19:55,119.5163549,50.7578216
Car-1,2008-10-04 06:19:59,119.5160916,50.7576016
Car-1,2008-10-04 06:20:05,119.515615,50.7572283
Car-1,2008-10-04 06:20:11,119.5150583,50.75678
Car-1,2008-10-04 06:20:17,119.5144433,50.7562949
Car-1,2008-10-04 06:20:23,119.5138116,50.7558
Car-1,2008-10-04 06:20:29,119.5132099,50.7553466
Car-1,2008-10-04 06:20:35,119.5126333,50.7548966
Car-1,2008-10-04 06:20:41,119.51207,50.7544382
Car-1,2008-10-04 06:20:47,119.5114633,50.7539799
Car-1,2008-10-04 06:20:53,119.5109616,50.7535749
Car-1,2008-10-04 06:20:59,119.5106066,50.7531632
Car-1,2008-10-04 06:21:05,119.510795,50.752745
Car-1,2008-10-04 06:21:11,119.5112466,50.75245
Car-1,2008-10-04 06:21:17,119.5117733,50.7521799
Car-1,2008-10-04 06:21:23,119.512295,50.7519033
Car-1,2008-10-04 06:21:29,119.5128266,50.7515999
Car-1,2008-10-04 06:21:35,119.51338,50.751275
Car-1,2008-10-04 06:21:41,119.5139366,50.7509733
Car-1,2008-10-04 06:21:47,119.5144533,50.750685
Car-1,2008-10-04 06:21:53,119.5150133,50.7503549
Car-1,2008-10-04 06:21:59,119.5155649,50.7501016
Car-1,2008-10-04 06:22:03,119.5158516,50.7499682
Car-1,2008-10-04 06:22:07,119.5160616,50.7498832
Car-1,2008-10-04 06:22:11,119.5163116,50.7498
Car-1,2008-10-04 06:22:15,119.5166983,50.7497099
Car-1,2008-10-04 06:22:21,119.5173216,50.7495549
Car-1,2008-10-04 06:22:27,119.5179266,50.7494049
Car-1,2008-10-04 06:22:33,119.5184833,50.7492649
Car-1,2008-10-04 06:22:37,119.5188349,50.7491733
Car-1,2008-10-04 06:22:41,119.51924,50.7490566
Car-1,2008-10-04 06:22:47,119.5198033,50.7488799
Car-1,2008-10-04 06:22:51,119.5201833,50.7487833
Car-1,2008-10-04 06:22:57,119.5207016,50.7486383
Car-1,2008-10-04 06:23:01,119.52097,50.7485683
Car-1,2008-10-04 06:23:05,119.5211316,50.7485266
Car-1,2008-10-04 06:23:09,119.5212283,50.7484866
Car-1,2008-10-04 06:23:13,119.5212883,50.7484666
Car-1,2008-10-04 06:24:18,119.5212883,50.7484666
Car-1,2008-10-04 06:24:20,119.5212949,50.7484633
Car-1,2008-10-04 06:24:22,119.521325,50.7484649
Car-1,2008-10-04 06:24:24,119.5213883,50.7484649
Car-1,2008-10-04 06:24:28,119.5215966,50.7484183
Car-1,2008-10-04 06:24:32,119.521875,50.7483466
Car-1,2008-10-04 06:24:36,119.5221783,50.7482799
Car-1,2008-10-04 06:24:40,119.52246,50.7482116
Car-1,2008-10-04 06:24:44,119.5227399,50.748135
Car-1,2008-10-04 06:24:48,119.523015,50.7480416
Car-1,2008-10-04 06:24:52,119.5232683,50.7479583
Car-1,2008-10-04 06:24:56,119.5234433,50.7479016
Car-1,2008-10-04 06:25:00,119.5235766,50.7478733
Car-1,2008-10-04 06:25:04,119.5236866,50.7478699
Car-1,2008-10-04 06:30:06,119.5234766,50.7480816
Car-1,2008-10-04 06:30:10,119.52347,50.7481083
Car-1,2008-10-04 06:30:12,119.5234599,50.7481166
Car-1,2008-10-04 06:30:14,119.5234749,50.7481133
Car-1,2008-10-04 06:30:16,119.5235099,50.7480883
Car-1,2008-10-04 06:30:18,119.5234966,50.7480949
Car-1,2008-10-04 06:30:21,119.5234866,50.7480999
Car-1,2008-10-04 06:30:24,119.5234733,50.7481116
Car-1,2008-10-04 06:30:26,119.5234799,50.7481133
Car-1,2008-10-04 06:30:28,119.5234816,50.7481266
Car-1,2008-10-04 06:30:30,119.5234833,50.7481383
Car-1,2008-10-04 06:30:32,119.523485,50.7481516
Car-1,2008-10-04 06:30:34,119.5234633,50.74815
Car-1,2008-10-04 06:30:36,119.5234433,50.7481466
Car-1,2008-10-04 06:30:38,119.5234799,50.7481166
