agent_id,time,lng,lat
Car-1,2008-10-01 22:48:37,116.365292,40.000604
Car-1,2008-10-01 22:48:42,116.365449,40.000674
Car-1,2008-10-01 22:48:47,116.365356,40.00062
Car-1,2008-10-01 22:48:52,116.36532,40.000617
Car-1,2008-10-01 22:48:57,116.364283,40.00025
Car-1,2008-10-01 22:49:02,116.364298,40.000233
Car-1,2008-10-01 22:49:07,116.364307,40.000216
Car-1,2008-10-01 22:49:12,116.364312,40.000202
Car-1,2008-10-01 22:49:17,116.364323,40.000207
Car-1,2008-10-01 22:49:22,116.364325,40.000208
Car-1,2008-10-01 22:49:27,116.364325,40.000209
Car-1,2008-10-01 22:49:32,116.364328,40.000212
Car-1,2008-10-01 22:49:37,116.364326,40.000209
Car-1,2008-10-01 22:49:42,116.364325,40.000208
Car-1,2008-10-01 22:49:45,116.364325,40.000208
Car-1,2008-10-01 22:49:47,116.364321,40.0002
Car-1,2008-10-01 22:49:52,116.364174,40.000211
Car-1,2008-10-01 22:49:57,116.363847,40.00022
Car-1,2008-10-01 22:50:02,116.363395,40.000228
Car-1,2008-10-01 22:50:07,116.36275,40.000168
Car-1,2008-10-01 22:50:12,116.362115,40.000143
Car-1,2008-10-01 22:50:17,116.361437,40.000115
Car-1,2008-10-01 22:50:22,116.360809,40.000097
Car-1,2008-10-01 22:50:27,116.360317,40.000088
Car-1,2008-10-01 22:50:32,116.359967,40.000064
Car-1,2008-10-01 22:50:37,116.359797,40.000082
Car-1,2008-10-01 22:50:42,116.359652,40.000074
Car-1,2008-10-01 22:50:47,116.359489,40.000063
Car-1,2008-10-01 22:50:52,116.35932,40.000053
Car-1,2008-10-01 22:50:57,116.359014,40.000049
Car-1,2008-10-01 22:51:02,116.358714,40.000003
Car-1,2008-10-01 22:51:07,116.358457,39.999826
Car-1,2008-10-01 22:51:12,116.358418,39.999529
Car-1,2008-10-01 22:51:17,116.358474,39.999214
Car-1,2008-10-01 22:51:22,116.358507,39.998954
Car-1,2008-10-01 22:51:27,116.358528,39.998757
Car-1,2008-10-01 22:51:32,116.358484,39.998518
Car-1,2008-10-01 22:51:37,116.358482,39.998262
Car-1,2008-10-01 22:51:42,116.35846,39.998202
Car-1,2008-10-01 22:51:47,116.358459,39.998199
Car-1,2008-10-01 22:51:50,116.358459,39.998199
Car-1,2008-10-01 22:51:52,116.358458,39.998193
Car-1,2008-10-01 22:51:57,116.358454,39.998178
Car-1,2008-10-01 22:52:02,116.358453,39.998085
Car-1,2008-10-01 22:52:07,116.358429,39.99781
Car-1,2008-10-01 22:52:12,116.35844,39.997388
Car-1,2008-10-01 22:52:17,116.358536,39.996903
Car-1,2008-10-01 22:52:22,116.358614,39.996485
Car-1,2008-10-01 22:52:27,116.358651,39.995811
Car-1,2008-10-01 22:52:32,116.358672,39.995355
Car-1,2008-10-01 22:52:37,116.358686,39.994934
Car-1,2008-10-01 22:52:42,116.358687,39.994653
Car-1,2008-10-01 22:52:47,116.358687,39.994552
Car-1,2008-10-01 22:52:52,116.358686,39.994543
Car-1,2008-10-01 22:52:55,116.358686,39.994543
Car-1,2008-10-01 22:52:57,116.358685,39.994549
Car-1,2008-10-01 22:53:02,116.358685,39.994559
Car-1,2008-10-01 22:53:05,116.358685,39.994559
Car-1,2008-10-01 22:53:07,116.358686,39.994553
Car-1,2008-10-01 22:53:12,116.358669,39.994382
Car-1,2008-10-01 22:53:17,116.358623,39.994185
Car-1,2008-10-01 22:53:22,116.35858,39.993945
Car-1,2008-10-01 22:53:27,116.358606,39.993858
Car-1,2008-10-01 22:53:32,116.358611,39.993837
Car-1,2008-10-01 22:53:37,116.358634,39.993594
Car-1,2008-10-01 22:53:42,116.358546,39.993224
Car-1,2008-10-01 22:53:47,116.358603,39.9929
Car-1,2008-10-01 22:53:52,116.358586,39.992724
Car-1,2008-10-01 22:53:57,116.358514,39.992512
Car-1,2008-10-01 22:54:02,116.358229,39.99247
Car-1,2008-10-01 22:54:07,116.357802,39.992405
Car-1,2008-10-01 22:54:12,116.357167,39.992382
Car-1,2008-10-01 22:54:17,116.356527,39.992328
Car-1,2008-10-01 22:54:22,116.355895,39.992276
Car-1,2008-10-01 22:54:27,116.355205,39.992286
Car-1,2008-10-01 22:54:32,116.35452,39.992244
Car-1,2008-10-01 22:54:37,116.353903,39.992191
Car-1,2008-10-01 22:54:42,116.353353,39.992185
Car-1,2008-10-01 22:54:47,116.353119,39.992171
Car-1,2008-10-01 22:54:52,116.353107,39.992215
Car-1,2008-10-01 22:54:57,116.353108,39.992211
Car-1,2008-10-01 22:55:00,116.353108,39.992211
Car-1,2008-10-01 22:55:02,116.353108,39.992213
Car-1,2008-10-01 22:55:07,116.352995,39.992181
Car-1,2008-10-01 22:55:12,116.352668,39.992174
Car-1,2008-10-01 22:55:17,116.352332,39.992165
Car-1,2008-10-01 22:55:22,116.352103,39.992172
Car-1,2008-10-01 22:55:27,116.352003,39.992199
Car-1,2008-10-01 22:55:30,116.352003,39.992199
Car-1,2008-10-01 22:55:32,116.351995,39.992191
Car-1,2008-10-01 22:55:37,116.351995,39.992181
Car-1,2008-10-01 22:55:40,116.351995,39.992181
Car-1,2008-10-01 22:55:42,116.351993,39.992178
Car-1,2008-10-01 22:55:47,116.351867,39.992225
Car-1,2008-10-01 22:55:52,116.351409,39.992205
Car-1,2008-10-01 22:55:57,116.350932,39.992198
Car-1,2008-10-01 22:56:02,116.350343,39.99217
Car-1,2008-10-01 22:56:07,116.349677,39.992124
Car-1,2008-10-01 22:56:12,116.349015,39.992077
Car-1,2008-10-01 22:56:17,116.348475,39.992066
Car-1,2008-10-01 22:56:22,116.348063,39.992055
Car-1,2008-10-01 22:56:27,116.347743,39.992027
Car-1,2008-10-01 22:56:32,116.347586,39.992007
Car-1,2008-10-01 22:56:37,116.347587,39.992019
Car-1,2008-10-01 22:56:42,116.347587,39.992026
Car-1,2008-10-01 22:56:45,116.347587,39.992026
Car-1,2008-10-01 22:56:47,116.347588,39.992022
Car-1,2008-10-01 22:56:52,116.347588,39.992045
Car-1,2008-10-01 22:56:57,116.347596,39.992074
Car-1,2008-10-01 22:57:02,116.347596,39.992088
Car-1,2008-10-01 22:57:05,116.347596,39.992088
Car-1,2008-10-01 22:57:07,116.347595,39.992089
Car-1,2008-10-01 22:57:12,116.34742,39.992098
Car-1,2008-10-01 22:57:17,116.347177,39.992035
Car-1,2008-10-01 22:57:22,116.34693,39.991852
Car-1,2008-10-01 22:57:27,116.346802,39.991532
Car-1,2008-10-01 22:57:32,116.346823,39.9911
Car-1,2008-10-01 22:57:37,116.34687,39.990637
Car-1,2008-10-01 22:57:42,116.346911,39.990164
Car-1,2008-10-01 22:57:47,116.34687,39.989758
Car-1,2008-10-01 22:57:52,116.346858,39.98943
Car-1,2008-10-01 22:57:57,116.346894,39.989417
Car-1,2008-10-01 22:58:02,116.346914,39.989418
Car-1,2008-10-01 22:58:07,116.346952,39.989417
Car-1,2008-10-01 22:58:12,116.346863,39.989279
Car-1,2008-10-01 22:58:17,116.34689,39.989003
Car-1,2008-10-01 22:58:22,116.346911,39.988628
Car-1,2008-10-01 22:58:27,116.346938,39.988156
Car-1,2008-10-01 22:58:32,116.346942,39.987647
Car-1,2008-10-01 22:58:37,116.346968,39.987174
Car-1,2008-10-01 22:58:42,116.347045,39.986718
Car-1,2008-10-01 22:58:47,116.347066,39.986335
Car-1,2008-10-01 22:58:52,116.347116,39.985976
Car-1,2008-10-01 22:58:57,116.347146,39.985646
Car-1,2008-10-01 22:59:02,116.347257,39.985249
Car-1,2008-10-01 22:59:07,116.347255,39.984804
Car-1,2008-10-01 22:59:12,116.347246,39.98433
Car-1,2008-10-01 22:59:17,116.347274,39.983888
Car-1,2008-10-01 22:59:22,116.347306,39.983473
Car-1,2008-10-01 22:59:27,116.347321,39.983059
Car-1,2008-10-01 22:59:32,116.347351,39.982699
Car-1,2008-10-01 22:59:37,116.347364,39.982451
Car-1,2008-10-01 22:59:42,116.34735,39.98236
Car-1,2008-10-01 22:59:47,116.347337,39.982338
Car-1,2008-10-01 22:59:52,116.347312,39.982236
Car-1,2008-10-01 22:59:57,116.34729,39.9821
Car-1,2008-10-01 23:00:02,116.34724,39.982037
Car-1,2008-10-01 23:00:07,116.34725,39.982021
Car-1,2008-10-01 23:00:12,116.347274,39.982001
Car-1,2008-10-01 23:00:17,116.347281,39.981906
Car-1,2008-10-01 23:00:22,116.347276,39.981783
Car-1,2008-10-01 23:00:27,116.347259,39.98163
Car-1,2008-10-01 23:00:32,116.347324,39.981608
Car-1,2008-10-01 23:00:35,116.347324,39.981608
Car-1,2008-10-01 23:00:37,116.347325,39.981604
Car-1,2008-10-01 23:00:42,116.347306,39.981582
Car-1,2008-10-01 23:00:47,116.347323,39.981499
Car-1,2008-10-01 23:00:52,116.347304,39.981487
Car-1,2008-10-01 23:00:57,116.347312,39.981457
Car-1,2008-10-01 23:01:02,116.347377,39.981221
Car-1,2008-10-01 23:01:07,116.347403,39.980953
Car-1,2008-10-01 23:01:12,116.347465,39.980603
Car-1,2008-10-01 23:01:17,116.347511,39.98024
Car-1,2008-10-01 23:01:22,116.347523,39.979865
Car-1,2008-10-01 23:01:27,116.347529,39.979482
Car-1,2008-10-01 23:01:32,116.347551,39.979118
Car-1,2008-10-01 23:01:37,116.347543,39.978682
Car-1,2008-10-01 23:01:42,116.347563,39.978251
Car-1,2008-10-01 23:01:47,116.347545,39.977815
Car-1,2008-10-01 23:01:52,116.347481,39.977225
Car-1,2008-10-01 23:01:57,116.347498,39.976768
Car-1,2008-10-01 23:02:02,116.347494,39.97629
Car-1,2008-10-01 23:02:07,116.347471,39.975848
Car-1,2008-10-01 23:02:12,116.347376,39.975529
Car-1,2008-10-01 23:02:17,116.347405,39.975488
Car-1,2008-10-01 23:02:22,116.347405,39.975499
Car-1,2008-10-01 23:02:27,116.347406,39.975503
Car-1,2008-10-01 23:02:32,116.347407,39.975506
Car-1,2008-10-01 23:02:37,116.347408,39.975512
Car-1,2008-10-01 23:02:42,116.347409,39.975517
Car-1,2008-10-01 23:02:45,116.347409,39.975517
Car-1,2008-10-01 23:02:47,116.34741,39.975525
Car-1,2008-10-01 23:02:52,116.347409,39.975534
Car-1,2008-10-01 23:02:57,116.347409,39.975535
Car-1,2008-10-01 23:03:02,116.347408,39.975539
Car-1,2008-10-01 23:03:07,116.347409,39.97554
Car-1,2008-10-01 23:03:12,116.34741,39.975541
Car-1,2008-10-01 23:03:17,116.347411,39.975547
Car-1,2008-10-01 23:03:22,116.347412,39.97555
Car-1,2008-10-01 23:03:25,116.347412,39.97555
Car-1,2008-10-01 23:03:27,116.347413,39.975551
Car-1,2008-10-01 23:03:32,116.347374,39.975447
Car-1,2008-10-01 23:03:37,116.347267,39.975177
Car-1,2008-10-01 23:03:42,116.347125,39.974867
Car-1,2008-10-01 23:03:47,116.346945,39.974493
Car-1,2008-10-01 23:03:52,116.346818,39.974086
Car-1,2008-10-01 23:03:57,116.346746,39.97368
Car-1,2008-10-01 23:04:02,116.3467,39.973255
Car-1,2008-10-01 23:04:07,116.346706,39.972925
Car-1,2008-10-01 23:04:12,116.346735,39.972671
Car-1,2008-10-01 23:04:17,116.346721,39.972438
Car-1,2008-10-01 23:04:22,116.346735,39.972199
Car-1,2008-10-01 23:04:27,116.346775,39.972043
Car-1,2008-10-01 23:04:32,116.346744,39.971932
Car-1,2008-10-01 23:04:37,116.346735,39.971799
Car-1,2008-10-01 23:04:42,116.346721,39.971757
Car-1,2008-10-01 23:04:47,116.346726,39.971711
Car-1,2008-10-01 23:04:52,116.346732,39.97162
Car-1,2008-10-01 23:04:57,116.346706,39.971556
Car-1,2008-10-01 23:05:02,116.346699,39.971553
Car-1,2008-10-01 23:05:07,116.346699,39.971554
Car-1,2008-10-01 23:05:10,116.346699,39.971554
Car-1,2008-10-01 23:05:12,116.3467,39.971552
Car-1,2008-10-01 23:05:17,116.346733,39.971434
Car-1,2008-10-01 23:05:20,116.346733,39.971434
Car-1,2008-10-01 23:05:22,116.346727,39.971427
Car-1,2008-10-01 23:05:27,116.346733,39.971328
Car-1,2008-10-01 23:05:32,116.346758,39.971057
Car-1,2008-10-01 23:05:37,116.346778,39.970712
Car-1,2008-10-01 23:05:42,116.346804,39.970255
Car-1,2008-10-01 23:05:47,116.346817,39.96984
Car-1,2008-10-01 23:05:52,116.346842,39.969472
Car-1,2008-10-01 23:05:57,116.346828,39.969006
Car-1,2008-10-01 23:06:02,116.346843,39.96857
Car-1,2008-10-01 23:06:07,116.346838,39.968191
Car-1,2008-10-01 23:06:12,116.346809,39.967756
Car-1,2008-10-01 23:06:17,116.346582,39.96732
Car-1,2008-10-01 23:06:22,116.346386,39.966956
Car-1,2008-10-01 23:06:27,116.346257,39.966673
Car-1,2008-10-01 23:06:32,116.346029,39.96653
Car-1,2008-10-01 23:06:37,116.345588,39.966534
Car-1,2008-10-01 23:06:42,116.345018,39.966552
Car-1,2008-10-01 23:06:47,116.34438,39.966553
Car-1,2008-10-01 23:06:52,116.343758,39.966557
Car-1,2008-10-01 23:06:57,116.343212,39.966539
Car-1,2008-10-01 23:07:02,116.342871,39.966528
Car-1,2008-10-01 23:07:07,116.34279,39.966531
Car-1,2008-10-01 23:07:12,116.342675,39.966565
Car-1,2008-10-01 23:07:17,116.342546,39.966577
Car-1,2008-10-01 23:07:22,116.342524,39.966601
Car-1,2008-10-01 23:07:27,116.342507,39.966601
Car-1,2008-10-01 23:07:32,116.342265,39.966608
Car-1,2008-10-01 23:07:37,116.341754,39.966595
Car-1,2008-10-01 23:07:42,116.341159,39.966537
Car-1,2008-10-01 23:07:47,116.340525,39.966517
Car-1,2008-10-01 23:07:52,116.339868,39.966484
Car-1,2008-10-01 23:07:57,116.339101,39.966461
Car-1,2008-10-01 23:08:02,116.338318,39.966434
Car-1,2008-10-01 23:08:07,116.337598,39.966528
Car-1,2008-10-01 23:08:12,116.33695,39.966511
Car-1,2008-10-01 23:08:17,116.33627,39.966523
Car-1,2008-10-01 23:08:22,116.335623,39.966505
Car-1,2008-10-01 23:08:27,116.335018,39.966486
Car-1,2008-10-01 23:08:32,116.334432,39.966474
Car-1,2008-10-01 23:08:37,116.333905,39.966487
Car-1,2008-10-01 23:08:42,116.333643,39.966481
Car-1,2008-10-01 23:08:47,116.333587,39.966476
Car-1,2008-10-01 23:08:52,116.333572,39.966476
Car-1,2008-10-01 23:08:57,116.333403,39.966478
Car-1,2008-10-01 23:09:02,116.333129,39.966471
Car-1,2008-10-01 23:09:07,116.332805,39.966521
Car-1,2008-10-01 23:09:12,116.332476,39.966526
Car-1,2008-10-01 23:09:17,116.332223,39.966509
Car-1,2008-10-01 23:09:22,116.332096,39.966503
Car-1,2008-10-01 23:09:27,116.332071,39.96649
Car-1,2008-10-01 23:09:32,116.332062,39.96649
Car-1,2008-10-01 23:09:37,116.332051,39.96649
Car-1,2008-10-01 23:09:42,116.331876,39.966509
Car-1,2008-10-01 23:09:47,116.331634,39.966523
Car-1,2008-10-01 23:09:52,116.331595,39.966525
Car-1,2008-10-01 23:09:57,116.331585,39.966526
Car-1,2008-10-01 23:10:02,116.33153,39.966531
Car-1,2008-10-01 23:10:07,116.331177,39.966507
Car-1,2008-10-01 23:10:12,116.330706,39.966477
Car-1,2008-10-01 23:10:17,116.33023,39.966469
Car-1,2008-10-01 23:10:22,116.329718,39.966458
Car-1,2008-10-01 23:10:27,116.329231,39.96643
Car-1,2008-10-01 23:10:32,116.328717,39.966406
Car-1,2008-10-01 23:10:37,116.328194,39.966394
Car-1,2008-10-01 23:10:42,116.327614,39.966413
Car-1,2008-10-01 23:10:47,116.326994,39.966391
Car-1,2008-10-01 23:10:52,116.326421,39.966393
Car-1,2008-10-01 23:10:57,116.326088,39.966376
Car-1,2008-10-01 23:11:02,116.325994,39.966398
Car-1,2008-10-01 23:11:07,116.325968,39.966403
Car-1,2008-10-01 23:11:12,116.325795,39.96638
Car-1,2008-10-01 23:11:17,116.325481,39.966348
Car-1,2008-10-01 23:11:22,116.32507,39.966359
Car-1,2008-10-01 23:11:27,116.324529,39.966345
Car-1,2008-10-01 23:11:32,116.323992,39.966335
Car-1,2008-10-01 23:11:37,116.323432,39.966296
Car-1,2008-10-01 23:11:42,116.322911,39.966294
Car-1,2008-10-01 23:11:47,116.322399,39.966239
Car-1,2008-10-01 23:11:52,116.321847,39.966196
Car-1,2008-10-01 23:11:57,116.321187,39.96612
Car-1,2008-10-01 23:12:02,116.320632,39.96606
Car-1,2008-10-01 23:12:07,116.320081,39.966096
Car-1,2008-10-01 23:12:12,116.31954,39.966074
Car-1,2008-10-01 23:12:17,116.319162,39.966038
Car-1,2008-10-01 23:12:22,116.318846,39.966001
Car-1,2008-10-01 23:12:27,116.318691,39.96603
Car-1,2008-10-01 23:12:32,116.318453,39.966002
Car-1,2008-10-01 23:12:37,116.318269,39.966099
Car-1,2008-10-01 23:12:42,116.318033,39.966128
Car-1,2008-10-01 23:12:47,116.317747,39.966079
Car-1,2008-10-01 23:12:52,116.317694,39.966079
Car-1,2008-10-01 23:12:57,116.317677,39.966079
Car-1,2008-10-01 23:13:02,116.317461,39.966073
Car-1,2008-10-01 23:13:07,116.317074,39.966036
Car-1,2008-10-01 23:13:12,116.31672,39.966047
Car-1,2008-10-01 23:13:17,116.31632,39.966018
Car-1,2008-10-01 23:13:22,116.316025,39.966026
Car-1,2008-10-01 23:13:27,116.315926,39.965975
Car-1,2008-10-01 23:13:32,116.315897,39.96596
Car-1,2008-10-01 23:13:37,116.315898,39.965959
Car-1,2008-10-01 23:13:42,116.315898,39.965959
Car-1,2008-10-01 23:13:47,116.315903,39.965958
Car-1,2008-10-01 23:13:50,116.315903,39.965958
Car-1,2008-10-01 23:13:52,116.315903,39.965957
Car-1,2008-10-01 23:13:57,116.31592,39.965958
Car-1,2008-10-01 23:14:02,116.315904,39.965955
Car-1,2008-10-01 23:14:05,116.315904,39.965955
Car-1,2008-10-01 23:14:07,116.315904,39.965955
Car-1,2008-10-01 23:14:12,116.315919,39.965957
Car-1,2008-10-01 23:14:15,116.315919,39.965957
Car-1,2008-10-01 23:14:17,116.315919,39.965956
Car-1,2008-10-01 23:14:22,116.315864,39.965924
Car-1,2008-10-01 23:14:27,116.315789,39.96586
Car-1,2008-10-01 23:14:32,116.315752,39.965868
Car-1,2008-10-01 23:14:37,116.315448,39.965859
Car-1,2008-10-01 23:14:42,116.315126,39.965802
Car-1,2008-10-01 23:14:47,116.314738,39.96574
Car-1,2008-10-01 23:14:52,116.314334,39.965681
Car-1,2008-10-01 23:14:57,116.313828,39.965525
Car-1,2008-10-01 23:15:02,116.313317,39.96532
Car-1,2008-10-01 23:15:07,116.31279,39.965121
Car-1,2008-10-01 23:15:12,116.312296,39.964938
Car-1,2008-10-01 23:15:17,116.311844,39.964768
Car-1,2008-10-01 23:15:22,116.311386,39.964606
Car-1,2008-10-01 23:15:27,116.310955,39.964456
Car-1,2008-10-01 23:15:32,116.310521,39.964302
Car-1,2008-10-01 23:15:37,116.310119,39.964139
Car-1,2008-10-01 23:15:42,116.30971,39.963998
Car-1,2008-10-01 23:15:47,116.309315,39.963879
Car-1,2008-10-01 23:15:52,116.308898,39.963739
Car-1,2008-10-01 23:15:57,116.308552,39.963612
Car-1,2008-10-01 23:16:02,116.308281,39.963531
Car-1,2008-10-01 23:16:07,116.308155,39.963504
Car-1,2008-10-01 23:16:12,116.308062,39.963448
Car-1,2008-10-01 23:16:17,116.307975,39.96341
Car-1,2008-10-01 23:16:22,116.307865,39.963371
Car-1,2008-10-01 23:16:27,116.307739,39.963319
Car-1,2008-10-01 23:16:32,116.307721,39.96331
Car-1,2008-10-01 23:16:37,116.307682,39.963284
Car-1,2008-10-01 23:16:42,116.307512,39.963195
Car-1,2008-10-01 23:16:47,116.307137,39.963057
Car-1,2008-10-01 23:16:52,116.306686,39.962877
Car-1,2008-10-01 23:16:57,116.306195,39.962701
Car-1,2008-10-01 23:17:02,116.305704,39.962542
Car-1,2008-10-01 23:17:07,116.305256,39.962412
Car-1,2008-10-01 23:17:12,116.304829,39.962304
Car-1,2008-10-01 23:17:17,116.304649,39.962225
Car-1,2008-10-01 23:17:22,116.304629,39.962214
Car-1,2008-10-01 23:17:27,116.304615,39.962209
Car-1,2008-10-01 23:17:32,116.304606,39.962206
Car-1,2008-10-01 23:17:37,116.304454,39.962173
Car-1,2008-10-01 23:17:42,116.304082,39.96204
Car-1,2008-10-01 23:17:47,116.303637,39.961929
Car-1,2008-10-01 23:17:52,116.303204,39.961746
Car-1,2008-10-01 23:17:57,116.302859,39.961469
Car-1,2008-10-01 23:18:02,116.302697,39.961331
Car-1,2008-10-01 23:18:07,116.30266,39.961301
Car-1,2008-10-01 23:18:10,116.30266,39.961301
Car-1,2008-10-01 23:18:12,116.302661,39.961301
Car-1,2008-10-01 23:18:17,116.30265,39.961294
Car-1,2008-10-01 23:18:20,116.30265,39.961294
Car-1,2008-10-01 23:18:22,116.302648,39.961292
Car-1,2008-10-01 23:18:27,116.302626,39.961277
Car-1,2008-10-01 23:18:32,116.30256,39.961256
Car-1,2008-10-01 23:18:37,116.30249,39.961207
Car-1,2008-10-01 23:18:42,116.302425,39.96117
Car-1,2008-10-01 23:18:47,116.302391,39.961161
Car-1,2008-10-01 23:18:52,116.302387,39.961159
Car-1,2008-10-01 23:18:57,116.302384,39.961157
Car-1,2008-10-01 23:19:02,116.302387,39.961159
Car-1,2008-10-01 23:19:07,116.302392,39.961164
Car-1,2008-10-01 23:19:12,116.302391,39.961164
Car-1,2008-10-01 23:19:15,116.302391,39.961164
Car-1,2008-10-01 23:19:17,116.302389,39.961163
Car-1,2008-10-01 23:19:22,116.30238,39.96117
Car-1,2008-10-01 23:19:27,116.302388,39.961188
Car-1,2008-10-01 23:19:32,116.302321,39.961155
Car-1,2008-10-01 23:19:37,116.302114,39.960997
Car-1,2008-10-01 23:19:42,116.301926,39.96079
Car-1,2008-10-01 23:19:47,116.301853,39.960493
Car-1,2008-10-01 23:19:52,116.301902,39.960166
Car-1,2008-10-01 23:19:57,116.301854,39.959803
Car-1,2008-10-01 23:20:02,116.301937,39.959359
Car-1,2008-10-01 23:20:07,116.302027,39.9588
Car-1,2008-10-01 23:20:12,116.301987,39.958268
Car-1,2008-10-01 23:20:17,116.302067,39.957822
Car-1,2008-10-01 23:20:22,116.302067,39.957377
Car-1,2008-10-01 23:20:27,116.302149,39.956904
Car-1,2008-10-01 23:20:32,116.302276,39.956459
Car-1,2008-10-01 23:20:37,116.302396,39.956165
Car-1,2008-10-01 23:20:42,116.302412,39.956056
Car-1,2008-10-01 23:20:47,116.302359,39.956042
Car-1,2008-10-01 23:20:52,116.30235,39.95603
Car-1,2008-10-01 23:20:57,116.302342,39.956016
Car-1,2008-10-01 23:21:02,116.302337,39.956007
Car-1,2008-10-01 23:21:07,116.302334,39.956004
Car-1,2008-10-01 23:21:12,116.302333,39.956006
Car-1,2008-10-01 23:21:17,116.302334,39.956011
Car-1,2008-10-01 23:21:20,116.302334,39.956011
Car-1,2008-10-01 23:21:22,116.302331,39.956003
Car-1,2008-10-01 23:21:27,116.302425,39.955913
Car-1,2008-10-01 23:21:32,116.302442,39.955657
Car-1,2008-10-01 23:21:37,116.302518,39.955405
Car-1,2008-10-01 23:21:42,116.302599,39.95515
Car-1,2008-10-01 23:21:47,116.302639,39.954734
Car-1,2008-10-01 23:21:52,116.302676,39.954411
Car-1,2008-10-01 23:21:57,116.302705,39.954121
Car-1,2008-10-01 23:22:02,116.302729,39.954057
Car-1,2008-10-01 23:22:07,116.302733,39.954031
Car-1,2008-10-01 23:22:12,116.302752,39.953977
Car-1,2008-10-01 23:22:17,116.302783,39.953913
Car-1,2008-10-01 23:22:22,116.302812,39.953862
Car-1,2008-10-01 23:22:27,116.302815,39.953781
Car-1,2008-10-01 23:22:32,116.302841,39.953675
Car-1,2008-10-01 23:22:37,116.302898,39.953621
Car-1,2008-10-01 23:22:42,116.302903,39.953596
Car-1,2008-10-01 23:22:47,116.302945,39.953442
Car-1,2008-10-01 23:22:52,116.302922,39.953255
Car-1,2008-10-01 23:22:57,116.302912,39.953005
Car-1,2008-10-01 23:23:02,116.302887,39.95288
Car-1,2008-10-01 23:23:07,116.302916,39.952877
Car-1,2008-10-01 23:23:10,116.302916,39.952877
Car-1,2008-10-01 23:23:12,116.302913,39.952884
Car-1,2008-10-01 23:23:17,116.302932,39.952857
Car-1,2008-10-01 23:23:22,116.302926,39.952834
Car-1,2008-10-01 23:23:27,116.302916,39.952831
Car-1,2008-10-01 23:23:30,116.302916,39.952831
Car-1,2008-10-01 23:23:32,116.302914,39.952827
Car-1,2008-10-01 23:23:37,116.302885,39.952796
Car-1,2008-10-01 23:23:42,116.3029,39.952759
Car-1,2008-10-01 23:23:47,116.302887,39.952757
Car-1,2008-10-01 23:23:52,116.302876,39.952736
Car-1,2008-10-01 23:23:57,116.302868,39.952478
Car-1,2008-10-01 23:24:02,116.302888,39.952343
Car-1,2008-10-01 23:24:07,116.302952,39.952187
Car-1,2008-10-01 23:24:12,116.302994,39.951786
Car-1,2008-10-01 23:24:17,116.302987,39.951217
Car-1,2008-10-01 23:24:22,116.303087,39.95072
Car-1,2008-10-01 23:24:27,116.303173,39.95026
Car-1,2008-10-01 23:24:32,116.303277,39.949788
Car-1,2008-10-01 23:24:37,116.303318,39.94931
Car-1,2008-10-01 23:24:42,116.303335,39.948846
Car-1,2008-10-01 23:24:47,116.303331,39.948436
Car-1,2008-10-01 23:24:52,116.303305,39.948183
Car-1,2008-10-01 23:24:57,116.303301,39.948032
Car-1,2008-10-01 23:25:02,116.303312,39.947982
Car-1,2008-10-01 23:25:07,116.303314,39.947994
Car-1,2008-10-01 23:25:12,116.303311,39.948009
Car-1,2008-10-01 23:25:17,116.303329,39.947972
Car-1,2008-10-01 23:25:22,116.303386,39.947706
Car-1,2008-10-01 23:25:27,116.30343,39.947331
Car-1,2008-10-01 23:25:32,116.303496,39.946875
Car-1,2008-10-01 23:25:37,116.303565,39.946434
Car-1,2008-10-01 23:25:42,116.303583,39.946026
Car-1,2008-10-01 23:25:47,116.303618,39.9456
Car-1,2008-10-01 23:25:52,116.303647,39.945166
Car-1,2008-10-01 23:25:57,116.303618,39.944727
Car-1,2008-10-01 23:26:02,116.303615,39.944302
Car-1,2008-10-01 23:26:07,116.303606,39.943868
Car-1,2008-10-01 23:26:12,116.303603,39.94346
Car-1,2008-10-01 23:26:17,116.303623,39.943039
Car-1,2008-10-01 23:26:22,116.303668,39.942618
Car-1,2008-10-01 23:26:27,116.303672,39.942205
Car-1,2008-10-01 23:26:32,116.303652,39.941804
Car-1,2008-10-01 23:26:37,116.303653,39.941385
Car-1,2008-10-01 23:26:42,116.303651,39.940983
Car-1,2008-10-01 23:26:47,116.303709,39.940515
Car-1,2008-10-01 23:26:52,116.303727,39.940036
Car-1,2008-10-01 23:26:57,116.303698,39.939616
Car-1,2008-10-01 23:27:02,116.303719,39.939182
Car-1,2008-10-01 23:27:07,116.30366,39.938815
Car-1,2008-10-01 23:27:12,116.303717,39.938348
Car-1,2008-10-01 23:27:17,116.303727,39.937946
Car-1,2008-10-01 23:27:22,116.303675,39.937519
Car-1,2008-10-01 23:27:27,116.303637,39.937107
Car-1,2008-10-01 23:27:32,116.303649,39.936779
Car-1,2008-10-01 23:27:37,116.303619,39.936555
Car-1,2008-10-01 23:27:42,116.303612,39.936303
Car-1,2008-10-01 23:27:47,116.303627,39.93616
Car-1,2008-10-01 23:27:52,116.303692,39.936112
Car-1,2008-10-01 23:27:57,116.303692,39.936111
Car-1,2008-10-01 23:28:02,116.303692,39.936114
Car-1,2008-10-01 23:28:07,116.303692,39.936111
Car-1,2008-10-01 23:28:12,116.303692,39.936106
Car-1,2008-10-01 23:28:17,116.303692,39.936107
Car-1,2008-10-01 23:28:22,116.303692,39.936104
Car-1,2008-10-01 23:28:27,116.303693,39.936102
Car-1,2008-10-01 23:28:32,116.303694,39.936103
Car-1,2008-10-01 23:28:37,116.303694,39.936104
Car-1,2008-10-01 23:28:42,116.303695,39.936104
Car-1,2008-10-01 23:28:47,116.303695,39.936105
Car-1,2008-10-01 23:28:50,116.303695,39.936105
Car-1,2008-10-01 23:28:52,116.303695,39.936105
Car-1,2008-10-01 23:28:57,116.303715,39.936071
Car-1,2008-10-01 23:29:02,116.303726,39.935871
Car-1,2008-10-01 23:29:07,116.303689,39.935554
Car-1,2008-10-01 23:29:12,116.303644,39.935176
Car-1,2008-10-01 23:29:17,116.303628,39.934686
Car-1,2008-10-01 23:29:22,116.303568,39.934214
Car-1,2008-10-01 23:29:27,116.303447,39.933855
Car-1,2008-10-01 23:29:32,116.303375,39.933476
Car-1,2008-10-01 23:29:37,116.303322,39.933012
Car-1,2008-10-01 23:29:42,116.30334,39.932591
Car-1,2008-10-01 23:29:47,116.303373,39.93231
Car-1,2008-10-01 23:29:52,116.303522,39.932082
Car-1,2008-10-01 23:29:57,116.303637,39.931952
Car-1,2008-10-01 23:30:02,116.30364,39.9319
Car-1,2008-10-01 23:30:07,116.303642,39.931886
Car-1,2008-10-01 23:30:12,116.303644,39.931876
Car-1,2008-10-01 23:30:17,116.303646,39.931867
Car-1,2008-10-01 23:30:22,116.30365,39.931853
Car-1,2008-10-01 23:30:27,116.303651,39.931846
Car-1,2008-10-01 23:30:32,116.303651,39.931844
Car-1,2008-10-01 23:30:37,116.30365,39.931844
Car-1,2008-10-01 23:30:40,116.30365,39.931844
Car-1,2008-10-01 23:30:42,116.303649,39.931848
Car-1,2008-10-01 23:30:47,116.303667,39.931828
Car-1,2008-10-01 23:30:52,116.30365,39.931688
Car-1,2008-10-01 23:30:57,116.3037,39.931502
Car-1,2008-10-01 23:31:02,116.303779,39.931205
Car-1,2008-10-01 23:31:07,116.303827,39.930872
Car-1,2008-10-01 23:31:12,116.303855,39.930556
Car-1,2008-10-01 23:31:17,116.303824,39.930116
Car-1,2008-10-01 23:31:22,116.303791,39.929705
Car-1,2008-10-01 23:31:27,116.303775,39.929493
Car-1,2008-10-01 23:31:32,116.303784,39.929385
Car-1,2008-10-01 23:31:37,116.303793,39.929192
Car-1,2008-10-01 23:31:42,116.303793,39.929038
Car-1,2008-10-01 23:31:47,116.303771,39.928937
Car-1,2008-10-01 23:31:52,116.303759,39.928902
Car-1,2008-10-01 23:31:57,116.303759,39.928893
Car-1,2008-10-01 23:32:02,116.303752,39.92883
Car-1,2008-10-01 23:32:07,116.303722,39.928717
Car-1,2008-10-01 23:32:12,116.303726,39.928592
Car-1,2008-10-01 23:32:17,116.303742,39.928544
Car-1,2008-10-01 23:32:22,116.303746,39.928535
Car-1,2008-10-01 23:32:27,116.303802,39.928487
Car-1,2008-10-01 23:32:32,116.303839,39.928403
Car-1,2008-10-01 23:32:37,116.303885,39.92827
Car-1,2008-10-01 23:32:42,116.303868,39.928234
Car-1,2008-10-01 23:32:47,116.303839,39.928201
Car-1,2008-10-01 23:32:52,116.303754,39.928128
Car-1,2008-10-01 23:32:57,116.30375,39.92808
Car-1,2008-10-01 23:33:02,116.303712,39.927852
Car-1,2008-10-01 23:33:07,116.303671,39.927452
Car-1,2008-10-01 23:33:12,116.303659,39.927003
Car-1,2008-10-01 23:33:17,116.303738,39.926523
Car-1,2008-10-01 23:33:22,116.303729,39.92613
Car-1,2008-10-01 23:33:27,116.30367,39.925621
Car-1,2008-10-01 23:33:32,116.303676,39.925018
Car-1,2008-10-01 23:33:37,116.30368,39.924559
Car-1,2008-10-01 23:33:42,116.303705,39.924173
Car-1,2008-10-01 23:33:47,116.303775,39.923892
Car-1,2008-10-01 23:33:52,116.303772,39.92375
Car-1,2008-10-01 23:33:57,116.303756,39.923744
Car-1,2008-10-01 23:34:00,116.303756,39.923744
Car-1,2008-10-01 23:34:02,116.303754,39.923749
Car-1,2008-10-01 23:34:07,116.303753,39.923723
Car-1,2008-10-01 23:34:12,116.303731,39.92348
Car-1,2008-10-01 23:34:17,116.303552,39.923171
Car-1,2008-10-01 23:34:22,116.303385,39.922866
Car-1,2008-10-01 23:34:27,116.303439,39.922443
Car-1,2008-10-01 23:34:32,116.303749,39.922093
Car-1,2008-10-01 23:34:37,116.303809,39.921765
Car-1,2008-10-01 23:34:42,116.303781,39.921427
Car-1,2008-10-01 23:34:47,116.303799,39.921195
Car-1,2008-10-01 23:34:52,116.303817,39.921086
Car-1,2008-10-01 23:34:57,116.303767,39.920995
Car-1,2008-10-01 23:35:02,116.303737,39.92097
Car-1,2008-10-01 23:35:07,116.303717,39.920945
Car-1,2008-10-01 23:35:12,116.303694,39.920927
Car-1,2008-10-01 23:35:17,116.303731,39.920971
Car-1,2008-10-01 23:35:22,116.303661,39.9209
Car-1,2008-10-01 23:35:27,116.303683,39.92079
Car-1,2008-10-01 23:38:52,116.303812,39.920594
Car-1,2008-10-01 23:38:57,116.30378,39.920391
Car-1,2008-10-01 23:39:02,116.303705,39.919997
Car-1,2008-10-01 23:39:07,116.303746,39.919574
Car-1,2008-10-01 23:39:12,116.303797,39.918994
Car-1,2008-10-01 23:39:17,116.30383,39.918428
Car-1,2008-10-01 23:39:22,116.303877,39.917796
Car-1,2008-10-01 23:39:27,116.303882,39.917127
Car-1,2008-10-01 23:39:32,116.303853,39.916466
Car-1,2008-10-01 23:39:37,116.30388,39.915788
Car-1,2008-10-01 23:39:42,116.303924,39.915097
Car-1,2008-10-01 23:39:47,116.303968,39.914423
Car-1,2008-10-01 23:39:52,116.303971,39.913746
Car-1,2008-10-01 23:39:57,116.303963,39.913052
Car-1,2008-10-01 23:40:02,116.303954,39.912338
Car-1,2008-10-01 23:40:07,116.303931,39.91165
Car-1,2008-10-01 23:40:12,116.303906,39.910975
Car-1,2008-10-01 23:40:17,116.303906,39.910333
Car-1,2008-10-01 23:40:22,116.303916,39.90973
Car-1,2008-10-01 23:40:27,116.303921,39.909394
Car-1,2008-10-01 23:40:32,116.303784,39.909179
Car-1,2008-10-01 23:40:37,116.303724,39.90917
Car-1,2008-10-01 23:40:42,116.303684,39.909138
Car-1,2008-10-01 23:40:47,116.303659,39.909009
Car-1,2008-10-01 23:40:52,116.303604,39.908917
Car-1,2008-10-01 23:40:57,116.303598,39.908927
Car-1,2008-10-01 23:41:02,116.303581,39.908866
Car-1,2008-10-01 23:41:07,116.303535,39.90866
Car-1,2008-10-01 23:41:12,116.303475,39.908382
Car-1,2008-10-01 23:41:17,116.303516,39.907999
Car-1,2008-10-01 23:41:22,116.30356,39.90772
Car-1,2008-10-01 23:41:27,116.30343,39.907614
Car-1,2008-10-01 23:41:32,116.303181,39.907543
Car-1,2008-10-01 23:41:37,116.302945,39.907399
Car-1,2008-10-01 23:41:42,116.302596,39.907158
Car-1,2008-10-01 23:41:47,116.302284,39.906812
Car-1,2008-10-01 23:41:52,116.302172,39.906293
Car-1,2008-10-01 23:41:57,116.302159,39.905727
Car-1,2008-10-01 23:42:02,116.302449,39.90532
Car-1,2008-10-01 23:42:07,116.302864,39.905102
Car-1,2008-10-01 23:42:12,116.303158,39.904933
Car-1,2008-10-01 23:42:17,116.303299,39.904814
Car-1,2008-10-01 23:42:22,116.303506,39.904733
Car-1,2008-10-01 23:42:27,116.303695,39.904652
Car-1,2008-10-01 23:42:32,116.303802,39.904583
Car-1,2008-10-01 23:42:37,116.303834,39.904308
Car-1,2008-10-01 23:42:42,116.303836,39.903981
Car-1,2008-10-01 23:42:47,116.303811,39.903585
Car-1,2008-10-01 23:42:52,116.303813,39.903129
Car-1,2008-10-01 23:42:57,116.303788,39.902665
Car-1,2008-10-01 23:43:02,116.303813,39.902217
Car-1,2008-10-01 23:43:07,116.303831,39.901785
Car-1,2008-10-01 23:43:12,116.303864,39.901363
Car-1,2008-10-01 23:43:17,116.303878,39.900943
Car-1,2008-10-01 23:43:22,116.303903,39.90064
Car-1,2008-10-01 23:43:27,116.30388,39.900498
Car-1,2008-10-01 23:43:32,116.303846,39.900429
Car-1,2008-10-01 23:43:37,116.303789,39.900414
Car-1,2008-10-01 23:43:40,116.303789,39.900414
Car-1,2008-10-01 23:43:42,116.303785,39.900421
Car-1,2008-10-01 23:43:47,116.303839,39.900396
Car-1,2008-10-01 23:43:52,116.303888,39.900121
Car-1,2008-10-01 23:43:57,116.303819,39.899838
Car-1,2008-10-01 23:44:02,116.303824,39.89953
Car-1,2008-10-01 23:44:07,116.303849,39.899215
Car-1,2008-10-01 23:44:12,116.303852,39.898784
Car-1,2008-10-01 23:44:17,116.30388,39.898312
Car-1,2008-10-01 23:44:22,116.303906,39.897786
Car-1,2008-10-01 23:44:27,116.303893,39.897298
Car-1,2008-10-01 23:44:32,116.303903,39.896907
Car-1,2008-10-01 23:44:37,116.30393,39.896611
Car-1,2008-10-01 23:44:42,116.303945,39.896254
Car-1,2008-10-01 23:44:47,116.303929,39.895913
Car-1,2008-10-01 23:44:52,116.303892,39.895618
Car-1,2008-10-01 23:44:57,116.303964,39.895455
Car-1,2008-10-01 23:45:02,116.303954,39.89532
Car-1,2008-10-01 23:45:07,116.303845,39.895167
Car-1,2008-10-01 23:45:12,116.303592,39.895114
Car-1,2008-10-01 23:45:17,116.30335,39.895137
Car-1,2008-10-01 23:45:22,116.303084,39.89514
Car-1,2008-10-01 23:45:27,116.302757,39.895157
Car-1,2008-10-01 23:45:32,116.302364,39.895161
Car-1,2008-10-01 23:45:37,116.302054,39.895197
Car-1,2008-10-01 23:45:42,116.30182,39.89529
Car-1,2008-10-01 23:45:47,116.30177,39.895528
Car-1,2008-10-01 23:45:52,116.302027,39.895695
Car-1,2008-10-01 23:45:57,116.302349,39.895705
Car-1,2008-10-01 23:46:02,116.302757,39.895626
Car-1,2008-10-01 23:46:07,116.30324,39.895649
Car-1,2008-10-01 23:46:12,116.303781,39.895632
Car-1,2008-10-01 23:46:17,116.304365,39.895617
Car-1,2008-10-01 23:46:22,116.304994,39.895597
Car-1,2008-10-01 23:46:27,116.305616,39.895587
Car-1,2008-10-01 23:46:32,116.306176,39.895579
Car-1,2008-10-01 23:46:37,116.306688,39.895579
Car-1,2008-10-01 23:46:42,116.307144,39.895588
Car-1,2008-10-01 23:46:47,116.307538,39.895624
Car-1,2008-10-01 23:46:52,116.307915,39.8956
Car-1,2008-10-01 23:46:57,116.308361,39.895542
Car-1,2008-10-01 23:47:02,116.308869,39.895514
Car-1,2008-10-01 23:47:07,116.309412,39.895471
Car-1,2008-10-01 23:47:12,116.30999,39.895501
Car-1,2008-10-01 23:47:17,116.310578,39.895527
Car-1,2008-10-01 23:47:22,116.311255,39.895507
Car-1,2008-10-01 23:47:27,116.311945,39.895489
Car-1,2008-10-01 23:47:32,116.312638,39.89551
Car-1,2008-10-01 23:47:37,116.313139,39.895523
Car-1,2008-10-01 23:47:42,116.313467,39.895523
Car-1,2008-10-01 23:47:47,116.313791,39.89543
Car-1,2008-10-01 23:47:52,116.314228,39.895411
Car-1,2008-10-01 23:47:57,116.314534,39.895406
Car-1,2008-10-01 23:48:02,116.3146,39.895419
Car-1,2008-10-01 23:48:07,116.314598,39.89542
Car-1,2008-10-01 23:48:12,116.314595,39.89542
Car-1,2008-10-01 23:48:17,116.314601,39.89542
Car-1,2008-10-01 23:48:22,116.314608,39.895419
Car-1,2008-10-01 23:48:27,116.314605,39.895418
Car-1,2008-10-01 23:48:30,116.314605,39.895418
Car-1,2008-10-01 23:48:32,116.314607,39.895418
Car-1,2008-10-01 23:48:37,116.314673,39.895428
Car-1,2008-10-01 23:48:42,116.314896,39.895455
Car-1,2008-10-01 23:48:47,116.315143,39.89547
Car-1,2008-10-01 23:48:52,116.315426,39.895454
Car-1,2008-10-01 23:48:57,116.315878,39.895389
Car-1,2008-10-01 23:49:02,116.316344,39.89541
Car-1,2008-10-01 23:49:07,116.316447,39.895322
Car-1,2008-10-01 23:49:12,116.316479,39.895305
Car-1,2008-10-01 23:49:17,116.316554,39.895209
Car-1,2008-10-01 23:49:22,116.316702,39.895139
Car-1,2008-10-01 23:49:27,116.316774,39.895304
Car-1,2008-10-01 23:49:32,116.3169,39.895397
Car-1,2008-10-01 23:49:37,116.317033,39.895397
Car-1,2008-10-01 23:49:42,116.317163,39.89543
Car-1,2008-10-01 23:49:47,116.317388,39.895407
Car-1,2008-10-01 23:49:52,116.317758,39.895385
Car-1,2008-10-01 23:49:57,116.318059,39.895349
Car-1,2008-10-01 23:50:02,116.318275,39.895287
Car-1,2008-10-01 23:50:07,116.318515,39.895262
Car-1,2008-10-01 23:50:12,116.318695,39.895265
Car-1,2008-10-01 23:50:17,116.318781,39.895379
Car-1,2008-10-01 23:50:22,116.319029,39.895436
Car-1,2008-10-01 23:50:27,116.319298,39.895462
Car-1,2008-10-01 23:50:32,116.319563,39.895461
Car-1,2008-10-01 23:50:37,116.319888,39.895449
Car-1,2008-10-01 23:50:42,116.320334,39.895364
Car-1,2008-10-01 23:50:47,116.320933,39.895316
Car-1,2008-10-01 23:50:52,116.321459,39.895394
Car-1,2008-10-01 23:50:57,116.321799,39.895395
Car-1,2008-10-01 23:51:02,116.322206,39.895369
Car-1,2008-10-01 23:51:07,116.322618,39.895277
Car-1,2008-10-01 23:51:12,116.323039,39.895312
Car-1,2008-10-01 23:51:17,116.323543,39.895325
Car-1,2008-10-01 23:51:22,116.324024,39.895359
Car-1,2008-10-01 23:51:27,116.324567,39.895452
Car-1,2008-10-01 23:51:32,116.325074,39.895538
Car-1,2008-10-01 23:51:37,116.325489,39.895489
Car-1,2008-10-01 23:51:42,116.325885,39.89551
Car-1,2008-10-01 23:51:47,116.326355,39.895529
Car-1,2008-10-01 23:51:52,116.326799,39.895511
Car-1,2008-10-01 23:51:57,116.327296,39.895538
Car-1,2008-10-01 23:52:02,116.327763,39.895551
Car-1,2008-10-01 23:52:07,116.328243,39.895557
Car-1,2008-10-01 23:52:12,116.328564,39.895567
Car-1,2008-10-01 23:52:17,116.328614,39.895573
Car-1,2008-10-01 23:52:22,116.328629,39.895579
Car-1,2008-10-01 23:52:27,116.328638,39.895581
Car-1,2008-10-01 23:52:32,116.328788,39.895585
Car-1,2008-10-01 23:52:37,116.329214,39.895637
Car-1,2008-10-01 23:52:42,116.329744,39.895667
Car-1,2008-10-01 23:52:47,116.330256,39.895654
Car-1,2008-10-01 23:52:52,116.330803,39.895668
Car-1,2008-10-01 23:52:57,116.331491,39.895751
Car-1,2008-10-01 23:53:02,116.332146,39.895807
Car-1,2008-10-01 23:53:07,116.332767,39.89581
Car-1,2008-10-01 23:53:12,116.33336,39.895841
Car-1,2008-10-01 23:53:17,116.333921,39.895823
Car-1,2008-10-01 23:53:22,116.334552,39.895878
Car-1,2008-10-01 23:53:27,116.335141,39.895899
Car-1,2008-10-01 23:53:32,116.335522,39.895887
Car-1,2008-10-01 23:53:37,116.335801,39.895962
Car-1,2008-10-01 23:53:42,116.335872,39.895968
Car-1,2008-10-01 23:53:47,116.33586,39.895962
Car-1,2008-10-01 23:53:52,116.335852,39.895961
Car-1,2008-10-01 23:53:57,116.335853,39.895959
Car-1,2008-10-01 23:54:00,116.335853,39.895959
Car-1,2008-10-01 23:54:02,116.335851,39.895959
Car-1,2008-10-01 23:54:07,116.335829,39.895954
Car-1,2008-10-01 23:54:12,116.335823,39.895953
Car-1,2008-10-01 23:54:15,116.335823,39.895953
Car-1,2008-10-01 23:54:17,116.335828,39.895952
Car-1,2008-10-01 23:54:22,116.336211,39.895969
Car-1,2008-10-01 23:54:27,116.3367,39.895941
Car-1,2008-10-01 23:54:32,116.337064,39.896016
Car-1,2008-10-01 23:54:37,116.337557,39.896235
Car-1,2008-10-01 23:54:42,116.337802,39.896141
Car-1,2008-10-01 23:54:47,116.337865,39.896154
Car-1,2008-10-01 23:54:52,116.337897,39.896157
Car-1,2008-10-01 23:54:55,116.337897,39.896157
Car-1,2008-10-01 23:54:57,116.337902,39.896156
Car-1,2008-10-01 23:55:02,116.33793,39.89616
Car-1,2008-10-01 23:55:07,116.338015,39.896173
Car-1,2008-10-01 23:55:12,116.338271,39.896206
Car-1,2008-10-01 23:55:17,116.338617,39.896242
Car-1,2008-10-01 23:55:22,116.339023,39.89618
Car-1,2008-10-01 23:55:27,116.339592,39.896253
Car-1,2008-10-01 23:55:32,116.340146,39.896268
Car-1,2008-10-01 23:55:37,116.34072,39.896276
Car-1,2008-10-01 23:55:42,116.34132,39.896219
Car-1,2008-10-01 23:55:47,116.341809,39.895981
Car-1,2008-10-01 23:55:52,116.342045,39.895678
Car-1,2008-10-01 23:55:57,116.342173,39.895358
Car-1,2008-10-01 23:56:02,116.342294,39.894944
Car-1,2008-10-01 23:56:07,116.342171,39.894294
Car-1,2008-10-01 23:56:12,116.342135,39.893777
Car-1,2008-10-01 23:56:17,116.342131,39.89324
Car-1,2008-10-01 23:56:22,116.342111,39.892782
Car-1,2008-10-01 23:56:27,116.342149,39.892431
Car-1,2008-10-01 23:56:32,116.342167,39.89209
Car-1,2008-10-01 23:56:37,116.342142,39.891828
Car-1,2008-10-01 23:56:42,116.342083,39.891621
Car-1,2008-10-01 23:57:22,116.342211,39.890546
Car-1,2008-10-01 23:57:27,116.342176,39.89013
Car-1,2008-10-01 23:57:32,116.342002,39.889848
Car-1,2008-10-01 23:57:37,116.341872,39.889602
Car-1,2008-10-01 23:57:42,116.341887,39.889298
Car-1,2008-10-01 23:57:47,116.341851,39.888937
Car-1,2008-10-01 23:57:52,116.341686,39.888726
Car-1,2008-10-01 23:57:57,116.341594,39.888538
Car-1,2008-10-01 23:58:02,116.341725,39.888239
Car-1,2008-10-01 23:58:07,116.341992,39.88795
Car-1,2008-10-01 23:58:12,116.341987,39.887568
Car-1,2008-10-01 23:58:17,116.341994,39.887237
Car-1,2008-10-01 23:58:22,116.341992,39.886835
Car-1,2008-10-01 23:58:27,116.342196,39.886452
Car-1,2008-10-01 23:58:32,116.342335,39.885995
Car-1,2008-10-01 23:58:37,116.342387,39.885648
Car-1,2008-10-01 23:58:42,116.342404,39.885304
Car-1,2008-10-01 23:58:47,116.34234,39.88507
Car-1,2008-10-01 23:58:52,116.342336,39.885021
Car-1,2008-10-01 23:58:57,116.342428,39.885012
Car-1,2008-10-01 23:59:02,116.342503,39.88486
Car-1,2008-10-01 23:59:07,116.342597,39.884663
Car-1,2008-10-01 23:59:12,116.342606,39.884281
Car-1,2008-10-01 23:59:17,116.342632,39.883834
Car-1,2008-10-01 23:59:22,116.342648,39.883294
Car-1,2008-10-01 23:59:27,116.342626,39.882731
Car-1,2008-10-01 23:59:32,116.342518,39.882113
Car-1,2008-10-01 23:59:42,116.342575,39.881906
Car-1,2008-10-01 23:59:47,116.342543,39.881803
Car-1,2008-10-01 23:59:52,116.342638,39.881858
Car-1,2008-10-01 23:59:57,116.342514,39.881755
Car-1,2008-10-02 00:00:02,116.34237,39.881753
Car-1,2008-10-02 00:00:07,116.342379,39.881749
Car-1,2008-10-02 00:00:12,116.342418,39.881646
Car-1,2008-10-02 00:00:17,116.342424,39.881478
Car-1,2008-10-02 00:00:22,116.342463,39.88122
Car-1,2008-10-02 00:00:27,116.342498,39.88089
Car-1,2008-10-02 00:00:32,116.342457,39.880601
Car-1,2008-10-02 00:00:37,116.342393,39.880278
Car-1,2008-10-02 00:00:42,116.342379,39.879844
Car-1,2008-10-02 00:00:47,116.342439,39.879371
Car-1,2008-10-02 00:00:52,116.342561,39.878761
Car-1,2008-10-02 00:00:57,116.34278,39.878121
Car-1,2008-10-02 00:01:02,116.342918,39.87739
Car-1,2008-10-02 00:01:07,116.34287,39.876733
Car-1,2008-10-02 00:01:12,116.342742,39.876412
Car-1,2008-10-02 00:01:17,116.342728,39.876382
Car-1,2008-10-02 00:01:22,116.342749,39.87638
Car-1,2008-10-02 00:01:27,116.34279,39.876374
Car-1,2008-10-02 00:01:37,116.342707,39.876377
Car-1,2008-10-02 00:01:42,116.342628,39.876319
Car-1,2008-10-02 00:01:45,116.342628,39.876319
Car-1,2008-10-02 00:01:47,116.342626,39.876313
Car-1,2008-10-02 00:01:52,116.343001,39.87612
Car-1,2008-10-02 00:02:12,116.342757,39.87648
Car-1,2008-10-02 00:02:17,116.342747,39.876497
Car-1,2008-10-02 00:02:22,116.342734,39.876489
Car-1,2008-10-02 00:02:27,116.342743,39.876477
Car-1,2008-10-02 00:02:32,116.342818,39.876296
Car-1,2008-10-02 00:02:37,116.342836,39.876006
Car-1,2008-10-02 00:02:42,116.342821,39.875607
Car-1,2008-10-02 00:02:47,116.34279,39.875331
Car-1,2008-10-02 00:02:52,116.342715,39.875174
Car-1,2008-10-02 00:02:57,116.342633,39.875025
Car-1,2008-10-02 00:03:02,116.34263,39.874885
Car-1,2008-10-02 00:03:07,116.342659,39.87458
Car-1,2008-10-02 00:03:12,116.342644,39.87433
Car-1,2008-10-02 00:03:17,116.342769,39.874211
Car-1,2008-10-02 00:03:22,116.342807,39.873923
Car-1,2008-10-02 00:03:27,116.342749,39.87354
Car-1,2008-10-02 00:03:32,116.342653,39.873106
Car-1,2008-10-02 00:03:37,116.342601,39.872675
Car-1,2008-10-02 00:03:42,116.342569,39.872264
Car-1,2008-10-02 00:03:47,116.342495,39.871841
Car-1,2008-10-02 00:03:52,116.342466,39.871465
Car-1,2008-10-02 00:03:57,116.342396,39.871062
Car-1,2008-10-02 00:04:02,116.342329,39.870648
Car-1,2008-10-02 00:04:07,116.342256,39.870281
Car-1,2008-10-02 00:04:12,116.342221,39.870136
Car-1,2008-10-02 00:04:17,116.342216,39.87012
Car-1,2008-10-02 00:04:22,116.342189,39.870071
Car-1,2008-10-02 00:04:27,116.342167,39.86994
Car-1,2008-10-02 00:04:32,116.342182,39.869634
Car-1,2008-10-02 00:04:37,116.342148,39.869243
Car-1,2008-10-02 00:04:42,116.342074,39.868849
Car-1,2008-10-02 00:04:47,116.34195,39.868482
Car-1,2008-10-02 00:04:52,116.341747,39.86821
Car-1,2008-10-02 00:04:57,116.341515,39.868024
Car-1,2008-10-02 00:05:02,116.341249,39.867872
Car-1,2008-10-02 00:05:07,116.340963,39.867696
Car-1,2008-10-02 00:05:12,116.340661,39.867465
Car-1,2008-10-02 00:05:17,116.340455,39.867005
Car-1,2008-10-02 00:05:22,116.340397,39.866656
Car-1,2008-10-02 00:05:27,116.340443,39.866259
Car-1,2008-10-02 00:05:32,116.340754,39.866096
Car-1,2008-10-02 00:05:37,116.341155,39.865967
Car-1,2008-10-02 00:05:42,116.341605,39.865792
Car-1,2008-10-02 00:05:47,116.342122,39.865633
Car-1,2008-10-02 00:05:52,116.342684,39.865564
Car-1,2008-10-02 00:05:57,116.343231,39.865566
Car-1,2008-10-02 00:06:02,116.343728,39.865622
Car-1,2008-10-02 00:06:07,116.344262,39.865755
Car-1,2008-10-02 00:06:12,116.344704,39.865931
Car-1,2008-10-02 00:06:17,116.345219,39.866149
Car-1,2008-10-02 00:06:22,116.345776,39.866425
Car-1,2008-10-02 00:06:27,116.346332,39.866574
Car-1,2008-10-02 00:06:32,116.346856,39.86656
Car-1,2008-10-02 00:06:37,116.347264,39.866534
Car-1,2008-10-02 00:06:42,116.347686,39.866551
Car-1,2008-10-02 00:06:47,116.348206,39.866576
Car-1,2008-10-02 00:06:52,116.348747,39.866592
Car-1,2008-10-02 00:06:57,116.349142,39.866562
Car-1,2008-10-02 00:07:02,116.349203,39.86655
Car-1,2008-10-02 00:07:07,116.349191,39.866554
Car-1,2008-10-02 00:07:10,116.349191,39.866554
Car-1,2008-10-02 00:07:12,116.349189,39.866555
Car-1,2008-10-02 00:07:17,116.349249,39.866579
Car-1,2008-10-02 00:07:22,116.349515,39.866624
Car-1,2008-10-02 00:07:27,116.349843,39.866639
Car-1,2008-10-02 00:07:32,116.350241,39.866666
Car-1,2008-10-02 00:07:37,116.350694,39.866693
Car-1,2008-10-02 00:07:42,116.351265,39.866717
Car-1,2008-10-02 00:07:47,116.351901,39.866748
Car-1,2008-10-02 00:07:52,116.352551,39.866786
Car-1,2008-10-02 00:07:57,116.353181,39.866844
Car-1,2008-10-02 00:08:02,116.353674,39.866897
Car-1,2008-10-02 00:08:07,116.353946,39.866932
Car-1,2008-10-02 00:08:12,116.35429,39.867005
Car-1,2008-10-02 00:08:17,116.354693,39.867046
Car-1,2008-10-02 00:08:22,116.355193,39.867143
Car-1,2008-10-02 00:08:27,116.355731,39.867212
Car-1,2008-10-02 00:08:32,116.356135,39.867246
Car-1,2008-10-02 00:08:37,116.356251,39.867246
Car-1,2008-10-02 00:08:42,116.356298,39.867234
Car-1,2008-10-02 00:08:47,116.356322,39.867248
Car-1,2008-10-02 00:08:52,116.356517,39.867311
Car-1,2008-10-02 00:08:57,116.356784,39.867364
Car-1,2008-10-02 00:09:02,116.357036,39.867396
Car-1,2008-10-02 00:09:07,116.357296,39.867433
Car-1,2008-10-02 00:09:12,116.357463,39.867446
Car-1,2008-10-02 00:09:17,116.357531,39.86745
Car-1,2008-10-02 00:09:20,116.357531,39.86745
Car-1,2008-10-02 00:09:22,116.35753,39.867444
Car-1,2008-10-02 00:09:27,116.357516,39.867442
Car-1,2008-10-02 00:09:32,116.357588,39.86746
Car-1,2008-10-02 00:09:37,116.357902,39.867519
Car-1,2008-10-02 00:09:42,116.35832,39.867594
Car-1,2008-10-02 00:09:47,116.358807,39.867679
Car-1,2008-10-02 00:09:52,116.359365,39.867789
Car-1,2008-10-02 00:09:57,116.359952,39.867911
Car-1,2008-10-02 00:10:02,116.360614,39.868027
Car-1,2008-10-02 00:10:07,116.361308,39.868141
Car-1,2008-10-02 00:10:12,116.362002,39.86819
Car-1,2008-10-02 00:10:17,116.362662,39.868233
Car-1,2008-10-02 00:10:22,116.363265,39.868312
Car-1,2008-10-02 00:10:27,116.36393,39.868349
Car-1,2008-10-02 00:10:32,116.36455,39.868403
Car-1,2008-10-02 00:10:37,116.365124,39.868481
Car-1,2008-10-02 00:10:42,116.365429,39.868508
Car-1,2008-10-02 00:10:47,116.365783,39.868476
Car-1,2008-10-02 00:10:52,116.366186,39.868504
Car-1,2008-10-02 00:10:57,116.366679,39.868563
Car-1,2008-10-02 00:11:02,116.367183,39.868586
Car-1,2008-10-02 00:11:07,116.367604,39.868613
Car-1,2008-10-02 00:11:12,116.367765,39.868655
Car-1,2008-10-02 00:11:17,116.367772,39.868639
Car-1,2008-10-02 00:11:22,116.367784,39.86864
Car-1,2008-10-02 00:11:27,116.367783,39.86864
Car-1,2008-10-02 00:11:32,116.367785,39.86864
Car-1,2008-10-02 00:11:37,116.367781,39.868639
Car-1,2008-10-02 00:11:42,116.367781,39.86864
Car-1,2008-10-02 00:11:47,116.367784,39.86864
Car-1,2008-10-02 00:11:52,116.367781,39.86864
Car-1,2008-10-02 00:11:55,116.367781,39.86864
Car-1,2008-10-02 00:11:57,116.367779,39.86864
Car-1,2008-10-02 00:12:02,116.367767,39.868637
Car-1,2008-10-02 00:12:07,116.367753,39.868634
Car-1,2008-10-02 00:12:12,116.367752,39.868633
Car-1,2008-10-02 00:12:17,116.367758,39.868633
Car-1,2008-10-02 00:12:22,116.367761,39.868633
Car-1,2008-10-02 00:12:27,116.367765,39.868634
Car-1,2008-10-02 00:12:32,116.367761,39.868634
Car-1,2008-10-02 00:12:37,116.367757,39.868634
Car-1,2008-10-02 00:12:40,116.367757,39.868634
Car-1,2008-10-02 00:12:42,116.367753,39.868633
Car-1,2008-10-02 00:12:47,116.36788,39.868649
Car-1,2008-10-02 00:12:52,116.368164,39.868655
Car-1,2008-10-02 00:12:57,116.368569,39.86868
Car-1,2008-10-02 00:13:02,116.369088,39.868742
Car-1,2008-10-02 00:13:07,116.369621,39.86878
Car-1,2008-10-02 00:13:12,116.370213,39.868824
Car-1,2008-10-02 00:13:17,116.370844,39.86885
Car-1,2008-10-02 00:13:22,116.371523,39.868893
Car-1,2008-10-02 00:13:27,116.372206,39.868947
Car-1,2008-10-02 00:13:32,116.372932,39.868977
Car-1,2008-10-02 00:13:37,116.373687,39.869
Car-1,2008-10-02 00:13:42,116.374323,39.869058
Car-1,2008-10-02 00:13:47,116.374704,39.869146
Car-1,2008-10-02 00:13:52,116.374771,39.869134
Car-1,2008-10-02 00:13:57,116.374781,39.869123
Car-1,2008-10-02 00:14:02,116.374814,39.869106
Car-1,2008-10-02 00:14:07,116.374848,39.869091
Car-1,2008-10-02 00:14:12,116.374928,39.869069
Car-1,2008-10-02 00:14:17,116.375019,39.869066
Car-1,2008-10-02 00:14:22,116.375111,39.869087
Car-1,2008-10-02 00:14:27,116.3752,39.869096
Car-1,2008-10-02 00:14:32,116.375279,39.8691
Car-1,2008-10-02 00:14:37,116.37535,39.86911
Car-1,2008-10-02 00:14:42,116.375416,39.869109
Car-1,2008-10-02 00:14:47,116.375494,39.869107
Car-1,2008-10-02 00:14:52,116.375563,39.86909
Car-1,2008-10-02 00:14:57,116.375643,39.869071
Car-1,2008-10-02 00:15:02,116.375713,39.869073
Car-1,2008-10-02 00:15:07,116.375807,39.869061
Car-1,2008-10-02 00:15:12,116.375914,39.869087
Car-1,2008-10-02 00:15:17,116.375992,39.869082
Car-1,2008-10-02 00:15:22,116.376056,39.869078
Car-1,2008-10-02 00:15:27,116.376142,39.869079
Car-1,2008-10-02 00:15:32,116.376228,39.869114
Car-1,2008-10-02 00:15:37,116.376309,39.869139
Car-1,2008-10-02 00:15:42,116.376385,39.869148
Car-1,2008-10-02 00:15:47,116.376446,39.869175
Car-1,2008-10-02 00:15:52,116.376524,39.869164
Car-1,2008-10-02 00:15:57,116.376617,39.869161
Car-1,2008-10-02 00:16:02,116.376704,39.869175
Car-1,2008-10-02 00:16:07,116.376786,39.869194
Car-1,2008-10-02 00:16:12,116.37687,39.869205
Car-1,2008-10-02 00:16:17,116.37694,39.869213
Car-1,2008-10-02 00:16:22,116.37703,39.869213
Car-1,2008-10-02 00:16:27,116.377094,39.869207
Car-1,2008-10-02 00:16:32,116.377169,39.869191
Car-1,2008-10-02 00:16:37,116.377246,39.869176
Car-1,2008-10-02 00:16:42,116.377325,39.869158
Car-1,2008-10-02 00:16:47,116.377423,39.869165
Car-1,2008-10-02 00:16:52,116.377507,39.869182
Car-1,2008-10-02 00:16:57,116.377599,39.869188
Car-1,2008-10-02 00:17:02,116.377672,39.869203
Car-1,2008-10-02 00:17:07,116.377727,39.869214
Car-1,2008-10-02 00:17:12,116.377781,39.869236
Car-1,2008-10-02 00:17:17,116.377852,39.869239
Car-1,2008-10-02 00:17:22,116.377956,39.869235
Car-1,2008-10-02 00:17:27,116.378023,39.869205
Car-1,2008-10-02 00:17:32,116.378103,39.869189
Car-1,2008-10-02 00:17:37,116.378186,39.869189
Car-1,2008-10-02 00:17:42,116.378279,39.86918
Car-1,2008-10-02 00:17:47,116.378376,39.869185
Car-1,2008-10-02 00:17:52,116.378451,39.869199
Car-1,2008-10-02 00:17:57,116.378547,39.869192
Car-1,2008-10-02 00:18:02,116.378638,39.869185
Car-1,2008-10-02 00:18:07,116.378726,39.869172
Car-1,2008-10-02 00:18:12,116.378815,39.869153
Car-1,2008-10-02 00:18:17,116.378911,39.869137
Car-1,2008-10-02 00:18:22,116.378997,39.869112
Car-1,2008-10-02 00:18:27,116.379073,39.869078
Car-1,2008-10-02 00:18:32,116.37914,39.869051
Car-1,2008-10-02 00:18:37,116.379232,39.869062
Car-1,2008-10-02 00:18:42,116.379305,39.869058
Car-1,2008-10-02 00:18:47,116.379379,39.869066
Car-1,2008-10-02 00:18:52,116.379465,39.869093
Car-1,2008-10-02 00:18:57,116.379553,39.869086
Car-1,2008-10-02 00:19:02,116.379643,39.869098
Car-1,2008-10-02 00:19:07,116.379728,39.869103
Car-1,2008-10-02 00:19:12,116.37981,39.869123
Car-1,2008-10-02 00:19:17,116.379899,39.869118
Car-1,2008-10-02 00:19:22,116.379989,39.869137
Car-1,2008-10-02 00:19:27,116.380056,39.869131
Car-1,2008-10-02 00:19:32,116.380131,39.869122
Car-1,2008-10-02 00:19:37,116.380209,39.86914
Car-1,2008-10-02 00:19:42,116.380313,39.869158
Car-1,2008-10-02 00:19:47,116.380353,39.869213
Car-1,2008-10-02 00:19:52,116.380427,39.869219
Car-1,2008-10-02 00:19:57,116.380505,39.869213
Car-1,2008-10-02 00:20:02,116.380599,39.869211
Car-1,2008-10-02 00:20:07,116.380695,39.869226
Car-1,2008-10-02 00:20:12,116.380773,39.869223
Car-1,2008-10-02 00:20:17,116.38083,39.869246
Car-1,2008-10-02 00:20:22,116.380902,39.869254
Car-1,2008-10-02 00:20:27,116.38097,39.869263
Car-1,2008-10-02 00:20:32,116.381043,39.869274
Car-1,2008-10-02 00:20:37,116.381085,39.869294
Car-1,2008-10-02 00:20:42,116.381155,39.86929
Car-1,2008-10-02 00:20:47,116.381252,39.869263
Car-1,2008-10-02 00:20:52,116.38129,39.869253
Car-1,2008-10-02 00:20:57,116.381309,39.869207
Car-1,2008-10-02 00:21:02,116.381313,39.869137
Car-1,2008-10-02 00:21:07,116.381334,39.869062
Car-1,2008-10-02 00:21:12,116.381335,39.86901
Car-1,2008-10-02 00:21:17,116.381324,39.868954
Car-1,2008-10-02 00:21:22,116.381318,39.868905
Car-1,2008-10-02 00:21:27,116.381318,39.868828
Car-1,2008-10-02 00:21:32,116.381314,39.868776
Car-1,2008-10-02 00:21:37,116.38138,39.868688
Car-1,2008-10-02 00:21:42,116.381389,39.868636
Car-1,2008-10-02 00:21:47,116.381388,39.868591
Car-1,2008-10-02 00:21:52,116.381407,39.86852
Car-1,2008-10-02 00:21:57,116.381433,39.868428
Car-1,2008-10-02 00:22:02,116.381444,39.868361
Car-1,2008-10-02 00:22:07,116.381432,39.868287
Car-1,2008-10-02 00:22:12,116.381426,39.868217
Car-1,2008-10-02 00:22:17,116.381447,39.868145
Car-1,2008-10-02 00:22:22,116.381466,39.868088
Car-1,2008-10-02 00:22:27,116.381499,39.86801
Car-1,2008-10-02 00:22:32,116.381526,39.867932
Car-1,2008-10-02 00:22:37,116.381526,39.86789
Car-1,2008-10-02 00:22:42,116.381542,39.867861
Car-1,2008-10-02 00:22:47,116.381539,39.867837
Car-1,2008-10-02 00:22:52,116.381523,39.867768
Car-1,2008-10-02 00:22:57,116.381534,39.867678
Car-1,2008-10-02 00:23:02,116.381526,39.867602
Car-1,2008-10-02 00:23:07,116.381543,39.867551
Car-1,2008-10-02 00:23:12,116.381534,39.867484
Car-1,2008-10-02 00:23:17,116.381563,39.867405
Car-1,2008-10-02 00:23:22,116.381581,39.867363
Car-1,2008-10-02 00:23:27,116.381582,39.867307
Car-1,2008-10-02 00:23:32,116.381591,39.867227
Car-1,2008-10-02 00:23:37,116.381594,39.867147
Car-1,2008-10-02 00:23:42,116.381597,39.867077
Car-1,2008-10-02 00:23:47,116.38161,39.867013
Car-1,2008-10-02 00:23:52,116.381612,39.866918
Car-1,2008-10-02 00:23:57,116.381622,39.866847
Car-1,2008-10-02 00:24:02,116.381644,39.866799
Car-1,2008-10-02 00:24:07,116.381673,39.866751
Car-1,2008-10-02 00:24:12,116.38166,39.866682
Car-1,2008-10-02 00:24:17,116.381624,39.866611
Car-1,2008-10-02 00:24:22,116.381583,39.866541
Car-1,2008-10-02 00:24:27,116.38153,39.866475
Car-1,2008-10-02 00:24:32,116.381542,39.866414
Car-1,2008-10-02 00:24:37,116.381545,39.866372
Car-1,2008-10-02 00:24:42,116.381538,39.866332
Car-1,2008-10-02 00:24:47,116.381521,39.866267
Car-1,2008-10-02 00:24:52,116.381534,39.866173
Car-1,2008-10-02 00:25:27,116.381701,39.865712
Car-1,2008-10-02 00:25:32,116.381609,39.865641
Car-1,2008-10-02 00:25:37,116.381617,39.865594
Car-1,2008-10-02 00:25:42,116.38163,39.865564
Car-1,2008-10-02 00:25:47,116.381605,39.865504
Car-1,2008-10-02 00:25:52,116.381604,39.865447
Car-1,2008-10-02 00:25:57,116.381639,39.865363
Car-1,2008-10-02 00:26:02,116.381645,39.865277
Car-1,2008-10-02 00:26:07,116.381658,39.865214
Car-1,2008-10-02 00:26:12,116.38165,39.865168
Car-1,2008-10-02 00:26:17,116.381642,39.865083
Car-1,2008-10-02 00:26:22,116.381613,39.86502
Car-1,2008-10-02 00:26:27,116.381599,39.864974
Car-1,2008-10-02 00:26:32,116.381605,39.86491
Car-1,2008-10-02 00:26:37,116.381584,39.864835
Car-1,2008-10-02 00:26:42,116.38162,39.864739
Car-1,2008-10-02 00:26:47,116.381599,39.864625
Car-1,2008-10-02 00:26:52,116.381578,39.864547
Car-1,2008-10-02 00:26:57,116.38154,39.864488
Car-1,2008-10-02 00:27:02,116.381505,39.864451
Car-1,2008-10-02 00:27:07,116.381501,39.864442
Car-1,2008-10-02 00:27:12,116.381494,39.864419
Car-1,2008-10-02 00:27:17,116.381481,39.864298
Car-1,2008-10-02 00:27:22,116.381463,39.864239
Car-1,2008-10-02 00:27:27,116.381385,39.864152
Car-1,2008-10-02 00:27:32,116.38136,39.864092
Car-1,2008-10-02 00:27:37,116.381343,39.864
Car-1,2008-10-02 00:27:42,116.381264,39.864007
Car-1,2008-10-02 00:27:47,116.381123,39.863985
Car-1,2008-10-02 00:27:52,116.381029,39.863975
Car-1,2008-10-02 00:27:57,116.380915,39.863983
Car-1,2008-10-02 00:28:02,116.380821,39.86398
Car-1,2008-10-02 00:28:07,116.380739,39.863992
Car-1,2008-10-02 00:28:12,116.380661,39.864022
Car-1,2008-10-02 00:28:17,116.380555,39.864068
Car-1,2008-10-02 00:28:22,116.380494,39.864107
Car-1,2008-10-02 00:28:27,116.380448,39.864134
Car-1,2008-10-02 00:28:32,116.380364,39.864166
Car-1,2008-10-02 00:28:37,116.380296,39.864196
Car-1,2008-10-02 00:28:42,116.38024,39.864242
Car-1,2008-10-02 00:28:47,116.38018,39.864283
Car-1,2008-10-02 00:28:52,116.380125,39.864333
Car-1,2008-10-02 00:28:57,116.380061,39.86437
Car-1,2008-10-02 00:29:02,116.380003,39.864402
Car-1,2008-10-02 00:29:07,116.379946,39.864423
Car-1,2008-10-02 00:29:12,116.379883,39.864451
Car-1,2008-10-02 00:29:17,116.379778,39.864488
Car-1,2008-10-02 00:29:22,116.379705,39.864508
Car-1,2008-10-02 00:29:27,116.37963,39.864548
Car-1,2008-10-02 00:29:32,116.379553,39.864591
Car-1,2008-10-02 00:29:37,116.379504,39.864625
Car-1,2008-10-02 00:29:42,116.379451,39.86465
Car-1,2008-10-02 00:29:47,116.379365,39.864636
Car-1,2008-10-02 00:29:52,116.379309,39.864687
Car-1,2008-10-02 00:29:57,116.379216,39.864741
Car-1,2008-10-02 00:30:02,116.379134,39.864777
Car-1,2008-10-02 00:30:07,116.379046,39.864792
Car-1,2008-10-02 00:30:12,116.378966,39.864803
Car-1,2008-10-02 00:30:17,116.378894,39.864809
Car-1,2008-10-02 00:30:22,116.378819,39.864797
Car-1,2008-10-02 00:30:27,116.378724,39.864815
Car-1,2008-10-02 00:30:32,116.378632,39.864838
Car-1,2008-10-02 00:30:37,116.378543,39.864848
Car-1,2008-10-02 00:30:42,116.378453,39.864849
Car-1,2008-10-02 00:30:47,116.378375,39.864844
Car-1,2008-10-02 00:30:52,116.378293,39.86484
Car-1,2008-10-02 00:30:57,116.378207,39.864835
Car-1,2008-10-02 00:31:02,116.378129,39.864816
Car-1,2008-10-02 00:31:07,116.378056,39.864801
Car-1,2008-10-02 00:31:12,116.377966,39.864796
Car-1,2008-10-02 00:31:17,116.377893,39.864787
Car-1,2008-10-02 00:31:22,116.377815,39.864779
Car-1,2008-10-02 00:31:27,116.377727,39.864771
Car-1,2008-10-02 00:31:32,116.377643,39.864765
Car-1,2008-10-02 00:31:37,116.377563,39.864745
Car-1,2008-10-02 00:31:42,116.377474,39.864753
Car-1,2008-10-02 00:31:47,116.377386,39.864756
Car-1,2008-10-02 00:31:52,116.377295,39.864753
Car-1,2008-10-02 00:31:57,116.377203,39.864733
Car-1,2008-10-02 00:32:02,116.377123,39.864689
Car-1,2008-10-02 00:32:07,116.377048,39.864669
Car-1,2008-10-02 00:32:12,116.376979,39.864685
Car-1,2008-10-02 00:32:17,116.376904,39.864658
Car-1,2008-10-02 00:32:22,116.376849,39.864606
Car-1,2008-10-02 00:32:27,116.376753,39.864591
Car-1,2008-10-02 00:32:32,116.376681,39.864557
Car-1,2008-10-02 00:32:37,116.37662,39.864514
Car-1,2008-10-02 00:32:42,116.376559,39.864478
Car-1,2008-10-02 00:32:47,116.376501,39.864436
Car-1,2008-10-02 00:32:52,116.376433,39.864402
Car-1,2008-10-02 00:32:57,116.37637,39.864352
Car-1,2008-10-02 00:33:02,116.376327,39.86431
Car-1,2008-10-02 00:33:07,116.376271,39.864267
Car-1,2008-10-02 00:33:12,116.376214,39.864226
Car-1,2008-10-02 00:33:17,116.376123,39.864196
Car-1,2008-10-02 00:33:22,116.376054,39.864149
Car-1,2008-10-02 00:33:27,116.376007,39.86411
Car-1,2008-10-02 00:33:32,116.375965,39.864081
Car-1,2008-10-02 00:33:37,116.375896,39.864035
Car-1,2008-10-02 00:33:42,116.375821,39.863978
Car-1,2008-10-02 00:33:47,116.375743,39.863939
Car-1,2008-10-02 00:33:52,116.375705,39.863882
Car-1,2008-10-02 00:33:57,116.375631,39.863857
Car-1,2008-10-02 00:34:02,116.375572,39.863813
Car-1,2008-10-02 00:34:07,116.375515,39.863773
Car-1,2008-10-02 00:34:12,116.375473,39.863724
Car-1,2008-10-02 00:34:17,116.375422,39.863676
Car-1,2008-10-02 00:34:22,116.375365,39.863622
Car-1,2008-10-02 00:34:27,116.375315,39.863597
Car-1,2008-10-02 00:34:32,116.375286,39.863533
Car-1,2008-10-02 00:34:37,116.375233,39.863494
Car-1,2008-10-02 00:34:42,116.37517,39.863468
Car-1,2008-10-02 00:34:47,116.375099,39.863393
Car-1,2008-10-02 00:34:52,116.375041,39.863314
Car-1,2008-10-02 00:34:57,116.375042,39.86324
Car-1,2008-10-02 00:35:02,116.374993,39.863201
Car-1,2008-10-02 00:35:07,116.374926,39.863202
Car-1,2008-10-02 00:35:12,116.374914,39.863146
Car-1,2008-10-02 00:35:17,116.374869,39.863093
Car-1,2008-10-02 00:35:22,116.374807,39.863052
Car-1,2008-10-02 00:35:27,116.37469,39.863013
Car-1,2008-10-02 00:35:32,116.374635,39.862961
Car-1,2008-10-02 00:35:37,116.374588,39.862908
Car-1,2008-10-02 00:35:42,116.374547,39.862845
Car-1,2008-10-02 00:35:47,116.374499,39.862775
Car-1,2008-10-02 00:35:52,116.374441,39.862733
Car-1,2008-10-02 00:35:57,116.374369,39.862694
Car-1,2008-10-02 00:36:02,116.374308,39.862666
Car-1,2008-10-02 00:36:07,116.374268,39.862632
Car-1,2008-10-02 00:36:12,116.374205,39.862591
Car-1,2008-10-02 00:36:17,116.374163,39.862545
Car-1,2008-10-02 00:36:22,116.374097,39.862503
Car-1,2008-10-02 00:36:27,116.374048,39.86248
Car-1,2008-10-02 00:36:32,116.373974,39.86245
Car-1,2008-10-02 00:36:37,116.373951,39.862427
Car-1,2008-10-02 00:36:42,116.373988,39.86245
Car-1,2008-10-02 00:36:47,116.374,39.862496
Car-1,2008-10-02 00:36:52,116.374016,39.862498
Car-1,2008-10-02 00:36:55,116.374016,39.862498
Car-1,2008-10-02 00:36:57,116.37402,39.862498
Car-1,2008-10-02 00:37:02,116.374029,39.862505
Car-1,2008-10-02 00:37:07,116.374043,39.862539
Car-1,2008-10-02 00:37:12,116.374032,39.862564
Car-1,2008-10-02 00:37:17,116.374019,39.862579
Car-1,2008-10-02 00:37:22,116.373996,39.862624
Car-1,2008-10-02 00:37:27,116.373996,39.862659
Car-1,2008-10-02 00:37:32,116.373995,39.862691
Car-1,2008-10-02 00:37:42,116.37343,39.86259
Car-1,2008-10-02 00:37:47,116.373438,39.862546
Car-1,2008-10-02 00:37:57,116.373918,39.862574
Car-1,2008-10-02 00:38:02,116.373919,39.862578
Car-1,2008-10-02 00:38:05,116.373919,39.862578
Car-1,2008-10-02 00:38:07,116.373923,39.862581
Car-1,2008-10-02 00:38:12,116.373893,39.862624
Car-1,2008-10-02 00:38:17,116.373862,39.862711
Car-1,2008-10-02 00:38:22,116.373862,39.862783
Car-1,2008-10-02 00:38:27,116.37386,39.862891
Car-1,2008-10-02 00:38:32,116.373844,39.86306
Car-1,2008-10-02 00:38:57,116.373909,39.863038
Car-1,2008-10-02 00:39:17,116.374089,39.862743
Car-1,2008-10-02 00:39:22,116.374104,39.862818
Car-1,2008-10-02 00:43:27,116.37403,39.862778
Car-1,2008-10-02 00:43:32,116.373826,39.863072
Car-1,2008-10-02 00:43:37,116.373791,39.862939
Car-1,2008-10-02 00:43:42,116.37373,39.862878
Car-1,2008-10-02 00:43:47,116.373689,39.862849
Car-1,2008-10-02 00:43:52,116.373652,39.862888
Car-1,2008-10-02 00:43:57,116.373612,39.862904
Car-1,2008-10-02 00:44:02,116.373594,39.862889
Car-1,2008-10-02 00:44:07,116.373563,39.862853
Car-1,2008-10-02 00:44:12,116.373598,39.8628
Car-1,2008-10-02 00:44:17,116.373641,39.862733
Car-1,2008-10-02 00:44:22,116.373619,39.862696
Car-1,2008-10-02 00:44:27,116.373627,39.862679
Car-1,2008-10-02 00:44:32,116.373702,39.862639
Car-1,2008-10-02 00:44:37,116.373763,39.862605
Car-1,2008-10-02 00:44:42,116.373786,39.862599
Car-1,2008-10-02 00:44:45,116.373786,39.862599
Car-1,2008-10-02 00:44:47,116.37378,39.862595
Car-1,2008-10-02 00:44:52,116.373771,39.86259
Car-1,2008-10-02 00:44:57,116.373743,39.862578
Car-1,2008-10-02 00:45:02,116.373736,39.86264
Car-1,2008-10-02 00:45:07,116.373732,39.86266
Car-1,2008-10-02 00:45:10,116.373732,39.86266
Car-1,2008-10-02 00:45:12,116.373737,39.862667
Car-1,2008-10-02 00:45:17,116.373751,39.862706
Car-1,2008-10-02 00:45:37,116.373639,39.863308
Car-1,2008-10-02 00:45:40,116.373639,39.863308
Car-1,2008-10-02 00:45:42,116.373645,39.863311
Car-1,2008-10-02 00:45:57,116.373576,39.863409
Car-1,2008-10-02 00:46:27,116.374156,39.862848
Car-1,2008-10-02 00:46:37,116.374102,39.862805
Car-1,2008-10-02 00:46:42,116.373975,39.862558
Car-1,2008-10-02 00:46:47,116.374096,39.862368
Car-1,2008-10-02 00:46:52,116.374482,39.862347
Car-1,2008-10-02 00:46:57,116.374621,39.862382
Car-1,2008-10-02 00:47:02,116.374651,39.862447
Car-1,2008-10-02 00:47:07,116.374701,39.862511
Car-1,2008-10-02 00:47:12,116.374627,39.862473
Car-1,2008-10-02 00:47:17,116.374695,39.86243
Car-1,2008-10-02 00:47:22,116.374738,39.862383
Car-1,2008-10-02 00:47:27,116.374696,39.86232
Car-1,2008-10-02 00:47:32,116.374662,39.862273
Car-1,2008-10-02 00:47:37,116.374632,39.862317
Car-1,2008-10-02 00:47:42,116.374626,39.862363
Car-1,2008-10-02 00:47:47,116.374616,39.862399
Car-1,2008-10-02 00:47:52,116.374596,39.862442
Car-1,2008-10-02 00:47:57,116.374662,39.862626
Car-1,2008-10-02 00:48:02,116.374722,39.862605
Car-1,2008-10-02 00:48:05,116.374722,39.862605
Car-1,2008-10-02 00:48:07,116.374716,39.862607
Car-1,2008-10-02 00:48:12,116.374713,39.862639
Car-1,2008-10-02 00:48:17,116.374787,39.862521
Car-1,2008-10-02 00:48:22,116.374828,39.86252
Car-1,2008-10-02 00:48:27,116.374808,39.86254
Car-1,2008-10-02 00:48:32,116.374805,39.862555
Car-1,2008-10-02 00:48:37,116.37485,39.862578
Car-1,2008-10-02 00:48:42,116.374934,39.86263
Car-1,2008-10-02 00:48:47,116.375011,39.862679
Car-1,2008-10-02 00:48:52,116.375052,39.862713
Car-1,2008-10-02 00:48:57,116.375073,39.862733
Car-1,2008-10-02 00:49:00,116.375073,39.862733
Car-1,2008-10-02 00:49:02,116.375075,39.862736
Car-1,2008-10-02 00:49:07,116.375086,39.862744
Car-1,2008-10-02 00:49:12,116.375099,39.86275
Car-1,2008-10-02 00:49:17,116.375119,39.862769
Car-1,2008-10-02 00:49:22,116.375144,39.862788
Car-1,2008-10-02 00:49:27,116.375142,39.86277
Car-1,2008-10-02 00:49:32,116.375138,39.862767
Car-1,2008-10-02 00:49:37,116.37513,39.862761
Car-1,2008-10-02 00:49:40,116.37513,39.862761
Car-1,2008-10-02 00:49:42,116.375129,39.86276
Car-1,2008-10-02 00:49:47,116.375103,39.862754
Car-1,2008-10-02 00:49:52,116.375083,39.862758
Car-1,2008-10-02 00:49:57,116.375075,39.862752
Car-1,2008-10-02 00:50:02,116.375067,39.862744
Car-1,2008-10-02 00:50:05,116.375067,39.862744
Car-1,2008-10-02 00:50:07,116.37506,39.862745
Car-1,2008-10-02 00:50:12,116.375102,39.862798
Car-1,2008-10-02 00:50:17,116.375245,39.862928
Car-1,2008-10-02 00:50:22,116.375428,39.863109
Car-1,2008-10-02 00:50:27,116.375605,39.863258
Car-1,2008-10-02 00:50:32,116.375795,39.863461
Car-1,2008-10-02 00:50:37,116.375917,39.86372
Car-1,2008-10-02 00:50:42,116.376041,39.863982
Car-1,2008-10-02 00:50:47,116.376298,39.864136
Car-1,2008-10-02 00:50:52,116.376549,39.864309
Car-1,2008-10-02 00:50:57,116.37691,39.86454
Car-1,2008-10-02 00:51:02,116.377263,39.86469
Car-1,2008-10-02 00:51:07,116.377545,39.864761
Car-1,2008-10-02 00:51:12,116.377834,39.864783
Car-1,2008-10-02 00:51:17,116.378212,39.864819
Car-1,2008-10-02 00:51:22,116.378624,39.864832
Car-1,2008-10-02 00:51:27,116.379025,39.864753
Car-1,2008-10-02 00:51:32,116.379404,39.864633
Car-1,2008-10-02 00:51:37,116.379724,39.864517
Car-1,2008-10-02 00:51:42,116.380071,39.864369
Car-1,2008-10-02 00:51:47,116.380353,39.864166
Car-1,2008-10-02 00:51:52,116.380585,39.864013
Car-1,2008-10-02 00:51:57,116.380692,39.863918
Car-1,2008-10-02 00:52:02,116.380729,39.863845
Car-1,2008-10-02 00:52:07,116.380837,39.863762
Car-1,2008-10-02 00:52:12,116.380938,39.863754
Car-1,2008-10-02 00:52:17,116.381039,39.863728
Car-1,2008-10-02 00:52:22,116.381112,39.863721
Car-1,2008-10-02 00:52:27,116.381148,39.863712
Car-1,2008-10-02 00:52:30,116.381148,39.863712
Car-1,2008-10-02 00:52:32,116.381152,39.863715
Car-1,2008-10-02 00:52:37,116.381168,39.863723
Car-1,2008-10-02 00:52:42,116.381172,39.863725
Car-1,2008-10-02 00:52:47,116.381178,39.86373
Car-1,2008-10-02 00:52:50,116.381178,39.86373
Car-1,2008-10-02 00:52:52,116.381183,39.863733
Car-1,2008-10-02 00:52:57,116.381183,39.863716
Car-1,2008-10-02 00:53:02,116.381176,39.863504
Car-1,2008-10-02 00:53:07,116.381075,39.863252
Car-1,2008-10-02 00:53:12,116.380934,39.862937
Car-1,2008-10-02 00:53:17,116.380784,39.86258
Car-1,2008-10-02 00:53:22,116.380684,39.862197
Car-1,2008-10-02 00:53:27,116.380634,39.861742
Car-1,2008-10-02 00:53:32,116.380618,39.861314
Car-1,2008-10-02 00:53:37,116.380618,39.860857
Car-1,2008-10-02 00:53:42,116.380579,39.860451
Car-1,2008-10-02 00:53:47,116.380565,39.860059
Car-1,2008-10-02 00:53:52,116.380531,39.859731
Car-1,2008-10-02 00:53:57,116.380489,39.859504
Car-1,2008-10-02 00:54:02,116.380471,39.85938
Car-1,2008-10-02 00:54:07,116.380464,39.859317
Car-1,2008-10-02 00:54:12,116.380496,39.859288
Car-1,2008-10-02 00:54:17,116.380517,39.859274
Car-1,2008-10-02 00:54:22,116.380517,39.859268
Car-1,2008-10-02 00:54:27,116.380523,39.859274
Car-1,2008-10-02 00:54:30,116.380523,39.859274
Car-1,2008-10-02 00:54:32,116.380528,39.859276
Car-1,2008-10-02 00:54:37,116.380632,39.859272
Car-1,2008-10-02 00:54:42,116.380627,39.859043
Car-1,2008-10-02 00:54:47,116.38063,39.858791
Car-1,2008-10-02 00:54:52,116.380626,39.858459
Car-1,2008-10-02 00:54:57,116.380677,39.858
Car-1,2008-10-02 00:55:02,116.380644,39.85754
Car-1,2008-10-02 00:55:07,116.380623,39.857128
Car-1,2008-10-02 00:55:12,116.380602,39.856843
Car-1,2008-10-02 00:55:17,116.3806,39.856724
Car-1,2008-10-02 00:55:22,116.380639,39.856702
Car-1,2008-10-02 00:55:27,116.380664,39.85672
Car-1,2008-10-02 00:55:32,116.380667,39.856724
Car-1,2008-10-02 00:55:37,116.380663,39.856722
Car-1,2008-10-02 00:55:40,116.380663,39.856722
Car-1,2008-10-02 00:55:42,116.380663,39.856725
Car-1,2008-10-02 00:55:47,116.380673,39.856735
Car-1,2008-10-02 00:55:52,116.380677,39.85674
Car-1,2008-10-02 00:55:57,116.380671,39.856735
Car-1,2008-10-02 00:56:00,116.380671,39.856735
Car-1,2008-10-02 00:56:02,116.380663,39.856728
Car-1,2008-10-02 00:56:07,116.380652,39.856713
Car-1,2008-10-02 00:56:12,116.38064,39.856701
Car-1,2008-10-02 00:56:17,116.380638,39.856699
Car-1,2008-10-02 00:56:20,116.380638,39.856699
Car-1,2008-10-02 00:56:22,116.380644,39.856705
Car-1,2008-10-02 00:56:27,116.380641,39.856689
Car-1,2008-10-02 00:56:32,116.380636,39.856457
Car-1,2008-10-02 00:56:37,116.380621,39.856214
Car-1,2008-10-02 00:56:42,116.380592,39.856102
Car-1,2008-10-02 00:56:47,116.380626,39.856007
Car-1,2008-10-02 00:56:52,116.380761,39.855851
Car-1,2008-10-02 00:56:57,116.380932,39.855668
Car-1,2008-10-02 00:57:02,116.381007,39.855717
Car-1,2008-10-02 00:57:07,116.381126,39.855874
Car-1,2008-10-02 00:57:12,116.381268,39.856093
Car-1,2008-10-02 00:57:17,116.381613,39.856231
Car-1,2008-10-02 00:57:22,116.382123,39.856113
Car-1,2008-10-02 00:57:27,116.382799,39.855986
Car-1,2008-10-02 00:57:32,116.383408,39.85579
Car-1,2008-10-02 00:57:37,116.383905,39.855683
Car-1,2008-10-02 00:57:42,116.384171,39.855651
Car-1,2008-10-02 00:57:47,116.384299,39.85563
Car-1,2008-10-02 00:57:52,116.384369,39.855604
Car-1,2008-10-02 00:57:57,116.384405,39.855617
Car-1,2008-10-02 00:58:02,116.384413,39.855605
Car-1,2008-10-02 00:58:05,116.384413,39.855605
Car-1,2008-10-02 00:58:07,116.384416,39.855609
Car-1,2008-10-02 00:58:12,116.384423,39.855563
Car-1,2008-10-02 00:58:17,116.384447,39.855481
Car-1,2008-10-02 00:58:22,116.384468,39.855399
Car-1,2008-10-02 00:58:27,116.384569,39.855395
Car-1,2008-10-02 00:58:32,116.384649,39.855423
Car-1,2008-10-02 00:58:37,116.384749,39.855514
Car-1,2008-10-02 00:58:42,116.384925,39.855656
Car-1,2008-10-02 00:58:47,116.385143,39.855774
Car-1,2008-10-02 00:58:52,116.385323,39.855668
Car-1,2008-10-02 00:58:57,116.385413,39.855556
Car-1,2008-10-02 00:59:02,116.385693,39.855435
Car-1,2008-10-02 00:59:07,116.385951,39.85539
Car-1,2008-10-02 00:59:12,116.386089,39.855373
Car-1,2008-10-02 00:59:17,116.38615,39.855396
Car-1,2008-10-02 00:59:22,116.386155,39.8554
Car-1,2008-10-02 00:59:27,116.386161,39.855407
Car-1,2008-10-02 00:59:32,116.386163,39.855409
Car-1,2008-10-02 00:59:35,116.386163,39.855409
Car-1,2008-10-02 00:59:37,116.386171,39.855414
Car-1,2008-10-02 00:59:42,116.386249,39.855454
Car-1,2008-10-02 00:59:47,116.386453,39.855482
Car-1,2008-10-02 00:59:52,116.386675,39.85546
Car-1,2008-10-02 00:59:57,116.386844,39.855477
Car-1,2008-10-02 01:00:02,116.386933,39.855457
Car-1,2008-10-02 01:00:07,116.386983,39.855378
Car-1,2008-10-02 01:00:12,116.387065,39.855246
Car-1,2008-10-02 01:00:17,116.387156,39.855171
Car-1,2008-10-02 01:00:22,116.387195,39.855192
Car-1,2008-10-02 01:00:27,116.387234,39.855274
Car-1,2008-10-02 01:00:32,116.387391,39.855403
Car-1,2008-10-02 01:00:37,116.387636,39.855452
Car-1,2008-10-02 01:00:42,116.387811,39.855436
Car-1,2008-10-02 01:00:47,116.387885,39.85543
Car-1,2008-10-02 01:00:50,116.387885,39.85543
Car-1,2008-10-02 01:00:52,116.387889,39.855437
Car-1,2008-10-02 01:00:57,116.3879,39.855467
Car-1,2008-10-02 01:01:02,116.387938,39.855482
Car-1,2008-10-02 01:01:07,116.387955,39.855509
Car-1,2008-10-02 01:01:12,116.388025,39.855569
Car-1,2008-10-02 01:01:17,116.388155,39.855627
Car-1,2008-10-02 01:01:22,116.388368,39.855688
Car-1,2008-10-02 01:01:27,116.388634,39.855765
Car-1,2008-10-02 01:01:32,116.389009,39.855836
Car-1,2008-10-02 01:01:37,116.389475,39.855817
Car-1,2008-10-02 01:01:42,116.390007,39.855776
Car-1,2008-10-02 01:01:47,116.390561,39.855749
Car-1,2008-10-02 01:01:52,116.391159,39.855647
Car-1,2008-10-02 01:01:57,116.391668,39.855618
Car-1,2008-10-02 01:02:02,116.392114,39.85559
Car-1,2008-10-02 01:02:07,116.392497,39.855575
Car-1,2008-10-02 01:02:12,116.392761,39.855527
Car-1,2008-10-02 01:02:17,116.392899,39.855509
Car-1,2008-10-02 01:02:22,116.393,39.855525
Car-1,2008-10-02 01:02:27,116.393109,39.855509
Car-1,2008-10-02 01:02:32,116.393282,39.855461
Car-1,2008-10-02 01:02:37,116.393437,39.855332
Car-1,2008-10-02 01:02:42,116.393512,39.855164
Car-1,2008-10-02 01:02:47,116.393636,39.855015
Car-1,2008-10-02 01:03:37,116.39452,39.855511
Car-1,2008-10-02 01:03:42,116.394672,39.855496
Car-1,2008-10-02 01:03:47,116.394822,39.855493
Car-1,2008-10-02 01:03:52,116.39511,39.855483
Car-1,2008-10-02 01:03:57,116.395519,39.855498
Car-1,2008-10-02 01:04:02,116.395959,39.855492
Car-1,2008-10-02 01:04:07,116.396437,39.855495
Car-1,2008-10-02 01:04:12,116.396941,39.855484
Car-1,2008-10-02 01:04:17,116.397413,39.855498
Car-1,2008-10-02 01:04:22,116.397867,39.855534
Car-1,2008-10-02 01:04:27,116.398295,39.855543
Car-1,2008-10-02 01:04:32,116.398737,39.855519
Car-1,2008-10-02 01:04:37,116.399218,39.855556
Car-1,2008-10-02 01:04:42,116.399771,39.855593
Car-1,2008-10-02 01:04:47,116.400304,39.855516
Car-1,2008-10-02 01:04:52,116.400847,39.855404
Car-1,2008-10-02 01:04:57,116.401213,39.855384
Car-1,2008-10-02 01:05:02,116.401659,39.855448
Car-1,2008-10-02 01:05:07,116.402193,39.855497
Car-1,2008-10-02 01:05:12,116.402737,39.855573
Car-1,2008-10-02 01:05:17,116.403307,39.855623
Car-1,2008-10-02 01:05:22,116.403872,39.855668
Car-1,2008-10-02 01:05:27,116.404528,39.855715
Car-1,2008-10-02 01:05:32,116.405107,39.85568
Car-1,2008-10-02 01:05:37,116.405566,39.8557
Car-1,2008-10-02 01:05:42,116.406026,39.85558
Car-1,2008-10-02 01:05:47,116.406458,39.855446
Car-1,2008-10-02 01:05:52,116.406657,39.855499
Car-1,2008-10-02 01:05:57,116.406755,39.855491
Car-1,2008-10-02 01:06:02,116.406911,39.855415
Car-1,2008-10-02 01:06:07,116.407123,39.855325
Car-1,2008-10-02 01:06:12,116.40728,39.855242
Car-1,2008-10-02 01:06:17,116.407543,39.855145
Car-1,2008-10-02 01:06:22,116.407785,39.855059
Car-1,2008-10-02 01:06:27,116.408081,39.855097
Car-1,2008-10-02 01:06:32,116.408336,39.855135
Car-1,2008-10-02 01:06:37,116.408754,39.855223
Car-1,2008-10-02 01:06:42,116.409203,39.855293
Car-1,2008-10-02 01:06:47,116.409538,39.855346
Car-1,2008-10-02 01:06:52,116.409935,39.855418
Car-1,2008-10-02 01:06:57,116.410465,39.85539
Car-1,2008-10-02 01:07:02,116.41087,39.85543
Car-1,2008-10-02 01:07:07,116.411062,39.85548
Car-1,2008-10-02 01:07:12,116.41112,39.855515
Car-1,2008-10-02 01:07:17,116.411187,39.855536
Car-1,2008-10-02 01:07:22,116.411283,39.85556
Car-1,2008-10-02 01:07:27,116.411406,39.855588
Car-1,2008-10-02 01:07:32,116.411471,39.855596
Car-1,2008-10-02 01:07:37,116.411572,39.855534
Car-1,2008-10-02 01:07:42,116.411636,39.85552
Car-1,2008-10-02 01:07:47,116.41164,39.855509
Car-1,2008-10-02 01:07:52,116.411662,39.855495
Car-1,2008-10-02 01:07:57,116.411681,39.855465
Car-1,2008-10-02 01:08:02,116.411636,39.855551
Car-1,2008-10-02 01:08:07,116.41158,39.855538
Car-1,2008-10-02 01:08:12,116.411558,39.855538
Car-1,2008-10-02 01:08:17,116.411624,39.855513
Car-1,2008-10-02 01:08:22,116.411662,39.855515
Car-1,2008-10-02 01:08:27,116.411687,39.855505
Car-1,2008-10-02 01:08:30,116.411687,39.855505
Car-1,2008-10-02 01:08:32,116.41169,39.8555
Car-1,2008-10-02 01:08:37,116.411683,39.855465
Car-1,2008-10-02 01:08:42,116.411626,39.855453
Car-1,2008-10-02 01:08:47,116.411556,39.855467
Car-1,2008-10-02 01:08:52,116.411497,39.855497
Car-1,2008-10-02 01:08:57,116.411428,39.855518
Car-1,2008-10-02 01:09:02,116.411366,39.855526
Car-1,2008-10-02 01:09:07,116.411274,39.855552
Car-1,2008-10-02 01:09:12,116.411219,39.855563
Car-1,2008-10-02 01:09:17,116.41114,39.855586
Car-1,2008-10-02 01:09:22,116.411082,39.855602
Car-1,2008-10-02 01:09:27,116.411005,39.855596
Car-1,2008-10-02 01:09:32,116.410917,39.855596
Car-1,2008-10-02 01:09:37,116.410859,39.855598
Car-1,2008-10-02 01:09:42,116.41079,39.855489
Car-1,2008-10-02 01:09:47,116.410729,39.855463
Car-1,2008-10-02 01:09:52,116.410652,39.855454
Car-1,2008-10-02 01:09:57,116.410582,39.855453
Car-1,2008-10-02 01:10:02,116.410499,39.855461
Car-1,2008-10-02 01:10:07,116.410423,39.855453
Car-1,2008-10-02 01:10:12,116.410324,39.855469
Car-1,2008-10-02 01:10:17,116.410256,39.855447
Car-1,2008-10-02 01:10:22,116.410173,39.855421
Car-1,2008-10-02 01:10:27,116.410113,39.855441
Car-1,2008-10-02 01:10:32,116.410045,39.855453
Car-1,2008-10-02 01:10:37,116.409951,39.855474
Car-1,2008-10-02 01:10:42,116.40986,39.855488
Car-1,2008-10-02 01:10:47,116.409768,39.855489
Car-1,2008-10-02 01:10:52,116.409684,39.855499
Car-1,2008-10-02 01:10:57,116.409622,39.855506
Car-1,2008-10-02 01:11:02,116.409544,39.855522
Car-1,2008-10-02 01:11:07,116.409445,39.855529
Car-1,2008-10-02 01:11:12,116.409377,39.855521
Car-1,2008-10-02 01:11:17,116.40929,39.855493
Car-1,2008-10-02 01:11:22,116.409193,39.855503
Car-1,2008-10-02 01:11:27,116.409109,39.855499
Car-1,2008-10-02 01:11:32,116.409042,39.85545
Car-1,2008-10-02 01:11:37,116.40897,39.855428
Car-1,2008-10-02 01:11:42,116.408891,39.855426
Car-1,2008-10-02 01:11:47,116.408818,39.85542
Car-1,2008-10-02 01:11:52,116.408762,39.855404
Car-1,2008-10-02 01:11:57,116.408674,39.855417
Car-1,2008-10-02 01:12:02,116.408603,39.85541
Car-1,2008-10-02 01:12:07,116.408516,39.855419
Car-1,2008-10-02 01:12:12,116.408416,39.85546
Car-1,2008-10-02 01:12:17,116.40834,39.855474
Car-1,2008-10-02 01:12:22,116.408286,39.855436
Car-1,2008-10-02 01:12:27,116.408238,39.855424
Car-1,2008-10-02 01:12:32,116.408208,39.855412
Car-1,2008-10-02 01:12:37,116.408157,39.855415
Car-1,2008-10-02 01:12:42,116.408074,39.855403
Car-1,2008-10-02 01:12:47,116.407971,39.855397
Car-1,2008-10-02 01:12:52,116.407892,39.855387
Car-1,2008-10-02 01:12:57,116.407818,39.855366
Car-1,2008-10-02 01:13:02,116.407797,39.855357
Car-1,2008-10-02 01:13:07,116.407704,39.855373
Car-1,2008-10-02 01:13:12,116.40762,39.855379
Car-1,2008-10-02 01:13:17,116.407509,39.855387
Car-1,2008-10-02 01:13:22,116.407423,39.855404
Car-1,2008-10-02 01:13:27,116.407334,39.85542
Car-1,2008-10-02 01:13:32,116.40723,39.855432
Car-1,2008-10-02 01:13:37,116.407137,39.855415
Car-1,2008-10-02 01:13:42,116.407051,39.855432
Car-1,2008-10-02 01:13:47,116.406967,39.855458
Car-1,2008-10-02 01:13:52,116.406874,39.855458
Car-1,2008-10-02 01:13:57,116.406774,39.855491
Car-1,2008-10-02 01:14:02,116.406671,39.855522
Car-1,2008-10-02 01:14:07,116.406547,39.855573
Car-1,2008-10-02 01:14:12,116.406447,39.855626
Car-1,2008-10-02 01:14:17,116.406367,39.855582
Car-1,2008-10-02 01:14:22,116.406272,39.855562
Car-1,2008-10-02 01:14:27,116.406213,39.855498
Car-1,2008-10-02 01:14:32,116.406141,39.855445
Car-1,2008-10-02 01:14:37,116.406054,39.855405
Car-1,2008-10-02 01:14:42,116.405993,39.855385
Car-1,2008-10-02 01:14:47,116.405914,39.855412
Car-1,2008-10-02 01:14:52,116.405797,39.855464
Car-1,2008-10-02 01:14:57,116.405683,39.855473
Car-1,2008-10-02 01:15:02,116.405593,39.855472
Car-1,2008-10-02 01:15:07,116.405527,39.855448
Car-1,2008-10-02 01:15:12,116.405441,39.855459
Car-1,2008-10-02 01:15:17,116.40535,39.855466
Car-1,2008-10-02 01:15:22,116.405227,39.855523
Car-1,2008-10-02 01:15:27,116.40516,39.855417
Car-1,2008-10-02 01:15:32,116.405069,39.855396
Car-1,2008-10-02 01:15:37,116.404993,39.85539
Car-1,2008-10-02 01:15:42,116.404914,39.855378
Car-1,2008-10-02 01:15:47,116.404824,39.855385
Car-1,2008-10-02 01:15:52,116.404741,39.855404
Car-1,2008-10-02 01:15:57,116.404651,39.855387
Car-1,2008-10-02 01:16:02,116.404546,39.855384
Car-1,2008-10-02 01:16:07,116.404447,39.855385
Car-1,2008-10-02 01:16:12,116.404347,39.855403
Car-1,2008-10-02 01:16:17,116.404283,39.855405
Car-1,2008-10-02 01:16:22,116.404221,39.855393
Car-1,2008-10-02 01:16:27,116.404135,39.855435
Car-1,2008-10-02 01:16:32,116.404102,39.855428
Car-1,2008-10-02 01:16:37,116.404084,39.855421
Car-1,2008-10-02 01:16:42,116.404092,39.855385
Car-1,2008-10-02 01:16:47,116.404082,39.855311
Car-1,2008-10-02 01:16:52,116.404071,39.855238
Car-1,2008-10-02 01:16:57,116.404065,39.855187
Car-1,2008-10-02 01:17:02,116.404038,39.855142
Car-1,2008-10-02 01:17:07,116.404133,39.8549
Car-1,2008-10-02 01:17:12,116.404084,39.854852
Car-1,2008-10-02 01:17:17,116.404026,39.854783
Car-1,2008-10-02 01:17:22,116.40396,39.854743
Car-1,2008-10-02 01:17:27,116.403929,39.854694
Car-1,2008-10-02 01:17:32,116.403941,39.854646
Car-1,2008-10-02 01:17:37,116.403951,39.854583
Car-1,2008-10-02 01:17:42,116.403948,39.85453
Car-1,2008-10-02 01:17:47,116.403939,39.854473
Car-1,2008-10-02 01:17:52,116.403942,39.854418
Car-1,2008-10-02 01:17:57,116.403938,39.854368
Car-1,2008-10-02 01:18:02,116.403959,39.854307
Car-1,2008-10-02 01:18:07,116.403942,39.854242
Car-1,2008-10-02 01:18:12,116.403971,39.854196
Car-1,2008-10-02 01:18:17,116.403999,39.854133
Car-1,2008-10-02 01:18:22,116.403998,39.854093
Car-1,2008-10-02 01:18:27,116.404005,39.854035
Car-1,2008-10-02 01:18:32,116.404008,39.853979
Car-1,2008-10-02 01:18:37,116.404013,39.853925
Car-1,2008-10-02 01:18:42,116.404028,39.853857
Car-1,2008-10-02 01:18:47,116.404034,39.853818
Car-1,2008-10-02 01:18:52,116.404072,39.853738
Car-1,2008-10-02 01:18:57,116.404128,39.853648
Car-1,2008-10-02 01:19:02,116.404163,39.853591
Car-1,2008-10-02 01:19:07,116.404173,39.853522
Car-1,2008-10-02 01:19:12,116.404214,39.853436
Car-1,2008-10-02 01:19:17,116.404251,39.853371
Car-1,2008-10-02 01:19:22,116.4043,39.853304
Car-1,2008-10-02 01:19:27,116.404306,39.85323
Car-1,2008-10-02 01:19:32,116.404308,39.853209
Car-1,2008-10-02 01:19:37,116.404263,39.853193
Car-1,2008-10-02 01:19:42,116.404215,39.853188
Car-1,2008-10-02 01:19:47,116.404146,39.853169
Car-1,2008-10-02 01:19:52,116.404081,39.853135
Car-1,2008-10-02 01:19:57,116.404033,39.85311
Car-1,2008-10-02 01:20:02,116.404018,39.853045
Car-1,2008-10-02 01:20:07,116.40397,39.852996
Car-1,2008-10-02 01:20:12,116.403945,39.852956
Car-1,2008-10-02 01:20:17,116.403912,39.852933
Car-1,2008-10-02 01:32:27,116.404146,39.853083
Car-1,2008-10-02 01:32:47,116.403929,39.853715
Car-1,2008-10-02 01:32:52,116.40433,39.853266
Car-1,2008-10-02 01:32:57,116.404263,39.8534
Car-1,2008-10-02 01:33:02,116.40427,39.853386
Car-1,2008-10-02 01:33:07,116.404346,39.853336
Car-1,2008-10-02 01:33:12,116.404368,39.853253
Car-1,2008-10-02 01:33:17,116.404342,39.853216
Car-1,2008-10-02 01:33:22,116.404287,39.853187
Car-1,2008-10-02 01:33:27,116.404289,39.853096
Car-1,2008-10-02 01:33:32,116.404355,39.852983
Car-1,2008-10-02 01:33:37,116.404355,39.853034
Car-1,2008-10-02 01:33:42,116.404269,39.853179
Car-1,2008-10-02 01:33:47,116.404207,39.853241
Car-1,2008-10-02 01:33:52,116.404069,39.853397
Car-1,2008-10-02 01:33:57,116.403928,39.853544
Car-1,2008-10-02 01:34:02,116.404014,39.853392
Car-1,2008-10-02 01:34:07,116.404048,39.853293
Car-1,2008-10-02 01:34:12,116.404157,39.853131
Car-1,2008-10-02 01:34:17,116.404219,39.853054
Car-1,2008-10-02 01:34:22,116.404222,39.853052
Car-1,2008-10-02 01:34:25,116.404222,39.853052
Car-1,2008-10-02 01:34:27,116.404222,39.853051
Car-1,2008-10-02 01:35:32,116.403578,39.854368
Car-1,2008-10-02 01:35:37,116.403532,39.854499
Car-1,2008-10-02 01:35:42,116.403701,39.854231
Car-1,2008-10-02 01:35:47,116.403795,39.854106
Car-1,2008-10-02 01:35:52,116.403875,39.854058
Car-1,2008-10-02 01:35:57,116.403852,39.854114
Car-1,2008-10-02 01:36:02,116.403856,39.854173
Car-1,2008-10-02 01:36:07,116.403841,39.854235
Car-1,2008-10-02 01:36:12,116.403853,39.854255
Car-1,2008-10-02 01:36:17,116.403848,39.854279
Car-1,2008-10-02 01:36:22,116.403844,39.854275
Car-1,2008-10-02 01:36:25,116.403844,39.854275
Car-1,2008-10-02 01:36:27,116.403843,39.854277
Car-1,2008-10-02 01:36:32,116.40382,39.854323
Car-1,2008-10-02 01:36:37,116.403824,39.854344
Car-1,2008-10-02 01:36:42,116.403781,39.85437
Car-1,2008-10-02 01:36:47,116.403767,39.854381
Car-1,2008-10-02 01:36:50,116.403767,39.854381
Car-1,2008-10-02 01:36:52,116.403766,39.854386
Car-1,2008-10-02 01:36:57,116.40375,39.854397
Car-1,2008-10-02 01:37:02,116.403739,39.854413
Car-1,2008-10-02 01:37:07,116.403738,39.85442
Car-1,2008-10-02 01:37:12,116.403739,39.854418
Car-1,2008-10-02 01:37:15,116.403739,39.854418
Car-1,2008-10-02 01:37:17,116.403743,39.854413
Car-1,2008-10-02 01:37:22,116.403759,39.854409
Car-1,2008-10-02 01:37:27,116.403756,39.854388
Car-1,2008-10-02 01:37:32,116.403751,39.854348
Car-1,2008-10-02 01:37:37,116.403788,39.854312
Car-1,2008-10-02 01:37:42,116.403784,39.854283
Car-1,2008-10-02 01:37:47,116.403795,39.85425
Car-1,2008-10-02 01:37:50,116.403795,39.85425
Car-1,2008-10-02 01:37:52,116.403798,39.854246
Car-1,2008-10-02 01:37:57,116.403757,39.854237
Car-1,2008-10-02 01:38:02,116.403766,39.854199
Car-1,2008-10-02 01:38:07,116.403769,39.854182
Car-1,2008-10-02 01:38:12,116.403756,39.854138
Car-1,2008-10-02 01:38:17,116.403769,39.854093
Car-1,2008-10-02 01:38:22,116.403764,39.854043
Car-1,2008-10-02 01:38:27,116.403741,39.85405
Car-1,2008-10-02 01:38:32,116.403712,39.85406
Car-1,2008-10-02 01:38:37,116.403673,39.854078
Car-1,2008-10-02 01:38:42,116.40363,39.854099
Car-1,2008-10-02 01:38:47,116.403607,39.85411
Car-1,2008-10-02 01:38:50,116.403607,39.85411
Car-1,2008-10-02 01:38:52,116.403603,39.854116
Car-1,2008-10-02 01:38:57,116.403615,39.854102
Car-1,2008-10-02 01:39:00,116.403615,39.854102
Car-1,2008-10-02 01:39:02,116.403616,39.854106
Car-1,2008-10-02 01:39:07,116.403646,39.854117
Car-1,2008-10-02 01:39:12,116.403708,39.854139
Car-1,2008-10-02 01:39:17,116.40367,39.854158
Car-1,2008-10-02 01:39:22,116.403606,39.854227
Car-1,2008-10-02 01:39:27,116.403548,39.854302
Car-1,2008-10-02 01:39:32,116.403518,39.854354
Car-1,2008-10-02 01:39:37,116.40349,39.854393
Car-1,2008-10-02 01:39:42,116.403492,39.854398
Car-1,2008-10-02 01:39:47,116.4035,39.854406
Car-1,2008-10-02 01:39:52,116.4035,39.854406
Car-1,2008-10-02 01:39:57,116.403495,39.8544
Car-1,2008-10-02 01:40:02,116.403491,39.854399
Car-1,2008-10-02 01:40:07,116.403489,39.854395
Car-1,2008-10-02 01:40:12,116.403488,39.854394
Car-1,2008-10-02 01:40:15,116.403488,39.854394
Car-1,2008-10-02 01:40:17,116.403487,39.854394
Car-1,2008-10-02 01:40:22,116.403494,39.854404
Car-1,2008-10-02 01:40:27,116.403504,39.854413
Car-1,2008-10-02 01:40:32,116.403543,39.854435
Car-1,2008-10-02 01:40:37,116.403554,39.854537
Car-1,2008-10-02 01:40:42,116.403591,39.854508
Car-1,2008-10-02 01:40:47,116.403614,39.854494
Car-1,2008-10-02 01:40:52,116.403609,39.854415
Car-1,2008-10-02 01:40:57,116.403607,39.854408
Car-1,2008-10-02 01:41:00,116.403607,39.854408
Car-1,2008-10-02 01:41:02,116.403602,39.854402
Car-1,2008-10-02 01:41:07,116.403588,39.854387
Car-1,2008-10-02 01:41:12,116.403531,39.854396
Car-1,2008-10-02 01:41:17,116.40295,39.85507
Car-1,2008-10-02 01:41:22,116.402848,39.855223
Car-1,2008-10-02 01:41:27,116.402912,39.855288
Car-1,2008-10-02 01:41:30,116.402912,39.855288
Car-1,2008-10-02 01:41:32,116.402919,39.855294
Car-1,2008-10-02 01:41:37,116.40295,39.85532
Car-1,2008-10-02 01:41:42,116.402962,39.855303
Car-1,2008-10-02 01:41:47,116.402982,39.855248
Car-1,2008-10-02 01:41:52,116.40298,39.855242
Car-1,2008-10-02 01:41:55,116.40298,39.855242
Car-1,2008-10-02 01:41:57,116.402975,39.855235
Car-1,2008-10-02 01:42:02,116.402966,39.855228
Car-1,2008-10-02 01:42:07,116.402958,39.855219
Car-1,2008-10-02 01:42:10,116.402958,39.855219
Car-1,2008-10-02 01:42:12,116.402953,39.855214
Car-1,2008-10-02 01:42:17,116.402944,39.855205
Car-1,2008-10-02 01:42:22,116.402913,39.855192
Car-1,2008-10-02 01:42:27,116.402908,39.85519
Car-1,2008-10-02 01:42:32,116.402911,39.855192
Car-1,2008-10-02 01:42:37,116.402914,39.855195
Car-1,2008-10-02 01:42:40,116.402914,39.855195
Car-1,2008-10-02 01:42:42,116.40291,39.855191
Car-1,2008-10-02 01:42:47,116.402885,39.855181
Car-1,2008-10-02 01:42:52,116.402861,39.85516
Car-1,2008-10-02 01:42:57,116.402858,39.855141
Car-1,2008-10-02 01:43:00,116.402858,39.855141
Car-1,2008-10-02 01:43:02,116.402863,39.85514
Car-1,2008-10-02 01:43:07,116.402842,39.855107
Car-1,2008-10-02 01:43:12,116.402904,39.855096
Car-1,2008-10-02 01:43:17,116.402907,39.855096
Car-1,2008-10-02 01:43:22,116.402902,39.855091
Car-1,2008-10-02 01:43:27,116.402901,39.855089
Car-1,2008-10-02 01:43:32,116.4029,39.85509
Car-1,2008-10-02 01:43:37,116.402895,39.855085
Car-1,2008-10-02 01:43:42,116.40289,39.85508
Car-1,2008-10-02 01:43:47,116.402892,39.85508
Car-1,2008-10-02 01:43:52,116.4029,39.855087
Car-1,2008-10-02 01:43:55,116.4029,39.855087
Car-1,2008-10-02 01:43:57,116.402908,39.855093
Car-1,2008-10-02 01:44:02,116.402966,39.855036
Car-1,2008-10-02 01:44:07,116.402978,39.855006
Car-1,2008-10-02 01:44:12,116.402946,39.855073
Car-1,2008-10-02 01:44:17,116.402948,39.855073
Car-1,2008-10-02 01:44:20,116.402948,39.855073
Car-1,2008-10-02 01:44:22,116.402954,39.85508
Car-1,2008-10-02 01:44:27,116.402963,39.855088
Car-1,2008-10-02 01:44:32,116.402966,39.855091
Car-1,2008-10-02 01:44:37,116.402965,39.855092
Car-1,2008-10-02 01:44:42,116.402965,39.855093
Car-1,2008-10-02 01:44:47,116.402966,39.855096
Car-1,2008-10-02 01:44:52,116.402968,39.855102
Car-1,2008-10-02 01:44:57,116.402962,39.855098
Car-1,2008-10-02 01:45:02,116.402968,39.8551
Car-1,2008-10-02 01:45:07,116.402975,39.855101
Car-1,2008-10-02 01:45:12,116.402977,39.855104
Car-1,2008-10-02 01:45:15,116.402977,39.855104
Car-1,2008-10-02 01:45:17,116.402969,39.8551
Car-1,2008-10-02 01:45:22,116.402943,39.855071
Car-1,2008-10-02 01:45:27,116.402926,39.855066
Car-1,2008-10-02 01:45:32,116.402904,39.855123
Car-1,2008-10-02 01:45:37,116.402901,39.85512
Car-1,2008-10-02 01:45:40,116.402901,39.85512
Car-1,2008-10-02 01:45:42,116.402896,39.855114
Car-1,2008-10-02 01:45:47,116.402907,39.855116
Car-1,2008-10-02 01:45:52,116.402978,39.855124
Car-1,2008-10-02 01:45:57,116.402952,39.855133
Car-1,2008-10-02 01:46:02,116.402948,39.855131
Car-1,2008-10-02 01:46:07,116.402947,39.85513
Car-1,2008-10-02 01:46:12,116.402945,39.855128
Car-1,2008-10-02 01:46:17,116.402939,39.855123
Car-1,2008-10-02 01:46:22,116.402935,39.85512
Car-1,2008-10-02 01:46:27,116.402933,39.855117
Car-1,2008-10-02 01:46:32,116.402932,39.855124
Car-1,2008-10-02 01:46:35,116.402932,39.855124
Car-1,2008-10-02 01:46:37,116.402927,39.855122
Car-1,2008-10-02 01:46:42,116.402933,39.855131
Car-1,2008-10-02 01:46:47,116.402938,39.855135
Car-1,2008-10-02 01:46:52,116.402935,39.855133
Car-1,2008-10-02 01:46:55,116.402935,39.855133
Car-1,2008-10-02 01:46:57,116.402939,39.855139
Car-1,2008-10-02 01:47:02,116.402914,39.855151
Car-1,2008-10-02 01:47:07,116.402908,39.855147
Car-1,2008-10-02 01:47:12,116.402913,39.855151
Car-1,2008-10-02 01:47:15,116.402913,39.855151
Car-1,2008-10-02 01:47:17,116.402916,39.855152
Car-1,2008-10-02 01:47:22,116.402934,39.855101
Car-1,2008-10-02 01:47:27,116.402915,39.855065
Car-1,2008-10-02 01:47:32,116.402859,39.855231
Car-1,2008-10-02 01:47:37,116.40285,39.855253
Car-1,2008-10-02 01:47:42,116.402842,39.855247
Car-1,2008-10-02 01:47:47,116.402842,39.855246
Car-1,2008-10-02 01:47:50,116.402842,39.855246
Car-1,2008-10-02 01:47:52,116.402849,39.855252
Car-1,2008-10-02 01:47:57,116.402856,39.855271
Car-1,2008-10-02 01:48:00,116.402856,39.855271
Car-1,2008-10-02 01:48:02,116.402857,39.85527
Car-1,2008-10-02 01:48:07,116.402854,39.855241
Car-1,2008-10-02 01:48:12,116.402813,39.855302
Car-1,2008-10-02 01:48:17,116.402812,39.855302
Car-1,2008-10-02 01:48:22,116.402811,39.855301
Car-1,2008-10-02 01:48:27,116.402806,39.855296
Car-1,2008-10-02 01:48:30,116.402806,39.855296
Car-1,2008-10-02 01:48:32,116.40281,39.8553
Car-1,2008-10-02 01:48:37,116.40282,39.855306
Car-1,2008-10-02 01:48:42,116.402888,39.855304
Car-1,2008-10-02 01:48:47,116.402926,39.855305
Car-1,2008-10-02 01:48:52,116.402888,39.855456
Car-1,2008-10-02 01:48:57,116.4028,39.855616
Car-1,2008-10-02 01:49:02,116.402784,39.855636
Car-1,2008-10-02 01:49:07,116.40279,39.855643
Car-1,2008-10-02 01:49:10,116.40279,39.855643
Car-1,2008-10-02 01:49:12,116.402791,39.855646
Car-1,2008-10-02 01:49:17,116.402782,39.855639
Car-1,2008-10-02 01:49:22,116.402773,39.855633
Car-1,2008-10-02 01:49:25,116.402773,39.855633
Car-1,2008-10-02 01:49:27,116.402772,39.855632
Car-1,2008-10-02 01:49:32,116.402787,39.855512
Car-1,2008-10-02 01:49:37,116.402774,39.855425
Car-1,2008-10-02 01:49:42,116.40277,39.855376
Car-1,2008-10-02 01:49:47,116.402759,39.855381
Car-1,2008-10-02 01:49:50,116.402759,39.855381
Car-1,2008-10-02 01:49:52,116.402759,39.85538
Car-1,2008-10-02 01:49:57,116.40273,39.85538
Car-1,2008-10-02 01:50:02,116.402732,39.855382
Car-1,2008-10-02 01:50:07,116.402726,39.855377
Car-1,2008-10-02 01:50:12,116.402724,39.855374
Car-1,2008-10-02 01:50:15,116.402724,39.855374
Car-1,2008-10-02 01:50:17,116.402719,39.855371
Car-1,2008-10-02 01:50:22,116.402704,39.855356
Car-1,2008-10-02 01:50:27,116.402691,39.855298
Car-1,2008-10-02 01:50:32,116.402705,39.855202
Car-1,2008-10-02 01:50:37,116.402778,39.855106
Car-1,2008-10-02 01:50:40,116.402778,39.855106
Car-1,2008-10-02 01:50:42,116.402777,39.855105
Car-1,2008-10-02 01:50:47,116.403004,39.854292
Car-1,2008-10-02 01:50:52,116.403068,39.854245
Car-1,2008-10-02 01:50:57,116.403272,39.854133
Car-1,2008-10-02 01:51:02,116.403428,39.85407
Car-1,2008-10-02 01:51:07,116.403501,39.854083
Car-1,2008-10-02 01:51:12,116.40355,39.854134
Car-1,2008-10-02 01:51:17,116.403577,39.854233
Car-1,2008-10-02 01:51:22,116.403605,39.854348
Car-1,2008-10-02 01:51:27,116.403622,39.854481
Car-1,2008-10-02 01:51:32,116.403667,39.854628
Car-1,2008-10-02 01:51:37,116.403711,39.854682
Car-1,2008-10-02 01:51:42,116.40374,39.854707
Car-1,2008-10-02 01:51:47,116.403835,39.854784
Car-1,2008-10-02 01:51:52,116.40388,39.854898
Car-1,2008-10-02 01:51:57,116.403925,39.855017
Car-1,2008-10-02 01:52:02,116.40397,39.855102
Car-1,2008-10-02 01:52:07,116.403994,39.85514
Car-1,2008-10-02 01:52:12,116.404108,39.855131
Car-1,2008-10-02 01:52:17,116.404129,39.85513
Car-1,2008-10-02 01:52:22,116.404131,39.855131
Car-1,2008-10-02 01:52:27,116.404134,39.855133
Car-1,2008-10-02 01:52:32,116.404136,39.855131
Car-1,2008-10-02 01:52:37,116.404141,39.855133
Car-1,2008-10-02 01:52:42,116.404138,39.855127
Car-1,2008-10-02 01:52:45,116.404138,39.855127
Car-1,2008-10-02 01:52:47,116.404138,39.855124
Car-1,2008-10-02 01:52:52,116.404217,39.855124
Car-1,2008-10-02 01:52:57,116.404226,39.855108
Car-1,2008-10-02 01:53:02,116.404211,39.8551
Car-1,2008-10-02 01:53:07,116.404217,39.855106
Car-1,2008-10-02 01:53:10,116.404217,39.855106
Car-1,2008-10-02 01:53:12,116.404223,39.855114
Car-1,2008-10-02 01:53:17,116.404263,39.855164
Car-1,2008-10-02 01:53:22,116.404336,39.855212
Car-1,2008-10-02 01:53:27,116.404302,39.855261
Car-1,2008-10-02 01:53:32,116.404258,39.855331
Car-1,2008-10-02 01:53:37,116.404339,39.85536
Car-1,2008-10-02 01:53:42,116.404511,39.855407
Car-1,2008-10-02 01:53:47,116.404751,39.855449
Car-1,2008-10-02 01:53:52,116.405244,39.855382
Car-1,2008-10-02 01:53:57,116.405745,39.855447
Car-1,2008-10-02 01:54:02,116.4062,39.855513
Car-1,2008-10-02 01:54:07,116.406703,39.855553
Car-1,2008-10-02 01:54:12,116.407028,39.855539
Car-1,2008-10-02 01:54:17,116.407196,39.855515
Car-1,2008-10-02 01:54:22,116.407211,39.855514
Car-1,2008-10-02 01:54:27,116.407213,39.855513
Car-1,2008-10-02 01:54:30,116.407213,39.855513
Car-1,2008-10-02 01:54:32,116.407207,39.855507
Car-1,2008-10-02 01:54:37,116.407198,39.855496
Car-1,2008-10-02 01:54:42,116.407184,39.855476
Car-1,2008-10-02 01:54:47,116.40718,39.85547
Car-1,2008-10-02 01:54:50,116.40718,39.85547
Car-1,2008-10-02 01:54:52,116.407177,39.855465
Car-1,2008-10-02 01:54:57,116.407172,39.85544
Car-1,2008-10-02 01:55:02,116.407166,39.85543
Car-1,2008-10-02 01:55:07,116.407171,39.855436
Car-1,2008-10-02 01:55:12,116.407175,39.855438
Car-1,2008-10-02 01:55:17,116.407181,39.855442
Car-1,2008-10-02 01:55:22,116.407186,39.855447
Car-1,2008-10-02 01:55:25,116.407186,39.855447
Car-1,2008-10-02 01:55:27,116.407194,39.855454
Car-1,2008-10-02 01:55:32,116.407213,39.855463
Car-1,2008-10-02 01:55:37,116.407222,39.855463
Car-1,2008-10-02 01:55:40,116.407222,39.855463
Car-1,2008-10-02 01:55:42,116.40722,39.855459
Car-1,2008-10-02 01:55:47,116.407231,39.855466
Car-1,2008-10-02 01:55:52,116.407243,39.855476
Car-1,2008-10-02 01:55:57,116.407384,39.855504
Car-1,2008-10-02 01:56:02,116.407636,39.855505
Car-1,2008-10-02 01:56:07,116.40796,39.855493
Car-1,2008-10-02 01:56:12,116.408324,39.855499
Car-1,2008-10-02 01:56:17,116.408797,39.855473
Car-1,2008-10-02 01:56:22,116.409358,39.855456
Car-1,2008-10-02 01:56:27,116.409866,39.855463
Car-1,2008-10-02 01:56:32,116.410382,39.855454
Car-1,2008-10-02 01:56:37,116.410914,39.855474
Car-1,2008-10-02 01:56:42,116.411379,39.855481
Car-1,2008-10-02 01:56:47,116.411708,39.855475
Car-1,2008-10-02 01:56:52,116.411996,39.855494
Car-1,2008-10-02 01:56:57,116.412291,39.855501
Car-1,2008-10-02 01:57:02,116.412632,39.855521
Car-1,2008-10-02 01:57:07,116.412966,39.855525
Car-1,2008-10-02 01:57:12,116.413339,39.85555
Car-1,2008-10-02 01:57:17,116.413736,39.855613
Car-1,2008-10-02 01:57:22,116.414114,39.855677
Car-1,2008-10-02 01:57:27,116.414434,39.855692
Car-1,2008-10-02 01:57:32,116.414617,39.855691
Car-1,2008-10-02 01:57:37,116.414766,39.855675
Car-1,2008-10-02 01:57:42,116.415102,39.855674
Car-1,2008-10-02 01:57:47,116.415513,39.855582
Car-1,2008-10-02 01:57:52,116.415964,39.855621
Car-1,2008-10-02 01:57:57,116.416319,39.855814
Car-1,2008-10-02 01:58:02,116.416527,39.855895
Car-1,2008-10-02 01:58:07,116.416561,39.855924
Car-1,2008-10-02 01:58:12,116.41661,39.855963
Car-1,2008-10-02 01:58:17,116.416768,39.856034
Car-1,2008-10-02 01:58:22,116.416962,39.856107
Car-1,2008-10-02 01:58:27,116.417216,39.856151
Car-1,2008-10-02 01:58:32,116.417498,39.856216
Car-1,2008-10-02 01:58:37,116.417859,39.856325
Car-1,2008-10-02 01:58:42,116.418288,39.856421
Car-1,2008-10-02 01:58:47,116.418794,39.85646
Car-1,2008-10-02 01:58:52,116.419442,39.856508
Car-1,2008-10-02 01:58:57,116.420146,39.856596
Car-1,2008-10-02 01:59:02,116.420911,39.856667
Car-1,2008-10-02 01:59:07,116.421745,39.856707
Car-1,2008-10-02 01:59:12,116.422643,39.856826
Car-1,2008-10-02 01:59:17,116.423581,39.856946
Car-1,2008-10-02 01:59:22,116.424493,39.857063
Car-1,2008-10-02 01:59:27,116.425356,39.857163
Car-1,2008-10-02 01:59:32,116.426165,39.857237
Car-1,2008-10-02 01:59:37,116.427041,39.857307
Car-1,2008-10-02 01:59:42,116.427936,39.857342
Car-1,2008-10-02 01:59:47,116.428802,39.857398
Car-1,2008-10-02 01:59:52,116.429686,39.857469
Car-1,2008-10-02 01:59:57,116.430667,39.857492
Car-1,2008-10-02 02:00:02,116.431602,39.857504
Car-1,2008-10-02 02:00:07,116.432559,39.85752
Car-1,2008-10-02 02:00:12,116.433462,39.857509
Car-1,2008-10-02 02:00:17,116.434154,39.857504
Car-1,2008-10-02 02:00:22,116.434746,39.857484
Car-1,2008-10-02 02:00:27,116.435347,39.85746
Car-1,2008-10-02 02:00:32,116.435702,39.857471
Car-1,2008-10-02 02:00:37,116.435941,39.857466
Car-1,2008-10-02 02:00:42,116.436299,39.857474
Car-1,2008-10-02 02:00:47,116.4367,39.857451
Car-1,2008-10-02 02:00:52,116.43717,39.857423
Car-1,2008-10-02 02:00:57,116.437672,39.857417
Car-1,2008-10-02 02:01:02,116.43826,39.857422
Car-1,2008-10-02 02:01:07,116.438706,39.857396
Car-1,2008-10-02 02:01:12,116.439032,39.857385
Car-1,2008-10-02 02:01:17,116.439404,39.857327
Car-1,2008-10-02 02:01:22,116.440087,39.857399
Car-1,2008-10-02 02:01:27,116.44081,39.857514
Car-1,2008-10-02 02:01:32,116.441403,39.857621
Car-1,2008-10-02 02:01:37,116.441989,39.857732
Car-1,2008-10-02 02:01:42,116.442643,39.857899
Car-1,2008-10-02 02:01:47,116.443187,39.858074
Car-1,2008-10-02 02:01:52,116.443739,39.858288
Car-1,2008-10-02 02:01:57,116.444305,39.858511
Car-1,2008-10-02 02:02:02,116.444788,39.858721
Car-1,2008-10-02 02:02:07,116.445111,39.85889
Car-1,2008-10-02 02:02:12,116.445361,39.859031
Car-1,2008-10-02 02:02:17,116.445594,39.859168
Car-1,2008-10-02 02:02:22,116.445785,39.859288
Car-1,2008-10-02 02:02:27,116.445983,39.859401
Car-1,2008-10-02 02:02:32,116.446131,39.85949
Car-1,2008-10-02 02:02:37,116.446199,39.859576
Car-1,2008-10-02 02:02:42,116.446416,39.859773
Car-1,2008-10-02 02:02:47,116.446727,39.860011
Car-1,2008-10-02 02:02:52,116.447283,39.860159
Car-1,2008-10-02 02:02:57,116.447937,39.860163
Car-1,2008-10-02 02:03:02,116.448698,39.860158
Car-1,2008-10-02 02:03:07,116.449439,39.860133
Car-1,2008-10-02 02:03:12,116.45004,39.859939
Car-1,2008-10-02 02:03:17,116.450604,39.859504
Car-1,2008-10-02 02:03:22,116.451275,39.858972
Car-1,2008-10-02 02:03:27,116.452013,39.858382
Car-1,2008-10-02 02:03:32,116.452816,39.857759
Car-1,2008-10-02 02:03:37,116.453625,39.857119
Car-1,2008-10-02 02:03:42,116.454451,39.856477
Car-1,2008-10-02 02:03:47,116.455321,39.85582
Car-1,2008-10-02 02:03:52,116.456194,39.855179
Car-1,2008-10-02 02:03:57,116.457042,39.854514
Car-1,2008-10-02 02:04:02,116.457862,39.85386
Car-1,2008-10-02 02:04:07,116.458672,39.853235
Car-1,2008-10-02 02:04:12,116.459397,39.852659
Car-1,2008-10-02 02:04:17,116.460115,39.852063
Car-1,2008-10-02 02:04:22,116.460833,39.851459
Car-1,2008-10-02 02:04:27,116.461539,39.850835
Car-1,2008-10-02 02:04:32,116.46228,39.850153
Car-1,2008-10-02 02:04:37,116.463049,39.84945
Car-1,2008-10-02 02:04:42,116.463861,39.848732
Car-1,2008-10-02 02:04:47,116.464688,39.847972
Car-1,2008-10-02 02:04:52,116.46547,39.847222
Car-1,2008-10-02 02:04:57,116.466153,39.846547
Car-1,2008-10-02 02:05:02,116.46683,39.845895
Car-1,2008-10-02 02:05:07,116.467399,39.845343
Car-1,2008-10-02 02:05:12,116.467938,39.844847
Car-1,2008-10-02 02:05:17,116.468427,39.844377
Car-1,2008-10-02 02:05:22,116.468948,39.843918
Car-1,2008-10-02 02:05:27,116.469384,39.843442
Car-1,2008-10-02 02:05:32,116.46972,39.842981
Car-1,2008-10-02 02:05:37,116.470079,39.842572
Car-1,2008-10-02 02:05:42,116.470299,39.84229
Car-1,2008-10-02 02:05:47,116.470357,39.842062
Car-1,2008-10-02 02:05:52,116.470355,39.841759
Car-1,2008-10-02 02:05:57,116.470296,39.841355
Car-1,2008-10-02 02:06:02,116.470122,39.840919
Car-1,2008-10-02 02:06:07,116.469858,39.840503
Car-1,2008-10-02 02:06:12,116.46955,39.840167
Car-1,2008-10-02 02:06:17,116.469373,39.839932
Car-1,2008-10-02 02:06:22,116.469159,39.839683
Car-1,2008-10-02 02:06:27,116.468895,39.839458
Car-1,2008-10-02 02:06:32,116.468641,39.839187
Car-1,2008-10-02 02:06:37,116.468418,39.838955
Car-1,2008-10-02 02:06:42,116.46827,39.838803
Car-1,2008-10-02 02:06:47,116.468163,39.838732
Car-1,2008-10-02 02:06:52,116.468075,39.838709
Car-1,2008-10-02 02:06:57,116.467995,39.838635
Car-1,2008-10-02 02:07:02,116.467918,39.83857
Car-1,2008-10-02 02:07:07,116.467833,39.838501
Car-1,2008-10-02 02:07:12,116.467729,39.83842
Car-1,2008-10-02 02:07:17,116.467674,39.838396
Car-1,2008-10-02 02:07:22,116.467639,39.838385
Car-1,2008-10-02 02:07:27,116.467612,39.838386
Car-1,2008-10-02 02:07:32,116.467591,39.838385
Car-1,2008-10-02 02:07:37,116.467578,39.838383
Car-1,2008-10-02 02:07:42,116.467568,39.838382
Car-1,2008-10-02 02:07:47,116.467559,39.838382
Car-1,2008-10-02 02:07:52,116.467574,39.838382
Car-1,2008-10-02 02:07:57,116.467585,39.838381
Car-1,2008-10-02 02:08:00,116.467585,39.838381
Car-1,2008-10-02 02:08:02,116.46759,39.838381
Car-1,2008-10-02 02:08:07,116.467606,39.838381
Car-1,2008-10-02 02:08:12,116.467624,39.83838
Car-1,2008-10-02 02:08:17,116.467644,39.838379
Car-1,2008-10-02 02:08:22,116.467665,39.838378
Car-1,2008-10-02 02:08:27,116.467673,39.838378
Car-1,2008-10-02 02:08:30,116.467673,39.838378
Car-1,2008-10-02 02:08:32,116.467671,39.838378
Car-1,2008-10-02 02:08:37,116.467659,39.838378
Car-1,2008-10-02 02:08:42,116.467641,39.838378
Car-1,2008-10-02 02:08:47,116.467632,39.838377
Car-1,2008-10-02 02:08:50,116.467632,39.838377
Car-1,2008-10-02 02:08:52,116.467624,39.838376
Car-1,2008-10-02 02:08:57,116.467601,39.838362
Car-1,2008-10-02 02:09:02,116.467573,39.838346
Car-1,2008-10-02 02:09:07,116.46757,39.838345
Car-1,2008-10-02 02:09:10,116.46757,39.838345
Car-1,2008-10-02 02:09:12,116.467572,39.838345
Car-1,2008-10-02 02:09:17,116.467548,39.838341
Car-1,2008-10-02 02:09:22,116.467522,39.838319
Car-1,2008-10-02 02:09:27,116.467502,39.838307
Car-1,2008-10-02 02:09:32,116.467493,39.838298
Car-1,2008-10-02 02:09:37,116.467489,39.838293
Car-1,2008-10-02 02:09:42,116.467481,39.838289
Car-1,2008-10-02 02:09:47,116.467474,39.838289
Car-1,2008-10-02 02:09:52,116.46747,39.83829
Car-1,2008-10-02 02:09:57,116.467473,39.838288
Car-1,2008-10-02 02:10:02,116.467478,39.838286
Car-1,2008-10-02 02:10:07,116.467478,39.83828
Car-1,2008-10-02 02:10:10,116.467478,39.83828
Car-1,2008-10-02 02:10:12,116.467471,39.838272
Car-1,2008-10-02 02:10:17,116.467451,39.838256
Car-1,2008-10-02 02:10:22,116.467392,39.838204
Car-1,2008-10-02 02:10:27,116.46737,39.838165
Car-1,2008-10-02 02:10:32,116.46735,39.838132
Car-1,2008-10-02 02:10:37,116.467304,39.838087
Car-1,2008-10-02 02:10:42,116.467217,39.838045
Car-1,2008-10-02 02:10:47,116.467202,39.838022
Car-1,2008-10-02 02:10:52,116.467179,39.83801
Car-1,2008-10-02 02:10:57,116.467164,39.838013
Car-1,2008-10-02 02:11:02,116.46716,39.838002
Car-1,2008-10-02 02:11:07,116.467158,39.838001
Car-1,2008-10-02 02:11:12,116.46716,39.838008
Car-1,2008-10-02 02:11:15,116.46716,39.838008
Car-1,2008-10-02 02:11:17,116.467154,39.838011
Car-1,2008-10-02 02:11:22,116.467143,39.838008
Car-1,2008-10-02 02:11:25,116.467143,39.838008
Car-1,2008-10-02 02:11:27,116.467135,39.838006
Car-1,2008-10-02 02:11:32,116.467147,39.838035
Car-1,2008-10-02 02:11:37,116.467167,39.83805
Car-1,2008-10-02 02:11:42,116.467171,39.838054
Car-1,2008-10-02 02:11:47,116.467175,39.838054
Car-1,2008-10-02 02:11:52,116.467177,39.838048
Car-1,2008-10-02 02:11:57,116.467175,39.838045
Car-1,2008-10-02 02:12:02,116.467173,39.838052
Car-1,2008-10-02 02:12:07,116.46718,39.838056
Car-1,2008-10-02 02:12:10,116.46718,39.838056
Car-1,2008-10-02 02:12:12,116.467179,39.838055
Car-1,2008-10-02 02:12:17,116.467134,39.838023
Car-1,2008-10-02 02:12:22,116.467011,39.837924
Car-1,2008-10-02 02:12:27,116.466828,39.837788
Car-1,2008-10-02 02:12:32,116.466702,39.837681
Car-1,2008-10-02 02:12:37,116.466649,39.837619
Car-1,2008-10-02 02:12:42,116.466614,39.837497
Car-1,2008-10-02 02:12:47,116.466663,39.837377
Car-1,2008-10-02 02:12:52,116.466803,39.837282
Car-1,2008-10-02 02:12:57,116.466964,39.837255
Car-1,2008-10-02 02:13:02,116.467107,39.837295
Car-1,2008-10-02 02:13:07,116.467316,39.837398
Car-1,2008-10-02 02:13:12,116.467565,39.837534
Car-1,2008-10-02 02:13:17,116.467885,39.837724
Car-1,2008-10-02 02:13:22,116.468184,39.837917
Car-1,2008-10-02 02:13:27,116.468499,39.838149
Car-1,2008-10-02 02:13:32,116.468874,39.838414
Car-1,2008-10-02 02:13:37,116.469325,39.838664
Car-1,2008-10-02 02:13:42,116.469768,39.838856
Car-1,2008-10-02 02:13:47,116.470205,39.839015
Car-1,2008-10-02 02:13:52,116.470642,39.839207
Car-1,2008-10-02 02:13:57,116.471053,39.839369
Car-1,2008-10-02 02:14:02,116.471356,39.839515
Car-1,2008-10-02 02:14:07,116.471502,39.839603
Car-1,2008-10-02 02:14:12,116.471657,39.839673
Car-1,2008-10-02 02:14:17,116.471794,39.839775
Car-1,2008-10-02 02:14:22,116.471885,39.839947
Car-1,2008-10-02 02:14:27,116.472038,39.840278
Car-1,2008-10-02 02:14:32,116.472279,39.840638
Car-1,2008-10-02 02:14:37,116.472619,39.840903
Car-1,2008-10-02 02:14:42,116.473031,39.841141
Car-1,2008-10-02 02:14:47,116.473387,39.841389
Car-1,2008-10-02 02:14:52,116.473704,39.841618
Car-1,2008-10-02 02:14:57,116.474018,39.841891
Car-1,2008-10-02 02:15:02,116.474429,39.842236
Car-1,2008-10-02 02:15:07,116.47497,39.842634
Car-1,2008-10-02 02:15:12,116.475559,39.84308
Car-1,2008-10-02 02:15:17,116.476216,39.843619
Car-1,2008-10-02 02:15:22,116.47681,39.844217
Car-1,2008-10-02 02:15:27,116.477367,39.844911
Car-1,2008-10-02 02:15:32,116.477931,39.84561
Car-1,2008-10-02 02:15:37,116.478335,39.846247
Car-1,2008-10-02 02:15:42,116.478686,39.846918
Car-1,2008-10-02 02:15:47,116.479015,39.847641
Car-1,2008-10-02 02:15:52,116.479297,39.848477
Car-1,2008-10-02 02:15:57,116.479535,39.849377
Car-1,2008-10-02 02:16:02,116.479745,39.850321
Car-1,2008-10-02 02:16:07,116.479881,39.851291
Car-1,2008-10-02 02:16:12,116.479993,39.852212
Car-1,2008-10-02 02:16:17,116.480106,39.853048
Car-1,2008-10-02 02:16:22,116.480227,39.853827
Car-1,2008-10-02 02:16:27,116.480354,39.854624
Car-1,2008-10-02 02:16:32,116.480484,39.855454
Car-1,2008-10-02 02:16:37,116.480616,39.856321
Car-1,2008-10-02 02:16:42,116.480739,39.857245
Car-1,2008-10-02 02:16:47,116.48094,39.858203
Car-1,2008-10-02 02:16:52,116.481106,39.859155
Car-1,2008-10-02 02:16:57,116.481217,39.860071
Car-1,2008-10-02 02:17:02,116.481369,39.860928
Car-1,2008-10-02 02:17:07,116.481492,39.861781
Car-1,2008-10-02 02:17:12,116.481627,39.862673
Car-1,2008-10-02 02:17:17,116.481784,39.863585
Car-1,2008-10-02 02:17:22,116.481945,39.864515
Car-1,2008-10-02 02:17:27,116.482063,39.8654
Car-1,2008-10-02 02:17:32,116.482201,39.866257
Car-1,2008-10-02 02:17:37,116.482336,39.867162
Car-1,2008-10-02 02:17:42,116.48249,39.868141
Car-1,2008-10-02 02:17:47,116.482669,39.869164
Car-1,2008-10-02 02:17:52,116.482861,39.870249
Car-1,2008-10-02 02:17:57,116.483027,39.871296
Car-1,2008-10-02 02:18:02,116.483186,39.872292
Car-1,2008-10-02 02:18:07,116.483336,39.873256
Car-1,2008-10-02 02:18:12,116.483483,39.874229
Car-1,2008-10-02 02:18:17,116.483626,39.875157
Car-1,2008-10-02 02:18:22,116.483778,39.876077
Car-1,2008-10-02 02:18:27,116.483833,39.877013
Car-1,2008-10-02 02:18:32,116.483865,39.877953
Car-1,2008-10-02 02:18:37,116.483861,39.878855
Car-1,2008-10-02 02:18:42,116.483846,39.879766
Car-1,2008-10-02 02:18:47,116.483857,39.880713
Car-1,2008-10-02 02:18:52,116.483858,39.881654
Car-1,2008-10-02 02:18:57,116.483854,39.882574
Car-1,2008-10-02 02:19:02,116.483881,39.883511
Car-1,2008-10-02 02:19:07,116.48385,39.884469
Car-1,2008-10-02 02:19:12,116.483835,39.885362
Car-1,2008-10-02 02:19:17,116.483826,39.886227
Car-1,2008-10-02 02:19:22,116.48382,39.886961
Car-1,2008-10-02 02:19:27,116.483818,39.887683
Car-1,2008-10-02 02:19:32,116.483856,39.888455
Car-1,2008-10-02 02:19:37,116.483858,39.889292
Car-1,2008-10-02 02:19:42,116.483871,39.890122
Car-1,2008-10-02 02:19:47,116.483888,39.890949
Car-1,2008-10-02 02:19:52,116.483893,39.891733
Car-1,2008-10-02 02:19:57,116.483891,39.892492
Car-1,2008-10-02 02:20:02,116.483887,39.89326
Car-1,2008-10-02 02:20:07,116.483896,39.894008
Car-1,2008-10-02 02:20:12,116.483898,39.894747
Car-1,2008-10-02 02:20:17,116.48391,39.895448
Car-1,2008-10-02 02:20:22,116.483933,39.896181
Car-1,2008-10-02 02:20:27,116.483963,39.896962
Car-1,2008-10-02 02:20:32,116.484029,39.897748
Car-1,2008-10-02 02:20:37,116.484041,39.898575
Car-1,2008-10-02 02:20:42,116.484044,39.899454
Car-1,2008-10-02 02:20:47,116.484006,39.900308
Car-1,2008-10-02 02:20:52,116.484,39.901133
Car-1,2008-10-02 02:20:57,116.483991,39.901925
Car-1,2008-10-02 02:21:02,116.484002,39.902643
Car-1,2008-10-02 02:21:07,116.483994,39.903302
Car-1,2008-10-02 02:21:12,116.484022,39.903928
Car-1,2008-10-02 02:21:17,116.48409,39.904488
Car-1,2008-10-02 02:21:22,116.484357,39.904959
Car-1,2008-10-02 02:21:27,116.484956,39.905305
Car-1,2008-10-02 02:21:32,116.485637,39.90563
Car-1,2008-10-02 02:21:37,116.486377,39.905984
Car-1,2008-10-02 02:21:42,116.487187,39.906307
Car-1,2008-10-02 02:21:47,116.487929,39.906503
Car-1,2008-10-02 02:21:52,116.488398,39.906616
Car-1,2008-10-02 02:21:57,116.488778,39.906667
Car-1,2008-10-02 02:22:02,116.489249,39.906718
Car-1,2008-10-02 02:22:07,116.489879,39.90672
Car-1,2008-10-02 02:22:12,116.490604,39.906699
Car-1,2008-10-02 02:22:17,116.491449,39.906681
Car-1,2008-10-02 02:22:22,116.49241,39.906691
Car-1,2008-10-02 02:22:27,116.493462,39.906694
Car-1,2008-10-02 02:22:32,116.494558,39.906695
Car-1,2008-10-02 02:22:37,116.495662,39.906675
Car-1,2008-10-02 02:22:42,116.49671,39.906666
Car-1,2008-10-02 02:22:47,116.497798,39.906646
Car-1,2008-10-02 02:22:52,116.498893,39.906626
Car-1,2008-10-02 02:22:57,116.500036,39.906615
Car-1,2008-10-02 02:23:02,116.501151,39.906611
Car-1,2008-10-02 02:23:07,116.50222,39.906595
Car-1,2008-10-02 02:23:12,116.503254,39.906559
Car-1,2008-10-02 02:23:17,116.504326,39.90653
Car-1,2008-10-02 02:23:22,116.505349,39.906507
Car-1,2008-10-02 02:23:27,116.506391,39.906512
Car-1,2008-10-02 02:23:32,116.507481,39.906535
Car-1,2008-10-02 02:23:37,116.508552,39.906568
Car-1,2008-10-02 02:23:42,116.509646,39.906551
Car-1,2008-10-02 02:23:47,116.510694,39.906538
Car-1,2008-10-02 02:23:52,116.511709,39.906525
Car-1,2008-10-02 02:23:57,116.512777,39.906543
Car-1,2008-10-02 02:24:02,116.513893,39.90659
Car-1,2008-10-02 02:24:07,116.514971,39.906733
Car-1,2008-10-02 02:24:12,116.515938,39.906903
Car-1,2008-10-02 02:24:17,116.516879,39.907099
Car-1,2008-10-02 02:24:22,116.517861,39.907288
Car-1,2008-10-02 02:24:27,116.518904,39.907463
Car-1,2008-10-02 02:24:32,116.520028,39.907663
Car-1,2008-10-02 02:24:37,116.521175,39.907846
Car-1,2008-10-02 02:24:42,116.522264,39.90795
Car-1,2008-10-02 02:24:47,116.523027,39.907998
Car-1,2008-10-02 02:24:52,116.52349,39.907995
Car-1,2008-10-02 02:24:57,116.523567,39.907988
Car-1,2008-10-02 02:25:02,116.523583,39.907987
Car-1,2008-10-02 02:25:07,116.523537,39.907969
Car-1,2008-10-02 02:25:12,116.523523,39.907957
Car-1,2008-10-02 02:25:17,116.523494,39.90795
Car-1,2008-10-02 02:25:22,116.523463,39.907947
Car-1,2008-10-02 02:25:27,116.52343,39.907947
Car-1,2008-10-02 02:25:32,116.523401,39.907944
Car-1,2008-10-02 02:25:37,116.523369,39.907935
Car-1,2008-10-02 02:25:42,116.523332,39.907933
Car-1,2008-10-02 02:25:47,116.523296,39.907935
Car-1,2008-10-02 02:25:52,116.523263,39.90793
Car-1,2008-10-02 02:25:57,116.523242,39.907922
Car-1,2008-10-02 02:26:02,116.523298,39.907926
Car-1,2008-10-02 02:26:07,116.52364,39.907917
Car-1,2008-10-02 02:26:12,116.524307,39.907956
Car-1,2008-10-02 02:26:17,116.525133,39.907941
Car-1,2008-10-02 02:26:22,116.526124,39.907904
Car-1,2008-10-02 02:26:27,116.527132,39.907842
Car-1,2008-10-02 02:26:32,116.528225,39.907793
Car-1,2008-10-02 02:26:37,116.529508,39.907896
Car-1,2008-10-02 02:26:42,116.530637,39.907926
Car-1,2008-10-02 02:26:47,116.531647,39.907929
Car-1,2008-10-02 02:26:52,116.532585,39.9079
Car-1,2008-10-02 02:26:57,116.5335,39.907834
Car-1,2008-10-02 02:27:02,116.534373,39.907636
Car-1,2008-10-02 02:27:07,116.535228,39.907366
Car-1,2008-10-02 02:27:12,116.535902,39.907061
Car-1,2008-10-02 02:27:17,116.536426,39.90679
Car-1,2008-10-02 02:27:22,116.536982,39.906491
Car-1,2008-10-02 02:27:27,116.537533,39.906236
Car-1,2008-10-02 02:27:32,116.538155,39.906098
Car-1,2008-10-02 02:27:37,116.538812,39.906075
Car-1,2008-10-02 02:27:42,116.539474,39.906174
Car-1,2008-10-02 02:27:47,116.540009,39.906422
Car-1,2008-10-02 02:27:52,116.540441,39.906826
Car-1,2008-10-02 02:27:57,116.54096,39.90724
Car-1,2008-10-02 02:28:02,116.541636,39.907493
Car-1,2008-10-02 02:28:07,116.542187,39.90761
Car-1,2008-10-02 02:28:12,116.542663,39.907633
Car-1,2008-10-02 02:28:17,116.543235,39.907663
Car-1,2008-10-02 02:28:22,116.543851,39.907692
Car-1,2008-10-02 02:28:27,116.544426,39.907715
Car-1,2008-10-02 02:28:32,116.544999,39.907745
Car-1,2008-10-02 02:28:37,116.545567,39.907779
Car-1,2008-10-02 02:28:42,116.546091,39.907774
Car-1,2008-10-02 02:28:47,116.546565,39.907754
Car-1,2008-10-02 02:28:52,116.546975,39.907739
Car-1,2008-10-02 02:28:57,116.547237,39.90776
Car-1,2008-10-02 02:29:02,116.547426,39.907752
Car-1,2008-10-02 02:29:07,116.547752,39.907758
Car-1,2008-10-02 02:29:12,116.54827,39.907782
Car-1,2008-10-02 02:29:17,116.548872,39.907771
Car-1,2008-10-02 02:29:22,116.549514,39.907815
Car-1,2008-10-02 02:29:27,116.55024,39.907843
Car-1,2008-10-02 02:29:32,116.551056,39.907872
Car-1,2008-10-02 02:29:37,116.551864,39.907896
Car-1,2008-10-02 02:29:42,116.55261,39.907913
Car-1,2008-10-02 02:29:47,116.553236,39.907947
Car-1,2008-10-02 02:29:52,116.553748,39.907938
Car-1,2008-10-02 02:29:57,116.554224,39.907964
Car-1,2008-10-02 02:30:02,116.554811,39.907973
Car-1,2008-10-02 02:30:07,116.555508,39.907979
Car-1,2008-10-02 02:30:12,116.556221,39.907998
Car-1,2008-10-02 02:30:17,116.556891,39.908017
Car-1,2008-10-02 02:30:22,116.557529,39.908024
Car-1,2008-10-02 02:30:27,116.558112,39.90804
Car-1,2008-10-02 02:30:32,116.558659,39.908047
Car-1,2008-10-02 02:30:37,116.559251,39.908033
Car-1,2008-10-02 02:30:42,116.559978,39.908029
Car-1,2008-10-02 02:30:47,116.560809,39.90803
Car-1,2008-10-02 02:30:52,116.561733,39.908029
Car-1,2008-10-02 02:30:57,116.562677,39.908077
Car-1,2008-10-02 02:31:02,116.563648,39.908066
Car-1,2008-10-02 02:31:07,116.564625,39.90811
Car-1,2008-10-02 02:31:12,116.56548,39.90818
Car-1,2008-10-02 02:31:17,116.566218,39.908242
Car-1,2008-10-02 02:31:22,116.566938,39.908339
Car-1,2008-10-02 02:31:27,116.567576,39.908466
Car-1,2008-10-02 02:31:32,116.568118,39.908546
Car-1,2008-10-02 02:31:37,116.568393,39.908609
Car-1,2008-10-02 02:31:42,116.568451,39.908592
Car-1,2008-10-02 02:31:47,116.568473,39.908586
Car-1,2008-10-02 02:31:52,116.568488,39.908591
Car-1,2008-10-02 02:31:57,116.568502,39.9086
Car-1,2008-10-02 02:32:02,116.568506,39.908605
Car-1,2008-10-02 02:32:05,116.568506,39.908605
Car-1,2008-10-02 02:32:07,116.568511,39.90861
Car-1,2008-10-02 02:32:12,116.568529,39.908613
Car-1,2008-10-02 02:32:17,116.568722,39.908611
Car-1,2008-10-02 02:32:22,116.568989,39.908642
Car-1,2008-10-02 02:32:27,116.569261,39.908685
Car-1,2008-10-02 02:32:32,116.569585,39.908718
Car-1,2008-10-02 02:32:37,116.569974,39.908784
Car-1,2008-10-02 02:32:42,116.570367,39.90885
Car-1,2008-10-02 02:32:47,116.570573,39.908878
Car-1,2008-10-02 02:32:52,116.570544,39.908838
Car-1,2008-10-02 02:32:57,116.570557,39.90884
Car-1,2008-10-02 02:33:02,116.570558,39.908841
Car-1,2008-10-02 02:33:07,116.570562,39.908844
Car-1,2008-10-02 02:33:12,116.57057,39.908847
Car-1,2008-10-02 02:33:17,116.570576,39.908849
Car-1,2008-10-02 02:33:22,116.570575,39.908849
Car-1,2008-10-02 02:33:27,116.570579,39.90885
Car-1,2008-10-02 02:33:30,116.570579,39.90885
Car-1,2008-10-02 02:33:32,116.570581,39.908851
Car-1,2008-10-02 02:33:37,116.570558,39.908848
Car-1,2008-10-02 02:33:42,116.570523,39.908847
Car-1,2008-10-02 02:33:47,116.570485,39.908858
Car-1,2008-10-02 02:33:52,116.570484,39.908859
Car-1,2008-10-02 02:33:57,116.570488,39.908861
Car-1,2008-10-02 02:34:00,116.570488,39.908861
Car-1,2008-10-02 02:34:02,116.570496,39.908863
Car-1,2008-10-02 02:34:07,116.570505,39.908867
Car-1,2008-10-02 02:34:12,116.570513,39.90887
Car-1,2008-10-02 02:34:15,116.570513,39.90887
Car-1,2008-10-02 02:34:17,116.570521,39.908873
Car-1,2008-10-02 02:34:22,116.570535,39.908876
Car-1,2008-10-02 02:34:27,116.570539,39.908878
Car-1,2008-10-02 02:34:30,116.570539,39.908878
Car-1,2008-10-02 02:34:32,116.570544,39.90888
Car-1,2008-10-02 02:34:37,116.570621,39.90889
Car-1,2008-10-02 02:34:42,116.570928,39.908921
Car-1,2008-10-02 02:34:47,116.571397,39.908951
Car-1,2008-10-02 02:34:52,116.57204,39.908969
Car-1,2008-10-02 02:34:57,116.572808,39.908992
Car-1,2008-10-02 02:35:02,116.573692,39.909005
Car-1,2008-10-02 02:35:07,116.574609,39.908972
Car-1,2008-10-02 02:35:12,116.575541,39.908908
Car-1,2008-10-02 02:35:17,116.57639,39.9088
Car-1,2008-10-02 02:35:22,116.577178,39.908718
Car-1,2008-10-02 02:35:27,116.577926,39.908629
Car-1,2008-10-02 02:35:32,116.578701,39.908556
Car-1,2008-10-02 02:35:37,116.579515,39.908455
Car-1,2008-10-02 02:35:42,116.580335,39.908346
Car-1,2008-10-02 02:35:47,116.581096,39.908259
Car-1,2008-10-02 02:35:52,116.581869,39.908194
Car-1,2008-10-02 02:35:57,116.582624,39.908137
Car-1,2008-10-02 02:36:02,116.583406,39.908084
Car-1,2008-10-02 02:36:07,116.584201,39.908063
Car-1,2008-10-02 02:36:12,116.584977,39.90805
Car-1,2008-10-02 02:36:17,116.585807,39.90802
Car-1,2008-10-02 02:36:22,116.586684,39.908003
Car-1,2008-10-02 02:36:27,116.587515,39.90799
Car-1,2008-10-02 02:36:32,116.588316,39.907949
Car-1,2008-10-02 02:36:37,116.589144,39.907916
Car-1,2008-10-02 02:36:42,116.589932,39.907895
Car-1,2008-10-02 02:36:47,116.590796,39.907846
Car-1,2008-10-02 02:36:52,116.591627,39.907865
Car-1,2008-10-02 02:36:57,116.592371,39.907878
Car-1,2008-10-02 02:37:02,116.592823,39.907855
Car-1,2008-10-02 02:37:07,116.593272,39.907816
Car-1,2008-10-02 02:37:12,116.59378,39.907799
Car-1,2008-10-02 02:37:17,116.594238,39.907815
Car-1,2008-10-02 02:37:22,116.59463,39.907802
Car-1,2008-10-02 02:37:27,116.59505,39.907823
Car-1,2008-10-02 02:37:32,116.595606,39.907853
Car-1,2008-10-02 02:37:37,116.596268,39.907846
Car-1,2008-10-02 02:37:42,116.597023,39.907833
Car-1,2008-10-02 02:37:47,116.597774,39.907798
Car-1,2008-10-02 02:37:52,116.598478,39.90777
Car-1,2008-10-02 02:37:57,116.599152,39.907743
Car-1,2008-10-02 02:38:02,116.599765,39.907709
Car-1,2008-10-02 02:38:07,116.600256,39.90765
Car-1,2008-10-02 02:38:12,116.600559,39.907574
Car-1,2008-10-02 02:38:17,116.60076,39.907487
Car-1,2008-10-02 02:38:22,116.601022,39.907367
Car-1,2008-10-02 02:38:27,116.601428,39.907181
Car-1,2008-10-02 02:38:32,116.601914,39.906984
Car-1,2008-10-02 02:38:37,116.602334,39.906772
Car-1,2008-10-02 02:38:42,116.602733,39.906549
Car-1,2008-10-02 02:38:47,116.603079,39.906301
Car-1,2008-10-02 02:38:52,116.603453,39.906009
Car-1,2008-10-02 02:38:57,116.603904,39.905645
Car-1,2008-10-02 02:39:02,116.604359,39.905261
Car-1,2008-10-02 02:39:07,116.604776,39.904866
Car-1,2008-10-02 02:39:12,116.605187,39.904498
Car-1,2008-10-02 02:39:17,116.605642,39.904196
Car-1,2008-10-02 02:39:22,116.605997,39.904022
Car-1,2008-10-02 02:39:27,116.606219,39.903942
Car-1,2008-10-02 02:39:32,116.606477,39.903885
Car-1,2008-10-02 02:39:37,116.606837,39.903847
Car-1,2008-10-02 02:39:42,116.607295,39.903861
Car-1,2008-10-02 02:39:47,116.607757,39.903877
Car-1,2008-10-02 02:39:52,116.60827,39.903929
Car-1,2008-10-02 02:39:57,116.608745,39.903968
Car-1,2008-10-02 02:40:02,116.609177,39.903987
Car-1,2008-10-02 02:40:07,116.60965,39.904051
Car-1,2008-10-02 02:40:12,116.610156,39.904153
Car-1,2008-10-02 02:40:17,116.610698,39.904263
Car-1,2008-10-02 02:40:22,116.611124,39.904324
Car-1,2008-10-02 02:40:27,116.611373,39.904313
Car-1,2008-10-02 02:40:32,116.611429,39.9043
Car-1,2008-10-02 02:40:37,116.611526,39.904252
Car-1,2008-10-02 02:40:42,116.611661,39.904163
Car-1,2008-10-02 02:40:47,116.611841,39.904068
Car-1,2008-10-02 02:40:52,116.612039,39.903967
Car-1,2008-10-02 02:40:57,116.612251,39.903846
Car-1,2008-10-02 02:41:02,116.612496,39.903789
Car-1,2008-10-02 02:41:07,116.612835,39.903821
Car-1,2008-10-02 02:41:12,116.613232,39.903901
Car-1,2008-10-02 02:41:17,116.613501,39.903947
Car-1,2008-10-02 02:41:22,116.613682,39.903972
Car-1,2008-10-02 02:41:27,116.613873,39.904063
Car-1,2008-10-02 02:41:32,116.613982,39.904207
Car-1,2008-10-02 02:41:37,116.614059,39.904401
Car-1,2008-10-02 02:41:42,116.614146,39.904605
Car-1,2008-10-02 02:41:47,116.614225,39.904719
Car-1,2008-10-02 02:41:52,116.614315,39.904789
Car-1,2008-10-02 02:41:57,116.614438,39.904843
Car-1,2008-10-02 02:42:02,116.614557,39.904924
Car-1,2008-10-02 02:42:07,116.61466,39.904963
Car-1,2008-10-02 02:42:12,116.614802,39.904999
Car-1,2008-10-02 02:42:17,116.615037,39.905038
Car-1,2008-10-02 02:42:22,116.615213,39.905074
Car-1,2008-10-02 02:42:27,116.615327,39.9051
Car-1,2008-10-02 02:42:32,116.615445,39.90511
Car-1,2008-10-02 02:42:37,116.61558,39.905101
Car-1,2008-10-02 02:42:42,116.615719,39.905122
Car-1,2008-10-02 02:42:47,116.616109,39.905202
Car-1,2008-10-02 02:42:52,116.616542,39.905239
Car-1,2008-10-02 02:42:57,116.617143,39.905234
Car-1,2008-10-02 02:43:02,116.617786,39.905185
Car-1,2008-10-02 02:43:07,116.618582,39.905135
Car-1,2008-10-02 02:43:12,116.619311,39.905071
Car-1,2008-10-02 02:43:17,116.620227,39.905111
Car-1,2008-10-02 02:43:22,116.621247,39.905199
Car-1,2008-10-02 02:43:27,116.622187,39.905227
Car-1,2008-10-02 02:43:32,116.623076,39.905235
Car-1,2008-10-02 02:43:37,116.623847,39.905243
Car-1,2008-10-02 02:43:42,116.624533,39.905237
Car-1,2008-10-02 02:43:47,116.625167,39.905226
Car-1,2008-10-02 02:43:52,116.625681,39.905233
Car-1,2008-10-02 02:43:57,116.625919,39.905238
Car-1,2008-10-02 02:44:02,116.626132,39.905223
Car-1,2008-10-02 02:44:07,116.626382,39.905215
Car-1,2008-10-02 02:44:12,116.626634,39.905187
Car-1,2008-10-02 02:44:17,116.626796,39.905157
Car-1,2008-10-02 02:44:22,116.626869,39.905129
Car-1,2008-10-02 02:44:27,116.626885,39.905132
Car-1,2008-10-02 02:44:32,116.626903,39.905132
Car-1,2008-10-02 02:44:37,116.626986,39.905107
Car-1,2008-10-02 02:44:42,116.627018,39.905074
Car-1,2008-10-02 02:44:47,116.62706,39.905098
Car-1,2008-10-02 02:44:52,116.62703,39.905125
Car-1,2008-10-02 02:44:57,116.627028,39.905113
Car-1,2008-10-02 02:45:02,116.627122,39.905097
Car-1,2008-10-02 02:45:07,116.627185,39.905084
Car-1,2008-10-02 02:45:12,116.62722,39.905053
Car-1,2008-10-02 02:45:17,116.627249,39.905064
Car-1,2008-10-02 02:45:22,116.62731,39.905057
Car-1,2008-10-02 02:45:27,116.627433,39.905023
Car-1,2008-10-02 02:45:32,116.627711,39.904975
Car-1,2008-10-02 02:47:12,116.630007,39.904286
Car-1,2008-10-02 02:48:52,116.631227,39.903339
Car-1,2008-10-02 02:50:27,116.631779,39.902406
Car-1,2008-10-02 02:50:32,116.631824,39.902306
Car-1,2008-10-02 02:50:37,116.6319,39.902285
Car-1,2008-10-02 02:50:42,116.631919,39.902258
Car-1,2008-10-02 02:50:45,116.631919,39.902258
Car-1,2008-10-02 02:50:47,116.631922,39.902253
Car-1,2008-10-02 02:50:52,116.631913,39.902251
Car-1,2008-10-02 02:50:57,116.631899,39.902249
Car-1,2008-10-02 02:51:02,116.631879,39.902247
Car-1,2008-10-02 02:51:07,116.631895,39.902239
Car-1,2008-10-02 02:51:12,116.631905,39.902196
Car-1,2008-10-02 02:51:17,116.631883,39.902193
Car-1,2008-10-02 02:51:22,116.631873,39.902204
Car-1,2008-10-02 02:51:27,116.631868,39.902158
Car-1,2008-10-02 02:51:32,116.631962,39.902024
Car-1,2008-10-02 02:51:37,116.63214,39.901882
Car-1,2008-10-02 02:51:42,116.632269,39.901679
Car-1,2008-10-02 02:51:47,116.632321,39.901558
Car-1,2008-10-02 02:51:52,116.632363,39.901552
Car-1,2008-10-02 02:51:57,116.632366,39.901553
Car-1,2008-10-02 02:52:02,116.632367,39.901553
Car-1,2008-10-02 02:52:07,116.632371,39.901553
Car-1,2008-10-02 02:52:10,116.632371,39.901553
Car-1,2008-10-02 02:52:12,116.632377,39.901554
Car-1,2008-10-02 02:52:17,116.632368,39.901554
Car-1,2008-10-02 02:52:22,116.63237,39.901555
Car-1,2008-10-02 02:52:27,116.63237,39.901555
Car-1,2008-10-02 02:52:32,116.632363,39.901554
Car-1,2008-10-02 02:52:37,116.63236,39.901554
Car-1,2008-10-02 02:52:42,116.632357,39.901554
Car-1,2008-10-02 02:52:47,116.632355,39.901553
Car-1,2008-10-02 02:52:50,116.632355,39.901553
Car-1,2008-10-02 02:52:52,116.632362,39.901554
Car-1,2008-10-02 02:52:57,116.632349,39.901552
Car-1,2008-10-02 02:53:00,116.632349,39.901552
Car-1,2008-10-02 02:53:02,116.63235,39.901552
Car-1,2008-10-02 02:53:07,116.632356,39.901522
Car-1,2008-10-02 02:53:12,116.632446,39.901328
Car-1,2008-10-02 02:53:17,116.632596,39.901094
Car-1,2008-10-02 02:53:22,116.632792,39.900798
Car-1,2008-10-02 02:53:27,116.632978,39.90054
Car-1,2008-10-02 02:53:32,116.633069,39.900447
Car-1,2008-10-02 02:53:37,116.633115,39.900386
Car-1,2008-10-02 02:53:42,116.633131,39.900352
Car-1,2008-10-02 02:53:47,116.63314,39.900345
Car-1,2008-10-02 02:53:52,116.633145,39.900334
Car-1,2008-10-02 02:53:57,116.63317,39.900254
Car-1,2008-10-02 02:54:02,116.633236,39.900142
Car-1,2008-10-02 02:54:07,116.633341,39.900119
Car-1,2008-10-02 02:54:12,116.633391,39.900068
Car-1,2008-10-02 02:54:17,116.633408,39.900042
Car-1,2008-10-02 02:54:22,116.633412,39.899996
Car-1,2008-10-02 02:54:27,116.633427,39.899976
Car-1,2008-10-02 02:54:32,116.633414,39.899973
Car-1,2008-10-02 02:54:35,116.633414,39.899973
Car-1,2008-10-02 02:54:37,116.633415,39.899973
Car-1,2008-10-02 02:54:42,116.633442,39.899886
Car-1,2008-10-02 02:54:47,116.633479,39.899815
Car-1,2008-10-02 02:54:52,116.633495,39.899816
Car-1,2008-10-02 02:54:57,116.633496,39.899816
Car-1,2008-10-02 02:55:02,116.633498,39.899813
Car-1,2008-10-02 02:55:05,116.633498,39.899813
Car-1,2008-10-02 02:55:07,116.6335,39.899811
Car-1,2008-10-02 02:55:12,116.633532,39.89979
Car-1,2008-10-02 02:55:17,116.633545,39.899787
Car-1,2008-10-02 02:55:22,116.633576,39.899739
Car-1,2008-10-02 02:55:27,116.633648,39.899608
Car-1,2008-10-02 02:55:32,116.633726,39.899547
Car-1,2008-10-02 02:55:37,116.633794,39.899534
Car-1,2008-10-02 02:55:42,116.633852,39.899484
Car-1,2008-10-02 02:55:47,116.633859,39.899459
Car-1,2008-10-02 02:55:50,116.633859,39.899459
Car-1,2008-10-02 02:55:52,116.633865,39.899455
Car-1,2008-10-02 02:55:57,116.633871,39.899446
Car-1,2008-10-02 02:56:02,116.633873,39.89944
Car-1,2008-10-02 02:56:05,116.633873,39.89944
Car-1,2008-10-02 02:56:07,116.633877,39.899432
Car-1,2008-10-02 02:56:12,116.633882,39.899422
Car-1,2008-10-02 02:56:17,116.633889,39.899335
Car-1,2008-10-02 02:56:22,116.633922,39.899265
Car-1,2008-10-02 02:56:27,116.633959,39.899253
Car-1,2008-10-02 02:56:32,116.63399,39.899249
Car-1,2008-10-02 02:56:37,116.634027,39.899268
Car-1,2008-10-02 02:56:42,116.634037,39.899273
Car-1,2008-10-02 02:56:47,116.634043,39.899269
Car-1,2008-10-02 02:56:50,116.634043,39.899269
Car-1,2008-10-02 02:56:52,116.634044,39.899262
Car-1,2008-10-02 02:56:57,116.634033,39.899236
Car-1,2008-10-02 02:57:02,116.634043,39.899205
Car-1,2008-10-02 02:57:07,116.634034,39.899191
Car-1,2008-10-02 02:57:12,116.634051,39.899176
Car-1,2008-10-02 02:57:17,116.634054,39.899173
Car-1,2008-10-02 02:57:20,116.634054,39.899173
Car-1,2008-10-02 02:57:22,116.634057,39.899176
Car-1,2008-10-02 02:57:27,116.634067,39.899183
Car-1,2008-10-02 02:57:32,116.634134,39.899067
Car-1,2008-10-02 02:57:37,116.634262,39.898879
Car-1,2008-10-02 02:57:42,116.634369,39.8987
Car-1,2008-10-02 02:57:47,116.634379,39.898591
Car-1,2008-10-02 02:57:52,116.634398,39.898562
Car-1,2008-10-02 02:57:57,116.634402,39.898554
Car-1,2008-10-02 02:58:02,116.634403,39.898551
Car-1,2008-10-02 02:58:07,116.634402,39.898551
Car-1,2008-10-02 02:58:12,116.6344,39.898553
Car-1,2008-10-02 02:58:17,116.634397,39.898556
Car-1,2008-10-02 02:58:22,116.634395,39.898557
Car-1,2008-10-02 02:58:27,116.634395,39.898558
Car-1,2008-10-02 02:58:30,116.634395,39.898558
Car-1,2008-10-02 02:58:32,116.634395,39.898558
Car-1,2008-10-02 02:58:37,116.634401,39.898549
Car-1,2008-10-02 02:58:42,116.634446,39.898471
Car-1,2008-10-02 02:58:47,116.634525,39.898325
Car-1,2008-10-02 02:58:52,116.634657,39.898133
Car-1,2008-10-02 02:58:57,116.634881,39.897924
Car-1,2008-10-02 02:59:02,116.634998,39.897729
Car-1,2008-10-02 02:59:07,116.635036,39.897649
Car-1,2008-10-02 02:59:12,116.635046,39.897624
Car-1,2008-10-02 02:59:17,116.635052,39.89761
Car-1,2008-10-02 02:59:22,116.635055,39.897597
Car-1,2008-10-02 02:59:27,116.635067,39.897581
Car-1,2008-10-02 02:59:32,116.635084,39.897558
Car-1,2008-10-02 02:59:37,116.635133,39.897467
Car-1,2008-10-02 02:59:42,116.635217,39.897394
Car-1,2008-10-02 02:59:47,116.635289,39.897291
Car-1,2008-10-02 02:59:52,116.635344,39.897231
Car-1,2008-10-02 02:59:57,116.635362,39.897128
Car-1,2008-10-02 03:00:02,116.6355,39.896977
Car-1,2008-10-02 03:00:07,116.635582,39.896792
Car-1,2008-10-02 03:00:12,116.635706,39.896598
Car-1,2008-10-02 03:00:17,116.635826,39.896475
Car-1,2008-10-02 03:00:22,116.635861,39.896356
Car-1,2008-10-02 03:00:27,116.636038,39.896093
Car-1,2008-10-02 03:00:32,116.636123,39.89597
Car-1,2008-10-02 03:00:37,116.636138,39.895944
Car-1,2008-10-02 03:00:40,116.636138,39.895944
Car-1,2008-10-02 03:00:42,116.636138,39.895939
Car-1,2008-10-02 03:00:47,116.636139,39.895928
Car-1,2008-10-02 03:00:52,116.636138,39.895915
Car-1,2008-10-02 03:00:57,116.636131,39.895892
Car-1,2008-10-02 03:01:02,116.636119,39.89587
Car-1,2008-10-02 03:01:07,116.636114,39.895855
Car-1,2008-10-02 03:01:12,116.636109,39.895846
Car-1,2008-10-02 03:01:17,116.636113,39.895834
Car-1,2008-10-02 03:01:22,116.636113,39.895825
Car-1,2008-10-02 03:01:27,116.636113,39.895826
Car-1,2008-10-02 03:01:30,116.636113,39.895826
Car-1,2008-10-02 03:01:32,116.636119,39.895834
Car-1,2008-10-02 03:01:37,116.636125,39.895847
Car-1,2008-10-02 03:01:42,116.636132,39.895856
Car-1,2008-10-02 03:01:47,116.636178,39.895794
Car-1,2008-10-02 03:01:52,116.636326,39.895594
Car-1,2008-10-02 03:01:57,116.636505,39.895393
Car-1,2008-10-02 03:02:02,116.636709,39.89518
Car-1,2008-10-02 03:02:07,116.636916,39.894931
Car-1,2008-10-02 03:02:12,116.637038,39.894755
Car-1,2008-10-02 03:02:17,116.637075,39.894661
Car-1,2008-10-02 03:02:22,116.637093,39.894627
Car-1,2008-10-02 03:02:27,116.637097,39.894619
Car-1,2008-10-02 03:02:30,116.637097,39.894619
Car-1,2008-10-02 03:02:32,116.637101,39.894612
Car-1,2008-10-02 03:02:37,116.637153,39.894492
Car-1,2008-10-02 03:02:42,116.637348,39.89431
Car-1,2008-10-02 03:02:47,116.637512,39.894012
Car-1,2008-10-02 03:02:52,116.637723,39.893772
Car-1,2008-10-02 03:02:57,116.637982,39.89349
Car-1,2008-10-02 03:03:02,116.638331,39.893236
Car-1,2008-10-02 03:03:07,116.638758,39.893016
Car-1,2008-10-02 03:03:12,116.639307,39.892888
Car-1,2008-10-02 03:03:17,116.639962,39.892705
Car-1,2008-10-02 03:03:22,116.640665,39.892501
Car-1,2008-10-02 03:03:27,116.641394,39.892299
Car-1,2008-10-02 03:03:32,116.641981,39.892046
Car-1,2008-10-02 03:03:37,116.642653,39.891797
Car-1,2008-10-02 03:03:42,116.643449,39.891579
Car-1,2008-10-02 03:03:47,116.644247,39.891391
Car-1,2008-10-02 03:03:52,116.644813,39.891303
Car-1,2008-10-02 03:03:57,116.645056,39.891201
Car-1,2008-10-02 03:04:02,116.645431,39.891126
Car-1,2008-10-02 03:04:07,116.645928,39.890999
Car-1,2008-10-02 03:04:12,116.646379,39.890845
Car-1,2008-10-02 03:04:17,116.646612,39.890776
Car-1,2008-10-02 03:04:22,116.646682,39.890766
Car-1,2008-10-02 03:04:27,116.646672,39.890769
Car-1,2008-10-02 03:04:30,116.646672,39.890769
Car-1,2008-10-02 03:04:32,116.646664,39.890775
Car-1,2008-10-02 03:04:37,116.646698,39.890753
Car-1,2008-10-02 03:04:42,116.646712,39.890749
Car-1,2008-10-02 03:04:47,116.646707,39.890752
Car-1,2008-10-02 03:04:52,116.646709,39.890748
Car-1,2008-10-02 03:04:57,116.646707,39.890748
Car-1,2008-10-02 03:05:02,116.646709,39.890743
Car-1,2008-10-02 03:05:07,116.646702,39.890747
Car-1,2008-10-02 03:05:12,116.646696,39.890751
Car-1,2008-10-02 03:05:17,116.646695,39.890751
Car-1,2008-10-02 03:05:22,116.646691,39.890753
Car-1,2008-10-02 03:05:27,116.646688,39.890753
Car-1,2008-10-02 03:05:32,116.646693,39.890748
Car-1,2008-10-02 03:05:35,116.646693,39.890748
Car-1,2008-10-02 03:05:37,116.646694,39.890748
Car-1,2008-10-02 03:05:42,116.64677,39.890721
Car-1,2008-10-02 03:05:47,116.646907,39.890671
Car-1,2008-10-02 03:05:52,116.646988,39.89063
Car-1,2008-10-02 03:05:57,116.647255,39.890554
Car-1,2008-10-02 03:06:02,116.647467,39.89049
Car-1,2008-10-02 03:06:07,116.64751,39.890452
Car-1,2008-10-02 03:06:12,116.647531,39.890435
Car-1,2008-10-02 03:06:17,116.647565,39.890418
Car-1,2008-10-02 03:06:22,116.647606,39.890391
Car-1,2008-10-02 03:06:27,116.647646,39.890388
Car-1,2008-10-02 03:06:32,116.647673,39.890396
Car-1,2008-10-02 03:06:37,116.647697,39.890406
Car-1,2008-10-02 03:06:42,116.647718,39.890413
Car-1,2008-10-02 03:06:47,116.647732,39.890417
Car-1,2008-10-02 03:06:52,116.647742,39.890421
Car-1,2008-10-02 03:06:57,116.647758,39.89042
Car-1,2008-10-02 03:07:02,116.647769,39.890419
Car-1,2008-10-02 03:07:07,116.647778,39.890418
Car-1,2008-10-02 03:07:12,116.647778,39.89042
Car-1,2008-10-02 03:07:17,116.647775,39.890425
Car-1,2008-10-02 03:07:20,116.647775,39.890425
Car-1,2008-10-02 03:07:22,116.647768,39.890425
Car-1,2008-10-02 03:07:27,116.647754,39.89042
Car-1,2008-10-02 03:07:32,116.647734,39.890416
Car-1,2008-10-02 03:07:37,116.647747,39.890399
Car-1,2008-10-02 03:07:42,116.64788,39.890336
Car-1,2008-10-02 03:07:47,116.648087,39.890245
Car-1,2008-10-02 03:07:52,116.648465,39.890131
Car-1,2008-10-02 03:07:57,116.648712,39.890067
Car-1,2008-10-02 03:08:02,116.648783,39.890061
Car-1,2008-10-02 03:08:07,116.648805,39.890059
Car-1,2008-10-02 03:08:12,116.648827,39.890056
Car-1,2008-10-02 03:08:17,116.648846,39.890049
Car-1,2008-10-02 03:08:22,116.64886,39.890049
Car-1,2008-10-02 03:08:25,116.64886,39.890049
Car-1,2008-10-02 03:08:27,116.648862,39.890047
Car-1,2008-10-02 03:08:32,116.648872,39.89004
Car-1,2008-10-02 03:08:37,116.648902,39.890033
Car-1,2008-10-02 03:08:42,116.648924,39.890032
Car-1,2008-10-02 03:08:47,116.64893,39.890033
Car-1,2008-10-02 03:08:50,116.64893,39.890033
Car-1,2008-10-02 03:08:52,116.648928,39.890027
Car-1,2008-10-02 03:08:57,116.648919,39.890023
Car-1,2008-10-02 03:09:02,116.648902,39.89002
Car-1,2008-10-02 03:09:07,116.648887,39.890016
Car-1,2008-10-02 03:09:12,116.648875,39.890015
Car-1,2008-10-02 03:09:15,116.648875,39.890015
Car-1,2008-10-02 03:09:17,116.648872,39.890018
Car-1,2008-10-02 03:09:22,116.648884,39.890018
Car-1,2008-10-02 03:09:27,116.649013,39.889991
Car-1,2008-10-02 03:09:32,116.649284,39.889913
Car-1,2008-10-02 03:09:37,116.649633,39.889842
Car-1,2008-10-02 03:09:42,116.649927,39.88976
Car-1,2008-10-02 03:09:47,116.650195,39.889665
Car-1,2008-10-02 03:09:52,116.650489,39.889577
Car-1,2008-10-02 03:09:57,116.650927,39.889517
Car-1,2008-10-02 03:10:02,116.651364,39.889396
Car-1,2008-10-02 03:10:07,116.651847,39.889264
Car-1,2008-10-02 03:10:12,116.652331,39.889121
Car-1,2008-10-02 03:10:17,116.652867,39.888949
Car-1,2008-10-02 03:10:22,116.653388,39.888769
Car-1,2008-10-02 03:10:27,116.653764,39.888677
Car-1,2008-10-02 03:10:32,116.653913,39.888669
Car-1,2008-10-02 03:10:37,116.653926,39.888703
Car-1,2008-10-02 03:10:42,116.654038,39.888673
Car-1,2008-10-02 03:10:47,116.65432,39.888569
Car-1,2008-10-02 03:10:52,116.65462,39.888478
Car-1,2008-10-02 03:10:57,116.654972,39.888339
Car-1,2008-10-02 03:11:02,116.65526,39.888239
Car-1,2008-10-02 03:11:07,116.655322,39.888231
Car-1,2008-10-02 03:11:12,116.655324,39.888231
Car-1,2008-10-02 03:11:17,116.655319,39.888233
Car-1,2008-10-02 03:11:22,116.655326,39.888231
Car-1,2008-10-02 03:11:27,116.655327,39.88823
Car-1,2008-10-02 03:11:32,116.655328,39.888229
Car-1,2008-10-02 03:11:37,116.655324,39.888229
Car-1,2008-10-02 03:11:42,116.65533,39.888228
Car-1,2008-10-02 03:11:47,116.655334,39.888226
Car-1,2008-10-02 03:11:52,116.65534,39.888225
Car-1,2008-10-02 03:11:55,116.65534,39.888225
Car-1,2008-10-02 03:11:57,116.655348,39.888224
Car-1,2008-10-02 03:12:02,116.655357,39.888222
Car-1,2008-10-02 03:12:07,116.655495,39.888172
Car-1,2008-10-02 03:12:12,116.655811,39.888028
Car-1,2008-10-02 03:12:17,116.656241,39.887769
Car-1,2008-10-02 03:12:22,116.656756,39.887443
Car-1,2008-10-02 03:12:27,116.657277,39.887035
Car-1,2008-10-02 03:12:32,116.657904,39.88657
Car-1,2008-10-02 03:12:37,116.658572,39.886075
Car-1,2008-10-02 03:12:42,116.659207,39.885579
Car-1,2008-10-02 03:12:47,116.659808,39.885135
Car-1,2008-10-02 03:12:52,116.660319,39.884705
Car-1,2008-10-02 03:12:57,116.660694,39.884385
Car-1,2008-10-02 03:13:02,116.660868,39.884236
Car-1,2008-10-02 03:13:07,116.66089,39.88422
Car-1,2008-10-02 03:13:12,116.660902,39.884216
Car-1,2008-10-02 03:13:17,116.660907,39.884225
Car-1,2008-10-02 03:13:22,116.660913,39.88425
Car-1,2008-10-02 03:13:27,116.660927,39.884284
Car-1,2008-10-02 03:13:32,116.660947,39.884306
Car-1,2008-10-02 03:13:37,116.660954,39.884314
Car-1,2008-10-02 03:13:40,116.660954,39.884314
Car-1,2008-10-02 03:13:42,116.660954,39.884321
Car-1,2008-10-02 03:13:47,116.661013,39.88431
Car-1,2008-10-02 03:13:52,116.661145,39.884184
Car-1,2008-10-02 03:13:57,116.661315,39.88397
Car-1,2008-10-02 03:14:02,116.661621,39.883706
Car-1,2008-10-02 03:14:07,116.661992,39.883353
Car-1,2008-10-02 03:14:12,116.662432,39.882994
Car-1,2008-10-02 03:14:17,116.662888,39.882655
Car-1,2008-10-02 03:14:22,116.663403,39.882256
Car-1,2008-10-02 03:14:27,116.663979,39.881766
Car-1,2008-10-02 03:14:32,116.66459,39.881234
Car-1,2008-10-02 03:14:37,116.665222,39.880639
Car-1,2008-10-02 03:14:42,116.665881,39.880055
Car-1,2008-10-02 03:14:47,116.666562,39.879494
Car-1,2008-10-02 03:14:52,116.667261,39.878967
Car-1,2008-10-02 03:14:57,116.667919,39.878441
Car-1,2008-10-02 03:15:02,116.668527,39.877967
Car-1,2008-10-02 03:15:07,116.668966,39.877667
Car-1,2008-10-02 03:15:12,116.669139,39.87754
Car-1,2008-10-02 03:15:17,116.669157,39.877534
Car-1,2008-10-02 03:15:22,116.669161,39.87753
Car-1,2008-10-02 03:15:27,116.669166,39.877527
Car-1,2008-10-02 03:15:32,116.669166,39.877526
Car-1,2008-10-02 03:15:37,116.669165,39.877527
Car-1,2008-10-02 03:15:42,116.669166,39.877524
Car-1,2008-10-02 03:15:47,116.669167,39.877523
Car-1,2008-10-02 03:15:52,116.669167,39.877522
Car-1,2008-10-02 03:15:55,116.669167,39.877522
Car-1,2008-10-02 03:15:57,116.669171,39.877519
Car-1,2008-10-02 03:16:02,116.669209,39.877478
Car-1,2008-10-02 03:16:07,116.669429,39.877325
Car-1,2008-10-02 03:16:12,116.669746,39.877069
Car-1,2008-10-02 03:16:17,116.670175,39.876738
Car-1,2008-10-02 03:16:22,116.670651,39.87631
Car-1,2008-10-02 03:16:27,116.671183,39.875832
Car-1,2008-10-02 03:16:32,116.671806,39.875307
Car-1,2008-10-02 03:16:37,116.672423,39.874793
Car-1,2008-10-02 03:16:42,116.672949,39.874411
Car-1,2008-10-02 03:16:47,116.673185,39.874229
Car-1,2008-10-02 03:16:52,116.673257,39.87419
Car-1,2008-10-02 03:16:57,116.673363,39.874117
Car-1,2008-10-02 03:17:02,116.673502,39.874019
Car-1,2008-10-02 03:17:07,116.673663,39.873848
Car-1,2008-10-02 03:17:12,116.673899,39.87363
Car-1,2008-10-02 03:17:17,116.674172,39.873446
Car-1,2008-10-02 03:17:22,116.674312,39.873337
Car-1,2008-10-02 03:17:27,116.674318,39.873327
Car-1,2008-10-02 03:17:32,116.674317,39.873327
Car-1,2008-10-02 03:17:37,116.674319,39.873326
Car-1,2008-10-02 03:17:42,116.674321,39.873325
Car-1,2008-10-02 03:17:47,116.674321,39.873325
Car-1,2008-10-02 03:17:52,116.674321,39.873325
Car-1,2008-10-02 03:17:57,116.674322,39.873326
Car-1,2008-10-02 03:18:02,116.674323,39.873326
Car-1,2008-10-02 03:18:07,116.674324,39.873326
Car-1,2008-10-02 03:18:12,116.674324,39.873326
Car-1,2008-10-02 03:18:17,116.674324,39.873326
Car-1,2008-10-02 03:18:20,116.674324,39.873326
Car-1,2008-10-02 03:18:22,116.674326,39.873325
Car-1,2008-10-02 03:18:27,116.674465,39.873216
Car-1,2008-10-02 03:18:32,116.674761,39.87302
Car-1,2008-10-02 03:18:37,116.67513,39.872829
Car-1,2008-10-02 03:18:42,116.675513,39.872607
Car-1,2008-10-02 03:18:47,116.676034,39.872334
Car-1,2008-10-02 03:18:52,116.676674,39.87206
Car-1,2008-10-02 03:18:57,116.677396,39.871792
Car-1,2008-10-02 03:19:02,116.678193,39.871548
Car-1,2008-10-02 03:19:07,116.679008,39.87133
Car-1,2008-10-02 03:19:12,116.679808,39.871094
Car-1,2008-10-02 03:19:17,116.680527,39.87091
Car-1,2008-10-02 03:19:22,116.681109,39.870774
Car-1,2008-10-02 03:19:27,116.681651,39.870604
Car-1,2008-10-02 03:19:32,116.682019,39.870498
Car-1,2008-10-02 03:19:37,116.682243,39.870437
Car-1,2008-10-02 03:19:42,116.682342,39.870393
Car-1,2008-10-02 03:19:47,116.682412,39.870375
Car-1,2008-10-02 03:19:52,116.682692,39.870328
Car-1,2008-10-02 03:19:57,116.683105,39.870194
Car-1,2008-10-02 03:20:02,116.683696,39.870049
Car-1,2008-10-02 03:20:07,116.684313,39.869884
Car-1,2008-10-02 03:20:12,116.684978,39.869714
Car-1,2008-10-02 03:20:17,116.685679,39.869568
Car-1,2008-10-02 03:20:22,116.686402,39.869395
Car-1,2008-10-02 03:20:27,116.687078,39.869232
Car-1,2008-10-02 03:20:32,116.68753,39.869116
Car-1,2008-10-02 03:20:37,116.687838,39.869009
Car-1,2008-10-02 03:20:42,116.688011,39.868952
Car-1,2008-10-02 03:20:47,116.688042,39.868929
Car-1,2008-10-02 03:20:52,116.688179,39.868884
Car-1,2008-10-02 03:20:57,116.688486,39.868771
Car-1,2008-10-02 03:21:02,116.688962,39.868636
Car-1,2008-10-02 03:21:07,116.68958,39.868471
Car-1,2008-10-02 03:21:12,116.690288,39.868282
Car-1,2008-10-02 03:21:17,116.691105,39.868063
Car-1,2008-10-02 03:21:22,116.691991,39.867832
Car-1,2008-10-02 03:21:27,116.692903,39.867544
Car-1,2008-10-02 03:21:32,116.69389,39.867301
Car-1,2008-10-02 03:21:37,116.69488,39.867041
Car-1,2008-10-02 03:21:42,116.695879,39.866807
Car-1,2008-10-02 03:21:47,116.696879,39.866557
Car-1,2008-10-02 03:21:52,116.697856,39.866281
Car-1,2008-10-02 03:21:57,116.698874,39.866021
Car-1,2008-10-02 03:22:02,116.699816,39.865798
Car-1,2008-10-02 03:22:07,116.700628,39.865595
Car-1,2008-10-02 03:22:12,116.701431,39.86536
Car-1,2008-10-02 03:22:17,116.702221,39.865153
Car-1,2008-10-02 03:22:22,116.702977,39.864956
Car-1,2008-10-02 03:22:27,116.703689,39.864775
Car-1,2008-10-02 03:22:32,116.704391,39.864607
Car-1,2008-10-02 03:22:37,116.704971,39.86444
Car-1,2008-10-02 03:22:42,116.705501,39.86431
Car-1,2008-10-02 03:22:47,116.7061,39.864153
Car-1,2008-10-02 03:22:52,116.706812,39.863996
Car-1,2008-10-02 03:22:57,116.707631,39.863798
Car-1,2008-10-02 03:23:02,116.708514,39.86356
Car-1,2008-10-02 03:23:07,116.709313,39.863351
Car-1,2008-10-02 03:23:12,116.709777,39.863212
Car-1,2008-10-02 03:23:17,116.710055,39.863094
Car-1,2008-10-02 03:23:22,116.710207,39.863043
Car-1,2008-10-02 03:23:27,116.710316,39.86301
Car-1,2008-10-02 03:23:32,116.710353,39.862986
Car-1,2008-10-02 03:23:37,116.710365,39.862983
Car-1,2008-10-02 03:23:42,116.710375,39.862981
Car-1,2008-10-02 03:23:47,116.710388,39.862976
Car-1,2008-10-02 03:23:52,116.710401,39.862972
Car-1,2008-10-02 03:23:57,116.710521,39.862947
Car-1,2008-10-02 03:24:02,116.710794,39.862864
Car-1,2008-10-02 03:24:07,116.711126,39.862758
Car-1,2008-10-02 03:24:12,116.711521,39.862638
Car-1,2008-10-02 03:24:17,116.711794,39.862581
Car-1,2008-10-02 03:24:22,116.712015,39.862514
Car-1,2008-10-02 03:24:27,116.712191,39.86245
Car-1,2008-10-02 03:24:32,116.712378,39.862418
Car-1,2008-10-02 03:24:37,116.712436,39.862428
Car-1,2008-10-02 03:24:40,116.712436,39.862428
Car-1,2008-10-02 03:24:42,116.712444,39.862431
Car-1,2008-10-02 03:24:47,116.712523,39.86241
Car-1,2008-10-02 03:24:52,116.712553,39.86241
Car-1,2008-10-02 03:24:55,116.712553,39.86241
Car-1,2008-10-02 03:24:57,116.712558,39.862407
Car-1,2008-10-02 03:25:02,116.712575,39.862389
Car-1,2008-10-02 03:25:07,116.712678,39.86235
Car-1,2008-10-02 03:25:12,116.712872,39.862283
Car-1,2008-10-02 03:25:17,116.713136,39.862213
Car-1,2008-10-02 03:25:22,116.713435,39.862121
Car-1,2008-10-02 03:25:27,116.7137,39.86206
Car-1,2008-10-02 03:25:32,116.713887,39.862034
Car-1,2008-10-02 03:25:37,116.71398,39.862044
Car-1,2008-10-02 03:25:42,116.714013,39.862041
Car-1,2008-10-02 03:25:47,116.714041,39.862047
Car-1,2008-10-02 03:25:52,116.71405,39.862045
Car-1,2008-10-02 03:25:55,116.71405,39.862045
Car-1,2008-10-02 03:25:57,116.714052,39.862045
Car-1,2008-10-02 03:26:02,116.714061,39.862041
Car-1,2008-10-02 03:26:05,116.714061,39.862041
Car-1,2008-10-02 03:26:07,116.714065,39.86204
Car-1,2008-10-02 03:26:12,116.714076,39.862036
Car-1,2008-10-02 03:26:17,116.714088,39.862032
Car-1,2008-10-02 03:26:20,116.714088,39.862032
Car-1,2008-10-02 03:26:22,116.714096,39.862029
Car-1,2008-10-02 03:26:27,116.714194,39.862003
Car-1,2008-10-02 03:26:32,116.714381,39.861901
Car-1,2008-10-02 03:26:37,116.714727,39.861797
Car-1,2008-10-02 03:26:42,116.715228,39.861675
Car-1,2008-10-02 03:26:47,116.715844,39.861533
Car-1,2008-10-02 03:26:52,116.716541,39.861362
Car-1,2008-10-02 03:26:57,116.717316,39.861153
Car-1,2008-10-02 03:27:02,116.718162,39.860919
Car-1,2008-10-02 03:27:07,116.71908,39.860671
Car-1,2008-10-02 03:27:12,116.720111,39.860421
Car-1,2008-10-02 03:27:17,116.721122,39.860134
Car-1,2008-10-02 03:27:22,116.722212,39.859823
Car-1,2008-10-02 03:27:27,116.7233,39.859581
Car-1,2008-10-02 03:27:32,116.724215,39.859327
Car-1,2008-10-02 03:27:37,116.725017,39.859122
Car-1,2008-10-02 03:27:42,116.725677,39.858956
Car-1,2008-10-02 03:27:47,116.726057,39.858858
Car-1,2008-10-02 03:27:52,116.726301,39.858763
Car-1,2008-10-02 03:27:57,116.726748,39.858641
Car-1,2008-10-02 03:28:02,116.727279,39.858475
Car-1,2008-10-02 03:28:07,116.727924,39.858299
Car-1,2008-10-02 03:28:12,116.728696,39.858128
Car-1,2008-10-02 03:28:17,116.72957,39.857894
Car-1,2008-10-02 03:28:22,116.730574,39.857652
Car-1,2008-10-02 03:28:27,116.731614,39.857394
Car-1,2008-10-02 03:28:32,116.732618,39.857119
Car-1,2008-10-02 03:28:37,116.733682,39.85682
Car-1,2008-10-02 03:28:42,116.734755,39.856535
Car-1,2008-10-02 03:28:47,116.735709,39.85631
Car-1,2008-10-02 03:28:52,116.736431,39.856167
Car-1,2008-10-02 03:28:57,116.73686,39.856075
Car-1,2008-10-02 03:29:02,116.736959,39.856056
Car-1,2008-10-02 03:29:07,116.736895,39.856044
Car-1,2008-10-02 03:29:10,116.736895,39.856044
Car-1,2008-10-02 03:29:12,116.7369,39.856043
Car-1,2008-10-02 03:29:17,116.736887,39.856047
Car-1,2008-10-02 03:29:22,116.736992,39.856001
Car-1,2008-10-02 03:29:27,116.737349,39.855896
Car-1,2008-10-02 03:29:32,116.737859,39.855767
Car-1,2008-10-02 03:29:37,116.738552,39.855596
Car-1,2008-10-02 03:29:42,116.739296,39.855346
Car-1,2008-10-02 03:29:47,116.740062,39.85502
Car-1,2008-10-02 03:29:52,116.74074,39.854656
Car-1,2008-10-02 03:29:57,116.741355,39.854249
Car-1,2008-10-02 03:30:02,116.741967,39.853834
Car-1,2008-10-02 03:30:07,116.742582,39.853421
Car-1,2008-10-02 03:30:12,116.743153,39.853026
Car-1,2008-10-02 03:30:17,116.743719,39.852644
Car-1,2008-10-02 03:30:22,116.744337,39.852249
Car-1,2008-10-02 03:30:27,116.744943,39.851917
Car-1,2008-10-02 03:30:32,116.745482,39.851584
Car-1,2008-10-02 03:30:37,116.745908,39.851335
Car-1,2008-10-02 03:30:42,116.746368,39.851061
Car-1,2008-10-02 03:30:47,116.746976,39.850766
Car-1,2008-10-02 03:30:52,116.747634,39.85044
Car-1,2008-10-02 03:30:57,116.748302,39.850059
Car-1,2008-10-02 03:31:02,116.748927,39.849737
Car-1,2008-10-02 03:31:07,116.749525,39.849423
Car-1,2008-10-02 03:31:12,116.750168,39.849087
Car-1,2008-10-02 03:31:17,116.750858,39.848711
Car-1,2008-10-02 03:31:22,116.751532,39.848339
Car-1,2008-10-02 03:31:27,116.752166,39.847951
Car-1,2008-10-02 03:31:32,116.75279,39.847627
Car-1,2008-10-02 03:31:37,116.753376,39.847332
Car-1,2008-10-02 03:31:42,116.75393,39.847035
Car-1,2008-10-02 03:31:47,116.754579,39.846708
Car-1,2008-10-02 03:31:52,116.755291,39.846391
Car-1,2008-10-02 03:31:57,116.756093,39.846102
Car-1,2008-10-02 03:32:02,116.756873,39.845774
Car-1,2008-10-02 03:32:07,116.757591,39.84545
Car-1,2008-10-02 03:32:12,116.758309,39.845135
Car-1,2008-10-02 03:32:17,116.759055,39.84479
Car-1,2008-10-02 03:32:22,116.759868,39.844409
Car-1,2008-10-02 03:32:27,116.760747,39.843968
Car-1,2008-10-02 03:32:32,116.761668,39.843554
Car-1,2008-10-02 03:32:37,116.762564,39.843057
Car-1,2008-10-02 03:32:42,116.7633,39.842578
Car-1,2008-10-02 03:32:47,116.763927,39.842125
Car-1,2008-10-02 03:32:52,116.764584,39.841677
Car-1,2008-10-02 03:32:57,116.765236,39.841234
Car-1,2008-10-02 03:33:02,116.765939,39.840768
Car-1,2008-10-02 03:33:07,116.766694,39.840192
Car-1,2008-10-02 03:33:12,116.767358,39.839484
Car-1,2008-10-02 03:33:17,116.767958,39.838734
Car-1,2008-10-02 03:33:22,116.768477,39.837927
Car-1,2008-10-02 03:33:27,116.768994,39.837109
Car-1,2008-10-02 03:33:32,116.769473,39.836292
Car-1,2008-10-02 03:33:37,116.76994,39.83546
Car-1,2008-10-02 03:33:42,116.770365,39.834761
Car-1,2008-10-02 03:33:47,116.770772,39.834066
Car-1,2008-10-02 03:33:52,116.771172,39.833438
Car-1,2008-10-02 03:33:57,116.771548,39.832816
Car-1,2008-10-02 03:34:02,116.771888,39.832193
Car-1,2008-10-02 03:34:07,116.772238,39.831628
Car-1,2008-10-02 03:34:12,116.77261,39.831071
Car-1,2008-10-02 03:34:17,116.772995,39.830488
Car-1,2008-10-02 03:34:22,116.773352,39.829933
Car-1,2008-10-02 03:34:27,116.773723,39.829366
Car-1,2008-10-02 03:34:32,116.774097,39.828806
Car-1,2008-10-02 03:34:37,116.774434,39.828256
Car-1,2008-10-02 03:34:42,116.774795,39.827674
Car-1,2008-10-02 03:34:47,116.775019,39.82721
Car-1,2008-10-02 03:34:52,116.775067,39.827064
Car-1,2008-10-02 03:34:57,116.775074,39.827076
Car-1,2008-10-02 03:35:02,116.775077,39.827071
Car-1,2008-10-02 03:35:07,116.775077,39.827072
Car-1,2008-10-02 03:35:12,116.775077,39.82707
Car-1,2008-10-02 03:35:15,116.775077,39.82707
Car-1,2008-10-02 03:35:17,116.775079,39.827068
Car-1,2008-10-02 03:35:22,116.775083,39.827038
Car-1,2008-10-02 03:35:27,116.775115,39.826832
Car-1,2008-10-02 03:35:32,116.775176,39.826497
Car-1,2008-10-02 03:35:37,116.77524,39.826112
Car-1,2008-10-02 03:35:42,116.775216,39.82555
Car-1,2008-10-02 03:35:47,116.77507,39.824886
Car-1,2008-10-02 03:35:52,116.774831,39.824208
Car-1,2008-10-02 03:35:57,116.774615,39.823478
Car-1,2008-10-02 03:36:02,116.774361,39.822747
Car-1,2008-10-02 03:36:07,116.774065,39.821965
Car-1,2008-10-02 03:36:12,116.773807,39.821173
Car-1,2008-10-02 03:36:17,116.773523,39.820366
Car-1,2008-10-02 03:36:22,116.773235,39.819607
Car-1,2008-10-02 03:36:27,116.77296,39.818921
Car-1,2008-10-02 03:36:32,116.772691,39.818236
Car-1,2008-10-02 03:36:37,116.772471,39.81765
Car-1,2008-10-02 03:36:42,116.772317,39.817259
Car-1,2008-10-02 03:36:47,116.772233,39.81702
Car-1,2008-10-02 03:36:52,116.772147,39.81685
Car-1,2008-10-02 03:36:57,116.772066,39.816695
Car-1,2008-10-02 03:37:02,116.772016,39.816589
Car-1,2008-10-02 03:37:07,116.771936,39.816445
Car-1,2008-10-02 03:37:12,116.771863,39.816241
Car-1,2008-10-02 03:37:17,116.771788,39.816057
Car-1,2008-10-02 03:37:22,116.771698,39.815835
Car-1,2008-10-02 03:37:27,116.771624,39.815593
Car-1,2008-10-02 03:37:32,116.771499,39.815158
Car-1,2008-10-02 03:37:37,116.77142,39.814642
Car-1,2008-10-02 03:37:42,116.771376,39.814081
Car-1,2008-10-02 03:37:47,116.771401,39.81347
Car-1,2008-10-02 03:37:52,116.771468,39.812769
Car-1,2008-10-02 03:37:57,116.771615,39.812028
Car-1,2008-10-02 03:38:02,116.77177,39.811235
Car-1,2008-10-02 03:38:07,116.771912,39.8104
Car-1,2008-10-02 03:38:12,116.772062,39.809544
Car-1,2008-10-02 03:38:17,116.772228,39.808659
Car-1,2008-10-02 03:38:22,116.772457,39.807775
Car-1,2008-10-02 03:38:27,116.772718,39.806881
Car-1,2008-10-02 03:38:32,116.773061,39.805986
Car-1,2008-10-02 03:38:37,116.773453,39.805091
Car-1,2008-10-02 03:38:42,116.773896,39.804158
Car-1,2008-10-02 03:38:47,116.774297,39.803175
Car-1,2008-10-02 03:38:52,116.774677,39.802198
Car-1,2008-10-02 03:38:57,116.775064,39.801238
Car-1,2008-10-02 03:39:02,116.775467,39.800333
Car-1,2008-10-02 03:39:07,116.775962,39.799455
Car-1,2008-10-02 03:39:12,116.77647,39.798584
Car-1,2008-10-02 03:39:17,116.776997,39.797665
Car-1,2008-10-02 03:39:22,116.7774,39.796694
Car-1,2008-10-02 03:39:27,116.777765,39.795698
Car-1,2008-10-02 03:39:32,116.77812,39.794707
Car-1,2008-10-02 03:39:37,116.77849,39.793741
Car-1,2008-10-02 03:39:42,116.778849,39.792835
Car-1,2008-10-02 03:39:47,116.779192,39.791933
Car-1,2008-10-02 03:39:52,116.779563,39.79104
Car-1,2008-10-02 03:39:57,116.779926,39.790119
Car-1,2008-10-02 03:40:02,116.780244,39.789246
Car-1,2008-10-02 03:40:07,116.780634,39.78839
Car-1,2008-10-02 03:40:12,116.781202,39.787509
Car-1,2008-10-02 03:40:17,116.781916,39.786686
Car-1,2008-10-02 03:40:22,116.782739,39.785952
Car-1,2008-10-02 03:40:27,116.783585,39.785158
Car-1,2008-10-02 03:40:32,116.784391,39.784397
Car-1,2008-10-02 03:40:37,116.785243,39.783621
Car-1,2008-10-02 03:40:42,116.786047,39.782799
Car-1,2008-10-02 03:40:47,116.786766,39.781999
Car-1,2008-10-02 03:40:52,116.787488,39.781169
Car-1,2008-10-02 03:40:57,116.788075,39.780459
Car-1,2008-10-02 03:41:02,116.788524,39.77992
Car-1,2008-10-02 03:41:07,116.788798,39.779589
Car-1,2008-10-02 03:41:12,116.788929,39.779453
Car-1,2008-10-02 03:41:17,116.788965,39.779408
Car-1,2008-10-02 03:41:22,116.788978,39.779389
Car-1,2008-10-02 03:41:27,116.788982,39.779383
Car-1,2008-10-02 03:41:32,116.788984,39.779381
Car-1,2008-10-02 03:41:35,116.788984,39.779381
Car-1,2008-10-02 03:41:37,116.788982,39.779382
Car-1,2008-10-02 03:41:42,116.788988,39.779371
Car-1,2008-10-02 03:41:47,116.789063,39.779183
Car-1,2008-10-02 03:41:52,116.789293,39.778911
Car-1,2008-10-02 03:41:57,116.78966,39.778536
Car-1,2008-10-02 03:42:02,116.790078,39.778102
Car-1,2008-10-02 03:42:07,116.790536,39.777567
Car-1,2008-10-02 03:42:12,116.79106,39.776952
Car-1,2008-10-02 03:42:17,116.791434,39.776531
Car-1,2008-10-02 03:42:22,116.791581,39.776385
Car-1,2008-10-02 03:42:27,116.79157,39.77639
Car-1,2008-10-02 03:42:32,116.791574,39.776387
Car-1,2008-10-02 03:42:37,116.791573,39.776389
Car-1,2008-10-02 03:42:42,116.791571,39.776391
Car-1,2008-10-02 03:42:47,116.791569,39.776393
Car-1,2008-10-02 03:42:50,116.791569,39.776393
Car-1,2008-10-02 03:42:52,116.791573,39.77639
Car-1,2008-10-02 03:42:57,116.791633,39.776339
Car-1,2008-10-02 03:43:02,116.791791,39.776154
Car-1,2008-10-02 03:43:07,116.792049,39.77584
Car-1,2008-10-02 03:43:12,116.792407,39.775433
Car-1,2008-10-02 03:43:17,116.792817,39.774965
Car-1,2008-10-02 03:43:22,116.793292,39.774413
Car-1,2008-10-02 03:43:27,116.793777,39.773847
Car-1,2008-10-02 03:43:32,116.794268,39.773314
Car-1,2008-10-02 03:43:37,116.794666,39.772848
Car-1,2008-10-02 03:43:42,116.79494,39.772447
Car-1,2008-10-02 03:43:47,116.795198,39.772149
Car-1,2008-10-02 03:43:52,116.795353,39.771991
Car-1,2008-10-02 03:43:57,116.795405,39.771919
Car-1,2008-10-02 03:44:02,116.795383,39.771932
Car-1,2008-10-02 03:44:05,116.795383,39.771932
Car-1,2008-10-02 03:44:07,116.795387,39.771925
Car-1,2008-10-02 03:44:12,116.795491,39.77182
Car-1,2008-10-02 03:44:17,116.795699,39.771603
Car-1,2008-10-02 03:44:22,116.795997,39.771294
Car-1,2008-10-02 03:44:27,116.796396,39.770875
Car-1,2008-10-02 03:44:32,116.796825,39.770407
Car-1,2008-10-02 03:44:37,116.797344,39.769861
Car-1,2008-10-02 03:44:42,116.797965,39.769296
Car-1,2008-10-02 03:44:47,116.798696,39.768694
Car-1,2008-10-02 03:44:52,116.799478,39.768047
Car-1,2008-10-02 03:44:57,116.800262,39.767397
Car-1,2008-10-02 03:45:02,116.801112,39.766731
Car-1,2008-10-02 03:45:07,116.801949,39.766063
Car-1,2008-10-02 03:45:12,116.802816,39.765477
Car-1,2008-10-02 03:45:17,116.803695,39.765057
Car-1,2008-10-02 03:45:22,116.804591,39.764741
Car-1,2008-10-02 03:45:27,116.805512,39.764577
Car-1,2008-10-02 03:45:32,116.806543,39.764498
Car-1,2008-10-02 03:45:37,116.80761,39.76445
Car-1,2008-10-02 03:45:42,116.808554,39.764412
Car-1,2008-10-02 03:45:47,116.809413,39.764337
Car-1,2008-10-02 03:45:52,116.810201,39.764232
Car-1,2008-10-02 03:45:57,116.810988,39.764111
Car-1,2008-10-02 03:46:02,116.811813,39.763963
Car-1,2008-10-02 03:46:07,116.812706,39.763774
Car-1,2008-10-02 03:46:12,116.813659,39.763565
Car-1,2008-10-02 03:46:17,116.814742,39.763326
Car-1,2008-10-02 03:46:22,116.815779,39.763144
Car-1,2008-10-02 03:46:27,116.816839,39.76299
Car-1,2008-10-02 03:46:32,116.8179,39.762894
Car-1,2008-10-02 03:46:37,116.818961,39.762823
Car-1,2008-10-02 03:46:42,116.820024,39.762754
Car-1,2008-10-02 03:46:47,116.821069,39.762674
Car-1,2008-10-02 03:46:52,116.822002,39.76258
Car-1,2008-10-02 03:46:57,116.822937,39.762433
Car-1,2008-10-02 03:47:02,116.823801,39.762209
Car-1,2008-10-02 03:47:07,116.824519,39.762045
Car-1,2008-10-02 03:47:12,116.825055,39.761858
Car-1,2008-10-02 03:47:17,116.825479,39.761734
Car-1,2008-10-02 03:47:22,116.82606,39.761572
Car-1,2008-10-02 03:47:27,116.826706,39.761297
Car-1,2008-10-02 03:47:32,116.827343,39.760925
Car-1,2008-10-02 03:47:37,116.827993,39.760489
Car-1,2008-10-02 03:47:42,116.828655,39.760021
Car-1,2008-10-02 03:47:47,116.829323,39.759521
Car-1,2008-10-02 03:47:52,116.830026,39.759004
Car-1,2008-10-02 03:47:57,116.830737,39.758488
Car-1,2008-10-02 03:48:02,116.831458,39.757968
Car-1,2008-10-02 03:48:07,116.832099,39.757484
Car-1,2008-10-02 03:48:12,116.832736,39.757017
Car-1,2008-10-02 03:48:17,116.833347,39.756572
Car-1,2008-10-02 03:48:22,116.833939,39.756122
Car-1,2008-10-02 03:48:27,116.834392,39.755767
Car-1,2008-10-02 03:48:32,116.834601,39.755586
Car-1,2008-10-02 03:48:37,116.834637,39.755559
Car-1,2008-10-02 03:48:42,116.834694,39.75551
Car-1,2008-10-02 03:48:47,116.834919,39.755342
Car-1,2008-10-02 03:48:52,116.835277,39.755119
Car-1,2008-10-02 03:48:57,116.835781,39.754819
Car-1,2008-10-02 03:49:02,116.836389,39.754478
Car-1,2008-10-02 03:49:07,116.83712,39.754085
Car-1,2008-10-02 03:49:12,116.837943,39.753626
Car-1,2008-10-02 03:49:17,116.83875,39.753106
Car-1,2008-10-02 03:49:22,116.839483,39.752487
Car-1,2008-10-02 03:49:27,116.840097,39.751779
Car-1,2008-10-02 03:49:32,116.840648,39.750999
Car-1,2008-10-02 03:49:37,116.841167,39.750171
Car-1,2008-10-02 03:49:42,116.841692,39.749338
Car-1,2008-10-02 03:49:47,116.842246,39.74853
Car-1,2008-10-02 03:49:52,116.842749,39.747855
Car-1,2008-10-02 03:49:57,116.843089,39.747427
Car-1,2008-10-02 03:50:02,116.843251,39.747244
Car-1,2008-10-02 03:50:07,116.843297,39.74723
Car-1,2008-10-02 03:50:12,116.843304,39.747211
Car-1,2008-10-02 03:50:17,116.843295,39.747216
Car-1,2008-10-02 03:50:22,116.843279,39.747226
Car-1,2008-10-02 03:50:27,116.843275,39.747229
Car-1,2008-10-02 03:50:32,116.843272,39.74723
Car-1,2008-10-02 03:50:35,116.843272,39.74723
Car-1,2008-10-02 03:50:37,116.843267,39.747234
Car-1,2008-10-02 03:50:42,116.843258,39.74724
Car-1,2008-10-02 03:50:47,116.843246,39.747248
Car-1,2008-10-02 03:50:50,116.843246,39.747248
Car-1,2008-10-02 03:50:52,116.843241,39.747252
Car-1,2008-10-02 03:50:57,116.843254,39.747241
Car-1,2008-10-02 03:51:02,116.843271,39.74723
Car-1,2008-10-02 03:51:07,116.843277,39.747227
Car-1,2008-10-02 03:51:12,116.84328,39.747223
Car-1,2008-10-02 03:51:17,116.843282,39.74722
Car-1,2008-10-02 03:51:22,116.84328,39.747221
Car-1,2008-10-02 03:51:27,116.843278,39.747221
Car-1,2008-10-02 03:51:32,116.843277,39.747219
Car-1,2008-10-02 03:51:37,116.843281,39.747213
Car-1,2008-10-02 03:51:40,116.843281,39.747213
Car-1,2008-10-02 03:51:42,116.843282,39.747209
Car-1,2008-10-02 03:51:47,116.843273,39.747214
Car-1,2008-10-02 03:51:52,116.843258,39.747223
Car-1,2008-10-02 03:51:55,116.843258,39.747223
Car-1,2008-10-02 03:51:57,116.843252,39.747226
Car-1,2008-10-02 03:52:02,116.84328,39.747214
Car-1,2008-10-02 03:52:07,116.843315,39.74719
Car-1,2008-10-02 03:52:12,116.843335,39.747176
Car-1,2008-10-02 03:52:17,116.843361,39.747163
Car-1,2008-10-02 03:52:22,116.843485,39.747032
Car-1,2008-10-02 03:52:27,116.843659,39.746908
Car-1,2008-10-02 03:52:32,116.84398,39.746616
Car-1,2008-10-02 03:52:37,116.844429,39.746207
Car-1,2008-10-02 03:52:42,116.845045,39.745631
Car-1,2008-10-02 03:52:47,116.845666,39.745057
Car-1,2008-10-02 03:52:52,116.846347,39.744387
Car-1,2008-10-02 03:52:57,116.847015,39.743786
Car-1,2008-10-02 03:53:02,116.847612,39.743209
Car-1,2008-10-02 03:53:07,116.84806,39.742781
Car-1,2008-10-02 03:53:12,116.848303,39.742549
Car-1,2008-10-02 03:53:17,116.848435,39.742404
Car-1,2008-10-02 03:53:22,116.84849,39.742343
Car-1,2008-10-02 03:53:27,116.848526,39.742317
Car-1,2008-10-02 03:53:32,116.848655,39.742216
Car-1,2008-10-02 03:53:37,116.848949,39.742018
Car-1,2008-10-02 03:53:42,116.849403,39.741693
Car-1,2008-10-02 03:53:47,116.849934,39.741356
Car-1,2008-10-02 03:53:52,116.850587,39.74099
Car-1,2008-10-02 03:53:57,116.85128,39.740608
Car-1,2008-10-02 03:54:02,116.852047,39.740201
Car-1,2008-10-02 03:54:07,116.852892,39.739753
Car-1,2008-10-02 03:54:12,116.853777,39.739287
Car-1,2008-10-02 03:54:17,116.854668,39.738796
Car-1,2008-10-02 03:54:22,116.855633,39.738276
Car-1,2008-10-02 03:54:27,116.856629,39.737696
Car-1,2008-10-02 03:54:32,116.857622,39.737005
Car-1,2008-10-02 03:54:37,116.858537,39.736298
Car-1,2008-10-02 03:54:42,116.859442,39.735625
Car-1,2008-10-02 03:54:47,116.860363,39.734932
Car-1,2008-10-02 03:54:52,116.86131,39.734232
Car-1,2008-10-02 03:54:57,116.862271,39.733563
Car-1,2008-10-02 03:55:02,116.863256,39.73291
Car-1,2008-10-02 03:55:07,116.864249,39.732222
Car-1,2008-10-02 03:55:12,116.865137,39.731498
Car-1,2008-10-02 03:55:17,116.865824,39.730833
Car-1,2008-10-02 03:55:22,116.866428,39.730244
Car-1,2008-10-02 03:55:27,116.867001,39.729646
Car-1,2008-10-02 03:55:32,116.867593,39.728964
Car-1,2008-10-02 03:55:37,116.868195,39.728219
Car-1,2008-10-02 03:55:42,116.868792,39.727477
Car-1,2008-10-02 03:55:47,116.869395,39.726683
Car-1,2008-10-02 03:55:52,116.870019,39.725909
Car-1,2008-10-02 03:55:57,116.87064,39.725106
Car-1,2008-10-02 03:56:02,116.871269,39.724271
Car-1,2008-10-02 03:56:07,116.871934,39.723422
Car-1,2008-10-02 03:56:12,116.872619,39.722572
Car-1,2008-10-02 03:56:17,116.873284,39.721748
Car-1,2008-10-02 03:56:22,116.873901,39.72095
Car-1,2008-10-02 03:56:27,116.874453,39.720208
Car-1,2008-10-02 03:56:32,116.874994,39.719511
Car-1,2008-10-02 03:56:37,116.87549,39.718888
Car-1,2008-10-02 03:56:42,116.875971,39.718271
Car-1,2008-10-02 03:56:47,116.876428,39.717673
Car-1,2008-10-02 03:56:52,116.876959,39.716988
Car-1,2008-10-02 03:56:57,116.877476,39.716343
Car-1,2008-10-02 03:57:02,116.878015,39.715662
Car-1,2008-10-02 03:57:07,116.878576,39.71494
Car-1,2008-10-02 03:57:12,116.879155,39.714213
Car-1,2008-10-02 03:57:17,116.879706,39.713514
Car-1,2008-10-02 03:57:22,116.880258,39.71283
Car-1,2008-10-02 03:57:27,116.880784,39.712188
Car-1,2008-10-02 03:57:32,116.881255,39.711608
Car-1,2008-10-02 03:57:37,116.881701,39.711044
Car-1,2008-10-02 03:57:42,116.88214,39.710507
Car-1,2008-10-02 03:57:47,116.882605,39.709953
Car-1,2008-10-02 03:57:52,116.883042,39.709406
Car-1,2008-10-02 03:57:57,116.883517,39.708869
Car-1,2008-10-02 03:58:02,116.884063,39.708288
Car-1,2008-10-02 03:58:07,116.884626,39.707699
Car-1,2008-10-02 03:58:12,116.885185,39.707087
Car-1,2008-10-02 03:58:17,116.885776,39.706468
Car-1,2008-10-02 03:58:22,116.886339,39.705824
Car-1,2008-10-02 03:58:27,116.886929,39.705196
Car-1,2008-10-02 03:58:32,116.887483,39.704607
Car-1,2008-10-02 03:58:37,116.887975,39.704084
Car-1,2008-10-02 03:58:42,116.888443,39.703541
Car-1,2008-10-02 03:58:47,116.888996,39.702947
Car-1,2008-10-02 03:58:52,116.889569,39.702334
Car-1,2008-10-02 03:58:57,116.890102,39.701767
Car-1,2008-10-02 03:59:02,116.890609,39.701259
Car-1,2008-10-02 03:59:07,116.891074,39.700756
Car-1,2008-10-02 03:59:12,116.891531,39.700223
Car-1,2008-10-02 03:59:17,116.891995,39.699603
Car-1,2008-10-02 03:59:22,116.892459,39.6989
Car-1,2008-10-02 03:59:27,116.892926,39.698145
Car-1,2008-10-02 03:59:32,116.893419,39.697329
Car-1,2008-10-02 03:59:37,116.893945,39.696475
Car-1,2008-10-02 03:59:42,116.894504,39.695592
Car-1,2008-10-02 03:59:47,116.89509,39.694707
Car-1,2008-10-02 03:59:52,116.895676,39.693789
Car-1,2008-10-02 03:59:57,116.896252,39.692845
Car-1,2008-10-02 04:00:02,116.896854,39.691878
Car-1,2008-10-02 04:00:07,116.897494,39.690918
Car-1,2008-10-02 04:00:12,116.898104,39.689926
Car-1,2008-10-02 04:00:17,116.898729,39.688954
Car-1,2008-10-02 04:00:22,116.899299,39.687994
Car-1,2008-10-02 04:00:27,116.899848,39.687105
Car-1,2008-10-02 04:00:32,116.900388,39.686251
Car-1,2008-10-02 04:00:37,116.900957,39.685386
Car-1,2008-10-02 04:00:42,116.901554,39.684492
Car-1,2008-10-02 04:00:47,116.902165,39.683589
Car-1,2008-10-02 04:00:52,116.902741,39.682761
Car-1,2008-10-02 04:00:57,116.903249,39.682074
Car-1,2008-10-02 04:01:02,116.903599,39.681555
Car-1,2008-10-02 04:01:07,116.903829,39.681224
Car-1,2008-10-02 04:01:12,116.903946,39.680937
Car-1,2008-10-02 04:01:17,116.904033,39.680749
Car-1,2008-10-02 04:01:22,116.904037,39.680715
Car-1,2008-10-02 04:01:27,116.904037,39.680694
Car-1,2008-10-02 04:01:32,116.90405,39.680667
Car-1,2008-10-02 04:01:35,116.90405,39.680667
Car-1,2008-10-02 04:01:37,116.904054,39.680659
Car-1,2008-10-02 04:01:42,116.904075,39.68063
Car-1,2008-10-02 04:01:47,116.904065,39.680606
Car-1,2008-10-02 04:01:52,116.904057,39.680603
Car-1,2008-10-02 04:01:57,116.904054,39.680604
Car-1,2008-10-02 04:02:00,116.904054,39.680604
Car-1,2008-10-02 04:02:02,116.904056,39.680599
Car-1,2008-10-02 04:02:07,116.904093,39.680581
Car-1,2008-10-02 04:02:12,116.904124,39.680573
Car-1,2008-10-02 04:02:17,116.904156,39.680544
Car-1,2008-10-02 04:02:22,116.904168,39.68054
Car-1,2008-10-02 04:02:27,116.904166,39.680562
Car-1,2008-10-02 04:02:30,116.904166,39.680562
Car-1,2008-10-02 04:02:32,116.904169,39.680557
Car-1,2008-10-02 04:02:37,116.904189,39.680532
Car-1,2008-10-02 04:02:42,116.904228,39.680507
Car-1,2008-10-02 04:02:47,116.904242,39.680479
Car-1,2008-10-02 04:02:52,116.904254,39.680453
Car-1,2008-10-02 04:02:57,116.904253,39.680463
Car-1,2008-10-02 04:03:02,116.904255,39.680461
Car-1,2008-10-02 04:03:07,116.904256,39.680459
Car-1,2008-10-02 04:03:12,116.904259,39.680457
Car-1,2008-10-02 04:03:17,116.904259,39.680451
Car-1,2008-10-02 04:03:20,116.904259,39.680451
Car-1,2008-10-02 04:03:22,116.904261,39.680444
Car-1,2008-10-02 04:03:27,116.904266,39.680435
Car-1,2008-10-02 04:03:32,116.904294,39.680403
Car-1,2008-10-02 04:03:37,116.904273,39.680417
Car-1,2008-10-02 04:03:40,116.904273,39.680417
Car-1,2008-10-02 04:03:42,116.904267,39.680412
Car-1,2008-10-02 04:03:47,116.90428,39.680384
Car-1,2008-10-02 04:03:52,116.904376,39.680246
Car-1,2008-10-02 04:03:57,116.904717,39.679951
Car-1,2008-10-02 04:04:02,116.905076,39.679575
Car-1,2008-10-02 04:04:07,116.905395,39.679152
Car-1,2008-10-02 04:04:12,116.905844,39.678607
Car-1,2008-10-02 04:04:17,116.906308,39.678005
Car-1,2008-10-02 04:04:22,116.90679,39.677368
Car-1,2008-10-02 04:04:27,116.907303,39.676706
Car-1,2008-10-02 04:04:32,116.907872,39.675978
Car-1,2008-10-02 04:04:37,116.908456,39.675201
Car-1,2008-10-02 04:04:42,116.90909,39.674377
Car-1,2008-10-02 04:04:47,116.909708,39.673531
Car-1,2008-10-02 04:04:52,116.91032,39.672718
Car-1,2008-10-02 04:04:57,116.91083,39.672037
Car-1,2008-10-02 04:05:02,116.911271,39.671483
Car-1,2008-10-02 04:05:07,116.911709,39.671006
Car-1,2008-10-02 04:05:12,116.912128,39.670558
Car-1,2008-10-02 04:05:17,116.912651,39.670094
Car-1,2008-10-02 04:05:22,116.913217,39.669548
Car-1,2008-10-02 04:05:27,116.913823,39.668953
Car-1,2008-10-02 04:05:32,116.914492,39.668336
Car-1,2008-10-02 04:05:37,116.915199,39.667688
Car-1,2008-10-02 04:05:42,116.91593,39.667018
Car-1,2008-10-02 04:05:47,116.9167,39.666319
Car-1,2008-10-02 04:05:52,116.917504,39.665567
Car-1,2008-10-02 04:05:57,116.918338,39.664781
Car-1,2008-10-02 04:06:02,116.919193,39.664012
Car-1,2008-10-02 04:06:07,116.920117,39.663229
Car-1,2008-10-02 04:06:12,116.921053,39.662407
Car-1,2008-10-02 04:06:17,116.922052,39.661563
Car-1,2008-10-02 04:06:22,116.923034,39.660693
Car-1,2008-10-02 04:06:27,116.92398,39.659839
Car-1,2008-10-02 04:06:32,116.924874,39.65905
Car-1,2008-10-02 04:06:37,116.92571,39.658301
Car-1,2008-10-02 04:06:42,116.926568,39.657556
Car-1,2008-10-02 04:06:47,116.927447,39.656774
Car-1,2008-10-02 04:06:52,116.92837,39.655968
Car-1,2008-10-02 04:06:57,116.929314,39.655132
Car-1,2008-10-02 04:07:02,116.930288,39.654267
Car-1,2008-10-02 04:07:07,116.931278,39.65338
Car-1,2008-10-02 04:07:12,116.932309,39.652496
Car-1,2008-10-02 04:07:17,116.933332,39.651661
Car-1,2008-10-02 04:07:22,116.934347,39.650819
Car-1,2008-10-02 04:07:27,116.935369,39.649967
Car-1,2008-10-02 04:07:32,116.936404,39.649127
Car-1,2008-10-02 04:07:37,116.937418,39.648288
Car-1,2008-10-02 04:07:42,116.93836,39.647507
Car-1,2008-10-02 04:07:47,116.939185,39.646788
Car-1,2008-10-02 04:07:52,116.939834,39.646091
Car-1,2008-10-02 04:07:57,116.940365,39.645303
Car-1,2008-10-02 04:08:02,116.940859,39.644455
Car-1,2008-10-02 04:08:07,116.941374,39.64354
Car-1,2008-10-02 04:08:12,116.94193,39.642595
Car-1,2008-10-02 04:08:17,116.942528,39.641621
Car-1,2008-10-02 04:08:22,116.943128,39.640641
Car-1,2008-10-02 04:08:27,116.943717,39.639654
Car-1,2008-10-02 04:08:32,116.944275,39.638635
Car-1,2008-10-02 04:08:37,116.944869,39.637617
Car-1,2008-10-02 04:08:42,116.945498,39.636587
Car-1,2008-10-02 04:08:47,116.946184,39.635568
Car-1,2008-10-02 04:08:52,116.946901,39.634544
Car-1,2008-10-02 04:08:57,116.947609,39.633524
Car-1,2008-10-02 04:09:02,116.948275,39.632532
Car-1,2008-10-02 04:09:07,116.948907,39.631622
Car-1,2008-10-02 04:09:12,116.94948,39.63082
Car-1,2008-10-02 04:09:17,116.950114,39.630055
Car-1,2008-10-02 04:09:22,116.950877,39.629351
Car-1,2008-10-02 04:09:27,116.951656,39.628679
Car-1,2008-10-02 04:09:32,116.952351,39.627943
Car-1,2008-10-02 04:09:37,116.952852,39.62717
Car-1,2008-10-02 04:09:42,116.953218,39.626294
Car-1,2008-10-02 04:09:47,116.953495,39.625362
Car-1,2008-10-02 04:09:52,116.953783,39.62438
Car-1,2008-10-02 04:09:57,116.954036,39.623423
Car-1,2008-10-02 04:10:02,116.95429,39.622498
Car-1,2008-10-02 04:10:07,116.954566,39.621552
Car-1,2008-10-02 04:10:12,116.954854,39.620572
Car-1,2008-10-02 04:10:17,116.955156,39.61956
Car-1,2008-10-02 04:10:22,116.955492,39.61861
Car-1,2008-10-02 04:10:27,116.955899,39.617798
Car-1,2008-10-02 04:10:32,116.956436,39.616996
Car-1,2008-10-02 04:10:37,116.957094,39.6162
Car-1,2008-10-02 04:10:42,116.957814,39.61545
Car-1,2008-10-02 04:10:47,116.958553,39.61468
Car-1,2008-10-02 04:10:52,116.959211,39.613898
Car-1,2008-10-02 04:10:57,116.959732,39.613067
Car-1,2008-10-02 04:11:02,116.960075,39.612169
Car-1,2008-10-02 04:11:07,116.960321,39.611221
Car-1,2008-10-02 04:11:12,116.960577,39.610216
Car-1,2008-10-02 04:11:17,116.960839,39.609192
Car-1,2008-10-02 04:11:22,116.961131,39.608141
Car-1,2008-10-02 04:11:27,116.961409,39.607105
Car-1,2008-10-02 04:11:32,116.961731,39.606013
Car-1,2008-10-02 04:11:37,116.962008,39.604902
Car-1,2008-10-02 04:11:42,116.962344,39.60376
Car-1,2008-10-02 04:11:47,116.962649,39.602642
Car-1,2008-10-02 04:11:52,116.962759,39.601565
Car-1,2008-10-02 04:11:57,116.962773,39.600456
Car-1,2008-10-02 04:12:02,116.962798,39.599321
Car-1,2008-10-02 04:12:07,116.962873,39.598171
Car-1,2008-10-02 04:12:12,116.963044,39.597056
Car-1,2008-10-02 04:12:17,116.96325,39.596005
Car-1,2008-10-02 04:12:22,116.963512,39.594961
Car-1,2008-10-02 04:12:27,116.963794,39.59389
Car-1,2008-10-02 04:12:32,116.964048,39.592804
Car-1,2008-10-02 04:12:37,116.964294,39.591698
Car-1,2008-10-02 04:12:42,116.964564,39.590555
Car-1,2008-10-02 04:12:47,116.964829,39.589398
Car-1,2008-10-02 04:12:52,116.96509,39.58827
Car-1,2008-10-02 04:12:57,116.96534,39.587195
Car-1,2008-10-02 04:13:02,116.965579,39.586103
Car-1,2008-10-02 04:13:07,116.965817,39.584982
Car-1,2008-10-02 04:13:12,116.966082,39.583831
Car-1,2008-10-02 04:13:17,116.966366,39.582643
Car-1,2008-10-02 04:13:22,116.966645,39.581457
Car-1,2008-10-02 04:13:27,116.966921,39.580262
Car-1,2008-10-02 04:13:32,116.967105,39.579105
Car-1,2008-10-02 04:13:37,116.967159,39.577952
Car-1,2008-10-02 04:13:42,116.967188,39.576798
Car-1,2008-10-02 04:13:47,116.967233,39.575643
Car-1,2008-10-02 04:13:52,116.967223,39.574483
Car-1,2008-10-02 04:13:57,116.967279,39.573319
Car-1,2008-10-02 04:14:02,116.967487,39.572203
Car-1,2008-10-02 04:14:07,116.967792,39.571147
Car-1,2008-10-02 04:14:12,116.968072,39.570095
Car-1,2008-10-02 04:14:17,116.968359,39.569027
Car-1,2008-10-02 04:14:22,116.968633,39.567986
Car-1,2008-10-02 04:14:27,116.968887,39.567037
Car-1,2008-10-02 04:14:32,116.9691,39.566176
Car-1,2008-10-02 04:14:37,116.969355,39.56535
Car-1,2008-10-02 04:14:42,116.969668,39.564492
Car-1,2008-10-02 04:14:47,116.970005,39.563484
Car-1,2008-10-02 04:14:52,116.970321,39.562473
Car-1,2008-10-02 04:14:57,116.97066,39.561414
Car-1,2008-10-02 04:15:02,116.97102,39.560311
Car-1,2008-10-02 04:15:07,116.971397,39.559186
Car-1,2008-10-02 04:15:12,116.971776,39.558021
Car-1,2008-10-02 04:15:17,116.972153,39.556834
Car-1,2008-10-02 04:15:22,116.97255,39.555647
Car-1,2008-10-02 04:15:27,116.972936,39.554453
Car-1,2008-10-02 04:15:32,116.973335,39.553259
Car-1,2008-10-02 04:15:37,116.973667,39.552068
Car-1,2008-10-02 04:15:42,116.973915,39.550908
Car-1,2008-10-02 04:15:47,116.97413,39.549771
Car-1,2008-10-02 04:15:52,116.974368,39.548648
Car-1,2008-10-02 04:15:57,116.974613,39.547585
Car-1,2008-10-02 04:16:02,116.974962,39.546574
Car-1,2008-10-02 04:16:07,116.975507,39.545556
Car-1,2008-10-02 04:16:12,116.976107,39.544524
Car-1,2008-10-02 04:16:17,116.976728,39.543451
Car-1,2008-10-02 04:16:22,116.977354,39.542366
Car-1,2008-10-02 04:16:27,116.977951,39.541296
Car-1,2008-10-02 04:16:32,116.978594,39.540181
Car-1,2008-10-02 04:16:37,116.979274,39.539022
Car-1,2008-10-02 04:16:42,116.979943,39.537882
Car-1,2008-10-02 04:16:47,116.980545,39.536777
Car-1,2008-10-02 04:16:52,116.981089,39.535687
Car-1,2008-10-02 04:16:57,116.981623,39.534551
Car-1,2008-10-02 04:17:02,116.982159,39.533415
Car-1,2008-10-02 04:17:07,116.982683,39.532381
Car-1,2008-10-02 04:17:12,116.983195,39.53131
Car-1,2008-10-02 04:17:17,116.983709,39.530229
Car-1,2008-10-02 04:17:22,116.984199,39.529195
Car-1,2008-10-02 04:17:27,116.984671,39.528203
Car-1,2008-10-02 04:17:32,116.985177,39.527146
Car-1,2008-10-02 04:17:37,116.98566,39.526101
Car-1,2008-10-02 04:17:42,116.986147,39.525076
Car-1,2008-10-02 04:17:47,116.986652,39.524038
Car-1,2008-10-02 04:17:52,116.987134,39.523012
Car-1,2008-10-02 04:17:57,116.987578,39.52206
Car-1,2008-10-02 04:18:02,116.987977,39.521205
Car-1,2008-10-02 04:18:07,116.988376,39.520337
Car-1,2008-10-02 04:18:12,116.988808,39.519428
Car-1,2008-10-02 04:18:17,116.98927,39.518521
Car-1,2008-10-02 04:18:22,116.989727,39.517583
Car-1,2008-10-02 04:18:27,116.990178,39.516652
Car-1,2008-10-02 04:18:32,116.990633,39.515718
Car-1,2008-10-02 04:18:37,116.991079,39.514795
Car-1,2008-10-02 04:18:42,116.991513,39.513913
Car-1,2008-10-02 04:18:47,116.9919,39.513094
Car-1,2008-10-02 04:18:52,116.992293,39.512289
Car-1,2008-10-02 04:18:57,116.992715,39.511466
Car-1,2008-10-02 04:19:02,116.993138,39.510613
Car-1,2008-10-02 04:19:07,116.993547,39.509723
Car-1,2008-10-02 04:19:12,116.993981,39.508827
Car-1,2008-10-02 04:19:17,116.994422,39.507911
Car-1,2008-10-02 04:19:22,116.994849,39.507008
Car-1,2008-10-02 04:19:27,116.995239,39.506212
Car-1,2008-10-02 04:19:32,116.995617,39.505394
Car-1,2008-10-02 04:19:37,116.996008,39.504545
Car-1,2008-10-02 04:19:42,116.996435,39.503663
Car-1,2008-10-02 04:19:47,116.996897,39.502717
Car-1,2008-10-02 04:19:52,116.997361,39.50173
Car-1,2008-10-02 04:19:57,116.997825,39.500678
Car-1,2008-10-02 04:20:02,116.998321,39.499601
Car-1,2008-10-02 04:20:07,116.998871,39.498498
Car-1,2008-10-02 04:20:12,116.999401,39.49738
Car-1,2008-10-02 04:20:17,116.999964,39.496223
Car-1,2008-10-02 04:20:22,117.000515,39.495065
Car-1,2008-10-02 04:20:27,117.00105,39.493949
Car-1,2008-10-02 04:20:32,117.001564,39.492832
Car-1,2008-10-02 04:20:37,117.002074,39.491771
Car-1,2008-10-02 04:20:42,117.002564,39.490719
Car-1,2008-10-02 04:20:47,117.003128,39.489717
Car-1,2008-10-02 04:20:52,117.003786,39.488805
Car-1,2008-10-02 04:20:57,117.004467,39.48792
Car-1,2008-10-02 04:21:02,117.005127,39.487083
Car-1,2008-10-02 04:21:07,117.005786,39.486233
Car-1,2008-10-02 04:21:12,117.006363,39.485484
Car-1,2008-10-02 04:21:17,117.00678,39.484935
Car-1,2008-10-02 04:21:22,117.006996,39.48464
Car-1,2008-10-02 04:21:27,117.007012,39.48459
Car-1,2008-10-02 04:21:32,117.007001,39.484584
Car-1,2008-10-02 04:21:37,117.007126,39.484428
Car-1,2008-10-02 04:21:42,117.007351,39.48416
Car-1,2008-10-02 04:21:47,117.007647,39.483782
Car-1,2008-10-02 04:21:52,117.008003,39.483319
Car-1,2008-10-02 04:21:57,117.008424,39.482759
Car-1,2008-10-02 04:22:02,117.008905,39.482133
Car-1,2008-10-02 04:22:07,117.009438,39.481454
Car-1,2008-10-02 04:22:12,117.010001,39.480708
Car-1,2008-10-02 04:22:17,117.010554,39.479953
Car-1,2008-10-02 04:22:22,117.011124,39.47918
Car-1,2008-10-02 04:22:27,117.011682,39.478407
Car-1,2008-10-02 04:22:32,117.01225,39.477623
Car-1,2008-10-02 04:22:37,117.012804,39.476852
Car-1,2008-10-02 04:22:42,117.013359,39.476094
Car-1,2008-10-02 04:22:47,117.013865,39.475369
Car-1,2008-10-02 04:22:52,117.014401,39.47461
Car-1,2008-10-02 04:22:57,117.014941,39.473891
Car-1,2008-10-02 04:23:02,117.015566,39.473267
Car-1,2008-10-02 04:23:07,117.016326,39.472703
Car-1,2008-10-02 04:23:12,117.017197,39.472273
Car-1,2008-10-02 04:23:17,117.018165,39.471944
Car-1,2008-10-02 04:23:22,117.01923,39.47167
Car-1,2008-10-02 04:23:27,117.020284,39.471398
Car-1,2008-10-02 04:23:32,117.021314,39.471128
Car-1,2008-10-02 04:23:37,117.022406,39.470858
Car-1,2008-10-02 04:23:42,117.02349,39.470543
Car-1,2008-10-02 04:23:47,117.024513,39.470088
Car-1,2008-10-02 04:23:52,117.025465,39.469461
Car-1,2008-10-02 04:23:57,117.02629,39.468695
Car-1,2008-10-02 04:24:02,117.027009,39.467793
Car-1,2008-10-02 04:24:07,117.027715,39.466861
Car-1,2008-10-02 04:24:12,117.028429,39.465908
Car-1,2008-10-02 04:24:17,117.029161,39.464963
Car-1,2008-10-02 04:24:22,117.029891,39.464057
Car-1,2008-10-02 04:24:27,117.030744,39.463277
Car-1,2008-10-02 04:24:32,117.031783,39.462601
Car-1,2008-10-02 04:24:37,117.032979,39.462092
Car-1,2008-10-02 04:24:42,117.03431,39.461768
Car-1,2008-10-02 04:24:47,117.035723,39.461553
Car-1,2008-10-02 04:24:52,117.037168,39.461379
Car-1,2008-10-02 04:24:57,117.038614,39.461214
Car-1,2008-10-02 04:25:02,117.040049,39.461044
Car-1,2008-10-02 04:25:07,117.041463,39.460863
Car-1,2008-10-02 04:25:12,117.042854,39.460606
Car-1,2008-10-02 04:25:17,117.044193,39.460209
Car-1,2008-10-02 04:25:22,117.045472,39.459674
Car-1,2008-10-02 04:25:27,117.046642,39.459007
Car-1,2008-10-02 04:25:32,117.047702,39.458254
Car-1,2008-10-02 04:25:37,117.048604,39.457381
Car-1,2008-10-02 04:25:42,117.04939,39.456407
Car-1,2008-10-02 04:25:47,117.049991,39.455363
Car-1,2008-10-02 04:25:52,117.050404,39.454259
Car-1,2008-10-02 04:25:57,117.050588,39.453136
Car-1,2008-10-02 04:26:02,117.05066,39.452026
Car-1,2008-10-02 04:26:07,117.050528,39.450965
Car-1,2008-10-02 04:26:12,117.050248,39.450017
Car-1,2008-10-02 04:26:17,117.049899,39.449137
Car-1,2008-10-02 04:26:22,117.049529,39.448315
Car-1,2008-10-02 04:26:27,117.04917,39.447574
Car-1,2008-10-02 04:26:32,117.048894,39.4469
Car-1,2008-10-02 04:26:37,117.048719,39.446366
Car-1,2008-10-02 04:26:42,117.048665,39.445861
Car-1,2008-10-02 04:26:47,117.048682,39.445272
Car-1,2008-10-02 04:26:52,117.048706,39.444596
Car-1,2008-10-02 04:26:57,117.048861,39.443868
Car-1,2008-10-02 04:27:02,117.049138,39.443119
Car-1,2008-10-02 04:27:07,117.049559,39.442385
Car-1,2008-10-02 04:27:12,117.050079,39.441613
Car-1,2008-10-02 04:27:17,117.050655,39.440806
Car-1,2008-10-02 04:27:22,117.051287,39.439934
Car-1,2008-10-02 04:27:27,117.051939,39.439036
Car-1,2008-10-02 04:27:32,117.052615,39.438101
Car-1,2008-10-02 04:27:37,117.05332,39.437136
Car-1,2008-10-02 04:27:42,117.054045,39.436156
Car-1,2008-10-02 04:27:47,117.05479,39.435154
Car-1,2008-10-02 04:27:52,117.055547,39.434157
Car-1,2008-10-02 04:27:57,117.05627,39.433177
Car-1,2008-10-02 04:28:02,117.056946,39.43221
Car-1,2008-10-02 04:28:07,117.057597,39.431211
Car-1,2008-10-02 04:28:12,117.058219,39.430221
Car-1,2008-10-02 04:28:17,117.058847,39.429186
Car-1,2008-10-02 04:28:22,117.059501,39.428154
Car-1,2008-10-02 04:28:27,117.060159,39.427107
Car-1,2008-10-02 04:28:32,117.06083,39.426056
Car-1,2008-10-02 04:28:37,117.061466,39.425039
Car-1,2008-10-02 04:28:42,117.062083,39.42407
Car-1,2008-10-02 04:28:47,117.062638,39.423153
Car-1,2008-10-02 04:28:52,117.063238,39.422194
Car-1,2008-10-02 04:28:57,117.063738,39.42118
Car-1,2008-10-02 04:29:02,117.06403,39.420126
Car-1,2008-10-02 04:29:07,117.064228,39.419095
Car-1,2008-10-02 04:29:12,117.064357,39.418036
Car-1,2008-10-02 04:29:17,117.06438,39.416961
Car-1,2008-10-02 04:29:22,117.064302,39.415908
Car-1,2008-10-02 04:29:27,117.064318,39.415005
Car-1,2008-10-02 04:29:32,117.064615,39.414134
Car-1,2008-10-02 04:29:37,117.065236,39.413307
Car-1,2008-10-02 04:29:42,117.066127,39.412585
Car-1,2008-10-02 04:29:47,117.067105,39.411871
Car-1,2008-10-02 04:29:52,117.067909,39.411026
Car-1,2008-10-02 04:29:57,117.0684,39.410054
Car-1,2008-10-02 04:30:02,117.068715,39.409058
Car-1,2008-10-02 04:30:07,117.069036,39.408043
Car-1,2008-10-02 04:30:12,117.069349,39.407079
Car-1,2008-10-02 04:30:17,117.069653,39.406268
Car-1,2008-10-02 04:30:22,117.069865,39.405751
Car-1,2008-10-02 04:30:27,117.070122,39.405542
Car-1,2008-10-02 04:30:32,117.070333,39.405633
Car-1,2008-10-02 04:30:37,117.070462,39.405875
Car-1,2008-10-02 04:30:42,117.070582,39.406245
Car-1,2008-10-02 04:30:47,117.070615,39.406705
Car-1,2008-10-02 04:30:52,117.070624,39.406994
Car-1,2008-10-02 04:30:57,117.070614,39.40717
Car-1,2008-10-02 04:31:02,117.070587,39.407218
Car-1,2008-10-02 04:31:07,117.070563,39.407288
Car-1,2008-10-02 04:31:12,117.070639,39.407496
Car-1,2008-10-02 04:31:17,117.070672,39.407794
Car-1,2008-10-02 04:31:22,117.070736,39.408207
Car-1,2008-10-02 04:31:27,117.071094,39.408556
Car-1,2008-10-02 04:31:32,117.071792,39.408617
Car-1,2008-10-02 04:31:37,117.072675,39.408478
Car-1,2008-10-02 04:31:42,117.073606,39.408258
Car-1,2008-10-02 04:31:47,117.074532,39.407992
Car-1,2008-10-02 04:31:52,117.075481,39.407755
Car-1,2008-10-02 04:31:57,117.0765,39.407465
Car-1,2008-10-02 04:32:02,117.077492,39.407142
Car-1,2008-10-02 04:32:07,117.078595,39.406772
Car-1,2008-10-02 04:32:12,117.079812,39.406323
Car-1,2008-10-02 04:32:17,117.081079,39.405826
Car-1,2008-10-02 04:32:22,117.082336,39.405318
Car-1,2008-10-02 04:32:27,117.083644,39.404741
Car-1,2008-10-02 04:32:32,117.085038,39.404065
Car-1,2008-10-02 04:32:37,117.086447,39.403353
Car-1,2008-10-02 04:32:42,117.087796,39.402632
Car-1,2008-10-02 04:32:47,117.089055,39.401939
Car-1,2008-10-02 04:32:52,117.090076,39.401349
Car-1,2008-10-02 04:32:57,117.090864,39.400861
Car-1,2008-10-02 04:33:02,117.091637,39.400375
Car-1,2008-10-02 04:33:07,117.092432,39.399876
Car-1,2008-10-02 04:33:12,117.093261,39.399331
Car-1,2008-10-02 04:33:17,117.094128,39.398741
Car-1,2008-10-02 04:33:22,117.095036,39.398099
Car-1,2008-10-02 04:33:27,117.096009,39.397389
Car-1,2008-10-02 04:33:32,117.096966,39.396668
Car-1,2008-10-02 04:33:37,117.097929,39.395905
Car-1,2008-10-02 04:33:42,117.098922,39.395059
Car-1,2008-10-02 04:33:47,117.099948,39.394174
Car-1,2008-10-02 04:33:52,117.100936,39.393251
Car-1,2008-10-02 04:33:57,117.101998,39.392269
Car-1,2008-10-02 04:34:02,117.102998,39.391276
Car-1,2008-10-02 04:34:07,117.104014,39.390247
Car-1,2008-10-02 04:34:12,117.104901,39.389219
Car-1,2008-10-02 04:34:17,117.105769,39.388171
Car-1,2008-10-02 04:34:22,117.10662,39.387069
Car-1,2008-10-02 04:34:27,117.107423,39.385963
Car-1,2008-10-02 04:34:32,117.108203,39.384846
Car-1,2008-10-02 04:34:37,117.108939,39.383698
Car-1,2008-10-02 04:34:42,117.10959,39.382619
Car-1,2008-10-02 04:34:47,117.110213,39.381562
Car-1,2008-10-02 04:34:52,117.110871,39.380488
Car-1,2008-10-02 04:34:57,117.111593,39.379416
Car-1,2008-10-02 04:35:02,117.112316,39.378337
Car-1,2008-10-02 04:35:07,117.113006,39.377207
Car-1,2008-10-02 04:35:12,117.113708,39.376096
Car-1,2008-10-02 04:35:17,117.114356,39.375051
Car-1,2008-10-02 04:35:22,117.115029,39.374023
Car-1,2008-10-02 04:35:27,117.115673,39.373008
Car-1,2008-10-02 04:35:32,117.116269,39.372052
Car-1,2008-10-02 04:35:37,117.116796,39.371173
Car-1,2008-10-02 04:35:42,117.117344,39.370306
Car-1,2008-10-02 04:35:47,117.11798,39.369386
Car-1,2008-10-02 04:35:52,117.118613,39.368451
Car-1,2008-10-02 04:35:57,117.119194,39.367489
Car-1,2008-10-02 04:36:02,117.119807,39.366493
Car-1,2008-10-02 04:36:07,117.120451,39.365458
Car-1,2008-10-02 04:36:12,117.120881,39.364649
Car-1,2008-10-02 04:36:17,117.121091,39.364192
Car-1,2008-10-02 04:36:22,117.121236,39.363949
Car-1,2008-10-02 04:36:27,117.121286,39.36389
Car-1,2008-10-02 04:40:27,117.121389,39.363772
Car-1,2008-10-02 04:40:32,117.121582,39.363518
Car-1,2008-10-02 04:40:37,117.121762,39.363244
Car-1,2008-10-02 04:40:42,117.12193,39.362985
Car-1,2008-10-02 04:40:47,117.122115,39.362697
Car-1,2008-10-02 04:40:52,117.122283,39.362441
Car-1,2008-10-02 04:40:57,117.12242,39.362231
Car-1,2008-10-02 04:41:02,117.122524,39.362037
Car-1,2008-10-02 04:41:07,117.122602,39.361885
Car-1,2008-10-02 04:41:12,117.122632,39.361793
Car-1,2008-10-02 04:41:17,117.122663,39.361767
Car-1,2008-10-02 04:41:22,117.122696,39.361717
Car-1,2008-10-02 04:41:27,117.122732,39.361664
Car-1,2008-10-02 04:41:32,117.122793,39.361586
Car-1,2008-10-02 04:41:37,117.122852,39.361498
Car-1,2008-10-02 04:41:42,117.122872,39.361433
Car-1,2008-10-02 04:41:47,117.122896,39.36143
Car-1,2008-10-02 04:41:52,117.122897,39.361423
Car-1,2008-10-02 04:41:57,117.12289,39.361431
Car-1,2008-10-02 04:42:02,117.122893,39.361424
Car-1,2008-10-02 04:42:05,117.122893,39.361424
Car-1,2008-10-02 04:42:07,117.122894,39.361423
Car-1,2008-10-02 04:42:12,117.122928,39.361376
Car-1,2008-10-02 04:42:17,117.122982,39.361306
Car-1,2008-10-02 04:42:22,117.123081,39.361155
Car-1,2008-10-02 04:42:27,117.123196,39.360995
Car-1,2008-10-02 04:42:32,117.123267,39.360849
Car-1,2008-10-02 04:42:37,117.123381,39.360674
Car-1,2008-10-02 04:42:42,117.123473,39.36053
Car-1,2008-10-02 04:42:47,117.123481,39.360498
Car-1,2008-10-02 04:42:52,117.123497,39.36047
Car-1,2008-10-02 04:42:57,117.123539,39.360388
Car-1,2008-10-02 04:43:02,117.123555,39.360338
Car-1,2008-10-02 04:43:07,117.123599,39.360278
Car-1,2008-10-02 04:43:12,117.123635,39.360215
Car-1,2008-10-02 04:43:17,117.123702,39.360113
Car-1,2008-10-02 04:43:22,117.123745,39.360058
Car-1,2008-10-02 04:43:27,117.123792,39.36
Car-1,2008-10-02 04:43:32,117.123851,39.359892
Car-1,2008-10-02 04:43:37,117.123916,39.35979
Car-1,2008-10-02 04:43:42,117.123969,39.359708
Car-1,2008-10-02 04:43:47,117.123996,39.359647
Car-1,2008-10-02 04:43:52,117.124029,39.359549
Car-1,2008-10-02 04:43:57,117.124099,39.359441
Car-1,2008-10-02 04:44:02,117.124173,39.359353
Car-1,2008-10-02 04:44:07,117.124245,39.359264
Car-1,2008-10-02 04:44:12,117.124305,39.359141
Car-1,2008-10-02 04:44:17,117.124366,39.35902
Car-1,2008-10-02 04:44:22,117.124367,39.358978
Car-1,2008-10-02 04:44:27,117.124377,39.35894
Car-1,2008-10-02 04:44:32,117.12442,39.358882
Car-1,2008-10-02 04:44:37,117.124433,39.358856
Car-1,2008-10-02 04:44:42,117.124437,39.358831
Car-1,2008-10-02 04:44:47,117.124456,39.358784
Car-1,2008-10-02 04:44:52,117.124465,39.358774
Car-1,2008-10-02 04:44:57,117.124476,39.358747
Car-1,2008-10-02 04:45:02,117.124486,39.358745
Car-1,2008-10-02 04:45:07,117.124458,39.3587
Car-1,2008-10-02 04:45:12,117.124468,39.358713
Car-1,2008-10-02 04:45:17,117.124505,39.358701
Car-1,2008-10-02 04:45:22,117.124576,39.358641
Car-1,2008-10-02 04:45:27,117.124696,39.358563
Car-1,2008-10-02 04:45:32,117.124738,39.3585
Car-1,2008-10-02 04:45:37,117.124776,39.358429
Car-1,2008-10-02 04:45:42,117.124869,39.358294
Car-1,2008-10-02 04:45:47,117.124927,39.358175
Car-1,2008-10-02 04:45:52,117.12494,39.358092
Car-1,2008-10-02 04:45:57,117.124958,39.358031
Car-1,2008-10-02 04:46:02,117.124971,39.358037
Car-1,2008-10-02 04:46:07,117.124972,39.35804
Car-1,2008-10-02 04:46:12,117.124973,39.358041
Car-1,2008-10-02 04:46:17,117.124975,39.358036
Car-1,2008-10-02 04:46:22,117.124973,39.358039
Car-1,2008-10-02 04:46:27,117.124975,39.358034
Car-1,2008-10-02 04:46:32,117.124976,39.35803
Car-1,2008-10-02 04:46:37,117.124978,39.358026
Car-1,2008-10-02 04:46:40,117.124978,39.358026
Car-1,2008-10-02 04:46:42,117.124979,39.358024
Car-1,2008-10-02 04:46:47,117.12497,39.358028
Car-1,2008-10-02 04:46:52,117.124969,39.358018
Car-1,2008-10-02 04:46:57,117.124973,39.358011
Car-1,2008-10-02 04:47:00,117.124973,39.358011
Car-1,2008-10-02 04:47:02,117.124973,39.358009
Car-1,2008-10-02 04:47:07,117.124978,39.358
Car-1,2008-10-02 04:47:12,117.12497,39.358
Car-1,2008-10-02 04:47:15,117.12497,39.358
Car-1,2008-10-02 04:47:17,117.124967,39.357997
Car-1,2008-10-02 04:47:22,117.124976,39.357991
Car-1,2008-10-02 04:47:27,117.124997,39.357984
Car-1,2008-10-02 04:47:32,117.124987,39.357996
Car-1,2008-10-02 04:47:37,117.124981,39.35798
Car-1,2008-10-02 04:47:42,117.124976,39.357972
Car-1,2008-10-02 04:47:45,117.124976,39.357972
Car-1,2008-10-02 04:47:47,117.124978,39.357967
Car-1,2008-10-02 04:47:52,117.124964,39.357989
Car-1,2008-10-02 04:47:57,117.124962,39.357992
Car-1,2008-10-02 04:48:02,117.12496,39.357999
Car-1,2008-10-02 04:48:05,117.12496,39.357999
Car-1,2008-10-02 04:48:07,117.124957,39.358003
Car-1,2008-10-02 04:48:12,117.124961,39.357987
Car-1,2008-10-02 04:48:17,117.124957,39.357968
Car-1,2008-10-02 04:48:22,117.124952,39.35796
Car-1,2008-10-02 04:48:25,117.124952,39.35796
Car-1,2008-10-02 04:48:27,117.124948,39.357957
Car-1,2008-10-02 04:48:32,117.124941,39.357919
Car-1,2008-10-02 04:48:37,117.124947,39.357875
Car-1,2008-10-02 05:08:37,117.125082,39.357855
Car-1,2008-10-02 05:08:42,117.125217,39.357648
Car-1,2008-10-02 05:08:47,117.125324,39.357432
Car-1,2008-10-02 05:08:52,117.125454,39.357191
Car-1,2008-10-02 05:08:57,117.125613,39.356918
Car-1,2008-10-02 05:09:02,117.125768,39.356668
Car-1,2008-10-02 05:09:07,117.125881,39.35647
Car-1,2008-10-02 05:09:12,117.125956,39.356307
Car-1,2008-10-02 05:09:17,117.126011,39.356185
Car-1,2008-10-02 05:09:22,117.126001,39.356186
Car-1,2008-10-02 05:09:27,117.126054,39.356092
Car-1,2008-10-02 05:09:32,117.126194,39.355863
Car-1,2008-10-02 05:09:37,117.126345,39.355568
Car-1,2008-10-02 05:09:42,117.126522,39.355199
Car-1,2008-10-02 05:09:47,117.12669,39.354854
Car-1,2008-10-02 05:09:52,117.126845,39.354544
Car-1,2008-10-02 05:09:57,117.126935,39.354348
Car-1,2008-10-02 05:10:02,117.126989,39.354272
Car-1,2008-10-02 05:10:07,117.126992,39.354261
Car-1,2008-10-02 05:10:12,117.126993,39.35426
Car-1,2008-10-02 05:10:17,117.126994,39.354258
Car-1,2008-10-02 05:10:22,117.126995,39.354256
Car-1,2008-10-02 05:10:27,117.126996,39.354254
Car-1,2008-10-02 05:10:32,117.126996,39.354254
Car-1,2008-10-02 05:10:35,117.126996,39.354254
Car-1,2008-10-02 05:10:37,117.126995,39.354258
Car-1,2008-10-02 05:10:42,117.126995,39.354244
Car-1,2008-10-02 05:10:47,117.126998,39.354223
Car-1,2008-10-02 05:10:52,117.127005,39.354211
Car-1,2008-10-02 05:10:57,117.127006,39.354201
Car-1,2008-10-02 05:11:02,117.127008,39.354194
Car-1,2008-10-02 05:11:07,117.127011,39.354193
Car-1,2008-10-02 05:11:12,117.127014,39.35419
Car-1,2008-10-02 05:11:17,117.127017,39.35419
Car-1,2008-10-02 05:11:22,117.127015,39.35419
Car-1,2008-10-02 05:11:25,117.127015,39.35419
Car-1,2008-10-02 05:11:27,117.127016,39.354187
Car-1,2008-10-02 05:11:32,117.127095,39.35404
Car-1,2008-10-02 05:11:37,117.127206,39.353814
Car-1,2008-10-02 05:11:42,117.127311,39.353609
Car-1,2008-10-02 05:11:47,117.127375,39.353458
Car-1,2008-10-02 05:11:52,117.127399,39.353405
Car-1,2008-10-02 05:11:57,117.127444,39.353297
Car-1,2008-10-02 05:12:02,117.127543,39.35307
Car-1,2008-10-02 05:12:07,117.127653,39.352811
Car-1,2008-10-02 05:12:12,117.127743,39.352612
Car-1,2008-10-02 05:12:17,117.127795,39.352478
Car-1,2008-10-02 05:12:22,117.127862,39.352304
Car-1,2008-10-02 05:12:27,117.127945,39.352093
Car-1,2008-10-02 05:12:32,117.128053,39.351845
Car-1,2008-10-02 05:12:37,117.128132,39.351652
Car-1,2008-10-02 05:12:42,117.128155,39.351592
Car-1,2008-10-02 05:12:47,117.128152,39.351582
Car-1,2008-10-02 05:12:52,117.128154,39.351579
Car-1,2008-10-02 05:12:57,117.128154,39.351578
Car-1,2008-10-02 05:13:02,117.128155,39.351578
Car-1,2008-10-02 05:13:07,117.128154,39.35158
Car-1,2008-10-02 05:13:12,117.128155,39.351578
Car-1,2008-10-02 05:13:15,117.128155,39.351578
Car-1,2008-10-02 05:13:17,117.128156,39.351576
Car-1,2008-10-02 05:13:22,117.128179,39.35152
Car-1,2008-10-02 05:13:27,117.128209,39.351457
Car-1,2008-10-02 05:13:32,117.128215,39.351435
Car-1,2008-10-02 05:13:37,117.128217,39.351425
Car-1,2008-10-02 05:13:42,117.128223,39.351419
Car-1,2008-10-02 05:13:47,117.128228,39.351414
Car-1,2008-10-02 05:13:52,117.128233,39.351408
Car-1,2008-10-02 05:13:57,117.128235,39.351403
Car-1,2008-10-02 05:14:02,117.12824,39.351399
Car-1,2008-10-02 05:14:07,117.128246,39.351395
Car-1,2008-10-02 05:14:12,117.128249,39.351392
Car-1,2008-10-02 05:14:17,117.128248,39.35139
Car-1,2008-10-02 05:14:22,117.128246,39.351389
Car-1,2008-10-02 05:14:27,117.128246,39.351389
Car-1,2008-10-02 05:14:32,117.128246,39.351389
Car-1,2008-10-02 05:14:37,117.128246,39.351388
Car-1,2008-10-02 05:14:42,117.128246,39.351388
Car-1,2008-10-02 05:14:47,117.128245,39.351388
Car-1,2008-10-02 05:14:52,117.128246,39.351388
Car-1,2008-10-02 05:14:57,117.128245,39.351388
Car-1,2008-10-02 05:15:02,117.128245,39.351388
Car-1,2008-10-02 05:15:07,117.128245,39.351388
Car-1,2008-10-02 05:15:12,117.128245,39.351388
Car-1,2008-10-02 05:15:17,117.128245,39.351388
Car-1,2008-10-02 05:15:22,117.128245,39.351389
Car-1,2008-10-02 05:15:27,117.128245,39.351389
Car-1,2008-10-02 05:15:30,117.128245,39.351389
Car-1,2008-10-02 05:15:32,117.128245,39.351388
Car-1,2008-10-02 05:15:37,117.128255,39.351349
Car-1,2008-10-02 05:15:42,117.128288,39.351252
Car-1,2008-10-02 05:15:47,117.128299,39.351185
Car-1,2008-10-02 05:15:52,117.1283,39.351135
Car-1,2008-10-02 05:15:57,117.128314,39.351062
Car-1,2008-10-02 05:16:02,117.128373,39.350907
Car-1,2008-10-02 05:16:07,117.12848,39.350658
Car-1,2008-10-02 05:16:12,117.12859,39.350352
Car-1,2008-10-02 05:16:17,117.128681,39.350062
Car-1,2008-10-02 05:16:22,117.128842,39.349659
Car-1,2008-10-02 05:16:27,117.128983,39.349272
Car-1,2008-10-02 05:16:32,117.129072,39.349058
Car-1,2008-10-02 05:16:37,117.12915,39.348859
Car-1,2008-10-02 05:16:42,117.129213,39.348595
Car-1,2008-10-02 05:16:47,117.129242,39.348418
Car-1,2008-10-02 05:16:52,117.129249,39.348365
Car-1,2008-10-02 05:16:57,117.129252,39.348342
Car-1,2008-10-02 05:17:02,117.12927,39.348291
Car-1,2008-10-02 05:17:07,117.129264,39.348272
Car-1,2008-10-02 05:17:12,117.129264,39.348274
Car-1,2008-10-02 05:17:17,117.129264,39.348275
Car-1,2008-10-02 05:17:20,117.129264,39.348275
Car-1,2008-10-02 05:17:22,117.129263,39.348275
Car-1,2008-10-02 05:17:27,117.129265,39.348263
Car-1,2008-10-02 05:17:32,117.129295,39.348178
Car-1,2008-10-02 05:17:37,117.129328,39.348109
Car-1,2008-10-02 05:17:40,117.129328,39.348109
Car-1,2008-10-02 05:17:42,117.129326,39.348103
Car-1,2008-10-02 05:17:47,117.129337,39.348077
Car-1,2008-10-02 05:17:52,117.129346,39.348045
Car-1,2008-10-02 05:17:57,117.129347,39.348045
Car-1,2008-10-02 05:18:00,117.129347,39.348045
Car-1,2008-10-02 05:18:02,117.129347,39.348044
Car-1,2008-10-02 05:18:07,117.129367,39.347963
Car-1,2008-10-02 05:18:12,117.129412,39.347848
Car-1,2008-10-02 05:18:17,117.129426,39.347735
Car-1,2008-10-02 05:18:22,117.129461,39.347605
Car-1,2008-10-02 05:18:27,117.129449,39.347562
Car-1,2008-10-02 05:18:32,117.129448,39.347563
Car-1,2008-10-02 05:18:35,117.129448,39.347563
Car-1,2008-10-02 05:18:37,117.129446,39.347565
Car-1,2008-10-02 05:18:42,117.129449,39.34755
Car-1,2008-10-02 05:18:47,117.12947,39.347467
Car-1,2008-10-02 05:18:52,117.129499,39.347409
Car-1,2008-10-02 05:18:57,117.129506,39.347405
Car-1,2008-10-02 05:19:02,117.129506,39.347404
Car-1,2008-10-02 05:19:07,117.129505,39.347404
Car-1,2008-10-02 05:19:10,117.129505,39.347404
Car-1,2008-10-02 05:19:12,117.129506,39.347404
Car-1,2008-10-02 05:19:17,117.129502,39.347392
Car-1,2008-10-02 05:19:22,117.12954,39.347235
Car-1,2008-10-02 05:19:27,117.129624,39.346974
Car-1,2008-10-02 05:19:32,117.129689,39.346684
Car-1,2008-10-02 05:19:37,117.129759,39.346407
Car-1,2008-10-02 05:19:42,117.129825,39.346184
Car-1,2008-10-02 05:19:47,117.129852,39.346006
Car-1,2008-10-02 05:19:52,117.129873,39.345913
Car-1,2008-10-02 05:19:57,117.129865,39.345889
Car-1,2008-10-02 05:20:02,117.129874,39.345822
Car-1,2008-10-02 05:20:07,117.129916,39.345684
Car-1,2008-10-02 05:20:12,117.129979,39.345434
Car-1,2008-10-02 05:20:17,117.130032,39.345245
Car-1,2008-10-02 05:20:22,117.130059,39.345094
Car-1,2008-10-02 05:20:27,117.130092,39.34497
Car-1,2008-10-02 05:20:32,117.130117,39.344869
Car-1,2008-10-02 05:20:37,117.130121,39.344859
Car-1,2008-10-02 05:20:42,117.130121,39.34486
Car-1,2008-10-02 05:20:47,117.130121,39.344862
Car-1,2008-10-02 05:20:52,117.130121,39.344864
Car-1,2008-10-02 05:20:55,117.130121,39.344864
Car-1,2008-10-02 05:20:57,117.130124,39.344862
Car-1,2008-10-02 05:21:02,117.130133,39.344717
Car-1,2008-10-02 05:21:07,117.130162,39.344531
Car-1,2008-10-02 05:21:12,117.130164,39.344495
Car-1,2008-10-02 05:21:17,117.130165,39.344484
Car-1,2008-10-02 05:21:20,117.130165,39.344484
Car-1,2008-10-02 05:21:22,117.130165,39.344479
Car-1,2008-10-02 05:21:27,117.130191,39.344399
Car-1,2008-10-02 05:21:32,117.130224,39.344301
Car-1,2008-10-02 05:21:37,117.13024,39.344214
Car-1,2008-10-02 05:21:42,117.130248,39.344117
Car-1,2008-10-02 05:21:47,117.130257,39.344048
Car-1,2008-10-02 05:21:52,117.130254,39.343961
Car-1,2008-10-02 05:21:57,117.130286,39.343787
Car-1,2008-10-02 05:22:02,117.130322,39.343637
Car-1,2008-10-02 05:22:07,117.13033,39.343599
Car-1,2008-10-02 05:22:12,117.130343,39.343546
Car-1,2008-10-02 05:22:17,117.130349,39.343524
Car-1,2008-10-02 05:22:22,117.130339,39.343526
Car-1,2008-10-02 05:22:27,117.130339,39.343527
Car-1,2008-10-02 05:22:32,117.13034,39.343526
Car-1,2008-10-02 05:22:37,117.13034,39.343526
Car-1,2008-10-02 05:22:42,117.13034,39.343526
Car-1,2008-10-02 05:22:47,117.13034,39.343526
Car-1,2008-10-02 05:22:52,117.13034,39.343526
Car-1,2008-10-02 05:22:57,117.13034,39.343526
Car-1,2008-10-02 05:23:02,117.13034,39.343526
Car-1,2008-10-02 05:23:07,117.13034,39.343525
Car-1,2008-10-02 05:23:12,117.13034,39.343525
Car-1,2008-10-02 05:23:17,117.13034,39.343525
Car-1,2008-10-02 05:23:22,117.130341,39.343525
Car-1,2008-10-02 05:23:27,117.130341,39.343525
Car-1,2008-10-02 05:23:32,117.130341,39.343525
Car-1,2008-10-02 05:23:37,117.130341,39.343525
Car-1,2008-10-02 05:23:42,117.13034,39.343525
Car-1,2008-10-02 05:23:47,117.13034,39.343525
Car-1,2008-10-02 05:23:52,117.130339,39.343525
Car-1,2008-10-02 05:23:57,117.130339,39.343525
Car-1,2008-10-02 05:24:02,117.130339,39.343525
Car-1,2008-10-02 05:24:07,117.130339,39.343525
Car-1,2008-10-02 05:24:12,117.130338,39.343525
Car-1,2008-10-02 05:24:17,117.130338,39.343525
Car-1,2008-10-02 05:24:22,117.130339,39.343525
Car-1,2008-10-02 05:24:27,117.130339,39.343524
Car-1,2008-10-02 05:24:32,117.130339,39.343524
Car-1,2008-10-02 05:24:35,117.130339,39.343524
Car-1,2008-10-02 05:24:37,117.130339,39.343524
Car-1,2008-10-02 05:24:42,117.130351,39.343452
Car-1,2008-10-02 05:24:47,117.130383,39.343301
Car-1,2008-10-02 05:24:52,117.130401,39.343151
Car-1,2008-10-02 05:24:57,117.130406,39.343098
Car-1,2008-10-02 05:25:02,117.130396,39.343086
Car-1,2008-10-02 05:25:07,117.13039,39.343081
Car-1,2008-10-02 05:25:12,117.130385,39.343075
Car-1,2008-10-02 05:25:17,117.130381,39.34307
Car-1,2008-10-02 05:25:22,117.130381,39.343066
Car-1,2008-10-02 05:25:25,117.130381,39.343066
Car-1,2008-10-02 05:25:27,117.130377,39.343062
Car-1,2008-10-02 05:25:32,117.130367,39.343058
Car-1,2008-10-02 05:25:37,117.130358,39.343054
Car-1,2008-10-02 05:25:42,117.130353,39.343052
Car-1,2008-10-02 05:25:47,117.130348,39.343052
Car-1,2008-10-02 05:25:52,117.130344,39.343051
Car-1,2008-10-02 05:25:57,117.130342,39.343051
Car-1,2008-10-02 05:26:02,117.130343,39.343051
Car-1,2008-10-02 05:26:07,117.130343,39.343052
Car-1,2008-10-02 05:26:12,117.130344,39.343052
Car-1,2008-10-02 05:26:17,117.130344,39.343052
Car-1,2008-10-02 05:26:22,117.130343,39.343052
Car-1,2008-10-02 05:26:27,117.130343,39.343052
Car-1,2008-10-02 05:26:32,117.130343,39.343052
Car-1,2008-10-02 05:26:37,117.130343,39.343052
Car-1,2008-10-02 05:26:42,117.130343,39.343052
Car-1,2008-10-02 05:26:47,117.130344,39.343052
Car-1,2008-10-02 05:26:50,117.130344,39.343052
Car-1,2008-10-02 05:26:52,117.130344,39.343052
Car-1,2008-10-02 05:26:57,117.130363,39.343002
Car-1,2008-10-02 05:27:02,117.130414,39.342817
Car-1,2008-10-02 05:27:07,117.130468,39.34259
Car-1,2008-10-02 05:27:12,117.130504,39.34245
Car-1,2008-10-02 05:27:17,117.130535,39.342352
Car-1,2008-10-02 05:27:22,117.130554,39.342248
Car-1,2008-10-02 05:27:27,117.130559,39.342166
Car-1,2008-10-02 05:27:32,117.130595,39.342062
Car-1,2008-10-02 05:27:37,117.130619,39.341946
Car-1,2008-10-02 05:27:42,117.130654,39.341889
Car-1,2008-10-02 05:27:47,117.130657,39.341846
Car-1,2008-10-02 05:27:52,117.130659,39.341836
Car-1,2008-10-02 05:27:57,117.130676,39.341765
Car-1,2008-10-02 05:28:02,117.130669,39.341735
Car-1,2008-10-02 05:28:07,117.130666,39.341732
Car-1,2008-10-02 05:28:12,117.130666,39.341732
Car-1,2008-10-02 05:28:17,117.130666,39.341731
Car-1,2008-10-02 05:28:22,117.130666,39.341731
Car-1,2008-10-02 05:28:27,117.130666,39.341731
Car-1,2008-10-02 05:28:30,117.130666,39.341731
Car-1,2008-10-02 05:28:32,117.130666,39.34173
Car-1,2008-10-02 05:28:37,117.130664,39.341648
Car-1,2008-10-02 05:28:42,117.130674,39.341568
Car-1,2008-10-02 05:28:47,117.130701,39.341509
Car-1,2008-10-02 05:28:52,117.130697,39.341452
Car-1,2008-10-02 05:28:57,117.130709,39.341422
Car-1,2008-10-02 05:29:02,117.130687,39.341423
Car-1,2008-10-02 05:29:07,117.130687,39.341423
Car-1,2008-10-02 05:29:12,117.130688,39.341424
Car-1,2008-10-02 05:29:17,117.130686,39.341425
Car-1,2008-10-02 05:29:22,117.130685,39.341425
Car-1,2008-10-02 05:29:27,117.130685,39.341425
Car-1,2008-10-02 05:29:32,117.130685,39.341425
Car-1,2008-10-02 05:29:37,117.130684,39.341425
Car-1,2008-10-02 05:29:40,117.130684,39.341425
Car-1,2008-10-02 05:29:42,117.130685,39.341422
Car-1,2008-10-02 05:29:47,117.130692,39.341309
Car-1,2008-10-02 05:29:52,117.130721,39.341245
Car-1,2008-10-02 05:38:42,117.130737,39.341079
Car-1,2008-10-02 05:38:47,117.130752,39.340963
Car-1,2008-10-02 05:38:52,117.130796,39.340829
Car-1,2008-10-02 05:38:57,117.130865,39.340605
Car-1,2008-10-02 05:39:02,117.130952,39.340303
Car-1,2008-10-02 05:39:07,117.130999,39.339991
Car-1,2008-10-02 05:39:12,117.131049,39.33968
Car-1,2008-10-02 05:39:17,117.131099,39.339381
Car-1,2008-10-02 05:39:22,117.131144,39.33909
Car-1,2008-10-02 05:39:27,117.131178,39.33889
Car-1,2008-10-02 05:39:32,117.131192,39.338771
Car-1,2008-10-02 05:39:37,117.131239,39.338633
Car-1,2008-10-02 05:39:42,117.131272,39.338498
Car-1,2008-10-02 05:39:47,117.131291,39.338342
Car-1,2008-10-02 05:39:52,117.131304,39.338237
Car-1,2008-10-02 05:39:57,117.131308,39.338116
Car-1,2008-10-02 05:40:02,117.131367,39.337895
Car-1,2008-10-02 05:40:07,117.131386,39.337742
Car-1,2008-10-02 05:40:12,117.131368,39.337709
Car-1,2008-10-02 05:40:17,117.131368,39.337705
Car-1,2008-10-02 05:40:22,117.131369,39.337704
Car-1,2008-10-02 05:40:25,117.131369,39.337704
Car-1,2008-10-02 05:40:27,117.131367,39.337705
Car-1,2008-10-02 05:40:32,117.13137,39.337672
Car-1,2008-10-02 05:40:37,117.131372,39.337597
Car-1,2008-10-02 05:40:42,117.131383,39.337546
Car-1,2008-10-02 05:40:47,117.131422,39.33741
Car-1,2008-10-02 05:40:52,117.131492,39.337247
Car-1,2008-10-02 05:40:57,117.131519,39.337145
Car-1,2008-10-02 05:41:02,117.131506,39.337128
Car-1,2008-10-02 05:41:05,117.131506,39.337128
Car-1,2008-10-02 05:41:07,117.131505,39.337128
Car-1,2008-10-02 05:41:12,117.131523,39.337023
Car-1,2008-10-02 05:41:17,117.131527,39.33687
Car-1,2008-10-02 05:41:22,117.13154,39.33681
Car-1,2008-10-02 05:41:27,117.13157,39.336697
Car-1,2008-10-02 05:41:32,117.131565,39.336575
Car-1,2008-10-02 05:41:37,117.131574,39.33651
Car-1,2008-10-02 05:41:42,117.131566,39.336425
Car-1,2008-10-02 05:41:47,117.131602,39.336318
Car-1,2008-10-02 05:41:52,117.131623,39.3362
Car-1,2008-10-02 05:41:57,117.131634,39.336103
Car-1,2008-10-02 05:42:02,117.131631,39.33607
Car-1,2008-10-02 05:42:05,117.131631,39.33607
Car-1,2008-10-02 05:42:07,117.131623,39.336065
Car-1,2008-10-02 05:42:12,117.131636,39.336031
Car-1,2008-10-02 05:42:17,117.131665,39.33594
Car-1,2008-10-02 05:42:22,117.131632,39.335891
Car-1,2008-10-02 05:42:27,117.131707,39.335893
Car-1,2008-10-02 05:42:32,117.131716,39.335896
Car-1,2008-10-02 05:42:37,117.131712,39.335816
Car-1,2008-10-02 05:42:42,117.131717,39.33569
Car-1,2008-10-02 05:42:47,117.131756,39.335575
Car-1,2008-10-02 05:42:52,117.131779,39.335454
Car-1,2008-10-02 05:42:57,117.1318,39.335322
Car-1,2008-10-02 05:43:02,117.131795,39.335276
Car-1,2008-10-02 05:43:07,117.13182,39.335203
Car-1,2008-10-02 05:43:12,117.131836,39.335102
Car-1,2008-10-02 05:43:17,117.131818,39.335014
Car-1,2008-10-02 05:43:22,117.131835,39.334929
Car-1,2008-10-02 05:43:27,117.131852,39.334806
Car-1,2008-10-02 05:43:32,117.131886,39.334689
Car-1,2008-10-02 05:43:37,117.131925,39.33456
Car-1,2008-10-02 05:43:42,117.131926,39.334407
Car-1,2008-10-02 05:43:47,117.131943,39.334276
Car-1,2008-10-02 05:43:52,117.131958,39.334155
Car-1,2008-10-02 05:43:57,117.131981,39.334031
Car-1,2008-10-02 05:44:02,117.132033,39.333941
Car-1,2008-10-02 05:44:07,117.132073,39.333789
Car-1,2008-10-02 05:44:12,117.1321,39.33362
Car-1,2008-10-02 05:44:17,117.132121,39.333515
Car-1,2008-10-02 05:44:22,117.132126,39.333476
Car-1,2008-10-02 05:44:27,117.132152,39.333406
Car-1,2008-10-02 05:44:32,117.132182,39.333292
Car-1,2008-10-02 05:44:37,117.132175,39.333214
Car-1,2008-10-02 05:44:42,117.132153,39.333118
Car-1,2008-10-02 05:44:47,117.132193,39.333032
Car-1,2008-10-02 05:44:52,117.132243,39.332953
Car-1,2008-10-02 05:44:57,117.13226,39.332903
Car-1,2008-10-02 05:45:02,117.13229,39.332822
Car-1,2008-10-02 05:45:07,117.132321,39.332706
Car-1,2008-10-02 05:45:12,117.132356,39.332565
Car-1,2008-10-02 05:45:17,117.132369,39.33241
Car-1,2008-10-02 05:45:22,117.132411,39.332235
Car-1,2008-10-02 05:45:27,117.132461,39.332044
Car-1,2008-10-02 05:45:32,117.132504,39.331862
Car-1,2008-10-02 05:45:37,117.132573,39.331622
Car-1,2008-10-02 05:45:42,117.132654,39.331304
Car-1,2008-10-02 05:45:47,117.132786,39.33091
Car-1,2008-10-02 05:45:52,117.132883,39.330448
Car-1,2008-10-02 05:45:57,117.133034,39.329931
Car-1,2008-10-02 05:46:02,117.133191,39.329407
Car-1,2008-10-02 05:46:07,117.133337,39.329
Car-1,2008-10-02 05:46:12,117.133439,39.328678
Car-1,2008-10-02 05:46:17,117.133498,39.328434
Car-1,2008-10-02 05:46:22,117.133543,39.328299
Car-1,2008-10-02 05:46:27,117.133592,39.328217
Car-1,2008-10-02 05:46:32,117.13361,39.328082
Car-1,2008-10-02 05:46:37,117.133659,39.32794
Car-1,2008-10-02 05:46:42,117.13374,39.327717
Car-1,2008-10-02 05:46:47,117.133853,39.327409
Car-1,2008-10-02 05:46:52,117.134002,39.327
Car-1,2008-10-02 05:46:57,117.134196,39.32649
Car-1,2008-10-02 05:47:02,117.134411,39.325923
Car-1,2008-10-02 05:47:07,117.134661,39.325298
Car-1,2008-10-02 05:47:12,117.134932,39.324616
Car-1,2008-10-02 05:47:17,117.135244,39.323901
Car-1,2008-10-02 05:47:22,117.135584,39.323141
Car-1,2008-10-02 05:47:27,117.135957,39.322345
Car-1,2008-10-02 05:47:32,117.136314,39.321584
Car-1,2008-10-02 05:47:37,117.13666,39.320826
Car-1,2008-10-02 05:47:42,117.136973,39.32002
Car-1,2008-10-02 05:47:47,117.137295,39.319172
Car-1,2008-10-02 05:47:52,117.137631,39.318276
Car-1,2008-10-02 05:47:57,117.137953,39.317356
Car-1,2008-10-02 05:48:02,117.138282,39.316403
Car-1,2008-10-02 05:48:07,117.138597,39.31542
Car-1,2008-10-02 05:48:12,117.138878,39.314427
Car-1,2008-10-02 05:48:17,117.139146,39.31344
Car-1,2008-10-02 05:48:22,117.139392,39.312491
Car-1,2008-10-02 05:48:27,117.139604,39.311576
Car-1,2008-10-02 05:48:32,117.139785,39.310696
Car-1,2008-10-02 05:48:37,117.139955,39.309823
Car-1,2008-10-02 05:48:42,117.140151,39.308935
Car-1,2008-10-02 05:48:47,117.140373,39.30802
Car-1,2008-10-02 05:48:52,117.140601,39.307118
Car-1,2008-10-02 05:48:57,117.140804,39.306211
Car-1,2008-10-02 05:49:02,117.141004,39.305355
Car-1,2008-10-02 05:49:07,117.141196,39.304504
Car-1,2008-10-02 05:49:12,117.141421,39.303636
Car-1,2008-10-02 05:49:17,117.14167,39.302776
Car-1,2008-10-02 05:49:22,117.141944,39.301917
Car-1,2008-10-02 05:49:27,117.142219,39.301051
Car-1,2008-10-02 05:49:32,117.142494,39.300156
Car-1,2008-10-02 05:49:37,117.142786,39.29928
Car-1,2008-10-02 05:49:42,117.14308,39.298432
Car-1,2008-10-02 05:49:47,117.143368,39.297604
Car-1,2008-10-02 05:49:52,117.143657,39.296799
Car-1,2008-10-02 05:49:57,117.143928,39.296006
Car-1,2008-10-02 05:50:02,117.144194,39.29523
Car-1,2008-10-02 05:50:07,117.144468,39.294427
Car-1,2008-10-02 05:50:12,117.144751,39.293597
Car-1,2008-10-02 05:50:17,117.145058,39.292764
Car-1,2008-10-02 05:50:22,117.145354,39.29191
Car-1,2008-10-02 05:50:27,117.145664,39.291025
Car-1,2008-10-02 05:50:32,117.145973,39.290112
Car-1,2008-10-02 05:50:37,117.146262,39.289211
Car-1,2008-10-02 05:50:42,117.146592,39.288322
Car-1,2008-10-02 05:50:47,117.146885,39.287439
Car-1,2008-10-02 05:50:52,117.147201,39.286537
Car-1,2008-10-02 05:50:57,117.147519,39.285644
Car-1,2008-10-02 05:51:02,117.147868,39.284748
Car-1,2008-10-02 05:51:07,117.148231,39.283831
Car-1,2008-10-02 05:51:12,117.148628,39.282904
Car-1,2008-10-02 05:51:17,117.149027,39.281944
Car-1,2008-10-02 05:51:22,117.149463,39.280965
Car-1,2008-10-02 05:51:27,117.149952,39.279976
Car-1,2008-10-02 05:51:32,117.150493,39.279012
Car-1,2008-10-02 05:51:37,117.151041,39.27807
Car-1,2008-10-02 05:51:42,117.151581,39.277168
Car-1,2008-10-02 05:51:47,117.152123,39.276336
Car-1,2008-10-02 05:51:52,117.152683,39.275534
Car-1,2008-10-02 05:51:57,117.153256,39.274705
Car-1,2008-10-02 05:52:02,117.153901,39.273856
Car-1,2008-10-02 05:52:07,117.15454,39.272994
Car-1,2008-10-02 05:52:12,117.155214,39.272132
Car-1,2008-10-02 05:52:17,117.155921,39.271262
Car-1,2008-10-02 05:52:22,117.156647,39.270448
Car-1,2008-10-02 05:52:27,117.157372,39.26964
Car-1,2008-10-02 05:52:32,117.158101,39.268866
Car-1,2008-10-02 05:52:37,117.158788,39.268119
Car-1,2008-10-02 05:52:42,117.159497,39.267358
Car-1,2008-10-02 05:52:47,117.160213,39.266581
Car-1,2008-10-02 05:52:52,117.160947,39.265794
Car-1,2008-10-02 05:52:57,117.16168,39.265018
Car-1,2008-10-02 05:53:02,117.162408,39.264261
Car-1,2008-10-02 05:53:07,117.163127,39.26353
Car-1,2008-10-02 05:53:12,117.163778,39.262849
Car-1,2008-10-02 05:53:17,117.164379,39.262191
Car-1,2008-10-02 05:53:22,117.164972,39.261515
Car-1,2008-10-02 05:53:27,117.165562,39.260815
Car-1,2008-10-02 05:53:32,117.166149,39.260116
Car-1,2008-10-02 05:53:37,117.166704,39.259423
Car-1,2008-10-02 05:53:42,117.167232,39.258719
Car-1,2008-10-02 05:53:47,117.167752,39.258038
Car-1,2008-10-02 05:53:52,117.168189,39.257407
Car-1,2008-10-02 05:53:57,117.168579,39.256825
Car-1,2008-10-02 05:54:02,117.168924,39.25629
Car-1,2008-10-02 05:54:07,117.169266,39.255768
Car-1,2008-10-02 05:54:12,117.16963,39.255237
Car-1,2008-10-02 05:54:17,117.169978,39.25472
Car-1,2008-10-02 05:54:22,117.170314,39.254166
Car-1,2008-10-02 05:54:27,117.170652,39.253576
Car-1,2008-10-02 05:54:32,117.170995,39.252987
Car-1,2008-10-02 05:54:37,117.171351,39.252366
Car-1,2008-10-02 05:54:42,117.171712,39.251742
Car-1,2008-10-02 05:54:47,117.172098,39.2511
Car-1,2008-10-02 05:54:52,117.172512,39.25044
Car-1,2008-10-02 05:54:57,117.172954,39.249789
Car-1,2008-10-02 05:55:02,117.173387,39.249167
Car-1,2008-10-02 05:55:07,117.173789,39.248554
Car-1,2008-10-02 05:55:12,117.174233,39.247945
Car-1,2008-10-02 05:55:17,117.174694,39.247305
Car-1,2008-10-02 05:55:22,117.175193,39.246632
Car-1,2008-10-02 05:55:27,117.175724,39.245939
Car-1,2008-10-02 05:55:32,117.176251,39.245264
Car-1,2008-10-02 05:55:37,117.176793,39.244556
Car-1,2008-10-02 05:55:42,117.177405,39.243833
Car-1,2008-10-02 05:55:47,117.17806,39.243108
Car-1,2008-10-02 05:55:52,117.17876,39.242381
Car-1,2008-10-02 05:55:57,117.179475,39.241641
Car-1,2008-10-02 05:56:02,117.180218,39.240876
Car-1,2008-10-02 05:56:07,117.18098,39.240127
Car-1,2008-10-02 05:56:12,117.181728,39.239408
Car-1,2008-10-02 05:56:17,117.182434,39.238768
Car-1,2008-10-02 05:56:22,117.183133,39.238151
Car-1,2008-10-02 05:56:27,117.183846,39.237544
Car-1,2008-10-02 05:56:32,117.184554,39.23697
Car-1,2008-10-02 05:56:37,117.185226,39.236429
Car-1,2008-10-02 05:56:42,117.185868,39.235918
Car-1,2008-10-02 05:56:47,117.186511,39.235419
Car-1,2008-10-02 05:56:52,117.187129,39.234953
Car-1,2008-10-02 05:56:57,117.187763,39.234478
Car-1,2008-10-02 05:57:02,117.18839,39.23397
Car-1,2008-10-02 05:57:07,117.189082,39.233486
Car-1,2008-10-02 05:57:12,117.189742,39.233025
Car-1,2008-10-02 05:57:17,117.190402,39.232571
Car-1,2008-10-02 05:57:22,117.191066,39.232139
Car-1,2008-10-02 05:57:27,117.191687,39.231713
Car-1,2008-10-02 05:57:32,117.192315,39.231282
Car-1,2008-10-02 05:57:37,117.192953,39.230835
Car-1,2008-10-02 05:57:42,117.193581,39.230402
Car-1,2008-10-02 05:57:47,117.1942,39.229921
Car-1,2008-10-02 05:57:52,117.194833,39.229438
Car-1,2008-10-02 05:57:57,117.195444,39.228987
Car-1,2008-10-02 05:58:02,117.196017,39.228573
Car-1,2008-10-02 05:58:07,117.196549,39.228204
Car-1,2008-10-02 05:58:12,117.197054,39.227848
Car-1,2008-10-02 05:58:17,117.197566,39.227489
Car-1,2008-10-02 05:58:22,117.198089,39.227116
Car-1,2008-10-02 05:58:27,117.198638,39.226727
Car-1,2008-10-02 05:58:32,117.199191,39.226341
Car-1,2008-10-02 05:58:37,117.199786,39.225924
Car-1,2008-10-02 05:58:42,117.200404,39.22548
Car-1,2008-10-02 05:58:47,117.200961,39.225062
Car-1,2008-10-02 05:58:52,117.20153,39.224634
Car-1,2008-10-02 05:58:57,117.202062,39.224219
Car-1,2008-10-02 05:59:02,117.202605,39.223788
Car-1,2008-10-02 05:59:07,117.203186,39.223341
Car-1,2008-10-02 05:59:12,117.203754,39.222884
Car-1,2008-10-02 05:59:17,117.204288,39.222416
Car-1,2008-10-02 05:59:22,117.204812,39.221947
Car-1,2008-10-02 05:59:27,117.205332,39.221474
Car-1,2008-10-02 05:59:32,117.205845,39.221024
Car-1,2008-10-02 05:59:37,117.206358,39.220553
Car-1,2008-10-02 05:59:42,117.206875,39.220091
Car-1,2008-10-02 05:59:47,117.207371,39.219634
Car-1,2008-10-02 05:59:52,117.207843,39.219156
Car-1,2008-10-02 05:59:57,117.208337,39.218636
Car-1,2008-10-02 06:00:02,117.208819,39.218093
Car-1,2008-10-02 06:00:07,117.209279,39.217552
Car-1,2008-10-02 06:00:12,117.209596,39.216995
Car-1,2008-10-02 06:00:17,117.209744,39.216401
Car-1,2008-10-02 06:00:22,117.209833,39.215866
Car-1,2008-10-02 06:00:27,117.209927,39.215437
Car-1,2008-10-02 06:00:32,117.209971,39.215178
Car-1,2008-10-02 06:00:37,117.209996,39.215053
Car-1,2008-10-02 06:00:42,117.209995,39.214982
Car-1,2008-10-02 06:00:47,117.20998,39.214956
Car-1,2008-10-02 06:00:52,117.20998,39.214959
Car-1,2008-10-02 06:00:57,117.20998,39.21496
Car-1,2008-10-02 06:01:02,117.20998,39.214961
Car-1,2008-10-02 06:01:05,117.20998,39.214961
Car-1,2008-10-02 06:01:07,117.209979,39.214955
Car-1,2008-10-02 06:01:12,117.20998,39.214943
Car-1,2008-10-02 06:01:17,117.210009,39.214911
Car-1,2008-10-02 06:01:22,117.210019,39.214905
Car-1,2008-10-02 06:01:25,117.210019,39.214905
Car-1,2008-10-02 06:01:27,117.21002,39.214903
Car-1,2008-10-02 06:01:32,117.210025,39.214868
Car-1,2008-10-02 06:01:37,117.210038,39.214861
Car-1,2008-10-02 06:01:40,117.210038,39.214861
Car-1,2008-10-02 06:01:42,117.210037,39.214865
Car-1,2008-10-02 06:01:47,117.210008,39.214813
Car-1,2008-10-02 06:01:52,117.21006,39.214571
Car-1,2008-10-02 06:01:57,117.210153,39.214241
Car-1,2008-10-02 06:02:02,117.21026,39.213809
Car-1,2008-10-02 06:02:07,117.210406,39.213328
Car-1,2008-10-02 06:02:12,117.210703,39.212858
Car-1,2008-10-02 06:02:17,117.211244,39.212538
Car-1,2008-10-02 06:02:22,117.211895,39.212257
Car-1,2008-10-02 06:02:27,117.212558,39.211918
Car-1,2008-10-02 06:02:32,117.213083,39.211526
Car-1,2008-10-02 06:02:37,117.213376,39.21119
Car-1,2008-10-02 06:02:42,117.213426,39.210913
Car-1,2008-10-02 06:02:47,117.21327,39.210738
Car-1,2008-10-02 06:02:52,117.212913,39.21053
Car-1,2008-10-02 06:02:57,117.212465,39.210282
Car-1,2008-10-02 06:03:02,117.211939,39.210007
Car-1,2008-10-02 06:03:07,117.211321,39.209666
Car-1,2008-10-02 06:03:12,117.210632,39.209281
Car-1,2008-10-02 06:03:17,117.209982,39.208951
Car-1,2008-10-02 06:03:22,117.209493,39.208684
Car-1,2008-10-02 06:03:27,117.209232,39.208545
Car-1,2008-10-02 06:03:32,117.209209,39.208516
Car-1,2008-10-02 06:03:37,117.209238,39.208508
Car-1,2008-10-02 06:03:42,117.209241,39.208502
Car-1,2008-10-02 06:03:45,117.209241,39.208502
Car-1,2008-10-02 06:03:47,117.20924,39.208503
Car-1,2008-10-02 06:03:52,117.209236,39.208513
Car-1,2008-10-02 06:03:57,117.209232,39.208525
Car-1,2008-10-02 06:04:02,117.209068,39.208462
Car-1,2008-10-02 06:04:07,117.208764,39.208282
Car-1,2008-10-02 06:04:12,117.208352,39.20804
Car-1,2008-10-02 06:04:17,117.207815,39.20774
Car-1,2008-10-02 06:04:22,117.207211,39.207404
Car-1,2008-10-02 06:04:27,117.206549,39.207026
Car-1,2008-10-02 06:04:32,117.205858,39.206603
Car-1,2008-10-02 06:04:37,117.205186,39.206219
Car-1,2008-10-02 06:04:42,117.20446,39.205777
Car-1,2008-10-02 06:04:47,117.203797,39.205367
Car-1,2008-10-02 06:04:52,117.203168,39.205036
Car-1,2008-10-02 06:04:57,117.202573,39.204704
Car-1,2008-10-02 06:05:02,117.202075,39.20438
Car-1,2008-10-02 06:05:07,117.201623,39.20405
Car-1,2008-10-02 06:05:12,117.20108,39.20373
Car-1,2008-10-02 06:05:17,117.20047,39.203323
Car-1,2008-10-02 06:05:22,117.19983,39.202841
Car-1,2008-10-02 06:05:27,117.199202,39.202341
Car-1,2008-10-02 06:05:32,117.198618,39.201831
Car-1,2008-10-02 06:05:37,117.198116,39.201335
Car-1,2008-10-02 06:05:42,117.197758,39.20095
Car-1,2008-10-02 06:05:47,117.197527,39.20067
Car-1,2008-10-02 06:05:52,117.197372,39.200465
Car-1,2008-10-02 06:05:57,117.197317,39.200376
Car-1,2008-10-02 06:06:02,117.197275,39.200313
Car-1,2008-10-02 06:06:07,117.197197,39.200227
Car-1,2008-10-02 06:06:12,117.197044,39.200045
Car-1,2008-10-02 06:06:17,117.196875,39.199814
Car-1,2008-10-02 06:06:22,117.196625,39.199495
Car-1,2008-10-02 06:06:27,117.196292,39.199091
Car-1,2008-10-02 06:06:32,117.195931,39.198641
Car-1,2008-10-02 06:06:37,117.195515,39.198132
Car-1,2008-10-02 06:06:42,117.195036,39.19755
Car-1,2008-10-02 06:06:47,117.194515,39.196918
Car-1,2008-10-02 06:06:52,117.193975,39.19628
Car-1,2008-10-02 06:06:57,117.193401,39.195706
Car-1,2008-10-02 06:07:02,117.192847,39.195185
Car-1,2008-10-02 06:07:07,117.192414,39.194794
Car-1,2008-10-02 06:07:12,117.192174,39.194597
Car-1,2008-10-02 06:07:17,117.192097,39.194523
Car-1,2008-10-02 06:07:22,117.192084,39.194499
Car-1,2008-10-02 06:07:27,117.192084,39.194488
Car-1,2008-10-02 06:07:32,117.192078,39.194479
Car-1,2008-10-02 06:07:37,117.192008,39.194432
Car-1,2008-10-02 06:07:42,117.191788,39.194267
Car-1,2008-10-02 06:07:47,117.191484,39.194016
Car-1,2008-10-02 06:07:52,117.191032,39.193696
Car-1,2008-10-02 06:07:57,117.190438,39.193373
Car-1,2008-10-02 06:08:02,117.189842,39.193057
Car-1,2008-10-02 06:08:07,117.189273,39.192754
Car-1,2008-10-02 06:08:12,117.188684,39.192426
Car-1,2008-10-02 06:08:17,117.188043,39.19206
Car-1,2008-10-02 06:08:22,117.187323,39.191664
Car-1,2008-10-02 06:08:27,117.186566,39.191242
Car-1,2008-10-02 06:08:32,117.185783,39.190839
Car-1,2008-10-02 06:08:37,117.184985,39.190404
Car-1,2008-10-02 06:08:42,117.184169,39.189952
Car-1,2008-10-02 06:08:47,117.183331,39.189498
Car-1,2008-10-02 06:08:52,117.182399,39.189107
Car-1,2008-10-02 06:08:57,117.181484,39.188846
Car-1,2008-10-02 06:09:02,117.180578,39.188661
Car-1,2008-10-02 06:09:07,117.1797,39.188493
Car-1,2008-10-02 06:09:12,117.17885,39.188319
Car-1,2008-10-02 06:09:17,117.178005,39.188158
Car-1,2008-10-02 06:09:22,117.177188,39.187994
Car-1,2008-10-02 06:09:27,117.176395,39.187768
Car-1,2008-10-02 06:09:32,117.175887,39.187564
Car-1,2008-10-02 06:09:37,117.175503,39.187411
Car-1,2008-10-02 06:09:42,117.175164,39.187271
Car-1,2008-10-02 06:09:47,117.174941,39.187081
Car-1,2008-10-02 06:09:52,117.174927,39.186874
Car-1,2008-10-02 06:09:57,117.174964,39.186822
Car-1,2008-10-02 06:10:02,117.174963,39.186822
Car-1,2008-10-02 06:10:05,117.174963,39.186822
Car-1,2008-10-02 06:10:07,117.174959,39.186821
Car-1,2008-10-02 06:10:12,117.174985,39.186831
Car-1,2008-10-02 06:10:17,117.174966,39.186823
Car-1,2008-10-02 06:10:20,117.174966,39.186823
Car-1,2008-10-02 06:10:22,117.174968,39.186824
Car-1,2008-10-02 06:10:27,117.175018,39.186869
Car-1,2008-10-02 06:10:32,117.175257,39.186971
Car-1,2008-10-02 06:10:37,117.175364,39.187014
Car-1,2008-10-02 06:10:42,117.175244,39.186978
Car-1,2008-10-02 06:10:47,117.175177,39.186957
Car-1,2008-10-02 06:10:52,117.175145,39.186905
Car-1,2008-10-02 06:10:57,117.175189,39.186801
Car-1,2008-10-02 06:11:02,117.175318,39.186573
Car-1,2008-10-02 06:11:07,117.175523,39.186271
Car-1,2008-10-02 06:11:12,117.175766,39.185905
Car-1,2008-10-02 06:11:17,117.176148,39.185439
Car-1,2008-10-02 06:11:22,117.176599,39.184922
Car-1,2008-10-02 06:11:27,117.177061,39.184368
Car-1,2008-10-02 06:11:32,117.177509,39.183787
Car-1,2008-10-02 06:11:37,117.177948,39.183232
Car-1,2008-10-02 06:11:42,117.178369,39.182696
Car-1,2008-10-02 06:11:47,117.178809,39.182253
Car-1,2008-10-02 06:11:52,117.179283,39.181754
Car-1,2008-10-02 06:11:57,117.179794,39.181238
Car-1,2008-10-02 06:12:02,117.180367,39.180668
Car-1,2008-10-02 06:12:07,117.180974,39.180152
Car-1,2008-10-02 06:12:12,117.181377,39.179721
Car-1,2008-10-02 06:12:17,117.181582,39.17942
Car-1,2008-10-02 06:12:22,117.18167,39.179302
Car-1,2008-10-02 06:12:27,117.181711,39.179284
Car-1,2008-10-02 06:12:30,117.181711,39.179284
Car-1,2008-10-02 06:12:32,117.181719,39.179286
Car-1,2008-10-02 06:12:37,117.181705,39.179281
Car-1,2008-10-02 06:12:42,117.181675,39.179267
Car-1,2008-10-02 06:12:45,117.181675,39.179267
Car-1,2008-10-02 06:12:47,117.181674,39.179262
Car-1,2008-10-02 06:12:52,117.181806,39.179106
Car-1,2008-10-02 06:12:57,117.181913,39.178987
Car-1,2008-10-02 06:13:02,117.182049,39.178792
Car-1,2008-10-02 06:13:07,117.182258,39.178531
Car-1,2008-10-02 06:13:12,117.182565,39.178224
Car-1,2008-10-02 06:13:17,117.182891,39.177933
Car-1,2008-10-02 06:13:22,117.183226,39.177652
Car-1,2008-10-02 06:13:27,117.18345,39.177495
Car-1,2008-10-02 06:13:32,117.183631,39.177416
Car-1,2008-10-02 06:13:37,117.183708,39.17739
Car-1,2008-10-02 06:13:42,117.183827,39.177247
Car-1,2008-10-02 06:13:47,117.183995,39.177
Car-1,2008-10-02 06:13:52,117.184289,39.176689
Car-1,2008-10-02 06:13:57,117.184526,39.176379
Car-1,2008-10-02 06:14:02,117.184832,39.176042
Car-1,2008-10-02 06:14:07,117.185189,39.175614
Car-1,2008-10-02 06:14:12,117.185684,39.175129
Car-1,2008-10-02 06:14:17,117.186263,39.174579
Car-1,2008-10-02 06:14:22,117.186805,39.174104
Car-1,2008-10-02 06:14:27,117.18733,39.173649
Car-1,2008-10-02 06:14:32,117.187789,39.173183
Car-1,2008-10-02 06:14:37,117.188197,39.172724
Car-1,2008-10-02 06:14:42,117.188614,39.172342
Car-1,2008-10-02 06:14:47,117.189061,39.171975
Car-1,2008-10-02 06:14:52,117.189465,39.171613
Car-1,2008-10-02 06:14:57,117.189843,39.171232
Car-1,2008-10-02 06:15:02,117.190205,39.17085
Car-1,2008-10-02 06:15:07,117.190509,39.170467
Car-1,2008-10-02 06:15:12,117.1908,39.170059
Car-1,2008-10-02 06:15:17,117.191128,39.169644
Car-1,2008-10-02 06:15:22,117.191481,39.169236
Car-1,2008-10-02 06:15:27,117.1918,39.168876
Car-1,2008-10-02 06:15:32,117.192131,39.168561
Car-1,2008-10-02 06:15:37,117.192405,39.168311
Car-1,2008-10-02 06:15:42,117.192682,39.168087
Car-1,2008-10-02 06:15:47,117.193048,39.167776
Car-1,2008-10-02 06:15:52,117.193404,39.167392
Car-1,2008-10-02 06:15:57,117.193779,39.166995
Car-1,2008-10-02 06:16:02,117.194135,39.166541
Car-1,2008-10-02 06:16:07,117.194519,39.166053
Car-1,2008-10-02 06:16:12,117.195002,39.165514
Car-1,2008-10-02 06:16:17,117.195504,39.164974
Car-1,2008-10-02 06:16:22,117.195958,39.164493
Car-1,2008-10-02 06:16:27,117.196376,39.16403
Car-1,2008-10-02 06:16:32,117.196713,39.163566
Car-1,2008-10-02 06:16:37,117.197032,39.163125
Car-1,2008-10-02 06:16:42,117.197446,39.162708
Car-1,2008-10-02 06:16:47,117.197692,39.162445
Car-1,2008-10-02 06:16:52,117.197685,39.162385
Car-1,2008-10-02 06:16:57,117.197665,39.162393
Car-1,2008-10-02 06:17:02,117.197651,39.162388
Car-1,2008-10-02 06:17:05,117.197651,39.162388
Car-1,2008-10-02 06:17:07,117.197659,39.162384
Car-1,2008-10-02 06:17:12,117.19777,39.162261
Car-1,2008-10-02 06:17:17,117.197789,39.162201
Car-1,2008-10-02 06:17:22,117.197851,39.162164
Car-1,2008-10-02 06:17:27,117.197864,39.162176
Car-1,2008-10-02 06:17:32,117.197907,39.162169
Car-1,2008-10-02 06:17:37,117.19792,39.162164
Car-1,2008-10-02 06:17:40,117.19792,39.162164
Car-1,2008-10-02 06:17:42,117.197928,39.162166
Car-1,2008-10-02 06:17:47,117.197912,39.162166
Car-1,2008-10-02 06:17:52,117.197912,39.162169
Car-1,2008-10-02 06:17:55,117.197912,39.162169
Car-1,2008-10-02 06:17:57,117.197919,39.162172
Car-1,2008-10-02 06:18:02,117.197911,39.162159
Car-1,2008-10-02 06:18:07,117.197907,39.162157
Car-1,2008-10-02 06:18:10,117.197907,39.162157
Car-1,2008-10-02 06:18:12,117.197903,39.162156
Car-1,2008-10-02 06:18:17,117.197889,39.162161
Car-1,2008-10-02 06:18:22,117.197894,39.162155
Car-1,2008-10-02 06:18:25,117.197894,39.162155
Car-1,2008-10-02 06:18:27,117.197896,39.162155
Car-1,2008-10-02 06:18:32,117.197909,39.162158
Car-1,2008-10-02 06:18:35,117.197909,39.162158
Car-1,2008-10-02 06:18:37,117.197911,39.162159
Car-1,2008-10-02 06:18:42,117.197941,39.162149
Car-1,2008-10-02 06:18:47,117.19795,39.162133
Car-1,2008-10-02 06:18:50,117.19795,39.162133
Car-1,2008-10-02 06:18:52,117.197956,39.162133
Car-1,2008-10-02 06:18:57,117.197954,39.16211
Car-1,2008-10-02 06:19:02,117.198045,39.162061
Car-1,2008-10-02 06:19:07,117.198194,39.161962
Car-1,2008-10-02 06:19:12,117.198362,39.161764
Car-1,2008-10-02 06:19:17,117.19852,39.161445
Car-1,2008-10-02 06:19:22,117.198718,39.161119
Car-1,2008-10-02 06:19:27,117.198885,39.160863
Car-1,2008-10-02 06:19:32,117.198952,39.160567
Car-1,2008-10-02 06:19:37,117.199084,39.160162
Car-1,2008-10-02 06:19:42,117.199213,39.15973
Car-1,2008-10-02 06:19:47,117.199391,39.159207
Car-1,2008-10-02 06:19:52,117.199606,39.158763
Car-1,2008-10-02 06:19:57,117.199773,39.158438
Car-1,2008-10-02 06:20:02,117.199859,39.158067
Car-1,2008-10-02 06:20:07,117.200063,39.157602
Car-1,2008-10-02 06:20:12,117.200296,39.157076
Car-1,2008-10-02 06:20:17,117.200556,39.156519
Car-1,2008-10-02 06:20:22,117.200833,39.155908
Car-1,2008-10-02 06:20:27,117.201128,39.155352
Car-1,2008-10-02 06:20:32,117.201389,39.154819
Car-1,2008-10-02 06:20:37,117.201595,39.154229
Car-1,2008-10-02 06:20:42,117.201855,39.153608
Car-1,2008-10-02 06:20:47,117.20207,39.152969
Car-1,2008-10-02 06:20:52,117.202287,39.152378
Car-1,2008-10-02 06:20:57,117.202563,39.151798
Car-1,2008-10-02 06:21:02,117.202816,39.151208
Car-1,2008-10-02 06:21:07,117.203072,39.150658
Car-1,2008-10-02 06:21:12,117.203305,39.150093
Car-1,2008-10-02 06:21:17,117.203525,39.149502
Car-1,2008-10-02 06:21:22,117.203735,39.148991
Car-1,2008-10-02 06:21:27,117.203917,39.148614
Car-1,2008-10-02 06:21:32,117.204001,39.148408
Car-1,2008-10-02 06:21:37,117.203984,39.148332
Car-1,2008-10-02 06:21:40,117.203984,39.148332
Car-1,2008-10-02 06:21:42,117.203978,39.148338
Car-1,2008-10-02 06:21:47,117.204003,39.14835
Car-1,2008-10-02 06:21:52,117.204072,39.148372
Car-1,2008-10-02 06:21:57,117.204208,39.148324
Car-1,2008-10-02 06:22:02,117.204366,39.14823
Car-1,2008-10-02 06:22:07,117.204456,39.148198
Car-1,2008-10-02 06:22:12,117.204487,39.148202
Car-1,2008-10-02 06:22:17,117.204394,39.148147
Car-1,2008-10-02 06:22:22,117.204301,39.148117
Car-1,2008-10-02 06:22:27,117.204258,39.148099
Car-1,2008-10-02 06:22:32,117.204273,39.148035
Car-1,2008-10-02 06:22:37,117.204291,39.147861
Car-1,2008-10-02 06:22:42,117.204264,39.147654
Car-1,2008-10-02 06:22:47,117.204247,39.147546
Car-1,2008-10-02 06:22:52,117.20415,39.147456
Car-1,2008-10-02 06:22:57,117.203885,39.14735
Car-1,2008-10-02 06:23:02,117.203551,39.147198
Car-1,2008-10-02 06:23:07,117.203103,39.147019
Car-1,2008-10-02 06:23:12,117.202611,39.14673
Car-1,2008-10-02 06:23:17,117.202012,39.146374
Car-1,2008-10-02 06:23:22,117.201428,39.146087
Car-1,2008-10-02 06:23:27,117.201251,39.14595
Car-1,2008-10-02 06:23:32,117.201043,39.145898
Car-1,2008-10-02 06:23:37,117.20074,39.145772
Car-1,2008-10-02 06:23:42,117.200415,39.145641
Car-1,2008-10-02 06:23:47,117.199961,39.145446
Car-1,2008-10-02 06:23:52,117.199474,39.145183
Car-1,2008-10-02 06:23:57,117.19895,39.144892
Car-1,2008-10-02 06:24:02,117.198593,39.144678
Car-1,2008-10-02 06:24:07,117.198373,39.144548
Car-1,2008-10-02 06:24:12,117.198298,39.144525
Car-1,2008-10-02 06:24:17,117.198229,39.1445
Car-1,2008-10-02 06:24:22,117.19821,39.144495
Car-1,2008-10-02 06:24:25,117.19821,39.144495
Car-1,2008-10-02 06:24:27,117.198207,39.144494
Car-1,2008-10-02 06:24:32,117.198173,39.144486
Car-1,2008-10-02 06:24:37,117.19816,39.144484
Car-1,2008-10-02 06:24:42,117.198139,39.144483
Car-1,2008-10-02 06:24:47,117.197941,39.144435
Car-1,2008-10-02 06:24:52,117.197663,39.144313
Car-1,2008-10-02 06:24:57,117.197351,39.144135
Car-1,2008-10-02 06:25:02,117.197065,39.143838
Car-1,2008-10-02 06:25:07,117.196799,39.14347
Car-1,2008-10-02 06:25:12,117.196457,39.143072
Car-1,2008-10-02 06:25:17,117.196048,39.142601
Car-1,2008-10-02 06:25:22,117.195704,39.142121
Car-1,2008-10-02 06:25:27,117.195396,39.141617
Car-1,2008-10-02 06:25:32,117.195106,39.141144
Car-1,2008-10-02 06:25:37,117.194772,39.140639
Car-1,2008-10-02 06:25:42,117.194513,39.140198
Car-1,2008-10-02 06:25:47,117.194221,39.139774
Car-1,2008-10-02 06:25:52,117.193972,39.139423
Car-1,2008-10-02 06:25:57,117.193818,39.13919
Car-1,2008-10-02 06:26:02,117.193699,39.138985
Car-1,2008-10-02 06:26:07,117.193564,39.138835
Car-1,2008-10-02 06:26:12,117.193356,39.138717
Car-1,2008-10-02 06:26:17,117.193091,39.138743
Car-1,2008-10-02 06:26:22,117.192771,39.138809
Car-1,2008-10-02 06:26:27,117.192302,39.138897
