agent_id,time,lng,lat
Car-1,2008-09-14 00:50:29,116.304028,39.934979
Car-1,2008-09-14 00:50:31,116.303899,39.93471
Car-1,2008-09-14 00:50:33,116.303877,39.934323
Car-1,2008-09-14 00:50:35,116.303897,39.934063
Car-1,2008-09-14 00:50:37,116.303929,39.933789
Car-1,2008-09-14 00:50:39,116.303942,39.933575
Car-1,2008-09-14 00:50:41,116.303906,39.933353
Car-1,2008-09-14 00:50:43,116.303885,39.933056
Car-1,2008-09-14 00:50:45,116.303899,39.932775
Car-1,2008-09-14 00:50:47,116.303906,39.932513
Car-1,2008-09-14 00:50:49,116.303908,39.93224
Car-1,2008-09-14 00:50:51,116.303925,39.932016
Car-1,2008-09-14 00:50:53,116.303946,39.931778
Car-1,2008-09-14 00:50:55,116.30395,39.931463
Car-1,2008-09-14 00:50:57,116.30395,39.931164
Car-1,2008-09-14 00:50:59,116.303947,39.930814
Car-1,2008-09-14 00:51:01,116.30396,39.930528
Car-1,2008-09-14 00:51:03,116.303967,39.930214
Car-1,2008-09-14 00:51:05,116.303989,39.929885
Car-1,2008-09-14 00:51:07,116.303995,39.929526
Car-1,2008-09-14 00:51:09,116.304011,39.929135
Car-1,2008-09-14 00:51:11,116.304064,39.928775
Car-1,2008-09-14 00:51:13,116.304048,39.928387
Car-1,2008-09-14 00:51:15,116.304015,39.928034
Car-1,2008-09-14 00:51:17,116.303992,39.927676
Car-1,2008-09-14 00:51:19,116.303963,39.927344
Car-1,2008-09-14 00:51:21,116.30394,39.927032
Car-1,2008-09-14 00:51:23,116.303923,39.926732
Car-1,2008-09-14 00:51:25,116.303914,39.926436
Car-1,2008-09-14 00:51:27,116.303902,39.926158
Car-1,2008-09-14 00:51:29,116.303877,39.925926
Car-1,2008-09-14 00:51:31,116.303855,39.925662
Car-1,2008-09-14 00:51:33,116.303839,39.92543
Car-1,2008-09-14 00:51:39,116.303541,39.924289
Car-1,2008-09-14 00:51:41,116.303552,39.924114
Car-1,2008-09-14 00:51:43,116.303584,39.923998
Car-1,2008-09-14 00:51:45,116.303617,39.923916
Car-1,2008-09-14 00:51:47,116.303634,39.923851
Car-1,2008-09-14 00:51:49,116.303624,39.923793
Car-1,2008-09-14 00:51:51,116.303582,39.923729
Car-1,2008-09-14 00:51:53,116.303515,39.923665
Car-1,2008-09-14 00:51:55,116.303438,39.923631
Car-1,2008-09-14 00:51:57,116.303354,39.92362
Car-1,2008-09-14 00:51:59,116.30327,39.923655
Car-1,2008-09-14 00:52:01,116.30317,39.923639
Car-1,2008-09-14 00:52:03,116.303099,39.923613
Car-1,2008-09-14 00:52:05,116.303025,39.923684
Car-1,2008-09-14 00:52:07,116.302952,39.923676
Car-1,2008-09-14 00:52:09,116.302892,39.923656
Car-1,2008-09-14 00:52:11,116.302776,39.923591
Car-1,2008-09-14 00:52:13,116.302681,39.92352
Car-1,2008-09-14 00:52:15,116.302583,39.923467
Car-1,2008-09-14 00:52:17,116.302444,39.923448
Car-1,2008-09-14 00:52:19,116.302226,39.92343
Car-1,2008-09-14 00:52:21,116.301973,39.923408
Car-1,2008-09-14 00:52:23,116.301737,39.923398
Car-1,2008-09-14 00:52:25,116.301492,39.923376
Car-1,2008-09-14 00:52:27,116.301236,39.923359
Car-1,2008-09-14 00:52:29,116.300985,39.923346
Car-1,2008-09-14 00:52:31,116.300753,39.923331
Car-1,2008-09-14 00:52:33,116.300528,39.92332
Car-1,2008-09-14 00:52:35,116.300295,39.923303
Car-1,2008-09-14 00:52:37,116.300055,39.923286
Car-1,2008-09-14 00:52:39,116.299804,39.923266
Car-1,2008-09-14 00:52:41,116.299541,39.923248
Car-1,2008-09-14 00:52:43,116.299278,39.923227
Car-1,2008-09-14 00:52:45,116.299013,39.923212
Car-1,2008-09-14 00:52:47,116.298731,39.923214
Car-1,2008-09-14 00:52:49,116.298472,39.923194
Car-1,2008-09-14 00:52:51,116.298221,39.923193
Car-1,2008-09-14 00:52:53,116.297989,39.923186
Car-1,2008-09-14 00:52:55,116.297753,39.92316
Car-1,2008-09-14 00:52:57,116.297505,39.923186
Car-1,2008-09-14 00:52:59,116.29723,39.923166
Car-1,2008-09-14 00:53:01,116.296944,39.923153
Car-1,2008-09-14 00:53:03,116.29666,39.923147
Car-1,2008-09-14 00:53:05,116.296388,39.923123
Car-1,2008-09-14 00:53:07,116.296113,39.923092
Car-1,2008-09-14 00:53:09,116.295857,39.923035
Car-1,2008-09-14 00:53:11,116.295604,39.922974
Car-1,2008-09-14 00:53:13,116.295289,39.922989
Car-1,2008-09-14 00:53:15,116.295203,39.922792
Car-1,2008-09-14 00:53:17,116.294946,39.922737
Car-1,2008-09-14 00:53:19,116.294669,39.922745
Car-1,2008-09-14 00:53:21,116.294335,39.922733
Car-1,2008-09-14 00:53:23,116.293964,39.922712
Car-1,2008-09-14 00:53:25,116.293575,39.922694
Car-1,2008-09-14 00:53:27,116.293186,39.92269
Car-1,2008-09-14 00:53:29,116.292765,39.922716
Car-1,2008-09-14 00:53:31,116.292388,39.922743
Car-1,2008-09-14 00:53:33,116.292014,39.922771
Car-1,2008-09-14 00:53:35,116.291653,39.922795
Car-1,2008-09-14 00:53:37,116.291268,39.9228
Car-1,2008-09-14 00:53:39,116.290887,39.922799
Car-1,2008-09-14 00:53:41,116.290515,39.922808
Car-1,2008-09-14 00:53:43,116.290125,39.922822
Car-1,2008-09-14 00:53:45,116.289744,39.922827
Car-1,2008-09-14 00:53:47,116.289366,39.922842
Car-1,2008-09-14 00:53:49,116.288983,39.922864
Car-1,2008-09-14 00:53:51,116.288584,39.922881
Car-1,2008-09-14 00:53:53,116.288191,39.922891
Car-1,2008-09-14 00:53:55,116.287784,39.9229
Car-1,2008-09-14 00:53:57,116.287365,39.922911
Car-1,2008-09-14 00:53:59,116.28695,39.922919
Car-1,2008-09-14 00:54:01,116.286536,39.922929
Car-1,2008-09-14 00:54:03,116.286128,39.922939
Car-1,2008-09-14 00:54:05,116.285718,39.92295
Car-1,2008-09-14 00:54:07,116.285299,39.922957
Car-1,2008-09-14 00:54:09,116.284888,39.922974
Car-1,2008-09-14 00:54:11,116.284478,39.922985
Car-1,2008-09-14 00:54:13,116.284078,39.922984
Car-1,2008-09-14 00:54:15,116.283724,39.922998
Car-1,2008-09-14 00:54:17,116.283443,39.923002
Car-1,2008-09-14 00:54:19,116.283229,39.923003
Car-1,2008-09-14 00:54:21,116.283069,39.923003
Car-1,2008-09-14 00:54:23,116.282988,39.922999
Car-1,2008-09-14 00:54:25,116.282961,39.923014
Car-1,2008-09-14 00:54:27,116.282965,39.923014
Car-1,2008-09-14 00:54:29,116.282977,39.923016
Car-1,2008-09-14 00:54:31,116.282979,39.923016
Car-1,2008-09-14 00:54:33,116.28298,39.923016
Car-1,2008-09-14 00:54:35,116.28298,39.923016
Car-1,2008-09-14 00:54:37,116.28298,39.923016
Car-1,2008-09-14 00:54:39,116.282981,39.923016
Car-1,2008-09-14 00:54:41,116.282982,39.923016
Car-1,2008-09-14 00:54:43,116.282982,39.923016
Car-1,2008-09-14 00:54:45,116.282985,39.923016
Car-1,2008-09-14 00:54:47,116.282986,39.923016
Car-1,2008-09-14 00:54:49,116.282987,39.923016
Car-1,2008-09-14 00:54:51,116.282989,39.923016
Car-1,2008-09-14 00:54:53,116.282992,39.923016
Car-1,2008-09-14 00:54:55,116.282991,39.923016
Car-1,2008-09-14 00:54:57,116.282957,39.923017
Car-1,2008-09-14 00:54:59,116.28286,39.923012
Car-1,2008-09-14 00:55:01,116.282714,39.923012
Car-1,2008-09-14 00:55:03,116.282524,39.923016
Car-1,2008-09-14 00:55:05,116.282302,39.923021
Car-1,2008-09-14 00:55:07,116.282065,39.92302
Car-1,2008-09-14 00:55:09,116.281801,39.92302
Car-1,2008-09-14 00:55:11,116.281521,39.923017
Car-1,2008-09-14 00:55:13,116.281223,39.92302
Car-1,2008-09-14 00:55:15,116.280953,39.923035
Car-1,2008-09-14 00:55:17,116.280741,39.923035
Car-1,2008-09-14 00:55:19,116.280559,39.92303
Car-1,2008-09-14 00:55:21,116.280394,39.923035
Car-1,2008-09-14 00:55:23,116.280226,39.923052
Car-1,2008-09-14 00:55:25,116.280108,39.923062
Car-1,2008-09-14 00:55:27,116.280032,39.923057
Car-1,2008-09-14 00:55:29,116.279961,39.923056
Car-1,2008-09-14 00:55:31,116.279907,39.923057
Car-1,2008-09-14 00:55:33,116.279852,39.923054
Car-1,2008-09-14 00:55:35,116.279838,39.923062
Car-1,2008-09-14 00:55:37,116.27983,39.923066
Car-1,2008-09-14 00:55:39,116.279815,39.923063
Car-1,2008-09-14 00:55:41,116.279827,39.923063
Car-1,2008-09-14 00:55:43,116.279836,39.923066
Car-1,2008-09-14 00:55:45,116.279837,39.923064
Car-1,2008-09-14 00:55:47,116.279837,39.923069
Car-1,2008-09-14 00:55:49,116.27983,39.923071
Car-1,2008-09-14 00:55:51,116.27983,39.923079
Car-1,2008-09-14 00:55:53,116.279829,39.923081
Car-1,2008-09-14 00:55:55,116.279835,39.923082
Car-1,2008-09-14 00:55:57,116.279834,39.92307
Car-1,2008-09-14 00:55:59,116.279836,39.92307
Car-1,2008-09-14 00:56:01,116.279836,39.92307
Car-1,2008-09-14 00:56:03,116.279836,39.92307
Car-1,2008-09-14 00:56:05,116.279836,39.92307
Car-1,2008-09-14 00:56:07,116.279836,39.923069
Car-1,2008-09-14 00:56:09,116.279836,39.923069
Car-1,2008-09-14 00:56:11,116.279836,39.923069
Car-1,2008-09-14 00:56:13,116.279835,39.923069
Car-1,2008-09-14 00:56:15,116.279835,39.923068
Car-1,2008-09-14 00:56:17,116.279835,39.923068
Car-1,2008-09-14 00:56:19,116.279835,39.923068
Car-1,2008-09-14 00:56:21,116.279835,39.923068
Car-1,2008-09-14 00:56:23,116.279835,39.923068
Car-1,2008-09-14 00:56:25,116.279835,39.923068
Car-1,2008-09-14 00:56:27,116.279836,39.923068
Car-1,2008-09-14 00:56:29,116.279836,39.923068
Car-1,2008-09-14 00:56:31,116.279836,39.923068
Car-1,2008-09-14 00:56:33,116.279836,39.923069
Car-1,2008-09-14 00:56:35,116.279836,39.923069
Car-1,2008-09-14 00:56:37,116.279826,39.923068
Car-1,2008-09-14 00:56:39,116.279717,39.923069
Car-1,2008-09-14 00:56:41,116.279557,39.923069
Car-1,2008-09-14 00:56:43,116.279348,39.923065
Car-1,2008-09-14 00:56:45,116.279135,39.923069
Car-1,2008-09-14 00:56:47,116.278906,39.923078
Car-1,2008-09-14 00:56:49,116.278653,39.923081
Car-1,2008-09-14 00:56:51,116.278381,39.923071
Car-1,2008-09-14 00:56:53,116.278092,39.923074
Car-1,2008-09-14 00:56:55,116.277783,39.923077
Car-1,2008-09-14 00:56:57,116.277469,39.923082
Car-1,2008-09-14 00:56:59,116.277136,39.923092
Car-1,2008-09-14 00:57:01,116.276793,39.923098
Car-1,2008-09-14 00:57:03,116.276434,39.923107
Car-1,2008-09-14 00:57:05,116.276071,39.923108
Car-1,2008-09-14 00:57:07,116.2757,39.923112
Car-1,2008-09-14 00:57:09,116.275321,39.923123
Car-1,2008-09-14 00:57:11,116.274931,39.923123
Car-1,2008-09-14 00:57:13,116.274543,39.923131
Car-1,2008-09-14 00:57:15,116.274155,39.923131
Car-1,2008-09-14 00:57:17,116.273766,39.923138
Car-1,2008-09-14 00:57:19,116.27337,39.923138
Car-1,2008-09-14 00:57:21,116.272987,39.923134
Car-1,2008-09-14 00:57:23,116.272599,39.923122
Car-1,2008-09-14 00:57:25,116.272217,39.923105
Car-1,2008-09-14 00:57:27,116.271836,39.923097
Car-1,2008-09-14 00:57:29,116.271446,39.923084
Car-1,2008-09-14 00:57:31,116.271053,39.923078
Car-1,2008-09-14 00:57:33,116.270665,39.923077
Car-1,2008-09-14 00:57:35,116.270281,39.923074
Car-1,2008-09-14 00:57:37,116.269892,39.923072
Car-1,2008-09-14 00:57:39,116.269494,39.923072
Car-1,2008-09-14 00:57:41,116.269098,39.923068
Car-1,2008-09-14 00:57:43,116.268689,39.923074
Car-1,2008-09-14 00:57:45,116.268275,39.923076
Car-1,2008-09-14 00:57:47,116.267834,39.92308
Car-1,2008-09-14 00:57:49,116.267391,39.92307
Car-1,2008-09-14 00:57:51,116.266925,39.923067
Car-1,2008-09-14 00:57:53,116.266452,39.923068
Car-1,2008-09-14 00:57:55,116.265965,39.923074
Car-1,2008-09-14 00:57:57,116.265474,39.923074
Car-1,2008-09-14 00:57:59,116.264988,39.923101
Car-1,2008-09-14 00:58:01,116.264495,39.923101
Car-1,2008-09-14 00:58:03,116.264016,39.923109
Car-1,2008-09-14 00:58:05,116.263539,39.923106
Car-1,2008-09-14 00:58:07,116.263061,39.923101
Car-1,2008-09-14 00:58:09,116.262618,39.923104
Car-1,2008-09-14 00:58:11,116.262165,39.923106
Car-1,2008-09-14 00:58:13,116.261711,39.923102
Car-1,2008-09-14 00:58:15,116.261263,39.9231
Car-1,2008-09-14 00:58:17,116.260821,39.92309
Car-1,2008-09-14 00:58:19,116.260408,39.923081
Car-1,2008-09-14 00:58:21,116.26002,39.923092
Car-1,2008-09-14 00:58:23,116.259697,39.923115
Car-1,2008-09-14 00:58:25,116.259381,39.923127
Car-1,2008-09-14 00:58:27,116.259058,39.923134
Car-1,2008-09-14 00:58:29,116.258695,39.923133
Car-1,2008-09-14 00:58:31,116.258337,39.923126
Car-1,2008-09-14 00:58:33,116.257985,39.923118
Car-1,2008-09-14 00:58:35,116.257633,39.923101
Car-1,2008-09-14 00:58:37,116.257259,39.923085
Car-1,2008-09-14 00:58:39,116.256875,39.923079
Car-1,2008-09-14 00:58:41,116.256465,39.923076
Car-1,2008-09-14 00:58:43,116.25603,39.923062
Car-1,2008-09-14 00:58:45,116.2556,39.923058
Car-1,2008-09-14 00:58:47,116.255164,39.923062
Car-1,2008-09-14 00:58:49,116.254718,39.923059
Car-1,2008-09-14 00:58:51,116.254265,39.923055
Car-1,2008-09-14 00:58:53,116.253815,39.923048
Car-1,2008-09-14 00:58:55,116.253364,39.923051
Car-1,2008-09-14 00:58:57,116.252897,39.923051
Car-1,2008-09-14 00:58:59,116.252435,39.923073
Car-1,2008-09-14 00:59:01,116.251966,39.923114
Car-1,2008-09-14 00:59:03,116.251504,39.923172
Car-1,2008-09-14 00:59:05,116.25106,39.923244
Car-1,2008-09-14 00:59:07,116.250615,39.923341
Car-1,2008-09-14 00:59:09,116.250182,39.923457
Car-1,2008-09-14 00:59:11,116.249765,39.923585
Car-1,2008-09-14 00:59:13,116.249352,39.923722
Car-1,2008-09-14 00:59:15,116.248956,39.92386
Car-1,2008-09-14 00:59:17,116.248561,39.923999
Car-1,2008-09-14 00:59:19,116.248166,39.924138
Car-1,2008-09-14 00:59:21,116.247762,39.924286
Car-1,2008-09-14 00:59:23,116.247363,39.924438
Car-1,2008-09-14 00:59:25,116.24695,39.92459
Car-1,2008-09-14 00:59:27,116.246538,39.924737
Car-1,2008-09-14 00:59:29,116.246109,39.924881
Car-1,2008-09-14 00:59:31,116.245672,39.925031
Car-1,2008-09-14 00:59:33,116.245239,39.925189
Car-1,2008-09-14 00:59:35,116.244786,39.925359
Car-1,2008-09-14 00:59:37,116.24432,39.925537
Car-1,2008-09-14 00:59:39,116.243851,39.925687
Car-1,2008-09-14 00:59:41,116.243388,39.925841
Car-1,2008-09-14 00:59:43,116.242883,39.925939
Car-1,2008-09-14 00:59:45,116.242369,39.926012
Car-1,2008-09-14 00:59:47,116.241871,39.92606
Car-1,2008-09-14 00:59:49,116.241377,39.926079
Car-1,2008-09-14 00:59:51,116.240873,39.926061
Car-1,2008-09-14 00:59:53,116.240359,39.926014
Car-1,2008-09-14 00:59:55,116.239851,39.925917
Car-1,2008-09-14 00:59:57,116.239336,39.925791
Car-1,2008-09-14 00:59:59,116.238812,39.925671
Car-1,2008-09-14 01:00:01,116.238284,39.925548
Car-1,2008-09-14 01:00:03,116.237749,39.92542
Car-1,2008-09-14 01:00:05,116.23721,39.925291
Car-1,2008-09-14 01:00:07,116.236667,39.925167
Car-1,2008-09-14 01:00:09,116.23613,39.925035
Car-1,2008-09-14 01:00:11,116.235593,39.924908
Car-1,2008-09-14 01:00:13,116.235051,39.924791
Car-1,2008-09-14 01:00:15,116.23452,39.924669
Car-1,2008-09-14 01:00:17,116.233979,39.924555
Car-1,2008-09-14 01:00:19,116.233431,39.924434
Car-1,2008-09-14 01:00:21,116.232886,39.924307
Car-1,2008-09-14 01:00:23,116.232346,39.924187
Car-1,2008-09-14 01:00:25,116.231808,39.924062
Car-1,2008-09-14 01:00:27,116.231272,39.92394
Car-1,2008-09-14 01:00:29,116.230735,39.923812
Car-1,2008-09-14 01:00:31,116.230205,39.923698
Car-1,2008-09-14 01:00:33,116.229689,39.923611
Car-1,2008-09-14 01:00:35,116.22917,39.923529
Car-1,2008-09-14 01:00:37,116.228646,39.923464
Car-1,2008-09-14 01:00:39,116.228139,39.923423
Car-1,2008-09-14 01:00:41,116.227636,39.923401
Car-1,2008-09-14 01:00:43,116.227134,39.923403
Car-1,2008-09-14 01:00:45,116.226626,39.923409
Car-1,2008-09-14 01:00:47,116.226112,39.923431
Car-1,2008-09-14 01:00:49,116.225584,39.923448
Car-1,2008-09-14 01:00:51,116.225044,39.923477
Car-1,2008-09-14 01:00:53,116.224509,39.923512
Car-1,2008-09-14 01:00:55,116.223966,39.923537
Car-1,2008-09-14 01:00:57,116.223437,39.923562
Car-1,2008-09-14 01:00:59,116.222926,39.923588
Car-1,2008-09-14 01:01:01,116.222431,39.923611
Car-1,2008-09-14 01:01:03,116.221956,39.923626
Car-1,2008-09-14 01:01:05,116.22148,39.923625
Car-1,2008-09-14 01:01:07,116.221018,39.923616
Car-1,2008-09-14 01:01:09,116.220575,39.923612
Car-1,2008-09-14 01:01:11,116.220119,39.923599
Car-1,2008-09-14 01:01:13,116.21966,39.923591
Car-1,2008-09-14 01:01:15,116.219195,39.92359
Car-1,2008-09-14 01:01:17,116.21871,39.923583
Car-1,2008-09-14 01:01:19,116.218234,39.923571
Car-1,2008-09-14 01:01:21,116.217761,39.923558
Car-1,2008-09-14 01:01:23,116.217281,39.923545
Car-1,2008-09-14 01:01:25,116.216808,39.923537
Car-1,2008-09-14 01:01:27,116.21634,39.923524
Car-1,2008-09-14 01:01:29,116.215878,39.923517
Car-1,2008-09-14 01:01:31,116.215416,39.923504
Car-1,2008-09-14 01:01:33,116.214956,39.923501
Car-1,2008-09-14 01:01:35,116.214491,39.923504
Car-1,2008-09-14 01:01:37,116.214033,39.923501
Car-1,2008-09-14 01:01:39,116.213569,39.923506
Car-1,2008-09-14 01:01:41,116.213114,39.923512
Car-1,2008-09-14 01:01:43,116.212644,39.923512
Car-1,2008-09-14 01:01:45,116.212172,39.923508
Car-1,2008-09-14 01:01:47,116.2117,39.923508
Car-1,2008-09-14 01:01:49,116.21123,39.923498
Car-1,2008-09-14 01:01:51,116.210742,39.923503
Car-1,2008-09-14 01:01:53,116.210243,39.923503
Car-1,2008-09-14 01:01:55,116.20975,39.923499
Car-1,2008-09-14 01:01:57,116.209235,39.923495
Car-1,2008-09-14 01:01:59,116.208717,39.923498
Car-1,2008-09-14 01:02:01,116.208178,39.923501
Car-1,2008-09-14 01:02:03,116.207629,39.923509
Car-1,2008-09-14 01:02:05,116.207066,39.92351
Car-1,2008-09-14 01:02:07,116.206499,39.923518
Car-1,2008-09-14 01:02:09,116.205931,39.92352
Car-1,2008-09-14 01:02:11,116.205359,39.923518
Car-1,2008-09-14 01:02:13,116.204785,39.923538
Car-1,2008-09-14 01:02:15,116.204227,39.923557
Car-1,2008-09-14 01:02:17,116.20367,39.923552
Car-1,2008-09-14 01:02:19,116.203174,39.923564
Car-1,2008-09-14 01:02:21,116.202755,39.923556
Car-1,2008-09-14 01:02:23,116.202368,39.923553
Car-1,2008-09-14 01:02:25,116.202,39.923549
Car-1,2008-09-14 01:02:27,116.201645,39.923543
Car-1,2008-09-14 01:02:29,116.201307,39.923533
Car-1,2008-09-14 01:02:31,116.200964,39.923527
Car-1,2008-09-14 01:02:33,116.200618,39.923519
Car-1,2008-09-14 01:02:35,116.200259,39.923515
Car-1,2008-09-14 01:02:37,116.19987,39.923516
Car-1,2008-09-14 01:02:39,116.199463,39.923509
Car-1,2008-09-14 01:02:41,116.199062,39.923502
Car-1,2008-09-14 01:02:43,116.198688,39.923499
Car-1,2008-09-14 01:02:45,116.198341,39.923496
Car-1,2008-09-14 01:02:47,116.198002,39.923483
Car-1,2008-09-14 01:02:49,116.197654,39.923478
Car-1,2008-09-14 01:02:51,116.197284,39.923461
Car-1,2008-09-14 01:02:53,116.196925,39.923464
Car-1,2008-09-14 01:02:55,116.196581,39.92348
Car-1,2008-09-14 01:02:57,116.196239,39.923504
Car-1,2008-09-14 01:02:59,116.19596,39.923523
Car-1,2008-09-14 01:03:01,116.195748,39.923541
Car-1,2008-09-14 01:03:03,116.195612,39.923561
Car-1,2008-09-14 01:03:05,116.195536,39.92357
Car-1,2008-09-14 01:03:07,116.195514,39.923565
Car-1,2008-09-14 01:03:09,116.195513,39.923559
Car-1,2008-09-14 01:03:11,116.195523,39.923556
Car-1,2008-09-14 01:03:13,116.195519,39.923556
Car-1,2008-09-14 01:03:15,116.195519,39.923556
Car-1,2008-09-14 01:03:17,116.195522,39.923556
Car-1,2008-09-14 01:03:19,116.195525,39.923556
Car-1,2008-09-14 01:03:21,116.195528,39.923557
Car-1,2008-09-14 01:03:23,116.195529,39.923557
Car-1,2008-09-14 01:03:25,116.195517,39.923554
Car-1,2008-09-14 01:03:27,116.195449,39.923564
Car-1,2008-09-14 01:03:29,116.195322,39.923559
Car-1,2008-09-14 01:03:31,116.195181,39.923552
Car-1,2008-09-14 01:03:33,116.19501,39.923542
Car-1,2008-09-14 01:03:35,116.194793,39.923529
Car-1,2008-09-14 01:03:37,116.194556,39.923532
Car-1,2008-09-14 01:03:39,116.194289,39.923527
Car-1,2008-09-14 01:03:41,116.194021,39.923525
Car-1,2008-09-14 01:03:43,116.19372,39.923524
Car-1,2008-09-14 01:03:45,116.193432,39.923523
Car-1,2008-09-14 01:03:47,116.193182,39.923548
Car-1,2008-09-14 01:03:49,116.19296,39.923565
Car-1,2008-09-14 01:03:51,116.192773,39.923589
Car-1,2008-09-14 01:03:53,116.192604,39.923621
Car-1,2008-09-14 01:03:55,116.192473,39.923643
Car-1,2008-09-14 01:03:57,116.192391,39.923666
Car-1,2008-09-14 01:03:59,116.192357,39.923652
Car-1,2008-09-14 01:04:01,116.192353,39.923617
Car-1,2008-09-14 01:04:03,116.192352,39.923597
Car-1,2008-09-14 01:04:05,116.192353,39.923597
Car-1,2008-09-14 01:04:07,116.192353,39.923596
Car-1,2008-09-14 01:04:09,116.192352,39.923596
Car-1,2008-09-14 01:04:11,116.192349,39.923595
Car-1,2008-09-14 01:04:13,116.192345,39.923593
Car-1,2008-09-14 01:04:15,116.192341,39.923591
Car-1,2008-09-14 01:04:17,116.192337,39.92359
Car-1,2008-09-14 01:04:19,116.192334,39.923589
Car-1,2008-09-14 01:04:21,116.19233,39.923588
Car-1,2008-09-14 01:04:23,116.192327,39.923588
Car-1,2008-09-14 01:04:25,116.192326,39.923588
Car-1,2008-09-14 01:04:27,116.192325,39.923589
Car-1,2008-09-14 01:04:29,116.192324,39.923589
Car-1,2008-09-14 01:04:31,116.192325,39.923589
Car-1,2008-09-14 01:04:33,116.192326,39.923589
Car-1,2008-09-14 01:04:35,116.192327,39.923589
Car-1,2008-09-14 01:04:37,116.192328,39.923589
Car-1,2008-09-14 01:04:39,116.192328,39.923589
Car-1,2008-09-14 01:04:41,116.192327,39.923589
Car-1,2008-09-14 01:04:43,116.192328,39.923589
Car-1,2008-09-14 01:04:45,116.19233,39.923589
Car-1,2008-09-14 01:04:47,116.192331,39.923589
Car-1,2008-09-14 01:04:49,116.192334,39.92359
Car-1,2008-09-14 01:04:51,116.192335,39.92359
Car-1,2008-09-14 01:04:53,116.192336,39.92359
Car-1,2008-09-14 01:04:55,116.192334,39.923589
Car-1,2008-09-14 01:04:57,116.192325,39.923588
Car-1,2008-09-14 01:04:59,116.192285,39.923573
Car-1,2008-09-14 01:05:01,116.192196,39.923546
Car-1,2008-09-14 01:05:03,116.192068,39.92353
Car-1,2008-09-14 01:05:05,116.191915,39.92352
Car-1,2008-09-14 01:05:07,116.191731,39.923518
Car-1,2008-09-14 01:05:09,116.191529,39.923515
Car-1,2008-09-14 01:05:11,116.191297,39.923515
Car-1,2008-09-14 01:05:13,116.191038,39.923515
Car-1,2008-09-14 01:05:15,116.190755,39.923505
Car-1,2008-09-14 01:05:17,116.190459,39.923492
Car-1,2008-09-14 01:05:19,116.190146,39.923483
Car-1,2008-09-14 01:05:21,116.189832,39.923482
Car-1,2008-09-14 01:05:23,116.189529,39.923494
Car-1,2008-09-14 01:05:25,116.189216,39.9235
Car-1,2008-09-14 01:05:27,116.188885,39.923509
Car-1,2008-09-14 01:05:29,116.188546,39.923519
Car-1,2008-09-14 01:05:31,116.188206,39.923524
Car-1,2008-09-14 01:05:33,116.187859,39.92354
Car-1,2008-09-14 01:05:35,116.187506,39.923537
Car-1,2008-09-14 01:05:37,116.187148,39.923534
Car-1,2008-09-14 01:05:39,116.186775,39.923535
Car-1,2008-09-14 01:05:41,116.186386,39.923524
Car-1,2008-09-14 01:05:43,116.185986,39.923507
Car-1,2008-09-14 01:05:45,116.185577,39.923496
Car-1,2008-09-14 01:05:47,116.185176,39.923496
Car-1,2008-09-14 01:05:49,116.184791,39.92349
Car-1,2008-09-14 01:05:51,116.184401,39.923488
Car-1,2008-09-14 01:05:53,116.184014,39.923486
Car-1,2008-09-14 01:05:55,116.183633,39.923489
Car-1,2008-09-14 01:05:57,116.183281,39.923496
Car-1,2008-09-14 01:05:59,116.182958,39.923508
Car-1,2008-09-14 01:06:01,116.18265,39.923501
Car-1,2008-09-14 01:06:03,116.182357,39.923494
Car-1,2008-09-14 01:06:05,116.182041,39.92349
Car-1,2008-09-14 01:06:07,116.181721,39.923485
Car-1,2008-09-14 01:06:09,116.181412,39.923488
Car-1,2008-09-14 01:06:11,116.181109,39.92351
Car-1,2008-09-14 01:06:13,116.180848,39.923513
Car-1,2008-09-14 01:06:15,116.180659,39.923509
Car-1,2008-09-14 01:06:17,116.18049,39.923506
Car-1,2008-09-14 01:06:19,116.180299,39.923495
Car-1,2008-09-14 01:06:21,116.180079,39.923483
Car-1,2008-09-14 01:06:23,116.179831,39.923468
Car-1,2008-09-14 01:06:25,116.179561,39.923449
Car-1,2008-09-14 01:06:27,116.179273,39.923419
Car-1,2008-09-14 01:06:29,116.178973,39.923376
Car-1,2008-09-14 01:06:31,116.178661,39.923336
Car-1,2008-09-14 01:06:33,116.178341,39.923308
Car-1,2008-09-14 01:06:35,116.178018,39.923279
Car-1,2008-09-14 01:06:37,116.177685,39.923246
Car-1,2008-09-14 01:06:39,116.177347,39.923216
Car-1,2008-09-14 01:06:41,116.177009,39.923176
Car-1,2008-09-14 01:06:43,116.176667,39.923145
Car-1,2008-09-14 01:06:45,116.176313,39.9231
Car-1,2008-09-14 01:06:47,116.17597,39.923061
Car-1,2008-09-14 01:06:49,116.175638,39.923033
Car-1,2008-09-14 01:06:51,116.175302,39.922999
Car-1,2008-09-14 01:06:53,116.174967,39.922959
Car-1,2008-09-14 01:06:55,116.174636,39.922928
Car-1,2008-09-14 01:06:57,116.174311,39.922903
Car-1,2008-09-14 01:06:59,116.173988,39.922877
Car-1,2008-09-14 01:07:01,116.173658,39.922847
Car-1,2008-09-14 01:07:03,116.173307,39.922821
Car-1,2008-09-14 01:07:05,116.17294,39.922792
Car-1,2008-09-14 01:07:07,116.172571,39.922769
Car-1,2008-09-14 01:07:09,116.172202,39.922734
Car-1,2008-09-14 01:07:11,116.171844,39.922708
Car-1,2008-09-14 01:07:13,116.171483,39.922673
Car-1,2008-09-14 01:07:15,116.171117,39.922639
Car-1,2008-09-14 01:07:17,116.170754,39.9226
Car-1,2008-09-14 01:07:19,116.170382,39.922564
Car-1,2008-09-14 01:07:21,116.17002,39.922522
Car-1,2008-09-14 01:07:23,116.169659,39.922489
Car-1,2008-09-14 01:07:25,116.169284,39.922457
Car-1,2008-09-14 01:07:27,116.168896,39.922414
Car-1,2008-09-14 01:07:29,116.168504,39.922381
Car-1,2008-09-14 01:07:31,116.168131,39.922345
Car-1,2008-09-14 01:07:33,116.167776,39.922314
Car-1,2008-09-14 01:07:35,116.167429,39.922282
Car-1,2008-09-14 01:07:37,116.16711,39.92227
Car-1,2008-09-14 01:07:39,116.166828,39.922256
Car-1,2008-09-14 01:07:41,116.166614,39.92227
Car-1,2008-09-14 01:07:43,116.166475,39.922309
Car-1,2008-09-14 01:07:45,116.166398,39.922364
Car-1,2008-09-14 01:07:47,116.166357,39.922409
Car-1,2008-09-14 01:07:49,116.166314,39.922456
Car-1,2008-09-14 01:07:51,116.166279,39.922497
Car-1,2008-09-14 01:07:53,116.166251,39.922548
Car-1,2008-09-14 01:07:55,116.166233,39.92259
Car-1,2008-09-14 01:07:57,116.166215,39.922651
Car-1,2008-09-14 01:07:59,116.166197,39.92272
Car-1,2008-09-14 01:08:01,116.166172,39.922785
Car-1,2008-09-14 01:08:03,116.166152,39.922853
Car-1,2008-09-14 01:08:05,116.166122,39.922922
Car-1,2008-09-14 01:08:07,116.166104,39.922986
Car-1,2008-09-14 01:08:09,116.166102,39.923005
Car-1,2008-09-14 01:08:11,116.166104,39.923001
Car-1,2008-09-14 01:08:13,116.166106,39.923002
Car-1,2008-09-14 01:08:15,116.166106,39.923001
Car-1,2008-09-14 01:08:17,116.166106,39.923001
Car-1,2008-09-14 01:08:19,116.166106,39.923001
Car-1,2008-09-14 01:08:21,116.166106,39.923002
Car-1,2008-09-14 01:08:23,116.166105,39.923003
Car-1,2008-09-14 01:08:25,116.166105,39.923003
Car-1,2008-09-14 01:08:27,116.166104,39.923003
Car-1,2008-09-14 01:08:29,116.166104,39.923002
Car-1,2008-09-14 01:08:31,116.166105,39.923001
Car-1,2008-09-14 01:08:33,116.166104,39.923001
Car-1,2008-09-14 01:08:35,116.166105,39.923
Car-1,2008-09-14 01:08:37,116.166105,39.923
Car-1,2008-09-14 01:08:39,116.166105,39.923
Car-1,2008-09-14 01:08:41,116.166104,39.923001
Car-1,2008-09-14 01:08:43,116.166104,39.923003
Car-1,2008-09-14 01:08:45,116.166103,39.923005
Car-1,2008-09-14 01:08:47,116.166102,39.923007
Car-1,2008-09-14 01:08:49,116.166101,39.92301
Car-1,2008-09-14 01:08:51,116.166101,39.923012
Car-1,2008-09-14 01:08:53,116.1661,39.923013
Car-1,2008-09-14 01:08:55,116.1661,39.923013
Car-1,2008-09-14 01:08:57,116.1661,39.923012
Car-1,2008-09-14 01:08:59,116.1661,39.923011
Car-1,2008-09-14 01:09:01,116.1661,39.923011
Car-1,2008-09-14 01:09:03,116.166101,39.92301
Car-1,2008-09-14 01:09:05,116.166094,39.923015
Car-1,2008-09-14 01:09:07,116.166049,39.923079
Car-1,2008-09-14 01:09:09,116.16597,39.923174
Car-1,2008-09-14 01:09:11,116.165846,39.92325
Car-1,2008-09-14 01:09:13,116.165678,39.923321
Car-1,2008-09-14 01:09:15,116.165469,39.923339
Car-1,2008-09-14 01:09:17,116.165235,39.92335
Car-1,2008-09-14 01:09:19,116.164967,39.923345
Car-1,2008-09-14 01:09:21,116.16467,39.923328
Car-1,2008-09-14 01:09:23,116.16438,39.923336
Car-1,2008-09-14 01:09:25,116.164096,39.923335
Car-1,2008-09-14 01:09:27,116.163849,39.923344
Car-1,2008-09-14 01:09:29,116.16367,39.923338
Car-1,2008-09-14 01:09:31,116.163545,39.923334
Car-1,2008-09-14 01:09:33,116.163481,39.923338
Car-1,2008-09-14 01:09:35,116.163471,39.923314
Car-1,2008-09-14 01:09:37,116.163471,39.923283
Car-1,2008-09-14 01:09:39,116.16347,39.923282
Car-1,2008-09-14 01:09:41,116.163469,39.923282
Car-1,2008-09-14 01:09:43,116.163469,39.923281
Car-1,2008-09-14 01:09:45,116.163469,39.923281
Car-1,2008-09-14 01:09:47,116.16347,39.923281
Car-1,2008-09-14 01:09:49,116.163469,39.923281
Car-1,2008-09-14 01:09:51,116.163468,39.923282
Car-1,2008-09-14 01:09:53,116.163468,39.923283
Car-1,2008-09-14 01:09:55,116.163469,39.923283
Car-1,2008-09-14 01:09:57,116.163468,39.923283
Car-1,2008-09-14 01:09:59,116.163468,39.923284
Car-1,2008-09-14 01:10:01,116.163435,39.923287
Car-1,2008-09-14 01:10:03,116.163347,39.923288
Car-1,2008-09-14 01:10:05,116.163196,39.923289
Car-1,2008-09-14 01:10:07,116.163011,39.923297
Car-1,2008-09-14 01:10:09,116.162805,39.9233
Car-1,2008-09-14 01:10:11,116.162584,39.923298
Car-1,2008-09-14 01:10:13,116.162356,39.923291
Car-1,2008-09-14 01:10:15,116.162124,39.923281
Car-1,2008-09-14 01:10:17,116.161906,39.923279
Car-1,2008-09-14 01:10:19,116.161689,39.923287
Car-1,2008-09-14 01:10:21,116.161463,39.923289
Car-1,2008-09-14 01:10:23,116.161234,39.923292
Car-1,2008-09-14 01:10:25,116.160996,39.923302
Car-1,2008-09-14 01:10:27,116.160749,39.923309
Car-1,2008-09-14 01:10:29,116.160491,39.923307
Car-1,2008-09-14 01:10:31,116.16023,39.923312
Car-1,2008-09-14 01:10:33,116.159995,39.923338
Car-1,2008-09-14 01:10:35,116.159768,39.923354
Car-1,2008-09-14 01:10:37,116.159532,39.923375
Car-1,2008-09-14 01:10:39,116.159269,39.923383
Car-1,2008-09-14 01:10:41,116.158988,39.923392
Car-1,2008-09-14 01:10:43,116.158685,39.923377
Car-1,2008-09-14 01:10:45,116.158402,39.923389
Car-1,2008-09-14 01:10:47,116.158135,39.92341
Car-1,2008-09-14 01:10:49,116.157855,39.923419
Car-1,2008-09-14 01:10:51,116.157595,39.923424
Car-1,2008-09-14 01:10:53,116.157344,39.92343
Car-1,2008-09-14 01:10:55,116.157059,39.92339
Car-1,2008-09-14 01:10:57,116.156795,39.923373
Car-1,2008-09-14 01:10:59,116.156545,39.923367
Car-1,2008-09-14 01:11:01,116.156289,39.923367
Car-1,2008-09-14 01:11:03,116.156038,39.923373
Car-1,2008-09-14 01:11:05,116.15576,39.92339
Car-1,2008-09-14 01:11:07,116.155491,39.923405
Car-1,2008-09-14 01:11:09,116.155238,39.923398
Car-1,2008-09-14 01:11:11,116.15499,39.923374
Car-1,2008-09-14 01:11:13,116.154766,39.923359
Car-1,2008-09-14 01:11:15,116.154554,39.923309
Car-1,2008-09-14 01:11:17,116.154352,39.923261
Car-1,2008-09-14 01:11:19,116.154162,39.923216
Car-1,2008-09-14 01:11:21,116.153978,39.923179
Car-1,2008-09-14 01:11:23,116.153782,39.923144
Car-1,2008-09-14 01:11:25,116.153586,39.923105
Car-1,2008-09-14 01:11:27,116.153403,39.923069
Car-1,2008-09-14 01:11:29,116.153255,39.923051
Car-1,2008-09-14 01:11:31,116.153147,39.923032
Car-1,2008-09-14 01:11:33,116.153108,39.923019
Car-1,2008-09-14 01:11:35,116.153129,39.92302
Car-1,2008-09-14 01:11:37,116.153159,39.923008
Car-1,2008-09-14 01:11:39,116.153204,39.923016
Car-1,2008-09-14 01:11:41,116.153258,39.923031
Car-1,2008-09-14 01:11:43,116.153332,39.923055
Car-1,2008-09-14 01:11:45,116.153437,39.923088
Car-1,2008-09-14 01:11:47,116.153544,39.923116
Car-1,2008-09-14 01:11:49,116.153644,39.923138
Car-1,2008-09-14 01:11:51,116.153746,39.923152
Car-1,2008-09-14 01:11:53,116.153853,39.923184
Car-1,2008-09-14 01:11:55,116.153966,39.923207
Car-1,2008-09-14 01:11:57,116.154065,39.923213
Car-1,2008-09-14 01:11:59,116.154115,39.923199
Car-1,2008-09-14 01:12:01,116.154118,39.923202
Car-1,2008-09-14 01:12:03,116.154112,39.923189
Car-1,2008-09-14 01:12:05,116.154113,39.923188
Car-1,2008-09-14 01:12:07,116.154112,39.923188
Car-1,2008-09-14 01:12:09,116.154113,39.923189
Car-1,2008-09-14 01:12:11,116.154112,39.923188
Car-1,2008-09-14 01:12:13,116.15411,39.923188
Car-1,2008-09-14 01:12:15,116.154109,39.923188
Car-1,2008-09-14 01:12:17,116.154109,39.923188
Car-1,2008-09-14 01:12:19,116.154108,39.923187
Car-1,2008-09-14 01:12:21,116.154107,39.923187
Car-1,2008-09-14 01:12:23,116.154107,39.923187
Car-1,2008-09-14 01:12:25,116.154107,39.923187
Car-1,2008-09-14 01:12:27,116.154106,39.923187
Car-1,2008-09-14 01:12:29,116.154106,39.923187
Car-1,2008-09-14 01:12:31,116.154106,39.923187
Car-1,2008-09-14 01:12:33,116.154105,39.923187
Car-1,2008-09-14 01:12:35,116.154106,39.923187
Car-1,2008-09-14 01:12:37,116.154106,39.923187
Car-1,2008-09-14 01:12:39,116.154106,39.923187
Car-1,2008-09-14 01:12:41,116.154106,39.923187
Car-1,2008-09-14 01:12:43,116.154106,39.923187
Car-1,2008-09-14 01:12:45,116.154106,39.923187
Car-1,2008-09-14 01:12:47,116.154106,39.923187
Car-1,2008-09-14 01:12:49,116.154106,39.923187
Car-1,2008-09-14 01:12:51,116.154106,39.923187
Car-1,2008-09-14 01:12:53,116.154106,39.923187
Car-1,2008-09-14 01:12:55,116.154108,39.923187
Car-1,2008-09-14 01:12:57,116.154158,39.923197
Car-1,2008-09-14 01:12:59,116.154297,39.92322
Car-1,2008-09-14 01:13:01,116.154443,39.923236
Car-1,2008-09-14 01:13:03,116.154568,39.923251
Car-1,2008-09-14 01:13:05,116.154653,39.923271
Car-1,2008-09-14 01:13:07,116.154716,39.923288
Car-1,2008-09-14 01:13:09,116.154759,39.923294
Car-1,2008-09-14 01:13:11,116.154809,39.923305
Car-1,2008-09-14 01:13:13,116.15485,39.923319
Car-1,2008-09-14 01:13:15,116.154893,39.923375
Car-1,2008-09-14 01:13:17,116.154908,39.92347
Car-1,2008-09-14 01:13:19,116.154919,39.923603
Car-1,2008-09-14 01:13:21,116.154917,39.92375
Car-1,2008-09-14 01:13:23,116.154925,39.923931
Car-1,2008-09-14 01:13:25,116.154918,39.924123
Car-1,2008-09-14 01:13:27,116.154911,39.924321
Car-1,2008-09-14 01:13:29,116.15491,39.924511
Car-1,2008-09-14 01:13:31,116.154912,39.924693
Car-1,2008-09-14 01:13:33,116.154894,39.924832
Car-1,2008-09-14 01:13:35,116.154899,39.924962
Car-1,2008-09-14 01:13:37,116.154868,39.925097
Car-1,2008-09-14 01:13:39,116.154808,39.925248
Car-1,2008-09-14 01:13:41,116.154726,39.925417
Car-1,2008-09-14 01:13:43,116.154639,39.925596
Car-1,2008-09-14 01:13:45,116.154561,39.925788
Car-1,2008-09-14 01:13:47,116.154466,39.925972
Car-1,2008-09-14 01:13:49,116.154378,39.926153
Car-1,2008-09-14 01:13:51,116.154303,39.926322
Car-1,2008-09-14 01:13:53,116.154231,39.926475
Car-1,2008-09-14 01:13:55,116.154156,39.926613
Car-1,2008-09-14 01:13:57,116.154078,39.926746
Car-1,2008-09-14 01:13:59,116.154015,39.926876
Car-1,2008-09-14 01:14:01,116.153973,39.926989
Car-1,2008-09-14 01:14:03,116.153937,39.927068
Car-1,2008-09-14 01:14:05,116.153916,39.927146
Car-1,2008-09-14 01:14:07,116.153876,39.927228
Car-1,2008-09-14 01:14:09,116.153823,39.92732
Car-1,2008-09-14 01:14:11,116.153749,39.927436
Car-1,2008-09-14 01:14:13,116.153673,39.927578
Car-1,2008-09-14 01:14:15,116.153586,39.927744
Car-1,2008-09-14 01:14:17,116.153517,39.927876
Car-1,2008-09-14 01:14:19,116.153488,39.928
Car-1,2008-09-14 01:14:21,116.153432,39.928094
Car-1,2008-09-14 01:14:23,116.153382,39.92818
Car-1,2008-09-14 01:14:25,116.153327,39.928252
Car-1,2008-09-14 01:14:27,116.153299,39.928305
Car-1,2008-09-14 01:14:29,116.153296,39.928308
Car-1,2008-09-14 01:14:31,116.153301,39.928306
Car-1,2008-09-14 01:14:33,116.153299,39.928297
Car-1,2008-09-14 01:14:35,116.153299,39.928295
Car-1,2008-09-14 01:14:37,116.1533,39.928293
Car-1,2008-09-14 01:14:39,116.1533,39.928293
Car-1,2008-09-14 01:14:41,116.1533,39.928293
Car-1,2008-09-14 01:14:43,116.1533,39.928292
Car-1,2008-09-14 01:14:45,116.1533,39.928292
Car-1,2008-09-14 01:14:47,116.1533,39.928291
Car-1,2008-09-14 01:14:49,116.153299,39.928292
Car-1,2008-09-14 01:14:51,116.153299,39.928293
Car-1,2008-09-14 01:14:53,116.153299,39.928294
Car-1,2008-09-14 01:14:55,116.153299,39.928296
Car-1,2008-09-14 01:14:57,116.153298,39.928297
Car-1,2008-09-14 01:14:59,116.153297,39.928299
Car-1,2008-09-14 01:15:01,116.153297,39.9283
Car-1,2008-09-14 01:15:03,116.153297,39.928301
Car-1,2008-09-14 01:15:05,116.153297,39.928302
Car-1,2008-09-14 01:15:07,116.153296,39.928302
Car-1,2008-09-14 01:15:09,116.153296,39.928302
Car-1,2008-09-14 01:15:11,116.153296,39.928303
Car-1,2008-09-14 01:15:13,116.153295,39.928304
Car-1,2008-09-14 01:15:15,116.153295,39.928305
Car-1,2008-09-14 01:15:17,116.153287,39.928311
Car-1,2008-09-14 01:15:19,116.153264,39.928371
Car-1,2008-09-14 01:15:21,116.153224,39.928453
Car-1,2008-09-14 01:15:23,116.153152,39.928532
Car-1,2008-09-14 01:15:25,116.153061,39.928635
Car-1,2008-09-14 01:15:27,116.15296,39.928759
Car-1,2008-09-14 01:15:29,116.152842,39.928908
Car-1,2008-09-14 01:15:31,116.15269,39.929069
Car-1,2008-09-14 01:15:33,116.15251,39.929223
Car-1,2008-09-14 01:15:35,116.15234,39.929399
Car-1,2008-09-14 01:15:37,116.152153,39.929583
Car-1,2008-09-14 01:15:39,116.151961,39.929768
Car-1,2008-09-14 01:15:41,116.15176,39.929967
Car-1,2008-09-14 01:15:43,116.151555,39.930162
Car-1,2008-09-14 01:15:45,116.151367,39.93036
Car-1,2008-09-14 01:15:47,116.151187,39.930553
Car-1,2008-09-14 01:15:49,116.151018,39.930735
Car-1,2008-09-14 01:15:51,116.150874,39.930905
Car-1,2008-09-14 01:15:53,116.150759,39.93105
Car-1,2008-09-14 01:15:55,116.15065,39.931155
Car-1,2008-09-14 01:15:57,116.150552,39.931263
Car-1,2008-09-14 01:15:59,116.150443,39.931369
Car-1,2008-09-14 01:16:01,116.150334,39.931491
Car-1,2008-09-14 01:16:03,116.150204,39.931643
Car-1,2008-09-14 01:16:05,116.150066,39.931786
Car-1,2008-09-14 01:16:07,116.149915,39.931943
Car-1,2008-09-14 01:16:09,116.149751,39.932107
Car-1,2008-09-14 01:16:11,116.149576,39.932275
Car-1,2008-09-14 01:16:13,116.149405,39.93245
Car-1,2008-09-14 01:16:15,116.149219,39.932627
Car-1,2008-09-14 01:16:17,116.149035,39.932819
Car-1,2008-09-14 01:16:19,116.148852,39.933018
Car-1,2008-09-14 01:16:21,116.148674,39.933219
Car-1,2008-09-14 01:16:23,116.148487,39.93342
Car-1,2008-09-14 01:16:25,116.148294,39.933614
Car-1,2008-09-14 01:16:27,116.14811,39.933815
Car-1,2008-09-14 01:16:29,116.147912,39.934016
Car-1,2008-09-14 01:16:31,116.147716,39.934234
Car-1,2008-09-14 01:16:33,116.147505,39.934427
Car-1,2008-09-14 01:16:35,116.147296,39.934633
Car-1,2008-09-14 01:16:37,116.147065,39.93482
Car-1,2008-09-14 01:16:39,116.146813,39.934987
Car-1,2008-09-14 01:16:41,116.146548,39.935133
Car-1,2008-09-14 01:16:43,116.146265,39.935286
Car-1,2008-09-14 01:16:45,116.145982,39.935442
Car-1,2008-09-14 01:16:47,116.145697,39.935611
Car-1,2008-09-14 01:16:49,116.145405,39.935771
Car-1,2008-09-14 01:16:51,116.145102,39.935927
Car-1,2008-09-14 01:16:53,116.144809,39.936112
Car-1,2008-09-14 01:16:55,116.144489,39.936275
Car-1,2008-09-14 01:16:57,116.144154,39.936426
Car-1,2008-09-14 01:16:59,116.143802,39.936605
Car-1,2008-09-14 01:17:01,116.143459,39.936796
Car-1,2008-09-14 01:17:03,116.143099,39.936973
Car-1,2008-09-14 01:17:05,116.14273,39.937149
Car-1,2008-09-14 01:17:07,116.142356,39.93733
Car-1,2008-09-14 01:17:09,116.141964,39.9375
Car-1,2008-09-14 01:17:11,116.141568,39.937636
Car-1,2008-09-14 01:17:13,116.141173,39.93776
Car-1,2008-09-14 01:17:15,116.14079,39.93789
Car-1,2008-09-14 01:17:17,116.140418,39.938026
Car-1,2008-09-14 01:17:19,116.140042,39.938153
Car-1,2008-09-14 01:17:21,116.139679,39.938281
Car-1,2008-09-14 01:17:23,116.13932,39.938399
Car-1,2008-09-14 01:17:25,116.138955,39.938533
Car-1,2008-09-14 01:17:27,116.138589,39.938647
Car-1,2008-09-14 01:17:29,116.138229,39.938795
Car-1,2008-09-14 01:17:31,116.137882,39.938929
Car-1,2008-09-14 01:17:33,116.137583,39.939045
Car-1,2008-09-14 01:17:35,116.137342,39.939152
Car-1,2008-09-14 01:17:37,116.137152,39.93926
Car-1,2008-09-14 01:17:39,116.137004,39.939344
Car-1,2008-09-14 01:17:41,116.136885,39.939383
Car-1,2008-09-14 01:17:43,116.136794,39.939412
Car-1,2008-09-14 01:17:45,116.136655,39.93945
Car-1,2008-09-14 01:17:47,116.136499,39.939516
Car-1,2008-09-14 01:17:49,116.136342,39.939587
Car-1,2008-09-14 01:17:51,116.136175,39.939641
Car-1,2008-09-14 01:17:53,116.136005,39.939716
Car-1,2008-09-14 01:17:55,116.13583,39.939818
Car-1,2008-09-14 01:17:57,116.135654,39.93992
Car-1,2008-09-14 01:17:59,116.135495,39.940056
Car-1,2008-09-14 01:18:01,116.135356,39.940219
Car-1,2008-09-14 01:18:03,116.135214,39.940391
Car-1,2008-09-14 01:18:05,116.135076,39.940569
Car-1,2008-09-14 01:18:07,116.134937,39.940752
Car-1,2008-09-14 01:18:09,116.134791,39.940934
Car-1,2008-09-14 01:18:11,116.134663,39.941145
Car-1,2008-09-14 01:18:13,116.134509,39.941351
Car-1,2008-09-14 01:18:15,116.134355,39.941551
Car-1,2008-09-14 01:18:17,116.134205,39.941749
Car-1,2008-09-14 01:18:19,116.134063,39.941939
Car-1,2008-09-14 01:18:21,116.133927,39.942096
Car-1,2008-09-14 01:18:23,116.133782,39.942252
Car-1,2008-09-14 01:18:25,116.133646,39.942423
Car-1,2008-09-14 01:18:27,116.133514,39.942601
Car-1,2008-09-14 01:18:29,116.133367,39.942792
Car-1,2008-09-14 01:18:31,116.133212,39.942987
Car-1,2008-09-14 01:18:33,116.133046,39.943184
Car-1,2008-09-14 01:18:35,116.132886,39.943398
Car-1,2008-09-14 01:18:37,116.132719,39.943611
Car-1,2008-09-14 01:18:39,116.132543,39.94382
Car-1,2008-09-14 01:18:41,116.132369,39.94403
Car-1,2008-09-14 01:18:43,116.132191,39.944234
Car-1,2008-09-14 01:18:45,116.131998,39.944421
Car-1,2008-09-14 01:18:47,116.131778,39.944578
Car-1,2008-09-14 01:18:49,116.131529,39.944691
Car-1,2008-09-14 01:18:51,116.131279,39.944778
Car-1,2008-09-14 01:18:53,116.131,39.944823
Car-1,2008-09-14 01:18:55,116.130703,39.944843
Car-1,2008-09-14 01:18:57,116.130383,39.944826
Car-1,2008-09-14 01:18:59,116.130062,39.944793
Car-1,2008-09-14 01:19:01,116.129729,39.94476
Car-1,2008-09-14 01:19:03,116.129403,39.944726
Car-1,2008-09-14 01:19:05,116.129082,39.944724
Car-1,2008-09-14 01:19:07,116.128769,39.94475
Car-1,2008-09-14 01:19:09,116.128485,39.944818
Car-1,2008-09-14 01:19:11,116.128213,39.944921
Car-1,2008-09-14 01:19:13,116.127938,39.945055
Car-1,2008-09-14 01:19:15,116.127694,39.945199
Car-1,2008-09-14 01:19:17,116.127445,39.945357
Car-1,2008-09-14 01:19:19,116.127195,39.945522
Car-1,2008-09-14 01:19:21,116.126934,39.945714
Car-1,2008-09-14 01:19:23,116.126663,39.945906
Car-1,2008-09-14 01:19:25,116.126392,39.946104
Car-1,2008-09-14 01:19:27,116.126111,39.946303
Car-1,2008-09-14 01:19:29,116.125834,39.946509
Car-1,2008-09-14 01:19:31,116.12558,39.946713
Car-1,2008-09-14 01:19:33,116.125349,39.946926
Car-1,2008-09-14 01:19:35,116.125164,39.947147
Car-1,2008-09-14 01:19:37,116.125041,39.947375
Car-1,2008-09-14 01:19:39,116.124967,39.947584
Car-1,2008-09-14 01:19:41,116.124935,39.947761
Car-1,2008-09-14 01:19:43,116.12494,39.947925
Car-1,2008-09-14 01:19:45,116.124954,39.948085
Car-1,2008-09-14 01:19:47,116.12496,39.948252
Car-1,2008-09-14 01:19:49,116.12497,39.948425
Car-1,2008-09-14 01:19:51,116.124989,39.948612
Car-1,2008-09-14 01:19:53,116.124997,39.948789
Car-1,2008-09-14 01:19:55,116.124994,39.948962
Car-1,2008-09-14 01:19:57,116.124966,39.949141
Car-1,2008-09-14 01:19:59,116.124912,39.949332
Car-1,2008-09-14 01:20:01,116.12483,39.949535
Car-1,2008-09-14 01:20:03,116.124692,39.949742
Car-1,2008-09-14 01:20:05,116.12451,39.949939
Car-1,2008-09-14 01:20:07,116.124313,39.950132
Car-1,2008-09-14 01:20:09,116.124121,39.950318
Car-1,2008-09-14 01:20:11,116.12394,39.950514
Car-1,2008-09-14 01:20:13,116.123763,39.950704
Car-1,2008-09-14 01:20:15,116.123566,39.950888
Car-1,2008-09-14 01:20:17,116.123359,39.951068
Car-1,2008-09-14 01:20:19,116.12316,39.95124
Car-1,2008-09-14 01:20:21,116.122974,39.951417
Car-1,2008-09-14 01:20:23,116.122799,39.951585
Car-1,2008-09-14 01:20:25,116.122636,39.951749
Car-1,2008-09-14 01:20:27,116.122483,39.951912
Car-1,2008-09-14 01:20:29,116.122327,39.952076
Car-1,2008-09-14 01:20:31,116.122157,39.95223
Car-1,2008-09-14 01:20:33,116.122008,39.95239
Car-1,2008-09-14 01:20:35,116.12188,39.952543
Car-1,2008-09-14 01:20:37,116.121773,39.952708
Car-1,2008-09-14 01:20:39,116.121655,39.952881
Car-1,2008-09-14 01:20:41,116.121535,39.953069
Car-1,2008-09-14 01:20:43,116.121414,39.953259
Car-1,2008-09-14 01:20:45,116.12131,39.953437
Car-1,2008-09-14 01:20:47,116.121203,39.953583
Car-1,2008-09-14 01:20:49,116.121114,39.953722
Car-1,2008-09-14 01:20:51,116.121031,39.953869
Car-1,2008-09-14 01:20:53,116.120938,39.954027
Car-1,2008-09-14 01:20:55,116.120836,39.95419
Car-1,2008-09-14 01:20:57,116.12072,39.954368
Car-1,2008-09-14 01:20:59,116.120582,39.954562
Car-1,2008-09-14 01:21:01,116.120453,39.954769
Car-1,2008-09-14 01:21:03,116.120318,39.954986
Car-1,2008-09-14 01:21:05,116.120166,39.955206
Car-1,2008-09-14 01:21:07,116.120001,39.955414
Car-1,2008-09-14 01:21:09,116.119838,39.955608
Car-1,2008-09-14 01:21:11,116.119636,39.95578
Car-1,2008-09-14 01:21:13,116.119417,39.95593
Car-1,2008-09-14 01:21:15,116.11918,39.956083
Car-1,2008-09-14 01:21:17,116.118914,39.956235
Car-1,2008-09-14 01:21:19,116.118635,39.956369
Car-1,2008-09-14 01:21:21,116.118354,39.956475
Car-1,2008-09-14 01:21:23,116.118083,39.956563
Car-1,2008-09-14 01:21:25,116.117822,39.956645
Car-1,2008-09-14 01:21:27,116.117568,39.956724
Car-1,2008-09-14 01:21:29,116.117306,39.956816
Car-1,2008-09-14 01:21:31,116.117025,39.956875
Car-1,2008-09-14 01:21:33,116.116751,39.956957
Car-1,2008-09-14 01:21:35,116.11648,39.957044
Car-1,2008-09-14 01:21:37,116.116195,39.957131
Car-1,2008-09-14 01:21:39,116.1159,39.957217
Car-1,2008-09-14 01:21:41,116.115601,39.957307
Car-1,2008-09-14 01:21:43,116.115292,39.957404
Car-1,2008-09-14 01:21:45,116.114979,39.957484
Car-1,2008-09-14 01:21:47,116.114659,39.957574
Car-1,2008-09-14 01:21:49,116.114334,39.957655
Car-1,2008-09-14 01:21:51,116.114,39.957727
Car-1,2008-09-14 01:21:53,116.113652,39.957801
Car-1,2008-09-14 01:21:55,116.11331,39.957886
Car-1,2008-09-14 01:21:57,116.112977,39.957974
Car-1,2008-09-14 01:21:59,116.112659,39.958071
Car-1,2008-09-14 01:22:01,116.112351,39.958154
Car-1,2008-09-14 01:22:03,116.112058,39.958209
Car-1,2008-09-14 01:22:05,116.111808,39.958263
Car-1,2008-09-14 01:22:07,116.111565,39.958306
Car-1,2008-09-14 01:22:09,116.111315,39.958347
Car-1,2008-09-14 01:22:11,116.111064,39.958394
Car-1,2008-09-14 01:22:13,116.110809,39.958462
Car-1,2008-09-14 01:22:15,116.110544,39.958538
Car-1,2008-09-14 01:22:17,116.110254,39.958599
Car-1,2008-09-14 01:22:19,116.109937,39.958659
Car-1,2008-09-14 01:22:21,116.109614,39.958726
Car-1,2008-09-14 01:22:23,116.109274,39.958798
Car-1,2008-09-14 01:22:25,116.108932,39.958871
Car-1,2008-09-14 01:22:27,116.108606,39.958953
Car-1,2008-09-14 01:22:29,116.108278,39.959028
Car-1,2008-09-14 01:22:31,116.107958,39.95912
Car-1,2008-09-14 01:22:33,116.107641,39.959216
Car-1,2008-09-14 01:22:35,116.107345,39.959336
Car-1,2008-09-14 01:22:37,116.107065,39.959478
Car-1,2008-09-14 01:22:39,116.106795,39.959622
Car-1,2008-09-14 01:22:41,116.106532,39.959767
Car-1,2008-09-14 01:22:43,116.106286,39.959903
Car-1,2008-09-14 01:22:45,116.106087,39.960024
Car-1,2008-09-14 01:22:47,116.10591,39.960123
Car-1,2008-09-14 01:22:49,116.105735,39.960218
Car-1,2008-09-14 01:22:51,116.105558,39.960333
Car-1,2008-09-14 01:22:53,116.105363,39.960445
Car-1,2008-09-14 01:22:55,116.105166,39.960552
Car-1,2008-09-14 01:22:57,116.104983,39.960645
Car-1,2008-09-14 01:22:59,116.104824,39.960734
Car-1,2008-09-14 01:23:01,116.104674,39.960797
Car-1,2008-09-14 01:23:03,116.104535,39.960841
Car-1,2008-09-14 01:23:05,116.104413,39.960879
Car-1,2008-09-14 01:23:07,116.104338,39.960893
Car-1,2008-09-14 01:23:09,116.104309,39.960909
Car-1,2008-09-14 01:23:11,116.104306,39.960907
Car-1,2008-09-14 01:23:13,116.104309,39.960904
Car-1,2008-09-14 01:23:15,116.104309,39.960904
Car-1,2008-09-14 01:23:17,116.104309,39.960904
Car-1,2008-09-14 01:23:19,116.10431,39.960905
Car-1,2008-09-14 01:23:21,116.10431,39.960906
Car-1,2008-09-14 01:23:23,116.104312,39.960905
Car-1,2008-09-14 01:23:25,116.104313,39.960906
Car-1,2008-09-14 01:23:27,116.104312,39.960907
Car-1,2008-09-14 01:23:29,116.104312,39.960908
Car-1,2008-09-14 01:23:31,116.104312,39.960909
Car-1,2008-09-14 01:23:33,116.104312,39.960909
Car-1,2008-09-14 01:23:35,116.104312,39.960909
Car-1,2008-09-14 01:23:37,116.104312,39.96091
Car-1,2008-09-14 01:23:39,116.104312,39.96091
Car-1,2008-09-14 01:23:41,116.104311,39.96091
Car-1,2008-09-14 01:23:43,116.104306,39.960912
Car-1,2008-09-14 01:23:45,116.104279,39.960893
Car-1,2008-09-14 01:23:47,116.104212,39.960875
Car-1,2008-09-14 01:23:49,116.104093,39.960857
Car-1,2008-09-14 01:23:51,116.103945,39.960836
Car-1,2008-09-14 01:23:53,116.103759,39.960804
Car-1,2008-09-14 01:23:55,116.103571,39.960768
Car-1,2008-09-14 01:23:57,116.103382,39.9607
Car-1,2008-09-14 01:23:59,116.103194,39.960629
Car-1,2008-09-14 01:24:01,116.102997,39.960553
Car-1,2008-09-14 01:24:03,116.102829,39.960486
Car-1,2008-09-14 01:24:05,116.102687,39.960432
Car-1,2008-09-14 01:24:07,116.102543,39.96037
Car-1,2008-09-14 01:24:09,116.102411,39.960324
Car-1,2008-09-14 01:24:11,116.10228,39.960279
Car-1,2008-09-14 01:24:13,116.10215,39.960234
Car-1,2008-09-14 01:24:15,116.102023,39.960203
Car-1,2008-09-14 01:24:17,116.101875,39.960156
Car-1,2008-09-14 01:24:19,116.101731,39.960101
Car-1,2008-09-14 01:24:21,116.101582,39.96003
Car-1,2008-09-14 01:24:23,116.101449,39.95996
Car-1,2008-09-14 01:24:25,116.101307,39.959889
Car-1,2008-09-14 01:24:27,116.101161,39.959833
Car-1,2008-09-14 01:24:29,116.101016,39.959775
Car-1,2008-09-14 01:24:31,116.100873,39.959719
Car-1,2008-09-14 01:24:33,116.10073,39.959656
Car-1,2008-09-14 01:24:35,116.100645,39.959652
Car-1,2008-09-14 01:24:37,116.10056,39.959657
Car-1,2008-09-14 01:24:39,116.100463,39.959691
Car-1,2008-09-14 01:24:41,116.100374,39.959723
Car-1,2008-09-14 01:24:43,116.100301,39.959768
Car-1,2008-09-14 01:24:45,116.100253,39.95982
Car-1,2008-09-14 01:24:47,116.100182,39.959876
Car-1,2008-09-14 01:24:49,116.100073,39.959957
Car-1,2008-09-14 01:24:51,116.099952,39.960053
Car-1,2008-09-14 01:24:53,116.099837,39.960149
Car-1,2008-09-14 01:24:55,116.099712,39.960248
Car-1,2008-09-14 01:24:57,116.099574,39.960363
Car-1,2008-09-14 01:24:59,116.099407,39.960486
Car-1,2008-09-14 01:25:01,116.099234,39.960628
Car-1,2008-09-14 01:25:03,116.099044,39.960784
Car-1,2008-09-14 01:25:05,116.098848,39.960948
Car-1,2008-09-14 01:25:07,116.098629,39.961127
Car-1,2008-09-14 01:25:09,116.09841,39.961312
Car-1,2008-09-14 01:25:11,116.098182,39.961496
Car-1,2008-09-14 01:25:13,116.097969,39.961684
Car-1,2008-09-14 01:25:15,116.097763,39.961874
Car-1,2008-09-14 01:25:17,116.097547,39.962044
Car-1,2008-09-14 01:25:19,116.097328,39.962215
Car-1,2008-09-14 01:25:21,116.097118,39.962393
Car-1,2008-09-14 01:25:23,116.096906,39.96257
Car-1,2008-09-14 01:25:25,116.096703,39.96273
Car-1,2008-09-14 01:25:27,116.096512,39.962839
Car-1,2008-09-14 01:25:29,116.09636,39.96294
Car-1,2008-09-14 01:25:31,116.096225,39.963007
Car-1,2008-09-14 01:25:33,116.096116,39.963057
Car-1,2008-09-14 01:25:35,116.095988,39.963078
Car-1,2008-09-14 01:25:37,116.095846,39.963121
Car-1,2008-09-14 01:25:39,116.095673,39.963151
Car-1,2008-09-14 01:25:41,116.095488,39.963203
Car-1,2008-09-14 01:25:43,116.095293,39.96325
Car-1,2008-09-14 01:25:45,116.095117,39.963281
Car-1,2008-09-14 01:25:47,116.094976,39.96332
Car-1,2008-09-14 01:25:49,116.094899,39.963364
Car-1,2008-09-14 01:25:51,116.094836,39.963402
Car-1,2008-09-14 01:25:53,116.094761,39.963446
Car-1,2008-09-14 01:25:55,116.094661,39.963511
Car-1,2008-09-14 01:25:57,116.094539,39.963575
Car-1,2008-09-14 01:25:59,116.094408,39.963658
Car-1,2008-09-14 01:26:01,116.094269,39.96375
Car-1,2008-09-14 01:26:03,116.094112,39.963838
Car-1,2008-09-14 01:26:05,116.093961,39.963954
Car-1,2008-09-14 01:26:07,116.093866,39.964102
Car-1,2008-09-14 01:26:09,116.093835,39.964239
Car-1,2008-09-14 01:26:11,116.093833,39.964364
Car-1,2008-09-14 01:26:13,116.093839,39.964469
Car-1,2008-09-14 01:26:15,116.093844,39.964501
Car-1,2008-09-14 01:26:17,116.093873,39.964519
Car-1,2008-09-14 01:26:19,116.093875,39.964536
Car-1,2008-09-14 01:26:21,116.093869,39.964575
Car-1,2008-09-14 01:26:23,116.093866,39.964609
Car-1,2008-09-14 01:26:25,116.093847,39.96463
Car-1,2008-09-14 01:26:27,116.093854,39.964639
Car-1,2008-09-14 01:26:29,116.09387,39.964659
Car-1,2008-09-14 01:26:31,116.09387,39.96466
Car-1,2008-09-14 01:26:33,116.09387,39.964661
Car-1,2008-09-14 01:26:35,116.093869,39.964663
Car-1,2008-09-14 01:26:37,116.093868,39.964672
Car-1,2008-09-14 01:26:39,116.093881,39.964721
Car-1,2008-09-14 01:26:41,116.093923,39.964784
Car-1,2008-09-14 01:26:43,116.093993,39.964839
Car-1,2008-09-14 01:26:45,116.094088,39.964885
Car-1,2008-09-14 01:26:47,116.094209,39.964916
Car-1,2008-09-14 01:26:49,116.09432,39.964934
Car-1,2008-09-14 01:26:51,116.094438,39.964983
Car-1,2008-09-14 01:26:53,116.09455,39.965077
Car-1,2008-09-14 01:26:55,116.094587,39.96515
Car-1,2008-09-14 01:26:57,116.094581,39.965257
Car-1,2008-09-14 01:26:59,116.094535,39.965367
Car-1,2008-09-14 01:27:01,116.094474,39.965458
Car-1,2008-09-14 01:27:03,116.094402,39.965534
Car-1,2008-09-14 01:27:05,116.094356,39.965595
Car-1,2008-09-14 01:27:07,116.094336,39.965653
Car-1,2008-09-14 01:27:09,116.094328,39.965726
Car-1,2008-09-14 01:27:11,116.094311,39.965803
Car-1,2008-09-14 01:27:13,116.094294,39.965878
Car-1,2008-09-14 01:27:15,116.094233,39.965947
Car-1,2008-09-14 01:27:17,116.094152,39.966005
Car-1,2008-09-14 01:27:19,116.094053,39.966054
Car-1,2008-09-14 01:27:21,116.094017,39.966091
Car-1,2008-09-14 01:27:23,116.093991,39.966149
Car-1,2008-09-14 01:27:25,116.093961,39.966212
Car-1,2008-09-14 01:27:27,116.093977,39.96628
Car-1,2008-09-14 01:27:29,116.093947,39.966319
Car-1,2008-09-14 01:27:31,116.093917,39.966348
Car-1,2008-09-14 01:27:33,116.093854,39.966438
Car-1,2008-09-14 01:27:35,116.093782,39.966452
Car-1,2008-09-14 01:27:37,116.093702,39.966432
Car-1,2008-09-14 01:27:39,116.093582,39.966448
Car-1,2008-09-14 01:27:41,116.093511,39.966488
Car-1,2008-09-14 01:27:43,116.093433,39.966531
Car-1,2008-09-14 01:27:45,116.09335,39.966571
Car-1,2008-09-14 01:27:47,116.093273,39.966663
Car-1,2008-09-14 01:27:49,116.093198,39.966808
Car-1,2008-09-14 01:27:51,116.093137,39.966983
Car-1,2008-09-14 01:27:53,116.093057,39.96719
Car-1,2008-09-14 01:27:55,116.092998,39.967444
Car-1,2008-09-14 01:27:57,116.092926,39.96768
Car-1,2008-09-14 01:27:59,116.092856,39.967932
Car-1,2008-09-14 01:28:01,116.092792,39.968188
Car-1,2008-09-14 01:28:03,116.092734,39.96846
Car-1,2008-09-14 01:28:05,116.092672,39.968737
Car-1,2008-09-14 01:28:07,116.092615,39.969029
Car-1,2008-09-14 01:28:09,116.092551,39.969325
Car-1,2008-09-14 01:28:11,116.092466,39.969623
Car-1,2008-09-14 01:28:13,116.092395,39.969926
Car-1,2008-09-14 01:28:15,116.09233,39.970242
Car-1,2008-09-14 01:28:17,116.092265,39.970548
Car-1,2008-09-14 01:28:19,116.092184,39.970839
Car-1,2008-09-14 01:28:21,116.092119,39.971121
Car-1,2008-09-14 01:28:23,116.092058,39.971399
Car-1,2008-09-14 01:28:25,116.091997,39.971662
Car-1,2008-09-14 01:28:27,116.091933,39.971926
Car-1,2008-09-14 01:28:29,116.091874,39.972222
Car-1,2008-09-14 01:28:31,116.091808,39.972503
Car-1,2008-09-14 01:28:33,116.09175,39.972781
Car-1,2008-09-14 01:28:35,116.091715,39.973041
Car-1,2008-09-14 01:28:37,116.091667,39.973314
Car-1,2008-09-14 01:28:39,116.09161,39.973597
Car-1,2008-09-14 01:28:41,116.091548,39.97391
Car-1,2008-09-14 01:28:43,116.091506,39.974201
Car-1,2008-09-14 01:28:45,116.091486,39.974453
Car-1,2008-09-14 01:28:47,116.091457,39.974726
Car-1,2008-09-14 01:28:49,116.091433,39.975024
Car-1,2008-09-14 01:28:51,116.091411,39.975297
Car-1,2008-09-14 01:28:53,116.091423,39.975552
Car-1,2008-09-14 01:28:55,116.09139,39.975809
Car-1,2008-09-14 01:28:57,116.091348,39.976056
Car-1,2008-09-14 01:28:59,116.091308,39.976301
Car-1,2008-09-14 01:29:01,116.091265,39.976542
Car-1,2008-09-14 01:29:03,116.091232,39.976784
Car-1,2008-09-14 01:29:05,116.091199,39.977027
Car-1,2008-09-14 01:29:07,116.09116,39.977272
Car-1,2008-09-14 01:29:09,116.091113,39.977511
Car-1,2008-09-14 01:29:11,116.091053,39.977739
Car-1,2008-09-14 01:29:13,116.090978,39.977964
Car-1,2008-09-14 01:29:15,116.09086,39.978186
Car-1,2008-09-14 01:29:17,116.090739,39.978413
Car-1,2008-09-14 01:29:19,116.090613,39.97865
Car-1,2008-09-14 01:29:21,116.090489,39.978897
Car-1,2008-09-14 01:29:23,116.090363,39.979153
Car-1,2008-09-14 01:29:25,116.090266,39.979409
Car-1,2008-09-14 01:29:27,116.090189,39.979684
Car-1,2008-09-14 01:29:29,116.090135,39.979957
Car-1,2008-09-14 01:29:31,116.090101,39.980228
Car-1,2008-09-14 01:29:33,116.090081,39.980515
Car-1,2008-09-14 01:29:35,116.090088,39.980812
Car-1,2008-09-14 01:29:37,116.090109,39.981114
Car-1,2008-09-14 01:29:39,116.09013,39.981402
Car-1,2008-09-14 01:29:41,116.090152,39.981673
Car-1,2008-09-14 01:29:43,116.090157,39.981951
Car-1,2008-09-14 01:29:45,116.090149,39.982231
Car-1,2008-09-14 01:29:47,116.090128,39.982515
Car-1,2008-09-14 01:29:49,116.090089,39.982785
Car-1,2008-09-14 01:29:51,116.090049,39.983035
Car-1,2008-09-14 01:29:53,116.090018,39.983291
Car-1,2008-09-14 01:29:55,116.089994,39.983538
Car-1,2008-09-14 01:29:57,116.089981,39.983793
Car-1,2008-09-14 01:29:59,116.089979,39.984046
Car-1,2008-09-14 01:30:01,116.089965,39.984308
Car-1,2008-09-14 01:30:03,116.089957,39.984588
Car-1,2008-09-14 01:30:05,116.089963,39.984922
Car-1,2008-09-14 01:30:07,116.089926,39.985215
Car-1,2008-09-14 01:30:09,116.089887,39.985537
Car-1,2008-09-14 01:30:11,116.08983,39.985854
Car-1,2008-09-14 01:30:13,116.089774,39.986194
Car-1,2008-09-14 01:30:15,116.089735,39.986508
Car-1,2008-09-14 01:30:17,116.089699,39.98678
Car-1,2008-09-14 01:30:19,116.089652,39.987032
Car-1,2008-09-14 01:30:21,116.089608,39.987281
Car-1,2008-09-14 01:30:23,116.089546,39.987548
Car-1,2008-09-14 01:30:25,116.089482,39.98782
Car-1,2008-09-14 01:30:27,116.089425,39.9881
Car-1,2008-09-14 01:30:29,116.089358,39.988393
Car-1,2008-09-14 01:30:31,116.089308,39.988686
Car-1,2008-09-14 01:30:33,116.089254,39.988991
Car-1,2008-09-14 01:30:35,116.089208,39.989314
Car-1,2008-09-14 01:30:37,116.089171,39.989627
Car-1,2008-09-14 01:30:39,116.089123,39.989942
Car-1,2008-09-14 01:30:41,116.089061,39.990267
Car-1,2008-09-14 01:30:43,116.088989,39.990594
Car-1,2008-09-14 01:30:45,116.088944,39.990919
Car-1,2008-09-14 01:30:47,116.088888,39.99125
Car-1,2008-09-14 01:30:49,116.088812,39.991592
Car-1,2008-09-14 01:30:51,116.088708,39.991923
Car-1,2008-09-14 01:30:53,116.088597,39.992259
Car-1,2008-09-14 01:30:55,116.088486,39.992589
Car-1,2008-09-14 01:30:57,116.088389,39.99291
Car-1,2008-09-14 01:30:59,116.088298,39.993244
Car-1,2008-09-14 01:31:01,116.088203,39.993569
Car-1,2008-09-14 01:31:03,116.088118,39.993886
Car-1,2008-09-14 01:31:05,116.088047,39.994175
Car-1,2008-09-14 01:31:07,116.088004,39.994419
Car-1,2008-09-14 01:31:09,116.087957,39.994591
Car-1,2008-09-14 01:31:11,116.08791,39.99471
Car-1,2008-09-14 01:31:13,116.087858,39.994809
Car-1,2008-09-14 01:31:15,116.087784,39.994911
Car-1,2008-09-14 01:31:17,116.087711,39.995001
Car-1,2008-09-14 01:31:19,116.087631,39.995086
Car-1,2008-09-14 01:31:21,116.087536,39.995168
Car-1,2008-09-14 01:31:23,116.087428,39.995262
Car-1,2008-09-14 01:31:25,116.087292,39.995373
Car-1,2008-09-14 01:31:27,116.087108,39.995494
Car-1,2008-09-14 01:31:29,116.08692,39.995621
Car-1,2008-09-14 01:31:31,116.086711,39.995774
Car-1,2008-09-14 01:31:33,116.086486,39.99594
Car-1,2008-09-14 01:31:35,116.086256,39.996106
Car-1,2008-09-14 01:31:37,116.086022,39.996277
Car-1,2008-09-14 01:31:39,116.085762,39.996449
Car-1,2008-09-14 01:31:41,116.08549,39.99663
Car-1,2008-09-14 01:31:43,116.085217,39.99681
Car-1,2008-09-14 01:31:45,116.084963,39.997
Car-1,2008-09-14 01:31:47,116.084725,39.99717
Car-1,2008-09-14 01:31:49,116.084481,39.997337
Car-1,2008-09-14 01:31:51,116.084226,39.997505
Car-1,2008-09-14 01:31:53,116.083979,39.997669
Car-1,2008-09-14 01:31:55,116.083719,39.997844
Car-1,2008-09-14 01:31:57,116.083463,39.998003
Car-1,2008-09-14 01:31:59,116.083209,39.998182
Car-1,2008-09-14 01:32:01,116.082957,39.998369
Car-1,2008-09-14 01:32:03,116.082708,39.998531
Car-1,2008-09-14 01:32:05,116.08247,39.998711
Car-1,2008-09-14 01:32:07,116.082241,39.998847
Car-1,2008-09-14 01:32:09,116.08201,39.998993
Car-1,2008-09-14 01:32:11,116.081782,39.999115
Car-1,2008-09-14 01:32:13,116.081571,39.999252
Car-1,2008-09-14 01:32:15,116.081359,39.999365
Car-1,2008-09-14 01:32:17,116.08115,39.999487
Car-1,2008-09-14 01:32:19,116.080919,39.999613
Car-1,2008-09-14 01:32:21,116.080685,39.999752
Car-1,2008-09-14 01:32:23,116.080443,39.999888
Car-1,2008-09-14 01:32:25,116.080191,40.000055
Car-1,2008-09-14 01:32:27,116.079928,40.00019
Car-1,2008-09-14 01:32:29,116.079661,40.00031
Car-1,2008-09-14 01:32:31,116.079373,40.00041
Car-1,2008-09-14 01:32:33,116.079095,40.000543
Car-1,2008-09-14 01:32:35,116.078837,40.000693
Car-1,2008-09-14 01:32:37,116.078571,40.00084
Car-1,2008-09-14 01:32:39,116.07831,40.000985
Car-1,2008-09-14 01:32:41,116.07805,40.00114
Car-1,2008-09-14 01:32:43,116.077789,40.001301
Car-1,2008-09-14 01:32:45,116.077528,40.001455
Car-1,2008-09-14 01:32:47,116.07727,40.001629
Car-1,2008-09-14 01:32:49,116.077028,40.001832
Car-1,2008-09-14 01:32:51,116.076788,40.00201
Car-1,2008-09-14 01:32:53,116.076549,40.002163
Car-1,2008-09-14 01:32:55,116.076295,40.002296
Car-1,2008-09-14 01:32:57,116.076027,40.0024
Car-1,2008-09-14 01:32:59,116.075747,40.002505
Car-1,2008-09-14 01:33:01,116.075446,40.00261
Car-1,2008-09-14 01:33:03,116.07513,40.002718
Car-1,2008-09-14 01:33:05,116.074813,40.002817
Car-1,2008-09-14 01:33:07,116.074498,40.002907
Car-1,2008-09-14 01:33:09,116.074187,40.00299
Car-1,2008-09-14 01:33:11,116.0738,40.00299
Car-1,2008-09-14 01:33:13,116.073428,40.003003
Car-1,2008-09-14 01:33:15,116.073074,40.003037
Car-1,2008-09-14 01:33:17,116.072714,40.00307
Car-1,2008-09-14 01:33:19,116.072359,40.00311
Car-1,2008-09-14 01:33:21,116.072035,40.00318
Car-1,2008-09-14 01:33:23,116.071725,40.003237
Car-1,2008-09-14 01:33:25,116.071457,40.00327
Car-1,2008-09-14 01:33:27,116.071229,40.003253
Car-1,2008-09-14 01:33:29,116.071034,40.003227
Car-1,2008-09-14 01:33:31,116.070816,40.003184
Car-1,2008-09-14 01:33:33,116.070607,40.003135
Car-1,2008-09-14 01:33:35,116.07042,40.003091
Car-1,2008-09-14 01:33:37,116.070243,40.003036
Car-1,2008-09-14 01:33:39,116.070041,40.002982
Car-1,2008-09-14 01:33:41,116.069821,40.002933
Car-1,2008-09-14 01:33:43,116.069585,40.002902
Car-1,2008-09-14 01:33:45,116.069309,40.002875
Car-1,2008-09-14 01:33:47,116.069009,40.002832
Car-1,2008-09-14 01:33:49,116.068715,40.002774
Car-1,2008-09-14 01:33:51,116.068413,40.002712
Car-1,2008-09-14 01:33:53,116.068112,40.002658
Car-1,2008-09-14 01:33:55,116.067803,40.002578
Car-1,2008-09-14 01:33:57,116.067489,40.002472
Car-1,2008-09-14 01:33:59,116.067191,40.002347
Car-1,2008-09-14 01:34:01,116.066884,40.002194
Car-1,2008-09-14 01:34:03,116.066554,40.002024
Car-1,2008-09-14 01:34:05,116.066242,40.001828
Car-1,2008-09-14 01:34:07,116.065942,40.00162
Car-1,2008-09-14 01:34:09,116.065643,40.001418
Car-1,2008-09-14 01:34:11,116.065358,40.001205
Car-1,2008-09-14 01:34:13,116.065088,40.001012
Car-1,2008-09-14 01:34:15,116.064868,40.000821
Car-1,2008-09-14 01:34:17,116.064709,40.000629
Car-1,2008-09-14 01:34:19,116.064623,40.000444
Car-1,2008-09-14 01:34:21,116.064569,40.00026
Car-1,2008-09-14 01:34:23,116.064472,40.00007
Car-1,2008-09-14 01:34:25,116.064336,39.999897
Car-1,2008-09-14 01:34:27,116.064165,39.999708
Car-1,2008-09-14 01:34:29,116.06399,39.999524
Car-1,2008-09-14 01:34:31,116.063818,39.999353
Car-1,2008-09-14 01:34:33,116.063664,39.999168
Car-1,2008-09-14 01:34:35,116.063532,39.998964
Car-1,2008-09-14 01:34:37,116.063404,39.99876
Car-1,2008-09-14 01:34:39,116.063287,39.99853
Car-1,2008-09-14 01:34:41,116.063175,39.998291
Car-1,2008-09-14 01:34:43,116.063058,39.998037
Car-1,2008-09-14 01:34:45,116.062947,39.997779
Car-1,2008-09-14 01:34:47,116.062855,39.997498
Car-1,2008-09-14 01:34:49,116.062827,39.997241
Car-1,2008-09-14 01:34:51,116.062844,39.997017
Car-1,2008-09-14 01:34:53,116.062881,39.996779
Car-1,2008-09-14 01:34:55,116.06293,39.99656
Car-1,2008-09-14 01:34:57,116.063034,39.99632
Car-1,2008-09-14 01:34:59,116.063069,39.996087
Car-1,2008-09-14 01:35:01,116.063075,39.995875
Car-1,2008-09-14 01:35:03,116.063071,39.995649
Car-1,2008-09-14 01:35:05,116.063031,39.99541
Car-1,2008-09-14 01:35:07,116.063004,39.995188
Car-1,2008-09-14 01:35:09,116.06297,39.994966
Car-1,2008-09-14 01:35:11,116.062956,39.99475
Car-1,2008-09-14 01:35:13,116.062942,39.994531
Car-1,2008-09-14 01:35:15,116.062918,39.994303
Car-1,2008-09-14 01:35:17,116.062908,39.994098
Car-1,2008-09-14 01:35:19,116.062883,39.993906
Car-1,2008-09-14 01:35:21,116.062885,39.993688
Car-1,2008-09-14 01:35:23,116.062886,39.993453
Car-1,2008-09-14 01:35:25,116.062888,39.99321
Car-1,2008-09-14 01:35:27,116.062894,39.992958
Car-1,2008-09-14 01:35:29,116.062896,39.992728
Car-1,2008-09-14 01:35:31,116.062929,39.992478
Car-1,2008-09-14 01:35:33,116.062973,39.992248
Car-1,2008-09-14 01:35:35,116.063081,39.991998
Car-1,2008-09-14 01:35:37,116.063189,39.991746
Car-1,2008-09-14 01:35:39,116.06334,39.991502
Car-1,2008-09-14 01:35:41,116.063488,39.991252
Car-1,2008-09-14 01:35:43,116.063621,39.991017
Car-1,2008-09-14 01:35:45,116.063721,39.990774
Car-1,2008-09-14 01:35:47,116.063752,39.99055
Car-1,2008-09-14 01:35:49,116.063705,39.990357
Car-1,2008-09-14 01:35:51,116.063585,39.990187
Car-1,2008-09-14 01:35:53,116.063421,39.990034
Car-1,2008-09-14 01:35:55,116.063228,39.989878
Car-1,2008-09-14 01:35:57,116.062978,39.989736
Car-1,2008-09-14 01:35:59,116.062733,39.989585
Car-1,2008-09-14 01:36:01,116.06249,39.989458
Car-1,2008-09-14 01:36:03,116.062255,39.989339
Car-1,2008-09-14 01:36:05,116.062087,39.989196
Car-1,2008-09-14 01:36:07,116.061996,39.98903
Car-1,2008-09-14 01:36:09,116.061917,39.988849
Car-1,2008-09-14 01:36:11,116.061797,39.98872
Car-1,2008-09-14 01:36:13,116.061629,39.988637
Car-1,2008-09-14 01:36:15,116.061436,39.988622
Car-1,2008-09-14 01:36:17,116.061256,39.98867
Car-1,2008-09-14 01:36:19,116.061067,39.988702
Car-1,2008-09-14 01:36:21,116.060881,39.988673
Car-1,2008-09-14 01:36:23,116.06075,39.988633
Car-1,2008-09-14 01:36:25,116.060572,39.988533
Car-1,2008-09-14 01:36:27,116.060398,39.988447
Car-1,2008-09-14 01:36:29,116.060198,39.988402
Car-1,2008-09-14 01:36:31,116.059984,39.988391
Car-1,2008-09-14 01:36:33,116.059756,39.988378
Car-1,2008-09-14 01:36:35,116.059523,39.988322
Car-1,2008-09-14 01:36:37,116.059321,39.98824
Car-1,2008-09-14 01:36:39,116.059131,39.98818
Car-1,2008-09-14 01:36:41,116.058944,39.988236
Car-1,2008-09-14 01:36:43,116.058744,39.988313
Car-1,2008-09-14 01:36:45,116.058578,39.988435
Car-1,2008-09-14 01:36:47,116.05846,39.988645
Car-1,2008-09-14 01:36:49,116.058359,39.988855
Car-1,2008-09-14 01:36:51,116.058253,39.989064
Car-1,2008-09-14 01:36:53,116.058124,39.989262
Car-1,2008-09-14 01:36:55,116.057909,39.989446
Car-1,2008-09-14 01:36:57,116.05764,39.98962
Car-1,2008-09-14 01:36:59,116.057357,39.989799
Car-1,2008-09-14 01:37:01,116.05707,39.989968
Car-1,2008-09-14 01:37:03,116.056751,39.990107
Car-1,2008-09-14 01:37:05,116.056434,39.990235
Car-1,2008-09-14 01:37:07,116.05609,39.990352
Car-1,2008-09-14 01:37:09,116.055759,39.990448
Car-1,2008-09-14 01:37:11,116.055441,39.990531
Car-1,2008-09-14 01:37:13,116.055125,39.990519
Car-1,2008-09-14 01:37:15,116.054841,39.99048
Car-1,2008-09-14 01:37:17,116.054592,39.990416
Car-1,2008-09-14 01:37:19,116.054372,39.990346
Car-1,2008-09-14 01:37:21,116.05418,39.990259
Car-1,2008-09-14 01:37:23,116.053993,39.990154
Car-1,2008-09-14 01:37:25,116.053857,39.990041
Car-1,2008-09-14 01:37:27,116.053735,39.989953
Car-1,2008-09-14 01:37:29,116.053643,39.989883
Car-1,2008-09-14 01:37:31,116.053554,39.989817
Car-1,2008-09-14 01:37:33,116.053451,39.989749
Car-1,2008-09-14 01:37:35,116.053338,39.989681
Car-1,2008-09-14 01:37:37,116.053227,39.989619
Car-1,2008-09-14 01:37:39,116.053097,39.989571
Car-1,2008-09-14 01:37:41,116.052922,39.989539
Car-1,2008-09-14 01:37:43,116.052703,39.989512
Car-1,2008-09-14 01:37:45,116.052465,39.989503
Car-1,2008-09-14 01:37:47,116.052201,39.989479
Car-1,2008-09-14 01:37:49,116.051914,39.989442
Car-1,2008-09-14 01:37:51,116.051605,39.989387
Car-1,2008-09-14 01:37:53,116.051269,39.989334
Car-1,2008-09-14 01:37:55,116.050925,39.989271
Car-1,2008-09-14 01:37:57,116.050561,39.989213
Car-1,2008-09-14 01:37:59,116.050208,39.989106
Car-1,2008-09-14 01:38:01,116.049883,39.988974
Car-1,2008-09-14 01:38:03,116.049538,39.98881
Car-1,2008-09-14 01:38:05,116.049182,39.98865
Car-1,2008-09-14 01:38:07,116.048817,39.988485
Car-1,2008-09-14 01:38:09,116.048462,39.988309
Car-1,2008-09-14 01:38:11,116.04812,39.988164
Car-1,2008-09-14 01:38:13,116.047782,39.988084
Car-1,2008-09-14 01:38:15,116.047469,39.98802
Car-1,2008-09-14 01:38:17,116.047201,39.987933
Car-1,2008-09-14 01:38:19,116.046959,39.987818
Car-1,2008-09-14 01:38:21,116.046731,39.987693
Car-1,2008-09-14 01:38:23,116.046484,39.98755
Car-1,2008-09-14 01:38:25,116.046215,39.9874
Car-1,2008-09-14 01:38:27,116.045934,39.987219
Car-1,2008-09-14 01:38:29,116.045638,39.987053
Car-1,2008-09-14 01:38:31,116.045325,39.986895
Car-1,2008-09-14 01:38:33,116.045,39.986788
Car-1,2008-09-14 01:38:35,116.044666,39.986709
Car-1,2008-09-14 01:38:37,116.044351,39.986679
Car-1,2008-09-14 01:38:39,116.044015,39.986667
Car-1,2008-09-14 01:38:41,116.043667,39.986672
Car-1,2008-09-14 01:38:43,116.043295,39.986655
Car-1,2008-09-14 01:38:45,116.042916,39.986651
Car-1,2008-09-14 01:38:47,116.042541,39.986653
Car-1,2008-09-14 01:38:49,116.042162,39.986644
Car-1,2008-09-14 01:38:51,116.041784,39.986648
Car-1,2008-09-14 01:38:53,116.041423,39.986653
Car-1,2008-09-14 01:38:55,116.041075,39.986615
Car-1,2008-09-14 01:38:57,116.040731,39.986519
Car-1,2008-09-14 01:38:59,116.040397,39.986391
Car-1,2008-09-14 01:39:01,116.04006,39.986266
Car-1,2008-09-14 01:39:03,116.039711,39.986129
Car-1,2008-09-14 01:39:05,116.039352,39.986004
Car-1,2008-09-14 01:39:07,116.038995,39.985859
Car-1,2008-09-14 01:39:09,116.038647,39.985743
Car-1,2008-09-14 01:39:11,116.038281,39.985644
Car-1,2008-09-14 01:39:13,116.037933,39.985554
Car-1,2008-09-14 01:39:15,116.037588,39.985469
Car-1,2008-09-14 01:39:17,116.037238,39.985391
Car-1,2008-09-14 01:39:19,116.036898,39.985312
Car-1,2008-09-14 01:39:21,116.03655,39.985233
Car-1,2008-09-14 01:39:23,116.036213,39.985149
Car-1,2008-09-14 01:39:25,116.035894,39.985083
Car-1,2008-09-14 01:39:27,116.035583,39.985049
Car-1,2008-09-14 01:39:29,116.035302,39.985092
Car-1,2008-09-14 01:39:31,116.035053,39.985159
Car-1,2008-09-14 01:39:33,116.034793,39.985226
Car-1,2008-09-14 01:39:35,116.034553,39.985294
Car-1,2008-09-14 01:39:37,116.034405,39.985458
Car-1,2008-09-14 01:39:39,116.034351,39.985606
Car-1,2008-09-14 01:39:41,116.034355,39.985761
Car-1,2008-09-14 01:39:43,116.034418,39.985945
Car-1,2008-09-14 01:39:45,116.034481,39.986107
Car-1,2008-09-14 01:39:47,116.034557,39.986269
Car-1,2008-09-14 01:39:49,116.034628,39.986439
Car-1,2008-09-14 01:39:51,116.034685,39.986597
Car-1,2008-09-14 01:39:53,116.034749,39.986743
Car-1,2008-09-14 01:39:55,116.034826,39.986876
Car-1,2008-09-14 01:39:57,116.0349,39.987003
Car-1,2008-09-14 01:39:59,116.03497,39.987114
Car-1,2008-09-14 01:40:01,116.035023,39.987184
Car-1,2008-09-14 01:40:03,116.03508,39.987278
Car-1,2008-09-14 01:40:05,116.035151,39.987391
Car-1,2008-09-14 01:40:07,116.035216,39.987547
Car-1,2008-09-14 01:40:09,116.03524,39.987715
Car-1,2008-09-14 01:40:11,116.035272,39.9879
Car-1,2008-09-14 01:40:23,116.02475,40.011891
Car-1,2008-09-14 01:40:25,116.024661,40.012134
Car-1,2008-09-14 01:40:27,116.02453,40.012412
Car-1,2008-09-14 01:40:29,116.024463,40.01267
Car-1,2008-09-14 01:40:31,116.024388,40.012936
Car-1,2008-09-14 01:40:33,116.024322,40.013177
Car-1,2008-09-14 01:40:35,116.024151,40.013407
Car-1,2008-09-14 01:40:37,116.023982,40.013686
Car-1,2008-09-14 01:40:39,116.02384,40.013974
Car-1,2008-09-14 01:40:41,116.023788,40.014258
Car-1,2008-09-14 01:40:43,116.023776,40.014522
Car-1,2008-09-14 01:40:45,116.023796,40.014783
Car-1,2008-09-14 01:40:49,116.023826,40.015312
Car-1,2008-09-14 01:42:25,116.005003,40.023535
Car-1,2008-09-14 01:42:27,116.004264,40.023647
Car-1,2008-09-14 01:42:29,116.003816,40.023761
Car-1,2008-09-14 01:42:31,116.003402,40.023847
Car-1,2008-09-14 01:42:33,116.003176,40.02394
Car-1,2008-09-14 01:42:35,116.00285,40.024025
Car-1,2008-09-14 01:42:37,116.002555,40.024116
Car-1,2008-09-14 01:42:39,116.002244,40.024192
Car-1,2008-09-14 01:42:41,116.001928,40.024211
Car-1,2008-09-14 01:42:43,116.00158,40.024216
Car-1,2008-09-14 01:42:45,116.001223,40.02422
Car-1,2008-09-14 01:42:47,116.000903,40.024256
Car-1,2008-09-14 01:42:49,116.00051,40.02431
Car-1,2008-09-14 01:42:51,116.000092,40.024362
Car-1,2008-09-14 01:42:53,115.999671,40.02441
Car-1,2008-09-14 01:42:55,115.999241,40.024434
Car-1,2008-09-14 01:42:57,115.998834,40.024423
Car-1,2008-09-14 01:42:59,115.998382,40.024446
Car-1,2008-09-14 01:43:01,115.997965,40.024442
Car-1,2008-09-14 01:43:03,115.997542,40.024436
Car-1,2008-09-14 01:43:05,115.997141,40.024402
Car-1,2008-09-14 01:43:07,115.996768,40.024325
Car-1,2008-09-14 01:43:09,115.996432,40.024214
Car-1,2008-09-14 01:43:11,115.996128,40.024111
Car-1,2008-09-14 01:43:13,115.99584,40.024027
Car-1,2008-09-14 01:43:17,115.995257,40.023783
Car-1,2008-09-14 01:43:19,115.994978,40.023659
Car-1,2008-09-14 01:43:21,115.994728,40.02354
Car-1,2008-09-14 01:43:23,115.994502,40.023395
Car-1,2008-09-14 01:43:25,115.994275,40.023225
Car-1,2008-09-14 01:43:27,115.994112,40.023016
Car-1,2008-09-14 01:44:03,116.044397,40.01148
Car-1,2008-09-14 01:44:07,116.044431,40.011725
Car-1,2008-09-14 01:44:09,116.044449,40.011913
Car-1,2008-09-14 01:44:11,116.044456,40.011917
Car-1,2008-09-14 01:44:13,116.044461,40.011916
Car-1,2008-09-14 01:44:15,116.044463,40.011919
Car-1,2008-09-14 01:44:17,116.044463,40.01193
Car-1,2008-09-14 01:44:19,116.044464,40.011941
Car-1,2008-09-14 01:44:21,116.044476,40.011945
Car-1,2008-09-14 01:44:23,116.044479,40.011955
Car-1,2008-09-14 01:44:25,116.044491,40.011964
Car-1,2008-09-14 01:44:27,116.044496,40.011974
Car-1,2008-09-14 01:44:29,116.044501,40.011986
Car-1,2008-09-14 01:44:31,116.044505,40.011997
Car-1,2008-09-14 01:44:33,116.044509,40.012004
Car-1,2008-09-14 01:44:35,116.04451,40.01199
Car-1,2008-09-14 01:44:37,116.044515,40.012001
Car-1,2008-09-14 01:44:39,116.044516,40.012012
Car-1,2008-09-14 01:44:41,116.044519,40.012023
Car-1,2008-09-14 01:44:43,116.044539,40.012024
Car-1,2008-09-14 01:44:45,116.044544,40.012035
Car-1,2008-09-14 01:44:47,116.044499,40.01206
Car-1,2008-09-14 01:44:51,116.043575,40.011511
Car-1,2008-09-14 01:44:55,116.043134,40.011407
Car-1,2008-09-14 01:45:17,116.022451,40.004834
Car-1,2008-09-14 01:45:19,116.022451,40.004835
Car-1,2008-09-14 01:45:21,116.022452,40.004837
Car-1,2008-09-14 01:45:23,116.022452,40.004839
Car-1,2008-09-14 01:45:25,116.022452,40.00484
Car-1,2008-09-14 01:45:27,116.022453,40.004843
Car-1,2008-09-14 01:45:29,116.022453,40.004844
Car-1,2008-09-14 01:45:35,116.022609,40.004227
Car-1,2008-09-14 01:45:37,116.022577,40.004205
Car-1,2008-09-14 01:45:39,116.022536,40.004174
Car-1,2008-09-14 01:45:41,116.022501,40.004124
Car-1,2008-09-14 01:45:43,116.022496,40.004076
Car-1,2008-09-14 01:51:27,116.022223,40.00392
Car-1,2008-09-14 01:51:29,116.022175,40.003892
Car-1,2008-09-14 01:51:31,116.022132,40.003879
Car-1,2008-09-14 01:51:33,116.022086,40.00387
Car-1,2008-09-14 01:51:35,116.022035,40.003863
Car-1,2008-09-14 01:51:37,116.02198,40.00385
Car-1,2008-09-14 01:51:39,116.021942,40.003831
Car-1,2008-09-14 01:51:41,116.021955,40.003824
Car-1,2008-09-14 01:51:43,116.021964,40.003811
Car-1,2008-09-14 01:51:45,116.021964,40.00381
Car-1,2008-09-14 01:51:47,116.021973,40.003808
Car-1,2008-09-14 01:51:49,116.021973,40.003808
Car-1,2008-09-14 01:51:51,116.021973,40.003809
Car-1,2008-09-14 01:51:53,116.021973,40.003809
Car-1,2008-09-14 01:51:55,116.021953,40.0038
Car-1,2008-09-14 01:51:57,116.021909,40.003781
Car-1,2008-09-14 01:51:59,116.021829,40.003725
Car-1,2008-09-14 01:52:01,116.021717,40.003628
Car-1,2008-09-14 01:52:03,116.021608,40.003491
Car-1,2008-09-14 01:52:05,116.021506,40.003354
Car-1,2008-09-14 01:52:07,116.021388,40.003211
Car-1,2008-09-14 01:52:09,116.021256,40.003054
Car-1,2008-09-14 01:52:11,116.02113,40.002876
Car-1,2008-09-14 01:52:13,116.020986,40.002684
Car-1,2008-09-14 01:52:15,116.020817,40.002486
Car-1,2008-09-14 01:52:17,116.020652,40.002274
Car-1,2008-09-14 01:52:19,116.020479,40.002059
Car-1,2008-09-14 01:52:21,116.020314,40.001833
Car-1,2008-09-14 01:52:23,116.020134,40.001618
Car-1,2008-09-14 01:52:25,116.019962,40.001408
Car-1,2008-09-14 01:52:27,116.01981,40.001235
Car-1,2008-09-14 01:52:29,116.01977,40.001032
Car-1,2008-09-14 01:52:31,116.019683,40.000926
Car-1,2008-09-14 01:52:33,116.019622,40.000864
Car-1,2008-09-14 01:52:35,116.019565,40.000825
Car-1,2008-09-14 01:52:37,116.019504,40.000788
Car-1,2008-09-14 01:52:39,116.019418,40.000757
Car-1,2008-09-14 01:52:41,116.019361,40.000709
Car-1,2008-09-14 01:52:43,116.019287,40.000665
Car-1,2008-09-14 01:52:45,116.019221,40.000607
Car-1,2008-09-14 01:52:47,116.019158,40.000547
Car-1,2008-09-14 01:52:49,116.019081,40.000483
Car-1,2008-09-14 01:52:51,116.01899,40.000409
Car-1,2008-09-14 01:52:53,116.018899,40.000343
Car-1,2008-09-14 01:52:55,116.018846,40.000257
Car-1,2008-09-14 01:52:57,116.01879,40.000165
Car-1,2008-09-14 01:52:59,116.018733,40.000075
Car-1,2008-09-14 01:53:01,116.018681,39.999971
Car-1,2008-09-14 01:53:03,116.018646,39.999843
Car-1,2008-09-14 01:53:05,116.018643,39.999695
Car-1,2008-09-14 01:53:07,116.018655,39.999519
Car-1,2008-09-14 01:53:09,116.018658,39.999327
Car-1,2008-09-14 01:53:11,116.018672,39.999124
Car-1,2008-09-14 01:53:13,116.018684,39.998896
Car-1,2008-09-14 01:53:15,116.018697,39.998651
Car-1,2008-09-14 01:53:17,116.018701,39.998392
Car-1,2008-09-14 01:53:19,116.018709,39.998126
Car-1,2008-09-14 01:53:21,116.01871,39.997849
Car-1,2008-09-14 01:53:23,116.018718,39.997576
Car-1,2008-09-14 01:53:25,116.018758,39.997297
Car-1,2008-09-14 01:53:27,116.018856,39.997038
Car-1,2008-09-14 01:53:29,116.018937,39.996783
Car-1,2008-09-14 01:53:31,116.01893,39.996545
Car-1,2008-09-14 01:53:33,116.018893,39.996294
Car-1,2008-09-14 01:53:35,116.01887,39.996043
Car-1,2008-09-14 01:53:37,116.0189,39.995794
Car-1,2008-09-14 01:53:39,116.01899,39.99555
Car-1,2008-09-14 01:53:41,116.019118,39.995295
Car-1,2008-09-14 01:53:43,116.019301,39.995048
Car-1,2008-09-14 01:53:45,116.019495,39.994787
Car-1,2008-09-14 01:53:47,116.019698,39.994524
Car-1,2008-09-14 01:53:49,116.019899,39.994273
Car-1,2008-09-14 01:53:51,116.020085,39.994023
Car-1,2008-09-14 01:53:53,116.020266,39.993767
Car-1,2008-09-14 01:53:55,116.020394,39.993514
Car-1,2008-09-14 01:53:57,116.020427,39.993265
Car-1,2008-09-14 01:53:59,116.020376,39.99302
Car-1,2008-09-14 01:54:01,116.020274,39.99278
Car-1,2008-09-14 01:54:03,116.020162,39.992544
Car-1,2008-09-14 01:54:05,116.020033,39.992298
Car-1,2008-09-14 01:54:07,116.019872,39.992045
Car-1,2008-09-14 01:54:09,116.019668,39.99181
Car-1,2008-09-14 01:54:11,116.019445,39.991595
Car-1,2008-09-14 01:54:13,116.019215,39.991386
Car-1,2008-09-14 01:54:15,116.018964,39.991207
Car-1,2008-09-14 01:54:17,116.018687,39.991075
Car-1,2008-09-14 01:54:19,116.018389,39.990974
Car-1,2008-09-14 01:54:21,116.018086,39.990887
Car-1,2008-09-14 01:54:23,116.017773,39.990831
Car-1,2008-09-14 01:54:25,116.017465,39.990794
Car-1,2008-09-14 01:54:27,116.017185,39.990733
Car-1,2008-09-14 01:54:29,116.016912,39.99065
Car-1,2008-09-14 01:54:31,116.016647,39.990566
Car-1,2008-09-14 01:54:33,116.016375,39.990487
Car-1,2008-09-14 01:54:35,116.016102,39.990404
Car-1,2008-09-14 01:54:37,116.015831,39.990299
Car-1,2008-09-14 01:54:39,116.015548,39.990194
Car-1,2008-09-14 01:54:41,116.01526,39.990076
Car-1,2008-09-14 01:54:43,116.014986,39.989937
Car-1,2008-09-14 01:54:45,116.01472,39.989771
Car-1,2008-09-14 01:54:47,116.014455,39.989594
Car-1,2008-09-14 01:54:49,116.014189,39.98941
Car-1,2008-09-14 01:54:51,116.013932,39.989216
Car-1,2008-09-14 01:54:53,116.013714,39.989003
Car-1,2008-09-14 01:54:55,116.013543,39.988763
Car-1,2008-09-14 01:54:57,116.013405,39.988497
Car-1,2008-09-14 01:54:59,116.013276,39.988212
Car-1,2008-09-14 01:55:01,116.013142,39.987926
Car-1,2008-09-14 01:55:03,116.012996,39.987642
Car-1,2008-09-14 01:55:05,116.012815,39.987367
Car-1,2008-09-14 01:55:07,116.012619,39.987101
Car-1,2008-09-14 01:55:09,116.012425,39.986829
Car-1,2008-09-14 01:55:11,116.012224,39.986555
Car-1,2008-09-14 01:55:13,116.012039,39.98628
Car-1,2008-09-14 01:55:15,116.011877,39.986006
Car-1,2008-09-14 01:55:17,116.011764,39.985721
Car-1,2008-09-14 01:55:19,116.011661,39.98542
Car-1,2008-09-14 01:55:21,116.011575,39.985113
Car-1,2008-09-14 01:55:23,116.011497,39.984806
Car-1,2008-09-14 01:55:25,116.011421,39.984509
Car-1,2008-09-14 01:55:27,116.01137,39.984211
Car-1,2008-09-14 01:55:29,116.011331,39.983923
Car-1,2008-09-14 01:55:31,116.011302,39.983639
Car-1,2008-09-14 01:55:33,116.011252,39.983382
Car-1,2008-09-14 01:55:35,116.011157,39.983133
Car-1,2008-09-14 01:55:37,116.011101,39.982882
Car-1,2008-09-14 01:55:39,116.011068,39.982622
Car-1,2008-09-14 01:55:41,116.011016,39.982348
Car-1,2008-09-14 01:55:43,116.010982,39.98208
Car-1,2008-09-14 01:55:45,116.010938,39.981814
Car-1,2008-09-14 01:55:47,116.010915,39.98156
Car-1,2008-09-14 01:55:49,116.010952,39.981297
Car-1,2008-09-14 01:55:51,116.011067,39.981018
Car-1,2008-09-14 01:55:53,116.011202,39.980778
Car-1,2008-09-14 01:55:55,116.011367,39.980548
Car-1,2008-09-14 01:55:57,116.011554,39.980306
Car-1,2008-09-14 01:55:59,116.011742,39.98006
Car-1,2008-09-14 01:56:01,116.011947,39.979818
Car-1,2008-09-14 01:56:03,116.012208,39.97961
Car-1,2008-09-14 01:56:05,116.012494,39.979426
Car-1,2008-09-14 01:56:07,116.012803,39.979277
Car-1,2008-09-14 01:56:09,116.013134,39.979158
Car-1,2008-09-14 01:56:11,116.013482,39.979042
Car-1,2008-09-14 01:56:13,116.013805,39.978913
Car-1,2008-09-14 01:56:15,116.014145,39.97879
Car-1,2008-09-14 01:56:17,116.014507,39.978666
Car-1,2008-09-14 01:56:19,116.014857,39.978534
Car-1,2008-09-14 01:56:21,116.015198,39.978406
Car-1,2008-09-14 01:56:23,116.015545,39.97829
Car-1,2008-09-14 01:56:25,116.015867,39.978151
Car-1,2008-09-14 01:56:27,116.016148,39.977974
Car-1,2008-09-14 01:56:29,116.016411,39.977801
Car-1,2008-09-14 01:56:31,116.016662,39.977605
Car-1,2008-09-14 01:56:33,116.016876,39.977388
Car-1,2008-09-14 01:56:35,116.017097,39.97715
Car-1,2008-09-14 01:56:37,116.017316,39.9769
Car-1,2008-09-14 01:56:39,116.017531,39.976658
Car-1,2008-09-14 01:56:41,116.017749,39.97641
Car-1,2008-09-14 01:56:43,116.017956,39.976159
Car-1,2008-09-14 01:56:45,116.018166,39.975916
Car-1,2008-09-14 01:56:47,116.018377,39.975667
Car-1,2008-09-14 01:56:49,116.0186,39.975415
Car-1,2008-09-14 01:56:51,116.018819,39.975154
Car-1,2008-09-14 01:56:53,116.019036,39.974889
Car-1,2008-09-14 01:56:55,116.01924,39.974644
Car-1,2008-09-14 01:56:57,116.019409,39.974439
Car-1,2008-09-14 01:56:59,116.019534,39.974228
Car-1,2008-09-14 01:57:01,116.01961,39.974017
Car-1,2008-09-14 01:57:03,116.019604,39.973809
Car-1,2008-09-14 01:57:05,116.019534,39.973587
Car-1,2008-09-14 01:57:07,116.019407,39.973373
Car-1,2008-09-14 01:57:09,116.019244,39.973172
Car-1,2008-09-14 01:57:11,116.019024,39.973007
Car-1,2008-09-14 01:57:13,116.018774,39.972896
Car-1,2008-09-14 01:57:15,116.01852,39.972776
Car-1,2008-09-14 01:57:17,116.018269,39.972796
Car-1,2008-09-14 01:57:19,116.018042,39.972863
Car-1,2008-09-14 01:57:21,116.017809,39.972933
Car-1,2008-09-14 01:57:23,116.01755,39.973025
Car-1,2008-09-14 01:57:25,116.017286,39.973122
Car-1,2008-09-14 01:57:27,116.017007,39.973203
Car-1,2008-09-14 01:57:29,116.01673,39.97323
Car-1,2008-09-14 01:57:31,116.016457,39.973217
Car-1,2008-09-14 01:57:33,116.016207,39.973194
Car-1,2008-09-14 01:57:35,116.015955,39.973172
Car-1,2008-09-14 01:57:37,116.015727,39.973183
Car-1,2008-09-14 01:57:39,116.015534,39.973254
Car-1,2008-09-14 01:57:41,116.0154,39.97337
Car-1,2008-09-14 01:57:43,116.015278,39.973497
Car-1,2008-09-14 01:57:45,116.01515,39.973619
Car-1,2008-09-14 01:57:47,116.015013,39.973742
Car-1,2008-09-14 01:57:49,116.01487,39.973868
Car-1,2008-09-14 01:57:51,116.01471,39.974004
Car-1,2008-09-14 01:57:53,116.014541,39.974166
Car-1,2008-09-14 01:57:55,116.014371,39.974336
Car-1,2008-09-14 01:57:57,116.014193,39.974513
Car-1,2008-09-14 01:57:59,116.014023,39.974724
Car-1,2008-09-14 01:58:01,116.013839,39.974903
Car-1,2008-09-14 01:58:03,116.013623,39.975089
Car-1,2008-09-14 01:58:05,116.013377,39.975285
Car-1,2008-09-14 01:58:07,116.013105,39.975456
Car-1,2008-09-14 01:58:09,116.012836,39.975601
Car-1,2008-09-14 01:58:11,116.012523,39.97572
Car-1,2008-09-14 01:58:13,116.012194,39.975817
Car-1,2008-09-14 01:58:15,116.011845,39.975882
Car-1,2008-09-14 01:58:17,116.011485,39.975943
Car-1,2008-09-14 01:58:19,116.011126,39.976003
Car-1,2008-09-14 01:58:21,116.010788,39.976066
Car-1,2008-09-14 01:58:23,116.01047,39.976095
Car-1,2008-09-14 01:58:25,116.010175,39.976088
Car-1,2008-09-14 01:58:27,116.009894,39.976036
Car-1,2008-09-14 01:58:29,116.009631,39.975938
Car-1,2008-09-14 01:58:31,116.009398,39.97581
Car-1,2008-09-14 01:58:33,116.009178,39.97568
Car-1,2008-09-14 01:58:35,116.008943,39.97556
Car-1,2008-09-14 01:58:37,116.008674,39.975485
Car-1,2008-09-14 01:58:39,116.008388,39.975451
Car-1,2008-09-14 01:58:41,116.008082,39.975431
Car-1,2008-09-14 01:58:43,116.007778,39.975404
Car-1,2008-09-14 01:58:45,116.007487,39.975375
Car-1,2008-09-14 01:58:47,116.007205,39.975352
Car-1,2008-09-14 01:58:49,116.006955,39.97527
Car-1,2008-09-14 01:58:51,116.006743,39.975164
Car-1,2008-09-14 01:58:53,116.006514,39.975059
Car-1,2008-09-14 01:58:55,116.006264,39.974948
Car-1,2008-09-14 01:58:57,116.005992,39.974834
Car-1,2008-09-14 01:58:59,116.00571,39.974726
Car-1,2008-09-14 01:59:01,116.005427,39.974592
Car-1,2008-09-14 01:59:03,116.005141,39.97446
Car-1,2008-09-14 01:59:05,116.004862,39.97433
Car-1,2008-09-14 01:59:07,116.004583,39.974228
Car-1,2008-09-14 01:59:09,116.004297,39.974194
Car-1,2008-09-14 01:59:11,116.004019,39.97422
Car-1,2008-09-14 01:59:13,116.003757,39.974304
Car-1,2008-09-14 01:59:15,116.003512,39.974412
Car-1,2008-09-14 01:59:17,116.003262,39.974502
Car-1,2008-09-14 01:59:19,116.003002,39.974562
Car-1,2008-09-14 01:59:21,116.002709,39.974601
Car-1,2008-09-14 01:59:23,116.002375,39.974633
Car-1,2008-09-14 01:59:25,116.002046,39.974671
Car-1,2008-09-14 01:59:27,116.00172,39.974711
Car-1,2008-09-14 01:59:29,116.001398,39.974714
Car-1,2008-09-14 01:59:31,116.001085,39.974664
Car-1,2008-09-14 01:59:33,116.000765,39.974591
Car-1,2008-09-14 01:59:35,116.000426,39.974504
Car-1,2008-09-14 01:59:37,116.000073,39.974391
Car-1,2008-09-14 01:59:39,115.999715,39.974258
Car-1,2008-09-14 01:59:41,115.999356,39.974094
Car-1,2008-09-14 01:59:43,115.999014,39.973907
Car-1,2008-09-14 01:59:45,115.998708,39.973701
Car-1,2008-09-14 01:59:47,115.998412,39.973503
Car-1,2008-09-14 01:59:49,115.998137,39.973306
Car-1,2008-09-14 01:59:51,115.997883,39.973099
Car-1,2008-09-14 01:59:53,115.997665,39.972892
Car-1,2008-09-14 01:59:55,115.997432,39.972722
Car-1,2008-09-14 01:59:57,115.997209,39.972548
Car-1,2008-09-14 01:59:59,115.996988,39.972373
Car-1,2008-09-14 02:00:01,115.996764,39.97219
Car-1,2008-09-14 02:00:03,115.996518,39.972002
Car-1,2008-09-14 02:00:05,115.996245,39.971817
Car-1,2008-09-14 02:00:07,115.995954,39.971633
Car-1,2008-09-14 02:00:09,115.995643,39.971444
Car-1,2008-09-14 02:00:11,115.995318,39.971259
Car-1,2008-09-14 02:00:13,115.994975,39.971077
Car-1,2008-09-14 02:00:15,115.994654,39.970911
Car-1,2008-09-14 02:00:17,115.994364,39.970755
Car-1,2008-09-14 02:00:19,115.994118,39.970564
Car-1,2008-09-14 02:00:21,115.99392,39.970363
Car-1,2008-09-14 02:00:23,115.993729,39.970165
Car-1,2008-09-14 02:00:25,115.993598,39.969964
Car-1,2008-09-14 02:00:27,115.993456,39.969782
Car-1,2008-09-14 02:00:29,115.993287,39.969599
Car-1,2008-09-14 02:00:31,115.993108,39.969412
Car-1,2008-09-14 02:00:33,115.992909,39.969224
Car-1,2008-09-14 02:00:35,115.992693,39.969052
Car-1,2008-09-14 02:00:37,115.992437,39.968902
Car-1,2008-09-14 02:00:39,115.992164,39.968756
Car-1,2008-09-14 02:00:41,115.9919,39.968605
Car-1,2008-09-14 02:00:43,115.991657,39.968465
Car-1,2008-09-14 02:00:45,115.991454,39.968335
Car-1,2008-09-14 02:00:47,115.991282,39.968186
Car-1,2008-09-14 02:00:49,115.991165,39.967999
Car-1,2008-09-14 02:00:51,115.99104,39.967791
Car-1,2008-09-14 02:00:53,115.990871,39.967574
Car-1,2008-09-14 02:00:55,115.990679,39.967359
Car-1,2008-09-14 02:00:57,115.990462,39.967155
Car-1,2008-09-14 02:00:59,115.990242,39.966953
Car-1,2008-09-14 02:01:01,115.989973,39.966787
Car-1,2008-09-14 02:01:03,115.989683,39.966637
Car-1,2008-09-14 02:01:05,115.989382,39.966495
Car-1,2008-09-14 02:01:07,115.989075,39.96639
Car-1,2008-09-14 02:01:09,115.988756,39.966348
Car-1,2008-09-14 02:01:11,115.98838,39.966353
Car-1,2008-09-14 02:01:13,115.988008,39.966395
Car-1,2008-09-14 02:01:15,115.987639,39.966449
Car-1,2008-09-14 02:01:17,115.987281,39.966522
Car-1,2008-09-14 02:01:19,115.986948,39.966616
Car-1,2008-09-14 02:01:21,115.986642,39.966724
Car-1,2008-09-14 02:01:23,115.986373,39.966822
Car-1,2008-09-14 02:01:25,115.986142,39.96692
Car-1,2008-09-14 02:01:27,115.985916,39.966994
Car-1,2008-09-14 02:01:29,115.985695,39.967069
Car-1,2008-09-14 02:01:31,115.985464,39.967147
Car-1,2008-09-14 02:01:33,115.985214,39.967245
Car-1,2008-09-14 02:01:35,115.984969,39.967379
Car-1,2008-09-14 02:01:37,115.984747,39.967551
Car-1,2008-09-14 02:01:39,115.984516,39.967735
Car-1,2008-09-14 02:01:41,115.98428,39.967916
Car-1,2008-09-14 02:01:43,115.984046,39.968091
Car-1,2008-09-14 02:01:45,115.983782,39.968281
Car-1,2008-09-14 02:01:47,115.983532,39.968494
Car-1,2008-09-14 02:01:49,115.983287,39.968708
Car-1,2008-09-14 02:01:51,115.983028,39.9689
Car-1,2008-09-14 02:01:53,115.982741,39.969065
Car-1,2008-09-14 02:01:55,115.982434,39.969213
Car-1,2008-09-14 02:01:57,115.982168,39.96933
Car-1,2008-09-14 02:01:59,115.981936,39.969427
Car-1,2008-09-14 02:02:01,115.981736,39.969532
Car-1,2008-09-14 02:02:03,115.981594,39.969659
Car-1,2008-09-14 02:02:05,115.981504,39.969826
Car-1,2008-09-14 02:02:07,115.981414,39.970018
Car-1,2008-09-14 02:02:09,115.981315,39.970227
Car-1,2008-09-14 02:02:11,115.981243,39.970448
Car-1,2008-09-14 02:02:13,115.981222,39.970687
Car-1,2008-09-14 02:02:15,115.981229,39.970937
Car-1,2008-09-14 02:02:17,115.981223,39.971196
Car-1,2008-09-14 02:02:19,115.981183,39.971464
Car-1,2008-09-14 02:02:21,115.981124,39.971737
Car-1,2008-09-14 02:02:23,115.981055,39.972028
Car-1,2008-09-14 02:02:25,115.980996,39.972341
Car-1,2008-09-14 02:02:27,115.980943,39.972658
Car-1,2008-09-14 02:02:29,115.980911,39.972979
Car-1,2008-09-14 02:02:31,115.980901,39.973308
Car-1,2008-09-14 02:02:33,115.980903,39.973637
Car-1,2008-09-14 02:02:35,115.980927,39.97397
Car-1,2008-09-14 02:02:37,115.980973,39.974306
Car-1,2008-09-14 02:02:39,115.981026,39.974647
Car-1,2008-09-14 02:02:41,115.981098,39.974984
Car-1,2008-09-14 02:02:43,115.981208,39.975318
Car-1,2008-09-14 02:02:45,115.981304,39.975654
Car-1,2008-09-14 02:02:47,115.981389,39.975992
Car-1,2008-09-14 02:02:49,115.981443,39.976333
Car-1,2008-09-14 02:02:51,115.981487,39.976671
Car-1,2008-09-14 02:02:53,115.981512,39.977003
Car-1,2008-09-14 02:02:55,115.981528,39.977347
Car-1,2008-09-14 02:02:57,115.981525,39.977673
Car-1,2008-09-14 02:02:59,115.981494,39.978001
Car-1,2008-09-14 02:03:01,115.98144,39.978337
Car-1,2008-09-14 02:03:03,115.981404,39.978659
Car-1,2008-09-14 02:03:05,115.981418,39.978975
Car-1,2008-09-14 02:03:07,115.981504,39.979275
Car-1,2008-09-14 02:03:09,115.981638,39.979555
Car-1,2008-09-14 02:03:11,115.981769,39.979833
Car-1,2008-09-14 02:03:13,115.981885,39.980095
Car-1,2008-09-14 02:03:15,115.981977,39.980363
Car-1,2008-09-14 02:03:17,115.982055,39.980629
Car-1,2008-09-14 02:03:19,115.982177,39.980867
Car-1,2008-09-14 02:03:21,115.982395,39.981067
Car-1,2008-09-14 02:03:23,115.982647,39.98126
Car-1,2008-09-14 02:03:25,115.982911,39.981458
Car-1,2008-09-14 02:03:27,115.983195,39.981649
Car-1,2008-09-14 02:03:29,115.983454,39.981835
Car-1,2008-09-14 02:03:31,115.983738,39.981964
Car-1,2008-09-14 02:03:33,115.98402,39.982019
Car-1,2008-09-14 02:03:35,115.984285,39.982006
Car-1,2008-09-14 02:03:37,115.984584,39.981972
Car-1,2008-09-14 02:03:39,115.984882,39.981925
Car-1,2008-09-14 02:03:41,115.98519,39.981838
Car-1,2008-09-14 02:03:43,115.985502,39.981719
Car-1,2008-09-14 02:03:45,115.985802,39.981589
Car-1,2008-09-14 02:03:47,115.986111,39.981449
Car-1,2008-09-14 02:03:49,115.986444,39.981307
Car-1,2008-09-14 02:03:51,115.986777,39.981164
Car-1,2008-09-14 02:03:53,115.987129,39.981008
Car-1,2008-09-14 02:03:55,115.987513,39.980872
Car-1,2008-09-14 02:03:57,115.987924,39.980755
Car-1,2008-09-14 02:03:59,115.988346,39.980642
Car-1,2008-09-14 02:04:01,115.988779,39.980522
Car-1,2008-09-14 02:04:03,115.989206,39.98039
Car-1,2008-09-14 02:04:05,115.989601,39.980271
Car-1,2008-09-14 02:04:07,115.989986,39.980163
Car-1,2008-09-14 02:04:09,115.990336,39.980068
Car-1,2008-09-14 02:04:11,115.99069,39.979988
Car-1,2008-09-14 02:04:13,115.991031,39.979942
Car-1,2008-09-14 02:04:15,115.991343,39.97998
Car-1,2008-09-14 02:04:17,115.991593,39.980097
Car-1,2008-09-14 02:04:19,115.991699,39.980265
Car-1,2008-09-14 02:04:21,115.991682,39.980451
Car-1,2008-09-14 02:04:23,115.991624,39.980579
Car-1,2008-09-14 02:04:25,115.99135,39.980718
Car-1,2008-09-14 02:04:27,115.991092,39.980851
Car-1,2008-09-14 02:04:29,115.990807,39.980973
Car-1,2008-09-14 02:04:31,115.990489,39.981026
Car-1,2008-09-14 02:04:33,115.99018,39.981042
Car-1,2008-09-14 02:04:35,115.989881,39.981057
Car-1,2008-09-14 02:04:37,115.989563,39.981058
Car-1,2008-09-14 02:04:39,115.989261,39.98104
Car-1,2008-09-14 02:04:41,115.988962,39.981025
Car-1,2008-09-14 02:04:43,115.988663,39.981032
Car-1,2008-09-14 02:04:45,115.988388,39.981061
Car-1,2008-09-14 02:04:47,115.988131,39.981138
Car-1,2008-09-14 02:04:49,115.987887,39.981242
Car-1,2008-09-14 02:04:51,115.987649,39.981349
Car-1,2008-09-14 02:04:53,115.987424,39.981458
Car-1,2008-09-14 02:04:55,115.987216,39.981588
Car-1,2008-09-14 02:04:57,115.987003,39.98173
Car-1,2008-09-14 02:04:59,115.98678,39.981875
Car-1,2008-09-14 02:05:01,115.986539,39.982032
Car-1,2008-09-14 02:05:03,115.98629,39.982197
Car-1,2008-09-14 02:05:05,115.986039,39.982339
Car-1,2008-09-14 02:05:07,115.985794,39.982456
Car-1,2008-09-14 02:05:09,115.985558,39.982558
Car-1,2008-09-14 02:05:11,115.985354,39.982646
Car-1,2008-09-14 02:05:13,115.985151,39.982735
Car-1,2008-09-14 02:05:15,115.984926,39.982816
Car-1,2008-09-14 02:05:17,115.98468,39.98288
Car-1,2008-09-14 02:05:19,115.98443,39.982941
Car-1,2008-09-14 02:05:21,115.984181,39.982992
Car-1,2008-09-14 02:05:23,115.983931,39.983054
Car-1,2008-09-14 02:05:25,115.983686,39.983138
Car-1,2008-09-14 02:05:27,115.983471,39.983225
Car-1,2008-09-14 02:05:29,115.983277,39.983286
Car-1,2008-09-14 02:05:31,115.983101,39.983355
Car-1,2008-09-14 02:05:33,115.982942,39.983425
Car-1,2008-09-14 02:05:35,115.982802,39.983527
Car-1,2008-09-14 02:05:37,115.982668,39.983656
Car-1,2008-09-14 02:05:39,115.98252,39.983809
Car-1,2008-09-14 02:05:41,115.982353,39.98397
Car-1,2008-09-14 02:05:43,115.982148,39.984108
Car-1,2008-09-14 02:05:45,115.981878,39.984169
Car-1,2008-09-14 02:05:47,115.981575,39.984185
Car-1,2008-09-14 02:05:49,115.98124,39.984184
Car-1,2008-09-14 02:05:51,115.980891,39.984173
Car-1,2008-09-14 02:05:53,115.980537,39.984171
Car-1,2008-09-14 02:05:55,115.980175,39.984166
Car-1,2008-09-14 02:05:57,115.979805,39.984129
Car-1,2008-09-14 02:05:59,115.979411,39.984096
Car-1,2008-09-14 02:06:01,115.979048,39.984062
Car-1,2008-09-14 02:06:03,115.978683,39.984079
Car-1,2008-09-14 02:06:05,115.978319,39.984141
Car-1,2008-09-14 02:06:07,115.977977,39.984269
Car-1,2008-09-14 02:06:09,115.977644,39.984413
Car-1,2008-09-14 02:06:11,115.977315,39.984553
Car-1,2008-09-14 02:06:13,115.977014,39.98469
Car-1,2008-09-14 02:06:15,115.976774,39.984816
Car-1,2008-09-14 02:06:17,115.976527,39.98489
Car-1,2008-09-14 02:06:19,115.976289,39.984932
Car-1,2008-09-14 02:06:21,115.976035,39.984972
Car-1,2008-09-14 02:06:23,115.975779,39.985015
Car-1,2008-09-14 02:06:25,115.975514,39.985048
Car-1,2008-09-14 02:06:27,115.975263,39.985041
Car-1,2008-09-14 02:06:29,115.975017,39.984969
Car-1,2008-09-14 02:06:31,115.974786,39.984865
Car-1,2008-09-14 02:06:33,115.974557,39.984749
Car-1,2008-09-14 02:06:35,115.974301,39.984644
Car-1,2008-09-14 02:06:37,115.97404,39.984541
Car-1,2008-09-14 02:06:39,115.973764,39.984455
Car-1,2008-09-14 02:06:41,115.973484,39.984375
Car-1,2008-09-14 02:06:43,115.973208,39.984297
Car-1,2008-09-14 02:06:45,115.97294,39.984215
Car-1,2008-09-14 02:06:47,115.972671,39.984129
Car-1,2008-09-14 02:06:49,115.97237,39.984066
Car-1,2008-09-14 02:06:51,115.972056,39.983993
Car-1,2008-09-14 02:06:53,115.971724,39.983907
Car-1,2008-09-14 02:06:55,115.971388,39.983808
Car-1,2008-09-14 02:06:57,115.971066,39.983714
Car-1,2008-09-14 02:06:59,115.970771,39.983628
Car-1,2008-09-14 02:07:01,115.970496,39.983577
Car-1,2008-09-14 02:07:03,115.970273,39.98363
Car-1,2008-09-14 02:07:05,115.970168,39.983715
Car-1,2008-09-14 02:07:07,115.970109,39.983765
Car-1,2008-09-14 02:07:09,115.970053,39.983811
Car-1,2008-09-14 02:07:11,115.969997,39.983855
Car-1,2008-09-14 02:07:13,115.96993,39.983909
Car-1,2008-09-14 02:07:15,115.969854,39.983969
Car-1,2008-09-14 02:07:17,115.969762,39.98404
Car-1,2008-09-14 02:07:19,115.969659,39.984124
Car-1,2008-09-14 02:07:21,115.969537,39.984223
Car-1,2008-09-14 02:07:23,115.969416,39.984314
Car-1,2008-09-14 02:07:25,115.969296,39.984392
Car-1,2008-09-14 02:07:27,115.969203,39.984468
Car-1,2008-09-14 02:07:29,115.969177,39.984591
Car-1,2008-09-14 02:07:31,115.969145,39.984726
Car-1,2008-09-14 02:07:33,115.969112,39.984891
Car-1,2008-09-14 02:07:35,115.969062,39.985074
Car-1,2008-09-14 02:07:37,115.968931,39.985231
Car-1,2008-09-14 02:07:39,115.9687,39.985295
Car-1,2008-09-14 02:07:41,115.96844,39.98528
Car-1,2008-09-14 02:07:43,115.968163,39.985194
Car-1,2008-09-14 02:07:45,115.967875,39.985085
Car-1,2008-09-14 02:07:47,115.967578,39.984972
Car-1,2008-09-14 02:07:49,115.967257,39.984848
Car-1,2008-09-14 02:07:51,115.966943,39.984693
Car-1,2008-09-14 02:07:53,115.966619,39.984521
Car-1,2008-09-14 02:07:55,115.966296,39.984344
Car-1,2008-09-14 02:07:57,115.965967,39.984173
Car-1,2008-09-14 02:07:59,115.965621,39.983989
Car-1,2008-09-14 02:08:01,115.965276,39.983798
Car-1,2008-09-14 02:08:03,115.964922,39.983607
Car-1,2008-09-14 02:08:05,115.964561,39.983434
Car-1,2008-09-14 02:08:07,115.964199,39.983279
Car-1,2008-09-14 02:08:09,115.96383,39.983144
Car-1,2008-09-14 02:08:11,115.963471,39.983005
Car-1,2008-09-14 02:08:13,115.96312,39.982879
Car-1,2008-09-14 02:08:15,115.962784,39.982745
Car-1,2008-09-14 02:08:17,115.96244,39.982603
Car-1,2008-09-14 02:08:19,115.962102,39.982461
Car-1,2008-09-14 02:08:21,115.961786,39.982317
Car-1,2008-09-14 02:08:23,115.961485,39.982176
Car-1,2008-09-14 02:08:25,115.96118,39.982041
Car-1,2008-09-14 02:08:27,115.960867,39.981897
Car-1,2008-09-14 02:08:29,115.960539,39.981749
Car-1,2008-09-14 02:08:31,115.960196,39.981622
Car-1,2008-09-14 02:08:33,115.959843,39.981503
Car-1,2008-09-14 02:08:35,115.959488,39.98141
Car-1,2008-09-14 02:08:37,115.959154,39.981353
Car-1,2008-09-14 02:08:39,115.958845,39.981344
Car-1,2008-09-14 02:08:41,115.958545,39.981376
Car-1,2008-09-14 02:08:43,115.958253,39.981433
Car-1,2008-09-14 02:08:45,115.957993,39.981512
Car-1,2008-09-14 02:08:47,115.957738,39.981615
Car-1,2008-09-14 02:08:49,115.957478,39.981741
Car-1,2008-09-14 02:08:51,115.957235,39.981866
Car-1,2008-09-14 02:08:53,115.956972,39.982008
Car-1,2008-09-14 02:08:55,115.956711,39.982151
Car-1,2008-09-14 02:08:57,115.956456,39.98235
Car-1,2008-09-14 02:08:59,115.956206,39.982529
Car-1,2008-09-14 02:09:01,115.955975,39.982741
Car-1,2008-09-14 02:09:03,115.955747,39.982962
Car-1,2008-09-14 02:09:05,115.955538,39.983161
Car-1,2008-09-14 02:09:07,115.955409,39.983348
Car-1,2008-09-14 02:09:09,115.955312,39.983569
Car-1,2008-09-14 02:09:11,115.955219,39.983812
Car-1,2008-09-14 02:09:13,115.955131,39.98407
Car-1,2008-09-14 02:09:15,115.955066,39.984336
Car-1,2008-09-14 02:09:17,115.955038,39.984618
Car-1,2008-09-14 02:09:19,115.955017,39.984921
Car-1,2008-09-14 02:09:21,115.954987,39.985223
Car-1,2008-09-14 02:09:23,115.954956,39.985529
Car-1,2008-09-14 02:09:25,115.954922,39.985837
Car-1,2008-09-14 02:09:27,115.954889,39.986148
Car-1,2008-09-14 02:09:29,115.954859,39.986451
Car-1,2008-09-14 02:09:31,115.954858,39.986729
Car-1,2008-09-14 02:09:33,115.954909,39.98698
Car-1,2008-09-14 02:09:35,115.955064,39.987224
Car-1,2008-09-14 02:09:37,115.955238,39.987445
Car-1,2008-09-14 02:09:39,115.955406,39.987677
Car-1,2008-09-14 02:09:41,115.955587,39.987908
Car-1,2008-09-14 02:09:43,115.955826,39.988119
Car-1,2008-09-14 02:09:45,115.956121,39.988284
Car-1,2008-09-14 02:09:47,115.956478,39.988399
Car-1,2008-09-14 02:09:49,115.956863,39.988479
Car-1,2008-09-14 02:09:51,115.95723,39.988589
Car-1,2008-09-14 02:09:53,115.957601,39.988705
Car-1,2008-09-14 02:09:55,115.95795,39.988836
Car-1,2008-09-14 02:09:57,115.958241,39.989019
Car-1,2008-09-14 02:09:59,115.95848,39.989251
Car-1,2008-09-14 02:10:01,115.9587,39.989503
Car-1,2008-09-14 02:10:03,115.95892,39.989746
Car-1,2008-09-14 02:10:05,115.959148,39.98997
Car-1,2008-09-14 02:10:07,115.9594,39.990152
Car-1,2008-09-14 02:10:09,115.959683,39.990285
Car-1,2008-09-14 02:10:11,115.959995,39.99039
Car-1,2008-09-14 02:10:13,115.960329,39.990443
Car-1,2008-09-14 02:10:15,115.960673,39.990445
Car-1,2008-09-14 02:10:17,115.960987,39.990473
Car-1,2008-09-14 02:10:19,115.96129,39.990535
Car-1,2008-09-14 02:10:21,115.961547,39.990646
Car-1,2008-09-14 02:10:23,115.961731,39.990806
Car-1,2008-09-14 02:10:25,115.961822,39.991003
Car-1,2008-09-14 02:10:27,115.961771,39.991223
Car-1,2008-09-14 02:10:29,115.961645,39.991461
Car-1,2008-09-14 02:10:31,115.961499,39.991676
Car-1,2008-09-14 02:10:33,115.961336,39.991901
Car-1,2008-09-14 02:10:35,115.961149,39.992114
Car-1,2008-09-14 02:10:37,115.960931,39.992313
Car-1,2008-09-14 02:10:39,115.960678,39.99249
Car-1,2008-09-14 02:10:41,115.960429,39.992662
Car-1,2008-09-14 02:10:43,115.960177,39.992825
Car-1,2008-09-14 02:10:45,115.959926,39.992986
Car-1,2008-09-14 02:10:47,115.959681,39.993147
Car-1,2008-09-14 02:10:49,115.959418,39.993308
Car-1,2008-09-14 02:10:51,115.95913,39.993457
Car-1,2008-09-14 02:10:53,115.958826,39.993612
Car-1,2008-09-14 02:10:55,115.958518,39.993754
Car-1,2008-09-14 02:10:57,115.958208,39.993898
Car-1,2008-09-14 02:10:59,115.957878,39.994058
Car-1,2008-09-14 02:11:01,115.95753,39.994223
Car-1,2008-09-14 02:11:03,115.957174,39.9944
Car-1,2008-09-14 02:11:05,115.956799,39.994576
Car-1,2008-09-14 02:11:07,115.956395,39.994755
Car-1,2008-09-14 02:11:09,115.955999,39.994937
Car-1,2008-09-14 02:11:11,115.955605,39.995101
Car-1,2008-09-14 02:11:13,115.955207,39.995251
Car-1,2008-09-14 02:11:15,115.954828,39.995419
Car-1,2008-09-14 02:11:17,115.954472,39.995603
Car-1,2008-09-14 02:11:19,115.954128,39.995791
Car-1,2008-09-14 02:11:21,115.95379,39.995942
Car-1,2008-09-14 02:11:23,115.953446,39.996061
Car-1,2008-09-14 02:11:25,115.953072,39.996147
Car-1,2008-09-14 02:11:27,115.952674,39.996234
Car-1,2008-09-14 02:11:29,115.952265,39.99633
Car-1,2008-09-14 02:11:31,115.951849,39.996408
Car-1,2008-09-14 02:11:33,115.95143,39.996487
Car-1,2008-09-14 02:11:35,115.951006,39.996588
Car-1,2008-09-14 02:11:37,115.950583,39.996712
Car-1,2008-09-14 02:11:39,115.950165,39.996841
Car-1,2008-09-14 02:11:41,115.949746,39.996975
Car-1,2008-09-14 02:11:43,115.949353,39.997113
Car-1,2008-09-14 02:11:45,115.948987,39.997252
Car-1,2008-09-14 02:11:47,115.948655,39.9974
Car-1,2008-09-14 02:11:49,115.948348,39.99753
Car-1,2008-09-14 02:11:51,115.948076,39.997627
Car-1,2008-09-14 02:11:53,115.947841,39.997693
Car-1,2008-09-14 02:11:55,115.947629,39.997763
Car-1,2008-09-14 02:11:57,115.9474,39.997848
Car-1,2008-09-14 02:11:59,115.947148,39.997965
Car-1,2008-09-14 02:12:01,115.946879,39.998125
Car-1,2008-09-14 02:12:03,115.946602,39.998297
Car-1,2008-09-14 02:12:05,115.94631,39.998484
Car-1,2008-09-14 02:12:07,115.945979,39.998669
Car-1,2008-09-14 02:12:09,115.945646,39.998861
Car-1,2008-09-14 02:12:11,115.945312,39.999072
Car-1,2008-09-14 02:12:13,115.944966,39.999292
Car-1,2008-09-14 02:12:15,115.944626,39.999522
Car-1,2008-09-14 02:12:17,115.944275,39.999739
Car-1,2008-09-14 02:12:19,115.943906,39.999955
Car-1,2008-09-14 02:12:21,115.943547,40.000167
Car-1,2008-09-14 02:12:23,115.943208,40.000395
Car-1,2008-09-14 02:12:25,115.942873,40.000605
Car-1,2008-09-14 02:12:27,115.942541,40.000807
Car-1,2008-09-14 02:12:29,115.942249,40.001009
Car-1,2008-09-14 02:12:31,115.941926,40.001184
Car-1,2008-09-14 02:12:33,115.941595,40.001292
Car-1,2008-09-14 02:12:35,115.94125,40.001409
Car-1,2008-09-14 02:12:37,115.94089,40.001517
Car-1,2008-09-14 02:12:39,115.940537,40.001635
Car-1,2008-09-14 02:12:41,115.940194,40.001768
Car-1,2008-09-14 02:12:43,115.939854,40.001922
Car-1,2008-09-14 02:12:45,115.939518,40.002084
Car-1,2008-09-14 02:12:47,115.939167,40.002252
Car-1,2008-09-14 02:12:49,115.938799,40.002414
Car-1,2008-09-14 02:12:51,115.938465,40.002577
Car-1,2008-09-14 02:12:53,115.938152,40.002732
Car-1,2008-09-14 02:12:55,115.937847,40.002858
Car-1,2008-09-14 02:12:57,115.93757,40.002978
Car-1,2008-09-14 02:12:59,115.937266,40.003069
Car-1,2008-09-14 02:13:01,115.936987,40.003171
Car-1,2008-09-14 02:13:03,115.936737,40.003271
Car-1,2008-09-14 02:13:45,115.935978,40.005663
Car-1,2008-09-14 02:14:27,115.93145,40.007721
Car-1,2008-09-14 02:15:09,115.924722,40.010483
Car-1,2008-09-14 02:15:11,115.924383,40.010459
Car-1,2008-09-14 02:15:13,115.924042,40.010459
Car-1,2008-09-14 02:15:15,115.923718,40.010448
Car-1,2008-09-14 02:15:17,115.923372,40.010428
Car-1,2008-09-14 02:15:19,115.923021,40.010429
Car-1,2008-09-14 02:15:21,115.922681,40.010444
Car-1,2008-09-14 02:15:23,115.922367,40.010513
Car-1,2008-09-14 02:15:25,115.922059,40.010597
Car-1,2008-09-14 02:15:27,115.921749,40.010708
Car-1,2008-09-14 02:15:29,115.921433,40.010833
Car-1,2008-09-14 02:15:31,115.921128,40.010983
Car-1,2008-09-14 02:15:33,115.920849,40.011161
Car-1,2008-09-14 02:15:35,115.920612,40.011361
Car-1,2008-09-14 02:15:37,115.920414,40.011572
Car-1,2008-09-14 02:15:39,115.920256,40.011819
Car-1,2008-09-14 02:15:41,115.920128,40.012076
Car-1,2008-09-14 02:15:43,115.919998,40.012342
Car-1,2008-09-14 02:15:45,115.919871,40.012599
Car-1,2008-09-14 02:15:47,115.919766,40.012828
Car-1,2008-09-14 02:15:49,115.919696,40.013053
Car-1,2008-09-14 02:15:51,115.919655,40.013285
Car-1,2008-09-14 02:15:53,115.919636,40.013505
Car-1,2008-09-14 02:15:55,115.919616,40.013724
Car-1,2008-09-14 02:15:57,115.919569,40.013948
Car-1,2008-09-14 02:15:59,115.919491,40.014175
Car-1,2008-09-14 02:16:01,115.919409,40.014425
Car-1,2008-09-14 02:16:03,115.919278,40.014665
Car-1,2008-09-14 02:16:05,115.919176,40.014914
Car-1,2008-09-14 02:16:07,115.919089,40.015159
Car-1,2008-09-14 02:16:09,115.919002,40.015399
Car-1,2008-09-14 02:16:11,115.918891,40.015662
Car-1,2008-09-14 02:16:13,115.91874,40.015927
Car-1,2008-09-14 02:16:15,115.918579,40.016197
Car-1,2008-09-14 02:16:17,115.918414,40.016484
Car-1,2008-09-14 02:16:19,115.918249,40.016759
Car-1,2008-09-14 02:16:21,115.918074,40.016994
Car-1,2008-09-14 02:16:23,115.917864,40.017218
Car-1,2008-09-14 02:16:25,115.91763,40.017406
Car-1,2008-09-14 02:16:27,115.917397,40.017585
Car-1,2008-09-14 02:16:29,115.917198,40.017766
Car-1,2008-09-14 02:16:31,115.917017,40.01798
Car-1,2008-09-14 02:16:33,115.916868,40.0182
Car-1,2008-09-14 02:16:35,115.916703,40.018411
Car-1,2008-09-14 02:16:37,115.916491,40.018598
Car-1,2008-09-14 02:16:39,115.916266,40.018769
Car-1,2008-09-14 02:16:41,115.916032,40.01895
Car-1,2008-09-14 02:16:43,115.915779,40.019126
Car-1,2008-09-14 02:16:45,115.915506,40.019315
Car-1,2008-09-14 02:16:47,115.915221,40.019508
Car-1,2008-09-14 02:16:49,115.914927,40.019701
Car-1,2008-09-14 02:16:51,115.914643,40.019879
Car-1,2008-09-14 02:16:53,115.914353,40.020044
Car-1,2008-09-14 02:16:55,115.914071,40.020191
Car-1,2008-09-14 02:16:57,115.913755,40.020299
Car-1,2008-09-14 02:16:59,115.913423,40.02039
Car-1,2008-09-14 02:17:01,115.913081,40.020463
Car-1,2008-09-14 02:17:03,115.912727,40.020504
Car-1,2008-09-14 02:17:05,115.912383,40.020529
Car-1,2008-09-14 02:17:07,115.912057,40.020554
Car-1,2008-09-14 02:17:09,115.911734,40.020577
Car-1,2008-09-14 02:17:11,115.911421,40.020588
Car-1,2008-09-14 02:17:13,115.911142,40.020583
Car-1,2008-09-14 02:17:15,115.910803,40.020526
Car-1,2008-09-14 02:17:17,115.910477,40.020457
Car-1,2008-09-14 02:17:19,115.910136,40.020391
Car-1,2008-09-14 02:17:21,115.90979,40.020324
Car-1,2008-09-14 02:17:23,115.909445,40.020243
Car-1,2008-09-14 02:17:25,115.909095,40.020177
Car-1,2008-09-14 02:17:27,115.908764,40.0201
Car-1,2008-09-14 02:17:29,115.908413,40.020027
Car-1,2008-09-14 02:17:31,115.908065,40.019949
Car-1,2008-09-14 02:17:33,115.907717,40.01988
Car-1,2008-09-14 02:17:35,115.907381,40.019808
Car-1,2008-09-14 02:17:37,115.90704,40.019748
Car-1,2008-09-14 02:17:39,115.906706,40.019721
Car-1,2008-09-14 02:17:41,115.90638,40.01975
Car-1,2008-09-14 02:17:43,115.906077,40.019833
Car-1,2008-09-14 02:17:45,115.905766,40.019934
Car-1,2008-09-14 02:17:47,115.905447,40.020029
Car-1,2008-09-14 02:17:49,115.905113,40.020135
Car-1,2008-09-14 02:17:51,115.904771,40.020248
Car-1,2008-09-14 02:17:53,115.904423,40.020345
Car-1,2008-09-14 02:17:55,115.904058,40.020444
Car-1,2008-09-14 02:17:57,115.903694,40.020535
Car-1,2008-09-14 02:17:59,115.903336,40.020622
Car-1,2008-09-14 02:18:01,115.902966,40.020673
Car-1,2008-09-14 02:18:03,115.902618,40.020669
Car-1,2008-09-14 02:18:05,115.902267,40.020657
Car-1,2008-09-14 02:18:07,115.901911,40.02066
Car-1,2008-09-14 02:18:09,115.901554,40.020652
Car-1,2008-09-14 02:18:11,115.90121,40.020668
Car-1,2008-09-14 02:18:13,115.900916,40.020732
Car-1,2008-09-14 02:18:15,115.900683,40.020829
Car-1,2008-09-14 02:18:17,115.900488,40.020952
Car-1,2008-09-14 02:18:19,115.900319,40.021114
Car-1,2008-09-14 02:18:21,115.900188,40.021324
Car-1,2008-09-14 02:18:23,115.900083,40.021552
Car-1,2008-09-14 02:18:25,115.900016,40.021806
Car-1,2008-09-14 02:18:27,115.89999,40.022078
Car-1,2008-09-14 02:18:29,115.900003,40.022352
Car-1,2008-09-14 02:18:31,115.900051,40.022631
Car-1,2008-09-14 02:18:33,115.90012,40.02292
Car-1,2008-09-14 02:18:35,115.900196,40.023218
Car-1,2008-09-14 02:18:37,115.900277,40.023533
Car-1,2008-09-14 02:18:39,115.900364,40.02386
Car-1,2008-09-14 02:18:41,115.900457,40.024197
Car-1,2008-09-14 02:18:43,115.900546,40.024541
Car-1,2008-09-14 02:18:45,115.900656,40.024898
Car-1,2008-09-14 02:18:47,115.900763,40.02526
Car-1,2008-09-14 02:18:49,115.900875,40.025608
Car-1,2008-09-14 02:18:51,115.900979,40.025943
Car-1,2008-09-14 02:18:53,115.901101,40.026274
Car-1,2008-09-14 02:18:55,115.901242,40.0266
Car-1,2008-09-14 02:18:57,115.90138,40.026909
Car-1,2008-09-14 02:18:59,115.901515,40.027211
Car-1,2008-09-14 02:19:01,115.901653,40.027519
Car-1,2008-09-14 02:19:03,115.901777,40.027804
Car-1,2008-09-14 02:19:05,115.901881,40.028086
Car-1,2008-09-14 02:19:07,115.901961,40.028371
Car-1,2008-09-14 02:19:09,115.901998,40.028647
Car-1,2008-09-14 02:19:11,115.902043,40.028891
Car-1,2008-09-14 02:19:13,115.902171,40.029119
Car-1,2008-09-14 02:19:15,115.902314,40.029311
Car-1,2008-09-14 02:19:17,115.902451,40.029506
Car-1,2008-09-14 02:19:19,115.90255,40.02971
Car-1,2008-09-14 02:19:21,115.902624,40.029932
Car-1,2008-09-14 02:19:23,115.902698,40.030159
Car-1,2008-09-14 02:19:25,115.902756,40.030389
Car-1,2008-09-14 02:19:27,115.902751,40.03063
Car-1,2008-09-14 02:19:29,115.902716,40.030873
Car-1,2008-09-14 02:19:31,115.902733,40.031096
Car-1,2008-09-14 02:19:33,115.902774,40.031301
Car-1,2008-09-14 02:19:35,115.902838,40.031523
Car-1,2008-09-14 02:19:37,115.902977,40.031757
Car-1,2008-09-14 02:19:39,115.90311,40.031963
Car-1,2008-09-14 02:19:41,115.903292,40.03216
Car-1,2008-09-14 02:19:43,115.903452,40.032361
Car-1,2008-09-14 02:19:45,115.903549,40.032563
Car-1,2008-09-14 02:19:47,115.903567,40.032777
Car-1,2008-09-14 02:19:49,115.903555,40.032991
Car-1,2008-09-14 02:19:51,115.903517,40.033206
Car-1,2008-09-14 02:19:53,115.903477,40.033411
Car-1,2008-09-14 02:19:55,115.903432,40.033559
Car-1,2008-09-14 02:19:57,115.903429,40.033652
Car-1,2008-09-14 02:19:59,115.903397,40.033711
Car-1,2008-09-14 02:20:01,115.903394,40.033775
Car-1,2008-09-14 02:20:03,115.903374,40.033829
Car-1,2008-09-14 02:20:05,115.903331,40.033883
Car-1,2008-09-14 02:20:07,115.903275,40.033948
Car-1,2008-09-14 02:20:09,115.903209,40.03404
Car-1,2008-09-14 02:20:11,115.903113,40.034162
Car-1,2008-09-14 02:20:13,115.902989,40.034313
Car-1,2008-09-14 02:20:15,115.902839,40.034492
Car-1,2008-09-14 02:20:17,115.902689,40.034682
Car-1,2008-09-14 02:20:19,115.90253,40.034884
Car-1,2008-09-14 02:20:21,115.902344,40.035053
Car-1,2008-09-14 02:20:23,115.902125,40.035198
Car-1,2008-09-14 02:20:25,115.901879,40.035329
Car-1,2008-09-14 02:20:27,115.901623,40.035467
Car-1,2008-09-14 02:20:29,115.901388,40.035608
Car-1,2008-09-14 02:20:31,115.901135,40.035711
Car-1,2008-09-14 02:20:33,115.900868,40.035794
Car-1,2008-09-14 02:20:35,115.900592,40.035865
Car-1,2008-09-14 02:20:37,115.900326,40.035938
Car-1,2008-09-14 02:20:39,115.90008,40.036059
Car-1,2008-09-14 02:20:41,115.899897,40.036222
Car-1,2008-09-14 02:20:43,115.899714,40.036394
Car-1,2008-09-14 02:20:45,115.899494,40.036521
Car-1,2008-09-14 02:20:47,115.899246,40.036594
Car-1,2008-09-14 02:20:49,115.898982,40.036633
Car-1,2008-09-14 02:20:51,115.898709,40.036622
Car-1,2008-09-14 02:20:53,115.898407,40.036586
Car-1,2008-09-14 02:20:55,115.898083,40.036529
Car-1,2008-09-14 02:20:57,115.897779,40.036456
Car-1,2008-09-14 02:20:59,115.897491,40.036338
Car-1,2008-09-14 02:21:01,115.897222,40.036187
Car-1,2008-09-14 02:21:03,115.896974,40.036035
Car-1,2008-09-14 02:21:05,115.896751,40.035867
Car-1,2008-09-14 02:21:07,115.89656,40.035684
Car-1,2008-09-14 02:21:09,115.896415,40.035495
Car-1,2008-09-14 02:21:11,115.896315,40.035296
Car-1,2008-09-14 02:21:13,115.896238,40.035073
Car-1,2008-09-14 02:21:15,115.896159,40.034856
Car-1,2008-09-14 02:21:17,115.896079,40.034618
Car-1,2008-09-14 02:21:19,115.895967,40.034371
Car-1,2008-09-14 02:21:21,115.895785,40.034196
Car-1,2008-09-14 02:21:23,115.895584,40.034039
Car-1,2008-09-14 02:21:25,115.895379,40.033886
Car-1,2008-09-14 02:21:27,115.895155,40.033745
Car-1,2008-09-14 02:21:29,115.894906,40.033623
Car-1,2008-09-14 02:21:31,115.894636,40.033509
Car-1,2008-09-14 02:21:33,115.894359,40.033397
Car-1,2008-09-14 02:21:35,115.894072,40.033296
Car-1,2008-09-14 02:21:37,115.893768,40.033245
Car-1,2008-09-14 02:21:39,115.893545,40.033206
Car-1,2008-09-14 02:21:41,115.89335,40.033161
Car-1,2008-09-14 02:21:43,115.893151,40.033133
Car-1,2008-09-14 02:21:45,115.892925,40.033097
Car-1,2008-09-14 02:21:47,115.892685,40.03304
Car-1,2008-09-14 02:21:49,115.892411,40.032988
Car-1,2008-09-14 02:21:51,115.892146,40.032906
Car-1,2008-09-14 02:21:53,115.891867,40.03282
Car-1,2008-09-14 02:21:55,115.891584,40.03274
Car-1,2008-09-14 02:21:57,115.891302,40.032672
Car-1,2008-09-14 02:21:59,115.891073,40.032626
Car-1,2008-09-14 02:22:01,115.890901,40.032598
Car-1,2008-09-14 02:22:03,115.890741,40.032604
Car-1,2008-09-14 02:22:05,115.890561,40.032641
Car-1,2008-09-14 02:22:07,115.890356,40.032696
Car-1,2008-09-14 02:22:09,115.890142,40.03274
Car-1,2008-09-14 02:22:11,115.889924,40.032789
Car-1,2008-09-14 02:22:13,115.889701,40.032818
Car-1,2008-09-14 02:22:15,115.889453,40.032838
Car-1,2008-09-14 02:22:17,115.889189,40.032848
Car-1,2008-09-14 02:22:19,115.888915,40.032855
Car-1,2008-09-14 02:22:21,115.888609,40.032845
Car-1,2008-09-14 02:22:23,115.888298,40.032827
Car-1,2008-09-14 02:22:25,115.887973,40.032804
Car-1,2008-09-14 02:22:27,115.887655,40.032784
Car-1,2008-09-14 02:22:29,115.88733,40.032768
Car-1,2008-09-14 02:22:31,115.886995,40.032777
Car-1,2008-09-14 02:22:33,115.886631,40.032793
Car-1,2008-09-14 02:22:35,115.886242,40.032809
Car-1,2008-09-14 02:22:37,115.885859,40.032823
Car-1,2008-09-14 02:22:39,115.885464,40.032848
Car-1,2008-09-14 02:22:41,115.885104,40.032902
Car-1,2008-09-14 02:22:43,115.884761,40.032979
Car-1,2008-09-14 02:22:45,115.884469,40.033095
Car-1,2008-09-14 02:22:47,115.884232,40.033216
Car-1,2008-09-14 02:22:49,115.884054,40.033289
Car-1,2008-09-14 02:22:51,115.883911,40.033336
Car-1,2008-09-14 02:22:53,115.883753,40.033381
Car-1,2008-09-14 02:22:55,115.883557,40.033417
Car-1,2008-09-14 02:22:57,115.883308,40.033462
Car-1,2008-09-14 02:22:59,115.883022,40.033522
Car-1,2008-09-14 02:23:01,115.882723,40.033573
Car-1,2008-09-14 02:23:03,115.882411,40.033595
Car-1,2008-09-14 02:23:05,115.882083,40.033579
Car-1,2008-09-14 02:23:07,115.881748,40.033519
Car-1,2008-09-14 02:23:09,115.881425,40.033443
Car-1,2008-09-14 02:23:11,115.881109,40.033378
Car-1,2008-09-14 02:23:13,115.880786,40.033382
Car-1,2008-09-14 02:23:15,115.880482,40.033421
Car-1,2008-09-14 02:23:17,115.880179,40.033448
Car-1,2008-09-14 02:23:19,115.879901,40.033423
Car-1,2008-09-14 02:23:21,115.87963,40.033358
Car-1,2008-09-14 02:23:23,115.879376,40.033255
Car-1,2008-09-14 02:23:25,115.879135,40.033125
Car-1,2008-09-14 02:23:27,115.878907,40.032961
Car-1,2008-09-14 02:23:29,115.878678,40.032815
Car-1,2008-09-14 02:23:31,115.878455,40.032717
Car-1,2008-09-14 02:23:33,115.878254,40.032661
Car-1,2008-09-14 02:23:35,115.878022,40.032715
Car-1,2008-09-14 02:23:37,115.877783,40.032805
Car-1,2008-09-14 02:23:39,115.877524,40.032913
Car-1,2008-09-14 02:23:41,115.877207,40.033084
Car-1,2008-09-14 02:23:43,115.876898,40.033235
Car-1,2008-09-14 02:23:45,115.876572,40.03338
Car-1,2008-09-14 02:23:47,115.876239,40.033525
Car-1,2008-09-14 02:23:49,115.875893,40.033686
Car-1,2008-09-14 02:23:51,115.875566,40.033864
Car-1,2008-09-14 02:23:53,115.875302,40.034073
Car-1,2008-09-14 02:23:55,115.875063,40.034294
Car-1,2008-09-14 02:23:57,115.874812,40.034493
Car-1,2008-09-14 02:23:59,115.874557,40.034695
Car-1,2008-09-14 02:24:01,115.874324,40.034875
Car-1,2008-09-14 02:24:03,115.874158,40.035074
Car-1,2008-09-14 02:24:05,115.87404,40.035301
Car-1,2008-09-14 02:24:07,115.873926,40.03554
Car-1,2008-09-14 02:24:09,115.873818,40.035783
Car-1,2008-09-14 02:24:11,115.873685,40.03601
Car-1,2008-09-14 02:24:13,115.873469,40.036206
Car-1,2008-09-14 02:24:15,115.873278,40.036402
Car-1,2008-09-14 02:24:17,115.873149,40.036599
Car-1,2008-09-14 02:24:19,115.873028,40.036795
Car-1,2008-09-14 02:24:21,115.872896,40.036981
Car-1,2008-09-14 02:24:23,115.872676,40.037118
Car-1,2008-09-14 02:24:25,115.872421,40.037242
Car-1,2008-09-14 02:24:27,115.872182,40.037387
Car-1,2008-09-14 02:24:29,115.871953,40.037551
Car-1,2008-09-14 02:24:31,115.871722,40.037717
Car-1,2008-09-14 02:24:33,115.871469,40.037867
Car-1,2008-09-14 02:24:35,115.871192,40.037991
Car-1,2008-09-14 02:24:37,115.870927,40.038086
Car-1,2008-09-14 02:24:39,115.870713,40.038161
Car-1,2008-09-14 02:24:41,115.870554,40.038224
Car-1,2008-09-14 02:24:43,115.870421,40.038234
Car-1,2008-09-14 02:24:45,115.870306,40.038214
Car-1,2008-09-14 02:24:47,115.870189,40.038152
Car-1,2008-09-14 02:24:49,115.870057,40.038071
Car-1,2008-09-14 02:24:51,115.869926,40.037957
Car-1,2008-09-14 02:24:53,115.869794,40.037831
Car-1,2008-09-14 02:24:55,115.869671,40.03767
Car-1,2008-09-14 02:24:57,115.86958,40.037483
Car-1,2008-09-14 02:24:59,115.869527,40.037284
Car-1,2008-09-14 02:25:01,115.86951,40.037097
Car-1,2008-09-14 02:25:03,115.869472,40.036934
Car-1,2008-09-14 02:25:05,115.869366,40.036813
Car-1,2008-09-14 02:25:07,115.869223,40.036716
Car-1,2008-09-14 02:25:09,115.869047,40.036619
Car-1,2008-09-14 02:25:11,115.868845,40.036512
Car-1,2008-09-14 02:25:13,115.868612,40.036389
Car-1,2008-09-14 02:25:15,115.868365,40.036268
Car-1,2008-09-14 02:25:17,115.868097,40.036144
Car-1,2008-09-14 02:25:19,115.867862,40.035963
Car-1,2008-09-14 02:25:21,115.867645,40.035775
Car-1,2008-09-14 02:25:23,115.867458,40.035568
Car-1,2008-09-14 02:25:25,115.867334,40.035341
Car-1,2008-09-14 02:25:27,115.867302,40.035109
Car-1,2008-09-14 02:25:29,115.867359,40.034863
Car-1,2008-09-14 02:25:31,115.867398,40.034637
Car-1,2008-09-14 02:25:33,115.867399,40.034407
Car-1,2008-09-14 02:25:35,115.867347,40.034195
Car-1,2008-09-14 02:25:37,115.867225,40.034011
Car-1,2008-09-14 02:25:39,115.867068,40.033847
Car-1,2008-09-14 02:25:41,115.866891,40.03367
Car-1,2008-09-14 02:25:43,115.866709,40.033479
Car-1,2008-09-14 02:25:45,115.866513,40.033285
Car-1,2008-09-14 02:25:47,115.866313,40.033075
Car-1,2008-09-14 02:25:49,115.866121,40.032839
Car-1,2008-09-14 02:25:51,115.865965,40.032587
Car-1,2008-09-14 02:25:53,115.865863,40.032321
Car-1,2008-09-14 02:25:55,115.865818,40.032031
Car-1,2008-09-14 02:25:57,115.865788,40.031733
Car-1,2008-09-14 02:25:59,115.865785,40.031477
Car-1,2008-09-14 02:26:01,115.865828,40.031231
Car-1,2008-09-14 02:26:03,115.865894,40.030972
Car-1,2008-09-14 02:26:05,115.866018,40.030689
Car-1,2008-09-14 02:26:07,115.866187,40.030408
Car-1,2008-09-14 02:26:09,115.866396,40.030117
Car-1,2008-09-14 02:26:11,115.866611,40.02982
Car-1,2008-09-14 02:26:13,115.86681,40.029518
Car-1,2008-09-14 02:26:15,115.866983,40.029242
Car-1,2008-09-14 02:26:17,115.867122,40.028966
Car-1,2008-09-14 02:26:19,115.867251,40.028684
Car-1,2008-09-14 02:26:21,115.867417,40.028399
Car-1,2008-09-14 02:26:23,115.867616,40.028113
Car-1,2008-09-14 02:26:25,115.86784,40.027851
Car-1,2008-09-14 02:26:27,115.868077,40.027599
Car-1,2008-09-14 02:26:29,115.8683,40.027355
Car-1,2008-09-14 02:26:31,115.868476,40.027117
Car-1,2008-09-14 02:26:33,115.868624,40.026869
Car-1,2008-09-14 02:26:35,115.868778,40.0266
Car-1,2008-09-14 02:26:37,115.868921,40.026306
Car-1,2008-09-14 02:26:39,115.869001,40.02599
Car-1,2008-09-14 02:26:41,115.869073,40.025676
Car-1,2008-09-14 02:26:43,115.869111,40.02537
Car-1,2008-09-14 02:26:45,115.869095,40.025071
Car-1,2008-09-14 02:26:47,115.869105,40.024809
Car-1,2008-09-14 02:26:49,115.869212,40.024562
Car-1,2008-09-14 02:26:51,115.869341,40.024321
Car-1,2008-09-14 02:26:53,115.869468,40.024079
Car-1,2008-09-14 02:26:55,115.869555,40.023821
Car-1,2008-09-14 02:26:57,115.869587,40.023572
Car-1,2008-09-14 02:26:59,115.869572,40.02332
Car-1,2008-09-14 02:27:01,115.869555,40.023068
Car-1,2008-09-14 02:27:03,115.86953,40.022808
Car-1,2008-09-14 02:27:05,115.869494,40.022529
Car-1,2008-09-14 02:27:07,115.869424,40.022247
Car-1,2008-09-14 02:27:09,115.869348,40.021959
Car-1,2008-09-14 02:27:11,115.869264,40.02167
Car-1,2008-09-14 02:27:13,115.869181,40.021391
Car-1,2008-09-14 02:27:15,115.869092,40.021129
Car-1,2008-09-14 02:27:17,115.868963,40.020897
Car-1,2008-09-14 02:27:19,115.868775,40.020693
Car-1,2008-09-14 02:27:21,115.868566,40.020521
Car-1,2008-09-14 02:27:23,115.868327,40.020349
Car-1,2008-09-14 02:27:25,115.868076,40.020182
Car-1,2008-09-14 02:27:27,115.867818,40.020015
Car-1,2008-09-14 02:27:29,115.867529,40.019866
Car-1,2008-09-14 02:27:31,115.867275,40.019689
Car-1,2008-09-14 02:27:33,115.867026,40.019534
Car-1,2008-09-14 02:27:35,115.866791,40.019404
Car-1,2008-09-14 02:27:37,115.866529,40.019328
Car-1,2008-09-14 02:27:39,115.866244,40.019314
Car-1,2008-09-14 02:27:41,115.865934,40.019337
Car-1,2008-09-14 02:27:43,115.8656,40.019396
Car-1,2008-09-14 02:27:45,115.86525,40.019504
Car-1,2008-09-14 02:27:47,115.864941,40.019672
Car-1,2008-09-14 02:27:49,115.864693,40.019897
Car-1,2008-09-14 02:27:51,115.864466,40.020171
Car-1,2008-09-14 02:27:53,115.864195,40.020437
Car-1,2008-09-14 02:27:55,115.863884,40.020706
Car-1,2008-09-14 02:27:57,115.863587,40.020968
Car-1,2008-09-14 02:27:59,115.863345,40.021249
Car-1,2008-09-14 02:28:01,115.863187,40.021552
Car-1,2008-09-14 02:28:03,115.863095,40.021885
Car-1,2008-09-14 02:28:05,115.863005,40.022198
Car-1,2008-09-14 02:28:07,115.862885,40.022496
Car-1,2008-09-14 02:28:09,115.862732,40.022796
Car-1,2008-09-14 02:28:11,115.862561,40.02309
Car-1,2008-09-14 02:28:13,115.862391,40.023392
Car-1,2008-09-14 02:28:15,115.86223,40.023714
Car-1,2008-09-14 02:28:17,115.862125,40.024035
Car-1,2008-09-14 02:28:19,115.862053,40.024346
Car-1,2008-09-14 02:28:21,115.861982,40.024653
Car-1,2008-09-14 02:28:23,115.861904,40.024948
Car-1,2008-09-14 02:28:25,115.861779,40.025215
Car-1,2008-09-14 02:28:27,115.861672,40.025466
Car-1,2008-09-14 02:28:29,115.861661,40.025714
Car-1,2008-09-14 02:28:31,115.861691,40.025947
Car-1,2008-09-14 02:28:33,115.861694,40.026161
Car-1,2008-09-14 02:28:35,115.861628,40.026368
Car-1,2008-09-14 02:28:37,115.86154,40.026582
Car-1,2008-09-14 02:28:39,115.861443,40.026802
Car-1,2008-09-14 02:28:41,115.861308,40.027037
Car-1,2008-09-14 02:28:43,115.86113,40.027231
Car-1,2008-09-14 02:28:45,115.860884,40.027398
Car-1,2008-09-14 02:28:47,115.86069,40.027578
Car-1,2008-09-14 02:28:49,115.860527,40.027781
Car-1,2008-09-14 02:28:51,115.860365,40.027983
Car-1,2008-09-14 02:28:53,115.860161,40.028141
Car-1,2008-09-14 02:28:55,115.859913,40.028268
Car-1,2008-09-14 02:28:57,115.859658,40.028351
Car-1,2008-09-14 02:28:59,115.859397,40.028356
Car-1,2008-09-14 02:29:01,115.859142,40.028318
Car-1,2008-09-14 02:29:03,115.85889,40.028257
Car-1,2008-09-14 02:29:05,115.858614,40.028222
Car-1,2008-09-14 02:29:07,115.85831,40.028225
Car-1,2008-09-14 02:29:09,115.858,40.02828
Car-1,2008-09-14 02:29:11,115.857698,40.028379
Car-1,2008-09-14 02:29:13,115.857392,40.028513
Car-1,2008-09-14 02:29:15,115.857092,40.02868
Car-1,2008-09-14 02:29:17,115.856816,40.028864
Car-1,2008-09-14 02:29:19,115.85658,40.029046
Car-1,2008-09-14 02:29:21,115.856346,40.029228
Car-1,2008-09-14 02:29:23,115.856097,40.029399
Car-1,2008-09-14 02:29:25,115.855851,40.029582
Car-1,2008-09-14 02:29:27,115.855597,40.029767
Car-1,2008-09-14 02:29:29,115.85533,40.029947
Car-1,2008-09-14 02:29:31,115.855059,40.030112
Car-1,2008-09-14 02:29:33,115.854816,40.030265
Car-1,2008-09-14 02:29:35,115.854573,40.030412
Car-1,2008-09-14 02:29:37,115.854335,40.030543
Car-1,2008-09-14 02:29:39,115.854103,40.030668
Car-1,2008-09-14 02:29:41,115.853868,40.030796
Car-1,2008-09-14 02:29:43,115.853636,40.030955
Car-1,2008-09-14 02:29:45,115.853398,40.031099
Car-1,2008-09-14 02:29:47,115.853134,40.031221
Car-1,2008-09-14 02:29:49,115.852877,40.031391
Car-1,2008-09-14 02:29:51,115.852624,40.031572
Car-1,2008-09-14 02:29:53,115.852361,40.031781
Car-1,2008-09-14 02:29:55,115.852101,40.032
Car-1,2008-09-14 02:29:57,115.851843,40.032231
Car-1,2008-09-14 02:29:59,115.851625,40.032486
Car-1,2008-09-14 02:30:01,115.851469,40.032753
Car-1,2008-09-14 02:30:03,115.851325,40.03302
Car-1,2008-09-14 02:30:05,115.851153,40.033255
Car-1,2008-09-14 02:30:07,115.85095,40.033443
Car-1,2008-09-14 02:30:09,115.850707,40.033557
Car-1,2008-09-14 02:30:11,115.850418,40.033638
Car-1,2008-09-14 02:30:13,115.850108,40.033663
Car-1,2008-09-14 02:30:15,115.849817,40.033659
Car-1,2008-09-14 02:30:17,115.849554,40.033683
Car-1,2008-09-14 02:30:19,115.849313,40.033751
Car-1,2008-09-14 02:30:21,115.849055,40.033834
Car-1,2008-09-14 02:30:23,115.848766,40.033929
Car-1,2008-09-14 02:30:25,115.848451,40.034002
Car-1,2008-09-14 02:30:27,115.848118,40.034013
Car-1,2008-09-14 02:30:29,115.847769,40.033973
Car-1,2008-09-14 02:30:31,115.847432,40.033896
Car-1,2008-09-14 02:30:33,115.847082,40.033839
Car-1,2008-09-14 02:30:35,115.846737,40.03383
Car-1,2008-09-14 02:30:37,115.846392,40.033826
Car-1,2008-09-14 02:30:39,115.846059,40.03379
Car-1,2008-09-14 02:30:41,115.845744,40.033712
Car-1,2008-09-14 02:30:43,115.845471,40.033545
Car-1,2008-09-14 02:30:45,115.8452,40.033357
Car-1,2008-09-14 02:30:47,115.844905,40.033176
Car-1,2008-09-14 02:30:49,115.844602,40.033004
Car-1,2008-09-14 02:30:51,115.844298,40.032806
Car-1,2008-09-14 02:30:53,115.84398,40.032607
Car-1,2008-09-14 02:30:55,115.843658,40.032398
Car-1,2008-09-14 02:30:57,115.843329,40.032191
Car-1,2008-09-14 02:30:59,115.843006,40.031969
Car-1,2008-09-14 02:31:01,115.842704,40.03175
Car-1,2008-09-14 02:31:03,115.842449,40.031521
Car-1,2008-09-14 02:31:05,115.842228,40.031264
Car-1,2008-09-14 02:31:07,115.842008,40.030996
Car-1,2008-09-14 02:31:09,115.841783,40.030717
Car-1,2008-09-14 02:31:11,115.841538,40.030454
Car-1,2008-09-14 02:31:13,115.841297,40.030192
Car-1,2008-09-14 02:31:15,115.841061,40.029935
Car-1,2008-09-14 02:31:17,115.840854,40.029673
Car-1,2008-09-14 02:31:19,115.840683,40.029379
Car-1,2008-09-14 02:31:21,115.840576,40.029033
Car-1,2008-09-14 02:31:23,115.840428,40.028714
Car-1,2008-09-14 02:31:25,115.840242,40.028419
Car-1,2008-09-14 02:31:27,115.840046,40.028153
Car-1,2008-09-14 02:31:29,115.839808,40.027936
Car-1,2008-09-14 02:31:31,115.839553,40.027748
Car-1,2008-09-14 02:31:33,115.839277,40.027609
Car-1,2008-09-14 02:31:35,115.838999,40.027489
Car-1,2008-09-14 02:31:37,115.838719,40.027366
Car-1,2008-09-14 02:31:39,115.838456,40.027229
Car-1,2008-09-14 02:31:41,115.838216,40.027072
Car-1,2008-09-14 02:31:43,115.837994,40.026893
Car-1,2008-09-14 02:31:45,115.837799,40.026707
Car-1,2008-09-14 02:31:47,115.837654,40.026522
Car-1,2008-09-14 02:31:49,115.837564,40.026347
Car-1,2008-09-14 02:31:51,115.837529,40.02615
Car-1,2008-09-14 02:31:53,115.837502,40.025935
Car-1,2008-09-14 02:31:55,115.837446,40.025728
Car-1,2008-09-14 02:31:57,115.837338,40.025528
Car-1,2008-09-14 02:31:59,115.837215,40.025322
Car-1,2008-09-14 02:32:01,115.837093,40.025096
Car-1,2008-09-14 02:32:03,115.836943,40.02491
Car-1,2008-09-14 02:32:05,115.836815,40.024682
Car-1,2008-09-14 02:32:07,115.836681,40.024476
Car-1,2008-09-14 02:32:09,115.836557,40.024264
Car-1,2008-09-14 02:32:11,115.836428,40.024041
Car-1,2008-09-14 02:32:13,115.836321,40.02379
Car-1,2008-09-14 02:32:15,115.836209,40.023555
Car-1,2008-09-14 02:32:17,115.836108,40.023322
Car-1,2008-09-14 02:32:19,115.836027,40.023084
Car-1,2008-09-14 02:32:21,115.835923,40.022841
Car-1,2008-09-14 02:32:23,115.835807,40.022599
Car-1,2008-09-14 02:32:25,115.83568,40.022354
Car-1,2008-09-14 02:32:27,115.835568,40.022112
Car-1,2008-09-14 02:32:29,115.835447,40.021862
Car-1,2008-09-14 02:32:31,115.835323,40.021606
Car-1,2008-09-14 02:32:33,115.835205,40.021366
Car-1,2008-09-14 02:32:35,115.835062,40.021147
Car-1,2008-09-14 02:32:37,115.834873,40.020925
Car-1,2008-09-14 02:32:39,115.834687,40.020704
Car-1,2008-09-14 02:32:41,115.834478,40.020474
Car-1,2008-09-14 02:32:43,115.834261,40.020234
Car-1,2008-09-14 02:32:45,115.833983,40.020037
Car-1,2008-09-14 02:32:47,115.83372,40.01979
Car-1,2008-09-14 02:32:49,115.833421,40.01957
Car-1,2008-09-14 02:32:51,115.833119,40.019356
Car-1,2008-09-14 02:32:53,115.832811,40.019163
Car-1,2008-09-14 02:32:55,115.832523,40.018974
Car-1,2008-09-14 02:32:57,115.832239,40.018777
Car-1,2008-09-14 02:32:59,115.831952,40.018579
Car-1,2008-09-14 02:33:01,115.831698,40.018381
Car-1,2008-09-14 02:33:03,115.83149,40.018173
Car-1,2008-09-14 02:33:05,115.831306,40.017946
Car-1,2008-09-14 02:33:07,115.83107,40.017731
Car-1,2008-09-14 02:33:09,115.830806,40.017536
Car-1,2008-09-14 02:33:11,115.830524,40.017345
Car-1,2008-09-14 02:33:13,115.830238,40.01715
Car-1,2008-09-14 02:33:15,115.829947,40.016966
Car-1,2008-09-14 02:33:17,115.829651,40.016786
Car-1,2008-09-14 02:33:19,115.829331,40.016627
Car-1,2008-09-14 02:33:21,115.828955,40.016506
Car-1,2008-09-14 02:33:23,115.828555,40.016404
Car-1,2008-09-14 02:33:25,115.82814,40.016311
Car-1,2008-09-14 02:33:27,115.827742,40.016228
Car-1,2008-09-14 02:33:29,115.827358,40.016169
Car-1,2008-09-14 02:33:31,115.826956,40.016137
Car-1,2008-09-14 02:33:33,115.826571,40.016107
Car-1,2008-09-14 02:33:35,115.826178,40.016091
Car-1,2008-09-14 02:33:37,115.825793,40.016062
Car-1,2008-09-14 02:33:39,115.825458,40.015988
Car-1,2008-09-14 02:33:41,115.82518,40.015869
Car-1,2008-09-14 02:33:43,115.824994,40.015706
Car-1,2008-09-14 02:33:45,115.824883,40.01552
Car-1,2008-09-14 02:33:47,115.824809,40.015304
Car-1,2008-09-14 02:33:49,115.824736,40.015058
Car-1,2008-09-14 02:33:51,115.824656,40.014793
Car-1,2008-09-14 02:33:53,115.824575,40.01451
Car-1,2008-09-14 02:33:55,115.824501,40.01421
Car-1,2008-09-14 02:33:57,115.824417,40.013917
Car-1,2008-09-14 02:33:59,115.824299,40.013624
Car-1,2008-09-14 02:34:01,115.824164,40.013318
Car-1,2008-09-14 02:34:03,115.82401,40.013012
Car-1,2008-09-14 02:34:05,115.823847,40.012699
Car-1,2008-09-14 02:34:07,115.823659,40.012395
Car-1,2008-09-14 02:34:09,115.823498,40.012105
Car-1,2008-09-14 02:34:11,115.823312,40.011857
Car-1,2008-09-14 02:34:13,115.823106,40.011701
Car-1,2008-09-14 02:34:15,115.822873,40.01164
Car-1,2008-09-14 02:34:17,115.822628,40.011646
Car-1,2008-09-14 02:34:19,115.822334,40.011702
Car-1,2008-09-14 02:34:21,115.822046,40.011719
Car-1,2008-09-14 02:34:23,115.821752,40.011739
Car-1,2008-09-14 02:34:25,115.82146,40.011776
Car-1,2008-09-14 02:34:27,115.821167,40.011829
Car-1,2008-09-14 02:34:29,115.82086,40.011873
Car-1,2008-09-14 02:34:31,115.820538,40.011904
Car-1,2008-09-14 02:34:33,115.820244,40.011909
Car-1,2008-09-14 02:34:35,115.819975,40.011904
Car-1,2008-09-14 02:34:37,115.819727,40.011963
Car-1,2008-09-14 02:34:39,115.819505,40.012079
Car-1,2008-09-14 02:34:41,115.819286,40.012231
Car-1,2008-09-14 02:34:43,115.8191,40.012361
Car-1,2008-09-14 02:34:45,115.818906,40.01248
Car-1,2008-09-14 02:34:47,115.818704,40.012577
Car-1,2008-09-14 02:34:49,115.818475,40.012665
Car-1,2008-09-14 02:34:51,115.818224,40.012752
Car-1,2008-09-14 02:34:53,115.81794,40.01285
Car-1,2008-09-14 02:34:55,115.817646,40.01294
Car-1,2008-09-14 02:34:57,115.817348,40.013021
Car-1,2008-09-14 02:34:59,115.81706,40.013097
Car-1,2008-09-14 02:35:01,115.81679,40.013159
Car-1,2008-09-14 02:35:03,115.816529,40.013249
Car-1,2008-09-14 02:35:05,115.816271,40.013384
Car-1,2008-09-14 02:35:07,115.815996,40.013516
Car-1,2008-09-14 02:35:09,115.815722,40.013667
Car-1,2008-09-14 02:35:11,115.815442,40.013815
Car-1,2008-09-14 02:35:13,115.815158,40.013958
Car-1,2008-09-14 02:35:15,115.814864,40.014057
Car-1,2008-09-14 02:35:17,115.814546,40.014058
Car-1,2008-09-14 02:35:19,115.814214,40.014019
Car-1,2008-09-14 02:35:21,115.813884,40.013956
Car-1,2008-09-14 02:35:23,115.813562,40.013858
Car-1,2008-09-14 02:35:25,115.813238,40.013732
Car-1,2008-09-14 02:35:27,115.812902,40.013584
Car-1,2008-09-14 02:35:29,115.812574,40.013428
Car-1,2008-09-14 02:35:31,115.812216,40.013299
Car-1,2008-09-14 02:35:33,115.811845,40.013196
Car-1,2008-09-14 02:35:35,115.811483,40.013086
Car-1,2008-09-14 02:35:37,115.811158,40.012966
Car-1,2008-09-14 02:35:39,115.810907,40.012794
Car-1,2008-09-14 02:35:41,115.810727,40.012573
Car-1,2008-09-14 02:35:43,115.810577,40.012319
Car-1,2008-09-14 02:35:45,115.810442,40.012047
Car-1,2008-09-14 02:35:47,115.810299,40.011761
Car-1,2008-09-14 02:35:49,115.810151,40.011464
Car-1,2008-09-14 02:35:51,115.810004,40.011159
Car-1,2008-09-14 02:35:53,115.809887,40.010838
Car-1,2008-09-14 02:35:55,115.809814,40.010511
Car-1,2008-09-14 02:35:57,115.809788,40.010167
Car-1,2008-09-14 02:35:59,115.809791,40.009839
Car-1,2008-09-14 02:36:01,115.809831,40.009521
Car-1,2008-09-14 02:36:03,115.809868,40.009223
Car-1,2008-09-14 02:36:05,115.809876,40.00894
Car-1,2008-09-14 02:36:07,115.809809,40.008674
Car-1,2008-09-14 02:36:09,115.809679,40.008427
Car-1,2008-09-14 02:36:11,115.809514,40.008194
Car-1,2008-09-14 02:36:13,115.809301,40.007994
Car-1,2008-09-14 02:36:15,115.809084,40.007791
Car-1,2008-09-14 02:36:17,115.80888,40.007533
Car-1,2008-09-14 02:36:19,115.80863,40.007287
Car-1,2008-09-14 02:36:21,115.808356,40.007042
Car-1,2008-09-14 02:36:23,115.808086,40.006782
Car-1,2008-09-14 02:36:25,115.807821,40.006501
Car-1,2008-09-14 02:36:27,115.807533,40.00623
Car-1,2008-09-14 02:36:29,115.807251,40.005978
Car-1,2008-09-14 02:36:31,115.806989,40.005749
Car-1,2008-09-14 02:36:33,115.806764,40.005549
Car-1,2008-09-14 02:36:35,115.806647,40.00532
Car-1,2008-09-14 02:36:37,115.806515,40.00512
Car-1,2008-09-14 02:36:39,115.806369,40.004921
Car-1,2008-09-14 02:36:41,115.806215,40.004733
Car-1,2008-09-14 02:36:43,115.806225,40.004397
Car-1,2008-09-14 02:36:45,115.80645,40.003885
Car-1,2008-09-14 02:36:47,115.806594,40.003532
Car-1,2008-09-14 02:36:49,115.806723,40.0032
Car-1,2008-09-14 02:36:51,115.8068,40.002945
Car-1,2008-09-14 02:36:53,115.806832,40.002709
Car-1,2008-09-14 02:36:55,115.806774,40.002483
Car-1,2008-09-14 02:36:57,115.806654,40.002268
Car-1,2008-09-14 02:37:01,115.805879,40.002374
Car-1,2008-09-14 02:37:03,115.805492,40.002415
Car-1,2008-09-14 02:37:05,115.805117,40.002477
Car-1,2008-09-14 02:37:07,115.804793,40.002548
Car-1,2008-09-14 02:37:09,115.804411,40.002675
Car-1,2008-09-14 02:37:11,115.804015,40.002757
Car-1,2008-09-14 02:37:13,115.803621,40.002804
Car-1,2008-09-14 02:37:15,115.80323,40.002826
Car-1,2008-09-14 02:37:17,115.802789,40.00289
Car-1,2008-09-14 02:37:19,115.802381,40.002871
Car-1,2008-09-14 02:37:21,115.801981,40.002848
Car-1,2008-09-14 02:37:23,115.801608,40.002809
Car-1,2008-09-14 02:37:25,115.801352,40.00267
Car-1,2008-09-14 02:37:27,115.801124,40.002521
Car-1,2008-09-14 02:37:29,115.800892,40.00234
Car-1,2008-09-14 02:37:31,115.800656,40.002143
Car-1,2008-09-14 02:37:33,115.800373,40.001975
Car-1,2008-09-14 02:37:35,115.800034,40.001877
Car-1,2008-09-14 02:37:37,115.799651,40.00184
Car-1,2008-09-14 02:37:39,115.799275,40.001853
Car-1,2008-09-14 02:37:41,115.79893,40.001921
Car-1,2008-09-14 02:37:43,115.798608,40.00201
Car-1,2008-09-14 02:37:45,115.798299,40.002131
Car-1,2008-09-14 02:37:47,115.797999,40.002286
Car-1,2008-09-14 02:37:49,115.797729,40.0025
Car-1,2008-09-14 02:37:51,115.797521,40.002716
Car-1,2008-09-14 02:37:53,115.797371,40.00297
Car-1,2008-09-14 02:37:55,115.79728,40.003248
Car-1,2008-09-14 02:37:57,115.797259,40.003573
Car-1,2008-09-14 02:37:59,115.797317,40.003894
Car-1,2008-09-14 02:38:01,115.797425,40.004162
Car-1,2008-09-14 02:38:03,115.797484,40.004409
Car-1,2008-09-14 02:38:05,115.797481,40.00466
Car-1,2008-09-14 02:38:07,115.797414,40.004918
Car-1,2008-09-14 02:38:09,115.797347,40.005183
Car-1,2008-09-14 02:38:11,115.797266,40.005444
Car-1,2008-09-14 02:38:13,115.797157,40.005711
Car-1,2008-09-14 02:38:15,115.797019,40.005979
Car-1,2008-09-14 02:38:17,115.796823,40.006206
Car-1,2008-09-14 02:38:19,115.796581,40.006388
Car-1,2008-09-14 02:38:21,115.796315,40.00656
Car-1,2008-09-14 02:38:23,115.79606,40.006741
Car-1,2008-09-14 02:38:25,115.795802,40.006919
Car-1,2008-09-14 02:38:27,115.795545,40.007098
Car-1,2008-09-14 02:38:29,115.795342,40.007311
Car-1,2008-09-14 02:38:31,115.795225,40.007554
Car-1,2008-09-14 02:38:33,115.795209,40.00781
Car-1,2008-09-14 02:38:35,115.795255,40.008065
Car-1,2008-09-14 02:38:37,115.795303,40.008301
Car-1,2008-09-14 02:38:39,115.795292,40.008573
Car-1,2008-09-14 02:38:41,115.795243,40.008833
Car-1,2008-09-14 02:38:43,115.79511,40.009065
Car-1,2008-09-14 02:38:45,115.79494,40.009281
Car-1,2008-09-14 02:38:47,115.794728,40.00949
Car-1,2008-09-14 02:38:49,115.79449,40.009702
Car-1,2008-09-14 02:38:51,115.794227,40.009904
Car-1,2008-09-14 02:38:53,115.793936,40.010103
Car-1,2008-09-14 02:38:55,115.793634,40.010313
Car-1,2008-09-14 02:38:57,115.793313,40.010523
Car-1,2008-09-14 02:38:59,115.792965,40.010709
Car-1,2008-09-14 02:39:01,115.792601,40.010877
Car-1,2008-09-14 02:39:03,115.792235,40.011025
Car-1,2008-09-14 02:39:05,115.791877,40.011147
Car-1,2008-09-14 02:39:07,115.791541,40.011201
Car-1,2008-09-14 02:39:09,115.79126,40.011206
Car-1,2008-09-14 02:39:11,115.79107,40.011171
Car-1,2008-09-14 02:39:13,115.790999,40.011071
Car-1,2008-09-14 02:39:15,115.791087,40.010802
Car-1,2008-09-14 02:39:17,115.791128,40.010551
Car-1,2008-09-14 02:39:19,115.791121,40.010316
Car-1,2008-09-14 02:39:21,115.791094,40.010046
Car-1,2008-09-14 02:39:23,115.791,40.009772
Car-1,2008-09-14 02:39:25,115.790823,40.009548
Car-1,2008-09-14 02:39:27,115.790588,40.009355
Car-1,2008-09-14 02:39:29,115.790341,40.009156
Car-1,2008-09-14 02:39:31,115.790094,40.008943
Car-1,2008-09-14 02:39:33,115.789835,40.008736
Car-1,2008-09-14 02:39:35,115.789584,40.008538
Car-1,2008-09-14 02:39:37,115.789363,40.00835
Car-1,2008-09-14 02:39:39,115.789187,40.008141
Car-1,2008-09-14 02:39:41,115.789042,40.007911
Car-1,2008-09-14 02:39:43,115.788863,40.007723
Car-1,2008-09-14 02:39:45,115.788794,40.00741
Car-1,2008-09-14 02:39:47,115.788685,40.007141
Car-1,2008-09-14 02:39:49,115.788579,40.006872
Car-1,2008-09-14 02:39:51,115.788498,40.006581
Car-1,2008-09-14 02:39:53,115.788408,40.006306
Car-1,2008-09-14 02:39:55,115.788305,40.006032
Car-1,2008-09-14 02:39:57,115.788201,40.005736
Car-1,2008-09-14 02:39:59,115.788034,40.005509
Car-1,2008-09-14 02:40:01,115.78788,40.005319
Car-1,2008-09-14 02:40:03,115.787744,40.005157
Car-1,2008-09-14 02:40:05,115.787632,40.004963
Car-1,2008-09-14 02:40:07,115.787511,40.004749
Car-1,2008-09-14 02:40:09,115.787374,40.004533
Car-1,2008-09-14 02:40:11,115.787227,40.004303
Car-1,2008-09-14 02:40:13,115.787039,40.004046
Car-1,2008-09-14 02:40:15,115.786809,40.003776
Car-1,2008-09-14 02:40:17,115.786535,40.003532
Car-1,2008-09-14 02:40:19,115.786231,40.00332
Car-1,2008-09-14 02:40:21,115.785968,40.003057
Car-1,2008-09-14 02:40:23,115.785714,40.002843
Car-1,2008-09-14 02:40:25,115.785437,40.002749
Car-1,2008-09-14 02:40:27,115.78515,40.002765
Car-1,2008-09-14 02:40:29,115.784857,40.002807
Car-1,2008-09-14 02:40:31,115.784531,40.00286
Car-1,2008-09-14 02:40:33,115.784191,40.002905
Car-1,2008-09-14 02:40:35,115.783851,40.002973
Car-1,2008-09-14 02:40:37,115.783531,40.003065
Car-1,2008-09-14 02:40:39,115.783214,40.003172
Car-1,2008-09-14 02:40:41,115.782869,40.003262
Car-1,2008-09-14 02:40:43,115.782468,40.003309
Car-1,2008-09-14 02:40:45,115.782071,40.003332
Car-1,2008-09-14 02:40:47,115.781688,40.003309
Car-1,2008-09-14 02:40:49,115.781311,40.003253
Car-1,2008-09-14 02:40:51,115.780965,40.00314
Car-1,2008-09-14 02:40:53,115.780646,40.002984
Car-1,2008-09-14 02:40:55,115.780375,40.002778
Car-1,2008-09-14 02:40:57,115.780139,40.002545
Car-1,2008-09-14 02:40:59,115.779924,40.002296
Car-1,2008-09-14 02:41:01,115.779681,40.002069
Car-1,2008-09-14 02:41:03,115.779401,40.001879
Car-1,2008-09-14 02:41:05,115.779065,40.001727
Car-1,2008-09-14 02:41:07,115.778716,40.001609
Car-1,2008-09-14 02:41:09,115.778324,40.001507
Car-1,2008-09-14 02:41:11,115.777912,40.001405
Car-1,2008-09-14 02:41:13,115.777476,40.001282
Car-1,2008-09-14 02:41:15,115.777043,40.001137
Car-1,2008-09-14 02:41:17,115.776614,40.000988
Car-1,2008-09-14 02:41:19,115.77621,40.000825
Car-1,2008-09-14 02:41:21,115.775812,40.000677
Car-1,2008-09-14 02:41:23,115.775435,40.000529
Car-1,2008-09-14 02:41:25,115.775091,40.000368
Car-1,2008-09-14 02:41:27,115.774833,40.000143
Car-1,2008-09-14 02:41:29,115.774578,39.999913
Car-1,2008-09-14 02:41:31,115.774306,39.999661
Car-1,2008-09-14 02:41:33,115.77404,39.999413
Car-1,2008-09-14 02:41:35,115.773772,39.999157
Car-1,2008-09-14 02:41:37,115.773516,39.998924
Car-1,2008-09-14 02:41:39,115.773235,39.998685
Car-1,2008-09-14 02:41:41,115.77296,39.99844
Car-1,2008-09-14 02:41:43,115.772695,39.998191
Car-1,2008-09-14 02:41:45,115.772417,39.997934
Car-1,2008-09-14 02:41:47,115.772135,39.997684
Car-1,2008-09-14 02:41:49,115.77186,39.997426
Car-1,2008-09-14 02:41:51,115.771591,39.997179
Car-1,2008-09-14 02:41:53,115.77133,39.996942
Car-1,2008-09-14 02:41:55,115.771074,39.996709
Car-1,2008-09-14 02:41:57,115.770819,39.996482
Car-1,2008-09-14 02:41:59,115.770542,39.996277
Car-1,2008-09-14 02:42:01,115.770261,39.996066
Car-1,2008-09-14 02:42:03,115.769982,39.995865
Car-1,2008-09-14 02:42:05,115.7697,39.995663
Car-1,2008-09-14 02:42:07,115.769409,39.995461
Car-1,2008-09-14 02:42:09,115.769127,39.995276
Car-1,2008-09-14 02:42:11,115.768874,39.995138
Car-1,2008-09-14 02:42:13,115.768642,39.995039
Car-1,2008-09-14 02:42:15,115.768391,39.994932
Car-1,2008-09-14 02:42:17,115.768116,39.994833
Car-1,2008-09-14 02:42:19,115.767818,39.99474
Car-1,2008-09-14 02:42:21,115.767497,39.994653
Car-1,2008-09-14 02:42:23,115.767165,39.994561
Car-1,2008-09-14 02:42:25,115.766821,39.994466
Car-1,2008-09-14 02:42:27,115.766448,39.994366
Car-1,2008-09-14 02:42:29,115.766074,39.994261
Car-1,2008-09-14 02:42:31,115.765693,39.994158
Car-1,2008-09-14 02:42:33,115.76531,39.99406
Car-1,2008-09-14 02:42:35,115.764922,39.993959
Car-1,2008-09-14 02:42:37,115.764518,39.99386
Car-1,2008-09-14 02:42:39,115.764102,39.99378
Car-1,2008-09-14 02:42:41,115.763668,39.993703
Car-1,2008-09-14 02:42:43,115.763235,39.993623
Car-1,2008-09-14 02:42:45,115.76279,39.993552
Car-1,2008-09-14 02:42:47,115.762347,39.993468
Car-1,2008-09-14 02:42:49,115.761894,39.993387
Car-1,2008-09-14 02:42:51,115.761445,39.993313
Car-1,2008-09-14 02:42:53,115.761002,39.993235
Car-1,2008-09-14 02:42:55,115.760582,39.993161
Car-1,2008-09-14 02:42:57,115.760178,39.993083
Car-1,2008-09-14 02:42:59,115.759781,39.992998
Car-1,2008-09-14 02:43:01,115.759388,39.992924
Car-1,2008-09-14 02:43:03,115.759018,39.992836
Car-1,2008-09-14 02:43:05,115.758651,39.992763
Car-1,2008-09-14 02:43:07,115.75831,39.992688
Car-1,2008-09-14 02:43:09,115.758001,39.992622
Car-1,2008-09-14 02:43:11,115.757724,39.992568
Car-1,2008-09-14 02:43:13,115.757467,39.992516
Car-1,2008-09-14 02:43:15,115.757213,39.99247
Car-1,2008-09-14 02:43:17,115.756952,39.99241
Car-1,2008-09-14 02:43:19,115.756652,39.992358
Car-1,2008-09-14 02:43:21,115.756347,39.992291
Car-1,2008-09-14 02:43:23,115.756015,39.992193
Car-1,2008-09-14 02:43:25,115.755665,39.992088
Car-1,2008-09-14 02:43:27,115.755311,39.991971
Car-1,2008-09-14 02:43:29,115.754932,39.991863
Car-1,2008-09-14 02:43:31,115.754551,39.991749
Car-1,2008-09-14 02:43:33,115.754189,39.991633
Car-1,2008-09-14 02:43:35,115.753859,39.991481
Car-1,2008-09-14 02:43:37,115.753568,39.991275
Car-1,2008-09-14 02:43:39,115.753303,39.99103
Car-1,2008-09-14 02:43:41,115.753067,39.990753
Car-1,2008-09-14 02:43:43,115.752826,39.990456
Car-1,2008-09-14 02:43:45,115.752569,39.990151
Car-1,2008-09-14 02:43:47,115.752305,39.989839
Car-1,2008-09-14 02:43:49,115.752026,39.989525
Car-1,2008-09-14 02:43:51,115.751767,39.989218
Car-1,2008-09-14 02:43:53,115.751506,39.988918
Car-1,2008-09-14 02:43:55,115.751244,39.98862
Car-1,2008-09-14 02:43:57,115.750989,39.988319
Car-1,2008-09-14 02:43:59,115.750732,39.988024
Car-1,2008-09-14 02:44:01,115.750475,39.987725
Car-1,2008-09-14 02:44:03,115.75022,39.987418
Car-1,2008-09-14 02:44:05,115.749955,39.987116
Car-1,2008-09-14 02:44:07,115.749689,39.986814
Car-1,2008-09-14 02:44:09,115.749396,39.986529
Car-1,2008-09-14 02:44:11,115.749089,39.98626
Car-1,2008-09-14 02:44:13,115.748769,39.985984
Car-1,2008-09-14 02:44:15,115.748427,39.985729
Car-1,2008-09-14 02:44:17,115.74809,39.985477
Car-1,2008-09-14 02:44:19,115.747759,39.985229
Car-1,2008-09-14 02:44:21,115.747446,39.985006
Car-1,2008-09-14 02:44:23,115.747138,39.984808
Car-1,2008-09-14 02:44:25,115.746839,39.984629
Car-1,2008-09-14 02:44:27,115.74653,39.984473
Car-1,2008-09-14 02:44:29,115.746198,39.984348
Car-1,2008-09-14 02:44:31,115.745818,39.984283
Car-1,2008-09-14 02:44:33,115.745424,39.984237
Car-1,2008-09-14 02:44:35,115.74501,39.98422
Car-1,2008-09-14 02:44:37,115.744586,39.984211
Car-1,2008-09-14 02:44:39,115.744177,39.984209
Car-1,2008-09-14 02:44:41,115.743775,39.984251
Car-1,2008-09-14 02:44:43,115.74338,39.984325
Car-1,2008-09-14 02:44:45,115.74297,39.98442
Car-1,2008-09-14 02:44:47,115.742576,39.984514
Car-1,2008-09-14 02:44:49,115.74219,39.984628
Car-1,2008-09-14 02:44:51,115.741814,39.984789
Car-1,2008-09-14 02:44:53,115.741452,39.984954
Car-1,2008-09-14 02:44:55,115.741083,39.985115
Car-1,2008-09-14 02:44:57,115.740697,39.985259
Car-1,2008-09-14 02:44:59,115.740279,39.985373
Car-1,2008-09-14 02:45:01,115.739821,39.985458
Car-1,2008-09-14 02:45:03,115.739347,39.985486
Car-1,2008-09-14 02:45:05,115.738886,39.985476
Car-1,2008-09-14 02:45:07,115.738428,39.985508
Car-1,2008-09-14 02:45:09,115.737986,39.985581
Car-1,2008-09-14 02:45:11,115.737537,39.98567
Car-1,2008-09-14 02:45:13,115.737078,39.985763
Car-1,2008-09-14 02:45:15,115.73662,39.98586
Car-1,2008-09-14 02:45:17,115.736143,39.985951
Car-1,2008-09-14 02:45:19,115.735676,39.986029
Car-1,2008-09-14 02:45:21,115.735212,39.986055
Car-1,2008-09-14 02:45:23,115.73475,39.986039
Car-1,2008-09-14 02:45:25,115.7343,39.986002
Car-1,2008-09-14 02:45:27,115.733836,39.985967
Car-1,2008-09-14 02:45:29,115.733373,39.985928
Car-1,2008-09-14 02:45:31,115.732912,39.985884
Car-1,2008-09-14 02:45:33,115.732452,39.985844
Car-1,2008-09-14 02:45:35,115.731989,39.985809
Car-1,2008-09-14 02:45:37,115.731518,39.985772
Car-1,2008-09-14 02:45:39,115.731036,39.985732
Car-1,2008-09-14 02:45:41,115.730558,39.985688
Car-1,2008-09-14 02:45:43,115.730079,39.985647
Car-1,2008-09-14 02:45:45,115.729599,39.985608
Car-1,2008-09-14 02:45:47,115.729108,39.985563
Car-1,2008-09-14 02:45:49,115.728604,39.98552
Car-1,2008-09-14 02:45:51,115.728108,39.985488
Car-1,2008-09-14 02:45:53,115.727624,39.985452
Car-1,2008-09-14 02:45:55,115.727145,39.985417
Car-1,2008-09-14 02:45:57,115.726691,39.985392
Car-1,2008-09-14 02:45:59,115.726252,39.985376
Car-1,2008-09-14 02:46:01,115.725826,39.985343
Car-1,2008-09-14 02:46:03,115.725419,39.985251
Car-1,2008-09-14 02:46:05,115.725077,39.985099
Car-1,2008-09-14 02:46:07,115.724834,39.984877
Car-1,2008-09-14 02:46:09,115.72464,39.984602
Car-1,2008-09-14 02:46:11,115.724436,39.984315
Car-1,2008-09-14 02:46:13,115.72422,39.984026
Car-1,2008-09-14 02:46:15,115.724003,39.983725
Car-1,2008-09-14 02:46:17,115.723781,39.983419
Car-1,2008-09-14 02:46:19,115.723546,39.983123
Car-1,2008-09-14 02:46:21,115.723287,39.982828
Car-1,2008-09-14 02:46:23,115.722958,39.982571
Car-1,2008-09-14 02:46:25,115.722611,39.982332
Car-1,2008-09-14 02:46:27,115.722251,39.982112
Car-1,2008-09-14 02:46:29,115.72189,39.981893
Car-1,2008-09-14 02:46:31,115.721525,39.981666
Car-1,2008-09-14 02:46:33,115.721159,39.981435
Car-1,2008-09-14 02:46:35,115.720793,39.981202
Car-1,2008-09-14 02:46:37,115.720433,39.980983
Car-1,2008-09-14 02:46:39,115.720093,39.980775
Car-1,2008-09-14 02:46:41,115.71977,39.980566
Car-1,2008-09-14 02:46:43,115.719439,39.980357
Car-1,2008-09-14 02:46:45,115.719095,39.980161
Car-1,2008-09-14 02:46:47,115.718731,39.979994
Car-1,2008-09-14 02:46:49,115.718349,39.979864
Car-1,2008-09-14 02:46:51,115.717961,39.979757
Car-1,2008-09-14 02:46:53,115.717578,39.979654
Car-1,2008-09-14 02:46:55,115.717212,39.979564
Car-1,2008-09-14 02:46:57,115.716858,39.979462
Car-1,2008-09-14 02:46:59,115.716487,39.979355
Car-1,2008-09-14 02:47:01,115.71609,39.979236
Car-1,2008-09-14 02:47:03,115.715661,39.979109
Car-1,2008-09-14 02:47:05,115.715198,39.978979
Car-1,2008-09-14 02:47:07,115.71472,39.978848
Car-1,2008-09-14 02:47:09,115.71423,39.978712
Car-1,2008-09-14 02:47:11,115.713733,39.978577
Car-1,2008-09-14 02:47:13,115.713229,39.978453
Car-1,2008-09-14 02:47:15,115.71274,39.978326
Car-1,2008-09-14 02:47:17,115.712267,39.978196
Car-1,2008-09-14 02:47:19,115.711799,39.978067
Car-1,2008-09-14 02:47:21,115.711364,39.97795
Car-1,2008-09-14 02:47:23,115.710956,39.977844
Car-1,2008-09-14 02:47:25,115.710548,39.977761
Car-1,2008-09-14 02:47:27,115.71014,39.977696
Car-1,2008-09-14 02:47:29,115.709723,39.977642
Car-1,2008-09-14 02:47:31,115.709325,39.977605
Car-1,2008-09-14 02:47:33,115.708946,39.977587
Car-1,2008-09-14 02:47:35,115.708571,39.977583
Car-1,2008-09-14 02:47:37,115.708186,39.977616
Car-1,2008-09-14 02:47:39,115.707777,39.977666
Car-1,2008-09-14 02:47:41,115.707356,39.977705
Car-1,2008-09-14 02:47:43,115.706922,39.977703
Car-1,2008-09-14 02:47:45,115.706466,39.977672
Car-1,2008-09-14 02:47:47,115.706002,39.977598
Car-1,2008-09-14 02:47:49,115.705532,39.977489
Car-1,2008-09-14 02:47:51,115.705068,39.977379
Car-1,2008-09-14 02:47:53,115.704615,39.977284
Car-1,2008-09-14 02:47:55,115.704182,39.977189
Car-1,2008-09-14 02:47:57,115.703754,39.977072
Car-1,2008-09-14 02:47:59,115.70333,39.976933
Car-1,2008-09-14 02:48:01,115.702908,39.97676
Car-1,2008-09-14 02:48:03,115.702514,39.976558
Car-1,2008-09-14 02:48:05,115.702135,39.976356
Car-1,2008-09-14 02:48:07,115.701781,39.976146
Car-1,2008-09-14 02:48:09,115.701446,39.975916
Car-1,2008-09-14 02:48:11,115.701162,39.97567
Car-1,2008-09-14 02:48:13,115.700901,39.975418
Car-1,2008-09-14 02:48:15,115.700653,39.975159
Car-1,2008-09-14 02:48:17,115.700401,39.974888
Car-1,2008-09-14 02:48:19,115.70014,39.974613
Car-1,2008-09-14 02:48:21,115.699871,39.974338
Car-1,2008-09-14 02:48:23,115.699588,39.974083
Car-1,2008-09-14 02:48:25,115.699298,39.973873
Car-1,2008-09-14 02:48:27,115.699015,39.973691
Car-1,2008-09-14 02:48:29,115.698724,39.973519
Car-1,2008-09-14 02:48:31,115.698426,39.973339
Car-1,2008-09-14 02:48:33,115.698115,39.973146
Car-1,2008-09-14 02:48:35,115.697784,39.972943
Car-1,2008-09-14 02:48:37,115.697444,39.972735
Car-1,2008-09-14 02:48:39,115.697107,39.972525
Car-1,2008-09-14 02:48:41,115.696777,39.972321
Car-1,2008-09-14 02:48:43,115.696452,39.97212
Car-1,2008-09-14 02:48:45,115.696138,39.971929
Car-1,2008-09-14 02:48:47,115.695818,39.971736
Car-1,2008-09-14 02:48:49,115.695493,39.971533
Car-1,2008-09-14 02:48:51,115.695149,39.971314
Car-1,2008-09-14 02:48:53,115.694789,39.971078
Car-1,2008-09-14 02:48:55,115.694409,39.970852
Car-1,2008-09-14 02:48:57,115.694016,39.97061
Car-1,2008-09-14 02:48:59,115.693612,39.970361
Car-1,2008-09-14 02:49:01,115.693214,39.970119
Car-1,2008-09-14 02:49:03,115.692831,39.969882
Car-1,2008-09-14 02:49:05,115.692456,39.969649
Car-1,2008-09-14 02:49:07,115.692096,39.969423
Car-1,2008-09-14 02:49:09,115.691753,39.969194
Car-1,2008-09-14 02:49:11,115.691445,39.968942
Car-1,2008-09-14 02:49:13,115.691136,39.9687
Car-1,2008-09-14 02:49:15,115.690849,39.96846
Car-1,2008-09-14 02:49:17,115.690551,39.96822
Car-1,2008-09-14 02:49:19,115.69025,39.967977
Car-1,2008-09-14 02:49:21,115.689942,39.967729
Car-1,2008-09-14 02:49:23,115.689629,39.967476
Car-1,2008-09-14 02:49:25,115.6893,39.967216
Car-1,2008-09-14 02:49:27,115.688965,39.966951
Car-1,2008-09-14 02:49:29,115.688626,39.966673
Car-1,2008-09-14 02:49:31,115.688288,39.966402
Car-1,2008-09-14 02:49:33,115.687958,39.96613
Car-1,2008-09-14 02:49:35,115.687629,39.965868
Car-1,2008-09-14 02:49:37,115.687294,39.965605
Car-1,2008-09-14 02:49:39,115.686981,39.965343
Car-1,2008-09-14 02:49:41,115.686673,39.965092
Car-1,2008-09-14 02:49:43,115.686388,39.964868
Car-1,2008-09-14 02:49:45,115.686104,39.964674
Car-1,2008-09-14 02:49:47,115.685812,39.964505
Car-1,2008-09-14 02:49:49,115.685492,39.964389
Car-1,2008-09-14 02:49:51,115.685172,39.964328
Car-1,2008-09-14 02:49:53,115.684839,39.964337
Car-1,2008-09-14 02:49:55,115.684501,39.964398
Car-1,2008-09-14 02:49:57,115.684143,39.964483
Car-1,2008-09-14 02:49:59,115.683769,39.964575
Car-1,2008-09-14 02:50:01,115.683379,39.964672
Car-1,2008-09-14 02:50:03,115.682985,39.964776
Car-1,2008-09-14 02:50:05,115.682609,39.964872
Car-1,2008-09-14 02:50:07,115.682251,39.964957
Car-1,2008-09-14 02:50:09,115.681909,39.965078
Car-1,2008-09-14 02:50:11,115.681621,39.96524
Car-1,2008-09-14 02:50:13,115.68136,39.965412
Car-1,2008-09-14 02:50:15,115.681097,39.965593
Car-1,2008-09-14 02:50:17,115.680818,39.965758
Car-1,2008-09-14 02:50:19,115.680504,39.965885
Car-1,2008-09-14 02:50:21,115.680155,39.965982
Car-1,2008-09-14 02:50:23,115.679787,39.96606
Car-1,2008-09-14 02:50:25,115.679414,39.96611
Car-1,2008-09-14 02:50:27,115.679038,39.966155
Car-1,2008-09-14 02:50:29,115.678649,39.966205
Car-1,2008-09-14 02:50:31,115.678288,39.966282
Car-1,2008-09-14 02:50:33,115.677947,39.966388
Car-1,2008-09-14 02:50:35,115.677606,39.966495
Car-1,2008-09-14 02:50:37,115.677267,39.9666
Car-1,2008-09-14 02:50:39,115.676953,39.966672
Car-1,2008-09-14 02:50:41,115.676674,39.966703
Car-1,2008-09-14 02:50:43,115.676394,39.966684
Car-1,2008-09-14 02:50:45,115.676096,39.966675
Car-1,2008-09-14 02:50:47,115.675778,39.966678
Car-1,2008-09-14 02:50:49,115.675441,39.966698
Car-1,2008-09-14 02:50:51,115.675086,39.966739
Car-1,2008-09-14 02:50:53,115.674728,39.966785
Car-1,2008-09-14 02:50:55,115.674366,39.966835
Car-1,2008-09-14 02:50:57,115.674006,39.966896
Car-1,2008-09-14 02:50:59,115.673681,39.96698
Car-1,2008-09-14 02:51:01,115.673435,39.967128
Car-1,2008-09-14 02:51:03,115.673237,39.967308
Car-1,2008-09-14 02:51:05,115.673023,39.967466
Car-1,2008-09-14 02:51:07,115.672779,39.967579
Car-1,2008-09-14 02:51:09,115.672516,39.967624
Car-1,2008-09-14 02:51:11,115.672274,39.967569
Car-1,2008-09-14 02:51:13,115.672126,39.967434
Car-1,2008-09-14 02:51:15,115.672058,39.967231
Car-1,2008-09-14 02:51:17,115.672005,39.967
Car-1,2008-09-14 02:51:19,115.671963,39.966764
Car-1,2008-09-14 02:51:21,115.67199,39.966539
Car-1,2008-09-14 02:51:23,115.672069,39.966336
Car-1,2008-09-14 02:51:25,115.672226,39.966197
Car-1,2008-09-14 02:51:27,115.672437,39.966093
Car-1,2008-09-14 02:51:29,115.672648,39.965982
Car-1,2008-09-14 02:51:31,115.672865,39.965859
Car-1,2008-09-14 02:51:33,115.673077,39.965735
Car-1,2008-09-14 02:51:35,115.673301,39.965615
Car-1,2008-09-14 02:51:37,115.673534,39.96549
Car-1,2008-09-14 02:51:39,115.673758,39.965382
Car-1,2008-09-14 02:51:41,115.674003,39.965292
Car-1,2008-09-14 02:51:43,115.674282,39.965229
Car-1,2008-09-14 02:51:45,115.674573,39.965188
Car-1,2008-09-14 02:51:47,115.674853,39.965165
Car-1,2008-09-14 02:51:49,115.675121,39.965167
Car-1,2008-09-14 02:51:51,115.675342,39.965197
Car-1,2008-09-14 02:51:53,115.675541,39.965207
Car-1,2008-09-14 02:51:55,115.675746,39.965188
Car-1,2008-09-14 02:51:57,115.675951,39.965129
Car-1,2008-09-14 02:51:59,115.676168,39.965051
Car-1,2008-09-14 02:52:01,115.676408,39.964978
Car-1,2008-09-14 02:52:03,115.676653,39.964922
Car-1,2008-09-14 02:52:05,115.676919,39.964873
Car-1,2008-09-14 02:52:07,115.677211,39.964814
Car-1,2008-09-14 02:52:09,115.67752,39.964743
Car-1,2008-09-14 02:52:11,115.677839,39.964661
Car-1,2008-09-14 02:52:13,115.67817,39.964582
Car-1,2008-09-14 02:52:15,115.678474,39.964495
Car-1,2008-09-14 02:52:17,115.678651,39.964351
Car-1,2008-09-14 02:52:19,115.678642,39.964191
Car-1,2008-09-14 02:52:21,115.678532,39.964059
Car-1,2008-09-14 02:52:23,115.67835,39.963993
Car-1,2008-09-14 02:52:25,115.678107,39.963971
Car-1,2008-09-14 02:52:27,115.677861,39.963914
Car-1,2008-09-14 02:52:29,115.677591,39.963803
Car-1,2008-09-14 02:52:31,115.677312,39.96368
Car-1,2008-09-14 02:52:33,115.677034,39.963557
Car-1,2008-09-14 02:52:35,115.676743,39.96346
Car-1,2008-09-14 02:52:37,115.67644,39.963364
Car-1,2008-09-14 02:52:39,115.676133,39.96325
Car-1,2008-09-14 02:52:41,115.675892,39.963124
Car-1,2008-09-14 02:52:43,115.675675,39.963006
Car-1,2008-09-14 02:52:45,115.675495,39.962895
Car-1,2008-09-14 02:52:47,115.675342,39.962812
Car-1,2008-09-14 02:52:49,115.675225,39.962759
Car-1,2008-09-14 02:52:51,115.675151,39.96274
Car-1,2008-09-14 03:00:11,115.674879,39.962802
Car-1,2008-09-14 03:00:13,115.674806,39.962838
Car-1,2008-09-14 03:00:15,115.674735,39.962869
Car-1,2008-09-14 03:00:17,115.674651,39.962908
Car-1,2008-09-14 03:00:19,115.67456,39.962935
Car-1,2008-09-14 03:00:21,115.674472,39.96296
Car-1,2008-09-14 03:00:23,115.674374,39.962974
Car-1,2008-09-14 03:00:25,115.674249,39.962971
Car-1,2008-09-14 03:00:27,115.674086,39.962923
Car-1,2008-09-14 03:00:29,115.673926,39.962834
Car-1,2008-09-14 03:00:31,115.673759,39.962738
Car-1,2008-09-14 03:00:33,115.673584,39.962633
Car-1,2008-09-14 03:00:35,115.67338,39.962535
Car-1,2008-09-14 03:00:37,115.673134,39.962448
Car-1,2008-09-14 03:00:39,115.672855,39.96238
Car-1,2008-09-14 03:00:41,115.672577,39.962325
Car-1,2008-09-14 03:00:43,115.672331,39.962306
Car-1,2008-09-14 03:00:45,115.672143,39.962345
Car-1,2008-09-14 03:00:47,115.672027,39.962443
Car-1,2008-09-14 03:00:49,115.671967,39.962582
Car-1,2008-09-14 03:00:51,115.671935,39.962732
Car-1,2008-09-14 03:00:53,115.671867,39.962889
Car-1,2008-09-14 03:00:55,115.671734,39.963027
Car-1,2008-09-14 03:00:57,115.671537,39.96311
Car-1,2008-09-14 03:00:59,115.671313,39.963137
Car-1,2008-09-14 03:01:01,115.67114,39.963083
Car-1,2008-09-14 03:01:03,115.671062,39.962947
Car-1,2008-09-14 03:01:05,115.671003,39.962801
Car-1,2008-09-14 03:01:07,115.670912,39.962656
Car-1,2008-09-14 03:01:09,115.670793,39.96255
Car-1,2008-09-14 03:01:11,115.670656,39.96251
Car-1,2008-09-14 03:01:13,115.670548,39.962512
Car-1,2008-09-14 03:01:15,115.670427,39.96259
Car-1,2008-09-14 03:01:17,115.670292,39.962711
Car-1,2008-09-14 03:01:19,115.670135,39.962831
Car-1,2008-09-14 03:01:21,115.669923,39.962917
Car-1,2008-09-14 03:01:23,115.669671,39.962945
Car-1,2008-09-14 03:01:25,115.669372,39.962932
Car-1,2008-09-14 03:01:27,115.669058,39.96289
Car-1,2008-09-14 03:01:29,115.668762,39.962856
Car-1,2008-09-14 03:01:31,115.668487,39.962883
Car-1,2008-09-14 03:01:33,115.668212,39.962964
Car-1,2008-09-14 03:01:35,115.667936,39.963085
Car-1,2008-09-14 03:01:37,115.667666,39.963213
Car-1,2008-09-14 03:01:39,115.667395,39.963275
Car-1,2008-09-14 03:01:41,115.667199,39.9632
Car-1,2008-09-14 03:01:43,115.667107,39.963046
Car-1,2008-09-14 03:01:45,115.667046,39.962896
Car-1,2008-09-14 03:01:47,115.667033,39.962656
Car-1,2008-09-14 03:01:49,115.667048,39.962439
Car-1,2008-09-14 03:01:51,115.667157,39.962242
Car-1,2008-09-14 03:01:53,115.667309,39.962048
Car-1,2008-09-14 03:01:55,115.667446,39.961852
Car-1,2008-09-14 03:01:57,115.66754,39.96166
Car-1,2008-09-14 03:01:59,115.667547,39.961484
Car-1,2008-09-14 03:02:01,115.667442,39.961343
Car-1,2008-09-14 03:02:03,115.667255,39.961279
Car-1,2008-09-14 03:02:05,115.667024,39.961259
Car-1,2008-09-14 03:02:07,115.666758,39.961262
Car-1,2008-09-14 03:02:09,115.666456,39.961285
Car-1,2008-09-14 03:02:11,115.666145,39.96132
Car-1,2008-09-14 03:02:13,115.66582,39.961331
Car-1,2008-09-14 03:02:15,115.665489,39.961307
Car-1,2008-09-14 03:02:17,115.665149,39.961286
Car-1,2008-09-14 03:02:19,115.664797,39.961264
Car-1,2008-09-14 03:02:21,115.664437,39.961257
Car-1,2008-09-14 03:02:23,115.664059,39.961258
Car-1,2008-09-14 03:02:25,115.663681,39.961242
Car-1,2008-09-14 03:02:27,115.663322,39.961237
Car-1,2008-09-14 03:02:29,115.663018,39.961228
Car-1,2008-09-14 03:02:31,115.662759,39.961145
Car-1,2008-09-14 03:02:33,115.662518,39.961031
Car-1,2008-09-14 03:02:35,115.662278,39.960885
Car-1,2008-09-14 03:02:37,115.66202,39.960734
Car-1,2008-09-14 03:02:39,115.661743,39.960613
Car-1,2008-09-14 03:02:41,115.661422,39.960527
Car-1,2008-09-14 03:02:43,115.661074,39.96046
Car-1,2008-09-14 03:02:45,115.660722,39.960395
Car-1,2008-09-14 03:02:47,115.660394,39.960355
Car-1,2008-09-14 03:02:49,115.660115,39.96039
Car-1,2008-09-14 03:02:51,115.659848,39.960484
Car-1,2008-09-14 03:02:53,115.659598,39.960633
Car-1,2008-09-14 03:02:55,115.659359,39.960818
Car-1,2008-09-14 03:02:57,115.659096,39.960972
Car-1,2008-09-14 03:02:59,115.658809,39.961049
Car-1,2008-09-14 03:03:01,115.658542,39.961053
Car-1,2008-09-14 03:03:03,115.6583,39.960985
Car-1,2008-09-14 03:03:05,115.658058,39.960921
Car-1,2008-09-14 03:03:07,115.657799,39.960907
Car-1,2008-09-14 03:03:09,115.657519,39.960953
Car-1,2008-09-14 03:03:11,115.657207,39.961005
Car-1,2008-09-14 03:03:13,115.656875,39.961056
Car-1,2008-09-14 03:03:15,115.656529,39.961117
Car-1,2008-09-14 03:03:17,115.656195,39.961154
Car-1,2008-09-14 03:03:19,115.655877,39.961136
Car-1,2008-09-14 03:03:21,115.655569,39.961049
Car-1,2008-09-14 03:03:23,115.655253,39.960937
Car-1,2008-09-14 03:03:25,115.654915,39.960807
Car-1,2008-09-14 03:03:27,115.654589,39.960666
Car-1,2008-09-14 03:03:29,115.654268,39.960515
Car-1,2008-09-14 03:03:31,115.653954,39.960342
Car-1,2008-09-14 03:03:33,115.653632,39.960166
Car-1,2008-09-14 03:03:35,115.653323,39.960001
Car-1,2008-09-14 03:03:37,115.653019,39.959842
Car-1,2008-09-14 03:03:39,115.652717,39.959682
Car-1,2008-09-14 03:03:41,115.652431,39.959526
Car-1,2008-09-14 03:03:43,115.652163,39.959389
Car-1,2008-09-14 03:03:45,115.651876,39.959264
Car-1,2008-09-14 03:03:47,115.651572,39.95918
Car-1,2008-09-14 03:03:49,115.651239,39.959173
Car-1,2008-09-14 03:03:51,115.650904,39.959216
Car-1,2008-09-14 03:03:53,115.650576,39.959256
Car-1,2008-09-14 03:03:55,115.650302,39.959234
Car-1,2008-09-14 03:03:57,115.650131,39.959164
Car-1,2008-09-14 03:03:59,115.650062,39.958969
Car-1,2008-09-14 03:04:01,115.650164,39.958772
Car-1,2008-09-14 03:04:03,115.650233,39.958584
Car-1,2008-09-14 03:04:05,115.650307,39.958407
Car-1,2008-09-14 03:04:07,115.650381,39.958212
Car-1,2008-09-14 03:04:09,115.650478,39.958025
Car-1,2008-09-14 03:04:11,115.650596,39.957826
Car-1,2008-09-14 03:04:13,115.650656,39.957612
Car-1,2008-09-14 03:04:15,115.650646,39.95739
Car-1,2008-09-14 03:04:17,115.650611,39.957133
Car-1,2008-09-14 03:04:19,115.650582,39.956847
Car-1,2008-09-14 03:04:21,115.65055,39.956533
Car-1,2008-09-14 03:04:23,115.650507,39.956217
Car-1,2008-09-14 03:04:25,115.650466,39.955907
Car-1,2008-09-14 03:04:27,115.650414,39.955639
Car-1,2008-09-14 03:04:29,115.65029,39.955435
Car-1,2008-09-14 03:04:31,115.650081,39.955276
Car-1,2008-09-14 03:04:33,115.64987,39.955139
Car-1,2008-09-14 03:04:35,115.649678,39.954978
Car-1,2008-09-14 03:04:37,115.649581,39.954767
Car-1,2008-09-14 03:04:39,115.649523,39.954536
Car-1,2008-09-14 03:04:41,115.649466,39.954279
Car-1,2008-09-14 03:04:43,115.64942,39.95401
Car-1,2008-09-14 03:04:45,115.649359,39.953735
Car-1,2008-09-14 03:04:47,115.649295,39.95345
Car-1,2008-09-14 03:04:49,115.649275,39.953166
Car-1,2008-09-14 03:04:51,115.649328,39.95289
Car-1,2008-09-14 03:04:53,115.649463,39.952624
Car-1,2008-09-14 03:04:55,115.649621,39.952354
Car-1,2008-09-14 03:04:57,115.649773,39.952086
Car-1,2008-09-14 03:04:59,115.649919,39.95182
Car-1,2008-09-14 03:05:01,115.650041,39.951572
Car-1,2008-09-14 03:05:03,115.650105,39.951336
Car-1,2008-09-14 03:05:05,115.650085,39.951102
Car-1,2008-09-14 03:05:07,115.649957,39.950913
Car-1,2008-09-14 03:05:09,115.649796,39.950707
Car-1,2008-09-14 03:05:11,115.649625,39.95048
Car-1,2008-09-14 03:05:13,115.649448,39.950233
Car-1,2008-09-14 03:05:15,115.649277,39.949942
Car-1,2008-09-14 03:05:17,115.64911,39.949636
Car-1,2008-09-14 03:05:19,115.649009,39.94931
Car-1,2008-09-14 03:05:21,115.648941,39.948983
Car-1,2008-09-14 03:05:23,115.648881,39.948654
Car-1,2008-09-14 03:05:25,115.648831,39.948309
Car-1,2008-09-14 03:05:27,115.64878,39.947966
Car-1,2008-09-14 03:05:29,115.648738,39.947618
Car-1,2008-09-14 03:05:31,115.648697,39.947292
Car-1,2008-09-14 03:05:33,115.648683,39.94703
Car-1,2008-09-14 03:05:35,115.648607,39.946823
Car-1,2008-09-14 03:05:37,115.648445,39.946664
Car-1,2008-09-14 03:05:39,115.648202,39.946585
Car-1,2008-09-14 03:05:41,115.64794,39.946526
Car-1,2008-09-14 03:05:43,115.647663,39.946472
Car-1,2008-09-14 03:05:45,115.647372,39.946395
Car-1,2008-09-14 03:05:47,115.64708,39.946289
Car-1,2008-09-14 03:05:49,115.646772,39.94618
Car-1,2008-09-14 03:05:51,115.646452,39.946078
Car-1,2008-09-14 03:05:53,115.646139,39.945967
Car-1,2008-09-14 03:05:55,115.645866,39.945835
Car-1,2008-09-14 03:05:57,115.645655,39.945659
Car-1,2008-09-14 03:05:59,115.645525,39.94544
Car-1,2008-09-14 03:06:01,115.645405,39.945202
Car-1,2008-09-14 03:06:03,115.645268,39.94496
Car-1,2008-09-14 03:06:05,115.645127,39.944713
Car-1,2008-09-14 03:06:07,115.644946,39.944495
Car-1,2008-09-14 03:06:09,115.644706,39.944305
Car-1,2008-09-14 03:06:11,115.64441,39.944175
Car-1,2008-09-14 03:06:13,115.644068,39.94408
Car-1,2008-09-14 03:06:15,115.643697,39.943998
Car-1,2008-09-14 03:06:17,115.643313,39.943904
Car-1,2008-09-14 03:06:19,115.64292,39.943818
Car-1,2008-09-14 03:06:21,115.642535,39.943713
Car-1,2008-09-14 03:06:23,115.642186,39.943573
Car-1,2008-09-14 03:06:25,115.641892,39.943375
Car-1,2008-09-14 03:06:27,115.641587,39.94315
Car-1,2008-09-14 03:06:29,115.641292,39.942921
Car-1,2008-09-14 03:06:31,115.641016,39.942704
Car-1,2008-09-14 03:06:33,115.640767,39.942511
Car-1,2008-09-14 03:06:35,115.640511,39.942351
Car-1,2008-09-14 03:06:37,115.640215,39.942268
Car-1,2008-09-14 03:06:39,115.639918,39.94222
Car-1,2008-09-14 03:06:41,115.639592,39.942221
Car-1,2008-09-14 03:06:43,115.63926,39.942269
Car-1,2008-09-14 03:06:45,115.638935,39.942337
Car-1,2008-09-14 03:06:47,115.638607,39.942427
Car-1,2008-09-14 03:06:49,115.638249,39.942534
Car-1,2008-09-14 03:06:51,115.637891,39.942655
Car-1,2008-09-14 03:06:53,115.637549,39.942781
Car-1,2008-09-14 03:06:55,115.637214,39.942869
Car-1,2008-09-14 03:06:57,115.636872,39.942916
Car-1,2008-09-14 03:06:59,115.636517,39.942911
Car-1,2008-09-14 03:07:01,115.636149,39.942869
Car-1,2008-09-14 03:07:03,115.635768,39.942817
Car-1,2008-09-14 03:07:05,115.635372,39.942762
Car-1,2008-09-14 03:07:07,115.634964,39.942705
Car-1,2008-09-14 03:07:09,115.634561,39.942645
Car-1,2008-09-14 03:07:11,115.634167,39.94257
Car-1,2008-09-14 03:07:13,115.633814,39.942487
Car-1,2008-09-14 03:07:15,115.633452,39.942442
Car-1,2008-09-14 03:07:17,115.633061,39.94244
Car-1,2008-09-14 03:07:19,115.63266,39.942457
Car-1,2008-09-14 03:07:21,115.632218,39.942473
Car-1,2008-09-14 03:07:23,115.63177,39.94249
Car-1,2008-09-14 03:07:25,115.631309,39.942509
Car-1,2008-09-14 03:07:27,115.630844,39.942524
Car-1,2008-09-14 03:07:29,115.630392,39.942538
Car-1,2008-09-14 03:07:31,115.629947,39.942552
Car-1,2008-09-14 03:07:33,115.629547,39.9426
Car-1,2008-09-14 03:07:35,115.629229,39.942691
Car-1,2008-09-14 03:07:37,115.628991,39.942807
Car-1,2008-09-14 03:07:39,115.628783,39.942951
Car-1,2008-09-14 03:07:41,115.628586,39.943096
Car-1,2008-09-14 03:07:43,115.628361,39.94322
Car-1,2008-09-14 03:07:45,115.628132,39.943307
Car-1,2008-09-14 03:07:47,115.627873,39.943351
Car-1,2008-09-14 03:07:49,115.627583,39.943363
Car-1,2008-09-14 03:07:51,115.627268,39.943358
Car-1,2008-09-14 03:07:53,115.626929,39.943346
Car-1,2008-09-14 03:07:55,115.626595,39.94333
Car-1,2008-09-14 03:07:57,115.626273,39.943311
Car-1,2008-09-14 03:07:59,115.625964,39.943308
Car-1,2008-09-14 03:08:01,115.625673,39.943294
Car-1,2008-09-14 03:08:03,115.625387,39.9433
Car-1,2008-09-14 03:08:05,115.625125,39.943305
Car-1,2008-09-14 03:08:07,115.624895,39.943309
Car-1,2008-09-14 03:08:09,115.624679,39.943297
Car-1,2008-09-14 03:08:11,115.624451,39.943278
Car-1,2008-09-14 03:08:13,115.624193,39.943257
Car-1,2008-09-14 03:08:15,115.623916,39.943241
Car-1,2008-09-14 03:08:17,115.623617,39.943194
Car-1,2008-09-14 03:08:19,115.623294,39.943133
Car-1,2008-09-14 03:08:21,115.622947,39.943073
Car-1,2008-09-14 03:08:23,115.622585,39.94301
Car-1,2008-09-14 03:08:25,115.622199,39.942941
Car-1,2008-09-14 03:08:27,115.621818,39.942865
Car-1,2008-09-14 03:08:29,115.621435,39.942781
Car-1,2008-09-14 03:08:31,115.62105,39.942684
Car-1,2008-09-14 03:08:33,115.620667,39.942594
Car-1,2008-09-14 03:08:35,115.620276,39.9425
Car-1,2008-09-14 03:08:37,115.61989,39.942395
Car-1,2008-09-14 03:08:39,115.619496,39.942294
Car-1,2008-09-14 03:08:41,115.619105,39.942184
Car-1,2008-09-14 03:08:43,115.618734,39.942085
Car-1,2008-09-14 03:08:45,115.618369,39.942024
Car-1,2008-09-14 03:08:47,115.618007,39.942005
Car-1,2008-09-14 03:08:49,115.617654,39.942024
Car-1,2008-09-14 03:08:51,115.617302,39.942081
Car-1,2008-09-14 03:08:53,115.616953,39.942163
Car-1,2008-09-14 03:08:55,115.616611,39.942266
Car-1,2008-09-14 03:08:57,115.616267,39.942374
Car-1,2008-09-14 03:08:59,115.615912,39.942477
Car-1,2008-09-14 03:09:01,115.61555,39.942584
Car-1,2008-09-14 03:09:03,115.615186,39.942693
Car-1,2008-09-14 03:09:05,115.614839,39.942793
Car-1,2008-09-14 03:09:07,115.614509,39.942899
Car-1,2008-09-14 03:09:09,115.614191,39.942994
Car-1,2008-09-14 03:09:11,115.613903,39.943071
Car-1,2008-09-14 03:09:13,115.613613,39.943143
Car-1,2008-09-14 03:09:15,115.613337,39.943202
Car-1,2008-09-14 03:09:17,115.613067,39.943245
Car-1,2008-09-14 03:09:19,115.612789,39.943263
Car-1,2008-09-14 03:09:21,115.612505,39.943267
Car-1,2008-09-14 03:09:23,115.612205,39.943264
Car-1,2008-09-14 03:09:25,115.611891,39.943242
Car-1,2008-09-14 03:09:27,115.611589,39.943187
Car-1,2008-09-14 03:09:29,115.611291,39.943114
Car-1,2008-09-14 03:09:31,115.610997,39.943018
Car-1,2008-09-14 03:09:33,115.610689,39.942917
Car-1,2008-09-14 03:09:35,115.610374,39.942808
Car-1,2008-09-14 03:09:37,115.610031,39.942694
Car-1,2008-09-14 03:09:39,115.609672,39.942574
Car-1,2008-09-14 03:09:41,115.609311,39.942443
Car-1,2008-09-14 03:09:43,115.608928,39.942313
Car-1,2008-09-14 03:09:45,115.608542,39.942186
Car-1,2008-09-14 03:09:47,115.608151,39.942058
Car-1,2008-09-14 03:09:49,115.607764,39.941931
Car-1,2008-09-14 03:09:51,115.607383,39.941795
Car-1,2008-09-14 03:09:53,115.606995,39.941672
Car-1,2008-09-14 03:09:55,115.606618,39.941546
Car-1,2008-09-14 03:09:57,115.606299,39.941437
Car-1,2008-09-14 03:09:59,115.606015,39.941339
Car-1,2008-09-14 03:10:01,115.60572,39.941243
Car-1,2008-09-14 03:10:03,115.60541,39.941136
Car-1,2008-09-14 03:10:05,115.605084,39.941024
Car-1,2008-09-14 03:10:07,115.604729,39.94091
Car-1,2008-09-14 03:10:09,115.604369,39.940786
Car-1,2008-09-14 03:10:11,115.603988,39.94066
Car-1,2008-09-14 03:10:13,115.603595,39.940533
Car-1,2008-09-14 03:10:15,115.603198,39.9404
Car-1,2008-09-14 03:10:17,115.602777,39.940287
Car-1,2008-09-14 03:10:19,115.602347,39.940177
Car-1,2008-09-14 03:10:21,115.601922,39.940096
Car-1,2008-09-14 03:10:23,115.601513,39.940037
Car-1,2008-09-14 03:10:25,115.601123,39.93999
Car-1,2008-09-14 03:10:27,115.600743,39.939916
Car-1,2008-09-14 03:10:29,115.600381,39.939829
Car-1,2008-09-14 03:10:31,115.600027,39.939699
Car-1,2008-09-14 03:10:33,115.59969,39.939556
Car-1,2008-09-14 03:10:35,115.599366,39.939417
Car-1,2008-09-14 03:10:37,115.599013,39.939307
Car-1,2008-09-14 03:10:39,115.598637,39.939206
Car-1,2008-09-14 03:10:41,115.59824,39.939108
Car-1,2008-09-14 03:10:43,115.597829,39.938998
Car-1,2008-09-14 03:10:45,115.597413,39.938881
Car-1,2008-09-14 03:10:47,115.59699,39.938769
Car-1,2008-09-14 03:10:49,115.596572,39.938658
Car-1,2008-09-14 03:10:51,115.596153,39.938545
Car-1,2008-09-14 03:10:53,115.595755,39.938432
Car-1,2008-09-14 03:10:55,115.595366,39.938322
Car-1,2008-09-14 03:10:57,115.594984,39.938217
Car-1,2008-09-14 03:10:59,115.594605,39.938108
Car-1,2008-09-14 03:11:01,115.594221,39.937999
Car-1,2008-09-14 03:11:03,115.593856,39.937886
Car-1,2008-09-14 03:11:05,115.593564,39.937754
Car-1,2008-09-14 03:11:07,115.59333,39.937576
Car-1,2008-09-14 03:11:09,115.593101,39.937399
Car-1,2008-09-14 03:11:11,115.592844,39.937228
Car-1,2008-09-14 03:11:13,115.592553,39.937071
Car-1,2008-09-14 03:11:15,115.592253,39.936928
Car-1,2008-09-14 03:11:17,115.591945,39.936804
Car-1,2008-09-14 03:11:19,115.591592,39.936735
Car-1,2008-09-14 03:11:21,115.591224,39.936693
Car-1,2008-09-14 03:11:23,115.590848,39.936645
Car-1,2008-09-14 03:11:25,115.590465,39.936594
Car-1,2008-09-14 03:11:27,115.59007,39.936551
Car-1,2008-09-14 03:11:29,115.589691,39.936512
Car-1,2008-09-14 03:11:31,115.589354,39.936481
Car-1,2008-09-14 03:11:33,115.589031,39.936508
Car-1,2008-09-14 03:11:35,115.588726,39.936591
Car-1,2008-09-14 03:11:37,115.588424,39.936676
Car-1,2008-09-14 03:11:39,115.58812,39.936734
Car-1,2008-09-14 03:11:41,115.587842,39.936719
Car-1,2008-09-14 03:11:43,115.587614,39.936645
Car-1,2008-09-14 03:11:45,115.587388,39.936528
Car-1,2008-09-14 03:11:47,115.587124,39.936388
Car-1,2008-09-14 03:11:49,115.586848,39.936232
Car-1,2008-09-14 03:11:51,115.586549,39.936067
Car-1,2008-09-14 03:11:53,115.586236,39.935914
Car-1,2008-09-14 03:11:55,115.585902,39.935842
Car-1,2008-09-14 03:11:57,115.585571,39.935874
Car-1,2008-09-14 03:11:59,115.585236,39.935914
Car-1,2008-09-14 03:12:01,115.584887,39.93595
Car-1,2008-09-14 03:12:03,115.58452,39.93595
Car-1,2008-09-14 03:12:05,115.584145,39.935937
Car-1,2008-09-14 03:12:07,115.583776,39.935939
Car-1,2008-09-14 03:12:09,115.583407,39.935986
Car-1,2008-09-14 03:12:11,115.583022,39.936056
Car-1,2008-09-14 03:12:13,115.58261,39.936125
Car-1,2008-09-14 03:12:15,115.582193,39.936197
Car-1,2008-09-14 03:12:17,115.581775,39.936249
Car-1,2008-09-14 03:12:19,115.581354,39.936253
Car-1,2008-09-14 03:12:21,115.580936,39.936238
Car-1,2008-09-14 03:12:23,115.580514,39.93622
Car-1,2008-09-14 03:12:25,115.580113,39.936232
Car-1,2008-09-14 03:12:27,115.579728,39.936274
Car-1,2008-09-14 03:12:29,115.579365,39.936275
Car-1,2008-09-14 03:12:31,115.579008,39.936254
Car-1,2008-09-14 03:12:33,115.578677,39.936195
Car-1,2008-09-14 03:12:35,115.578403,39.936068
Car-1,2008-09-14 03:12:37,115.578141,39.935891
Car-1,2008-09-14 03:12:39,115.577833,39.935719
Car-1,2008-09-14 03:12:41,115.577506,39.935534
Car-1,2008-09-14 03:12:43,115.577158,39.935346
Car-1,2008-09-14 03:12:45,115.576787,39.935149
Car-1,2008-09-14 03:12:47,115.576389,39.934968
Car-1,2008-09-14 03:12:49,115.575979,39.934806
Car-1,2008-09-14 03:12:51,115.575589,39.934646
Car-1,2008-09-14 03:12:53,115.575258,39.934478
Car-1,2008-09-14 03:12:55,115.574976,39.934276
Car-1,2008-09-14 03:12:57,115.574717,39.934055
Car-1,2008-09-14 03:12:59,115.574454,39.933827
Car-1,2008-09-14 03:13:01,115.574218,39.933586
Car-1,2008-09-14 03:13:03,115.574034,39.933324
Car-1,2008-09-14 03:13:05,115.573858,39.933061
Car-1,2008-09-14 03:13:07,115.573685,39.932802
Car-1,2008-09-14 03:13:09,115.573509,39.932569
Car-1,2008-09-14 03:13:11,115.573303,39.932373
Car-1,2008-09-14 03:13:13,115.573075,39.9322
Car-1,2008-09-14 03:13:15,115.572797,39.93207
Car-1,2008-09-14 03:13:17,115.572504,39.931959
Car-1,2008-09-14 03:13:19,115.572243,39.931822
Car-1,2008-09-14 03:13:21,115.572029,39.931635
Car-1,2008-09-14 03:13:23,115.571859,39.9314
Car-1,2008-09-14 03:13:25,115.571702,39.931142
Car-1,2008-09-14 03:13:27,115.571571,39.930885
Car-1,2008-09-14 03:13:29,115.571518,39.930593
Car-1,2008-09-14 03:13:31,115.571506,39.930296
Car-1,2008-09-14 03:13:33,115.571483,39.930011
Car-1,2008-09-14 03:13:35,115.571447,39.92972
Car-1,2008-09-14 03:13:37,115.571385,39.929424
Car-1,2008-09-14 03:13:39,115.571306,39.929125
Car-1,2008-09-14 03:13:41,115.571229,39.928809
Car-1,2008-09-14 03:13:43,115.571192,39.928474
Car-1,2008-09-14 03:13:45,115.571192,39.928135
Car-1,2008-09-14 03:13:47,115.571228,39.927808
Car-1,2008-09-14 03:13:49,115.571268,39.927503
Car-1,2008-09-14 03:13:51,115.571341,39.9272
Car-1,2008-09-14 03:13:53,115.57148,39.926914
Car-1,2008-09-14 03:13:55,115.571661,39.926665
Car-1,2008-09-14 03:13:57,115.571808,39.92641
Car-1,2008-09-14 03:13:59,115.571849,39.926129
Car-1,2008-09-14 03:14:01,115.571803,39.925844
Car-1,2008-09-14 03:14:03,115.571623,39.925584
Car-1,2008-09-14 03:14:05,115.571362,39.925364
Car-1,2008-09-14 03:14:07,115.571037,39.925204
Car-1,2008-09-14 03:14:09,115.570662,39.925123
Car-1,2008-09-14 03:14:11,115.57026,39.925148
Car-1,2008-09-14 03:14:13,115.56986,39.925221
Car-1,2008-09-14 03:14:15,115.569505,39.925265
Car-1,2008-09-14 03:14:17,115.569129,39.925271
Car-1,2008-09-14 03:14:19,115.568752,39.925241
Car-1,2008-09-14 03:14:21,115.568385,39.925193
Car-1,2008-09-14 03:14:23,115.568021,39.925157
Car-1,2008-09-14 03:14:25,115.56769,39.925106
Car-1,2008-09-14 03:14:27,115.567361,39.925031
Car-1,2008-09-14 03:14:29,115.56707,39.924942
Car-1,2008-09-14 03:14:31,115.566797,39.924848
Car-1,2008-09-14 03:14:33,115.566498,39.924754
Car-1,2008-09-14 03:14:35,115.566191,39.924672
Car-1,2008-09-14 03:14:37,115.565869,39.924627
Car-1,2008-09-14 03:14:39,115.565518,39.924609
Car-1,2008-09-14 03:14:41,115.565128,39.92459
Car-1,2008-09-14 03:14:43,115.564715,39.924565
Car-1,2008-09-14 03:14:45,115.564284,39.924542
Car-1,2008-09-14 03:14:47,115.563851,39.924504
Car-1,2008-09-14 03:14:49,115.563428,39.924453
Car-1,2008-09-14 03:14:51,115.563002,39.924379
Car-1,2008-09-14 03:14:53,115.562585,39.924325
Car-1,2008-09-14 03:14:55,115.562161,39.924287
Car-1,2008-09-14 03:14:57,115.561754,39.92425
Car-1,2008-09-14 03:14:59,115.56137,39.924233
Car-1,2008-09-14 03:15:01,115.561014,39.924261
Car-1,2008-09-14 03:15:03,115.560677,39.92433
Car-1,2008-09-14 03:15:05,115.560335,39.924421
Car-1,2008-09-14 03:15:07,115.559981,39.924526
Car-1,2008-09-14 03:15:09,115.559619,39.924637
Car-1,2008-09-14 03:15:11,115.559244,39.924749
Car-1,2008-09-14 03:15:13,115.558853,39.924867
Car-1,2008-09-14 03:15:15,115.558476,39.924995
Car-1,2008-09-14 03:15:17,115.558124,39.925126
Car-1,2008-09-14 03:15:19,115.557778,39.925218
Car-1,2008-09-14 03:15:21,115.557446,39.925256
Car-1,2008-09-14 03:15:23,115.557106,39.925234
Car-1,2008-09-14 03:15:25,115.55677,39.925172
Car-1,2008-09-14 03:15:27,115.556433,39.925102
Car-1,2008-09-14 03:15:29,115.556089,39.925025
Car-1,2008-09-14 03:15:31,115.555747,39.92495
Car-1,2008-09-14 03:15:33,115.555414,39.924861
Car-1,2008-09-14 03:15:35,115.555093,39.924731
Car-1,2008-09-14 03:15:37,115.554759,39.924565
Car-1,2008-09-14 03:15:39,115.554408,39.924387
Car-1,2008-09-14 03:15:41,115.554034,39.924238
Car-1,2008-09-14 03:15:43,115.553667,39.924143
Car-1,2008-09-14 03:15:45,115.553308,39.924104
Car-1,2008-09-14 03:15:47,115.552959,39.924101
Car-1,2008-09-14 03:15:49,115.5526,39.924101
Car-1,2008-09-14 03:15:51,115.552224,39.924102
Car-1,2008-09-14 03:15:53,115.551816,39.924095
Car-1,2008-09-14 03:15:55,115.551406,39.924085
Car-1,2008-09-14 03:15:57,115.550994,39.924069
Car-1,2008-09-14 03:15:59,115.550591,39.924062
Car-1,2008-09-14 03:16:01,115.550187,39.92406
Car-1,2008-09-14 03:16:03,115.549814,39.924043
Car-1,2008-09-14 03:16:05,115.549453,39.923983
Car-1,2008-09-14 03:16:07,115.549103,39.923873
Car-1,2008-09-14 03:16:09,115.548733,39.923739
Car-1,2008-09-14 03:16:11,115.54836,39.923598
Car-1,2008-09-14 03:16:13,115.54798,39.923454
Car-1,2008-09-14 03:16:15,115.547622,39.923323
Car-1,2008-09-14 03:16:17,115.547261,39.923244
Car-1,2008-09-14 03:16:19,115.546906,39.923223
Car-1,2008-09-14 03:16:21,115.546553,39.923216
Car-1,2008-09-14 03:16:23,115.546217,39.923176
Car-1,2008-09-14 03:16:25,115.54589,39.923099
Car-1,2008-09-14 03:16:27,115.545561,39.92301
Car-1,2008-09-14 03:16:29,115.54524,39.922919
Car-1,2008-09-14 03:16:31,115.544928,39.922827
Car-1,2008-09-14 03:16:33,115.54462,39.92273
Car-1,2008-09-14 03:16:35,115.544327,39.922644
Car-1,2008-09-14 03:16:37,115.544052,39.922548
Car-1,2008-09-14 03:16:39,115.543835,39.922465
Car-1,2008-09-14 03:16:41,115.543668,39.92241
Car-1,2008-09-14 03:16:43,115.543531,39.922356
Car-1,2008-09-14 03:16:45,115.543406,39.922307
Car-1,2008-09-14 03:16:47,115.543295,39.922252
Car-1,2008-09-14 03:16:49,115.543192,39.922196
Car-1,2008-09-14 03:16:51,115.543062,39.922148
Car-1,2008-09-14 03:16:53,115.542922,39.922099
Car-1,2008-09-14 03:16:55,115.542782,39.92207
Car-1,2008-09-14 03:16:57,115.54266,39.922032
Car-1,2008-09-14 03:16:59,115.54251,39.921981
Car-1,2008-09-14 03:17:01,115.542343,39.921914
Car-1,2008-09-14 03:17:03,115.542135,39.921841
Car-1,2008-09-14 03:17:05,115.541887,39.921755
Car-1,2008-09-14 03:17:07,115.541622,39.921665
Car-1,2008-09-14 03:17:09,115.541337,39.92158
Car-1,2008-09-14 03:17:11,115.541031,39.921487
Car-1,2008-09-14 03:17:13,115.540726,39.921402
Car-1,2008-09-14 03:17:15,115.540415,39.92133
Car-1,2008-09-14 03:17:17,115.540099,39.921267
Car-1,2008-09-14 03:17:19,115.539761,39.921201
Car-1,2008-09-14 03:17:21,115.539411,39.921148
Car-1,2008-09-14 03:17:23,115.539043,39.921093
Car-1,2008-09-14 03:17:25,115.538665,39.921023
Car-1,2008-09-14 03:17:27,115.53828,39.920964
Car-1,2008-09-14 03:17:29,115.537891,39.920896
Car-1,2008-09-14 03:17:31,115.537511,39.920827
Car-1,2008-09-14 03:17:33,115.537129,39.920765
Car-1,2008-09-14 03:17:35,115.536768,39.920699
Car-1,2008-09-14 03:17:37,115.536428,39.920651
Car-1,2008-09-14 03:17:39,115.536135,39.920612
Car-1,2008-09-14 03:17:41,115.535875,39.920606
Car-1,2008-09-14 03:17:43,115.535585,39.92063
Car-1,2008-09-14 03:17:45,115.53527,39.920657
Car-1,2008-09-14 03:17:47,115.534938,39.920696
Car-1,2008-09-14 03:17:49,115.534581,39.920733
Car-1,2008-09-14 03:17:51,115.534222,39.920771
Car-1,2008-09-14 03:17:53,115.533848,39.920812
Car-1,2008-09-14 03:17:55,115.533473,39.920844
Car-1,2008-09-14 03:17:57,115.533081,39.920883
Car-1,2008-09-14 03:17:59,115.532737,39.920925
Car-1,2008-09-14 03:18:01,115.532415,39.921015
Car-1,2008-09-14 03:18:03,115.532099,39.921144
Car-1,2008-09-14 03:18:05,115.53178,39.921279
Car-1,2008-09-14 03:18:07,115.531443,39.92139
Car-1,2008-09-14 03:18:09,115.531079,39.92147
Car-1,2008-09-14 03:18:11,115.530691,39.921534
Car-1,2008-09-14 03:18:13,115.530283,39.921589
Car-1,2008-09-14 03:18:15,115.529863,39.921647
Car-1,2008-09-14 03:18:17,115.529441,39.921723
Car-1,2008-09-14 03:18:19,115.52902,39.921807
Car-1,2008-09-14 03:18:21,115.528598,39.921899
Car-1,2008-09-14 03:18:23,115.528184,39.921987
Car-1,2008-09-14 03:18:25,115.527772,39.922081
Car-1,2008-09-14 03:18:27,115.527391,39.922178
Car-1,2008-09-14 03:18:29,115.527035,39.922271
Car-1,2008-09-14 03:18:31,115.526736,39.922392
Car-1,2008-09-14 03:18:33,115.526521,39.922555
Car-1,2008-09-14 03:18:35,115.526376,39.922733
Car-1,2008-09-14 03:18:37,115.526293,39.922936
Car-1,2008-09-14 03:18:39,115.526173,39.923115
Car-1,2008-09-14 03:18:41,115.52597,39.923264
Car-1,2008-09-14 03:18:43,115.525673,39.923356
Car-1,2008-09-14 03:18:45,115.525326,39.923415
Car-1,2008-09-14 03:18:47,115.524949,39.923444
Car-1,2008-09-14 03:18:49,115.524548,39.923467
Car-1,2008-09-14 03:18:51,115.524143,39.923482
Car-1,2008-09-14 03:18:53,115.523755,39.923514
Car-1,2008-09-14 03:18:55,115.523373,39.923575
Car-1,2008-09-14 03:18:57,115.522989,39.923665
Car-1,2008-09-14 03:18:59,115.522613,39.923802
Car-1,2008-09-14 03:19:01,115.522281,39.923957
Car-1,2008-09-14 03:19:03,115.521972,39.924155
Car-1,2008-09-14 03:19:05,115.521683,39.92436
Car-1,2008-09-14 03:19:07,115.521396,39.92454
Car-1,2008-09-14 03:19:09,115.521084,39.924692
Car-1,2008-09-14 03:19:11,115.52074,39.9248
Car-1,2008-09-14 03:19:13,115.520375,39.924907
Car-1,2008-09-14 03:19:15,115.520005,39.925003
Car-1,2008-09-14 03:19:17,115.519638,39.925104
Car-1,2008-09-14 03:19:19,115.519303,39.925248
Car-1,2008-09-14 03:19:21,115.519039,39.925423
Car-1,2008-09-14 03:19:23,115.518803,39.925646
Car-1,2008-09-14 03:19:25,115.518564,39.925875
Car-1,2008-09-14 03:19:27,115.518318,39.926107
Car-1,2008-09-14 03:19:29,115.518075,39.926322
Car-1,2008-09-14 03:19:31,115.517801,39.926498
Car-1,2008-09-14 03:19:33,115.517522,39.926667
Car-1,2008-09-14 03:19:35,115.517275,39.926865
Car-1,2008-09-14 03:19:37,115.517073,39.92712
Car-1,2008-09-14 03:19:39,115.516898,39.927373
Car-1,2008-09-14 03:19:41,115.516714,39.927628
Car-1,2008-09-14 03:19:43,115.516556,39.927895
Car-1,2008-09-14 03:19:45,115.516428,39.928183
Car-1,2008-09-14 03:19:47,115.516288,39.928476
Car-1,2008-09-14 03:19:49,115.516125,39.928754
Car-1,2008-09-14 03:19:51,115.515902,39.928986
Car-1,2008-09-14 03:19:53,115.515612,39.929141
Car-1,2008-09-14 03:19:55,115.515278,39.929252
Car-1,2008-09-14 03:19:57,115.514943,39.92935
Car-1,2008-09-14 03:19:59,115.514607,39.929414
Car-1,2008-09-14 03:20:01,115.51427,39.929426
Car-1,2008-09-14 03:20:03,115.513954,39.929385
Car-1,2008-09-14 03:20:05,115.513629,39.929373
Car-1,2008-09-14 03:20:07,115.513337,39.929432
Car-1,2008-09-14 03:20:09,115.51307,39.929543
Car-1,2008-09-14 03:20:11,115.512837,39.929696
Car-1,2008-09-14 03:20:13,115.512654,39.929897
Car-1,2008-09-14 03:20:15,115.512515,39.930103
Car-1,2008-09-14 03:20:17,115.512375,39.930306
Car-1,2008-09-14 03:20:19,115.512202,39.93047
Car-1,2008-09-14 03:20:21,115.511983,39.930595
Car-1,2008-09-14 03:20:23,115.51174,39.930673
Car-1,2008-09-14 03:20:25,115.511489,39.930712
Car-1,2008-09-14 03:20:27,115.511233,39.930749
Car-1,2008-09-14 03:20:29,115.510963,39.930773
Car-1,2008-09-14 03:20:31,115.510685,39.930798
Car-1,2008-09-14 03:20:33,115.510439,39.930851
Car-1,2008-09-14 03:20:35,115.510231,39.930938
Car-1,2008-09-14 03:20:37,115.510078,39.931144
Car-1,2008-09-14 03:20:39,115.509931,39.93137
Car-1,2008-09-14 03:20:41,115.509789,39.931625
Car-1,2008-09-14 03:20:43,115.509635,39.931859
Car-1,2008-09-14 03:20:45,115.509507,39.932047
Car-1,2008-09-14 03:20:47,115.50941,39.932189
Car-1,2008-09-14 03:20:49,115.509347,39.932323
Car-1,2008-09-14 03:20:51,115.509272,39.932443
Car-1,2008-09-14 03:20:53,115.509196,39.932584
Car-1,2008-09-14 03:20:55,115.50912,39.93276
Car-1,2008-09-14 03:20:57,115.509035,39.932967
Car-1,2008-09-14 03:20:59,115.50894,39.933191
Car-1,2008-09-14 03:21:01,115.50885,39.933436
Car-1,2008-09-14 03:21:03,115.508761,39.933708
Car-1,2008-09-14 03:21:05,115.508691,39.933989
Car-1,2008-09-14 03:21:07,115.508605,39.934264
Car-1,2008-09-14 03:21:09,115.508501,39.934524
Car-1,2008-09-14 03:21:11,115.508329,39.934764
Car-1,2008-09-14 03:21:13,115.508116,39.934973
Car-1,2008-09-14 03:21:15,115.507834,39.935148
Car-1,2008-09-14 03:21:17,115.507508,39.935268
Car-1,2008-09-14 03:21:19,115.507154,39.935357
Car-1,2008-09-14 03:21:21,115.506782,39.935418
Car-1,2008-09-14 03:21:23,115.506409,39.935476
Car-1,2008-09-14 03:21:25,115.50605,39.935556
Car-1,2008-09-14 03:21:27,115.505678,39.935699
Car-1,2008-09-14 03:21:29,115.505361,39.935862
Car-1,2008-09-14 03:21:31,115.505061,39.936037
Car-1,2008-09-14 03:21:33,115.504774,39.936212
Car-1,2008-09-14 03:21:35,115.504462,39.936377
Car-1,2008-09-14 03:21:37,115.504127,39.93653
Car-1,2008-09-14 03:21:39,115.503767,39.936659
Car-1,2008-09-14 03:21:41,115.503402,39.936792
Car-1,2008-09-14 03:21:43,115.50307,39.936936
Car-1,2008-09-14 03:21:45,115.502808,39.937112
Car-1,2008-09-14 03:21:47,115.502567,39.937295
Car-1,2008-09-14 03:21:49,115.502327,39.937483
Car-1,2008-09-14 03:21:51,115.502051,39.937661
Car-1,2008-09-14 03:21:53,115.501744,39.937855
Car-1,2008-09-14 03:21:55,115.501404,39.938072
Car-1,2008-09-14 03:21:57,115.501064,39.938295
Car-1,2008-09-14 03:21:59,115.500699,39.938519
Car-1,2008-09-14 03:22:01,115.500326,39.938721
Car-1,2008-09-14 03:22:03,115.499954,39.938915
Car-1,2008-09-14 03:22:05,115.499596,39.939099
Car-1,2008-09-14 03:22:07,115.499241,39.939286
Car-1,2008-09-14 03:22:09,115.498901,39.93946
Car-1,2008-09-14 03:22:11,115.498584,39.939639
Car-1,2008-09-14 03:22:13,115.498324,39.939854
Car-1,2008-09-14 03:22:15,115.498119,39.940117
Car-1,2008-09-14 03:22:17,115.497938,39.940388
Car-1,2008-09-14 03:22:19,115.497752,39.940661
Car-1,2008-09-14 03:22:21,115.49752,39.940905
Car-1,2008-09-14 03:22:23,115.497225,39.941116
Car-1,2008-09-14 03:22:25,115.496876,39.941277
Car-1,2008-09-14 03:22:27,115.496488,39.941381
Car-1,2008-09-14 03:22:29,115.496072,39.941408
Car-1,2008-09-14 03:22:31,115.495626,39.941383
Car-1,2008-09-14 03:22:33,115.495202,39.94134
Car-1,2008-09-14 03:22:35,115.494835,39.941307
Car-1,2008-09-14 03:22:37,115.494472,39.94139
Car-1,2008-09-14 03:22:39,115.494157,39.941499
Car-1,2008-09-14 03:22:41,115.493853,39.941628
Car-1,2008-09-14 03:22:43,115.493571,39.941782
Car-1,2008-09-14 03:22:45,115.493329,39.941973
Car-1,2008-09-14 03:22:47,115.493095,39.942207
Car-1,2008-09-14 03:22:49,115.492854,39.942471
Car-1,2008-09-14 03:22:51,115.492648,39.942751
Car-1,2008-09-14 03:22:53,115.492458,39.943044
Car-1,2008-09-14 03:22:55,115.492296,39.943327
Car-1,2008-09-14 03:22:57,115.492103,39.943611
Car-1,2008-09-14 03:22:59,115.491872,39.943866
Car-1,2008-09-14 03:23:01,115.491646,39.944124
Car-1,2008-09-14 03:23:03,115.491424,39.944395
Car-1,2008-09-14 03:23:05,115.491195,39.944649
Car-1,2008-09-14 03:23:07,115.490919,39.944884
Car-1,2008-09-14 03:23:09,115.490634,39.945135
Car-1,2008-09-14 03:23:11,115.490361,39.945407
Car-1,2008-09-14 03:23:13,115.490138,39.945689
Car-1,2008-09-14 03:23:15,115.489937,39.945978
Car-1,2008-09-14 03:23:17,115.489716,39.946265
Car-1,2008-09-14 03:23:19,115.489494,39.946549
Car-1,2008-09-14 03:23:21,115.489282,39.946826
Car-1,2008-09-14 03:23:23,115.489052,39.947057
Car-1,2008-09-14 03:23:25,115.488795,39.947223
Car-1,2008-09-14 03:23:27,115.488505,39.947287
Car-1,2008-09-14 03:23:29,115.488209,39.947331
Car-1,2008-09-14 03:23:31,115.487889,39.947364
Car-1,2008-09-14 03:23:33,115.487562,39.94742
Car-1,2008-09-14 03:23:35,115.487249,39.947499
Car-1,2008-09-14 03:23:37,115.486957,39.947601
Car-1,2008-09-14 03:23:39,115.48679,39.947785
Car-1,2008-09-14 03:23:41,115.486667,39.947958
Car-1,2008-09-14 03:23:43,115.486559,39.948101
Car-1,2008-09-14 03:23:45,115.486374,39.948209
Car-1,2008-09-14 03:23:47,115.48618,39.948324
Car-1,2008-09-14 03:23:49,115.485995,39.948453
Car-1,2008-09-14 03:23:51,115.48587,39.94858
Car-1,2008-09-14 03:23:53,115.485774,39.948681
Car-1,2008-09-14 03:23:55,115.485698,39.948758
Car-1,2008-09-14 03:23:57,115.485642,39.948847
Car-1,2008-09-14 03:23:59,115.485603,39.948907
Car-1,2008-09-14 03:24:01,115.485582,39.948947
Car-1,2008-09-14 03:24:03,115.48558,39.948989
Car-1,2008-09-14 03:24:05,115.485558,39.949041
Car-1,2008-09-14 03:24:07,115.485536,39.949096
Car-1,2008-09-14 03:24:09,115.485545,39.949136
Car-1,2008-09-14 03:24:11,115.485529,39.949167
Car-1,2008-09-14 03:24:13,115.485528,39.949189
Car-1,2008-09-14 03:24:15,115.485525,39.949201
Car-1,2008-09-14 03:24:17,115.485538,39.9492
Car-1,2008-09-14 03:24:19,115.485538,39.949201
Car-1,2008-09-14 03:24:21,115.485538,39.949201
Car-1,2008-09-14 03:24:23,115.485538,39.949201
Car-1,2008-09-14 03:24:25,115.485538,39.9492
Car-1,2008-09-14 03:24:27,115.485538,39.9492
Car-1,2008-09-14 03:24:29,115.485536,39.949204
Car-1,2008-09-14 03:24:31,115.48554,39.949218
Car-1,2008-09-14 03:24:33,115.485547,39.949268
Car-1,2008-09-14 03:24:35,115.485551,39.949347
Car-1,2008-09-14 03:24:37,115.48556,39.949456
Car-1,2008-09-14 03:24:39,115.485591,39.949578
Car-1,2008-09-14 03:24:41,115.485649,39.949725
Car-1,2008-09-14 03:24:43,115.485698,39.949882
Car-1,2008-09-14 03:24:45,115.485753,39.950058
Car-1,2008-09-14 03:24:47,115.485815,39.950243
Car-1,2008-09-14 03:24:49,115.485878,39.950442
Car-1,2008-09-14 03:24:51,115.485942,39.950649
Car-1,2008-09-14 03:24:53,115.486018,39.950858
Car-1,2008-09-14 03:24:55,115.486077,39.951074
Car-1,2008-09-14 03:24:57,115.486121,39.951289
Car-1,2008-09-14 03:24:59,115.486129,39.951504
Car-1,2008-09-14 03:25:01,115.486099,39.951706
Car-1,2008-09-14 03:25:03,115.486054,39.951911
Car-1,2008-09-14 03:25:05,115.485969,39.9521
Car-1,2008-09-14 03:25:07,115.485826,39.952274
Car-1,2008-09-14 03:25:09,115.485652,39.952435
Car-1,2008-09-14 03:25:11,115.485457,39.952592
Car-1,2008-09-14 03:25:13,115.485239,39.952765
Car-1,2008-09-14 03:25:15,115.485018,39.95294
Car-1,2008-09-14 03:25:17,115.484809,39.953112
Car-1,2008-09-14 03:25:19,115.484605,39.953281
Car-1,2008-09-14 03:25:21,115.484429,39.953465
Car-1,2008-09-14 03:25:23,115.484286,39.953656
Car-1,2008-09-14 03:25:25,115.484246,39.953859
Car-1,2008-09-14 03:25:27,115.484233,39.954071
Car-1,2008-09-14 03:25:29,115.484227,39.954301
Car-1,2008-09-14 03:25:31,115.484229,39.954531
Car-1,2008-09-14 03:25:33,115.484201,39.954769
Car-1,2008-09-14 03:25:35,115.48413,39.955014
Car-1,2008-09-14 03:25:37,115.484054,39.955259
Car-1,2008-09-14 03:25:39,115.48393,39.955493
Car-1,2008-09-14 03:25:41,115.483788,39.955732
Car-1,2008-09-14 03:25:43,115.483686,39.955979
Car-1,2008-09-14 03:25:45,115.483633,39.956237
Car-1,2008-09-14 03:25:47,115.483622,39.95651
Car-1,2008-09-14 03:25:49,115.483577,39.956789
Car-1,2008-09-14 03:25:51,115.483549,39.957084
Car-1,2008-09-14 03:25:53,115.483517,39.95738
Car-1,2008-09-14 03:25:55,115.483489,39.957671
Car-1,2008-09-14 03:25:57,115.483459,39.957948
Car-1,2008-09-14 03:25:59,115.483424,39.958225
Car-1,2008-09-14 03:26:01,115.483405,39.958507
Car-1,2008-09-14 03:26:03,115.483387,39.958778
Car-1,2008-09-14 03:26:05,115.483336,39.959021
Car-1,2008-09-14 03:26:07,115.483176,39.959249
Car-1,2008-09-14 03:26:09,115.482982,39.95943
Car-1,2008-09-14 03:26:11,115.482709,39.959577
Car-1,2008-09-14 03:26:13,115.482412,39.959707
Car-1,2008-09-14 03:26:15,115.482115,39.959826
Car-1,2008-09-14 03:26:17,115.481831,39.959957
Car-1,2008-09-14 03:26:19,115.481575,39.96012
Car-1,2008-09-14 03:26:21,115.481326,39.960299
Car-1,2008-09-14 03:26:23,115.481096,39.960503
Car-1,2008-09-14 03:26:25,115.480863,39.960714
Car-1,2008-09-14 03:26:27,115.480635,39.960927
Car-1,2008-09-14 03:26:29,115.480405,39.961165
Car-1,2008-09-14 03:26:31,115.480209,39.961409
Car-1,2008-09-14 03:26:33,115.480062,39.961685
Car-1,2008-09-14 03:26:35,115.479961,39.961987
Car-1,2008-09-14 03:26:37,115.479866,39.96229
Car-1,2008-09-14 03:26:39,115.479779,39.9626
Car-1,2008-09-14 03:26:41,115.479702,39.962901
Car-1,2008-09-14 03:26:43,115.479698,39.963207
Car-1,2008-09-14 03:26:45,115.479708,39.963509
Car-1,2008-09-14 03:26:47,115.479784,39.963799
Car-1,2008-09-14 03:26:49,115.479909,39.96409
Car-1,2008-09-14 03:26:51,115.480079,39.96438
Car-1,2008-09-14 03:26:53,115.480244,39.964678
Car-1,2008-09-14 03:26:55,115.480398,39.964956
Car-1,2008-09-14 03:26:57,115.480539,39.965236
Car-1,2008-09-14 03:26:59,115.480665,39.965525
Car-1,2008-09-14 03:27:01,115.480782,39.96583
Car-1,2008-09-14 03:27:03,115.480875,39.966137
Car-1,2008-09-14 03:27:05,115.480943,39.966454
Car-1,2008-09-14 03:27:07,115.481019,39.96677
Car-1,2008-09-14 03:27:09,115.481033,39.967101
Car-1,2008-09-14 03:27:11,115.48102,39.967429
Car-1,2008-09-14 03:27:13,115.480969,39.96774
Car-1,2008-09-14 03:27:15,115.48086,39.968005
Car-1,2008-09-14 03:27:17,115.480703,39.968201
Car-1,2008-09-14 03:27:19,115.480508,39.968329
Car-1,2008-09-14 03:27:21,115.4803,39.968438
Car-1,2008-09-14 03:27:23,115.480078,39.968555
Car-1,2008-09-14 03:27:25,115.479858,39.968682
Car-1,2008-09-14 03:27:27,115.479664,39.968846
Car-1,2008-09-14 03:27:29,115.479504,39.969062
Car-1,2008-09-14 03:27:31,115.47937,39.969298
Car-1,2008-09-14 03:27:33,115.479253,39.969543
Car-1,2008-09-14 03:27:35,115.479124,39.969764
Car-1,2008-09-14 03:27:37,115.479069,39.97004
Car-1,2008-09-14 03:27:39,115.479029,39.97036
Car-1,2008-09-14 03:27:41,115.478992,39.97067
Car-1,2008-09-14 03:27:43,115.478937,39.97098
Car-1,2008-09-14 03:27:45,115.478909,39.97128
Car-1,2008-09-14 03:27:47,115.478911,39.971558
Car-1,2008-09-14 03:27:49,115.478945,39.971797
Car-1,2008-09-14 03:27:51,115.479025,39.972026
Car-1,2008-09-14 03:27:53,115.479103,39.972257
Car-1,2008-09-14 03:27:55,115.479149,39.9725
Car-1,2008-09-14 03:27:57,115.479147,39.972755
Car-1,2008-09-14 03:27:59,115.479129,39.97302
Car-1,2008-09-14 03:28:01,115.479118,39.973282
Car-1,2008-09-14 03:28:03,115.479124,39.973544
Car-1,2008-09-14 03:28:05,115.479194,39.973781
Car-1,2008-09-14 03:28:07,115.479291,39.974021
Car-1,2008-09-14 03:28:09,115.479403,39.974259
Car-1,2008-09-14 03:28:11,115.47953,39.974494
Car-1,2008-09-14 03:28:13,115.479693,39.974735
Car-1,2008-09-14 03:28:15,115.479862,39.97499
Car-1,2008-09-14 03:28:17,115.480054,39.975256
Car-1,2008-09-14 03:28:19,115.480246,39.975536
Car-1,2008-09-14 03:28:21,115.480417,39.975807
Car-1,2008-09-14 03:28:23,115.480568,39.976086
Car-1,2008-09-14 03:28:25,115.480657,39.976363
Car-1,2008-09-14 03:28:27,115.480722,39.976657
Car-1,2008-09-14 03:28:29,115.48078,39.976955
Car-1,2008-09-14 03:28:31,115.480827,39.977245
Car-1,2008-09-14 03:28:33,115.480858,39.977531
Car-1,2008-09-14 03:28:35,115.480867,39.977826
Car-1,2008-09-14 03:28:37,115.480849,39.978124
Car-1,2008-09-14 03:28:39,115.480834,39.97843
Car-1,2008-09-14 03:28:41,115.480809,39.978741
Car-1,2008-09-14 03:28:43,115.480793,39.979057
Car-1,2008-09-14 03:28:45,115.480761,39.979381
Car-1,2008-09-14 03:28:47,115.48074,39.979702
Car-1,2008-09-14 03:28:49,115.480728,39.980003
Car-1,2008-09-14 03:28:51,115.480736,39.980285
Car-1,2008-09-14 03:28:53,115.480789,39.980535
Car-1,2008-09-14 03:28:55,115.480874,39.980746
Car-1,2008-09-14 03:28:57,115.480931,39.980905
Car-1,2008-09-14 03:28:59,115.480972,39.981019
Car-1,2008-09-14 03:29:01,115.480986,39.981105
Car-1,2008-09-14 03:29:03,115.481007,39.981161
Car-1,2008-09-14 03:29:05,115.481037,39.981216
Car-1,2008-09-14 03:29:07,115.481085,39.981256
Car-1,2008-09-14 03:29:09,115.48111,39.981294
Car-1,2008-09-14 03:33:47,115.481076,39.981526
Car-1,2008-09-14 03:33:49,115.481068,39.981624
Car-1,2008-09-14 03:33:51,115.481061,39.981744
Car-1,2008-09-14 03:33:53,115.481072,39.981865
Car-1,2008-09-14 03:33:55,115.48108,39.981981
Car-1,2008-09-14 03:33:57,115.481082,39.982105
Car-1,2008-09-14 03:33:59,115.481097,39.982224
Car-1,2008-09-14 03:34:01,115.481104,39.982332
Car-1,2008-09-14 03:34:03,115.48111,39.982426
Car-1,2008-09-14 03:34:05,115.481116,39.982522
Car-1,2008-09-14 03:34:07,115.481114,39.982603
Car-1,2008-09-14 03:34:09,115.4811,39.982667
Car-1,2008-09-14 03:34:11,115.481043,39.982715
Car-1,2008-09-14 03:34:13,115.481063,39.982765
Car-1,2008-09-14 03:34:15,115.481071,39.982767
Car-1,2008-09-14 03:34:17,115.481054,39.982772
Car-1,2008-09-14 03:34:19,115.481055,39.982775
Car-1,2008-09-14 03:34:21,115.481056,39.982778
Car-1,2008-09-14 03:34:23,115.481054,39.982772
Car-1,2008-09-14 03:34:25,115.481053,39.982772
Car-1,2008-09-14 03:34:27,115.481033,39.982799
Car-1,2008-09-14 03:34:29,115.48102,39.982817
Car-1,2008-09-14 03:34:31,115.480998,39.982829
Car-1,2008-09-14 03:34:33,115.480982,39.98285
Car-1,2008-09-14 03:34:35,115.480983,39.982862
Car-1,2008-09-14 03:34:37,115.480985,39.982865
Car-1,2008-09-14 03:34:39,115.480981,39.982862
Car-1,2008-09-14 03:34:41,115.48098,39.982859
Car-1,2008-09-14 03:34:43,115.480981,39.982863
Car-1,2008-09-14 03:34:45,115.480982,39.982866
Car-1,2008-09-14 03:34:47,115.480982,39.982869
Car-1,2008-09-14 03:34:49,115.48099,39.982894
Car-1,2008-09-14 03:34:51,115.480999,39.982955
Car-1,2008-09-14 03:34:53,115.480986,39.983034
Car-1,2008-09-14 03:34:55,115.480968,39.983117
Car-1,2008-09-14 03:34:57,115.480927,39.983202
Car-1,2008-09-14 03:34:59,115.480871,39.983296
Car-1,2008-09-14 03:35:01,115.48089,39.983374
Car-1,2008-09-14 03:35:03,115.480974,39.983446
Car-1,2008-09-14 03:35:05,115.481166,39.983522
Car-1,2008-09-14 03:35:07,115.481272,39.983589
Car-1,2008-09-14 03:35:09,115.481376,39.983643
Car-1,2008-09-14 03:35:11,115.481578,39.983708
Car-1,2008-09-14 03:35:13,115.481876,39.98378
Car-1,2008-09-14 03:35:15,115.482176,39.983849
Car-1,2008-09-14 03:35:17,115.482408,39.983901
Car-1,2008-09-14 03:35:19,115.482612,39.983956
Car-1,2008-09-14 03:35:21,115.482777,39.984005
Car-1,2008-09-14 03:35:23,115.48292,39.98404
Car-1,2008-09-14 03:35:25,115.483056,39.98406
Car-1,2008-09-14 03:35:27,115.48298,39.984027
Car-1,2008-09-14 03:35:29,115.483091,39.984001
Car-1,2008-09-14 03:35:35,115.482315,39.983023
Car-1,2008-09-14 03:35:37,115.482138,39.982903
Car-1,2008-09-14 03:35:39,115.48218,39.982819
Car-1,2008-09-14 03:35:41,115.481959,39.982792
Car-1,2008-09-14 03:35:43,115.481968,39.982686
Car-1,2008-09-14 03:35:45,115.481998,39.982714
Car-1,2008-09-14 03:35:47,115.481972,39.98272
Car-1,2008-09-14 03:35:49,115.481972,39.982717
Car-1,2008-09-14 03:35:51,115.481971,39.982714
Car-1,2008-09-14 03:35:53,115.48197,39.982712
Car-1,2008-09-14 03:35:55,115.48197,39.982711
Car-1,2008-09-14 03:35:57,115.48197,39.98271
Car-1,2008-09-14 03:35:59,115.48197,39.982711
Car-1,2008-09-14 03:36:01,115.48197,39.982714
Car-1,2008-09-14 03:36:03,115.481966,39.982729
Car-1,2008-09-14 03:36:05,115.481943,39.982796
Car-1,2008-09-14 03:36:07,115.481905,39.982917
Car-1,2008-09-14 03:36:09,115.481892,39.983052
Car-1,2008-09-14 03:36:11,115.481863,39.983199
Car-1,2008-09-14 03:36:13,115.481783,39.983343
Car-1,2008-09-14 03:36:15,115.481788,39.983499
Car-1,2008-09-14 03:36:17,115.481734,39.983659
Car-1,2008-09-14 03:36:19,115.481637,39.983818
Car-1,2008-09-14 03:36:21,115.481602,39.984
Car-1,2008-09-14 03:36:23,115.481476,39.98417
Car-1,2008-09-14 03:36:25,115.481384,39.984348
Car-1,2008-09-14 03:36:27,115.48133,39.984534
Car-1,2008-09-14 03:36:29,115.481214,39.98472
Car-1,2008-09-14 03:36:31,115.481086,39.98491
Car-1,2008-09-14 03:36:33,115.480988,39.985114
Car-1,2008-09-14 03:36:35,115.480908,39.985325
Car-1,2008-09-14 03:36:37,115.480792,39.98553
Car-1,2008-09-14 03:36:39,115.480696,39.985725
Car-1,2008-09-14 03:36:41,115.480612,39.985908
Car-1,2008-09-14 03:36:43,115.48052,39.98607
Car-1,2008-09-14 03:36:45,115.480417,39.986222
Car-1,2008-09-14 03:36:47,115.480305,39.986377
Car-1,2008-09-14 03:36:49,115.480199,39.986527
Car-1,2008-09-14 03:36:51,115.480127,39.986668
Car-1,2008-09-14 03:36:53,115.480109,39.986811
Car-1,2008-09-14 03:36:55,115.48015,39.98696
Car-1,2008-09-14 03:36:57,115.480228,39.987112
Car-1,2008-09-14 03:36:59,115.480368,39.987258
Car-1,2008-09-14 03:37:01,115.480471,39.987393
Car-1,2008-09-14 03:37:03,115.480538,39.987565
Car-1,2008-09-14 03:37:05,115.480579,39.987766
Car-1,2008-09-14 03:37:07,115.480558,39.987988
Car-1,2008-09-14 03:37:09,115.480538,39.988235
Car-1,2008-09-14 03:37:11,115.480517,39.988487
Car-1,2008-09-14 03:37:13,115.480508,39.988731
Car-1,2008-09-14 03:37:15,115.480498,39.988949
Car-1,2008-09-14 03:37:17,115.480483,39.989143
Car-1,2008-09-14 03:37:19,115.48048,39.989307
Car-1,2008-09-14 03:37:21,115.480456,39.989418
Car-1,2008-09-14 03:37:23,115.480392,39.989485
Car-1,2008-09-14 03:37:25,115.480285,39.989468
Car-1,2008-09-14 03:37:27,115.480157,39.989418
Car-1,2008-09-14 03:37:29,115.480006,39.989301
Car-1,2008-09-14 03:37:31,115.479846,39.989147
Car-1,2008-09-14 03:37:33,115.479716,39.988947
Car-1,2008-09-14 03:37:35,115.479584,39.988711
Car-1,2008-09-14 03:37:37,115.47947,39.988475
Car-1,2008-09-14 03:37:39,115.479397,39.988271
Car-1,2008-09-14 03:37:41,115.479319,39.988117
Car-1,2008-09-14 03:37:43,115.479213,39.988017
Car-1,2008-09-14 03:37:45,115.479113,39.987977
Car-1,2008-09-14 03:37:47,115.479046,39.987982
Car-1,2008-09-14 03:37:49,115.479019,39.988068
Car-1,2008-09-14 03:37:51,115.479021,39.988189
Car-1,2008-09-14 03:37:53,115.479024,39.988312
Car-1,2008-09-14 03:37:55,115.479048,39.988444
Car-1,2008-09-14 03:37:57,115.479093,39.988608
Car-1,2008-09-14 03:37:59,115.479173,39.988789
Car-1,2008-09-14 03:38:01,115.479311,39.988957
Car-1,2008-09-14 03:38:03,115.479471,39.989108
Car-1,2008-09-14 03:38:05,115.479632,39.989256
Car-1,2008-09-14 03:38:07,115.479755,39.989405
Car-1,2008-09-14 03:38:09,115.479827,39.989574
Car-1,2008-09-14 03:38:11,115.479869,39.989735
Car-1,2008-09-14 03:38:13,115.479837,39.989895
Car-1,2008-09-14 03:38:15,115.479768,39.990042
Car-1,2008-09-14 03:38:17,115.479672,39.99018
Car-1,2008-09-14 03:38:19,115.479558,39.990296
Car-1,2008-09-14 03:38:21,115.47942,39.990387
Car-1,2008-09-14 03:38:23,115.479276,39.990487
Car-1,2008-09-14 03:38:25,115.479142,39.990594
Car-1,2008-09-14 03:38:27,115.47902,39.990701
Car-1,2008-09-14 03:38:29,115.478907,39.990823
Car-1,2008-09-14 03:38:31,115.478821,39.990962
Car-1,2008-09-14 03:38:33,115.478758,39.991109
Car-1,2008-09-14 03:38:35,115.478744,39.991272
Car-1,2008-09-14 03:38:37,115.478736,39.991438
Car-1,2008-09-14 03:38:39,115.478723,39.991616
Car-1,2008-09-14 03:38:41,115.478685,39.99179
Car-1,2008-09-14 03:38:43,115.478632,39.991956
Car-1,2008-09-14 03:38:45,115.478545,39.992114
Car-1,2008-09-14 03:38:47,115.478455,39.992268
Car-1,2008-09-14 03:38:49,115.478343,39.992364
Car-1,2008-09-14 03:38:51,115.478226,39.992428
Car-1,2008-09-14 03:38:53,115.47806,39.992499
Car-1,2008-09-14 03:38:55,115.477879,39.99257
Car-1,2008-09-14 03:38:57,115.477704,39.992629
Car-1,2008-09-14 03:38:59,115.47756,39.992701
Car-1,2008-09-14 03:39:01,115.477455,39.992798
Car-1,2008-09-14 03:39:03,115.477359,39.992919
Car-1,2008-09-14 03:39:05,115.47726,39.993072
Car-1,2008-09-14 03:39:07,115.477078,39.993338
Car-1,2008-09-14 03:39:09,115.477001,39.99355
Car-1,2008-09-14 03:39:11,115.476925,39.993748
Car-1,2008-09-14 03:39:13,115.476833,39.993946
Car-1,2008-09-14 03:39:15,115.476735,39.994157
Car-1,2008-09-14 03:39:17,115.476675,39.994373
Car-1,2008-09-14 03:39:19,115.476656,39.994583
Car-1,2008-09-14 03:39:21,115.476662,39.994801
Car-1,2008-09-14 03:39:23,115.476703,39.995022
Car-1,2008-09-14 03:39:25,115.47674,39.995227
Car-1,2008-09-14 03:39:27,115.476828,39.995401
Car-1,2008-09-14 03:39:29,115.476965,39.995543
Car-1,2008-09-14 03:39:31,115.477157,39.995693
Car-1,2008-09-14 03:39:33,115.477319,39.995828
Car-1,2008-09-14 03:39:35,115.477487,39.995957
Car-1,2008-09-14 03:39:37,115.477716,39.996039
Car-1,2008-09-14 03:39:39,115.477961,39.996088
Car-1,2008-09-14 03:39:41,115.478213,39.996115
Car-1,2008-09-14 03:39:43,115.478471,39.996159
Car-1,2008-09-14 03:39:45,115.478701,39.996221
Car-1,2008-09-14 03:39:47,115.478882,39.996296
Car-1,2008-09-14 03:39:49,115.478983,39.996382
Car-1,2008-09-14 03:39:51,115.479052,39.996488
Car-1,2008-09-14 03:39:53,115.479115,39.996616
Car-1,2008-09-14 03:39:55,115.479129,39.996755
Car-1,2008-09-14 03:39:57,115.479203,39.996896
Car-1,2008-09-14 03:39:59,115.479317,39.997018
Car-1,2008-09-14 03:40:01,115.47942,39.997167
Car-1,2008-09-14 03:40:03,115.479517,39.997328
Car-1,2008-09-14 03:40:05,115.479615,39.997492
Car-1,2008-09-14 03:40:07,115.479717,39.997655
Car-1,2008-09-14 03:40:09,115.479805,39.997825
Car-1,2008-09-14 03:40:11,115.479884,39.998013
Car-1,2008-09-14 03:40:13,115.479958,39.998205
Car-1,2008-09-14 03:40:15,115.480101,39.998379
Car-1,2008-09-14 03:40:17,115.480282,39.998558
Car-1,2008-09-14 03:40:19,115.480485,39.998714
Car-1,2008-09-14 03:40:21,115.480688,39.99883
Car-1,2008-09-14 03:40:23,115.480881,39.998904
Car-1,2008-09-14 03:40:25,115.481114,39.998918
Car-1,2008-09-14 03:40:27,115.481353,39.998964
Car-1,2008-09-14 03:40:29,115.481587,39.999001
Car-1,2008-09-14 03:40:31,115.481806,39.999045
Car-1,2008-09-14 03:40:33,115.482121,39.999087
Car-1,2008-09-14 03:40:35,115.482432,39.999157
Car-1,2008-09-14 03:40:37,115.48272,39.999226
Car-1,2008-09-14 03:40:39,115.482999,39.999296
Car-1,2008-09-14 03:40:41,115.483268,39.999372
Car-1,2008-09-14 03:40:43,115.483518,39.99946
Car-1,2008-09-14 03:40:45,115.483736,39.999569
Car-1,2008-09-14 03:40:47,115.483979,39.999695
Car-1,2008-09-14 03:40:49,115.484182,39.999831
Car-1,2008-09-14 03:40:51,115.484358,39.99995
Car-1,2008-09-14 03:40:53,115.484479,40.000078
Car-1,2008-09-14 03:40:55,115.484551,40.000235
Car-1,2008-09-14 03:40:57,115.484556,40.000401
Car-1,2008-09-14 03:40:59,115.484532,40.000564
Car-1,2008-09-14 03:41:01,115.484488,40.000727
Car-1,2008-09-14 03:41:03,115.484443,40.0009
Car-1,2008-09-14 03:41:05,115.484374,40.001086
Car-1,2008-09-14 03:41:07,115.484294,40.001228
Car-1,2008-09-14 03:41:09,115.484249,40.00142
Car-1,2008-09-14 03:41:11,115.484162,40.00159
Car-1,2008-09-14 03:41:13,115.484053,40.001746
Car-1,2008-09-14 03:41:15,115.484002,40.001873
Car-1,2008-09-14 03:41:17,115.483992,40.002028
Car-1,2008-09-14 03:41:19,115.48399,40.002168
Car-1,2008-09-14 03:41:21,115.483988,40.002316
Car-1,2008-09-14 03:41:23,115.483969,40.002481
Car-1,2008-09-14 03:41:25,115.483912,40.002637
Car-1,2008-09-14 03:41:27,115.483849,40.002802
Car-1,2008-09-14 03:41:29,115.48379,40.00298
Car-1,2008-09-14 03:41:31,115.483737,40.003162
Car-1,2008-09-14 03:41:33,115.483722,40.003345
Car-1,2008-09-14 03:41:35,115.48378,40.003512
Car-1,2008-09-14 03:41:37,115.483905,40.003667
Car-1,2008-09-14 03:41:39,115.484136,40.003774
Car-1,2008-09-14 03:41:41,115.484356,40.003829
Car-1,2008-09-14 03:41:43,115.484587,40.003864
Car-1,2008-09-14 03:41:45,115.484829,40.003923
Car-1,2008-09-14 03:41:47,115.485012,40.003991
Car-1,2008-09-14 03:41:49,115.485106,40.004089
Car-1,2008-09-14 03:41:51,115.485123,40.004206
Car-1,2008-09-14 03:41:53,115.485063,40.004293
Car-1,2008-09-14 03:41:55,115.484925,40.004343
Car-1,2008-09-14 03:41:57,115.484711,40.004337
Car-1,2008-09-14 03:41:59,115.48446,40.004267
Car-1,2008-09-14 03:42:01,115.48416,40.004166
Car-1,2008-09-14 03:42:03,115.483898,40.004069
Car-1,2008-09-14 03:42:05,115.483614,40.003951
Car-1,2008-09-14 03:42:07,115.4834,40.003819
Car-1,2008-09-14 03:42:09,115.483236,40.003654
Car-1,2008-09-14 03:42:11,115.483133,40.003471
Car-1,2008-09-14 03:42:13,115.483074,40.003271
Car-1,2008-09-14 03:42:15,115.483025,40.003068
Car-1,2008-09-14 03:42:17,115.482964,40.002861
Car-1,2008-09-14 03:42:19,115.482834,40.002666
Car-1,2008-09-14 03:42:21,115.482668,40.002483
Car-1,2008-09-14 03:42:23,115.482559,40.002314
Car-1,2008-09-14 03:42:25,115.482495,40.002163
Car-1,2008-09-14 03:42:27,115.482415,40.002029
Car-1,2008-09-14 03:42:29,115.482276,40.001935
Car-1,2008-09-14 03:42:31,115.482071,40.001902
Car-1,2008-09-14 03:42:33,115.481887,40.001899
Car-1,2008-09-14 03:42:35,115.481683,40.001963
Car-1,2008-09-14 03:42:37,115.481517,40.002052
Car-1,2008-09-14 03:42:39,115.481364,40.002163
Car-1,2008-09-14 03:42:41,115.48123,40.002294
Car-1,2008-09-14 03:42:43,115.481093,40.002436
Car-1,2008-09-14 03:42:45,115.480941,40.002579
Car-1,2008-09-14 03:42:47,115.480774,40.00273
Car-1,2008-09-14 03:42:49,115.480626,40.002888
Car-1,2008-09-14 03:42:51,115.480467,40.003036
Car-1,2008-09-14 03:42:53,115.480307,40.003179
Car-1,2008-09-14 03:42:55,115.480112,40.0033
Car-1,2008-09-14 03:42:57,115.479915,40.003413
Car-1,2008-09-14 03:42:59,115.479758,40.003512
Car-1,2008-09-14 03:43:01,115.479671,40.003625
Car-1,2008-09-14 03:43:03,115.479694,40.003725
Car-1,2008-09-14 03:43:05,115.47978,40.00378
Car-1,2008-09-14 03:43:07,115.479952,40.0038
Car-1,2008-09-14 03:43:09,115.480097,40.00371
Car-1,2008-09-14 03:43:11,115.480243,40.00358
Car-1,2008-09-14 03:43:13,115.48041,40.003454
Car-1,2008-09-14 03:43:15,115.480641,40.003337
Car-1,2008-09-14 03:43:17,115.480818,40.00325
Car-1,2008-09-14 03:43:19,115.480999,40.003223
Car-1,2008-09-14 03:43:21,115.48114,40.003258
Car-1,2008-09-14 03:43:23,115.481277,40.003348
Car-1,2008-09-14 03:43:25,115.481404,40.00348
Car-1,2008-09-14 03:43:27,115.48147,40.003622
Car-1,2008-09-14 03:43:29,115.481485,40.003802
Car-1,2008-09-14 03:43:31,115.481404,40.003917
Car-1,2008-09-14 03:43:33,115.481256,40.003907
Car-1,2008-09-14 03:43:35,115.481098,40.003829
Car-1,2008-09-14 03:43:37,115.480945,40.003732
Car-1,2008-09-14 03:43:39,115.48081,40.003667
Car-1,2008-09-14 03:43:41,115.480717,40.003636
Car-1,2008-09-14 03:43:43,115.480662,40.003628
Car-1,2008-09-14 03:43:45,115.48061,40.003618
Car-1,2008-09-14 03:43:47,115.480544,40.003641
Car-1,2008-09-14 03:43:49,115.480487,40.003682
Car-1,2008-09-14 03:43:51,115.480393,40.003755
Car-1,2008-09-14 03:43:53,115.480333,40.003876
Car-1,2008-09-14 03:43:55,115.48026,40.004033
Car-1,2008-09-14 03:43:57,115.480202,40.00419
Car-1,2008-09-14 03:43:59,115.480129,40.004349
Car-1,2008-09-14 03:44:01,115.480013,40.004508
Car-1,2008-09-14 03:44:03,115.47985,40.004669
Car-1,2008-09-14 03:44:05,115.479656,40.004791
Car-1,2008-09-14 03:44:07,115.479454,40.004924
Car-1,2008-09-14 03:44:09,115.479271,40.005075
Car-1,2008-09-14 03:44:11,115.479166,40.005237
Car-1,2008-09-14 03:44:13,115.479154,40.005378
Car-1,2008-09-14 03:44:15,115.479227,40.005441
Car-1,2008-09-14 03:44:17,115.479363,40.005384
Car-1,2008-09-14 03:44:19,115.479492,40.005263
Car-1,2008-09-14 03:44:21,115.479631,40.005133
Car-1,2008-09-14 03:44:23,115.479798,40.004979
Car-1,2008-09-14 03:44:25,115.479954,40.004807
Car-1,2008-09-14 03:44:27,115.480111,40.00464
Car-1,2008-09-14 03:44:29,115.480328,40.004513
Car-1,2008-09-14 03:44:31,115.480558,40.004454
Car-1,2008-09-14 03:44:33,115.480808,40.004407
Car-1,2008-09-14 03:44:35,115.481064,40.004366
Car-1,2008-09-14 03:44:37,115.481307,40.004328
Car-1,2008-09-14 03:44:39,115.481535,40.00431
Car-1,2008-09-14 03:44:41,115.481756,40.004314
Car-1,2008-09-14 03:44:43,115.481987,40.004356
Car-1,2008-09-14 03:44:45,115.482219,40.004425
Car-1,2008-09-14 03:44:47,115.482429,40.004523
Car-1,2008-09-14 03:44:49,115.482581,40.004657
Car-1,2008-09-14 03:44:51,115.48267,40.004777
Car-1,2008-09-14 03:44:53,115.482719,40.004916
Car-1,2008-09-14 03:44:55,115.482795,40.005053
Car-1,2008-09-14 03:44:57,115.482908,40.005178
Car-1,2008-09-14 03:44:59,115.483061,40.005273
Car-1,2008-09-14 03:45:01,115.483248,40.005349
Car-1,2008-09-14 03:45:03,115.483477,40.005391
Car-1,2008-09-14 03:45:05,115.483714,40.005415
Car-1,2008-09-14 03:45:07,115.483949,40.005433
Car-1,2008-09-14 03:45:09,115.484176,40.00545
Car-1,2008-09-14 03:45:11,115.484359,40.005504
Car-1,2008-09-14 03:45:13,115.484492,40.005588
Car-1,2008-09-14 03:45:15,115.484565,40.005718
Car-1,2008-09-14 03:45:17,115.484589,40.005872
Car-1,2008-09-14 03:45:19,115.484578,40.006043
Car-1,2008-09-14 03:45:21,115.484548,40.006217
Car-1,2008-09-14 03:45:23,115.484523,40.006387
Car-1,2008-09-14 03:45:25,115.484548,40.006564
Car-1,2008-09-14 03:45:27,115.484606,40.006728
Car-1,2008-09-14 03:45:29,115.4847,40.006917
Car-1,2008-09-14 03:45:31,115.484768,40.007109
Car-1,2008-09-14 03:45:33,115.484783,40.007314
Car-1,2008-09-14 03:45:35,115.484765,40.007516
Car-1,2008-09-14 03:45:37,115.484744,40.007735
Car-1,2008-09-14 03:45:39,115.484736,40.007944
Car-1,2008-09-14 03:45:41,115.484779,40.00812
Car-1,2008-09-14 03:45:43,115.48488,40.00823
Car-1,2008-09-14 03:45:45,115.485036,40.008275
Car-1,2008-09-14 03:45:47,115.48519,40.008224
Car-1,2008-09-14 03:45:49,115.485345,40.008156
Car-1,2008-09-14 03:45:51,115.48552,40.008099
Car-1,2008-09-14 03:45:53,115.485673,40.008103
Car-1,2008-09-14 03:45:55,115.485783,40.008156
Car-1,2008-09-14 03:45:57,115.485853,40.008253
Car-1,2008-09-14 03:45:59,115.485933,40.008378
Car-1,2008-09-14 03:46:01,115.486064,40.008502
Car-1,2008-09-14 03:46:03,115.486186,40.008602
Car-1,2008-09-14 03:46:05,115.486342,40.008694
Car-1,2008-09-14 03:46:07,115.486528,40.008752
Car-1,2008-09-14 03:46:09,115.48673,40.00874
Car-1,2008-09-14 03:46:11,115.486922,40.008724
Car-1,2008-09-14 03:46:13,115.487087,40.008749
Car-1,2008-09-14 03:46:15,115.487233,40.008813
Car-1,2008-09-14 03:46:17,115.487426,40.008896
Car-1,2008-09-14 03:46:19,115.487649,40.008948
Car-1,2008-09-14 03:46:21,115.487877,40.008912
Car-1,2008-09-14 03:46:23,115.488105,40.008844
Car-1,2008-09-14 03:46:25,115.488316,40.00874
Car-1,2008-09-14 03:46:27,115.488465,40.008637
Car-1,2008-09-14 03:46:29,115.488588,40.008545
Car-1,2008-09-14 03:46:31,115.48872,40.008502
Car-1,2008-09-14 03:46:33,115.488794,40.008572
Car-1,2008-09-14 03:46:35,115.48885,40.008737
Car-1,2008-09-14 03:46:37,115.48888,40.008919
Car-1,2008-09-14 03:46:39,115.488894,40.00912
Car-1,2008-09-14 03:46:41,115.48886,40.009315
Car-1,2008-09-14 03:46:43,115.488798,40.00952
Car-1,2008-09-14 03:46:45,115.488745,40.009727
Car-1,2008-09-14 03:46:47,115.488701,40.009948
Car-1,2008-09-14 03:46:49,115.488746,40.010181
Car-1,2008-09-14 03:46:51,115.488801,40.010387
Car-1,2008-09-14 03:46:53,115.488877,40.010581
Car-1,2008-09-14 03:46:55,115.48895,40.010774
Car-1,2008-09-14 03:46:57,115.489003,40.010956
Car-1,2008-09-14 03:46:59,115.48914,40.011097
Car-1,2008-09-14 03:47:01,115.489315,40.011203
Car-1,2008-09-14 03:47:03,115.48949,40.011292
Car-1,2008-09-14 03:47:05,115.489689,40.011351
Car-1,2008-09-14 03:47:07,115.489916,40.011398
Car-1,2008-09-14 03:47:09,115.49011,40.011457
Car-1,2008-09-14 03:47:11,115.490238,40.011542
Car-1,2008-09-14 03:47:13,115.490341,40.011674
Car-1,2008-09-14 03:47:15,115.490424,40.011843
Car-1,2008-09-14 03:47:17,115.490425,40.012026
Car-1,2008-09-14 03:47:19,115.490384,40.012203
Car-1,2008-09-14 03:47:21,115.490314,40.012357
Car-1,2008-09-14 03:47:23,115.490229,40.012484
Car-1,2008-09-14 03:47:25,115.490129,40.0126
Car-1,2008-09-14 03:47:27,115.490094,40.012729
Car-1,2008-09-14 03:47:29,115.490153,40.012863
Car-1,2008-09-14 03:47:31,115.490257,40.013004
Car-1,2008-09-14 03:47:33,115.490439,40.013161
Car-1,2008-09-14 03:47:35,115.49065,40.013309
Car-1,2008-09-14 03:47:37,115.49089,40.013497
Car-1,2008-09-14 03:47:39,115.491069,40.013692
Car-1,2008-09-14 03:47:41,115.491234,40.013858
Car-1,2008-09-14 03:47:43,115.49144,40.013946
Car-1,2008-09-14 03:47:45,115.491649,40.013985
Car-1,2008-09-14 03:47:47,115.49187,40.014004
Car-1,2008-09-14 03:47:49,115.492092,40.014015
Car-1,2008-09-14 03:47:51,115.492324,40.014027
Car-1,2008-09-14 03:47:53,115.492537,40.014036
Car-1,2008-09-14 03:47:55,115.492753,40.014082
Car-1,2008-09-14 03:47:57,115.492973,40.014157
Car-1,2008-09-14 03:47:59,115.49319,40.014234
Car-1,2008-09-14 03:48:01,115.493342,40.014301
Car-1,2008-09-14 03:48:03,115.493459,40.014382
Car-1,2008-09-14 03:48:05,115.493547,40.014492
Car-1,2008-09-14 03:48:07,115.493602,40.014636
Car-1,2008-09-14 03:48:09,115.493635,40.014802
Car-1,2008-09-14 03:48:11,115.493643,40.015002
Car-1,2008-09-14 03:48:13,115.493644,40.015215
Car-1,2008-09-14 03:48:15,115.493633,40.015443
Car-1,2008-09-14 03:48:17,115.493618,40.015678
Car-1,2008-09-14 03:48:19,115.493612,40.015894
Car-1,2008-09-14 03:48:21,115.493679,40.016106
Car-1,2008-09-14 03:48:23,115.493789,40.016297
Car-1,2008-09-14 03:48:25,115.493924,40.016472
Car-1,2008-09-14 03:48:27,115.494087,40.016649
Car-1,2008-09-14 03:48:29,115.494209,40.016833
Car-1,2008-09-14 03:48:31,115.494304,40.017026
Car-1,2008-09-14 03:48:33,115.494375,40.017217
Car-1,2008-09-14 03:48:35,115.494445,40.017429
Car-1,2008-09-14 03:48:37,115.494496,40.017636
Car-1,2008-09-14 03:48:39,115.494559,40.017834
Car-1,2008-09-14 03:48:41,115.494634,40.018033
Car-1,2008-09-14 03:48:43,115.49474,40.018228
Car-1,2008-09-14 03:48:45,115.494863,40.018403
Car-1,2008-09-14 03:48:47,115.494953,40.018577
Car-1,2008-09-14 03:48:49,115.494976,40.018703
Car-1,2008-09-14 03:48:51,115.494908,40.018819
Car-1,2008-09-14 03:48:53,115.49476,40.018848
Car-1,2008-09-14 03:48:55,115.494575,40.018761
Car-1,2008-09-14 03:48:57,115.494426,40.018613
Car-1,2008-09-14 03:48:59,115.494329,40.018424
Car-1,2008-09-14 03:49:01,115.494206,40.018217
Car-1,2008-09-14 03:49:03,115.494066,40.017973
Car-1,2008-09-14 03:49:05,115.493964,40.017773
Car-1,2008-09-14 03:49:07,115.493888,40.017596
Car-1,2008-09-14 03:49:09,115.493779,40.017472
Car-1,2008-09-14 03:49:11,115.49364,40.017442
Car-1,2008-09-14 03:49:13,115.493552,40.017444
Car-1,2008-09-14 03:49:15,115.493607,40.017531
Car-1,2008-09-14 03:49:17,115.493697,40.017664
Car-1,2008-09-14 03:49:19,115.493803,40.017809
Car-1,2008-09-14 03:49:21,115.493914,40.017993
Car-1,2008-09-14 03:49:23,115.493952,40.018183
Car-1,2008-09-14 03:49:25,115.493967,40.018392
Car-1,2008-09-14 03:49:27,115.494002,40.018606
Car-1,2008-09-14 03:49:29,115.494087,40.018799
Car-1,2008-09-14 03:49:31,115.49425,40.018969
Car-1,2008-09-14 03:49:33,115.494443,40.01912
Car-1,2008-09-14 03:49:35,115.494668,40.019237
Car-1,2008-09-14 03:49:37,115.494923,40.019299
Car-1,2008-09-14 03:49:39,115.495248,40.019343
Car-1,2008-09-14 03:49:41,115.495513,40.019321
Car-1,2008-09-14 03:49:43,115.495725,40.019286
Car-1,2008-09-14 03:49:45,115.495911,40.019302
Car-1,2008-09-14 03:49:47,115.496037,40.019358
Car-1,2008-09-14 03:49:49,115.496076,40.019454
Car-1,2008-09-14 03:49:51,115.496109,40.01961
Car-1,2008-09-14 03:49:53,115.496157,40.019791
Car-1,2008-09-14 03:49:55,115.496235,40.019996
Car-1,2008-09-14 03:49:57,115.49633,40.020206
Car-1,2008-09-14 03:49:59,115.496385,40.020409
Car-1,2008-09-14 03:50:01,115.496373,40.020592
Car-1,2008-09-14 03:50:03,115.496282,40.020775
Car-1,2008-09-14 03:50:05,115.496125,40.020943
Car-1,2008-09-14 03:50:07,115.495981,40.021112
Car-1,2008-09-14 03:50:09,115.495809,40.021278
Car-1,2008-09-14 03:50:11,115.495618,40.021419
Car-1,2008-09-14 03:50:13,115.495388,40.021515
Car-1,2008-09-14 03:50:15,115.495116,40.021549
Car-1,2008-09-14 03:50:17,115.494833,40.021622
Car-1,2008-09-14 03:50:19,115.494605,40.02173
Car-1,2008-09-14 03:50:21,115.494441,40.021874
Car-1,2008-09-14 03:50:23,115.494337,40.02202
Car-1,2008-09-14 03:50:25,115.494273,40.022143
Car-1,2008-09-14 03:50:27,115.494481,40.022149
Car-1,2008-09-14 03:50:29,115.494726,40.022169
Car-1,2008-09-14 03:50:31,115.495043,40.022161
Car-1,2008-09-14 03:50:33,115.495446,40.022101
Car-1,2008-09-14 03:50:35,115.49587,40.022065
Car-1,2008-09-14 03:50:37,115.496159,40.022066
Car-1,2008-09-14 03:50:39,115.496293,40.022111
Car-1,2008-09-14 03:50:41,115.496267,40.022204
Car-1,2008-09-14 03:50:43,115.496159,40.022264
Car-1,2008-09-14 03:50:45,115.49594,40.02228
Car-1,2008-09-14 03:50:47,115.495693,40.022281
Car-1,2008-09-14 03:50:49,115.495459,40.022328
Car-1,2008-09-14 03:50:51,115.495198,40.022379
Car-1,2008-09-14 03:50:53,115.494926,40.022408
Car-1,2008-09-14 03:50:55,115.494694,40.022429
Car-1,2008-09-14 03:50:57,115.494429,40.022436
Car-1,2008-09-14 03:50:59,115.494091,40.022439
Car-1,2008-09-14 03:51:01,115.493766,40.022429
Car-1,2008-09-14 03:51:03,115.493443,40.022387
Car-1,2008-09-14 03:51:05,115.49318,40.022314
Car-1,2008-09-14 03:51:07,115.492916,40.022263
Car-1,2008-09-14 03:51:09,115.492666,40.022239
Car-1,2008-09-14 03:51:11,115.492416,40.022217
Car-1,2008-09-14 03:51:13,115.49217,40.022205
Car-1,2008-09-14 03:51:15,115.491944,40.02223
Car-1,2008-09-14 03:51:17,115.491786,40.022331
Car-1,2008-09-14 03:51:19,115.491694,40.022446
Car-1,2008-09-14 03:51:21,115.491763,40.02251
Car-1,2008-09-14 03:51:23,115.491947,40.022553
Car-1,2008-09-14 03:51:25,115.492146,40.022524
Car-1,2008-09-14 03:51:27,115.492423,40.022508
Car-1,2008-09-14 03:51:29,115.492703,40.022516
Car-1,2008-09-14 03:51:31,115.492943,40.022541
Car-1,2008-09-14 03:51:33,115.493084,40.0226
Car-1,2008-09-14 03:51:35,115.493161,40.022688
Car-1,2008-09-14 03:51:37,115.493209,40.022819
Car-1,2008-09-14 03:51:39,115.49327,40.02296
Car-1,2008-09-14 03:51:41,115.493332,40.023113
Car-1,2008-09-14 03:51:43,115.493441,40.023245
Car-1,2008-09-14 03:51:45,115.493598,40.023357
Car-1,2008-09-14 03:51:47,115.493809,40.023364
Car-1,2008-09-14 03:51:49,115.494008,40.02333
Car-1,2008-09-14 03:51:51,115.494228,40.023315
Car-1,2008-09-14 03:51:53,115.494443,40.023326
Car-1,2008-09-14 03:51:55,115.494661,40.023405
Car-1,2008-09-14 03:51:57,115.494882,40.023459
Car-1,2008-09-14 03:51:59,115.495119,40.023435
Car-1,2008-09-14 03:52:01,115.495274,40.023356
Car-1,2008-09-14 03:52:03,115.495406,40.023246
Car-1,2008-09-14 03:52:05,115.495612,40.023169
Car-1,2008-09-14 03:52:07,115.495815,40.023106
Car-1,2008-09-14 03:52:09,115.496051,40.023045
Car-1,2008-09-14 03:52:11,115.496318,40.023001
Car-1,2008-09-14 03:52:13,115.496576,40.022968
Car-1,2008-09-14 03:52:15,115.496815,40.022949
Car-1,2008-09-14 03:52:17,115.496974,40.022999
Car-1,2008-09-14 03:52:19,115.497032,40.023112
Car-1,2008-09-14 03:52:21,115.49706,40.023265
Car-1,2008-09-14 03:52:23,115.496978,40.023428
Car-1,2008-09-14 03:52:25,115.496849,40.023619
Car-1,2008-09-14 03:52:27,115.496722,40.023829
Car-1,2008-09-14 03:52:29,115.496689,40.024091
Car-1,2008-09-14 03:52:31,115.496742,40.024312
Car-1,2008-09-14 03:52:33,115.496764,40.02454
Car-1,2008-09-14 03:52:35,115.496748,40.02476
Car-1,2008-09-14 03:52:37,115.496703,40.024981
Car-1,2008-09-14 03:52:39,115.496647,40.025191
Car-1,2008-09-14 03:52:41,115.496611,40.025422
Car-1,2008-09-14 03:52:43,115.496597,40.025642
Car-1,2008-09-14 03:52:45,115.496556,40.025869
Car-1,2008-09-14 03:52:47,115.496498,40.026109
Car-1,2008-09-14 03:52:49,115.496419,40.02635
Car-1,2008-09-14 03:52:51,115.496366,40.026589
Car-1,2008-09-14 03:52:53,115.496345,40.026829
Car-1,2008-09-14 03:52:55,115.496365,40.027051
Car-1,2008-09-14 03:52:57,115.496412,40.027251
Car-1,2008-09-14 03:52:59,115.496456,40.027446
Car-1,2008-09-14 03:53:01,115.496439,40.027617
Car-1,2008-09-14 03:53:03,115.496389,40.027759
Car-1,2008-09-14 03:53:05,115.496358,40.02787
Car-1,2008-09-14 03:53:07,115.496343,40.027963
Car-1,2008-09-14 03:53:09,115.496316,40.028031
Car-1,2008-09-14 03:53:11,115.496302,40.028086
Car-1,2008-09-14 03:53:13,115.496271,40.028121
Car-1,2008-09-14 03:53:15,115.496244,40.028189
Car-1,2008-09-14 03:53:17,115.496224,40.028264
Car-1,2008-09-14 03:53:19,115.496219,40.02837
Car-1,2008-09-14 03:53:21,115.496266,40.028484
Car-1,2008-09-14 03:53:23,115.496329,40.028607
Car-1,2008-09-14 03:53:25,115.496401,40.028733
Car-1,2008-09-14 03:53:27,115.496471,40.028837
Car-1,2008-09-14 03:53:29,115.496505,40.028946
Car-1,2008-09-14 03:53:31,115.496525,40.029036
Car-1,2008-09-14 03:53:33,115.496542,40.029138
Car-1,2008-09-14 03:53:35,115.496565,40.029232
Car-1,2008-09-14 03:53:37,115.496592,40.029338
Car-1,2008-09-14 03:53:39,115.496616,40.029434
Car-1,2008-09-14 03:53:41,115.496658,40.029518
Car-1,2008-09-14 03:53:43,115.496717,40.029612
Car-1,2008-09-14 03:53:45,115.496768,40.029719
Car-1,2008-09-14 03:53:47,115.496816,40.029794
Car-1,2008-09-14 03:53:49,115.49684,40.029881
Car-1,2008-09-14 03:53:51,115.496848,40.029953
Car-1,2008-09-14 03:53:53,115.496869,40.030019
Car-1,2008-09-14 03:53:55,115.496877,40.030073
Car-1,2008-09-14 03:53:57,115.496879,40.030108
Car-1,2008-09-14 03:53:59,115.49688,40.03013
Car-1,2008-09-14 03:54:01,115.496894,40.030144
Car-1,2008-09-14 03:54:03,115.496891,40.030155
Car-1,2008-09-14 03:54:05,115.496898,40.030169
Car-1,2008-09-14 03:54:07,115.496903,40.030192
Car-1,2008-09-14 03:54:09,115.4969,40.030219
Car-1,2008-09-14 03:54:11,115.496889,40.030246
Car-1,2008-09-14 03:54:13,115.496882,40.030287
Car-1,2008-09-14 03:54:15,115.496895,40.030326
Car-1,2008-09-14 03:54:17,115.496893,40.030348
Car-1,2008-09-14 03:54:19,115.496899,40.03036
Car-1,2008-09-14 03:54:21,115.496883,40.030368
Car-1,2008-09-14 03:54:23,115.496888,40.030363
Car-1,2008-09-14 03:54:25,115.496887,40.030361
Car-1,2008-09-14 03:54:27,115.496887,40.030364
Car-1,2008-09-14 03:54:29,115.49689,40.030373
Car-1,2008-09-14 03:54:31,115.496892,40.030417
Car-1,2008-09-14 03:54:33,115.496899,40.030465
Car-1,2008-09-14 03:54:35,115.496912,40.030499
Car-1,2008-09-14 03:54:37,115.496927,40.030547
Car-1,2008-09-14 03:54:39,115.496932,40.030594
Car-1,2008-09-14 03:54:41,115.496941,40.030676
Car-1,2008-09-14 03:54:43,115.496928,40.03073
