agent_id,time,lng,lat
Car-1,2008-11-05 01:23:03,116.386737,40.181008
Car-1,2008-11-05 01:23:05,116.386688,40.180993
Car-1,2008-11-05 01:23:07,116.386655,40.180946
Car-1,2008-11-05 01:23:09,116.38664,40.180864
Car-1,2008-11-05 01:23:11,116.386623,40.18077
Car-1,2008-11-05 01:23:13,116.386591,40.180693
Car-1,2008-11-05 01:23:15,116.386583,40.180588
Car-1,2008-11-05 01:23:17,116.386574,40.180492
Car-1,2008-11-05 01:23:19,116.386592,40.180362
Car-1,2008-11-05 01:23:21,116.386585,40.180224
Car-1,2008-11-05 01:23:23,116.386597,40.180072
Car-1,2008-11-05 01:23:25,116.38658,40.17995
Car-1,2008-11-05 01:23:27,116.386571,40.179808
Car-1,2008-11-05 01:23:29,116.386559,40.17967
Car-1,2008-11-05 01:23:31,116.386545,40.179553
Car-1,2008-11-05 01:23:33,116.386539,40.179428
Car-1,2008-11-05 01:23:35,116.38673,40.179163
Car-1,2008-11-05 01:23:37,116.386886,40.178982
Car-1,2008-11-05 01:23:39,116.387038,40.178923
Car-1,2008-11-05 01:23:41,116.387223,40.178894
Car-1,2008-11-05 01:23:43,116.387406,40.17888
Car-1,2008-11-05 01:23:45,116.387596,40.178874
Car-1,2008-11-05 01:23:47,116.387797,40.178853
Car-1,2008-11-05 01:23:49,116.38803,40.178838
Car-1,2008-11-05 01:23:51,116.388231,40.178845
Car-1,2008-11-05 01:23:53,116.388433,40.178848
Car-1,2008-11-05 01:23:55,116.388645,40.178786
Car-1,2008-11-05 01:23:57,116.388762,40.178717
Car-1,2008-11-05 01:23:59,116.388833,40.178587
Car-1,2008-11-05 01:24:01,116.388844,40.178456
Car-1,2008-11-05 01:24:03,116.388837,40.178295
Car-1,2008-11-05 01:24:05,116.388807,40.178154
Car-1,2008-11-05 01:24:07,116.388799,40.177989
Car-1,2008-11-05 01:24:09,116.388804,40.177797
Car-1,2008-11-05 01:24:11,116.388805,40.177607
Car-1,2008-11-05 01:24:13,116.388805,40.177407
Car-1,2008-11-05 01:24:15,116.388824,40.1772
Car-1,2008-11-05 01:24:17,116.388835,40.176993
Car-1,2008-11-05 01:24:19,116.388849,40.1768
Car-1,2008-11-05 01:24:21,116.388843,40.176599
Car-1,2008-11-05 01:24:23,116.388833,40.1764
Car-1,2008-11-05 01:24:25,116.388829,40.176194
Car-1,2008-11-05 01:24:27,116.388821,40.175999
Car-1,2008-11-05 01:24:29,116.388823,40.175789
Car-1,2008-11-05 01:24:31,116.38882,40.175595
Car-1,2008-11-05 01:24:33,116.388823,40.175438
Car-1,2008-11-05 01:24:35,116.388824,40.175341
Car-1,2008-11-05 01:24:37,116.388815,40.175288
Car-1,2008-11-05 01:24:39,116.388808,40.175277
Car-1,2008-11-05 01:24:41,116.388787,40.175256
Car-1,2008-11-05 01:24:43,116.388782,40.175242
Car-1,2008-11-05 01:24:45,116.388787,40.175229
Car-1,2008-11-05 01:24:47,116.388791,40.175213
Car-1,2008-11-05 01:24:49,116.388816,40.175153
Car-1,2008-11-05 01:24:51,116.388862,40.175105
Car-1,2008-11-05 01:24:55,116.389829,40.174231
Car-1,2008-11-05 01:24:59,116.390203,40.174248
Car-1,2008-11-05 01:25:01,116.390454,40.174253
Car-1,2008-11-05 01:25:03,116.390714,40.174253
Car-1,2008-11-05 01:25:05,116.390991,40.174253
Car-1,2008-11-05 01:25:07,116.39129,40.174246
Car-1,2008-11-05 01:25:09,116.391581,40.174247
Car-1,2008-11-05 01:25:11,116.391876,40.174238
Car-1,2008-11-05 01:25:13,116.392189,40.174223
Car-1,2008-11-05 01:25:15,116.392526,40.174205
Car-1,2008-11-05 01:25:17,116.392859,40.17419
Car-1,2008-11-05 01:25:19,116.393178,40.17419
Car-1,2008-11-05 01:25:21,116.39349,40.174198
Car-1,2008-11-05 01:25:23,116.3938,40.174212
Car-1,2008-11-05 01:25:25,116.394104,40.17423
Car-1,2008-11-05 01:25:27,116.394404,40.174257
Car-1,2008-11-05 01:25:29,116.394725,40.174285
Car-1,2008-11-05 01:25:31,116.395069,40.174322
Car-1,2008-11-05 01:25:33,116.395434,40.174364
Car-1,2008-11-05 01:25:35,116.395806,40.174418
Car-1,2008-11-05 01:25:37,116.39618,40.174473
Car-1,2008-11-05 01:25:39,116.396542,40.174534
Car-1,2008-11-05 01:25:41,116.396909,40.174599
Car-1,2008-11-05 01:25:43,116.397262,40.174662
Car-1,2008-11-05 01:25:45,116.397609,40.174724
Car-1,2008-11-05 01:25:47,116.397943,40.174783
Car-1,2008-11-05 01:25:49,116.398269,40.174841
Car-1,2008-11-05 01:25:51,116.398595,40.174906
Car-1,2008-11-05 01:25:53,116.398913,40.174964
Car-1,2008-11-05 01:25:55,116.399207,40.175026
Car-1,2008-11-05 01:25:57,116.399487,40.175077
Car-1,2008-11-05 01:25:59,116.399784,40.175125
Car-1,2008-11-05 01:26:01,116.400067,40.175165
Car-1,2008-11-05 01:26:03,116.400315,40.175207
Car-1,2008-11-05 01:26:05,116.400535,40.175215
Car-1,2008-11-05 01:26:07,116.400716,40.17518
Car-1,2008-11-05 01:26:09,116.400871,40.1751
Car-1,2008-11-05 01:26:11,116.400986,40.174989
Car-1,2008-11-05 01:26:13,116.401043,40.174832
Car-1,2008-11-05 01:26:15,116.401053,40.174642
Car-1,2008-11-05 01:26:17,116.401058,40.174434
Car-1,2008-11-05 01:26:19,116.401067,40.174206
Car-1,2008-11-05 01:26:21,116.401074,40.17396
Car-1,2008-11-05 01:26:23,116.401084,40.173718
Car-1,2008-11-05 01:26:25,116.4011,40.173465
Car-1,2008-11-05 01:26:27,116.401113,40.173209
Car-1,2008-11-05 01:26:29,116.401134,40.172949
Car-1,2008-11-05 01:26:31,116.401141,40.172688
Car-1,2008-11-05 01:26:33,116.401151,40.17243
Car-1,2008-11-05 01:26:35,116.401165,40.172177
Car-1,2008-11-05 01:26:37,116.401176,40.171923
Car-1,2008-11-05 01:26:39,116.401188,40.17168
Car-1,2008-11-05 01:26:41,116.401203,40.171428
Car-1,2008-11-05 01:26:43,116.401217,40.171171
Car-1,2008-11-05 01:26:45,116.401238,40.170928
Car-1,2008-11-05 01:26:47,116.40125,40.170707
Car-1,2008-11-05 01:26:49,116.401261,40.170498
Car-1,2008-11-05 01:26:51,116.401268,40.170321
Car-1,2008-11-05 01:26:53,116.401274,40.17016
Car-1,2008-11-05 01:26:55,116.40129,40.17
Car-1,2008-11-05 01:26:57,116.401295,40.169825
Car-1,2008-11-05 01:26:59,116.401301,40.169632
Car-1,2008-11-05 01:27:01,116.401316,40.169439
Car-1,2008-11-05 01:27:03,116.401334,40.169231
Car-1,2008-11-05 01:27:05,116.401349,40.168999
Car-1,2008-11-05 01:27:07,116.401359,40.16875
Car-1,2008-11-05 01:27:09,116.401369,40.168485
Car-1,2008-11-05 01:27:11,116.401384,40.168218
Car-1,2008-11-05 01:27:13,116.401399,40.167942
Car-1,2008-11-05 01:27:15,116.401414,40.167643
Car-1,2008-11-05 01:27:17,116.401434,40.167358
Car-1,2008-11-05 01:27:19,116.401455,40.167085
Car-1,2008-11-05 01:27:21,116.40147,40.166824
Car-1,2008-11-05 01:27:23,116.401486,40.166549
Car-1,2008-11-05 01:27:25,116.401501,40.166277
Car-1,2008-11-05 01:27:27,116.401516,40.166017
Car-1,2008-11-05 01:27:29,116.401536,40.165758
Car-1,2008-11-05 01:27:31,116.401553,40.165504
Car-1,2008-11-05 01:27:33,116.401568,40.165257
Car-1,2008-11-05 01:27:35,116.401584,40.165027
Car-1,2008-11-05 01:27:37,116.401587,40.164803
Car-1,2008-11-05 01:27:39,116.401601,40.164584
Car-1,2008-11-05 01:27:41,116.401617,40.164367
Car-1,2008-11-05 01:27:43,116.401631,40.164157
Car-1,2008-11-05 01:27:45,116.401643,40.163956
Car-1,2008-11-05 01:27:47,116.401663,40.163774
Car-1,2008-11-05 01:27:49,116.401675,40.163619
Car-1,2008-11-05 01:27:51,116.401685,40.163493
Car-1,2008-11-05 01:27:53,116.401694,40.163393
Car-1,2008-11-05 01:27:55,116.401697,40.163314
Car-1,2008-11-05 01:27:57,116.401704,40.163261
Car-1,2008-11-05 01:27:59,116.401707,40.163237
Car-1,2008-11-05 01:28:01,116.401707,40.163222
Car-1,2008-11-05 01:28:03,116.4017,40.16322
Car-1,2008-11-05 01:28:05,116.4017,40.163217
Car-1,2008-11-05 01:28:07,116.4017,40.163216
Car-1,2008-11-05 01:28:09,116.4017,40.163216
Car-1,2008-11-05 01:28:11,116.4017,40.163214
Car-1,2008-11-05 01:28:13,116.4017,40.163214
Car-1,2008-11-05 01:28:15,116.401699,40.163213
Car-1,2008-11-05 01:28:17,116.401699,40.163212
Car-1,2008-11-05 01:28:19,116.401699,40.163211
Car-1,2008-11-05 01:28:21,116.401699,40.163212
Car-1,2008-11-05 01:28:23,116.401696,40.16318
Car-1,2008-11-05 01:28:25,116.401692,40.16312
Car-1,2008-11-05 01:28:27,116.401694,40.163037
Car-1,2008-11-05 01:28:29,116.401715,40.162905
Car-1,2008-11-05 01:28:31,116.40172,40.162769
Car-1,2008-11-05 01:28:33,116.401726,40.162613
Car-1,2008-11-05 01:28:35,116.401738,40.162426
Car-1,2008-11-05 01:28:37,116.40175,40.162224
Car-1,2008-11-05 01:28:39,116.40176,40.162017
Car-1,2008-11-05 01:28:41,116.40178,40.161815
Car-1,2008-11-05 01:28:43,116.40179,40.161631
Car-1,2008-11-05 01:28:45,116.401802,40.161457
Car-1,2008-11-05 01:28:47,116.401825,40.161312
Car-1,2008-11-05 01:28:49,116.401841,40.161203
Car-1,2008-11-05 01:28:51,116.401842,40.161114
Car-1,2008-11-05 01:28:53,116.401848,40.161038
Car-1,2008-11-05 01:28:55,116.401835,40.160991
Car-1,2008-11-05 01:28:57,116.401835,40.160969
Car-1,2008-11-05 01:28:59,116.401832,40.16096
Car-1,2008-11-05 01:29:01,116.401837,40.160958
Car-1,2008-11-05 01:29:03,116.401838,40.160957
Car-1,2008-11-05 01:29:05,116.401838,40.160957
Car-1,2008-11-05 01:29:07,116.401838,40.160958
Car-1,2008-11-05 01:29:09,116.401838,40.160954
Car-1,2008-11-05 01:29:11,116.401832,40.160904
Car-1,2008-11-05 01:29:13,116.401832,40.160826
Car-1,2008-11-05 01:29:15,116.40183,40.160707
Car-1,2008-11-05 01:29:17,116.401843,40.160566
Car-1,2008-11-05 01:29:19,116.401855,40.160379
Car-1,2008-11-05 01:29:21,116.401866,40.160172
Car-1,2008-11-05 01:29:23,116.401879,40.159961
Car-1,2008-11-05 01:29:25,116.401907,40.159731
Car-1,2008-11-05 01:29:27,116.401923,40.159496
Car-1,2008-11-05 01:29:29,116.401938,40.159254
Car-1,2008-11-05 01:29:31,116.401954,40.159004
Car-1,2008-11-05 01:29:33,116.401974,40.158754
Car-1,2008-11-05 01:29:35,116.401986,40.158499
Car-1,2008-11-05 01:29:37,116.402002,40.158241
Car-1,2008-11-05 01:29:39,116.402018,40.157991
Car-1,2008-11-05 01:29:41,116.402031,40.157736
Car-1,2008-11-05 01:29:43,116.40205,40.157463
Car-1,2008-11-05 01:29:45,116.402069,40.1572
Car-1,2008-11-05 01:29:47,116.402093,40.156933
Car-1,2008-11-05 01:29:49,116.402125,40.15666
Car-1,2008-11-05 01:29:51,116.402164,40.156404
Car-1,2008-11-05 01:29:53,116.402214,40.15615
Car-1,2008-11-05 01:29:55,116.4023,40.155932
Car-1,2008-11-05 01:29:57,116.402355,40.155734
Car-1,2008-11-05 01:29:59,116.402397,40.15556
Car-1,2008-11-05 01:30:01,116.402428,40.155416
Car-1,2008-11-05 01:30:03,116.402456,40.155304
Car-1,2008-11-05 01:30:05,116.402484,40.155205
Car-1,2008-11-05 01:30:07,116.402506,40.155135
Car-1,2008-11-05 01:30:09,116.402519,40.155099
Car-1,2008-11-05 01:30:11,116.402522,40.155096
Car-1,2008-11-05 01:30:13,116.402522,40.155095
Car-1,2008-11-05 01:30:15,116.402522,40.155095
Car-1,2008-11-05 01:30:17,116.402522,40.155095
Car-1,2008-11-05 01:30:19,116.402522,40.155095
Car-1,2008-11-05 01:30:21,116.402522,40.155094
Car-1,2008-11-05 01:30:23,116.402522,40.155094
Car-1,2008-11-05 01:30:25,116.402521,40.155095
Car-1,2008-11-05 01:30:27,116.402521,40.155096
Car-1,2008-11-05 01:30:29,116.402521,40.155097
Car-1,2008-11-05 01:30:31,116.402521,40.155096
Car-1,2008-11-05 01:30:33,116.402521,40.155096
Car-1,2008-11-05 01:30:35,116.402521,40.155096
Car-1,2008-11-05 01:30:37,116.402525,40.155084
Car-1,2008-11-05 01:30:39,116.402545,40.155021
Car-1,2008-11-05 01:30:41,116.402575,40.154924
Car-1,2008-11-05 01:30:43,116.402612,40.154797
Car-1,2008-11-05 01:30:45,116.402674,40.154644
Car-1,2008-11-05 01:30:47,116.402753,40.154459
Car-1,2008-11-05 01:30:49,116.402838,40.154268
Car-1,2008-11-05 01:30:51,116.402939,40.154067
Car-1,2008-11-05 01:30:53,116.403055,40.153839
Car-1,2008-11-05 01:30:55,116.40319,40.153589
Car-1,2008-11-05 01:30:57,116.40334,40.153323
Car-1,2008-11-05 01:30:59,116.403503,40.153046
Car-1,2008-11-05 01:31:01,116.403674,40.152758
Car-1,2008-11-05 01:31:03,116.403857,40.152463
Car-1,2008-11-05 01:31:05,116.404038,40.15216
Car-1,2008-11-05 01:31:07,116.404218,40.151859
Car-1,2008-11-05 01:31:09,116.404409,40.15155
Car-1,2008-11-05 01:31:11,116.40461,40.151229
Car-1,2008-11-05 01:31:13,116.404812,40.150891
Car-1,2008-11-05 01:31:15,116.405013,40.150556
Car-1,2008-11-05 01:31:17,116.405202,40.150211
Car-1,2008-11-05 01:31:19,116.405386,40.149852
Car-1,2008-11-05 01:31:21,116.405557,40.149501
Car-1,2008-11-05 01:31:23,116.40571,40.149132
Car-1,2008-11-05 01:31:25,116.405848,40.148743
Car-1,2008-11-05 01:31:27,116.405951,40.148345
Car-1,2008-11-05 01:31:29,116.406026,40.147954
Car-1,2008-11-05 01:31:31,116.406074,40.147591
Car-1,2008-11-05 01:31:33,116.40609,40.147282
Car-1,2008-11-05 01:31:35,116.406079,40.147059
Car-1,2008-11-05 01:31:37,116.406057,40.146887
Car-1,2008-11-05 01:31:39,116.406048,40.146764
Car-1,2008-11-05 01:31:41,116.406036,40.146677
Car-1,2008-11-05 01:31:43,116.406029,40.146611
Car-1,2008-11-05 01:31:45,116.406026,40.146567
Car-1,2008-11-05 01:31:47,116.406038,40.146545
Car-1,2008-11-05 01:31:49,116.40604,40.146532
Car-1,2008-11-05 01:31:51,116.406037,40.146529
Car-1,2008-11-05 01:31:53,116.406037,40.146527
Car-1,2008-11-05 01:31:55,116.406037,40.146526
Car-1,2008-11-05 01:31:57,116.406037,40.146526
Car-1,2008-11-05 01:31:59,116.406037,40.146525
Car-1,2008-11-05 01:32:01,116.406037,40.146525
Car-1,2008-11-05 01:32:03,116.406037,40.146526
Car-1,2008-11-05 01:32:05,116.406036,40.146515
Car-1,2008-11-05 01:32:07,116.406024,40.146456
Car-1,2008-11-05 01:32:09,116.40601,40.14637
Car-1,2008-11-05 01:32:11,116.405983,40.146252
Car-1,2008-11-05 01:32:13,116.405955,40.146109
Car-1,2008-11-05 01:32:15,116.405922,40.145926
Car-1,2008-11-05 01:32:17,116.405891,40.145718
Car-1,2008-11-05 01:32:19,116.405842,40.145492
Car-1,2008-11-05 01:32:21,116.405771,40.145233
Car-1,2008-11-05 01:32:23,116.405693,40.144964
Car-1,2008-11-05 01:32:25,116.40561,40.144683
Car-1,2008-11-05 01:32:27,116.405522,40.144384
Car-1,2008-11-05 01:32:29,116.405432,40.144064
Car-1,2008-11-05 01:32:31,116.405329,40.143727
Car-1,2008-11-05 01:32:33,116.405228,40.143375
Car-1,2008-11-05 01:32:35,116.405135,40.143017
Car-1,2008-11-05 01:32:37,116.405028,40.142651
Car-1,2008-11-05 01:32:39,116.404924,40.142291
Car-1,2008-11-05 01:32:41,116.404818,40.141909
Car-1,2008-11-05 01:32:43,116.404703,40.141519
Car-1,2008-11-05 01:32:45,116.404592,40.141114
Car-1,2008-11-05 01:32:47,116.404473,40.140712
Car-1,2008-11-05 01:32:49,116.404354,40.140289
Car-1,2008-11-05 01:32:51,116.404234,40.13987
Car-1,2008-11-05 01:32:53,116.404111,40.139444
Car-1,2008-11-05 01:32:55,116.403979,40.139011
Car-1,2008-11-05 01:32:57,116.403854,40.138582
Car-1,2008-11-05 01:32:59,116.403734,40.138166
Car-1,2008-11-05 01:33:01,116.403609,40.137744
Car-1,2008-11-05 01:33:03,116.403489,40.137312
Car-1,2008-11-05 01:33:05,116.403365,40.136874
Car-1,2008-11-05 01:33:07,116.403236,40.136445
Car-1,2008-11-05 01:33:09,116.403116,40.136018
Car-1,2008-11-05 01:33:11,116.402995,40.135587
Car-1,2008-11-05 01:33:13,116.402867,40.135161
Car-1,2008-11-05 01:33:15,116.402748,40.13474
Car-1,2008-11-05 01:33:17,116.402631,40.134325
Car-1,2008-11-05 01:33:19,116.402516,40.133924
Car-1,2008-11-05 01:33:21,116.402391,40.133513
Car-1,2008-11-05 01:33:23,116.402278,40.133104
Car-1,2008-11-05 01:33:25,116.402165,40.132706
Car-1,2008-11-05 01:33:27,116.402058,40.132298
Car-1,2008-11-05 01:33:29,116.40197,40.131884
Car-1,2008-11-05 01:33:31,116.401887,40.131479
Car-1,2008-11-05 01:33:33,116.401828,40.13107
Car-1,2008-11-05 01:33:35,116.40179,40.13067
Car-1,2008-11-05 01:33:37,116.401757,40.130279
Car-1,2008-11-05 01:33:39,116.401739,40.129915
Car-1,2008-11-05 01:33:41,116.401724,40.12958
Car-1,2008-11-05 01:33:43,116.40171,40.129278
Car-1,2008-11-05 01:33:45,116.401707,40.129014
Car-1,2008-11-05 01:33:47,116.401722,40.128769
Car-1,2008-11-05 01:33:49,116.401729,40.128549
Car-1,2008-11-05 01:33:51,116.401747,40.128354
Car-1,2008-11-05 01:33:53,116.401767,40.128187
Car-1,2008-11-05 01:33:55,116.401774,40.128056
Car-1,2008-11-05 01:33:57,116.401789,40.127951
Car-1,2008-11-05 01:33:59,116.401813,40.127873
Car-1,2008-11-05 01:34:01,116.401826,40.127834
Car-1,2008-11-05 01:34:03,116.40184,40.127827
Car-1,2008-11-05 01:34:05,116.401845,40.127827
Car-1,2008-11-05 01:34:07,116.401845,40.127826
Car-1,2008-11-05 01:34:09,116.401845,40.127826
Car-1,2008-11-05 01:34:11,116.401845,40.127826
Car-1,2008-11-05 01:34:13,116.401845,40.127826
Car-1,2008-11-05 01:34:15,116.401845,40.127826
Car-1,2008-11-05 01:34:17,116.401846,40.127816
Car-1,2008-11-05 01:34:19,116.401851,40.127763
Car-1,2008-11-05 01:34:21,116.401863,40.127691
Car-1,2008-11-05 01:34:23,116.401879,40.127593
Car-1,2008-11-05 01:34:25,116.40189,40.127485
Car-1,2008-11-05 01:34:27,116.401905,40.127347
Car-1,2008-11-05 01:34:29,116.401933,40.127189
Car-1,2008-11-05 01:34:31,116.401974,40.127006
Car-1,2008-11-05 01:34:33,116.402031,40.12681
Car-1,2008-11-05 01:34:35,116.402087,40.126595
Car-1,2008-11-05 01:34:37,116.402154,40.126355
Car-1,2008-11-05 01:34:39,116.402228,40.126107
Car-1,2008-11-05 01:34:41,116.402308,40.125845
Car-1,2008-11-05 01:34:43,116.402395,40.125565
Car-1,2008-11-05 01:34:45,116.402485,40.125287
Car-1,2008-11-05 01:34:47,116.402575,40.124999
Car-1,2008-11-05 01:34:49,116.402662,40.124694
Car-1,2008-11-05 01:34:51,116.40276,40.124368
Car-1,2008-11-05 01:34:53,116.402865,40.12402
Car-1,2008-11-05 01:34:55,116.402978,40.123657
Car-1,2008-11-05 01:34:57,116.40309,40.123289
Car-1,2008-11-05 01:34:59,116.403196,40.122917
Car-1,2008-11-05 01:35:01,116.403314,40.122548
Car-1,2008-11-05 01:35:03,116.403431,40.12218
Car-1,2008-11-05 01:35:05,116.403543,40.121812
Car-1,2008-11-05 01:35:07,116.403659,40.121442
Car-1,2008-11-05 01:35:09,116.403766,40.121067
Car-1,2008-11-05 01:35:11,116.403882,40.120692
Car-1,2008-11-05 01:35:13,116.404002,40.120304
Car-1,2008-11-05 01:35:15,116.404125,40.119909
Car-1,2008-11-05 01:35:17,116.404242,40.119532
Car-1,2008-11-05 01:35:19,116.404355,40.119157
Car-1,2008-11-05 01:35:21,116.404468,40.118785
Car-1,2008-11-05 01:35:23,116.404582,40.11841
Car-1,2008-11-05 01:35:25,116.404698,40.118046
Car-1,2008-11-05 01:35:27,116.404806,40.117696
Car-1,2008-11-05 01:35:29,116.404908,40.117363
Car-1,2008-11-05 01:35:31,116.405007,40.117057
Car-1,2008-11-05 01:35:33,116.405097,40.116776
Car-1,2008-11-05 01:35:35,116.405165,40.116512
Car-1,2008-11-05 01:35:37,116.405232,40.11625
Car-1,2008-11-05 01:35:39,116.405287,40.115972
Car-1,2008-11-05 01:35:41,116.405352,40.115713
Car-1,2008-11-05 01:35:43,116.405411,40.115452
Car-1,2008-11-05 01:35:45,116.405445,40.115212
Car-1,2008-11-05 01:35:47,116.405474,40.114973
Car-1,2008-11-05 01:35:49,116.405508,40.11471
Car-1,2008-11-05 01:35:51,116.405537,40.114422
Car-1,2008-11-05 01:35:53,116.405573,40.114112
Car-1,2008-11-05 01:35:55,116.405594,40.113786
Car-1,2008-11-05 01:35:57,116.405597,40.113426
Car-1,2008-11-05 01:35:59,116.405592,40.11306
Car-1,2008-11-05 01:36:01,116.405579,40.112681
Car-1,2008-11-05 01:36:03,116.405573,40.112312
Car-1,2008-11-05 01:36:05,116.405567,40.111934
Car-1,2008-11-05 01:36:07,116.405555,40.111545
Car-1,2008-11-05 01:36:09,116.405538,40.111147
Car-1,2008-11-05 01:36:11,116.405524,40.110756
Car-1,2008-11-05 01:36:13,116.405515,40.110349
Car-1,2008-11-05 01:36:15,116.405499,40.109933
Car-1,2008-11-05 01:36:17,116.405495,40.109514
Car-1,2008-11-05 01:36:19,116.405482,40.109119
Car-1,2008-11-05 01:36:21,116.405479,40.108721
Car-1,2008-11-05 01:36:23,116.405479,40.108335
Car-1,2008-11-05 01:36:25,116.405489,40.107968
Car-1,2008-11-05 01:36:27,116.4055,40.107599
Car-1,2008-11-05 01:36:29,116.405516,40.107239
Car-1,2008-11-05 01:36:31,116.405528,40.106889
Car-1,2008-11-05 01:36:33,116.405551,40.106536
Car-1,2008-11-05 01:36:35,116.405571,40.10619
Car-1,2008-11-05 01:36:37,116.405596,40.105856
Car-1,2008-11-05 01:36:39,116.405615,40.105517
Car-1,2008-11-05 01:36:41,116.405646,40.105162
Car-1,2008-11-05 01:36:43,116.405677,40.104815
Car-1,2008-11-05 01:36:45,116.405704,40.10448
Car-1,2008-11-05 01:36:47,116.40574,40.104147
Car-1,2008-11-05 01:36:49,116.40577,40.103821
Car-1,2008-11-05 01:36:51,116.405795,40.103518
Car-1,2008-11-05 01:36:53,116.405822,40.10324
Car-1,2008-11-05 01:36:55,116.40584,40.10298
Car-1,2008-11-05 01:36:57,116.405853,40.10273
Car-1,2008-11-05 01:36:59,116.405875,40.102484
Car-1,2008-11-05 01:37:01,116.405893,40.102248
Car-1,2008-11-05 01:37:03,116.405914,40.102018
Car-1,2008-11-05 01:37:05,116.405934,40.101783
Car-1,2008-11-05 01:37:07,116.405942,40.101532
Car-1,2008-11-05 01:37:09,116.405955,40.101318
Car-1,2008-11-05 01:37:11,116.405969,40.101153
Car-1,2008-11-05 01:37:13,116.405978,40.101019
Car-1,2008-11-05 01:37:15,116.405992,40.100888
Car-1,2008-11-05 01:37:17,116.406002,40.100753
Car-1,2008-11-05 01:37:19,116.406007,40.100596
Car-1,2008-11-05 01:37:21,116.40602,40.10043
Car-1,2008-11-05 01:37:23,116.406027,40.100264
Car-1,2008-11-05 01:37:25,116.40604,40.100094
Car-1,2008-11-05 01:37:27,116.406056,40.099925
Car-1,2008-11-05 01:37:29,116.406079,40.099761
Car-1,2008-11-05 01:37:31,116.4061,40.099572
Car-1,2008-11-05 01:37:33,116.406113,40.099364
Car-1,2008-11-05 01:37:35,116.406123,40.099156
Car-1,2008-11-05 01:37:37,116.406141,40.098921
Car-1,2008-11-05 01:37:39,116.406157,40.098679
Car-1,2008-11-05 01:37:41,116.406175,40.098437
Car-1,2008-11-05 01:37:43,116.406197,40.098195
Car-1,2008-11-05 01:37:45,116.406215,40.097968
Car-1,2008-11-05 01:37:47,116.40624,40.097766
Car-1,2008-11-05 01:37:49,116.406258,40.097592
Car-1,2008-11-05 01:37:51,116.406269,40.097424
Car-1,2008-11-05 01:37:53,116.406286,40.097241
Car-1,2008-11-05 01:37:55,116.406305,40.097059
Car-1,2008-11-05 01:37:57,116.406331,40.096873
Car-1,2008-11-05 01:37:59,116.406349,40.096677
Car-1,2008-11-05 01:38:01,116.40636,40.096491
Car-1,2008-11-05 01:38:03,116.406375,40.096294
Car-1,2008-11-05 01:38:05,116.406397,40.096083
Car-1,2008-11-05 01:38:07,116.406419,40.095856
Car-1,2008-11-05 01:38:09,116.406438,40.095617
Car-1,2008-11-05 01:38:11,116.406452,40.095391
Car-1,2008-11-05 01:38:13,116.406473,40.095157
Car-1,2008-11-05 01:38:15,116.406482,40.09492
Car-1,2008-11-05 01:38:17,116.4065,40.094669
Car-1,2008-11-05 01:38:19,116.406519,40.094404
Car-1,2008-11-05 01:38:21,116.406539,40.09414
Car-1,2008-11-05 01:38:23,116.406568,40.093882
Car-1,2008-11-05 01:38:25,116.406593,40.093638
Car-1,2008-11-05 01:38:27,116.406617,40.093384
Car-1,2008-11-05 01:38:29,116.406643,40.09314
Car-1,2008-11-05 01:38:31,116.406669,40.092907
Car-1,2008-11-05 01:38:33,116.406702,40.092675
Car-1,2008-11-05 01:38:35,116.406725,40.092436
Car-1,2008-11-05 01:38:37,116.406739,40.092196
Car-1,2008-11-05 01:38:39,116.406759,40.091964
Car-1,2008-11-05 01:38:41,116.406778,40.091742
Car-1,2008-11-05 01:38:43,116.406792,40.091517
Car-1,2008-11-05 01:38:45,116.406808,40.091299
Car-1,2008-11-05 01:38:47,116.406828,40.091088
Car-1,2008-11-05 01:38:49,116.406857,40.090874
Car-1,2008-11-05 01:38:51,116.406875,40.090672
Car-1,2008-11-05 01:38:53,116.406896,40.090476
Car-1,2008-11-05 01:38:55,116.406917,40.090285
Car-1,2008-11-05 01:38:57,116.406937,40.09011
Car-1,2008-11-05 01:38:59,116.406941,40.089945
Car-1,2008-11-05 01:39:01,116.406957,40.089817
Car-1,2008-11-05 01:39:03,116.406965,40.089719
Car-1,2008-11-05 01:39:05,116.406979,40.089656
Car-1,2008-11-05 01:39:07,116.406979,40.089629
Car-1,2008-11-05 01:39:09,116.406987,40.089615
Car-1,2008-11-05 01:39:11,116.406987,40.089612
Car-1,2008-11-05 01:39:13,116.406986,40.089612
Car-1,2008-11-05 01:39:15,116.406986,40.089614
Car-1,2008-11-05 01:39:17,116.406986,40.089614
Car-1,2008-11-05 01:39:19,116.406985,40.089615
Car-1,2008-11-05 01:39:21,116.406985,40.089615
Car-1,2008-11-05 01:39:23,116.406985,40.089614
Car-1,2008-11-05 01:39:25,116.406986,40.089614
Car-1,2008-11-05 01:39:27,116.406986,40.089613
Car-1,2008-11-05 01:39:29,116.406984,40.08959
Car-1,2008-11-05 01:39:31,116.406978,40.089526
Car-1,2008-11-05 01:39:33,116.406986,40.089445
Car-1,2008-11-05 01:39:35,116.406998,40.089338
Car-1,2008-11-05 01:39:37,116.407001,40.08922
Car-1,2008-11-05 01:39:39,116.406997,40.08911
Car-1,2008-11-05 01:39:41,116.407008,40.088991
Car-1,2008-11-05 01:39:43,116.407017,40.088873
Car-1,2008-11-05 01:39:45,116.40702,40.08877
Car-1,2008-11-05 01:39:47,116.40702,40.088667
Car-1,2008-11-05 01:39:49,116.407027,40.088578
Car-1,2008-11-05 01:39:51,116.407037,40.088495
Car-1,2008-11-05 01:39:53,116.407044,40.088421
Car-1,2008-11-05 01:39:55,116.407055,40.088354
Car-1,2008-11-05 01:39:57,116.407063,40.088297
Car-1,2008-11-05 01:39:59,116.407067,40.088269
Car-1,2008-11-05 01:40:01,116.40708,40.088235
Car-1,2008-11-05 01:40:03,116.407076,40.088233
Car-1,2008-11-05 01:40:05,116.407076,40.088233
Car-1,2008-11-05 01:40:07,116.407076,40.088233
Car-1,2008-11-05 01:40:09,116.407075,40.088235
Car-1,2008-11-05 01:40:11,116.407075,40.088234
Car-1,2008-11-05 01:40:13,116.407075,40.088234
Car-1,2008-11-05 01:40:15,116.407075,40.088234
Car-1,2008-11-05 01:40:17,116.407075,40.088235
Car-1,2008-11-05 01:40:19,116.407075,40.088235
Car-1,2008-11-05 01:40:21,116.407075,40.088235
Car-1,2008-11-05 01:40:23,116.407075,40.088235
Car-1,2008-11-05 01:40:25,116.407075,40.088236
Car-1,2008-11-05 01:40:27,116.407075,40.088236
Car-1,2008-11-05 01:40:29,116.407075,40.088236
Car-1,2008-11-05 01:40:31,116.407074,40.088237
Car-1,2008-11-05 01:40:33,116.407074,40.08824
Car-1,2008-11-05 01:40:35,116.407073,40.088242
Car-1,2008-11-05 01:40:37,116.407073,40.088243
Car-1,2008-11-05 01:40:39,116.407074,40.088241
Car-1,2008-11-05 01:40:41,116.407074,40.08824
Car-1,2008-11-05 01:40:43,116.407074,40.088238
Car-1,2008-11-05 01:40:45,116.407072,40.088202
Car-1,2008-11-05 01:40:47,116.407073,40.088126
Car-1,2008-11-05 01:40:49,116.407077,40.088028
Car-1,2008-11-05 01:40:51,116.407092,40.087906
Car-1,2008-11-05 01:40:53,116.407105,40.087777
Car-1,2008-11-05 01:40:55,116.407115,40.087656
Car-1,2008-11-05 01:40:57,116.407119,40.087527
Car-1,2008-11-05 01:40:59,116.407122,40.087384
Car-1,2008-11-05 01:41:01,116.407131,40.08723
Car-1,2008-11-05 01:41:03,116.407141,40.087067
Car-1,2008-11-05 01:41:05,116.407151,40.086892
Car-1,2008-11-05 01:41:07,116.407179,40.086699
Car-1,2008-11-05 01:41:09,116.4072,40.08652
Car-1,2008-11-05 01:41:11,116.407218,40.086354
Car-1,2008-11-05 01:41:13,116.407237,40.086193
Car-1,2008-11-05 01:41:15,116.407254,40.086023
Car-1,2008-11-05 01:41:17,116.407276,40.085852
Car-1,2008-11-05 01:41:19,116.407302,40.08567
Car-1,2008-11-05 01:41:21,116.407331,40.085477
Car-1,2008-11-05 01:41:23,116.407366,40.085292
Car-1,2008-11-05 01:41:25,116.407396,40.085121
Car-1,2008-11-05 01:41:27,116.407426,40.084972
Car-1,2008-11-05 01:41:29,116.407447,40.084861
Car-1,2008-11-05 01:41:31,116.407469,40.084766
Car-1,2008-11-05 01:41:33,116.40749,40.084686
Car-1,2008-11-05 01:41:35,116.407508,40.084618
Car-1,2008-11-05 01:41:37,116.407521,40.084571
Car-1,2008-11-05 01:41:39,116.40752,40.084565
Car-1,2008-11-05 01:41:41,116.407527,40.084574
Car-1,2008-11-05 01:41:43,116.407526,40.084576
Car-1,2008-11-05 01:41:45,116.407526,40.084576
Car-1,2008-11-05 01:41:47,116.407526,40.084576
Car-1,2008-11-05 01:41:49,116.407527,40.084574
Car-1,2008-11-05 01:41:51,116.407528,40.084571
Car-1,2008-11-05 01:41:53,116.407529,40.084568
Car-1,2008-11-05 01:41:55,116.407529,40.084567
Car-1,2008-11-05 01:41:57,116.407528,40.084568
Car-1,2008-11-05 01:41:59,116.407529,40.084567
Car-1,2008-11-05 01:42:01,116.407528,40.084566
Car-1,2008-11-05 01:42:03,116.407528,40.084565
Car-1,2008-11-05 01:42:05,116.407528,40.084563
Car-1,2008-11-05 01:42:07,116.407528,40.084562
Car-1,2008-11-05 01:42:09,116.407528,40.084562
Car-1,2008-11-05 01:42:11,116.407528,40.084561
Car-1,2008-11-05 01:42:13,116.407528,40.084559
Car-1,2008-11-05 01:42:15,116.407528,40.084558
Car-1,2008-11-05 01:42:17,116.407528,40.084557
Car-1,2008-11-05 01:42:19,116.407528,40.084556
Car-1,2008-11-05 01:42:21,116.407528,40.084557
Car-1,2008-11-05 01:42:23,116.407528,40.084558
Car-1,2008-11-05 01:42:25,116.407527,40.084559
Car-1,2008-11-05 01:42:27,116.407527,40.084559
Car-1,2008-11-05 01:42:29,116.407527,40.084559
Car-1,2008-11-05 01:42:31,116.407527,40.084558
Car-1,2008-11-05 01:42:33,116.407527,40.084558
Car-1,2008-11-05 01:42:35,116.407526,40.084558
Car-1,2008-11-05 01:42:37,116.407526,40.084558
Car-1,2008-11-05 01:42:39,116.407526,40.084558
Car-1,2008-11-05 01:42:41,116.407526,40.084555
Car-1,2008-11-05 01:42:43,116.407527,40.084491
Car-1,2008-11-05 01:42:45,116.407553,40.084399
Car-1,2008-11-05 01:42:47,116.407584,40.084278
Car-1,2008-11-05 01:42:49,116.407606,40.084136
Car-1,2008-11-05 01:42:51,116.40763,40.083982
Car-1,2008-11-05 01:42:53,116.407662,40.083805
Car-1,2008-11-05 01:42:55,116.407703,40.083619
Car-1,2008-11-05 01:42:57,116.407744,40.083416
Car-1,2008-11-05 01:42:59,116.407771,40.083208
Car-1,2008-11-05 01:43:01,116.407795,40.082989
Car-1,2008-11-05 01:43:03,116.407819,40.082772
Car-1,2008-11-05 01:43:05,116.407842,40.082573
Car-1,2008-11-05 01:43:07,116.407866,40.082402
Car-1,2008-11-05 01:43:09,116.407885,40.082242
Car-1,2008-11-05 01:43:11,116.407895,40.082095
Car-1,2008-11-05 01:43:13,116.407901,40.081972
Car-1,2008-11-05 01:43:15,116.407903,40.081861
Car-1,2008-11-05 01:43:17,116.407904,40.08177
Car-1,2008-11-05 01:43:19,116.407901,40.081681
Car-1,2008-11-05 01:43:21,116.407905,40.081614
Car-1,2008-11-05 01:43:23,116.407901,40.081578
Car-1,2008-11-05 01:43:25,116.407894,40.081564
Car-1,2008-11-05 01:43:27,116.407885,40.081561
Car-1,2008-11-05 01:43:29,116.407885,40.08156
Car-1,2008-11-05 01:43:31,116.407885,40.081561
Car-1,2008-11-05 01:43:33,116.407885,40.081563
Car-1,2008-11-05 01:43:35,116.407885,40.081565
Car-1,2008-11-05 01:43:37,116.407885,40.081567
Car-1,2008-11-05 01:43:39,116.407885,40.081568
Car-1,2008-11-05 01:43:41,116.407885,40.081569
Car-1,2008-11-05 01:43:43,116.407885,40.08157
Car-1,2008-11-05 01:43:45,116.407884,40.081572
Car-1,2008-11-05 01:43:47,116.407884,40.081574
Car-1,2008-11-05 01:43:49,116.407884,40.081575
Car-1,2008-11-05 01:43:51,116.407884,40.081576
Car-1,2008-11-05 01:43:53,116.407883,40.081578
Car-1,2008-11-05 01:43:55,116.407883,40.081579
Car-1,2008-11-05 01:43:57,116.407883,40.081579
Car-1,2008-11-05 01:43:59,116.407882,40.081579
Car-1,2008-11-05 01:44:01,116.407882,40.081579
Car-1,2008-11-05 01:44:03,116.407882,40.081579
Car-1,2008-11-05 01:44:05,116.407882,40.08158
Car-1,2008-11-05 01:44:07,116.40788,40.081581
Car-1,2008-11-05 01:44:09,116.407878,40.081582
Car-1,2008-11-05 01:44:11,116.407875,40.081582
Car-1,2008-11-05 01:44:13,116.407873,40.081578
Car-1,2008-11-05 01:44:15,116.407877,40.081496
Car-1,2008-11-05 01:44:17,116.407861,40.081372
Car-1,2008-11-05 01:44:19,116.407836,40.081223
Car-1,2008-11-05 01:44:21,116.407819,40.081056
Car-1,2008-11-05 01:44:23,116.40781,40.080881
Car-1,2008-11-05 01:44:25,116.407789,40.080684
Car-1,2008-11-05 01:44:27,116.407778,40.0805
Car-1,2008-11-05 01:44:29,116.407767,40.08032
Car-1,2008-11-05 01:44:31,116.407748,40.080148
Car-1,2008-11-05 01:44:33,116.407735,40.07998
Car-1,2008-11-05 01:44:35,116.407721,40.079824
Car-1,2008-11-05 01:44:37,116.407709,40.079681
Car-1,2008-11-05 01:44:39,116.407698,40.079538
Car-1,2008-11-05 01:44:41,116.407694,40.079412
Car-1,2008-11-05 01:44:43,116.407688,40.079318
Car-1,2008-11-05 01:44:45,116.407678,40.079247
Car-1,2008-11-05 01:44:47,116.407676,40.079175
Car-1,2008-11-05 01:44:49,116.407674,40.079112
Car-1,2008-11-05 01:44:51,116.407668,40.079066
Car-1,2008-11-05 01:44:53,116.407659,40.079024
Car-1,2008-11-05 01:44:55,116.40766,40.079022
Car-1,2008-11-05 01:44:57,116.407659,40.079027
Car-1,2008-11-05 01:44:59,116.407659,40.079027
Car-1,2008-11-05 01:45:01,116.407658,40.079022
Car-1,2008-11-05 01:45:03,116.407654,40.079
Car-1,2008-11-05 01:45:05,116.407659,40.078983
Car-1,2008-11-05 01:45:07,116.407667,40.078972
Car-1,2008-11-05 01:47:03,116.407655,40.078713
Car-1,2008-11-05 01:47:05,116.40766,40.078621
Car-1,2008-11-05 01:47:07,116.407655,40.078516
Car-1,2008-11-05 01:47:09,116.407642,40.078417
Car-1,2008-11-05 01:47:11,116.407635,40.078311
Car-1,2008-11-05 01:47:13,116.407625,40.078192
Car-1,2008-11-05 01:47:15,116.407606,40.078095
Car-1,2008-11-05 01:47:17,116.40758,40.078013
Car-1,2008-11-05 01:47:19,116.407567,40.077919
Car-1,2008-11-05 01:47:21,116.407558,40.077854
Car-1,2008-11-05 01:47:23,116.407544,40.077769
Car-1,2008-11-05 01:47:25,116.407519,40.077637
Car-1,2008-11-05 01:47:27,116.407497,40.077505
Car-1,2008-11-05 01:47:29,116.407483,40.077358
Car-1,2008-11-05 01:47:31,116.407459,40.077211
Car-1,2008-11-05 01:47:33,116.40744,40.077071
Car-1,2008-11-05 01:47:35,116.407417,40.076935
Car-1,2008-11-05 01:47:37,116.407393,40.076781
Car-1,2008-11-05 01:47:39,116.407364,40.076618
Car-1,2008-11-05 01:47:41,116.407338,40.076442
Car-1,2008-11-05 01:47:43,116.407314,40.076268
Car-1,2008-11-05 01:47:45,116.407287,40.076096
Car-1,2008-11-05 01:47:47,116.407261,40.075929
Car-1,2008-11-05 01:47:49,116.407231,40.075762
Car-1,2008-11-05 01:47:51,116.407194,40.075579
Car-1,2008-11-05 01:47:53,116.407154,40.075403
Car-1,2008-11-05 01:47:55,116.407113,40.075216
Car-1,2008-11-05 01:47:57,116.407071,40.075022
Car-1,2008-11-05 01:47:59,116.407037,40.074848
Car-1,2008-11-05 01:48:01,116.407014,40.074687
Car-1,2008-11-05 01:48:03,116.406991,40.074555
Car-1,2008-11-05 01:48:05,116.40697,40.074434
Car-1,2008-11-05 01:48:07,116.406924,40.074333
Car-1,2008-11-05 01:48:09,116.406884,40.074203
Car-1,2008-11-05 01:48:11,116.406857,40.074039
Car-1,2008-11-05 01:48:13,116.406799,40.073883
Car-1,2008-11-05 01:48:15,116.406778,40.073708
Car-1,2008-11-05 01:48:17,116.406768,40.073546
Car-1,2008-11-05 01:48:19,116.406734,40.073336
Car-1,2008-11-05 01:48:21,116.406704,40.073136
Car-1,2008-11-05 01:48:23,116.406676,40.072925
Car-1,2008-11-05 01:48:25,116.406641,40.072695
Car-1,2008-11-05 01:48:27,116.406596,40.072494
Car-1,2008-11-05 01:48:29,116.406554,40.072278
Car-1,2008-11-05 01:48:31,116.406521,40.072058
Car-1,2008-11-05 01:48:33,116.406472,40.071842
Car-1,2008-11-05 01:48:35,116.406432,40.071604
Car-1,2008-11-05 01:48:37,116.406409,40.071375
Car-1,2008-11-05 01:48:39,116.406381,40.071155
Car-1,2008-11-05 01:48:41,116.406356,40.070934
Car-1,2008-11-05 01:48:43,116.406336,40.070723
Car-1,2008-11-05 01:48:45,116.40633,40.070528
Car-1,2008-11-05 01:48:47,116.406328,40.070343
Car-1,2008-11-05 01:48:49,116.406328,40.070192
Car-1,2008-11-05 01:48:51,116.406329,40.070076
Car-1,2008-11-05 01:48:53,116.406333,40.069994
Car-1,2008-11-05 01:48:55,116.406335,40.06993
Car-1,2008-11-05 01:48:57,116.406337,40.069885
Car-1,2008-11-05 01:48:59,116.406339,40.069853
Car-1,2008-11-05 01:49:01,116.406342,40.069838
Car-1,2008-11-05 01:49:03,116.40635,40.069845
Car-1,2008-11-05 01:49:05,116.406351,40.069845
Car-1,2008-11-05 01:49:07,116.406351,40.069844
Car-1,2008-11-05 01:49:09,116.406351,40.069841
Car-1,2008-11-05 01:49:11,116.406351,40.06983
Car-1,2008-11-05 01:49:13,116.406358,40.069783
Car-1,2008-11-05 01:49:15,116.406372,40.069718
Car-1,2008-11-05 01:49:17,116.406382,40.069624
Car-1,2008-11-05 01:49:19,116.406384,40.069515
Car-1,2008-11-05 01:49:21,116.406386,40.0694
Car-1,2008-11-05 01:49:23,116.406402,40.069268
Car-1,2008-11-05 01:49:25,116.40641,40.069133
Car-1,2008-11-05 01:49:27,116.406427,40.069004
Car-1,2008-11-05 01:49:29,116.406442,40.068862
Car-1,2008-11-05 01:49:31,116.40644,40.068709
Car-1,2008-11-05 01:49:33,116.406451,40.068558
Car-1,2008-11-05 01:49:35,116.406468,40.068399
Car-1,2008-11-05 01:49:37,116.406499,40.068231
Car-1,2008-11-05 01:49:39,116.40654,40.068056
Car-1,2008-11-05 01:49:41,116.406574,40.067912
Car-1,2008-11-05 01:49:43,116.406587,40.067803
Car-1,2008-11-05 01:49:45,116.406583,40.067743
Car-1,2008-11-05 01:49:47,116.406581,40.067715
Car-1,2008-11-05 01:49:49,116.406589,40.067707
Car-1,2008-11-05 01:49:51,116.40659,40.067703
Car-1,2008-11-05 01:49:53,116.40659,40.0677
Car-1,2008-11-05 01:49:55,116.406591,40.067698
Car-1,2008-11-05 01:49:57,116.406591,40.067693
Car-1,2008-11-05 01:49:59,116.406596,40.06764
Car-1,2008-11-05 01:50:01,116.406606,40.067574
Car-1,2008-11-05 01:50:03,116.406604,40.067523
Car-1,2008-11-05 01:50:05,116.406609,40.067484
Car-1,2008-11-05 01:50:07,116.406601,40.067452
Car-1,2008-11-05 01:50:09,116.406594,40.067421
Car-1,2008-11-05 01:50:11,116.406596,40.067384
Car-1,2008-11-05 01:50:13,116.406591,40.067347
Car-1,2008-11-05 01:52:23,116.406636,40.067093
Car-1,2008-11-05 01:52:25,116.40664,40.067078
Car-1,2008-11-05 01:52:27,116.406642,40.06708
Car-1,2008-11-05 01:52:29,116.406642,40.067079
Car-1,2008-11-05 01:52:31,116.406652,40.067045
Car-1,2008-11-05 01:52:33,116.406661,40.067012
Car-1,2008-11-05 01:52:35,116.406657,40.066968
Car-1,2008-11-05 01:52:37,116.40665,40.066933
Car-1,2008-11-05 01:52:39,116.406647,40.06691
Car-1,2008-11-05 01:52:41,116.406647,40.066903
Car-1,2008-11-05 01:52:43,116.406639,40.066905
Car-1,2008-11-05 01:52:45,116.406636,40.066903
Car-1,2008-11-05 01:52:47,116.406636,40.066901
Car-1,2008-11-05 01:52:49,116.406636,40.066901
Car-1,2008-11-05 01:52:51,116.406636,40.066901
Car-1,2008-11-05 01:52:53,116.406636,40.0669
Car-1,2008-11-05 01:52:55,116.406636,40.066901
Car-1,2008-11-05 01:52:57,116.406635,40.066902
Car-1,2008-11-05 01:52:59,116.406635,40.066902
Car-1,2008-11-05 01:53:01,116.406634,40.0669
Car-1,2008-11-05 01:53:03,116.406634,40.066899
Car-1,2008-11-05 01:53:05,116.406634,40.066898
Car-1,2008-11-05 01:53:07,116.406634,40.066896
Car-1,2008-11-05 01:53:09,116.406633,40.066895
Car-1,2008-11-05 01:53:11,116.406633,40.066895
Car-1,2008-11-05 01:53:13,116.406633,40.066894
Car-1,2008-11-05 01:53:15,116.406633,40.066893
Car-1,2008-11-05 01:53:17,116.406633,40.066892
Car-1,2008-11-05 01:53:19,116.406633,40.066892
Car-1,2008-11-05 01:53:21,116.406633,40.066891
Car-1,2008-11-05 01:53:23,116.406633,40.066891
Car-1,2008-11-05 01:53:25,116.406632,40.066891
Car-1,2008-11-05 01:53:27,116.406632,40.066891
Car-1,2008-11-05 01:53:29,116.406632,40.066891
Car-1,2008-11-05 01:53:31,116.406632,40.066891
Car-1,2008-11-05 01:53:33,116.406633,40.066891
Car-1,2008-11-05 01:53:35,116.406633,40.066891
Car-1,2008-11-05 01:53:37,116.406633,40.06689
Car-1,2008-11-05 01:53:39,116.406626,40.066855
Car-1,2008-11-05 01:53:41,116.406632,40.066801
Car-1,2008-11-05 01:53:43,116.406653,40.066718
Car-1,2008-11-05 01:53:45,116.406684,40.06662
Car-1,2008-11-05 01:53:47,116.40676,40.066552
Car-1,2008-11-05 01:53:49,116.406891,40.0665
Car-1,2008-11-05 01:53:51,116.407046,40.066485
Car-1,2008-11-05 01:53:53,116.407232,40.066487
Car-1,2008-11-05 01:53:55,116.407436,40.066491
Car-1,2008-11-05 01:53:57,116.407665,40.066501
Car-1,2008-11-05 01:53:59,116.407908,40.06651
Car-1,2008-11-05 01:54:01,116.408146,40.066503
Car-1,2008-11-05 01:54:03,116.408376,40.066498
Car-1,2008-11-05 01:54:05,116.40861,40.066499
Car-1,2008-11-05 01:54:07,116.408833,40.066503
Car-1,2008-11-05 01:54:09,116.40904,40.066507
Car-1,2008-11-05 01:54:11,116.409239,40.066507
Car-1,2008-11-05 01:54:13,116.409413,40.066502
Car-1,2008-11-05 01:54:15,116.409563,40.066502
Car-1,2008-11-05 01:54:17,116.409662,40.066506
Car-1,2008-11-05 01:54:19,116.409722,40.066516
Car-1,2008-11-05 01:54:21,116.409748,40.066518
Car-1,2008-11-05 01:54:23,116.409783,40.066505
Car-1,2008-11-05 01:54:25,116.40986,40.066469
Car-1,2008-11-05 01:54:27,116.409941,40.066394
Car-1,2008-11-05 01:54:29,116.409988,40.066288
Car-1,2008-11-05 01:54:31,116.410035,40.066153
Car-1,2008-11-05 01:54:33,116.410067,40.065991
Car-1,2008-11-05 01:54:35,116.410104,40.065806
Car-1,2008-11-05 01:54:37,116.410141,40.065622
Car-1,2008-11-05 01:54:39,116.410169,40.065432
Car-1,2008-11-05 01:54:41,116.410198,40.065241
Car-1,2008-11-05 01:54:43,116.410219,40.065053
Car-1,2008-11-05 01:54:45,116.41025,40.064857
Car-1,2008-11-05 01:54:47,116.410278,40.064662
Car-1,2008-11-05 01:54:49,116.410307,40.064434
Car-1,2008-11-05 01:54:51,116.410324,40.064211
Car-1,2008-11-05 01:54:53,116.410351,40.064005
Car-1,2008-11-05 01:54:55,116.410382,40.063795
Car-1,2008-11-05 01:54:57,116.410398,40.063586
Car-1,2008-11-05 01:54:59,116.410439,40.063375
Car-1,2008-11-05 01:55:01,116.410483,40.063155
Car-1,2008-11-05 01:55:03,116.410514,40.062926
Car-1,2008-11-05 01:55:05,116.410545,40.062693
Car-1,2008-11-05 01:55:07,116.410569,40.062468
Car-1,2008-11-05 01:55:09,116.410607,40.06226
Car-1,2008-11-05 01:55:11,116.410636,40.062065
Car-1,2008-11-05 01:55:13,116.410673,40.061887
Car-1,2008-11-05 01:55:15,116.410716,40.061707
Car-1,2008-11-05 01:55:17,116.41074,40.061517
Car-1,2008-11-05 01:55:19,116.410758,40.061321
Car-1,2008-11-05 01:55:21,116.410769,40.06113
Car-1,2008-11-05 01:55:23,116.410764,40.060955
Car-1,2008-11-05 01:55:25,116.410735,40.06078
Car-1,2008-11-05 01:55:27,116.410734,40.060611
Car-1,2008-11-05 01:55:29,116.410733,40.060454
Car-1,2008-11-05 01:55:31,116.410731,40.060342
Car-1,2008-11-05 01:55:33,116.410717,40.060271
Car-1,2008-11-05 01:55:35,116.410724,40.060241
Car-1,2008-11-05 01:55:37,116.410782,40.060236
Car-1,2008-11-05 01:55:39,116.41083,40.060223
Car-1,2008-11-05 01:55:41,116.410877,40.060201
Car-1,2008-11-05 01:55:43,116.410919,40.060174
Car-1,2008-11-05 01:55:45,116.410999,40.060147
Car-1,2008-11-05 01:55:47,116.411106,40.060134
Car-1,2008-11-05 01:55:49,116.411191,40.060124
Car-1,2008-11-05 01:55:51,116.411306,40.06012
Car-1,2008-11-05 01:55:53,116.411434,40.06013
Car-1,2008-11-05 01:55:55,116.411569,40.060144
Car-1,2008-11-05 01:56:37,116.41434,40.060406
Car-1,2008-11-05 01:57:19,116.417047,40.060585
Car-1,2008-11-05 01:58:01,116.418635,40.061776
Car-1,2008-11-05 01:58:03,116.41864,40.06191
Car-1,2008-11-05 01:58:05,116.418635,40.062049
Car-1,2008-11-05 01:58:07,116.418625,40.062184
Car-1,2008-11-05 01:58:09,116.418622,40.062327
Car-1,2008-11-05 01:58:11,116.418615,40.062471
Car-1,2008-11-05 01:58:13,116.418612,40.062612
Car-1,2008-11-05 01:58:15,116.418599,40.062747
Car-1,2008-11-05 01:58:17,116.418617,40.06287
Car-1,2008-11-05 01:58:19,116.418625,40.062985
Car-1,2008-11-05 01:58:21,116.41867,40.063083
Car-1,2008-11-05 01:58:23,116.418751,40.063145
Car-1,2008-11-05 01:58:25,116.41888,40.063163
Car-1,2008-11-05 01:58:27,116.419022,40.063137
Car-1,2008-11-05 01:58:29,116.419194,40.063097
Car-1,2008-11-05 01:58:31,116.419401,40.06305
Car-1,2008-11-05 01:58:33,116.419629,40.062992
Car-1,2008-11-05 01:58:35,116.419858,40.062932
Car-1,2008-11-05 01:58:37,116.4201,40.062873
Car-1,2008-11-05 01:58:39,116.420342,40.062802
Car-1,2008-11-05 01:58:41,116.42059,40.062749
Car-1,2008-11-05 01:58:43,116.420839,40.062681
Car-1,2008-11-05 01:58:45,116.42109,40.062618
Car-1,2008-11-05 01:58:47,116.421293,40.062559
Car-1,2008-11-05 01:58:49,116.421396,40.062521
Car-1,2008-11-05 01:58:51,116.421414,40.062517
Car-1,2008-11-05 01:58:53,116.421409,40.062529
Car-1,2008-11-05 01:58:55,116.421404,40.062535
Car-1,2008-11-05 01:58:57,116.421403,40.062535
Car-1,2008-11-05 01:58:59,116.421402,40.062535
Car-1,2008-11-05 01:59:01,116.421401,40.062536
Car-1,2008-11-05 01:59:03,116.4214,40.062536
Car-1,2008-11-05 01:59:05,116.4214,40.062536
Car-1,2008-11-05 01:59:07,116.4214,40.062536
Car-1,2008-11-05 01:59:09,116.4214,40.062536
Car-1,2008-11-05 01:59:11,116.421401,40.062535
Car-1,2008-11-05 01:59:13,116.4214,40.062535
Car-1,2008-11-05 01:59:15,116.4214,40.062535
Car-1,2008-11-05 01:59:17,116.4214,40.062535
Car-1,2008-11-05 01:59:19,116.421399,40.062535
Car-1,2008-11-05 01:59:21,116.421399,40.062535
Car-1,2008-11-05 01:59:23,116.421399,40.062534
Car-1,2008-11-05 01:59:25,116.4214,40.062534
Car-1,2008-11-05 01:59:27,116.4214,40.062534
Car-1,2008-11-05 01:59:29,116.4214,40.062533
Car-1,2008-11-05 01:59:31,116.421403,40.062532
Car-1,2008-11-05 01:59:33,116.421482,40.06251
Car-1,2008-11-05 01:59:35,116.421598,40.062475
Car-1,2008-11-05 01:59:37,116.421764,40.062438
Car-1,2008-11-05 01:59:39,116.421947,40.062392
Car-1,2008-11-05 01:59:41,116.422148,40.062342
Car-1,2008-11-05 01:59:43,116.422368,40.062278
Car-1,2008-11-05 01:59:45,116.4226,40.062217
Car-1,2008-11-05 01:59:47,116.422837,40.06215
Car-1,2008-11-05 01:59:49,116.423077,40.062083
Car-1,2008-11-05 01:59:51,116.423295,40.062018
Car-1,2008-11-05 01:59:53,116.423522,40.06195
Car-1,2008-11-05 01:59:55,116.423755,40.06189
Car-1,2008-11-05 01:59:57,116.423986,40.061829
Car-1,2008-11-05 01:59:59,116.424225,40.061765
Car-1,2008-11-05 02:00:01,116.424463,40.061697
Car-1,2008-11-05 02:00:03,116.424704,40.061629
Car-1,2008-11-05 02:00:05,116.424935,40.061563
Car-1,2008-11-05 02:00:07,116.425179,40.061496
Car-1,2008-11-05 02:00:09,116.425419,40.061428
Car-1,2008-11-05 02:00:11,116.425658,40.061359
Car-1,2008-11-05 02:00:13,116.42589,40.061292
Car-1,2008-11-05 02:00:15,116.426114,40.061224
Car-1,2008-11-05 02:00:17,116.426329,40.061164
Car-1,2008-11-05 02:00:19,116.426528,40.061105
Car-1,2008-11-05 02:00:21,116.426666,40.061055
Car-1,2008-11-05 02:00:23,116.426777,40.061026
Car-1,2008-11-05 02:00:25,116.426897,40.061001
Car-1,2008-11-05 02:00:27,116.427052,40.060973
Car-1,2008-11-05 02:00:29,116.427255,40.060971
Car-1,2008-11-05 02:00:31,116.427493,40.060976
Car-1,2008-11-05 02:00:33,116.427756,40.06098
Car-1,2008-11-05 02:00:35,116.428027,40.06099
Car-1,2008-11-05 02:00:37,116.428316,40.060989
Car-1,2008-11-05 02:00:39,116.428601,40.060989
Car-1,2008-11-05 02:00:41,116.428883,40.060993
Car-1,2008-11-05 02:00:43,116.429158,40.060994
Car-1,2008-11-05 02:00:45,116.429428,40.060994
Car-1,2008-11-05 02:00:47,116.429675,40.060995
Car-1,2008-11-05 02:00:49,116.429911,40.060999
Car-1,2008-11-05 02:00:51,116.430129,40.060997
Car-1,2008-11-05 02:00:53,116.430314,40.061008
Car-1,2008-11-05 02:00:55,116.430447,40.061051
Car-1,2008-11-05 02:00:57,116.4305,40.061149
Car-1,2008-11-05 02:00:59,116.4305,40.061269
Car-1,2008-11-05 02:01:01,116.430495,40.061429
Car-1,2008-11-05 02:01:03,116.430497,40.061605
Car-1,2008-11-05 02:01:05,116.430496,40.061769
Car-1,2008-11-05 02:01:07,116.430501,40.061954
Car-1,2008-11-05 02:01:09,116.430501,40.062138
Car-1,2008-11-05 02:01:11,116.430503,40.062313
Car-1,2008-11-05 02:01:13,116.430494,40.062489
Car-1,2008-11-05 02:01:15,116.430473,40.062654
Car-1,2008-11-05 02:01:17,116.430459,40.062811
Car-1,2008-11-05 02:01:19,116.430461,40.062931
Car-1,2008-11-05 02:01:21,116.430463,40.063034
Car-1,2008-11-05 02:01:23,116.430463,40.063111
Car-1,2008-11-05 02:01:25,116.430469,40.063151
Car-1,2008-11-05 02:01:27,116.430464,40.063164
Car-1,2008-11-05 02:01:29,116.430465,40.063201
Car-1,2008-11-05 02:01:31,116.430456,40.063262
Car-1,2008-11-05 02:01:33,116.430457,40.063311
Car-1,2008-11-05 02:01:35,116.430464,40.063346
Car-1,2008-11-05 02:01:37,116.430462,40.063361
Car-1,2008-11-05 02:01:39,116.430449,40.063385
Car-1,2008-11-05 02:01:41,116.430465,40.063409
Car-1,2008-11-05 02:01:43,116.430465,40.06343
Car-1,2008-11-05 02:01:45,116.430471,40.063478
Car-1,2008-11-05 02:01:47,116.430474,40.063527
Car-1,2008-11-05 02:01:49,116.430491,40.063544
Car-1,2008-11-05 02:01:51,116.430489,40.063547
Car-1,2008-11-05 02:01:53,116.430489,40.063549
Car-1,2008-11-05 02:01:55,116.430489,40.06355
Car-1,2008-11-05 02:01:57,116.430489,40.06355
Car-1,2008-11-05 02:01:59,116.43049,40.063551
Car-1,2008-11-05 02:02:01,116.430489,40.063558
Car-1,2008-11-05 02:02:03,116.430482,40.063595
Car-1,2008-11-05 02:02:05,116.430475,40.063639
Car-1,2008-11-05 02:02:07,116.430459,40.063697
Car-1,2008-11-05 02:02:09,116.430451,40.063772
Car-1,2008-11-05 02:02:11,116.430435,40.063865
Car-1,2008-11-05 02:02:13,116.430424,40.063959
Car-1,2008-11-05 02:02:15,116.430429,40.064064
Car-1,2008-11-05 02:02:17,116.430435,40.064172
Car-1,2008-11-05 02:02:19,116.430435,40.064289
Car-1,2008-11-05 02:02:21,116.43044,40.064409
Car-1,2008-11-05 02:02:23,116.430439,40.064517
Car-1,2008-11-05 02:02:25,116.430439,40.064625
Car-1,2008-11-05 02:02:27,116.430437,40.064711
Car-1,2008-11-05 02:32:15,116.430422,40.064491
Car-1,2008-11-05 02:32:17,116.430437,40.064394
Car-1,2008-11-05 02:32:19,116.430441,40.064266
Car-1,2008-11-05 02:32:21,116.430437,40.064126
Car-1,2008-11-05 02:32:23,116.430434,40.064
Car-1,2008-11-05 02:32:25,116.430427,40.063881
Car-1,2008-11-05 02:32:27,116.430424,40.063762
Car-1,2008-11-05 02:32:29,116.430429,40.063626
Car-1,2008-11-05 02:32:31,116.430483,40.063494
Car-1,2008-11-05 02:32:33,116.430469,40.063361
Car-1,2008-11-05 02:32:35,116.43048,40.063231
Car-1,2008-11-05 02:32:37,116.43048,40.063099
Car-1,2008-11-05 02:32:39,116.430487,40.062951
Car-1,2008-11-05 02:32:41,116.430476,40.062784
Car-1,2008-11-05 02:32:43,116.430475,40.062609
Car-1,2008-11-05 02:32:45,116.430474,40.062437
Car-1,2008-11-05 02:32:47,116.430468,40.062251
Car-1,2008-11-05 02:32:49,116.430457,40.062077
Car-1,2008-11-05 02:32:51,116.430459,40.061894
Car-1,2008-11-05 02:32:53,116.430458,40.061703
Car-1,2008-11-05 02:32:55,116.430455,40.061526
Car-1,2008-11-05 02:32:57,116.430457,40.061376
Car-1,2008-11-05 02:32:59,116.430448,40.061246
Car-1,2008-11-05 02:33:01,116.430395,40.061136
Car-1,2008-11-05 02:33:03,116.430308,40.061051
Car-1,2008-11-05 02:33:05,116.430175,40.061
Car-1,2008-11-05 02:33:07,116.430009,40.06099
Car-1,2008-11-05 02:33:09,116.429794,40.060997
Car-1,2008-11-05 02:33:11,116.429553,40.060999
Car-1,2008-11-05 02:33:13,116.429295,40.060996
Car-1,2008-11-05 02:33:15,116.429023,40.060999
Car-1,2008-11-05 02:33:17,116.428753,40.061007
Car-1,2008-11-05 02:33:19,116.428489,40.061006
Car-1,2008-11-05 02:33:21,116.428229,40.061004
Car-1,2008-11-05 02:33:23,116.427956,40.061007
Car-1,2008-11-05 02:33:25,116.427677,40.06102
Car-1,2008-11-05 02:33:27,116.427433,40.06103
Car-1,2008-11-05 02:33:29,116.427196,40.061033
Car-1,2008-11-05 02:33:31,116.426995,40.061029
Car-1,2008-11-05 02:33:33,116.426802,40.061048
Car-1,2008-11-05 02:33:35,116.426598,40.061091
Car-1,2008-11-05 02:33:37,116.426368,40.061156
Car-1,2008-11-05 02:33:39,116.426107,40.061237
Car-1,2008-11-05 02:33:41,116.425821,40.061335
Car-1,2008-11-05 02:33:43,116.4255,40.061436
Car-1,2008-11-05 02:33:45,116.425162,40.061541
Car-1,2008-11-05 02:33:47,116.42481,40.061648
Car-1,2008-11-05 02:33:49,116.424429,40.061759
Car-1,2008-11-05 02:33:51,116.424042,40.06188
Car-1,2008-11-05 02:33:53,116.423679,40.061982
Car-1,2008-11-05 02:33:55,116.423335,40.06208
Car-1,2008-11-05 02:33:57,116.423023,40.062177
Car-1,2008-11-05 02:33:59,116.422751,40.06226
Car-1,2008-11-05 02:34:01,116.422527,40.06233
Car-1,2008-11-05 02:34:03,116.422332,40.062387
Car-1,2008-11-05 02:34:05,116.422158,40.062448
Car-1,2008-11-05 02:34:07,116.422017,40.062516
Car-1,2008-11-05 02:34:09,116.42195,40.062538
Car-1,2008-11-05 02:34:11,116.421912,40.062546
Car-1,2008-11-05 02:34:13,116.421897,40.062544
Car-1,2008-11-05 02:34:15,116.421907,40.062542
Car-1,2008-11-05 02:34:17,116.421905,40.062543
Car-1,2008-11-05 02:34:19,116.421905,40.062543
Car-1,2008-11-05 02:34:21,116.42189,40.062542
Car-1,2008-11-05 02:34:23,116.42183,40.062547
Car-1,2008-11-05 02:34:25,116.421731,40.062555
Car-1,2008-11-05 02:34:27,116.421584,40.062584
Car-1,2008-11-05 02:34:29,116.421431,40.062605
Car-1,2008-11-05 02:34:31,116.42126,40.062626
Car-1,2008-11-05 02:34:33,116.421051,40.062691
Car-1,2008-11-05 02:34:35,116.420844,40.062758
Car-1,2008-11-05 02:34:37,116.420601,40.062853
Car-1,2008-11-05 02:34:39,116.420354,40.062946
Car-1,2008-11-05 02:34:41,116.420089,40.063039
Car-1,2008-11-05 02:34:43,116.41983,40.063138
Car-1,2008-11-05 02:34:45,116.419573,40.06324
Car-1,2008-11-05 02:34:47,116.419366,40.063295
Car-1,2008-11-05 02:34:49,116.419175,40.063333
Car-1,2008-11-05 02:34:51,116.419029,40.06336
Car-1,2008-11-05 02:34:53,116.418935,40.063354
Car-1,2008-11-05 02:34:55,116.418869,40.063309
Car-1,2008-11-05 02:34:57,116.4188,40.063255
Car-1,2008-11-05 02:34:59,116.418724,40.063221
Car-1,2008-11-05 02:35:01,116.41866,40.063159
Car-1,2008-11-05 02:35:03,116.418631,40.063079
Car-1,2008-11-05 02:35:05,116.418629,40.062979
Car-1,2008-11-05 02:35:07,116.418643,40.062863
Car-1,2008-11-05 02:35:09,116.418645,40.062738
Car-1,2008-11-05 02:35:11,116.418648,40.0626
Car-1,2008-11-05 02:35:13,116.418645,40.06246
Car-1,2008-11-05 02:35:15,116.418626,40.062322
Car-1,2008-11-05 02:35:17,116.418635,40.062184
Car-1,2008-11-05 02:35:19,116.418636,40.062055
Car-1,2008-11-05 02:35:21,116.418631,40.061927
Car-1,2008-11-05 02:35:23,116.41862,40.061804
Car-1,2008-11-05 02:35:25,116.418594,40.061682
Car-1,2008-11-05 02:35:27,116.418553,40.061538
Car-1,2008-11-05 02:35:29,116.418481,40.061376
Car-1,2008-11-05 02:35:31,116.41839,40.06122
Car-1,2008-11-05 02:35:33,116.418275,40.061066
Car-1,2008-11-05 02:35:35,116.418147,40.060934
Car-1,2008-11-05 02:35:37,116.418016,40.060816
Car-1,2008-11-05 02:35:39,116.417863,40.06074
Car-1,2008-11-05 02:35:41,116.417725,40.060684
Car-1,2008-11-05 02:35:43,116.417578,40.060635
Car-1,2008-11-05 02:35:45,116.417412,40.060592
Car-1,2008-11-05 02:35:47,116.417234,40.060579
Car-1,2008-11-05 02:35:49,116.417072,40.060573
Car-1,2008-11-05 02:35:51,116.416925,40.060563
Car-1,2008-11-05 02:35:53,116.416759,40.06055
Car-1,2008-11-05 02:35:55,116.416573,40.060548
Car-1,2008-11-05 02:35:57,116.416399,40.060539
Car-1,2008-11-05 02:35:59,116.41624,40.06053
Car-1,2008-11-05 02:36:01,116.416106,40.060526
Car-1,2008-11-05 02:36:03,116.415975,40.06053
Car-1,2008-11-05 02:36:05,116.415858,40.060502
Car-1,2008-11-05 02:36:07,116.415743,40.06047
Car-1,2008-11-05 02:36:09,116.415679,40.06046
Car-1,2008-11-05 02:36:11,116.415637,40.060455
Car-1,2008-11-05 02:36:13,116.415622,40.060458
Car-1,2008-11-05 02:36:15,116.415622,40.060461
Car-1,2008-11-05 02:36:17,116.415621,40.060461
Car-1,2008-11-05 02:36:19,116.41562,40.060461
Car-1,2008-11-05 02:36:21,116.415619,40.060461
Car-1,2008-11-05 02:36:23,116.415619,40.060461
Car-1,2008-11-05 02:36:25,116.415618,40.060461
Car-1,2008-11-05 02:36:27,116.415618,40.060461
Car-1,2008-11-05 02:36:29,116.415618,40.06046
Car-1,2008-11-05 02:36:31,116.415618,40.06046
Car-1,2008-11-05 02:36:33,116.415618,40.06046
Car-1,2008-11-05 02:36:35,116.415616,40.060461
Car-1,2008-11-05 02:36:37,116.415614,40.060461
Car-1,2008-11-05 02:36:39,116.415613,40.060461
Car-1,2008-11-05 02:36:41,116.415605,40.060459
Car-1,2008-11-05 02:36:43,116.415526,40.060453
Car-1,2008-11-05 02:36:45,116.415411,40.06044
Car-1,2008-11-05 02:36:47,116.41526,40.060434
Car-1,2008-11-05 02:36:49,116.4151,40.060423
Car-1,2008-11-05 02:36:51,116.414926,40.060414
Car-1,2008-11-05 02:36:53,116.414787,40.060407
Car-1,2008-11-05 02:36:55,116.414676,40.060403
Car-1,2008-11-05 02:36:57,116.414536,40.060395
Car-1,2008-11-05 02:36:59,116.414361,40.060387
Car-1,2008-11-05 02:37:01,116.414164,40.060373
Car-1,2008-11-05 02:37:03,116.413948,40.060363
Car-1,2008-11-05 02:37:05,116.413738,40.060354
Car-1,2008-11-05 02:37:07,116.41355,40.060329
Car-1,2008-11-05 02:37:09,116.41335,40.060324
Car-1,2008-11-05 02:37:11,116.413119,40.060308
Car-1,2008-11-05 02:37:13,116.412895,40.06031
Car-1,2008-11-05 02:37:15,116.412691,40.060301
Car-1,2008-11-05 02:37:17,116.412476,40.060291
Car-1,2008-11-05 02:37:19,116.412253,40.060285
Car-1,2008-11-05 02:37:21,116.412035,40.060262
Car-1,2008-11-05 02:37:23,116.4118,40.060257
Car-1,2008-11-05 02:37:25,116.411581,40.060243
Car-1,2008-11-05 02:37:27,116.411375,40.060234
Car-1,2008-11-05 02:37:29,116.411216,40.060219
Car-1,2008-11-05 02:37:31,116.411084,40.060233
Car-1,2008-11-05 02:37:33,116.411006,40.060242
Car-1,2008-11-05 02:37:35,116.410948,40.060249
Car-1,2008-11-05 02:37:37,116.410918,40.060242
Car-1,2008-11-05 02:37:39,116.41086,40.060226
Car-1,2008-11-05 02:37:41,116.410794,40.060171
Car-1,2008-11-05 02:37:43,116.410763,40.060078
Car-1,2008-11-05 02:37:45,116.410766,40.059963
Car-1,2008-11-05 02:37:47,116.410765,40.05982
Car-1,2008-11-05 02:37:49,116.410774,40.059655
Car-1,2008-11-05 02:37:51,116.410767,40.059483
Car-1,2008-11-05 02:37:53,116.410759,40.059287
Car-1,2008-11-05 02:37:55,116.410753,40.059075
Car-1,2008-11-05 02:37:57,116.410748,40.05887
Car-1,2008-11-05 02:37:59,116.410745,40.058646
Car-1,2008-11-05 02:38:01,116.410735,40.058411
Car-1,2008-11-05 02:38:03,116.410718,40.058178
Car-1,2008-11-05 02:38:05,116.410703,40.057949
Car-1,2008-11-05 02:38:07,116.410688,40.057736
Car-1,2008-11-05 02:38:09,116.410666,40.057547
Car-1,2008-11-05 02:38:11,116.41064,40.057357
Car-1,2008-11-05 02:38:13,116.410619,40.057163
Car-1,2008-11-05 02:38:15,116.410583,40.056976
Car-1,2008-11-05 02:38:17,116.410532,40.05682
Car-1,2008-11-05 02:38:19,116.410476,40.056687
Car-1,2008-11-05 02:38:21,116.410371,40.056625
Car-1,2008-11-05 02:38:23,116.410209,40.056613
Car-1,2008-11-05 02:38:25,116.410017,40.0566
Car-1,2008-11-05 02:38:27,116.409816,40.056594
Car-1,2008-11-05 02:38:29,116.409613,40.056602
Car-1,2008-11-05 02:38:31,116.40944,40.0566
Car-1,2008-11-05 02:38:33,116.40932,40.056596
Car-1,2008-11-05 02:38:35,116.409235,40.0566
Car-1,2008-11-05 02:38:37,116.409194,40.056606
Car-1,2008-11-05 02:38:39,116.409189,40.056595
Car-1,2008-11-05 02:38:41,116.409214,40.056561
Car-1,2008-11-05 02:38:43,116.409212,40.056561
Car-1,2008-11-05 02:38:45,116.409211,40.056561
Car-1,2008-11-05 02:38:47,116.409209,40.056561
Car-1,2008-11-05 02:38:49,116.409208,40.056561
Car-1,2008-11-05 02:38:51,116.409206,40.056561
Car-1,2008-11-05 02:38:53,116.409204,40.056561
Car-1,2008-11-05 02:38:55,116.409203,40.056562
Car-1,2008-11-05 02:38:57,116.409203,40.056562
Car-1,2008-11-05 02:38:59,116.409203,40.056562
Car-1,2008-11-05 02:39:01,116.409202,40.056562
Car-1,2008-11-05 02:39:03,116.409202,40.056562
Car-1,2008-11-05 02:39:05,116.409201,40.056562
Car-1,2008-11-05 02:39:07,116.409201,40.056562
Car-1,2008-11-05 02:39:09,116.409201,40.056563
Car-1,2008-11-05 02:39:11,116.409202,40.056562
Car-1,2008-11-05 02:39:13,116.409203,40.056562
Car-1,2008-11-05 02:39:15,116.409201,40.056563
Car-1,2008-11-05 02:39:17,116.4092,40.056563
Car-1,2008-11-05 02:39:19,116.4092,40.056563
Car-1,2008-11-05 02:39:21,116.4092,40.056563
Car-1,2008-11-05 02:39:23,116.409201,40.056563
Car-1,2008-11-05 02:39:25,116.409201,40.056563
Car-1,2008-11-05 02:39:27,116.409201,40.056562
Car-1,2008-11-05 02:39:29,116.409202,40.056562
Car-1,2008-11-05 02:39:31,116.409202,40.056562
Car-1,2008-11-05 02:39:33,116.409202,40.056561
Car-1,2008-11-05 02:39:35,116.409203,40.056561
Car-1,2008-11-05 02:39:37,116.409203,40.056561
Car-1,2008-11-05 02:39:39,116.409203,40.05656
Car-1,2008-11-05 02:39:41,116.409202,40.05656
Car-1,2008-11-05 02:39:43,116.409202,40.05656
Car-1,2008-11-05 02:39:45,116.409201,40.05656
Car-1,2008-11-05 02:39:47,116.409202,40.056559
Car-1,2008-11-05 02:39:49,116.409201,40.056559
Car-1,2008-11-05 02:39:51,116.409201,40.056559
Car-1,2008-11-05 02:39:53,116.409201,40.05656
Car-1,2008-11-05 02:39:55,116.409201,40.05656
Car-1,2008-11-05 02:39:57,116.409201,40.05656
Car-1,2008-11-05 02:39:59,116.409201,40.05656
Car-1,2008-11-05 02:40:01,116.4092,40.056561
Car-1,2008-11-05 02:40:03,116.4092,40.056561
Car-1,2008-11-05 02:40:05,116.4092,40.056561
Car-1,2008-11-05 02:40:07,116.4092,40.056562
Car-1,2008-11-05 02:40:09,116.4092,40.056562
Car-1,2008-11-05 02:40:11,116.4092,40.056562
Car-1,2008-11-05 02:40:13,116.4092,40.056562
Car-1,2008-11-05 02:40:15,116.4092,40.056562
Car-1,2008-11-05 02:40:17,116.4092,40.056562
Car-1,2008-11-05 02:40:19,116.4092,40.056562
Car-1,2008-11-05 02:40:21,116.4092,40.056562
Car-1,2008-11-05 02:40:23,116.4092,40.056562
Car-1,2008-11-05 02:40:25,116.4092,40.056562
Car-1,2008-11-05 02:40:27,116.4092,40.056562
Car-1,2008-11-05 02:40:29,116.409201,40.056562
Car-1,2008-11-05 02:40:31,116.409201,40.056561
Car-1,2008-11-05 02:40:33,116.409201,40.056562
Car-1,2008-11-05 02:40:35,116.409201,40.056562
Car-1,2008-11-05 02:40:37,116.409201,40.056562
Car-1,2008-11-05 02:40:39,116.409201,40.056562
Car-1,2008-11-05 02:40:41,116.409201,40.056562
Car-1,2008-11-05 02:40:43,116.409201,40.056561
Car-1,2008-11-05 02:40:45,116.409201,40.056561
Car-1,2008-11-05 02:40:47,116.409202,40.05656
Car-1,2008-11-05 02:40:49,116.409202,40.05656
Car-1,2008-11-05 02:40:51,116.409202,40.05656
Car-1,2008-11-05 02:40:53,116.409203,40.05656
Car-1,2008-11-05 02:40:55,116.409203,40.056559
Car-1,2008-11-05 02:40:57,116.409203,40.056559
Car-1,2008-11-05 02:40:59,116.409203,40.056559
Car-1,2008-11-05 02:41:01,116.409204,40.056559
Car-1,2008-11-05 02:41:03,116.409204,40.056559
Car-1,2008-11-05 02:41:05,116.409201,40.056559
Car-1,2008-11-05 02:41:07,116.409152,40.056567
Car-1,2008-11-05 02:41:09,116.409117,40.056554
Car-1,2008-11-05 02:41:11,116.409078,40.056556
Car-1,2008-11-05 02:41:13,116.409017,40.056559
Car-1,2008-11-05 02:41:15,116.408903,40.056563
Car-1,2008-11-05 02:41:17,116.408797,40.056568
Car-1,2008-11-05 02:41:19,116.408664,40.056565
Car-1,2008-11-05 02:41:21,116.408512,40.056574
Car-1,2008-11-05 02:41:23,116.408371,40.056588
Car-1,2008-11-05 02:41:25,116.408255,40.056608
Car-1,2008-11-05 02:41:27,116.408162,40.056616
Car-1,2008-11-05 02:41:29,116.408068,40.056634
Car-1,2008-11-05 02:41:31,116.407987,40.05664
Car-1,2008-11-05 02:41:33,116.40792,40.056636
Car-1,2008-11-05 02:41:35,116.407881,40.056622
Car-1,2008-11-05 02:41:37,116.407838,40.056605
Car-1,2008-11-05 02:41:39,116.407778,40.056594
Car-1,2008-11-05 02:41:41,116.407718,40.056578
Car-1,2008-11-05 02:41:43,116.407658,40.056562
Car-1,2008-11-05 02:41:45,116.407631,40.056551
Car-1,2008-11-05 02:41:47,116.40762,40.056542
Car-1,2008-11-05 02:41:49,116.407613,40.05654
Car-1,2008-11-05 02:41:51,116.407602,40.056538
Car-1,2008-11-05 02:41:53,116.407582,40.056529
Car-1,2008-11-05 02:41:55,116.407561,40.056489
Car-1,2008-11-05 02:41:57,116.407563,40.056414
Car-1,2008-11-05 02:41:59,116.407564,40.056328
Car-1,2008-11-05 02:42:01,116.407574,40.056215
Car-1,2008-11-05 02:42:03,116.407589,40.056081
Car-1,2008-11-05 02:42:05,116.407602,40.055945
Car-1,2008-11-05 02:42:07,116.407617,40.055782
Car-1,2008-11-05 02:42:09,116.407619,40.055571
Car-1,2008-11-05 02:42:11,116.407628,40.055363
Car-1,2008-11-05 02:42:13,116.407618,40.055162
Car-1,2008-11-05 02:42:15,116.407645,40.054961
Car-1,2008-11-05 02:42:17,116.407674,40.054756
Car-1,2008-11-05 02:42:19,116.4077,40.054522
Car-1,2008-11-05 02:42:21,116.4077,40.054282
Car-1,2008-11-05 02:42:23,116.407714,40.054048
Car-1,2008-11-05 02:42:25,116.407716,40.053815
Car-1,2008-11-05 02:42:27,116.407693,40.053571
Car-1,2008-11-05 02:42:29,116.407657,40.05333
Car-1,2008-11-05 02:42:31,116.407606,40.053099
Car-1,2008-11-05 02:42:33,116.407533,40.052874
Car-1,2008-11-05 02:42:35,116.407451,40.052656
Car-1,2008-11-05 02:42:37,116.40736,40.052432
Car-1,2008-11-05 02:42:39,116.407256,40.052223
Car-1,2008-11-05 02:42:41,116.407151,40.052026
Car-1,2008-11-05 02:42:43,116.40705,40.051852
Car-1,2008-11-05 02:42:45,116.406959,40.051706
Car-1,2008-11-05 02:42:47,116.406881,40.051589
Car-1,2008-11-05 02:42:49,116.406809,40.051492
Car-1,2008-11-05 02:42:51,116.406758,40.051413
Car-1,2008-11-05 02:42:53,116.406712,40.051355
Car-1,2008-11-05 02:42:55,116.406685,40.051314
Car-1,2008-11-05 02:42:57,116.406668,40.051277
Car-1,2008-11-05 02:42:59,116.406658,40.05126
Car-1,2008-11-05 02:43:01,116.406655,40.051245
Car-1,2008-11-05 02:43:03,116.406654,40.051237
Car-1,2008-11-05 02:43:05,116.406653,40.051236
Car-1,2008-11-05 02:43:07,116.406653,40.051235
Car-1,2008-11-05 02:43:09,116.406653,40.051235
Car-1,2008-11-05 02:43:11,116.406652,40.051234
Car-1,2008-11-05 02:43:13,116.406652,40.051233
Car-1,2008-11-05 02:43:15,116.406651,40.051232
Car-1,2008-11-05 02:43:17,116.406651,40.051231
Car-1,2008-11-05 02:43:19,116.40665,40.051231
Car-1,2008-11-05 02:43:21,116.40665,40.051231
Car-1,2008-11-05 02:43:23,116.40665,40.051231
Car-1,2008-11-05 02:43:25,116.40665,40.051231
Car-1,2008-11-05 02:43:27,116.40665,40.051232
Car-1,2008-11-05 02:43:29,116.40665,40.051232
Car-1,2008-11-05 02:43:31,116.406638,40.051216
Car-1,2008-11-05 02:43:33,116.406618,40.051182
Car-1,2008-11-05 02:43:35,116.406602,40.051152
Car-1,2008-11-05 02:43:37,116.406594,40.051133
Car-1,2008-11-05 02:43:39,116.406589,40.051123
Car-1,2008-11-05 02:43:41,116.406592,40.051108
Car-1,2008-11-05 02:43:43,116.40658,40.051081
Car-1,2008-11-05 02:43:45,116.406541,40.051042
Car-1,2008-11-05 02:43:47,116.406511,40.051002
Car-1,2008-11-05 02:43:49,116.406471,40.050958
Car-1,2008-11-05 02:43:51,116.406426,40.050902
Car-1,2008-11-05 02:43:53,116.406366,40.050813
Car-1,2008-11-05 02:43:55,116.406301,40.050713
Car-1,2008-11-05 02:43:57,116.406242,40.050621
Car-1,2008-11-05 02:43:59,116.406168,40.050532
Car-1,2008-11-05 02:44:01,116.406105,40.050427
Car-1,2008-11-05 02:44:03,116.406023,40.050325
Car-1,2008-11-05 02:44:05,116.405932,40.05021
Car-1,2008-11-05 02:44:07,116.405853,40.050107
Car-1,2008-11-05 02:44:09,116.405788,40.050029
Car-1,2008-11-05 02:44:11,116.405741,40.04996
Car-1,2008-11-05 02:44:13,116.405696,40.049906
Car-1,2008-11-05 02:44:15,116.405668,40.049854
Car-1,2008-11-05 02:44:17,116.405649,40.049805
Car-1,2008-11-05 02:44:19,116.405635,40.049769
Car-1,2008-11-05 02:44:21,116.405626,40.04975
Car-1,2008-11-05 02:44:23,116.405622,40.049741
Car-1,2008-11-05 02:44:25,116.405613,40.049731
Car-1,2008-11-05 02:44:27,116.405609,40.049724
Car-1,2008-11-05 02:44:29,116.405598,40.049706
Car-1,2008-11-05 02:44:31,116.405589,40.049676
Car-1,2008-11-05 02:44:33,116.405582,40.049647
Car-1,2008-11-05 02:44:35,116.405573,40.049617
Car-1,2008-11-05 02:44:37,116.405565,40.049591
Car-1,2008-11-05 02:44:39,116.405561,40.049558
Car-1,2008-11-05 02:44:41,116.40556,40.04953
Car-1,2008-11-05 02:44:43,116.40556,40.049521
Car-1,2008-11-05 02:44:45,116.405554,40.049519
Car-1,2008-11-05 02:44:47,116.405548,40.049514
Car-1,2008-11-05 02:44:49,116.405543,40.049498
Car-1,2008-11-05 02:44:51,116.405552,40.049469
Car-1,2008-11-05 02:44:53,116.405542,40.049457
Car-1,2008-11-05 02:44:55,116.405534,40.049443
Car-1,2008-11-05 02:44:57,116.405533,40.049429
Car-1,2008-11-05 02:44:59,116.405515,40.049416
Car-1,2008-11-05 02:45:01,116.405515,40.049392
Car-1,2008-11-05 02:45:03,116.405512,40.049386
Car-1,2008-11-05 02:45:05,116.405524,40.049377
Car-1,2008-11-05 02:45:07,116.405538,40.049372
Car-1,2008-11-05 02:45:09,116.405547,40.049374
Car-1,2008-11-05 02:45:11,116.405547,40.049374
Car-1,2008-11-05 02:45:13,116.405547,40.049374
Car-1,2008-11-05 02:45:15,116.405548,40.049375
Car-1,2008-11-05 02:45:17,116.405548,40.049375
Car-1,2008-11-05 02:45:19,116.405547,40.049373
Car-1,2008-11-05 02:45:21,116.405535,40.049359
Car-1,2008-11-05 02:45:23,116.405518,40.049325
Car-1,2008-11-05 02:45:25,116.405516,40.049297
Car-1,2008-11-05 02:45:27,116.405505,40.04927
Car-1,2008-11-05 02:45:29,116.405489,40.049228
Car-1,2008-11-05 02:45:31,116.405476,40.049192
Car-1,2008-11-05 02:45:33,116.40545,40.049129
Car-1,2008-11-05 02:45:35,116.405441,40.049037
Car-1,2008-11-05 02:45:37,116.405433,40.048974
Car-1,2008-11-05 02:45:39,116.405419,40.04894
Car-1,2008-11-05 02:45:41,116.405414,40.048907
Car-1,2008-11-05 02:45:43,116.405413,40.048884
Car-1,2008-11-05 02:45:45,116.405407,40.048863
Car-1,2008-11-05 02:45:47,116.405402,40.048816
Car-1,2008-11-05 02:45:49,116.405397,40.048751
Car-1,2008-11-05 02:45:51,116.405387,40.048713
Car-1,2008-11-05 02:45:53,116.405383,40.048677
Car-1,2008-11-05 02:45:55,116.405377,40.048631
Car-1,2008-11-05 02:45:57,116.405378,40.048574
Car-1,2008-11-05 02:45:59,116.405383,40.048503
Car-1,2008-11-05 02:46:01,116.405392,40.048416
Car-1,2008-11-05 02:46:03,116.405408,40.048322
Car-1,2008-11-05 02:46:05,116.405429,40.048215
Car-1,2008-11-05 02:46:07,116.405462,40.048099
Car-1,2008-11-05 02:46:09,116.405489,40.047985
Car-1,2008-11-05 02:46:11,116.405501,40.047903
Car-1,2008-11-05 02:46:13,116.405502,40.047856
Car-1,2008-11-05 02:46:15,116.405503,40.047825
Car-1,2008-11-05 02:46:17,116.405503,40.047811
Car-1,2008-11-05 02:46:19,116.405513,40.04777
Car-1,2008-11-05 02:46:21,116.40553,40.047707
Car-1,2008-11-05 02:46:23,116.405549,40.047626
Car-1,2008-11-05 02:46:25,116.405576,40.047549
Car-1,2008-11-05 02:46:27,116.405592,40.047471
Car-1,2008-11-05 02:46:29,116.405629,40.047414
Car-1,2008-11-05 02:46:31,116.405658,40.047378
Car-1,2008-11-05 02:46:33,116.405675,40.047365
Car-1,2008-11-05 02:46:35,116.405689,40.047352
Car-1,2008-11-05 02:46:37,116.405717,40.0473
Car-1,2008-11-05 02:46:39,116.405736,40.047241
Car-1,2008-11-05 02:46:41,116.405752,40.047184
Car-1,2008-11-05 02:46:43,116.405764,40.047138
Car-1,2008-11-05 02:46:45,116.405781,40.047088
Car-1,2008-11-05 02:46:47,116.4058,40.04703
Car-1,2008-11-05 02:46:49,116.405809,40.046982
Car-1,2008-11-05 02:46:51,116.405817,40.046947
Car-1,2008-11-05 02:46:53,116.405822,40.046917
Car-1,2008-11-05 02:46:55,116.405826,40.046891
Car-1,2008-11-05 02:46:57,116.405828,40.046889
Car-1,2008-11-05 02:46:59,116.405826,40.046893
Car-1,2008-11-05 02:47:01,116.405826,40.046891
Car-1,2008-11-05 02:47:03,116.405817,40.046864
Car-1,2008-11-05 02:47:05,116.405825,40.046818
Car-1,2008-11-05 02:47:07,116.405836,40.046785
Car-1,2008-11-05 02:47:09,116.405831,40.046751
Car-1,2008-11-05 02:47:11,116.405841,40.046717
Car-1,2008-11-05 02:47:13,116.405851,40.046691
Car-1,2008-11-05 02:47:15,116.405858,40.046688
Car-1,2008-11-05 02:47:17,116.405862,40.046684
Car-1,2008-11-05 02:47:19,116.405868,40.046684
Car-1,2008-11-05 02:47:21,116.405872,40.046684
Car-1,2008-11-05 02:47:23,116.405875,40.046669
Car-1,2008-11-05 02:47:25,116.405877,40.046618
Car-1,2008-11-05 02:47:27,116.40587,40.046566
Car-1,2008-11-05 02:47:29,116.405855,40.046499
Car-1,2008-11-05 02:47:31,116.405857,40.04645
Car-1,2008-11-05 02:47:33,116.405855,40.046422
Car-1,2008-11-05 02:47:35,116.405861,40.046408
Car-1,2008-11-05 02:47:37,116.405858,40.046376
Car-1,2008-11-05 02:47:39,116.405857,40.046311
Car-1,2008-11-05 02:47:41,116.405864,40.046191
Car-1,2008-11-05 02:47:43,116.405865,40.046038
Car-1,2008-11-05 02:47:45,116.40586,40.045889
Car-1,2008-11-05 02:47:47,116.405856,40.045744
Car-1,2008-11-05 02:47:49,116.405848,40.045606
Car-1,2008-11-05 02:47:51,116.405839,40.045467
Car-1,2008-11-05 02:47:53,116.405824,40.045338
Car-1,2008-11-05 02:47:55,116.405812,40.045214
Car-1,2008-11-05 02:47:57,116.405809,40.045081
Car-1,2008-11-05 02:47:59,116.405797,40.044964
Car-1,2008-11-05 02:48:01,116.405785,40.044857
Car-1,2008-11-05 02:48:03,116.405777,40.044761
Car-1,2008-11-05 02:48:05,116.405769,40.044688
Car-1,2008-11-05 02:48:07,116.405761,40.04462
Car-1,2008-11-05 02:48:09,116.405747,40.044528
Car-1,2008-11-05 02:48:11,116.405725,40.044419
Car-1,2008-11-05 02:48:13,116.405714,40.04429
Car-1,2008-11-05 02:48:15,116.405712,40.044178
Car-1,2008-11-05 02:48:17,116.4057,40.044089
Car-1,2008-11-05 02:48:19,116.405688,40.043975
Car-1,2008-11-05 02:48:21,116.405682,40.043828
Car-1,2008-11-05 02:48:23,116.405671,40.043651
Car-1,2008-11-05 02:48:25,116.405667,40.043446
Car-1,2008-11-05 02:48:27,116.405657,40.043219
Car-1,2008-11-05 02:48:29,116.40565,40.042972
Car-1,2008-11-05 02:48:31,116.405658,40.042718
Car-1,2008-11-05 02:48:33,116.405652,40.04246
Car-1,2008-11-05 02:48:35,116.405644,40.042172
Car-1,2008-11-05 02:48:37,116.405627,40.04187
Car-1,2008-11-05 02:48:39,116.40561,40.041545
Car-1,2008-11-05 02:48:41,116.405595,40.041205
Car-1,2008-11-05 02:48:43,116.405568,40.040871
Car-1,2008-11-05 02:48:45,116.405543,40.040524
Car-1,2008-11-05 02:48:47,116.405511,40.04016
Car-1,2008-11-05 02:48:49,116.405483,40.039781
Car-1,2008-11-05 02:48:51,116.405448,40.039392
Car-1,2008-11-05 02:48:53,116.405403,40.039031
Car-1,2008-11-05 02:48:55,116.405347,40.038691
Car-1,2008-11-05 02:48:57,116.405294,40.038365
Car-1,2008-11-05 02:48:59,116.405244,40.038057
Car-1,2008-11-05 02:49:01,116.405208,40.037794
Car-1,2008-11-05 02:49:03,116.405177,40.037588
Car-1,2008-11-05 02:49:05,116.40515,40.037435
Car-1,2008-11-05 02:49:07,116.40513,40.03731
Car-1,2008-11-05 02:49:09,116.405114,40.037225
Car-1,2008-11-05 02:49:11,116.405107,40.037178
Car-1,2008-11-05 02:49:13,116.4051,40.03717
Car-1,2008-11-05 02:49:15,116.405089,40.037178
Car-1,2008-11-05 02:49:17,116.405095,40.037178
Car-1,2008-11-05 02:49:19,116.405095,40.037177
Car-1,2008-11-05 02:49:21,116.405095,40.037177
Car-1,2008-11-05 02:49:23,116.405095,40.037177
Car-1,2008-11-05 02:49:25,116.405095,40.037176
Car-1,2008-11-05 02:49:27,116.405094,40.037175
Car-1,2008-11-05 02:49:29,116.405094,40.037175
Car-1,2008-11-05 02:49:31,116.405094,40.037176
Car-1,2008-11-05 02:49:33,116.405094,40.037177
Car-1,2008-11-05 02:49:35,116.405095,40.037178
Car-1,2008-11-05 02:49:37,116.405095,40.037179
Car-1,2008-11-05 02:49:39,116.405095,40.03718
Car-1,2008-11-05 02:49:41,116.405095,40.03718
Car-1,2008-11-05 02:49:43,116.405095,40.037179
Car-1,2008-11-05 02:49:45,116.405088,40.037159
Car-1,2008-11-05 02:49:47,116.405077,40.037094
Car-1,2008-11-05 02:49:49,116.405051,40.037013
Car-1,2008-11-05 02:49:51,116.405029,40.036895
Car-1,2008-11-05 02:49:53,116.405008,40.036763
Car-1,2008-11-05 02:49:55,116.404985,40.03661
Car-1,2008-11-05 02:49:57,116.404956,40.036417
Car-1,2008-11-05 02:49:59,116.404921,40.036214
Car-1,2008-11-05 02:50:01,116.404885,40.036011
Car-1,2008-11-05 02:50:03,116.404857,40.035836
Car-1,2008-11-05 02:50:05,116.404833,40.035686
Car-1,2008-11-05 02:50:07,116.404808,40.035544
Car-1,2008-11-05 02:50:09,116.404784,40.035398
Car-1,2008-11-05 02:50:11,116.404753,40.035244
Car-1,2008-11-05 02:50:13,116.404726,40.035088
Car-1,2008-11-05 02:50:15,116.404708,40.034964
Car-1,2008-11-05 02:50:17,116.404698,40.03488
Car-1,2008-11-05 02:50:19,116.404688,40.034837
Car-1,2008-11-05 02:50:21,116.404682,40.034807
Car-1,2008-11-05 02:50:23,116.404679,40.034787
Car-1,2008-11-05 02:50:25,116.404673,40.03477
Car-1,2008-11-05 02:50:27,116.404669,40.034758
Car-1,2008-11-05 02:50:29,116.404656,40.034728
Car-1,2008-11-05 02:50:31,116.40466,40.034686
Car-1,2008-11-05 02:50:33,116.404657,40.034663
Car-1,2008-11-05 02:50:35,116.404643,40.034642
Car-1,2008-11-05 02:50:37,116.404633,40.03459
Car-1,2008-11-05 02:50:39,116.404618,40.034537
Car-1,2008-11-05 02:50:41,116.404606,40.034473
Car-1,2008-11-05 02:50:43,116.404594,40.034419
Car-1,2008-11-05 02:50:45,116.40459,40.034361
Car-1,2008-11-05 02:50:47,116.404587,40.034315
Car-1,2008-11-05 02:50:49,116.404585,40.034268
Car-1,2008-11-05 02:50:51,116.404584,40.034247
Car-1,2008-11-05 02:50:53,116.404591,40.034231
Car-1,2008-11-05 02:50:55,116.40459,40.034228
Car-1,2008-11-05 02:50:57,116.40459,40.034226
Car-1,2008-11-05 02:50:59,116.40459,40.034226
Car-1,2008-11-05 02:51:01,116.40459,40.034226
Car-1,2008-11-05 02:51:03,116.40459,40.034226
Car-1,2008-11-05 02:51:05,116.404591,40.034224
Car-1,2008-11-05 02:51:07,116.404591,40.034222
Car-1,2008-11-05 02:51:09,116.404591,40.03422
Car-1,2008-11-05 02:51:11,116.404591,40.034219
Car-1,2008-11-05 02:51:13,116.404587,40.034207
Car-1,2008-11-05 02:51:15,116.404585,40.034192
Car-1,2008-11-05 02:51:17,116.404582,40.034171
Car-1,2008-11-05 02:51:19,116.404585,40.03414
Car-1,2008-11-05 02:51:21,116.404582,40.034126
Car-1,2008-11-05 02:51:23,116.404591,40.034113
Car-1,2008-11-05 02:51:25,116.404602,40.034095
Car-1,2008-11-05 02:51:27,116.404601,40.034062
Car-1,2008-11-05 02:51:29,116.404591,40.034012
Car-1,2008-11-05 02:51:31,116.404584,40.033969
Car-1,2008-11-05 02:51:33,116.404584,40.033933
Car-1,2008-11-05 02:51:35,116.404578,40.033921
Car-1,2008-11-05 02:51:37,116.404575,40.03391
Car-1,2008-11-05 02:51:39,116.404572,40.033904
Car-1,2008-11-05 02:51:41,116.404564,40.033907
Car-1,2008-11-05 02:51:43,116.404564,40.033906
Car-1,2008-11-05 02:51:45,116.404564,40.033907
Car-1,2008-11-05 02:51:47,116.404556,40.033902
Car-1,2008-11-05 02:51:49,116.404559,40.033883
Car-1,2008-11-05 02:51:51,116.404557,40.033875
Car-1,2008-11-05 02:51:53,116.404554,40.033866
Car-1,2008-11-05 02:51:55,116.404548,40.033856
Car-1,2008-11-05 02:51:57,116.40455,40.03385
Car-1,2008-11-05 02:51:59,116.40455,40.033847
Car-1,2008-11-05 02:52:01,116.404551,40.033846
Car-1,2008-11-05 02:52:03,116.404551,40.033845
Car-1,2008-11-05 02:52:05,116.404549,40.033846
Car-1,2008-11-05 02:52:07,116.404544,40.033831
Car-1,2008-11-05 02:52:09,116.404538,40.033775
Car-1,2008-11-05 02:52:11,116.40452,40.033698
Car-1,2008-11-05 02:52:13,116.404508,40.033629
Car-1,2008-11-05 02:52:15,116.404487,40.033555
Car-1,2008-11-05 02:52:17,116.404463,40.033453
Car-1,2008-11-05 02:52:19,116.404446,40.03333
Car-1,2008-11-05 02:52:21,116.404433,40.033223
Car-1,2008-11-05 02:52:23,116.404408,40.033127
Car-1,2008-11-05 02:52:25,116.404379,40.033028
Car-1,2008-11-05 02:52:27,116.404358,40.032935
Car-1,2008-11-05 02:52:29,116.404343,40.032856
Car-1,2008-11-05 02:52:31,116.404338,40.032828
Car-1,2008-11-05 02:52:33,116.404343,40.032815
Car-1,2008-11-05 02:52:35,116.404339,40.032808
Car-1,2008-11-05 02:52:37,116.404338,40.032806
Car-1,2008-11-05 02:52:39,116.404338,40.032806
Car-1,2008-11-05 02:52:41,116.404338,40.032806
Car-1,2008-11-05 02:52:43,116.404338,40.032806
Car-1,2008-11-05 02:52:45,116.404338,40.032806
Car-1,2008-11-05 02:52:47,116.404338,40.032807
Car-1,2008-11-05 02:52:49,116.404339,40.032807
Car-1,2008-11-05 02:52:51,116.404339,40.032807
Car-1,2008-11-05 02:52:53,116.404339,40.032808
Car-1,2008-11-05 02:52:55,116.404339,40.032808
Car-1,2008-11-05 02:52:57,116.404339,40.032809
Car-1,2008-11-05 02:52:59,116.404339,40.032808
Car-1,2008-11-05 02:53:01,116.404339,40.032808
Car-1,2008-11-05 02:53:03,116.40434,40.032808
Car-1,2008-11-05 02:53:05,116.40434,40.032808
Car-1,2008-11-05 02:53:07,116.40434,40.032809
Car-1,2008-11-05 02:53:09,116.40434,40.032808
Car-1,2008-11-05 02:53:11,116.40434,40.032808
Car-1,2008-11-05 02:53:13,116.40434,40.032808
Car-1,2008-11-05 02:53:15,116.40434,40.032808
Car-1,2008-11-05 02:53:17,116.404331,40.032789
Car-1,2008-11-05 02:53:19,116.40432,40.032724
Car-1,2008-11-05 02:53:21,116.404302,40.032638
Car-1,2008-11-05 02:53:23,116.404281,40.032532
Car-1,2008-11-05 02:53:25,116.404264,40.032422
Car-1,2008-11-05 02:53:27,116.404242,40.032286
Car-1,2008-11-05 02:53:29,116.404222,40.032139
Car-1,2008-11-05 02:53:31,116.4042,40.031978
Car-1,2008-11-05 02:53:33,116.404184,40.031865
Car-1,2008-11-05 02:53:35,116.404181,40.031792
Car-1,2008-11-05 02:53:37,116.404174,40.031768
Car-1,2008-11-05 02:53:39,116.404173,40.031767
Car-1,2008-11-05 02:53:41,116.404171,40.031766
Car-1,2008-11-05 02:53:43,116.404171,40.031765
Car-1,2008-11-05 02:53:45,116.404171,40.031764
Car-1,2008-11-05 02:53:47,116.404171,40.031762
Car-1,2008-11-05 02:53:49,116.40417,40.031762
Car-1,2008-11-05 02:53:51,116.40417,40.031763
Car-1,2008-11-05 02:53:53,116.404171,40.031763
Car-1,2008-11-05 02:53:55,116.404171,40.031762
Car-1,2008-11-05 02:53:57,116.404171,40.031762
Car-1,2008-11-05 02:53:59,116.404171,40.031762
Car-1,2008-11-05 02:54:01,116.404171,40.031763
Car-1,2008-11-05 02:54:03,116.404171,40.031763
Car-1,2008-11-05 02:54:05,116.404171,40.031761
Car-1,2008-11-05 02:54:07,116.404171,40.031761
Car-1,2008-11-05 02:54:09,116.404171,40.031759
Car-1,2008-11-05 02:54:11,116.404171,40.03176
Car-1,2008-11-05 02:54:13,116.404171,40.031761
Car-1,2008-11-05 02:54:15,116.404172,40.031762
Car-1,2008-11-05 02:54:17,116.404172,40.031762
Car-1,2008-11-05 02:54:19,116.404172,40.031762
Car-1,2008-11-05 02:54:21,116.404172,40.031762
Car-1,2008-11-05 02:54:23,116.404172,40.031762
Car-1,2008-11-05 02:54:25,116.404172,40.031762
Car-1,2008-11-05 02:54:27,116.404171,40.031762
Car-1,2008-11-05 02:54:29,116.404171,40.031762
Car-1,2008-11-05 02:54:31,116.404171,40.031762
Car-1,2008-11-05 02:54:33,116.404171,40.031763
Car-1,2008-11-05 02:54:35,116.404171,40.031763
Car-1,2008-11-05 02:54:37,116.404171,40.031763
Car-1,2008-11-05 02:54:39,116.40417,40.031759
Car-1,2008-11-05 02:54:41,116.404142,40.031649
Car-1,2008-11-05 02:54:43,116.404106,40.03151
Car-1,2008-11-05 02:54:45,116.404074,40.031358
Car-1,2008-11-05 02:54:47,116.40404,40.031193
Car-1,2008-11-05 02:54:49,116.403999,40.030999
Car-1,2008-11-05 02:54:51,116.403963,40.030776
Car-1,2008-11-05 02:54:53,116.403924,40.030543
Car-1,2008-11-05 02:54:55,116.403882,40.030279
Car-1,2008-11-05 02:54:57,116.403837,40.030019
Car-1,2008-11-05 02:54:59,116.4038,40.029755
Car-1,2008-11-05 02:55:01,116.403761,40.029501
Car-1,2008-11-05 02:55:03,116.403718,40.029259
Car-1,2008-11-05 02:55:05,116.403683,40.029013
Car-1,2008-11-05 02:55:07,116.40364,40.028761
Car-1,2008-11-05 02:55:09,116.403594,40.028518
Car-1,2008-11-05 02:55:11,116.403549,40.028265
Car-1,2008-11-05 02:55:13,116.403505,40.028024
Car-1,2008-11-05 02:55:15,116.403469,40.027775
Car-1,2008-11-05 02:55:17,116.403433,40.027528
Car-1,2008-11-05 02:55:19,116.403399,40.027292
Car-1,2008-11-05 02:55:21,116.403358,40.027063
Car-1,2008-11-05 02:55:23,116.403311,40.02684
Car-1,2008-11-05 02:55:25,116.403269,40.026646
Car-1,2008-11-05 02:55:27,116.403242,40.026467
Car-1,2008-11-05 02:55:29,116.403206,40.026294
Car-1,2008-11-05 02:55:31,116.403177,40.026134
Car-1,2008-11-05 02:55:33,116.403162,40.025977
Car-1,2008-11-05 02:55:35,116.403136,40.0258
Car-1,2008-11-05 02:55:37,116.403096,40.025611
Car-1,2008-11-05 02:55:39,116.403066,40.025406
Car-1,2008-11-05 02:55:41,116.403035,40.025197
Car-1,2008-11-05 02:55:43,116.403003,40.024993
Car-1,2008-11-05 02:55:45,116.40297,40.024799
Car-1,2008-11-05 02:55:47,116.402928,40.024598
Car-1,2008-11-05 02:55:49,116.40289,40.024415
Car-1,2008-11-05 02:55:51,116.40287,40.024238
Car-1,2008-11-05 02:55:53,116.402849,40.024071
Car-1,2008-11-05 02:55:55,116.402812,40.023893
Car-1,2008-11-05 02:55:57,116.40278,40.023708
Car-1,2008-11-05 02:55:59,116.402748,40.023507
Car-1,2008-11-05 02:56:01,116.402728,40.023308
Car-1,2008-11-05 02:56:03,116.402708,40.023121
Car-1,2008-11-05 02:56:05,116.402686,40.022946
Car-1,2008-11-05 02:56:07,116.402646,40.022785
Car-1,2008-11-05 02:56:09,116.402635,40.022588
Car-1,2008-11-05 02:56:11,116.402621,40.022393
Car-1,2008-11-05 02:56:13,116.402614,40.0222
Car-1,2008-11-05 02:56:15,116.402588,40.021993
Car-1,2008-11-05 02:56:17,116.402566,40.021771
Car-1,2008-11-05 02:56:19,116.402542,40.021598
Car-1,2008-11-05 02:56:21,116.402528,40.021492
Car-1,2008-11-05 02:56:23,116.402515,40.021433
Car-1,2008-11-05 02:56:25,116.402511,40.0214
Car-1,2008-11-05 02:56:27,116.402513,40.021383
Car-1,2008-11-05 02:56:29,116.402516,40.021383
Car-1,2008-11-05 02:56:31,116.402516,40.021383
Car-1,2008-11-05 02:56:33,116.402516,40.021383
Car-1,2008-11-05 02:56:35,116.402516,40.021383
Car-1,2008-11-05 02:56:37,116.402516,40.021383
Car-1,2008-11-05 02:56:39,116.402516,40.021383
Car-1,2008-11-05 02:56:41,116.402515,40.021383
Car-1,2008-11-05 02:56:43,116.402515,40.021382
Car-1,2008-11-05 02:56:45,116.402515,40.021381
Car-1,2008-11-05 02:56:47,116.402515,40.021381
Car-1,2008-11-05 02:56:49,116.402515,40.021381
Car-1,2008-11-05 02:56:51,116.402515,40.02138
Car-1,2008-11-05 02:56:53,116.402515,40.02138
Car-1,2008-11-05 02:56:55,116.402515,40.021381
Car-1,2008-11-05 02:56:57,116.402516,40.021382
Car-1,2008-11-05 02:56:59,116.402516,40.021382
Car-1,2008-11-05 02:57:01,116.402516,40.021383
Car-1,2008-11-05 02:57:03,116.402517,40.021383
Car-1,2008-11-05 02:57:05,116.402517,40.021383
Car-1,2008-11-05 02:57:07,116.402517,40.021383
Car-1,2008-11-05 02:57:09,116.402517,40.021383
Car-1,2008-11-05 02:57:11,116.402517,40.021383
Car-1,2008-11-05 02:57:13,116.402517,40.021383
Car-1,2008-11-05 02:57:15,116.402517,40.021383
Car-1,2008-11-05 02:57:17,116.402517,40.021383
Car-1,2008-11-05 02:57:19,116.402517,40.021383
Car-1,2008-11-05 02:57:21,116.402517,40.021383
Car-1,2008-11-05 02:57:23,116.402517,40.021383
Car-1,2008-11-05 02:57:25,116.402517,40.021383
Car-1,2008-11-05 02:57:27,116.402517,40.021383
Car-1,2008-11-05 02:57:29,116.402517,40.021383
Car-1,2008-11-05 02:57:31,116.402517,40.021383
Car-1,2008-11-05 02:57:33,116.402518,40.021383
Car-1,2008-11-05 02:57:35,116.402518,40.021383
Car-1,2008-11-05 02:57:37,116.402518,40.021383
Car-1,2008-11-05 02:57:39,116.402518,40.021383
Car-1,2008-11-05 02:57:41,116.402518,40.021383
Car-1,2008-11-05 02:57:43,116.402518,40.021383
Car-1,2008-11-05 02:57:45,116.402518,40.021383
Car-1,2008-11-05 02:57:47,116.402518,40.021383
Car-1,2008-11-05 02:57:49,116.402518,40.021383
Car-1,2008-11-05 02:57:51,116.402518,40.021383
Car-1,2008-11-05 02:57:53,116.402518,40.021383
Car-1,2008-11-05 02:57:55,116.402518,40.021383
Car-1,2008-11-05 02:57:57,116.402518,40.021383
Car-1,2008-11-05 02:57:59,116.402518,40.021383
Car-1,2008-11-05 02:58:01,116.402518,40.021383
Car-1,2008-11-05 02:58:03,116.402518,40.021383
Car-1,2008-11-05 02:58:05,116.402519,40.021384
Car-1,2008-11-05 02:58:07,116.402519,40.021384
Car-1,2008-11-05 02:58:09,116.402519,40.021384
Car-1,2008-11-05 02:58:11,116.402519,40.021384
Car-1,2008-11-05 02:58:13,116.402518,40.021384
Car-1,2008-11-05 02:58:15,116.402518,40.021384
Car-1,2008-11-05 02:58:17,116.402518,40.021382
Car-1,2008-11-05 02:58:19,116.402516,40.021285
Car-1,2008-11-05 02:58:21,116.402507,40.021137
Car-1,2008-11-05 02:58:23,116.402521,40.020969
Car-1,2008-11-05 02:58:25,116.402558,40.020832
Car-1,2008-11-05 02:58:27,116.402725,40.020751
Car-1,2008-11-05 02:58:29,116.402943,40.020727
Car-1,2008-11-05 02:58:31,116.403152,40.020711
Car-1,2008-11-05 02:58:33,116.403403,40.020707
Car-1,2008-11-05 02:58:35,116.403663,40.020708
Car-1,2008-11-05 02:58:37,116.40395,40.020705
Car-1,2008-11-05 02:58:39,116.404265,40.020698
Car-1,2008-11-05 02:58:41,116.404584,40.02069
Car-1,2008-11-05 02:58:43,116.404924,40.020688
Car-1,2008-11-05 02:58:45,116.405255,40.020684
Car-1,2008-11-05 02:58:47,116.405585,40.020676
Car-1,2008-11-05 02:58:49,116.405934,40.020669
Car-1,2008-11-05 02:58:51,116.406291,40.02066
Car-1,2008-11-05 02:58:53,116.406648,40.02066
Car-1,2008-11-05 02:58:55,116.406992,40.020657
Car-1,2008-11-05 02:58:57,116.407347,40.020653
Car-1,2008-11-05 02:58:59,116.407717,40.020645
Car-1,2008-11-05 02:59:01,116.408099,40.020633
Car-1,2008-11-05 02:59:03,116.408486,40.020632
Car-1,2008-11-05 02:59:05,116.40889,40.020635
Car-1,2008-11-05 02:59:07,116.40931,40.020644
Car-1,2008-11-05 02:59:09,116.409754,40.020651
Car-1,2008-11-05 02:59:11,116.4102,40.020649
Car-1,2008-11-05 02:59:13,116.410609,40.020646
Car-1,2008-11-05 02:59:15,116.41098,40.020654
Car-1,2008-11-05 02:59:17,116.411322,40.020673
Car-1,2008-11-05 02:59:19,116.411664,40.020686
Car-1,2008-11-05 02:59:21,116.41198,40.0207
Car-1,2008-11-05 02:59:23,116.412314,40.020713
Car-1,2008-11-05 02:59:25,116.412647,40.020732
Car-1,2008-11-05 02:59:27,116.412994,40.020735
Car-1,2008-11-05 02:59:29,116.413341,40.020748
Car-1,2008-11-05 02:59:31,116.413724,40.020756
Car-1,2008-11-05 02:59:33,116.414135,40.020761
Car-1,2008-11-05 02:59:35,116.414564,40.020761
Car-1,2008-11-05 02:59:37,116.415034,40.020756
Car-1,2008-11-05 02:59:39,116.415526,40.02075
Car-1,2008-11-05 02:59:41,116.41606,40.020745
Car-1,2008-11-05 02:59:43,116.416607,40.02074
Car-1,2008-11-05 02:59:45,116.41714,40.020735
Car-1,2008-11-05 02:59:47,116.4177,40.020733
Car-1,2008-11-05 02:59:49,116.418258,40.020727
Car-1,2008-11-05 02:59:51,116.418809,40.020724
Car-1,2008-11-05 02:59:53,116.419384,40.020717
Car-1,2008-11-05 02:59:55,116.419949,40.020698
Car-1,2008-11-05 02:59:57,116.4205,40.020673
Car-1,2008-11-05 02:59:59,116.421038,40.02066
Car-1,2008-11-05 03:00:01,116.421574,40.020654
Car-1,2008-11-05 03:00:03,116.422138,40.020656
Car-1,2008-11-05 03:00:05,116.422723,40.020658
Car-1,2008-11-05 03:00:07,116.423306,40.020648
Car-1,2008-11-05 03:00:09,116.42387,40.020641
Car-1,2008-11-05 03:00:11,116.424411,40.020638
Car-1,2008-11-05 03:00:13,116.424969,40.020634
Car-1,2008-11-05 03:00:15,116.425537,40.020631
Car-1,2008-11-05 03:00:17,116.426122,40.020618
Car-1,2008-11-05 03:00:19,116.426698,40.020617
Car-1,2008-11-05 03:00:21,116.427269,40.020605
Car-1,2008-11-05 03:00:23,116.427852,40.020589
Car-1,2008-11-05 03:00:25,116.428436,40.020554
Car-1,2008-11-05 03:00:27,116.429007,40.020503
Car-1,2008-11-05 03:00:29,116.429594,40.020434
Car-1,2008-11-05 03:00:31,116.430163,40.020355
Car-1,2008-11-05 03:00:33,116.430738,40.020273
Car-1,2008-11-05 03:00:35,116.431311,40.020175
Car-1,2008-11-05 03:00:37,116.43188,40.020058
Car-1,2008-11-05 03:00:39,116.432444,40.019928
Car-1,2008-11-05 03:00:41,116.432988,40.019789
Car-1,2008-11-05 03:00:43,116.433519,40.019637
Car-1,2008-11-05 03:00:45,116.434046,40.019472
Car-1,2008-11-05 03:00:47,116.434577,40.01931
Car-1,2008-11-05 03:00:49,116.435106,40.019149
Car-1,2008-11-05 03:00:51,116.435638,40.018989
Car-1,2008-11-05 03:00:53,116.436163,40.018838
Car-1,2008-11-05 03:00:55,116.436693,40.018679
Car-1,2008-11-05 03:00:57,116.437223,40.018521
Car-1,2008-11-05 03:00:59,116.437747,40.018365
Car-1,2008-11-05 03:01:01,116.438277,40.018209
Car-1,2008-11-05 03:01:03,116.438806,40.018052
Car-1,2008-11-05 03:01:05,116.439332,40.017893
Car-1,2008-11-05 03:01:07,116.439867,40.017736
Car-1,2008-11-05 03:01:09,116.440394,40.017579
Car-1,2008-11-05 03:01:11,116.4409,40.017429
Car-1,2008-11-05 03:01:13,116.441386,40.017274
Car-1,2008-11-05 03:01:15,116.441838,40.017135
Car-1,2008-11-05 03:01:17,116.442273,40.017
Car-1,2008-11-05 03:01:19,116.442689,40.016872
Car-1,2008-11-05 03:01:21,116.443106,40.016746
Car-1,2008-11-05 03:01:23,116.443492,40.016621
Car-1,2008-11-05 03:01:25,116.443864,40.016491
Car-1,2008-11-05 03:01:27,116.444225,40.01636
Car-1,2008-11-05 03:01:29,116.444582,40.016237
Car-1,2008-11-05 03:01:31,116.444944,40.016122
Car-1,2008-11-05 03:01:33,116.445294,40.016008
Car-1,2008-11-05 03:01:35,116.445628,40.015884
Car-1,2008-11-05 03:01:37,116.445942,40.01574
Car-1,2008-11-05 03:01:39,116.446233,40.015593
Car-1,2008-11-05 03:01:41,116.446483,40.015434
Car-1,2008-11-05 03:01:43,116.446713,40.015258
Car-1,2008-11-05 03:01:45,116.446894,40.015053
Car-1,2008-11-05 03:01:47,116.447037,40.014836
Car-1,2008-11-05 03:01:49,116.447165,40.014616
Car-1,2008-11-05 03:01:51,116.447286,40.014409
Car-1,2008-11-05 03:01:53,116.447396,40.014215
Car-1,2008-11-05 03:01:55,116.447524,40.014044
Car-1,2008-11-05 03:01:57,116.447662,40.013895
Car-1,2008-11-05 03:01:59,116.447828,40.013746
Car-1,2008-11-05 03:02:01,116.448005,40.013593
Car-1,2008-11-05 03:02:03,116.448161,40.013424
Car-1,2008-11-05 03:02:05,116.448294,40.013245
Car-1,2008-11-05 03:02:07,116.448381,40.013048
Car-1,2008-11-05 03:02:09,116.448417,40.012839
Car-1,2008-11-05 03:02:11,116.44841,40.012612
Car-1,2008-11-05 03:02:13,116.448356,40.012379
Car-1,2008-11-05 03:02:15,116.448284,40.012137
Car-1,2008-11-05 03:02:17,116.448192,40.011885
Car-1,2008-11-05 03:02:19,116.4481,40.011607
Car-1,2008-11-05 03:02:21,116.447998,40.011319
Car-1,2008-11-05 03:02:23,116.447903,40.011031
Car-1,2008-11-05 03:02:25,116.447832,40.010746
Car-1,2008-11-05 03:02:27,116.447757,40.010448
Car-1,2008-11-05 03:02:29,116.447675,40.010136
Car-1,2008-11-05 03:02:31,116.44759,40.009812
Car-1,2008-11-05 03:02:33,116.447489,40.009478
Car-1,2008-11-05 03:02:35,116.447381,40.009132
Car-1,2008-11-05 03:02:37,116.447272,40.008778
Car-1,2008-11-05 03:02:39,116.447152,40.008428
Car-1,2008-11-05 03:02:41,116.447048,40.008074
Car-1,2008-11-05 03:02:43,116.446944,40.00771
Car-1,2008-11-05 03:02:45,116.446833,40.007349
Car-1,2008-11-05 03:02:47,116.446727,40.006984
Car-1,2008-11-05 03:02:49,116.446606,40.006606
Car-1,2008-11-05 03:02:51,116.446487,40.006247
Car-1,2008-11-05 03:02:53,116.446362,40.005894
Car-1,2008-11-05 03:02:55,116.446242,40.005529
Car-1,2008-11-05 03:02:57,116.446121,40.005141
Car-1,2008-11-05 03:02:59,116.446,40.004745
Car-1,2008-11-05 03:03:01,116.445872,40.00434
Car-1,2008-11-05 03:03:03,116.445727,40.003903
Car-1,2008-11-05 03:03:05,116.445589,40.00349
Car-1,2008-11-05 03:03:07,116.44545,40.003065
Car-1,2008-11-05 03:03:09,116.445306,40.002629
Car-1,2008-11-05 03:03:11,116.445153,40.002182
Car-1,2008-11-05 03:03:13,116.44501,40.001739
Car-1,2008-11-05 03:03:15,116.444875,40.001312
Car-1,2008-11-05 03:03:17,116.444744,40.000897
Car-1,2008-11-05 03:03:19,116.44461,40.000493
Car-1,2008-11-05 03:03:21,116.444474,40.000106
Car-1,2008-11-05 03:03:23,116.444341,39.999719
Car-1,2008-11-05 03:03:25,116.444192,39.999325
Car-1,2008-11-05 03:03:27,116.444038,39.998955
Car-1,2008-11-05 03:03:29,116.44387,39.998585
Car-1,2008-11-05 03:03:31,116.443683,39.998209
Car-1,2008-11-05 03:03:33,116.443464,39.997834
Car-1,2008-11-05 03:03:35,116.443235,39.997452
Car-1,2008-11-05 03:03:37,116.442993,39.997058
Car-1,2008-11-05 03:03:39,116.442725,39.996655
Car-1,2008-11-05 03:03:41,116.442461,39.99624
Car-1,2008-11-05 03:03:43,116.442205,39.995833
Car-1,2008-11-05 03:03:45,116.441955,39.995445
Car-1,2008-11-05 03:03:47,116.441702,39.995063
Car-1,2008-11-05 03:03:49,116.441443,39.99467
Car-1,2008-11-05 03:03:51,116.441187,39.994267
Car-1,2008-11-05 03:03:53,116.440938,39.993877
Car-1,2008-11-05 03:03:55,116.440685,39.99348
Car-1,2008-11-05 03:03:57,116.440417,39.993077
Car-1,2008-11-05 03:03:59,116.440157,39.992672
Car-1,2008-11-05 03:04:01,116.439894,39.992284
Car-1,2008-11-05 03:04:03,116.439636,39.991881
Car-1,2008-11-05 03:04:05,116.439375,39.991472
Car-1,2008-11-05 03:04:07,116.439119,39.991085
Car-1,2008-11-05 03:04:09,116.438862,39.990686
Car-1,2008-11-05 03:04:11,116.438599,39.990283
Car-1,2008-11-05 03:04:13,116.438329,39.989875
Car-1,2008-11-05 03:04:15,116.438067,39.989474
Car-1,2008-11-05 03:04:17,116.437804,39.989072
Car-1,2008-11-05 03:04:19,116.437532,39.988649
Car-1,2008-11-05 03:04:21,116.437267,39.988223
Car-1,2008-11-05 03:04:23,116.436989,39.987787
Car-1,2008-11-05 03:04:25,116.436715,39.987364
Car-1,2008-11-05 03:04:27,116.436455,39.986959
Car-1,2008-11-05 03:04:29,116.436202,39.986565
Car-1,2008-11-05 03:04:31,116.435954,39.986172
Car-1,2008-11-05 03:04:33,116.435698,39.985776
Car-1,2008-11-05 03:04:35,116.435437,39.985384
Car-1,2008-11-05 03:04:37,116.435165,39.984982
Car-1,2008-11-05 03:04:39,116.434897,39.984574
Car-1,2008-11-05 03:04:41,116.434615,39.984163
Car-1,2008-11-05 03:04:43,116.43434,39.983765
Car-1,2008-11-05 03:04:45,116.434083,39.983383
Car-1,2008-11-05 03:04:47,116.433838,39.983019
Car-1,2008-11-05 03:04:49,116.433614,39.98267
Car-1,2008-11-05 03:04:51,116.433387,39.982335
Car-1,2008-11-05 03:04:53,116.433167,39.982013
Car-1,2008-11-05 03:04:55,116.432961,39.981703
Car-1,2008-11-05 03:04:57,116.432768,39.9814
Car-1,2008-11-05 03:04:59,116.432578,39.981101
Car-1,2008-11-05 03:05:01,116.43239,39.980817
Car-1,2008-11-05 03:05:03,116.432211,39.980545
Car-1,2008-11-05 03:05:05,116.432028,39.980273
Car-1,2008-11-05 03:05:07,116.431844,39.979999
Car-1,2008-11-05 03:05:09,116.431653,39.979725
Car-1,2008-11-05 03:05:11,116.431467,39.97945
Car-1,2008-11-05 03:05:13,116.431275,39.979168
Car-1,2008-11-05 03:05:15,116.431081,39.978883
Car-1,2008-11-05 03:05:17,116.430884,39.978588
Car-1,2008-11-05 03:05:19,116.430686,39.978311
Car-1,2008-11-05 03:05:21,116.430479,39.978042
Car-1,2008-11-05 03:05:23,116.43028,39.977774
Car-1,2008-11-05 03:05:25,116.430083,39.977513
Car-1,2008-11-05 03:05:27,116.429884,39.977266
Car-1,2008-11-05 03:05:29,116.4297,39.977025
Car-1,2008-11-05 03:05:31,116.42952,39.976767
Car-1,2008-11-05 03:05:33,116.429349,39.97651
Car-1,2008-11-05 03:05:35,116.429176,39.976259
Car-1,2008-11-05 03:05:37,116.428988,39.976015
Car-1,2008-11-05 03:05:39,116.428817,39.975755
Car-1,2008-11-05 03:05:41,116.428656,39.975498
Car-1,2008-11-05 03:05:43,116.428492,39.975248
Car-1,2008-11-05 03:05:45,116.428322,39.974997
Car-1,2008-11-05 03:05:47,116.428156,39.974739
Car-1,2008-11-05 03:05:49,116.427999,39.974486
Car-1,2008-11-05 03:05:51,116.427844,39.974228
Car-1,2008-11-05 03:05:53,116.427692,39.973975
Car-1,2008-11-05 03:05:55,116.42753,39.973729
Car-1,2008-11-05 03:05:57,116.427377,39.973494
Car-1,2008-11-05 03:05:59,116.427216,39.973262
Car-1,2008-11-05 03:06:01,116.427053,39.973029
Car-1,2008-11-05 03:06:03,116.426899,39.972796
Car-1,2008-11-05 03:06:05,116.426741,39.972559
Car-1,2008-11-05 03:06:07,116.426583,39.972331
Car-1,2008-11-05 03:06:09,116.426427,39.972107
Car-1,2008-11-05 03:06:11,116.426286,39.971897
Car-1,2008-11-05 03:06:13,116.426149,39.971706
Car-1,2008-11-05 03:06:15,116.426037,39.971543
Car-1,2008-11-05 03:06:17,116.425927,39.971436
Car-1,2008-11-05 03:06:19,116.425806,39.971375
Car-1,2008-11-05 03:06:21,116.425727,39.971352
Car-1,2008-11-05 03:06:23,116.425659,39.971343
Car-1,2008-11-05 03:06:25,116.425564,39.971342
Car-1,2008-11-05 03:06:27,116.425465,39.971334
Car-1,2008-11-05 03:06:29,116.425344,39.971322
Car-1,2008-11-05 03:06:31,116.425204,39.971308
Car-1,2008-11-05 03:06:33,116.425059,39.971309
Car-1,2008-11-05 03:06:35,116.424912,39.971349
Car-1,2008-11-05 03:06:37,116.424802,39.971342
Car-1,2008-11-05 03:06:39,116.424736,39.971339
Car-1,2008-11-05 03:06:41,116.424691,39.971328
Car-1,2008-11-05 03:06:43,116.424665,39.97133
Car-1,2008-11-05 03:06:45,116.424636,39.971336
Car-1,2008-11-05 03:06:47,116.424572,39.971364
Car-1,2008-11-05 03:06:49,116.424503,39.971393
Car-1,2008-11-05 03:06:51,116.424414,39.971457
Car-1,2008-11-05 03:06:53,116.424302,39.971497
Car-1,2008-11-05 03:06:55,116.424179,39.971503
Car-1,2008-11-05 03:06:57,116.424046,39.9715
Car-1,2008-11-05 03:06:59,116.423909,39.971493
Car-1,2008-11-05 03:07:01,116.423784,39.971486
Car-1,2008-11-05 03:07:03,116.423654,39.971483
Car-1,2008-11-05 03:07:05,116.423529,39.971488
Car-1,2008-11-05 03:07:07,116.423421,39.971495
Car-1,2008-11-05 03:07:09,116.423346,39.971495
Car-1,2008-11-05 03:07:11,116.423274,39.971492
Car-1,2008-11-05 03:07:13,116.423199,39.971487
Car-1,2008-11-05 03:07:15,116.423131,39.971495
Car-1,2008-11-05 03:07:17,116.42305,39.971491
Car-1,2008-11-05 03:07:19,116.422971,39.971479
Car-1,2008-11-05 03:07:21,116.422914,39.971468
Car-1,2008-11-05 03:07:23,116.422884,39.971446
Car-1,2008-11-05 03:07:25,116.422864,39.971409
Car-1,2008-11-05 03:07:27,116.422862,39.97136
Car-1,2008-11-05 03:07:29,116.422871,39.971277
Car-1,2008-11-05 03:07:31,116.422856,39.971092
Car-1,2008-11-05 03:07:33,116.422844,39.970954
Car-1,2008-11-05 03:07:35,116.42285,39.970839
Car-1,2008-11-05 03:07:37,116.422857,39.970724
Car-1,2008-11-05 03:07:39,116.422852,39.970627
Car-1,2008-11-05 03:07:41,116.422856,39.970541
Car-1,2008-11-05 03:07:43,116.422869,39.970443
Car-1,2008-11-05 03:07:45,116.422861,39.970346
Car-1,2008-11-05 03:07:47,116.422853,39.970241
Car-1,2008-11-05 03:07:49,116.422886,39.970153
Car-1,2008-11-05 03:07:51,116.42289,39.97008
Car-1,2008-11-05 03:07:53,116.422874,39.970027
Car-1,2008-11-05 03:07:55,116.422877,39.96999
Car-1,2008-11-05 03:07:57,116.422913,39.969925
Car-1,2008-11-05 03:07:59,116.422919,39.969881
Car-1,2008-11-05 03:08:01,116.422918,39.969826
Car-1,2008-11-05 03:08:03,116.422929,39.969765
Car-1,2008-11-05 03:08:05,116.422927,39.969691
Car-1,2008-11-05 03:08:07,116.4229,39.96961
Car-1,2008-11-05 03:08:09,116.422896,39.96956
Car-1,2008-11-05 03:08:11,116.422903,39.969518
Car-1,2008-11-05 03:08:13,116.422887,39.969416
Car-1,2008-11-05 03:08:15,116.42284,39.969369
Car-1,2008-11-05 03:08:17,116.422766,39.969335
Car-1,2008-11-05 03:08:19,116.42268,39.96931
Car-1,2008-11-05 03:08:21,116.422568,39.96929
Car-1,2008-11-05 03:08:23,116.422454,39.969267
Car-1,2008-11-05 03:08:25,116.422362,39.969246
Car-1,2008-11-05 03:08:27,116.422247,39.969236
Car-1,2008-11-05 03:08:29,116.422113,39.969226
Car-1,2008-11-05 03:08:31,116.421976,39.969209
Car-1,2008-11-05 03:08:33,116.42182,39.969208
Car-1,2008-11-05 03:08:35,116.421673,39.969212
Car-1,2008-11-05 03:08:37,116.421529,39.969218
Car-1,2008-11-05 03:08:39,116.421368,39.969234
Car-1,2008-11-05 03:08:41,116.421212,39.969242
Car-1,2008-11-05 03:08:43,116.42106,39.969246
Car-1,2008-11-05 03:08:45,116.420896,39.969264
Car-1,2008-11-05 03:08:47,116.420727,39.969266
Car-1,2008-11-05 03:08:49,116.420548,39.969282
Car-1,2008-11-05 03:08:51,116.420378,39.969278
Car-1,2008-11-05 03:08:53,116.420218,39.969282
Car-1,2008-11-05 03:08:55,116.420089,39.969309
Car-1,2008-11-05 03:08:57,116.420009,39.969262
Car-1,2008-11-05 03:08:59,116.419972,39.969227
Car-1,2008-11-05 03:09:01,116.419915,39.969178
Car-1,2008-11-05 03:09:03,116.419914,39.969133
Car-1,2008-11-05 03:09:05,116.419907,39.96907
Car-1,2008-11-05 03:11:39,116.419875,39.96918
Car-1,2008-11-05 03:11:55,116.419271,39.969765
Car-1,2008-11-05 03:11:57,116.419275,39.969761
Car-1,2008-11-05 03:11:59,116.419278,39.96976
Car-1,2008-11-05 03:12:01,116.419298,39.969783
Car-1,2008-11-05 03:12:03,116.419327,39.969801
Car-1,2008-11-05 03:12:05,116.419354,39.969755
Car-1,2008-11-05 03:12:07,116.419372,39.969681
Car-1,2008-11-05 03:12:09,116.419381,39.969596
Car-1,2008-11-05 03:12:11,116.419383,39.969514
Car-1,2008-11-05 03:12:13,116.419376,39.969457
Car-1,2008-11-05 03:12:15,116.419381,39.969407
Car-1,2008-11-05 03:12:17,116.419389,39.969359
Car-1,2008-11-05 03:12:19,116.419406,39.969312
Car-1,2008-11-05 03:12:21,116.419413,39.969284
Car-1,2008-11-05 03:12:23,116.419417,39.969257
Car-1,2008-11-05 03:12:25,116.419414,39.969236
Car-1,2008-11-05 03:12:27,116.41941,39.969221
Car-1,2008-11-05 03:12:29,116.419399,39.969218
Car-1,2008-11-05 03:12:31,116.4194,39.969207
Car-1,2008-11-05 03:12:33,116.419397,39.969185
Car-1,2008-11-05 03:12:35,116.419404,39.969171
Car-1,2008-11-05 03:12:37,116.419406,39.969147
Car-1,2008-11-05 03:12:39,116.419404,39.969121
Car-1,2008-11-05 03:12:41,116.419403,39.969104
Car-1,2008-11-05 03:12:43,116.419403,39.969096
Car-1,2008-11-05 03:12:45,116.419389,39.969095
Car-1,2008-11-05 03:12:47,116.419355,39.969093
Car-1,2008-11-05 03:12:49,116.419349,39.969095
Car-1,2008-11-05 03:12:51,116.419334,39.969096
Car-1,2008-11-05 03:12:53,116.419328,39.969108
Car-1,2008-11-05 03:12:55,116.419313,39.969115
Car-1,2008-11-05 03:12:57,116.419315,39.969116
Car-1,2008-11-05 03:12:59,116.419315,39.969112
Car-1,2008-11-05 03:13:01,116.419315,39.969109
Car-1,2008-11-05 03:13:03,116.419328,39.969101
Car-1,2008-11-05 03:13:05,116.419332,39.969093
Car-1,2008-11-05 03:13:07,116.419332,39.969078
Car-1,2008-11-05 03:13:09,116.419319,39.969058
Car-1,2008-11-05 03:13:11,116.419293,39.96903
Car-1,2008-11-05 03:13:13,116.419263,39.969011
Car-1,2008-11-05 03:13:15,116.419237,39.968995
Car-1,2008-11-05 03:13:17,116.41923,39.968985
Car-1,2008-11-05 03:13:19,116.419206,39.968974
Car-1,2008-11-05 03:13:21,116.419181,39.968964
Car-1,2008-11-05 03:13:23,116.419194,39.968983
Car-1,2008-11-05 03:13:25,116.419218,39.969004
Car-1,2008-11-05 03:13:27,116.419219,39.969004
Car-1,2008-11-05 03:13:29,116.419219,39.969005
Car-1,2008-11-05 03:13:31,116.419219,39.969005
Car-1,2008-11-05 03:13:33,116.419219,39.969006
Car-1,2008-11-05 03:13:35,116.419219,39.969008
Car-1,2008-11-05 03:13:37,116.419219,39.96901
Car-1,2008-11-05 03:13:39,116.419219,39.969011
Car-1,2008-11-05 03:13:41,116.419219,39.969011
Car-1,2008-11-05 03:13:43,116.419221,39.96901
Car-1,2008-11-05 03:13:45,116.41923,39.969012
Car-1,2008-11-05 03:13:47,116.419234,39.969012
Car-1,2008-11-05 03:13:49,116.419237,39.969013
Car-1,2008-11-05 03:13:51,116.419238,39.969014
Car-1,2008-11-05 03:13:53,116.419242,39.969018
Car-1,2008-11-05 03:13:55,116.419341,39.96907
Car-1,2008-11-05 03:13:57,116.419399,39.969108
Car-1,2008-11-05 03:13:59,116.41949,39.969152
Car-1,2008-11-05 03:14:01,116.41951,39.969161
Car-1,2008-11-05 03:14:03,116.419532,39.969162
Car-1,2008-11-05 03:14:05,116.419543,39.969164
Car-1,2008-11-05 03:14:07,116.419544,39.969167
Car-1,2008-11-05 03:14:09,116.419545,39.969168
Car-1,2008-11-05 03:14:11,116.419545,39.969169
Car-1,2008-11-05 03:14:13,116.419546,39.969168
Car-1,2008-11-05 03:14:15,116.419547,39.969164
Car-1,2008-11-05 03:14:17,116.419577,39.969138
Car-1,2008-11-05 03:14:19,116.419615,39.969114
Car-1,2008-11-05 03:14:21,116.419664,39.969088
Car-1,2008-11-05 03:14:23,116.419716,39.969062
Car-1,2008-11-05 03:14:25,116.419772,39.969042
Car-1,2008-11-05 03:14:27,116.419814,39.969022
Car-1,2008-11-05 03:14:29,116.419861,39.969001
Car-1,2008-11-05 03:14:31,116.419901,39.968944
Car-1,2008-11-05 03:14:33,116.419905,39.968941
Car-1,2008-11-05 03:14:35,116.419895,39.968935
Car-1,2008-11-05 03:14:37,116.419875,39.968926
Car-1,2008-11-05 03:14:39,116.419836,39.96895
Car-1,2008-11-05 03:14:41,116.419769,39.969042
Car-1,2008-11-05 03:14:43,116.419734,39.969066
Car-1,2008-11-05 03:14:45,116.419732,39.969068
Car-1,2008-11-05 03:14:47,116.419731,39.969071
Car-1,2008-11-05 03:14:49,116.419722,39.969077
Car-1,2008-11-05 03:14:51,116.419715,39.969066
Car-1,2008-11-05 03:14:53,116.41972,39.969054
Car-1,2008-11-05 03:14:55,116.41972,39.969055
Car-1,2008-11-05 03:14:57,116.419721,39.969056
Car-1,2008-11-05 03:14:59,116.419721,39.969056
Car-1,2008-11-05 03:15:01,116.419722,39.969057
Car-1,2008-11-05 03:15:03,116.419722,39.96906
Car-1,2008-11-05 03:15:05,116.419727,39.969071
Car-1,2008-11-05 03:15:07,116.419729,39.969097
Car-1,2008-11-05 03:15:09,116.419724,39.969126
Car-1,2008-11-05 03:15:11,116.419715,39.969144
Car-1,2008-11-05 03:15:13,116.419705,39.969157
Car-1,2008-11-05 03:15:27,116.4209,39.969555
Car-1,2008-11-05 03:15:29,116.420894,39.969549
Car-1,2008-11-05 03:15:31,116.420894,39.969545
Car-1,2008-11-05 03:15:33,116.420765,39.96944
Car-1,2008-11-05 03:15:35,116.420576,39.96933
Car-1,2008-11-05 03:15:37,116.420481,39.969302
Car-1,2008-11-05 03:15:39,116.42046,39.96931
Car-1,2008-11-05 03:15:41,116.42046,39.969306
Car-1,2008-11-05 03:15:43,116.420397,39.969345
Car-1,2008-11-05 03:15:45,116.42035,39.969364
Car-1,2008-11-05 03:15:47,116.420347,39.969359
Car-1,2008-11-05 03:15:49,116.420229,39.969321
Car-1,2008-11-05 03:15:51,116.420101,39.969259
Car-1,2008-11-05 03:15:53,116.420034,39.969219
Car-1,2008-11-05 03:15:55,116.419993,39.969187
Car-1,2008-11-05 03:15:57,116.419943,39.969152
Car-1,2008-11-05 03:15:59,116.419912,39.969125
Car-1,2008-11-05 03:16:01,116.419889,39.9691
Car-1,2008-11-05 03:16:03,116.41987,39.969072
Car-1,2008-11-05 03:16:05,116.419862,39.969041
Car-1,2008-11-05 03:16:07,116.419857,39.969011
Car-1,2008-11-05 03:16:09,116.419859,39.968976
Car-1,2008-11-05 03:16:11,116.419873,39.968935
Car-1,2008-11-05 03:16:13,116.419862,39.968899
Car-1,2008-11-05 03:16:15,116.419821,39.968866
Car-1,2008-11-05 03:16:17,116.419784,39.968826
Car-1,2008-11-05 03:16:19,116.419736,39.968776
Car-1,2008-11-05 03:16:21,116.419692,39.968735
Car-1,2008-11-05 03:16:23,116.419641,39.968696
Car-1,2008-11-05 03:16:25,116.41959,39.968663
Car-1,2008-11-05 03:16:27,116.419546,39.968627
Car-1,2008-11-05 03:16:29,116.419506,39.968584
Car-1,2008-11-05 03:16:31,116.419471,39.968552
Car-1,2008-11-05 03:16:33,116.419461,39.968515
Car-1,2008-11-05 03:16:35,116.419476,39.968523
Car-1,2008-11-05 03:16:37,116.419499,39.96854
Car-1,2008-11-05 03:16:39,116.419514,39.968559
Car-1,2008-11-05 03:16:41,116.419535,39.968589
Car-1,2008-11-05 03:16:43,116.419579,39.968612
Car-1,2008-11-05 03:16:45,116.419654,39.968651
Car-1,2008-11-05 03:16:47,116.419696,39.968689
Car-1,2008-11-05 03:16:49,116.419729,39.968717
Car-1,2008-11-05 03:16:51,116.419758,39.968733
Car-1,2008-11-05 03:16:53,116.419797,39.968744
Car-1,2008-11-05 03:17:03,116.419649,39.968968
Car-1,2008-11-05 03:17:05,116.419642,39.968987
Car-1,2008-11-05 03:17:07,116.419658,39.968943
Car-1,2008-11-05 03:17:09,116.419652,39.968927
Car-1,2008-11-05 03:17:11,116.419661,39.96894
Car-1,2008-11-05 03:17:13,116.419682,39.968954
Car-1,2008-11-05 03:17:15,116.419875,39.96891
Car-1,2008-11-05 03:17:17,116.419898,39.96894
Car-1,2008-11-05 03:17:19,116.419952,39.968965
Car-1,2008-11-05 03:17:21,116.419985,39.968982
Car-1,2008-11-05 03:17:23,116.42004,39.96897
Car-1,2008-11-05 03:17:25,116.420051,39.968976
Car-1,2008-11-05 03:17:27,116.420041,39.969005
Car-1,2008-11-05 03:17:29,116.420051,39.969024
Car-1,2008-11-05 03:17:31,116.420061,39.969026
Car-1,2008-11-05 03:17:33,116.420066,39.96902
Car-1,2008-11-05 03:17:35,116.420078,39.969025
Car-1,2008-11-05 03:17:37,116.420096,39.969025
Car-1,2008-11-05 03:17:39,116.420091,39.969019
Car-1,2008-11-05 03:17:41,116.420091,39.969015
Car-1,2008-11-05 03:17:43,116.420091,39.969011
Car-1,2008-11-05 03:17:45,116.420093,39.969014
Car-1,2008-11-05 03:17:47,116.420083,39.969015
Car-1,2008-11-05 03:17:49,116.42008,39.969048
Car-1,2008-11-05 03:17:51,116.420031,39.969097
Car-1,2008-11-05 03:17:53,116.420029,39.96912
Car-1,2008-11-05 03:17:55,116.420001,39.969181
Car-1,2008-11-05 03:17:57,116.41999,39.969225
Car-1,2008-11-05 03:17:59,116.419968,39.969252
Car-1,2008-11-05 03:18:01,116.419935,39.969288
Car-1,2008-11-05 03:18:03,116.419905,39.969326
Car-1,2008-11-05 03:18:05,116.419886,39.969362
Car-1,2008-11-05 03:18:07,116.419865,39.969399
Car-1,2008-11-05 03:18:09,116.419837,39.969456
Car-1,2008-11-05 03:18:11,116.41982,39.969499
Car-1,2008-11-05 03:18:13,116.419863,39.969554
Car-1,2008-11-05 03:18:15,116.41989,39.969617
Car-1,2008-11-05 03:18:17,116.419878,39.969671
Car-1,2008-11-05 03:18:19,116.419861,39.969695
Car-1,2008-11-05 03:18:21,116.419872,39.969705
Car-1,2008-11-05 03:18:23,116.419876,39.969675
Car-1,2008-11-05 03:18:25,116.419883,39.969643
Car-1,2008-11-05 03:18:27,116.4199,39.969616
Car-1,2008-11-05 03:18:29,116.419923,39.96958
Car-1,2008-11-05 03:18:31,116.419919,39.969548
Car-1,2008-11-05 03:18:33,116.419921,39.969504
Car-1,2008-11-05 03:18:35,116.419936,39.969463
Car-1,2008-11-05 03:18:37,116.41993,39.969409
Car-1,2008-11-05 03:18:39,116.419946,39.969361
Car-1,2008-11-05 03:18:41,116.419954,39.969321
Car-1,2008-11-05 03:18:43,116.41998,39.969282
Car-1,2008-11-05 03:18:45,116.419994,39.969226
Car-1,2008-11-05 03:18:47,116.419982,39.969186
Car-1,2008-11-05 03:18:49,116.419978,39.969129
Car-1,2008-11-05 03:18:51,116.41999,39.969089
Car-1,2008-11-05 03:18:53,116.419987,39.969034
Car-1,2008-11-05 03:18:55,116.419975,39.968982
Car-1,2008-11-05 03:18:57,116.419965,39.968947
Car-1,2008-11-05 03:18:59,116.419967,39.968932
Car-1,2008-11-05 03:19:01,116.419964,39.968921
Car-1,2008-11-05 03:19:03,116.419959,39.968918
Car-1,2008-11-05 03:19:05,116.41996,39.968914
Car-1,2008-11-05 03:19:07,116.419955,39.968917
Car-1,2008-11-05 03:19:09,116.419956,39.968921
Car-1,2008-11-05 03:19:11,116.419956,39.968924
Car-1,2008-11-05 03:19:13,116.419985,39.968915
Car-1,2008-11-05 03:19:15,116.420046,39.968917
Car-1,2008-11-05 03:19:17,116.42008,39.968933
Car-1,2008-11-05 03:19:19,116.420049,39.968994
Car-1,2008-11-05 03:19:21,116.420029,39.969043
Car-1,2008-11-05 03:19:23,116.419998,39.969098
Car-1,2008-11-05 03:19:25,116.419966,39.969152
Car-1,2008-11-05 03:19:27,116.419972,39.969195
Car-1,2008-11-05 03:19:29,116.419949,39.969243
Car-1,2008-11-05 03:19:31,116.419916,39.969284
Car-1,2008-11-05 03:19:33,116.419895,39.969314
Car-1,2008-11-05 03:19:35,116.419887,39.969345
Car-1,2008-11-05 03:19:37,116.419872,39.969393
Car-1,2008-11-05 03:19:39,116.41985,39.969459
Car-1,2008-11-05 03:19:41,116.419843,39.96951
Car-1,2008-11-05 03:19:43,116.419871,39.969603
Car-1,2008-11-05 03:19:45,116.419877,39.969661
Car-1,2008-11-05 03:19:47,116.419869,39.969696
Car-1,2008-11-05 03:19:49,116.419862,39.969737
Car-1,2008-11-05 03:19:51,116.419853,39.969823
Car-1,2008-11-05 03:19:53,116.419868,39.969881
Car-1,2008-11-05 03:19:55,116.419865,39.96993
Car-1,2008-11-05 03:19:57,116.419862,39.969966
Car-1,2008-11-05 03:19:59,116.419875,39.970031
Car-1,2008-11-05 03:20:01,116.41987,39.970094
Car-1,2008-11-05 03:20:03,116.419841,39.970174
Car-1,2008-11-05 03:20:05,116.419788,39.970219
Car-1,2008-11-05 03:20:07,116.41973,39.970227
Car-1,2008-11-05 03:20:09,116.419685,39.970226
Car-1,2008-11-05 03:20:11,116.419632,39.970226
Car-1,2008-11-05 03:20:13,116.419569,39.970231
Car-1,2008-11-05 03:20:15,116.419535,39.970243
Car-1,2008-11-05 03:20:17,116.41947,39.970268
Car-1,2008-11-05 03:20:19,116.419399,39.970279
Car-1,2008-11-05 03:20:21,116.419329,39.970293
Car-1,2008-11-05 03:20:23,116.419274,39.970297
Car-1,2008-11-05 03:20:25,116.419205,39.970301
Car-1,2008-11-05 03:20:27,116.419073,39.970309
Car-1,2008-11-05 03:20:29,116.419017,39.970302
Car-1,2008-11-05 03:20:31,116.418946,39.970294
Car-1,2008-11-05 03:20:33,116.418899,39.970296
Car-1,2008-11-05 03:20:35,116.418846,39.970308
Car-1,2008-11-05 03:20:37,116.418805,39.970307
Car-1,2008-11-05 03:20:39,116.41878,39.970324
Car-1,2008-11-05 03:20:41,116.418748,39.970347
Car-1,2008-11-05 03:20:43,116.418713,39.970385
Car-1,2008-11-05 03:20:45,116.418713,39.970416
Car-1,2008-11-05 03:20:47,116.418705,39.970457
Car-1,2008-11-05 03:20:49,116.418684,39.970493
Car-1,2008-11-05 03:20:51,116.418669,39.970537
Car-1,2008-11-05 03:20:53,116.418671,39.97057
Car-1,2008-11-05 03:20:55,116.418672,39.970612
Car-1,2008-11-05 03:20:57,116.418675,39.97066
Car-1,2008-11-05 03:20:59,116.41867,39.970702
Car-1,2008-11-05 03:21:01,116.418649,39.970744
Car-1,2008-11-05 03:21:03,116.418631,39.97082
Car-1,2008-11-05 03:21:05,116.418622,39.970883
Car-1,2008-11-05 03:21:07,116.418631,39.970931
Car-1,2008-11-05 03:21:09,116.418632,39.970974
Car-1,2008-11-05 03:21:11,116.418614,39.971025
Car-1,2008-11-05 03:21:13,116.418623,39.9711
Car-1,2008-11-05 03:21:15,116.418636,39.971136
Car-1,2008-11-05 03:21:17,116.418659,39.97117
Car-1,2008-11-05 03:21:19,116.418649,39.971218
Car-1,2008-11-05 03:21:21,116.418632,39.971265
Car-1,2008-11-05 03:21:23,116.418631,39.971313
Car-1,2008-11-05 03:21:25,116.418623,39.97136
Car-1,2008-11-05 03:21:27,116.418617,39.971419
Car-1,2008-11-05 03:21:29,116.418603,39.971472
Car-1,2008-11-05 03:21:31,116.418608,39.971518
Car-1,2008-11-05 03:21:33,116.418608,39.971576
Car-1,2008-11-05 03:21:35,116.418602,39.971637
Car-1,2008-11-05 03:21:37,116.418615,39.971703
Car-1,2008-11-05 03:21:39,116.418609,39.971762
Car-1,2008-11-05 03:21:41,116.418611,39.971825
Car-1,2008-11-05 03:21:43,116.418627,39.971866
Car-1,2008-11-05 03:21:45,116.418622,39.971934
Car-1,2008-11-05 03:21:47,116.418614,39.971979
Car-1,2008-11-05 03:21:49,116.418616,39.972023
Car-1,2008-11-05 03:21:51,116.418615,39.97207
Car-1,2008-11-05 03:21:53,116.418622,39.972111
Car-1,2008-11-05 03:21:55,116.418615,39.972166
Car-1,2008-11-05 03:21:57,116.418619,39.972217
Car-1,2008-11-05 03:21:59,116.418592,39.972296
Car-1,2008-11-05 03:22:01,116.418585,39.972347
Car-1,2008-11-05 03:22:03,116.41858,39.972406
Car-1,2008-11-05 03:22:05,116.418577,39.972448
Car-1,2008-11-05 03:22:07,116.418566,39.9725
Car-1,2008-11-05 03:22:09,116.418554,39.972551
Car-1,2008-11-05 03:22:11,116.418551,39.97259
Car-1,2008-11-05 03:22:13,116.41854,39.972638
Car-1,2008-11-05 03:22:15,116.418548,39.9727
Car-1,2008-11-05 03:22:17,116.418542,39.972766
Car-1,2008-11-05 03:22:19,116.418561,39.972811
Car-1,2008-11-05 03:22:21,116.418569,39.972865
Car-1,2008-11-05 03:22:23,116.418561,39.9729
Car-1,2008-11-05 03:22:25,116.418562,39.972932
Car-1,2008-11-05 03:22:27,116.418563,39.972953
Car-1,2008-11-05 03:22:29,116.418563,39.972978
Car-1,2008-11-05 03:22:31,116.418552,39.973007
Car-1,2008-11-05 03:22:33,116.418534,39.973045
Car-1,2008-11-05 03:22:35,116.418527,39.973068
Car-1,2008-11-05 03:22:37,116.41852,39.97314
Car-1,2008-11-05 03:22:39,116.418517,39.973183
Car-1,2008-11-05 03:22:41,116.418505,39.97322
Car-1,2008-11-05 03:22:43,116.418497,39.973286
Car-1,2008-11-05 03:22:45,116.418483,39.973334
Car-1,2008-11-05 03:22:47,116.418486,39.973393
Car-1,2008-11-05 03:22:49,116.41848,39.973448
Car-1,2008-11-05 03:22:51,116.418497,39.973533
Car-1,2008-11-05 03:22:53,116.418542,39.973618
Car-1,2008-11-05 03:22:55,116.41854,39.973683
Car-1,2008-11-05 03:22:57,116.41855,39.97374
Car-1,2008-11-05 03:22:59,116.418537,39.973799
Car-1,2008-11-05 03:23:01,116.418541,39.973853
Car-1,2008-11-05 03:23:03,116.418537,39.973886
Car-1,2008-11-05 03:23:05,116.418544,39.973931
Car-1,2008-11-05 03:23:07,116.418565,39.973985
Car-1,2008-11-05 03:23:09,116.418568,39.974062
Car-1,2008-11-05 03:23:11,116.418572,39.974119
Car-1,2008-11-05 03:23:13,116.418551,39.974185
Car-1,2008-11-05 03:23:15,116.418541,39.974246
Car-1,2008-11-05 03:23:17,116.41854,39.974297
Car-1,2008-11-05 03:23:19,116.418541,39.974347
Car-1,2008-11-05 03:23:21,116.418535,39.974404
Car-1,2008-11-05 03:23:23,116.41853,39.974465
Car-1,2008-11-05 03:23:25,116.418535,39.97452
Car-1,2008-11-05 03:23:27,116.418544,39.974563
Car-1,2008-11-05 03:23:29,116.418533,39.974616
Car-1,2008-11-05 03:23:31,116.418524,39.974683
Car-1,2008-11-05 03:23:33,116.418527,39.974745
Car-1,2008-11-05 03:23:35,116.418527,39.974809
Car-1,2008-11-05 03:23:37,116.418522,39.974867
Car-1,2008-11-05 03:23:39,116.418521,39.974928
Car-1,2008-11-05 03:23:41,116.418518,39.974986
Car-1,2008-11-05 03:23:43,116.418515,39.975039
Car-1,2008-11-05 03:23:45,116.418517,39.975095
Car-1,2008-11-05 03:23:47,116.418516,39.97515
Car-1,2008-11-05 03:23:49,116.418515,39.975205
Car-1,2008-11-05 03:23:51,116.418515,39.97527
Car-1,2008-11-05 03:23:53,116.418521,39.975334
Car-1,2008-11-05 03:23:55,116.41852,39.975398
Car-1,2008-11-05 03:23:57,116.418521,39.975455
Car-1,2008-11-05 03:23:59,116.418496,39.975522
Car-1,2008-11-05 03:24:01,116.418495,39.975583
Car-1,2008-11-05 03:24:03,116.418498,39.975644
Car-1,2008-11-05 03:24:05,116.418496,39.975706
Car-1,2008-11-05 03:24:07,116.418494,39.975768
Car-1,2008-11-05 03:24:09,116.418475,39.975826
Car-1,2008-11-05 03:24:11,116.418465,39.975872
Car-1,2008-11-05 03:24:13,116.418464,39.975932
Car-1,2008-11-05 03:24:15,116.418475,39.975989
Car-1,2008-11-05 03:24:17,116.418466,39.976057
Car-1,2008-11-05 03:24:19,116.418464,39.976115
Car-1,2008-11-05 03:24:21,116.418462,39.976172
Car-1,2008-11-05 03:24:23,116.418457,39.976237
Car-1,2008-11-05 03:24:25,116.41845,39.976291
Car-1,2008-11-05 03:24:27,116.418445,39.976343
Car-1,2008-11-05 03:24:29,116.418455,39.976399
Car-1,2008-11-05 03:24:31,116.418447,39.976458
Car-1,2008-11-05 03:24:33,116.418433,39.976525
Car-1,2008-11-05 03:24:35,116.418428,39.976591
Car-1,2008-11-05 03:24:37,116.418425,39.976659
Car-1,2008-11-05 03:24:39,116.418433,39.976711
Car-1,2008-11-05 03:24:41,116.418435,39.976755
Car-1,2008-11-05 03:24:43,116.418437,39.976807
Car-1,2008-11-05 03:24:45,116.418424,39.976875
Car-1,2008-11-05 03:24:47,116.418413,39.976932
Car-1,2008-11-05 03:24:49,116.418409,39.976987
Car-1,2008-11-05 03:24:51,116.418374,39.977066
Car-1,2008-11-05 03:24:53,116.418364,39.977128
Car-1,2008-11-05 03:24:55,116.418358,39.977198
Car-1,2008-11-05 03:24:57,116.418345,39.977266
Car-1,2008-11-05 03:24:59,116.418343,39.977325
Car-1,2008-11-05 03:25:01,116.418365,39.977398
Car-1,2008-11-05 03:25:03,116.418361,39.977448
Car-1,2008-11-05 03:25:05,116.418356,39.977496
Car-1,2008-11-05 03:25:07,116.41834,39.977546
Car-1,2008-11-05 03:25:09,116.41833,39.977597
Car-1,2008-11-05 03:25:11,116.418331,39.977644
Car-1,2008-11-05 03:25:13,116.418336,39.977703
Car-1,2008-11-05 03:25:15,116.41834,39.977754
Car-1,2008-11-05 03:25:17,116.418334,39.97781
Car-1,2008-11-05 03:25:19,116.418346,39.97785
Car-1,2008-11-05 03:25:21,116.418332,39.977868
Car-1,2008-11-05 03:25:23,116.418328,39.977885
Car-1,2008-11-05 03:25:25,116.418318,39.977914
Car-1,2008-11-05 03:25:27,116.418315,39.977968
Car-1,2008-11-05 03:25:29,116.418313,39.978047
Car-1,2008-11-05 03:25:31,116.418311,39.978105
Car-1,2008-11-05 03:25:33,116.418318,39.978166
Car-1,2008-11-05 03:25:35,116.418321,39.978244
Car-1,2008-11-05 03:25:37,116.418322,39.978311
Car-1,2008-11-05 03:25:39,116.418347,39.978384
Car-1,2008-11-05 03:25:41,116.418379,39.978459
Car-1,2008-11-05 03:25:43,116.418395,39.978505
Car-1,2008-11-05 03:25:45,116.418394,39.978564
Car-1,2008-11-05 03:25:47,116.418382,39.978624
Car-1,2008-11-05 03:25:49,116.418359,39.978682
Car-1,2008-11-05 03:25:51,116.418346,39.978741
Car-1,2008-11-05 03:25:53,116.418337,39.978791
Car-1,2008-11-05 03:25:55,116.418329,39.978867
Car-1,2008-11-05 03:25:57,116.418302,39.978976
Car-1,2008-11-05 03:25:59,116.418289,39.97902
Car-1,2008-11-05 03:26:01,116.418272,39.979085
Car-1,2008-11-05 03:26:03,116.418235,39.979119
Car-1,2008-11-05 03:26:05,116.418227,39.979172
Car-1,2008-11-05 03:26:07,116.418211,39.979212
Car-1,2008-11-05 03:26:09,116.418206,39.979268
Car-1,2008-11-05 03:26:11,116.418208,39.979339
Car-1,2008-11-05 03:26:13,116.418221,39.979427
Car-1,2008-11-05 03:26:15,116.418258,39.979499
Car-1,2008-11-05 03:26:17,116.418276,39.979557
Car-1,2008-11-05 03:26:19,116.418281,39.979604
Car-1,2008-11-05 03:26:21,116.418275,39.979664
Car-1,2008-11-05 03:26:23,116.418267,39.979707
Car-1,2008-11-05 03:26:25,116.41826,39.979754
Car-1,2008-11-05 03:26:27,116.418256,39.979828
Car-1,2008-11-05 03:26:29,116.418251,39.979871
Car-1,2008-11-05 03:26:31,116.418234,39.979913
Car-1,2008-11-05 03:26:33,116.418228,39.979951
Car-1,2008-11-05 03:26:35,116.418222,39.979992
Car-1,2008-11-05 03:26:37,116.418243,39.980074
Car-1,2008-11-05 03:26:39,116.418241,39.980136
Car-1,2008-11-05 03:26:41,116.418242,39.980202
Car-1,2008-11-05 03:26:43,116.418261,39.980283
Car-1,2008-11-05 03:26:45,116.418275,39.980349
Car-1,2008-11-05 03:26:47,116.418266,39.980423
Car-1,2008-11-05 03:26:49,116.418257,39.980501
Car-1,2008-11-05 03:26:51,116.418272,39.980576
Car-1,2008-11-05 03:26:53,116.418272,39.980648
Car-1,2008-11-05 03:26:55,116.418265,39.980721
Car-1,2008-11-05 03:26:57,116.418266,39.980781
Car-1,2008-11-05 03:26:59,116.418262,39.980852
Car-1,2008-11-05 03:27:01,116.418254,39.980916
Car-1,2008-11-05 03:27:03,116.418242,39.980983
Car-1,2008-11-05 03:27:05,116.418231,39.981054
Car-1,2008-11-05 03:27:07,116.418222,39.981128
Car-1,2008-11-05 03:27:09,116.418224,39.981194
Car-1,2008-11-05 03:27:11,116.41823,39.981257
Car-1,2008-11-05 03:27:13,116.418222,39.981334
Car-1,2008-11-05 03:27:15,116.418217,39.9814
Car-1,2008-11-05 03:27:17,116.418204,39.981473
Car-1,2008-11-05 03:27:19,116.418202,39.981541
Car-1,2008-11-05 03:27:21,116.418199,39.981601
Car-1,2008-11-05 03:27:23,116.418196,39.981668
Car-1,2008-11-05 03:27:25,116.418198,39.981729
Car-1,2008-11-05 03:27:27,116.418211,39.981799
Car-1,2008-11-05 03:27:29,116.418201,39.981852
Car-1,2008-11-05 03:27:31,116.418197,39.981887
Car-1,2008-11-05 03:27:33,116.418195,39.981907
Car-1,2008-11-05 03:27:35,116.41819,39.981933
Car-1,2008-11-05 03:27:37,116.418191,39.981968
Car-1,2008-11-05 03:27:39,116.4182,39.982002
Car-1,2008-11-05 03:27:41,116.418182,39.982063
Car-1,2008-11-05 03:27:43,116.418165,39.982099
Car-1,2008-11-05 03:27:45,116.418149,39.982134
Car-1,2008-11-05 03:27:47,116.418138,39.98219
Car-1,2008-11-05 03:27:49,116.418129,39.982233
Car-1,2008-11-05 03:27:51,116.418138,39.982288
Car-1,2008-11-05 03:27:53,116.418131,39.982347
Car-1,2008-11-05 03:27:55,116.418133,39.982418
Car-1,2008-11-05 03:27:57,116.418147,39.982488
Car-1,2008-11-05 03:27:59,116.418135,39.982517
Car-1,2008-11-05 03:28:01,116.418116,39.982554
Car-1,2008-11-05 03:28:03,116.418091,39.982612
Car-1,2008-11-05 03:28:05,116.418083,39.982666
Car-1,2008-11-05 03:28:07,116.418073,39.982702
Car-1,2008-11-05 03:28:09,116.418084,39.982764
Car-1,2008-11-05 03:28:11,116.41811,39.982812
Car-1,2008-11-05 03:28:13,116.418149,39.98292
Car-1,2008-11-05 03:28:15,116.418101,39.982976
Car-1,2008-11-05 03:28:17,116.418087,39.983027
Car-1,2008-11-05 03:28:19,116.418072,39.983093
Car-1,2008-11-05 03:28:21,116.418083,39.983169
Car-1,2008-11-05 03:28:23,116.418043,39.983221
Car-1,2008-11-05 03:28:25,116.418095,39.983286
Car-1,2008-11-05 03:28:27,116.418144,39.98335
Car-1,2008-11-05 03:28:29,116.418129,39.983421
Car-1,2008-11-05 03:28:31,116.418132,39.983484
Car-1,2008-11-05 03:28:33,116.418147,39.98354
Car-1,2008-11-05 03:28:35,116.418128,39.983577
Car-1,2008-11-05 03:28:37,116.418106,39.983628
Car-1,2008-11-05 03:28:39,116.41809,39.983677
Car-1,2008-11-05 03:28:41,116.418069,39.983723
Car-1,2008-11-05 03:28:43,116.418042,39.983772
Car-1,2008-11-05 03:28:45,116.418039,39.983842
Car-1,2008-11-05 03:28:47,116.418043,39.983904
Car-1,2008-11-05 03:28:49,116.41805,39.983996
Car-1,2008-11-05 03:28:51,116.418041,39.984045
Car-1,2008-11-05 03:28:53,116.418028,39.984095
Car-1,2008-11-05 03:28:55,116.418047,39.984174
Car-1,2008-11-05 03:28:57,116.418041,39.984228
Car-1,2008-11-05 03:28:59,116.418033,39.984255
Car-1,2008-11-05 03:29:01,116.418027,39.984297
Car-1,2008-11-05 03:29:03,116.418068,39.984349
Car-1,2008-11-05 03:29:05,116.418092,39.984428
Car-1,2008-11-05 03:29:07,116.418104,39.984473
Car-1,2008-11-05 03:29:09,116.418115,39.984519
Car-1,2008-11-05 03:29:11,116.418114,39.984571
Car-1,2008-11-05 03:29:13,116.4181,39.98461
Car-1,2008-11-05 03:29:15,116.418092,39.984661
Car-1,2008-11-05 03:29:17,116.41806,39.984726
Car-1,2008-11-05 03:29:19,116.418065,39.984799
Car-1,2008-11-05 03:29:21,116.418061,39.984852
Car-1,2008-11-05 03:29:23,116.418082,39.984899
Car-1,2008-11-05 03:29:25,116.418082,39.984957
Car-1,2008-11-05 03:29:27,116.418082,39.984996
Car-1,2008-11-05 03:29:29,116.418058,39.985048
Car-1,2008-11-05 03:29:31,116.418046,39.985085
Car-1,2008-11-05 03:29:33,116.418062,39.985132
Car-1,2008-11-05 03:29:35,116.418061,39.985207
Car-1,2008-11-05 03:29:37,116.418043,39.985281
Car-1,2008-11-05 03:29:39,116.418047,39.985345
Car-1,2008-11-05 03:29:41,116.418039,39.985395
Car-1,2008-11-05 03:29:43,116.418042,39.985434
Car-1,2008-11-05 03:29:45,116.418019,39.985463
Car-1,2008-11-05 03:29:47,116.417979,39.985512
Car-1,2008-11-05 03:29:49,116.417953,39.985595
Car-1,2008-11-05 03:29:51,116.417917,39.985632
Car-1,2008-11-05 03:29:53,116.41788,39.985648
Car-1,2008-11-05 03:29:55,116.417855,39.985722
Car-1,2008-11-05 03:29:57,116.417917,39.985821
Car-1,2008-11-05 03:29:59,116.417928,39.985906
Car-1,2008-11-05 03:30:01,116.417938,39.985976
Car-1,2008-11-05 03:30:03,116.417949,39.986049
Car-1,2008-11-05 03:30:05,116.417965,39.986109
Car-1,2008-11-05 03:30:07,116.417984,39.986165
Car-1,2008-11-05 03:30:09,116.418004,39.986213
Car-1,2008-11-05 03:30:11,116.418012,39.986257
Car-1,2008-11-05 03:30:13,116.418008,39.986295
Car-1,2008-11-05 03:30:15,116.417994,39.986334
Car-1,2008-11-05 03:30:17,116.418001,39.986365
Car-1,2008-11-05 03:30:19,116.417997,39.986413
Car-1,2008-11-05 03:30:21,116.41801,39.986519
Car-1,2008-11-05 03:30:23,116.418005,39.986582
Car-1,2008-11-05 03:30:25,116.417998,39.986659
Car-1,2008-11-05 03:30:27,116.417994,39.986739
Car-1,2008-11-05 03:30:29,116.418002,39.986826
Car-1,2008-11-05 03:30:31,116.418001,39.986896
Car-1,2008-11-05 03:30:33,116.417995,39.986969
Car-1,2008-11-05 03:30:35,116.418004,39.987041
Car-1,2008-11-05 03:30:37,116.418023,39.987087
Car-1,2008-11-05 03:30:39,116.418051,39.987153
Car-1,2008-11-05 03:31:59,116.418092,39.987369
Car-1,2008-11-05 03:32:01,116.418095,39.987452
Car-1,2008-11-05 03:32:03,116.418067,39.987461
Car-1,2008-11-05 03:32:05,116.418042,39.987532
Car-1,2008-11-05 03:32:07,116.418033,39.987569
Car-1,2008-11-05 03:32:09,116.41796,39.987749
Car-1,2008-11-05 03:32:11,116.417928,39.987866
Car-1,2008-11-05 03:32:13,116.417941,39.987921
Car-1,2008-11-05 03:32:15,116.417957,39.987945
Car-1,2008-11-05 03:32:17,116.417947,39.988032
Car-1,2008-11-05 03:32:19,116.417951,39.988083
Car-1,2008-11-05 03:32:21,116.417959,39.988124
Car-1,2008-11-05 03:32:23,116.417959,39.988181
Car-1,2008-11-05 03:32:25,116.417953,39.988254
Car-1,2008-11-05 03:32:27,116.417962,39.988325
Car-1,2008-11-05 03:32:29,116.417946,39.9884
Car-1,2008-11-05 03:32:31,116.417958,39.988459
Car-1,2008-11-05 03:32:33,116.417966,39.988504
Car-1,2008-11-05 03:32:35,116.417952,39.988566
Car-1,2008-11-05 03:32:37,116.41794,39.988624
Car-1,2008-11-05 03:32:39,116.417916,39.988697
Car-1,2008-11-05 03:32:41,116.417919,39.988753
Car-1,2008-11-05 03:32:43,116.417933,39.9888
Car-1,2008-11-05 03:32:45,116.4179,39.988857
Car-1,2008-11-05 03:32:47,116.41792,39.988919
Car-1,2008-11-05 03:32:49,116.417912,39.988958
Car-1,2008-11-05 03:32:51,116.417889,39.988995
Car-1,2008-11-05 03:32:53,116.417873,39.989051
Car-1,2008-11-05 03:32:55,116.41789,39.989115
Car-1,2008-11-05 03:32:57,116.417919,39.989178
Car-1,2008-11-05 03:32:59,116.417925,39.98924
Car-1,2008-11-05 03:33:01,116.417927,39.989301
Car-1,2008-11-05 03:33:03,116.417933,39.989369
Car-1,2008-11-05 03:33:05,116.417937,39.989416
Car-1,2008-11-05 03:33:07,116.417916,39.989469
Car-1,2008-11-05 03:33:09,116.417915,39.989531
Car-1,2008-11-05 03:33:11,116.417925,39.98959
Car-1,2008-11-05 03:33:13,116.417929,39.989639
Car-1,2008-11-05 03:33:15,116.417937,39.989675
Car-1,2008-11-05 03:33:17,116.417965,39.989668
Car-1,2008-11-05 03:33:19,116.417974,39.989688
Car-1,2008-11-05 03:33:21,116.417963,39.989766
Car-1,2008-11-05 03:33:23,116.417955,39.989829
Car-1,2008-11-05 03:33:25,116.417955,39.989902
Car-1,2008-11-05 03:33:27,116.417913,39.989976
Car-1,2008-11-05 03:33:29,116.417905,39.990041
Car-1,2008-11-05 03:33:31,116.417901,39.990109
Car-1,2008-11-05 03:33:33,116.417896,39.990177
Car-1,2008-11-05 03:33:35,116.417893,39.990235
Car-1,2008-11-05 03:33:37,116.417869,39.990287
Car-1,2008-11-05 03:33:39,116.417838,39.990355
Car-1,2008-11-05 03:33:41,116.417871,39.990428
Car-1,2008-11-05 03:33:43,116.417897,39.990509
Car-1,2008-11-05 03:33:45,116.417914,39.990594
Car-1,2008-11-05 03:33:47,116.417931,39.990666
Car-1,2008-11-05 03:33:49,116.417921,39.990744
Car-1,2008-11-05 03:33:51,116.417904,39.990812
Car-1,2008-11-05 03:33:53,116.41789,39.990877
Car-1,2008-11-05 03:33:55,116.41789,39.990941
Car-1,2008-11-05 03:33:57,116.417882,39.990998
Car-1,2008-11-05 03:33:59,116.417869,39.991065
Car-1,2008-11-05 03:34:01,116.417857,39.991135
Car-1,2008-11-05 03:34:03,116.417968,39.991235
Car-1,2008-11-05 03:34:05,116.417977,39.991326
Car-1,2008-11-05 03:34:07,116.417985,39.991391
Car-1,2008-11-05 03:34:09,116.417997,39.991461
Car-1,2008-11-05 03:34:11,116.418,39.99153
Car-1,2008-11-05 03:34:13,116.417992,39.991592
Car-1,2008-11-05 03:34:15,116.417992,39.991658
Car-1,2008-11-05 03:34:17,116.417998,39.991727
Car-1,2008-11-05 03:34:19,116.417998,39.991792
Car-1,2008-11-05 03:34:21,116.418007,39.991848
Car-1,2008-11-05 03:34:23,116.418,39.991899
Car-1,2008-11-05 03:34:25,116.418003,39.991931
Car-1,2008-11-05 03:34:27,116.417991,39.991984
Car-1,2008-11-05 03:34:29,116.418002,39.992023
Car-1,2008-11-05 03:34:31,116.418018,39.992062
Car-1,2008-11-05 03:34:33,116.418031,39.992077
Car-1,2008-11-05 03:34:35,116.418022,39.992082
Car-1,2008-11-05 03:34:37,116.418021,39.992086
Car-1,2008-11-05 03:34:39,116.418021,39.992089
Car-1,2008-11-05 03:34:41,116.41802,39.992095
Car-1,2008-11-05 03:34:43,116.41802,39.992101
Car-1,2008-11-05 03:34:45,116.41802,39.992107
Car-1,2008-11-05 03:34:47,116.41802,39.992106
Car-1,2008-11-05 03:34:49,116.41802,39.992104
Car-1,2008-11-05 03:34:51,116.41802,39.992105
Car-1,2008-11-05 03:34:53,116.418019,39.99211
Car-1,2008-11-05 03:34:55,116.418022,39.992122
Car-1,2008-11-05 03:34:57,116.418029,39.992135
Car-1,2008-11-05 03:34:59,116.418012,39.992181
Car-1,2008-11-05 03:35:01,116.418,39.992238
Car-1,2008-11-05 03:35:03,116.417983,39.992303
Car-1,2008-11-05 03:35:05,116.417967,39.992366
Car-1,2008-11-05 03:35:07,116.417951,39.99241
Car-1,2008-11-05 03:35:09,116.417945,39.992456
Car-1,2008-11-05 03:35:11,116.417946,39.992506
Car-1,2008-11-05 03:35:13,116.417942,39.992566
Car-1,2008-11-05 03:35:15,116.417935,39.992626
Car-1,2008-11-05 03:35:17,116.417938,39.992676
Car-1,2008-11-05 03:35:19,116.41793,39.992712
Car-1,2008-11-05 03:35:21,116.417936,39.992744
Car-1,2008-11-05 03:35:23,116.417943,39.992788
Car-1,2008-11-05 03:35:25,116.417959,39.992846
Car-1,2008-11-05 03:35:27,116.417959,39.99289
Car-1,2008-11-05 03:35:29,116.417951,39.992944
Car-1,2008-11-05 03:35:31,116.417966,39.993
Car-1,2008-11-05 03:35:33,116.41797,39.993053
Car-1,2008-11-05 03:35:35,116.417937,39.993125
Car-1,2008-11-05 03:35:37,116.417919,39.99318
Car-1,2008-11-05 03:35:39,116.417896,39.993231
Car-1,2008-11-05 03:35:41,116.417882,39.993284
Car-1,2008-11-05 03:35:43,116.417893,39.993328
Car-1,2008-11-05 03:35:45,116.417901,39.99336
Car-1,2008-11-05 03:35:47,116.417886,39.993385
Car-1,2008-11-05 03:35:49,116.417875,39.993419
Car-1,2008-11-05 03:35:51,116.417898,39.993468
Car-1,2008-11-05 03:35:53,116.417919,39.993523
Car-1,2008-11-05 03:35:55,116.417926,39.993569
Car-1,2008-11-05 03:35:57,116.417951,39.993604
Car-1,2008-11-05 03:35:59,116.417996,39.99366
Car-1,2008-11-05 03:36:01,116.418021,39.993737
Car-1,2008-11-05 03:36:03,116.418107,39.993847
Car-1,2008-11-05 03:36:05,116.418114,39.993897
Car-1,2008-11-05 03:36:07,116.418151,39.993932
Car-1,2008-11-05 03:36:09,116.418136,39.994005
Car-1,2008-11-05 03:36:11,116.418124,39.994065
Car-1,2008-11-05 03:36:13,116.418078,39.994124
Car-1,2008-11-05 03:36:15,116.418053,39.994172
Car-1,2008-11-05 03:36:17,116.418043,39.994224
Car-1,2008-11-05 03:36:19,116.418029,39.994291
Car-1,2008-11-05 03:36:21,116.418004,39.994375
