agent_id,time,lng,lat
Car-1,2008-06-24 05:50:08,116.3001816,39.9864516
Car-1,2008-06-24 05:50:09,116.3001533,39.9864549
Car-1,2008-06-24 05:50:11,116.3001566,39.9864566
Car-1,2008-06-24 05:50:13,116.3002183,39.9863866
Car-1,2008-06-24 05:50:16,116.300265,39.98636
Car-1,2008-06-24 05:50:33,116.2994149,39.9865499
Car-1,2008-06-24 05:50:36,116.2993416,39.98649
Car-1,2008-06-24 05:50:39,116.2994216,39.9864416
Car-1,2008-06-24 05:50:42,116.2994416,39.9864066
Car-1,2008-06-24 05:50:45,116.2994649,39.986375
Car-1,2008-06-24 05:50:48,116.2994733,39.9863116
Car-1,2008-06-24 05:50:52,116.2994416,39.9863516
Car-1,2008-06-24 05:50:55,116.2994583,39.9863483
Car-1,2008-06-24 05:50:58,116.2994316,39.9863133
Car-1,2008-06-24 05:51:01,116.2993933,39.98629
Car-1,2008-06-24 05:51:04,116.2994016,39.9862333
Car-1,2008-06-24 05:51:07,116.2994349,39.9861916
Car-1,2008-06-24 05:51:10,116.2994466,39.9861616
Car-1,2008-06-24 05:51:13,116.2994316,39.9861516
Car-1,2008-06-24 05:51:16,116.2994016,39.9861233
Car-1,2008-06-24 05:51:19,116.2994016,39.9860733
Car-1,2008-06-24 05:51:22,116.2994233,39.98601
Car-1,2008-06-24 05:51:25,116.2993849,39.9859583
Car-1,2008-06-24 05:51:28,116.2993649,39.9859066
Car-1,2008-06-24 05:51:31,116.2993033,39.9858783
Car-1,2008-06-24 05:51:36,116.2992,39.9858416
Car-1,2008-06-24 05:51:39,116.2991866,39.9858249
Car-1,2008-06-24 05:51:42,116.2992,39.985815
Car-1,2008-06-24 05:51:45,116.2992183,39.9857883
Car-1,2008-06-24 05:52:28,116.2992183,39.9857883
Car-1,2008-06-24 05:52:30,116.2992199,39.9857966
Car-1,2008-06-24 05:52:33,116.2992083,39.9858083
Car-1,2008-06-24 05:52:36,116.29918,39.9858199
Car-1,2008-06-24 05:52:39,116.2991683,39.9858099
Car-1,2008-06-24 05:52:56,116.2991916,39.9858083
Car-1,2008-06-24 05:52:57,116.2991916,39.9858083
Car-1,2008-06-24 05:52:59,116.2991933,39.9858
Car-1,2008-06-24 05:53:09,116.2991949,39.9858099
Car-1,2008-06-24 05:53:20,116.2991949,39.9858099
Car-1,2008-06-24 05:53:22,116.2991966,39.9858016
Car-1,2008-06-24 05:53:25,116.2991933,39.9857733
Car-1,2008-06-24 05:53:28,116.2992066,39.9857416
Car-1,2008-06-24 05:53:31,116.2992466,39.9857033
Car-1,2008-06-24 05:53:34,116.29927,39.9856733
Car-1,2008-06-24 05:53:37,116.2992683,39.9856616
Car-1,2008-06-24 05:53:40,116.29925,39.9856649
Car-1,2008-06-24 05:53:43,116.2992599,39.9856633
Car-1,2008-06-24 05:53:46,116.2992716,39.985645
Car-1,2008-06-24 05:53:48,116.2992916,39.985465
Car-1,2008-06-24 05:54:11,116.2992066,39.9866766
Car-1,2008-06-24 05:54:13,116.2992,39.9868416
Car-1,2008-06-24 05:54:15,116.2991733,39.9870433
Car-1,2008-06-24 05:54:17,116.2991366,39.987255
Car-1,2008-06-24 05:54:19,116.2990816,39.9874516
Car-1,2008-06-24 05:54:21,116.2990449,39.9876483
Car-1,2008-06-24 05:54:50,116.2987416,39.989235
Car-1,2008-06-24 05:55:05,116.2987866,39.9892149
Car-1,2008-06-24 05:55:42,116.2988033,39.9891883
Car-1,2008-06-24 05:55:45,116.2988049,39.9892616
Car-1,2008-06-24 05:55:47,116.2987749,39.9893799
Car-1,2008-06-24 05:55:49,116.2987583,39.9894933
Car-1,2008-06-24 05:55:51,116.2987383,39.9896233
Car-1,2008-06-24 05:55:53,116.2987133,39.989765
Car-1,2008-06-24 05:55:55,116.2986966,39.98991
Car-1,2008-06-24 05:55:57,116.2986883,39.9900566
Car-1,2008-06-24 05:55:59,116.2986933,39.9901966
Car-1,2008-06-24 05:56:01,116.2986699,39.9903416
Car-1,2008-06-24 05:56:03,116.2986566,39.9904783
Car-1,2008-06-24 05:56:05,116.2986483,39.99061
Car-1,2008-06-24 05:56:07,116.2986449,39.9907333
Car-1,2008-06-24 05:56:09,116.2986449,39.9908283
Car-1,2008-06-24 05:56:11,116.2986466,39.9909
Car-1,2008-06-24 05:56:13,116.2986516,39.9909416
Car-1,2008-06-24 05:56:15,116.2986483,39.9909783
Car-1,2008-06-24 05:56:17,116.29864,39.9910216
Car-1,2008-06-24 05:56:19,116.2986316,39.9910799
Car-1,2008-06-24 05:56:21,116.2986199,39.9911583
Car-1,2008-06-24 05:56:23,116.298605,39.991235
Car-1,2008-06-24 05:56:25,116.2985933,39.99132
Car-1,2008-06-24 05:56:27,116.2985833,39.9914083
Car-1,2008-06-24 05:56:29,116.29857,39.9915016
Car-1,2008-06-24 05:56:31,116.298555,39.9916116
Car-1,2008-06-24 05:56:33,116.2985316,39.991745
Car-1,2008-06-24 05:56:35,116.2985116,39.9918983
Car-1,2008-06-24 05:56:37,116.2985049,39.9920683
Car-1,2008-06-24 05:56:39,116.2984816,39.9922283
Car-1,2008-06-24 05:56:41,116.2984666,39.9923583
Car-1,2008-06-24 05:56:43,116.2984516,39.9924416
Car-1,2008-06-24 05:56:50,116.2984333,39.9924649
Car-1,2008-06-24 05:56:53,116.2984216,39.9925133
Car-1,2008-06-24 05:56:55,116.2984016,39.9925566
Car-1,2008-06-24 05:56:57,116.2983849,39.9926133
Car-1,2008-06-24 05:56:59,116.29836,39.9926866
Car-1,2008-06-24 05:57:01,116.2983566,39.9927916
Car-1,2008-06-24 05:57:03,116.298345,39.9929133
Car-1,2008-06-24 05:57:05,116.2983349,39.9930483
Car-1,2008-06-24 05:57:07,116.2983316,39.993185
Car-1,2008-06-24 05:57:09,116.2983149,39.9933333
Car-1,2008-06-24 05:57:11,116.2983066,39.9934966
Car-1,2008-06-24 05:57:13,116.2983016,39.9936849
Car-1,2008-06-24 05:57:15,116.2983066,39.9938833
Car-1,2008-06-24 05:57:17,116.2983083,39.994095
Car-1,2008-06-24 05:57:19,116.2983066,39.994295
Car-1,2008-06-24 05:57:21,116.29829,39.9944966
Car-1,2008-06-24 05:57:23,116.2982966,39.9946866
Car-1,2008-06-24 05:57:25,116.2982799,39.9948916
Car-1,2008-06-24 05:57:27,116.2982733,39.9950583
Car-1,2008-06-24 05:57:29,116.298275,39.99523
Car-1,2008-06-24 05:57:31,116.2982783,39.9953833
Car-1,2008-06-24 05:57:33,116.2982849,39.9955316
Car-1,2008-06-24 05:57:35,116.298275,39.9956816
Car-1,2008-06-24 05:57:37,116.2982566,39.9958266
Car-1,2008-06-24 05:57:39,116.2982783,39.9959483
Car-1,2008-06-24 05:57:41,116.2982799,39.9960316
Car-1,2008-06-24 05:57:43,116.2982566,39.9960916
Car-1,2008-06-24 05:57:45,116.2982299,39.99613
Car-1,2008-06-24 05:57:48,116.2981983,39.9961583
Car-1,2008-06-24 05:57:50,116.2981583,39.9961783
Car-1,2008-06-24 05:57:57,116.2981249,39.9961816
Car-1,2008-06-24 05:58:00,116.2980733,39.9961783
Car-1,2008-06-24 05:58:03,116.2979433,39.9962016
Car-1,2008-06-24 05:58:05,116.2977816,39.9961966
Car-1,2008-06-24 05:58:07,116.2975666,39.9961566
Car-1,2008-06-24 05:58:09,116.2973249,39.9961266
Car-1,2008-06-24 05:58:11,116.2970799,39.9961083
Car-1,2008-06-24 05:58:13,116.2968283,39.9960816
Car-1,2008-06-24 05:58:15,116.2965916,39.9960549
Car-1,2008-06-24 05:58:17,116.2963249,39.9960433
Car-1,2008-06-24 05:58:19,116.2960383,39.9960283
Car-1,2008-06-24 05:58:21,116.2957649,39.9960083
Car-1,2008-06-24 05:58:23,116.2954933,39.9959966
Car-1,2008-06-24 05:58:25,116.2952483,39.9960116
Car-1,2008-06-24 05:58:27,116.2949666,39.9960116
Car-1,2008-06-24 05:58:29,116.2947183,39.9960216
Car-1,2008-06-24 05:58:31,116.2944983,39.9960266
Car-1,2008-06-24 05:58:33,116.2943683,39.9960266
Car-1,2008-06-24 05:58:35,116.2942733,39.9960183
Car-1,2008-06-24 05:58:37,116.2942166,39.996015
Car-1,2008-06-24 05:58:39,116.2941749,39.9960099
Car-1,2008-06-24 05:58:41,116.2941483,39.9960066
Car-1,2008-06-24 05:58:44,116.29412,39.996005
Car-1,2008-06-24 05:58:54,116.2936349,39.9960066
Car-1,2008-06-24 05:58:56,116.2934816,39.9959883
Car-1,2008-06-24 05:59:04,116.2928049,39.9959483
Car-1,2008-06-24 05:59:09,116.2923783,39.9959033
Car-1,2008-06-24 05:59:11,116.2921683,39.99589
Car-1,2008-06-24 05:59:13,116.2919433,39.995875
Car-1,2008-06-24 05:59:15,116.2917049,39.9958533
Car-1,2008-06-24 05:59:17,116.2914599,39.9958283
Car-1,2008-06-24 05:59:19,116.2911916,39.9957966
Car-1,2008-06-24 05:59:21,116.2908933,39.9957633
Car-1,2008-06-24 05:59:23,116.2905999,39.9957433
Car-1,2008-06-24 05:59:25,116.2903183,39.9957166
Car-1,2008-06-24 05:59:27,116.2900416,39.9956966
Car-1,2008-06-24 05:59:29,116.2897749,39.99568
Car-1,2008-06-24 05:59:31,116.2895233,39.9956699
Car-1,2008-06-24 05:59:33,116.2893883,39.9956666
Car-1,2008-06-24 05:59:35,116.2892566,39.9956583
Car-1,2008-06-24 05:59:37,116.2892966,39.995655
Car-1,2008-06-24 05:59:39,116.2892749,39.9956516
Car-1,2008-06-24 05:59:41,116.2892816,39.9956599
Car-1,2008-06-24 05:59:44,116.2893116,39.9956616
Car-1,2008-06-24 06:00:55,116.2893233,39.9956616
Car-1,2008-06-24 06:00:57,116.2892449,39.995655
Car-1,2008-06-24 06:00:59,116.2891166,39.9956466
Car-1,2008-06-24 06:01:41,116.2866249,39.9963483
Car-1,2008-06-24 06:01:43,116.286575,39.9964066
Car-1,2008-06-24 06:01:45,116.2865733,39.996465
Car-1,2008-06-24 06:01:47,116.2864966,39.9964933
Car-1,2008-06-24 06:01:49,116.2864066,39.99652
Car-1,2008-06-24 06:01:51,116.2863083,39.9965466
Car-1,2008-06-24 06:01:53,116.2862133,39.9965699
Car-1,2008-06-24 06:01:55,116.2861066,39.9966016
Car-1,2008-06-24 06:01:57,116.2859749,39.9966366
Car-1,2008-06-24 06:01:59,116.2858666,39.9966949
Car-1,2008-06-24 06:02:01,116.2857249,39.9967383
Car-1,2008-06-24 06:02:03,116.2855899,39.9967816
Car-1,2008-06-24 06:02:05,116.28544,39.9968283
Car-1,2008-06-24 06:02:07,116.28527,39.9968833
Car-1,2008-06-24 06:02:09,116.2850866,39.996945
Car-1,2008-06-24 06:02:11,116.2848933,39.997015
Car-1,2008-06-24 06:02:13,116.2846999,39.9970916
Car-1,2008-06-24 06:02:15,116.2844916,39.9971616
Car-1,2008-06-24 06:02:17,116.2842999,39.9972316
Car-1,2008-06-24 06:02:19,116.2841233,39.9972966
Car-1,2008-06-24 06:02:21,116.2839799,39.9973533
Car-1,2008-06-24 06:02:23,116.28387,39.9973916
Car-1,2008-06-24 06:02:25,116.2838016,39.997415
Car-1,2008-06-24 06:02:27,116.2837466,39.9974316
Car-1,2008-06-24 06:02:29,116.2836733,39.9974649
Car-1,2008-06-24 06:02:31,116.2835766,39.99749
Car-1,2008-06-24 06:02:40,116.2829483,39.9974399
Car-1,2008-06-24 06:02:42,116.2827366,39.9973833
Car-1,2008-06-24 06:02:44,116.2825216,39.9973616
Car-1,2008-06-24 06:02:46,116.2823099,39.9973399
Car-1,2008-06-24 06:02:48,116.2820583,39.997305
Car-1,2008-06-24 06:02:50,116.2818733,39.9972883
Car-1,2008-06-24 06:02:52,116.2816783,39.9972633
Car-1,2008-06-24 06:02:54,116.2814983,39.9972416
Car-1,2008-06-24 06:02:56,116.2813349,39.9972183
Car-1,2008-06-24 06:02:58,116.2812016,39.9972033
Car-1,2008-06-24 06:03:00,116.2810766,39.9971883
Car-1,2008-06-24 06:03:02,116.2809766,39.9971666
Car-1,2008-06-24 06:03:04,116.2809016,39.9971416
Car-1,2008-06-24 06:03:06,116.2808433,39.9971283
Car-1,2008-06-24 06:03:08,116.2808249,39.9971199
Car-1,2008-06-24 06:03:15,116.2808133,39.9972316
Car-1,2008-06-24 06:03:18,116.28085,39.9972483
Car-1,2008-06-24 06:03:21,116.2808399,39.9972483
Car-1,2008-06-24 06:03:24,116.2808099,39.9972433
Car-1,2008-06-24 06:03:27,116.2807599,39.9972516
Car-1,2008-06-24 06:03:30,116.2807133,39.9972783
Car-1,2008-06-24 06:03:33,116.2806899,39.9972716
Car-1,2008-06-24 06:03:36,116.2806316,39.9972666
Car-1,2008-06-24 06:03:38,116.2806033,39.9972683
Car-1,2008-06-24 06:03:41,116.2805816,39.9972816
Car-1,2008-06-24 06:03:44,116.28057,39.9972849
Car-1,2008-06-24 06:03:47,116.2805566,39.997295
Car-1,2008-06-24 06:03:48,116.2805566,39.997295
Car-1,2008-06-24 06:03:50,116.2805516,39.9972933
Car-1,2008-06-24 06:03:53,116.2805399,39.9972983
Car-1,2008-06-24 06:03:56,116.2805283,39.9973016
Car-1,2008-06-24 06:03:59,116.2805133,39.9973016
Car-1,2008-06-24 06:04:02,116.2804683,39.9972883
Car-1,2008-06-24 06:04:05,116.2804399,39.9972783
Car-1,2008-06-24 06:04:08,116.2803849,39.9972699
Car-1,2008-06-24 06:04:11,116.280345,39.9972733
Car-1,2008-06-24 06:04:14,116.2802516,39.9972533
Car-1,2008-06-24 06:04:17,116.2801916,39.9972399
Car-1,2008-06-24 06:04:21,116.2801433,39.9972316
Car-1,2008-06-24 06:04:24,116.2800966,39.9972433
Car-1,2008-06-24 06:04:27,116.2800816,39.9972433
Car-1,2008-06-24 06:04:30,116.2800199,39.9972366
Car-1,2008-06-24 06:04:33,116.2799666,39.9972033
Car-1,2008-06-24 06:04:36,116.2799349,39.99718
Car-1,2008-06-24 06:04:39,116.2798883,39.9971666
Car-1,2008-06-24 06:04:42,116.2798449,39.9971733
Car-1,2008-06-24 06:04:45,116.2797883,39.99718
Car-1,2008-06-24 06:04:48,116.2797333,39.9971916
Car-1,2008-06-24 06:04:51,116.2796949,39.99718
Car-1,2008-06-24 06:04:54,116.2796483,39.9971633
Car-1,2008-06-24 06:04:57,116.279595,39.9971733
Car-1,2008-06-24 06:05:00,116.27954,39.9971833
Car-1,2008-06-24 06:05:03,116.2795233,39.997195
Car-1,2008-06-24 06:05:06,116.2795166,39.9971749
Car-1,2008-06-24 06:05:10,116.2794849,39.9971333
Car-1,2008-06-24 06:05:17,116.2794683,39.9971183
Car-1,2008-06-24 06:05:20,116.2794499,39.9971166
Car-1,2008-06-24 06:05:23,116.2794116,39.9971083
Car-1,2008-06-24 06:05:27,116.2793599,39.9970999
Car-1,2008-06-24 06:05:30,116.2793049,39.9971066
Car-1,2008-06-24 06:05:33,116.2792433,39.997125
Car-1,2008-06-24 06:05:36,116.2792183,39.997135
Car-1,2008-06-24 06:05:39,116.279175,39.9971466
Car-1,2008-06-24 06:05:42,116.2791333,39.9971633
Car-1,2008-06-24 06:05:45,116.2791016,39.9971583
Car-1,2008-06-24 06:05:48,116.2790599,39.9971416
Car-1,2008-06-24 06:05:51,116.2790249,39.9971166
Car-1,2008-06-24 06:05:54,116.278985,39.9970933
Car-1,2008-06-24 06:05:57,116.27895,39.9970899
Car-1,2008-06-24 06:06:00,116.2789366,39.9970783
Car-1,2008-06-24 06:06:03,116.2788916,39.9970766
Car-1,2008-06-24 06:06:06,116.2788433,39.9970816
Car-1,2008-06-24 06:06:09,116.2787949,39.9970749
Car-1,2008-06-24 06:06:12,116.2787533,39.99708
Car-1,2008-06-24 06:06:15,116.2787416,39.9970783
Car-1,2008-06-24 06:06:18,116.2787233,39.997065
Car-1,2008-06-24 06:06:21,116.2786983,39.9970633
Car-1,2008-06-24 06:06:24,116.27865,39.99707
Car-1,2008-06-24 06:06:27,116.2786,39.9970666
Car-1,2008-06-24 06:06:30,116.2785783,39.9970749
Car-1,2008-06-24 06:06:33,116.2785566,39.99708
Car-1,2008-06-24 06:06:36,116.2785149,39.9970433
Car-1,2008-06-24 06:06:39,116.2784816,39.9970433
Car-1,2008-06-24 06:06:42,116.2784483,39.9970349
Car-1,2008-06-24 06:06:45,116.2784549,39.9970016
Car-1,2008-06-24 06:06:48,116.2784799,39.9969233
Car-1,2008-06-24 06:06:51,116.2784716,39.9968833
Car-1,2008-06-24 06:06:54,116.2784799,39.99687
Car-1,2008-06-24 06:06:57,116.2784366,39.9968516
Car-1,2008-06-24 06:07:00,116.2783933,39.9968233
Car-1,2008-06-24 06:07:03,116.2783533,39.9968166
Car-1,2008-06-24 06:07:06,116.2783266,39.9968116
Car-1,2008-06-24 06:07:09,116.2782983,39.9968183
Car-1,2008-06-24 06:07:12,116.2782633,39.9968049
Car-1,2008-06-24 06:07:15,116.2782333,39.9968016
Car-1,2008-06-24 06:07:18,116.2781783,39.9967766
Car-1,2008-06-24 06:07:21,116.2781733,39.9967616
Car-1,2008-06-24 06:07:22,116.2781733,39.9967616
Car-1,2008-06-24 06:07:24,116.2781749,39.9967683
Car-1,2008-06-24 06:07:27,116.2781499,39.9967733
Car-1,2008-06-24 06:07:31,116.2781383,39.9967683
Car-1,2008-06-24 06:07:34,116.2781149,39.9967433
Car-1,2008-06-24 06:07:37,116.2780666,39.9967483
Car-1,2008-06-24 06:07:40,116.2780566,39.9967466
Car-1,2008-06-24 06:07:43,116.2780433,39.9967349
Car-1,2008-06-24 06:07:46,116.278025,39.99673
Car-1,2008-06-24 06:07:49,116.278005,39.9967083
Car-1,2008-06-24 06:07:52,116.2780416,39.9967099
Car-1,2008-06-24 06:07:55,116.2780866,39.9967116
Car-1,2008-06-24 06:07:58,116.278125,39.9967249
Car-1,2008-06-24 06:08:01,116.2781716,39.9967166
Car-1,2008-06-24 06:08:04,116.2781633,39.9967333
Car-1,2008-06-24 06:08:08,116.2781633,39.9967433
Car-1,2008-06-24 06:08:11,116.2781216,39.9967649
Car-1,2008-06-24 06:08:14,116.2780616,39.9967816
Car-1,2008-06-24 06:08:17,116.2779883,39.9967633
Car-1,2008-06-24 06:08:19,116.2779416,39.9967266
Car-1,2008-06-24 06:08:22,116.2778666,39.9966783
Car-1,2008-06-24 06:08:27,116.2779299,39.9966916
Car-1,2008-06-24 06:08:30,116.2780149,39.99673
Car-1,2008-06-24 06:08:33,116.2780099,39.9967549
Car-1,2008-06-24 06:08:36,116.2779683,39.9967699
Car-1,2008-06-24 06:08:37,116.2779683,39.9967699
Car-1,2008-06-24 06:08:39,116.2779716,39.9967683
Car-1,2008-06-24 06:08:49,116.2779966,39.9967699
Car-1,2008-06-24 06:09:00,116.2780199,39.9967833
Car-1,2008-06-24 06:09:03,116.2779799,39.99679
Car-1,2008-06-24 06:09:06,116.2779433,39.9968033
Car-1,2008-06-24 06:09:09,116.2779149,39.9968249
Car-1,2008-06-24 06:09:18,116.2779383,39.996815
Car-1,2008-06-24 06:09:21,116.2778799,39.9968166
Car-1,2008-06-24 06:09:24,116.2778466,39.9968349
Car-1,2008-06-24 06:09:27,116.2777549,39.9968649
Car-1,2008-06-24 06:09:29,116.2776949,39.9968816
Car-1,2008-06-24 06:09:32,116.2776566,39.9968649
Car-1,2008-06-24 06:09:35,116.2776166,39.9968466
Car-1,2008-06-24 06:09:36,116.2776166,39.9968466
Car-1,2008-06-24 06:09:38,116.2776183,39.9968399
Car-1,2008-06-24 06:09:41,116.2775999,39.996845
Car-1,2008-06-24 06:09:44,116.2775733,39.9968383
Car-1,2008-06-24 06:09:47,116.2775833,39.9968216
Car-1,2008-06-24 06:09:50,116.2775533,39.9968266
Car-1,2008-06-24 06:09:53,116.2775216,39.9968216
Car-1,2008-06-24 06:09:56,116.2775233,39.9968216
Car-1,2008-06-24 06:09:57,116.2775233,39.9968216
Car-1,2008-06-24 06:09:59,116.2775199,39.9968249
Car-1,2008-06-24 06:10:02,116.2774816,39.9967949
Car-1,2008-06-24 06:10:05,116.277445,39.9967616
Car-1,2008-06-24 06:10:08,116.2773799,39.9967416
Car-1,2008-06-24 06:10:11,116.2773416,39.99673
Car-1,2008-06-24 06:10:14,116.2773216,39.996705
Car-1,2008-06-24 06:10:17,116.2772716,39.9966833
Car-1,2008-06-24 06:10:20,116.2772583,39.99666
Car-1,2008-06-24 06:10:23,116.2772433,39.9966266
Car-1,2008-06-24 06:10:26,116.2771899,39.9966116
Car-1,2008-06-24 06:10:29,116.2771533,39.99659
Car-1,2008-06-24 06:10:32,116.277115,39.9965716
Car-1,2008-06-24 06:10:35,116.2770899,39.9965616
Car-1,2008-06-24 06:10:38,116.2770716,39.99655
Car-1,2008-06-24 06:10:41,116.2770516,39.9965166
Car-1,2008-06-24 06:10:44,116.2770333,39.9965033
Car-1,2008-06-24 06:10:47,116.2770066,39.996495
Car-1,2008-06-24 06:10:50,116.2769983,39.9964733
Car-1,2008-06-24 06:10:51,116.2769983,39.9964733
Car-1,2008-06-24 06:10:53,116.2769899,39.9964749
Car-1,2008-06-24 06:10:56,116.2769616,39.9964999
Car-1,2008-06-24 06:10:59,116.2769483,39.9965116
Car-1,2008-06-24 06:11:00,116.2769483,39.9965116
Car-1,2008-06-24 06:11:02,116.2769466,39.996505
Car-1,2008-06-24 06:11:05,116.2769149,39.99648
Car-1,2008-06-24 06:11:06,116.2769149,39.99648
Car-1,2008-06-24 06:11:08,116.2769083,39.9964716
Car-1,2008-06-24 06:11:12,116.2768883,39.9964483
Car-1,2008-06-24 06:11:15,116.2768516,39.9964066
Car-1,2008-06-24 06:11:18,116.276835,39.9963749
Car-1,2008-06-24 06:11:21,116.2768033,39.9963733
Car-1,2008-06-24 06:11:24,116.2767899,39.9963749
Car-1,2008-06-24 06:11:27,116.2767949,39.9963416
Car-1,2008-06-24 06:11:30,116.2767199,39.9963199
Car-1,2008-06-24 06:11:33,116.2766816,39.9963183
Car-1,2008-06-24 06:11:36,116.2766283,39.9963216
Car-1,2008-06-24 06:11:39,116.2765699,39.9963283
Car-1,2008-06-24 06:11:42,116.2765233,39.9963416
Car-1,2008-06-24 06:11:45,116.2764933,39.9963333
Car-1,2008-06-24 06:11:46,116.2764933,39.9963333
Car-1,2008-06-24 06:11:48,116.2764883,39.9963266
Car-1,2008-06-24 06:11:51,116.27647,39.9962966
Car-1,2008-06-24 06:11:54,116.2764316,39.9962783
Car-1,2008-06-24 06:11:57,116.2763566,39.9962683
Car-1,2008-06-24 06:12:00,116.2763149,39.9962649
Car-1,2008-06-24 06:12:09,116.2762666,39.9962749
Car-1,2008-06-24 06:12:12,116.2762333,39.99627
Car-1,2008-06-24 06:12:15,116.2761849,39.9962683
Car-1,2008-06-24 06:12:18,116.27612,39.9962716
Car-1,2008-06-24 06:12:21,116.2760783,39.9962816
Car-1,2008-06-24 06:12:24,116.2760199,39.9962766
Car-1,2008-06-24 06:12:27,116.2760016,39.996295
Car-1,2008-06-24 06:12:30,116.2759833,39.9963316
Car-1,2008-06-24 06:12:33,116.2759583,39.9963716
Car-1,2008-06-24 06:12:36,116.2759199,39.9964049
Car-1,2008-06-24 06:12:39,116.2758566,39.9963933
Car-1,2008-06-24 06:12:42,116.2758416,39.9964216
Car-1,2008-06-24 06:12:45,116.2758333,39.9964466
Car-1,2008-06-24 06:12:48,116.2758016,39.9964699
Car-1,2008-06-24 06:12:51,116.2757716,39.99649
Car-1,2008-06-24 06:12:54,116.2757399,39.99651
Car-1,2008-06-24 06:12:57,116.2757216,39.9965366
Car-1,2008-06-24 06:13:00,116.2757016,39.9965816
Car-1,2008-06-24 06:13:03,116.2756966,39.9966133
Car-1,2008-06-24 06:13:06,116.2756799,39.9966566
Car-1,2008-06-24 06:13:08,116.2756616,39.9966833
Car-1,2008-06-24 06:13:12,116.2756316,39.996715
Car-1,2008-06-24 06:13:15,116.2755916,39.9967616
Car-1,2008-06-24 06:13:18,116.2755716,39.9968033
Car-1,2008-06-24 06:13:22,116.2755549,39.9968483
Car-1,2008-06-24 06:13:25,116.2755399,39.99687
Car-1,2008-06-24 06:13:28,116.2755183,39.99686
Car-1,2008-06-24 06:13:31,116.2754966,39.9968766
Car-1,2008-06-24 06:13:34,116.2754799,39.9968899
Car-1,2008-06-24 06:13:38,116.2754566,39.9968833
Car-1,2008-06-24 06:13:41,116.2754316,39.9968933
Car-1,2008-06-24 06:13:44,116.2753533,39.9969316
Car-1,2008-06-24 06:13:47,116.2752366,39.9969799
Car-1,2008-06-24 06:14:39,116.2757266,39.9971849
Car-1,2008-06-24 06:14:41,116.2759266,39.9972083
Car-1,2008-06-24 06:14:43,116.2761183,39.9972149
Car-1,2008-06-24 06:14:45,116.2762683,39.9972216
Car-1,2008-06-24 06:14:53,116.2759233,39.9971083
Car-1,2008-06-24 06:14:55,116.2757599,39.9970533
Car-1,2008-06-24 06:14:58,116.275545,39.9967916
Car-1,2008-06-24 06:15:01,116.2754433,39.9968166
Car-1,2008-06-24 06:15:04,116.2754133,39.9968
Car-1,2008-06-24 06:15:07,116.2754099,39.99679
Car-1,2008-06-24 06:15:10,116.2753916,39.9967633
Car-1,2008-06-24 06:15:13,116.2753666,39.9967383
Car-1,2008-06-24 06:15:16,116.2753416,39.9967133
Car-1,2008-06-24 06:15:19,116.2753083,39.9966933
Car-1,2008-06-24 06:15:22,116.2752783,39.9966766
Car-1,2008-06-24 06:15:26,116.2752783,39.9966766
Car-1,2008-06-24 06:15:28,116.2752733,39.9966716
Car-1,2008-06-24 06:15:31,116.2752949,39.9966733
Car-1,2008-06-24 06:15:43,116.2753049,39.9966733
Car-1,2008-06-24 06:15:46,116.2753066,39.9966616
Car-1,2008-06-24 06:15:52,116.2753066,39.9966616
Car-1,2008-06-24 06:15:54,116.2753133,39.9966616
Car-1,2008-06-24 06:15:57,116.27528,39.9966733
Car-1,2008-06-24 06:16:04,116.2752516,39.9966733
Car-1,2008-06-24 06:16:14,116.2752383,39.9966766
Car-1,2008-06-24 06:16:17,116.2752033,39.9966633
Car-1,2008-06-24 06:16:20,116.2751799,39.99665
Car-1,2008-06-24 06:16:28,116.2751616,39.9966416
Car-1,2008-06-24 06:16:31,116.2751316,39.9966483
Car-1,2008-06-24 06:16:34,116.2750866,39.9966316
Car-1,2008-06-24 06:16:37,116.275055,39.9966316
Car-1,2008-06-24 06:16:40,116.2750399,39.9966249
Car-1,2008-06-24 06:16:43,116.2750449,39.9965999
Car-1,2008-06-24 06:16:46,116.2750233,39.9966033
Car-1,2008-06-24 06:16:50,116.274985,39.9966033
Car-1,2008-06-24 06:16:53,116.2749583,39.996605
Car-1,2008-06-24 06:16:56,116.2749583,39.996605
Car-1,2008-06-24 06:16:58,116.2749533,39.9966066
Car-1,2008-06-24 06:17:01,116.2749283,39.9966066
Car-1,2008-06-24 06:17:04,116.2748783,39.9965999
Car-1,2008-06-24 06:17:07,116.2748399,39.9965966
Car-1,2008-06-24 06:17:10,116.2747833,39.9965849
Car-1,2008-06-24 06:17:13,116.27474,39.9965766
Car-1,2008-06-24 06:17:17,116.2747233,39.9965699
Car-1,2008-06-24 06:17:20,116.2746883,39.9965583
Car-1,2008-06-24 06:17:23,116.2746733,39.9965316
Car-1,2008-06-24 06:17:27,116.2746733,39.9965316
Car-1,2008-06-24 06:17:29,116.2746733,39.996535
Car-1,2008-06-24 06:17:32,116.2746366,39.99655
Car-1,2008-06-24 06:17:35,116.2746049,39.9965516
Car-1,2008-06-24 06:17:38,116.2745699,39.9965566
Car-1,2008-06-24 06:17:39,116.2745699,39.9965566
Car-1,2008-06-24 06:17:41,116.274565,39.99655
Car-1,2008-06-24 06:17:44,116.2745166,39.9965866
Car-1,2008-06-24 06:17:47,116.27448,39.9965866
Car-1,2008-06-24 06:17:56,116.2744849,39.996575
Car-1,2008-06-24 06:17:59,116.2744583,39.99658
Car-1,2008-06-24 06:18:02,116.2744466,39.9965816
Car-1,2008-06-24 06:18:05,116.2744116,39.9965766
Car-1,2008-06-24 06:18:08,116.2743533,39.9965816
Car-1,2008-06-24 06:18:11,116.2743366,39.9965949
Car-1,2008-06-24 06:18:14,116.2742966,39.9966166
Car-1,2008-06-24 06:18:17,116.2743066,39.9966333
Car-1,2008-06-24 06:18:20,116.2742716,39.9966533
Car-1,2008-06-24 06:18:23,116.2742316,39.9966483
Car-1,2008-06-24 06:18:26,116.2741816,39.9966333
Car-1,2008-06-24 06:18:29,116.2741566,39.99663
Car-1,2008-06-24 06:18:32,116.2741066,39.9966266
Car-1,2008-06-24 06:18:35,116.2740849,39.9966149
Car-1,2008-06-24 06:18:38,116.2740516,39.9966366
Car-1,2008-06-24 06:18:40,116.2740166,39.9966249
Car-1,2008-06-24 06:18:43,116.27397,39.9965849
Car-1,2008-06-24 06:18:46,116.2739283,39.9965583
Car-1,2008-06-24 06:18:49,116.2738933,39.996565
Car-1,2008-06-24 06:18:52,116.2738599,39.9966333
Car-1,2008-06-24 06:18:55,116.2738633,39.996705
Car-1,2008-06-24 06:18:58,116.2738383,39.9967366
Car-1,2008-06-24 06:19:01,116.2738183,39.9967616
Car-1,2008-06-24 06:19:04,116.2738033,39.9967816
Car-1,2008-06-24 06:19:11,116.2737933,39.9967733
Car-1,2008-06-24 06:19:14,116.2737533,39.9967733
Car-1,2008-06-24 06:19:17,116.27371,39.9967833
Car-1,2008-06-24 06:19:20,116.2736699,39.9967799
Car-1,2008-06-24 06:19:23,116.2736199,39.9967866
Car-1,2008-06-24 06:19:26,116.2735716,39.9967683
Car-1,2008-06-24 06:19:29,116.273535,39.9967583
Car-1,2008-06-24 06:19:32,116.2735216,39.9968049
Car-1,2008-06-24 06:19:35,116.273485,39.9968166
Car-1,2008-06-24 06:19:38,116.27345,39.9968099
Car-1,2008-06-24 06:19:41,116.2734099,39.9967799
Car-1,2008-06-24 06:19:44,116.2734616,39.9967666
Car-1,2008-06-24 06:19:47,116.2734866,39.9967833
Car-1,2008-06-24 06:19:50,116.2734916,39.9967249
Car-1,2008-06-24 06:19:52,116.2735049,39.9966699
Car-1,2008-06-24 06:19:54,116.2735516,39.99658
Car-1,2008-06-24 06:19:56,116.2736099,39.9965266
Car-1,2008-06-24 06:19:58,116.2736633,39.9964583
Car-1,2008-06-24 06:20:00,116.2737033,39.99644
Car-1,2008-06-24 06:20:02,116.2737399,39.9964116
Car-1,2008-06-24 06:20:04,116.2737683,39.99638
Car-1,2008-06-24 06:20:06,116.2737983,39.9964166
Car-1,2008-06-24 06:20:09,116.2738733,39.9964383
Car-1,2008-06-24 06:20:11,116.2739216,39.99648
Car-1,2008-06-24 06:20:13,116.2739866,39.9965316
Car-1,2008-06-24 06:20:15,116.2740449,39.9966133
Car-1,2008-06-24 06:20:17,116.2740899,39.9967016
Car-1,2008-06-24 06:20:45,116.274515,39.9980233
Car-1,2008-06-24 06:21:27,116.2734133,39.997935
Car-1,2008-06-24 06:21:29,116.2733333,39.9977683
Car-1,2008-06-24 06:21:32,116.2732483,39.9976649
Car-1,2008-06-24 06:21:35,116.2731999,39.9976016
Car-1,2008-06-24 06:21:38,116.2731766,39.9975666
Car-1,2008-06-24 06:21:41,116.2731283,39.9975466
Car-1,2008-06-24 06:21:44,116.2731033,39.9974933
Car-1,2008-06-24 06:21:47,116.2731083,39.9975099
Car-1,2008-06-24 06:22:04,116.2731083,39.9975099
Car-1,2008-06-24 06:22:06,116.2731,39.9975083
Car-1,2008-06-24 06:22:09,116.2731,39.9975283
Car-1,2008-06-24 06:22:12,116.2730983,39.997545
Car-1,2008-06-24 06:22:15,116.2730749,39.9975466
Car-1,2008-06-24 06:22:18,116.2730516,39.9975233
Car-1,2008-06-24 06:22:21,116.2730149,39.9975116
Car-1,2008-06-24 06:22:24,116.2731,39.9976166
Car-1,2008-06-24 06:22:26,116.2731216,39.9976666
Car-1,2008-06-24 06:22:28,116.2731033,39.9976833
Car-1,2008-06-24 06:22:30,116.2730733,39.9976983
Car-1,2008-06-24 06:22:33,116.27301,39.9977116
Car-1,2008-06-24 06:22:36,116.272975,39.9977183
Car-1,2008-06-24 06:22:39,116.27294,39.9977266
Car-1,2008-06-24 06:22:46,116.2729266,39.9976833
Car-1,2008-06-24 06:22:49,116.2728916,39.9976749
Car-1,2008-06-24 06:22:52,116.2728533,39.9976633
Car-1,2008-06-24 06:22:55,116.2728316,39.9976666
Car-1,2008-06-24 06:22:58,116.2728283,39.9976799
Car-1,2008-06-24 06:23:01,116.2728449,39.9977016
Car-1,2008-06-24 06:23:02,116.2728449,39.9977016
Car-1,2008-06-24 06:23:04,116.2728516,39.99771
Car-1,2008-06-24 06:23:10,116.2728183,39.9977316
Car-1,2008-06-24 06:23:13,116.27277,39.9976816
Car-1,2008-06-24 06:23:16,116.2727216,39.9976466
Car-1,2008-06-24 06:23:19,116.2726849,39.997615
Car-1,2008-06-24 06:23:22,116.2726499,39.997575
Car-1,2008-06-24 06:23:25,116.2726166,39.9975349
Car-1,2008-06-24 06:23:28,116.2725983,39.9974983
Car-1,2008-06-24 06:23:38,116.2725983,39.9974983
Car-1,2008-06-24 06:23:40,116.2725933,39.9975
Car-1,2008-06-24 06:23:43,116.2725916,39.997515
Car-1,2008-06-24 06:23:46,116.2725816,39.9975183
Car-1,2008-06-24 06:23:49,116.27256,39.9975066
Car-1,2008-06-24 06:23:52,116.2725149,39.9975166
Car-1,2008-06-24 06:23:56,116.2725033,39.9975016
Car-1,2008-06-24 06:23:59,116.2725766,39.9974666
Car-1,2008-06-24 06:24:00,116.2725766,39.9974666
Car-1,2008-06-24 06:24:02,116.2725733,39.9974733
Car-1,2008-06-24 06:24:12,116.2725716,39.9974483
Car-1,2008-06-24 06:24:15,116.2725683,39.99743
Car-1,2008-06-24 06:24:18,116.27256,39.9974116
Car-1,2008-06-24 06:24:21,116.2725583,39.997405
Car-1,2008-06-24 06:24:34,116.2725583,39.997405
Car-1,2008-06-24 06:24:36,116.2725533,39.9974066
Car-1,2008-06-24 06:24:39,116.2725449,39.9973849
Car-1,2008-06-24 06:24:42,116.272525,39.9973549
Car-1,2008-06-24 06:24:45,116.2724766,39.9972833
Car-1,2008-06-24 06:24:48,116.2724733,39.9972083
Car-1,2008-06-24 06:24:50,116.2725733,39.9971283
Car-1,2008-06-24 06:24:52,116.2728516,39.9969533
Car-1,2008-06-24 06:24:54,116.2732866,39.9966699
Car-1,2008-06-24 06:25:17,116.2732683,39.9973299
Car-1,2008-06-24 06:25:20,116.2728566,39.9972149
Car-1,2008-06-24 06:25:23,116.2727199,39.997225
Car-1,2008-06-24 06:25:26,116.2726549,39.9972416
Car-1,2008-06-24 06:25:29,116.2726116,39.9972616
Car-1,2008-06-24 06:25:32,116.2725649,39.9972833
Car-1,2008-06-24 06:25:35,116.2725133,39.9973116
Car-1,2008-06-24 06:25:38,116.2724683,39.9973099
Car-1,2008-06-24 06:25:41,116.2724633,39.9972849
Car-1,2008-06-24 06:25:44,116.272435,39.9972733
Car-1,2008-06-24 06:25:47,116.2724066,39.9972783
Car-1,2008-06-24 06:25:50,116.2723899,39.9972833
Car-1,2008-06-24 06:25:55,116.2723316,39.9973016
Car-1,2008-06-24 06:25:58,116.2723449,39.9972833
Car-1,2008-06-24 06:26:01,116.2723416,39.9972733
Car-1,2008-06-24 06:26:04,116.2723716,39.9972483
Car-1,2008-06-24 06:26:07,116.2723599,39.9972283
Car-1,2008-06-24 06:26:10,116.2724466,39.9971733
Car-1,2008-06-24 06:26:13,116.2724749,39.9971566
Car-1,2008-06-24 06:26:16,116.2724933,39.9971333
Car-1,2008-06-24 06:26:19,116.2724833,39.9971116
Car-1,2008-06-24 06:26:22,116.2724799,39.9971033
Car-1,2008-06-24 06:26:25,116.2724733,39.9971016
Car-1,2008-06-24 06:26:26,116.2724733,39.9971016
Car-1,2008-06-24 06:26:28,116.2724733,39.9970966
Car-1,2008-06-24 06:26:31,116.2724716,39.9970783
Car-1,2008-06-24 06:26:34,116.2724316,39.9970766
Car-1,2008-06-24 06:26:50,116.2724316,39.9970766
Car-1,2008-06-24 06:26:52,116.2724316,39.9970749
Car-1,2008-06-24 06:26:55,116.2724583,39.997065
Car-1,2008-06-24 06:26:58,116.27247,39.9970499
Car-1,2008-06-24 06:27:01,116.2724983,39.9970383
Car-1,2008-06-24 06:27:04,116.272505,39.9970183
Car-1,2008-06-24 06:27:07,116.2721916,39.9971233
Car-1,2008-06-24 06:27:10,116.2720016,39.9971833
Car-1,2008-06-24 06:27:13,116.271875,39.9972083
Car-1,2008-06-24 06:27:16,116.2717616,39.9972433
Car-1,2008-06-24 06:27:19,116.2716599,39.9972666
Car-1,2008-06-24 06:27:22,116.2717683,39.9972133
Car-1,2008-06-24 06:27:25,116.2718216,39.9972216
Car-1,2008-06-24 06:27:28,116.2718983,39.9971716
Car-1,2008-06-24 06:27:31,116.2719149,39.99718
Car-1,2008-06-24 06:27:34,116.2720716,39.9971483
Car-1,2008-06-24 06:27:37,116.2721183,39.9971283
Car-1,2008-06-24 06:27:40,116.2721583,39.9971049
Car-1,2008-06-24 06:27:43,116.2722083,39.99708
Car-1,2008-06-24 06:27:46,116.2722783,39.9970266
Car-1,2008-06-24 06:27:49,116.2723199,39.9970049
Car-1,2008-06-24 06:27:54,116.2723199,39.9970049
Car-1,2008-06-24 06:27:57,116.2723283,39.9969983
Car-1,2008-06-24 06:28:13,116.2723283,39.9969983
Car-1,2008-06-24 06:28:15,116.2723316,39.9969933
Car-1,2008-06-24 06:28:18,116.2723583,39.9969983
Car-1,2008-06-24 06:28:21,116.2724016,39.996995
Car-1,2008-06-24 06:28:24,116.2724633,39.9970033
Car-1,2008-06-24 06:28:27,116.2724999,39.997025
Car-1,2008-06-24 06:28:30,116.2725516,39.9970516
Car-1,2008-06-24 06:28:33,116.27261,39.9970516
Car-1,2008-06-24 06:28:36,116.2726433,39.9970383
Car-1,2008-06-24 06:28:39,116.2726616,39.9970499
Car-1,2008-06-24 06:28:42,116.2727199,39.9970416
Car-1,2008-06-24 06:28:45,116.2727733,39.9970216
Car-1,2008-06-24 06:28:48,116.272785,39.9970433
Car-1,2008-06-24 06:28:51,116.27275,39.99708
Car-1,2008-06-24 06:28:56,116.2727383,39.99708
Car-1,2008-06-24 06:28:59,116.2727599,39.9970716
Car-1,2008-06-24 06:29:02,116.2727716,39.9970666
Car-1,2008-06-24 06:29:05,116.2727883,39.99707
Car-1,2008-06-24 06:29:08,116.2728099,39.9970683
Car-1,2008-06-24 06:29:09,116.2728099,39.9970683
Car-1,2008-06-24 06:29:11,116.2728133,39.9970666
Car-1,2008-06-24 06:29:14,116.2728266,39.9970516
Car-1,2008-06-24 06:29:17,116.2728266,39.9970516
Car-1,2008-06-24 06:29:19,116.2728249,39.997055
Car-1,2008-06-24 06:29:22,116.2728233,39.9970366
Car-1,2008-06-24 06:29:25,116.2728166,39.997025
Car-1,2008-06-24 06:29:28,116.2728099,39.9970066
Car-1,2008-06-24 06:29:31,116.2727899,39.996985
Car-1,2008-06-24 06:29:34,116.2727649,39.9969683
Car-1,2008-06-24 06:29:37,116.2727383,39.9969349
Car-1,2008-06-24 06:29:40,116.2727283,39.9969033
Car-1,2008-06-24 06:29:43,116.2727216,39.9968799
Car-1,2008-06-24 06:29:46,116.2727133,39.9968533
Car-1,2008-06-24 06:29:49,116.2727049,39.9968316
Car-1,2008-06-24 06:29:52,116.2727449,39.996815
Car-1,2008-06-24 06:29:53,116.2727449,39.996815
Car-1,2008-06-24 06:29:55,116.2727416,39.9968083
Car-1,2008-06-24 06:29:59,116.2727266,39.9967733
Car-1,2008-06-24 06:30:02,116.2727249,39.9967833
Car-1,2008-06-24 06:30:05,116.2727683,39.9968133
Car-1,2008-06-24 06:30:14,116.2727899,39.9968233
Car-1,2008-06-24 06:30:28,116.2727899,39.9968233
Car-1,2008-06-24 06:30:30,116.272785,39.9968249
Car-1,2008-06-24 06:30:33,116.2727749,39.9968066
Car-1,2008-06-24 06:30:36,116.272785,39.9967683
Car-1,2008-06-24 06:30:39,116.2728116,39.9967266
Car-1,2008-06-24 06:30:42,116.2728699,39.9966966
Car-1,2008-06-24 06:30:45,116.2729033,39.9966966
Car-1,2008-06-24 06:30:46,116.2729033,39.9966966
Car-1,2008-06-24 06:30:48,116.2729033,39.9967
Car-1,2008-06-24 06:30:51,116.27294,39.9966616
Car-1,2008-06-24 06:30:54,116.27296,39.9966266
Car-1,2008-06-24 06:30:58,116.2729549,39.996575
Car-1,2008-06-24 06:31:01,116.2729483,39.99655
Car-1,2008-06-24 06:31:04,116.272975,39.9965266
Car-1,2008-06-24 06:31:07,116.2729833,39.9964983
Car-1,2008-06-24 06:31:10,116.2730083,39.9964566
Car-1,2008-06-24 06:31:13,116.2730216,39.9964133
Car-1,2008-06-24 06:31:16,116.2730349,39.9963816
Car-1,2008-06-24 06:31:19,116.2730399,39.9963599
Car-1,2008-06-24 06:31:22,116.2730116,39.9963516
Car-1,2008-06-24 06:31:25,116.2730066,39.99631
Car-1,2008-06-24 06:31:28,116.2730233,39.99627
Car-1,2008-06-24 06:31:31,116.2730499,39.9962649
Car-1,2008-06-24 06:31:34,116.2730966,39.9962483
Car-1,2008-06-24 06:31:37,116.2731449,39.9962183
Car-1,2008-06-24 06:31:40,116.2731633,39.9961949
Car-1,2008-06-24 06:31:41,116.2731633,39.9961949
Car-1,2008-06-24 06:31:43,116.27317,39.9961966
Car-1,2008-06-24 06:31:46,116.2731933,39.9961799
Car-1,2008-06-24 06:31:50,116.2732366,39.9961783
Car-1,2008-06-24 06:31:54,116.273255,39.9961833
Car-1,2008-06-24 06:31:57,116.2732916,39.9961916
Car-1,2008-06-24 06:32:03,116.2733266,39.9962116
Car-1,2008-06-24 06:32:06,116.2733366,39.9962033
Car-1,2008-06-24 06:32:09,116.2733666,39.996215
Car-1,2008-06-24 06:32:12,116.2733649,39.996225
Car-1,2008-06-24 06:32:19,116.2733316,39.996225
Car-1,2008-06-24 06:32:22,116.2733316,39.996225
Car-1,2008-06-24 06:32:24,116.2733316,39.99623
Car-1,2008-06-24 06:32:27,116.2733399,39.9961949
Car-1,2008-06-24 06:32:30,116.2733416,39.9961516
Car-1,2008-06-24 06:32:33,116.27331,39.9961133
Car-1,2008-06-24 06:32:36,116.2733383,39.9960499
Car-1,2008-06-24 06:32:43,116.2733466,39.9960133
Car-1,2008-06-24 06:32:46,116.2733766,39.9960016
Car-1,2008-06-24 06:32:49,116.2733966,39.9959933
Car-1,2008-06-24 06:32:52,116.2734349,39.9959583
Car-1,2008-06-24 06:32:55,116.2734199,39.9959316
Car-1,2008-06-24 06:32:58,116.273415,39.9959066
Car-1,2008-06-24 06:33:01,116.2734733,39.995875
Car-1,2008-06-24 06:33:17,116.2734983,39.99585
Car-1,2008-06-24 06:33:30,116.2734983,39.99585
Car-1,2008-06-24 06:33:32,116.2735049,39.99585
Car-1,2008-06-24 06:33:36,116.27352,39.9958433
Car-1,2008-06-24 06:33:39,116.2735516,39.9958316
Car-1,2008-06-24 06:33:42,116.2735966,39.9958183
Car-1,2008-06-24 06:33:45,116.273625,39.9958099
Car-1,2008-06-24 06:33:48,116.2736316,39.9957933
Car-1,2008-06-24 06:33:51,116.2736333,39.9957766
Car-1,2008-06-24 06:33:54,116.2736533,39.9957849
Car-1,2008-06-24 06:33:57,116.2737049,39.9957549
Car-1,2008-06-24 06:34:04,116.2737233,39.9957583
Car-1,2008-06-24 06:34:07,116.2737416,39.9957399
Car-1,2008-06-24 06:34:10,116.2737483,39.9956966
Car-1,2008-06-24 06:34:37,116.2737483,39.9956966
Car-1,2008-06-24 06:34:39,116.2737566,39.9956999
Car-1,2008-06-24 06:34:41,116.27378,39.9956933
Car-1,2008-06-24 06:34:47,116.2737849,39.9956883
Car-1,2008-06-24 06:34:50,116.2737849,39.9956883
Car-1,2008-06-24 06:34:52,116.2737816,39.99568
Car-1,2008-06-24 06:35:09,116.2737716,39.9956716
Car-1,2008-06-24 06:35:36,116.2737599,39.995665
Car-1,2008-06-24 06:35:39,116.2737599,39.9956516
Car-1,2008-06-24 06:35:42,116.2737749,39.9956233
Car-1,2008-06-24 06:35:45,116.2738083,39.9956083
Car-1,2008-06-24 06:35:48,116.2738516,39.9956133
Car-1,2008-06-24 06:35:51,116.2738799,39.9956183
Car-1,2008-06-24 06:35:54,116.2738649,39.9956166
Car-1,2008-06-24 06:35:58,116.2738649,39.9955716
Car-1,2008-06-24 06:36:07,116.2738649,39.9955716
Car-1,2008-06-24 06:36:09,116.2738633,39.995565
Car-1,2008-06-24 06:36:12,116.27385,39.995585
Car-1,2008-06-24 06:36:20,116.2738683,39.9955816
Car-1,2008-06-24 06:36:39,116.2738699,39.9955816
Car-1,2008-06-24 06:36:43,116.2738766,39.9955816
Car-1,2008-06-24 06:36:50,116.273885,39.9955833
Car-1,2008-06-24 06:36:54,116.2738766,39.9955899
Car-1,2008-06-24 06:37:02,116.2738699,39.9955833
Car-1,2008-06-24 06:37:16,116.2738699,39.9955833
Car-1,2008-06-24 06:37:18,116.2738633,39.9955833
Car-1,2008-06-24 06:37:21,116.2738799,39.9955683
Car-1,2008-06-24 06:37:24,116.2738999,39.9955349
Car-1,2008-06-24 06:37:27,116.2739083,39.9955116
Car-1,2008-06-24 06:37:30,116.2739333,39.9954633
Car-1,2008-06-24 06:37:33,116.2738983,39.995445
Car-1,2008-06-24 06:37:41,116.2738816,39.9954416
Car-1,2008-06-24 06:37:44,116.2738949,39.9954183
Car-1,2008-06-24 06:37:47,116.2739083,39.9954099
Car-1,2008-06-24 06:37:50,116.2739366,39.9954016
Car-1,2008-06-24 06:37:53,116.2739483,39.9953916
Car-1,2008-06-24 06:37:56,116.2739649,39.995375
Car-1,2008-06-24 06:37:57,116.2739649,39.995375
Car-1,2008-06-24 06:37:59,116.2739666,39.995375
Car-1,2008-06-24 06:38:02,116.2739333,39.9953933
Car-1,2008-06-24 06:38:05,116.2738599,39.9954016
Car-1,2008-06-24 06:38:08,116.2737533,39.9954199
Car-1,2008-06-24 06:38:11,116.2737149,39.9953949
Car-1,2008-06-24 06:38:14,116.2737599,39.9953249
Car-1,2008-06-24 06:38:16,116.27385,39.9952666
Car-1,2008-06-24 06:38:18,116.2738383,39.9952433
Car-1,2008-06-24 06:38:21,116.2737266,39.995235
Car-1,2008-06-24 06:38:24,116.2737899,39.9952166
Car-1,2008-06-24 06:38:27,116.2737383,39.9951949
Car-1,2008-06-24 06:38:29,116.2735849,39.9951783
Car-1,2008-06-24 06:38:31,116.27336,39.9953133
Car-1,2008-06-24 06:38:33,116.273465,39.9953483
Car-1,2008-06-24 06:38:35,116.2734399,39.9953349
Car-1,2008-06-24 06:38:37,116.273485,39.9952783
Car-1,2008-06-24 06:38:39,116.2735449,39.9952499
Car-1,2008-06-24 06:38:42,116.27373,39.9951849
Car-1,2008-06-24 06:38:45,116.2738216,39.9951149
Car-1,2008-06-24 06:38:48,116.273885,39.9950766
Car-1,2008-06-24 06:38:51,116.2739266,39.9950533
Car-1,2008-06-24 06:38:54,116.2739749,39.9950149
Car-1,2008-06-24 06:38:57,116.274005,39.9949849
Car-1,2008-06-24 06:39:00,116.2740116,39.9949683
Car-1,2008-06-24 06:39:03,116.2740383,39.9949533
Car-1,2008-06-24 06:39:06,116.2740583,39.9949333
Car-1,2008-06-24 06:39:09,116.274075,39.9949216
Car-1,2008-06-24 06:39:12,116.2741233,39.9948916
Car-1,2008-06-24 06:39:15,116.2741499,39.9948749
Car-1,2008-06-24 06:39:18,116.2741499,39.9948749
Car-1,2008-06-24 06:39:20,116.2741533,39.9948716
Car-1,2008-06-24 06:39:23,116.274165,39.9948483
Car-1,2008-06-24 06:39:26,116.2741783,39.9948233
Car-1,2008-06-24 06:39:29,116.2741933,39.9948
Car-1,2008-06-24 06:39:32,116.2742016,39.9947733
Car-1,2008-06-24 06:39:35,116.2742283,39.9947383
Car-1,2008-06-24 06:39:38,116.2742449,39.9947099
Car-1,2008-06-24 06:39:41,116.2742666,39.9946799
Car-1,2008-06-24 06:39:44,116.2742916,39.994655
Car-1,2008-06-24 06:39:47,116.2742983,39.9946383
Car-1,2008-06-24 06:39:50,116.2743016,39.9946249
Car-1,2008-06-24 06:39:53,116.2743249,39.9945983
Car-1,2008-06-24 06:39:56,116.2743283,39.9945833
Car-1,2008-06-24 06:39:59,116.2743099,39.9945716
Car-1,2008-06-24 06:40:02,116.2743016,39.9945433
Car-1,2008-06-24 06:40:05,116.2742999,39.9945233
Car-1,2008-06-24 06:40:08,116.274305,39.9945
Car-1,2008-06-24 06:40:11,116.2743183,39.9944866
Car-1,2008-06-24 06:40:14,116.2743433,39.9944816
Car-1,2008-06-24 06:40:17,116.2743616,39.9944766
Car-1,2008-06-24 06:40:20,116.2743783,39.9945
Car-1,2008-06-24 06:40:21,116.2743783,39.9945
Car-1,2008-06-24 06:40:23,116.2743783,39.9944983
Car-1,2008-06-24 06:40:29,116.2743666,39.9945133
Car-1,2008-06-24 06:40:39,116.2743649,39.994515
Car-1,2008-06-24 06:40:40,116.2743649,39.994515
Car-1,2008-06-24 06:40:42,116.2743566,39.99452
Car-1,2008-06-24 06:40:46,116.2743649,39.9945066
Car-1,2008-06-24 06:40:49,116.2743633,39.9944716
Car-1,2008-06-24 06:40:58,116.2743599,39.9944399
Car-1,2008-06-24 06:41:01,116.2743566,39.9944249
Car-1,2008-06-24 06:41:04,116.2743666,39.9944033
Car-1,2008-06-24 06:41:07,116.2743416,39.9943866
Car-1,2008-06-24 06:41:10,116.2743366,39.99436
Car-1,2008-06-24 06:41:13,116.2743416,39.9943266
Car-1,2008-06-24 06:41:16,116.2743533,39.9942966
Car-1,2008-06-24 06:41:17,116.2743533,39.9942966
Car-1,2008-06-24 06:41:19,116.274355,39.9942983
Car-1,2008-06-24 06:41:22,116.2743649,39.9942599
Car-1,2008-06-24 06:41:25,116.2743666,39.9942266
Car-1,2008-06-24 06:41:28,116.2743733,39.9941966
Car-1,2008-06-24 06:41:31,116.2743733,39.9941749
Car-1,2008-06-24 06:41:34,116.2743599,39.9941533
Car-1,2008-06-24 06:41:37,116.2743816,39.9941149
Car-1,2008-06-24 06:41:40,116.27439,39.9940716
Car-1,2008-06-24 06:41:43,116.2743966,39.9940349
Car-1,2008-06-24 06:41:46,116.2743983,39.9940083
Car-1,2008-06-24 06:41:49,116.2743866,39.9940033
Car-1,2008-06-24 06:41:52,116.2743816,39.9939833
Car-1,2008-06-24 06:41:55,116.2743916,39.9939799
Car-1,2008-06-24 06:41:58,116.2744016,39.9939533
Car-1,2008-06-24 06:42:01,116.2744233,39.9939283
Car-1,2008-06-24 06:42:04,116.274445,39.9939166
Car-1,2008-06-24 06:42:07,116.2744633,39.9939233
Car-1,2008-06-24 06:42:17,116.2744649,39.9939333
Car-1,2008-06-24 06:42:20,116.2744566,39.9939116
Car-1,2008-06-24 06:42:23,116.2744416,39.9938933
Car-1,2008-06-24 06:42:26,116.2744083,39.9938783
Car-1,2008-06-24 06:42:29,116.2743733,39.9938583
Car-1,2008-06-24 06:42:32,116.2743716,39.9938366
Car-1,2008-06-24 06:42:35,116.2743849,39.9938133
Car-1,2008-06-24 06:42:38,116.2743849,39.9937949
Car-1,2008-06-24 06:42:41,116.2743716,39.9937716
Car-1,2008-06-24 06:42:52,116.274355,39.9937716
Car-1,2008-06-24 06:42:55,116.2743183,39.9937633
Car-1,2008-06-24 06:42:58,116.2743066,39.9937466
Car-1,2008-06-24 06:43:05,116.2743066,39.9937466
Car-1,2008-06-24 06:43:07,116.2743016,39.9937433
Car-1,2008-06-24 06:43:12,116.2742999,39.9937333
Car-1,2008-06-24 06:43:15,116.2742983,39.9937033
Car-1,2008-06-24 06:43:18,116.2743183,39.9936699
Car-1,2008-06-24 06:43:21,116.2743433,39.9936466
Car-1,2008-06-24 06:43:24,116.274375,39.9936149
Car-1,2008-06-24 06:43:27,116.2743683,39.9935983
Car-1,2008-06-24 06:43:32,116.2743816,39.9935966
Car-1,2008-06-24 06:43:35,116.2743633,39.993575
Car-1,2008-06-24 06:43:38,116.2743383,39.9935516
Car-1,2008-06-24 06:43:41,116.2743433,39.9935299
Car-1,2008-06-24 06:43:48,116.2743433,39.9935299
Car-1,2008-06-24 06:43:50,116.27434,39.993525
Car-1,2008-06-24 06:43:53,116.2743383,39.9935016
Car-1,2008-06-24 06:43:56,116.2743299,39.9934666
Car-1,2008-06-24 06:43:59,116.2743266,39.9934316
Car-1,2008-06-24 06:44:02,116.27434,39.99341
Car-1,2008-06-24 06:44:05,116.2743733,39.9933666
Car-1,2008-06-24 07:05:53,116.2744783,39.9931133
Car-1,2008-06-24 07:05:56,116.2744816,39.9930949
Car-1,2008-06-24 07:05:57,116.2744816,39.9930949
Car-1,2008-06-24 07:05:59,116.27448,39.99309
Car-1,2008-06-24 07:06:02,116.2744683,39.9930683
Car-1,2008-06-24 07:06:05,116.2744733,39.9930499
Car-1,2008-06-24 07:06:08,116.2744549,39.9930133
Car-1,2008-06-24 07:06:11,116.2744466,39.9929783
Car-1,2008-06-24 07:06:14,116.2744616,39.9929766
Car-1,2008-06-24 07:06:17,116.2744699,39.9929716
Car-1,2008-06-24 07:06:21,116.2744666,39.9929683
Car-1,2008-06-24 07:06:22,116.2744666,39.9929683
Car-1,2008-06-24 07:06:24,116.2744616,39.9929683
Car-1,2008-06-24 07:06:28,116.274445,39.9929416
Car-1,2008-06-24 07:06:31,116.2744366,39.9929233
Car-1,2008-06-24 07:06:34,116.2744466,39.9929033
Car-1,2008-06-24 07:06:37,116.2744399,39.9928699
Car-1,2008-06-24 07:06:40,116.274445,39.9928299
Car-1,2008-06-24 07:06:43,116.2744366,39.9927749
Car-1,2008-06-24 07:06:46,116.2744349,39.9927483
Car-1,2008-06-24 07:06:49,116.2744516,39.9927233
Car-1,2008-06-24 07:06:52,116.2744649,39.9927133
Car-1,2008-06-24 07:06:55,116.2744583,39.9926883
Car-1,2008-06-24 07:06:57,116.2744583,39.9926883
Car-1,2008-06-24 07:06:59,116.2744549,39.9926883
Car-1,2008-06-24 07:07:02,116.27446,39.9926783
Car-1,2008-06-24 07:07:05,116.2744433,39.99264
Car-1,2008-06-24 07:07:08,116.2744499,39.99261
Car-1,2008-06-24 07:07:11,116.2744533,39.9925749
Car-1,2008-06-24 07:07:14,116.274445,39.9925416
Car-1,2008-06-24 07:07:17,116.2744466,39.9925016
Car-1,2008-06-24 07:07:19,116.2744483,39.9924933
Car-1,2008-06-24 07:07:20,116.2744483,39.9924933
Car-1,2008-06-24 07:07:22,116.2744433,39.9924933
Car-1,2008-06-24 07:07:25,116.2744349,39.9924749
Car-1,2008-06-24 07:07:29,116.2744499,39.9924833
Car-1,2008-06-24 07:07:32,116.2744466,39.99246
Car-1,2008-06-24 07:07:35,116.2744616,39.9924383
Car-1,2008-06-24 07:07:38,116.2744516,39.9924099
Car-1,2008-06-24 07:07:41,116.2744699,39.9923683
Car-1,2008-06-24 07:07:44,116.2744649,39.9923433
Car-1,2008-06-24 07:07:47,116.2744566,39.99233
Car-1,2008-06-24 07:07:50,116.2744583,39.9923083
Car-1,2008-06-24 07:07:53,116.2744466,39.9922833
Car-1,2008-06-24 07:07:56,116.2744316,39.9922583
Car-1,2008-06-24 07:07:57,116.2744316,39.9922583
Car-1,2008-06-24 07:07:59,116.2744283,39.9922549
Car-1,2008-06-24 07:08:02,116.2744333,39.9922333
Car-1,2008-06-24 07:08:05,116.2744133,39.9922099
Car-1,2008-06-24 07:08:08,116.2743916,39.992175
Car-1,2008-06-24 07:08:11,116.2743783,39.9921399
Car-1,2008-06-24 07:08:14,116.2743766,39.9921066
Car-1,2008-06-24 07:08:17,116.2743783,39.9920833
Car-1,2008-06-24 07:08:19,116.2743783,39.9920833
Car-1,2008-06-24 07:08:21,116.2743783,39.9920883
Car-1,2008-06-24 07:08:24,116.2743849,39.9920716
Car-1,2008-06-24 07:08:27,116.2743916,39.9920433
Car-1,2008-06-24 07:08:30,116.27439,39.9920166
Car-1,2008-06-24 07:08:33,116.2743783,39.991995
Car-1,2008-06-24 07:08:34,116.2743783,39.991995
Car-1,2008-06-24 07:08:36,116.2743716,39.9919899
Car-1,2008-06-24 07:08:40,116.2743833,39.9919666
Car-1,2008-06-24 07:08:43,116.2743666,39.9919349
Car-1,2008-06-24 07:08:46,116.2743633,39.9919133
Car-1,2008-06-24 07:08:49,116.2743466,39.9919
Car-1,2008-06-24 07:08:52,116.2743266,39.9918766
Car-1,2008-06-24 07:08:55,116.2743416,39.99184
Car-1,2008-06-24 07:08:58,116.27432,39.99183
Car-1,2008-06-24 07:08:59,116.27432,39.99183
Car-1,2008-06-24 07:09:01,116.27432,39.9918266
Car-1,2008-06-24 07:09:04,116.2743099,39.9918049
Car-1,2008-06-24 07:09:07,116.2743149,39.9917833
Car-1,2008-06-24 07:09:10,116.2743149,39.9917466
Car-1,2008-06-24 07:09:13,116.2743033,39.9917266
Car-1,2008-06-24 07:09:16,116.2742899,39.9917116
Car-1,2008-06-24 07:09:19,116.2742916,39.991685
Car-1,2008-06-24 07:09:22,116.2742783,39.99166
Car-1,2008-06-24 07:09:25,116.2742933,39.9916316
Car-1,2008-06-24 07:09:28,116.2742816,39.9915916
Car-1,2008-06-24 07:09:31,116.2742716,39.9915616
Car-1,2008-06-24 07:09:34,116.2742599,39.9915416
Car-1,2008-06-24 07:09:37,116.2742583,39.9915333
Car-1,2008-06-24 07:09:38,116.2742583,39.9915333
Car-1,2008-06-24 07:09:40,116.2742533,39.9915266
Car-1,2008-06-24 07:09:43,116.2742533,39.9914999
Car-1,2008-06-24 07:09:44,116.2742533,39.9914999
Car-1,2008-06-24 07:09:46,116.2742549,39.9914999
Car-1,2008-06-24 07:09:49,116.2742416,39.9914616
Car-1,2008-06-24 07:09:52,116.2742249,39.9914083
Car-1,2008-06-24 07:09:55,116.274215,39.9913816
Car-1,2008-06-24 07:09:58,116.2742183,39.9913416
Car-1,2008-06-24 07:10:01,116.2742233,39.9913266
Car-1,2008-06-24 07:10:04,116.27425,39.99131
Car-1,2008-06-24 07:10:07,116.2742583,39.9912933
Car-1,2008-06-24 07:10:10,116.2742583,39.991255
Car-1,2008-06-24 07:10:12,116.2742566,39.9911866
Car-1,2008-06-24 07:10:14,116.2742783,39.9911449
Car-1,2008-06-24 07:10:16,116.27427,39.9911599
Car-1,2008-06-24 07:10:19,116.2742683,39.9911433
Car-1,2008-06-24 07:10:22,116.2742583,39.9911599
Car-1,2008-06-24 07:10:25,116.2742799,39.9911583
Car-1,2008-06-24 07:10:29,116.2742866,39.9911433
Car-1,2008-06-24 07:10:32,116.2743116,39.9911033
Car-1,2008-06-24 07:10:34,116.2743116,39.9910833
Car-1,2008-06-24 07:10:37,116.2742766,39.9910566
Car-1,2008-06-24 07:10:40,116.2742649,39.9910316
Car-1,2008-06-24 07:10:43,116.2742449,39.9910166
Car-1,2008-06-24 07:10:46,116.2742483,39.9909799
Car-1,2008-06-24 07:10:49,116.2742433,39.9909566
Car-1,2008-06-24 07:10:53,116.2742416,39.9909133
Car-1,2008-06-24 07:10:56,116.2742433,39.9908783
Car-1,2008-06-24 07:10:59,116.2742316,39.9908583
Car-1,2008-06-24 07:11:02,116.2742216,39.9908499
Car-1,2008-06-24 07:11:05,116.2742,39.9908316
Car-1,2008-06-24 07:11:08,116.2742066,39.9907883
Car-1,2008-06-24 07:11:11,116.2741816,39.9907616
Car-1,2008-06-24 07:11:14,116.2741733,39.9907316
Car-1,2008-06-24 07:11:18,116.27413,39.9906966
Car-1,2008-06-24 07:11:22,116.2741283,39.9906849
Car-1,2008-06-24 07:11:25,116.2741433,39.9906916
Car-1,2008-06-24 07:11:28,116.2741283,39.9906599
Car-1,2008-06-24 07:11:31,116.2740983,39.9906333
Car-1,2008-06-24 07:11:34,116.2740899,39.9905833
Car-1,2008-06-24 07:11:37,116.2740799,39.9905383
Car-1,2008-06-24 07:11:41,116.2740566,39.9905333
Car-1,2008-06-24 07:11:44,116.2740116,39.9905033
Car-1,2008-06-24 07:11:47,116.2739999,39.9904866
Car-1,2008-06-24 07:11:50,116.2739783,39.9904533
Car-1,2008-06-24 07:11:53,116.2739649,39.9904199
Car-1,2008-06-24 07:11:55,116.2739399,39.9903833
Car-1,2008-06-24 07:11:58,116.2739349,39.9903716
Car-1,2008-06-24 07:12:01,116.2739149,39.9903366
Car-1,2008-06-24 07:12:04,116.2738966,39.9903049
Car-1,2008-06-24 07:12:07,116.2738783,39.99026
Car-1,2008-06-24 07:12:10,116.2738983,39.9902533
Car-1,2008-06-24 07:12:13,116.2738949,39.99023
Car-1,2008-06-24 07:12:16,116.2738766,39.9902033
Car-1,2008-06-24 07:12:19,116.2738483,39.9901783
Car-1,2008-06-24 07:12:22,116.2738249,39.9901483
Car-1,2008-06-24 07:12:25,116.2738066,39.99013
Car-1,2008-06-24 07:12:29,116.2737899,39.990115
Car-1,2008-06-24 07:12:32,116.2737633,39.99009
Car-1,2008-06-24 07:12:35,116.273765,39.9900733
Car-1,2008-06-24 07:12:38,116.2737599,39.990045
Car-1,2008-06-24 07:12:42,116.2737366,39.9900433
Car-1,2008-06-24 07:12:45,116.2737083,39.9900233
Car-1,2008-06-24 07:12:48,116.2736999,39.9899883
Car-1,2008-06-24 07:12:51,116.2737033,39.9899783
Car-1,2008-06-24 07:12:54,116.2736983,39.989965
Car-1,2008-06-24 07:12:57,116.2737166,39.9899316
Car-1,2008-06-24 07:13:00,116.2736983,39.98988
Car-1,2008-06-24 07:13:03,116.2737133,39.9898466
Car-1,2008-06-24 07:13:06,116.2737233,39.9898216
Car-1,2008-06-24 07:13:13,116.27371,39.9898266
Car-1,2008-06-24 07:13:21,116.2736966,39.989825
Car-1,2008-06-24 07:13:37,116.2736966,39.989825
Car-1,2008-06-24 07:13:39,116.2736966,39.9898216
Car-1,2008-06-24 07:13:42,116.2737066,39.9898066
Car-1,2008-06-24 07:13:46,116.2737349,39.98978
Car-1,2008-06-24 07:13:53,116.2737416,39.9897899
Car-1,2008-06-24 07:13:56,116.2737599,39.9897816
Car-1,2008-06-24 07:13:59,116.273765,39.98975
Car-1,2008-06-24 07:14:02,116.2737733,39.9897083
Car-1,2008-06-24 07:14:05,116.273745,39.9896599
Car-1,2008-06-24 07:14:08,116.27373,39.98963
Car-1,2008-06-24 07:14:11,116.2737116,39.9896116
Car-1,2008-06-24 07:14:14,116.2736849,39.9895933
Car-1,2008-06-24 07:14:17,116.2736649,39.9895649
Car-1,2008-06-24 07:14:24,116.2736516,39.9895649
Car-1,2008-06-24 07:14:27,116.2736533,39.9895566
Car-1,2008-06-24 07:14:28,116.2736533,39.9895566
Car-1,2008-06-24 07:14:30,116.2736566,39.9895616
Car-1,2008-06-24 07:14:33,116.2736499,39.9895183
Car-1,2008-06-24 07:14:36,116.2736333,39.989515
Car-1,2008-06-24 07:14:39,116.2736483,39.9895316
Car-1,2008-06-24 07:14:42,116.2736883,39.9895466
Car-1,2008-06-24 07:14:45,116.2737016,39.9895649
Car-1,2008-06-24 07:14:48,116.2737333,39.98961
Car-1,2008-06-24 07:14:51,116.273745,39.9896666
Car-1,2008-06-24 07:14:54,116.2737599,39.9897183
Car-1,2008-06-24 07:14:57,116.2737949,39.9897333
Car-1,2008-06-24 07:15:00,116.2738183,39.9897416
Car-1,2008-06-24 07:15:03,116.2738549,39.9897349
Car-1,2008-06-24 07:15:06,116.2738966,39.9897449
Car-1,2008-06-24 07:15:09,116.2739483,39.9897483
Car-1,2008-06-24 07:15:12,116.2739999,39.9897383
Car-1,2008-06-24 07:15:15,116.2740649,39.989725
Car-1,2008-06-24 07:15:18,116.2741083,39.9897216
Car-1,2008-06-24 07:15:21,116.2741583,39.9897199
Car-1,2008-06-24 07:15:24,116.2741833,39.9897033
Car-1,2008-06-24 07:15:27,116.2742099,39.9896933
Car-1,2008-06-24 07:15:30,116.2742166,39.9896916
Car-1,2008-06-24 07:15:36,116.2742199,39.989685
Car-1,2008-06-24 07:15:41,116.2742133,39.989685
Car-1,2008-06-24 07:15:43,116.2742133,39.989685
Car-1,2008-06-24 07:15:45,116.2742183,39.98968
Car-1,2008-06-24 07:15:48,116.2741983,39.9896783
Car-1,2008-06-24 07:15:51,116.2741599,39.9896883
Car-1,2008-06-24 07:15:54,116.2740816,39.9896899
Car-1,2008-06-24 07:15:57,116.2740299,39.9896816
Car-1,2008-06-24 07:16:00,116.2739933,39.9896666
Car-1,2008-06-24 07:16:03,116.2739716,39.9896499
Car-1,2008-06-24 07:16:06,116.2739066,39.9896583
Car-1,2008-06-24 07:16:09,116.2738449,39.9896733
Car-1,2008-06-24 07:16:12,116.2738299,39.9897
Car-1,2008-06-24 07:16:15,116.2737899,39.989755
Car-1,2008-06-24 07:16:18,116.2737466,39.9897683
Car-1,2008-06-24 07:16:21,116.2737533,39.9897983
Car-1,2008-06-24 07:16:24,116.2737583,39.9898266
Car-1,2008-06-24 07:16:27,116.2737716,39.9898783
Car-1,2008-06-24 07:16:29,116.2737983,39.9898816
Car-1,2008-06-24 07:16:30,116.2737983,39.9898816
Car-1,2008-06-24 07:16:32,116.2738066,39.9898833
Car-1,2008-06-24 07:16:35,116.2737916,39.9899433
Car-1,2008-06-24 07:16:38,116.2737883,39.9900116
Car-1,2008-06-24 07:16:40,116.2738016,39.9900233
Car-1,2008-06-24 07:16:44,116.2738116,39.990035
Car-1,2008-06-24 07:16:47,116.2738283,39.9900833
Car-1,2008-06-24 07:16:49,116.2738549,39.9901116
Car-1,2008-06-24 07:16:51,116.2738783,39.99013
Car-1,2008-06-24 07:16:54,116.2738699,39.9901633
Car-1,2008-06-24 07:16:57,116.2738683,39.9902216
Car-1,2008-06-24 07:17:00,116.2738699,39.9902616
Car-1,2008-06-24 07:17:03,116.2738883,39.9902733
Car-1,2008-06-24 07:17:06,116.2739016,39.9903049
Car-1,2008-06-24 07:17:09,116.2739533,39.9903449
Car-1,2008-06-24 07:17:12,116.27399,39.9903816
Car-1,2008-06-24 07:17:15,116.2740066,39.990395
Car-1,2008-06-24 07:17:18,116.2740083,39.9904299
Car-1,2008-06-24 07:17:21,116.2740283,39.9904533
Car-1,2008-06-24 07:17:24,116.27404,39.99047
Car-1,2008-06-24 07:17:27,116.2740516,39.990495
Car-1,2008-06-24 07:17:30,116.2740583,39.9905433
Car-1,2008-06-24 07:17:33,116.2740833,39.9905783
Car-1,2008-06-24 07:17:36,116.2740983,39.9906083
Car-1,2008-06-24 07:17:37,116.2740983,39.9906083
Car-1,2008-06-24 07:17:39,116.2741049,39.9906166
Car-1,2008-06-24 07:17:42,116.2741316,39.9906533
Car-1,2008-06-24 07:17:45,116.2741566,39.9906716
Car-1,2008-06-24 07:17:48,116.2741816,39.99069
Car-1,2008-06-24 07:17:51,116.2742133,39.9907133
Car-1,2008-06-24 07:17:54,116.2742099,39.9907633
Car-1,2008-06-24 07:17:57,116.2742066,39.9907833
Car-1,2008-06-24 07:18:00,116.2742299,39.9908033
Car-1,2008-06-24 07:18:03,116.2742516,39.9908366
Car-1,2008-06-24 07:18:06,116.2742733,39.9908949
Car-1,2008-06-24 07:18:09,116.274285,39.9909516
Car-1,2008-06-24 07:18:12,116.274305,39.9909799
Car-1,2008-06-24 07:18:15,116.2743166,39.991025
Car-1,2008-06-24 07:18:18,116.2743149,39.9910649
Car-1,2008-06-24 07:18:21,116.2743166,39.9911
Car-1,2008-06-24 07:18:24,116.2743249,39.9911333
Car-1,2008-06-24 07:18:27,116.2743249,39.99117
Car-1,2008-06-24 07:18:30,116.2743233,39.9911983
Car-1,2008-06-24 07:18:33,116.2743233,39.9912233
Car-1,2008-06-24 07:18:36,116.2743299,39.9912583
Car-1,2008-06-24 07:18:39,116.2743316,39.9912866
Car-1,2008-06-24 07:18:42,116.2743316,39.9913133
Car-1,2008-06-24 07:18:45,116.2743283,39.9913483
Car-1,2008-06-24 07:18:48,116.2743249,39.9913733
Car-1,2008-06-24 07:18:51,116.2743066,39.9914016
Car-1,2008-06-24 07:18:54,116.2743033,39.9914416
Car-1,2008-06-24 07:18:57,116.2743249,39.9914733
Car-1,2008-06-24 07:19:00,116.2743466,39.9914799
Car-1,2008-06-24 07:19:03,116.2743299,39.9915216
Car-1,2008-06-24 07:19:06,116.2743216,39.9915499
Car-1,2008-06-24 07:19:09,116.2743216,39.991575
Car-1,2008-06-24 07:19:12,116.2743383,39.9915866
Car-1,2008-06-24 07:19:15,116.2743383,39.9916066
Car-1,2008-06-24 07:19:18,116.2743449,39.9916716
Car-1,2008-06-24 07:19:21,116.2743533,39.9917083
Car-1,2008-06-24 07:19:24,116.2743649,39.991745
Car-1,2008-06-24 07:19:27,116.2743699,39.9917733
Car-1,2008-06-24 07:19:30,116.2743766,39.99181
Car-1,2008-06-24 07:19:33,116.2743966,39.9918349
Car-1,2008-06-24 07:19:34,116.2743966,39.9918349
Car-1,2008-06-24 07:19:36,116.27439,39.9918433
Car-1,2008-06-24 07:19:39,116.2743916,39.9918566
Car-1,2008-06-24 07:19:42,116.2744016,39.9918816
Car-1,2008-06-24 07:19:45,116.2744183,39.9919066
Car-1,2008-06-24 07:19:48,116.274445,39.9919583
Car-1,2008-06-24 07:19:51,116.2744516,39.9920083
Car-1,2008-06-24 07:19:54,116.2744383,39.992025
Car-1,2008-06-24 07:19:57,116.2744199,39.992065
Car-1,2008-06-24 07:20:00,116.2744166,39.9921066
Car-1,2008-06-24 07:20:02,116.2744166,39.9921066
Car-1,2008-06-24 07:20:04,116.2744183,39.9921133
Car-1,2008-06-24 07:20:07,116.2744549,39.992165
Car-1,2008-06-24 07:20:10,116.2744583,39.992205
Car-1,2008-06-24 07:20:13,116.2744416,39.9922466
Car-1,2008-06-24 07:20:16,116.2744383,39.9922799
Car-1,2008-06-24 07:20:19,116.2744616,39.9922916
Car-1,2008-06-24 07:20:23,116.27448,39.9922916
Car-1,2008-06-24 07:20:26,116.2744866,39.9923266
Car-1,2008-06-24 07:20:29,116.2744833,39.9923633
Car-1,2008-06-24 07:20:32,116.2744849,39.9923966
Car-1,2008-06-24 07:20:35,116.2744899,39.9924383
Car-1,2008-06-24 07:20:38,116.27448,39.9924833
Car-1,2008-06-24 07:20:41,116.2744766,39.9925083
Car-1,2008-06-24 07:20:44,116.27446,39.9925416
Car-1,2008-06-24 07:20:47,116.2744683,39.9925733
Car-1,2008-06-24 07:20:50,116.2744833,39.9926149
Car-1,2008-06-24 07:20:53,116.2744866,39.9926583
Car-1,2008-06-24 07:20:56,116.2744866,39.9926899
Car-1,2008-06-24 07:20:59,116.2744816,39.9927116
Car-1,2008-06-24 07:21:02,116.2744666,39.9927416
Car-1,2008-06-24 07:21:05,116.2744716,39.9927766
Car-1,2008-06-24 07:21:08,116.2744849,39.99281
Car-1,2008-06-24 07:21:11,116.2744716,39.9928299
Car-1,2008-06-24 07:21:14,116.2744549,39.9928549
Car-1,2008-06-24 07:21:17,116.2744649,39.9928966
Car-1,2008-06-24 07:21:20,116.2744699,39.992935
Car-1,2008-06-24 07:21:23,116.2744816,39.99296
Car-1,2008-06-24 07:21:26,116.2744866,39.9929983
Car-1,2008-06-24 07:21:29,116.2744883,39.9930416
Car-1,2008-06-24 07:21:32,116.27448,39.9930733
Car-1,2008-06-24 07:21:35,116.2744766,39.9931099
Car-1,2008-06-24 07:21:38,116.2744616,39.9931416
Car-1,2008-06-24 07:21:41,116.2744416,39.9931649
Car-1,2008-06-24 07:21:44,116.2744299,39.9931933
Car-1,2008-06-24 07:21:47,116.2744266,39.9932199
Car-1,2008-06-24 07:21:50,116.2744133,39.9932416
Car-1,2008-06-24 07:21:53,116.2743999,39.9932716
Car-1,2008-06-24 07:21:56,116.2743916,39.9933049
Car-1,2008-06-24 07:21:59,116.2743799,39.9933316
Car-1,2008-06-24 07:22:02,116.2743783,39.9933466
Car-1,2008-06-24 07:22:05,116.2743766,39.9933733
Car-1,2008-06-24 07:22:08,116.2743683,39.9933966
Car-1,2008-06-24 07:22:11,116.2743583,39.993425
Car-1,2008-06-24 07:22:14,116.2743449,39.9934483
Car-1,2008-06-24 07:22:17,116.2743383,39.9934699
Car-1,2008-06-24 07:22:20,116.2743366,39.9934933
Car-1,2008-06-24 07:22:23,116.2743483,39.99352
Car-1,2008-06-24 07:22:26,116.2743866,39.9935633
Car-1,2008-06-24 07:22:29,116.2743716,39.9935833
Car-1,2008-06-24 07:22:32,116.2743966,39.99359
Car-1,2008-06-24 07:22:35,116.2744616,39.9936016
Car-1,2008-06-24 07:22:38,116.2744616,39.9936233
Car-1,2008-06-24 07:22:41,116.2744283,39.993665
Car-1,2008-06-24 07:22:44,116.2744083,39.9936949
Car-1,2008-06-24 07:22:47,116.2743833,39.9937183
Car-1,2008-06-24 07:22:50,116.2743683,39.9937483
Car-1,2008-06-24 07:22:53,116.2743683,39.9937816
Car-1,2008-06-24 07:22:56,116.2743666,39.9938066
Car-1,2008-06-24 07:22:59,116.2743533,39.9938349
Car-1,2008-06-24 07:23:02,116.2743433,39.993875
Car-1,2008-06-24 07:23:05,116.2743416,39.9939016
Car-1,2008-06-24 07:23:08,116.2742983,39.9939266
Car-1,2008-06-24 07:23:11,116.2742783,39.9939566
Car-1,2008-06-24 07:23:14,116.2742649,39.9939883
Car-1,2008-06-24 07:23:17,116.2742516,39.9940266
Car-1,2008-06-24 07:23:20,116.2742433,39.9940449
Car-1,2008-06-24 07:23:23,116.2742566,39.9940633
Car-1,2008-06-24 07:23:25,116.2742533,39.9940816
Car-1,2008-06-24 07:23:28,116.2742133,39.9940816
Car-1,2008-06-24 07:23:31,116.2741633,39.994085
Car-1,2008-06-24 07:23:34,116.2741533,39.9940966
Car-1,2008-06-24 07:23:37,116.2741333,39.9941149
Car-1,2008-06-24 07:23:40,116.2741066,39.994155
Car-1,2008-06-24 07:23:43,116.2740466,39.9941783
Car-1,2008-06-24 07:23:46,116.2740899,39.9942183
Car-1,2008-06-24 07:23:49,116.2742216,39.9942733
Car-1,2008-06-24 07:23:51,116.274285,39.9942833
Car-1,2008-06-24 07:23:53,116.2744083,39.994335
Car-1,2008-06-24 07:23:55,116.2745083,39.9944083
Car-1,2008-06-24 07:23:57,116.2746616,39.9945066
Car-1,2008-06-24 07:23:59,116.2746916,39.9944816
Car-1,2008-06-24 07:24:01,116.2746366,39.9944566
Car-1,2008-06-24 07:24:03,116.2745816,39.9944383
Car-1,2008-06-24 07:24:06,116.2745283,39.9944316
Car-1,2008-06-24 07:24:09,116.2744649,39.9944533
Car-1,2008-06-24 07:24:12,116.2744133,39.9944883
Car-1,2008-06-24 07:24:15,116.2743583,39.9945083
Car-1,2008-06-24 07:24:18,116.2743133,39.9945333
Car-1,2008-06-24 07:24:21,116.2742583,39.9945683
Car-1,2008-06-24 07:24:24,116.2743083,39.9945366
Car-1,2008-06-24 07:24:27,116.2743466,39.9945316
Car-1,2008-06-24 07:24:30,116.2743783,39.9945366
Car-1,2008-06-24 07:47:46,116.2766066,39.9963349
Car-1,2008-06-24 07:47:50,116.276575,39.9963816
Car-1,2008-06-24 07:47:53,116.2765983,39.9963933
Car-1,2008-06-24 07:47:56,116.2766483,39.9964333
Car-1,2008-06-24 07:47:59,116.2767066,39.9964416
Car-1,2008-06-24 07:48:02,116.2767399,39.9964433
Car-1,2008-06-24 07:48:21,116.2769616,39.9964333
Car-1,2008-06-24 07:48:34,116.2770866,39.996495
Car-1,2008-06-24 07:48:37,116.2771266,39.9965083
Car-1,2008-06-24 07:48:47,116.2772749,39.9965633
Car-1,2008-06-24 07:48:49,116.2772633,39.9965816
Car-1,2008-06-24 07:48:51,116.2772666,39.9965933
Car-1,2008-06-24 07:48:54,116.2772849,39.9966233
Car-1,2008-06-24 07:48:57,116.2773216,39.996635
Car-1,2008-06-24 07:49:00,116.2773649,39.9966216
Car-1,2008-06-24 07:49:03,116.2774083,39.9966066
Car-1,2008-06-24 07:49:06,116.2774366,39.9966083
Car-1,2008-06-24 07:49:09,116.2774616,39.9966216
Car-1,2008-06-24 07:49:12,116.2774783,39.99663
Car-1,2008-06-24 07:49:15,116.2775166,39.99662
Car-1,2008-06-24 07:49:18,116.2775466,39.9966516
Car-1,2008-06-24 07:49:21,116.2775599,39.9966866
Car-1,2008-06-24 07:49:24,116.2775683,39.9967116
Car-1,2008-06-24 07:49:27,116.2775816,39.9967333
Car-1,2008-06-24 07:49:30,116.2776133,39.9967533
Car-1,2008-06-24 07:49:33,116.2776499,39.9967783
Car-1,2008-06-24 07:49:36,116.2776866,39.9967799
Car-1,2008-06-24 07:49:39,116.2777199,39.9967683
Car-1,2008-06-24 07:49:42,116.27776,39.9967516
Car-1,2008-06-24 07:49:45,116.2778116,39.9967549
Car-1,2008-06-24 07:49:48,116.2778533,39.9967583
Car-1,2008-06-24 07:49:51,116.2778916,39.9967649
Car-1,2008-06-24 07:49:54,116.2779316,39.9967833
Car-1,2008-06-24 07:49:57,116.27797,39.9967949
Car-1,2008-06-24 07:50:00,116.2780133,39.9968099
Car-1,2008-06-24 07:50:03,116.2780716,39.9968249
Car-1,2008-06-24 07:50:06,116.2781166,39.9968416
Car-1,2008-06-24 07:50:09,116.2781383,39.9968466
Car-1,2008-06-24 07:50:12,116.2781766,39.9968616
Car-1,2008-06-24 07:50:15,116.2782049,39.9968716
Car-1,2008-06-24 07:50:18,116.2782616,39.9968649
Car-1,2008-06-24 07:50:21,116.2782966,39.9968683
Car-1,2008-06-24 07:50:24,116.2783149,39.9968533
Car-1,2008-06-24 07:50:27,116.2783483,39.9968633
Car-1,2008-06-24 07:50:30,116.2784133,39.9968966
Car-1,2008-06-24 07:50:33,116.2784716,39.9969
Car-1,2008-06-24 07:50:36,116.2785116,39.9968866
Car-1,2008-06-24 07:50:39,116.2785616,39.9968883
Car-1,2008-06-24 07:50:42,116.2786066,39.9969
Car-1,2008-06-24 07:50:45,116.2786299,39.9968883
Car-1,2008-06-24 07:50:48,116.2786733,39.9969099
Car-1,2008-06-24 07:50:51,116.2787133,39.9969483
Car-1,2008-06-24 07:50:54,116.2787466,39.996995
Car-1,2008-06-24 07:50:57,116.2787783,39.997025
Car-1,2008-06-24 07:51:00,116.2788216,39.9970433
Car-1,2008-06-24 07:51:03,116.2788766,39.9970083
Car-1,2008-06-24 07:51:06,116.2789099,39.997
Car-1,2008-06-24 07:51:09,116.27893,39.9970133
Car-1,2008-06-24 07:51:12,116.2789383,39.9970016
Car-1,2008-06-24 07:51:13,116.2789383,39.9970016
Car-1,2008-06-24 07:51:15,116.2789383,39.997
Car-1,2008-06-24 07:51:18,116.2789533,39.9969966
Car-1,2008-06-24 07:51:22,116.2789599,39.9970033
Car-1,2008-06-24 07:51:26,116.2789599,39.9970066
Car-1,2008-06-24 07:51:27,116.2789599,39.9970066
Car-1,2008-06-24 07:51:29,116.2789633,39.9970083
Car-1,2008-06-24 07:51:32,116.2789349,39.9970049
Car-1,2008-06-24 07:51:37,116.2789016,39.9969899
Car-1,2008-06-24 07:51:40,116.2789016,39.9970033
Car-1,2008-06-24 07:51:44,116.2789083,39.9970166
Car-1,2008-06-24 07:51:46,116.2789083,39.9970166
Car-1,2008-06-24 07:51:48,116.2789083,39.9970166
Car-1,2008-06-24 07:52:30,116.2788983,39.9970183
Car-1,2008-06-24 07:52:32,116.2788983,39.9970183
Car-1,2008-06-24 07:52:34,116.2788899,39.9970166
Car-1,2008-06-24 07:53:14,116.2814333,39.9971449
Car-1,2008-06-24 07:53:16,116.2814633,39.9973183
Car-1,2008-06-24 07:53:18,116.2815616,39.9974666
Car-1,2008-06-24 07:53:20,116.2817016,39.9975199
Car-1,2008-06-24 07:53:22,116.2818549,39.997575
Car-1,2008-06-24 07:53:24,116.2821749,39.9974066
Car-1,2008-06-24 07:53:26,116.2823366,39.997335
Car-1,2008-06-24 07:53:28,116.2823833,39.9973116
Car-1,2008-06-24 07:53:31,116.2823983,39.997295
Car-1,2008-06-24 07:53:34,116.2823899,39.9972783
Car-1,2008-06-24 07:53:37,116.2823749,39.9973299
Car-1,2008-06-24 07:53:40,116.2823766,39.9974016
Car-1,2008-06-24 07:53:43,116.2823433,39.9974766
Car-1,2008-06-24 07:53:47,116.2824349,39.99732
Car-1,2008-06-24 07:53:53,116.2824366,39.9973016
Car-1,2008-06-24 07:54:19,116.2820666,39.9977433
Car-1,2008-06-24 07:54:28,116.2824949,39.9972233
Car-1,2008-06-24 07:54:31,116.2825016,39.9972383
Car-1,2008-06-24 07:54:45,116.282475,39.9972083
Car-1,2008-06-24 07:54:48,116.2825266,39.9972166
Car-1,2008-06-24 07:54:51,116.282665,39.9972399
Car-1,2008-06-24 07:54:53,116.2828216,39.9972683
Car-1,2008-06-24 07:54:55,116.2829599,39.9973099
Car-1,2008-06-24 07:54:57,116.2831249,39.99735
Car-1,2008-06-24 07:54:59,116.2832866,39.99739
Car-1,2008-06-24 07:55:01,116.2834416,39.9974399
Car-1,2008-06-24 07:55:03,116.2836116,39.9974783
Car-1,2008-06-24 07:55:05,116.2837599,39.9975
Car-1,2008-06-24 07:55:07,116.2840016,39.9973616
Car-1,2008-06-24 07:55:09,116.2842249,39.9972783
Car-1,2008-06-24 07:55:11,116.2844599,39.9971866
Car-1,2008-06-24 07:55:13,116.2846983,39.9970916
Car-1,2008-06-24 07:55:15,116.2849316,39.997
Car-1,2008-06-24 07:55:17,116.2851549,39.9969166
Car-1,2008-06-24 07:55:19,116.2853649,39.9968383
Car-1,2008-06-24 07:55:21,116.2855766,39.9967549
Car-1,2008-06-24 07:55:23,116.2857849,39.9966733
Car-1,2008-06-24 07:55:25,116.2859783,39.9965883
Car-1,2008-06-24 07:55:27,116.286125,39.9965383
Car-1,2008-06-24 07:55:29,116.2862416,39.9964983
Car-1,2008-06-24 07:55:31,116.2863,39.9964916
Car-1,2008-06-24 07:55:33,116.2863183,39.996495
Car-1,2008-06-24 07:55:35,116.2863183,39.9965033
Car-1,2008-06-24 07:55:37,116.2863199,39.99651
Car-1,2008-06-24 07:55:40,116.2863383,39.9964883
Car-1,2008-06-24 07:55:43,116.2863933,39.9964216
Car-1,2008-06-24 07:55:46,116.2864383,39.9963749
Car-1,2008-06-24 07:55:49,116.2865099,39.9963533
Car-1,2008-06-24 07:55:52,116.2866016,39.9963183
Car-1,2008-06-24 07:55:54,116.2866366,39.9963283
Car-1,2008-06-24 07:55:57,116.2866583,39.9963483
Car-1,2008-06-24 07:56:00,116.2866483,39.9963983
Car-1,2008-06-24 07:56:01,116.2866483,39.9963983
Car-1,2008-06-24 07:56:03,116.2866533,39.9964016
Car-1,2008-06-24 07:56:06,116.2867649,39.9963233
Car-1,2008-06-24 07:56:08,116.2868833,39.9962533
Car-1,2008-06-24 07:56:10,116.2869816,39.9962266
Car-1,2008-06-24 07:56:12,116.2871083,39.9961349
Car-1,2008-06-24 07:56:14,116.2872016,39.9961033
Car-1,2008-06-24 07:56:16,116.2872816,39.99607
Car-1,2008-06-24 07:56:18,116.2873416,39.9960416
Car-1,2008-06-24 07:56:20,116.2873983,39.9960249
Car-1,2008-06-24 07:56:23,116.2874566,39.9960016
Car-1,2008-06-24 07:56:26,116.2875266,39.9959949
Car-1,2008-06-24 07:56:29,116.2875966,39.9959733
Car-1,2008-06-24 07:56:31,116.2876533,39.9959633
Car-1,2008-06-24 07:56:33,116.2877116,39.9959616
Car-1,2008-06-24 07:56:35,116.2877983,39.995945
Car-1,2008-06-24 07:56:37,116.2879183,39.99592
Car-1,2008-06-24 07:56:39,116.2880866,39.9958833
Car-1,2008-06-24 07:56:41,116.2882716,39.9958366
Car-1,2008-06-24 07:56:43,116.2884833,39.9957333
Car-1,2008-06-24 07:56:45,116.2886866,39.9956633
Car-1,2008-06-24 07:56:47,116.2888583,39.9955983
Car-1,2008-06-24 07:56:49,116.2890833,39.9955666
Car-1,2008-06-24 07:56:51,116.2892799,39.9955583
Car-1,2008-06-24 07:56:53,116.28939,39.9955516
Car-1,2008-06-24 07:56:55,116.2894583,39.9955666
Car-1,2008-06-24 07:56:57,116.2895366,39.99558
Car-1,2008-06-24 07:56:59,116.2896133,39.9956266
Car-1,2008-06-24 07:57:02,116.28979,39.9956833
Car-1,2008-06-24 07:57:04,116.2899666,39.9957033
Car-1,2008-06-24 07:57:06,116.29014,39.9957433
Car-1,2008-06-24 07:57:08,116.29033,39.9957683
Car-1,2008-06-24 07:57:10,116.2905083,39.9957916
Car-1,2008-06-24 07:57:12,116.2906633,39.9958166
Car-1,2008-06-24 07:57:14,116.29082,39.9958133
Car-1,2008-06-24 07:57:16,116.2909866,39.9958183
Car-1,2008-06-24 07:57:18,116.2911433,39.9958316
Car-1,2008-06-24 07:57:20,116.2913283,39.9958283
Car-1,2008-06-24 07:57:22,116.2915016,39.9958433
Car-1,2008-06-24 07:57:24,116.2916483,39.9958483
Car-1,2008-06-24 07:57:26,116.2917883,39.9958516
Car-1,2008-06-24 07:57:28,116.2919449,39.9958666
Car-1,2008-06-24 07:57:30,116.2920933,39.99588
Car-1,2008-06-24 07:57:32,116.29225,39.9958866
Car-1,2008-06-24 07:57:34,116.2924133,39.9959066
Car-1,2008-06-24 07:57:36,116.2925633,39.9959366
Car-1,2008-06-24 07:57:38,116.2927233,39.9959766
Car-1,2008-06-24 07:57:40,116.2928716,39.9960166
Car-1,2008-06-24 07:57:42,116.2930316,39.9960349
Car-1,2008-06-24 07:57:44,116.2931966,39.9960516
Car-1,2008-06-24 07:57:46,116.2933583,39.99606
Car-1,2008-06-24 07:57:48,116.2935199,39.9960766
Car-1,2008-06-24 07:57:50,116.2937033,39.9960916
Car-1,2008-06-24 07:57:52,116.29389,39.9960949
Car-1,2008-06-24 07:57:54,116.2940766,39.99609
Car-1,2008-06-24 07:57:56,116.2942649,39.9960966
Car-1,2008-06-24 07:57:58,116.2944383,39.9960949
Car-1,2008-06-24 07:58:00,116.2945716,39.9961183
Car-1,2008-06-24 07:58:02,116.2947066,39.9961316
Car-1,2008-06-24 07:58:04,116.2947833,39.99613
Car-1,2008-06-24 07:58:06,116.2948266,39.9961416
Car-1,2008-06-24 07:58:08,116.2948566,39.9961566
Car-1,2008-06-24 07:58:10,116.2948733,39.9961583
Car-1,2008-06-24 07:58:13,116.2949033,39.9961466
Car-1,2008-06-24 07:58:16,116.2949366,39.9961666
Car-1,2008-06-24 07:58:19,116.2950216,39.99616
Car-1,2008-06-24 07:58:21,116.2950749,39.9961516
Car-1,2008-06-24 07:58:23,116.2951216,39.9961483
Car-1,2008-06-24 07:58:26,116.2951233,39.9961683
Car-1,2008-06-24 07:58:29,116.29513,39.9962016
Car-1,2008-06-24 07:58:36,116.2951316,39.9962266
Car-1,2008-06-24 07:58:39,116.2951883,39.9962433
Car-1,2008-06-24 07:58:41,116.2952916,39.9962633
Car-1,2008-06-24 07:58:43,116.2954333,39.9962883
Car-1,2008-06-24 07:58:45,116.2955983,39.9963233
Car-1,2008-06-24 07:58:47,116.295795,39.9963749
Car-1,2008-06-24 07:58:49,116.2960133,39.9964133
Car-1,2008-06-24 07:58:51,116.2962516,39.9964466
Car-1,2008-06-24 07:58:53,116.2965249,39.996435
Car-1,2008-06-24 07:58:55,116.296825,39.9964083
Car-1,2008-06-24 07:58:57,116.2971033,39.9963999
Car-1,2008-06-24 07:58:59,116.2973866,39.99642
Car-1,2008-06-24 07:59:01,116.29763,39.9964549
Car-1,2008-06-24 07:59:03,116.297855,39.9965016
Car-1,2008-06-24 07:59:05,116.2980533,39.996565
Car-1,2008-06-24 07:59:07,116.2982466,39.9966149
Car-1,2008-06-24 07:59:09,116.2984033,39.9966799
Car-1,2008-06-24 07:59:11,116.2985316,39.9966649
Car-1,2008-06-24 07:59:13,116.2986233,39.9965916
Car-1,2008-06-24 07:59:15,116.2986799,39.9964716
Car-1,2008-06-24 07:59:17,116.2987316,39.9963683
Car-1,2008-06-24 07:59:19,116.2987733,39.9962316
Car-1,2008-06-24 07:59:21,116.2988216,39.9960916
Car-1,2008-06-24 07:59:23,116.2988966,39.9959249
Car-1,2008-06-24 07:59:25,116.2990116,39.9957416
Car-1,2008-06-24 07:59:27,116.2991166,39.995595
Car-1,2008-06-24 07:59:29,116.2992383,39.9954266
Car-1,2008-06-24 07:59:31,116.2993616,39.9952649
Car-1,2008-06-24 07:59:33,116.2995066,39.9950983
Car-1,2008-06-24 07:59:35,116.2996733,39.9949466
Car-1,2008-06-24 07:59:37,116.2998316,39.9948466
Car-1,2008-06-24 07:59:39,116.2999799,39.9947499
Car-1,2008-06-24 07:59:41,116.3001016,39.9946983
Car-1,2008-06-24 07:59:43,116.3002183,39.9946733
Car-1,2008-06-24 07:59:45,116.3003483,39.9946183
Car-1,2008-06-24 07:59:47,116.3004516,39.9945683
Car-1,2008-06-24 07:59:49,116.3005649,39.9944849
Car-1,2008-06-24 07:59:51,116.3006666,39.9943849
Car-1,2008-06-24 07:59:53,116.3007666,39.9942983
Car-1,2008-06-24 07:59:55,116.3008883,39.9941716
Car-1,2008-06-24 07:59:57,116.301065,39.993985
Car-1,2008-06-24 07:59:59,116.3012499,39.9937766
Car-1,2008-06-24 08:00:01,116.3014466,39.9935533
Car-1,2008-06-24 08:00:03,116.3016349,39.9933049
Car-1,2008-06-24 08:00:13,116.3021883,39.9917
Car-1,2008-06-24 08:00:23,116.3026416,39.9899833
Car-1,2008-06-24 08:00:33,116.3032449,39.9881933
Car-1,2008-06-24 08:00:43,116.3044216,39.9861116
Car-1,2008-06-24 08:00:53,116.30524,39.9836816
Car-1,2008-06-24 08:01:07,116.3045683,39.9781683
Car-1,2008-06-24 08:01:17,116.3057849,39.9771716
Car-1,2008-06-24 08:01:27,116.3068933,39.9748583
Car-1,2008-06-24 08:08:02,116.3039716,39.9843649
Car-1,2008-06-24 08:08:04,116.3039533,39.9843483
Car-1,2008-06-24 08:08:06,116.3039416,39.9843566
Car-1,2008-06-24 08:08:08,116.3039383,39.9843866
Car-1,2008-06-24 08:08:16,116.3033566,39.9837216
Car-1,2008-06-24 08:08:19,116.3032783,39.9837183
Car-1,2008-06-24 08:08:22,116.3032016,39.9836899
Car-1,2008-06-24 08:08:25,116.3031499,39.9836349
Car-1,2008-06-24 08:08:28,116.3030616,39.98359
Car-1,2008-06-24 08:08:31,116.3029883,39.9835716
Car-1,2008-06-24 08:08:34,116.3029316,39.9835783
Car-1,2008-06-24 08:08:37,116.302885,39.9835866
Car-1,2008-06-24 08:08:40,116.3028566,39.9836099
Car-1,2008-06-24 08:08:43,116.3028266,39.9836349
Car-1,2008-06-24 08:08:46,116.3027899,39.9836416
Car-1,2008-06-24 08:08:47,116.3027899,39.9836416
Car-1,2008-06-24 08:08:49,116.302795,39.98364
Car-1,2008-06-24 08:08:52,116.3027683,39.9836349
Car-1,2008-06-24 08:08:55,116.3027233,39.9836366
Car-1,2008-06-24 08:08:58,116.3026833,39.9836349
Car-1,2008-06-24 08:09:01,116.3026483,39.98364
Car-1,2008-06-24 08:09:04,116.3026149,39.9836516
Car-1,2008-06-24 08:09:07,116.3025733,39.9836649
Car-1,2008-06-24 08:09:10,116.3025183,39.9836733
Car-1,2008-06-24 08:09:13,116.3025116,39.9836633
Car-1,2008-06-24 08:09:16,116.3024816,39.9836716
Car-1,2008-06-24 08:09:19,116.3024466,39.9836833
Car-1,2008-06-24 08:09:22,116.3024066,39.9837016
Car-1,2008-06-24 08:09:25,116.3023783,39.98371
Car-1,2008-06-24 08:09:28,116.3023483,39.98371
Car-1,2008-06-24 08:09:31,116.3023116,39.983715
Car-1,2008-06-24 08:09:34,116.3022799,39.9837233
Car-1,2008-06-24 08:09:37,116.3022449,39.9837333
Car-1,2008-06-24 08:09:40,116.3022049,39.9837366
Car-1,2008-06-24 08:09:43,116.3021466,39.9837466
Car-1,2008-06-24 08:09:46,116.3021033,39.9837566
Car-1,2008-06-24 08:09:49,116.3020733,39.9837333
Car-1,2008-06-24 08:09:52,116.3020516,39.983715
Car-1,2008-06-24 08:09:58,116.302045,39.9836966
Car-1,2008-06-24 08:10:12,116.302045,39.9836966
Car-1,2008-06-24 08:10:14,116.3020416,39.9836949
Car-1,2008-06-24 08:10:17,116.3020066,39.9836833
Car-1,2008-06-24 08:10:20,116.3019683,39.9836633
Car-1,2008-06-24 08:10:23,116.3019266,39.983645
Car-1,2008-06-24 08:10:26,116.3018933,39.9836433
Car-1,2008-06-24 08:10:29,116.3018783,39.98364
Car-1,2008-06-24 08:10:32,116.3018566,39.9836016
Car-1,2008-06-24 08:10:33,116.3018566,39.9836016
Car-1,2008-06-24 08:10:35,116.3018566,39.9836066
Car-1,2008-06-24 08:10:38,116.3018316,39.9835933
Car-1,2008-06-24 08:10:41,116.3017866,39.9835966
Car-1,2008-06-24 08:10:44,116.3017383,39.9835916
Car-1,2008-06-24 08:10:47,116.3016883,39.9835833
Car-1,2008-06-24 08:10:50,116.3016533,39.9835533
Car-1,2008-06-24 08:10:53,116.301645,39.9835266
Car-1,2008-06-24 08:10:56,116.3016466,39.9834966
Car-1,2008-06-24 08:10:59,116.3016383,39.9834799
Car-1,2008-06-24 08:11:02,116.3016149,39.9834433
Car-1,2008-06-24 08:11:05,116.3015799,39.9834099
Car-1,2008-06-24 08:11:08,116.3015616,39.9833949
Car-1,2008-06-24 08:11:11,116.3015766,39.9833816
Car-1,2008-06-24 08:11:14,116.3016383,39.9834249
Car-1,2008-06-24 08:11:17,116.3016683,39.9834516
Car-1,2008-06-24 08:11:20,116.3016516,39.9834866
Car-1,2008-06-24 08:11:23,116.3016216,39.9835666
Car-1,2008-06-24 08:11:25,116.3016133,39.98357
Car-1,2008-06-24 08:11:27,116.3016199,39.9835983
Car-1,2008-06-24 08:11:29,116.3016416,39.9836483
Car-1,2008-06-24 08:11:30,116.3016416,39.9836483
Car-1,2008-06-24 08:11:32,116.3016483,39.9836433
Car-1,2008-06-24 08:11:35,116.3016266,39.9836533
Car-1,2008-06-24 08:11:48,116.3015499,39.9835816
Car-1,2008-06-24 08:11:51,116.3015366,39.983585
Car-1,2008-06-24 08:11:58,116.3015349,39.9836483
Car-1,2008-06-24 08:12:01,116.301485,39.9836216
Car-1,2008-06-24 08:12:43,116.3015183,39.9844183
Car-1,2008-06-24 08:12:47,116.3011449,39.9851983
Car-1,2008-06-24 08:12:49,116.3009433,39.9856866
Car-1,2008-06-24 08:13:11,116.2985766,39.9857083
Car-1,2008-06-24 08:13:13,116.2984133,39.9858716
Car-1,2008-06-24 08:13:15,116.2982516,39.9860333
Car-1,2008-06-24 08:13:17,116.2980833,39.9862249
Car-1,2008-06-24 08:13:19,116.2979316,39.9864166
Car-1,2008-06-24 08:13:21,116.2978099,39.9866333
Car-1,2008-06-24 08:13:23,116.2976833,39.9868533
Car-1,2008-06-24 08:13:25,116.2975466,39.9870616
Car-1,2008-06-24 08:13:27,116.2974033,39.987255
Car-1,2008-06-24 08:13:29,116.2972666,39.9874183
Car-1,2008-06-24 08:52:41,116.3040049,39.9831033
Car-1,2008-06-24 08:52:44,116.3045549,39.9827416
Car-1,2008-06-24 08:52:48,116.3044266,39.9829749
Car-1,2008-06-24 08:52:51,116.3040966,39.9833266
Car-1,2008-06-24 08:52:53,116.3040716,39.9833166
Car-1,2008-06-24 08:53:02,116.3042916,39.9829816
Car-1,2008-06-24 08:55:43,116.3120633,39.9840633
Car-1,2008-06-24 08:55:53,116.31233,39.9837983
Car-1,2008-06-24 08:55:56,116.3124283,39.9837283
Car-1,2008-06-24 08:55:59,116.3124533,39.983715
Car-1,2008-06-24 08:56:02,116.3125016,39.9836866
Car-1,2008-06-24 08:56:04,116.3125433,39.98367
Car-1,2008-06-24 08:56:06,116.3125633,39.983645
Car-1,2008-06-24 08:56:12,116.3125449,39.9836566
Car-1,2008-06-24 08:56:25,116.3125449,39.9836566
Car-1,2008-06-24 08:56:27,116.3125499,39.9836566
Car-1,2008-06-24 08:56:30,116.3125933,39.9836433
Car-1,2008-06-24 08:56:33,116.3127149,39.9836433
Car-1,2008-06-24 08:56:35,116.31285,39.9836483
Car-1,2008-06-24 08:56:37,116.3130316,39.9836583
Car-1,2008-06-24 08:56:39,116.3132183,39.98364
Car-1,2008-06-24 08:56:41,116.3134366,39.9836499
Car-1,2008-06-24 08:56:43,116.3136949,39.9836916
Car-1,2008-06-24 08:56:45,116.3139116,39.9836899
Car-1,2008-06-24 08:56:47,116.3141216,39.9837216
Car-1,2008-06-24 08:56:49,116.3141999,39.9837033
Car-1,2008-06-24 08:56:51,116.3142749,39.9837066
Car-1,2008-06-24 08:56:53,116.3143483,39.9836949
Car-1,2008-06-24 08:56:55,116.3144416,39.9836766
Car-1,2008-06-24 08:56:57,116.3145533,39.9836583
Car-1,2008-06-24 08:57:12,116.3153583,39.9835916
Car-1,2008-06-24 08:57:15,116.3153933,39.9835866
Car-1,2008-06-24 08:57:18,116.3154499,39.9835949
Car-1,2008-06-24 08:57:21,116.3155099,39.9836016
Car-1,2008-06-24 08:57:24,116.3155299,39.9836133
Car-1,2008-06-24 08:57:30,116.3155299,39.9836133
Car-1,2008-06-24 08:57:32,116.3155333,39.9836083
Car-1,2008-06-24 08:57:35,116.315645,39.9836166
Car-1,2008-06-24 08:57:37,116.3157433,39.9836316
Car-1,2008-06-24 08:57:39,116.3158616,39.9836466
Car-1,2008-06-24 08:57:41,116.3160116,39.9836566
Car-1,2008-06-24 08:57:43,116.31617,39.9836633
Car-1,2008-06-24 08:57:45,116.3163416,39.9836683
Car-1,2008-06-24 08:57:47,116.3165233,39.9836766
Car-1,2008-06-24 08:57:49,116.3167183,39.9836833
Car-1,2008-06-24 08:57:51,116.3169266,39.9836933
Car-1,2008-06-24 08:57:53,116.3171483,39.9837033
Car-1,2008-06-24 08:57:55,116.3173833,39.9837166
Car-1,2008-06-24 08:57:57,116.3176283,39.9837283
Car-1,2008-06-24 08:57:59,116.3178616,39.9837416
Car-1,2008-06-24 08:58:01,116.3180799,39.9837566
Car-1,2008-06-24 08:58:03,116.3182866,39.98377
Car-1,2008-06-24 08:58:05,116.3184816,39.9837816
Car-1,2008-06-24 08:58:07,116.3186699,39.9837899
Car-1,2008-06-24 08:58:09,116.3188583,39.983795
Car-1,2008-06-24 08:58:11,116.3190549,39.9838
Car-1,2008-06-24 08:58:13,116.31926,39.9838149
Car-1,2008-06-24 08:58:15,116.3194766,39.9838366
Car-1,2008-06-24 08:58:17,116.319695,39.9838449
Car-1,2008-06-24 08:58:19,116.3199183,39.9838533
Car-1,2008-06-24 08:58:21,116.32015,39.98385
Car-1,2008-06-24 08:58:23,116.3203766,39.9838666
Car-1,2008-06-24 08:58:25,116.3205633,39.9838749
Car-1,2008-06-24 08:58:27,116.3206999,39.9838833
Car-1,2008-06-24 08:58:29,116.3207933,39.9838899
Car-1,2008-06-24 08:58:31,116.3208516,39.9838933
Car-1,2008-06-24 08:58:34,116.3208883,39.9839049
Car-1,2008-06-24 08:58:35,116.3208883,39.9839049
Car-1,2008-06-24 08:58:37,116.3208949,39.9839133
Car-1,2008-06-24 08:58:40,116.3209083,39.9839333
Car-1,2008-06-24 08:58:43,116.3209633,39.9839616
Car-1,2008-06-24 08:58:45,116.3210466,39.9839783
Car-1,2008-06-24 08:58:47,116.3211499,39.9840016
Car-1,2008-06-24 08:58:49,116.3212633,39.9840333
Car-1,2008-06-24 08:58:51,116.32139,39.9839916
Car-1,2008-06-24 08:59:40,116.3236566,39.9843666
Car-1,2008-06-24 09:00:51,116.3243683,39.984345
Car-1,2008-06-24 09:02:26,116.32537,39.9846116
Car-1,2008-06-24 09:02:28,116.3254666,39.9846966
Car-1,2008-06-24 09:02:30,116.3255516,39.98475
Car-1,2008-06-24 09:02:32,116.3255983,39.9848116
Car-1,2008-06-24 09:02:34,116.3256216,39.984865
Car-1,2008-06-24 09:02:36,116.3256283,39.9849316
Car-1,2008-06-24 09:02:39,116.3256016,39.9850166
Car-1,2008-06-24 09:02:42,116.3256249,39.985075
Car-1,2008-06-24 09:02:48,116.3257266,39.9852999
Car-1,2008-06-24 09:02:50,116.3257999,39.9854149
Car-1,2008-06-24 09:02:52,116.3259216,39.9854916
Car-1,2008-06-24 09:02:54,116.3260249,39.9856583
Car-1,2008-06-24 09:02:56,116.3261599,39.98591
Car-1,2008-06-24 09:02:58,116.3263283,39.9861183
Car-1,2008-06-24 09:03:01,116.3265116,39.9864533
Car-1,2008-06-24 09:03:03,116.326715,39.9869316
Car-1,2008-06-24 09:03:05,116.3269216,39.9872566
Car-1,2008-06-24 09:03:07,116.3271016,39.9875083
Car-1,2008-06-24 09:03:17,116.3281433,39.9889833
Car-1,2008-06-24 09:03:27,116.3289433,39.9903783
Car-1,2008-06-24 09:03:29,116.3290733,39.9905983
Car-1,2008-06-24 09:03:31,116.3292049,39.9908266
Car-1,2008-06-24 09:03:33,116.32928,39.991055
Car-1,2008-06-24 09:03:35,116.32937,39.9912733
Car-1,2008-06-24 09:03:37,116.3294816,39.991505
Car-1,2008-06-24 09:03:39,116.3296266,39.9917916
Car-1,2008-06-24 09:03:41,116.3297616,39.9920333
Car-1,2008-06-24 09:03:43,116.3299016,39.9922783
Car-1,2008-06-24 09:03:45,116.3300333,39.9925316
Car-1,2008-06-24 09:03:47,116.3301983,39.9928033
Car-1,2008-06-24 09:03:49,116.3303866,39.9931033
Car-1,2008-06-24 09:03:51,116.3305416,39.99338
Car-1,2008-06-24 09:03:53,116.3306883,39.9936466
Car-1,2008-06-24 09:03:55,116.3308949,39.9939783
Car-1,2008-06-24 09:04:05,116.3320499,39.9958333
Car-1,2008-06-24 09:04:15,116.3333899,39.9980016
Car-1,2008-06-24 09:04:25,116.33504,40.0007266
Car-1,2008-06-24 09:04:35,116.3370549,40.0036199
Car-1,2008-06-24 09:04:45,116.3392733,40.0064133
Car-1,2008-06-24 09:04:58,116.3423249,40.0114566
Car-1,2008-06-24 09:05:14,116.3269433,39.9870216
Car-1,2008-06-24 09:05:17,116.3269033,39.9869766
Car-1,2008-06-24 09:05:21,116.3268783,39.9869566
Car-1,2008-06-24 09:05:24,116.3268749,39.9869483
Car-1,2008-06-24 09:05:27,116.3268733,39.9869399
Car-1,2008-06-24 09:05:28,116.3268733,39.9869399
Car-1,2008-06-24 09:05:30,116.3268749,39.9869416
Car-1,2008-06-24 09:05:49,116.3268749,39.9868633
Car-1,2008-06-24 09:05:52,116.3268499,39.986825
Car-1,2008-06-24 09:05:59,116.3262283,39.985675
Car-1,2008-06-24 09:06:02,116.3260299,39.9854116
Car-1,2008-06-24 09:06:05,116.3260483,39.9853366
Car-1,2008-06-24 09:06:08,116.3260716,39.9853266
Car-1,2008-06-24 09:06:11,116.3260799,39.9852816
Car-1,2008-06-24 09:06:14,116.3260583,39.9852216
Car-1,2008-06-24 09:06:17,116.3260599,39.9851899
Car-1,2008-06-24 09:06:20,116.3260799,39.985185
Car-1,2008-06-24 09:06:23,116.3261,39.9852016
Car-1,2008-06-24 09:06:49,116.3261099,39.9851966
Car-1,2008-06-24 09:06:52,116.3262083,39.9851683
Car-1,2008-06-24 09:06:54,116.32631,39.9851749
Car-1,2008-06-24 09:06:56,116.3264299,39.9851866
Car-1,2008-06-24 09:06:58,116.3265683,39.9851983
Car-1,2008-06-24 09:07:00,116.3267049,39.985215
Car-1,2008-06-24 09:07:02,116.3268383,39.9852299
Car-1,2008-06-24 09:07:04,116.3269633,39.9852449
Car-1,2008-06-24 09:07:06,116.3270849,39.9852633
Car-1,2008-06-24 09:07:08,116.3272249,39.9852783
Car-1,2008-06-24 09:07:10,116.3274033,39.985285
Car-1,2008-06-24 09:07:12,116.3275949,39.9852999
Car-1,2008-06-24 09:07:14,116.3277849,39.9852916
Car-1,2008-06-24 09:07:16,116.3279799,39.9852683
Car-1,2008-06-24 09:07:18,116.3281883,39.9852416
Car-1,2008-06-24 09:07:20,116.3284299,39.9852516
Car-1,2008-06-24 09:07:24,116.3285349,39.9845866
Car-1,2008-06-24 09:07:28,116.3291933,39.9846683
Car-1,2008-06-24 09:07:30,116.3295966,39.9847183
Car-1,2008-06-24 09:07:32,116.3299766,39.9848216
Car-1,2008-06-24 09:08:01,116.3356716,39.9857333
Car-1,2008-06-24 09:08:03,116.3359549,39.98573
Car-1,2008-06-24 09:08:05,116.3362499,39.985715
Car-1,2008-06-24 09:08:07,116.3365466,39.985715
Car-1,2008-06-24 09:08:09,116.3368466,39.9857166
Car-1,2008-06-24 09:08:11,116.3371316,39.985715
Car-1,2008-06-24 09:08:13,116.3373816,39.9857333
Car-1,2008-06-24 09:08:15,116.3376283,39.9857366
Car-1,2008-06-24 09:08:17,116.337815,39.9856949
Car-1,2008-06-24 09:08:19,116.3380033,39.9856566
Car-1,2008-06-24 09:08:21,116.3382583,39.9856716
Car-1,2008-06-24 09:08:23,116.3384933,39.9856516
Car-1,2008-06-24 09:08:25,116.3386999,39.9856099
Car-1,2008-06-24 09:08:27,116.3388883,39.9856416
Car-1,2008-06-24 09:08:29,116.339075,39.9856566
Car-1,2008-06-24 09:08:31,116.3392433,39.9856849
Car-1,2008-06-24 09:08:33,116.3393949,39.985705
Car-1,2008-06-24 09:08:35,116.3394849,39.9856933
Car-1,2008-06-24 09:08:37,116.3394883,39.98558
Car-1,2008-06-24 09:08:39,116.339475,39.98556
Car-1,2008-06-24 09:08:42,116.3394466,39.9855866
Car-1,2008-06-24 09:08:45,116.339425,39.9855983
Car-1,2008-06-24 09:08:48,116.3394166,39.9856099
Car-1,2008-06-24 09:08:51,116.339425,39.9856466
Car-1,2008-06-24 09:08:54,116.3393999,39.9856316
Car-1,2008-06-24 09:08:57,116.3394233,39.9856233
Car-1,2008-06-24 09:09:00,116.3395233,39.9856316
Car-1,2008-06-24 09:09:03,116.3396766,39.9856099
Car-1,2008-06-24 09:09:05,116.3398183,39.9855866
Car-1,2008-06-24 09:09:07,116.3399983,39.9855833
Car-1,2008-06-24 09:09:09,116.3401816,39.9855633
Car-1,2008-06-24 09:09:11,116.3403783,39.9855399
Car-1,2008-06-24 09:09:13,116.3405849,39.9855299
Car-1,2008-06-24 09:09:15,116.3407983,39.9855216
Car-1,2008-06-24 09:09:17,116.3410816,39.98566
Car-1,2008-06-24 09:09:19,116.3413399,39.9857333
Car-1,2008-06-24 09:09:21,116.3415749,39.9858
Car-1,2008-06-24 09:09:23,116.3418,39.9858033
Car-1,2008-06-24 09:09:25,116.342025,39.9858433
Car-1,2008-06-24 09:09:27,116.3421849,39.9857816
Car-1,2008-06-24 09:09:29,116.3422783,39.9856183
Car-1,2008-06-24 09:09:31,116.3423766,39.9855333
Car-1,2008-06-24 09:09:33,116.3424466,39.9855116
Car-1,2008-06-24 09:09:35,116.34253,39.9854999
Car-1,2008-06-24 09:09:37,116.3426183,39.9854966
Car-1,2008-06-24 09:09:39,116.3426933,39.9854966
Car-1,2008-06-24 09:09:41,116.3427999,39.9854699
Car-1,2008-06-24 09:09:43,116.34293,39.9854666
Car-1,2008-06-24 09:09:45,116.3430716,39.98545
Car-1,2008-06-24 09:09:47,116.34321,39.9854449
Car-1,2008-06-24 09:09:49,116.3433466,39.9854483
Car-1,2008-06-24 09:09:51,116.3434883,39.9854666
Car-1,2008-06-24 09:09:53,116.3436166,39.9854766
Car-1,2008-06-24 09:09:55,116.3437166,39.9854783
Car-1,2008-06-24 09:09:57,116.3437666,39.9854883
Car-1,2008-06-24 09:09:59,116.3437933,39.9855316
Car-1,2008-06-24 09:10:02,116.3437683,39.9856183
Car-1,2008-06-24 09:10:05,116.3437866,39.9856783
Car-1,2008-06-24 09:10:08,116.3438383,39.9857349
Car-1,2008-06-24 09:10:11,116.3439499,39.9857549
Car-1,2008-06-24 09:10:13,116.3440399,39.985785
Car-1,2008-06-24 09:10:18,116.34426,39.9858049
Car-1,2008-06-24 09:10:20,116.3443183,39.9857816
Car-1,2008-06-24 09:10:22,116.3443633,39.9857416
Car-1,2008-06-24 09:10:24,116.3444299,39.9857583
Car-1,2008-06-24 09:10:26,116.3445066,39.9857616
Car-1,2008-06-24 09:10:28,116.3445933,39.98576
Car-1,2008-06-24 09:10:30,116.3446966,39.985745
Car-1,2008-06-24 09:10:32,116.3448033,39.98572
Car-1,2008-06-24 09:10:34,116.3449133,39.9857166
Car-1,2008-06-24 09:10:36,116.3450383,39.9856966
Car-1,2008-06-24 09:10:38,116.3451383,39.9856966
Car-1,2008-06-24 09:10:40,116.3452266,39.9857099
Car-1,2008-06-24 09:10:42,116.3453166,39.985715
Car-1,2008-06-24 09:10:44,116.3453933,39.9857216
Car-1,2008-06-24 09:10:46,116.3454583,39.9857016
Car-1,2008-06-24 09:10:48,116.3455183,39.9856833
Car-1,2008-06-24 09:10:50,116.3455999,39.9856566
Car-1,2008-06-24 09:10:52,116.3457083,39.9856166
Car-1,2008-06-24 09:10:54,116.3458049,39.9855816
Car-1,2008-06-24 09:10:56,116.3459183,39.9855466
Car-1,2008-06-24 09:10:58,116.3460366,39.9855249
Car-1,2008-06-24 09:11:00,116.346145,39.9854783
Car-1,2008-06-24 09:11:02,116.3462549,39.9854233
Car-1,2008-06-24 09:11:04,116.3463799,39.9853683
Car-1,2008-06-24 09:11:06,116.3465249,39.985325
Car-1,2008-06-24 09:11:08,116.346705,39.9853083
Car-1,2008-06-24 09:11:10,116.3468966,39.985295
Car-1,2008-06-24 09:11:12,116.3470833,39.9852883
Car-1,2008-06-24 09:11:14,116.3472749,39.9852866
Car-1,2008-06-24 09:11:16,116.3474749,39.9852916
Car-1,2008-06-24 09:11:18,116.3476549,39.98527
Car-1,2008-06-24 09:11:20,116.3478816,39.9852283
Car-1,2008-06-24 09:11:22,116.3481166,39.9852299
Car-1,2008-06-24 09:11:24,116.3483499,39.9852383
Car-1,2008-06-24 09:11:26,116.34857,39.9852516
Car-1,2008-06-24 09:11:28,116.3487833,39.9852499
Car-1,2008-06-24 09:11:34,116.3494466,39.9852716
Car-1,2008-06-24 09:11:36,116.3496166,39.985295
Car-1,2008-06-24 09:11:41,116.3499966,39.9854833
Car-1,2008-06-24 09:11:52,116.3502433,39.9855183
Car-1,2008-06-24 09:12:01,116.3504433,39.9855966
Car-1,2008-06-24 09:12:03,116.3505399,39.9857316
Car-1,2008-06-24 09:12:05,116.3506249,39.9857683
Car-1,2008-06-24 09:12:07,116.3507149,39.9857883
Car-1,2008-06-24 09:12:09,116.3507816,39.9858049
Car-1,2008-06-24 09:12:11,116.3508283,39.9858116
Car-1,2008-06-24 09:12:13,116.3508566,39.9858283
Car-1,2008-06-24 09:12:16,116.350875,39.985855
Car-1,2008-06-24 09:12:19,116.3508966,39.9858866
Car-1,2008-06-24 09:12:22,116.3509233,39.9859166
Car-1,2008-06-24 09:12:25,116.3508849,39.9858199
Car-1,2008-06-24 09:12:28,116.3509866,39.9858416
Car-1,2008-06-24 09:12:31,116.3510933,39.9858983
Car-1,2008-06-24 09:12:34,116.3511499,39.98593
Car-1,2008-06-24 09:12:37,116.35121,39.9859616
Car-1,2008-06-24 09:12:40,116.35126,39.9858866
Car-1,2008-06-24 09:12:43,116.3512683,39.9858383
Car-1,2008-06-24 09:12:46,116.3512666,39.9858099
Car-1,2008-06-24 09:12:49,116.3512849,39.9858033
Car-1,2008-06-24 09:12:52,116.351295,39.9858166
Car-1,2008-06-24 09:12:55,116.351315,39.9858
Car-1,2008-06-24 09:12:58,116.3513266,39.9857966
Car-1,2008-06-24 09:13:01,116.351345,39.9857816
Car-1,2008-06-24 09:13:04,116.3513699,39.9857716
Car-1,2008-06-24 09:13:07,116.3513949,39.9857649
Car-1,2008-06-24 09:13:10,116.3514449,39.9857716
Car-1,2008-06-24 09:13:13,116.3515033,39.9858049
Car-1,2008-06-24 09:13:16,116.3516499,39.9858783
Car-1,2008-06-24 09:13:18,116.3517716,39.9859533
Car-1,2008-06-24 09:13:20,116.3519016,39.9860533
Car-1,2008-06-24 09:13:22,116.351995,39.9861299
Car-1,2008-06-24 09:13:24,116.3520633,39.986195
Car-1,2008-06-24 09:13:26,116.3521399,39.9862883
Car-1,2008-06-24 09:13:28,116.3521866,39.9863099
Car-1,2008-06-24 09:13:30,116.35217,39.9861983
Car-1,2008-06-24 09:13:33,116.3521899,39.9860883
Car-1,2008-06-24 09:13:36,116.35222,39.9860166
Car-1,2008-06-24 09:13:39,116.3522083,39.9859766
Car-1,2008-06-24 09:13:42,116.3522366,39.98593
Car-1,2008-06-24 09:13:44,116.35227,39.9858416
Car-1,2008-06-24 09:13:46,116.3523283,39.9857649
Car-1,2008-06-24 09:13:48,116.3523999,39.9856816
Car-1,2008-06-24 09:13:50,116.3524016,39.9856966
Car-1,2008-06-24 09:13:52,116.3524516,39.98569
Car-1,2008-06-24 09:13:54,116.3525299,39.9857483
Car-1,2008-06-24 09:13:56,116.3525633,39.98573
Car-1,2008-06-24 09:13:59,116.3523166,39.9858183
Car-1,2008-06-24 09:14:02,116.3523033,39.9857399
Car-1,2008-06-24 09:14:05,116.3523266,39.9856683
Car-1,2008-06-24 09:14:08,116.3523149,39.98565
Car-1,2008-06-24 09:14:11,116.3522133,39.9856783
Car-1,2008-06-24 09:14:13,116.3520849,39.9857383
Car-1,2008-06-24 09:14:15,116.351855,39.9859166
Car-1,2008-06-24 09:14:17,116.3513866,39.986235
Car-1,2008-06-24 09:14:28,116.3477449,39.9889916
Car-1,2008-06-24 09:40:24,116.3503716,39.9801783
Car-1,2008-06-24 09:40:29,116.3504333,39.9801183
Car-1,2008-06-24 09:40:31,116.3504516,39.9801199
Car-1,2008-06-24 09:40:34,116.3504783,39.9801049
Car-1,2008-06-24 09:40:37,116.3504816,39.9801199
Car-1,2008-06-24 09:40:40,116.3504983,39.9801133
Car-1,2008-06-24 09:40:43,116.3505149,39.98007
Car-1,2008-06-24 09:40:49,116.3505399,39.9800916
Car-1,2008-06-24 09:40:52,116.3505633,39.9801783
Car-1,2008-06-24 09:40:55,116.3505366,39.9801683
Car-1,2008-06-24 09:40:58,116.3505783,39.9802433
Car-1,2008-06-24 09:41:01,116.3506533,39.980295
Car-1,2008-06-24 09:41:04,116.3506983,39.9803516
Car-1,2008-06-24 09:41:07,116.3507433,39.9804483
Car-1,2008-06-24 09:41:09,116.350735,39.980475
Car-1,2008-06-24 09:41:12,116.3506749,39.9804999
Car-1,2008-06-24 09:41:15,116.3505916,39.9804949
Car-1,2008-06-24 09:41:18,116.3505033,39.9804766
Car-1,2008-06-24 09:41:21,116.3503716,39.9804399
Car-1,2008-06-24 09:41:24,116.3503233,39.9804316
Car-1,2008-06-24 09:41:28,116.3503399,39.980375
Car-1,2008-06-24 09:41:31,116.3503583,39.980365
Car-1,2008-06-24 09:41:34,116.3504233,39.980325
Car-1,2008-06-24 09:41:37,116.3504799,39.9802699
Car-1,2008-06-24 09:41:40,116.3505049,39.98021
Car-1,2008-06-24 09:41:43,116.3505083,39.9801333
Car-1,2008-06-24 09:41:46,116.3505199,39.98007
Car-1,2008-06-24 09:41:49,116.3505649,39.9800733
Car-1,2008-06-24 09:41:52,116.3506166,39.9801066
Car-1,2008-06-24 09:41:55,116.3506566,39.98017
Car-1,2008-06-24 09:41:58,116.3506933,39.9801816
Car-1,2008-06-24 09:42:00,116.3507249,39.9801899
Car-1,2008-06-24 09:42:03,116.3507483,39.9802483
Car-1,2008-06-24 09:42:06,116.3507849,39.98024
Car-1,2008-06-24 09:42:08,116.3508433,39.9802066
Car-1,2008-06-24 09:42:10,116.3508433,39.9802266
Car-1,2008-06-24 09:42:13,116.3508216,39.9802633
Car-1,2008-06-24 09:44:05,116.3509383,39.9807366
Car-1,2008-06-24 09:44:08,116.3509499,39.9807466
Car-1,2008-06-24 09:44:09,116.3509499,39.9807466
Car-1,2008-06-24 09:44:11,116.3509416,39.9807416
Car-1,2008-06-24 09:44:14,116.3509416,39.980715
Car-1,2008-06-24 09:44:17,116.3509249,39.9807183
Car-1,2008-06-24 09:44:20,116.3508549,39.9806883
Car-1,2008-06-24 09:44:23,116.3507499,39.9806499
Car-1,2008-06-24 09:44:42,116.3502899,39.9807433
Car-1,2008-06-24 09:44:45,116.3502716,39.9808166
Car-1,2008-06-24 09:44:48,116.3502249,39.9808383
Car-1,2008-06-24 09:44:51,116.3501883,39.9808
Car-1,2008-06-24 09:44:54,116.3501433,39.9807483
Car-1,2008-06-24 10:36:43,116.3518649,39.9817833
Car-1,2008-06-24 10:36:46,116.3518333,39.981835
Car-1,2008-06-24 10:39:23,116.3519016,39.9828633
Car-1,2008-06-24 10:39:26,116.3519833,39.9828933
Car-1,2008-06-24 10:39:29,116.3521616,39.9829283
Car-1,2008-06-24 10:39:32,116.3523333,39.9829799
Car-1,2008-06-24 10:39:35,116.35241,39.9829683
Car-1,2008-06-24 10:39:42,116.352485,39.9829366
Car-1,2008-06-24 10:39:45,116.3524783,39.9830216
Car-1,2008-06-24 10:39:47,116.3524049,39.9830933
Car-1,2008-06-24 10:39:49,116.3520583,39.9832299
Car-1,2008-06-24 11:32:13,116.3511233,39.9832083
Car-1,2008-06-24 11:32:16,116.3511133,39.9831916
Car-1,2008-06-24 11:32:19,116.3510566,39.9832316
Car-1,2008-06-24 11:32:22,116.351015,39.9832683
Car-1,2008-06-24 11:32:25,116.3509566,39.9832966
Car-1,2008-06-24 11:32:28,116.3509266,39.9833133
Car-1,2008-06-24 11:32:31,116.3508866,39.9832733
Car-1,2008-06-24 11:32:34,116.3508299,39.9832699
Car-1,2008-06-24 11:32:37,116.3508033,39.9832733
Car-1,2008-06-24 11:32:40,116.3507366,39.983295
Car-1,2008-06-24 11:32:43,116.3506699,39.9833183
Car-1,2008-06-24 11:32:46,116.3506633,39.9833366
Car-1,2008-06-24 11:32:49,116.3506816,39.98335
Car-1,2008-06-24 11:32:52,116.3506783,39.98338
Car-1,2008-06-24 11:32:55,116.3506666,39.9834249
Car-1,2008-06-24 11:32:58,116.3506799,39.983475
Car-1,2008-06-24 11:33:01,116.3506383,39.98349
Car-1,2008-06-24 11:33:04,116.35065,39.9835166
Car-1,2008-06-24 11:33:07,116.3506966,39.983545
Car-1,2008-06-24 11:33:10,116.350735,39.9835916
Car-1,2008-06-24 11:33:13,116.3508116,39.9836349
Car-1,2008-06-24 11:33:16,116.3508099,39.9836649
Car-1,2008-06-24 11:33:19,116.3508299,39.9836916
Car-1,2008-06-24 11:33:23,116.3508233,39.9837199
Car-1,2008-06-24 11:33:26,116.3508333,39.98373
Car-1,2008-06-24 11:33:29,116.3508483,39.9837566
Car-1,2008-06-24 11:33:32,116.3508666,39.9837966
Car-1,2008-06-24 11:33:35,116.3508099,39.9838016
Car-1,2008-06-24 11:33:38,116.3507283,39.9837816
Car-1,2008-06-24 11:33:41,116.3507083,39.9837983
Car-1,2008-06-24 11:33:44,116.3507266,39.9838233
Car-1,2008-06-24 11:33:45,116.3507266,39.9838233
Car-1,2008-06-24 11:33:47,116.3507233,39.9838283
Car-1,2008-06-24 11:33:50,116.3507399,39.9838166
Car-1,2008-06-24 11:33:53,116.3508099,39.9838283
Car-1,2008-06-24 11:33:56,116.3508833,39.9838433
Car-1,2008-06-24 11:33:59,116.3509183,39.9838416
Car-1,2008-06-24 11:34:02,116.3509766,39.9838316
Car-1,2008-06-24 11:34:04,116.3510099,39.9838183
Car-1,2008-06-24 11:35:31,116.3523899,39.9842399
Car-1,2008-06-24 11:45:18,116.3514116,39.9845983
Car-1,2008-06-24 12:07:11,116.3516549,39.9847316
Car-1,2008-06-24 12:07:14,116.3516983,39.98479
Car-1,2008-06-24 12:07:17,116.3517549,39.98482
Car-1,2008-06-24 12:07:20,116.3518216,39.9848883
Car-1,2008-06-24 12:07:23,116.3518866,39.9849516
Car-1,2008-06-24 12:07:26,116.3519349,39.9850833
Car-1,2008-06-24 12:07:29,116.3519616,39.9851599
Car-1,2008-06-24 12:07:32,116.3520016,39.9852233
Car-1,2008-06-24 12:07:35,116.3520333,39.9852599
Car-1,2008-06-24 12:07:38,116.3520399,39.9852783
Car-1,2008-06-24 12:07:41,116.3520049,39.9852616
Car-1,2008-06-24 12:07:44,116.3520133,39.9852566
Car-1,2008-06-24 12:07:45,116.3520133,39.9852566
Car-1,2008-06-24 12:07:47,116.35201,39.9852599
Car-1,2008-06-24 12:07:50,116.3520616,39.9852733
Car-1,2008-06-24 12:07:53,116.3520733,39.9852599
Car-1,2008-06-24 12:08:12,116.3520466,39.9852533
Car-1,2008-06-24 12:08:16,116.3520266,39.9852483
Car-1,2008-06-24 12:08:19,116.3519416,39.9851799
Car-1,2008-06-24 12:08:22,116.3518449,39.9850883
Car-1,2008-06-24 12:08:24,116.3517549,39.9849816
Car-1,2008-06-24 12:08:26,116.3516866,39.98489
Car-1,2008-06-24 12:08:28,116.3516383,39.98485
Car-1,2008-06-24 12:08:30,116.3516433,39.9848233
Car-1,2008-06-24 12:08:32,116.3515633,39.9847599
Car-1,2008-06-24 12:08:34,116.3515599,39.984735
Car-1,2008-06-24 12:08:37,116.3515949,39.9847149
Car-1,2008-06-24 12:08:40,116.3516283,39.984725
Car-1,2008-06-24 12:08:43,116.3516483,39.9847566
Car-1,2008-06-24 12:09:35,116.3516516,39.9847666
Car-1,2008-06-24 12:10:50,116.3519433,39.9851199
Car-1,2008-06-24 12:10:53,116.3519649,39.985125
Car-1,2008-06-24 12:10:56,116.3519816,39.98513
Car-1,2008-06-24 12:10:59,116.3520199,39.9851166
Car-1,2008-06-24 12:11:02,116.3520516,39.9851199
Car-1,2008-06-24 12:11:05,116.3520866,39.9851283
Car-1,2008-06-24 12:11:08,116.3521033,39.9851499
Car-1,2008-06-24 12:11:11,116.3519983,39.9852833
Car-1,2008-06-24 12:11:14,116.3519616,39.98534
Car-1,2008-06-24 12:11:17,116.3518383,39.9854333
Car-1,2008-06-24 12:11:20,116.3517516,39.9854566
Car-1,2008-06-24 12:11:23,116.3516749,39.9854933
Car-1,2008-06-24 12:11:26,116.3516166,39.9855166
Car-1,2008-06-24 12:11:29,116.3515716,39.9855266
Car-1,2008-06-24 12:11:32,116.3515333,39.9855483
Car-1,2008-06-24 12:11:35,116.3514933,39.9855633
Car-1,2008-06-24 12:11:38,116.3514266,39.9855683
Car-1,2008-06-24 12:11:41,116.3514049,39.9855683
Car-1,2008-06-24 12:11:44,116.3513699,39.9855833
Car-1,2008-06-24 12:11:47,116.3513266,39.9855849
Car-1,2008-06-24 12:11:50,116.3512766,39.9855716
Car-1,2008-06-24 12:11:53,116.3512566,39.9855549
Car-1,2008-06-24 12:11:56,116.3512416,39.9855416
Car-1,2008-06-24 12:11:59,116.3512066,39.9855216
Car-1,2008-06-24 12:12:03,116.3511466,39.9855133
Car-1,2008-06-24 12:12:11,116.3510266,39.9854849
Car-1,2008-06-24 12:12:18,116.3509499,39.9855166
Car-1,2008-06-24 12:12:21,116.3509249,39.9854783
Car-1,2008-06-24 12:12:24,116.3508999,39.9854333
Car-1,2008-06-24 12:12:27,116.3508733,39.9853999
Car-1,2008-06-24 12:12:28,116.3508733,39.9853999
Car-1,2008-06-24 12:12:30,116.3508783,39.9853999
Car-1,2008-06-24 12:12:33,116.3508549,39.9853849
Car-1,2008-06-24 12:12:36,116.3508266,39.9853866
Car-1,2008-06-24 12:12:39,116.3507933,39.98542
Car-1,2008-06-24 12:12:42,116.3507599,39.9854383
Car-1,2008-06-24 12:12:45,116.3507083,39.9854299
Car-1,2008-06-24 12:12:48,116.35065,39.9854333
Car-1,2008-06-24 12:12:51,116.3505866,39.9854516
Car-1,2008-06-24 12:12:54,116.3505533,39.9854533
Car-1,2008-06-24 12:12:57,116.3505266,39.9854633
Car-1,2008-06-24 12:13:00,116.3504933,39.9854516
Car-1,2008-06-24 12:13:03,116.3504799,39.9854449
Car-1,2008-06-24 12:13:06,116.3504683,39.9854599
Car-1,2008-06-24 12:13:09,116.3504333,39.9854749
Car-1,2008-06-24 12:13:12,116.3502933,39.985355
Car-1,2008-06-24 12:13:15,116.3501716,39.985295
Car-1,2008-06-24 12:13:18,116.3500833,39.9852633
Car-1,2008-06-24 12:13:21,116.3500566,39.9852533
Car-1,2008-06-24 12:13:24,116.3500249,39.9852716
Car-1,2008-06-24 12:13:27,116.3500516,39.9853033
Car-1,2008-06-24 12:13:30,116.350035,39.9853183
Car-1,2008-06-24 12:13:33,116.3500066,39.985325
Car-1,2008-06-24 12:13:36,116.3499783,39.9853366
Car-1,2008-06-24 12:13:39,116.3499516,39.985355
Car-1,2008-06-24 12:13:42,116.3499133,39.9853733
Car-1,2008-06-24 12:13:45,116.3498783,39.98538
Car-1,2008-06-24 12:13:48,116.3498499,39.98538
Car-1,2008-06-24 12:13:51,116.349775,39.9853033
Car-1,2008-06-24 12:13:54,116.3497099,39.9852599
Car-1,2008-06-24 12:13:57,116.3496333,39.9852383
Car-1,2008-06-24 12:14:00,116.3495633,39.9852233
Car-1,2008-06-24 12:14:03,116.3495016,39.98521
Car-1,2008-06-24 12:14:06,116.3494616,39.9851866
Car-1,2008-06-24 12:14:09,116.3494549,39.98517
Car-1,2008-06-24 12:14:12,116.3494133,39.9851566
Car-1,2008-06-24 12:14:15,116.3493699,39.9851599
Car-1,2008-06-24 12:14:18,116.3493949,39.9851799
Car-1,2008-06-24 12:14:21,116.3493699,39.9851716
Car-1,2008-06-24 12:14:24,116.3493016,39.9851483
Car-1,2008-06-24 12:14:27,116.34922,39.9851416
Car-1,2008-06-24 12:14:30,116.3492116,39.985155
Car-1,2008-06-24 12:14:33,116.3491699,39.9851583
Car-1,2008-06-24 12:14:36,116.3491066,39.9851599
Car-1,2008-06-24 12:14:39,116.3490483,39.9851649
Car-1,2008-06-24 12:14:42,116.3489816,39.9851649
Car-1,2008-06-24 12:14:45,116.3489583,39.9851666
Car-1,2008-06-24 12:14:48,116.3490649,39.9852449
Car-1,2008-06-24 12:14:50,116.3490433,39.9852333
Car-1,2008-06-24 12:14:53,116.3489466,39.9851899
Car-1,2008-06-24 12:14:56,116.3488949,39.9851916
Car-1,2008-06-24 12:14:59,116.3488783,39.9852233
Car-1,2008-06-24 12:15:02,116.3488283,39.98524
Car-1,2008-06-24 12:15:05,116.3487949,39.9852266
Car-1,2008-06-24 12:15:08,116.3487633,39.9852049
Car-1,2008-06-24 12:15:09,116.3487633,39.9852049
Car-1,2008-06-24 12:15:11,116.3487549,39.9852066
Car-1,2008-06-24 12:15:14,116.3486833,39.9851899
Car-1,2008-06-24 12:15:17,116.34859,39.9851816
Car-1,2008-06-24 12:15:19,116.3485849,39.9851816
Car-1,2008-06-24 12:15:22,116.3485599,39.98517
Car-1,2008-06-24 12:15:25,116.3485733,39.9851899
Car-1,2008-06-24 12:15:28,116.34859,39.9851966
Car-1,2008-06-24 12:15:32,116.3485733,39.9851933
Car-1,2008-06-24 12:15:35,116.348535,39.9851866
Car-1,2008-06-24 12:15:38,116.3484799,39.9851649
Car-1,2008-06-24 12:15:41,116.3483649,39.9851666
Car-1,2008-06-24 12:15:44,116.348325,39.9851649
Car-1,2008-06-24 12:15:47,116.3482916,39.9851433
Car-1,2008-06-24 12:15:50,116.34824,39.9851283
Car-1,2008-06-24 12:15:53,116.3481416,39.9851349
Car-1,2008-06-24 12:15:56,116.3480883,39.9851266
Car-1,2008-06-24 12:15:59,116.3481233,39.9851283
Car-1,2008-06-24 12:16:01,116.3481233,39.9851283
Car-1,2008-06-24 12:16:03,116.3481249,39.98513
Car-1,2008-06-24 12:16:06,116.3480633,39.98513
Car-1,2008-06-24 12:16:09,116.3480016,39.9851283
Car-1,2008-06-24 12:16:12,116.3479499,39.9851349
Car-1,2008-06-24 12:16:15,116.3479083,39.9851433
Car-1,2008-06-24 12:16:18,116.3478866,39.9851633
Car-1,2008-06-24 12:16:19,116.3478866,39.9851633
Car-1,2008-06-24 12:16:21,116.3478916,39.9851649
Car-1,2008-06-24 12:16:24,116.3479033,39.9851533
Car-1,2008-06-24 12:16:27,116.3478533,39.9851466
Car-1,2008-06-24 12:16:30,116.3478266,39.9851433
Car-1,2008-06-24 12:16:33,116.34782,39.9851599
Car-1,2008-06-24 12:16:36,116.3478416,39.9851816
Car-1,2008-06-24 12:16:39,116.3478499,39.9852183
Car-1,2008-06-24 12:16:42,116.3478599,39.9852533
Car-1,2008-06-24 12:16:45,116.3478716,39.9852966
Car-1,2008-06-24 12:16:48,116.347875,39.9853299
Car-1,2008-06-24 12:16:51,116.3478716,39.9853733
Car-1,2008-06-24 12:16:54,116.34789,39.9853849
Car-1,2008-06-24 12:16:57,116.3478766,39.9853999
Car-1,2008-06-24 12:17:00,116.3478866,39.9853866
Car-1,2008-06-24 12:17:03,116.3478766,39.9853833
Car-1,2008-06-24 12:17:06,116.3478883,39.9853916
Car-1,2008-06-24 12:17:09,116.3478999,39.98541
Car-1,2008-06-24 12:17:12,116.3479816,39.9854149
Car-1,2008-06-24 12:17:15,116.3481233,39.9854016
Car-1,2008-06-24 12:17:18,116.3482316,39.9854233
Car-1,2008-06-24 12:17:30,116.3486516,39.9855883
Car-1,2008-06-24 12:17:32,116.3486899,39.9856566
Car-1,2008-06-24 12:17:34,116.3487216,39.9857133
Car-1,2008-06-24 12:17:37,116.3487733,39.9856983
Car-1,2008-06-24 12:17:51,116.34925,39.9856366
Car-1,2008-06-24 12:18:05,116.3491749,39.9857399
Car-1,2008-06-24 12:18:08,116.349045,39.9857649
Car-1,2008-06-24 12:18:10,116.3488416,39.985785
Car-1,2008-06-24 12:18:12,116.348675,39.9857916
Car-1,2008-06-24 12:18:14,116.3484883,39.9858083
Car-1,2008-06-24 12:18:16,116.34836,39.9858283
Car-1,2008-06-24 12:18:18,116.3482816,39.9858466
Car-1,2008-06-24 12:18:20,116.3482083,39.9858483
Car-1,2008-06-24 12:18:22,116.3481599,39.9858566
Car-1,2008-06-24 12:18:24,116.3481399,39.9858766
Car-1,2008-06-24 12:18:27,116.3481316,39.9858966
Car-1,2008-06-24 12:18:28,116.3481316,39.9858966
Car-1,2008-06-24 12:18:30,116.348135,39.9858899
Car-1,2008-06-24 12:18:33,116.3481583,39.985885
Car-1,2008-06-24 12:18:36,116.3481766,39.985885
Car-1,2008-06-24 12:18:39,116.3482333,39.9858799
Car-1,2008-06-24 12:18:42,116.3482983,39.9858799
Car-1,2008-06-24 12:18:45,116.348345,39.98587
Car-1,2008-06-24 12:18:48,116.3483916,39.98587
Car-1,2008-06-24 12:18:51,116.3484249,39.9858666
Car-1,2008-06-24 12:18:54,116.3484883,39.9858583
Car-1,2008-06-24 12:18:57,116.3485283,39.9858566
Car-1,2008-06-24 12:19:00,116.3485716,39.98586
Car-1,2008-06-24 12:19:03,116.3485983,39.98586
Car-1,2008-06-24 12:19:06,116.3486383,39.9858749
Car-1,2008-06-24 12:19:09,116.348675,39.985885
Car-1,2008-06-24 12:19:12,116.3487183,39.9858916
Car-1,2008-06-24 12:19:15,116.3487833,39.9858799
Car-1,2008-06-24 12:19:18,116.3488266,39.9858866
Car-1,2008-06-24 12:19:21,116.3488783,39.985885
Car-1,2008-06-24 12:19:24,116.3489066,39.985885
Car-1,2008-06-24 12:19:27,116.3488999,39.9859049
Car-1,2008-06-24 12:19:30,116.3489499,39.985885
Car-1,2008-06-24 12:19:33,116.349025,39.9858766
Car-1,2008-06-24 12:19:36,116.3490549,39.9858833
Car-1,2008-06-24 12:19:39,116.3491016,39.9858983
Car-1,2008-06-24 12:19:42,116.3491633,39.9859016
Car-1,2008-06-24 12:19:45,116.3492033,39.9858933
Car-1,2008-06-24 12:19:48,116.3492266,39.9859366
Car-1,2008-06-24 12:19:51,116.3492449,39.9859433
Car-1,2008-06-24 12:19:54,116.3492683,39.9859433
Car-1,2008-06-24 12:19:57,116.3493033,39.985955
Car-1,2008-06-24 12:20:00,116.3493783,39.9859566
Car-1,2008-06-24 12:20:03,116.3494166,39.9859483
Car-1,2008-06-24 12:20:06,116.34946,39.9859433
Car-1,2008-06-24 12:20:09,116.3495283,39.9859449
Car-1,2008-06-24 12:20:12,116.3495899,39.9859499
Car-1,2008-06-24 12:20:15,116.349635,39.9859466
Car-1,2008-06-24 12:20:18,116.3496716,39.9859566
Car-1,2008-06-24 12:20:21,116.3497116,39.9859499
Car-1,2008-06-24 12:20:24,116.3497483,39.9859483
Car-1,2008-06-24 12:20:27,116.3497966,39.9859516
Car-1,2008-06-24 12:20:30,116.3498466,39.9859449
Car-1,2008-06-24 12:20:33,116.3498566,39.98591
Car-1,2008-06-24 12:20:36,116.3500216,39.9857866
Car-1,2008-06-24 12:20:38,116.3500566,39.9857583
Car-1,2008-06-24 12:20:40,116.3500983,39.9857766
Car-1,2008-06-24 12:20:43,116.3501633,39.9857633
Car-1,2008-06-24 12:20:46,116.3501999,39.9858
Car-1,2008-06-24 12:20:49,116.3502216,39.9858033
Car-1,2008-06-24 12:20:52,116.3502533,39.9858199
Car-1,2008-06-24 12:20:55,116.3502883,39.9858316
Car-1,2008-06-24 12:20:58,116.3503166,39.9858416
Car-1,2008-06-24 12:21:01,116.35035,39.9858433
Car-1,2008-06-24 12:21:04,116.350385,39.9858766
Car-1,2008-06-24 12:21:07,116.3503883,39.98591
Car-1,2008-06-24 12:21:10,116.350385,39.9859583
Car-1,2008-06-24 12:21:13,116.3503966,39.9859599
Car-1,2008-06-24 12:21:16,116.3503766,39.9859616
Car-1,2008-06-24 12:21:20,116.3503383,39.9859049
Car-1,2008-06-24 12:21:26,116.3503216,39.9858899
Car-1,2008-06-24 12:21:40,116.3503216,39.9858899
Car-1,2008-06-24 12:21:42,116.35032,39.9858899
Car-1,2008-06-24 12:21:45,116.3502866,39.9858499
Car-1,2008-06-24 12:21:47,116.3502599,39.9857933
Car-1,2008-06-24 12:21:49,116.3502699,39.9857483
Car-1,2008-06-24 12:21:51,116.3502616,39.9857
Car-1,2008-06-24 12:21:53,116.3502366,39.9856633
Car-1,2008-06-24 12:21:55,116.3502199,39.9856399
Car-1,2008-06-24 12:21:57,116.3502216,39.9856266
Car-1,2008-06-24 12:22:00,116.3502216,39.9855616
Car-1,2008-06-24 12:22:03,116.3501883,39.9855066
Car-1,2008-06-24 12:22:06,116.3501683,39.9854733
Car-1,2008-06-24 12:22:07,116.3501683,39.9854733
Car-1,2008-06-24 12:22:09,116.3501683,39.9854716
Car-1,2008-06-24 12:22:14,116.3501416,39.985395
Car-1,2008-06-24 12:22:17,116.3500633,39.9854083
Car-1,2008-06-24 12:22:26,116.3500449,39.9854149
Car-1,2008-06-24 12:22:29,116.3500666,39.9854266
Car-1,2008-06-24 12:22:32,116.3501216,39.9854583
Car-1,2008-06-24 12:22:35,116.3502083,39.98551
Car-1,2008-06-24 12:22:38,116.3502833,39.98555
Car-1,2008-06-24 12:22:41,116.3503766,39.9855933
Car-1,2008-06-24 12:22:44,116.3503916,39.9856466
Car-1,2008-06-24 12:22:47,116.3504699,39.9856483
Car-1,2008-06-24 12:22:55,116.3505199,39.9857249
Car-1,2008-06-24 12:23:36,116.3505233,39.9857266
Car-1,2008-06-24 12:24:14,116.3505233,39.9857266
Car-1,2008-06-24 12:24:16,116.3505283,39.9857283
Car-1,2008-06-24 12:24:19,116.3505183,39.9857783
Car-1,2008-06-24 12:24:22,116.3505566,39.9858166
Car-1,2008-06-24 12:24:27,116.3505699,39.9858333
Car-1,2008-06-24 12:24:33,116.3505483,39.9858499
Car-1,2008-06-24 12:24:45,116.3505483,39.9858499
Car-1,2008-06-24 12:24:47,116.3505433,39.985845
Car-1,2008-06-24 12:24:52,116.3505933,39.9859166
Car-1,2008-06-24 12:25:29,116.350595,39.985885
Car-1,2008-06-24 12:25:48,116.3505883,39.9858766
Car-1,2008-06-24 12:25:49,116.3505883,39.9858766
Car-1,2008-06-24 12:25:51,116.3505883,39.9858816
Car-1,2008-06-24 12:25:54,116.3505716,39.9858683
Car-1,2008-06-24 12:25:58,116.3505433,39.9858166
Car-1,2008-06-24 12:26:01,116.3505616,39.9858099
Car-1,2008-06-24 12:26:04,116.3505516,39.9858433
Car-1,2008-06-24 12:26:07,116.3505766,39.9858483
Car-1,2008-06-24 12:26:10,116.3506016,39.9858533
Car-1,2008-06-24 12:26:13,116.3506383,39.9858666
Car-1,2008-06-24 12:26:16,116.3506633,39.9858799
Car-1,2008-06-24 12:26:19,116.350595,39.9859083
Car-1,2008-06-24 12:26:21,116.3504483,39.9859583
Car-1,2008-06-24 12:26:23,116.35021,39.9859033
Car-1,2008-06-24 12:26:25,116.3500499,39.9858966
Car-1,2008-06-24 12:26:27,116.3499033,39.9858766
Car-1,2008-06-24 12:26:29,116.3497266,39.98586
Car-1,2008-06-24 12:26:31,116.3495249,39.9858649
Car-1,2008-06-24 12:26:33,116.3493233,39.9858533
Car-1,2008-06-24 12:26:35,116.3490866,39.9858583
Car-1,2008-06-24 12:26:37,116.3488516,39.9858616
Car-1,2008-06-24 12:26:39,116.3486099,39.9858633
Car-1,2008-06-24 12:26:41,116.3483733,39.9858566
Car-1,2008-06-24 12:26:43,116.3481383,39.9858499
Car-1,2008-06-24 12:26:45,116.3479366,39.9858483
Car-1,2008-06-24 12:26:47,116.3478116,39.9858433
Car-1,2008-06-24 12:26:49,116.3477649,39.9858416
Car-1,2008-06-24 12:26:53,116.3477899,39.9858349
Car-1,2008-06-24 12:26:54,116.3477899,39.9858349
Car-1,2008-06-24 12:26:56,116.3477933,39.9858333
Car-1,2008-06-24 12:27:08,116.3477983,39.98587
Car-1,2008-06-24 12:27:11,116.3477983,39.98587
Car-1,2008-06-24 12:27:13,116.3477983,39.9858666
Car-1,2008-06-24 12:27:16,116.3477416,39.9858649
Car-1,2008-06-24 12:27:18,116.3476483,39.9858683
Car-1,2008-06-24 12:27:20,116.3475299,39.9858633
Car-1,2008-06-24 12:27:22,116.3473966,39.9858366
Car-1,2008-06-24 12:27:24,116.3472366,39.9858166
Car-1,2008-06-24 12:27:26,116.3470616,39.9857916
Car-1,2008-06-24 12:27:28,116.346875,39.9857883
Car-1,2008-06-24 12:27:30,116.3466749,39.9857883
Car-1,2008-06-24 12:27:32,116.3464633,39.9857966
Car-1,2008-06-24 12:27:34,116.3462349,39.9857883
Car-1,2008-06-24 12:27:36,116.3460066,39.9857816
Car-1,2008-06-24 12:27:38,116.3457849,39.9857716
Car-1,2008-06-24 12:27:40,116.3455616,39.9857683
Car-1,2008-06-24 12:27:42,116.3453233,39.9857466
Car-1,2008-06-24 12:27:44,116.3451033,39.98576
Car-1,2008-06-24 12:27:46,116.3448649,39.9857716
Car-1,2008-06-24 12:27:48,116.3446183,39.9857649
Car-1,2008-06-24 12:27:50,116.34438,39.9857483
Car-1,2008-06-24 12:27:52,116.3441499,39.9857416
Car-1,2008-06-24 12:27:54,116.3439283,39.98572
Car-1,2008-06-24 12:27:56,116.3436916,39.9857166
Car-1,2008-06-24 12:27:58,116.3434283,39.98573
Car-1,2008-06-24 12:28:00,116.3431483,39.9857383
Car-1,2008-06-24 12:28:02,116.3428533,39.9857533
Car-1,2008-06-24 12:28:04,116.3425583,39.9857683
Car-1,2008-06-24 12:28:06,116.3422466,39.9857816
Car-1,2008-06-24 12:28:08,116.3419383,39.9857616
Car-1,2008-06-24 12:28:10,116.3416299,39.9857433
Car-1,2008-06-24 12:28:12,116.3413166,39.9857283
Car-1,2008-06-24 12:28:14,116.3410499,39.9857183
Car-1,2008-06-24 12:28:16,116.340835,39.985705
Car-1,2008-06-24 12:28:18,116.3406499,39.9856916
Car-1,2008-06-24 12:28:20,116.3404416,39.985675
Car-1,2008-06-24 12:28:22,116.340225,39.9856833
Car-1,2008-06-24 12:28:24,116.3400116,39.985705
Car-1,2008-06-24 12:28:26,116.3398549,39.9857033
Car-1,2008-06-24 12:28:28,116.3397716,39.9857016
Car-1,2008-06-24 12:28:30,116.3397849,39.9857033
Car-1,2008-06-24 12:28:33,116.3398366,39.9856799
Car-1,2008-06-24 12:28:36,116.3398616,39.98566
Car-1,2008-06-24 12:28:39,116.3398383,39.985635
Car-1,2008-06-24 12:28:41,116.339755,39.9856033
Car-1,2008-06-24 12:28:43,116.3396799,39.9855966
Car-1,2008-06-24 12:28:46,116.3395549,39.9855716
Car-1,2008-06-24 12:28:48,116.3394466,39.9855666
Car-1,2008-06-24 12:28:50,116.3393149,39.985575
Car-1,2008-06-24 12:28:52,116.3391583,39.9855783
Car-1,2008-06-24 12:28:54,116.3389833,39.9855783
Car-1,2008-06-24 12:28:56,116.3387866,39.9855766
Car-1,2008-06-24 12:28:58,116.3385783,39.985575
Car-1,2008-06-24 12:29:00,116.3383683,39.98558
Car-1,2008-06-24 12:29:02,116.3381833,39.985575
Car-1,2008-06-24 12:29:04,116.3380466,39.9855783
Car-1,2008-06-24 12:29:06,116.33794,39.9856033
Car-1,2008-06-24 12:29:08,116.3378266,39.9856466
Car-1,2008-06-24 12:29:10,116.3376616,39.9856783
Car-1,2008-06-24 12:29:12,116.3374666,39.9856816
Car-1,2008-06-24 12:29:14,116.3372383,39.9856983
Car-1,2008-06-24 12:29:16,116.3369999,39.9856933
Car-1,2008-06-24 12:29:18,116.3367483,39.9856833
Car-1,2008-06-24 12:29:20,116.3364866,39.9856716
Car-1,2008-06-24 12:29:22,116.3361916,39.9856616
Car-1,2008-06-24 12:29:24,116.3359033,39.9856433
Car-1,2008-06-24 12:29:26,116.3355983,39.9856166
Car-1,2008-06-24 12:29:28,116.3352633,39.9855983
Car-1,2008-06-24 12:29:30,116.3349366,39.9855616
Car-1,2008-06-24 12:29:32,116.3346083,39.9855333
Car-1,2008-06-24 12:29:42,116.3329616,39.9853749
Car-1,2008-06-24 12:29:44,116.3326316,39.985365
Car-1,2008-06-24 12:29:46,116.332315,39.9853533
Car-1,2008-06-24 12:29:48,116.3319883,39.9853283
Car-1,2008-06-24 12:29:58,116.3303783,39.9851733
Car-1,2008-06-24 12:30:00,116.3300699,39.9851316
Car-1,2008-06-24 12:30:02,116.3297899,39.9851016
Car-1,2008-06-24 12:30:04,116.3295199,39.9851033
Car-1,2008-06-24 12:30:06,116.3292583,39.985085
Car-1,2008-06-24 12:30:08,116.3289883,39.9850799
Car-1,2008-06-24 12:30:10,116.3287266,39.98513
Car-1,2008-06-24 12:30:12,116.3284933,39.9851716
Car-1,2008-06-24 12:30:14,116.3282949,39.98517
Car-1,2008-06-24 12:30:16,116.3281749,39.9851499
Car-1,2008-06-24 12:30:18,116.3280566,39.9851516
Car-1,2008-06-24 12:30:20,116.3279716,39.9851483
Car-1,2008-06-24 12:30:22,116.3279449,39.9851633
Car-1,2008-06-24 12:30:25,116.327935,39.9851816
Car-1,2008-06-24 12:30:28,116.3278449,39.9851949
Car-1,2008-06-24 12:30:30,116.3277383,39.9851966
Car-1,2008-06-24 12:30:32,116.3276133,39.9852
Car-1,2008-06-24 12:30:34,116.3274733,39.9851983
Car-1,2008-06-24 12:30:36,116.3273216,39.9851916
Car-1,2008-06-24 12:30:38,116.3271783,39.9851766
Car-1,2008-06-24 12:30:40,116.3270283,39.9851433
Car-1,2008-06-24 12:30:42,116.3268833,39.9851199
Car-1,2008-06-24 12:30:44,116.3267399,39.9851083
Car-1,2008-06-24 12:30:46,116.3265883,39.9850433
Car-1,2008-06-24 12:30:48,116.3264133,39.9850266
Car-1,2008-06-24 12:30:50,116.3262433,39.9849949
Car-1,2008-06-24 12:30:52,116.3260433,39.9849633
Car-1,2008-06-24 12:30:54,116.3258349,39.9849549
Car-1,2008-06-24 12:30:56,116.3256633,39.9849433
Car-1,2008-06-24 12:30:58,116.3255383,39.9849216
Car-1,2008-06-24 12:31:00,116.3254383,39.9849216
Car-1,2008-06-24 12:31:02,116.3253383,39.984915
Car-1,2008-06-24 12:31:04,116.3252533,39.9849316
Car-1,2008-06-24 12:31:06,116.3251616,39.9849416
Car-1,2008-06-24 12:31:08,116.3251283,39.9849399
Car-1,2008-06-24 12:31:10,116.3251149,39.9849649
Car-1,2008-06-24 12:31:13,116.3251066,39.984985
Car-1,2008-06-24 12:31:16,116.3250916,39.9849933
Car-1,2008-06-24 12:31:19,116.3250299,39.9849916
Car-1,2008-06-24 12:31:22,116.3248883,39.985005
Car-1,2008-06-24 12:31:24,116.3247616,39.9850133
Car-1,2008-06-24 12:31:26,116.3246033,39.9850116
Car-1,2008-06-24 12:31:28,116.3244016,39.985015
Car-1,2008-06-24 12:31:30,116.3241733,39.9849933
Car-1,2008-06-24 12:31:32,116.3239449,39.9849766
Car-1,2008-06-24 12:31:34,116.3237316,39.9849766
Car-1,2008-06-24 12:31:36,116.3235016,39.9849683
Car-1,2008-06-24 12:31:38,116.3233033,39.9849716
Car-1,2008-06-24 12:31:40,116.3231033,39.9849666
Car-1,2008-06-24 12:31:42,116.3228983,39.9849799
Car-1,2008-06-24 12:31:44,116.3226783,39.9849649
Car-1,2008-06-24 12:31:46,116.3224466,39.9849966
Car-1,2008-06-24 12:31:48,116.3222199,39.9849916
Car-1,2008-06-24 12:31:50,116.3219783,39.984985
Car-1,2008-06-24 12:31:52,116.3217266,39.9849716
Car-1,2008-06-24 12:31:54,116.3215249,39.9849516
Car-1,2008-06-24 12:31:56,116.3213533,39.9849549
Car-1,2008-06-24 12:31:58,116.3211833,39.9849699
Car-1,2008-06-24 12:32:00,116.321005,39.9849549
Car-1,2008-06-24 12:32:02,116.3208066,39.9849399
Car-1,2008-06-24 12:32:04,116.3205966,39.984935
Car-1,2008-06-24 12:32:06,116.3203849,39.9849383
Car-1,2008-06-24 12:32:08,116.3201449,39.9849416
Car-1,2008-06-24 12:32:10,116.3198866,39.9849366
Car-1,2008-06-24 12:32:12,116.3196199,39.9849249
Car-1,2008-06-24 12:32:14,116.3193399,39.984915
Car-1,2008-06-24 12:32:16,116.3190616,39.9848999
Car-1,2008-06-24 12:32:18,116.3187816,39.9848999
Car-1,2008-06-24 12:32:20,116.3184933,39.9848883
Car-1,2008-06-24 12:32:22,116.3181983,39.9848733
Car-1,2008-06-24 12:32:24,116.3179133,39.9848533
Car-1,2008-06-24 12:32:26,116.3176283,39.9848383
Car-1,2008-06-24 12:32:28,116.3173533,39.98482
Car-1,2008-06-24 12:32:30,116.3170983,39.9848233
Car-1,2008-06-24 12:32:32,116.3168483,39.9848149
Car-1,2008-06-24 12:32:34,116.3166283,39.9848133
Car-1,2008-06-24 12:32:36,116.3164616,39.9847933
Car-1,2008-06-24 12:32:38,116.3163916,39.9847666
Car-1,2008-06-24 12:32:40,116.3164066,39.9847216
Car-1,2008-06-24 12:32:42,116.3164033,39.9847149
Car-1,2008-06-24 12:32:45,116.3164183,39.9847166
Car-1,2008-06-24 12:32:53,116.3164183,39.9847166
Car-1,2008-06-24 12:32:55,116.3164233,39.9847149
Car-1,2008-06-24 12:32:58,116.31636,39.9847133
Car-1,2008-06-24 12:33:00,116.3162866,39.98471
Car-1,2008-06-24 12:33:02,116.3161733,39.9846999
Car-1,2008-06-24 12:33:04,116.3159883,39.9847066
Car-1,2008-06-24 12:33:06,116.3158033,39.9846916
Car-1,2008-06-24 12:33:08,116.3156016,39.9846749
Car-1,2008-06-24 12:33:10,116.3153766,39.9846599
Car-1,2008-06-24 12:33:12,116.3151149,39.9846416
Car-1,2008-06-24 12:33:14,116.3148516,39.9846299
Car-1,2008-06-24 12:33:16,116.3145966,39.9846116
Car-1,2008-06-24 12:33:18,116.3143499,39.9845999
Car-1,2008-06-24 12:33:20,116.3141116,39.984595
Car-1,2008-06-24 12:33:22,116.3138483,39.9845766
Car-1,2008-06-24 12:33:24,116.3135766,39.9845349
Car-1,2008-06-24 12:33:26,116.3132983,39.9845166
Car-1,2008-06-24 12:33:28,116.3130133,39.9845
Car-1,2008-06-24 12:33:30,116.3127233,39.9845
Car-1,2008-06-24 12:33:32,116.312435,39.9844883
Car-1,2008-06-24 12:33:34,116.3121316,39.9844866
Car-1,2008-06-24 12:33:36,116.3118383,39.9844833
Car-1,2008-06-24 12:33:38,116.311545,39.9844733
Car-1,2008-06-24 12:33:40,116.3112549,39.9844866
Car-1,2008-06-24 12:33:42,116.310965,39.9844883
Car-1,2008-06-24 12:33:44,116.3106833,39.984485
Car-1,2008-06-24 12:33:46,116.3104416,39.9844816
Car-1,2008-06-24 12:33:48,116.3102216,39.9844783
Car-1,2008-06-24 12:33:50,116.3100016,39.9844733
Car-1,2008-06-24 12:33:52,116.3097983,39.9844616
Car-1,2008-06-24 12:33:54,116.3095949,39.9844433
Car-1,2008-06-24 12:33:56,116.3093966,39.9844333
Car-1,2008-06-24 12:33:58,116.3092366,39.9844383
Car-1,2008-06-24 12:34:00,116.3090716,39.9844466
Car-1,2008-06-24 12:34:02,116.3089033,39.9844483
Car-1,2008-06-24 12:34:04,116.3087599,39.9844433
Car-1,2008-06-24 12:34:06,116.3085949,39.9844316
Car-1,2008-06-24 12:34:08,116.3084566,39.9844233
Car-1,2008-06-24 12:34:10,116.3083466,39.9844233
Car-1,2008-06-24 12:34:12,116.3082833,39.984445
Car-1,2008-06-24 12:34:14,116.3082533,39.9844333
Car-1,2008-06-24 12:34:17,116.3082283,39.9844666
Car-1,2008-06-24 12:34:20,116.30821,39.9844899
Car-1,2008-06-24 12:34:23,116.3081699,39.9845049
Car-1,2008-06-24 12:34:26,116.3081349,39.9845133
Car-1,2008-06-24 12:34:29,116.3081066,39.9845416
Car-1,2008-06-24 12:34:32,116.308085,39.9845633
Car-1,2008-06-24 12:34:35,116.3080649,39.98458
Car-1,2008-06-24 12:34:38,116.3080449,39.9845899
Car-1,2008-06-24 12:34:41,116.3079883,39.9845916
Car-1,2008-06-24 12:34:44,116.3079533,39.9845766
Car-1,2008-06-24 12:34:47,116.3079149,39.9845616
Car-1,2008-06-24 12:34:50,116.3078649,39.9845966
Car-1,2008-06-24 12:34:53,116.3078283,39.9846033
Car-1,2008-06-24 12:34:56,116.3077983,39.9845866
Car-1,2008-06-24 12:34:59,116.3077866,39.98457
Car-1,2008-06-24 12:35:02,116.3077466,39.9845449
Car-1,2008-06-24 12:35:05,116.30772,39.9845349
Car-1,2008-06-24 12:35:06,116.30772,39.9845349
Car-1,2008-06-24 12:35:08,116.30772,39.9845366
Car-1,2008-06-24 12:35:11,116.3077,39.9845316
Car-1,2008-06-24 12:35:14,116.3076766,39.9845349
Car-1,2008-06-24 12:35:17,116.3076416,39.9845366
Car-1,2008-06-24 12:35:20,116.3075983,39.9845349
Car-1,2008-06-24 12:35:23,116.3075216,39.9845183
Car-1,2008-06-24 12:35:26,116.3074849,39.984515
Car-1,2008-06-24 12:35:29,116.3074383,39.9845133
Car-1,2008-06-24 12:35:32,116.3073933,39.9845066
Car-1,2008-06-24 12:35:35,116.3073399,39.984495
Car-1,2008-06-24 12:35:38,116.3072833,39.9844833
Car-1,2008-06-24 12:35:41,116.3072183,39.9844766
Car-1,2008-06-24 12:35:44,116.3071783,39.9844716
Car-1,2008-06-24 12:35:47,116.3071033,39.9844533
Car-1,2008-06-24 12:35:50,116.3070249,39.9844349
Car-1,2008-06-24 12:35:53,116.3069549,39.9844166
Car-1,2008-06-24 12:35:56,116.3069183,39.9843833
Car-1,2008-06-24 12:35:59,116.3068666,39.9843833
Car-1,2008-06-24 12:36:02,116.3068116,39.9843933
Car-1,2008-06-24 12:36:05,116.3067699,39.984425
Car-1,2008-06-24 12:36:08,116.3067266,39.98443
Car-1,2008-06-24 12:36:11,116.3066799,39.9844216
Car-1,2008-06-24 12:36:14,116.3066533,39.9844349
Car-1,2008-06-24 12:36:17,116.3066266,39.9844366
Car-1,2008-06-24 12:36:20,116.3065933,39.9844216
Car-1,2008-06-24 12:36:23,116.3065549,39.9844083
Car-1,2008-06-24 12:36:26,116.3064916,39.9843933
Car-1,2008-06-24 12:36:29,116.306445,39.9843916
Car-1,2008-06-24 12:36:32,116.3065216,39.9844383
Car-1,2008-06-24 12:36:35,116.3065199,39.9844683
Car-1,2008-06-24 12:36:38,116.3065199,39.9844916
Car-1,2008-06-24 12:36:41,116.3065366,39.9845049
Car-1,2008-06-24 12:36:44,116.3065816,39.9845383
Car-1,2008-06-24 12:36:47,116.3065833,39.9845783
Car-1,2008-06-24 12:36:50,116.3065799,39.9846166
Car-1,2008-06-24 12:36:53,116.3065716,39.984655
Car-1,2008-06-24 12:36:56,116.3065766,39.9846899
Car-1,2008-06-24 12:36:59,116.3065883,39.9847233
Car-1,2008-06-24 12:37:02,116.3065966,39.9847566
Car-1,2008-06-24 12:37:05,116.3066,39.9847883
Car-1,2008-06-24 12:37:08,116.3066049,39.9848133
Car-1,2008-06-24 12:37:11,116.3066216,39.984835
Car-1,2008-06-24 12:37:14,116.3066099,39.9848833
Car-1,2008-06-24 12:37:17,116.3066183,39.9849233
Car-1,2008-06-24 12:37:20,116.3066316,39.984945
Car-1,2008-06-24 12:37:23,116.3066149,39.9849799
Car-1,2008-06-24 12:37:26,116.3066049,39.9850066
Car-1,2008-06-24 12:37:29,116.3066149,39.9850383
Car-1,2008-06-24 12:37:32,116.3066133,39.9850666
Car-1,2008-06-24 12:37:35,116.3065966,39.9850933
Car-1,2008-06-24 12:37:38,116.3065783,39.9851216
Car-1,2008-06-24 12:37:41,116.3065549,39.9851416
Car-1,2008-06-24 12:37:44,116.3065183,39.9851499
Car-1,2008-06-24 12:37:47,116.3064649,39.9851499
Car-1,2008-06-24 12:37:50,116.306425,39.9851633
Car-1,2008-06-24 12:37:53,116.3063666,39.9851683
Car-1,2008-06-24 12:37:55,116.3063233,39.98517
Car-1,2008-06-24 12:37:57,116.3062916,39.9851766
Car-1,2008-06-24 12:38:00,116.3062583,39.9851799
Car-1,2008-06-24 12:38:01,116.3062583,39.9851799
Car-1,2008-06-24 12:38:03,116.3062566,39.9851716
Car-1,2008-06-24 12:38:06,116.30627,39.9851799
Car-1,2008-06-24 12:38:09,116.3062183,39.9851833
Car-1,2008-06-24 12:38:12,116.3061616,39.9852033
Car-1,2008-06-24 12:38:15,116.3061133,39.985215
Car-1,2008-06-24 12:38:18,116.3060716,39.9852166
Car-1,2008-06-24 12:38:21,116.3060483,39.9852
Car-1,2008-06-24 12:38:24,116.3060066,39.9852049
Car-1,2008-06-24 12:38:27,116.3059533,39.9852183
Car-1,2008-06-24 12:38:30,116.3059299,39.9852233
Car-1,2008-06-24 12:38:33,116.3058966,39.9852233
Car-1,2008-06-24 12:38:36,116.3058616,39.9852216
Car-1,2008-06-24 12:38:39,116.3058166,39.9852166
Car-1,2008-06-24 12:38:42,116.3057716,39.9852166
Car-1,2008-06-24 12:38:45,116.3057333,39.9852116
Car-1,2008-06-24 12:38:48,116.3056833,39.9852083
Car-1,2008-06-24 12:38:51,116.3056283,39.98521
Car-1,2008-06-24 12:38:54,116.3056016,39.9852233
Car-1,2008-06-24 12:38:57,116.3055833,39.9852483
Car-1,2008-06-24 12:39:00,116.3055616,39.98527
Car-1,2008-06-24 12:39:03,116.3055583,39.9853033
Car-1,2008-06-24 12:39:06,116.3055533,39.9853366
Car-1,2008-06-24 12:39:09,116.3055316,39.9853616
Car-1,2008-06-24 12:39:12,116.3055249,39.9853716
Car-1,2008-06-24 12:39:15,116.3055433,39.9853633
Car-1,2008-06-24 12:39:18,116.3055,39.98542
Car-1,2008-06-24 12:39:21,116.3054816,39.9854616
Car-1,2008-06-24 12:39:24,116.3054799,39.985495
Car-1,2008-06-24 12:39:27,116.3054749,39.9855266
Car-1,2008-06-24 12:39:30,116.3054733,39.9855533
Car-1,2008-06-24 12:39:33,116.3054733,39.985575
Car-1,2008-06-24 12:39:36,116.3054466,39.98559
Car-1,2008-06-24 12:39:39,116.3054383,39.9856133
Car-1,2008-06-24 12:39:42,116.3054216,39.9856333
Car-1,2008-06-24 12:39:45,116.3054083,39.9856583
Car-1,2008-06-24 12:39:48,116.3054033,39.9856833
Car-1,2008-06-24 12:39:51,116.3054133,39.9857166
Car-1,2008-06-24 12:39:54,116.3054183,39.9857549
Car-1,2008-06-24 12:39:57,116.3054283,39.9857933
Car-1,2008-06-24 12:40:00,116.3054216,39.9858233
Car-1,2008-06-24 12:40:03,116.3054216,39.9858533
Car-1,2008-06-24 12:40:06,116.305415,39.9858866
Car-1,2008-06-24 12:40:09,116.3054116,39.9859116
Car-1,2008-06-24 12:40:12,116.3053999,39.9859349
Car-1,2008-06-24 12:40:15,116.3053766,39.98597
Car-1,2008-06-24 12:40:18,116.3053583,39.986
Car-1,2008-06-24 12:40:21,116.3053516,39.9860366
Car-1,2008-06-24 12:40:24,116.3053483,39.9860933
Car-1,2008-06-24 12:40:27,116.3053416,39.9861233
Car-1,2008-06-24 12:40:30,116.3053199,39.98615
Car-1,2008-06-24 12:40:33,116.3052833,39.9861633
Car-1,2008-06-24 12:40:36,116.3052383,39.9861766
Car-1,2008-06-24 12:40:39,116.30519,39.9861833
Car-1,2008-06-24 12:40:42,116.3051449,39.9861833
Car-1,2008-06-24 12:40:45,116.3051133,39.9861616
Car-1,2008-06-24 12:40:48,116.3051066,39.9861766
Car-1,2008-06-24 12:40:51,116.3051,39.9862149
Car-1,2008-06-24 12:40:54,116.3050716,39.9861766
Car-1,2008-06-24 12:40:57,116.304995,39.9862183
Car-1,2008-06-24 12:40:59,116.30498,39.9862066
Car-1,2008-06-24 12:41:02,116.3049266,39.9862016
Car-1,2008-06-24 12:41:05,116.3048683,39.9861866
Car-1,2008-06-24 12:41:08,116.3048283,39.9861866
Car-1,2008-06-24 12:41:11,116.3047966,39.9861866
Car-1,2008-06-24 12:41:14,116.3047649,39.9861716
Car-1,2008-06-24 12:41:17,116.3047183,39.9861683
Car-1,2008-06-24 12:41:20,116.3046883,39.9861666
Car-1,2008-06-24 12:41:23,116.3046433,39.9861599
Car-1,2008-06-24 12:41:26,116.3045849,39.9861866
Car-1,2008-06-24 12:41:29,116.3045783,39.9861733
Car-1,2008-06-24 12:41:32,116.3045466,39.9861883
Car-1,2008-06-24 12:41:35,116.3044783,39.986195
Car-1,2008-06-24 12:41:38,116.3044333,39.9862066
Car-1,2008-06-24 12:41:41,116.3043866,39.9862116
Car-1,2008-06-24 12:41:44,116.3043616,39.9862466
Car-1,2008-06-24 12:41:45,116.3043616,39.9862466
Car-1,2008-06-24 12:41:47,116.3043599,39.9862549
Car-1,2008-06-24 12:41:50,116.3043433,39.9863216
Car-1,2008-06-24 12:41:52,116.3043433,39.9863566
Car-1,2008-06-24 12:41:55,116.3043433,39.9863966
Car-1,2008-06-24 12:41:58,116.3042999,39.9864466
Car-1,2008-06-24 12:42:01,116.3042916,39.9864666
Car-1,2008-06-24 12:42:04,116.3042899,39.986485
Car-1,2008-06-24 12:42:06,116.3042849,39.9865166
Car-1,2008-06-24 12:42:09,116.3042583,39.9865399
Car-1,2008-06-24 12:42:12,116.30421,39.9865816
Car-1,2008-06-24 12:42:14,116.3042033,39.9866166
Car-1,2008-06-24 12:42:16,116.30419,39.9866483
Car-1,2008-06-24 12:42:19,116.3041799,39.9866749
Car-1,2008-06-24 12:42:22,116.3041966,39.9866966
Car-1,2008-06-24 12:42:23,116.3041966,39.9866966
Car-1,2008-06-24 12:42:25,116.3041933,39.9866899
Car-1,2008-06-24 12:42:28,116.3041666,39.986695
Car-1,2008-06-24 12:42:31,116.3041183,39.9867583
Car-1,2008-06-24 12:42:34,116.3040466,39.9867833
Car-1,2008-06-24 12:42:37,116.3040666,39.9867916
Car-1,2008-06-24 12:42:40,116.3040783,39.9867716
Car-1,2008-06-24 12:42:43,116.3041033,39.9868016
Car-1,2008-06-24 12:42:45,116.3041916,39.9867583
Car-1,2008-06-24 12:42:47,116.3041849,39.9867433
Car-1,2008-06-24 12:42:50,116.3043166,39.9866216
Car-1,2008-06-24 12:42:52,116.30421,39.9867266
Car-1,2008-06-24 12:42:56,116.3042483,39.9867383
Car-1,2008-06-24 12:42:59,116.3042083,39.9867483
Car-1,2008-06-24 12:43:08,116.3041783,39.9867466
Car-1,2008-06-24 12:43:11,116.3041799,39.9867599
Car-1,2008-06-24 12:43:14,116.3041283,39.9868049
Car-1,2008-06-24 12:43:17,116.3040599,39.9868616
Car-1,2008-06-24 12:43:20,116.3039749,39.9869416
Car-1,2008-06-24 12:43:22,116.3038999,39.9869966
Car-1,2008-06-24 12:43:24,116.3038366,39.9870549
Car-1,2008-06-24 12:43:26,116.3037716,39.98709
Car-1,2008-06-24 12:43:28,116.3037116,39.9871233
Car-1,2008-06-24 12:43:30,116.3036533,39.98713
Car-1,2008-06-24 12:43:32,116.3036199,39.987145
Car-1,2008-06-24 12:43:35,116.3035499,39.987185
Car-1,2008-06-24 12:43:38,116.3034966,39.9872116
Car-1,2008-06-24 12:43:41,116.3034583,39.9872183
Car-1,2008-06-24 12:43:44,116.303425,39.9872266
Car-1,2008-06-24 12:43:47,116.3033933,39.9872349
Car-1,2008-06-24 12:43:50,116.3033399,39.9872783
Car-1,2008-06-24 12:43:53,116.3032599,39.987345
Car-1,2008-06-24 12:43:56,116.3032466,39.9873633
Car-1,2008-06-24 12:43:59,116.3032766,39.9873016
Car-1,2008-06-24 12:44:02,116.3033,39.9872316
Car-1,2008-06-24 12:44:05,116.3032866,39.987215
Car-1,2008-06-24 12:44:11,116.3032766,39.987215
Car-1,2008-06-24 12:44:14,116.3033,39.9872583
Car-1,2008-06-24 12:44:17,116.3033266,39.98733
Car-1,2008-06-24 12:44:19,116.3033499,39.9873966
