agent_id,time,lng,lat
Car-1,2008-05-25 09:35:33,116.405648,40.046103
Car-1,2008-05-25 09:35:35,116.405648,40.046083
Car-1,2008-05-25 09:35:37,116.405639,40.046053
Car-1,2008-05-25 09:35:39,116.405634,40.046029
Car-1,2008-05-25 09:35:41,116.405629,40.04601
Car-1,2008-05-25 09:35:43,116.405621,40.045994
Car-1,2008-05-25 09:35:45,116.40561,40.045965
Car-1,2008-05-25 09:35:47,116.405599,40.045938
Car-1,2008-05-25 09:35:49,116.405592,40.045921
Car-1,2008-05-25 09:35:51,116.405581,40.045909
Car-1,2008-05-25 09:35:53,116.405568,40.045915
Car-1,2008-05-25 09:35:55,116.405576,40.04591
Car-1,2008-05-25 09:35:57,116.405578,40.045916
Car-1,2008-05-25 09:35:59,116.405584,40.045917
Car-1,2008-05-25 09:36:01,116.405582,40.045912
Car-1,2008-05-25 09:36:03,116.40558,40.045908
Car-1,2008-05-25 09:36:05,116.405583,40.045887
Car-1,2008-05-25 09:36:07,116.405581,40.04586
Car-1,2008-05-25 09:36:09,116.405581,40.04583
Car-1,2008-05-25 09:36:11,116.405591,40.045805
Car-1,2008-05-25 09:36:13,116.405593,40.045775
Car-1,2008-05-25 09:36:15,116.405596,40.045746
Car-1,2008-05-25 09:36:17,116.405598,40.045731
Car-1,2008-05-25 09:36:19,116.40561,40.045702
Car-1,2008-05-25 09:36:21,116.405637,40.045676
Car-1,2008-05-25 09:36:23,116.405649,40.04565
Car-1,2008-05-25 09:36:25,116.405657,40.045628
Car-1,2008-05-25 09:36:27,116.405653,40.045606
Car-1,2008-05-25 09:36:29,116.405667,40.045592
Car-1,2008-05-25 09:36:31,116.405662,40.045572
Car-1,2008-05-25 09:36:33,116.405666,40.045544
Car-1,2008-05-25 09:36:35,116.405637,40.045512
Car-1,2008-05-25 09:36:37,116.405625,40.045493
Car-1,2008-05-25 09:36:39,116.405619,40.045455
Car-1,2008-05-25 09:36:41,116.405625,40.045431
Car-1,2008-05-25 09:36:43,116.405627,40.045412
Car-1,2008-05-25 09:36:45,116.405628,40.045394
Car-1,2008-05-25 09:36:47,116.405639,40.045374
Car-1,2008-05-25 09:36:49,116.405638,40.045358
Car-1,2008-05-25 09:36:51,116.405636,40.045335
Car-1,2008-05-25 09:36:53,116.40563,40.04531
Car-1,2008-05-25 09:36:55,116.405622,40.045287
Car-1,2008-05-25 09:36:57,116.405614,40.045271
Car-1,2008-05-25 09:36:59,116.405607,40.045245
Car-1,2008-05-25 09:37:01,116.405605,40.045226
Car-1,2008-05-25 09:37:03,116.405616,40.045211
Car-1,2008-05-25 09:37:05,116.405609,40.045188
Car-1,2008-05-25 09:37:07,116.405597,40.045175
Car-1,2008-05-25 09:37:09,116.405605,40.045163
Car-1,2008-05-25 09:37:11,116.405618,40.045139
Car-1,2008-05-25 09:37:13,116.405614,40.045117
Car-1,2008-05-25 09:37:15,116.405604,40.045108
Car-1,2008-05-25 09:37:17,116.405602,40.04509
Car-1,2008-05-25 09:37:19,116.405608,40.045076
Car-1,2008-05-25 09:37:21,116.405618,40.045058
Car-1,2008-05-25 09:37:23,116.405605,40.045042
Car-1,2008-05-25 09:37:25,116.405598,40.04502
Car-1,2008-05-25 09:37:27,116.405592,40.044989
Car-1,2008-05-25 09:37:29,116.405603,40.044968
Car-1,2008-05-25 09:37:31,116.405615,40.044945
Car-1,2008-05-25 09:37:33,116.405613,40.044942
Car-1,2008-05-25 09:37:35,116.405605,40.04493
Car-1,2008-05-25 09:37:37,116.405603,40.044919
Car-1,2008-05-25 09:37:39,116.405602,40.044907
Car-1,2008-05-25 09:37:41,116.405603,40.04489
Car-1,2008-05-25 09:37:43,116.405606,40.044867
Car-1,2008-05-25 09:37:45,116.40561,40.044852
Car-1,2008-05-25 09:37:47,116.405614,40.044832
Car-1,2008-05-25 09:37:49,116.405619,40.044808
Car-1,2008-05-25 09:37:51,116.405626,40.044775
Car-1,2008-05-25 09:37:53,116.405595,40.044768
Car-1,2008-05-25 09:37:55,116.405591,40.044739
Car-1,2008-05-25 09:37:57,116.405589,40.044709
Car-1,2008-05-25 09:37:59,116.405584,40.044686
Car-1,2008-05-25 09:38:01,116.405583,40.044662
Car-1,2008-05-25 09:38:03,116.405586,40.044645
Car-1,2008-05-25 09:38:05,116.405589,40.044625
Car-1,2008-05-25 09:38:07,116.405593,40.044604
Car-1,2008-05-25 09:38:09,116.405582,40.0446
Car-1,2008-05-25 09:38:11,116.405593,40.044587
Car-1,2008-05-25 09:38:13,116.405589,40.044567
Car-1,2008-05-25 09:38:15,116.40558,40.044558
Car-1,2008-05-25 09:38:17,116.405563,40.044547
Car-1,2008-05-25 09:38:19,116.405555,40.044528
Car-1,2008-05-25 09:38:21,116.405551,40.044498
Car-1,2008-05-25 09:38:23,116.405549,40.044481
Car-1,2008-05-25 09:38:25,116.405556,40.044461
Car-1,2008-05-25 09:38:27,116.40555,40.044441
Car-1,2008-05-25 09:38:29,116.405544,40.044416
Car-1,2008-05-25 09:38:31,116.405548,40.044393
Car-1,2008-05-25 09:38:33,116.40555,40.044372
Car-1,2008-05-25 09:38:35,116.40555,40.044349
Car-1,2008-05-25 09:38:37,116.405542,40.044332
Car-1,2008-05-25 09:38:39,116.405538,40.044307
Car-1,2008-05-25 09:38:41,116.405534,40.044284
Car-1,2008-05-25 09:38:43,116.405508,40.04427
Car-1,2008-05-25 09:38:45,116.405514,40.04424
Car-1,2008-05-25 09:38:47,116.405504,40.044219
Car-1,2008-05-25 09:38:49,116.405499,40.044194
Car-1,2008-05-25 09:38:51,116.405503,40.044176
Car-1,2008-05-25 09:38:53,116.405519,40.044167
Car-1,2008-05-25 09:38:55,116.405506,40.044147
Car-1,2008-05-25 09:38:57,116.405512,40.044128
Car-1,2008-05-25 09:38:59,116.405504,40.044096
Car-1,2008-05-25 09:39:01,116.405504,40.044067
Car-1,2008-05-25 09:39:03,116.405468,40.04403
Car-1,2008-05-25 09:39:05,116.405482,40.04403
Car-1,2008-05-25 09:39:07,116.405505,40.044002
Car-1,2008-05-25 09:39:09,116.405508,40.043999
Car-1,2008-05-25 09:39:11,116.405499,40.043989
Car-1,2008-05-25 09:39:13,116.405496,40.043979
Car-1,2008-05-25 09:39:15,116.405494,40.043966
Car-1,2008-05-25 09:39:17,116.405491,40.04396
Car-1,2008-05-25 09:39:19,116.405483,40.043947
Car-1,2008-05-25 09:39:21,116.405466,40.043936
Car-1,2008-05-25 09:39:23,116.405454,40.043934
Car-1,2008-05-25 09:39:25,116.40544,40.043913
Car-1,2008-05-25 09:39:27,116.405398,40.043933
Car-1,2008-05-25 09:39:29,116.405383,40.043912
Car-1,2008-05-25 09:39:31,116.405378,40.043896
Car-1,2008-05-25 09:39:33,116.40535,40.043885
Car-1,2008-05-25 09:39:35,116.405333,40.043868
Car-1,2008-05-25 09:39:37,116.405325,40.04385
Car-1,2008-05-25 09:39:39,116.405309,40.043837
Car-1,2008-05-25 09:39:41,116.405313,40.043815
Car-1,2008-05-25 09:39:43,116.405306,40.043792
Car-1,2008-05-25 09:39:45,116.405308,40.043768
Car-1,2008-05-25 09:39:47,116.405295,40.043768
Car-1,2008-05-25 09:39:49,116.405269,40.043747
Car-1,2008-05-25 09:39:51,116.405244,40.043733
Car-1,2008-05-25 09:39:53,116.405231,40.043721
Car-1,2008-05-25 09:39:55,116.405208,40.04371
Car-1,2008-05-25 09:39:57,116.405195,40.043701
Car-1,2008-05-25 09:39:59,116.405169,40.043699
Car-1,2008-05-25 09:40:01,116.405165,40.043711
Car-1,2008-05-25 09:40:03,116.405142,40.043715
Car-1,2008-05-25 09:40:05,116.405129,40.043708
Car-1,2008-05-25 09:40:07,116.405113,40.043691
Car-1,2008-05-25 09:40:09,116.405104,40.04368
Car-1,2008-05-25 09:40:11,116.405115,40.043676
Car-1,2008-05-25 09:40:13,116.405118,40.043663
Car-1,2008-05-25 09:40:15,116.405134,40.043639
Car-1,2008-05-25 09:40:17,116.405142,40.043618
Car-1,2008-05-25 09:40:19,116.405152,40.043607
Car-1,2008-05-25 09:40:21,116.405161,40.043596
Car-1,2008-05-25 09:40:23,116.405164,40.043582
Car-1,2008-05-25 09:40:25,116.405167,40.043575
Car-1,2008-05-25 09:40:27,116.405178,40.043564
Car-1,2008-05-25 09:40:29,116.405189,40.043545
Car-1,2008-05-25 09:40:31,116.405199,40.043533
Car-1,2008-05-25 09:40:33,116.405209,40.043521
Car-1,2008-05-25 09:40:35,116.405214,40.043504
Car-1,2008-05-25 09:40:37,116.405215,40.043489
Car-1,2008-05-25 09:40:39,116.405209,40.043479
Car-1,2008-05-25 09:40:41,116.405199,40.043478
Car-1,2008-05-25 09:40:43,116.40519,40.043473
Car-1,2008-05-25 09:40:45,116.405188,40.04347
Car-1,2008-05-25 09:40:47,116.405169,40.043459
Car-1,2008-05-25 09:40:49,116.40513,40.04342
Car-1,2008-05-25 09:40:51,116.405096,40.043417
Car-1,2008-05-25 09:40:53,116.405064,40.043398
Car-1,2008-05-25 09:40:55,116.405031,40.043387
Car-1,2008-05-25 09:40:57,116.40502,40.043375
Car-1,2008-05-25 09:40:59,116.405016,40.043373
Car-1,2008-05-25 09:41:01,116.405017,40.043371
Car-1,2008-05-25 09:41:03,116.405017,40.04337
Car-1,2008-05-25 09:41:05,116.405013,40.043369
Car-1,2008-05-25 09:41:07,116.405008,40.04337
Car-1,2008-05-25 09:41:09,116.405005,40.04337
Car-1,2008-05-25 09:41:11,116.405001,40.043369
Car-1,2008-05-25 09:41:13,116.404996,40.043368
Car-1,2008-05-25 09:41:15,116.404973,40.043378
Car-1,2008-05-25 09:41:17,116.404943,40.043389
Car-1,2008-05-25 09:41:19,116.404917,40.043392
Car-1,2008-05-25 09:41:21,116.404888,40.04339
Car-1,2008-05-25 09:41:23,116.404855,40.043387
Car-1,2008-05-25 09:41:25,116.404825,40.043383
Car-1,2008-05-25 09:41:27,116.404795,40.043381
Car-1,2008-05-25 09:41:29,116.404765,40.04338
Car-1,2008-05-25 09:41:31,116.404736,40.043382
Car-1,2008-05-25 09:41:33,116.404712,40.043378
Car-1,2008-05-25 09:41:35,116.404696,40.043369
Car-1,2008-05-25 09:41:37,116.404679,40.043363
Car-1,2008-05-25 09:41:39,116.404637,40.043355
Car-1,2008-05-25 09:41:41,116.404616,40.043348
Car-1,2008-05-25 09:41:43,116.404605,40.043341
Car-1,2008-05-25 09:41:45,116.404607,40.043329
Car-1,2008-05-25 09:41:47,116.404619,40.043316
Car-1,2008-05-25 09:41:49,116.404636,40.043303
Car-1,2008-05-25 09:41:51,116.404648,40.043293
Car-1,2008-05-25 09:41:53,116.404662,40.043282
Car-1,2008-05-25 09:41:55,116.404674,40.04327
Car-1,2008-05-25 09:41:57,116.404684,40.043253
Car-1,2008-05-25 09:41:59,116.404693,40.043239
Car-1,2008-05-25 09:42:01,116.404705,40.043227
Car-1,2008-05-25 09:42:03,116.404716,40.043217
Car-1,2008-05-25 09:42:05,116.404726,40.043203
Car-1,2008-05-25 09:42:07,116.404727,40.043194
Car-1,2008-05-25 09:42:09,116.404725,40.043187
Car-1,2008-05-25 09:42:11,116.404725,40.043182
Car-1,2008-05-25 09:42:13,116.404722,40.043177
Car-1,2008-05-25 09:42:15,116.404716,40.043172
Car-1,2008-05-25 09:42:17,116.404713,40.043165
Car-1,2008-05-25 09:42:19,116.404713,40.043152
Car-1,2008-05-25 09:42:21,116.40471,40.043137
Car-1,2008-05-25 09:42:23,116.404713,40.043126
Car-1,2008-05-25 09:42:25,116.404718,40.04311
Car-1,2008-05-25 09:42:27,116.404738,40.043091
Car-1,2008-05-25 09:42:29,116.40476,40.043068
Car-1,2008-05-25 09:42:31,116.404776,40.043044
Car-1,2008-05-25 09:42:33,116.404785,40.043017
Car-1,2008-05-25 09:42:35,116.404793,40.042982
Car-1,2008-05-25 09:42:37,116.404803,40.042944
Car-1,2008-05-25 09:42:39,116.404812,40.042902
Car-1,2008-05-25 09:42:41,116.404802,40.042867
Car-1,2008-05-25 09:42:43,116.404766,40.04286
Car-1,2008-05-25 09:42:45,116.40472,40.042864
Car-1,2008-05-25 09:42:47,116.404671,40.04287
Car-1,2008-05-25 09:42:49,116.404619,40.04288
Car-1,2008-05-25 09:42:51,116.404595,40.042868
Car-1,2008-05-25 09:42:53,116.404572,40.042854
Car-1,2008-05-25 09:42:55,116.404551,40.042844
Car-1,2008-05-25 09:42:57,116.404535,40.042843
Car-1,2008-05-25 09:42:59,116.404461,40.042876
Car-1,2008-05-25 09:43:01,116.404392,40.042918
Car-1,2008-05-25 09:43:03,116.404327,40.042962
Car-1,2008-05-25 09:43:05,116.404325,40.042977
Car-1,2008-05-25 09:43:07,116.404324,40.042983
Car-1,2008-05-25 09:43:09,116.404316,40.042978
Car-1,2008-05-25 09:43:11,116.404323,40.042966
Car-1,2008-05-25 09:43:13,116.404329,40.04295
Car-1,2008-05-25 09:43:15,116.404333,40.042931
Car-1,2008-05-25 09:43:17,116.404333,40.04291
Car-1,2008-05-25 09:43:19,116.404324,40.042904
Car-1,2008-05-25 09:43:21,116.404306,40.042903
Car-1,2008-05-25 09:43:23,116.404279,40.042918
Car-1,2008-05-25 09:43:25,116.40426,40.042936
Car-1,2008-05-25 09:43:27,116.404245,40.042958
Car-1,2008-05-25 09:43:29,116.404224,40.042989
Car-1,2008-05-25 09:53:53,116.404777,40.043323
Car-1,2008-05-25 09:54:35,116.404792,40.043462
Car-1,2008-05-25 09:55:17,116.404872,40.043449
Car-1,2008-05-25 09:55:19,116.40487,40.043449
Car-1,2008-05-25 09:55:21,116.404872,40.043452
Car-1,2008-05-25 09:55:23,116.404873,40.043456
Car-1,2008-05-25 09:55:25,116.404874,40.043458
Car-1,2008-05-25 09:55:27,116.404875,40.04346
Car-1,2008-05-25 09:55:29,116.404874,40.043459
Car-1,2008-05-25 09:55:31,116.404871,40.043457
Car-1,2008-05-25 09:55:33,116.404864,40.043455
Car-1,2008-05-25 09:55:35,116.404861,40.043455
Car-1,2008-05-25 09:55:37,116.40486,40.043455
Car-1,2008-05-25 09:55:39,116.40486,40.043455
Car-1,2008-05-25 09:55:41,116.404845,40.043472
Car-1,2008-05-25 09:55:43,116.404792,40.043515
Car-1,2008-05-25 09:55:45,116.404753,40.043537
Car-1,2008-05-25 09:55:47,116.40473,40.043561
Car-1,2008-05-25 09:55:49,116.404729,40.043569
Car-1,2008-05-25 09:55:51,116.40475,40.043579
Car-1,2008-05-25 09:55:53,116.404764,40.04357
Car-1,2008-05-25 09:55:55,116.404789,40.04356
Car-1,2008-05-25 09:55:57,116.404821,40.043532
Car-1,2008-05-25 09:55:59,116.404844,40.043505
Car-1,2008-05-25 09:56:01,116.404851,40.043497
Car-1,2008-05-25 09:56:03,116.404854,40.043488
Car-1,2008-05-25 09:56:05,116.404858,40.043483
Car-1,2008-05-25 09:56:07,116.404864,40.04348
Car-1,2008-05-25 09:56:09,116.404869,40.043478
Car-1,2008-05-25 09:56:11,116.404876,40.043476
Car-1,2008-05-25 09:56:13,116.404883,40.043468
Car-1,2008-05-25 09:56:15,116.404879,40.043456
Car-1,2008-05-25 09:56:17,116.40488,40.043446
Car-1,2008-05-25 09:56:19,116.404893,40.043425
Car-1,2008-05-25 09:56:21,116.404896,40.043419
Car-1,2008-05-25 09:56:23,116.404897,40.043414
Car-1,2008-05-25 09:56:25,116.404899,40.043412
Car-1,2008-05-25 09:56:27,116.404902,40.04341
Car-1,2008-05-25 09:56:29,116.404904,40.043407
Car-1,2008-05-25 09:56:31,116.404907,40.043406
Car-1,2008-05-25 09:56:33,116.404909,40.043406
Car-1,2008-05-25 09:56:35,116.404911,40.043407
Car-1,2008-05-25 09:56:37,116.404913,40.043406
Car-1,2008-05-25 09:56:39,116.404913,40.043406
Car-1,2008-05-25 09:56:41,116.404912,40.043406
Car-1,2008-05-25 09:56:43,116.404912,40.043407
Car-1,2008-05-25 09:56:45,116.404912,40.043408
Car-1,2008-05-25 09:56:47,116.404912,40.043409
Car-1,2008-05-25 09:56:49,116.404912,40.043411
Car-1,2008-05-25 09:56:51,116.404913,40.043412
Car-1,2008-05-25 09:56:53,116.404915,40.043412
Car-1,2008-05-25 09:56:55,116.404917,40.043412
Car-1,2008-05-25 09:56:57,116.404919,40.043412
Car-1,2008-05-25 09:56:59,116.404921,40.043411
Car-1,2008-05-25 09:57:01,116.404919,40.043407
Car-1,2008-05-25 09:57:03,116.404918,40.043402
Car-1,2008-05-25 09:57:05,116.404915,40.043398
Car-1,2008-05-25 09:57:07,116.404883,40.043397
Car-1,2008-05-25 09:57:09,116.404859,40.043388
Car-1,2008-05-25 09:57:11,116.404839,40.043371
Car-1,2008-05-25 09:57:13,116.404829,40.043369
Car-1,2008-05-25 09:57:15,116.404826,40.04336
Car-1,2008-05-25 09:57:17,116.404818,40.043351
Car-1,2008-05-25 09:57:19,116.404814,40.043345
Car-1,2008-05-25 09:57:21,116.40481,40.043341
Car-1,2008-05-25 09:57:23,116.404803,40.043337
Car-1,2008-05-25 09:57:25,116.404797,40.04333
Car-1,2008-05-25 09:57:27,116.404796,40.043326
Car-1,2008-05-25 09:57:29,116.404805,40.043326
Car-1,2008-05-25 09:57:31,116.404807,40.043321
Car-1,2008-05-25 09:57:33,116.404806,40.043317
Car-1,2008-05-25 09:57:35,116.404805,40.043313
Car-1,2008-05-25 09:57:37,116.404804,40.043309
Car-1,2008-05-25 09:57:39,116.404803,40.043304
Car-1,2008-05-25 09:57:41,116.404802,40.043299
Car-1,2008-05-25 09:57:43,116.4048,40.043295
Car-1,2008-05-25 09:57:45,116.404794,40.043293
Car-1,2008-05-25 09:57:47,116.40479,40.043291
Car-1,2008-05-25 09:57:49,116.404786,40.043288
Car-1,2008-05-25 09:57:51,116.404785,40.043285
Car-1,2008-05-25 09:57:53,116.404783,40.043268
Car-1,2008-05-25 09:57:55,116.404803,40.043257
Car-1,2008-05-25 09:57:57,116.404807,40.04325
Car-1,2008-05-25 09:57:59,116.404798,40.04325
Car-1,2008-05-25 09:58:01,116.404797,40.043248
Car-1,2008-05-25 09:58:03,116.404795,40.043247
Car-1,2008-05-25 09:58:05,116.404792,40.043245
Car-1,2008-05-25 09:58:07,116.404789,40.043241
Car-1,2008-05-25 09:58:09,116.404789,40.043228
Car-1,2008-05-25 09:58:11,116.404777,40.043221
Car-1,2008-05-25 09:58:13,116.404771,40.043235
Car-1,2008-05-25 09:58:15,116.404767,40.043245
Car-1,2008-05-25 09:58:17,116.404763,40.043247
Car-1,2008-05-25 09:58:19,116.40476,40.043248
Car-1,2008-05-25 09:58:21,116.404757,40.043251
Car-1,2008-05-25 09:58:23,116.404754,40.043255
Car-1,2008-05-25 09:58:25,116.404762,40.043269
Car-1,2008-05-25 09:58:27,116.40477,40.043287
Car-1,2008-05-25 09:58:29,116.404768,40.043291
Car-1,2008-05-25 09:58:31,116.404768,40.043295
Car-1,2008-05-25 09:58:33,116.40477,40.043299
Car-1,2008-05-25 09:58:35,116.404777,40.043309
Car-1,2008-05-25 09:58:37,116.40478,40.04332
Car-1,2008-05-25 09:58:39,116.404781,40.043326
Car-1,2008-05-25 09:58:41,116.404778,40.043329
Car-1,2008-05-25 09:58:43,116.404773,40.043331
Car-1,2008-05-25 09:58:45,116.404771,40.043334
Car-1,2008-05-25 09:58:47,116.404769,40.043337
Car-1,2008-05-25 09:58:49,116.404767,40.043339
Car-1,2008-05-25 09:58:51,116.404764,40.04334
Car-1,2008-05-25 09:58:53,116.40476,40.04334
Car-1,2008-05-25 09:58:55,116.404757,40.043338
Car-1,2008-05-25 09:58:57,116.404755,40.043335
Car-1,2008-05-25 09:58:59,116.404753,40.043331
Car-1,2008-05-25 09:59:01,116.40475,40.04332
Car-1,2008-05-25 09:59:03,116.404745,40.043309
Car-1,2008-05-25 09:59:05,116.40474,40.0433
Car-1,2008-05-25 09:59:07,116.404741,40.043288
Car-1,2008-05-25 09:59:09,116.40474,40.043281
Car-1,2008-05-25 09:59:11,116.404745,40.043274
Car-1,2008-05-25 09:59:13,116.404751,40.043264
Car-1,2008-05-25 09:59:15,116.404759,40.043253
Car-1,2008-05-25 09:59:17,116.404758,40.043244
Car-1,2008-05-25 09:59:19,116.404753,40.043241
Car-1,2008-05-25 09:59:21,116.404748,40.043243
Car-1,2008-05-25 09:59:23,116.404721,40.043263
Car-1,2008-05-25 09:59:25,116.404749,40.043252
Car-1,2008-05-25 09:59:27,116.404771,40.043255
Car-1,2008-05-25 09:59:29,116.404778,40.04326
Car-1,2008-05-25 09:59:31,116.404777,40.043263
Car-1,2008-05-25 09:59:33,116.404776,40.043266
Car-1,2008-05-25 09:59:35,116.404787,40.043287
Car-1,2008-05-25 09:59:37,116.404822,40.043326
Car-1,2008-05-25 09:59:39,116.404843,40.043355
Car-1,2008-05-25 09:59:41,116.404848,40.043374
Car-1,2008-05-25 09:59:43,116.40486,40.043369
Car-1,2008-05-25 09:59:45,116.404881,40.043365
Car-1,2008-05-25 09:59:47,116.404883,40.043368
Car-1,2008-05-25 09:59:49,116.404884,40.043371
Car-1,2008-05-25 09:59:51,116.404884,40.043374
Car-1,2008-05-25 09:59:53,116.404884,40.043374
Car-1,2008-05-25 09:59:55,116.404884,40.043372
Car-1,2008-05-25 09:59:57,116.404884,40.04337
Car-1,2008-05-25 09:59:59,116.404882,40.043369
Car-1,2008-05-25 10:00:01,116.404879,40.043368
Car-1,2008-05-25 10:00:03,116.404877,40.043366
Car-1,2008-05-25 10:00:05,116.404873,40.043364
Car-1,2008-05-25 10:00:07,116.404869,40.043362
Car-1,2008-05-25 10:00:09,116.404866,40.04336
Car-1,2008-05-25 10:00:11,116.404863,40.043358
Car-1,2008-05-25 10:00:13,116.404862,40.043355
Car-1,2008-05-25 10:00:15,116.404861,40.043354
Car-1,2008-05-25 10:00:17,116.404859,40.043353
Car-1,2008-05-25 10:00:19,116.404857,40.043352
Car-1,2008-05-25 10:00:21,116.404855,40.043351
Car-1,2008-05-25 10:00:23,116.404854,40.043351
Car-1,2008-05-25 10:00:25,116.404853,40.043351
Car-1,2008-05-25 10:00:27,116.404851,40.043351
Car-1,2008-05-25 10:00:29,116.404849,40.04335
Car-1,2008-05-25 10:00:31,116.40485,40.043349
Car-1,2008-05-25 10:00:33,116.40485,40.043349
Car-1,2008-05-25 10:00:35,116.40485,40.04335
Car-1,2008-05-25 10:00:37,116.40485,40.043349
Car-1,2008-05-25 10:00:39,116.40485,40.04335
Car-1,2008-05-25 10:00:41,116.40485,40.04335
Car-1,2008-05-25 10:00:43,116.40485,40.043349
Car-1,2008-05-25 10:00:45,116.40485,40.043349
Car-1,2008-05-25 10:00:47,116.40485,40.043349
Car-1,2008-05-25 10:00:49,116.40485,40.043349
Car-1,2008-05-25 10:00:51,116.40485,40.043349
Car-1,2008-05-25 10:00:53,116.40485,40.043349
Car-1,2008-05-25 10:00:55,116.404849,40.043349
Car-1,2008-05-25 10:00:57,116.40485,40.043348
Car-1,2008-05-25 10:00:59,116.404849,40.043348
Car-1,2008-05-25 10:01:01,116.404849,40.043348
Car-1,2008-05-25 10:01:03,116.404849,40.043348
Car-1,2008-05-25 10:01:05,116.404849,40.043348
Car-1,2008-05-25 10:01:07,116.404849,40.043348
Car-1,2008-05-25 10:01:09,116.404849,40.043347
Car-1,2008-05-25 10:01:11,116.404849,40.043346
Car-1,2008-05-25 10:01:13,116.404849,40.043344
Car-1,2008-05-25 10:01:15,116.404849,40.043342
Car-1,2008-05-25 10:01:17,116.404847,40.043339
Car-1,2008-05-25 10:01:19,116.404845,40.043336
Car-1,2008-05-25 10:01:21,116.404842,40.043332
Car-1,2008-05-25 10:01:23,116.404838,40.043328
Car-1,2008-05-25 10:01:25,116.404828,40.043323
Car-1,2008-05-25 10:01:27,116.404817,40.043314
Car-1,2008-05-25 10:01:29,116.404807,40.043308
Car-1,2008-05-25 10:01:31,116.404798,40.043307
Car-1,2008-05-25 10:01:33,116.404786,40.043303
Car-1,2008-05-25 10:01:35,116.404772,40.043296
Car-1,2008-05-25 10:01:37,116.404759,40.043292
Car-1,2008-05-25 10:01:39,116.404747,40.04329
Car-1,2008-05-25 10:01:41,116.404735,40.04329
Car-1,2008-05-25 10:01:43,116.404727,40.043299
Car-1,2008-05-25 10:01:45,116.404724,40.043297
Car-1,2008-05-25 10:01:47,116.404724,40.043295
Car-1,2008-05-25 10:01:49,116.404724,40.043292
Car-1,2008-05-25 10:01:51,116.404724,40.04329
Car-1,2008-05-25 10:01:53,116.404723,40.043287
Car-1,2008-05-25 10:01:55,116.404723,40.043286
Car-1,2008-05-25 10:01:57,116.404723,40.043285
Car-1,2008-05-25 10:01:59,116.404721,40.043284
Car-1,2008-05-25 10:02:01,116.40472,40.043283
Car-1,2008-05-25 10:02:03,116.404718,40.043281
Car-1,2008-05-25 10:02:05,116.404709,40.043271
Car-1,2008-05-25 10:02:07,116.404693,40.043261
Car-1,2008-05-25 10:02:09,116.404679,40.043252
Car-1,2008-05-25 10:02:11,116.404671,40.043245
Car-1,2008-05-25 10:05:15,116.404724,40.042505
Car-1,2008-05-25 10:05:21,116.404585,40.043139
Car-1,2008-05-25 10:05:23,116.404593,40.043145
Car-1,2008-05-25 10:05:25,116.404595,40.043143
Car-1,2008-05-25 10:05:27,116.404598,40.04314
Car-1,2008-05-25 10:05:29,116.4046,40.043137
Car-1,2008-05-25 10:05:31,116.404602,40.043134
Car-1,2008-05-25 10:05:33,116.404604,40.043132
Car-1,2008-05-25 10:05:35,116.404606,40.043128
Car-1,2008-05-25 10:05:37,116.404607,40.043125
Car-1,2008-05-25 10:05:39,116.404606,40.043122
Car-1,2008-05-25 10:05:41,116.404603,40.043118
Car-1,2008-05-25 10:05:43,116.404599,40.043116
Car-1,2008-05-25 10:05:45,116.404594,40.043114
Car-1,2008-05-25 10:05:47,116.404589,40.043112
Car-1,2008-05-25 10:05:49,116.404584,40.043109
Car-1,2008-05-25 10:05:51,116.404578,40.043107
Car-1,2008-05-25 10:05:53,116.404572,40.043106
Car-1,2008-05-25 10:05:55,116.404569,40.043106
Car-1,2008-05-25 10:05:57,116.404567,40.043108
Car-1,2008-05-25 10:05:59,116.404566,40.043109
Car-1,2008-05-25 10:06:01,116.404564,40.043108
Car-1,2008-05-25 10:06:03,116.404562,40.043108
Car-1,2008-05-25 10:06:05,116.404559,40.043106
Car-1,2008-05-25 10:06:07,116.404556,40.043106
Car-1,2008-05-25 10:06:09,116.404555,40.043107
Car-1,2008-05-25 10:06:11,116.404556,40.043108
Car-1,2008-05-25 10:06:13,116.404559,40.04311
Car-1,2008-05-25 10:06:15,116.404564,40.043111
Car-1,2008-05-25 10:06:17,116.404569,40.043113
Car-1,2008-05-25 10:06:19,116.404574,40.043115
Car-1,2008-05-25 10:06:21,116.404578,40.043118
Car-1,2008-05-25 10:06:23,116.404583,40.04312
Car-1,2008-05-25 10:06:25,116.404596,40.043125
Car-1,2008-05-25 10:06:27,116.404623,40.043129
Car-1,2008-05-25 10:06:29,116.404638,40.043129
Car-1,2008-05-25 10:06:31,116.404643,40.043127
Car-1,2008-05-25 10:06:33,116.404638,40.043123
Car-1,2008-05-25 10:06:35,116.40464,40.04312
Car-1,2008-05-25 10:06:37,116.404645,40.04312
Car-1,2008-05-25 10:10:53,116.404903,40.042963
Car-1,2008-05-25 10:10:55,116.404941,40.042951
Car-1,2008-05-25 10:10:57,116.404966,40.042939
Car-1,2008-05-25 10:10:59,116.404982,40.042931
Car-1,2008-05-25 10:11:01,116.405,40.042918
Car-1,2008-05-25 10:11:03,116.405017,40.042913
Car-1,2008-05-25 10:11:05,116.405034,40.042916
Car-1,2008-05-25 10:11:07,116.405046,40.042925
Car-1,2008-05-25 10:11:09,116.405037,40.042928
Car-1,2008-05-25 10:11:11,116.405023,40.042958
Car-1,2008-05-25 10:11:13,116.405017,40.042979
Car-1,2008-05-25 10:11:15,116.405018,40.04298
Car-1,2008-05-25 10:11:17,116.405017,40.042983
Car-1,2008-05-25 10:11:19,116.405017,40.042988
Car-1,2008-05-25 10:11:21,116.405012,40.043007
Car-1,2008-05-25 10:11:23,116.405008,40.043024
Car-1,2008-05-25 10:11:25,116.405004,40.04305
Car-1,2008-05-25 10:11:27,116.405036,40.043054
Car-1,2008-05-25 10:11:29,116.405058,40.043046
Car-1,2008-05-25 10:11:31,116.405075,40.043033
Car-1,2008-05-25 10:11:33,116.405091,40.043029
Car-1,2008-05-25 10:11:35,116.4051,40.043031
Car-1,2008-05-25 10:11:37,116.405104,40.043031
Car-1,2008-05-25 10:11:39,116.405109,40.043031
Car-1,2008-05-25 10:11:41,116.405112,40.04303
Car-1,2008-05-25 10:11:43,116.405114,40.043028
Car-1,2008-05-25 10:11:45,116.405115,40.04302
Car-1,2008-05-25 10:11:47,116.405107,40.043002
Car-1,2008-05-25 10:11:49,116.405109,40.04298
Car-1,2008-05-25 10:11:51,116.405115,40.042966
Car-1,2008-05-25 10:11:53,116.40512,40.042961
Car-1,2008-05-25 10:11:55,116.405121,40.04296
Car-1,2008-05-25 10:11:57,116.405133,40.042937
Car-1,2008-05-25 10:11:59,116.405127,40.042901
Car-1,2008-05-25 10:12:01,116.405099,40.042889
Car-1,2008-05-25 10:12:03,116.405086,40.042872
Car-1,2008-05-25 10:12:05,116.405081,40.042852
Car-1,2008-05-25 10:12:07,116.405055,40.042841
Car-1,2008-05-25 10:12:09,116.40505,40.042822
Car-1,2008-05-25 10:12:11,116.405058,40.0428
Car-1,2008-05-25 10:12:13,116.405066,40.042783
Car-1,2008-05-25 10:12:15,116.405072,40.042767
Car-1,2008-05-25 10:12:17,116.405068,40.042746
Car-1,2008-05-25 10:12:19,116.405037,40.042732
Car-1,2008-05-25 10:12:21,116.405005,40.042716
Car-1,2008-05-25 10:12:23,116.404976,40.042702
Car-1,2008-05-25 10:12:25,116.404971,40.042687
Car-1,2008-05-25 10:12:27,116.404957,40.042679
Car-1,2008-05-25 10:12:29,116.404944,40.042675
Car-1,2008-05-25 10:12:31,116.404937,40.04268
Car-1,2008-05-25 10:12:33,116.404922,40.042675
Car-1,2008-05-25 10:12:35,116.404912,40.042666
Car-1,2008-05-25 10:12:37,116.404907,40.042656
Car-1,2008-05-25 10:12:39,116.404908,40.042645
Car-1,2008-05-25 10:12:41,116.404913,40.042634
Car-1,2008-05-25 10:12:43,116.404909,40.042622
Car-1,2008-05-25 10:12:45,116.404915,40.042608
Car-1,2008-05-25 10:12:47,116.404911,40.042591
Car-1,2008-05-25 10:12:49,116.404903,40.042575
Car-1,2008-05-25 10:12:51,116.404891,40.042546
Car-1,2008-05-25 10:12:53,116.404883,40.042527
Car-1,2008-05-25 10:12:55,116.404873,40.042515
Car-1,2008-05-25 10:12:57,116.404867,40.042504
Car-1,2008-05-25 10:12:59,116.404871,40.042491
Car-1,2008-05-25 10:13:01,116.404872,40.042464
Car-1,2008-05-25 10:13:03,116.404883,40.042446
Car-1,2008-05-25 10:13:05,116.404884,40.042437
Car-1,2008-05-25 10:13:07,116.404881,40.042412
Car-1,2008-05-25 10:13:09,116.404867,40.042393
Car-1,2008-05-25 10:13:11,116.404867,40.042369
Car-1,2008-05-25 10:13:13,116.404879,40.042347
Car-1,2008-05-25 10:13:15,116.404882,40.042321
Car-1,2008-05-25 10:13:17,116.404881,40.042301
Car-1,2008-05-25 10:13:19,116.404883,40.04228
Car-1,2008-05-25 10:13:21,116.404846,40.042279
Car-1,2008-05-25 10:13:23,116.40484,40.042259
Car-1,2008-05-25 10:13:25,116.404835,40.042246
Car-1,2008-05-25 10:13:27,116.404831,40.042233
Car-1,2008-05-25 10:13:29,116.404821,40.042221
Car-1,2008-05-25 10:13:31,116.404819,40.04221
Car-1,2008-05-25 10:13:33,116.404803,40.042189
Car-1,2008-05-25 10:13:35,116.404787,40.042168
Car-1,2008-05-25 10:13:37,116.404791,40.042144
Car-1,2008-05-25 10:13:39,116.404808,40.042126
Car-1,2008-05-25 10:13:41,116.404861,40.042087
Car-1,2008-05-25 10:13:43,116.404875,40.04207
Car-1,2008-05-25 10:13:45,116.404882,40.042045
Car-1,2008-05-25 10:13:47,116.404871,40.042028
Car-1,2008-05-25 10:13:49,116.404874,40.042019
Car-1,2008-05-25 10:13:51,116.404886,40.042014
Car-1,2008-05-25 10:13:53,116.404932,40.041994
Car-1,2008-05-25 10:13:55,116.404937,40.041983
Car-1,2008-05-25 10:13:57,116.404943,40.041978
Car-1,2008-05-25 10:13:59,116.404945,40.04197
Car-1,2008-05-25 10:14:01,116.404951,40.041963
Car-1,2008-05-25 10:14:03,116.404954,40.041959
Car-1,2008-05-25 10:14:05,116.404948,40.041968
Car-1,2008-05-25 10:14:07,116.404953,40.041971
Car-1,2008-05-25 10:14:09,116.404951,40.04197
Car-1,2008-05-25 10:14:11,116.404952,40.04197
Car-1,2008-05-25 10:14:13,116.404952,40.041969
Car-1,2008-05-25 10:14:15,116.404969,40.041962
Car-1,2008-05-25 10:14:17,116.405015,40.041945
Car-1,2008-05-25 10:14:19,116.405056,40.041936
Car-1,2008-05-25 10:14:21,116.405087,40.041906
Car-1,2008-05-25 10:14:23,116.405105,40.041891
Car-1,2008-05-25 10:14:25,116.40512,40.041879
Car-1,2008-05-25 10:14:27,116.405125,40.041869
Car-1,2008-05-25 10:14:29,116.405138,40.04186
Car-1,2008-05-25 10:14:31,116.405159,40.041848
Car-1,2008-05-25 10:14:33,116.405168,40.041838
Car-1,2008-05-25 10:14:35,116.405179,40.041829
Car-1,2008-05-25 10:14:37,116.405188,40.041819
Car-1,2008-05-25 10:14:39,116.405196,40.04181
Car-1,2008-05-25 10:14:41,116.405206,40.0418
Car-1,2008-05-25 10:14:43,116.405215,40.041789
Car-1,2008-05-25 10:14:47,116.40523,40.04177
Car-1,2008-05-25 10:14:49,116.405238,40.041762
Car-1,2008-05-25 10:23:29,116.405562,40.041624
Car-1,2008-05-25 10:23:31,116.405378,40.041681
Car-1,2008-05-25 10:23:33,116.405206,40.041721
Car-1,2008-05-25 10:23:35,116.405065,40.041752
Car-1,2008-05-25 10:23:37,116.405095,40.041782
Car-1,2008-05-25 10:23:39,116.405137,40.041814
Car-1,2008-05-25 10:23:41,116.405113,40.041836
Car-1,2008-05-25 10:23:43,116.405045,40.041848
Car-1,2008-05-25 10:23:45,116.405035,40.041874
Car-1,2008-05-25 10:23:47,116.404963,40.041907
Car-1,2008-05-25 10:23:49,116.40492,40.041935
Car-1,2008-05-25 10:23:51,116.404932,40.041961
Car-1,2008-05-25 10:23:53,116.404931,40.041952
Car-1,2008-05-25 10:23:55,116.404938,40.04196
Car-1,2008-05-25 10:23:57,116.404939,40.041966
Car-1,2008-05-25 10:23:59,116.404944,40.041973
Car-1,2008-05-25 10:24:01,116.404952,40.041981
Car-1,2008-05-25 10:24:03,116.404965,40.041988
Car-1,2008-05-25 10:24:05,116.404968,40.041984
Car-1,2008-05-25 10:24:07,116.404993,40.04197
Car-1,2008-05-25 10:24:09,116.404976,40.041969
Car-1,2008-05-25 10:24:11,116.404983,40.041992
Car-1,2008-05-25 10:24:13,116.404968,40.041997
Car-1,2008-05-25 10:24:15,116.404966,40.04201
Car-1,2008-05-25 10:24:17,116.404972,40.042026
Car-1,2008-05-25 10:24:19,116.404978,40.042036
Car-1,2008-05-25 10:24:21,116.404996,40.042044
Car-1,2008-05-25 10:24:23,116.405001,40.042052
Car-1,2008-05-25 10:24:25,116.405024,40.042068
Car-1,2008-05-25 10:24:27,116.405016,40.042089
Car-1,2008-05-25 10:24:29,116.40501,40.042106
Car-1,2008-05-25 10:24:31,116.405009,40.042114
Car-1,2008-05-25 10:24:33,116.405013,40.042131
Car-1,2008-05-25 10:24:35,116.405012,40.042145
Car-1,2008-05-25 10:24:37,116.405005,40.042161
Car-1,2008-05-25 10:24:39,116.404948,40.042205
Car-1,2008-05-25 10:24:41,116.404939,40.04222
Car-1,2008-05-25 10:24:43,116.404947,40.042236
Car-1,2008-05-25 10:24:45,116.404946,40.04225
Car-1,2008-05-25 10:24:47,116.404957,40.042271
Car-1,2008-05-25 10:24:49,116.404963,40.042289
Car-1,2008-05-25 10:24:51,116.404971,40.042309
Car-1,2008-05-25 10:24:53,116.404986,40.042333
Car-1,2008-05-25 10:24:55,116.404998,40.042356
Car-1,2008-05-25 10:24:57,116.404962,40.042415
Car-1,2008-05-25 10:24:59,116.404921,40.042447
Car-1,2008-05-25 10:25:01,116.404913,40.042467
Car-1,2008-05-25 10:25:03,116.404924,40.042504
Car-1,2008-05-25 10:25:05,116.40493,40.042525
Car-1,2008-05-25 10:25:07,116.404925,40.042542
Car-1,2008-05-25 10:25:09,116.40497,40.042574
Car-1,2008-05-25 10:25:11,116.404992,40.042587
Car-1,2008-05-25 10:25:13,116.405004,40.042598
Car-1,2008-05-25 10:25:15,116.405012,40.042618
Car-1,2008-05-25 10:25:17,116.405033,40.042642
Car-1,2008-05-25 10:25:19,116.405041,40.042661
Car-1,2008-05-25 10:25:21,116.40506,40.042682
Car-1,2008-05-25 10:25:23,116.405092,40.042698
Car-1,2008-05-25 10:25:25,116.405119,40.042717
Car-1,2008-05-25 10:25:27,116.405143,40.042734
Car-1,2008-05-25 10:25:29,116.405146,40.042748
Car-1,2008-05-25 10:25:31,116.405149,40.042768
Car-1,2008-05-25 10:25:33,116.405165,40.042797
Car-1,2008-05-25 10:25:35,116.405167,40.042811
Car-1,2008-05-25 10:25:37,116.40518,40.042831
Car-1,2008-05-25 10:25:39,116.405178,40.042848
Car-1,2008-05-25 10:25:41,116.405175,40.042863
Car-1,2008-05-25 10:25:43,116.405188,40.042875
Car-1,2008-05-25 10:25:45,116.405192,40.042889
Car-1,2008-05-25 10:25:47,116.40516,40.042896
Car-1,2008-05-25 10:25:49,116.405131,40.042906
Car-1,2008-05-25 10:25:51,116.405129,40.042916
Car-1,2008-05-25 10:25:53,116.405119,40.042918
Car-1,2008-05-25 10:25:55,116.405124,40.042926
Car-1,2008-05-25 10:25:57,116.405141,40.042942
Car-1,2008-05-25 10:25:59,116.405161,40.042968
Car-1,2008-05-25 10:26:01,116.405176,40.042985
Car-1,2008-05-25 10:26:03,116.40517,40.042987
Car-1,2008-05-25 10:26:05,116.405176,40.043006
Car-1,2008-05-25 10:26:07,116.405203,40.043009
Car-1,2008-05-25 10:26:09,116.405195,40.043004
Car-1,2008-05-25 10:26:11,116.405196,40.043005
Car-1,2008-05-25 10:26:13,116.405205,40.043006
Car-1,2008-05-25 10:26:15,116.405212,40.04301
Car-1,2008-05-25 10:26:17,116.405221,40.043022
Car-1,2008-05-25 10:26:19,116.405241,40.043037
Car-1,2008-05-25 10:26:21,116.40526,40.043051
Car-1,2008-05-25 10:26:23,116.405264,40.043071
Car-1,2008-05-25 10:26:25,116.405257,40.04309
Car-1,2008-05-25 10:26:27,116.405264,40.04311
Car-1,2008-05-25 10:26:29,116.405273,40.04313
Car-1,2008-05-25 10:26:31,116.405278,40.043148
Car-1,2008-05-25 10:26:33,116.405282,40.043167
Car-1,2008-05-25 10:26:35,116.405283,40.043185
Car-1,2008-05-25 10:26:37,116.405285,40.043196
Car-1,2008-05-25 10:26:39,116.405293,40.043213
Car-1,2008-05-25 10:26:41,116.405301,40.043227
Car-1,2008-05-25 10:26:43,116.4053,40.043239
Car-1,2008-05-25 10:26:45,116.405306,40.043258
Car-1,2008-05-25 10:26:47,116.405328,40.043292
Car-1,2008-05-25 10:26:49,116.405344,40.04333
Car-1,2008-05-25 10:26:51,116.405345,40.043354
Car-1,2008-05-25 10:26:53,116.405366,40.043373
Car-1,2008-05-25 10:26:55,116.405388,40.043389
Car-1,2008-05-25 10:26:57,116.405411,40.0434
Car-1,2008-05-25 10:26:59,116.405426,40.043415
Car-1,2008-05-25 10:27:01,116.405431,40.043433
Car-1,2008-05-25 10:27:03,116.405445,40.043456
Car-1,2008-05-25 10:27:05,116.405441,40.043469
Car-1,2008-05-25 10:27:07,116.405431,40.04349
Car-1,2008-05-25 10:27:09,116.405427,40.043502
Car-1,2008-05-25 10:27:11,116.40543,40.043517
Car-1,2008-05-25 10:27:13,116.405431,40.043533
Car-1,2008-05-25 10:27:15,116.40543,40.043545
Car-1,2008-05-25 10:27:17,116.405428,40.043566
Car-1,2008-05-25 10:27:19,116.40542,40.043596
Car-1,2008-05-25 10:27:21,116.405408,40.043613
Car-1,2008-05-25 10:27:23,116.405403,40.043631
Car-1,2008-05-25 10:27:25,116.405404,40.043654
Car-1,2008-05-25 10:27:27,116.405412,40.043678
Car-1,2008-05-25 10:27:29,116.40543,40.043712
Car-1,2008-05-25 10:27:31,116.405431,40.043731
Car-1,2008-05-25 10:27:33,116.405427,40.043749
Car-1,2008-05-25 10:27:35,116.405433,40.043763
Car-1,2008-05-25 10:27:37,116.405438,40.043789
Car-1,2008-05-25 10:27:39,116.405436,40.043809
Car-1,2008-05-25 10:27:41,116.405436,40.043833
Car-1,2008-05-25 10:27:43,116.405441,40.043843
Car-1,2008-05-25 10:27:45,116.405433,40.043857
Car-1,2008-05-25 10:27:47,116.405422,40.043868
Car-1,2008-05-25 10:27:49,116.405434,40.043894
Car-1,2008-05-25 10:27:51,116.405442,40.043907
Car-1,2008-05-25 10:27:53,116.405448,40.043923
Car-1,2008-05-25 10:27:55,116.40544,40.043936
Car-1,2008-05-25 10:27:57,116.405433,40.043945
Car-1,2008-05-25 10:27:59,116.405453,40.043973
Car-1,2008-05-25 10:28:01,116.40548,40.044009
Car-1,2008-05-25 10:28:03,116.4055,40.044026
Car-1,2008-05-25 10:28:05,116.40549,40.044052
Car-1,2008-05-25 10:28:07,116.405489,40.044063
Car-1,2008-05-25 10:28:09,116.405494,40.044083
Car-1,2008-05-25 10:28:11,116.405503,40.044101
Car-1,2008-05-25 10:28:13,116.405506,40.044125
Car-1,2008-05-25 10:28:15,116.405507,40.044151
Car-1,2008-05-25 10:28:17,116.40551,40.044171
Car-1,2008-05-25 10:28:19,116.405523,40.044186
Car-1,2008-05-25 10:28:21,116.405534,40.044209
Car-1,2008-05-25 10:28:23,116.405539,40.044235
Car-1,2008-05-25 10:28:25,116.405535,40.044256
Car-1,2008-05-25 10:28:27,116.405544,40.044271
Car-1,2008-05-25 10:28:29,116.405553,40.044296
Car-1,2008-05-25 10:28:31,116.405568,40.044322
Car-1,2008-05-25 10:28:33,116.405571,40.044339
Car-1,2008-05-25 10:28:35,116.405575,40.044354
Car-1,2008-05-25 10:28:37,116.405601,40.044361
Car-1,2008-05-25 10:28:39,116.405609,40.044376
Car-1,2008-05-25 10:28:41,116.405623,40.044406
Car-1,2008-05-25 10:28:43,116.405626,40.044422
Car-1,2008-05-25 10:28:45,116.405621,40.044442
Car-1,2008-05-25 10:28:47,116.405631,40.044455
Car-1,2008-05-25 10:28:49,116.405625,40.044476
Car-1,2008-05-25 10:28:51,116.405624,40.044501
Car-1,2008-05-25 10:28:53,116.405614,40.044531
Car-1,2008-05-25 10:28:55,116.405606,40.044549
Car-1,2008-05-25 10:28:57,116.4056,40.044569
Car-1,2008-05-25 10:28:59,116.405613,40.044593
Car-1,2008-05-25 10:29:01,116.405621,40.044611
Car-1,2008-05-25 10:29:03,116.405629,40.044632
Car-1,2008-05-25 10:29:05,116.405622,40.044628
Car-1,2008-05-25 10:29:07,116.405634,40.044645
Car-1,2008-05-25 10:29:09,116.405651,40.044662
Car-1,2008-05-25 10:29:11,116.405662,40.044678
Car-1,2008-05-25 10:29:13,116.405661,40.044695
Car-1,2008-05-25 10:29:15,116.40567,40.044714
Car-1,2008-05-25 10:29:17,116.405689,40.044745
Car-1,2008-05-25 10:29:19,116.40569,40.044764
Car-1,2008-05-25 10:29:21,116.405695,40.044769
Car-1,2008-05-25 10:29:23,116.405693,40.044791
Car-1,2008-05-25 10:29:25,116.405685,40.044812
Car-1,2008-05-25 10:29:27,116.40568,40.04483
Car-1,2008-05-25 10:29:29,116.405667,40.044846
Car-1,2008-05-25 10:29:31,116.405611,40.044881
Car-1,2008-05-25 10:29:33,116.405618,40.044894
Car-1,2008-05-25 10:29:35,116.405641,40.044914
Car-1,2008-05-25 10:29:37,116.405647,40.044923
Car-1,2008-05-25 10:29:39,116.405656,40.044938
Car-1,2008-05-25 10:29:41,116.405666,40.044955
Car-1,2008-05-25 10:29:43,116.405673,40.044979
Car-1,2008-05-25 10:29:45,116.405688,40.045006
Car-1,2008-05-25 10:29:47,116.405701,40.04502
Car-1,2008-05-25 10:29:49,116.40571,40.045032
Car-1,2008-05-25 10:29:51,116.405716,40.045052
Car-1,2008-05-25 10:29:53,116.405711,40.045083
Car-1,2008-05-25 10:29:55,116.405702,40.045107
Car-1,2008-05-25 10:29:57,116.4057,40.045139
Car-1,2008-05-25 10:29:59,116.405698,40.045162
Car-1,2008-05-25 10:30:01,116.405703,40.045198
Car-1,2008-05-25 10:30:03,116.405696,40.045226
Car-1,2008-05-25 10:30:05,116.405694,40.045238
Car-1,2008-05-25 10:30:07,116.405698,40.045248
Car-1,2008-05-25 10:30:09,116.405692,40.045266
Car-1,2008-05-25 10:30:11,116.405697,40.045295
Car-1,2008-05-25 10:30:13,116.405691,40.045326
Car-1,2008-05-25 10:30:15,116.405705,40.045337
Car-1,2008-05-25 10:30:17,116.405695,40.045357
Car-1,2008-05-25 10:30:19,116.405688,40.045384
Car-1,2008-05-25 10:30:21,116.405693,40.045414
Car-1,2008-05-25 10:30:23,116.405701,40.045449
Car-1,2008-05-25 10:30:25,116.405695,40.045469
Car-1,2008-05-25 10:30:27,116.40568,40.045489
Car-1,2008-05-25 10:30:29,116.40569,40.045514
Car-1,2008-05-25 10:30:31,116.405701,40.045529
Car-1,2008-05-25 10:30:33,116.40569,40.045546
Car-1,2008-05-25 10:30:35,116.405695,40.045558
Car-1,2008-05-25 10:30:37,116.405699,40.045589
Car-1,2008-05-25 10:30:39,116.405703,40.045608
Car-1,2008-05-25 10:30:41,116.40571,40.045628
Car-1,2008-05-25 10:30:43,116.405715,40.045641
Car-1,2008-05-25 10:30:45,116.405718,40.04566
Car-1,2008-05-25 10:30:47,116.405714,40.045685
Car-1,2008-05-25 10:30:49,116.405707,40.045704
Car-1,2008-05-25 10:30:51,116.405698,40.045714
Car-1,2008-05-25 10:30:53,116.405706,40.045729
Car-1,2008-05-25 10:30:55,116.405703,40.045745
Car-1,2008-05-25 10:30:57,116.405698,40.045765
Car-1,2008-05-25 10:30:59,116.405691,40.045777
Car-1,2008-05-25 10:31:01,116.405693,40.045778
Car-1,2008-05-25 10:31:03,116.405687,40.045777
Car-1,2008-05-25 10:31:05,116.405684,40.045779
Car-1,2008-05-25 10:31:07,116.405666,40.045781
Car-1,2008-05-25 10:31:09,116.405592,40.045806
Car-1,2008-05-25 10:31:11,116.405568,40.045809
Car-1,2008-05-25 10:31:13,116.405543,40.045805
Car-1,2008-05-25 10:31:15,116.405522,40.045801
Car-1,2008-05-25 10:31:17,116.405497,40.045806
Car-1,2008-05-25 10:31:19,116.405467,40.045807
Car-1,2008-05-25 10:31:21,116.405442,40.045812
Car-1,2008-05-25 10:31:23,116.405432,40.045822
Car-1,2008-05-25 10:31:25,116.40541,40.045828
Car-1,2008-05-25 10:31:27,116.405395,40.045838
Car-1,2008-05-25 10:31:29,116.405369,40.04584
Car-1,2008-05-25 10:31:31,116.405348,40.045835
Car-1,2008-05-25 10:31:33,116.405316,40.045832
Car-1,2008-05-25 10:31:35,116.405295,40.045829
Car-1,2008-05-25 10:31:37,116.405267,40.045826
Car-1,2008-05-25 10:31:39,116.405247,40.045821
Car-1,2008-05-25 10:31:41,116.405233,40.04582
Car-1,2008-05-25 10:31:43,116.405222,40.045815
Car-1,2008-05-25 10:31:45,116.405204,40.045808
Car-1,2008-05-25 10:31:47,116.405188,40.045801
Car-1,2008-05-25 10:31:49,116.405173,40.045803
Car-1,2008-05-25 10:31:51,116.405162,40.045805
Car-1,2008-05-25 10:31:53,116.405169,40.045808
Car-1,2008-05-25 10:31:55,116.405159,40.045801
Car-1,2008-05-25 10:31:57,116.405141,40.0458
Car-1,2008-05-25 10:31:59,116.405097,40.045795
Car-1,2008-05-25 10:32:01,116.405023,40.045799
Car-1,2008-05-25 10:32:03,116.405001,40.045796
Car-1,2008-05-25 10:32:05,116.404977,40.045797
Car-1,2008-05-25 10:32:07,116.404939,40.045785
Car-1,2008-05-25 10:32:09,116.404917,40.045766
Car-1,2008-05-25 10:32:11,116.404923,40.045741
Car-1,2008-05-25 10:32:13,116.404892,40.045744
Car-1,2008-05-25 10:32:15,116.404897,40.045737
Car-1,2008-05-25 10:32:17,116.404866,40.045746
Car-1,2008-05-25 10:32:19,116.404876,40.045742
Car-1,2008-05-25 10:32:21,116.40485,40.045734
Car-1,2008-05-25 10:32:23,116.404826,40.045745
Car-1,2008-05-25 10:32:25,116.404803,40.045753
Car-1,2008-05-25 10:32:27,116.404792,40.045766
Car-1,2008-05-25 10:32:29,116.404784,40.045765
Car-1,2008-05-25 10:32:31,116.404775,40.045781
Car-1,2008-05-25 10:32:33,116.404754,40.045793
Car-1,2008-05-25 10:32:35,116.404699,40.045816
Car-1,2008-05-25 10:32:37,116.404666,40.045831
Car-1,2008-05-25 10:32:39,116.404651,40.045844
Car-1,2008-05-25 10:32:41,116.404632,40.045855
Car-1,2008-05-25 10:32:43,116.404609,40.045876
Car-1,2008-05-25 10:32:45,116.404595,40.0459
Car-1,2008-05-25 10:32:47,116.404569,40.045913
Car-1,2008-05-25 10:32:49,116.404545,40.04592
Car-1,2008-05-25 10:32:51,116.40452,40.045933
Car-1,2008-05-25 10:32:53,116.404489,40.045952
Car-1,2008-05-25 10:32:55,116.404452,40.045967
Car-1,2008-05-25 10:32:57,116.404426,40.04598
Car-1,2008-05-25 10:32:59,116.404416,40.04599
Car-1,2008-05-25 10:33:01,116.404413,40.045991
Car-1,2008-05-25 10:33:03,116.40442,40.045993
Car-1,2008-05-25 10:33:05,116.404431,40.045992
Car-1,2008-05-25 10:33:07,116.404435,40.045993
Car-1,2008-05-25 10:33:09,116.404435,40.045994
Car-1,2008-05-25 10:33:11,116.404432,40.045999
Car-1,2008-05-25 10:33:13,116.40442,40.046002
Car-1,2008-05-25 10:33:15,116.404418,40.046002
Car-1,2008-05-25 10:33:17,116.404392,40.046011
Car-1,2008-05-25 10:33:19,116.404374,40.046011
Car-1,2008-05-25 10:33:21,116.404356,40.046008
Car-1,2008-05-25 10:33:23,116.404322,40.046011
Car-1,2008-05-25 10:33:25,116.404294,40.04601
Car-1,2008-05-25 10:33:27,116.404297,40.046007
Car-1,2008-05-25 10:33:29,116.40428,40.046006
Car-1,2008-05-25 10:33:31,116.40428,40.046005
Car-1,2008-05-25 10:33:33,116.404265,40.046012
Car-1,2008-05-25 10:33:35,116.404238,40.046013
Car-1,2008-05-25 10:33:37,116.404223,40.046015
Car-1,2008-05-25 10:33:39,116.404189,40.046021
Car-1,2008-05-25 10:33:41,116.404169,40.046023
Car-1,2008-05-25 10:33:43,116.404136,40.04603
Car-1,2008-05-25 10:33:45,116.404108,40.046034
Car-1,2008-05-25 10:33:47,116.40407,40.046044
Car-1,2008-05-25 10:33:49,116.404025,40.046053
Car-1,2008-05-25 10:33:51,116.403993,40.046062
Car-1,2008-05-25 10:33:53,116.403956,40.046077
Car-1,2008-05-25 10:33:55,116.403926,40.046078
Car-1,2008-05-25 10:33:57,116.403906,40.046071
Car-1,2008-05-25 10:33:59,116.403891,40.046071
Car-1,2008-05-25 10:34:01,116.403859,40.046067
Car-1,2008-05-25 10:34:03,116.403833,40.046069
Car-1,2008-05-25 10:34:05,116.4038,40.046073
Car-1,2008-05-25 10:34:07,116.403775,40.046073
Car-1,2008-05-25 10:34:09,116.403753,40.046076
Car-1,2008-05-25 10:34:11,116.403716,40.046084
Car-1,2008-05-25 10:34:13,116.403686,40.046088
Car-1,2008-05-25 10:34:15,116.403669,40.046088
Car-1,2008-05-25 10:34:17,116.403619,40.046103
Car-1,2008-05-25 10:34:19,116.403593,40.046101
Car-1,2008-05-25 10:34:21,116.403562,40.046101
Car-1,2008-05-25 10:34:23,116.40355,40.0461
Car-1,2008-05-25 10:34:25,116.403553,40.046101
Car-1,2008-05-25 10:34:27,116.403544,40.046102
Car-1,2008-05-25 10:34:29,116.403542,40.046108
Car-1,2008-05-25 10:34:31,116.403573,40.046127
Car-1,2008-05-25 10:34:33,116.403598,40.046154
Car-1,2008-05-25 10:34:35,116.403634,40.046218
Car-1,2008-05-25 10:34:37,116.403583,40.046267
Car-1,2008-05-25 10:34:39,116.403564,40.046348
Car-1,2008-05-25 10:34:41,116.403552,40.046384
Car-1,2008-05-25 10:34:43,116.403539,40.046415
Car-1,2008-05-25 10:34:45,116.403524,40.046443
Car-1,2008-05-25 10:34:47,116.403517,40.046473
Car-1,2008-05-25 10:34:49,116.403512,40.046489
Car-1,2008-05-25 10:34:51,116.403503,40.046499
Car-1,2008-05-25 10:34:53,116.403488,40.046514
Car-1,2008-05-25 10:34:55,116.403457,40.046523
Car-1,2008-05-25 10:34:57,116.403439,40.046536
Car-1,2008-05-25 10:34:59,116.403429,40.046552
Car-1,2008-05-25 10:35:01,116.403423,40.046566
Car-1,2008-05-25 10:35:03,116.403412,40.046571
Car-1,2008-05-25 10:35:05,116.403395,40.046578
Car-1,2008-05-25 10:35:07,116.403376,40.046585
Car-1,2008-05-25 11:09:55,116.404244,40.046306
Car-1,2008-05-25 11:09:57,116.404334,40.046193
Car-1,2008-05-25 11:09:59,116.404345,40.046201
Car-1,2008-05-25 11:10:01,116.404345,40.046203
Car-1,2008-05-25 11:10:03,116.404379,40.046192
Car-1,2008-05-25 11:10:05,116.404398,40.046198
Car-1,2008-05-25 11:10:07,116.404407,40.046201
Car-1,2008-05-25 11:10:09,116.404431,40.046189
Car-1,2008-05-25 11:10:11,116.404448,40.046202
Car-1,2008-05-25 11:10:13,116.404474,40.046201
Car-1,2008-05-25 11:10:15,116.40449,40.046206
Car-1,2008-05-25 11:10:17,116.40451,40.046206
Car-1,2008-05-25 11:10:19,116.404521,40.046194
Car-1,2008-05-25 11:10:21,116.404538,40.046194
Car-1,2008-05-25 11:10:23,116.404541,40.046194
Car-1,2008-05-25 11:10:25,116.404543,40.046194
Car-1,2008-05-25 11:10:27,116.404547,40.046186
Car-1,2008-05-25 11:10:29,116.404566,40.046183
Car-1,2008-05-25 11:10:31,116.404504,40.046149
Car-1,2008-05-25 11:10:33,116.404492,40.046143
Car-1,2008-05-25 11:10:35,116.404519,40.046159
Car-1,2008-05-25 11:10:37,116.404523,40.046169
Car-1,2008-05-25 11:10:39,116.404584,40.046186
Car-1,2008-05-25 11:10:41,116.404622,40.046186
Car-1,2008-05-25 11:10:43,116.404664,40.046198
Car-1,2008-05-25 11:10:45,116.404711,40.046216
Car-1,2008-05-25 11:10:47,116.404745,40.046232
Car-1,2008-05-25 11:10:49,116.404799,40.046253
Car-1,2008-05-25 11:10:51,116.404848,40.046262
Car-1,2008-05-25 11:10:53,116.404878,40.046259
Car-1,2008-05-25 11:10:55,116.404933,40.046276
Car-1,2008-05-25 11:10:57,116.404969,40.046281
Car-1,2008-05-25 11:10:59,116.405,40.046288
Car-1,2008-05-25 11:11:01,116.405024,40.0463
Car-1,2008-05-25 11:11:03,116.40504,40.046303
Car-1,2008-05-25 11:11:05,116.405057,40.046307
Car-1,2008-05-25 11:11:07,116.405083,40.046307
Car-1,2008-05-25 11:11:09,116.40511,40.046312
Car-1,2008-05-25 11:11:11,116.405139,40.046319
Car-1,2008-05-25 11:11:13,116.405161,40.046315
Car-1,2008-05-25 11:11:15,116.405178,40.046313
Car-1,2008-05-25 11:11:17,116.405204,40.046308
Car-1,2008-05-25 11:11:19,116.405222,40.046301
Car-1,2008-05-25 11:11:21,116.405243,40.046297
Car-1,2008-05-25 11:11:23,116.405266,40.046292
Car-1,2008-05-25 11:11:25,116.405285,40.046288
Car-1,2008-05-25 11:11:27,116.405305,40.046288
Car-1,2008-05-25 11:11:29,116.405327,40.046288
Car-1,2008-05-25 11:11:31,116.405341,40.046285
Car-1,2008-05-25 11:11:33,116.405363,40.04628
Car-1,2008-05-25 11:11:35,116.405387,40.046272
Car-1,2008-05-25 11:11:37,116.405405,40.046262
Car-1,2008-05-25 11:11:39,116.405415,40.046258
Car-1,2008-05-25 11:11:41,116.405446,40.046267
Car-1,2008-05-25 11:11:43,116.405465,40.046272
Car-1,2008-05-25 11:11:45,116.40548,40.046278
Car-1,2008-05-25 11:11:47,116.405508,40.046283
Car-1,2008-05-25 11:11:49,116.405551,40.046305
Car-1,2008-05-25 11:11:51,116.405558,40.04631
Car-1,2008-05-25 11:11:53,116.405583,40.046314
Car-1,2008-05-25 11:11:55,116.4056,40.046317
Car-1,2008-05-25 11:11:57,116.405602,40.046315
Car-1,2008-05-25 11:11:59,116.405607,40.046322
Car-1,2008-05-25 11:12:01,116.405627,40.046333
Car-1,2008-05-25 11:12:03,116.405628,40.046324
Car-1,2008-05-25 11:12:05,116.405632,40.046349
Car-1,2008-05-25 11:12:07,116.405635,40.04636
Car-1,2008-05-25 11:12:09,116.405639,40.04638
Car-1,2008-05-25 11:12:11,116.405647,40.0464
Car-1,2008-05-25 11:12:13,116.405661,40.046416
Car-1,2008-05-25 11:12:15,116.405658,40.046432
Car-1,2008-05-25 11:12:17,116.405675,40.04645
Car-1,2008-05-25 11:12:19,116.40569,40.04647
Car-1,2008-05-25 11:12:21,116.405703,40.046492
Car-1,2008-05-25 11:12:23,116.405713,40.046507
Car-1,2008-05-25 11:12:25,116.405713,40.046523
Car-1,2008-05-25 11:12:27,116.405741,40.046538
Car-1,2008-05-25 11:12:29,116.405744,40.046557
Car-1,2008-05-25 11:12:31,116.405727,40.046572
Car-1,2008-05-25 11:12:33,116.405696,40.046585
Car-1,2008-05-25 11:12:35,116.405688,40.046602
Car-1,2008-05-25 11:12:37,116.405678,40.046626
Car-1,2008-05-25 11:12:39,116.405684,40.04665
Car-1,2008-05-25 11:12:41,116.405693,40.046663
Car-1,2008-05-25 11:12:43,116.405691,40.046675
Car-1,2008-05-25 11:12:45,116.405686,40.046691
Car-1,2008-05-25 11:12:47,116.405671,40.046703
Car-1,2008-05-25 11:12:49,116.405671,40.046723
Car-1,2008-05-25 11:12:51,116.405674,40.046741
Car-1,2008-05-25 11:12:53,116.405676,40.046757
Car-1,2008-05-25 11:12:55,116.40567,40.04677
Car-1,2008-05-25 11:12:57,116.405661,40.046786
Car-1,2008-05-25 11:12:59,116.405657,40.046803
Car-1,2008-05-25 11:13:01,116.405638,40.04682
Car-1,2008-05-25 11:13:03,116.405623,40.046838
Car-1,2008-05-25 11:13:05,116.405609,40.046856
Car-1,2008-05-25 11:13:07,116.405612,40.046873
Car-1,2008-05-25 11:13:09,116.405615,40.046891
Car-1,2008-05-25 11:13:11,116.405617,40.046908
Car-1,2008-05-25 11:13:13,116.405614,40.046929
Car-1,2008-05-25 11:13:15,116.405615,40.046953
Car-1,2008-05-25 11:13:17,116.405618,40.046969
Car-1,2008-05-25 11:13:19,116.405605,40.046983
Car-1,2008-05-25 11:13:21,116.405601,40.047001
Car-1,2008-05-25 11:13:23,116.405601,40.047022
Car-1,2008-05-25 11:13:25,116.405593,40.047034
Car-1,2008-05-25 11:13:27,116.405591,40.047044
Car-1,2008-05-25 11:13:29,116.405578,40.047058
Car-1,2008-05-25 11:13:31,116.405571,40.04707
Car-1,2008-05-25 11:13:33,116.405582,40.047086
Car-1,2008-05-25 11:13:35,116.405591,40.047104
Car-1,2008-05-25 11:13:37,116.405592,40.047121
Car-1,2008-05-25 11:13:39,116.405595,40.047141
Car-1,2008-05-25 11:13:41,116.405591,40.047163
Car-1,2008-05-25 11:13:43,116.405586,40.04718
Car-1,2008-05-25 11:13:45,116.405582,40.047197
Car-1,2008-05-25 11:13:47,116.405576,40.047209
Car-1,2008-05-25 11:13:49,116.405565,40.047225
Car-1,2008-05-25 11:13:51,116.405569,40.04724
Car-1,2008-05-25 11:13:53,116.405536,40.04727
Car-1,2008-05-25 11:13:55,116.405524,40.047288
Car-1,2008-05-25 11:13:57,116.405514,40.047301
Car-1,2008-05-25 11:13:59,116.405506,40.047313
Car-1,2008-05-25 11:14:01,116.405492,40.04732
Car-1,2008-05-25 11:14:03,116.405494,40.047329
Car-1,2008-05-25 11:14:05,116.405494,40.047345
Car-1,2008-05-25 11:14:07,116.405512,40.047371
Car-1,2008-05-25 11:14:09,116.405528,40.047385
Car-1,2008-05-25 11:14:11,116.405536,40.047402
Car-1,2008-05-25 11:14:13,116.405535,40.047421
Car-1,2008-05-25 11:14:15,116.405531,40.047437
Car-1,2008-05-25 11:14:17,116.405479,40.047463
Car-1,2008-05-25 11:14:19,116.405474,40.047473
Car-1,2008-05-25 11:14:21,116.405495,40.047491
Car-1,2008-05-25 11:14:23,116.40551,40.047512
Car-1,2008-05-25 11:14:25,116.405523,40.047528
Car-1,2008-05-25 11:14:27,116.40553,40.047538
Car-1,2008-05-25 11:14:29,116.405534,40.047554
Car-1,2008-05-25 11:14:31,116.405529,40.047565
Car-1,2008-05-25 11:14:33,116.405524,40.04758
Car-1,2008-05-25 11:14:35,116.405518,40.047601
Car-1,2008-05-25 11:14:37,116.405516,40.047617
Car-1,2008-05-25 11:14:39,116.405507,40.047631
Car-1,2008-05-25 11:14:41,116.405498,40.047646
Car-1,2008-05-25 11:14:43,116.40549,40.047664
Car-1,2008-05-25 11:14:45,116.405495,40.047683
Car-1,2008-05-25 11:14:47,116.405487,40.047701
Car-1,2008-05-25 11:14:49,116.405486,40.047714
Car-1,2008-05-25 11:14:51,116.405487,40.047733
Car-1,2008-05-25 11:14:53,116.405486,40.047757
Car-1,2008-05-25 11:14:55,116.405475,40.047772
Car-1,2008-05-25 11:14:57,116.405485,40.047783
Car-1,2008-05-25 11:14:59,116.40547,40.047793
Car-1,2008-05-25 11:15:01,116.40545,40.047804
Car-1,2008-05-25 11:15:03,116.405453,40.047818
Car-1,2008-05-25 11:15:05,116.405451,40.047841
Car-1,2008-05-25 11:15:07,116.405447,40.047863
Car-1,2008-05-25 11:15:09,116.405438,40.047874
Car-1,2008-05-25 11:15:11,116.405418,40.047888
Car-1,2008-05-25 11:15:13,116.405405,40.0479
Car-1,2008-05-25 11:15:15,116.405398,40.047913
Car-1,2008-05-25 11:15:17,116.40539,40.047921
Car-1,2008-05-25 11:15:19,116.405379,40.047929
Car-1,2008-05-25 11:15:21,116.40537,40.047937
Car-1,2008-05-25 11:15:23,116.405364,40.047949
Car-1,2008-05-25 11:15:25,116.405362,40.047966
Car-1,2008-05-25 11:15:27,116.405367,40.04798
Car-1,2008-05-25 11:15:29,116.405367,40.047984
Car-1,2008-05-25 11:15:31,116.405374,40.04799
Car-1,2008-05-25 11:15:33,116.405386,40.047999
Car-1,2008-05-25 11:15:35,116.405386,40.048007
Car-1,2008-05-25 11:15:37,116.405391,40.048007
Car-1,2008-05-25 11:15:39,116.405386,40.048009
Car-1,2008-05-25 11:15:41,116.405376,40.048013
Car-1,2008-05-25 11:15:43,116.405368,40.048023
Car-1,2008-05-25 11:15:45,116.405346,40.048041
Car-1,2008-05-25 11:15:47,116.405336,40.04807
Car-1,2008-05-25 11:15:49,116.405314,40.048095
Car-1,2008-05-25 11:15:51,116.405317,40.048101
Car-1,2008-05-25 11:15:53,116.405309,40.048136
Car-1,2008-05-25 11:15:55,116.405296,40.048156
Car-1,2008-05-25 11:15:57,116.405294,40.048177
Car-1,2008-05-25 11:15:59,116.405294,40.048199
Car-1,2008-05-25 11:16:01,116.405311,40.048224
Car-1,2008-05-25 11:16:03,116.405322,40.048243
Car-1,2008-05-25 11:16:05,116.405341,40.048267
Car-1,2008-05-25 11:16:07,116.405367,40.048302
Car-1,2008-05-25 11:16:09,116.40537,40.048324
Car-1,2008-05-25 11:16:11,116.405368,40.048345
Car-1,2008-05-25 11:16:13,116.40537,40.048365
Car-1,2008-05-25 11:16:15,116.405379,40.04839
Car-1,2008-05-25 11:16:17,116.405382,40.048407
Car-1,2008-05-25 11:16:19,116.40538,40.048423
Car-1,2008-05-25 11:16:21,116.405378,40.048435
Car-1,2008-05-25 11:16:23,116.405388,40.048453
Car-1,2008-05-25 11:16:25,116.405382,40.048469
Car-1,2008-05-25 11:16:27,116.405373,40.048488
Car-1,2008-05-25 11:16:29,116.405378,40.048518
Car-1,2008-05-25 11:16:31,116.40536,40.048545
Car-1,2008-05-25 11:16:33,116.405315,40.048568
Car-1,2008-05-25 11:16:35,116.405298,40.048592
Car-1,2008-05-25 11:16:37,116.405291,40.048618
Car-1,2008-05-25 11:16:39,116.405278,40.048637
Car-1,2008-05-25 11:16:41,116.405272,40.048656
Car-1,2008-05-25 11:16:43,116.405264,40.048676
Car-1,2008-05-25 11:16:45,116.405254,40.048697
Car-1,2008-05-25 11:16:47,116.405245,40.048716
Car-1,2008-05-25 11:16:49,116.40523,40.048732
Car-1,2008-05-25 11:16:51,116.405232,40.048759
Car-1,2008-05-25 11:16:53,116.405232,40.048788
Car-1,2008-05-25 11:16:55,116.405233,40.04881
Car-1,2008-05-25 11:16:57,116.405236,40.048824
Car-1,2008-05-25 11:16:59,116.405237,40.048838
Car-1,2008-05-25 11:17:01,116.405249,40.04886
Car-1,2008-05-25 11:17:03,116.405259,40.048879
Car-1,2008-05-25 11:17:05,116.405263,40.048902
Car-1,2008-05-25 11:17:07,116.405256,40.04892
Car-1,2008-05-25 11:17:09,116.405252,40.048941
Car-1,2008-05-25 11:17:11,116.405248,40.048963
Car-1,2008-05-25 11:17:13,116.405246,40.048974
Car-1,2008-05-25 11:17:15,116.405232,40.048976
Car-1,2008-05-25 11:17:17,116.40522,40.048982
Car-1,2008-05-25 11:17:19,116.405207,40.04899
Car-1,2008-05-25 11:17:21,116.405193,40.049
Car-1,2008-05-25 11:17:23,116.405183,40.049009
Car-1,2008-05-25 11:17:25,116.405198,40.049032
Car-1,2008-05-25 11:17:27,116.405205,40.049048
Car-1,2008-05-25 11:17:29,116.405199,40.049064
Car-1,2008-05-25 11:17:31,116.405195,40.049083
Car-1,2008-05-25 11:17:33,116.405196,40.049101
Car-1,2008-05-25 11:17:35,116.405193,40.049116
Car-1,2008-05-25 11:17:37,116.405199,40.049134
Car-1,2008-05-25 11:17:39,116.405207,40.049145
Car-1,2008-05-25 11:17:41,116.405201,40.049159
Car-1,2008-05-25 11:17:43,116.405197,40.049177
Car-1,2008-05-25 11:17:45,116.405197,40.049193
Car-1,2008-05-25 11:17:47,116.405193,40.049208
Car-1,2008-05-25 11:17:49,116.405189,40.04922
Car-1,2008-05-25 11:17:51,116.405182,40.049239
Car-1,2008-05-25 11:17:53,116.405195,40.049263
Car-1,2008-05-25 11:17:55,116.405227,40.049287
Car-1,2008-05-25 11:17:57,116.405236,40.049304
Car-1,2008-05-25 11:17:59,116.405237,40.049328
Car-1,2008-05-25 11:18:01,116.405238,40.049343
Car-1,2008-05-25 11:18:03,116.405234,40.04936
Car-1,2008-05-25 11:18:05,116.405243,40.049381
Car-1,2008-05-25 11:18:07,116.405244,40.049402
Car-1,2008-05-25 11:18:09,116.405241,40.049414
Car-1,2008-05-25 11:18:11,116.405242,40.049433
Car-1,2008-05-25 11:18:13,116.405242,40.049454
Car-1,2008-05-25 11:18:15,116.405238,40.04947
Car-1,2008-05-25 11:18:17,116.405229,40.049485
Car-1,2008-05-25 11:18:19,116.405225,40.049498
Car-1,2008-05-25 11:18:21,116.405223,40.049513
Car-1,2008-05-25 11:18:23,116.405229,40.049533
Car-1,2008-05-25 11:18:25,116.405232,40.049546
Car-1,2008-05-25 11:18:27,116.405209,40.049556
Car-1,2008-05-25 11:18:29,116.4052,40.049568
Car-1,2008-05-25 11:18:31,116.405198,40.049578
Car-1,2008-05-25 11:18:33,116.405197,40.049587
Car-1,2008-05-25 11:18:35,116.405201,40.049597
Car-1,2008-05-25 11:18:37,116.405213,40.049625
Car-1,2008-05-25 11:18:39,116.405221,40.049647
Car-1,2008-05-25 11:18:41,116.405231,40.049659
Car-1,2008-05-25 11:18:43,116.405236,40.049677
Car-1,2008-05-25 11:18:45,116.405242,40.049695
Car-1,2008-05-25 11:18:47,116.405242,40.049729
Car-1,2008-05-25 11:18:49,116.40524,40.04975
Car-1,2008-05-25 11:18:51,116.405248,40.049767
Car-1,2008-05-25 11:18:53,116.405252,40.049782
Car-1,2008-05-25 11:18:55,116.405247,40.049794
Car-1,2008-05-25 11:18:57,116.405248,40.049809
Car-1,2008-05-25 11:18:59,116.40525,40.049835
Car-1,2008-05-25 11:19:01,116.405241,40.049856
Car-1,2008-05-25 11:19:03,116.405239,40.04987
Car-1,2008-05-25 11:19:05,116.405242,40.049881
Car-1,2008-05-25 11:19:07,116.405252,40.049893
Car-1,2008-05-25 11:19:09,116.40526,40.049909
Car-1,2008-05-25 11:19:11,116.405266,40.049921
Car-1,2008-05-25 11:19:13,116.405278,40.049936
Car-1,2008-05-25 11:19:15,116.405286,40.049951
Car-1,2008-05-25 11:19:17,116.405301,40.049964
Car-1,2008-05-25 11:19:19,116.405307,40.04998
Car-1,2008-05-25 11:19:21,116.405308,40.049996
Car-1,2008-05-25 11:19:23,116.405314,40.050013
Car-1,2008-05-25 11:19:25,116.405313,40.050036
Car-1,2008-05-25 11:19:27,116.405317,40.050046
Car-1,2008-05-25 11:19:29,116.405326,40.050066
Car-1,2008-05-25 11:19:31,116.405334,40.050078
Car-1,2008-05-25 11:19:33,116.405349,40.050095
Car-1,2008-05-25 11:19:35,116.405369,40.050111
Car-1,2008-05-25 11:19:37,116.405377,40.050124
Car-1,2008-05-25 11:19:39,116.405381,40.050135
Car-1,2008-05-25 11:19:41,116.405371,40.050152
Car-1,2008-05-25 11:19:43,116.40538,40.050172
Car-1,2008-05-25 11:19:45,116.405393,40.050194
Car-1,2008-05-25 11:19:47,116.405397,40.05021
Car-1,2008-05-25 11:19:49,116.405409,40.050233
Car-1,2008-05-25 11:19:51,116.405414,40.05026
Car-1,2008-05-25 11:19:53,116.405424,40.050275
Car-1,2008-05-25 11:19:55,116.405433,40.050289
Car-1,2008-05-25 11:19:57,116.405441,40.050303
Car-1,2008-05-25 11:19:59,116.40545,40.050313
Car-1,2008-05-25 11:20:01,116.40545,40.050321
Car-1,2008-05-25 11:20:03,116.405459,40.050334
Car-1,2008-05-25 11:20:05,116.405465,40.050353
Car-1,2008-05-25 11:20:07,116.405481,40.050371
Car-1,2008-05-25 11:20:09,116.405485,40.050389
Car-1,2008-05-25 11:20:11,116.405498,40.050402
Car-1,2008-05-25 11:20:13,116.405483,40.050421
Car-1,2008-05-25 11:20:15,116.405482,40.050439
Car-1,2008-05-25 11:20:17,116.405484,40.05045
Car-1,2008-05-25 11:20:19,116.405496,40.05046
Car-1,2008-05-25 11:20:21,116.405485,40.050485
Car-1,2008-05-25 11:20:23,116.405497,40.050513
Car-1,2008-05-25 11:20:25,116.405516,40.050527
Car-1,2008-05-25 11:20:27,116.405529,40.050539
Car-1,2008-05-25 11:20:29,116.405539,40.050533
Car-1,2008-05-25 11:20:31,116.405541,40.050543
Car-1,2008-05-25 11:20:33,116.40556,40.05056
Car-1,2008-05-25 11:20:35,116.405572,40.050566
Car-1,2008-05-25 11:20:37,116.405579,40.050573
Car-1,2008-05-25 11:20:39,116.405587,40.050588
Car-1,2008-05-25 11:20:41,116.405584,40.050609
Car-1,2008-05-25 11:20:43,116.405582,40.050621
Car-1,2008-05-25 11:20:45,116.405573,40.050635
Car-1,2008-05-25 11:20:47,116.405568,40.050646
Car-1,2008-05-25 11:20:49,116.405566,40.050658
Car-1,2008-05-25 11:20:51,116.405579,40.050662
Car-1,2008-05-25 11:20:53,116.405589,40.050687
Car-1,2008-05-25 11:20:55,116.405602,40.050707
Car-1,2008-05-25 11:20:57,116.405603,40.050725
Car-1,2008-05-25 11:20:59,116.405608,40.050734
Car-1,2008-05-25 11:21:01,116.405619,40.050745
Car-1,2008-05-25 11:21:03,116.405641,40.050743
Car-1,2008-05-25 11:21:05,116.405657,40.050743
Car-1,2008-05-25 11:21:07,116.405664,40.050752
Car-1,2008-05-25 11:21:09,116.405664,40.050767
Car-1,2008-05-25 11:21:11,116.40567,40.050781
Car-1,2008-05-25 11:21:13,116.405684,40.050797
Car-1,2008-05-25 11:21:15,116.405704,40.050813
Car-1,2008-05-25 11:21:17,116.405748,40.050855
Car-1,2008-05-25 11:21:19,116.405788,40.050896
Car-1,2008-05-25 11:21:21,116.405812,40.050917
Car-1,2008-05-25 11:21:23,116.405832,40.050924
Car-1,2008-05-25 11:21:25,116.405837,40.05094
Car-1,2008-05-25 11:21:27,116.405851,40.050964
Car-1,2008-05-25 11:21:29,116.405854,40.051014
Car-1,2008-05-25 11:21:31,116.40588,40.051015
Car-1,2008-05-25 11:21:33,116.405893,40.051026
Car-1,2008-05-25 11:21:35,116.405902,40.051038
Car-1,2008-05-25 11:21:37,116.405918,40.051044
Car-1,2008-05-25 11:21:39,116.405928,40.051059
Car-1,2008-05-25 11:21:41,116.405935,40.051076
Car-1,2008-05-25 11:21:43,116.405975,40.0511
Car-1,2008-05-25 11:21:45,116.405986,40.051115
Car-1,2008-05-25 11:21:47,116.405994,40.051129
Car-1,2008-05-25 11:21:49,116.406021,40.051131
Car-1,2008-05-25 11:21:51,116.40606,40.051138
Car-1,2008-05-25 11:21:53,116.406075,40.051157
Car-1,2008-05-25 11:21:55,116.406078,40.051165
Car-1,2008-05-25 11:21:57,116.406086,40.051182
Car-1,2008-05-25 11:21:59,116.406077,40.0512
Car-1,2008-05-25 11:22:01,116.406058,40.051219
Car-1,2008-05-25 11:22:03,116.406069,40.051232
Car-1,2008-05-25 11:22:05,116.406073,40.051245
Car-1,2008-05-25 11:22:07,116.406081,40.05126
Car-1,2008-05-25 11:22:09,116.406083,40.051272
Car-1,2008-05-25 11:22:11,116.406082,40.051281
Car-1,2008-05-25 11:22:13,116.406109,40.051276
Car-1,2008-05-25 11:22:15,116.406124,40.051256
Car-1,2008-05-25 11:22:17,116.406135,40.051245
Car-1,2008-05-25 11:22:19,116.406134,40.051247
Car-1,2008-05-25 11:22:21,116.406133,40.051248
Car-1,2008-05-25 11:22:23,116.406131,40.051249
Car-1,2008-05-25 11:22:25,116.406129,40.051249
Car-1,2008-05-25 11:22:27,116.406127,40.051248
Car-1,2008-05-25 11:22:29,116.406127,40.051247
Car-1,2008-05-25 11:22:31,116.406132,40.051246
Car-1,2008-05-25 11:22:33,116.406156,40.051247
Car-1,2008-05-25 11:22:35,116.406189,40.051248
Car-1,2008-05-25 11:22:37,116.406212,40.051247
Car-1,2008-05-25 11:22:39,116.406203,40.051257
Car-1,2008-05-25 11:22:41,116.4062,40.051261
Car-1,2008-05-25 11:22:43,116.406204,40.051264
Car-1,2008-05-25 11:22:45,116.406208,40.051265
Car-1,2008-05-25 11:22:47,116.406213,40.051266
Car-1,2008-05-25 11:22:49,116.406219,40.051268
Car-1,2008-05-25 11:22:51,116.406224,40.051272
Car-1,2008-05-25 11:22:53,116.406232,40.051283
Car-1,2008-05-25 11:22:55,116.406257,40.051274
Car-1,2008-05-25 11:22:57,116.406267,40.051277
Car-1,2008-05-25 11:22:59,116.406294,40.05128
Car-1,2008-05-25 11:23:01,116.406322,40.051284
Car-1,2008-05-25 11:23:03,116.406341,40.051291
Car-1,2008-05-25 11:23:05,116.406357,40.051302
Car-1,2008-05-25 11:23:07,116.406354,40.051314
Car-1,2008-05-25 11:23:09,116.406344,40.051326
Car-1,2008-05-25 11:23:11,116.406344,40.051333
Car-1,2008-05-25 11:23:17,116.406334,40.051374
Car-1,2008-05-25 11:25:21,116.406024,40.051188
Car-1,2008-05-25 11:25:31,116.406028,40.052285
Car-1,2008-05-25 11:25:33,116.406028,40.052285
Car-1,2008-05-25 11:25:35,116.406024,40.052291
Car-1,2008-05-25 11:25:37,116.406023,40.052302
Car-1,2008-05-25 11:27:13,116.404716,40.051561
Car-1,2008-05-25 11:32:57,116.404543,40.051738
Car-1,2008-05-25 11:32:59,116.40454,40.05183
Car-1,2008-05-25 11:33:01,116.404453,40.051932
Car-1,2008-05-25 11:33:03,116.404276,40.052034
Car-1,2008-05-25 11:33:05,116.404164,40.052129
Car-1,2008-05-25 11:33:13,116.401534,40.053023
Car-1,2008-05-25 11:33:15,116.400955,40.053312
Car-1,2008-05-25 11:33:17,116.40043,40.053604
Car-1,2008-05-25 11:33:19,116.399874,40.053877
Car-1,2008-05-25 11:33:21,116.39947,40.054084
Car-1,2008-05-25 11:33:23,116.398978,40.054362
Car-1,2008-05-25 11:33:25,116.398426,40.054626
Car-1,2008-05-25 11:33:27,116.3979,40.054852
Car-1,2008-05-25 11:33:29,116.397406,40.055057
Car-1,2008-05-25 11:33:31,116.396949,40.055243
Car-1,2008-05-25 11:33:33,116.396539,40.055406
Car-1,2008-05-25 11:33:35,116.396119,40.055567
Car-1,2008-05-25 11:33:37,116.395645,40.055719
Car-1,2008-05-25 11:33:39,116.395196,40.055867
Car-1,2008-05-25 11:33:41,116.394752,40.056018
Car-1,2008-05-25 11:33:43,116.394312,40.056164
Car-1,2008-05-25 11:33:45,116.393885,40.056309
Car-1,2008-05-25 11:33:47,116.393434,40.056513
Car-1,2008-05-25 11:33:49,116.393018,40.056657
Car-1,2008-05-25 11:33:51,116.392607,40.056799
Car-1,2008-05-25 11:33:53,116.392197,40.056937
Car-1,2008-05-25 11:33:55,116.391786,40.057074
Car-1,2008-05-25 11:33:57,116.391376,40.057213
Car-1,2008-05-25 11:33:59,116.390975,40.057354
Car-1,2008-05-25 11:34:01,116.390567,40.057516
Car-1,2008-05-25 11:34:03,116.390164,40.057692
Car-1,2008-05-25 11:34:05,116.389777,40.057862
Car-1,2008-05-25 11:34:07,116.389394,40.058033
Car-1,2008-05-25 11:34:09,116.389012,40.058206
Car-1,2008-05-25 11:34:11,116.388632,40.058382
Car-1,2008-05-25 11:34:13,116.388244,40.058557
Car-1,2008-05-25 11:34:15,116.387859,40.05873
Car-1,2008-05-25 11:34:17,116.387475,40.058896
Car-1,2008-05-25 11:34:19,116.387088,40.059063
Car-1,2008-05-25 11:34:21,116.386705,40.059234
Car-1,2008-05-25 11:34:23,116.386322,40.059395
Car-1,2008-05-25 11:34:25,116.385944,40.059556
Car-1,2008-05-25 11:34:27,116.38557,40.05972
Car-1,2008-05-25 11:34:29,116.385202,40.05988
Car-1,2008-05-25 11:34:31,116.384824,40.060026
Car-1,2008-05-25 11:34:33,116.384431,40.060171
Car-1,2008-05-25 11:34:35,116.384044,40.060317
Car-1,2008-05-25 11:34:37,116.383657,40.060474
Car-1,2008-05-25 11:34:39,116.383265,40.060628
Car-1,2008-05-25 11:34:41,116.38286,40.060775
Car-1,2008-05-25 11:34:43,116.382456,40.060922
Car-1,2008-05-25 11:34:45,116.382059,40.061066
Car-1,2008-05-25 11:34:47,116.38166,40.061204
Car-1,2008-05-25 11:34:49,116.381267,40.061348
Car-1,2008-05-25 11:34:51,116.380879,40.061488
Car-1,2008-05-25 11:34:53,116.380484,40.061642
Car-1,2008-05-25 11:34:55,116.380087,40.061806
Car-1,2008-05-25 11:34:57,116.379692,40.06197
Car-1,2008-05-25 11:34:59,116.37929,40.062132
Car-1,2008-05-25 11:35:01,116.378889,40.062294
Car-1,2008-05-25 11:35:03,116.37849,40.062459
Car-1,2008-05-25 11:35:05,116.378097,40.062631
Car-1,2008-05-25 11:35:07,116.377707,40.0628
Car-1,2008-05-25 11:35:09,116.377319,40.062964
Car-1,2008-05-25 11:35:11,116.376927,40.06312
Car-1,2008-05-25 11:35:13,116.376526,40.063276
Car-1,2008-05-25 11:35:15,116.376101,40.063437
Car-1,2008-05-25 11:35:17,116.375709,40.063576
Car-1,2008-05-25 11:35:19,116.375313,40.063712
Car-1,2008-05-25 11:35:21,116.374919,40.063856
Car-1,2008-05-25 11:35:23,116.374525,40.064011
Car-1,2008-05-25 11:35:25,116.374133,40.064174
Car-1,2008-05-25 11:35:27,116.37375,40.064354
Car-1,2008-05-25 11:35:29,116.37337,40.064538
Car-1,2008-05-25 11:35:31,116.372976,40.064717
Car-1,2008-05-25 11:35:33,116.372576,40.064893
Car-1,2008-05-25 11:35:35,116.372166,40.065056
Car-1,2008-05-25 11:35:37,116.371769,40.065214
Car-1,2008-05-25 11:35:39,116.371373,40.065367
Car-1,2008-05-25 11:35:41,116.370979,40.065514
Car-1,2008-05-25 11:35:43,116.370591,40.065662
Car-1,2008-05-25 11:35:45,116.370215,40.065811
Car-1,2008-05-25 11:35:47,116.369849,40.065965
Car-1,2008-05-25 11:35:49,116.36947,40.066123
Car-1,2008-05-25 11:35:51,116.369098,40.066278
Car-1,2008-05-25 11:35:53,116.368736,40.066427
Car-1,2008-05-25 11:35:55,116.368365,40.066583
Car-1,2008-05-25 11:35:57,116.367994,40.066733
Car-1,2008-05-25 11:35:59,116.36763,40.06689
Car-1,2008-05-25 11:36:01,116.367266,40.067054
Car-1,2008-05-25 11:36:03,116.366902,40.067223
Car-1,2008-05-25 11:36:05,116.366538,40.067397
Car-1,2008-05-25 11:36:07,116.366181,40.067575
Car-1,2008-05-25 11:36:09,116.365765,40.067727
Car-1,2008-05-25 11:36:11,116.36542,40.067913
Car-1,2008-05-25 11:36:13,116.364987,40.068051
Car-1,2008-05-25 11:36:15,116.364557,40.068215
Car-1,2008-05-25 11:36:17,116.364171,40.068391
Car-1,2008-05-25 11:36:19,116.363957,40.0686
Car-1,2008-05-25 11:36:21,116.363549,40.068732
Car-1,2008-05-25 11:36:23,116.362977,40.068804
Car-1,2008-05-25 11:36:25,116.362463,40.068911
Car-1,2008-05-25 11:36:27,116.361959,40.068967
Car-1,2008-05-25 11:36:29,116.361509,40.069059
Car-1,2008-05-25 11:36:31,116.361093,40.069132
Car-1,2008-05-25 11:36:33,116.360689,40.069188
Car-1,2008-05-25 11:36:35,116.360262,40.069229
Car-1,2008-05-25 11:36:37,116.359842,40.069259
Car-1,2008-05-25 11:36:39,116.359414,40.069286
Car-1,2008-05-25 11:36:41,116.358986,40.069321
Car-1,2008-05-25 11:36:43,116.358562,40.069321
Car-1,2008-05-25 11:36:45,116.358133,40.069313
Car-1,2008-05-25 11:36:47,116.357769,40.069306
Car-1,2008-05-25 11:36:49,116.357456,40.069288
Car-1,2008-05-25 11:36:51,116.357076,40.069263
Car-1,2008-05-25 11:36:53,116.356688,40.069242
Car-1,2008-05-25 11:36:55,116.356342,40.069212
Car-1,2008-05-25 11:36:57,116.356008,40.069221
Car-1,2008-05-25 11:36:59,116.355677,40.069238
Car-1,2008-05-25 11:37:01,116.35539,40.069227
Car-1,2008-05-25 11:37:03,116.355138,40.069244
Car-1,2008-05-25 11:37:05,116.354948,40.069263
Car-1,2008-05-25 11:37:07,116.354719,40.069283
Car-1,2008-05-25 11:37:09,116.35455,40.069314
Car-1,2008-05-25 11:37:11,116.354356,40.069334
Car-1,2008-05-25 11:37:13,116.354174,40.06936
Car-1,2008-05-25 11:37:15,116.354012,40.06938
Car-1,2008-05-25 11:37:17,116.353865,40.069403
Car-1,2008-05-25 11:37:19,116.353746,40.069434
Car-1,2008-05-25 11:37:21,116.353644,40.069467
Car-1,2008-05-25 11:37:23,116.35356,40.069513
Car-1,2008-05-25 11:37:25,116.353481,40.069555
Car-1,2008-05-25 11:37:27,116.353418,40.069579
Car-1,2008-05-25 11:37:29,116.353383,40.069642
Car-1,2008-05-25 11:37:31,116.353365,40.069735
Car-1,2008-05-25 11:37:33,116.353411,40.06983
Car-1,2008-05-25 11:37:35,116.35354,40.069964
Car-1,2008-05-25 11:37:37,116.353663,40.070052
Car-1,2008-05-25 11:37:39,116.353731,40.070075
Car-1,2008-05-25 11:37:41,116.353753,40.070057
Car-1,2008-05-25 11:37:43,116.353744,40.070008
Car-1,2008-05-25 11:37:45,116.353717,40.069944
Car-1,2008-05-25 11:37:47,116.353686,40.069869
Car-1,2008-05-25 11:37:49,116.353653,40.069808
Car-1,2008-05-25 11:37:51,116.353636,40.069719
Car-1,2008-05-25 11:37:53,116.353622,40.069626
Car-1,2008-05-25 11:37:55,116.353594,40.069528
Car-1,2008-05-25 11:37:57,116.353556,40.069424
Car-1,2008-05-25 11:37:59,116.353508,40.069311
Car-1,2008-05-25 11:38:01,116.353468,40.069181
Car-1,2008-05-25 11:38:03,116.353422,40.069055
Car-1,2008-05-25 11:38:05,116.353376,40.068937
Car-1,2008-05-25 11:38:07,116.353324,40.068816
Car-1,2008-05-25 11:38:09,116.353271,40.068693
Car-1,2008-05-25 11:38:11,116.353187,40.06861
Car-1,2008-05-25 11:38:13,116.353078,40.068568
Car-1,2008-05-25 11:38:15,116.352926,40.068541
Car-1,2008-05-25 11:38:17,116.352731,40.068595
Car-1,2008-05-25 11:38:19,116.35251,40.068569
Car-1,2008-05-25 11:38:21,116.352243,40.068419
Car-1,2008-05-25 11:38:23,116.351961,40.068363
Car-1,2008-05-25 11:38:25,116.351656,40.06838
Car-1,2008-05-25 11:38:27,116.351349,40.068341
Car-1,2008-05-25 11:38:29,116.351038,40.068312
Car-1,2008-05-25 11:38:39,116.34723,40.069517
Car-1,2008-05-25 11:38:41,116.346776,40.069396
Car-1,2008-05-25 11:38:43,116.34631,40.069411
Car-1,2008-05-25 11:38:45,116.345838,40.069477
Car-1,2008-05-25 11:38:47,116.345391,40.069509
Car-1,2008-05-25 11:38:49,116.344937,40.069507
Car-1,2008-05-25 11:38:51,116.344531,40.069466
Car-1,2008-05-25 11:38:53,116.344123,40.069464
Car-1,2008-05-25 11:38:55,116.343714,40.069471
Car-1,2008-05-25 11:38:57,116.343302,40.069577
Car-1,2008-05-25 11:38:59,116.34291,40.069667
Car-1,2008-05-25 11:39:01,116.342564,40.069703
Car-1,2008-05-25 11:39:03,116.342199,40.069727
Car-1,2008-05-25 11:39:05,116.341887,40.06967
Car-1,2008-05-25 11:39:07,116.34156,40.069661
Car-1,2008-05-25 11:39:09,116.341217,40.069623
Car-1,2008-05-25 11:39:11,116.340854,40.069598
Car-1,2008-05-25 11:39:13,116.340452,40.069554
Car-1,2008-05-25 11:39:15,116.340062,40.06951
Car-1,2008-05-25 11:39:17,116.339689,40.069469
Car-1,2008-05-25 11:39:19,116.339326,40.069437
Car-1,2008-05-25 11:39:21,116.338957,40.069408
Car-1,2008-05-25 11:39:23,116.338561,40.069389
Car-1,2008-05-25 11:39:25,116.338168,40.069379
Car-1,2008-05-25 11:39:27,116.337777,40.069364
Car-1,2008-05-25 11:39:29,116.33739,40.06935
Car-1,2008-05-25 11:39:31,116.337007,40.069346
Car-1,2008-05-25 11:39:33,116.336612,40.069345
Car-1,2008-05-25 11:39:35,116.336253,40.069345
Car-1,2008-05-25 11:39:37,116.335885,40.069376
Car-1,2008-05-25 11:39:39,116.335523,40.069406
Car-1,2008-05-25 11:39:41,116.335155,40.069432
Car-1,2008-05-25 11:39:43,116.334776,40.069448
Car-1,2008-05-25 11:39:45,116.334401,40.069462
Car-1,2008-05-25 11:39:47,116.334025,40.069488
Car-1,2008-05-25 11:39:49,116.333656,40.06955
Car-1,2008-05-25 11:39:51,116.333287,40.069602
Car-1,2008-05-25 11:39:53,116.332943,40.069619
Car-1,2008-05-25 11:39:55,116.332569,40.069648
Car-1,2008-05-25 11:39:57,116.332206,40.069668
Car-1,2008-05-25 11:39:59,116.33182,40.069651
Car-1,2008-05-25 11:40:01,116.331458,40.069636
Car-1,2008-05-25 11:40:03,116.331134,40.069635
Car-1,2008-05-25 11:40:05,116.330836,40.069646
Car-1,2008-05-25 11:40:07,116.330545,40.069651
Car-1,2008-05-25 11:40:09,116.330265,40.069656
Car-1,2008-05-25 11:40:11,116.329978,40.069679
Car-1,2008-05-25 11:40:13,116.329669,40.069703
Car-1,2008-05-25 11:40:15,116.32935,40.069722
Car-1,2008-05-25 11:40:17,116.329021,40.069735
Car-1,2008-05-25 11:40:19,116.328679,40.069738
Car-1,2008-05-25 11:40:51,116.330736,40.069506
Car-1,2008-05-25 11:40:57,116.330903,40.069711
Car-1,2008-05-25 11:40:59,116.330918,40.069705
Car-1,2008-05-25 11:41:01,116.330927,40.069708
Car-1,2008-05-25 11:41:03,116.330936,40.069709
Car-1,2008-05-25 11:41:05,116.330943,40.069708
Car-1,2008-05-25 11:41:07,116.33095,40.069709
Car-1,2008-05-25 11:41:09,116.330956,40.069706
Car-1,2008-05-25 11:41:11,116.33096,40.069697
Car-1,2008-05-25 11:41:13,116.330963,40.069703
Car-1,2008-05-25 11:41:15,116.330953,40.069714
Car-1,2008-05-25 11:41:17,116.330884,40.069828
Car-1,2008-05-25 11:41:19,116.330712,40.069985
Car-1,2008-05-25 11:41:21,116.330388,40.070038
Car-1,2008-05-25 11:41:23,116.330024,40.070095
Car-1,2008-05-25 11:41:27,116.327901,40.069904
Car-1,2008-05-25 11:41:31,116.326893,40.069722
Car-1,2008-05-25 11:41:33,116.326126,40.069646
Car-1,2008-05-25 11:41:35,116.325387,40.069605
Car-1,2008-05-25 11:41:37,116.32492,40.069624
Car-1,2008-05-25 11:41:39,116.324393,40.069609
Car-1,2008-05-25 11:41:41,116.323961,40.069565
Car-1,2008-05-25 11:41:43,116.323558,40.069536
Car-1,2008-05-25 11:41:45,116.323165,40.069513
Car-1,2008-05-25 11:41:47,116.322797,40.069495
Car-1,2008-05-25 11:41:49,116.322433,40.069484
Car-1,2008-05-25 11:41:51,116.322076,40.069475
Car-1,2008-05-25 11:41:53,116.321722,40.069471
Car-1,2008-05-25 11:41:55,116.321311,40.069534
Car-1,2008-05-25 11:41:57,116.320937,40.069574
Car-1,2008-05-25 11:41:59,116.320583,40.069599
Car-1,2008-05-25 11:42:01,116.320235,40.069595
Car-1,2008-05-25 11:42:03,116.319919,40.069598
Car-1,2008-05-25 11:42:05,116.319642,40.069628
Car-1,2008-05-25 11:42:07,116.319348,40.06964
Car-1,2008-05-25 11:42:09,116.319037,40.069653
Car-1,2008-05-25 11:42:11,116.318747,40.069674
Car-1,2008-05-25 11:42:13,116.318457,40.06968
Car-1,2008-05-25 11:42:15,116.31817,40.069669
Car-1,2008-05-25 11:42:17,116.317873,40.069655
Car-1,2008-05-25 11:42:19,116.317574,40.069654
Car-1,2008-05-25 11:42:21,116.317263,40.069643
Car-1,2008-05-25 11:42:23,116.316958,40.069648
Car-1,2008-05-25 11:42:25,116.316669,40.069659
Car-1,2008-05-25 11:42:27,116.316381,40.069664
Car-1,2008-05-25 11:42:29,116.316095,40.069666
Car-1,2008-05-25 11:42:31,116.315812,40.06966
Car-1,2008-05-25 11:42:33,116.31553,40.069655
Car-1,2008-05-25 11:42:35,116.315251,40.069646
Car-1,2008-05-25 11:42:37,116.314978,40.069639
Car-1,2008-05-25 11:42:39,116.314729,40.069652
Car-1,2008-05-25 11:42:41,116.314483,40.069659
Car-1,2008-05-25 11:42:43,116.314264,40.06967
Car-1,2008-05-25 11:42:45,116.314049,40.069676
Car-1,2008-05-25 11:42:47,116.31386,40.069683
Car-1,2008-05-25 11:42:49,116.313676,40.069686
Car-1,2008-05-25 11:42:51,116.313501,40.069687
Car-1,2008-05-25 11:42:53,116.313342,40.069683
Car-1,2008-05-25 11:42:55,116.31319,40.069676
Car-1,2008-05-25 11:42:57,116.313043,40.069663
Car-1,2008-05-25 11:42:59,116.312906,40.069639
Car-1,2008-05-25 11:43:01,116.312817,40.069624
Car-1,2008-05-25 11:43:03,116.312757,40.069618
Car-1,2008-05-25 11:43:05,116.312739,40.069619
Car-1,2008-05-25 11:43:07,116.312812,40.06961
Car-1,2008-05-25 11:43:09,116.312838,40.069608
Car-1,2008-05-25 11:43:11,116.31285,40.069605
Car-1,2008-05-25 11:43:13,116.312852,40.069602
Car-1,2008-05-25 11:43:15,116.31286,40.069604
Car-1,2008-05-25 11:43:17,116.312868,40.069606
Car-1,2008-05-25 11:43:19,116.312878,40.069612
Car-1,2008-05-25 11:43:21,116.312887,40.069609
Car-1,2008-05-25 11:43:23,116.312895,40.069601
Car-1,2008-05-25 11:43:25,116.312905,40.069589
Car-1,2008-05-25 11:43:27,116.312921,40.069583
Car-1,2008-05-25 11:43:29,116.312936,40.069582
Car-1,2008-05-25 11:43:31,116.312949,40.069581
Car-1,2008-05-25 11:43:33,116.312958,40.069578
Car-1,2008-05-25 11:43:35,116.312964,40.069574
Car-1,2008-05-25 11:43:37,116.312965,40.069568
Car-1,2008-05-25 11:43:39,116.312966,40.069558
Car-1,2008-05-25 11:43:41,116.312964,40.069547
Car-1,2008-05-25 11:43:43,116.312961,40.069538
Car-1,2008-05-25 11:43:45,116.31295,40.069527
Car-1,2008-05-25 11:43:47,116.312982,40.069531
Car-1,2008-05-25 11:43:49,116.312996,40.069529
Car-1,2008-05-25 11:43:51,116.313006,40.069536
Car-1,2008-05-25 11:43:53,116.312999,40.069549
Car-1,2008-05-25 11:43:55,116.312977,40.069582
Car-1,2008-05-25 11:43:57,116.312937,40.069591
Car-1,2008-05-25 11:43:59,116.312894,40.069599
Car-1,2008-05-25 11:44:01,116.312814,40.069584
Car-1,2008-05-25 11:44:03,116.312632,40.069579
Car-1,2008-05-25 11:44:05,116.312316,40.069553
Car-1,2008-05-25 11:44:07,116.311902,40.069486
Car-1,2008-05-25 11:44:09,116.311456,40.069471
Car-1,2008-05-25 11:44:11,116.311082,40.069489
Car-1,2008-05-25 11:44:13,116.310647,40.069494
Car-1,2008-05-25 11:44:15,116.310244,40.069497
Car-1,2008-05-25 11:44:17,116.309872,40.0695
Car-1,2008-05-25 11:44:19,116.309507,40.069507
Car-1,2008-05-25 11:44:21,116.309142,40.0695
Car-1,2008-05-25 11:44:23,116.308781,40.069495
Car-1,2008-05-25 11:44:25,116.308425,40.069492
Car-1,2008-05-25 11:44:27,116.308093,40.069503
Car-1,2008-05-25 11:44:29,116.307757,40.069517
Car-1,2008-05-25 11:44:31,116.307411,40.069529
Car-1,2008-05-25 11:44:33,116.307047,40.069547
Car-1,2008-05-25 11:44:35,116.306692,40.069556
Car-1,2008-05-25 11:44:37,116.306327,40.069568
Car-1,2008-05-25 11:44:39,116.305988,40.069579
Car-1,2008-05-25 11:44:41,116.305625,40.069592
Car-1,2008-05-25 11:44:43,116.305275,40.069641
Car-1,2008-05-25 11:44:45,116.304929,40.069713
Car-1,2008-05-25 11:44:47,116.304589,40.069797
Car-1,2008-05-25 11:44:49,116.304254,40.069891
Car-1,2008-05-25 11:44:51,116.303906,40.070001
Car-1,2008-05-25 11:44:53,116.303577,40.070134
Car-1,2008-05-25 11:44:55,116.303256,40.070283
Car-1,2008-05-25 11:44:57,116.302937,40.070451
Car-1,2008-05-25 11:44:59,116.302567,40.070576
Car-1,2008-05-25 11:45:01,116.302191,40.070679
Car-1,2008-05-25 11:45:03,116.301806,40.070769
Car-1,2008-05-25 11:45:05,116.301406,40.070826
Car-1,2008-05-25 11:45:07,116.301028,40.070857
Car-1,2008-05-25 11:45:09,116.300655,40.070881
Car-1,2008-05-25 11:45:11,116.300282,40.070895
Car-1,2008-05-25 11:45:13,116.299927,40.07091
Car-1,2008-05-25 11:45:15,116.299596,40.070938
Car-1,2008-05-25 11:46:25,116.294934,40.061134
Car-1,2008-05-25 11:46:29,116.295526,40.06057
Car-1,2008-05-25 11:46:31,116.295651,40.060312
Car-1,2008-05-25 11:46:33,116.29585,40.060061
Car-1,2008-05-25 11:46:35,116.295984,40.059785
Car-1,2008-05-25 11:46:37,116.29613,40.059521
Car-1,2008-05-25 11:46:39,116.29627,40.05923
Car-1,2008-05-25 11:46:41,116.296412,40.058958
Car-1,2008-05-25 11:46:43,116.296551,40.058686
Car-1,2008-05-25 11:46:45,116.296665,40.058427
Car-1,2008-05-25 11:46:47,116.296779,40.058166
Car-1,2008-05-25 11:46:49,116.296904,40.057918
Car-1,2008-05-25 11:46:51,116.297024,40.057648
Car-1,2008-05-25 11:46:53,116.297142,40.057382
Car-1,2008-05-25 11:46:55,116.297276,40.057116
Car-1,2008-05-25 11:46:57,116.297405,40.056853
Car-1,2008-05-25 11:46:59,116.297541,40.056602
Car-1,2008-05-25 11:47:01,116.297685,40.056355
Car-1,2008-05-25 11:47:03,116.297804,40.056096
Car-1,2008-05-25 11:47:05,116.297931,40.055834
Car-1,2008-05-25 11:47:07,116.298063,40.055574
Car-1,2008-05-25 11:47:09,116.298193,40.055317
Car-1,2008-05-25 11:47:11,116.298345,40.055092
Car-1,2008-05-25 11:47:13,116.298486,40.05485
Car-1,2008-05-25 11:47:15,116.298615,40.054602
Car-1,2008-05-25 11:47:17,116.298748,40.054361
Car-1,2008-05-25 11:47:19,116.298878,40.054123
Car-1,2008-05-25 11:47:21,116.299017,40.053885
Car-1,2008-05-25 11:47:23,116.299141,40.053632
Car-1,2008-05-25 11:47:25,116.299274,40.053383
Car-1,2008-05-25 11:47:27,116.299412,40.053141
Car-1,2008-05-25 11:47:29,116.299553,40.052902
Car-1,2008-05-25 11:47:31,116.299687,40.052668
Car-1,2008-05-25 11:47:33,116.299829,40.052437
Car-1,2008-05-25 11:47:35,116.299974,40.052215
Car-1,2008-05-25 11:47:37,116.300101,40.051986
Car-1,2008-05-25 11:47:39,116.300226,40.051765
Car-1,2008-05-25 11:47:41,116.300347,40.051557
Car-1,2008-05-25 11:47:43,116.300459,40.051358
Car-1,2008-05-25 11:47:45,116.300563,40.051178
Car-1,2008-05-25 11:47:47,116.300664,40.051017
Car-1,2008-05-25 11:47:49,116.300751,40.050868
Car-1,2008-05-25 11:47:51,116.300832,40.050734
Car-1,2008-05-25 11:47:53,116.300903,40.050602
Car-1,2008-05-25 11:47:55,116.300965,40.050492
Car-1,2008-05-25 11:47:57,116.301026,40.050389
Car-1,2008-05-25 11:47:59,116.301076,40.050324
Car-1,2008-05-25 11:48:01,116.301114,40.050287
Car-1,2008-05-25 11:48:03,116.301148,40.050247
Car-1,2008-05-25 11:48:05,116.301158,40.05025
Car-1,2008-05-25 11:48:07,116.301168,40.050246
Car-1,2008-05-25 11:48:09,116.301163,40.050238
Car-1,2008-05-25 11:48:11,116.301167,40.050235
Car-1,2008-05-25 11:48:13,116.30117,40.050231
Car-1,2008-05-25 11:48:15,116.301179,40.050224
Car-1,2008-05-25 11:48:17,116.301185,40.050216
Car-1,2008-05-25 11:48:19,116.301196,40.050215
Car-1,2008-05-25 11:48:21,116.301204,40.050218
Car-1,2008-05-25 11:48:23,116.301205,40.050216
Car-1,2008-05-25 11:48:25,116.301198,40.050214
Car-1,2008-05-25 11:48:27,116.301189,40.050212
Car-1,2008-05-25 11:48:29,116.30118,40.050216
Car-1,2008-05-25 11:48:31,116.30117,40.050228
Car-1,2008-05-25 11:48:33,116.301164,40.050259
Car-1,2008-05-25 11:48:35,116.301159,40.050297
Car-1,2008-05-25 11:48:37,116.301156,40.050349
Car-1,2008-05-25 11:48:47,116.301514,40.050197
Car-1,2008-05-25 11:48:49,116.301662,40.050056
Car-1,2008-05-25 11:48:53,116.301416,40.049533
Car-1,2008-05-25 11:48:55,116.301538,40.049234
Car-1,2008-05-25 11:48:57,116.301686,40.048935
Car-1,2008-05-25 11:48:59,116.301813,40.048614
Car-1,2008-05-25 11:49:01,116.301973,40.048294
Car-1,2008-05-25 11:49:03,116.302136,40.047973
Car-1,2008-05-25 11:49:05,116.302331,40.047653
Car-1,2008-05-25 11:49:07,116.302542,40.047339
Car-1,2008-05-25 11:49:09,116.302787,40.047029
Car-1,2008-05-25 11:49:11,116.303076,40.046714
Car-1,2008-05-25 11:49:13,116.303361,40.046413
Car-1,2008-05-25 11:49:15,116.303631,40.046117
Car-1,2008-05-25 11:49:17,116.303889,40.04583
Car-1,2008-05-25 11:49:19,116.304127,40.045536
Car-1,2008-05-25 11:49:21,116.304341,40.045245
Car-1,2008-05-25 11:49:23,116.30456,40.044951
Car-1,2008-05-25 11:49:25,116.304806,40.044652
Car-1,2008-05-25 11:49:27,116.305055,40.044356
Car-1,2008-05-25 11:49:29,116.305282,40.044072
Car-1,2008-05-25 11:49:31,116.305499,40.043798
Car-1,2008-05-25 11:49:33,116.305697,40.043521
Car-1,2008-05-25 11:49:35,116.305894,40.043256
Car-1,2008-05-25 11:49:37,116.306093,40.043011
Car-1,2008-05-25 11:49:39,116.306296,40.042776
Car-1,2008-05-25 11:49:41,116.306493,40.042518
Car-1,2008-05-25 11:49:43,116.306686,40.042242
Car-1,2008-05-25 11:49:45,116.306875,40.041961
Car-1,2008-05-25 11:49:47,116.307055,40.041679
Car-1,2008-05-25 11:49:49,116.307211,40.04141
Car-1,2008-05-25 11:49:51,116.307343,40.041134
Car-1,2008-05-25 11:49:53,116.307481,40.040834
Car-1,2008-05-25 11:49:55,116.307616,40.040546
Car-1,2008-05-25 11:49:57,116.307744,40.040264
Car-1,2008-05-25 11:49:59,116.307876,40.039989
Car-1,2008-05-25 11:50:01,116.308033,40.039708
Car-1,2008-05-25 11:50:03,116.308213,40.039447
Car-1,2008-05-25 11:50:05,116.308418,40.039199
Car-1,2008-05-25 11:50:07,116.308629,40.038948
Car-1,2008-05-25 11:50:09,116.308849,40.038713
Car-1,2008-05-25 11:50:11,116.309111,40.038494
Car-1,2008-05-25 11:50:13,116.309407,40.038297
Car-1,2008-05-25 11:50:15,116.309695,40.038074
Car-1,2008-05-25 11:50:17,116.30999,40.037861
Car-1,2008-05-25 11:50:19,116.310282,40.037634
Car-1,2008-05-25 11:50:21,116.310572,40.037393
Car-1,2008-05-25 11:50:23,116.310848,40.037146
Car-1,2008-05-25 11:50:25,116.311109,40.036891
Car-1,2008-05-25 11:50:27,116.31135,40.036621
Car-1,2008-05-25 11:50:29,116.311573,40.03632
Car-1,2008-05-25 11:50:31,116.311784,40.036035
Car-1,2008-05-25 11:50:33,116.311976,40.035753
Car-1,2008-05-25 11:50:35,116.31218,40.03548
Car-1,2008-05-25 11:50:37,116.312375,40.035196
Car-1,2008-05-25 11:50:39,116.312553,40.034866
Car-1,2008-05-25 11:50:41,116.312719,40.034546
Car-1,2008-05-25 11:50:43,116.312899,40.034231
Car-1,2008-05-25 11:50:45,116.313077,40.033943
Car-1,2008-05-25 11:50:47,116.313252,40.033666
Car-1,2008-05-25 11:50:49,116.313435,40.033396
Car-1,2008-05-25 11:50:51,116.31362,40.033139
Car-1,2008-05-25 11:50:53,116.313795,40.032899
Car-1,2008-05-25 11:50:55,116.313934,40.032683
Car-1,2008-05-25 11:50:57,116.314043,40.032495
Car-1,2008-05-25 11:50:59,116.314098,40.032328
Car-1,2008-05-25 11:51:01,116.314114,40.032196
Car-1,2008-05-25 11:51:03,116.314138,40.032068
Car-1,2008-05-25 11:51:05,116.314174,40.031917
Car-1,2008-05-25 11:51:07,116.314201,40.031783
Car-1,2008-05-25 11:51:09,116.314211,40.031668
Car-1,2008-05-25 11:51:11,116.314222,40.031589
Car-1,2008-05-25 11:51:13,116.314178,40.031558
Car-1,2008-05-25 11:51:15,116.314122,40.031551
Car-1,2008-05-25 11:51:17,116.314062,40.03152
Car-1,2008-05-25 11:51:19,116.314021,40.031486
Car-1,2008-05-25 11:51:21,116.313952,40.031482
Car-1,2008-05-25 11:51:23,116.313868,40.031498
Car-1,2008-05-25 11:51:25,116.313828,40.031537
Car-1,2008-05-25 11:51:27,116.313823,40.031579
Car-1,2008-05-25 11:51:29,116.313818,40.031588
Car-1,2008-05-25 11:51:31,116.313812,40.031597
Car-1,2008-05-25 11:51:33,116.313801,40.031598
Car-1,2008-05-25 11:51:35,116.313791,40.031594
Car-1,2008-05-25 11:51:37,116.313787,40.031621
Car-1,2008-05-25 11:51:39,116.313772,40.031647
Car-1,2008-05-25 11:51:41,116.313767,40.031685
Car-1,2008-05-25 11:51:43,116.313784,40.03173
Car-1,2008-05-25 11:51:45,116.313797,40.031753
Car-1,2008-05-25 11:51:47,116.313817,40.031757
Car-1,2008-05-25 11:51:49,116.313844,40.031757
Car-1,2008-05-25 11:51:51,116.313858,40.031766
Car-1,2008-05-25 11:51:53,116.313865,40.031788
Car-1,2008-05-25 11:51:55,116.31388,40.031797
Car-1,2008-05-25 11:51:57,116.313888,40.031809
Car-1,2008-05-25 11:51:59,116.313909,40.031796
Car-1,2008-05-25 11:52:01,116.313946,40.031773
Car-1,2008-05-25 11:52:03,116.313994,40.031739
Car-1,2008-05-25 11:52:05,116.314063,40.0317
Car-1,2008-05-25 11:52:07,116.314135,40.031645
Car-1,2008-05-25 11:52:09,116.314236,40.031568
Car-1,2008-05-25 11:52:11,116.314345,40.031434
Car-1,2008-05-25 11:52:13,116.314483,40.031252
Car-1,2008-05-25 11:52:15,116.314622,40.031041
Car-1,2008-05-25 11:52:17,116.314728,40.030821
Car-1,2008-05-25 11:52:19,116.314819,40.030504
Car-1,2008-05-25 11:52:21,116.314938,40.030218
Car-1,2008-05-25 11:52:23,116.315022,40.029929
Car-1,2008-05-25 11:52:25,116.315111,40.029629
Car-1,2008-05-25 11:52:27,116.315188,40.029303
Car-1,2008-05-25 11:52:29,116.315286,40.028986
Car-1,2008-05-25 11:52:31,116.315382,40.028662
Car-1,2008-05-25 11:52:33,116.315489,40.028365
Car-1,2008-05-25 11:52:35,116.315586,40.028044
Car-1,2008-05-25 11:52:37,116.315695,40.027726
Car-1,2008-05-25 11:52:39,116.31581,40.027411
Car-1,2008-05-25 11:52:41,116.31593,40.027113
Car-1,2008-05-25 11:52:43,116.316035,40.026801
Car-1,2008-05-25 11:52:45,116.316137,40.026481
Car-1,2008-05-25 11:52:47,116.316246,40.026167
Car-1,2008-05-25 11:52:49,116.316371,40.025857
Car-1,2008-05-25 11:52:51,116.316498,40.025536
Car-1,2008-05-25 11:52:53,116.316636,40.025218
Car-1,2008-05-25 11:52:55,116.316772,40.024898
Car-1,2008-05-25 11:52:57,116.316918,40.024572
Car-1,2008-05-25 11:52:59,116.317044,40.024234
Car-1,2008-05-25 11:53:01,116.317157,40.023901
Car-1,2008-05-25 11:53:03,116.317273,40.02356
Car-1,2008-05-25 11:53:05,116.317395,40.023233
Car-1,2008-05-25 11:53:07,116.31751,40.022926
Car-1,2008-05-25 11:53:09,116.317648,40.022638
Car-1,2008-05-25 11:53:11,116.31776,40.022355
Car-1,2008-05-25 11:53:13,116.317876,40.02207
Car-1,2008-05-25 11:53:15,116.318,40.021791
Car-1,2008-05-25 11:53:17,116.318121,40.0215
Car-1,2008-05-25 11:53:19,116.318223,40.021228
Car-1,2008-05-25 11:53:21,116.318335,40.020951
Car-1,2008-05-25 11:53:23,116.318443,40.020687
Car-1,2008-05-25 11:53:25,116.318547,40.020436
Car-1,2008-05-25 11:53:27,116.318645,40.020192
Car-1,2008-05-25 11:53:29,116.318734,40.019956
Car-1,2008-05-25 11:53:31,116.318827,40.019708
Car-1,2008-05-25 11:53:33,116.318911,40.019462
Car-1,2008-05-25 11:53:35,116.319012,40.019205
Car-1,2008-05-25 11:53:37,116.319122,40.018942
Car-1,2008-05-25 11:53:39,116.31923,40.018684
Car-1,2008-05-25 11:53:41,116.319337,40.018422
Car-1,2008-05-25 11:53:43,116.31945,40.018146
Car-1,2008-05-25 11:53:45,116.319581,40.017853
Car-1,2008-05-25 11:53:47,116.319739,40.017526
Car-1,2008-05-25 11:53:49,116.319972,40.017182
Car-1,2008-05-25 11:53:51,116.32025,40.01688
Car-1,2008-05-25 11:53:53,116.320574,40.016608
Car-1,2008-05-25 11:53:55,116.320896,40.016335
Car-1,2008-05-25 11:53:57,116.32121,40.016057
Car-1,2008-05-25 11:53:59,116.32152,40.015782
Car-1,2008-05-25 11:54:01,116.321834,40.015522
Car-1,2008-05-25 11:54:03,116.322152,40.015258
Car-1,2008-05-25 11:54:05,116.322482,40.014978
Car-1,2008-05-25 11:54:07,116.322808,40.014706
Car-1,2008-05-25 11:54:09,116.32312,40.014446
Car-1,2008-05-25 11:54:11,116.323421,40.014179
Car-1,2008-05-25 11:54:13,116.323712,40.013893
Car-1,2008-05-25 11:54:15,116.324009,40.013612
Car-1,2008-05-25 11:54:17,116.324304,40.013341
Car-1,2008-05-25 11:54:19,116.324601,40.013084
Car-1,2008-05-25 11:54:21,116.324894,40.012821
Car-1,2008-05-25 11:54:23,116.325178,40.012545
Car-1,2008-05-25 11:54:25,116.325449,40.012266
Car-1,2008-05-25 11:54:27,116.325714,40.012003
Car-1,2008-05-25 11:54:29,116.325992,40.011745
Car-1,2008-05-25 11:54:31,116.326279,40.011502
Car-1,2008-05-25 11:54:33,116.326569,40.011262
Car-1,2008-05-25 11:54:35,116.326861,40.011022
Car-1,2008-05-25 11:54:37,116.327147,40.010782
Car-1,2008-05-25 11:54:39,116.327434,40.010543
Car-1,2008-05-25 11:54:41,116.32772,40.010298
Car-1,2008-05-25 11:54:43,116.328021,40.010056
Car-1,2008-05-25 11:54:45,116.328308,40.009822
Car-1,2008-05-25 11:54:47,116.328581,40.009587
Car-1,2008-05-25 11:54:49,116.328857,40.009344
Car-1,2008-05-25 11:54:51,116.329145,40.00908
Car-1,2008-05-25 11:54:53,116.329418,40.008825
Car-1,2008-05-25 11:54:55,116.32968,40.008569
Car-1,2008-05-25 11:54:57,116.32993,40.008277
Car-1,2008-05-25 11:54:59,116.330161,40.007979
Car-1,2008-05-25 11:55:01,116.330371,40.007682
Car-1,2008-05-25 11:55:03,116.330565,40.00738
Car-1,2008-05-25 11:55:05,116.330731,40.007072
Car-1,2008-05-25 11:55:07,116.330867,40.006755
Car-1,2008-05-25 11:55:09,116.330981,40.006437
Car-1,2008-05-25 11:55:11,116.331071,40.006107
Car-1,2008-05-25 11:55:13,116.331153,40.005778
Car-1,2008-05-25 11:55:15,116.331226,40.005453
Car-1,2008-05-25 11:55:17,116.331274,40.005134
Car-1,2008-05-25 11:55:19,116.3313,40.004823
Car-1,2008-05-25 11:55:21,116.331315,40.004512
Car-1,2008-05-25 11:55:23,116.331331,40.004217
Car-1,2008-05-25 11:55:25,116.331345,40.003934
Car-1,2008-05-25 11:55:27,116.331345,40.003651
Car-1,2008-05-25 11:55:29,116.331341,40.00337
Car-1,2008-05-25 11:55:31,116.331337,40.003098
Car-1,2008-05-25 11:55:33,116.331325,40.002828
Car-1,2008-05-25 11:55:35,116.331314,40.002568
Car-1,2008-05-25 11:55:37,116.3313,40.002313
Car-1,2008-05-25 11:55:39,116.331287,40.00206
Car-1,2008-05-25 11:55:41,116.331272,40.001774
Car-1,2008-05-25 11:55:43,116.331258,40.001469
Car-1,2008-05-25 11:55:45,116.331243,40.001151
Car-1,2008-05-25 11:55:47,116.33124,40.000836
Car-1,2008-05-25 11:55:49,116.331254,40.000512
Car-1,2008-05-25 11:55:51,116.331273,40.000185
Car-1,2008-05-25 11:55:53,116.331283,39.999837
Car-1,2008-05-25 11:55:55,116.331281,39.999467
Car-1,2008-05-25 11:55:57,116.331266,39.999098
Car-1,2008-05-25 11:55:59,116.33125,39.998734
Car-1,2008-05-25 11:56:01,116.331252,39.998387
Car-1,2008-05-25 11:56:03,116.331267,39.998045
Car-1,2008-05-25 11:56:05,116.331283,39.997708
Car-1,2008-05-25 11:56:07,116.3313,39.997377
Car-1,2008-05-25 11:56:09,116.331314,39.997037
Car-1,2008-05-25 11:56:11,116.331336,39.996699
Car-1,2008-05-25 11:56:13,116.331342,39.996362
Car-1,2008-05-25 11:56:15,116.331343,39.996016
Car-1,2008-05-25 11:56:17,116.331362,39.995683
Car-1,2008-05-25 11:56:19,116.331378,39.995349
Car-1,2008-05-25 11:56:21,116.331396,39.995018
Car-1,2008-05-25 11:56:23,116.331411,39.99467
Car-1,2008-05-25 11:56:25,116.331449,39.994364
Car-1,2008-05-25 11:56:27,116.331469,39.994051
Car-1,2008-05-25 11:56:29,116.331483,39.993753
Car-1,2008-05-25 11:56:31,116.331497,39.993468
Car-1,2008-05-25 11:56:33,116.331518,39.993212
Car-1,2008-05-25 11:56:35,116.331534,39.992976
Car-1,2008-05-25 11:56:37,116.331544,39.992751
Car-1,2008-05-25 11:56:39,116.331562,39.99254
Car-1,2008-05-25 11:56:41,116.331571,39.99233
Car-1,2008-05-25 11:56:43,116.331582,39.992141
Car-1,2008-05-25 11:56:45,116.331571,39.991982
Car-1,2008-05-25 11:56:47,116.331577,39.991857
Car-1,2008-05-25 11:56:49,116.331607,39.991739
Car-1,2008-05-25 11:56:51,116.331651,39.991641
Car-1,2008-05-25 11:56:53,116.331701,39.99156
Car-1,2008-05-25 11:56:55,116.331763,39.991527
Car-1,2008-05-25 11:56:57,116.331809,39.991498
Car-1,2008-05-25 11:56:59,116.331846,39.991482
Car-1,2008-05-25 11:57:01,116.331875,39.991479
Car-1,2008-05-25 11:57:03,116.331885,39.991446
Car-1,2008-05-25 11:57:05,116.331874,39.991415
Car-1,2008-05-25 11:57:07,116.33184,39.991386
Car-1,2008-05-25 11:57:09,116.331814,39.99136
Car-1,2008-05-25 11:57:11,116.331784,39.991344
Car-1,2008-05-25 11:57:13,116.33176,39.991337
Car-1,2008-05-25 11:57:15,116.331743,39.991333
Car-1,2008-05-25 11:57:17,116.33174,39.991343
Car-1,2008-05-25 11:57:19,116.331729,39.991341
Car-1,2008-05-25 11:57:21,116.331724,39.991342
Car-1,2008-05-25 11:57:23,116.331722,39.99134
Car-1,2008-05-25 11:57:25,116.331722,39.991336
Car-1,2008-05-25 11:57:27,116.331716,39.991326
Car-1,2008-05-25 11:57:29,116.331709,39.99132
Car-1,2008-05-25 11:57:31,116.331707,39.991318
Car-1,2008-05-25 11:57:33,116.3317,39.991317
Car-1,2008-05-25 11:57:35,116.331697,39.991321
Car-1,2008-05-25 11:57:37,116.331695,39.991329
Car-1,2008-05-25 11:57:39,116.331691,39.991332
Car-1,2008-05-25 11:57:41,116.331689,39.991337
Car-1,2008-05-25 11:57:43,116.331685,39.991338
Car-1,2008-05-25 11:57:45,116.331681,39.991331
Car-1,2008-05-25 11:57:47,116.331674,39.991314
Car-1,2008-05-25 11:57:49,116.33167,39.991302
Car-1,2008-05-25 11:57:51,116.331669,39.991289
Car-1,2008-05-25 11:57:53,116.331676,39.991277
Car-1,2008-05-25 11:57:55,116.331671,39.991243
Car-1,2008-05-25 11:57:57,116.331625,39.991149
Car-1,2008-05-25 11:57:59,116.331574,39.990996
Car-1,2008-05-25 11:58:01,116.331512,39.990799
Car-1,2008-05-25 11:58:03,116.331454,39.990568
Car-1,2008-05-25 11:58:05,116.331455,39.990297
Car-1,2008-05-25 11:58:07,116.331468,39.98997
Car-1,2008-05-25 11:58:09,116.331503,39.989639
Car-1,2008-05-25 11:58:11,116.331504,39.989285
Car-1,2008-05-25 11:58:13,116.331526,39.988916
Car-1,2008-05-25 11:58:15,116.331555,39.988565
Car-1,2008-05-25 11:58:17,116.331561,39.988248
Car-1,2008-05-25 11:58:19,116.331559,39.987936
Car-1,2008-05-25 11:58:21,116.33157,39.987624
Car-1,2008-05-25 11:58:23,116.331589,39.987321
Car-1,2008-05-25 11:58:25,116.331609,39.987034
Car-1,2008-05-25 11:58:27,116.331626,39.986717
Car-1,2008-05-25 11:58:29,116.331642,39.986401
Car-1,2008-05-25 11:58:31,116.331666,39.986071
Car-1,2008-05-25 11:58:33,116.331697,39.985767
Car-1,2008-05-25 11:58:35,116.331732,39.985466
Car-1,2008-05-25 11:58:37,116.331772,39.985178
Car-1,2008-05-25 11:58:39,116.33181,39.984883
Car-1,2008-05-25 11:58:41,116.331852,39.984573
Car-1,2008-05-25 11:58:43,116.331909,39.98428
Car-1,2008-05-25 11:58:45,116.33195,39.984014
Car-1,2008-05-25 11:58:47,116.331977,39.983731
Car-1,2008-05-25 11:58:49,116.332006,39.983446
Car-1,2008-05-25 11:58:51,116.33202,39.983147
Car-1,2008-05-25 11:58:53,116.332044,39.982859
Car-1,2008-05-25 11:58:55,116.332063,39.982568
Car-1,2008-05-25 11:58:57,116.33208,39.98228
Car-1,2008-05-25 11:58:59,116.332154,39.981995
Car-1,2008-05-25 11:59:01,116.332199,39.981697
Car-1,2008-05-25 11:59:03,116.33225,39.981381
Car-1,2008-05-25 11:59:05,116.332285,39.981056
Car-1,2008-05-25 11:59:07,116.332319,39.980729
Car-1,2008-05-25 11:59:09,116.332364,39.980409
Car-1,2008-05-25 11:59:11,116.332393,39.980071
Car-1,2008-05-25 11:59:13,116.332456,39.979737
Car-1,2008-05-25 11:59:15,116.332541,39.979394
Car-1,2008-05-25 11:59:17,116.33264,39.979051
Car-1,2008-05-25 11:59:19,116.332701,39.978702
Car-1,2008-05-25 11:59:21,116.33276,39.978369
Car-1,2008-05-25 11:59:23,116.332817,39.97806
Car-1,2008-05-25 11:59:25,116.332886,39.97777
Car-1,2008-05-25 11:59:27,116.332948,39.977508
Car-1,2008-05-25 11:59:29,116.333026,39.977249
Car-1,2008-05-25 11:59:31,116.333115,39.977025
Car-1,2008-05-25 11:59:33,116.333193,39.976799
Car-1,2008-05-25 11:59:35,116.333265,39.976579
Car-1,2008-05-25 11:59:37,116.333345,39.976371
Car-1,2008-05-25 11:59:39,116.333407,39.976175
Car-1,2008-05-25 11:59:41,116.333466,39.975994
Car-1,2008-05-25 11:59:43,116.33352,39.975827
Car-1,2008-05-25 11:59:45,116.333571,39.975665
Car-1,2008-05-25 11:59:47,116.333626,39.975517
Car-1,2008-05-25 11:59:49,116.333684,39.975403
Car-1,2008-05-25 11:59:51,116.333738,39.975333
Car-1,2008-05-25 11:59:53,116.333769,39.975267
Car-1,2008-05-25 11:59:55,116.333793,39.975203
Car-1,2008-05-25 11:59:57,116.333812,39.975132
Car-1,2008-05-25 12:02:13,116.333532,39.975247
Car-1,2008-05-25 12:02:15,116.333549,39.975349
Car-1,2008-05-25 12:02:17,116.333488,39.975356
Car-1,2008-05-25 12:02:19,116.333463,39.975372
Car-1,2008-05-25 12:02:21,116.333423,39.97535
Car-1,2008-05-25 12:02:23,116.333386,39.975364
Car-1,2008-05-25 12:02:25,116.333364,39.975352
Car-1,2008-05-25 12:02:27,116.333346,39.97535
Car-1,2008-05-25 12:02:29,116.333324,39.975349
Car-1,2008-05-25 12:02:31,116.3333,39.975347
Car-1,2008-05-25 12:02:33,116.333278,39.975357
Car-1,2008-05-25 12:02:35,116.333265,39.975374
Car-1,2008-05-25 12:02:37,116.333239,39.97537
Car-1,2008-05-25 12:02:39,116.333225,39.975369
Car-1,2008-05-25 12:02:41,116.333204,39.975371
Car-1,2008-05-25 12:02:43,116.33318,39.975369
Car-1,2008-05-25 12:02:45,116.333164,39.975361
Car-1,2008-05-25 12:02:47,116.333135,39.975364
Car-1,2008-05-25 12:02:49,116.33311,39.975359
Car-1,2008-05-25 12:02:51,116.333081,39.975366
Car-1,2008-05-25 12:02:53,116.33305,39.975364
Car-1,2008-05-25 12:02:55,116.333023,39.975361
Car-1,2008-05-25 12:02:57,116.332997,39.975355
Car-1,2008-05-25 12:02:59,116.332976,39.975347
Car-1,2008-05-25 12:03:01,116.332953,39.975344
Car-1,2008-05-25 12:03:03,116.332938,39.975344
Car-1,2008-05-25 12:03:05,116.332929,39.975341
Car-1,2008-05-25 12:03:07,116.332923,39.975339
Car-1,2008-05-25 12:03:09,116.332912,39.975336
Car-1,2008-05-25 12:03:11,116.332898,39.975334
Car-1,2008-05-25 12:03:13,116.332882,39.975326
Car-1,2008-05-25 12:03:15,116.332867,39.975319
Car-1,2008-05-25 12:03:17,116.332854,39.975308
Car-1,2008-05-25 12:03:19,116.33284,39.975308
Car-1,2008-05-25 12:03:21,116.332822,39.975309
Car-1,2008-05-25 12:03:23,116.332807,39.975308
Car-1,2008-05-25 12:03:25,116.33279,39.975317
Car-1,2008-05-25 12:03:27,116.332767,39.975327
Car-1,2008-05-25 12:03:29,116.332744,39.97533
Car-1,2008-05-25 12:03:31,116.332708,39.975349
Car-1,2008-05-25 12:03:33,116.332675,39.975354
Car-1,2008-05-25 12:03:35,116.332652,39.975357
Car-1,2008-05-25 12:03:37,116.332622,39.975354
Car-1,2008-05-25 12:03:39,116.332581,39.975348
Car-1,2008-05-25 12:03:41,116.332545,39.975338
Car-1,2008-05-25 12:03:43,116.332519,39.975336
Car-1,2008-05-25 12:03:45,116.332485,39.97535
Car-1,2008-05-25 12:03:47,116.332462,39.975351
Car-1,2008-05-25 12:03:49,116.332434,39.975349
Car-1,2008-05-25 12:03:51,116.332396,39.975341
Car-1,2008-05-25 12:03:53,116.332363,39.97534
Car-1,2008-05-25 12:03:55,116.332344,39.975331
Car-1,2008-05-25 12:03:57,116.332314,39.975324
Car-1,2008-05-25 12:03:59,116.332277,39.975304
Car-1,2008-05-25 12:04:01,116.332241,39.975294
Car-1,2008-05-25 12:04:03,116.332206,39.975388
Car-1,2008-05-25 12:04:05,116.332088,39.975367
Car-1,2008-05-25 12:04:07,116.332073,39.975377
Car-1,2008-05-25 12:04:09,116.332064,39.975385
Car-1,2008-05-25 12:04:11,116.332046,39.975388
Car-1,2008-05-25 12:04:13,116.332024,39.975385
Car-1,2008-05-25 12:04:15,116.332007,39.975391
Car-1,2008-05-25 12:04:17,116.332007,39.975397
Car-1,2008-05-25 12:04:19,116.331998,39.975396
Car-1,2008-05-25 12:04:21,116.331991,39.975394
Car-1,2008-05-25 12:04:23,116.331971,39.975393
Car-1,2008-05-25 12:04:25,116.331971,39.975392
Car-1,2008-05-25 12:04:27,116.33197,39.975384
Car-1,2008-05-25 12:04:29,116.331974,39.975387
Car-1,2008-05-25 12:04:31,116.331965,39.975383
Car-1,2008-05-25 12:04:33,116.331952,39.975377
Car-1,2008-05-25 12:04:35,116.331933,39.975377
Car-1,2008-05-25 12:04:37,116.33191,39.975381
Car-1,2008-05-25 12:04:39,116.331891,39.975387
Car-1,2008-05-25 12:04:41,116.331873,39.975394
Car-1,2008-05-25 12:04:43,116.33184,39.975409
Car-1,2008-05-25 12:04:45,116.331809,39.97543
Car-1,2008-05-25 12:04:47,116.331777,39.975426
Car-1,2008-05-25 12:04:49,116.331748,39.97543
Car-1,2008-05-25 12:04:51,116.331719,39.975427
Car-1,2008-05-25 12:04:53,116.331681,39.975425
Car-1,2008-05-25 12:04:55,116.331645,39.975417
Car-1,2008-05-25 12:04:57,116.331617,39.975414
Car-1,2008-05-25 12:04:59,116.33159,39.975419
Car-1,2008-05-25 12:05:01,116.331569,39.97542
Car-1,2008-05-25 12:05:03,116.33155,39.975422
Car-1,2008-05-25 12:05:05,116.331534,39.975419
Car-1,2008-05-25 12:05:07,116.331537,39.975498
Car-1,2008-05-25 12:05:09,116.331519,39.975559
Car-1,2008-05-25 12:05:11,116.331501,39.975599
Car-1,2008-05-25 12:05:13,116.331462,39.975622
Car-1,2008-05-25 12:05:15,116.331442,39.975628
Car-1,2008-05-25 12:05:17,116.331419,39.975629
Car-1,2008-05-25 12:05:19,116.331386,39.975637
Car-1,2008-05-25 12:05:21,116.331344,39.975641
Car-1,2008-05-25 12:05:23,116.331303,39.975647
Car-1,2008-05-25 12:05:25,116.331268,39.975646
Car-1,2008-05-25 12:05:27,116.331236,39.975646
Car-1,2008-05-25 12:05:29,116.331204,39.975639
Car-1,2008-05-25 12:05:31,116.331173,39.975639
Car-1,2008-05-25 12:05:33,116.33114,39.975632
Car-1,2008-05-25 12:05:35,116.331122,39.975618
Car-1,2008-05-25 12:05:37,116.331102,39.975591
Car-1,2008-05-25 12:05:39,116.331089,39.975554
Car-1,2008-05-25 12:05:41,116.331076,39.975515
Car-1,2008-05-25 12:05:43,116.331075,39.975494
Car-1,2008-05-25 12:05:45,116.331073,39.975472
Car-1,2008-05-25 12:05:47,116.331068,39.975455
Car-1,2008-05-25 12:05:49,116.331064,39.975444
Car-1,2008-05-25 12:05:51,116.331062,39.975441
Car-1,2008-05-25 12:05:53,116.331063,39.975441
Car-1,2008-05-25 12:05:55,116.331057,39.975431
Car-1,2008-05-25 12:05:57,116.331043,39.975425
Car-1,2008-05-25 12:08:59,116.33031,39.975426
Car-1,2008-05-25 12:09:01,116.33027,39.975496
Car-1,2008-05-25 12:09:03,116.330113,39.975349
Car-1,2008-05-25 12:09:05,116.329992,39.975236
Car-1,2008-05-25 12:09:07,116.32991,39.975139
Car-1,2008-05-25 12:09:09,116.32987,39.97512
Car-1,2008-05-25 12:09:11,116.329868,39.97521
Car-1,2008-05-25 12:09:13,116.329864,39.97527
Car-1,2008-05-25 12:09:15,116.329865,39.975338
Car-1,2008-05-25 12:09:17,116.329838,39.975383
Car-1,2008-05-25 12:09:19,116.329829,39.975285
Car-1,2008-05-25 12:09:21,116.329818,39.975159
Car-1,2008-05-25 12:09:23,116.329828,39.975143
Car-1,2008-05-25 12:09:25,116.329823,39.975058
Car-1,2008-05-25 12:09:27,116.329819,39.974999
Car-1,2008-05-25 12:09:29,116.329838,39.974972
Car-1,2008-05-25 12:09:31,116.329843,39.974973
Car-1,2008-05-25 12:09:33,116.329847,39.974975
Car-1,2008-05-25 12:09:35,116.329849,39.974978
Car-1,2008-05-25 12:09:37,116.329848,39.974976
