agent_id,time,lng,lat
Car-1,2008-11-01 01:51:57,116.418031,39.996291
Car-1,2008-11-01 01:51:59,116.418015,39.99622
Car-1,2008-11-01 01:52:01,116.418004,39.99615
Car-1,2008-11-01 01:52:03,116.417979,39.996056
Car-1,2008-11-01 01:52:05,116.417955,39.995953
Car-1,2008-11-01 01:52:07,116.417925,39.995836
Car-1,2008-11-01 01:52:09,116.417895,39.995713
Car-1,2008-11-01 01:52:11,116.417866,39.995585
Car-1,2008-11-01 01:52:13,116.417842,39.995453
Car-1,2008-11-01 01:52:15,116.417815,39.995314
Car-1,2008-11-01 01:52:17,116.417781,39.995158
Car-1,2008-11-01 01:52:19,116.41774,39.995002
Car-1,2008-11-01 01:52:21,116.417696,39.994841
Car-1,2008-11-01 01:52:23,116.417669,39.994669
Car-1,2008-11-01 01:52:25,116.417658,39.994494
Car-1,2008-11-01 01:52:27,116.417655,39.994318
Car-1,2008-11-01 01:52:29,116.417655,39.994149
Car-1,2008-11-01 01:52:31,116.417675,39.993992
Car-1,2008-11-01 01:52:33,116.417695,39.993832
Car-1,2008-11-01 01:52:35,116.417721,39.993705
Car-1,2008-11-01 01:52:37,116.417749,39.993601
Car-1,2008-11-01 01:52:39,116.417785,39.993502
Car-1,2008-11-01 01:52:41,116.41782,39.993442
Car-1,2008-11-01 01:52:43,116.417851,39.993386
Car-1,2008-11-01 01:52:45,116.417881,39.993328
Car-1,2008-11-01 01:52:47,116.417903,39.993249
Car-1,2008-11-01 01:52:49,116.417938,39.993162
Car-1,2008-11-01 01:52:51,116.417944,39.993131
Car-1,2008-11-01 01:52:53,116.417946,39.993116
Car-1,2008-11-01 01:52:55,116.417946,39.993111
Car-1,2008-11-01 01:52:57,116.417938,39.993102
Car-1,2008-11-01 01:52:59,116.41793,39.993093
Car-1,2008-11-01 01:53:01,116.41792,39.993083
Car-1,2008-11-01 01:53:03,116.417912,39.993074
Car-1,2008-11-01 01:53:05,116.417905,39.993067
Car-1,2008-11-01 01:53:07,116.417899,39.993062
Car-1,2008-11-01 01:53:09,116.417895,39.993054
Car-1,2008-11-01 01:53:11,116.417884,39.99295
Car-1,2008-11-01 01:53:13,116.417931,39.992838
Car-1,2008-11-01 01:53:15,116.417946,39.992755
Car-1,2008-11-01 01:53:17,116.417959,39.99266
Car-1,2008-11-01 01:53:19,116.417936,39.992555
Car-1,2008-11-01 01:53:21,116.417888,39.992454
Car-1,2008-11-01 01:53:23,116.417847,39.992368
Car-1,2008-11-01 01:53:25,116.417817,39.992338
Car-1,2008-11-01 01:53:27,116.417784,39.992297
Car-1,2008-11-01 01:53:29,116.417751,39.992245
Car-1,2008-11-01 01:53:31,116.417719,39.992187
Car-1,2008-11-01 01:53:33,116.417674,39.992105
Car-1,2008-11-01 01:53:35,116.417635,39.991984
Car-1,2008-11-01 01:53:37,116.417603,39.99184
Car-1,2008-11-01 01:53:39,116.417584,39.991717
Car-1,2008-11-01 01:53:41,116.417575,39.991655
Car-1,2008-11-01 01:53:43,116.417559,39.991617
Car-1,2008-11-01 01:53:45,116.417544,39.99158
Car-1,2008-11-01 01:53:47,116.417528,39.991529
Car-1,2008-11-01 01:53:49,116.417516,39.991459
Car-1,2008-11-01 01:53:51,116.417512,39.991381
Car-1,2008-11-01 01:53:53,116.417509,39.991306
Car-1,2008-11-01 01:53:55,116.417493,39.991236
Car-1,2008-11-01 01:53:57,116.417468,39.991183
Car-1,2008-11-01 01:53:59,116.417444,39.991156
Car-1,2008-11-01 01:54:01,116.417423,39.991135
Car-1,2008-11-01 01:54:03,116.417414,39.991125
Car-1,2008-11-01 01:54:05,116.417412,39.991109
Car-1,2008-11-01 01:54:07,116.417408,39.991093
Car-1,2008-11-01 01:54:09,116.41739,39.991061
Car-1,2008-11-01 01:54:11,116.417382,39.99101
Car-1,2008-11-01 01:54:13,116.41739,39.990946
Car-1,2008-11-01 01:54:15,116.417409,39.99088
Car-1,2008-11-01 01:54:17,116.417436,39.990812
Car-1,2008-11-01 01:54:19,116.417424,39.990714
Car-1,2008-11-01 01:54:21,116.417406,39.990638
Car-1,2008-11-01 01:54:23,116.417504,39.990468
Car-1,2008-11-01 01:54:25,116.417515,39.990342
Car-1,2008-11-01 01:54:27,116.417535,39.990271
Car-1,2008-11-01 01:54:29,116.417544,39.990209
Car-1,2008-11-01 01:54:31,116.417538,39.990184
Car-1,2008-11-01 01:54:33,116.417533,39.990158
Car-1,2008-11-01 01:54:35,116.417525,39.990134
Car-1,2008-11-01 01:54:37,116.41771,39.989902
Car-1,2008-11-01 01:54:39,116.417716,39.989767
Car-1,2008-11-01 01:54:41,116.417755,39.989718
Car-1,2008-11-01 01:54:43,116.417756,39.989689
Car-1,2008-11-01 01:54:45,116.41779,39.98965
Car-1,2008-11-01 01:54:47,116.417795,39.989614
Car-1,2008-11-01 01:54:49,116.417812,39.989592
Car-1,2008-11-01 01:54:51,116.417802,39.989601
Car-1,2008-11-01 01:54:53,116.417798,39.989557
Car-1,2008-11-01 01:54:55,116.417805,39.989538
Car-1,2008-11-01 01:54:57,116.417811,39.989522
Car-1,2008-11-01 01:54:59,116.417817,39.989519
Car-1,2008-11-01 01:55:01,116.417822,39.989524
Car-1,2008-11-01 01:55:03,116.417827,39.98952
Car-1,2008-11-01 01:55:05,116.417839,39.989529
Car-1,2008-11-01 01:55:07,116.417841,39.989531
Car-1,2008-11-01 01:55:09,116.417837,39.98953
Car-1,2008-11-01 01:55:11,116.417806,39.989538
Car-1,2008-11-01 01:55:13,116.417779,39.989529
Car-1,2008-11-01 01:55:15,116.417785,39.989509
Car-1,2008-11-01 01:55:17,116.41779,39.989504
Car-1,2008-11-01 01:55:19,116.417801,39.989496
Car-1,2008-11-01 01:55:21,116.417801,39.989491
Car-1,2008-11-01 01:55:23,116.4178,39.989488
Car-1,2008-11-01 01:55:25,116.417797,39.989485
Car-1,2008-11-01 01:55:27,116.417803,39.989471
Car-1,2008-11-01 01:55:29,116.417806,39.989441
Car-1,2008-11-01 01:55:31,116.417821,39.989447
Car-1,2008-11-01 01:55:33,116.417837,39.989439
Car-1,2008-11-01 01:55:35,116.417842,39.989444
Car-1,2008-11-01 01:55:37,116.417861,39.98941
Car-1,2008-11-01 01:55:39,116.41785,39.989414
Car-1,2008-11-01 01:55:41,116.41785,39.989423
Car-1,2008-11-01 01:55:43,116.417841,39.989423
Car-1,2008-11-01 01:55:45,116.417837,39.989425
Car-1,2008-11-01 01:55:47,116.417832,39.989426
Car-1,2008-11-01 01:55:49,116.41783,39.989423
Car-1,2008-11-01 01:55:51,116.41782,39.989403
Car-1,2008-11-01 01:55:53,116.417811,39.989374
Car-1,2008-11-01 01:55:55,116.417808,39.989349
Car-1,2008-11-01 01:55:57,116.417803,39.989318
Car-1,2008-11-01 01:55:59,116.417802,39.989281
Car-1,2008-11-01 01:56:01,116.417793,39.989219
Car-1,2008-11-01 01:56:03,116.417797,39.989168
Car-1,2008-11-01 01:56:05,116.41779,39.9891
Car-1,2008-11-01 01:56:07,116.417765,39.989013
Car-1,2008-11-01 01:56:09,116.417718,39.98892
Car-1,2008-11-01 01:56:11,116.417678,39.98887
Car-1,2008-11-01 01:56:13,116.417631,39.988832
Car-1,2008-11-01 01:56:15,116.417582,39.988831
Car-1,2008-11-01 01:56:17,116.417552,39.988831
Car-1,2008-11-01 01:56:19,116.417528,39.988837
Car-1,2008-11-01 01:56:21,116.417522,39.988838
Car-1,2008-11-01 01:56:23,116.417516,39.988835
Car-1,2008-11-01 01:56:25,116.417505,39.988832
Car-1,2008-11-01 01:56:27,116.4175,39.988832
Car-1,2008-11-01 01:56:29,116.417493,39.988837
Car-1,2008-11-01 01:56:31,116.417485,39.988837
Car-1,2008-11-01 01:56:33,116.417478,39.988836
Car-1,2008-11-01 01:56:35,116.417472,39.988838
Car-1,2008-11-01 01:56:37,116.417463,39.988843
Car-1,2008-11-01 01:56:39,116.417453,39.988848
Car-1,2008-11-01 01:56:41,116.417442,39.98885
Car-1,2008-11-01 01:56:43,116.417425,39.98885
Car-1,2008-11-01 01:56:45,116.417413,39.988849
Car-1,2008-11-01 01:56:47,116.417402,39.988848
Car-1,2008-11-01 01:56:49,116.417392,39.988844
Car-1,2008-11-01 01:56:51,116.417381,39.98884
Car-1,2008-11-01 01:56:53,116.417373,39.988836
Car-1,2008-11-01 01:56:55,116.417368,39.988831
Car-1,2008-11-01 01:56:57,116.417369,39.988823
Car-1,2008-11-01 01:56:59,116.417369,39.988815
Car-1,2008-11-01 01:57:01,116.417363,39.988805
Car-1,2008-11-01 01:57:03,116.417376,39.988767
Car-1,2008-11-01 01:57:05,116.417381,39.9887
Car-1,2008-11-01 01:57:07,116.417398,39.988615
Car-1,2008-11-01 01:57:09,116.417412,39.988546
Car-1,2008-11-01 01:57:11,116.417423,39.98849
Car-1,2008-11-01 01:57:13,116.41747,39.988415
Car-1,2008-11-01 01:57:15,116.417503,39.988338
Car-1,2008-11-01 01:57:17,116.417548,39.988276
Car-1,2008-11-01 01:57:19,116.417564,39.988247
Car-1,2008-11-01 01:57:21,116.417571,39.988233
Car-1,2008-11-01 01:57:23,116.417571,39.988232
Car-1,2008-11-01 01:57:25,116.417576,39.988228
Car-1,2008-11-01 01:57:27,116.417583,39.988221
Car-1,2008-11-01 01:57:29,116.417591,39.988215
Car-1,2008-11-01 01:57:31,116.417599,39.98821
Car-1,2008-11-01 01:57:33,116.41761,39.988203
Car-1,2008-11-01 01:57:35,116.417619,39.988197
Car-1,2008-11-01 01:57:37,116.417626,39.988192
Car-1,2008-11-01 01:57:39,116.41763,39.988188
Car-1,2008-11-01 01:57:41,116.417659,39.988143
Car-1,2008-11-01 01:57:43,116.417738,39.988008
Car-1,2008-11-01 01:57:45,116.417739,39.987904
Car-1,2008-11-01 01:57:47,116.417723,39.987793
Car-1,2008-11-01 01:57:49,116.417714,39.98768
Car-1,2008-11-01 01:57:51,116.417702,39.987559
Car-1,2008-11-01 01:57:53,116.417695,39.98742
Car-1,2008-11-01 01:57:55,116.417699,39.98725
Car-1,2008-11-01 01:57:57,116.417718,39.987059
Car-1,2008-11-01 01:57:59,116.417709,39.986889
Car-1,2008-11-01 01:58:01,116.417654,39.9867
Car-1,2008-11-01 01:58:03,116.417711,39.98648
Car-1,2008-11-01 01:58:05,116.41773,39.98631
Car-1,2008-11-01 01:58:07,116.417732,39.986168
Car-1,2008-11-01 02:00:29,116.41785,39.985916
Car-1,2008-11-01 02:00:31,116.417837,39.985904
Car-1,2008-11-01 02:00:33,116.417814,39.985892
Car-1,2008-11-01 02:00:35,116.41786,39.985859
Car-1,2008-11-01 02:00:37,116.417853,39.985853
Car-1,2008-11-01 02:00:39,116.417848,39.98585
Car-1,2008-11-01 02:00:41,116.417865,39.985843
Car-1,2008-11-01 02:00:43,116.41787,39.985841
Car-1,2008-11-01 02:00:45,116.417898,39.985838
Car-1,2008-11-01 02:00:47,116.417947,39.985816
Car-1,2008-11-01 02:00:49,116.417984,39.985785
Car-1,2008-11-01 02:00:51,116.418003,39.985756
Car-1,2008-11-01 02:00:53,116.418064,39.985745
Car-1,2008-11-01 02:00:55,116.418084,39.985743
Car-1,2008-11-01 02:00:57,116.41809,39.985741
Car-1,2008-11-01 02:00:59,116.418093,39.98574
Car-1,2008-11-01 02:01:01,116.418097,39.985738
Car-1,2008-11-01 02:01:03,116.418099,39.985734
Car-1,2008-11-01 02:01:05,116.418102,39.985733
Car-1,2008-11-01 02:01:07,116.418128,39.985724
Car-1,2008-11-01 02:01:09,116.41815,39.985713
Car-1,2008-11-01 02:01:11,116.418148,39.98571
Car-1,2008-11-01 02:01:13,116.418279,39.985669
Car-1,2008-11-01 02:01:15,116.418271,39.985678
Car-1,2008-11-01 02:01:17,116.418306,39.985687
Car-1,2008-11-01 02:01:19,116.418336,39.985676
Car-1,2008-11-01 02:01:21,116.418336,39.985678
Car-1,2008-11-01 02:01:23,116.418328,39.985677
Car-1,2008-11-01 02:01:25,116.418326,39.98567
Car-1,2008-11-01 02:01:27,116.418325,39.985668
Car-1,2008-11-01 02:01:29,116.418324,39.985665
Car-1,2008-11-01 02:01:31,116.418328,39.985666
Car-1,2008-11-01 02:01:33,116.418353,39.985667
Car-1,2008-11-01 02:01:35,116.418354,39.985676
Car-1,2008-11-01 02:01:37,116.418343,39.985684
Car-1,2008-11-01 02:01:39,116.418337,39.98569
Car-1,2008-11-01 02:01:41,116.418336,39.985701
Car-1,2008-11-01 02:01:43,116.418334,39.985708
Car-1,2008-11-01 02:01:45,116.418329,39.985709
Car-1,2008-11-01 02:01:47,116.418325,39.985711
Car-1,2008-11-01 02:01:49,116.418324,39.985713
Car-1,2008-11-01 02:01:51,116.418324,39.985713
Car-1,2008-11-01 02:01:53,116.418325,39.98571
Car-1,2008-11-01 02:01:55,116.418329,39.985707
Car-1,2008-11-01 02:01:57,116.418342,39.98571
Car-1,2008-11-01 02:01:59,116.418333,39.98571
Car-1,2008-11-01 02:02:01,116.41833,39.985699
Car-1,2008-11-01 02:02:03,116.418275,39.985754
Car-1,2008-11-01 02:02:05,116.418216,39.985801
Car-1,2008-11-01 02:02:07,116.418197,39.98581
Car-1,2008-11-01 02:02:09,116.418124,39.985851
Car-1,2008-11-01 02:02:11,116.418061,39.98587
Car-1,2008-11-01 02:02:13,116.418082,39.985866
Car-1,2008-11-01 02:02:15,116.4181,39.985845
Car-1,2008-11-01 02:02:17,116.418097,39.985852
Car-1,2008-11-01 02:02:19,116.418116,39.98585
Car-1,2008-11-01 02:02:21,116.418116,39.98585
Car-1,2008-11-01 02:02:23,116.418117,39.985853
Car-1,2008-11-01 02:02:25,116.418118,39.985856
Car-1,2008-11-01 02:02:27,116.418103,39.985855
Car-1,2008-11-01 02:02:29,116.418098,39.985855
Car-1,2008-11-01 02:02:31,116.418094,39.985856
Car-1,2008-11-01 02:02:33,116.418091,39.985857
Car-1,2008-11-01 02:02:35,116.418092,39.985859
Car-1,2008-11-01 02:02:37,116.418091,39.98586
Car-1,2008-11-01 02:02:39,116.418089,39.985861
Car-1,2008-11-01 02:02:41,116.418087,39.985864
Car-1,2008-11-01 02:02:43,116.418086,39.985862
Car-1,2008-11-01 02:02:45,116.418084,39.985861
Car-1,2008-11-01 02:02:47,116.418083,39.985862
Car-1,2008-11-01 02:02:49,116.418083,39.985862
Car-1,2008-11-01 02:02:51,116.418082,39.985862
Car-1,2008-11-01 02:04:15,116.417948,39.985687
Car-1,2008-11-01 02:04:17,116.417954,39.985587
Car-1,2008-11-01 02:04:19,116.417958,39.985494
Car-1,2008-11-01 02:04:21,116.417951,39.985395
Car-1,2008-11-01 02:04:23,116.417948,39.98527
Car-1,2008-11-01 02:04:25,116.417948,39.985161
Car-1,2008-11-01 02:04:27,116.417934,39.985037
Car-1,2008-11-01 02:04:29,116.417918,39.984903
Car-1,2008-11-01 02:04:31,116.417908,39.984749
Car-1,2008-11-01 02:04:33,116.417917,39.984591
Car-1,2008-11-01 02:04:35,116.417928,39.984418
Car-1,2008-11-01 02:04:37,116.417935,39.984232
Car-1,2008-11-01 02:04:39,116.417923,39.984037
Car-1,2008-11-01 02:04:41,116.417927,39.983858
Car-1,2008-11-01 02:04:43,116.417929,39.98368
Car-1,2008-11-01 02:04:45,116.417975,39.983505
Car-1,2008-11-01 02:04:47,116.41814,39.98338
Car-1,2008-11-01 02:04:49,116.418138,39.983209
Car-1,2008-11-01 02:04:51,116.418129,39.98304
Car-1,2008-11-01 02:04:53,116.41819,39.982924
Car-1,2008-11-01 02:04:55,116.418166,39.982781
Car-1,2008-11-01 02:04:57,116.418267,39.982527
Car-1,2008-11-01 02:04:59,116.418272,39.982442
Car-1,2008-11-01 02:05:01,116.41827,39.982389
Car-1,2008-11-01 02:05:03,116.418234,39.982374
Car-1,2008-11-01 02:05:05,116.418199,39.98236
Car-1,2008-11-01 02:05:07,116.418209,39.98231
Car-1,2008-11-01 02:05:09,116.41822,39.982303
Car-1,2008-11-01 02:05:11,116.418222,39.982302
Car-1,2008-11-01 02:05:13,116.418224,39.982301
Car-1,2008-11-01 02:05:15,116.418226,39.982295
Car-1,2008-11-01 02:05:17,116.418226,39.982288
Car-1,2008-11-01 02:05:19,116.418223,39.982279
Car-1,2008-11-01 02:05:21,116.41822,39.982269
Car-1,2008-11-01 02:05:23,116.418216,39.982257
Car-1,2008-11-01 02:05:25,116.418213,39.982246
Car-1,2008-11-01 02:05:27,116.41821,39.982236
Car-1,2008-11-01 02:05:29,116.418205,39.982227
Car-1,2008-11-01 02:05:31,116.4182,39.982219
Car-1,2008-11-01 02:05:33,116.418196,39.982211
Car-1,2008-11-01 02:05:35,116.418194,39.982204
Car-1,2008-11-01 02:05:37,116.418192,39.982192
Car-1,2008-11-01 02:05:39,116.418191,39.982164
Car-1,2008-11-01 02:05:41,116.418158,39.982086
Car-1,2008-11-01 02:05:43,116.418122,39.981956
Car-1,2008-11-01 02:05:45,116.418131,39.981813
Car-1,2008-11-01 02:05:47,116.418129,39.981674
Car-1,2008-11-01 02:05:49,116.418119,39.981475
Car-1,2008-11-01 02:05:51,116.418118,39.981294
Car-1,2008-11-01 02:05:53,116.41811,39.981108
Car-1,2008-11-01 02:05:55,116.418106,39.980921
Car-1,2008-11-01 02:05:57,116.418149,39.980755
Car-1,2008-11-01 02:05:59,116.418213,39.980615
Car-1,2008-11-01 02:06:01,116.418216,39.980477
Car-1,2008-11-01 02:06:03,116.41824,39.980408
Car-1,2008-11-01 02:06:05,116.418251,39.980361
Car-1,2008-11-01 02:06:07,116.418235,39.980327
Car-1,2008-11-01 02:06:09,116.418218,39.980304
Car-1,2008-11-01 02:06:11,116.418192,39.980283
Car-1,2008-11-01 02:06:13,116.418187,39.980287
Car-1,2008-11-01 02:06:15,116.418179,39.980299
Car-1,2008-11-01 02:06:17,116.418163,39.980316
Car-1,2008-11-01 02:06:19,116.418146,39.980309
Car-1,2008-11-01 02:06:21,116.418127,39.98028
Car-1,2008-11-01 02:06:23,116.41809,39.980216
Car-1,2008-11-01 02:06:25,116.418066,39.980114
Car-1,2008-11-01 02:06:27,116.418059,39.980002
Car-1,2008-11-01 02:06:29,116.418043,39.97987
Car-1,2008-11-01 02:06:31,116.418031,39.97976
Car-1,2008-11-01 02:06:33,116.418039,39.979689
Car-1,2008-11-01 02:06:35,116.418032,39.979671
Car-1,2008-11-01 02:06:37,116.418035,39.979653
Car-1,2008-11-01 02:06:39,116.417996,39.979607
Car-1,2008-11-01 02:06:41,116.417977,39.97956
Car-1,2008-11-01 02:06:43,116.417982,39.979531
Car-1,2008-11-01 02:06:45,116.417999,39.979507
Car-1,2008-11-01 02:06:47,116.417983,39.979467
Car-1,2008-11-01 02:06:49,116.417967,39.979414
Car-1,2008-11-01 02:06:51,116.418029,39.97927
Car-1,2008-11-01 02:06:53,116.418037,39.979162
Car-1,2008-11-01 02:06:55,116.418001,39.979057
Car-1,2008-11-01 02:06:57,116.417945,39.978944
Car-1,2008-11-01 02:06:59,116.417918,39.978795
Car-1,2008-11-01 02:07:01,116.417877,39.978627
Car-1,2008-11-01 02:07:03,116.41787,39.97844
Car-1,2008-11-01 02:07:05,116.417862,39.978245
Car-1,2008-11-01 02:07:07,116.417839,39.978053
Car-1,2008-11-01 02:07:09,116.417829,39.977865
Car-1,2008-11-01 02:07:11,116.417822,39.977659
Car-1,2008-11-01 02:07:13,116.417818,39.977448
Car-1,2008-11-01 02:07:15,116.417808,39.977237
Car-1,2008-11-01 02:07:17,116.417796,39.977032
Car-1,2008-11-01 02:07:19,116.417813,39.976807
Car-1,2008-11-01 02:07:21,116.417827,39.9766
Car-1,2008-11-01 02:07:23,116.417864,39.976374
Car-1,2008-11-01 02:07:25,116.417906,39.976146
Car-1,2008-11-01 02:07:27,116.417941,39.975914
Car-1,2008-11-01 02:07:29,116.417967,39.975715
Car-1,2008-11-01 02:07:31,116.418118,39.975398
Car-1,2008-11-01 02:07:33,116.418147,39.975241
Car-1,2008-11-01 02:07:35,116.418166,39.97512
Car-1,2008-11-01 02:07:37,116.41818,39.975048
Car-1,2008-11-01 02:07:39,116.418195,39.97502
Car-1,2008-11-01 02:07:41,116.418199,39.975016
Car-1,2008-11-01 02:07:43,116.418203,39.975018
Car-1,2008-11-01 02:07:45,116.4182,39.975019
Car-1,2008-11-01 02:07:47,116.418193,39.975024
Car-1,2008-11-01 02:07:49,116.418187,39.975029
Car-1,2008-11-01 02:07:51,116.418185,39.975031
Car-1,2008-11-01 02:07:53,116.418185,39.975027
Car-1,2008-11-01 02:07:55,116.418182,39.974998
Car-1,2008-11-01 02:07:57,116.418195,39.974926
Car-1,2008-11-01 02:07:59,116.418211,39.974827
Car-1,2008-11-01 02:08:01,116.418214,39.974709
Car-1,2008-11-01 02:08:03,116.418217,39.974595
Car-1,2008-11-01 02:08:05,116.418228,39.974478
Car-1,2008-11-01 02:08:07,116.418247,39.974371
Car-1,2008-11-01 02:08:09,116.418253,39.974279
Car-1,2008-11-01 02:08:11,116.418255,39.974208
Car-1,2008-11-01 02:08:13,116.418277,39.974113
Car-1,2008-11-01 02:08:15,116.418329,39.973992
Car-1,2008-11-01 02:08:17,116.418358,39.973891
Car-1,2008-11-01 02:08:19,116.41835,39.973828
Car-1,2008-11-01 02:08:21,116.418346,39.97376
Car-1,2008-11-01 02:08:23,116.418358,39.973684
Car-1,2008-11-01 02:08:25,116.418374,39.973642
Car-1,2008-11-01 02:08:27,116.418371,39.973623
Car-1,2008-11-01 02:08:29,116.418371,39.973606
Car-1,2008-11-01 02:08:31,116.41837,39.973597
Car-1,2008-11-01 02:08:33,116.418369,39.97359
Car-1,2008-11-01 02:08:35,116.41837,39.973586
Car-1,2008-11-01 02:08:37,116.418369,39.97358
Car-1,2008-11-01 02:08:39,116.418363,39.973574
Car-1,2008-11-01 02:08:41,116.418356,39.973564
Car-1,2008-11-01 02:08:43,116.418349,39.973526
Car-1,2008-11-01 02:08:45,116.41834,39.973471
Car-1,2008-11-01 02:08:47,116.418344,39.973435
Car-1,2008-11-01 02:08:49,116.418358,39.973423
Car-1,2008-11-01 02:08:51,116.418354,39.973401
Car-1,2008-11-01 02:08:53,116.418354,39.973357
Car-1,2008-11-01 02:08:55,116.418347,39.973302
Car-1,2008-11-01 02:08:57,116.418357,39.973271
Car-1,2008-11-01 02:08:59,116.418365,39.973265
Car-1,2008-11-01 02:09:01,116.418373,39.973261
Car-1,2008-11-01 02:09:03,116.418374,39.973262
Car-1,2008-11-01 02:09:05,116.418377,39.97326
Car-1,2008-11-01 02:09:07,116.418376,39.973255
Car-1,2008-11-01 02:09:09,116.418379,39.973252
Car-1,2008-11-01 02:09:11,116.418382,39.973248
Car-1,2008-11-01 02:09:13,116.418384,39.973243
Car-1,2008-11-01 02:09:15,116.418378,39.973197
Car-1,2008-11-01 02:09:17,116.418397,39.973121
Car-1,2008-11-01 02:09:19,116.41842,39.973012
Car-1,2008-11-01 02:09:21,116.418388,39.972871
Car-1,2008-11-01 02:09:23,116.418401,39.972742
Car-1,2008-11-01 02:09:25,116.418405,39.972645
Car-1,2008-11-01 02:09:27,116.418405,39.972566
Car-1,2008-11-01 02:09:29,116.418419,39.972501
Car-1,2008-11-01 02:09:31,116.418434,39.972464
Car-1,2008-11-01 02:09:33,116.418438,39.972448
Car-1,2008-11-01 02:09:35,116.418434,39.972447
Car-1,2008-11-01 02:09:37,116.418434,39.972445
Car-1,2008-11-01 02:09:39,116.418433,39.972445
Car-1,2008-11-01 02:09:41,116.418433,39.972445
Car-1,2008-11-01 02:09:43,116.418432,39.972445
Car-1,2008-11-01 02:09:45,116.41843,39.972445
Car-1,2008-11-01 02:09:47,116.418428,39.972443
Car-1,2008-11-01 02:09:49,116.418423,39.97243
Car-1,2008-11-01 02:09:51,116.418417,39.972408
Car-1,2008-11-01 02:09:53,116.41842,39.972372
Car-1,2008-11-01 02:09:55,116.418421,39.972337
Car-1,2008-11-01 02:09:57,116.418426,39.972306
Car-1,2008-11-01 02:09:59,116.418418,39.972259
Car-1,2008-11-01 02:10:01,116.418424,39.972195
Car-1,2008-11-01 02:10:03,116.418417,39.972123
Car-1,2008-11-01 02:10:05,116.418412,39.972053
Car-1,2008-11-01 02:10:07,116.418411,39.971948
Car-1,2008-11-01 02:10:09,116.418406,39.971842
Car-1,2008-11-01 02:10:11,116.418397,39.971711
Car-1,2008-11-01 02:10:13,116.418407,39.971606
Car-1,2008-11-01 02:10:15,116.418418,39.97154
Car-1,2008-11-01 02:10:17,116.418429,39.971504
Car-1,2008-11-01 02:10:19,116.418427,39.971492
Car-1,2008-11-01 02:10:21,116.418422,39.971485
Car-1,2008-11-01 02:10:23,116.418419,39.971482
Car-1,2008-11-01 02:10:25,116.418416,39.971476
Car-1,2008-11-01 02:10:27,116.418411,39.97147
Car-1,2008-11-01 02:10:29,116.418407,39.971464
Car-1,2008-11-01 02:10:31,116.418404,39.971459
Car-1,2008-11-01 02:10:33,116.418403,39.971456
Car-1,2008-11-01 02:10:35,116.418404,39.971453
Car-1,2008-11-01 02:10:37,116.418405,39.97145
Car-1,2008-11-01 02:10:39,116.418408,39.971446
Car-1,2008-11-01 02:10:41,116.418409,39.971444
Car-1,2008-11-01 02:10:43,116.41841,39.971442
Car-1,2008-11-01 02:10:45,116.418411,39.97144
Car-1,2008-11-01 02:10:47,116.418414,39.971435
Car-1,2008-11-01 02:10:49,116.418418,39.971431
Car-1,2008-11-01 02:10:51,116.418423,39.971425
Car-1,2008-11-01 02:10:53,116.418426,39.971415
Car-1,2008-11-01 02:10:55,116.418429,39.971368
Car-1,2008-11-01 02:10:57,116.418433,39.971294
Car-1,2008-11-01 02:10:59,116.418414,39.971211
Car-1,2008-11-01 02:11:01,116.418392,39.971114
Car-1,2008-11-01 02:11:03,116.418376,39.971009
Car-1,2008-11-01 02:11:05,116.418355,39.970909
Car-1,2008-11-01 02:11:07,116.418341,39.970722
Car-1,2008-11-01 02:11:09,116.418336,39.970543
Car-1,2008-11-01 02:11:11,116.418336,39.970365
Car-1,2008-11-01 02:11:13,116.418341,39.970186
Car-1,2008-11-01 02:11:15,116.418342,39.970008
Car-1,2008-11-01 02:11:17,116.418358,39.969828
Car-1,2008-11-01 02:11:19,116.418404,39.969624
Car-1,2008-11-01 02:11:21,116.418416,39.969442
Car-1,2008-11-01 02:11:23,116.418403,39.96929
Car-1,2008-11-01 02:11:25,116.418403,39.969141
Car-1,2008-11-01 02:11:27,116.418409,39.969
Car-1,2008-11-01 02:11:29,116.41841,39.968856
Car-1,2008-11-01 02:11:31,116.418418,39.968692
Car-1,2008-11-01 02:11:33,116.418436,39.968505
Car-1,2008-11-01 02:11:35,116.418468,39.968311
Car-1,2008-11-01 02:11:37,116.418506,39.96813
Car-1,2008-11-01 02:11:39,116.418566,39.967951
Car-1,2008-11-01 02:11:41,116.418581,39.967818
Car-1,2008-11-01 02:11:43,116.418595,39.967703
Car-1,2008-11-01 02:11:45,116.418609,39.967604
Car-1,2008-11-01 02:11:47,116.418555,39.967512
Car-1,2008-11-01 02:11:49,116.418541,39.967446
Car-1,2008-11-01 02:11:51,116.418551,39.967368
Car-1,2008-11-01 02:11:53,116.418554,39.967276
Car-1,2008-11-01 02:11:55,116.41857,39.967168
Car-1,2008-11-01 02:11:57,116.418581,39.967098
Car-1,2008-11-01 02:11:59,116.418592,39.967054
Car-1,2008-11-01 02:12:01,116.418609,39.967015
Car-1,2008-11-01 02:12:03,116.418622,39.966987
Car-1,2008-11-01 02:12:05,116.418634,39.966943
Car-1,2008-11-01 02:12:07,116.418633,39.966932
Car-1,2008-11-01 02:12:09,116.418634,39.966923
Car-1,2008-11-01 02:12:11,116.418633,39.966917
Car-1,2008-11-01 02:12:13,116.41863,39.966917
Car-1,2008-11-01 02:12:15,116.418626,39.966919
Car-1,2008-11-01 02:12:17,116.418619,39.96691
Car-1,2008-11-01 02:12:19,116.418619,39.966878
Car-1,2008-11-01 02:12:21,116.418613,39.966832
Car-1,2008-11-01 02:12:23,116.418635,39.966791
Car-1,2008-11-01 02:12:25,116.418675,39.966748
Car-1,2008-11-01 02:12:27,116.418687,39.966736
Car-1,2008-11-01 02:12:29,116.418695,39.966731
Car-1,2008-11-01 02:12:31,116.418695,39.966732
Car-1,2008-11-01 02:12:33,116.418694,39.966733
Car-1,2008-11-01 02:12:35,116.418693,39.966733
Car-1,2008-11-01 02:12:37,116.418693,39.966732
Car-1,2008-11-01 02:12:39,116.418678,39.966668
Car-1,2008-11-01 02:12:41,116.418654,39.966602
Car-1,2008-11-01 02:12:43,116.418632,39.966502
Car-1,2008-11-01 02:12:45,116.418609,39.966365
Car-1,2008-11-01 02:12:47,116.418587,39.966196
Car-1,2008-11-01 02:12:49,116.418576,39.966032
Car-1,2008-11-01 02:12:51,116.418576,39.965842
Car-1,2008-11-01 02:12:53,116.418592,39.965664
Car-1,2008-11-01 02:12:55,116.418597,39.965491
Car-1,2008-11-01 02:12:57,116.418605,39.965292
Car-1,2008-11-01 02:12:59,116.418612,39.965091
Car-1,2008-11-01 02:13:01,116.418614,39.964874
Car-1,2008-11-01 02:13:03,116.418621,39.964663
Car-1,2008-11-01 02:13:05,116.418621,39.964449
Car-1,2008-11-01 02:13:07,116.418672,39.964195
Car-1,2008-11-01 02:13:09,116.418705,39.964007
Car-1,2008-11-01 02:13:11,116.418716,39.963858
Car-1,2008-11-01 02:13:13,116.418708,39.963709
Car-1,2008-11-01 02:13:15,116.418682,39.963576
Car-1,2008-11-01 02:13:17,116.418689,39.963461
Car-1,2008-11-01 02:13:19,116.418696,39.963373
Car-1,2008-11-01 02:13:21,116.418711,39.963316
Car-1,2008-11-01 02:13:23,116.418722,39.963259
Car-1,2008-11-01 02:13:25,116.418785,39.96318
Car-1,2008-11-01 02:13:27,116.418788,39.963177
Car-1,2008-11-01 02:13:29,116.418792,39.963174
Car-1,2008-11-01 02:13:31,116.418795,39.963171
Car-1,2008-11-01 02:13:33,116.418798,39.963168
Car-1,2008-11-01 02:13:35,116.418803,39.963162
Car-1,2008-11-01 02:13:37,116.418808,39.963155
Car-1,2008-11-01 02:13:39,116.418813,39.96315
Car-1,2008-11-01 02:13:41,116.418818,39.963146
Car-1,2008-11-01 02:13:43,116.418823,39.96314
Car-1,2008-11-01 02:13:45,116.418825,39.963133
Car-1,2008-11-01 02:13:47,116.418817,39.963118
Car-1,2008-11-01 02:13:49,116.41879,39.963068
Car-1,2008-11-01 02:13:51,116.418766,39.963007
Car-1,2008-11-01 02:13:53,116.418752,39.962938
Car-1,2008-11-01 02:13:55,116.418773,39.962879
Car-1,2008-11-01 02:13:57,116.418804,39.962842
Car-1,2008-11-01 02:13:59,116.418825,39.962822
Car-1,2008-11-01 02:14:01,116.418843,39.962817
Car-1,2008-11-01 02:14:03,116.418835,39.962799
Car-1,2008-11-01 02:14:05,116.418823,39.962763
Car-1,2008-11-01 02:14:07,116.418816,39.962717
Car-1,2008-11-01 02:14:09,116.418804,39.962649
Car-1,2008-11-01 02:14:11,116.418794,39.962558
Car-1,2008-11-01 02:14:13,116.41878,39.962436
Car-1,2008-11-01 02:14:15,116.418776,39.962292
Car-1,2008-11-01 02:14:17,116.418777,39.962133
Car-1,2008-11-01 02:14:19,116.418755,39.961946
Car-1,2008-11-01 02:14:21,116.418759,39.961746
Car-1,2008-11-01 02:14:23,116.418766,39.961559
Car-1,2008-11-01 02:14:25,116.41881,39.961414
Car-1,2008-11-01 02:14:27,116.418862,39.961293
Car-1,2008-11-01 02:14:29,116.418912,39.961173
Car-1,2008-11-01 02:14:31,116.418952,39.960851
Car-1,2008-11-01 02:14:33,116.418931,39.96062
Car-1,2008-11-01 02:14:35,116.418923,39.960449
Car-1,2008-11-01 02:14:37,116.418863,39.960272
Car-1,2008-11-01 02:14:39,116.418857,39.960108
Car-1,2008-11-01 02:14:41,116.418852,39.959945
Car-1,2008-11-01 02:14:43,116.418851,39.95977
Car-1,2008-11-01 02:14:45,116.41885,39.959597
Car-1,2008-11-01 02:14:47,116.418851,39.95943
Car-1,2008-11-01 02:14:49,116.41876,39.959266
Car-1,2008-11-01 02:14:51,116.418775,39.959103
Car-1,2008-11-01 02:14:53,116.418749,39.958934
Car-1,2008-11-01 02:14:55,116.418773,39.958794
Car-1,2008-11-01 02:14:57,116.418781,39.958671
Car-1,2008-11-01 02:14:59,116.418771,39.958562
Car-1,2008-11-01 02:15:01,116.418766,39.958446
Car-1,2008-11-01 02:15:03,116.418769,39.958303
Car-1,2008-11-01 02:15:05,116.418786,39.958148
Car-1,2008-11-01 02:15:07,116.418797,39.957978
Car-1,2008-11-01 02:15:09,116.418792,39.957808
Car-1,2008-11-01 02:15:11,116.418784,39.957642
Car-1,2008-11-01 02:15:13,116.418785,39.957481
Car-1,2008-11-01 02:15:15,116.418805,39.957367
Car-1,2008-11-01 02:15:17,116.418872,39.957227
Car-1,2008-11-01 02:15:19,116.418879,39.957106
Car-1,2008-11-01 02:15:21,116.418875,39.957007
Car-1,2008-11-01 02:15:23,116.418856,39.956926
Car-1,2008-11-01 02:15:25,116.418855,39.956795
Car-1,2008-11-01 02:15:27,116.418859,39.956593
Car-1,2008-11-01 02:15:29,116.418889,39.956374
Car-1,2008-11-01 02:15:31,116.418901,39.956161
Car-1,2008-11-01 02:15:33,116.418955,39.955901
Car-1,2008-11-01 02:15:35,116.418916,39.955775
Car-1,2008-11-01 02:15:37,116.418914,39.955707
Car-1,2008-11-01 02:15:39,116.41893,39.955663
Car-1,2008-11-01 02:15:41,116.418931,39.955644
Car-1,2008-11-01 02:15:43,116.418936,39.955634
Car-1,2008-11-01 02:15:45,116.418938,39.95563
Car-1,2008-11-01 02:15:47,116.418938,39.955629
Car-1,2008-11-01 02:15:49,116.418937,39.955633
Car-1,2008-11-01 02:15:51,116.418937,39.95564
Car-1,2008-11-01 02:15:53,116.418937,39.955644
Car-1,2008-11-01 02:15:55,116.418938,39.955648
Car-1,2008-11-01 02:15:57,116.418937,39.955648
Car-1,2008-11-01 02:15:59,116.418936,39.955644
Car-1,2008-11-01 02:16:01,116.418936,39.955638
Car-1,2008-11-01 02:16:03,116.418936,39.95563
Car-1,2008-11-01 02:16:05,116.418936,39.955625
Car-1,2008-11-01 02:16:07,116.418935,39.955623
Car-1,2008-11-01 02:16:09,116.418934,39.955623
Car-1,2008-11-01 02:16:11,116.418934,39.955622
Car-1,2008-11-01 02:16:13,116.418931,39.955614
Car-1,2008-11-01 02:16:15,116.418927,39.955602
Car-1,2008-11-01 02:16:17,116.418926,39.955591
Car-1,2008-11-01 02:16:19,116.418926,39.955583
Car-1,2008-11-01 02:16:21,116.418926,39.955578
Car-1,2008-11-01 02:16:23,116.418926,39.955575
Car-1,2008-11-01 02:16:25,116.418926,39.955574
Car-1,2008-11-01 02:16:27,116.418926,39.955572
Car-1,2008-11-01 02:16:29,116.418927,39.955569
Car-1,2008-11-01 02:16:31,116.418927,39.955566
Car-1,2008-11-01 02:16:33,116.418926,39.95556
Car-1,2008-11-01 02:16:35,116.418924,39.955522
Car-1,2008-11-01 02:16:37,116.418922,39.955448
Car-1,2008-11-01 02:16:39,116.418895,39.955429
Car-1,2008-11-01 02:16:41,116.418897,39.955366
Car-1,2008-11-01 02:16:43,116.418908,39.955255
Car-1,2008-11-01 02:16:45,116.41891,39.955165
Car-1,2008-11-01 02:16:47,116.418868,39.955075
Car-1,2008-11-01 02:16:49,116.41882,39.95495
Car-1,2008-11-01 02:16:51,116.418794,39.95478
Car-1,2008-11-01 02:16:53,116.41881,39.954616
Car-1,2008-11-01 02:16:55,116.41881,39.954461
Car-1,2008-11-01 02:16:57,116.41879,39.954312
Car-1,2008-11-01 02:16:59,116.418771,39.954157
Car-1,2008-11-01 02:17:01,116.418763,39.954012
Car-1,2008-11-01 02:17:03,116.418752,39.953892
Car-1,2008-11-01 02:17:05,116.41873,39.953784
Car-1,2008-11-01 02:17:07,116.418733,39.953678
Car-1,2008-11-01 02:17:09,116.41874,39.953585
Car-1,2008-11-01 02:17:11,116.418768,39.95352
Car-1,2008-11-01 02:17:13,116.418803,39.95348
Car-1,2008-11-01 02:17:15,116.418889,39.953376
Car-1,2008-11-01 02:17:17,116.41889,39.953366
Car-1,2008-11-01 02:17:19,116.418891,39.953359
Car-1,2008-11-01 02:17:21,116.418892,39.953352
Car-1,2008-11-01 02:17:23,116.418893,39.953345
Car-1,2008-11-01 02:17:25,116.418893,39.953339
Car-1,2008-11-01 02:17:27,116.418894,39.953333
Car-1,2008-11-01 02:17:29,116.418894,39.953327
Car-1,2008-11-01 02:17:31,116.418895,39.953323
Car-1,2008-11-01 02:17:33,116.418895,39.953317
Car-1,2008-11-01 02:17:35,116.418896,39.953306
Car-1,2008-11-01 02:17:37,116.418904,39.953269
Car-1,2008-11-01 02:17:39,116.418911,39.9532
Car-1,2008-11-01 02:17:41,116.418941,39.953075
Car-1,2008-11-01 02:17:43,116.418956,39.952942
Car-1,2008-11-01 02:17:45,116.418979,39.952791
Car-1,2008-11-01 02:17:47,116.419011,39.952635
Car-1,2008-11-01 02:17:49,116.419029,39.952492
Car-1,2008-11-01 02:17:51,116.419046,39.952351
Car-1,2008-11-01 02:17:53,116.419088,39.952224
Car-1,2008-11-01 02:17:55,116.419178,39.952137
Car-1,2008-11-01 02:17:57,116.419206,39.952077
Car-1,2008-11-01 02:17:59,116.419251,39.952047
Car-1,2008-11-01 02:18:01,116.419284,39.952026
Car-1,2008-11-01 02:18:03,116.419288,39.952014
Car-1,2008-11-01 02:18:05,116.419288,39.952014
Car-1,2008-11-01 02:18:07,116.419288,39.95201
Car-1,2008-11-01 02:18:09,116.419288,39.952001
Car-1,2008-11-01 02:18:11,116.419289,39.951995
Car-1,2008-11-01 02:18:13,116.419289,39.951993
Car-1,2008-11-01 02:18:15,116.419289,39.951986
Car-1,2008-11-01 02:18:17,116.419289,39.951981
Car-1,2008-11-01 02:18:19,116.419289,39.951976
Car-1,2008-11-01 02:18:21,116.419308,39.951885
Car-1,2008-11-01 02:18:23,116.419294,39.951853
Car-1,2008-11-01 02:18:25,116.41932,39.951814
Car-1,2008-11-01 02:18:27,116.419345,39.951814
Car-1,2008-11-01 02:18:29,116.419349,39.951832
Car-1,2008-11-01 02:18:31,116.419337,39.951849
Car-1,2008-11-01 02:18:33,116.419337,39.951846
Car-1,2008-11-01 02:18:35,116.419337,39.951847
Car-1,2008-11-01 02:18:37,116.419327,39.951838
Car-1,2008-11-01 02:18:39,116.419329,39.951808
Car-1,2008-11-01 02:18:41,116.419324,39.951793
Car-1,2008-11-01 02:18:43,116.419301,39.951789
Car-1,2008-11-01 02:18:45,116.419299,39.951763
Car-1,2008-11-01 02:18:47,116.419339,39.951646
Car-1,2008-11-01 02:18:49,116.419314,39.951601
Car-1,2008-11-01 02:18:51,116.419257,39.951601
Car-1,2008-11-01 02:18:53,116.419251,39.951583
Car-1,2008-11-01 02:18:55,116.419251,39.951579
Car-1,2008-11-01 02:18:57,116.419245,39.951567
Car-1,2008-11-01 02:18:59,116.419235,39.951567
Car-1,2008-11-01 02:19:01,116.419237,39.951572
Car-1,2008-11-01 02:19:03,116.419231,39.951579
Car-1,2008-11-01 02:19:05,116.419227,39.951589
Car-1,2008-11-01 02:19:07,116.419227,39.951588
Car-1,2008-11-01 02:19:09,116.419227,39.95159
Car-1,2008-11-01 02:19:11,116.419226,39.951594
Car-1,2008-11-01 02:19:13,116.419227,39.951593
Car-1,2008-11-01 02:19:15,116.419237,39.951572
Car-1,2008-11-01 02:19:17,116.419238,39.951543
Car-1,2008-11-01 02:19:19,116.419238,39.951543
Car-1,2008-11-01 02:19:21,116.419229,39.951548
Car-1,2008-11-01 02:19:23,116.419235,39.951536
Car-1,2008-11-01 02:19:25,116.419247,39.951524
Car-1,2008-11-01 02:19:27,116.419278,39.95148
Car-1,2008-11-01 02:19:29,116.419312,39.951414
Car-1,2008-11-01 02:19:31,116.419355,39.95131
Car-1,2008-11-01 02:19:33,116.419363,39.951208
Car-1,2008-11-01 02:19:35,116.419399,39.951121
Car-1,2008-11-01 02:19:37,116.419438,39.951014
Car-1,2008-11-01 02:19:39,116.419453,39.950887
Car-1,2008-11-01 02:19:41,116.419419,39.950708
Car-1,2008-11-01 02:19:43,116.419404,39.950525
Car-1,2008-11-01 02:19:45,116.419408,39.950349
Car-1,2008-11-01 02:19:47,116.419432,39.950175
Car-1,2008-11-01 02:19:49,116.419449,39.950042
Car-1,2008-11-01 02:19:51,116.419465,39.949958
Car-1,2008-11-01 02:19:53,116.41947,39.949924
Car-1,2008-11-01 02:19:55,116.419461,39.949894
Car-1,2008-11-01 02:19:57,116.419466,39.949853
Car-1,2008-11-01 02:19:59,116.419459,39.949805
Car-1,2008-11-01 02:20:01,116.419407,39.949743
Car-1,2008-11-01 02:20:03,116.419404,39.949674
Car-1,2008-11-01 02:20:05,116.419403,39.949611
Car-1,2008-11-01 02:20:07,116.419395,39.949534
Car-1,2008-11-01 02:20:09,116.419346,39.94946
Car-1,2008-11-01 02:20:11,116.419314,39.949387
Car-1,2008-11-01 02:20:13,116.419283,39.949302
Car-1,2008-11-01 02:20:15,116.419271,39.949217
Car-1,2008-11-01 02:20:17,116.419252,39.949148
Car-1,2008-11-01 02:20:19,116.419224,39.949028
Car-1,2008-11-01 02:20:21,116.419185,39.948914
Car-1,2008-11-01 02:20:23,116.419154,39.948815
Car-1,2008-11-01 02:22:11,116.419145,39.948624
Car-1,2008-11-01 02:22:13,116.419141,39.948526
Car-1,2008-11-01 02:22:15,116.419169,39.948413
Car-1,2008-11-01 02:22:17,116.419213,39.948324
Car-1,2008-11-01 02:22:19,116.41926,39.948223
Car-1,2008-11-01 02:22:21,116.419254,39.94811
Car-1,2008-11-01 02:22:23,116.419231,39.947985
Car-1,2008-11-01 02:22:25,116.41924,39.947858
Car-1,2008-11-01 02:22:27,116.419279,39.947661
Car-1,2008-11-01 02:22:29,116.419314,39.947473
Car-1,2008-11-01 02:22:31,116.41933,39.947242
Car-1,2008-11-01 02:22:33,116.419307,39.947094
Car-1,2008-11-01 02:22:35,116.419293,39.946946
Car-1,2008-11-01 02:22:37,116.419299,39.946819
Car-1,2008-11-01 02:22:39,116.419302,39.94676
Car-1,2008-11-01 02:22:41,116.419306,39.946698
Car-1,2008-11-01 02:22:43,116.419318,39.946626
Car-1,2008-11-01 02:22:45,116.419328,39.946535
Car-1,2008-11-01 02:22:47,116.419339,39.946435
Car-1,2008-11-01 02:22:49,116.419355,39.946352
Car-1,2008-11-01 02:22:51,116.41935,39.946296
Car-1,2008-11-01 02:22:53,116.419357,39.946267
Car-1,2008-11-01 02:22:55,116.419355,39.946247
Car-1,2008-11-01 02:22:57,116.419338,39.946221
Car-1,2008-11-01 02:22:59,116.419327,39.946214
Car-1,2008-11-01 02:23:01,116.419323,39.946253
Car-1,2008-11-01 02:23:03,116.419302,39.946217
Car-1,2008-11-01 02:23:05,116.419281,39.946214
Car-1,2008-11-01 02:23:07,116.419271,39.946205
Car-1,2008-11-01 02:23:09,116.419266,39.946189
Car-1,2008-11-01 02:23:11,116.419265,39.946177
Car-1,2008-11-01 02:23:13,116.419278,39.946153
Car-1,2008-11-01 02:23:15,116.419311,39.946127
Car-1,2008-11-01 02:23:17,116.419335,39.946089
Car-1,2008-11-01 02:23:19,116.41934,39.946047
Car-1,2008-11-01 02:23:21,116.41935,39.945994
Car-1,2008-11-01 02:23:23,116.419355,39.945918
Car-1,2008-11-01 02:23:25,116.419359,39.945836
Car-1,2008-11-01 02:23:27,116.419372,39.94574
Car-1,2008-11-01 02:23:29,116.419371,39.945622
Car-1,2008-11-01 02:23:31,116.419361,39.945493
Car-1,2008-11-01 02:23:33,116.419357,39.945357
Car-1,2008-11-01 02:23:35,116.419359,39.945229
Car-1,2008-11-01 02:23:37,116.419363,39.945092
Car-1,2008-11-01 02:23:39,116.419362,39.944968
Car-1,2008-11-01 02:23:41,116.41936,39.944818
Car-1,2008-11-01 02:23:43,116.419377,39.944655
Car-1,2008-11-01 02:23:45,116.419436,39.944428
Car-1,2008-11-01 02:23:47,116.419463,39.944238
Car-1,2008-11-01 02:23:49,116.419489,39.944045
Car-1,2008-11-01 02:23:51,116.419503,39.943897
Car-1,2008-11-01 02:23:53,116.419521,39.943788
Car-1,2008-11-01 02:23:55,116.419538,39.943704
Car-1,2008-11-01 02:23:57,116.419517,39.9436
Car-1,2008-11-01 02:23:59,116.41951,39.943502
Car-1,2008-11-01 02:24:01,116.419488,39.94337
Car-1,2008-11-01 02:24:03,116.419502,39.943216
Car-1,2008-11-01 02:24:05,116.419479,39.942995
Car-1,2008-11-01 02:24:07,116.419476,39.942764
Car-1,2008-11-01 02:24:09,116.419418,39.942427
Car-1,2008-11-01 02:24:11,116.419405,39.942207
Car-1,2008-11-01 02:24:13,116.419387,39.942033
Car-1,2008-11-01 02:24:15,116.419373,39.941879
Car-1,2008-11-01 02:24:17,116.419365,39.941787
Car-1,2008-11-01 02:24:19,116.419368,39.941732
Car-1,2008-11-01 02:24:21,116.41935,39.941691
Car-1,2008-11-01 02:24:23,116.41935,39.941695
Car-1,2008-11-01 02:24:25,116.419355,39.9417
Car-1,2008-11-01 02:24:27,116.419355,39.941722
Car-1,2008-11-01 02:24:29,116.419366,39.94174
Car-1,2008-11-01 02:24:31,116.419367,39.941741
Car-1,2008-11-01 02:24:33,116.419347,39.941702
Car-1,2008-11-01 02:24:35,116.419338,39.941671
Car-1,2008-11-01 02:24:37,116.419341,39.941611
Car-1,2008-11-01 02:24:39,116.419343,39.941545
Car-1,2008-11-01 02:24:41,116.419349,39.941483
Car-1,2008-11-01 02:24:43,116.419358,39.941394
Car-1,2008-11-01 02:24:45,116.419392,39.941275
Car-1,2008-11-01 02:24:47,116.419398,39.941181
Car-1,2008-11-01 02:24:49,116.419401,39.941074
Car-1,2008-11-01 02:24:51,116.419416,39.940947
Car-1,2008-11-01 02:24:53,116.419448,39.940815
Car-1,2008-11-01 02:24:55,116.419491,39.940654
Car-1,2008-11-01 02:24:57,116.419495,39.940544
Car-1,2008-11-01 02:24:59,116.41949,39.940382
Car-1,2008-11-01 02:25:01,116.419463,39.940171
Car-1,2008-11-01 02:25:03,116.419437,39.940043
Car-1,2008-11-01 02:25:05,116.419424,39.93998
Car-1,2008-11-01 02:25:07,116.419428,39.939917
Car-1,2008-11-01 02:25:09,116.419452,39.939888
Car-1,2008-11-01 02:25:11,116.419467,39.939877
Car-1,2008-11-01 02:25:13,116.419476,39.93987
Car-1,2008-11-01 02:25:15,116.419483,39.939861
Car-1,2008-11-01 02:25:17,116.419491,39.939849
Car-1,2008-11-01 02:25:19,116.419502,39.939841
Car-1,2008-11-01 02:25:21,116.419506,39.939836
Car-1,2008-11-01 02:25:23,116.419506,39.939834
Car-1,2008-11-01 02:25:25,116.419507,39.939824
Car-1,2008-11-01 02:25:27,116.419522,39.939782
Car-1,2008-11-01 02:25:29,116.419509,39.939732
Car-1,2008-11-01 02:25:31,116.419505,39.939663
Car-1,2008-11-01 02:25:33,116.419503,39.939569
Car-1,2008-11-01 02:25:35,116.419484,39.939398
Car-1,2008-11-01 02:25:37,116.419484,39.939248
Car-1,2008-11-01 02:25:39,116.419478,39.939108
Car-1,2008-11-01 02:25:41,116.419479,39.938963
Car-1,2008-11-01 02:25:43,116.41948,39.938815
Car-1,2008-11-01 02:25:45,116.419484,39.938673
Car-1,2008-11-01 02:25:47,116.419492,39.938532
Car-1,2008-11-01 02:25:49,116.419498,39.938395
Car-1,2008-11-01 02:25:51,116.419502,39.938268
Car-1,2008-11-01 02:25:53,116.419514,39.938148
Car-1,2008-11-01 02:25:55,116.41951,39.938026
Car-1,2008-11-01 02:25:57,116.419506,39.937891
Car-1,2008-11-01 02:25:59,116.419512,39.937739
Car-1,2008-11-01 02:26:01,116.419513,39.937562
Car-1,2008-11-01 02:26:03,116.419516,39.937368
Car-1,2008-11-01 02:26:05,116.419526,39.937203
Car-1,2008-11-01 02:26:07,116.419541,39.937037
Car-1,2008-11-01 02:26:09,116.419569,39.936873
Car-1,2008-11-01 02:26:11,116.419594,39.93671
Car-1,2008-11-01 02:26:13,116.419599,39.936565
Car-1,2008-11-01 02:26:15,116.4196,39.936423
Car-1,2008-11-01 02:26:17,116.419604,39.936301
Car-1,2008-11-01 02:26:19,116.41961,39.936198
Car-1,2008-11-01 02:26:21,116.419608,39.93613
Car-1,2008-11-01 02:26:23,116.419604,39.936074
Car-1,2008-11-01 02:26:25,116.419599,39.936017
Car-1,2008-11-01 02:26:27,116.4196,39.936015
Car-1,2008-11-01 02:26:29,116.4196,39.936012
Car-1,2008-11-01 02:26:31,116.419601,39.936009
Car-1,2008-11-01 02:26:33,116.419601,39.936005
Car-1,2008-11-01 02:26:35,116.419601,39.936002
Car-1,2008-11-01 02:26:37,116.419601,39.935998
Car-1,2008-11-01 02:26:39,116.419598,39.935988
Car-1,2008-11-01 02:26:41,116.419578,39.935933
Car-1,2008-11-01 02:26:43,116.419579,39.935839
Car-1,2008-11-01 02:26:45,116.419573,39.935727
Car-1,2008-11-01 02:26:47,116.419565,39.935603
Car-1,2008-11-01 02:26:49,116.419572,39.935475
Car-1,2008-11-01 02:26:51,116.419574,39.935374
Car-1,2008-11-01 02:26:53,116.419566,39.935281
Car-1,2008-11-01 02:26:55,116.419567,39.935213
Car-1,2008-11-01 02:26:57,116.419575,39.935165
Car-1,2008-11-01 02:26:59,116.419565,39.935122
Car-1,2008-11-01 02:27:01,116.419569,39.935058
Car-1,2008-11-01 02:27:03,116.419566,39.934978
Car-1,2008-11-01 02:27:05,116.419565,39.934893
Car-1,2008-11-01 02:27:07,116.419569,39.934819
Car-1,2008-11-01 02:27:09,116.419585,39.934711
Car-1,2008-11-01 02:27:11,116.41963,39.934565
Car-1,2008-11-01 02:27:13,116.419653,39.934418
Car-1,2008-11-01 02:27:15,116.41967,39.934303
Car-1,2008-11-01 02:27:17,116.419676,39.934186
Car-1,2008-11-01 02:27:19,116.419684,39.934064
Car-1,2008-11-01 02:27:21,116.419662,39.933944
Car-1,2008-11-01 02:27:23,116.419616,39.933858
Car-1,2008-11-01 02:27:25,116.41961,39.933797
Car-1,2008-11-01 02:27:27,116.419605,39.93371
Car-1,2008-11-01 02:27:29,116.419609,39.933585
Car-1,2008-11-01 02:27:31,116.419617,39.933516
Car-1,2008-11-01 02:27:33,116.419637,39.933446
Car-1,2008-11-01 02:27:35,116.41965,39.933394
Car-1,2008-11-01 02:27:37,116.419665,39.933345
Car-1,2008-11-01 02:27:39,116.419657,39.933264
Car-1,2008-11-01 02:27:41,116.41965,39.933167
Car-1,2008-11-01 02:27:43,116.419638,39.933075
Car-1,2008-11-01 02:27:45,116.41965,39.932946
Car-1,2008-11-01 02:27:47,116.419648,39.932832
Car-1,2008-11-01 02:27:49,116.419638,39.932722
Car-1,2008-11-01 02:27:51,116.419635,39.932601
Car-1,2008-11-01 02:27:53,116.419633,39.932479
Car-1,2008-11-01 02:27:55,116.419616,39.932344
Car-1,2008-11-01 02:27:57,116.419618,39.932205
Car-1,2008-11-01 02:27:59,116.419606,39.932057
Car-1,2008-11-01 02:28:01,116.419602,39.931924
Car-1,2008-11-01 02:28:03,116.419632,39.931828
Car-1,2008-11-01 02:28:05,116.419638,39.931755
Car-1,2008-11-01 02:28:07,116.419669,39.931709
Car-1,2008-11-01 02:28:09,116.419668,39.931665
Car-1,2008-11-01 02:28:11,116.419662,39.931625
Car-1,2008-11-01 02:28:13,116.419662,39.931568
Car-1,2008-11-01 02:28:15,116.419669,39.931489
Car-1,2008-11-01 02:28:17,116.419646,39.931481
Car-1,2008-11-01 02:28:19,116.419656,39.931455
Car-1,2008-11-01 02:28:21,116.419655,39.931447
Car-1,2008-11-01 02:28:23,116.419656,39.93144
Car-1,2008-11-01 02:28:25,116.419657,39.931435
Car-1,2008-11-01 02:28:27,116.419658,39.931429
Car-1,2008-11-01 02:28:29,116.419659,39.931422
Car-1,2008-11-01 02:28:31,116.41966,39.931413
Car-1,2008-11-01 02:28:33,116.419664,39.931399
Car-1,2008-11-01 02:28:35,116.419661,39.931386
Car-1,2008-11-01 02:28:37,116.419679,39.931365
Car-1,2008-11-01 02:28:39,116.419695,39.931327
Car-1,2008-11-01 02:28:41,116.419702,39.931305
Car-1,2008-11-01 02:28:43,116.419704,39.931263
Car-1,2008-11-01 02:28:45,116.419699,39.931206
Car-1,2008-11-01 02:28:47,116.4197,39.931133
Car-1,2008-11-01 02:28:49,116.419703,39.931036
Car-1,2008-11-01 02:28:51,116.419708,39.930922
Car-1,2008-11-01 02:28:53,116.419696,39.930822
Car-1,2008-11-01 02:28:55,116.419676,39.930716
Car-1,2008-11-01 02:28:57,116.419657,39.930554
Car-1,2008-11-01 02:28:59,116.419644,39.930454
Car-1,2008-11-01 02:29:01,116.419624,39.930407
Car-1,2008-11-01 02:29:03,116.419604,39.930376
Car-1,2008-11-01 02:29:05,116.419591,39.930349
Car-1,2008-11-01 02:29:07,116.41959,39.930349
Car-1,2008-11-01 02:29:09,116.41959,39.930347
Car-1,2008-11-01 02:29:11,116.41959,39.930345
Car-1,2008-11-01 02:29:13,116.419589,39.930343
Car-1,2008-11-01 02:29:15,116.419589,39.930341
Car-1,2008-11-01 02:29:17,116.419589,39.930339
Car-1,2008-11-01 02:29:19,116.419588,39.930337
Car-1,2008-11-01 02:29:21,116.419588,39.930335
Car-1,2008-11-01 02:29:23,116.419588,39.930335
Car-1,2008-11-01 02:29:25,116.419587,39.930334
Car-1,2008-11-01 02:29:27,116.419587,39.930335
Car-1,2008-11-01 02:29:29,116.419586,39.930336
Car-1,2008-11-01 02:29:31,116.419586,39.93033
Car-1,2008-11-01 02:29:33,116.419583,39.930271
Car-1,2008-11-01 02:29:35,116.419591,39.930185
Car-1,2008-11-01 02:29:37,116.419616,39.930088
Car-1,2008-11-01 02:29:39,116.419617,39.93002
Car-1,2008-11-01 02:29:41,116.419609,39.929944
Car-1,2008-11-01 02:29:43,116.419615,39.929848
Car-1,2008-11-01 02:29:45,116.419615,39.929716
Car-1,2008-11-01 02:29:47,116.419615,39.929541
Car-1,2008-11-01 02:29:49,116.4196,39.929362
Car-1,2008-11-01 02:29:51,116.41961,39.929194
Car-1,2008-11-01 02:29:53,116.41962,39.929046
Car-1,2008-11-01 02:29:55,116.419633,39.928937
Car-1,2008-11-01 02:29:57,116.419645,39.928855
Car-1,2008-11-01 02:29:59,116.419653,39.928779
Car-1,2008-11-01 02:30:01,116.419641,39.928683
Car-1,2008-11-01 02:30:03,116.419661,39.928546
Car-1,2008-11-01 02:30:05,116.419711,39.928384
Car-1,2008-11-01 02:30:07,116.419749,39.928251
Car-1,2008-11-01 02:30:09,116.419774,39.928133
Car-1,2008-11-01 02:30:11,116.419794,39.92804
Car-1,2008-11-01 02:30:13,116.419801,39.927942
Car-1,2008-11-01 02:30:15,116.419804,39.927913
Car-1,2008-11-01 02:30:17,116.419785,39.927901
Car-1,2008-11-01 02:30:19,116.419779,39.927902
Car-1,2008-11-01 02:30:21,116.419779,39.927904
Car-1,2008-11-01 02:30:23,116.419779,39.927903
Car-1,2008-11-01 02:30:25,116.41978,39.927902
Car-1,2008-11-01 02:30:27,116.41978,39.927899
Car-1,2008-11-01 02:30:29,116.41978,39.927896
Car-1,2008-11-01 02:30:31,116.419777,39.927888
Car-1,2008-11-01 02:30:33,116.419771,39.927848
Car-1,2008-11-01 02:30:35,116.419775,39.927771
Car-1,2008-11-01 02:30:37,116.419784,39.927656
Car-1,2008-11-01 02:30:39,116.419818,39.927496
Car-1,2008-11-01 02:30:41,116.419841,39.927344
Car-1,2008-11-01 02:30:43,116.419875,39.927197
Car-1,2008-11-01 02:30:45,116.41991,39.927049
Car-1,2008-11-01 02:30:47,116.419941,39.926894
Car-1,2008-11-01 02:30:49,116.419957,39.926727
Car-1,2008-11-01 02:30:51,116.419964,39.926577
Car-1,2008-11-01 02:30:53,116.419975,39.926443
Car-1,2008-11-01 02:30:55,116.419982,39.926306
Car-1,2008-11-01 02:30:57,116.419979,39.926171
Car-1,2008-11-01 02:30:59,116.419974,39.926011
Car-1,2008-11-01 02:31:01,116.419983,39.925832
Car-1,2008-11-01 02:31:03,116.419975,39.925671
Car-1,2008-11-01 02:31:05,116.419965,39.925512
Car-1,2008-11-01 02:31:07,116.419965,39.92536
Car-1,2008-11-01 02:31:09,116.419965,39.925223
Car-1,2008-11-01 02:31:11,116.419974,39.925107
Car-1,2008-11-01 02:31:13,116.419978,39.925033
Car-1,2008-11-01 02:31:15,116.419973,39.925
Car-1,2008-11-01 02:31:17,116.419946,39.924981
Car-1,2008-11-01 02:31:19,116.419925,39.924975
Car-1,2008-11-01 02:31:21,116.419925,39.924973
Car-1,2008-11-01 02:31:23,116.419925,39.924971
Car-1,2008-11-01 02:31:25,116.419925,39.924967
Car-1,2008-11-01 02:31:27,116.419925,39.92496
Car-1,2008-11-01 02:31:29,116.419925,39.924952
Car-1,2008-11-01 02:31:31,116.419924,39.924943
Car-1,2008-11-01 02:31:33,116.41992,39.924929
Car-1,2008-11-01 02:31:35,116.419929,39.924873
Car-1,2008-11-01 02:31:37,116.419943,39.924792
Car-1,2008-11-01 02:31:39,116.41998,39.92465
Car-1,2008-11-01 02:31:41,116.419992,39.924507
Car-1,2008-11-01 02:31:43,116.42,39.924358
Car-1,2008-11-01 02:31:45,116.420003,39.924203
Car-1,2008-11-01 02:31:47,116.419986,39.924057
Car-1,2008-11-01 02:31:49,116.419985,39.923897
Car-1,2008-11-01 02:31:51,116.419951,39.923782
Car-1,2008-11-01 02:31:53,116.419956,39.923697
Car-1,2008-11-01 02:31:55,116.419955,39.923626
Car-1,2008-11-01 02:31:57,116.419969,39.923563
Car-1,2008-11-01 02:31:59,116.419976,39.923545
Car-1,2008-11-01 02:32:01,116.419977,39.923539
Car-1,2008-11-01 02:32:03,116.419977,39.923533
Car-1,2008-11-01 02:32:05,116.419978,39.923529
Car-1,2008-11-01 02:32:07,116.419978,39.923529
Car-1,2008-11-01 02:32:09,116.419978,39.923529
Car-1,2008-11-01 02:32:11,116.419979,39.923526
Car-1,2008-11-01 02:32:13,116.419979,39.923527
Car-1,2008-11-01 02:32:15,116.419979,39.923525
Car-1,2008-11-01 02:32:17,116.419979,39.923521
Car-1,2008-11-01 02:32:19,116.41998,39.923517
Car-1,2008-11-01 02:32:21,116.41998,39.92351
Car-1,2008-11-01 02:32:23,116.419981,39.923502
Car-1,2008-11-01 02:32:25,116.419981,39.923493
Car-1,2008-11-01 02:32:27,116.419982,39.923481
Car-1,2008-11-01 02:32:29,116.419983,39.923466
Car-1,2008-11-01 02:32:31,116.419987,39.923453
Car-1,2008-11-01 02:32:33,116.419989,39.923443
Car-1,2008-11-01 02:32:35,116.419989,39.923435
Car-1,2008-11-01 02:32:37,116.419989,39.923431
Car-1,2008-11-01 02:32:39,116.41999,39.923427
Car-1,2008-11-01 02:32:41,116.41999,39.923428
Car-1,2008-11-01 02:32:43,116.41999,39.923434
Car-1,2008-11-01 02:32:45,116.41999,39.923437
Car-1,2008-11-01 02:32:47,116.41999,39.923438
Car-1,2008-11-01 02:32:49,116.41999,39.923439
Car-1,2008-11-01 02:32:51,116.419991,39.92344
Car-1,2008-11-01 02:32:53,116.419991,39.923438
Car-1,2008-11-01 02:32:55,116.419991,39.923436
Car-1,2008-11-01 02:32:57,116.419991,39.92343
Car-1,2008-11-01 02:32:59,116.419991,39.923422
Car-1,2008-11-01 02:33:01,116.419991,39.923414
Car-1,2008-11-01 02:33:03,116.419993,39.923407
Car-1,2008-11-01 02:33:05,116.419993,39.923399
Car-1,2008-11-01 02:33:07,116.419994,39.923389
Car-1,2008-11-01 02:33:09,116.41999,39.923375
Car-1,2008-11-01 02:33:11,116.419949,39.923327
Car-1,2008-11-01 02:33:13,116.419876,39.923282
Car-1,2008-11-01 02:33:15,116.419806,39.923232
Car-1,2008-11-01 02:33:17,116.419774,39.923124
Car-1,2008-11-01 02:33:19,116.419769,39.922997
Car-1,2008-11-01 02:33:21,116.419788,39.922838
Car-1,2008-11-01 02:33:23,116.419805,39.922668
Car-1,2008-11-01 02:33:25,116.419846,39.922487
Car-1,2008-11-01 02:33:27,116.419889,39.922326
Car-1,2008-11-01 02:33:29,116.419927,39.922146
Car-1,2008-11-01 02:33:31,116.419979,39.921944
Car-1,2008-11-01 02:33:33,116.419989,39.921789
Car-1,2008-11-01 02:33:35,116.420023,39.921632
Car-1,2008-11-01 02:33:37,116.420016,39.921524
Car-1,2008-11-01 02:33:39,116.420032,39.921446
Car-1,2008-11-01 02:33:41,116.420051,39.921381
Car-1,2008-11-01 02:33:43,116.420058,39.921353
Car-1,2008-11-01 02:33:45,116.420058,39.921347
Car-1,2008-11-01 02:33:47,116.420059,39.921338
Car-1,2008-11-01 02:33:49,116.42006,39.921328
Car-1,2008-11-01 02:33:51,116.420078,39.921278
Car-1,2008-11-01 02:33:53,116.420085,39.921207
Car-1,2008-11-01 02:33:55,116.420081,39.92111
Car-1,2008-11-01 02:33:57,116.420101,39.92099
Car-1,2008-11-01 02:33:59,116.420069,39.920826
Car-1,2008-11-01 02:34:01,116.420076,39.920664
Car-1,2008-11-01 02:34:03,116.420081,39.920497
Car-1,2008-11-01 02:34:05,116.42009,39.92033
Car-1,2008-11-01 02:34:07,116.420096,39.920146
Car-1,2008-11-01 02:34:09,116.420096,39.919973
Car-1,2008-11-01 02:34:11,116.420101,39.919848
Car-1,2008-11-01 02:34:13,116.420098,39.919767
Car-1,2008-11-01 02:34:15,116.420094,39.919722
Car-1,2008-11-01 02:34:17,116.420094,39.919682
Car-1,2008-11-01 02:34:19,116.420099,39.919642
Car-1,2008-11-01 02:34:21,116.420105,39.91961
Car-1,2008-11-01 02:34:23,116.420116,39.919589
Car-1,2008-11-01 02:34:25,116.420125,39.919566
Car-1,2008-11-01 02:34:27,116.420125,39.919559
Car-1,2008-11-01 02:34:29,116.420126,39.91955
Car-1,2008-11-01 02:34:31,116.420128,39.919545
Car-1,2008-11-01 02:34:33,116.42013,39.919542
Car-1,2008-11-01 02:34:35,116.420131,39.919537
Car-1,2008-11-01 02:34:37,116.420133,39.919529
Car-1,2008-11-01 02:34:39,116.420133,39.919522
Car-1,2008-11-01 02:34:41,116.420131,39.919508
Car-1,2008-11-01 02:34:43,116.420139,39.919489
Car-1,2008-11-01 02:34:45,116.420149,39.919456
Car-1,2008-11-01 02:34:47,116.420169,39.919404
Car-1,2008-11-01 02:34:49,116.420194,39.919331
Car-1,2008-11-01 02:34:51,116.420211,39.919264
Car-1,2008-11-01 02:34:53,116.420206,39.919188
Car-1,2008-11-01 02:34:55,116.420211,39.919137
Car-1,2008-11-01 02:34:57,116.420226,39.919119
Car-1,2008-11-01 02:34:59,116.42023,39.919111
Car-1,2008-11-01 02:35:01,116.420227,39.919104
Car-1,2008-11-01 02:35:03,116.420227,39.919108
Car-1,2008-11-01 02:35:05,116.420227,39.91911
Car-1,2008-11-01 02:35:07,116.420229,39.919096
Car-1,2008-11-01 02:35:09,116.420229,39.919027
Car-1,2008-11-01 02:35:11,116.420232,39.918931
Car-1,2008-11-01 02:35:13,116.420233,39.918824
Car-1,2008-11-01 02:35:15,116.420254,39.91869
Car-1,2008-11-01 02:35:17,116.42028,39.918554
Car-1,2008-11-01 02:35:19,116.420293,39.918395
Car-1,2008-11-01 02:35:21,116.420313,39.918239
Car-1,2008-11-01 02:35:23,116.420337,39.918096
Car-1,2008-11-01 02:35:25,116.420335,39.917973
Car-1,2008-11-01 02:35:27,116.420311,39.917866
Car-1,2008-11-01 02:35:29,116.420294,39.917767
Car-1,2008-11-01 02:35:31,116.420279,39.917693
Car-1,2008-11-01 02:35:33,116.420266,39.917627
Car-1,2008-11-01 02:35:35,116.420268,39.917598
Car-1,2008-11-01 02:35:37,116.420258,39.917581
Car-1,2008-11-01 02:35:39,116.420261,39.917565
Car-1,2008-11-01 02:35:41,116.420256,39.917556
Car-1,2008-11-01 02:35:43,116.420255,39.91755
Car-1,2008-11-01 02:35:45,116.420253,39.917539
Car-1,2008-11-01 02:35:47,116.420254,39.917486
Car-1,2008-11-01 02:35:49,116.420282,39.917407
Car-1,2008-11-01 02:35:51,116.420308,39.917285
Car-1,2008-11-01 02:35:53,116.420319,39.917111
Car-1,2008-11-01 02:35:55,116.420326,39.916913
Car-1,2008-11-01 02:35:57,116.420336,39.91671
Car-1,2008-11-01 02:35:59,116.420349,39.916501
Car-1,2008-11-01 02:36:01,116.420351,39.916311
Car-1,2008-11-01 02:36:03,116.42037,39.916137
Car-1,2008-11-01 02:36:05,116.42038,39.915988
Car-1,2008-11-01 02:36:07,116.420411,39.91585
Car-1,2008-11-01 02:36:09,116.420443,39.915716
Car-1,2008-11-01 02:36:11,116.420455,39.91559
Car-1,2008-11-01 02:36:13,116.42047,39.915448
Car-1,2008-11-01 02:36:15,116.420455,39.915289
Car-1,2008-11-01 02:36:17,116.420423,39.915228
Car-1,2008-11-01 02:36:19,116.420448,39.915189
Car-1,2008-11-01 02:36:21,116.420458,39.915153
Car-1,2008-11-01 02:36:23,116.42046,39.91511
Car-1,2008-11-01 02:36:25,116.420463,39.915102
Car-1,2008-11-01 02:36:27,116.420463,39.915092
Car-1,2008-11-01 02:36:29,116.420453,39.915078
Car-1,2008-11-01 02:36:31,116.420444,39.915058
Car-1,2008-11-01 02:36:33,116.420438,39.915031
Car-1,2008-11-01 02:36:35,116.420418,39.915011
Car-1,2008-11-01 02:36:37,116.42039,39.915009
Car-1,2008-11-01 02:36:39,116.42039,39.915002
Car-1,2008-11-01 02:36:41,116.420448,39.915004
Car-1,2008-11-01 02:36:43,116.420567,39.914912
Car-1,2008-11-01 02:36:45,116.420524,39.914881
Car-1,2008-11-01 02:36:47,116.420504,39.914818
Car-1,2008-11-01 02:36:49,116.420492,39.914771
Car-1,2008-11-01 02:36:51,116.420493,39.914683
Car-1,2008-11-01 02:36:53,116.42049,39.914581
Car-1,2008-11-01 02:36:55,116.420482,39.914439
Car-1,2008-11-01 02:36:57,116.420488,39.914294
Car-1,2008-11-01 02:36:59,116.420505,39.91415
Car-1,2008-11-01 02:37:01,116.420506,39.914025
Car-1,2008-11-01 02:37:03,116.420486,39.913909
Car-1,2008-11-01 02:37:05,116.420474,39.913742
Car-1,2008-11-01 02:37:07,116.420475,39.913613
Car-1,2008-11-01 02:37:09,116.420488,39.913402
Car-1,2008-11-01 02:37:11,116.420485,39.913248
Car-1,2008-11-01 02:37:13,116.420463,39.913123
Car-1,2008-11-01 02:37:15,116.420472,39.912973
Car-1,2008-11-01 02:37:17,116.420469,39.912841
Car-1,2008-11-01 02:37:19,116.420473,39.91272
Car-1,2008-11-01 02:37:21,116.42047,39.912625
Car-1,2008-11-01 02:37:23,116.420481,39.912565
Car-1,2008-11-01 02:37:25,116.420489,39.912539
Car-1,2008-11-01 02:37:27,116.420474,39.912542
Car-1,2008-11-01 02:37:29,116.42047,39.912542
Car-1,2008-11-01 02:37:31,116.420478,39.912528
Car-1,2008-11-01 02:37:33,116.420488,39.912499
Car-1,2008-11-01 02:37:35,116.420496,39.912474
Car-1,2008-11-01 02:37:37,116.420503,39.91244
Car-1,2008-11-01 02:37:39,116.420508,39.91241
Car-1,2008-11-01 02:37:41,116.420511,39.912394
Car-1,2008-11-01 02:37:43,116.420511,39.912387
Car-1,2008-11-01 02:37:45,116.420511,39.912379
Car-1,2008-11-01 02:37:47,116.420512,39.912373
Car-1,2008-11-01 02:37:49,116.420512,39.912365
Car-1,2008-11-01 02:37:51,116.420509,39.912353
Car-1,2008-11-01 02:37:53,116.420509,39.912302
Car-1,2008-11-01 02:37:55,116.420518,39.912239
Car-1,2008-11-01 02:37:57,116.420538,39.912153
Car-1,2008-11-01 02:37:59,116.420539,39.912041
Car-1,2008-11-01 02:38:01,116.420544,39.911894
Car-1,2008-11-01 02:38:03,116.420561,39.911695
Car-1,2008-11-01 02:38:05,116.420584,39.911501
Car-1,2008-11-01 02:38:07,116.420595,39.911293
Car-1,2008-11-01 02:38:09,116.420619,39.911097
Car-1,2008-11-01 02:38:11,116.420622,39.910936
Car-1,2008-11-01 02:38:13,116.420599,39.910807
Car-1,2008-11-01 02:38:15,116.420635,39.910643
Car-1,2008-11-01 02:38:17,116.42064,39.910464
Car-1,2008-11-01 02:38:19,116.420637,39.910262
Car-1,2008-11-01 02:38:21,116.420637,39.910052
Car-1,2008-11-01 02:38:23,116.420637,39.909834
Car-1,2008-11-01 02:38:25,116.420642,39.909607
Car-1,2008-11-01 02:38:27,116.420678,39.909382
Car-1,2008-11-01 02:38:29,116.420726,39.909179
Car-1,2008-11-01 02:38:31,116.420721,39.90898
Car-1,2008-11-01 02:38:33,116.420742,39.908772
Car-1,2008-11-01 02:38:35,116.420724,39.908623
Car-1,2008-11-01 02:38:37,116.420715,39.908504
Car-1,2008-11-01 02:38:39,116.420712,39.908427
Car-1,2008-11-01 02:38:41,116.420731,39.908374
Car-1,2008-11-01 02:38:43,116.420735,39.908361
Car-1,2008-11-01 02:38:45,116.420728,39.908362
Car-1,2008-11-01 02:38:47,116.420728,39.908355
Car-1,2008-11-01 02:38:49,116.420728,39.90835
Car-1,2008-11-01 02:38:51,116.420728,39.908345
Car-1,2008-11-01 02:38:53,116.420728,39.908343
Car-1,2008-11-01 02:38:55,116.420728,39.908344
Car-1,2008-11-01 02:38:57,116.420727,39.908347
Car-1,2008-11-01 02:38:59,116.420727,39.90835
Car-1,2008-11-01 02:39:01,116.420727,39.908353
Car-1,2008-11-01 02:39:03,116.420727,39.908352
Car-1,2008-11-01 02:39:05,116.420728,39.908346
Car-1,2008-11-01 02:39:07,116.420754,39.908328
Car-1,2008-11-01 02:39:09,116.420768,39.908297
Car-1,2008-11-01 02:39:11,116.420794,39.908249
Car-1,2008-11-01 02:39:13,116.420805,39.908193
Car-1,2008-11-01 02:39:15,116.420808,39.908145
Car-1,2008-11-01 02:39:17,116.420822,39.908105
Car-1,2008-11-01 02:39:19,116.42083,39.908075
Car-1,2008-11-01 02:39:21,116.420819,39.908032
Car-1,2008-11-01 02:39:23,116.42082,39.908004
Car-1,2008-11-01 02:39:25,116.420821,39.907999
Car-1,2008-11-01 02:39:27,116.420821,39.907994
Car-1,2008-11-01 02:39:29,116.420821,39.907991
Car-1,2008-11-01 02:39:31,116.420822,39.907988
Car-1,2008-11-01 02:39:33,116.420822,39.907989
Car-1,2008-11-01 02:39:35,116.420823,39.90799
Car-1,2008-11-01 02:39:37,116.420822,39.907993
Car-1,2008-11-01 02:39:39,116.420822,39.907992
Car-1,2008-11-01 02:39:41,116.420821,39.907988
Car-1,2008-11-01 02:39:43,116.420821,39.907985
Car-1,2008-11-01 02:39:45,116.42082,39.907978
Car-1,2008-11-01 02:39:47,116.420824,39.907966
Car-1,2008-11-01 02:39:49,116.420824,39.907954
Car-1,2008-11-01 02:39:51,116.420812,39.907933
Car-1,2008-11-01 02:39:53,116.42079,39.907887
Car-1,2008-11-01 02:39:55,116.420798,39.90778
Car-1,2008-11-01 02:39:57,116.420806,39.907648
Car-1,2008-11-01 02:39:59,116.420781,39.907525
Car-1,2008-11-01 02:40:01,116.420758,39.907398
Car-1,2008-11-01 02:40:03,116.420762,39.907249
Car-1,2008-11-01 02:40:05,116.420771,39.907067
Car-1,2008-11-01 02:40:07,116.420762,39.906908
Car-1,2008-11-01 02:40:09,116.420749,39.906746
Car-1,2008-11-01 02:40:11,116.420748,39.906575
Car-1,2008-11-01 02:40:13,116.42075,39.906401
Car-1,2008-11-01 02:40:15,116.420744,39.90624
Car-1,2008-11-01 02:40:17,116.420746,39.9061
Car-1,2008-11-01 02:40:19,116.420743,39.905969
Car-1,2008-11-01 02:40:21,116.420742,39.905849
Car-1,2008-11-01 02:40:23,116.420736,39.905734
Car-1,2008-11-01 02:40:25,116.420748,39.905617
Car-1,2008-11-01 02:40:27,116.420752,39.905481
Car-1,2008-11-01 02:40:29,116.420772,39.905331
Car-1,2008-11-01 02:40:31,116.420783,39.905186
Car-1,2008-11-01 02:40:33,116.420786,39.905073
Car-1,2008-11-01 02:40:35,116.420851,39.904922
Car-1,2008-11-01 02:40:37,116.420876,39.904805
Car-1,2008-11-01 02:40:39,116.420903,39.904691
Car-1,2008-11-01 02:40:41,116.420899,39.90457
Car-1,2008-11-01 02:40:43,116.420887,39.904465
Car-1,2008-11-01 02:40:45,116.42088,39.90439
Car-1,2008-11-01 02:40:47,116.420887,39.904289
Car-1,2008-11-01 02:40:49,116.420898,39.904203
Car-1,2008-11-01 02:40:51,116.420942,39.904141
Car-1,2008-11-01 02:40:53,116.421029,39.904042
Car-1,2008-11-01 02:40:55,116.421161,39.903964
Car-1,2008-11-01 02:40:57,116.421363,39.903859
Car-1,2008-11-01 02:40:59,116.421568,39.903804
Car-1,2008-11-01 02:41:01,116.421766,39.903732
Car-1,2008-11-01 02:41:03,116.422005,39.903697
Car-1,2008-11-01 02:41:05,116.42223,39.903666
Car-1,2008-11-01 02:41:07,116.422446,39.903646
Car-1,2008-11-01 02:41:09,116.422698,39.903636
Car-1,2008-11-01 02:41:11,116.422947,39.903618
Car-1,2008-11-01 02:41:13,116.423193,39.903613
Car-1,2008-11-01 02:41:15,116.423451,39.903623
Car-1,2008-11-01 02:41:17,116.423688,39.903635
Car-1,2008-11-01 02:41:19,116.423894,39.90365
Car-1,2008-11-01 02:41:21,116.424053,39.903668
Car-1,2008-11-01 02:41:23,116.424158,39.90368
Car-1,2008-11-01 02:41:25,116.424233,39.9037
Car-1,2008-11-01 02:41:27,116.424308,39.903688
Car-1,2008-11-01 02:41:29,116.42443,39.903682
Car-1,2008-11-01 02:41:31,116.424593,39.903666
Car-1,2008-11-01 02:41:33,116.424781,39.90365
Car-1,2008-11-01 02:41:35,116.42498,39.903637
Car-1,2008-11-01 02:41:37,116.425166,39.903636
Car-1,2008-11-01 02:41:39,116.42532,39.903639
Car-1,2008-11-01 02:41:41,116.425445,39.903648
Car-1,2008-11-01 02:41:43,116.42552,39.903661
Car-1,2008-11-01 02:41:45,116.425556,39.903662
Car-1,2008-11-01 02:41:47,116.425567,39.903656
Car-1,2008-11-01 02:41:49,116.425589,39.903655
Car-1,2008-11-01 02:41:51,116.425653,39.903644
Car-1,2008-11-01 02:41:53,116.425742,39.903632
Car-1,2008-11-01 02:41:55,116.425838,39.903617
Car-1,2008-11-01 02:41:57,116.425934,39.903611
Car-1,2008-11-01 02:41:59,116.426047,39.903607
Car-1,2008-11-01 02:42:01,116.426175,39.903607
Car-1,2008-11-01 02:42:03,116.426337,39.903615
Car-1,2008-11-01 02:42:05,116.426546,39.903624
Car-1,2008-11-01 02:42:07,116.42674,39.903639
Car-1,2008-11-01 02:42:09,116.426925,39.903652
Car-1,2008-11-01 02:42:11,116.427106,39.903655
Car-1,2008-11-01 02:42:13,116.427281,39.903645
Car-1,2008-11-01 02:42:15,116.427449,39.903645
Car-1,2008-11-01 02:42:17,116.427616,39.90364
Car-1,2008-11-01 02:42:19,116.427779,39.903639
Car-1,2008-11-01 02:42:21,116.427929,39.903695
Car-1,2008-11-01 02:42:23,116.428053,39.903714
Car-1,2008-11-01 02:42:25,116.428128,39.90374
Car-1,2008-11-01 02:42:27,116.428151,39.90377
Car-1,2008-11-01 02:42:29,116.428142,39.903793
Car-1,2008-11-01 02:42:31,116.428145,39.90381
Car-1,2008-11-01 02:42:33,116.428147,39.903824
Car-1,2008-11-01 02:42:35,116.42815,39.903834
Car-1,2008-11-01 02:42:37,116.428151,39.903839
Car-1,2008-11-01 02:42:39,116.42815,39.903839
Car-1,2008-11-01 02:42:41,116.428147,39.903839
Car-1,2008-11-01 02:42:43,116.428145,39.903838
Car-1,2008-11-01 02:42:45,116.428146,39.903837
Car-1,2008-11-01 02:42:47,116.428144,39.903837
Car-1,2008-11-01 02:42:49,116.428142,39.903836
Car-1,2008-11-01 02:42:51,116.428138,39.903836
Car-1,2008-11-01 02:42:53,116.42814,39.903836
Car-1,2008-11-01 02:42:55,116.428173,39.903813
Car-1,2008-11-01 02:42:57,116.428189,39.903812
Car-1,2008-11-01 02:42:59,116.428209,39.903803
Car-1,2008-11-01 02:43:01,116.42822,39.903797
Car-1,2008-11-01 02:43:03,116.428222,39.903788
Car-1,2008-11-01 02:43:05,116.428232,39.903768
Car-1,2008-11-01 02:43:07,116.428289,39.903742
Car-1,2008-11-01 02:43:09,116.428372,39.903728
Car-1,2008-11-01 02:43:11,116.428513,39.903723
Car-1,2008-11-01 02:43:13,116.428691,39.903707
Car-1,2008-11-01 02:43:15,116.428874,39.903718
Car-1,2008-11-01 02:43:17,116.429029,39.903724
Car-1,2008-11-01 02:43:19,116.429178,39.903726
Car-1,2008-11-01 02:43:21,116.429305,39.903714
Car-1,2008-11-01 02:43:23,116.429413,39.903641
Car-1,2008-11-01 02:43:25,116.429534,39.903569
Car-1,2008-11-01 02:43:27,116.429615,39.903464
Car-1,2008-11-01 02:43:29,116.429676,39.903324
Car-1,2008-11-01 02:43:31,116.429709,39.903156
Car-1,2008-11-01 02:43:33,116.429754,39.90297
Car-1,2008-11-01 02:43:35,116.429789,39.902785
Car-1,2008-11-01 02:43:37,116.429818,39.902598
Car-1,2008-11-01 02:43:39,116.429863,39.902409
Car-1,2008-11-01 02:43:41,116.429918,39.9022
Car-1,2008-11-01 02:43:43,116.42996,39.902008
Car-1,2008-11-01 02:43:45,116.429982,39.901827
Car-1,2008-11-01 02:43:47,116.430016,39.901654
Car-1,2008-11-01 02:43:49,116.430032,39.901466
Car-1,2008-11-01 02:43:51,116.430017,39.901271
Car-1,2008-11-01 02:43:53,116.429993,39.901058
Car-1,2008-11-01 02:43:55,116.429947,39.90084
Car-1,2008-11-01 02:43:57,116.429907,39.90063
Car-1,2008-11-01 02:43:59,116.429865,39.900398
Car-1,2008-11-01 02:44:01,116.429858,39.900159
Car-1,2008-11-01 02:44:03,116.429898,39.899888
Car-1,2008-11-01 02:44:05,116.429957,39.899632
Car-1,2008-11-01 02:44:07,116.430029,39.899397
Car-1,2008-11-01 02:44:09,116.43017,39.899163
Car-1,2008-11-01 02:44:11,116.430353,39.898933
Car-1,2008-11-01 02:44:13,116.430534,39.898752
Car-1,2008-11-01 02:44:15,116.430741,39.898621
Car-1,2008-11-01 02:44:17,116.431002,39.898484
Car-1,2008-11-01 02:44:19,116.431254,39.898386
Car-1,2008-11-01 02:44:21,116.43156,39.898295
Car-1,2008-11-01 02:44:23,116.431853,39.898242
Car-1,2008-11-01 02:44:25,116.43215,39.898189
Car-1,2008-11-01 02:44:27,116.432443,39.898132
Car-1,2008-11-01 02:44:29,116.432737,39.898077
Car-1,2008-11-01 02:44:31,116.433038,39.89801
Car-1,2008-11-01 02:44:33,116.433348,39.897954
Car-1,2008-11-01 02:44:35,116.433659,39.897888
Car-1,2008-11-01 02:44:37,116.433966,39.897825
Car-1,2008-11-01 02:44:39,116.434277,39.897755
Car-1,2008-11-01 02:44:41,116.434583,39.897686
Car-1,2008-11-01 02:44:43,116.434898,39.897618
Car-1,2008-11-01 02:44:45,116.435218,39.897553
Car-1,2008-11-01 02:44:47,116.435508,39.897491
Car-1,2008-11-01 02:44:49,116.435792,39.89744
Car-1,2008-11-01 02:44:51,116.436046,39.897386
Car-1,2008-11-01 02:44:53,116.436272,39.897334
Car-1,2008-11-01 02:44:55,116.436502,39.897256
Car-1,2008-11-01 02:44:57,116.436728,39.89716
Car-1,2008-11-01 02:44:59,116.436927,39.897043
Car-1,2008-11-01 02:45:01,116.437135,39.89692
Car-1,2008-11-01 02:45:03,116.4373,39.896762
Car-1,2008-11-01 02:45:05,116.437457,39.896597
Car-1,2008-11-01 02:45:07,116.437573,39.896408
Car-1,2008-11-01 02:45:09,116.437651,39.896204
Car-1,2008-11-01 02:45:11,116.43771,39.895986
Car-1,2008-11-01 02:45:13,116.437735,39.895756
Car-1,2008-11-01 02:45:15,116.437733,39.895512
Car-1,2008-11-01 02:45:17,116.437722,39.895256
Car-1,2008-11-01 02:45:19,116.437714,39.894995
Car-1,2008-11-01 02:45:21,116.437719,39.894732
Car-1,2008-11-01 02:45:23,116.437717,39.894476
Car-1,2008-11-01 02:45:25,116.437717,39.894239
Car-1,2008-11-01 02:45:27,116.437716,39.894002
Car-1,2008-11-01 02:45:29,116.437729,39.893783
Car-1,2008-11-01 02:45:31,116.437725,39.893616
Car-1,2008-11-01 02:45:33,116.437717,39.893479
Car-1,2008-11-01 02:45:35,116.437719,39.893357
Car-1,2008-11-01 02:45:37,116.437723,39.893228
Car-1,2008-11-01 02:45:39,116.437738,39.893067
Car-1,2008-11-01 02:45:41,116.437757,39.892908
Car-1,2008-11-01 02:45:43,116.437777,39.892751
Car-1,2008-11-01 02:45:45,116.43779,39.892617
Car-1,2008-11-01 02:45:47,116.437773,39.892539
Car-1,2008-11-01 02:45:49,116.437747,39.892503
Car-1,2008-11-01 02:45:51,116.437746,39.89247
Car-1,2008-11-01 02:45:53,116.437743,39.892434
Car-1,2008-11-01 02:45:55,116.437754,39.892401
Car-1,2008-11-01 02:45:57,116.437768,39.892372
Car-1,2008-11-01 02:45:59,116.437786,39.892351
Car-1,2008-11-01 02:46:01,116.437791,39.892347
Car-1,2008-11-01 02:46:03,116.437794,39.892337
Car-1,2008-11-01 02:46:05,116.437801,39.892333
Car-1,2008-11-01 02:46:07,116.437808,39.892333
Car-1,2008-11-01 02:46:09,116.437813,39.892333
Car-1,2008-11-01 02:46:11,116.43781,39.892333
Car-1,2008-11-01 02:46:13,116.437811,39.892332
Car-1,2008-11-01 02:46:15,116.437814,39.892295
Car-1,2008-11-01 02:46:17,116.437819,39.892263
Car-1,2008-11-01 02:46:19,116.437802,39.892169
Car-1,2008-11-01 02:46:21,116.43782,39.891986
Car-1,2008-11-01 02:46:23,116.437844,39.891762
Car-1,2008-11-01 02:46:25,116.437861,39.89156
Car-1,2008-11-01 02:46:27,116.437877,39.891372
Car-1,2008-11-01 02:46:29,116.437921,39.891161
Car-1,2008-11-01 02:46:31,116.43795,39.890945
Car-1,2008-11-01 02:46:33,116.437986,39.890763
Car-1,2008-11-01 02:46:35,116.438008,39.890559
Car-1,2008-11-01 02:46:37,116.438037,39.890347
Car-1,2008-11-01 02:46:39,116.438076,39.890157
Car-1,2008-11-01 02:46:41,116.438104,39.88993
Car-1,2008-11-01 02:46:43,116.438143,39.889698
Car-1,2008-11-01 02:46:45,116.438171,39.889474
Car-1,2008-11-01 02:46:47,116.438202,39.889262
Car-1,2008-11-01 02:46:49,116.438231,39.889046
Car-1,2008-11-01 02:46:51,116.438259,39.888825
Car-1,2008-11-01 02:46:53,116.438293,39.888633
Car-1,2008-11-01 02:46:55,116.438324,39.88846
Car-1,2008-11-01 02:46:57,116.438359,39.888293
Car-1,2008-11-01 02:46:59,116.438395,39.888108
Car-1,2008-11-01 02:47:01,116.438423,39.887915
Car-1,2008-11-01 02:47:03,116.438455,39.887718
Car-1,2008-11-01 02:47:05,116.438495,39.887517
Car-1,2008-11-01 02:47:07,116.438531,39.887312
Car-1,2008-11-01 02:47:09,116.438557,39.887112
Car-1,2008-11-01 02:47:11,116.438576,39.886894
Car-1,2008-11-01 02:47:13,116.438593,39.88665
Car-1,2008-11-01 02:47:15,116.438605,39.886415
Car-1,2008-11-01 02:47:17,116.438642,39.886154
Car-1,2008-11-01 02:47:19,116.43868,39.88592
Car-1,2008-11-01 02:47:21,116.438718,39.885674
Car-1,2008-11-01 02:47:23,116.438739,39.885431
Car-1,2008-11-01 02:47:25,116.438758,39.885207
Car-1,2008-11-01 02:47:27,116.438775,39.885021
Car-1,2008-11-01 02:47:29,116.43879,39.884878
Car-1,2008-11-01 02:47:31,116.438799,39.884783
Car-1,2008-11-01 02:47:33,116.438824,39.884746
Car-1,2008-11-01 02:47:35,116.438848,39.88475
Car-1,2008-11-01 02:47:37,116.438892,39.884698
Car-1,2008-11-01 02:47:39,116.438946,39.884622
Car-1,2008-11-01 02:47:41,116.438999,39.884511
Car-1,2008-11-01 02:47:43,116.439044,39.88441
Car-1,2008-11-01 02:47:45,116.439071,39.884283
Car-1,2008-11-01 02:47:47,116.439083,39.884143
Car-1,2008-11-01 02:47:49,116.439088,39.884019
Car-1,2008-11-01 02:47:51,116.439096,39.883894
Car-1,2008-11-01 02:47:53,116.439107,39.883775
Car-1,2008-11-01 02:47:55,116.439112,39.883647
Car-1,2008-11-01 02:47:57,116.439129,39.883513
Car-1,2008-11-01 02:47:59,116.439162,39.883383
Car-1,2008-11-01 02:48:01,116.439203,39.883259
Car-1,2008-11-01 02:48:03,116.439251,39.883138
Car-1,2008-11-01 02:48:05,116.439301,39.883022
Car-1,2008-11-01 02:48:23,116.438957,39.882688
Car-1,2008-11-01 02:48:25,116.43905,39.882579
Car-1,2008-11-01 02:48:27,116.439098,39.882427
Car-1,2008-11-01 02:48:29,116.439112,39.882269
Car-1,2008-11-01 02:48:31,116.43913,39.882135
Car-1,2008-11-01 02:48:33,116.439127,39.882008
Car-1,2008-11-01 02:48:35,116.439111,39.881905
Car-1,2008-11-01 02:48:37,116.439055,39.881832
Car-1,2008-11-01 02:48:39,116.438973,39.881793
Car-1,2008-11-01 02:48:41,116.438856,39.88177
Car-1,2008-11-01 02:48:43,116.438698,39.881765
Car-1,2008-11-01 02:48:45,116.438546,39.881774
Car-1,2008-11-01 02:48:47,116.438397,39.88183
Car-1,2008-11-01 02:48:49,116.438295,39.881919
Car-1,2008-11-01 02:48:51,116.438186,39.882101
Car-1,2008-11-01 02:48:53,116.438156,39.882296
Car-1,2008-11-01 02:48:55,116.438115,39.882487
Car-1,2008-11-01 02:48:57,116.438134,39.882627
Car-1,2008-11-01 02:48:59,116.438132,39.882761
Car-1,2008-11-01 02:49:01,116.438125,39.882893
Car-1,2008-11-01 02:49:03,116.438162,39.883019
Car-1,2008-11-01 02:49:05,116.438239,39.8831
Car-1,2008-11-01 02:49:07,116.438388,39.883127
Car-1,2008-11-01 02:49:09,116.438596,39.883102
Car-1,2008-11-01 02:49:11,116.438827,39.883084
Car-1,2008-11-01 02:49:13,116.43908,39.883083
Car-1,2008-11-01 02:49:15,116.43934,39.883094
Car-1,2008-11-01 02:49:17,116.439587,39.883107
Car-1,2008-11-01 02:49:19,116.439844,39.883113
Car-1,2008-11-01 02:49:21,116.440111,39.883118
Car-1,2008-11-01 02:49:23,116.440392,39.883129
Car-1,2008-11-01 02:49:25,116.440679,39.883132
Car-1,2008-11-01 02:49:27,116.440968,39.883135
Car-1,2008-11-01 02:49:29,116.441269,39.88313
Car-1,2008-11-01 02:49:31,116.441552,39.883137
Car-1,2008-11-01 02:49:33,116.44183,39.883147
Car-1,2008-11-01 02:49:35,116.442095,39.88315
Car-1,2008-11-01 02:49:37,116.44234,39.883146
Car-1,2008-11-01 02:49:39,116.442541,39.883152
Car-1,2008-11-01 02:49:41,116.442702,39.883159
Car-1,2008-11-01 02:49:43,116.442788,39.88316
Car-1,2008-11-01 02:49:45,116.442792,39.88317
Car-1,2008-11-01 02:49:47,116.442805,39.883169
Car-1,2008-11-01 02:49:49,116.442807,39.883171
Car-1,2008-11-01 02:49:51,116.442805,39.883185
Car-1,2008-11-01 02:49:53,116.442812,39.883185
Car-1,2008-11-01 02:49:55,116.442818,39.883185
Car-1,2008-11-01 02:49:57,116.442833,39.8832
Car-1,2008-11-01 02:49:59,116.442852,39.883224
Car-1,2008-11-01 02:50:01,116.442869,39.883237
Car-1,2008-11-01 02:50:03,116.442904,39.883243
Car-1,2008-11-01 02:50:05,116.44294,39.883235
Car-1,2008-11-01 02:50:07,116.443024,39.883231
Car-1,2008-11-01 02:50:09,116.443152,39.883202
Car-1,2008-11-01 02:50:11,116.443304,39.88318
Car-1,2008-11-01 02:50:13,116.443469,39.883174
Car-1,2008-11-01 02:50:15,116.443666,39.88324
Car-1,2008-11-01 02:50:17,116.44387,39.88327
Car-1,2008-11-01 02:50:19,116.44406,39.883292
Car-1,2008-11-01 02:50:21,116.444255,39.88329
Car-1,2008-11-01 02:50:23,116.444479,39.883299
Car-1,2008-11-01 02:50:25,116.444699,39.883328
Car-1,2008-11-01 02:50:27,116.444916,39.883339
Car-1,2008-11-01 02:50:29,116.44512,39.88334
Car-1,2008-11-01 02:50:31,116.445299,39.883316
Car-1,2008-11-01 02:50:33,116.445476,39.883305
Car-1,2008-11-01 02:50:35,116.445654,39.883295
Car-1,2008-11-01 02:50:37,116.44583,39.883307
Car-1,2008-11-01 02:50:39,116.446009,39.883317
Car-1,2008-11-01 02:50:41,116.446185,39.883339
Car-1,2008-11-01 02:50:43,116.446349,39.883337
Car-1,2008-11-01 02:50:45,116.446486,39.883332
Car-1,2008-11-01 02:50:47,116.44662,39.883322
Car-1,2008-11-01 02:50:49,116.446734,39.883333
Car-1,2008-11-01 02:50:51,116.446811,39.88332
Car-1,2008-11-01 02:50:53,116.446838,39.883313
Car-1,2008-11-01 02:50:55,116.446843,39.883292
Car-1,2008-11-01 02:50:57,116.446859,39.883294
Car-1,2008-11-01 02:50:59,116.446863,39.883288
Car-1,2008-11-01 02:51:01,116.446864,39.883288
Car-1,2008-11-01 02:51:03,116.446866,39.883287
Car-1,2008-11-01 02:51:05,116.446866,39.883287
Car-1,2008-11-01 02:51:07,116.446865,39.883287
Car-1,2008-11-01 02:51:09,116.446863,39.883287
Car-1,2008-11-01 02:51:11,116.446862,39.883287
Car-1,2008-11-01 02:51:13,116.446858,39.883287
Car-1,2008-11-01 02:51:15,116.446855,39.883287
Car-1,2008-11-01 02:51:17,116.44685,39.883287
Car-1,2008-11-01 02:51:19,116.44685,39.883286
Car-1,2008-11-01 02:51:21,116.446858,39.883282
Car-1,2008-11-01 02:51:23,116.446907,39.883262
Car-1,2008-11-01 02:51:25,116.446967,39.88325
Car-1,2008-11-01 02:51:27,116.447001,39.883253
Car-1,2008-11-01 02:51:29,116.447009,39.883271
Car-1,2008-11-01 02:51:31,116.447004,39.883273
Car-1,2008-11-01 02:51:33,116.446988,39.88327
Car-1,2008-11-01 02:51:35,116.446983,39.88327
Car-1,2008-11-01 02:51:37,116.447002,39.883261
Car-1,2008-11-01 02:51:39,116.447084,39.883237
Car-1,2008-11-01 02:51:41,116.447189,39.883216
Car-1,2008-11-01 02:51:43,116.447304,39.883205
Car-1,2008-11-01 02:51:45,116.447447,39.883188
Car-1,2008-11-01 02:51:47,116.447582,39.883164
Car-1,2008-11-01 02:51:49,116.447732,39.883117
Car-1,2008-11-01 02:51:51,116.447859,39.883107
Car-1,2008-11-01 02:51:53,116.447974,39.883098
Car-1,2008-11-01 02:51:55,116.448078,39.883111
Car-1,2008-11-01 02:51:57,116.448213,39.883075
Car-1,2008-11-01 02:51:59,116.448382,39.883082
Car-1,2008-11-01 02:52:01,116.448546,39.883071
Car-1,2008-11-01 02:52:03,116.4487,39.88306
Car-1,2008-11-01 02:52:05,116.448828,39.883088
Car-1,2008-11-01 02:52:07,116.448965,39.883073
Car-1,2008-11-01 02:52:09,116.449141,39.883103
Car-1,2008-11-01 02:52:11,116.449322,39.883123
Car-1,2008-11-01 02:52:13,116.449502,39.883134
Car-1,2008-11-01 02:52:15,116.449644,39.883139
Car-1,2008-11-01 02:52:17,116.449758,39.883148
Car-1,2008-11-01 02:52:19,116.449824,39.88318
Car-1,2008-11-01 02:52:21,116.449867,39.883174
Car-1,2008-11-01 02:52:23,116.449892,39.883161
Car-1,2008-11-01 02:52:25,116.449943,39.883124
Car-1,2008-11-01 02:52:27,116.449994,39.883106
Car-1,2008-11-01 02:52:29,116.450022,39.883077
Car-1,2008-11-01 02:52:31,116.450027,39.883044
Car-1,2008-11-01 02:52:33,116.450028,39.882966
Car-1,2008-11-01 02:52:35,116.450022,39.882867
Car-1,2008-11-01 02:52:37,116.450036,39.882729
Car-1,2008-11-01 02:52:39,116.450007,39.882514
Car-1,2008-11-01 02:52:41,116.449981,39.882318
Car-1,2008-11-01 02:52:43,116.449986,39.882104
Car-1,2008-11-01 02:52:45,116.449978,39.881904
Car-1,2008-11-01 02:52:47,116.449965,39.881715
Car-1,2008-11-01 02:52:49,116.449955,39.88158
Car-1,2008-11-01 02:52:51,116.449949,39.881458
Car-1,2008-11-01 02:52:53,116.449939,39.881358
Car-1,2008-11-01 02:52:55,116.449931,39.881273
Car-1,2008-11-01 02:52:57,116.449934,39.881197
Car-1,2008-11-01 02:52:59,116.449925,39.88114
Car-1,2008-11-01 02:53:01,116.44993,39.88109
Car-1,2008-11-01 02:53:03,116.449936,39.881047
Car-1,2008-11-01 02:53:05,116.449949,39.881023
Car-1,2008-11-01 02:53:07,116.44997,39.880983
Car-1,2008-11-01 02:53:09,116.449984,39.880945
Car-1,2008-11-01 02:53:11,116.450003,39.880937
Car-1,2008-11-01 02:53:13,116.450087,39.880892
Car-1,2008-11-01 02:53:15,116.450139,39.880864
Car-1,2008-11-01 02:53:17,116.450144,39.880863
Car-1,2008-11-01 02:53:19,116.450145,39.880863
Car-1,2008-11-01 02:53:21,116.450147,39.880863
Car-1,2008-11-01 02:53:23,116.45015,39.880862
Car-1,2008-11-01 02:53:25,116.45015,39.880862
Car-1,2008-11-01 02:53:27,116.450143,39.880857
Car-1,2008-11-01 02:53:29,116.450127,39.88083
Car-1,2008-11-01 02:53:31,116.450114,39.880794
Car-1,2008-11-01 02:53:33,116.450099,39.880772
Car-1,2008-11-01 02:53:35,116.450092,39.880766
Car-1,2008-11-01 02:53:37,116.450083,39.880753
Car-1,2008-11-01 02:53:39,116.450069,39.880737
Car-1,2008-11-01 02:53:41,116.450057,39.880733
Car-1,2008-11-01 02:53:43,116.450059,39.880718
Car-1,2008-11-01 02:53:45,116.450053,39.880721
Car-1,2008-11-01 02:53:47,116.450039,39.880724
Car-1,2008-11-01 02:53:49,116.450022,39.880703
Car-1,2008-11-01 02:53:51,116.450043,39.880655
Car-1,2008-11-01 02:53:53,116.450068,39.880606
Car-1,2008-11-01 02:53:55,116.45009,39.880555
Car-1,2008-11-01 02:53:57,116.450089,39.880541
Car-1,2008-11-01 02:53:59,116.450104,39.880522
Car-1,2008-11-01 02:54:01,116.450117,39.88051
Car-1,2008-11-01 02:54:03,116.450117,39.88051
Car-1,2008-11-01 02:54:05,116.450117,39.880511
Car-1,2008-11-01 02:54:07,116.450119,39.880511
Car-1,2008-11-01 02:54:09,116.450118,39.88051
Car-1,2008-11-01 02:54:11,116.450114,39.88051
Car-1,2008-11-01 02:54:13,116.450108,39.880509
Car-1,2008-11-01 02:54:15,116.450098,39.880486
Car-1,2008-11-01 02:54:17,116.450094,39.880458
Car-1,2008-11-01 02:54:19,116.450089,39.880429
Car-1,2008-11-01 02:54:21,116.450076,39.880393
Car-1,2008-11-01 02:54:23,116.450067,39.880352
Car-1,2008-11-01 02:54:25,116.450055,39.880313
Car-1,2008-11-01 02:54:27,116.45005,39.880268
Car-1,2008-11-01 02:54:29,116.45004,39.88022
Car-1,2008-11-01 02:54:31,116.450028,39.880178
Car-1,2008-11-01 02:54:33,116.450045,39.880113
Car-1,2008-11-01 02:54:35,116.450043,39.880068
Car-1,2008-11-01 02:54:37,116.450031,39.88002
Car-1,2008-11-01 02:54:39,116.450066,39.879924
Car-1,2008-11-01 02:55:21,116.4499,39.878788
Car-1,2008-11-01 02:56:03,116.449889,39.876454
Car-1,2008-11-01 02:56:45,116.449933,39.875758
Car-1,2008-11-01 02:56:47,116.449938,39.875739
Car-1,2008-11-01 02:56:49,116.449942,39.875724
Car-1,2008-11-01 02:56:51,116.449946,39.875719
Car-1,2008-11-01 02:56:53,116.449946,39.875719
Car-1,2008-11-01 02:56:55,116.449945,39.875718
Car-1,2008-11-01 02:56:57,116.449952,39.875712
Car-1,2008-11-01 02:56:59,116.449954,39.875707
Car-1,2008-11-01 02:57:01,116.449959,39.875706
Car-1,2008-11-01 02:57:03,116.449958,39.875706
Car-1,2008-11-01 02:57:05,116.449959,39.875706
Car-1,2008-11-01 02:57:07,116.44996,39.875705
Car-1,2008-11-01 02:57:09,116.449958,39.875706
Car-1,2008-11-01 02:57:11,116.449958,39.875706
Car-1,2008-11-01 02:57:13,116.449957,39.875707
Car-1,2008-11-01 02:57:15,116.449956,39.875708
Car-1,2008-11-01 02:57:17,116.449957,39.875707
Car-1,2008-11-01 02:57:19,116.449952,39.875706
Car-1,2008-11-01 02:57:21,116.449949,39.875705
Car-1,2008-11-01 02:57:23,116.449948,39.875705
Car-1,2008-11-01 02:57:25,116.449949,39.875704
Car-1,2008-11-01 02:57:27,116.449949,39.875703
Car-1,2008-11-01 02:57:29,116.449948,39.875702
Car-1,2008-11-01 02:57:31,116.449946,39.875702
Car-1,2008-11-01 02:57:33,116.44994,39.8757
Car-1,2008-11-01 02:57:35,116.449932,39.875697
Car-1,2008-11-01 02:57:37,116.449922,39.875696
Car-1,2008-11-01 02:57:39,116.449912,39.875696
Car-1,2008-11-01 02:57:41,116.449905,39.875695
Car-1,2008-11-01 02:57:43,116.4499,39.875694
Car-1,2008-11-01 02:57:45,116.449893,39.87569
Car-1,2008-11-01 02:57:47,116.449885,39.875678
Car-1,2008-11-01 02:57:49,116.449878,39.875651
Car-1,2008-11-01 02:57:51,116.449878,39.875615
Car-1,2008-11-01 02:57:53,116.449885,39.875585
Car-1,2008-11-01 02:57:55,116.449887,39.875548
Car-1,2008-11-01 02:57:57,116.449896,39.875514
Car-1,2008-11-01 02:57:59,116.449904,39.875457
Car-1,2008-11-01 02:58:01,116.449913,39.875398
Car-1,2008-11-01 02:58:03,116.449921,39.875319
Car-1,2008-11-01 02:58:05,116.449904,39.875248
Car-1,2008-11-01 02:58:07,116.449914,39.875226
Car-1,2008-11-01 02:58:09,116.449916,39.875187
Car-1,2008-11-01 02:58:11,116.44991,39.875149
Car-1,2008-11-01 02:58:13,116.449907,39.875131
Car-1,2008-11-01 02:58:15,116.449903,39.875122
Car-1,2008-11-01 02:59:39,116.450104,39.874917
Car-1,2008-11-01 02:59:41,116.45019,39.874905
Car-1,2008-11-01 02:59:43,116.450285,39.874889
Car-1,2008-11-01 02:59:45,116.450375,39.874886
Car-1,2008-11-01 02:59:47,116.450461,39.874885
Car-1,2008-11-01 02:59:49,116.450511,39.87489
Car-1,2008-11-01 02:59:51,116.450545,39.874896
Car-1,2008-11-01 02:59:53,116.450577,39.874896
Car-1,2008-11-01 02:59:55,116.450599,39.874897
Car-1,2008-11-01 02:59:57,116.450627,39.874895
Car-1,2008-11-01 02:59:59,116.450653,39.874892
Car-1,2008-11-01 03:00:01,116.450672,39.874899
Car-1,2008-11-01 03:00:03,116.450702,39.874907
Car-1,2008-11-01 03:00:05,116.450746,39.874913
Car-1,2008-11-01 03:00:07,116.450788,39.874921
Car-1,2008-11-01 03:00:09,116.450834,39.874934
Car-1,2008-11-01 03:00:11,116.450846,39.874943
Car-1,2008-11-01 03:00:13,116.450864,39.874947
Car-1,2008-11-01 03:00:15,116.450887,39.874944
Car-1,2008-11-01 03:00:17,116.450918,39.874947
Car-1,2008-11-01 03:00:19,116.450956,39.874938
Car-1,2008-11-01 03:00:21,116.45098,39.874939
Car-1,2008-11-01 03:00:23,116.451009,39.874939
Car-1,2008-11-01 03:00:25,116.451026,39.874944
Car-1,2008-11-01 03:00:27,116.451053,39.874955
Car-1,2008-11-01 03:00:29,116.451075,39.874962
Car-1,2008-11-01 03:00:31,116.451106,39.874964
Car-1,2008-11-01 03:00:33,116.451125,39.874975
Car-1,2008-11-01 03:00:35,116.451142,39.874993
Car-1,2008-11-01 03:00:37,116.451175,39.874984
Car-1,2008-11-01 03:00:39,116.451207,39.874977
Car-1,2008-11-01 03:00:41,116.451256,39.874968
Car-1,2008-11-01 03:00:43,116.451315,39.87497
Car-1,2008-11-01 03:00:45,116.451361,39.874987
Car-1,2008-11-01 03:00:47,116.451401,39.87498
Car-1,2008-11-01 03:00:49,116.451446,39.874966
Car-1,2008-11-01 03:00:51,116.451515,39.874958
Car-1,2008-11-01 03:00:53,116.451551,39.874959
Car-1,2008-11-01 03:00:55,116.451564,39.87496
Car-1,2008-11-01 03:00:57,116.451583,39.874957
Car-1,2008-11-01 03:00:59,116.45159,39.874957
Car-1,2008-11-01 03:01:01,116.451605,39.874964
Car-1,2008-11-01 03:01:03,116.451605,39.874964
Car-1,2008-11-01 03:01:05,116.451604,39.874964
Car-1,2008-11-01 03:01:07,116.451603,39.874964
Car-1,2008-11-01 03:01:09,116.451605,39.874964
Car-1,2008-11-01 03:01:11,116.45162,39.874964
Car-1,2008-11-01 03:01:13,116.451651,39.874958
Car-1,2008-11-01 03:01:15,116.451673,39.874958
Car-1,2008-11-01 03:01:17,116.45169,39.874957
Car-1,2008-11-01 03:01:19,116.451693,39.874951
Car-1,2008-11-01 03:01:21,116.451721,39.87493
Car-1,2008-11-01 03:01:23,116.451729,39.874939
Car-1,2008-11-01 03:01:25,116.451748,39.87494
Car-1,2008-11-01 03:01:27,116.451754,39.874941
Car-1,2008-11-01 03:01:29,116.451777,39.87494
Car-1,2008-11-01 03:01:31,116.451805,39.874951
Car-1,2008-11-01 03:01:33,116.451825,39.874942
Car-1,2008-11-01 03:01:35,116.451825,39.874944
Car-1,2008-11-01 03:01:37,116.451826,39.874943
Car-1,2008-11-01 03:01:39,116.45183,39.874939
Car-1,2008-11-01 03:01:41,116.451832,39.874939
Car-1,2008-11-01 03:01:43,116.451832,39.87494
Car-1,2008-11-01 03:01:45,116.451831,39.87494
Car-1,2008-11-01 03:01:47,116.451833,39.874941
Car-1,2008-11-01 03:01:49,116.451839,39.874941
Car-1,2008-11-01 03:01:51,116.451862,39.874945
Car-1,2008-11-01 03:01:53,116.451869,39.874958
Car-1,2008-11-01 03:01:55,116.451891,39.874966
Car-1,2008-11-01 03:01:57,116.451931,39.87497
Car-1,2008-11-01 03:01:59,116.451986,39.874973
Car-1,2008-11-01 03:02:01,116.452054,39.874959
Car-1,2008-11-01 03:02:03,116.452132,39.874941
Car-1,2008-11-01 03:02:05,116.452269,39.874915
Car-1,2008-11-01 03:02:07,116.452392,39.874902
Car-1,2008-11-01 03:02:09,116.452479,39.874885
Car-1,2008-11-01 03:02:11,116.452499,39.87492
Car-1,2008-11-01 03:02:13,116.452501,39.874946
Car-1,2008-11-01 03:02:15,116.452504,39.874946
Car-1,2008-11-01 03:02:17,116.452506,39.874947
Car-1,2008-11-01 03:02:19,116.45251,39.874947
Car-1,2008-11-01 03:02:21,116.452512,39.874947
Car-1,2008-11-01 03:02:23,116.452515,39.874948
Car-1,2008-11-01 03:02:25,116.452515,39.874948
Car-1,2008-11-01 03:02:27,116.452516,39.874948
Car-1,2008-11-01 03:02:29,116.452515,39.874949
Car-1,2008-11-01 03:02:31,116.452515,39.874949
Car-1,2008-11-01 03:02:33,116.452518,39.874949
Car-1,2008-11-01 03:02:35,116.452564,39.874937
Car-1,2008-11-01 03:02:37,116.452623,39.874928
Car-1,2008-11-01 03:02:39,116.452719,39.874911
Car-1,2008-11-01 03:02:41,116.452855,39.874892
Car-1,2008-11-01 03:02:43,116.45306,39.874865
Car-1,2008-11-01 03:02:45,116.453297,39.874827
Car-1,2008-11-01 03:02:47,116.453553,39.874792
Car-1,2008-11-01 03:02:49,116.453799,39.874764
Car-1,2008-11-01 03:02:51,116.454049,39.874739
Car-1,2008-11-01 03:02:53,116.454305,39.874729
Car-1,2008-11-01 03:02:55,116.454582,39.874729
Car-1,2008-11-01 03:02:57,116.454881,39.874738
Car-1,2008-11-01 03:02:59,116.455206,39.874748
Car-1,2008-11-01 03:03:01,116.45552,39.874745
Car-1,2008-11-01 03:03:03,116.455837,39.874751
Car-1,2008-11-01 03:03:05,116.456121,39.874759
Car-1,2008-11-01 03:03:07,116.45636,39.874779
Car-1,2008-11-01 03:03:09,116.45661,39.874807
Car-1,2008-11-01 03:03:11,116.456849,39.874831
Car-1,2008-11-01 03:03:13,116.457099,39.874828
Car-1,2008-11-01 03:03:15,116.457336,39.874835
Car-1,2008-11-01 03:03:17,116.457588,39.874836
Car-1,2008-11-01 03:03:19,116.457859,39.87483
Car-1,2008-11-01 03:03:21,116.458129,39.874827
Car-1,2008-11-01 03:03:23,116.458395,39.874833
Car-1,2008-11-01 03:03:25,116.458625,39.87484
Car-1,2008-11-01 03:03:27,116.45878,39.874849
Car-1,2008-11-01 03:03:29,116.458864,39.87487
Car-1,2008-11-01 03:03:31,116.45891,39.874882
Car-1,2008-11-01 03:03:33,116.458919,39.874893
Car-1,2008-11-01 03:03:35,116.458902,39.874908
Car-1,2008-11-01 03:03:37,116.458894,39.874909
Car-1,2008-11-01 03:03:39,116.458889,39.874909
Car-1,2008-11-01 03:03:41,116.458885,39.874909
Car-1,2008-11-01 03:03:43,116.458888,39.874908
Car-1,2008-11-01 03:03:45,116.458903,39.874907
Car-1,2008-11-01 03:03:47,116.458937,39.874928
Car-1,2008-11-01 03:03:49,116.458987,39.874934
Car-1,2008-11-01 03:03:51,116.459035,39.874933
Car-1,2008-11-01 03:03:53,116.459101,39.874939
Car-1,2008-11-01 03:03:55,116.459217,39.874938
Car-1,2008-11-01 03:03:57,116.459376,39.874921
Car-1,2008-11-01 03:03:59,116.459539,39.874934
Car-1,2008-11-01 03:04:01,116.459745,39.874957
Car-1,2008-11-01 03:04:03,116.460007,39.874936
Car-1,2008-11-01 03:04:05,116.460308,39.874896
Car-1,2008-11-01 03:04:07,116.460601,39.874872
Car-1,2008-11-01 03:04:09,116.460841,39.87486
Car-1,2008-11-01 03:04:11,116.46101,39.874861
Car-1,2008-11-01 03:04:13,116.461126,39.874845
Car-1,2008-11-01 03:04:15,116.461185,39.87484
Car-1,2008-11-01 03:04:17,116.461215,39.874832
Car-1,2008-11-01 03:04:19,116.461277,39.874839
Car-1,2008-11-01 03:04:21,116.46131,39.874843
Car-1,2008-11-01 03:04:23,116.461331,39.87486
Car-1,2008-11-01 03:04:25,116.461372,39.874886
Car-1,2008-11-01 03:04:27,116.461438,39.874905
Car-1,2008-11-01 03:04:29,116.461482,39.874902
Car-1,2008-11-01 03:04:31,116.461536,39.87489
Car-1,2008-11-01 03:04:33,116.461584,39.874875
Car-1,2008-11-01 03:04:35,116.461589,39.874828
Car-1,2008-11-01 03:04:37,116.461575,39.874747
Car-1,2008-11-01 03:04:39,116.461556,39.874671
Car-1,2008-11-01 03:04:41,116.461522,39.874563
Car-1,2008-11-01 03:04:43,116.461508,39.87447
Car-1,2008-11-01 03:04:45,116.461467,39.874335
Car-1,2008-11-01 03:04:47,116.461442,39.874207
Car-1,2008-11-01 03:04:49,116.461454,39.874124
Car-1,2008-11-01 03:04:51,116.461467,39.874066
Car-1,2008-11-01 03:04:53,116.461494,39.874022
Car-1,2008-11-01 03:04:55,116.46149,39.874011
Car-1,2008-11-01 03:04:57,116.461487,39.874
Car-1,2008-11-01 03:04:59,116.461485,39.873995
Car-1,2008-11-01 03:05:01,116.461482,39.873995
Car-1,2008-11-01 03:05:03,116.461481,39.873995
Car-1,2008-11-01 03:05:05,116.461475,39.873995
Car-1,2008-11-01 03:05:07,116.461462,39.873964
Car-1,2008-11-01 03:05:09,116.461422,39.873913
Car-1,2008-11-01 03:05:11,116.461383,39.87381
Car-1,2008-11-01 03:05:13,116.461358,39.873673
Car-1,2008-11-01 03:05:15,116.461318,39.873554
Car-1,2008-11-01 03:05:17,116.461306,39.873425
Car-1,2008-11-01 03:05:19,116.461329,39.873254
Car-1,2008-11-01 03:05:21,116.46131,39.873073
Car-1,2008-11-01 03:05:23,116.461299,39.872901
Car-1,2008-11-01 03:05:25,116.461329,39.872727
Car-1,2008-11-01 03:05:27,116.461365,39.872558
Car-1,2008-11-01 03:05:29,116.461369,39.872384
Car-1,2008-11-01 03:05:31,116.461358,39.872181
Car-1,2008-11-01 03:05:33,116.46135,39.872027
Car-1,2008-11-01 03:05:35,116.46136,39.871872
Car-1,2008-11-01 03:05:37,116.461378,39.871668
Car-1,2008-11-01 03:05:39,116.461387,39.871461
Car-1,2008-11-01 03:05:41,116.461403,39.871317
Car-1,2008-11-01 03:05:43,116.461415,39.871213
Car-1,2008-11-01 03:05:45,116.46143,39.871159
Car-1,2008-11-01 03:05:47,116.461444,39.871129
Car-1,2008-11-01 03:05:49,116.461453,39.871089
Car-1,2008-11-01 03:05:51,116.461457,39.871088
Car-1,2008-11-01 03:05:53,116.461461,39.871086
Car-1,2008-11-01 03:05:55,116.461467,39.871083
Car-1,2008-11-01 03:05:57,116.461473,39.871081
Car-1,2008-11-01 03:05:59,116.461479,39.87108
Car-1,2008-11-01 03:06:01,116.461484,39.871078
Car-1,2008-11-01 03:06:03,116.461485,39.871074
Car-1,2008-11-01 03:06:05,116.461486,39.871068
Car-1,2008-11-01 03:06:07,116.461486,39.871065
Car-1,2008-11-01 03:06:09,116.461488,39.871063
Car-1,2008-11-01 03:06:11,116.461489,39.871061
Car-1,2008-11-01 03:06:13,116.461493,39.871059
Car-1,2008-11-01 03:06:15,116.461499,39.871057
Car-1,2008-11-01 03:06:17,116.461505,39.871055
Car-1,2008-11-01 03:06:19,116.46151,39.871054
Car-1,2008-11-01 03:06:21,116.461513,39.871052
Car-1,2008-11-01 03:06:23,116.461514,39.871052
Car-1,2008-11-01 03:06:25,116.461513,39.871051
Car-1,2008-11-01 03:06:27,116.46151,39.87105
Car-1,2008-11-01 03:06:29,116.461508,39.871049
Car-1,2008-11-01 03:06:31,116.461508,39.871048
Car-1,2008-11-01 03:06:33,116.461509,39.871048
Car-1,2008-11-01 03:06:35,116.461508,39.871047
Car-1,2008-11-01 03:06:37,116.461497,39.871001
Car-1,2008-11-01 03:06:39,116.461485,39.870894
Car-1,2008-11-01 03:06:41,116.461483,39.870732
Car-1,2008-11-01 03:06:43,116.461498,39.870628
Car-1,2008-11-01 03:06:45,116.461536,39.870544
Car-1,2008-11-01 03:06:47,116.461638,39.870425
Car-1,2008-11-01 03:06:49,116.461751,39.870322
Car-1,2008-11-01 03:06:51,116.461851,39.870243
Car-1,2008-11-01 03:06:53,116.461993,39.870184
Car-1,2008-11-01 03:06:55,116.462158,39.870122
Car-1,2008-11-01 03:06:57,116.462241,39.870103
Car-1,2008-11-01 03:06:59,116.462264,39.870091
Car-1,2008-11-01 03:07:01,116.462246,39.870095
Car-1,2008-11-01 03:07:03,116.462228,39.870106
Car-1,2008-11-01 03:07:05,116.462227,39.870106
Car-1,2008-11-01 03:07:07,116.462229,39.870107
Car-1,2008-11-01 03:07:09,116.46224,39.870106
Car-1,2008-11-01 03:07:11,116.462249,39.870107
Car-1,2008-11-01 03:07:13,116.462258,39.870107
Car-1,2008-11-01 03:07:15,116.462325,39.870125
Car-1,2008-11-01 03:07:17,116.462449,39.870145
Car-1,2008-11-01 03:07:19,116.462626,39.870138
Car-1,2008-11-01 03:07:21,116.462822,39.870126
Car-1,2008-11-01 03:07:23,116.463051,39.870111
Car-1,2008-11-01 03:07:25,116.463298,39.870103
Car-1,2008-11-01 03:07:27,116.463579,39.870099
Car-1,2008-11-01 03:07:29,116.463872,39.870099
Car-1,2008-11-01 03:07:31,116.46416,39.870113
Car-1,2008-11-01 03:07:33,116.464433,39.870093
Car-1,2008-11-01 03:07:35,116.464673,39.870096
Car-1,2008-11-01 03:07:37,116.464891,39.870094
Car-1,2008-11-01 03:07:39,116.465074,39.870089
Car-1,2008-11-01 03:07:41,116.465189,39.870082
Car-1,2008-11-01 03:07:43,116.46524,39.870082
Car-1,2008-11-01 03:07:45,116.465248,39.870081
Car-1,2008-11-01 03:07:47,116.465246,39.870083
Car-1,2008-11-01 03:07:49,116.465248,39.870082
Car-1,2008-11-01 03:07:51,116.465257,39.870083
Car-1,2008-11-01 03:07:53,116.465286,39.870083
Car-1,2008-11-01 03:07:55,116.465317,39.870097
Car-1,2008-11-01 03:07:57,116.465391,39.870093
Car-1,2008-11-01 03:07:59,116.465512,39.870095
Car-1,2008-11-01 03:08:01,116.465659,39.870084
Car-1,2008-11-01 03:08:03,116.465838,39.870072
Car-1,2008-11-01 03:08:05,116.466027,39.870059
Car-1,2008-11-01 03:08:07,116.466212,39.870053
Car-1,2008-11-01 03:08:09,116.466369,39.87006
Car-1,2008-11-01 03:08:11,116.466497,39.870064
Car-1,2008-11-01 03:08:13,116.466576,39.870068
Car-1,2008-11-01 03:08:15,116.466602,39.870068
Car-1,2008-11-01 03:08:17,116.466606,39.870076
Car-1,2008-11-01 03:08:19,116.466606,39.870078
Car-1,2008-11-01 03:08:21,116.466607,39.870078
Car-1,2008-11-01 03:08:23,116.466607,39.870078
Car-1,2008-11-01 03:08:25,116.466607,39.870079
Car-1,2008-11-01 03:08:27,116.466605,39.870079
Car-1,2008-11-01 03:08:29,116.466602,39.870079
Car-1,2008-11-01 03:08:31,116.46661,39.870078
Car-1,2008-11-01 03:08:33,116.466672,39.870089
Car-1,2008-11-01 03:08:35,116.466766,39.870097
Car-1,2008-11-01 03:08:37,116.466858,39.870104
Car-1,2008-11-01 03:08:39,116.466967,39.870093
Car-1,2008-11-01 03:08:41,116.467135,39.870084
Car-1,2008-11-01 03:08:43,116.467348,39.870067
Car-1,2008-11-01 03:08:45,116.467581,39.870057
Car-1,2008-11-01 03:08:47,116.467819,39.870039
Car-1,2008-11-01 03:08:49,116.468083,39.870024
Car-1,2008-11-01 03:08:51,116.468361,39.87001
Car-1,2008-11-01 03:08:53,116.468636,39.870001
Car-1,2008-11-01 03:08:55,116.468924,39.87
Car-1,2008-11-01 03:08:57,116.469198,39.87
Car-1,2008-11-01 03:08:59,116.469437,39.869993
Car-1,2008-11-01 03:09:01,116.469665,39.869971
Car-1,2008-11-01 03:09:03,116.469839,39.869965
Car-1,2008-11-01 03:09:05,116.469935,39.869983
Car-1,2008-11-01 03:09:07,116.469978,39.870013
Car-1,2008-11-01 03:09:09,116.46997,39.870051
Car-1,2008-11-01 03:09:11,116.469963,39.870062
Car-1,2008-11-01 03:09:13,116.469963,39.870062
Car-1,2008-11-01 03:09:15,116.469964,39.870062
Car-1,2008-11-01 03:09:17,116.469964,39.870062
Car-1,2008-11-01 03:09:19,116.469963,39.870063
Car-1,2008-11-01 03:09:21,116.469969,39.870063
Car-1,2008-11-01 03:09:23,116.469982,39.870063
Car-1,2008-11-01 03:09:25,116.469992,39.870068
Car-1,2008-11-01 03:09:27,116.47001,39.870077
Car-1,2008-11-01 03:09:29,116.470028,39.870088
Car-1,2008-11-01 03:09:31,116.470063,39.870097
Car-1,2008-11-01 03:09:33,116.470093,39.870102
Car-1,2008-11-01 03:09:35,116.470127,39.870108
Car-1,2008-11-01 03:09:37,116.470148,39.870115
Car-1,2008-11-01 03:09:39,116.470211,39.87012
Car-1,2008-11-01 03:09:41,116.47028,39.87012
Car-1,2008-11-01 03:09:43,116.470343,39.870121
Car-1,2008-11-01 03:09:45,116.470374,39.870122
Car-1,2008-11-01 03:09:47,116.470377,39.87013
Car-1,2008-11-01 03:09:49,116.470377,39.870143
Car-1,2008-11-01 03:09:51,116.470379,39.870143
Car-1,2008-11-01 03:09:53,116.470379,39.870143
Car-1,2008-11-01 03:09:55,116.470378,39.870143
Car-1,2008-11-01 03:09:57,116.470377,39.870143
Car-1,2008-11-01 03:09:59,116.470376,39.870143
Car-1,2008-11-01 03:10:01,116.470377,39.870143
Car-1,2008-11-01 03:10:03,116.470381,39.870144
Car-1,2008-11-01 03:10:05,116.470386,39.870144
Car-1,2008-11-01 03:10:07,116.470392,39.870144
Car-1,2008-11-01 03:10:09,116.470395,39.870144
Car-1,2008-11-01 03:10:11,116.470399,39.870144
Car-1,2008-11-01 03:10:13,116.470403,39.870145
Car-1,2008-11-01 03:10:15,116.470404,39.870145
Car-1,2008-11-01 03:10:17,116.470409,39.870145
Car-1,2008-11-01 03:10:19,116.470415,39.870145
Car-1,2008-11-01 03:10:21,116.470419,39.870145
Car-1,2008-11-01 03:10:23,116.470423,39.870145
Car-1,2008-11-01 03:10:25,116.470426,39.870145
Car-1,2008-11-01 03:10:27,116.470428,39.870144
Car-1,2008-11-01 03:10:29,116.470428,39.870145
Car-1,2008-11-01 03:10:31,116.470427,39.870144
Car-1,2008-11-01 03:10:33,116.470428,39.870144
Car-1,2008-11-01 03:10:35,116.470426,39.870144
Car-1,2008-11-01 03:10:37,116.470426,39.870144
Car-1,2008-11-01 03:10:39,116.470426,39.870144
Car-1,2008-11-01 03:10:41,116.470424,39.870144
Car-1,2008-11-01 03:10:43,116.470449,39.870146
Car-1,2008-11-01 03:10:45,116.470513,39.870152
Car-1,2008-11-01 03:10:47,116.470617,39.870154
Car-1,2008-11-01 03:10:49,116.470738,39.870156
Car-1,2008-11-01 03:10:51,116.470835,39.870164
Car-1,2008-11-01 03:10:53,116.470963,39.870143
Car-1,2008-11-01 03:10:55,116.471143,39.870118
Car-1,2008-11-01 03:10:57,116.471315,39.870083
Car-1,2008-11-01 03:10:59,116.471501,39.87005
Car-1,2008-11-01 03:11:01,116.471706,39.87002
Car-1,2008-11-01 03:11:03,116.471908,39.869998
Car-1,2008-11-01 03:11:05,116.472096,39.869972
Car-1,2008-11-01 03:11:07,116.47223,39.869997
Car-1,2008-11-01 03:11:09,116.472344,39.869994
Car-1,2008-11-01 03:11:11,116.472449,39.869977
Car-1,2008-11-01 03:11:13,116.472568,39.869954
Car-1,2008-11-01 03:11:15,116.472676,39.869935
Car-1,2008-11-01 03:11:17,116.472768,39.869919
Car-1,2008-11-01 03:11:19,116.472823,39.869906
Car-1,2008-11-01 03:11:21,116.472858,39.869888
Car-1,2008-11-01 03:11:23,116.472876,39.869881
Car-1,2008-11-01 03:11:25,116.472882,39.869881
Car-1,2008-11-01 03:11:27,116.472885,39.869881
Car-1,2008-11-01 03:11:29,116.472886,39.869882
Car-1,2008-11-01 03:11:31,116.472887,39.869883
Car-1,2008-11-01 03:11:33,116.472885,39.869883
Car-1,2008-11-01 03:11:35,116.472884,39.869884
Car-1,2008-11-01 03:11:37,116.472884,39.869885
Car-1,2008-11-01 03:11:39,116.472882,39.869886
Car-1,2008-11-01 03:11:41,116.47288,39.869886
Car-1,2008-11-01 03:11:43,116.472877,39.869888
Car-1,2008-11-01 03:11:45,116.472875,39.869889
Car-1,2008-11-01 03:11:47,116.472873,39.86989
Car-1,2008-11-01 03:11:49,116.472872,39.86989
Car-1,2008-11-01 03:11:51,116.472872,39.869891
Car-1,2008-11-01 03:11:53,116.472878,39.869892
Car-1,2008-11-01 03:11:55,116.472927,39.869901
Car-1,2008-11-01 03:11:57,116.473011,39.869912
Car-1,2008-11-01 03:11:59,116.473149,39.869923
Car-1,2008-11-01 03:12:01,116.473338,39.869932
Car-1,2008-11-01 03:12:03,116.473531,39.869935
Car-1,2008-11-01 03:12:05,116.473757,39.869933
Car-1,2008-11-01 03:12:07,116.474013,39.869938
Car-1,2008-11-01 03:12:09,116.474289,39.869918
Car-1,2008-11-01 03:12:11,116.474552,39.869902
Car-1,2008-11-01 03:12:13,116.474818,39.869887
Car-1,2008-11-01 03:12:15,116.475098,39.869876
Car-1,2008-11-01 03:12:17,116.475365,39.869865
Car-1,2008-11-01 03:12:19,116.475617,39.869864
Car-1,2008-11-01 03:12:21,116.47586,39.869871
Car-1,2008-11-01 03:12:23,116.476128,39.869882
Car-1,2008-11-01 03:12:25,116.476374,39.869881
Car-1,2008-11-01 03:12:27,116.476623,39.869878
Car-1,2008-11-01 03:12:29,116.476877,39.869873
Car-1,2008-11-01 03:12:31,116.477138,39.869868
Car-1,2008-11-01 03:12:33,116.477405,39.869867
Car-1,2008-11-01 03:12:35,116.477658,39.86988
Car-1,2008-11-01 03:12:37,116.477903,39.869876
Car-1,2008-11-01 03:12:39,116.478128,39.869867
Car-1,2008-11-01 03:12:41,116.478359,39.869849
Car-1,2008-11-01 03:12:43,116.47859,39.869834
Car-1,2008-11-01 03:12:45,116.47882,39.869806
Car-1,2008-11-01 03:12:47,116.47905,39.869776
Car-1,2008-11-01 03:12:49,116.47928,39.869728
Car-1,2008-11-01 03:12:51,116.479531,39.869673
Car-1,2008-11-01 03:12:53,116.479795,39.869597
Car-1,2008-11-01 03:12:55,116.480056,39.869494
Car-1,2008-11-01 03:12:57,116.480306,39.869366
Car-1,2008-11-01 03:12:59,116.480538,39.869222
Car-1,2008-11-01 03:13:01,116.480751,39.869087
Car-1,2008-11-01 03:13:03,116.480948,39.868941
Car-1,2008-11-01 03:13:05,116.481133,39.868777
Car-1,2008-11-01 03:13:07,116.481301,39.868573
Car-1,2008-11-01 03:13:09,116.481467,39.868366
Car-1,2008-11-01 03:13:11,116.481618,39.868154
Car-1,2008-11-01 03:13:13,116.481741,39.867932
Car-1,2008-11-01 03:13:15,116.481837,39.867699
Car-1,2008-11-01 03:13:17,116.48191,39.867468
Car-1,2008-11-01 03:13:19,116.481944,39.867224
Car-1,2008-11-01 03:13:21,116.481958,39.866986
Car-1,2008-11-01 03:13:23,116.481973,39.866797
Car-1,2008-11-01 03:13:25,116.481984,39.866672
Car-1,2008-11-01 03:13:27,116.482001,39.866561
Car-1,2008-11-01 03:13:29,116.482037,39.866459
Car-1,2008-11-01 03:13:31,116.482086,39.866378
Car-1,2008-11-01 03:13:33,116.482155,39.866287
Car-1,2008-11-01 03:13:35,116.482221,39.866325
Car-1,2008-11-01 03:13:37,116.482346,39.866477
Car-1,2008-11-01 03:13:39,116.482459,39.866583
Car-1,2008-11-01 03:13:41,116.482639,39.866895
Car-1,2008-11-01 03:13:43,116.482848,39.867262
Car-1,2008-11-01 03:13:45,116.483057,39.867539
Car-1,2008-11-01 03:13:47,116.483262,39.867714
Car-1,2008-11-01 03:13:49,116.483474,39.867856
Car-1,2008-11-01 03:13:51,116.483747,39.86801
Car-1,2008-11-01 03:13:53,116.484045,39.868163
Car-1,2008-11-01 03:13:55,116.484338,39.868317
Car-1,2008-11-01 03:13:57,116.484646,39.868469
Car-1,2008-11-01 03:13:59,116.484958,39.868609
Car-1,2008-11-01 03:14:01,116.485272,39.868752
Car-1,2008-11-01 03:14:03,116.485603,39.868906
Car-1,2008-11-01 03:14:05,116.485925,39.869057
Car-1,2008-11-01 03:14:07,116.486248,39.869204
Car-1,2008-11-01 03:14:09,116.486589,39.869321
Car-1,2008-11-01 03:14:11,116.486917,39.869429
Car-1,2008-11-01 03:14:13,116.487273,39.869505
Car-1,2008-11-01 03:14:15,116.487672,39.869541
Car-1,2008-11-01 03:14:17,116.488054,39.869531
Car-1,2008-11-01 03:14:19,116.48842,39.869539
Car-1,2008-11-01 03:14:21,116.488802,39.869524
Car-1,2008-11-01 03:14:23,116.489169,39.86952
Car-1,2008-11-01 03:14:25,116.489546,39.869521
Car-1,2008-11-01 03:14:27,116.489919,39.869505
Car-1,2008-11-01 03:14:29,116.490295,39.86949
Car-1,2008-11-01 03:14:31,116.490689,39.869479
Car-1,2008-11-01 03:14:33,116.491068,39.869472
Car-1,2008-11-01 03:14:35,116.491458,39.869466
Car-1,2008-11-01 03:14:37,116.491831,39.869466
Car-1,2008-11-01 03:14:39,116.492209,39.86946
Car-1,2008-11-01 03:14:41,116.49259,39.869451
Car-1,2008-11-01 03:14:43,116.492951,39.869446
Car-1,2008-11-01 03:14:45,116.493321,39.869446
Car-1,2008-11-01 03:14:47,116.493687,39.86944
Car-1,2008-11-01 03:14:49,116.494037,39.86944
Car-1,2008-11-01 03:14:51,116.49439,39.869435
Car-1,2008-11-01 03:14:53,116.494705,39.869427
Car-1,2008-11-01 03:14:55,116.494965,39.869421
Car-1,2008-11-01 03:14:57,116.495183,39.869404
Car-1,2008-11-01 03:14:59,116.495396,39.869379
Car-1,2008-11-01 03:15:01,116.495645,39.869365
Car-1,2008-11-01 03:15:03,116.495909,39.869362
Car-1,2008-11-01 03:15:05,116.4962,39.869357
Car-1,2008-11-01 03:15:07,116.4965,39.869352
Car-1,2008-11-01 03:15:09,116.496829,39.86935
Car-1,2008-11-01 03:15:11,116.497182,39.869351
Car-1,2008-11-01 03:15:13,116.497525,39.869342
Car-1,2008-11-01 03:15:15,116.497862,39.869333
Car-1,2008-11-01 03:15:17,116.498195,39.869321
Car-1,2008-11-01 03:15:19,116.49849,39.869309
Car-1,2008-11-01 03:15:21,116.498725,39.869316
Car-1,2008-11-01 03:15:23,116.498935,39.869318
Car-1,2008-11-01 03:15:25,116.499074,39.869317
Car-1,2008-11-01 03:15:27,116.499188,39.869248
Car-1,2008-11-01 03:15:29,116.499209,39.869131
Car-1,2008-11-01 03:15:31,116.499195,39.869002
Car-1,2008-11-01 03:15:33,116.499185,39.868886
Car-1,2008-11-01 03:15:35,116.499181,39.86886
Car-1,2008-11-01 03:15:37,116.499177,39.868868
Car-1,2008-11-01 03:15:39,116.499178,39.868883
Car-1,2008-11-01 03:15:41,116.499181,39.868882
Car-1,2008-11-01 03:15:43,116.499186,39.868882
Car-1,2008-11-01 03:15:45,116.499187,39.868881
Car-1,2008-11-01 03:15:47,116.499174,39.868843
Car-1,2008-11-01 03:15:49,116.499182,39.868732
Car-1,2008-11-01 03:15:51,116.499199,39.868604
Car-1,2008-11-01 03:15:53,116.499203,39.868454
Car-1,2008-11-01 03:15:55,116.499191,39.868271
Car-1,2008-11-01 03:15:57,116.499193,39.86809
Car-1,2008-11-01 03:15:59,116.499179,39.867869
Car-1,2008-11-01 03:16:01,116.499189,39.867649
Car-1,2008-11-01 03:16:03,116.4992,39.867433
Car-1,2008-11-01 03:16:05,116.499214,39.867255
Car-1,2008-11-01 03:16:07,116.499208,39.867139
Car-1,2008-11-01 03:16:09,116.499201,39.867056
Car-1,2008-11-01 03:16:11,116.49921,39.866996
Car-1,2008-11-01 03:16:13,116.499185,39.866961
Car-1,2008-11-01 03:16:15,116.499165,39.86694
Car-1,2008-11-01 03:16:17,116.499155,39.866931
Car-1,2008-11-01 03:16:19,116.499153,39.86693
Car-1,2008-11-01 03:16:21,116.49914,39.866897
Car-1,2008-11-01 03:16:23,116.499113,39.866825
Car-1,2008-11-01 03:16:25,116.499082,39.866738
Car-1,2008-11-01 03:16:27,116.49905,39.866616
Car-1,2008-11-01 03:16:29,116.499091,39.866428
Car-1,2008-11-01 03:16:31,116.499097,39.86624
Car-1,2008-11-01 03:16:33,116.499104,39.866049
Car-1,2008-11-01 03:16:35,116.499084,39.86587
Car-1,2008-11-01 03:16:37,116.499131,39.86564
Car-1,2008-11-01 03:16:39,116.499164,39.865399
Car-1,2008-11-01 03:16:41,116.499169,39.865163
Car-1,2008-11-01 03:16:43,116.499156,39.864969
Car-1,2008-11-01 03:16:45,116.49914,39.864803
Car-1,2008-11-01 03:16:47,116.499131,39.864693
Car-1,2008-11-01 03:16:49,116.499139,39.864618
Car-1,2008-11-01 03:16:51,116.499144,39.864575
Car-1,2008-11-01 03:16:53,116.499147,39.864547
Car-1,2008-11-01 03:16:55,116.499134,39.864501
Car-1,2008-11-01 03:16:57,116.499129,39.864424
Car-1,2008-11-01 03:16:59,116.499114,39.864307
Car-1,2008-11-01 03:17:01,116.499093,39.864166
Car-1,2008-11-01 03:17:03,116.499111,39.863995
Car-1,2008-11-01 03:17:05,116.499107,39.863802
Car-1,2008-11-01 03:17:07,116.499106,39.863593
Car-1,2008-11-01 03:17:09,116.499117,39.863366
Car-1,2008-11-01 03:17:11,116.499128,39.863177
Car-1,2008-11-01 03:17:13,116.499105,39.862982
Car-1,2008-11-01 03:17:15,116.499103,39.862862
Car-1,2008-11-01 03:17:17,116.499105,39.8628
Car-1,2008-11-01 03:17:19,116.499089,39.86278
Car-1,2008-11-01 03:17:21,116.499088,39.86275
Car-1,2008-11-01 03:17:23,116.499091,39.862739
Car-1,2008-11-01 03:17:25,116.499091,39.862739
Car-1,2008-11-01 03:17:27,116.49909,39.862739
Car-1,2008-11-01 03:17:29,116.49909,39.862738
Car-1,2008-11-01 03:17:31,116.499089,39.862738
Car-1,2008-11-01 03:17:33,116.499087,39.862738
Car-1,2008-11-01 03:17:35,116.499088,39.862737
Car-1,2008-11-01 03:17:37,116.499092,39.862737
Car-1,2008-11-01 03:17:39,116.499099,39.862737
Car-1,2008-11-01 03:17:41,116.499105,39.862737
Car-1,2008-11-01 03:17:43,116.499108,39.862737
Car-1,2008-11-01 03:17:45,116.499112,39.862736
Car-1,2008-11-01 03:17:47,116.499115,39.862736
Car-1,2008-11-01 03:17:49,116.499118,39.862736
Car-1,2008-11-01 03:17:51,116.499119,39.862735
Car-1,2008-11-01 03:17:53,116.499116,39.86273
Car-1,2008-11-01 03:17:55,116.49911,39.862705
Car-1,2008-11-01 03:17:57,116.499121,39.862653
Car-1,2008-11-01 03:17:59,116.499133,39.862575
Car-1,2008-11-01 03:18:01,116.499115,39.862375
Car-1,2008-11-01 03:18:03,116.499134,39.862207
Car-1,2008-11-01 03:18:05,116.499153,39.862017
Car-1,2008-11-01 03:18:07,116.499157,39.861802
Car-1,2008-11-01 03:18:09,116.499163,39.861545
Car-1,2008-11-01 03:18:11,116.499164,39.861325
Car-1,2008-11-01 03:18:13,116.499145,39.861118
Car-1,2008-11-01 03:18:15,116.499133,39.860947
Car-1,2008-11-01 03:18:17,116.499124,39.860864
Car-1,2008-11-01 03:18:19,116.499117,39.860839
Car-1,2008-11-01 03:18:21,116.499116,39.860861
Car-1,2008-11-01 03:18:23,116.499111,39.860872
Car-1,2008-11-01 03:18:25,116.499115,39.860871
Car-1,2008-11-01 03:18:27,116.499116,39.86087
Car-1,2008-11-01 03:18:29,116.499115,39.860869
Car-1,2008-11-01 03:18:31,116.499117,39.860867
Car-1,2008-11-01 03:18:33,116.499118,39.860866
Car-1,2008-11-01 03:18:35,116.499119,39.860865
Car-1,2008-11-01 03:18:37,116.499119,39.860865
Car-1,2008-11-01 03:18:39,116.499116,39.860863
Car-1,2008-11-01 03:18:41,116.499102,39.860798
Car-1,2008-11-01 03:18:43,116.49909,39.860685
Car-1,2008-11-01 03:18:45,116.499091,39.860534
Car-1,2008-11-01 03:18:47,116.499079,39.860308
Car-1,2008-11-01 03:18:49,116.499059,39.860091
Car-1,2008-11-01 03:18:51,116.499071,39.859921
Car-1,2008-11-01 03:18:53,116.499083,39.859796
Car-1,2008-11-01 03:18:55,116.499079,39.8597
Car-1,2008-11-01 03:18:57,116.49902,39.859636
Car-1,2008-11-01 03:18:59,116.498852,39.859628
Car-1,2008-11-01 03:19:01,116.498664,39.859633
Car-1,2008-11-01 03:19:03,116.498446,39.859634
Car-1,2008-11-01 03:19:05,116.498201,39.859625
Car-1,2008-11-01 03:19:07,116.497941,39.859615
Car-1,2008-11-01 03:19:09,116.497683,39.859622
Car-1,2008-11-01 03:19:11,116.497477,39.859616
Car-1,2008-11-01 03:19:13,116.497296,39.859576
Car-1,2008-11-01 03:19:15,116.497116,39.859577
Car-1,2008-11-01 03:19:17,116.496936,39.85958
Car-1,2008-11-01 03:19:19,116.496735,39.859568
Car-1,2008-11-01 03:19:21,116.496517,39.85957
Car-1,2008-11-01 03:19:23,116.496308,39.859583
Car-1,2008-11-01 03:19:25,116.496135,39.859591
Car-1,2008-11-01 03:19:27,116.495987,39.859626
Car-1,2008-11-01 03:19:29,116.495836,39.859641
Car-1,2008-11-01 03:19:31,116.495679,39.859636
Car-1,2008-11-01 03:19:33,116.495541,39.859622
Car-1,2008-11-01 03:19:35,116.495367,39.859626
Car-1,2008-11-01 03:19:37,116.495214,39.859627
