agent_id,time,lng,lat
Car-1,2009-02-28 16:47:17,-122.1371299,47.6298249
Car-1,2009-02-28 16:47:23,-122.1371416,47.6298266
Car-1,2009-02-28 16:47:25,-122.1371166,47.6298099
Car-1,2009-02-28 16:47:27,-122.1370816,47.6297849
Car-1,2009-02-28 16:47:31,-122.1373216,47.6298849
Car-1,2009-02-28 16:47:33,-122.1373416,47.6298966
Car-1,2009-02-28 16:47:35,-122.1373549,47.6299083
Car-1,2009-02-28 16:47:37,-122.1373616,47.6299099
Car-1,2009-02-28 16:47:39,-122.1373683,47.6299099
Car-1,2009-02-28 16:47:41,-122.1373716,47.6298933
Car-1,2009-02-28 16:47:43,-122.1373666,47.62986
Car-1,2009-02-28 16:47:45,-122.1373616,47.6298333
Car-1,2009-02-28 16:47:47,-122.1373549,47.6298133
Car-1,2009-02-28 16:47:49,-122.1373533,47.6297966
Car-1,2009-02-28 16:47:51,-122.1373499,47.6297866
Car-1,2009-02-28 16:47:53,-122.1373399,47.6297699
Car-1,2009-02-28 16:47:55,-122.1373283,47.6297649
Car-1,2009-02-28 16:48:56,-122.1372949,47.6297716
Car-1,2009-02-28 16:48:58,-122.1372883,47.6297683
Car-1,2009-02-28 16:49:01,-122.1372849,47.6297933
Car-1,2009-02-28 16:49:03,-122.1372983,47.6298116
Car-1,2009-02-28 16:49:05,-122.1373333,47.6297999
Car-1,2009-02-28 16:49:09,-122.1375966,47.62982
Car-1,2009-02-28 16:49:13,-122.1377299,47.6298483
Car-1,2009-02-28 16:49:18,-122.1377383,47.6301216
Car-1,2009-02-28 16:49:24,-122.1376799,47.6308
Car-1,2009-02-28 16:49:30,-122.1376699,47.63132
Car-1,2009-02-28 16:49:35,-122.1377949,47.6315316
Car-1,2009-02-28 16:49:38,-122.1380316,47.6315966
Car-1,2009-02-28 16:49:43,-122.1386616,47.6315983
Car-1,2009-02-28 16:49:49,-122.1395066,47.631555
Car-1,2009-02-28 16:49:55,-122.1403366,47.6315366
Car-1,2009-02-28 16:50:01,-122.141325,47.6315366
Car-1,2009-02-28 16:50:07,-122.1422733,47.6315049
Car-1,2009-02-28 16:50:13,-122.1426483,47.6315033
Car-1,2009-02-28 16:50:15,-122.1426333,47.6315016
Car-1,2009-02-28 16:50:33,-122.1426433,47.6315183
Car-1,2009-02-28 16:50:35,-122.1427033,47.6315199
Car-1,2009-02-28 16:50:39,-122.1430116,47.6314799
Car-1,2009-02-28 16:50:45,-122.1431333,47.6309283
Car-1,2009-02-28 16:50:51,-122.143175,47.6304316
Car-1,2009-02-28 16:50:55,-122.1431949,47.6303082
Car-1,2009-02-28 16:50:59,-122.1432083,47.6302382
Car-1,2009-02-28 16:51:03,-122.1432216,47.6300533
Car-1,2009-02-28 16:51:07,-122.1432016,47.6298016
Car-1,2009-02-28 16:51:11,-122.1432199,47.6294999
Car-1,2009-02-28 16:51:17,-122.1432866,47.6289783
Car-1,2009-02-28 16:51:23,-122.1432633,47.6284516
Car-1,2009-02-28 16:51:29,-122.1431949,47.6280749
Car-1,2009-02-28 16:51:33,-122.1433999,47.6279466
Car-1,2009-02-28 16:51:40,-122.1442316,47.6279133
Car-1,2009-02-28 16:51:46,-122.1450016,47.6279199
Car-1,2009-02-28 16:51:52,-122.145855,47.6279366
Car-1,2009-02-28 16:51:58,-122.1468966,47.6279599
Car-1,2009-02-28 16:52:04,-122.1481816,47.6279666
Car-1,2009-02-28 16:52:10,-122.1494983,47.6279866
Car-1,2009-02-28 16:52:16,-122.1507983,47.6279682
Car-1,2009-02-28 16:52:22,-122.1518866,47.6279899
Car-1,2009-02-28 16:52:28,-122.1526249,47.6280149
Car-1,2009-02-28 16:52:34,-122.1532366,47.628025
Car-1,2009-02-28 16:52:40,-122.1534383,47.6280199
Car-1,2009-02-28 16:52:42,-122.1534166,47.6280149
Car-1,2009-02-28 16:52:48,-122.1533866,47.62801
Car-1,2009-02-28 16:52:53,-122.15337,47.6280199
Car-1,2009-02-28 16:53:05,-122.15337,47.6280199
Car-1,2009-02-28 16:53:07,-122.1533783,47.6280266
Car-1,2009-02-28 16:53:09,-122.1533883,47.6280283
Car-1,2009-02-28 16:53:11,-122.1534699,47.6280232
Car-1,2009-02-28 16:53:15,-122.1538299,47.6280266
Car-1,2009-02-28 16:53:19,-122.1540299,47.6280433
Car-1,2009-02-28 16:53:23,-122.1540749,47.6281016
Car-1,2009-02-28 16:53:25,-122.1540966,47.6281399
Car-1,2009-02-28 16:53:29,-122.1541516,47.6282033
Car-1,2009-02-28 17:01:55,-122.1542783,47.6279483
Car-1,2009-02-28 17:01:59,-122.1548416,47.6279416
Car-1,2009-02-28 17:02:05,-122.1558833,47.6279682
Car-1,2009-02-28 17:02:11,-122.1570999,47.6279966
Car-1,2009-02-28 17:02:17,-122.1583933,47.62801
Car-1,2009-02-28 17:02:23,-122.1597433,47.6280433
Car-1,2009-02-28 17:02:29,-122.1611849,47.6280699
Car-1,2009-02-28 17:02:35,-122.1625583,47.6280932
Car-1,2009-02-28 17:02:41,-122.1639583,47.6281082
Car-1,2009-02-28 17:02:47,-122.1654999,47.6281049
Car-1,2009-02-28 17:02:53,-122.1668433,47.6281183
Car-1,2009-02-28 17:02:59,-122.1669049,47.6281149
Car-1,2009-02-28 17:03:01,-122.1669299,47.62811
Car-1,2009-02-28 17:03:03,-122.1669566,47.6281033
Car-1,2009-02-28 17:03:05,-122.1669583,47.6280866
Car-1,2009-02-28 17:03:07,-122.1669583,47.6280833
Car-1,2009-02-28 17:03:09,-122.1669616,47.6280816
Car-1,2009-02-28 17:03:11,-122.1670016,47.6280766
Car-1,2009-02-28 17:03:15,-122.1673883,47.6280833
Car-1,2009-02-28 17:03:21,-122.1684383,47.6280932
Car-1,2009-02-28 17:03:27,-122.1697783,47.6281416
Car-1,2009-02-28 17:03:33,-122.1711433,47.6285333
Car-1,2009-02-28 17:03:39,-122.1724366,47.6289632
Car-1,2009-02-28 17:03:45,-122.1736816,47.6293583
Car-1,2009-02-28 17:03:51,-122.1745283,47.6295383
Car-1,2009-02-28 17:03:57,-122.1749299,47.6296916
Car-1,2009-02-28 17:04:03,-122.175105,47.6302866
Car-1,2009-02-28 17:04:09,-122.1754599,47.6310782
Car-1,2009-02-28 17:04:15,-122.1763766,47.6316433
Car-1,2009-02-28 17:04:21,-122.1777683,47.6318466
Car-1,2009-02-28 17:04:27,-122.1794916,47.6320783
Car-1,2009-02-28 17:04:37,-122.1827466,47.6321866
Car-1,2009-02-28 17:04:47,-122.1852283,47.6320916
Car-1,2009-02-28 17:04:53,-122.186585,47.6321633
Car-1,2009-02-28 17:04:59,-122.1880366,47.6323916
Car-1,2009-02-28 17:05:05,-122.1892683,47.6329933
Car-1,2009-02-28 17:05:11,-122.1891916,47.6337649
Car-1,2009-02-28 17:05:17,-122.1883216,47.6336033
Car-1,2009-02-28 17:05:23,-122.1881949,47.6328016
Car-1,2009-02-28 17:05:29,-122.1884833,47.6317833
Car-1,2009-02-28 17:05:35,-122.1886966,47.6305483
Car-1,2009-02-28 17:05:41,-122.1888483,47.62933
Car-1,2009-02-28 17:05:51,-122.1890449,47.6269566
Car-1,2009-02-28 17:06:01,-122.1890316,47.6244383
Car-1,2009-02-28 17:06:11,-122.1890633,47.6220816
Car-1,2009-02-28 17:06:21,-122.1890833,47.6197933
Car-1,2009-02-28 17:06:31,-122.1890983,47.6175099
Car-1,2009-02-28 17:06:41,-122.1890216,47.6151149
Car-1,2009-02-28 17:06:51,-122.18895,47.6127716
Car-1,2009-02-28 17:07:01,-122.1886683,47.6103166
Car-1,2009-02-28 17:07:11,-122.1879816,47.6078866
Car-1,2009-02-28 17:07:21,-122.1863983,47.6056249
Car-1,2009-02-28 17:07:31,-122.1847066,47.6037116
Car-1,2009-02-28 17:07:41,-122.1831949,47.6019916
Car-1,2009-02-28 17:07:47,-122.1823299,47.6008483
Car-1,2009-02-28 17:07:57,-122.1815216,47.5986416
Car-1,2009-02-28 17:08:07,-122.1814199,47.5963983
Car-1,2009-02-28 17:08:17,-122.1813583,47.5943449
Car-1,2009-02-28 17:08:27,-122.1812416,47.5923149
Car-1,2009-02-28 17:08:33,-122.1810583,47.5910683
Car-1,2009-02-28 17:08:39,-122.1807116,47.5899666
Car-1,2009-02-28 17:08:45,-122.1803266,47.5888883
Car-1,2009-02-28 17:08:51,-122.1798583,47.5877616
Car-1,2009-02-28 17:08:57,-122.1792633,47.5865349
Car-1,2009-02-28 17:09:07,-122.1778616,47.584725
Car-1,2009-02-28 17:09:17,-122.1763716,47.5829466
Car-1,2009-02-28 17:09:23,-122.1757316,47.5817999
Car-1,2009-02-28 17:09:29,-122.1748716,47.5807916
Car-1,2009-02-28 17:09:36,-122.1736383,47.5797733
Car-1,2009-02-28 17:09:42,-122.1724083,47.5795016
Car-1,2009-02-28 17:09:48,-122.1711399,47.57958
Car-1,2009-02-28 17:09:54,-122.1694383,47.5798299
Car-1,2009-02-28 17:10:00,-122.1675083,47.57989
Car-1,2009-02-28 17:10:10,-122.1640866,47.579915
Car-1,2009-02-28 17:10:20,-122.160355,47.5798016
Car-1,2009-02-28 17:10:30,-122.1565499,47.5796133
Car-1,2009-02-28 17:10:40,-122.152655,47.5794283
Car-1,2009-02-28 17:10:50,-122.1486166,47.57923
Car-1,2009-02-28 17:11:00,-122.1444283,47.5790449
Car-1,2009-02-28 17:11:10,-122.1401849,47.5788433
Car-1,2009-02-28 17:11:20,-122.1359733,47.5786033
Car-1,2009-02-28 17:11:30,-122.1319516,47.5779199
Car-1,2009-02-28 17:11:40,-122.1280833,47.5765616
Car-1,2009-02-28 17:11:50,-122.1243099,47.5751883
Car-1,2009-02-28 17:12:00,-122.1205933,47.5739216
Car-1,2009-02-28 17:12:10,-122.1168666,47.5725933
Car-1,2009-02-28 17:12:20,-122.1131916,47.571285
Car-1,2009-02-28 17:12:30,-122.109695,47.5700216
Car-1,2009-02-28 17:12:40,-122.1062083,47.5687149
Car-1,2009-02-28 17:12:50,-122.1028666,47.5670382
Car-1,2009-02-28 17:13:00,-122.0994416,47.5651182
Car-1,2009-02-28 17:13:10,-122.0959966,47.5632016
Car-1,2009-02-28 17:13:20,-122.092515,47.5612699
Car-1,2009-02-28 17:13:31,-122.0886983,47.5591182
Car-1,2009-02-28 17:13:41,-122.0850166,47.5573166
Car-1,2009-02-28 17:13:51,-122.0809516,47.5558349
Car-1,2009-02-28 17:14:01,-122.0768916,47.5544
Car-1,2009-02-28 17:14:11,-122.072735,47.5528483
Car-1,2009-02-28 17:14:21,-122.068785,47.5513766
Car-1,2009-02-28 17:14:31,-122.0651633,47.5499749
Car-1,2009-02-28 17:14:41,-122.0617,47.5486483
Car-1,2009-02-28 17:14:51,-122.0581233,47.5472566
Car-1,2009-02-28 17:15:01,-122.0543933,47.5458933
Car-1,2009-02-28 17:15:11,-122.0503333,47.5452699
Car-1,2009-02-28 17:15:21,-122.0463466,47.5448583
Car-1,2009-02-28 17:15:31,-122.0426999,47.5436449
Car-1,2009-02-28 17:15:41,-122.0395516,47.5421466
Car-1,2009-02-28 17:15:51,-122.0364249,47.5405232
Car-1,2009-02-28 17:16:01,-122.0337933,47.5383666
Car-1,2009-02-28 17:16:11,-122.0317183,47.5359183
Car-1,2009-02-28 17:16:21,-122.0296533,47.5335516
Car-1,2009-02-28 17:16:31,-122.0266616,47.5318816
Car-1,2009-02-28 17:16:41,-122.0226616,47.5315383
Car-1,2009-02-28 17:16:51,-122.0190183,47.5327833
Car-1,2009-02-28 17:17:01,-122.0159083,47.5346033
Car-1,2009-02-28 17:17:11,-122.0126166,47.5360566
Car-1,2009-02-28 17:17:21,-122.0087533,47.5365716
Car-1,2009-02-28 17:17:31,-122.0050416,47.5357716
Car-1,2009-02-28 17:17:41,-122.0015683,47.5341916
Car-1,2009-02-28 17:17:51,-121.9980316,47.5328533
Car-1,2009-02-28 17:18:01,-121.9942866,47.5318383
Car-1,2009-02-28 17:18:11,-121.9901883,47.5311983
Car-1,2009-02-28 17:18:21,-121.9858566,47.5309149
Car-1,2009-02-28 17:18:31,-121.9816983,47.53082
Car-1,2009-02-28 17:18:41,-121.978025,47.5318599
Car-1,2009-02-28 17:18:51,-121.975195,47.5341182
Car-1,2009-02-28 17:19:01,-121.9716966,47.5357316
Car-1,2009-02-28 17:19:11,-121.967385,47.5355316
Car-1,2009-02-28 17:19:21,-121.9635116,47.5341983
Car-1,2009-02-28 17:19:31,-121.9594199,47.533085
Car-1,2009-02-28 17:19:41,-121.955125,47.5326383
Car-1,2009-02-28 17:19:51,-121.9507916,47.5322316
Car-1,2009-02-28 17:20:01,-121.9462383,47.5317716
Car-1,2009-02-28 17:20:11,-121.9424766,47.530365
Car-1,2009-02-28 17:20:21,-121.9402983,47.5280116
Car-1,2009-02-28 17:20:31,-121.9383533,47.5254566
Car-1,2009-02-28 17:20:41,-121.9362399,47.5227166
Car-1,2009-02-28 17:20:51,-121.9326033,47.52102
Car-1,2009-02-28 17:21:01,-121.9283133,47.5197083
Car-1,2009-02-28 17:21:11,-121.9243266,47.5181133
Car-1,2009-02-28 17:21:21,-121.9207433,47.5165599
Car-1,2009-02-28 17:21:31,-121.9174483,47.5148466
Car-1,2009-02-28 17:21:41,-121.9141149,47.5130933
Car-1,2009-02-28 17:21:51,-121.9106716,47.5112249
Car-1,2009-02-28 17:22:01,-121.90773,47.5089933
Car-1,2009-02-28 17:22:11,-121.9048166,47.5070183
Car-1,2009-02-28 17:22:21,-121.9009983,47.5059566
Car-1,2009-02-28 17:22:31,-121.8965766,47.5060083
Car-1,2009-02-28 17:22:41,-121.8921333,47.5067383
Car-1,2009-02-28 17:22:51,-121.8876683,47.5075916
Car-1,2009-02-28 17:23:01,-121.8829316,47.5083383
Car-1,2009-02-28 17:23:11,-121.8783099,47.5091416
Car-1,2009-02-28 17:23:21,-121.8737266,47.5099433
Car-1,2009-02-28 17:23:31,-121.8693333,47.5107283
Car-1,2009-02-28 17:23:41,-121.86495,47.511195
Car-1,2009-02-28 17:23:51,-121.8607983,47.5111466
Car-1,2009-02-28 17:24:01,-121.8565383,47.51104
Car-1,2009-02-28 17:24:11,-121.8525983,47.5120016
Car-1,2009-02-28 17:24:21,-121.8485416,47.5130849
Car-1,2009-02-28 17:24:31,-121.8445499,47.5141916
Car-1,2009-02-28 17:24:41,-121.8401966,47.5147299
Car-1,2009-02-28 17:24:51,-121.8360233,47.5138899
Car-1,2009-02-28 17:25:01,-121.8325699,47.5119983
Car-1,2009-02-28 17:25:11,-121.8297233,47.5095599
Car-1,2009-02-28 17:25:21,-121.8270566,47.5070983
Car-1,2009-02-28 17:25:31,-121.8245949,47.5047433
Car-1,2009-02-28 17:25:41,-121.822165,47.5025266
Car-1,2009-02-28 17:25:51,-121.8194366,47.5001783
Car-1,2009-02-28 17:26:01,-121.8164516,47.497715
Car-1,2009-02-28 17:26:11,-121.8133849,47.49522
Car-1,2009-02-28 17:26:21,-121.8095916,47.4935233
Car-1,2009-02-28 17:26:31,-121.8053883,47.4922683
Car-1,2009-02-28 17:26:41,-121.8012183,47.4908866
Car-1,2009-02-28 17:26:51,-121.7976083,47.4891233
Car-1,2009-02-28 17:27:01,-121.7949283,47.4866599
Car-1,2009-02-28 17:27:11,-121.7925433,47.4842799
Car-1,2009-02-28 17:27:21,-121.7901516,47.4819133
Car-1,2009-02-28 17:27:31,-121.7877599,47.4795199
Car-1,2009-02-28 17:27:41,-121.7852266,47.47698
Car-1,2009-02-28 17:27:51,-121.7824616,47.4746916
Car-1,2009-02-28 17:28:01,-121.7788449,47.4733983
Car-1,2009-02-28 17:28:11,-121.7747316,47.4731799
Car-1,2009-02-28 17:28:21,-121.7701332,47.4732183
Car-1,2009-02-28 17:28:31,-121.7655733,47.4732699
Car-1,2009-02-28 17:28:41,-121.7610016,47.4732483
Car-1,2009-02-28 17:28:51,-121.7566049,47.4732616
Car-1,2009-02-28 17:29:01,-121.7523899,47.4732266
Car-1,2009-02-28 17:29:11,-121.7481783,47.4732866
Car-1,2009-02-28 17:29:21,-121.7441016,47.4733199
Car-1,2009-02-28 17:29:31,-121.7400366,47.4728916
Car-1,2009-02-28 17:29:41,-121.7361166,47.4717566
Car-1,2009-02-28 17:29:51,-121.7323933,47.4706149
Car-1,2009-02-28 17:30:01,-121.7288266,47.4694
Car-1,2009-02-28 17:30:11,-121.7252749,47.4680449
Car-1,2009-02-28 17:30:21,-121.7215249,47.4666116
Car-1,2009-02-28 17:30:31,-121.7176666,47.4651816
Car-1,2009-02-28 17:30:41,-121.713635,47.4640666
Car-1,2009-02-28 17:30:51,-121.7096716,47.4632683
Car-1,2009-02-28 17:31:01,-121.7061466,47.4618816
Car-1,2009-02-28 17:31:11,-121.7036816,47.4595366
Car-1,2009-02-28 17:31:21,-121.7027066,47.4566516
Car-1,2009-02-28 17:31:31,-121.7020166,47.4538533
Car-1,2009-02-28 17:31:41,-121.7007666,47.4510083
Car-1,2009-02-28 17:31:51,-121.6991949,47.4486783
Car-1,2009-02-28 17:31:54,-121.698485,47.448045
Car-1,2009-02-28 17:31:55,-121.6982016,47.447825
Car-1,2009-02-28 17:32:05,-121.6952983,47.4460083
Car-1,2009-02-28 17:32:15,-121.69219,47.4446583
Car-1,2009-02-28 17:32:25,-121.6891133,47.4434849
Car-1,2009-02-28 17:32:35,-121.6858833,47.4429566
Car-1,2009-02-28 17:32:45,-121.6822866,47.4434099
Car-1,2009-02-28 17:32:55,-121.6786933,47.4437466
Car-1,2009-02-28 17:33:05,-121.6752083,47.4431849
Car-1,2009-02-28 17:33:15,-121.671425,47.4427983
Car-1,2009-02-28 17:33:25,-121.6673766,47.4429049
Car-1,2009-02-28 17:33:35,-121.6630183,47.4429383
Car-1,2009-02-28 17:33:45,-121.6589199,47.44215
Car-1,2009-02-28 17:33:55,-121.6551666,47.4406883
Car-1,2009-02-28 17:34:05,-121.6516049,47.4390066
Car-1,2009-02-28 17:34:15,-121.6480183,47.4371633
Car-1,2009-02-28 17:34:25,-121.6440333,47.4352399
Car-1,2009-02-28 17:34:35,-121.6403832,47.4332416
Car-1,2009-02-28 17:34:45,-121.6370716,47.4312416
Car-1,2009-02-28 17:34:55,-121.6332549,47.4297383
Car-1,2009-02-28 17:35:05,-121.6286999,47.4290799
Car-1,2009-02-28 17:35:15,-121.62417,47.42858
Car-1,2009-02-28 17:35:25,-121.6199316,47.4285133
Car-1,2009-02-28 17:35:35,-121.6159166,47.4289433
Car-1,2009-02-28 17:35:45,-121.6120933,47.4282866
Car-1,2009-02-28 17:35:55,-121.6083699,47.42703
Car-1,2009-02-28 17:36:05,-121.6043682,47.4256966
Car-1,2009-02-28 17:36:15,-121.6001149,47.4249816
Car-1,2009-02-28 17:36:25,-121.5961183,47.4238433
Car-1,2009-02-28 17:36:35,-121.5930433,47.4213966
Car-1,2009-02-28 17:36:45,-121.5897,47.4191883
Car-1,2009-02-28 17:36:55,-121.5865699,47.4168766
Car-1,2009-02-28 17:37:05,-121.5847216,47.41395
Car-1,2009-02-28 17:37:15,-121.5816199,47.4117066
Car-1,2009-02-28 17:37:25,-121.5777833,47.40999
Car-1,2009-02-28 17:37:35,-121.5743049,47.4079399
Car-1,2009-02-28 17:37:45,-121.5714116,47.4057483
Car-1,2009-02-28 17:37:55,-121.5674049,47.4046566
Car-1,2009-02-28 17:38:05,-121.5630016,47.4038333
Car-1,2009-02-28 17:38:15,-121.5587282,47.4027549
Car-1,2009-02-28 17:38:25,-121.5550199,47.4009516
Car-1,2009-02-28 17:38:35,-121.5514949,47.3989249
Car-1,2009-02-28 17:38:45,-121.5476716,47.39763
Car-1,2009-02-28 17:38:55,-121.5434733,47.3971166
Car-1,2009-02-28 17:39:05,-121.5391449,47.3966666
Car-1,2009-02-28 17:39:15,-121.5346499,47.3960666
Car-1,2009-02-28 17:39:25,-121.53007,47.3954266
Car-1,2009-02-28 17:39:35,-121.5255383,47.3950149
Car-1,2009-02-28 17:39:45,-121.52113,47.395025
Car-1,2009-02-28 17:39:55,-121.5166149,47.395275
Car-1,2009-02-28 17:40:05,-121.512245,47.3959399
Car-1,2009-02-28 17:40:15,-121.5078566,47.3961516
Car-1,2009-02-28 17:40:25,-121.5034066,47.3962966
Car-1,2009-02-28 17:40:35,-121.4988183,47.3965133
Car-1,2009-02-28 17:40:45,-121.4939666,47.3967516
Car-1,2009-02-28 17:40:55,-121.4890516,47.3969183
Car-1,2009-02-28 17:41:05,-121.4841133,47.3966033
Car-1,2009-02-28 17:41:15,-121.47926,47.3957066
Car-1,2009-02-28 17:41:25,-121.4750016,47.3942649
Car-1,2009-02-28 17:41:35,-121.4713316,47.3929466
Car-1,2009-02-28 17:41:45,-121.4674283,47.3926999
Car-1,2009-02-28 17:41:56,-121.4631666,47.3938533
Car-1,2009-02-28 17:42:06,-121.4589266,47.3953483
Car-1,2009-02-28 17:42:16,-121.4546083,47.3963166
Car-1,2009-02-28 17:42:26,-121.45028,47.3970333
Car-1,2009-02-28 17:42:36,-121.4467366,47.3983349
Car-1,2009-02-28 17:42:46,-121.4442433,47.4003483
Car-1,2009-02-28 17:42:56,-121.4427116,47.4027033
Car-1,2009-02-28 17:43:06,-121.4414449,47.4052266
Car-1,2009-02-28 17:43:16,-121.440155,47.4078516
Car-1,2009-02-28 17:43:27,-121.43878,47.4105583
Car-1,2009-02-28 17:43:37,-121.4379099,47.412975
Car-1,2009-02-28 17:43:48,-121.4363783,47.4154499
Car-1,2009-02-28 17:43:58,-121.4347133,47.4177433
Car-1,2009-02-28 17:44:08,-121.4330716,47.4200683
Car-1,2009-02-28 17:44:18,-121.4319733,47.4224533
Car-1,2009-02-28 17:44:28,-121.4309366,47.4248483
Car-1,2009-02-28 17:44:38,-121.4281549,47.4265483
Car-1,2009-02-28 17:44:48,-121.4248283,47.4277416
Car-1,2009-02-28 17:44:58,-121.4214549,47.428545
Car-1,2009-02-28 17:45:08,-121.4182516,47.4280066
Car-1,2009-02-28 17:45:18,-121.4152066,47.426715
Car-1,2009-02-28 17:45:28,-121.4121999,47.4253316
Car-1,2009-02-28 17:45:38,-121.4101616,47.4231383
Car-1,2009-02-28 17:45:48,-121.4098633,47.4206016
Car-1,2009-02-28 17:45:58,-121.41062,47.41788
Car-1,2009-02-28 17:46:08,-121.4112549,47.4148116
Car-1,2009-02-28 17:46:18,-121.4104116,47.411965
Car-1,2009-02-28 17:46:28,-121.4084566,47.4094466
Car-1,2009-02-28 17:46:38,-121.4054116,47.4075549
Car-1,2009-02-28 17:46:48,-121.4041666,47.4050716
Car-1,2009-02-28 17:46:58,-121.4041583,47.4025266
Car-1,2009-02-28 17:47:08,-121.4023633,47.4005866
Car-1,2009-02-28 17:47:18,-121.40011,47.399165
Car-1,2009-02-28 17:47:24,-121.3992083,47.3981733
Car-1,2009-02-28 17:47:30,-121.3989033,47.3970666
Car-1,2009-02-28 17:47:36,-121.3989883,47.3961066
Car-1,2009-02-28 17:47:42,-121.3984583,47.3956566
Car-1,2009-02-28 17:47:48,-121.3981716,47.3955516
Car-1,2009-02-28 17:47:52,-121.3981266,47.3954033
Car-1,2009-02-28 17:47:56,-121.398185,47.3952733
Car-1,2009-02-28 17:48:00,-121.3982766,47.3952149
Car-1,2009-02-28 17:48:04,-121.3986016,47.3952666
Car-1,2009-02-28 17:48:10,-121.3992999,47.3957116
Car-1,2009-02-28 17:48:16,-121.3996983,47.3964633
Car-1,2009-02-28 17:48:22,-121.4001716,47.3973483
Car-1,2009-02-28 17:48:28,-121.4006916,47.3981249
Car-1,2009-02-28 17:48:34,-121.4012866,47.3989566
Car-1,2009-02-28 17:48:40,-121.4020783,47.3997583
Car-1,2009-02-28 17:48:46,-121.4030883,47.40035
Car-1,2009-02-28 17:48:52,-121.4041299,47.4007483
Car-1,2009-02-28 17:48:58,-121.4051216,47.4010616
Car-1,2009-02-28 17:49:04,-121.4060266,47.4014183
Car-1,2009-02-28 17:49:10,-121.4064849,47.4017433
Car-1,2009-02-28 17:49:14,-121.4066949,47.4019866
Car-1,2009-02-28 17:49:20,-121.4070949,47.4025966
Car-1,2009-02-28 17:49:26,-121.40767,47.4033483
Car-1,2009-02-28 17:49:32,-121.4084666,47.4039699
Car-1,2009-02-28 17:49:38,-121.4093816,47.40442
Car-1,2009-02-28 17:49:44,-121.4103783,47.4047599
Car-1,2009-02-28 17:49:50,-121.4111649,47.4052233
Car-1,2009-02-28 17:49:56,-121.411575,47.4059083
Car-1,2009-02-28 17:50:02,-121.4116583,47.4066866
Car-1,2009-02-28 17:50:08,-121.4117266,47.4074716
Car-1,2009-02-28 17:50:14,-121.41184,47.4081999
Car-1,2009-02-28 17:50:20,-121.4119316,47.4086366
Car-1,2009-02-28 17:50:24,-121.4119699,47.408855
Car-1,2009-02-28 17:50:28,-121.4120516,47.4090983
Car-1,2009-02-28 17:50:34,-121.41217,47.4095183
Car-1,2009-02-28 17:50:40,-121.4122649,47.4098966
Car-1,2009-02-28 17:50:44,-121.4123433,47.41013
Car-1,2009-02-28 17:50:48,-121.4124166,47.4103666
Car-1,2009-02-28 17:50:52,-121.4124916,47.4106083
Car-1,2009-02-28 17:50:56,-121.4125633,47.4108533
Car-1,2009-02-28 17:51:00,-121.4126316,47.4110649
Car-1,2009-02-28 17:51:04,-121.412715,47.4113049
Car-1,2009-02-28 17:51:08,-121.4128016,47.4115466
Car-1,2009-02-28 17:51:12,-121.4127766,47.411735
Car-1,2009-02-28 17:51:16,-121.4124749,47.4117716
Car-1,2009-02-28 17:51:20,-121.4120599,47.411735
Car-1,2009-02-28 17:51:26,-121.4116733,47.4114433
Car-1,2009-02-28 17:51:30,-121.4114766,47.4112233
Car-1,2009-02-28 17:51:34,-121.4113266,47.4110383
Car-1,2009-02-28 17:51:38,-121.4113216,47.4109066
Car-1,2009-02-28 17:51:42,-121.4113999,47.4108733
Car-1,2009-02-28 17:51:44,-121.4114333,47.4108699
Car-1,2009-02-28 17:51:46,-121.4114533,47.4108666
Car-1,2009-02-28 17:52:19,-121.4114599,47.4108666
Car-1,2009-02-28 17:52:24,-121.4114599,47.4108666
Car-1,2009-02-28 17:52:26,-121.4114599,47.4108666
Car-1,2009-02-28 17:52:28,-121.4114583,47.41088
Car-1,2009-02-28 17:52:30,-121.4114683,47.41086
Car-1,2009-02-28 17:53:06,-121.4114683,47.41086
Car-1,2009-02-28 17:53:08,-121.4114616,47.4108549
Car-1,2009-02-28 17:53:10,-121.4114583,47.4108316
Car-1,2009-02-28 17:53:14,-121.4116016,47.4106416
Car-1,2009-02-28 17:57:26,-121.4119666,47.4105683
Car-1,2009-02-28 17:57:28,-121.4119933,47.410565
Car-1,2009-02-28 17:57:30,-121.412015,47.4105783
Car-1,2009-02-28 17:57:32,-121.4120116,47.4106083
Car-1,2009-02-28 17:57:34,-121.41205,47.4105899
Car-1,2009-02-28 17:57:36,-121.4120666,47.4105833
Car-1,2009-02-28 17:57:38,-121.4120866,47.4105749
Car-1,2009-02-28 17:57:40,-121.4121149,47.4105666
Car-1,2009-02-28 17:57:42,-121.41214,47.410565
Car-1,2009-02-28 17:57:45,-121.4121783,47.4105599
Car-1,2009-02-28 17:57:47,-121.4122033,47.4105533
Car-1,2009-02-28 17:57:49,-121.4122116,47.4105516
Car-1,2009-02-28 17:57:51,-121.4122433,47.4105399
Car-1,2009-02-28 17:57:53,-121.4122733,47.4105433
Car-1,2009-02-28 17:57:55,-121.4123033,47.4105366
Car-1,2009-02-28 17:57:57,-121.4123183,47.41055
Car-1,2009-02-28 17:57:59,-121.4123383,47.4105549
Car-1,2009-02-28 17:58:01,-121.4123599,47.4105633
Car-1,2009-02-28 17:58:03,-121.4123899,47.4105466
Car-1,2009-02-28 17:58:05,-121.4124099,47.4105416
Car-1,2009-02-28 17:58:07,-121.4124283,47.4105483
Car-1,2009-02-28 17:58:09,-121.4124516,47.4105416
Car-1,2009-02-28 17:58:11,-121.4124766,47.4105333
Car-1,2009-02-28 17:58:13,-121.41247,47.4105233
Car-1,2009-02-28 17:58:17,-121.41247,47.4105233
Car-1,2009-02-28 17:58:19,-121.4124633,47.4105233
Car-1,2009-02-28 17:58:21,-121.4124416,47.4105316
Car-1,2009-02-28 17:58:25,-121.4123933,47.4105083
Car-1,2009-02-28 17:58:34,-121.4123933,47.4105083
Car-1,2009-02-28 17:58:36,-121.4123883,47.4105049
Car-1,2009-02-28 17:58:38,-121.4123633,47.4105233
Car-1,2009-02-28 17:58:40,-121.4123266,47.4105133
Car-1,2009-02-28 17:58:42,-121.412275,47.4105116
Car-1,2009-02-28 17:58:46,-121.41214,47.41051
Car-1,2009-02-28 17:58:50,-121.4120399,47.4105433
Car-1,2009-02-28 17:58:52,-121.4120049,47.4105533
Car-1,2009-02-28 17:58:54,-121.4119816,47.410565
Car-1,2009-02-28 17:58:56,-121.4119666,47.4105949
Car-1,2009-02-28 17:58:58,-121.4119733,47.4106166
Car-1,2009-02-28 17:59:00,-121.41198,47.4106416
Car-1,2009-02-28 17:59:02,-121.4119849,47.41067
Car-1,2009-02-28 17:59:04,-121.4119849,47.4107133
Car-1,2009-02-28 17:59:06,-121.4119899,47.4107466
Car-1,2009-02-28 17:59:10,-121.4120133,47.4107916
Car-1,2009-02-28 17:59:12,-121.4120316,47.4108066
Car-1,2009-02-28 17:59:14,-121.4120249,47.4108149
Car-1,2009-02-28 17:59:16,-121.4119816,47.4108166
Car-1,2009-02-28 17:59:18,-121.4119399,47.4108216
Car-1,2009-02-28 17:59:20,-121.4119066,47.410825
Car-1,2009-02-28 17:59:22,-121.4118649,47.41083
Car-1,2009-02-28 17:59:24,-121.4118216,47.4108333
Car-1,2009-02-28 17:59:26,-121.4117933,47.4108366
Car-1,2009-02-28 17:59:28,-121.4117616,47.4108466
Car-1,2009-02-28 17:59:30,-121.4117449,47.4108666
Car-1,2009-02-28 17:59:32,-121.4117099,47.4108733
Car-1,2009-02-28 17:59:34,-121.4116699,47.4108749
Car-1,2009-02-28 17:59:36,-121.4116249,47.4108816
Car-1,2009-02-28 17:59:40,-121.4115333,47.410895
Car-1,2009-02-28 17:59:59,-121.4115016,47.4108899
Car-1,2009-02-28 18:00:00,-121.4115016,47.4108899
Car-1,2009-02-28 18:00:02,-121.4114983,47.4108933
Car-1,2009-02-28 18:00:04,-121.4115016,47.4108816
Car-1,2009-02-28 18:00:07,-121.4115233,47.4108616
Car-1,2009-02-28 18:00:09,-121.4115416,47.4108549
Car-1,2009-02-28 18:00:11,-121.4115633,47.410865
Car-1,2009-02-28 18:00:13,-121.4115999,47.4108666
Car-1,2009-02-28 18:00:15,-121.4116283,47.4108333
Car-1,2009-02-28 18:00:17,-121.4116616,47.4107966
Car-1,2009-02-28 18:00:19,-121.4116983,47.4107783
Car-1,2009-02-28 18:00:21,-121.4118116,47.4107349
Car-1,2009-02-28 18:00:23,-121.4118516,47.4107216
Car-1,2009-02-28 18:00:25,-121.4118699,47.410725
Car-1,2009-02-28 18:00:27,-121.4118933,47.4107166
Car-1,2009-02-28 18:00:29,-121.4119483,47.4107066
Car-1,2009-02-28 18:00:31,-121.411965,47.4106966
Car-1,2009-02-28 18:00:33,-121.4119633,47.41069
Car-1,2009-02-28 18:00:36,-121.4120433,47.4106933
Car-1,2009-02-28 18:00:38,-121.4121116,47.4106833
Car-1,2009-02-28 18:00:40,-121.412155,47.4106649
Car-1,2009-02-28 18:00:42,-121.4121933,47.4106433
Car-1,2009-02-28 18:00:44,-121.4122116,47.4105916
Car-1,2009-02-28 18:00:46,-121.4122533,47.4105599
Car-1,2009-02-28 18:00:48,-121.4122999,47.410545
Car-1,2009-02-28 18:00:51,-121.4123733,47.4105166
Car-1,2009-02-28 18:00:53,-121.4123899,47.4105183
Car-1,2009-02-28 18:00:55,-121.4123966,47.4105199
Car-1,2009-02-28 18:01:02,-121.4124066,47.4105083
Car-1,2009-02-28 18:01:05,-121.4123883,47.4105283
Car-1,2009-02-28 18:01:07,-121.4123716,47.4105366
Car-1,2009-02-28 18:01:15,-121.4123866,47.41051
Car-1,2009-02-28 18:01:18,-121.4124016,47.4105033
Car-1,2009-02-28 18:01:20,-121.4124299,47.4104933
Car-1,2009-02-28 18:01:30,-121.4124483,47.410495
Car-1,2009-02-28 18:01:32,-121.4124649,47.4104899
Car-1,2009-02-28 18:01:34,-121.4124749,47.4104933
Car-1,2009-02-28 18:01:36,-121.4124766,47.4104916
Car-1,2009-02-28 18:01:39,-121.4124299,47.4105266
Car-1,2009-02-28 18:01:42,-121.4124366,47.4104766
Car-1,2009-02-28 18:01:44,-121.4124799,47.41046
Car-1,2009-02-28 18:01:46,-121.4124983,47.410475
Car-1,2009-02-28 18:01:48,-121.4125633,47.4104466
Car-1,2009-02-28 18:01:52,-121.412695,47.4104133
Car-1,2009-02-28 18:01:55,-121.4127549,47.4103949
Car-1,2009-02-28 18:01:57,-121.4127866,47.4104199
Car-1,2009-02-28 18:01:59,-121.4127933,47.4104516
Car-1,2009-02-28 18:02:01,-121.4127866,47.4104616
Car-1,2009-02-28 18:02:03,-121.4128,47.4104116
Car-1,2009-02-28 18:02:05,-121.4128166,47.4103916
Car-1,2009-02-28 18:02:07,-121.4128233,47.4103949
Car-1,2009-02-28 18:02:11,-121.4128166,47.4104116
Car-1,2009-02-28 18:02:13,-121.4128166,47.4104166
Car-1,2009-02-28 18:02:15,-121.4127933,47.4104166
Car-1,2009-02-28 18:02:19,-121.4127833,47.4104116
Car-1,2009-02-28 18:02:21,-121.4127933,47.41041
Car-1,2009-02-28 18:02:23,-121.4127899,47.4104016
Car-1,2009-02-28 18:02:25,-121.4127816,47.4103866
Car-1,2009-02-28 18:02:27,-121.4127916,47.4103799
Car-1,2009-02-28 18:02:29,-121.4127966,47.4103683
Car-1,2009-02-28 18:02:31,-121.4128033,47.4103516
Car-1,2009-02-28 18:02:33,-121.4128133,47.41034
Car-1,2009-02-28 18:02:35,-121.4128233,47.4103266
Car-1,2009-02-28 18:02:37,-121.4128249,47.4103116
Car-1,2009-02-28 18:02:39,-121.41282,47.4103099
Car-1,2009-02-28 18:02:41,-121.4128083,47.4103149
Car-1,2009-02-28 18:02:59,-121.4128,47.4103149
Car-1,2009-02-28 18:03:31,-121.4127966,47.4103099
Car-1,2009-02-28 18:03:38,-121.4127966,47.4103099
Car-1,2009-02-28 18:03:40,-121.4127983,47.4103066
Car-1,2009-02-28 18:03:42,-121.4128049,47.4102949
Car-1,2009-02-28 18:03:44,-121.4128033,47.4102816
Car-1,2009-02-28 18:03:46,-121.4128066,47.4102683
Car-1,2009-02-28 18:03:48,-121.4128099,47.4102566
Car-1,2009-02-28 18:03:50,-121.4128099,47.4102433
Car-1,2009-02-28 18:03:52,-121.4128133,47.4102316
Car-1,2009-02-28 18:03:54,-121.412815,47.4102233
Car-1,2009-02-28 18:03:56,-121.4128166,47.4102116
Car-1,2009-02-28 18:03:58,-121.4128166,47.4102016
Car-1,2009-02-28 18:04:00,-121.4128183,47.4101916
Car-1,2009-02-28 18:04:02,-121.4128166,47.4101733
Car-1,2009-02-28 18:04:04,-121.412815,47.4101599
Car-1,2009-02-28 18:04:06,-121.41282,47.410145
Car-1,2009-02-28 18:04:08,-121.4128333,47.41013
Car-1,2009-02-28 18:04:10,-121.41285,47.4101199
Car-1,2009-02-28 18:04:12,-121.4128766,47.4101216
Car-1,2009-02-28 18:04:14,-121.4129033,47.4101349
Car-1,2009-02-28 18:04:16,-121.4129266,47.4101549
Car-1,2009-02-28 18:04:18,-121.4129383,47.4101633
Car-1,2009-02-28 18:04:20,-121.4129466,47.4101766
Car-1,2009-02-28 18:04:22,-121.4129516,47.4101949
Car-1,2009-02-28 18:04:24,-121.4129666,47.4102083
Car-1,2009-02-28 18:04:26,-121.4129766,47.4102216
Car-1,2009-02-28 18:04:28,-121.4129733,47.4102533
Car-1,2009-02-28 18:04:30,-121.4129799,47.4102683
Car-1,2009-02-28 18:04:32,-121.4129866,47.4102866
Car-1,2009-02-28 18:04:34,-121.4129966,47.4103016
Car-1,2009-02-28 18:04:36,-121.4129999,47.4103149
Car-1,2009-02-28 18:04:38,-121.4130083,47.4103299
Car-1,2009-02-28 18:04:40,-121.4130199,47.4103449
Car-1,2009-02-28 18:04:42,-121.4130266,47.410355
Car-1,2009-02-28 18:04:44,-121.4130383,47.4103633
Car-1,2009-02-28 18:04:46,-121.4130466,47.4103683
Car-1,2009-02-28 18:04:48,-121.4130549,47.4103866
Car-1,2009-02-28 18:04:50,-121.4130633,47.4103866
Car-1,2009-02-28 18:04:52,-121.4130699,47.4103799
Car-1,2009-02-28 18:04:54,-121.41308,47.4103666
Car-1,2009-02-28 18:04:56,-121.4130816,47.4103483
Car-1,2009-02-28 18:04:58,-121.4130933,47.4103366
Car-1,2009-02-28 18:05:00,-121.4130983,47.4103249
Car-1,2009-02-28 18:05:02,-121.4131,47.4103116
Car-1,2009-02-28 18:05:04,-121.4131066,47.4102999
Car-1,2009-02-28 18:05:06,-121.4131133,47.4102816
Car-1,2009-02-28 18:05:08,-121.4131116,47.4102633
Car-1,2009-02-28 18:05:10,-121.413115,47.4102483
Car-1,2009-02-28 18:05:12,-121.4131199,47.4102316
Car-1,2009-02-28 18:05:14,-121.41313,47.410215
Car-1,2009-02-28 18:05:16,-121.4131399,47.4101983
Car-1,2009-02-28 18:05:18,-121.4131433,47.4101816
Car-1,2009-02-28 18:05:20,-121.4131483,47.410165
Car-1,2009-02-28 18:05:22,-121.41315,47.4101466
Car-1,2009-02-28 18:05:24,-121.4131583,47.4101266
Car-1,2009-02-28 18:05:26,-121.413165,47.4101083
Car-1,2009-02-28 18:05:28,-121.4131733,47.4100933
Car-1,2009-02-28 18:09:55,-121.413165,47.4100199
Car-1,2009-02-28 18:50:41,-121.4131049,47.4095916
Car-1,2009-02-28 18:50:44,-121.41308,47.4096299
Car-1,2009-02-28 18:50:46,-121.4131116,47.4097383
Car-1,2009-02-28 18:50:48,-121.4131433,47.40978
Car-1,2009-02-28 18:50:50,-121.4131566,47.4098083
Car-1,2009-02-28 18:50:53,-121.4131899,47.4097966
Car-1,2009-02-28 18:50:55,-121.4132083,47.4097849
Car-1,2009-02-28 18:50:57,-121.4132249,47.4097783
Car-1,2009-02-28 18:50:59,-121.413235,47.4097583
Car-1,2009-02-28 18:51:01,-121.4132483,47.4097483
Car-1,2009-02-28 18:51:10,-121.4132566,47.4097483
Car-1,2009-02-28 18:51:12,-121.4132616,47.4097416
Car-1,2009-02-28 18:51:14,-121.4132649,47.4097366
Car-1,2009-02-28 18:51:29,-121.4132616,47.4097416
Car-1,2009-02-28 18:51:31,-121.4132649,47.4097333
Car-1,2009-02-28 18:51:53,-121.4132616,47.4097349
Car-1,2009-02-28 18:51:55,-121.4132583,47.4097399
Car-1,2009-02-28 18:51:56,-121.4132583,47.4097399
Car-1,2009-02-28 18:51:58,-121.4132533,47.4097483
Car-1,2009-02-28 18:52:00,-121.4132466,47.4097583
Car-1,2009-02-28 18:52:02,-121.4132499,47.4097616
Car-1,2009-02-28 18:52:07,-121.4132533,47.4097716
Car-1,2009-02-28 18:52:10,-121.4132533,47.4097716
Car-1,2009-02-28 18:52:12,-121.4132583,47.4097683
Car-1,2009-02-28 18:52:14,-121.4132716,47.4097633
Car-1,2009-02-28 18:52:16,-121.4132866,47.4097533
Car-1,2009-02-28 18:52:18,-121.4133083,47.40976
Car-1,2009-02-28 18:52:29,-121.4132933,47.409765
Car-1,2009-02-28 18:52:31,-121.4132883,47.4097616
Car-1,2009-02-28 18:52:33,-121.4133116,47.4097783
Car-1,2009-02-28 18:52:35,-121.413325,47.4097983
Car-1,2009-02-28 18:52:37,-121.4133166,47.4098033
Car-1,2009-02-28 18:52:43,-121.4133349,47.4098233
Car-1,2009-02-28 18:52:45,-121.4133216,47.4098249
Car-1,2009-02-28 18:52:47,-121.4133066,47.4098133
Car-1,2009-02-28 18:52:49,-121.4132966,47.4098099
Car-1,2009-02-28 18:52:51,-121.4132949,47.4098383
Car-1,2009-02-28 18:52:53,-121.4132816,47.4098983
Car-1,2009-02-28 18:52:55,-121.413255,47.4099249
Car-1,2009-02-28 18:52:57,-121.4132466,47.4099616
Car-1,2009-02-28 18:52:59,-121.4132333,47.4099816
Car-1,2009-02-28 18:53:01,-121.4132249,47.4099966
Car-1,2009-02-28 18:53:03,-121.413205,47.4100016
Car-1,2009-02-28 18:53:05,-121.4131933,47.4099866
Car-1,2009-02-28 18:53:07,-121.4132316,47.4100216
Car-1,2009-02-28 18:53:09,-121.4132483,47.4100333
Car-1,2009-02-28 18:53:11,-121.4132483,47.4100566
Car-1,2009-02-28 18:53:13,-121.4132449,47.4100966
Car-1,2009-02-28 18:53:15,-121.4132249,47.4101083
Car-1,2009-02-28 18:53:17,-121.41322,47.4101016
Car-1,2009-02-28 18:53:19,-121.4132233,47.4101049
Car-1,2009-02-28 18:53:21,-121.4132383,47.4101033
Car-1,2009-02-28 18:53:23,-121.4132599,47.4100983
Car-1,2009-02-28 18:53:25,-121.4132849,47.4101233
Car-1,2009-02-28 18:53:27,-121.4132849,47.4101466
Car-1,2009-02-28 18:53:29,-121.4132949,47.410165
Car-1,2009-02-28 18:53:31,-121.4133166,47.4101833
Car-1,2009-02-28 18:55:37,-121.4134349,47.41027
Car-1,2009-02-28 18:55:39,-121.4133383,47.4102366
Car-1,2009-02-28 18:55:41,-121.4132966,47.4102316
Car-1,2009-02-28 18:55:43,-121.4132816,47.410215
Car-1,2009-02-28 18:55:45,-121.4132733,47.4101633
Car-1,2009-02-28 18:55:49,-121.4132416,47.4100983
Car-1,2009-02-28 18:55:51,-121.413235,47.4100683
Car-1,2009-02-28 18:55:53,-121.4132366,47.4100483
Car-1,2009-02-28 18:55:55,-121.413235,47.4100316
Car-1,2009-02-28 18:55:57,-121.4132383,47.41001
Car-1,2009-02-28 18:55:59,-121.4132516,47.410005
Car-1,2009-02-28 18:56:02,-121.413255,47.4099866
Car-1,2009-02-28 18:56:04,-121.4132583,47.4099799
Car-1,2009-02-28 18:56:06,-121.4132449,47.4099466
Car-1,2009-02-28 18:56:08,-121.4132366,47.4099233
Car-1,2009-02-28 18:56:10,-121.4132483,47.40992
Car-1,2009-02-28 18:56:12,-121.4132533,47.4098949
Car-1,2009-02-28 18:56:14,-121.4132583,47.40987
Car-1,2009-02-28 18:56:16,-121.4132516,47.4098483
Car-1,2009-02-28 18:56:18,-121.413235,47.4098366
Car-1,2009-02-28 18:56:20,-121.4132149,47.4098083
Car-1,2009-02-28 18:56:23,-121.4132083,47.4097899
Car-1,2009-02-28 18:56:27,-121.4132249,47.4097916
Car-1,2009-02-28 18:56:29,-121.4132499,47.4097833
Car-1,2009-02-28 18:56:31,-121.4132683,47.4097766
Car-1,2009-02-28 18:56:33,-121.41329,47.409765
Car-1,2009-02-28 18:56:35,-121.413305,47.4097483
Car-1,2009-02-28 18:56:37,-121.4133166,47.4097316
Car-1,2009-02-28 18:56:39,-121.4133316,47.4097166
Car-1,2009-02-28 18:56:41,-121.4133499,47.4097066
Car-1,2009-02-28 18:56:43,-121.4133633,47.4096983
Car-1,2009-02-28 18:56:45,-121.4133899,47.4096966
Car-1,2009-02-28 18:56:47,-121.4134149,47.409695
Car-1,2009-02-28 18:56:49,-121.4134416,47.4096733
Car-1,2009-02-28 18:56:51,-121.413465,47.4096716
Car-1,2009-02-28 18:56:53,-121.4134883,47.4096699
Car-1,2009-02-28 18:56:55,-121.4135033,47.409655
Car-1,2009-02-28 18:56:57,-121.4135283,47.4096416
Car-1,2009-02-28 18:56:59,-121.4135433,47.4096316
Car-1,2009-02-28 18:57:01,-121.4135549,47.4096383
Car-1,2009-02-28 18:57:03,-121.41357,47.4096499
Car-1,2009-02-28 18:57:05,-121.4135866,47.409675
Car-1,2009-02-28 18:57:07,-121.4136,47.4096583
Car-1,2009-02-28 18:57:10,-121.4136,47.4096583
Car-1,2009-02-28 18:57:12,-121.4136066,47.4096633
Car-1,2009-02-28 18:57:21,-121.4136149,47.4096733
Car-1,2009-02-28 18:57:26,-121.4136116,47.4096766
Car-1,2009-02-28 18:57:28,-121.41362,47.4096849
Car-1,2009-02-28 18:57:30,-121.4136266,47.4097016
Car-1,2009-02-28 18:57:32,-121.4136433,47.4097516
Car-1,2009-02-28 18:57:36,-121.4136716,47.4098033
Car-1,2009-02-28 18:57:38,-121.4136916,47.409835
Car-1,2009-02-28 18:57:40,-121.413705,47.4098616
Car-1,2009-02-28 18:57:42,-121.4137216,47.4098949
Car-1,2009-02-28 18:57:44,-121.4137233,47.4099316
Car-1,2009-02-28 18:57:46,-121.4137233,47.4099683
Car-1,2009-02-28 18:57:48,-121.4137183,47.4099916
Car-1,2009-02-28 18:57:50,-121.4137233,47.410025
Car-1,2009-02-28 18:57:52,-121.4137283,47.4100583
Car-1,2009-02-28 18:57:54,-121.4137299,47.4100649
Car-1,2009-02-28 18:57:56,-121.4137299,47.41008
Car-1,2009-02-28 18:57:58,-121.413725,47.41011
Car-1,2009-02-28 18:58:00,-121.413725,47.410145
Car-1,2009-02-28 18:58:02,-121.4137266,47.4101733
Car-1,2009-02-28 18:58:06,-121.4137166,47.4101833
Car-1,2009-02-28 18:58:08,-121.4137199,47.4102116
Car-1,2009-02-28 18:58:10,-121.4137233,47.4102383
Car-1,2009-02-28 18:58:12,-121.413725,47.4102666
Car-1,2009-02-28 18:58:14,-121.4137199,47.4102999
Car-1,2009-02-28 18:58:16,-121.4137016,47.4103283
Car-1,2009-02-28 18:58:18,-121.4136733,47.410355
Car-1,2009-02-28 18:58:22,-121.4135966,47.4104199
Car-1,2009-02-28 18:58:26,-121.4135066,47.41048
Car-1,2009-02-28 18:58:30,-121.4134283,47.4105349
Car-1,2009-02-28 18:58:32,-121.4133883,47.4105349
Car-1,2009-02-28 18:58:37,-121.41336,47.4105316
Car-1,2009-02-28 18:58:41,-121.4133583,47.41053
Car-1,2009-02-28 18:58:53,-121.4133583,47.41053
Car-1,2009-02-28 18:58:55,-121.4133533,47.41053
Car-1,2009-02-28 18:59:07,-121.41334,47.4105283
Car-1,2009-02-28 18:59:09,-121.4133216,47.4105249
Car-1,2009-02-28 18:59:26,-121.41331,47.4105249
Car-1,2009-02-28 18:59:28,-121.413305,47.4105266
Car-1,2009-02-28 19:00:09,-121.413305,47.4105266
Car-1,2009-02-28 19:00:11,-121.4132983,47.4105266
Car-1,2009-02-28 19:00:58,-121.4132883,47.41053
Car-1,2009-02-28 19:01:27,-121.4132783,47.4105316
Car-1,2009-02-28 19:02:05,-121.4132683,47.4105316
Car-1,2009-02-28 19:02:07,-121.4132649,47.4105316
Car-1,2009-02-28 19:06:04,-121.4132233,47.41055
Car-1,2009-02-28 19:06:35,-121.4132099,47.4105583
Car-1,2009-02-28 19:07:22,-121.4132099,47.4105549
Car-1,2009-02-28 19:07:32,-121.4132099,47.4105549
Car-1,2009-02-28 19:07:34,-121.4132083,47.4105549
Car-1,2009-02-28 19:07:36,-121.4132183,47.4105583
Car-1,2009-02-28 19:07:38,-121.4132266,47.4105616
Car-1,2009-02-28 19:07:41,-121.4132466,47.4105716
Car-1,2009-02-28 19:07:43,-121.4132583,47.4105749
Car-1,2009-02-28 19:07:44,-121.4132583,47.4105749
Car-1,2009-02-28 19:07:46,-121.4132583,47.4105749
Car-1,2009-02-28 19:07:48,-121.4132766,47.41058
Car-1,2009-02-28 19:07:50,-121.4132916,47.4105866
Car-1,2009-02-28 19:07:52,-121.413325,47.4106049
Car-1,2009-02-28 19:07:56,-121.4133883,47.4106216
Car-1,2009-02-28 19:07:58,-121.4134166,47.4106416
Car-1,2009-02-28 19:08:02,-121.4134816,47.4106649
Car-1,2009-02-28 19:08:04,-121.4135233,47.4106716
Car-1,2009-02-28 19:08:08,-121.4135833,47.4106883
Car-1,2009-02-28 19:08:10,-121.4136016,47.4106933
Car-1,2009-02-28 19:08:14,-121.4136766,47.4107033
Car-1,2009-02-28 19:08:18,-121.41376,47.4107333
Car-1,2009-02-28 19:08:20,-121.4138049,47.4107516
Car-1,2009-02-28 19:08:24,-121.4138783,47.4107716
Car-1,2009-02-28 19:08:26,-121.4139283,47.4107816
Car-1,2009-02-28 19:08:30,-121.414025,47.4107816
Car-1,2009-02-28 19:08:32,-121.4140766,47.4108016
Car-1,2009-02-28 19:08:36,-121.4141499,47.4108066
Car-1,2009-02-28 19:08:38,-121.4141666,47.4108066
Car-1,2009-02-28 19:08:40,-121.4141933,47.4108049
Car-1,2009-02-28 19:08:42,-121.4142066,47.4107966
Car-1,2009-02-28 19:08:44,-121.4142283,47.4107699
Car-1,2009-02-28 19:08:46,-121.4142416,47.4107866
Car-1,2009-02-28 19:08:48,-121.4142633,47.4107766
Car-1,2009-02-28 19:08:50,-121.4142783,47.4107666
Car-1,2009-02-28 19:08:52,-121.4142983,47.4107633
Car-1,2009-02-28 19:08:54,-121.4143233,47.4107816
Car-1,2009-02-28 19:08:56,-121.4143533,47.4107983
Car-1,2009-02-28 19:08:58,-121.4143949,47.4108116
Car-1,2009-02-28 19:09:00,-121.4144299,47.4108266
Car-1,2009-02-28 19:09:02,-121.4144633,47.4108316
Car-1,2009-02-28 19:09:04,-121.4144999,47.410845
Car-1,2009-02-28 19:09:06,-121.4145599,47.4108616
Car-1,2009-02-28 19:09:10,-121.4146416,47.4108666
Car-1,2009-02-28 19:09:12,-121.41467,47.41086
Car-1,2009-02-28 19:09:14,-121.4147116,47.4108616
Car-1,2009-02-28 19:09:16,-121.4147533,47.4108733
Car-1,2009-02-28 19:09:18,-121.4148166,47.410895
Car-1,2009-02-28 19:09:20,-121.4148649,47.4109099
Car-1,2009-02-28 19:09:24,-121.4149399,47.4109233
Car-1,2009-02-28 19:09:26,-121.41498,47.4109316
Car-1,2009-02-28 19:09:28,-121.4150233,47.4109399
Car-1,2009-02-28 19:09:30,-121.4150649,47.4109416
Car-1,2009-02-28 19:09:32,-121.4151099,47.4109483
Car-1,2009-02-28 19:09:34,-121.415155,47.4109566
Car-1,2009-02-28 19:09:36,-121.4152033,47.4109733
Car-1,2009-02-28 19:09:40,-121.4153016,47.4109933
Car-1,2009-02-28 19:09:42,-121.4153416,47.4110116
Car-1,2009-02-28 19:09:46,-121.415435,47.4110266
Car-1,2009-02-28 19:09:50,-121.4155299,47.4110283
Car-1,2009-02-28 19:09:52,-121.4155666,47.4110266
Car-1,2009-02-28 19:09:54,-121.4156133,47.411035
Car-1,2009-02-28 19:09:56,-121.4156483,47.4110483
Car-1,2009-02-28 19:09:58,-121.415695,47.4110566
Car-1,2009-02-28 19:10:00,-121.4157333,47.4110516
Car-1,2009-02-28 19:10:02,-121.4157749,47.4110483
Car-1,2009-02-28 19:10:04,-121.4158166,47.4110433
Car-1,2009-02-28 19:10:06,-121.4158483,47.4110483
Car-1,2009-02-28 19:10:08,-121.4158783,47.4110533
Car-1,2009-02-28 19:10:10,-121.4158933,47.4110666
Car-1,2009-02-28 19:10:12,-121.4159166,47.4110816
Car-1,2009-02-28 19:10:14,-121.4159583,47.4110949
Car-1,2009-02-28 19:10:18,-121.4160483,47.4111149
Car-1,2009-02-28 19:10:22,-121.4161333,47.4111316
Car-1,2009-02-28 19:10:24,-121.41617,47.4111349
Car-1,2009-02-28 19:10:26,-121.4161999,47.4111366
Car-1,2009-02-28 19:10:28,-121.4162483,47.4111466
Car-1,2009-02-28 19:10:30,-121.4163066,47.4111533
Car-1,2009-02-28 19:10:32,-121.4163583,47.41116
Car-1,2009-02-28 19:10:34,-121.4164166,47.4111699
Car-1,2009-02-28 19:10:38,-121.4164916,47.4111683
Car-1,2009-02-28 19:10:40,-121.4165216,47.4111766
Car-1,2009-02-28 19:10:42,-121.4165533,47.4111883
Car-1,2009-02-28 19:10:44,-121.4165983,47.4111983
Car-1,2009-02-28 19:10:48,-121.4167016,47.4112016
Car-1,2009-02-28 19:10:50,-121.4167199,47.4112066
Car-1,2009-02-28 19:10:52,-121.4167549,47.4112049
Car-1,2009-02-28 19:10:54,-121.4167816,47.41121
Car-1,2009-02-28 19:10:56,-121.4168266,47.4112233
Car-1,2009-02-28 19:10:58,-121.4168666,47.41123
Car-1,2009-02-28 19:11:00,-121.4169083,47.4112316
Car-1,2009-02-28 19:11:02,-121.4169433,47.4112349
Car-1,2009-02-28 19:11:04,-121.4169866,47.4112416
Car-1,2009-02-28 19:11:06,-121.4170316,47.41125
Car-1,2009-02-28 19:11:10,-121.4171033,47.4112716
Car-1,2009-02-28 19:11:12,-121.4171433,47.41128
Car-1,2009-02-28 19:11:14,-121.4171883,47.4112899
Car-1,2009-02-28 19:11:16,-121.4172316,47.4112916
Car-1,2009-02-28 19:11:18,-121.41727,47.4112983
Car-1,2009-02-28 19:11:20,-121.4173183,47.4113033
Car-1,2009-02-28 19:11:24,-121.4174266,47.4113216
Car-1,2009-02-28 19:11:26,-121.4174733,47.4113333
Car-1,2009-02-28 19:11:28,-121.417515,47.411335
Car-1,2009-02-28 19:11:30,-121.4175516,47.4113366
Car-1,2009-02-28 19:11:34,-121.4176299,47.4113449
Car-1,2009-02-28 19:11:36,-121.417655,47.4113549
Car-1,2009-02-28 19:11:38,-121.4176816,47.4113599
Car-1,2009-02-28 19:11:40,-121.4177099,47.4113683
Car-1,2009-02-28 19:11:42,-121.4177449,47.4113766
Car-1,2009-02-28 19:11:44,-121.4177833,47.4113783
Car-1,2009-02-28 19:11:46,-121.4178216,47.4113833
Car-1,2009-02-28 19:11:48,-121.41786,47.4113883
Car-1,2009-02-28 19:11:50,-121.4178816,47.4114033
Car-1,2009-02-28 19:11:52,-121.4179249,47.411405
Car-1,2009-02-28 19:11:54,-121.418005,47.4113866
Car-1,2009-02-28 19:11:56,-121.418055,47.4113983
Car-1,2009-02-28 19:12:00,-121.4181899,47.41144
Car-1,2009-02-28 19:12:04,-121.4183299,47.4114266
Car-1,2009-02-28 19:12:08,-121.4183249,47.4114599
Car-1,2009-02-28 19:12:11,-121.4183433,47.4114666
Car-1,2009-02-28 19:12:13,-121.4183649,47.4114633
Car-1,2009-02-28 19:12:15,-121.4184283,47.4114933
Car-1,2009-02-28 19:12:19,-121.418475,47.4115633
Car-1,2009-02-28 19:12:21,-121.4184433,47.4115833
Car-1,2009-02-28 19:12:23,-121.4183666,47.4116033
Car-1,2009-02-28 19:12:25,-121.4183449,47.4116033
Car-1,2009-02-28 19:12:29,-121.418355,47.4116016
Car-1,2009-02-28 19:13:08,-121.418355,47.4116016
Car-1,2009-02-28 19:13:10,-121.4183583,47.4116016
Car-1,2009-02-28 19:13:15,-121.4183683,47.4116049
Car-1,2009-02-28 19:13:17,-121.418355,47.4115933
Car-1,2009-02-28 19:13:19,-121.41832,47.4115849
Car-1,2009-02-28 19:13:23,-121.4182083,47.4116049
Car-1,2009-02-28 19:13:27,-121.4181016,47.411575
Car-1,2009-02-28 19:13:31,-121.4179616,47.4115533
Car-1,2009-02-28 19:13:35,-121.4177999,47.4115116
Car-1,2009-02-28 19:13:39,-121.4175866,47.4115416
Car-1,2009-02-28 19:13:43,-121.4173933,47.4114949
Car-1,2009-02-28 19:13:47,-121.4171833,47.411455
Car-1,2009-02-28 19:13:51,-121.4169266,47.4113983
Car-1,2009-02-28 19:13:55,-121.4166266,47.4113483
Car-1,2009-02-28 19:13:59,-121.4163083,47.411315
Car-1,2009-02-28 19:14:03,-121.4159766,47.41128
Car-1,2009-02-28 19:14:07,-121.4156583,47.41121
Car-1,2009-02-28 19:14:11,-121.41542,47.4111416
Car-1,2009-02-28 19:14:15,-121.4150866,47.41116
Car-1,2009-02-28 19:14:19,-121.4147433,47.41107
Car-1,2009-02-28 19:14:23,-121.4144366,47.4110733
Car-1,2009-02-28 19:14:27,-121.4142083,47.4109749
Car-1,2009-02-28 19:14:31,-121.4141183,47.4109566
Car-1,2009-02-28 19:14:35,-121.4138366,47.4109466
Car-1,2009-02-28 19:14:39,-121.4137066,47.4108433
Car-1,2009-02-28 19:14:43,-121.4134666,47.4107833
Car-1,2009-02-28 19:14:47,-121.4133183,47.4107449
Car-1,2009-02-28 19:14:49,-121.4132516,47.4107633
Car-1,2009-02-28 19:16:05,-121.4131783,47.4107666
Car-1,2009-02-28 19:17:05,-121.4131683,47.4107666
Car-1,2009-02-28 19:20:22,-121.4131399,47.4107383
Car-1,2009-02-28 19:20:24,-121.4131466,47.4107333
Car-1,2009-02-28 19:20:26,-121.4131399,47.41072
Car-1,2009-02-28 19:20:28,-121.4131266,47.4106999
Car-1,2009-02-28 19:20:30,-121.4131333,47.4107033
Car-1,2009-02-28 19:20:32,-121.4131133,47.4106833
Car-1,2009-02-28 19:20:34,-121.413135,47.4106883
Car-1,2009-02-28 19:20:36,-121.4131566,47.4106933
Car-1,2009-02-28 19:20:44,-121.41317,47.4106966
Car-1,2009-02-28 19:20:46,-121.4131866,47.4107016
Car-1,2009-02-28 19:20:48,-121.4132,47.4107066
Car-1,2009-02-28 19:20:50,-121.4132249,47.4107166
Car-1,2009-02-28 19:20:52,-121.4132499,47.4107216
Car-1,2009-02-28 19:20:54,-121.4132799,47.4107233
Car-1,2009-02-28 19:20:56,-121.413305,47.4107283
Car-1,2009-02-28 19:20:58,-121.4133383,47.4107316
Car-1,2009-02-28 19:21:00,-121.4133799,47.4107383
Car-1,2009-02-28 19:21:02,-121.4134133,47.4107366
Car-1,2009-02-28 19:21:04,-121.4134549,47.4107383
Car-1,2009-02-28 19:21:06,-121.4135,47.4107449
Car-1,2009-02-28 19:21:08,-121.4135399,47.4107533
Car-1,2009-02-28 19:21:10,-121.4135783,47.41076
Car-1,2009-02-28 19:21:12,-121.4136316,47.4107666
Car-1,2009-02-28 19:21:14,-121.4136866,47.4107866
Car-1,2009-02-28 19:21:16,-121.4137333,47.4107933
Car-1,2009-02-28 19:21:18,-121.4137983,47.410795
Car-1,2009-02-28 19:21:22,-121.413885,47.4108049
Car-1,2009-02-28 19:21:24,-121.4139283,47.4108133
Car-1,2009-02-28 19:21:28,-121.4139983,47.410825
Car-1,2009-02-28 19:21:30,-121.4140333,47.4108283
Car-1,2009-02-28 19:21:32,-121.4140649,47.41083
Car-1,2009-02-28 19:21:34,-121.4140983,47.4108333
Car-1,2009-02-28 19:21:36,-121.4141366,47.4108383
Car-1,2009-02-28 19:21:38,-121.4141766,47.4108416
Car-1,2009-02-28 19:21:40,-121.4142166,47.410845
Car-1,2009-02-28 19:21:42,-121.4142566,47.4108466
Car-1,2009-02-28 19:21:44,-121.4142966,47.4108516
Car-1,2009-02-28 19:21:46,-121.414335,47.4108566
Car-1,2009-02-28 19:21:48,-121.4143733,47.41086
Car-1,2009-02-28 19:21:50,-121.4144066,47.410865
Car-1,2009-02-28 19:21:52,-121.4144499,47.4108699
Car-1,2009-02-28 19:21:54,-121.4144933,47.4108749
Car-1,2009-02-28 19:21:56,-121.4145266,47.4108816
Car-1,2009-02-28 19:21:58,-121.4145499,47.4108866
Car-1,2009-02-28 19:22:00,-121.4145733,47.4108933
Car-1,2009-02-28 19:22:02,-121.4146016,47.4108983
Car-1,2009-02-28 19:22:04,-121.4146249,47.4109033
Car-1,2009-02-28 19:22:06,-121.41465,47.4109116
Car-1,2009-02-28 19:22:08,-121.4146749,47.4109166
Car-1,2009-02-28 19:22:10,-121.4146983,47.4109233
Car-1,2009-02-28 19:22:12,-121.4147283,47.4109316
Car-1,2009-02-28 19:22:14,-121.4147616,47.4109366
Car-1,2009-02-28 19:22:16,-121.4148016,47.4109449
Car-1,2009-02-28 19:22:18,-121.4148416,47.4109516
Car-1,2009-02-28 19:22:20,-121.41488,47.4109616
Car-1,2009-02-28 19:22:22,-121.4149216,47.4109666
Car-1,2009-02-28 19:22:24,-121.4149533,47.4109716
Car-1,2009-02-28 19:22:26,-121.4149899,47.4109766
Car-1,2009-02-28 19:22:28,-121.415035,47.4109833
Car-1,2009-02-28 19:22:30,-121.4150783,47.4109899
Car-1,2009-02-28 19:22:32,-121.41512,47.4109949
Car-1,2009-02-28 19:22:34,-121.4151566,47.411005
Car-1,2009-02-28 19:22:36,-121.4151933,47.4110166
Car-1,2009-02-28 19:22:38,-121.41523,47.4110299
Car-1,2009-02-28 19:22:40,-121.4152666,47.4110383
Car-1,2009-02-28 19:22:42,-121.4153099,47.4110483
Car-1,2009-02-28 19:22:44,-121.4153399,47.411055
Car-1,2009-02-28 19:22:46,-121.4153716,47.4110616
Car-1,2009-02-28 19:22:48,-121.4154149,47.4110683
Car-1,2009-02-28 19:22:50,-121.4154616,47.4110716
Car-1,2009-02-28 19:22:52,-121.4154966,47.4110866
Car-1,2009-02-28 19:22:54,-121.4155333,47.4110949
Car-1,2009-02-28 19:22:56,-121.4155633,47.4110983
Car-1,2009-02-28 19:22:58,-121.415595,47.4111033
Car-1,2009-02-28 19:23:00,-121.4156216,47.41111
Car-1,2009-02-28 19:23:02,-121.4156499,47.4111116
Car-1,2009-02-28 19:23:04,-121.4156749,47.4111199
Car-1,2009-02-28 19:23:06,-121.4157,47.4111283
Car-1,2009-02-28 19:23:08,-121.41573,47.4111333
Car-1,2009-02-28 19:23:10,-121.4157583,47.41114
Car-1,2009-02-28 19:23:12,-121.4157816,47.4111483
Car-1,2009-02-28 19:23:14,-121.4158033,47.4111633
Car-1,2009-02-28 19:23:16,-121.4158366,47.4111666
Car-1,2009-02-28 19:23:18,-121.4158683,47.4111716
Car-1,2009-02-28 19:23:20,-121.4158999,47.4111699
Car-1,2009-02-28 19:23:22,-121.4159283,47.4111733
Car-1,2009-02-28 19:23:24,-121.4159616,47.411175
Car-1,2009-02-28 19:23:26,-121.4159899,47.4111849
Car-1,2009-02-28 19:23:28,-121.4160183,47.4111883
Car-1,2009-02-28 19:23:30,-121.41605,47.4111933
Car-1,2009-02-28 19:23:32,-121.41608,47.4111933
Car-1,2009-02-28 19:23:34,-121.4161116,47.411195
Car-1,2009-02-28 19:23:36,-121.4161383,47.4112033
Car-1,2009-02-28 19:23:38,-121.4161616,47.4112166
Car-1,2009-02-28 19:23:40,-121.4161916,47.4112166
Car-1,2009-02-28 19:23:42,-121.4162183,47.4112183
Car-1,2009-02-28 19:23:44,-121.4162416,47.411215
Car-1,2009-02-28 19:23:46,-121.4162699,47.4112116
Car-1,2009-02-28 19:23:48,-121.4162966,47.4112083
Car-1,2009-02-28 19:23:50,-121.416325,47.4112066
Car-1,2009-02-28 19:23:52,-121.4163549,47.41121
Car-1,2009-02-28 19:23:54,-121.4163849,47.41121
Car-1,2009-02-28 19:23:56,-121.4164066,47.4112183
Car-1,2009-02-28 19:23:58,-121.416435,47.4112183
Car-1,2009-02-28 19:24:00,-121.4164616,47.4112233
Car-1,2009-02-28 19:24:02,-121.4164899,47.4112283
Car-1,2009-02-28 19:24:04,-121.4165166,47.4112333
Car-1,2009-02-28 19:24:06,-121.4165433,47.4112399
Car-1,2009-02-28 19:24:08,-121.4165633,47.4112416
Car-1,2009-02-28 19:24:10,-121.41659,47.4112466
Car-1,2009-02-28 19:24:12,-121.4166183,47.4112466
Car-1,2009-02-28 19:24:14,-121.4166466,47.41125
Car-1,2009-02-28 19:24:16,-121.4166733,47.4112533
Car-1,2009-02-28 19:24:18,-121.4167033,47.4112566
Car-1,2009-02-28 19:24:20,-121.4167233,47.4112733
Car-1,2009-02-28 19:24:22,-121.416745,47.4112883
Car-1,2009-02-28 19:24:24,-121.4167733,47.4112966
Car-1,2009-02-28 19:24:26,-121.4168,47.4113049
Car-1,2009-02-28 19:24:29,-121.4168083,47.4113283
Car-1,2009-02-28 19:24:40,-121.4168083,47.4113416
Car-1,2009-02-28 19:24:44,-121.4168183,47.4113433
Car-1,2009-02-28 19:24:46,-121.416835,47.4113449
Car-1,2009-02-28 19:24:48,-121.4168599,47.41135
Car-1,2009-02-28 19:24:50,-121.4168866,47.4113616
Car-1,2009-02-28 19:24:52,-121.41692,47.4113749
Car-1,2009-02-28 19:24:54,-121.4169566,47.4113983
Car-1,2009-02-28 19:24:58,-121.4170366,47.4114233
Car-1,2009-02-28 19:25:00,-121.417095,47.4113916
Car-1,2009-02-28 19:25:04,-121.4171866,47.4113933
Car-1,2009-02-28 19:25:06,-121.4172299,47.4114083
Car-1,2009-02-28 19:25:08,-121.4172683,47.4114216
Car-1,2009-02-28 19:25:10,-121.417305,47.4114383
Car-1,2009-02-28 19:25:12,-121.4173433,47.4114483
Car-1,2009-02-28 19:25:14,-121.4173833,47.411455
Car-1,2009-02-28 19:25:16,-121.417425,47.4114566
Car-1,2009-02-28 19:25:18,-121.4174633,47.4114583
Car-1,2009-02-28 19:25:20,-121.4175033,47.4114666
Car-1,2009-02-28 19:25:22,-121.4175533,47.4114566
Car-1,2009-02-28 19:25:24,-121.4175883,47.4114583
Car-1,2009-02-28 19:25:26,-121.4176216,47.4114633
Car-1,2009-02-28 19:25:28,-121.4176633,47.4114599
Car-1,2009-02-28 19:25:30,-121.4177099,47.4114583
Car-1,2009-02-28 19:25:32,-121.4177483,47.4114566
Car-1,2009-02-28 19:25:36,-121.4178433,47.411455
Car-1,2009-02-28 19:25:38,-121.4178833,47.4114649
Car-1,2009-02-28 19:25:40,-121.4179283,47.4114766
Car-1,2009-02-28 19:25:42,-121.41797,47.4114866
Car-1,2009-02-28 19:25:44,-121.4180083,47.4114866
Car-1,2009-02-28 19:25:48,-121.4181166,47.4115033
Car-1,2009-02-28 19:25:52,-121.418175,47.4114866
Car-1,2009-02-28 19:25:54,-121.4182483,47.4114733
Car-1,2009-02-28 19:25:56,-121.4183066,47.4114716
Car-1,2009-02-28 19:25:58,-121.4183566,47.4114649
Car-1,2009-02-28 19:26:00,-121.4183649,47.4114583
Car-1,2009-02-28 19:26:02,-121.4183749,47.411475
Car-1,2009-02-28 19:26:04,-121.4184266,47.4114983
Car-1,2009-02-28 19:26:08,-121.4184233,47.4115983
Car-1,2009-02-28 19:26:12,-121.4182966,47.411615
Car-1,2009-02-28 19:26:16,-121.4181816,47.4116533
Car-1,2009-02-28 19:26:20,-121.4180366,47.4115916
Car-1,2009-02-28 19:26:24,-121.4178433,47.4116016
Car-1,2009-02-28 19:26:28,-121.4176633,47.4115883
Car-1,2009-02-28 19:26:32,-121.4174133,47.4114966
Car-1,2009-02-28 19:26:36,-121.4172116,47.4114916
Car-1,2009-02-28 19:26:40,-121.4170416,47.4114449
Car-1,2009-02-28 19:26:44,-121.4168283,47.4113933
Car-1,2009-02-28 19:26:48,-121.4166099,47.4114033
Car-1,2009-02-28 19:26:52,-121.4163066,47.4113366
Car-1,2009-02-28 19:26:56,-121.4159983,47.4112899
Car-1,2009-02-28 19:27:00,-121.4156466,47.411195
Car-1,2009-02-28 19:27:04,-121.415435,47.41104
Car-1,2009-02-28 19:27:08,-121.4153416,47.4108916
Car-1,2009-02-28 19:27:12,-121.4152466,47.4107716
Car-1,2009-02-28 19:27:16,-121.4151233,47.4106666
Car-1,2009-02-28 19:27:20,-121.4150949,47.4105816
Car-1,2009-02-28 19:27:24,-121.4150883,47.41053
Car-1,2009-02-28 19:27:26,-121.4150916,47.4105066
Car-1,2009-02-28 19:27:28,-121.4151166,47.4104633
Car-1,2009-02-28 19:27:30,-121.4151083,47.4104366
Car-1,2009-02-28 19:27:32,-121.4151016,47.4104149
Car-1,2009-02-28 19:27:34,-121.4151033,47.4103949
Car-1,2009-02-28 19:27:36,-121.4150949,47.4103666
Car-1,2009-02-28 19:27:38,-121.4150883,47.410355
Car-1,2009-02-28 19:27:40,-121.4150933,47.4103583
Car-1,2009-02-28 19:27:44,-121.4150416,47.4102666
Car-1,2009-02-28 19:27:48,-121.4149583,47.4101733
Car-1,2009-02-28 19:27:52,-121.4149033,47.4101049
Car-1,2009-02-28 19:27:56,-121.4148549,47.4100299
Car-1,2009-02-28 19:27:58,-121.414845,47.4099916
Car-1,2009-02-28 19:28:00,-121.41486,47.4099683
Car-1,2009-02-28 19:28:02,-121.4148583,47.4099366
Car-1,2009-02-28 19:28:06,-121.4148483,47.4098683
Car-1,2009-02-28 19:28:08,-121.4148499,47.4098516
Car-1,2009-02-28 19:28:10,-121.41484,47.409835
Car-1,2009-02-28 19:28:12,-121.4148266,47.4098066
Car-1,2009-02-28 19:28:14,-121.41477,47.4097583
Car-1,2009-02-28 19:28:18,-121.4145583,47.4097349
Car-1,2009-02-28 19:28:22,-121.41439,47.4097933
Car-1,2009-02-28 19:28:26,-121.4142383,47.4097966
Car-1,2009-02-28 19:28:30,-121.4142249,47.4097816
Car-1,2009-02-28 19:28:32,-121.4142066,47.4097683
Car-1,2009-02-28 19:28:34,-121.4141883,47.4097733
Car-1,2009-02-28 19:28:36,-121.4141733,47.4097749
Car-1,2009-02-28 19:28:38,-121.4141416,47.4097749
Car-1,2009-02-28 19:29:25,-121.4141316,47.4097783
Car-1,2009-02-28 19:31:33,-121.4140799,47.40978
Car-1,2009-02-28 19:31:34,-121.4140799,47.40978
Car-1,2009-02-28 19:31:36,-121.4140833,47.4097816
Car-1,2009-02-28 19:31:53,-121.4140216,47.4097933
Car-1,2009-02-28 19:32:00,-121.4140216,47.4097933
Car-1,2009-02-28 19:32:02,-121.4140183,47.409795
Car-1,2009-02-28 19:32:17,-121.4139949,47.4098049
Car-1,2009-02-28 19:32:31,-121.4139866,47.4098116
Car-1,2009-02-28 19:32:33,-121.4139799,47.4098166
Car-1,2009-02-28 19:32:39,-121.4139516,47.4098333
Car-1,2009-02-28 19:32:41,-121.4139433,47.4098483
Car-1,2009-02-28 19:32:46,-121.4139283,47.4098516
Car-1,2009-02-28 19:32:48,-121.4139316,47.4098449
Car-1,2009-02-28 19:32:56,-121.4139249,47.4098599
Car-1,2009-02-28 19:32:58,-121.4139233,47.40985
Car-1,2009-02-28 19:33:00,-121.4139216,47.4098549
Car-1,2009-02-28 19:33:02,-121.4139249,47.4098566
Car-1,2009-02-28 19:33:04,-121.4139166,47.4098799
Car-1,2009-02-28 19:33:08,-121.4139166,47.4098799
Car-1,2009-02-28 19:33:10,-121.4139249,47.4098749
Car-1,2009-02-28 19:33:12,-121.4139466,47.4098733
Car-1,2009-02-28 19:33:14,-121.4139749,47.4098633
Car-1,2009-02-28 19:33:16,-121.4140149,47.4098566
Car-1,2009-02-28 19:33:18,-121.41404,47.40987
Car-1,2009-02-28 19:33:20,-121.4140883,47.4098966
Car-1,2009-02-28 19:33:22,-121.4141466,47.4099099
Car-1,2009-02-28 19:33:26,-121.4142433,47.4099249
Car-1,2009-02-28 19:33:30,-121.4143416,47.4099333
Car-1,2009-02-28 19:33:32,-121.4143883,47.4099366
Car-1,2009-02-28 19:33:36,-121.4144666,47.4099449
Car-1,2009-02-28 19:33:38,-121.4145149,47.4099466
Car-1,2009-02-28 19:33:42,-121.4146133,47.409955
Car-1,2009-02-28 19:33:44,-121.4146533,47.4099583
Car-1,2009-02-28 19:33:48,-121.414735,47.4099666
Car-1,2009-02-28 19:33:50,-121.4147716,47.4099716
Car-1,2009-02-28 19:33:54,-121.4148516,47.4099849
Car-1,2009-02-28 19:33:58,-121.4149333,47.4099966
Car-1,2009-02-28 19:34:00,-121.4149633,47.4099949
Car-1,2009-02-28 19:34:02,-121.4150033,47.410005
Car-1,2009-02-28 19:34:04,-121.4150399,47.4100033
Car-1,2009-02-28 19:34:06,-121.4150766,47.4100066
Car-1,2009-02-28 19:34:08,-121.4151116,47.4100133
Car-1,2009-02-28 19:34:10,-121.4151483,47.4100216
Car-1,2009-02-28 19:34:12,-121.4151916,47.4100283
Car-1,2009-02-28 19:34:16,-121.4152733,47.4100416
Car-1,2009-02-28 19:34:18,-121.4153166,47.4100533
Car-1,2009-02-28 19:34:22,-121.4154066,47.4100716
Car-1,2009-02-28 19:34:26,-121.4154683,47.4100816
Car-1,2009-02-28 19:34:28,-121.4154983,47.4100866
Car-1,2009-02-28 19:34:30,-121.4155316,47.4100916
Car-1,2009-02-28 19:34:32,-121.4155633,47.410095
Car-1,2009-02-28 19:34:34,-121.4155899,47.410095
Car-1,2009-02-28 19:34:36,-121.4156166,47.410095
Car-1,2009-02-28 19:34:38,-121.4156566,47.4100899
Car-1,2009-02-28 19:34:40,-121.4156883,47.4100816
Car-1,2009-02-28 19:34:44,-121.4157799,47.4100866
Car-1,2009-02-28 19:34:48,-121.4158649,47.4100933
Car-1,2009-02-28 19:34:50,-121.41591,47.4100999
Car-1,2009-02-28 19:34:52,-121.4159549,47.41011
Car-1,2009-02-28 19:34:56,-121.416045,47.4101216
Car-1,2009-02-28 19:34:58,-121.4160883,47.4101283
Car-1,2009-02-28 19:35:00,-121.416135,47.4101366
Car-1,2009-02-28 19:35:02,-121.4161783,47.410145
Car-1,2009-02-28 19:35:04,-121.4162066,47.4101516
Car-1,2009-02-28 19:35:06,-121.4162416,47.4101583
Car-1,2009-02-28 19:35:08,-121.4162716,47.4101633
Car-1,2009-02-28 19:35:10,-121.4163033,47.4101683
Car-1,2009-02-28 19:35:12,-121.4163333,47.4101733
Car-1,2009-02-28 19:35:14,-121.4163683,47.41018
Car-1,2009-02-28 19:35:16,-121.416415,47.410185
Car-1,2009-02-28 19:35:18,-121.4164599,47.4101916
Car-1,2009-02-28 19:35:20,-121.4165116,47.4101983
Car-1,2009-02-28 19:35:22,-121.4165583,47.4102066
Car-1,2009-02-28 19:35:26,-121.4166516,47.41022
Car-1,2009-02-28 19:35:28,-121.416695,47.4102266
Car-1,2009-02-28 19:35:32,-121.41678,47.4102383
Car-1,2009-02-28 19:35:34,-121.4168233,47.4102466
Car-1,2009-02-28 19:35:36,-121.416865,47.4102533
Car-1,2009-02-28 19:35:38,-121.4169083,47.4102599
Car-1,2009-02-28 19:35:40,-121.4169449,47.4102666
Car-1,2009-02-28 19:35:42,-121.4169833,47.4102733
Car-1,2009-02-28 19:35:44,-121.41704,47.4102799
Car-1,2009-02-28 19:35:46,-121.4170899,47.410285
Car-1,2009-02-28 19:35:50,-121.417185,47.4102966
Car-1,2009-02-28 19:35:52,-121.4172283,47.4103033
Car-1,2009-02-28 19:35:56,-121.4173083,47.4103166
Car-1,2009-02-28 19:35:58,-121.4173483,47.4103233
Car-1,2009-02-28 19:36:00,-121.41739,47.4103316
Car-1,2009-02-28 19:36:02,-121.41743,47.4103383
Car-1,2009-02-28 19:36:04,-121.4174716,47.4103449
Car-1,2009-02-28 19:36:06,-121.4175133,47.4103533
Car-1,2009-02-28 19:36:08,-121.4175549,47.4103599
Car-1,2009-02-28 19:36:10,-121.4175949,47.4103666
Car-1,2009-02-28 19:36:12,-121.4176366,47.4103733
Car-1,2009-02-28 19:36:14,-121.4176783,47.4103799
Car-1,2009-02-28 19:36:16,-121.4177216,47.4103866
Car-1,2009-02-28 19:36:18,-121.4177633,47.4103933
Car-1,2009-02-28 19:36:20,-121.4178033,47.4104016
Car-1,2009-02-28 19:36:22,-121.4178466,47.4104083
Car-1,2009-02-28 19:36:24,-121.4178866,47.4104149
Car-1,2009-02-28 19:36:26,-121.41793,47.4104199
Car-1,2009-02-28 19:36:28,-121.4179683,47.4104266
Car-1,2009-02-28 19:36:30,-121.4180099,47.4104316
Car-1,2009-02-28 19:36:32,-121.4180499,47.4104383
Car-1,2009-02-28 19:36:34,-121.4180916,47.410445
Car-1,2009-02-28 19:36:36,-121.4181299,47.4104516
Car-1,2009-02-28 19:36:38,-121.418175,47.4104583
Car-1,2009-02-28 19:36:40,-121.4182166,47.4104649
Car-1,2009-02-28 19:36:42,-121.4182616,47.4104716
Car-1,2009-02-28 19:36:44,-121.4183033,47.41048
Car-1,2009-02-28 19:36:46,-121.4183433,47.4104866
Car-1,2009-02-28 19:36:48,-121.4183816,47.410495
Car-1,2009-02-28 19:36:50,-121.41842,47.4105033
Car-1,2009-02-28 19:36:52,-121.4184566,47.41051
Car-1,2009-02-28 19:36:54,-121.41851,47.41051
Car-1,2009-02-28 19:36:56,-121.4185733,47.4105116
Car-1,2009-02-28 19:36:58,-121.4186266,47.4105183
Car-1,2009-02-28 19:37:00,-121.4186733,47.4105249
Car-1,2009-02-28 19:37:02,-121.4187116,47.4105333
Car-1,2009-02-28 19:37:04,-121.41875,47.4105399
Car-1,2009-02-28 19:37:06,-121.4187883,47.4105483
Car-1,2009-02-28 19:37:08,-121.4188266,47.4105549
Car-1,2009-02-28 19:37:10,-121.4188649,47.4105616
Car-1,2009-02-28 19:37:12,-121.4189033,47.4105683
Car-1,2009-02-28 19:37:14,-121.4189416,47.4105733
Car-1,2009-02-28 19:37:16,-121.4189816,47.4105783
Car-1,2009-02-28 19:37:18,-121.4190199,47.410585
Car-1,2009-02-28 19:37:20,-121.4190599,47.4105899
Car-1,2009-02-28 19:37:22,-121.4191,47.4105966
Car-1,2009-02-28 19:37:24,-121.4191416,47.4106
Car-1,2009-02-28 19:37:26,-121.4191833,47.4106033
Car-1,2009-02-28 19:37:28,-121.41924,47.4106016
Car-1,2009-02-28 19:37:32,-121.41935,47.4105933
Car-1,2009-02-28 19:37:34,-121.4193933,47.4106066
Car-1,2009-02-28 19:37:36,-121.4194333,47.4106099
Car-1,2009-02-28 19:37:38,-121.41947,47.4106166
Car-1,2009-02-28 19:37:40,-121.4194649,47.4106233
Car-1,2009-02-28 19:37:42,-121.4195033,47.4106449
Car-1,2009-02-28 19:37:44,-121.4195316,47.4106449
Car-1,2009-02-28 19:37:46,-121.4195933,47.4106583
Car-1,2009-02-28 19:37:48,-121.419645,47.4106916
Car-1,2009-02-28 19:37:52,-121.4196766,47.4107833
Car-1,2009-02-28 19:37:56,-121.419665,47.4108816
Car-1,2009-02-28 19:38:00,-121.4196266,47.4109549
Car-1,2009-02-28 19:38:02,-121.4196116,47.4109633
Car-1,2009-02-28 19:38:10,-121.4195983,47.4109566
Car-1,2009-02-28 19:38:12,-121.4195799,47.4109466
Car-1,2009-02-28 19:38:14,-121.4195516,47.4109466
Car-1,2009-02-28 19:38:16,-121.4194866,47.410965
Car-1,2009-02-28 19:38:20,-121.4193716,47.4110333
Car-1,2009-02-28 19:38:24,-121.4192933,47.4111016
Car-1,2009-02-28 19:38:28,-121.41924,47.4110299
Car-1,2009-02-28 19:38:32,-121.419205,47.4109466
Car-1,2009-02-28 19:38:36,-121.4191083,47.4109049
Car-1,2009-02-28 19:38:40,-121.4190016,47.4109399
Car-1,2009-02-28 19:38:44,-121.4188566,47.4108549
Car-1,2009-02-28 19:38:48,-121.4186833,47.4109183
Car-1,2009-02-28 19:38:52,-121.41842,47.4108433
Car-1,2009-02-28 19:38:56,-121.4181633,47.4107966
Car-1,2009-02-28 19:39:00,-121.4179433,47.41069
Car-1,2009-02-28 19:39:04,-121.4176633,47.4106083
Car-1,2009-02-28 19:39:08,-121.4174116,47.4104933
Car-1,2009-02-28 19:39:14,-121.4168166,47.4104549
Car-1,2009-02-28 19:39:20,-121.4162999,47.4102533
Car-1,2009-02-28 19:39:26,-121.415785,47.4099766
Car-1,2009-02-28 19:39:32,-121.4153533,47.4098433
Car-1,2009-02-28 19:39:36,-121.4151783,47.4099233
Car-1,2009-02-28 19:39:40,-121.415,47.4097899
Car-1,2009-02-28 19:39:44,-121.4147116,47.4097666
Car-1,2009-02-28 19:39:48,-121.4144083,47.4097483
Car-1,2009-02-28 19:39:52,-121.4142283,47.4097733
Car-1,2009-02-28 19:39:56,-121.4141933,47.4097549
Car-1,2009-02-28 19:39:58,-121.4141766,47.4097466
Car-1,2009-02-28 19:40:04,-121.4141516,47.4097183
Car-1,2009-02-28 19:40:06,-121.4141533,47.4097133
Car-1,2009-02-28 19:40:19,-121.4141666,47.4096966
Car-1,2009-02-28 19:40:23,-121.4141699,47.4096999
Car-1,2009-02-28 19:40:35,-121.4141699,47.4096999
Car-1,2009-02-28 19:40:37,-121.4141666,47.4097033
Car-1,2009-02-28 19:40:39,-121.4141566,47.4096999
Car-1,2009-02-28 19:40:45,-121.4141266,47.4097033
Car-1,2009-02-28 19:40:47,-121.4141083,47.4097083
Car-1,2009-02-28 19:41:08,-121.4140983,47.4097149
Car-1,2009-02-28 19:41:10,-121.41409,47.4097166
Car-1,2009-02-28 19:41:12,-121.4140816,47.4097216
Car-1,2009-02-28 19:41:16,-121.4140649,47.4097283
Car-1,2009-02-28 19:41:58,-121.4140516,47.4097399
Car-1,2009-02-28 19:42:00,-121.4140449,47.4097383
Car-1,2009-02-28 19:44:02,-121.41404,47.4097349
Car-1,2009-02-28 19:44:04,-121.4140433,47.4097366
Car-1,2009-02-28 19:44:17,-121.4140366,47.4097383
Car-1,2009-02-28 19:44:23,-121.4140366,47.4097383
Car-1,2009-02-28 19:44:25,-121.4140316,47.4097433
Car-1,2009-02-28 19:44:27,-121.41402,47.409745
Car-1,2009-02-28 19:44:29,-121.4140033,47.4097499
Car-1,2009-02-28 19:44:31,-121.4139949,47.4097533
Car-1,2009-02-28 19:44:33,-121.4139733,47.40976
Car-1,2009-02-28 19:44:36,-121.4139366,47.4097866
Car-1,2009-02-28 19:44:38,-121.4139216,47.4098033
Car-1,2009-02-28 19:44:40,-121.4139416,47.4098116
Car-1,2009-02-28 19:44:43,-121.4139516,47.4098483
Car-1,2009-02-28 19:44:46,-121.4139483,47.4098749
Car-1,2009-02-28 19:44:48,-121.4139233,47.4099333
Car-1,2009-02-28 19:44:50,-121.4139133,47.4099733
Car-1,2009-02-28 19:44:52,-121.4139333,47.4099633
Car-1,2009-02-28 19:44:54,-121.4139533,47.4099616
Car-1,2009-02-28 19:44:58,-121.414005,47.4099499
Car-1,2009-02-28 19:45:00,-121.4140266,47.4099466
Car-1,2009-02-28 19:45:02,-121.4140583,47.4099516
Car-1,2009-02-28 19:45:04,-121.4141116,47.409935
Car-1,2009-02-28 19:45:08,-121.4142099,47.4099433
Car-1,2009-02-28 19:45:12,-121.4142799,47.4099733
Car-1,2009-02-28 19:45:14,-121.4143283,47.4099766
Car-1,2009-02-28 19:45:18,-121.4144066,47.4099816
Car-1,2009-02-28 19:45:20,-121.4144499,47.4099783
Car-1,2009-02-28 19:45:24,-121.4145383,47.4099833
Car-1,2009-02-28 19:45:26,-121.4145816,47.40999
Car-1,2009-02-28 19:45:30,-121.4146683,47.4099999
Car-1,2009-02-28 19:45:32,-121.4147066,47.4100016
Car-1,2009-02-28 19:45:36,-121.4147949,47.410005
Car-1,2009-02-28 19:45:38,-121.4148383,47.41001
Car-1,2009-02-28 19:45:42,-121.4149066,47.410005
Car-1,2009-02-28 19:45:44,-121.4149333,47.4099999
Car-1,2009-02-28 19:45:46,-121.4149699,47.4100083
Car-1,2009-02-28 19:45:48,-121.4150183,47.4100066
Car-1,2009-02-28 19:45:52,-121.4151133,47.4100366
Car-1,2009-02-28 19:45:54,-121.4151666,47.4100416
Car-1,2009-02-28 19:45:58,-121.4152666,47.4100683
Car-1,2009-02-28 19:46:02,-121.4153683,47.41008
Car-1,2009-02-28 19:46:04,-121.4154149,47.4100883
Car-1,2009-02-28 19:46:06,-121.4154716,47.410095
Car-1,2009-02-28 19:46:08,-121.4155233,47.4100999
Car-1,2009-02-28 19:46:10,-121.4155683,47.4101049
Car-1,2009-02-28 19:46:12,-121.4156149,47.4101083
Car-1,2009-02-28 19:46:14,-121.4156583,47.410115
Car-1,2009-02-28 19:46:16,-121.4157,47.410115
Car-1,2009-02-28 19:46:18,-121.4157416,47.41011
Car-1,2009-02-28 19:46:22,-121.4158266,47.4101216
Car-1,2009-02-28 19:46:26,-121.4159083,47.4101349
Car-1,2009-02-28 19:46:28,-121.4159499,47.4101416
Car-1,2009-02-28 19:46:30,-121.4159933,47.41015
Car-1,2009-02-28 19:46:34,-121.416085,47.4101666
Car-1,2009-02-28 19:46:36,-121.4161266,47.4101733
Car-1,2009-02-28 19:46:40,-121.4162083,47.4101883
Car-1,2009-02-28 19:46:44,-121.4162916,47.4102
Car-1,2009-02-28 19:46:46,-121.4163333,47.4102066
Car-1,2009-02-28 19:46:50,-121.4163966,47.4101983
Car-1,2009-02-28 19:46:52,-121.4164366,47.4102033
Car-1,2009-02-28 19:46:54,-121.4164799,47.4102049
Car-1,2009-02-28 19:46:56,-121.4165233,47.4102099
Car-1,2009-02-28 19:46:58,-121.4165683,47.4102183
Car-1,2009-02-28 19:47:00,-121.4166149,47.4102249
Car-1,2009-02-28 19:47:04,-121.4166999,47.4102399
Car-1,2009-02-28 19:47:06,-121.4167433,47.4102483
Car-1,2009-02-28 19:47:08,-121.4167916,47.4102583
Car-1,2009-02-28 19:47:12,-121.4168733,47.4102733
Car-1,2009-02-28 19:47:14,-121.4169,47.4102766
Car-1,2009-02-28 19:47:16,-121.4169283,47.4102799
Car-1,2009-02-28 19:47:18,-121.4169666,47.4102899
Car-1,2009-02-28 19:47:20,-121.4170016,47.4102949
Car-1,2009-02-28 19:47:22,-121.4170466,47.4102999
Car-1,2009-02-28 19:47:26,-121.4171366,47.4103133
Car-1,2009-02-28 19:47:30,-121.4172216,47.4103249
Car-1,2009-02-28 19:47:32,-121.4172633,47.4103316
Car-1,2009-02-28 19:47:36,-121.4173433,47.4103449
Car-1,2009-02-28 19:47:40,-121.4174233,47.4103566
Car-1,2009-02-28 19:47:42,-121.4174633,47.4103633
Car-1,2009-02-28 19:47:44,-121.4175049,47.4103683
Car-1,2009-02-28 19:47:48,-121.417585,47.4103799
Car-1,2009-02-28 19:47:50,-121.4176266,47.4103849
Car-1,2009-02-28 19:47:54,-121.4177099,47.4103966
Car-1,2009-02-28 19:47:56,-121.4177516,47.4104049
Car-1,2009-02-28 19:48:00,-121.4178366,47.4104183
Car-1,2009-02-28 19:48:02,-121.4178766,47.410425
Car-1,2009-02-28 19:48:04,-121.4179183,47.4104316
Car-1,2009-02-28 19:48:06,-121.4179616,47.4104366
Car-1,2009-02-28 19:48:08,-121.4180016,47.4104433
Car-1,2009-02-28 19:48:10,-121.4180433,47.4104483
Car-1,2009-02-28 19:48:12,-121.4180849,47.4104549
Car-1,2009-02-28 19:48:14,-121.4181283,47.41046
Car-1,2009-02-28 19:48:16,-121.4181666,47.4104666
Car-1,2009-02-28 19:48:18,-121.4181916,47.4104699
Car-1,2009-02-28 19:48:20,-121.4182233,47.410475
Car-1,2009-02-28 19:48:22,-121.4182516,47.4104783
Car-1,2009-02-28 19:48:24,-121.4182966,47.4104849
Car-1,2009-02-28 19:48:28,-121.4183783,47.4104966
Car-1,2009-02-28 19:48:30,-121.4184183,47.4105016
Car-1,2009-02-28 19:48:32,-121.4184633,47.4105133
Car-1,2009-02-28 19:48:34,-121.4185033,47.4105183
Car-1,2009-02-28 19:48:36,-121.4185499,47.4105249
Car-1,2009-02-28 19:48:38,-121.4186,47.4105316
Car-1,2009-02-28 19:48:40,-121.4186416,47.4105366
Car-1,2009-02-28 19:48:42,-121.4186883,47.4105466
Car-1,2009-02-28 19:48:44,-121.4187283,47.4105533
Car-1,2009-02-28 19:48:46,-121.41877,47.4105583
Car-1,2009-02-28 19:48:48,-121.4188099,47.410565
Car-1,2009-02-28 19:48:50,-121.4188483,47.4105699
Car-1,2009-02-28 19:48:52,-121.4188883,47.4105733
Car-1,2009-02-28 19:48:54,-121.4189283,47.4105783
Car-1,2009-02-28 19:48:56,-121.4189683,47.4105833
Car-1,2009-02-28 19:48:58,-121.4190083,47.4105899
Car-1,2009-02-28 19:49:00,-121.4190483,47.4105949
Car-1,2009-02-28 19:49:02,-121.4190883,47.4106016
Car-1,2009-02-28 19:49:04,-121.4191266,47.4106083
Car-1,2009-02-28 19:49:06,-121.41917,47.4106099
Car-1,2009-02-28 19:49:10,-121.4192666,47.4106283
Car-1,2009-02-28 19:49:12,-121.4193333,47.4106766
Car-1,2009-02-28 19:49:16,-121.419435,47.4106816
Car-1,2009-02-28 19:49:20,-121.4195616,47.4106833
Car-1,2009-02-28 19:49:22,-121.4196399,47.4107149
Car-1,2009-02-28 19:49:26,-121.4197216,47.41067
Car-1,2009-02-28 19:49:30,-121.4197033,47.4105533
Car-1,2009-02-28 19:49:34,-121.4196383,47.4104299
Car-1,2009-02-28 19:49:38,-121.4195033,47.4104049
Car-1,2009-02-28 19:49:42,-121.4192783,47.4103799
Car-1,2009-02-28 19:49:46,-121.4189766,47.4103699
Car-1,2009-02-28 19:49:50,-121.4186583,47.4103016
Car-1,2009-02-28 19:49:54,-121.418245,47.4104333
Car-1,2009-02-28 19:50:00,-121.4175166,47.4102816
Car-1,2009-02-28 19:50:06,-121.4168983,47.4101183
Car-1,2009-02-28 19:50:12,-121.4163316,47.4099016
Car-1,2009-02-28 19:50:18,-121.4158216,47.4099783
Car-1,2009-02-28 19:50:22,-121.4155866,47.4098666
Car-1,2009-02-28 19:50:26,-121.4153133,47.4097433
Car-1,2009-02-28 19:50:30,-121.4150616,47.4098016
Car-1,2009-02-28 19:50:34,-121.4147499,47.4097699
Car-1,2009-02-28 19:50:38,-121.4145216,47.4097383
Car-1,2009-02-28 19:50:42,-121.4143599,47.409725
Car-1,2009-02-28 19:50:46,-121.4142616,47.4098133
Car-1,2009-02-28 19:55:13,-121.41451,47.4099583
Car-1,2009-02-28 19:55:17,-121.4146133,47.4099566
Car-1,2009-02-28 19:55:19,-121.4146633,47.409955
Car-1,2009-02-28 19:55:23,-121.4147566,47.4099533
Car-1,2009-02-28 19:55:27,-121.4148349,47.409955
Car-1,2009-02-28 19:55:29,-121.414875,47.409955
Car-1,2009-02-28 19:55:33,-121.41495,47.4099883
Car-1,2009-02-28 19:55:35,-121.4149749,47.4099949
Car-1,2009-02-28 19:55:39,-121.4150633,47.4100216
Car-1,2009-02-28 19:55:41,-121.415105,47.4100199
Car-1,2009-02-28 19:55:45,-121.4152166,47.4100133
Car-1,2009-02-28 19:55:47,-121.4152666,47.4100149
Car-1,2009-02-28 19:55:51,-121.4153483,47.4100433
Car-1,2009-02-28 19:55:55,-121.4154283,47.4100716
Car-1,2009-02-28 19:55:57,-121.4154683,47.4100666
Car-1,2009-02-28 19:56:01,-121.4155566,47.4100783
Car-1,2009-02-28 19:56:03,-121.4156083,47.4100833
Car-1,2009-02-28 19:56:07,-121.4157233,47.41008
Car-1,2009-02-28 19:56:09,-121.4157633,47.4100683
Car-1,2009-02-28 19:56:13,-121.4158449,47.4100666
Car-1,2009-02-28 19:56:15,-121.4158883,47.4100716
Car-1,2009-02-28 19:56:19,-121.4159699,47.4100766
Car-1,2009-02-28 19:56:23,-121.4160516,47.4100866
Car-1,2009-02-28 19:56:25,-121.4160983,47.4100916
Car-1,2009-02-28 19:56:29,-121.4161833,47.4101116
Car-1,2009-02-28 19:56:33,-121.4162699,47.4101199
Car-1,2009-02-28 19:56:37,-121.4163516,47.4101349
Car-1,2009-02-28 19:56:39,-121.4163916,47.4101433
Car-1,2009-02-28 19:56:41,-121.41643,47.4101533
Car-1,2009-02-28 19:56:43,-121.41647,47.4101549
Car-1,2009-02-28 19:56:47,-121.4165633,47.4101683
Car-1,2009-02-28 19:56:51,-121.41666,47.4101816
Car-1,2009-02-28 19:56:55,-121.4167516,47.4101949
Car-1,2009-02-28 19:56:59,-121.4168399,47.4102116
Car-1,2009-02-28 19:57:03,-121.4169316,47.4102283
Car-1,2009-02-28 19:57:07,-121.4170466,47.4102516
Car-1,2009-02-28 19:57:11,-121.4171199,47.4102683
Car-1,2009-02-28 19:57:15,-121.4172,47.4102799
Car-1,2009-02-28 19:57:17,-121.4172516,47.410285
Car-1,2009-02-28 19:57:21,-121.4173433,47.4102999
Car-1,2009-02-28 19:57:25,-121.4174483,47.4103083
Car-1,2009-02-28 19:57:29,-121.417495,47.4103283
Car-1,2009-02-28 19:57:33,-121.417565,47.4103483
Car-1,2009-02-28 19:57:37,-121.4176433,47.4103649
Car-1,2009-02-28 19:57:39,-121.4176833,47.4103733
Car-1,2009-02-28 19:57:43,-121.4177683,47.4103866
Car-1,2009-02-28 19:57:47,-121.4178566,47.4104033
Car-1,2009-02-28 19:57:51,-121.4179416,47.4104199
Car-1,2009-02-28 19:57:53,-121.417985,47.4104299
Car-1,2009-02-28 19:57:55,-121.4180266,47.4104366
Car-1,2009-02-28 19:57:59,-121.4181133,47.4104533
Car-1,2009-02-28 19:58:03,-121.4181983,47.4104666
Car-1,2009-02-28 19:58:05,-121.4182399,47.4104733
Car-1,2009-02-28 19:58:07,-121.4182833,47.4104783
Car-1,2009-02-28 19:58:09,-121.4183233,47.4104849
Car-1,2009-02-28 19:58:13,-121.4183983,47.4104883
Car-1,2009-02-28 19:58:15,-121.4184349,47.410495
Car-1,2009-02-28 19:58:17,-121.4184849,47.4104999
Car-1,2009-02-28 19:58:21,-121.4185833,47.4105033
Car-1,2009-02-28 19:58:23,-121.4186316,47.4105066
Car-1,2009-02-28 19:58:25,-121.4186716,47.4105049
Car-1,2009-02-28 19:58:27,-121.4187066,47.4105083
Car-1,2009-02-28 19:58:29,-121.4187433,47.4105166
Car-1,2009-02-28 19:58:31,-121.4187833,47.4105233
Car-1,2009-02-28 19:58:33,-121.418825,47.4105316
Car-1,2009-02-28 19:58:35,-121.4188649,47.4105416
Car-1,2009-02-28 19:58:37,-121.4189049,47.4105483
Car-1,2009-02-28 19:58:39,-121.418945,47.4105549
Car-1,2009-02-28 19:58:41,-121.4189849,47.4105616
Car-1,2009-02-28 19:58:43,-121.4190249,47.4105699
Car-1,2009-02-28 19:58:45,-121.4190633,47.4105749
Car-1,2009-02-28 19:58:47,-121.4191033,47.4105833
Car-1,2009-02-28 19:58:49,-121.4191416,47.4105866
Car-1,2009-02-28 19:58:51,-121.4191816,47.4105916
Car-1,2009-02-28 19:58:53,-121.419225,47.4106049
Car-1,2009-02-28 19:58:55,-121.4192616,47.4105949
Car-1,2009-02-28 19:58:57,-121.4193133,47.4106
Car-1,2009-02-28 19:58:59,-121.4193633,47.4106
Car-1,2009-02-28 19:59:03,-121.4194733,47.41062
Car-1,2009-02-28 19:59:05,-121.4195449,47.4106366
Car-1,2009-02-28 19:59:09,-121.4196699,47.4106749
Car-1,2009-02-28 19:59:11,-121.419715,47.4106433
Car-1,2009-02-28 19:59:15,-121.4197183,47.4104866
Car-1,2009-02-28 19:59:19,-121.4196516,47.4103766
Car-1,2009-02-28 19:59:23,-121.4195466,47.4103249
Car-1,2009-02-28 19:59:25,-121.4194933,47.4103483
Car-1,2009-02-28 19:59:29,-121.4193366,47.4103316
Car-1,2009-02-28 19:59:33,-121.4191583,47.4103366
Car-1,2009-02-28 19:59:37,-121.41893,47.410355
Car-1,2009-02-28 19:59:41,-121.4186049,47.4104216
Car-1,2009-02-28 19:59:45,-121.4182816,47.4104299
Car-1,2009-02-28 19:59:49,-121.417965,47.4103066
Car-1,2009-02-28 19:59:53,-121.4176283,47.41022
Car-1,2009-02-28 19:59:57,-121.41732,47.4101633
Car-1,2009-02-28 20:00:01,-121.41697,47.4101066
Car-1,2009-02-28 20:00:05,-121.4165866,47.4100383
Car-1,2009-02-28 20:00:09,-121.416415,47.4099266
Car-1,2009-02-28 20:00:13,-121.4163283,47.4098483
Car-1,2009-02-28 20:00:17,-121.4162616,47.4097583
Car-1,2009-02-28 20:00:21,-121.4161449,47.4095916
Car-1,2009-02-28 20:00:25,-121.4159866,47.4095216
Car-1,2009-02-28 20:00:29,-121.4157949,47.4095216
Car-1,2009-02-28 20:00:33,-121.4155199,47.4094883
Car-1,2009-02-28 20:00:37,-121.4152816,47.4094433
Car-1,2009-02-28 20:00:41,-121.4150766,47.4093666
Car-1,2009-02-28 20:00:45,-121.4149199,47.4092366
Car-1,2009-02-28 20:00:49,-121.4147616,47.409065
Car-1,2009-02-28 20:00:53,-121.4146183,47.4088466
Car-1,2009-02-28 20:00:57,-121.4145216,47.4085316
Car-1,2009-02-28 20:01:01,-121.4144633,47.4082483
Car-1,2009-02-28 20:01:05,-121.4143983,47.4080783
Car-1,2009-02-28 20:01:09,-121.4142799,47.4080466
Car-1,2009-02-28 20:01:13,-121.4141399,47.4080316
Car-1,2009-02-28 20:01:17,-121.4140333,47.4079766
Car-1,2009-02-28 20:01:21,-121.4139616,47.40793
Car-1,2009-02-28 20:01:23,-121.413915,47.4078916
Car-1,2009-02-28 20:01:27,-121.4138383,47.4078549
Car-1,2009-02-28 20:01:31,-121.4137299,47.4078083
Car-1,2009-02-28 20:01:35,-121.4136816,47.4077149
Car-1,2009-02-28 20:01:39,-121.4135483,47.4076816
Car-1,2009-02-28 20:01:43,-121.4134516,47.4075966
Car-1,2009-02-28 20:01:47,-121.4134583,47.4074966
Car-1,2009-02-28 20:01:49,-121.4134849,47.4074649
Car-1,2009-02-28 20:01:51,-121.4135299,47.4074583
Car-1,2009-02-28 20:01:53,-121.4135449,47.4074349
Car-1,2009-02-28 20:01:55,-121.4135783,47.4074149
Car-1,2009-02-28 20:01:57,-121.4136149,47.407385
Car-1,2009-02-28 20:02:01,-121.4135899,47.4071916
Car-1,2009-02-28 20:02:05,-121.4134149,47.4070733
Car-1,2009-02-28 20:02:09,-121.413095,47.4071499
Car-1,2009-02-28 20:02:13,-121.4128449,47.407315
Car-1,2009-02-28 20:02:17,-121.4126516,47.4074166
Car-1,2009-02-28 20:02:21,-121.4124883,47.4074866
Car-1,2009-02-28 20:02:25,-121.4124399,47.4075833
Car-1,2009-02-28 20:02:29,-121.41245,47.4076666
Car-1,2009-02-28 20:09:35,-121.4127766,47.4075716
Car-1,2009-02-28 20:09:39,-121.4129766,47.4074566
Car-1,2009-02-28 20:09:43,-121.4131516,47.4073883
Car-1,2009-02-28 20:09:47,-121.4132883,47.4073266
Car-1,2009-02-28 20:09:51,-121.4134516,47.4072466
Car-1,2009-02-28 20:09:55,-121.4136416,47.4071199
Car-1,2009-02-28 20:09:59,-121.4137633,47.4070383
Car-1,2009-02-28 20:10:03,-121.4139483,47.4069399
Car-1,2009-02-28 20:10:07,-121.41416,47.4068683
Car-1,2009-02-28 20:10:11,-121.4143666,47.4067516
Car-1,2009-02-28 20:10:15,-121.4145549,47.406635
Car-1,2009-02-28 20:10:19,-121.4147533,47.4065549
Car-1,2009-02-28 20:10:23,-121.4149316,47.4065283
Car-1,2009-02-28 20:10:27,-121.4151216,47.4064399
Car-1,2009-02-28 20:10:31,-121.4153533,47.4063166
Car-1,2009-02-28 20:10:35,-121.4155466,47.4062116
Car-1,2009-02-28 20:10:39,-121.4157249,47.4061083
Car-1,2009-02-28 20:10:43,-121.415805,47.4060849
Car-1,2009-02-28 20:10:47,-121.4158816,47.4060899
Car-1,2009-02-28 20:10:51,-121.4159716,47.4060533
Car-1,2009-02-28 20:10:55,-121.4160633,47.4060183
Car-1,2009-02-28 20:10:59,-121.4161666,47.4059699
Car-1,2009-02-28 20:11:03,-121.4162616,47.4059266
Car-1,2009-02-28 20:11:07,-121.4163533,47.4058883
Car-1,2009-02-28 20:11:11,-121.4164516,47.4058449
Car-1,2009-02-28 20:11:15,-121.4165866,47.4057833
Car-1,2009-02-28 20:11:19,-121.4167483,47.4057116
Car-1,2009-02-28 20:11:23,-121.416935,47.4056299
Car-1,2009-02-28 20:11:27,-121.4171233,47.4055483
Car-1,2009-02-28 20:11:31,-121.4173116,47.4054616
Car-1,2009-02-28 20:11:35,-121.4174933,47.4053766
Car-1,2009-02-28 20:11:39,-121.4176683,47.4052933
Car-1,2009-02-28 20:11:43,-121.4178366,47.4052116
Car-1,2009-02-28 20:11:47,-121.4180183,47.4051266
Car-1,2009-02-28 20:11:51,-121.418195,47.4050433
Car-1,2009-02-28 20:11:55,-121.4183716,47.4049566
Car-1,2009-02-28 20:11:59,-121.4185499,47.4048666
Car-1,2009-02-28 20:12:03,-121.4186483,47.4048149
Car-1,2009-02-28 20:12:05,-121.4186866,47.4047966
Car-1,2009-02-28 20:12:07,-121.4187149,47.4047799
Car-1,2009-02-28 20:12:09,-121.4187183,47.4047816
Car-1,2009-02-28 20:12:11,-121.4187116,47.4047866
Car-1,2009-02-28 20:12:33,-121.4187116,47.4047866
Car-1,2009-02-28 20:12:35,-121.4187099,47.4047883
Car-1,2009-02-28 20:12:37,-121.4187299,47.4047783
Car-1,2009-02-28 20:12:39,-121.4187583,47.4047649
Car-1,2009-02-28 20:12:41,-121.4187949,47.4047466
Car-1,2009-02-28 20:12:45,-121.4188799,47.4047066
Car-1,2009-02-28 20:12:49,-121.418965,47.404665
Car-1,2009-02-28 20:12:53,-121.4190483,47.4046249
Car-1,2009-02-28 20:12:57,-121.4191299,47.4045833
Car-1,2009-02-28 20:13:01,-121.4192133,47.40454
Car-1,2009-02-28 20:13:05,-121.4193249,47.4044849
Car-1,2009-02-28 20:13:09,-121.41947,47.4044166
Car-1,2009-02-28 20:13:13,-121.4196366,47.404335
Car-1,2009-02-28 20:13:17,-121.4198266,47.4042333
Car-1,2009-02-28 20:13:21,-121.4200149,47.4041499
Car-1,2009-02-28 20:13:25,-121.4201916,47.4040683
Car-1,2009-02-28 20:13:29,-121.4203833,47.4039799
Car-1,2009-02-28 20:13:33,-121.4205749,47.4038933
Car-1,2009-02-28 20:13:37,-121.4207666,47.4038049
Car-1,2009-02-28 20:13:41,-121.42095,47.4037183
Car-1,2009-02-28 20:13:45,-121.4211333,47.4036299
Car-1,2009-02-28 20:13:49,-121.4213116,47.4035433
Car-1,2009-02-28 20:13:53,-121.4214899,47.4034549
Car-1,2009-02-28 20:13:57,-121.4216733,47.4033666
Car-1,2009-02-28 20:14:01,-121.42186,47.4032749
Car-1,2009-02-28 20:14:05,-121.4220366,47.4031899
Car-1,2009-02-28 20:14:09,-121.4222116,47.4031083
Car-1,2009-02-28 20:14:13,-121.4223983,47.4030183
Car-1,2009-02-28 20:14:17,-121.4225716,47.4029299
Car-1,2009-02-28 20:14:21,-121.4227383,47.4028383
Car-1,2009-02-28 20:14:25,-121.4229033,47.4027666
Car-1,2009-02-28 20:14:29,-121.4230816,47.4026849
Car-1,2009-02-28 20:14:33,-121.42326,47.4026033
Car-1,2009-02-28 20:14:37,-121.4234249,47.4025449
Car-1,2009-02-28 20:14:41,-121.4236183,47.4024433
Car-1,2009-02-28 20:14:45,-121.4238266,47.4023516
Car-1,2009-02-28 20:14:49,-121.4240766,47.4022566
Car-1,2009-02-28 20:14:53,-121.4242566,47.4021683
Car-1,2009-02-28 20:14:57,-121.4244016,47.4020849
Car-1,2009-02-28 20:15:01,-121.4245466,47.4020049
Car-1,2009-02-28 20:15:05,-121.4247366,47.401905
Car-1,2009-02-28 20:15:09,-121.4247933,47.4018516
Car-1,2009-02-28 20:15:11,-121.4248683,47.4018483
Car-1,2009-02-28 20:15:15,-121.4250633,47.4019266
Car-1,2009-02-28 20:15:19,-121.4251233,47.4020833
Car-1,2009-02-28 20:15:23,-121.4251416,47.4021616
Car-1,2009-02-28 20:15:25,-121.4251316,47.4021899
Car-1,2009-02-28 20:15:29,-121.4250783,47.4022033
Car-1,2009-02-28 20:15:31,-121.425055,47.4022083
Car-1,2009-02-28 20:15:33,-121.4250283,47.4022249
Car-1,2009-02-28 20:15:35,-121.4250133,47.4022483
Car-1,2009-02-28 20:15:37,-121.4250216,47.402275
Car-1,2009-02-28 20:15:39,-121.4250266,47.4023016
Car-1,2009-02-28 20:15:43,-121.4250983,47.4023499
Car-1,2009-02-28 20:15:47,-121.4250966,47.40241
Car-1,2009-02-28 20:15:51,-121.4251499,47.4024816
Car-1,2009-02-28 20:15:55,-121.425175,47.402605
Car-1,2009-02-28 20:15:59,-121.4252233,47.4027549
Car-1,2009-02-28 20:16:03,-121.42532,47.4028899
Car-1,2009-02-28 20:16:07,-121.4251516,47.4029983
Car-1,2009-02-28 20:16:11,-121.4250733,47.4031533
Car-1,2009-02-28 20:16:15,-121.425,47.4032666
Car-1,2009-02-28 20:16:19,-121.4249416,47.4034033
Car-1,2009-02-28 20:16:23,-121.4249,47.4035566
Car-1,2009-02-28 20:16:27,-121.4247816,47.4036833
Car-1,2009-02-28 20:16:31,-121.4247966,47.4038349
Car-1,2009-02-28 20:16:35,-121.4245316,47.4038616
Car-1,2009-02-28 20:16:39,-121.4244966,47.4039749
Car-1,2009-02-28 20:16:43,-121.4243083,47.4040649
Car-1,2009-02-28 20:16:47,-121.4243783,47.4041983
Car-1,2009-02-28 20:16:51,-121.4241683,47.4042966
Car-1,2009-02-28 20:16:55,-121.4240116,47.4044649
Car-1,2009-02-28 20:16:59,-121.42373,47.4046116
Car-1,2009-02-28 20:17:03,-121.4235066,47.4047483
Car-1,2009-02-28 20:17:09,-121.4231183,47.4049683
Car-1,2009-02-28 20:17:13,-121.4228949,47.4049616
Car-1,2009-02-28 20:17:17,-121.4227383,47.4048066
Car-1,2009-02-28 20:17:21,-121.4225199,47.4046816
Car-1,2009-02-28 20:17:25,-121.4221783,47.4046233
Car-1,2009-02-28 20:17:29,-121.4219883,47.4047466
Car-1,2009-02-28 20:17:33,-121.4219599,47.4049216
Car-1,2009-02-28 20:17:37,-121.4219583,47.4050516
Car-1,2009-02-28 20:17:41,-121.4219549,47.4051066
Car-1,2009-02-28 20:17:43,-121.4219033,47.405085
Car-1,2009-02-28 20:17:47,-121.4217783,47.404995
Car-1,2009-02-28 20:17:51,-121.4216783,47.4048933
Car-1,2009-02-28 20:17:55,-121.4215616,47.40479
Car-1,2009-02-28 20:17:59,-121.4215066,47.4047433
Car-1,2009-02-28 20:18:01,-121.4214849,47.4047283
Car-1,2009-02-28 20:18:03,-121.4214549,47.4047183
Car-1,2009-02-28 20:18:29,-121.4214466,47.4047033
Car-1,2009-02-28 20:18:31,-121.4214316,47.4046949
Car-1,2009-02-28 20:18:33,-121.4214133,47.4046933
Car-1,2009-02-28 20:18:35,-121.4213966,47.4046833
Car-1,2009-02-28 20:18:37,-121.4213433,47.4047299
Car-1,2009-02-28 20:18:39,-121.4213233,47.4047049
Car-1,2009-02-28 20:18:41,-121.4213,47.4046866
Car-1,2009-02-28 20:18:43,-121.4212799,47.404665
Car-1,2009-02-28 20:18:45,-121.421265,47.404645
Car-1,2009-02-28 20:18:47,-121.4212533,47.4046333
Car-1,2009-02-28 20:19:04,-121.4212399,47.4046233
Car-1,2009-02-28 20:19:06,-121.4212216,47.4046249
Car-1,2009-02-28 20:19:08,-121.4212066,47.4046283
Car-1,2009-02-28 20:19:10,-121.4212033,47.4046366
Car-1,2009-02-28 20:19:11,-121.4212033,47.4046366
Car-1,2009-02-28 20:19:13,-121.4212066,47.404645
Car-1,2009-02-28 20:19:15,-121.4212083,47.4046566
Car-1,2009-02-28 20:19:17,-121.4212099,47.4046699
Car-1,2009-02-28 20:19:19,-121.4212133,47.404685
Car-1,2009-02-28 20:19:21,-121.421215,47.4047099
Car-1,2009-02-28 20:19:23,-121.4212166,47.4047266
Car-1,2009-02-28 20:19:25,-121.4212199,47.4047433
Car-1,2009-02-28 20:19:27,-121.4212249,47.4047583
Car-1,2009-02-28 20:19:29,-121.42123,47.4047799
Car-1,2009-02-28 20:19:31,-121.4212366,47.4048116
Car-1,2009-02-28 20:19:33,-121.4212416,47.4048366
Car-1,2009-02-28 20:19:35,-121.4212483,47.4048566
Car-1,2009-02-28 20:19:37,-121.4212516,47.4048716
Car-1,2009-02-28 20:19:39,-121.4212566,47.4049016
Car-1,2009-02-28 20:19:41,-121.4212616,47.40493
Car-1,2009-02-28 20:19:43,-121.4212633,47.4049583
Car-1,2009-02-28 20:19:45,-121.42127,47.4049849
Car-1,2009-02-28 20:19:47,-121.4212766,47.4050183
Car-1,2009-02-28 20:19:49,-121.4212833,47.4050433
Car-1,2009-02-28 20:19:51,-121.421285,47.4050666
Car-1,2009-02-28 20:19:53,-121.421285,47.4050899
Car-1,2009-02-28 20:19:55,-121.4212883,47.4051233
Car-1,2009-02-28 20:19:57,-121.4212949,47.405155
Car-1,2009-02-28 20:19:59,-121.4212983,47.4051799
Car-1,2009-02-28 20:20:01,-121.4213033,47.4052083
Car-1,2009-02-28 20:20:05,-121.4213,47.4052849
Car-1,2009-02-28 20:20:09,-121.421305,47.4053583
Car-1,2009-02-28 20:20:11,-121.4213033,47.4053849
Car-1,2009-02-28 20:20:13,-121.4213066,47.405415
Car-1,2009-02-28 20:20:17,-121.421305,47.4054599
Car-1,2009-02-28 20:20:19,-121.4213066,47.405505
Car-1,2009-02-28 20:20:23,-121.4212966,47.4055633
Car-1,2009-02-28 20:20:27,-121.4213033,47.405625
Car-1,2009-02-28 20:20:29,-121.4213166,47.4056416
Car-1,2009-02-28 20:20:44,-121.4213166,47.4056416
Car-1,2009-02-28 20:20:46,-121.4213149,47.405645
Car-1,2009-02-28 20:20:48,-121.4213116,47.4056616
Car-1,2009-02-28 20:20:50,-121.4212983,47.4056816
Car-1,2009-02-28 20:20:52,-121.4212866,47.4057033
Car-1,2009-02-28 20:20:54,-121.4212816,47.4057233
Car-1,2009-02-28 20:20:56,-121.4212833,47.405745
Car-1,2009-02-28 20:20:58,-121.4212749,47.4057599
Car-1,2009-02-28 20:21:00,-121.4212566,47.4057766
Car-1,2009-02-28 20:21:02,-121.4212483,47.4057899
Car-1,2009-02-28 20:21:04,-121.4212449,47.4057966
Car-1,2009-02-28 20:21:23,-121.4212483,47.4058166
Car-1,2009-02-28 20:21:26,-121.4212466,47.40582
Car-1,2009-02-28 20:21:41,-121.4212466,47.40582
Car-1,2009-02-28 20:21:43,-121.4212399,47.4058183
Car-1,2009-02-28 20:21:45,-121.42123,47.4058116
Car-1,2009-02-28 20:21:47,-121.4212183,47.4057966
Car-1,2009-02-28 20:21:49,-121.4212033,47.4057749
Car-1,2009-02-28 20:21:59,-121.421195,47.4057566
Car-1,2009-02-28 20:22:01,-121.4211899,47.4057483
Car-1,2009-02-28 20:22:03,-121.4211833,47.4057416
Car-1,2009-02-28 20:22:05,-121.4211716,47.40573
Car-1,2009-02-28 20:22:07,-121.4211633,47.4057166
Car-1,2009-02-28 20:22:09,-121.4211516,47.4057016
Car-1,2009-02-28 20:22:11,-121.4211383,47.4056849
Car-1,2009-02-28 20:22:13,-121.42113,47.4056733
Car-1,2009-02-28 20:22:15,-121.4211233,47.4056649
Car-1,2009-02-28 20:22:17,-121.4211116,47.4056516
Car-1,2009-02-28 20:22:19,-121.4210916,47.4056299
Car-1,2009-02-28 20:22:21,-121.4210683,47.405605
Car-1,2009-02-28 20:22:23,-121.42104,47.405575
Car-1,2009-02-28 20:22:25,-121.4209999,47.4055299
Car-1,2009-02-28 20:22:29,-121.4209516,47.4054566
Car-1,2009-02-28 20:22:33,-121.4208883,47.4053716
Car-1,2009-02-28 20:22:37,-121.420845,47.4053183
Car-1,2009-02-28 20:22:39,-121.4208283,47.4052933
Car-1,2009-02-28 20:23:37,-121.4208249,47.4052833
Car-1,2009-02-28 20:23:39,-121.4208099,47.405275
Car-1,2009-02-28 20:23:41,-121.4207916,47.4052649
Car-1,2009-02-28 20:23:43,-121.4207766,47.4052533
Car-1,2009-02-28 20:23:45,-121.42076,47.4052416
Car-1,2009-02-28 20:23:47,-121.4207433,47.4052283
Car-1,2009-02-28 20:23:49,-121.4207233,47.4052133
Car-1,2009-02-28 20:23:51,-121.4207116,47.4051949
Car-1,2009-02-28 20:23:53,-121.420695,47.4051799
Car-1,2009-02-28 20:23:55,-121.4206699,47.4051616
Car-1,2009-02-28 20:23:57,-121.4206366,47.4051683
Car-1,2009-02-28 20:23:59,-121.4206299,47.4051849
Car-1,2009-02-28 20:24:01,-121.4206283,47.4051999
Car-1,2009-02-28 20:24:03,-121.420625,47.4052149
Car-1,2009-02-28 20:24:05,-121.4206283,47.4052299
Car-1,2009-02-28 20:24:07,-121.420625,47.4052516
Car-1,2009-02-28 20:24:09,-121.4206316,47.4052933
Car-1,2009-02-28 20:24:11,-121.4206349,47.4053216
Car-1,2009-02-28 20:24:13,-121.4206366,47.4053416
Car-1,2009-02-28 20:24:15,-121.4206349,47.4053733
Car-1,2009-02-28 20:24:17,-121.4205999,47.4053749
Car-1,2009-02-28 20:24:19,-121.4205333,47.4053766
Car-1,2009-02-28 20:24:23,-121.4204399,47.4053499
Car-1,2009-02-28 20:24:25,-121.4203616,47.4053516
Car-1,2009-02-28 20:24:29,-121.4203666,47.4054116
Car-1,2009-02-28 20:24:31,-121.4203683,47.4054383
Car-1,2009-02-28 20:24:33,-121.4203216,47.4054316
Car-1,2009-02-28 20:24:37,-121.4201866,47.4054483
Car-1,2009-02-28 20:24:41,-121.4201,47.4054183
Car-1,2009-02-28 20:24:45,-121.4200783,47.4054866
Car-1,2009-02-28 20:24:49,-121.420095,47.4055649
Car-1,2009-02-28 20:24:53,-121.4201116,47.4056316
Car-1,2009-02-28 20:24:55,-121.4201266,47.4056566
Car-1,2009-02-28 20:24:57,-121.4201283,47.4056666
Car-1,2009-02-28 20:25:00,-121.4200766,47.4056483
Car-1,2009-02-28 20:25:04,-121.4199466,47.4056533
Car-1,2009-02-28 20:25:08,-121.419885,47.4057016
Car-1,2009-02-28 20:25:12,-121.4196633,47.4057349
Car-1,2009-02-28 20:25:16,-121.41959,47.4057233
Car-1,2009-02-28 20:25:18,-121.419555,47.4057216
Car-1,2009-02-28 20:25:22,-121.419365,47.4057083
Car-1,2009-02-28 20:25:26,-121.419295,47.4057516
Car-1,2009-02-28 20:25:30,-121.4192266,47.4058
Car-1,2009-02-28 20:25:35,-121.4189416,47.4057466
Car-1,2009-02-28 20:25:39,-121.4189083,47.4058116
Car-1,2009-02-28 20:25:43,-121.4189666,47.4059316
Car-1,2009-02-28 20:25:48,-121.4187749,47.4059783
Car-1,2009-02-28 20:25:52,-121.4187183,47.4061183
Car-1,2009-02-28 20:25:56,-121.4185399,47.4061366
Car-1,2009-02-28 20:25:59,-121.4183833,47.4061799
Car-1,2009-02-28 20:26:04,-121.4181366,47.4065083
Car-1,2009-02-28 20:26:10,-121.4175233,47.4067199
Car-1,2009-02-28 20:26:14,-121.4171433,47.4066883
Car-1,2009-02-28 20:26:18,-121.4169149,47.406725
Car-1,2009-02-28 20:26:22,-121.4167933,47.4068316
Car-1,2009-02-28 20:26:26,-121.41659,47.4068733
Car-1,2009-02-28 20:26:30,-121.4163199,47.4068583
Car-1,2009-02-28 20:26:34,-121.416225,47.4067433
Car-1,2009-02-28 20:26:38,-121.4159666,47.4066733
Car-1,2009-02-28 20:26:42,-121.4157799,47.4067666
Car-1,2009-02-28 20:26:46,-121.4155566,47.4067716
Car-1,2009-02-28 20:26:50,-121.4152866,47.4067883
Car-1,2009-02-28 20:26:54,-121.415,47.4068416
Car-1,2009-02-28 20:26:58,-121.4145433,47.4070099
Car-1,2009-02-28 20:27:04,-121.4141749,47.4073183
Car-1,2009-02-28 20:27:08,-121.4140133,47.40739
Car-1,2009-02-28 20:27:12,-121.4138816,47.4075516
Car-1,2009-02-28 20:27:16,-121.4137683,47.40758
Car-1,2009-02-28 20:27:20,-121.4135933,47.4075933
Car-1,2009-02-28 20:27:24,-121.4135399,47.40765
Car-1,2009-02-28 20:27:26,-121.4135366,47.4076666
Car-1,2009-02-28 20:27:29,-121.4135233,47.4076783
Car-1,2009-02-28 20:27:31,-121.4135133,47.4076899
Car-1,2009-02-28 20:27:33,-121.4134883,47.4077083
Car-1,2009-02-28 20:27:35,-121.4134599,47.4077333
Car-1,2009-02-28 20:27:37,-121.4134516,47.4077499
Car-1,2009-02-28 20:27:50,-121.4134466,47.4078033
Car-1,2009-02-28 20:27:52,-121.4134399,47.40781
Car-1,2009-02-28 20:27:54,-121.41341,47.40784
Car-1,2009-02-28 20:27:56,-121.4133383,47.4078299
Car-1,2009-02-28 20:28:00,-121.4132099,47.407845
Car-1,2009-02-28 20:28:04,-121.4129733,47.4078649
Car-1,2009-02-28 20:28:08,-121.41275,47.40798
Car-1,2009-02-28 20:28:12,-121.4125766,47.4080016
Car-1,2009-02-28 20:28:14,-121.4125466,47.408
Car-1,2009-02-28 20:28:16,-121.4125183,47.4080216
Car-1,2009-02-28 20:28:18,-121.4124833,47.4080316
Car-1,2009-02-28 20:28:49,-121.4124399,47.4080233
Car-1,2009-02-28 20:28:54,-121.4124416,47.4080233
Car-1,2009-02-28 20:29:02,-121.4124449,47.4080216
Car-1,2009-02-28 20:29:04,-121.41245,47.4080249
Car-1,2009-02-28 20:29:06,-121.41245,47.4080399
Car-1,2009-02-28 20:29:16,-121.4124433,47.4080399
Car-1,2009-02-28 20:29:17,-121.4124433,47.4080399
Car-1,2009-02-28 20:29:19,-121.41245,47.4080399
Car-1,2009-02-28 20:29:21,-121.4124616,47.4080366
Car-1,2009-02-28 20:29:31,-121.4124466,47.4080399
Car-1,2009-02-28 20:29:33,-121.4124649,47.408035
Car-1,2009-02-28 20:29:36,-121.4124783,47.4080299
Car-1,2009-02-28 20:29:38,-121.4124783,47.4080316
Car-1,2009-02-28 20:29:40,-121.4124633,47.408035
Car-1,2009-02-28 20:29:42,-121.4124616,47.4080366
Car-1,2009-02-28 20:29:44,-121.4124649,47.4080383
Car-1,2009-02-28 20:29:46,-121.4124599,47.4080383
Car-1,2009-02-28 20:30:17,-121.4124366,47.4080416
Car-1,2009-02-28 20:30:29,-121.4124266,47.4080366
Car-1,2009-02-28 20:30:31,-121.4124316,47.4080383
Car-1,2009-02-28 20:30:49,-121.4124266,47.408035
Car-1,2009-02-28 20:31:09,-121.4124233,47.408035
Car-1,2009-02-28 20:32:45,-121.4124233,47.408035
Car-1,2009-02-28 20:32:47,-121.4124199,47.4080299
Car-1,2009-02-28 20:33:10,-121.4124049,47.4080266
Car-1,2009-02-28 20:33:12,-121.4123833,47.4080183
Car-1,2009-02-28 20:33:14,-121.4123599,47.4080099
Car-1,2009-02-28 20:33:45,-121.412345,47.4080033
Car-1,2009-02-28 20:33:47,-121.4123483,47.4079983
Car-1,2009-02-28 20:33:55,-121.4123199,47.4079966
Car-1,2009-02-28 20:34:45,-121.4122849,47.4079916
Car-1,2009-02-28 20:35:03,-121.4122849,47.4079916
Car-1,2009-02-28 20:35:05,-121.4122833,47.4079866
Car-1,2009-02-28 20:35:15,-121.412295,47.4079783
Car-1,2009-02-28 20:35:17,-121.412295,47.4079566
Car-1,2009-02-28 20:35:19,-121.4123016,47.4079316
Car-1,2009-02-28 20:35:21,-121.4123066,47.4078999
Car-1,2009-02-28 20:35:23,-121.4123066,47.4078783
Car-1,2009-02-28 20:35:25,-121.4123116,47.4078616
Car-1,2009-02-28 20:35:27,-121.4123199,47.4078499
Car-1,2009-02-28 20:35:29,-121.4123466,47.4078233
Car-1,2009-02-28 20:35:31,-121.4124166,47.4077649
Car-1,2009-02-28 20:35:35,-121.4126716,47.4076416
Car-1,2009-02-28 20:35:39,-121.4128733,47.4075466
Car-1,2009-02-28 20:35:43,-121.41306,47.4074583
Car-1,2009-02-28 20:35:47,-121.4132283,47.4073683
Car-1,2009-02-28 20:35:51,-121.41343,47.4072699
Car-1,2009-02-28 20:35:55,-121.4136183,47.40718
Car-1,2009-02-28 20:35:59,-121.4138033,47.4070883
Car-1,2009-02-28 20:36:03,-121.4139583,47.4070133
Car-1,2009-02-28 20:36:07,-121.4141199,47.4069316
Car-1,2009-02-28 20:36:11,-121.4142049,47.4068883
Car-1,2009-02-28 20:36:15,-121.4142983,47.4068416
Car-1,2009-02-28 20:36:19,-121.4143883,47.406795
Car-1,2009-02-28 20:36:23,-121.4144866,47.4067499
Car-1,2009-02-28 20:36:27,-121.4146099,47.4066966
Car-1,2009-02-28 20:36:31,-121.4147633,47.4066249
Car-1,2009-02-28 20:36:35,-121.4149399,47.4065433
Car-1,2009-02-28 20:36:39,-121.41512,47.4064533
Car-1,2009-02-28 20:36:43,-121.4152883,47.4063733
Car-1,2009-02-28 20:36:47,-121.4154849,47.4062799
Car-1,2009-02-28 20:36:51,-121.4156749,47.4061866
Car-1,2009-02-28 20:36:55,-121.4158583,47.406095
Car-1,2009-02-28 20:36:59,-121.4159766,47.4060199
Car-1,2009-02-28 20:37:03,-121.4161766,47.4059266
Car-1,2009-02-28 20:37:07,-121.4163699,47.4058366
Car-1,2009-02-28 20:37:11,-121.4165649,47.4057466
Car-1,2009-02-28 20:37:15,-121.4167516,47.4056533
Car-1,2009-02-28 20:38:39,-121.4204199,47.4039583
Car-1,2009-02-28 20:40:03,-121.42427,47.4022133
Car-1,2009-02-28 20:42:27,-121.4245283,47.401485
Car-1,2009-02-28 20:42:29,-121.4245233,47.4015016
Car-1,2009-02-28 20:42:31,-121.4245033,47.4015283
Car-1,2009-02-28 20:42:35,-121.4244499,47.4015916
Car-1,2009-02-28 20:42:39,-121.4244016,47.4015933
Car-1,2009-02-28 20:42:41,-121.424375,47.4016066
Car-1,2009-02-28 20:42:43,-121.4243216,47.4016049
Car-1,2009-02-28 20:42:47,-121.4242083,47.4016433
Car-1,2009-02-28 20:42:51,-121.4240916,47.4016933
Car-1,2009-02-28 20:42:55,-121.4239516,47.4016516
Car-1,2009-02-28 20:42:59,-121.4238366,47.4016749
Car-1,2009-02-28 20:43:03,-121.4237366,47.4017249
Car-1,2009-02-28 20:43:07,-121.4235933,47.4017099
Car-1,2009-02-28 20:43:11,-121.4234466,47.4017599
Car-1,2009-02-28 20:43:15,-121.4232966,47.4017666
Car-1,2009-02-28 20:43:19,-121.4231649,47.4017383
Car-1,2009-02-28 20:43:23,-121.4231033,47.4018266
Car-1,2009-02-28 20:43:27,-121.4230383,47.4018633
Car-1,2009-02-28 20:43:31,-121.422875,47.4019099
Car-1,2009-02-28 20:43:35,-121.4227799,47.4020033
Car-1,2009-02-28 20:43:39,-121.4227016,47.4021033
Car-1,2009-02-28 20:43:43,-121.4226433,47.4022133
Car-1,2009-02-28 20:43:47,-121.4225649,47.4023166
Car-1,2009-02-28 20:43:51,-121.4224833,47.4024083
Car-1,2009-02-28 20:43:55,-121.42242,47.4025216
Car-1,2009-02-28 20:43:59,-121.4224016,47.4026266
Car-1,2009-02-28 20:44:03,-121.4223683,47.4027316
Car-1,2009-02-28 20:44:07,-121.4222433,47.4026816
Car-1,2009-02-28 20:44:11,-121.4220949,47.4025449
Car-1,2009-02-28 20:44:15,-121.4218616,47.4023816
Car-1,2009-02-28 20:44:19,-121.4216799,47.4022883
Car-1,2009-02-28 20:44:23,-121.421515,47.4023316
Car-1,2009-02-28 20:44:27,-121.4213849,47.40241
Car-1,2009-02-28 20:44:31,-121.4213133,47.4024249
Car-1,2009-02-28 20:44:33,-121.4212733,47.4024199
Car-1,2009-02-28 20:44:35,-121.4212449,47.4024083
Car-1,2009-02-28 20:44:37,-121.4212166,47.4023866
Car-1,2009-02-28 20:44:39,-121.4211849,47.4023633
Car-1,2009-02-28 20:44:41,-121.421125,47.4023383
Car-1,2009-02-28 20:44:45,-121.4210116,47.4023583
Car-1,2009-02-28 20:44:49,-121.4209133,47.4023766
Car-1,2009-02-28 20:46:58,-121.4212683,47.4023916
Car-1,2009-02-28 20:47:00,-121.4213133,47.4023983
Car-1,2009-02-28 20:47:02,-121.4213149,47.40241
Car-1,2009-02-28 20:47:04,-121.4213416,47.402415
Car-1,2009-02-28 20:47:06,-121.421375,47.4024249
Car-1,2009-02-28 20:47:08,-121.4214216,47.4024333
Car-1,2009-02-28 20:47:10,-121.4214333,47.4024199
Car-1,2009-02-28 20:47:13,-121.4214299,47.4023983
Car-1,2009-02-28 20:47:54,-121.4213966,47.4023999
Car-1,2009-02-28 20:48:14,-121.4214033,47.40241
Car-1,2009-02-28 20:48:22,-121.42139,47.4024133
Car-1,2009-02-28 20:48:54,-121.42139,47.4024133
Car-1,2009-02-28 20:48:56,-121.4213966,47.4024083
Car-1,2009-02-28 20:48:58,-121.421425,47.4023983
Car-1,2009-02-28 20:49:00,-121.4214483,47.4023933
Car-1,2009-02-28 20:49:02,-121.4214733,47.4023766
Car-1,2009-02-28 20:49:04,-121.4214966,47.4023633
Car-1,2009-02-28 20:49:06,-121.4215349,47.4023349
Car-1,2009-02-28 20:49:08,-121.4215599,47.4023149
Car-1,2009-02-28 20:49:10,-121.421585,47.4022883
Car-1,2009-02-28 20:49:12,-121.4216166,47.402255
Car-1,2009-02-28 20:49:16,-121.42162,47.4022066
Car-1,2009-02-28 20:49:18,-121.4216249,47.4021833
Car-1,2009-02-28 20:49:20,-121.421635,47.4021583
Car-1,2009-02-28 20:49:22,-121.4216383,47.4021266
Car-1,2009-02-28 20:49:24,-121.4216466,47.4021016
Car-1,2009-02-28 20:49:26,-121.421635,47.40208
Car-1,2009-02-28 20:49:28,-121.4216299,47.4020433
Car-1,2009-02-28 20:49:32,-121.4215383,47.4019483
Car-1,2009-02-28 20:49:36,-121.4214716,47.4018566
Car-1,2009-02-28 20:49:40,-121.4213116,47.4018166
Car-1,2009-02-28 20:49:44,-121.42109,47.4018366
Car-1,2009-02-28 20:49:48,-121.4209049,47.4019216
Car-1,2009-02-28 20:49:52,-121.4207266,47.4019199
Car-1,2009-02-28 20:49:56,-121.420585,47.4020033
Car-1,2009-02-28 20:50:00,-121.4204183,47.4020366
Car-1,2009-02-28 20:50:02,-121.4203499,47.4020766
Car-1,2009-02-28 20:50:06,-121.4202266,47.4021566
Car-1,2009-02-28 20:50:10,-121.4201049,47.402235
Car-1,2009-02-28 20:50:14,-121.4199266,47.4022766
Car-1,2009-02-28 20:50:18,-121.4197583,47.4023149
Car-1,2009-02-28 20:50:22,-121.4196366,47.4023466
Car-1,2009-02-28 20:50:26,-121.4195516,47.4023616
Car-1,2009-02-28 20:50:30,-121.4194616,47.4023333
Car-1,2009-02-28 20:50:49,-121.4194299,47.4023083
Car-1,2009-02-28 20:50:53,-121.4193666,47.4023416
Car-1,2009-02-28 20:50:55,-121.419315,47.402345
Car-1,2009-02-28 20:50:59,-121.41921,47.4023666
Car-1,2009-02-28 20:51:03,-121.4190983,47.4023899
Car-1,2009-02-28 20:51:07,-121.4189716,47.4024333
Car-1,2009-02-28 20:51:11,-121.4188349,47.4024833
Car-1,2009-02-28 20:51:15,-121.4186699,47.402485
Car-1,2009-02-28 20:51:19,-121.41851,47.4025183
Car-1,2009-02-28 20:51:23,-121.4184083,47.4026033
Car-1,2009-02-28 20:51:27,-121.4182466,47.4026766
Car-1,2009-02-28 20:51:31,-121.4181533,47.402765
Car-1,2009-02-28 20:51:35,-121.4180683,47.4028966
Car-1,2009-02-28 20:51:39,-121.4179383,47.4030283
Car-1,2009-02-28 20:51:43,-121.4179366,47.4031116
Car-1,2009-02-28 20:52:07,-121.4179033,47.4031016
Car-1,2009-02-28 20:52:13,-121.4179033,47.4031016
Car-1,2009-02-28 20:52:15,-121.4178966,47.4030983
Car-1,2009-02-28 20:52:17,-121.4178816,47.4031066
Car-1,2009-02-28 20:52:19,-121.4178433,47.4031033
Car-1,2009-02-28 20:52:21,-121.4178116,47.4030833
Car-1,2009-02-28 20:52:23,-121.4177533,47.403095
Car-1,2009-02-28 20:52:27,-121.4176033,47.4030966
Car-1,2009-02-28 20:52:31,-121.4174499,47.4031849
Car-1,2009-02-28 20:52:35,-121.4172233,47.4032366
Car-1,2009-02-28 20:52:39,-121.4169833,47.4033366
Car-1,2009-02-28 20:52:43,-121.41683,47.4034666
Car-1,2009-02-28 20:52:47,-121.4166966,47.4035516
Car-1,2009-02-28 20:52:51,-121.4165099,47.4036083
Car-1,2009-02-28 20:52:55,-121.4163966,47.4037566
Car-1,2009-02-28 20:52:59,-121.4160733,47.4038549
Car-1,2009-02-28 20:53:03,-121.4158249,47.4040016
Car-1,2009-02-28 20:53:07,-121.4156666,47.4041533
Car-1,2009-02-28 20:53:11,-121.41542,47.4043199
Car-1,2009-02-28 20:53:15,-121.4151566,47.4044083
Car-1,2009-02-28 20:53:19,-121.4147766,47.4045216
Car-1,2009-02-28 20:53:23,-121.4146433,47.4047066
Car-1,2009-02-28 20:53:27,-121.4146466,47.4049466
Car-1,2009-02-28 20:53:31,-121.4146616,47.40519
Car-1,2009-02-28 20:53:35,-121.4144549,47.4052866
Car-1,2009-02-28 20:53:39,-121.4142,47.4054599
Car-1,2009-02-28 20:53:43,-121.4140783,47.4056699
Car-1,2009-02-28 20:53:47,-121.4138249,47.4057699
Car-1,2009-02-28 20:53:51,-121.4136833,47.40594
Car-1,2009-02-28 20:53:55,-121.4136333,47.40615
Car-1,2009-02-28 20:53:59,-121.4134933,47.4062266
Car-1,2009-02-28 20:54:03,-121.4132533,47.4063483
Car-1,2009-02-28 20:54:07,-121.4131399,47.4065983
Car-1,2009-02-28 20:54:11,-121.4131249,47.4068283
Car-1,2009-02-28 20:54:15,-121.4129566,47.40695
Car-1,2009-02-28 20:54:19,-121.41266,47.40711
Car-1,2009-02-28 20:54:23,-121.4125299,47.4072483
Car-1,2009-02-28 20:54:27,-121.4123699,47.4073299
Car-1,2009-02-28 20:54:31,-121.41226,47.4074633
Car-1,2009-02-28 20:54:35,-121.4120949,47.4075733
Car-1,2009-02-28 20:54:39,-121.4120549,47.4077716
Car-1,2009-02-28 20:54:43,-121.4120633,47.4079283
Car-1,2009-02-28 20:54:47,-121.4120949,47.4080049
Car-1,2009-02-28 20:54:51,-121.4120766,47.4080583
Car-1,2009-02-28 20:54:55,-121.4120916,47.40809
Car-1,2009-02-28 20:54:57,-121.4120816,47.4081016
Car-1,2009-02-28 20:54:59,-121.4120816,47.4081166
Car-1,2009-02-28 20:55:01,-121.4120833,47.4081166
Car-1,2009-02-28 20:55:03,-121.4120833,47.4081299
Car-1,2009-02-28 20:55:05,-121.412085,47.4081499
Car-1,2009-02-28 20:55:07,-121.4120783,47.4081883
Car-1,2009-02-28 20:55:09,-121.4120766,47.4082149
Car-1,2009-02-28 20:55:11,-121.4120833,47.408245
Car-1,2009-02-28 20:55:13,-121.4120916,47.4082699
Car-1,2009-02-28 20:55:15,-121.4120966,47.4082883
Car-1,2009-02-28 20:55:26,-121.4120733,47.4082766
Car-1,2009-02-28 20:55:28,-121.4120783,47.4082766
Car-1,2009-02-28 20:55:30,-121.4120749,47.4082749
Car-1,2009-02-28 20:55:37,-121.4120749,47.4082749
Car-1,2009-02-28 20:55:39,-121.4120716,47.4082733
Car-1,2009-02-28 20:55:41,-121.4120816,47.4082816
Car-1,2009-02-28 20:55:43,-121.4120966,47.408295
Car-1,2009-02-28 20:55:45,-121.41212,47.4083049
Car-1,2009-02-28 20:55:47,-121.4121366,47.4083183
Car-1,2009-02-28 20:55:49,-121.4121583,47.4083349
Car-1,2009-02-28 20:55:51,-121.4121866,47.4083483
Car-1,2009-02-28 20:55:53,-121.4122383,47.4083716
Car-1,2009-02-28 20:55:55,-121.4122616,47.4083899
Car-1,2009-02-28 20:55:57,-121.4122716,47.4084166
Car-1,2009-02-28 20:55:59,-121.4122833,47.4084416
Car-1,2009-02-28 20:56:01,-121.4122916,47.4084716
Car-1,2009-02-28 20:56:03,-121.4123166,47.4084883
Car-1,2009-02-28 20:56:05,-121.4123466,47.4085149
Car-1,2009-02-28 20:56:07,-121.412365,47.4085433
Car-1,2009-02-28 20:56:09,-121.4123683,47.408575
Car-1,2009-02-28 20:56:11,-121.4123866,47.408625
Car-1,2009-02-28 20:56:13,-121.4124233,47.4086183
Car-1,2009-02-28 20:56:15,-121.4124483,47.4086416
Car-1,2009-02-28 20:56:17,-121.4124749,47.4086566
Car-1,2009-02-28 20:56:19,-121.4125149,47.4086499
Car-1,2009-02-28 20:56:21,-121.4125533,47.4086433
Car-1,2009-02-28 20:56:23,-121.4125733,47.4086349
Car-1,2009-02-28 20:56:26,-121.4125933,47.4086416
Car-1,2009-02-28 20:56:28,-121.4126016,47.4086549
Car-1,2009-02-28 20:56:30,-121.4126083,47.4086583
Car-1,2009-02-28 20:56:32,-121.4126083,47.4086749
Car-1,2009-02-28 20:56:34,-121.4126183,47.4086866
Car-1,2009-02-28 20:56:36,-121.4126299,47.4086983
Car-1,2009-02-28 20:56:38,-121.4126383,47.4087133
Car-1,2009-02-28 20:56:40,-121.412645,47.4087283
Car-1,2009-02-28 20:56:42,-121.4126483,47.4087449
Car-1,2009-02-28 20:56:44,-121.4126499,47.4087549
Car-1,2009-02-28 20:56:47,-121.4126566,47.4087683
Car-1,2009-02-28 20:56:49,-121.41266,47.408785
Car-1,2009-02-28 20:56:51,-121.4126633,47.4087916
Car-1,2009-02-28 20:56:53,-121.4126666,47.4088
Car-1,2009-02-28 20:56:55,-121.4126716,47.4088133
Car-1,2009-02-28 20:56:57,-121.4126783,47.4088249
Car-1,2009-02-28 20:56:59,-121.4126816,47.40884
Car-1,2009-02-28 20:57:01,-121.4126849,47.4088516
Car-1,2009-02-28 20:57:03,-121.4126833,47.4088616
Car-1,2009-02-28 20:57:08,-121.4126999,47.4088849
Car-1,2009-02-28 20:57:10,-121.4127083,47.4088999
Car-1,2009-02-28 20:57:12,-121.412715,47.40891
Car-1,2009-02-28 20:57:14,-121.4127233,47.4089299
Car-1,2009-02-28 20:57:16,-121.4127266,47.4089516
Car-1,2009-02-28 20:57:18,-121.4127333,47.4089616
Car-1,2009-02-28 20:57:20,-121.4127366,47.4089866
Car-1,2009-02-28 20:57:22,-121.412745,47.4089966
Car-1,2009-02-28 20:57:24,-121.4127516,47.4090083
Car-1,2009-02-28 20:57:26,-121.4127583,47.4090183
Car-1,2009-02-28 20:57:28,-121.4127633,47.4090266
Car-1,2009-02-28 20:57:30,-121.412765,47.4090349
Car-1,2009-02-28 20:57:32,-121.4127683,47.4090549
Car-1,2009-02-28 20:57:34,-121.4127733,47.4090666
Car-1,2009-02-28 20:57:36,-121.4127783,47.4090749
Car-1,2009-02-28 20:57:38,-121.412785,47.4090866
Car-1,2009-02-28 20:57:40,-121.4127833,47.4091083
Car-1,2009-02-28 20:57:42,-121.4127899,47.409115
Car-1,2009-02-28 20:57:44,-121.4127933,47.409135
Car-1,2009-02-28 20:57:47,-121.4127616,47.409135
Car-1,2009-02-28 20:57:49,-121.4127266,47.4091299
Car-1,2009-02-28 20:57:51,-121.4127083,47.4091249
Car-1,2009-02-28 20:57:53,-121.4126766,47.4091399
Car-1,2009-02-28 20:57:55,-121.4126966,47.4091366
Car-1,2009-02-28 20:57:57,-121.4127116,47.40915
Car-1,2009-02-28 20:57:59,-121.4127083,47.4091966
Car-1,2009-02-28 20:58:02,-121.4127533,47.4092149
Car-1,2009-02-28 20:58:04,-121.4127699,47.4092933
Car-1,2009-02-28 20:58:06,-121.4127983,47.40931
Car-1,2009-02-28 20:58:08,-121.4128383,47.4092999
Car-1,2009-02-28 20:58:10,-121.4128716,47.4092666
Car-1,2009-02-28 20:58:12,-121.4129033,47.4092683
Car-1,2009-02-28 20:58:14,-121.4129299,47.4092733
Car-1,2009-02-28 20:58:16,-121.4129466,47.4092833
Car-1,2009-02-28 20:58:18,-121.4129699,47.4092883
Car-1,2009-02-28 20:58:20,-121.4129883,47.4092949
Car-1,2009-02-28 20:58:22,-121.4129849,47.4093066
Car-1,2009-02-28 20:58:24,-121.4129883,47.4093149
Car-1,2009-02-28 20:58:26,-121.4130049,47.4093283
Car-1,2009-02-28 20:58:28,-121.4130216,47.4093366
Car-1,2009-02-28 20:58:30,-121.4130316,47.4093416
Car-1,2009-02-28 20:58:32,-121.4130316,47.4093466
Car-1,2009-02-28 20:58:34,-121.4130333,47.4093549
Car-1,2009-02-28 20:58:36,-121.4130416,47.4093649
Car-1,2009-02-28 20:58:38,-121.4130516,47.4093833
Car-1,2009-02-28 20:58:40,-121.41308,47.4093999
Car-1,2009-02-28 20:58:42,-121.4130966,47.4094116
Car-1,2009-02-28 20:58:44,-121.4131533,47.4094183
Car-1,2009-02-28 20:58:46,-121.41315,47.4094366
Car-1,2009-02-28 20:58:48,-121.4131449,47.4094566
Car-1,2009-02-28 20:58:50,-121.4131449,47.4094683
Car-1,2009-02-28 20:58:52,-121.4131516,47.4094766
Car-1,2009-02-28 20:58:54,-121.4131583,47.4094866
Car-1,2009-02-28 20:58:56,-121.4131766,47.4094966
Car-1,2009-02-28 20:58:58,-121.4131899,47.4095083
Car-1,2009-02-28 20:59:00,-121.4132,47.40952
Car-1,2009-02-28 20:59:02,-121.4132066,47.4095283
Car-1,2009-02-28 20:59:04,-121.4132233,47.4095399
Car-1,2009-02-28 20:59:06,-121.4132299,47.4095483
Car-1,2009-02-28 20:59:08,-121.4132316,47.4095583
Car-1,2009-02-28 20:59:10,-121.4132483,47.4095616
Car-1,2009-02-28 20:59:12,-121.4132533,47.4095716
Car-1,2009-02-28 20:59:14,-121.4132499,47.4095666
Car-1,2009-02-28 20:59:16,-121.4132483,47.4095716
Car-1,2009-02-28 20:59:18,-121.4132516,47.4095749
Car-1,2009-02-28 20:59:20,-121.4132616,47.4095766
Car-1,2009-02-28 20:59:22,-121.4132666,47.4095916
Car-1,2009-02-28 20:59:24,-121.4132733,47.4096016
Car-1,2009-02-28 20:59:26,-121.4132866,47.4096116
Car-1,2009-02-28 20:59:28,-121.4132999,47.4096149
Car-1,2009-02-28 20:59:30,-121.4133166,47.4096316
Car-1,2009-02-28 20:59:32,-121.4133416,47.4096333
Car-1,2009-02-28 20:59:34,-121.413345,47.4096316
Car-1,2009-02-28 20:59:36,-121.4133566,47.4096366
Car-1,2009-02-28 20:59:38,-121.4133616,47.4096533
Car-1,2009-02-28 20:59:40,-121.4133566,47.4096666
Car-1,2009-02-28 20:59:42,-121.4133633,47.409675
Car-1,2009-02-28 20:59:45,-121.4133649,47.40971
Car-1,2009-02-28 20:59:48,-121.4133566,47.4097333
Car-1,2009-02-28 20:59:50,-121.4133283,47.40976
Car-1,2009-02-28 20:59:52,-121.4133499,47.4097583
Car-1,2009-02-28 20:59:54,-121.4133466,47.4097716
Car-1,2009-02-28 20:59:57,-121.4133466,47.4097716
Car-1,2009-02-28 20:59:59,-121.4133483,47.4097783
Car-1,2009-02-28 21:00:01,-121.4133433,47.4097916
Car-1,2009-02-28 21:00:03,-121.4133483,47.4097983
Car-1,2009-02-28 21:00:05,-121.4133383,47.4098133
Car-1,2009-02-28 21:00:07,-121.4133299,47.4098316
Car-1,2009-02-28 21:00:09,-121.4133183,47.4098683
Car-1,2009-02-28 21:00:11,-121.4133149,47.4098833
Car-1,2009-02-28 21:00:13,-121.4132916,47.4098766
Car-1,2009-02-28 21:00:15,-121.41324,47.4098799
Car-1,2009-02-28 21:00:17,-121.4132416,47.4099016
Car-1,2009-02-28 21:00:23,-121.413255,47.4099183
Car-1,2009-02-28 21:00:25,-121.4132666,47.40992
Car-1,2009-02-28 21:00:31,-121.4132933,47.4099216
Car-1,2009-02-28 21:00:37,-121.4132833,47.4099266
Car-1,2009-02-28 21:01:01,-121.4132799,47.4099099
Car-1,2009-02-28 21:01:03,-121.4132849,47.4099033
Car-1,2009-02-28 21:01:05,-121.4132916,47.4098966
Car-1,2009-02-28 21:01:07,-121.4132983,47.4098949
Car-1,2009-02-28 21:01:09,-121.4132933,47.4099016
Car-1,2009-02-28 21:01:11,-121.4133016,47.4099133
Car-1,2009-02-28 21:01:13,-121.4133266,47.4099216
Car-1,2009-02-28 21:01:15,-121.4133566,47.4099233
Car-1,2009-02-28 21:01:18,-121.4133783,47.40992
Car-1,2009-02-28 21:02:07,-121.4133483,47.409905
Car-1,2009-02-28 21:02:11,-121.4133583,47.409935
Car-1,2009-02-28 21:02:13,-121.4133316,47.4099433
Car-1,2009-02-28 21:02:15,-121.413305,47.4099299
Car-1,2009-02-28 21:02:17,-121.4132949,47.4099149
Car-1,2009-02-28 21:02:21,-121.413255,47.4098949
Car-1,2009-02-28 21:02:23,-121.4132366,47.4098916
Car-1,2009-02-28 21:02:25,-121.4132033,47.4099
Car-1,2009-02-28 21:02:27,-121.4131133,47.4099133
Car-1,2009-02-28 21:19:31,-121.4133616,47.4097066
Car-1,2009-02-28 21:19:33,-121.4134083,47.4096933
Car-1,2009-02-28 21:19:35,-121.4134433,47.4096966
Car-1,2009-02-28 21:19:37,-121.4134716,47.4096916
Car-1,2009-02-28 21:19:39,-121.4135033,47.4096733
Car-1,2009-02-28 21:19:41,-121.4135133,47.40966
Car-1,2009-02-28 21:19:43,-121.4135299,47.4096516
Car-1,2009-02-28 21:19:45,-121.4135633,47.4096449
Car-1,2009-02-28 21:19:47,-121.4135616,47.4096433
Car-1,2009-02-28 21:19:49,-121.4135549,47.4096616
Car-1,2009-02-28 21:19:51,-121.4135833,47.4096766
Car-1,2009-02-28 21:19:53,-121.4136133,47.4096849
Car-1,2009-02-28 21:19:55,-121.4136416,47.4096799
Car-1,2009-02-28 21:19:57,-121.4136683,47.4096733
Car-1,2009-02-28 21:19:59,-121.4136966,47.409675
Car-1,2009-02-28 21:20:01,-121.4137266,47.409675
Car-1,2009-02-28 21:20:03,-121.4137683,47.4096733
Car-1,2009-02-28 21:20:05,-121.4137933,47.4096699
Car-1,2009-02-28 21:20:07,-121.4138333,47.409675
Car-1,2009-02-28 21:20:09,-121.4138483,47.4096733
Car-1,2009-02-28 21:20:11,-121.4138583,47.4096699
Car-1,2009-02-28 21:20:13,-121.4138699,47.4096733
Car-1,2009-02-28 21:20:15,-121.4138699,47.4096816
Car-1,2009-02-28 21:20:17,-121.413885,47.4096849
Car-1,2009-02-28 21:20:19,-121.4139083,47.4096849
Car-1,2009-02-28 21:20:21,-121.4139299,47.4096933
Car-1,2009-02-28 21:20:23,-121.4139533,47.4096999
Car-1,2009-02-28 21:20:25,-121.4139716,47.4097083
Car-1,2009-02-28 21:20:27,-121.4139866,47.4097199
Car-1,2009-02-28 21:20:29,-121.4140016,47.4097266
Car-1,2009-02-28 21:20:31,-121.41402,47.40973
Car-1,2009-02-28 21:20:33,-121.4140366,47.4097366
Car-1,2009-02-28 21:20:35,-121.4140533,47.4097399
Car-1,2009-02-28 21:20:37,-121.4140683,47.4097349
Car-1,2009-02-28 21:20:39,-121.4140849,47.409725
Car-1,2009-02-28 21:20:41,-121.4140933,47.409725
Car-1,2009-02-28 21:20:43,-121.4141049,47.4097283
Car-1,2009-02-28 21:20:45,-121.4141266,47.4097399
Car-1,2009-02-28 21:20:47,-121.4141316,47.4097516
Car-1,2009-02-28 21:20:49,-121.4141366,47.4097633
Car-1,2009-02-28 21:20:51,-121.414125,47.409745
Car-1,2009-02-28 21:20:53,-121.4141466,47.4097199
Car-1,2009-02-28 21:20:55,-121.4141716,47.4097183
Car-1,2009-02-28 21:20:57,-121.4141849,47.4097216
Car-1,2009-02-28 21:20:59,-121.4141966,47.4097149
Car-1,2009-02-28 21:21:01,-121.4142166,47.4097066
Car-1,2009-02-28 21:21:03,-121.4142383,47.409695
Car-1,2009-02-28 21:21:05,-121.4142533,47.4096849
Car-1,2009-02-28 21:21:07,-121.41425,47.4096849
Car-1,2009-02-28 21:21:12,-121.4142449,47.40969
Car-1,2009-02-28 21:21:17,-121.4142449,47.40969
Car-1,2009-02-28 21:21:19,-121.4142433,47.4096866
Car-1,2009-02-28 21:21:21,-121.4142383,47.4096699
Car-1,2009-02-28 21:21:23,-121.4142266,47.4096466
Car-1,2009-02-28 21:21:25,-121.4142099,47.409625
Car-1,2009-02-28 21:21:27,-121.4141816,47.4096183
Car-1,2009-02-28 21:21:29,-121.4141549,47.4096183
Car-1,2009-02-28 21:21:43,-121.4141233,47.4096149
Car-1,2009-02-28 21:21:46,-121.4140999,47.4096116
Car-1,2009-02-28 21:22:28,-121.4140733,47.409605
Car-1,2009-02-28 21:22:45,-121.4140649,47.4096016
Car-1,2009-02-28 21:22:47,-121.41406,47.4095949
Car-1,2009-02-28 21:22:49,-121.4140583,47.4095833
Car-1,2009-02-28 21:22:51,-121.4140499,47.4095749
Car-1,2009-02-28 21:22:53,-121.4140433,47.40957
Car-1,2009-02-28 21:22:55,-121.4140349,47.4095649
Car-1,2009-02-28 21:22:57,-121.41402,47.4095583
Car-1,2009-02-28 21:23:16,-121.414005,47.4095416
Car-1,2009-02-28 21:23:22,-121.4139966,47.4095399
Car-1,2009-02-28 21:23:28,-121.4139966,47.4095399
Car-1,2009-02-28 21:23:30,-121.4139966,47.4095333
Car-1,2009-02-28 21:23:47,-121.4140099,47.4095233
Car-1,2009-02-28 21:23:54,-121.4140216,47.40952
Car-1,2009-02-28 21:23:56,-121.4140416,47.409515
Car-1,2009-02-28 21:23:58,-121.414055,47.4094983
Car-1,2009-02-28 21:24:00,-121.4140833,47.4094983
Car-1,2009-02-28 21:24:02,-121.4140983,47.4095083
Car-1,2009-02-28 21:24:04,-121.41413,47.4094899
Car-1,2009-02-28 21:24:06,-121.4141516,47.4094883
Car-1,2009-02-28 21:24:08,-121.4141766,47.4095016
Car-1,2009-02-28 21:24:10,-121.4142233,47.409515
Car-1,2009-02-28 21:24:12,-121.4142733,47.4095333
Car-1,2009-02-28 21:24:14,-121.4142916,47.409535
Car-1,2009-02-28 21:24:16,-121.4143133,47.4095249
Car-1,2009-02-28 21:24:18,-121.4143533,47.4095266
Car-1,2009-02-28 21:24:20,-121.4143933,47.4095333
Car-1,2009-02-28 21:24:24,-121.4145116,47.4095583
Car-1,2009-02-28 21:24:28,-121.4146083,47.4095799
Car-1,2009-02-28 21:24:32,-121.4147283,47.4096016
Car-1,2009-02-28 21:24:36,-121.4148533,47.4096166
Car-1,2009-02-28 21:24:40,-121.4149683,47.4096266
Car-1,2009-02-28 21:24:44,-121.4150833,47.4096416
Car-1,2009-02-28 21:24:48,-121.4151966,47.409655
Car-1,2009-02-28 21:24:52,-121.4153033,47.4096699
Car-1,2009-02-28 21:24:56,-121.4154099,47.4096883
Car-1,2009-02-28 21:25:00,-121.4155149,47.4097033
Car-1,2009-02-28 21:25:04,-121.4156233,47.4097149
Car-1,2009-02-28 21:25:08,-121.4157366,47.40973
Car-1,2009-02-28 21:25:12,-121.4158566,47.4097416
Car-1,2009-02-28 21:25:16,-121.4159683,47.4097549
Car-1,2009-02-28 21:25:20,-121.41608,47.4097716
Car-1,2009-02-28 21:25:24,-121.41619,47.4097883
Car-1,2009-02-28 21:25:28,-121.4162999,47.4098016
Car-1,2009-02-28 21:25:32,-121.4164066,47.409815
Car-1,2009-02-28 21:25:36,-121.4165133,47.4098283
Car-1,2009-02-28 21:25:40,-121.4166183,47.4098433
Car-1,2009-02-28 21:25:44,-121.4167233,47.4098583
Car-1,2009-02-28 21:25:48,-121.4168416,47.4098733
Car-1,2009-02-28 21:25:52,-121.416955,47.4098866
Car-1,2009-02-28 21:25:56,-121.4170649,47.4099
Car-1,2009-02-28 21:26:00,-121.4171766,47.4099166
Car-1,2009-02-28 21:26:04,-121.4172866,47.4099299
Car-1,2009-02-28 21:26:08,-121.4173983,47.4099483
Car-1,2009-02-28 21:26:12,-121.4175099,47.4099633
Car-1,2009-02-28 21:26:16,-121.4176083,47.4099683
Car-1,2009-02-28 21:26:18,-121.4176283,47.40997
Car-1,2009-02-28 21:26:20,-121.4176533,47.40997
Car-1,2009-02-28 21:26:22,-121.4176716,47.4099733
Car-1,2009-02-28 21:26:24,-121.4176983,47.4099783
Car-1,2009-02-28 21:26:26,-121.4177449,47.4099833
Car-1,2009-02-28 21:26:30,-121.4178549,47.4099999
Car-1,2009-02-28 21:26:34,-121.4179666,47.4100183
Car-1,2009-02-28 21:26:38,-121.4180816,47.4100333
Car-1,2009-02-28 21:26:42,-121.418195,47.410045
Car-1,2009-02-28 21:26:46,-121.4183,47.4100549
Car-1,2009-02-28 21:26:50,-121.4184066,47.4100666
Car-1,2009-02-28 21:26:54,-121.4185199,47.41008
Car-1,2009-02-28 21:26:58,-121.4186349,47.4100916
Car-1,2009-02-28 21:27:02,-121.4187383,47.4101033
Car-1,2009-02-28 21:27:06,-121.4188416,47.4101183
Car-1,2009-02-28 21:27:10,-121.4189666,47.4101283
Car-1,2009-02-28 21:27:14,-121.4190933,47.4101366
Car-1,2009-02-28 21:27:18,-121.4191599,47.4101533
Car-1,2009-02-28 21:27:22,-121.4192766,47.4101616
Car-1,2009-02-28 21:27:26,-121.4193983,47.4101683
Car-1,2009-02-28 21:27:30,-121.4194749,47.410185
Car-1,2009-02-28 21:27:34,-121.4195566,47.4101983
Car-1,2009-02-28 21:27:38,-121.4196383,47.4102099
Car-1,2009-02-28 21:27:40,-121.4196716,47.4102166
Car-1,2009-02-28 21:27:42,-121.4197133,47.4102216
Car-1,2009-02-28 21:27:44,-121.419765,47.4102249
Car-1,2009-02-28 21:27:48,-121.4198533,47.410235
Car-1,2009-02-28 21:27:50,-121.4198966,47.4102399
Car-1,2009-02-28 21:27:52,-121.4199499,47.4102416
Car-1,2009-02-28 21:27:56,-121.420065,47.41025
Car-1,2009-02-28 21:28:00,-121.4201549,47.4102633
Car-1,2009-02-28 21:28:04,-121.4202483,47.4102733
Car-1,2009-02-28 21:28:06,-121.4202966,47.4102816
Car-1,2009-02-28 21:28:08,-121.4203483,47.4102883
Car-1,2009-02-28 21:28:12,-121.420445,47.4103033
Car-1,2009-02-28 21:28:16,-121.420535,47.4103183
Car-1,2009-02-28 21:28:20,-121.4206216,47.4103316
Car-1,2009-02-28 21:28:24,-121.4207166,47.4103466
Car-1,2009-02-28 21:28:28,-121.4208266,47.4103533
Car-1,2009-02-28 21:28:32,-121.4209233,47.4103616
Car-1,2009-02-28 21:28:36,-121.4210133,47.4103733
Car-1,2009-02-28 21:28:40,-121.4210733,47.4103983
Car-1,2009-02-28 21:28:42,-121.4211116,47.4104183
Car-1,2009-02-28 21:28:44,-121.421125,47.4104233
Car-1,2009-02-28 21:28:46,-121.4211533,47.4104183
Car-1,2009-02-28 21:28:50,-121.42127,47.4104183
Car-1,2009-02-28 21:28:54,-121.4213583,47.4104366
Car-1,2009-02-28 21:28:58,-121.42144,47.4104316
Car-1,2009-02-28 21:29:00,-121.4214899,47.41044
Car-1,2009-02-28 21:29:02,-121.4215283,47.4104549
Car-1,2009-02-28 21:29:04,-121.4215883,47.4104733
Car-1,2009-02-28 21:29:06,-121.4216399,47.4104783
Car-1,2009-02-28 21:29:08,-121.4216816,47.4104916
Car-1,2009-02-28 21:29:10,-121.4217266,47.41051
Car-1,2009-02-28 21:29:12,-121.4217916,47.4105049
Car-1,2009-02-28 21:29:14,-121.4218383,47.4105133
Car-1,2009-02-28 21:29:16,-121.4218783,47.4105216
Car-1,2009-02-28 21:29:18,-121.42193,47.4105249
Car-1,2009-02-28 21:29:20,-121.4219916,47.41053
Car-1,2009-02-28 21:29:24,-121.4221116,47.4105366
Car-1,2009-02-28 21:29:26,-121.4221583,47.4105399
Car-1,2009-02-28 21:29:28,-121.4222333,47.4105433
Car-1,2009-02-28 21:29:32,-121.4223266,47.4105599
Car-1,2009-02-28 21:29:34,-121.4223799,47.41055
Car-1,2009-02-28 21:29:38,-121.4225466,47.410565
Car-1,2009-02-28 21:29:42,-121.4226466,47.4105866
Car-1,2009-02-28 21:29:44,-121.4226699,47.410585
Car-1,2009-02-28 21:29:54,-121.42268,47.4105816
Car-1,2009-02-28 21:29:56,-121.4226833,47.41058
Car-1,2009-02-28 21:30:17,-121.4226866,47.4105816
Car-1,2009-02-28 21:30:19,-121.4226866,47.410585
Car-1,2009-02-28 21:30:32,-121.4226899,47.4105933
Car-1,2009-02-28 21:30:34,-121.4226883,47.4105866
Car-1,2009-02-28 21:31:04,-121.4226883,47.4105866
Car-1,2009-02-28 21:31:06,-121.4226899,47.4105899
Car-1,2009-02-28 21:31:19,-121.4227083,47.4105833
Car-1,2009-02-28 21:31:21,-121.422715,47.4105666
Car-1,2009-02-28 21:31:23,-121.4227166,47.4105433
Car-1,2009-02-28 21:31:25,-121.4227183,47.4105283
Car-1,2009-02-28 21:31:27,-121.4227216,47.4105166
Car-1,2009-02-28 21:31:29,-121.4227183,47.4104983
Car-1,2009-02-28 21:31:31,-121.422715,47.4104883
Car-1,2009-02-28 21:31:33,-121.4227166,47.4104983
Car-1,2009-02-28 21:31:40,-121.422685,47.4105033
Car-1,2009-02-28 21:32:01,-121.422685,47.41051
Car-1,2009-02-28 21:32:12,-121.42268,47.4105133
Car-1,2009-02-28 21:32:16,-121.4226833,47.4105116
Car-1,2009-02-28 21:32:18,-121.4226833,47.4105183
Car-1,2009-02-28 21:32:23,-121.422685,47.4105183
Car-1,2009-02-28 21:32:29,-121.4226833,47.4105166
Car-1,2009-02-28 21:32:30,-121.4226833,47.4105166
Car-1,2009-02-28 21:32:32,-121.4226883,47.4105199
Car-1,2009-02-28 21:32:34,-121.4226733,47.4104866
Car-1,2009-02-28 21:32:38,-121.4226683,47.4104566
Car-1,2009-02-28 21:32:40,-121.4226699,47.410425
Car-1,2009-02-28 21:32:44,-121.42272,47.4103033
Car-1,2009-02-28 21:32:48,-121.4226683,47.4101983
Car-1,2009-02-28 21:32:52,-121.4225016,47.4100566
Car-1,2009-02-28 21:32:56,-121.4222616,47.4099316
Car-1,2009-02-28 21:33:00,-121.4220416,47.4098016
Car-1,2009-02-28 21:33:04,-121.4218499,47.4097166
Car-1,2009-02-28 21:33:08,-121.4217466,47.40966
Car-1,2009-02-28 21:33:12,-121.4217166,47.4096316
Car-1,2009-02-28 21:33:14,-121.4217533,47.4096233
Car-1,2009-02-28 21:33:16,-121.4217766,47.409605
Car-1,2009-02-28 21:33:20,-121.4217533,47.4095533
Car-1,2009-02-28 21:33:24,-121.4216949,47.4095033
Car-1,2009-02-28 21:33:26,-121.4216716,47.4094899
Car-1,2009-02-28 21:33:28,-121.4216633,47.4094883
Car-1,2009-02-28 21:33:30,-121.4216666,47.4095
Car-1,2009-02-28 21:33:33,-121.4216766,47.4095049
Car-1,2009-02-28 21:33:35,-121.4216933,47.40952
Car-1,2009-02-28 21:33:37,-121.421705,47.4095116
Car-1,2009-02-28 21:33:39,-121.4216999,47.4095
Car-1,2009-02-28 21:33:54,-121.4216833,47.409485
Car-1,2009-02-28 21:33:56,-121.4216766,47.4094816
Car-1,2009-02-28 21:33:58,-121.4216683,47.4094766
Car-1,2009-02-28 21:34:00,-121.4216766,47.40948
Car-1,2009-02-28 21:34:02,-121.4216716,47.4094749
Car-1,2009-02-28 21:34:07,-121.4216866,47.409485
Car-1,2009-02-28 21:34:09,-121.4216799,47.4094749
Car-1,2009-02-28 21:34:11,-121.4216749,47.409465
Car-1,2009-02-28 21:34:13,-121.4216783,47.4094583
Car-1,2009-02-28 21:34:18,-121.4216666,47.4094883
Car-1,2009-02-28 21:34:22,-121.4216799,47.4095133
Car-1,2009-02-28 21:34:23,-121.4216799,47.4095133
Car-1,2009-02-28 21:34:25,-121.4216783,47.4095083
Car-1,2009-02-28 21:34:27,-121.4217016,47.40948
Car-1,2009-02-28 21:34:31,-121.4217016,47.4094049
Car-1,2009-02-28 21:34:35,-121.4217216,47.4093733
Car-1,2009-02-28 21:34:39,-121.42179,47.4092833
Car-1,2009-02-28 21:34:43,-121.4217999,47.4092116
Car-1,2009-02-28 21:34:47,-121.4218066,47.4091533
Car-1,2009-02-28 21:34:51,-121.4218049,47.4090683
Car-1,2009-02-28 21:34:55,-121.4217799,47.4089899
Car-1,2009-02-28 21:34:59,-121.4217699,47.4088799
Car-1,2009-02-28 21:35:03,-121.4218499,47.4087716
Car-1,2009-02-28 21:35:07,-121.4218783,47.4086233
Car-1,2009-02-28 21:35:11,-121.4218983,47.4084716
Car-1,2009-02-28 21:35:15,-121.4218866,47.4083116
Car-1,2009-02-28 21:35:19,-121.4218399,47.4081683
Car-1,2009-02-28 21:35:23,-121.42176,47.407945
Car-1,2009-02-28 21:35:27,-121.4217833,47.4077
Car-1,2009-02-28 21:35:31,-121.4216733,47.4074833
Car-1,2009-02-28 21:35:35,-121.421585,47.4072683
Car-1,2009-02-28 21:35:39,-121.4215016,47.4070783
Car-1,2009-02-28 21:35:43,-121.42137,47.4068883
Car-1,2009-02-28 21:35:47,-121.4212949,47.4067199
Car-1,2009-02-28 21:35:51,-121.4212833,47.4065599
Car-1,2009-02-28 21:35:55,-121.4212233,47.4063666
Car-1,2009-02-28 21:35:59,-121.4211616,47.4062466
Car-1,2009-02-28 21:36:03,-121.4211083,47.4061083
Car-1,2009-02-28 21:36:07,-121.4210766,47.4059616
Car-1,2009-02-28 21:36:11,-121.4210916,47.4058666
Car-1,2009-02-28 21:36:15,-121.4210366,47.4056983
Car-1,2009-02-28 21:36:19,-121.421005,47.405535
Car-1,2009-02-28 21:36:23,-121.42095,47.4054049
Car-1,2009-02-28 21:36:27,-121.42095,47.4053283
Car-1,2009-02-28 21:36:31,-121.4209133,47.4052266
Car-1,2009-02-28 21:36:35,-121.4209,47.4051999
Car-1,2009-02-28 21:36:37,-121.4208983,47.4051933
Car-1,2009-02-28 21:36:44,-121.4208983,47.4051933
Car-1,2009-02-28 21:36:46,-121.4208966,47.4051849
Car-1,2009-02-28 21:36:48,-121.4208833,47.4051716
Car-1,2009-02-28 21:36:50,-121.4208749,47.4051666
Car-1,2009-02-28 21:37:11,-121.4208749,47.4051666
Car-1,2009-02-28 21:37:13,-121.4208699,47.4051633
Car-1,2009-02-28 21:37:15,-121.4208549,47.4051533
Car-1,2009-02-28 21:37:17,-121.4208366,47.4051333
Car-1,2009-02-28 21:37:19,-121.4208099,47.4051716
Car-1,2009-02-28 21:37:23,-121.4207883,47.4053266
Car-1,2009-02-28 21:37:25,-121.4207849,47.4053716
Car-1,2009-02-28 21:37:27,-121.42076,47.4053899
Car-1,2009-02-28 21:37:31,-121.4206699,47.4052866
Car-1,2009-02-28 21:37:35,-121.4206133,47.4053666
Car-1,2009-02-28 21:37:39,-121.4205949,47.4054799
Car-1,2009-02-28 21:37:43,-121.4204516,47.4054049
Car-1,2009-02-28 21:37:47,-121.4201983,47.4053216
Car-1,2009-02-28 21:37:51,-121.4201233,47.4053716
Car-1,2009-02-28 21:37:55,-121.4200816,47.4053366
Car-1,2009-02-28 21:37:59,-121.4201633,47.4054783
Car-1,2009-02-28 21:38:03,-121.4200549,47.4054716
Car-1,2009-02-28 21:38:07,-121.41985,47.4053899
Car-1,2009-02-28 21:38:11,-121.4198883,47.4054783
Car-1,2009-02-28 21:38:15,-121.4198299,47.4054766
Car-1,2009-02-28 21:38:19,-121.4195966,47.4054533
Car-1,2009-02-28 21:38:23,-121.4194999,47.4054449
Car-1,2009-02-28 21:38:25,-121.4194616,47.405435
Car-1,2009-02-28 21:38:27,-121.4194316,47.4054316
Car-1,2009-02-28 21:38:51,-121.4194316,47.4054316
Car-1,2009-02-28 21:38:53,-121.4194266,47.4054249
Car-1,2009-02-28 21:38:57,-121.4194116,47.4054133
Car-1,2009-02-28 21:38:59,-121.419385,47.4054066
Car-1,2009-02-28 21:39:01,-121.4193466,47.4054016
Car-1,2009-02-28 21:39:05,-121.4193116,47.40543
Car-1,2009-02-28 21:39:07,-121.4192716,47.4054583
Car-1,2009-02-28 21:39:11,-121.4191633,47.4054249
Car-1,2009-02-28 21:39:15,-121.4192766,47.4055466
Car-1,2009-02-28 21:39:19,-121.41924,47.405625
Car-1,2009-02-28 21:39:23,-121.4190099,47.4055366
Car-1,2009-02-28 21:39:27,-121.4189499,47.4055933
Car-1,2009-02-28 21:39:31,-121.4189016,47.4056716
Car-1,2009-02-28 21:39:35,-121.4186383,47.4055949
Car-1,2009-02-28 21:39:39,-121.4186816,47.4057249
Car-1,2009-02-28 21:39:43,-121.4187016,47.4058416
Car-1,2009-02-28 21:39:47,-121.4184349,47.4057716
Car-1,2009-02-28 21:39:51,-121.4183449,47.4058383
Car-1,2009-02-28 21:39:55,-121.418265,47.40599
Car-1,2009-02-28 21:39:59,-121.41781,47.4060283
Car-1,2009-02-28 21:40:03,-121.4175583,47.4062299
Car-1,2009-02-28 21:40:09,-121.417185,47.4064366
Car-1,2009-02-28 21:40:13,-121.4170499,47.4065166
Car-1,2009-02-28 21:40:17,-121.416865,47.4065983
Car-1,2009-02-28 21:40:21,-121.4166133,47.4066433
Car-1,2009-02-28 21:40:25,-121.41645,47.4068033
Car-1,2009-02-28 21:40:29,-121.4163416,47.4067466
Car-1,2009-02-28 21:40:33,-121.4162633,47.4066516
Car-1,2009-02-28 21:40:37,-121.416085,47.4065549
Car-1,2009-02-28 21:40:41,-121.41591,47.4065933
Car-1,2009-02-28 21:40:45,-121.4157633,47.4065933
Car-1,2009-02-28 21:40:49,-121.415575,47.40667
Car-1,2009-02-28 21:40:53,-121.4153683,47.4066449
Car-1,2009-02-28 21:40:57,-121.4151933,47.4067299
Car-1,2009-02-28 21:41:01,-121.4150033,47.4068249
Car-1,2009-02-28 21:41:05,-121.414705,47.4068516
Car-1,2009-02-28 21:41:09,-121.4144083,47.4069483
Car-1,2009-02-28 21:41:13,-121.4141966,47.4069249
Car-1,2009-02-28 21:41:17,-121.4140783,47.4069599
Car-1,2009-02-28 21:41:21,-121.4139183,47.4068716
Car-1,2009-02-28 21:41:25,-121.4137116,47.4069099
Car-1,2009-02-28 21:41:29,-121.4135199,47.4069083
Car-1,2009-02-28 21:41:33,-121.4133549,47.4069433
Car-1,2009-02-28 21:41:37,-121.4131416,47.4068766
Car-1,2009-02-28 21:41:41,-121.4129499,47.4069983
Car-1,2009-02-28 21:41:45,-121.4128116,47.4071466
Car-1,2009-02-28 21:41:49,-121.4126216,47.4073016
Car-1,2009-02-28 21:41:53,-121.4124266,47.4074149
Car-1,2009-02-28 21:41:57,-121.4123533,47.4075149
Car-1,2009-02-28 21:50:46,-121.4121483,47.4077433
Car-1,2009-02-28 21:50:48,-121.4121616,47.4077783
Car-1,2009-02-28 21:50:50,-121.4121766,47.4078166
Car-1,2009-02-28 21:50:52,-121.4121599,47.4078199
Car-1,2009-02-28 21:50:54,-121.4121533,47.4078299
Car-1,2009-02-28 21:50:56,-121.4121533,47.407845
Car-1,2009-02-28 21:50:58,-121.4121616,47.4078566
Car-1,2009-02-28 21:51:01,-121.4121599,47.4078649
Car-1,2009-02-28 21:51:05,-121.4121683,47.40786
Car-1,2009-02-28 21:51:07,-121.4121716,47.4078633
Car-1,2009-02-28 21:51:09,-121.4121933,47.4078616
Car-1,2009-02-28 21:51:12,-121.4122033,47.4078716
Car-1,2009-02-28 21:51:15,-121.4122149,47.40788
Car-1,2009-02-28 21:51:17,-121.4122333,47.4078766
Car-1,2009-02-28 21:51:24,-121.4122466,47.4078616
Car-1,2009-02-28 21:51:29,-121.4122466,47.4078616
Car-1,2009-02-28 21:51:31,-121.4122483,47.4078583
Car-1,2009-02-28 21:51:38,-121.4122616,47.4078633
Car-1,2009-02-28 21:51:40,-121.4122849,47.4078616
Car-1,2009-02-28 21:51:51,-121.412295,47.4078333
Car-1,2009-02-28 21:51:52,-121.412295,47.4078333
Car-1,2009-02-28 21:51:54,-121.4122999,47.40784
Car-1,2009-02-28 21:51:56,-121.4123016,47.4078299
Car-1,2009-02-28 21:51:58,-121.4123083,47.4078116
Car-1,2009-02-28 21:52:05,-121.4122966,47.4078033
Car-1,2009-02-28 21:52:07,-121.4123066,47.4078066
Car-1,2009-02-28 21:52:09,-121.4123199,47.4078133
Car-1,2009-02-28 21:52:11,-121.4123399,47.4078133
Car-1,2009-02-28 21:52:13,-121.4123383,47.4078066
Car-1,2009-02-28 21:52:15,-121.4123783,47.4077916
Car-1,2009-02-28 21:52:17,-121.4124233,47.4077649
Car-1,2009-02-28 21:52:19,-121.4124599,47.4077666
Car-1,2009-02-28 21:52:21,-121.412555,47.4077233
Car-1,2009-02-28 21:52:25,-121.4126916,47.4076616
Car-1,2009-02-28 21:52:29,-121.4128216,47.4076
Car-1,2009-02-28 21:52:33,-121.412975,47.4075316
Car-1,2009-02-28 21:52:37,-121.41315,47.4074499
Car-1,2009-02-28 21:52:41,-121.4133216,47.4073649
Car-1,2009-02-28 21:52:45,-121.4135049,47.4072749
Car-1,2009-02-28 21:52:49,-121.4136916,47.4071833
Car-1,2009-02-28 21:52:53,-121.4138733,47.4070949
Car-1,2009-02-28 21:52:57,-121.4140283,47.4070149
Car-1,2009-02-28 21:53:01,-121.4142166,47.4069216
Car-1,2009-02-28 21:53:05,-121.4144116,47.4068316
Car-1,2009-02-28 21:53:09,-121.4146,47.4067433
Car-1,2009-02-28 21:53:13,-121.4147816,47.4066566
Car-1,2009-02-28 21:53:17,-121.4149616,47.40657
Car-1,2009-02-28 21:53:21,-121.4151383,47.4064849
Car-1,2009-02-28 21:53:25,-121.4152883,47.4064049
Car-1,2009-02-28 21:53:29,-121.415475,47.4063183
Car-1,2009-02-28 21:53:33,-121.41566,47.4062266
Car-1,2009-02-28 21:53:37,-121.4158449,47.4061349
Car-1,2009-02-28 21:53:41,-121.4159516,47.4060499
Car-1,2009-02-28 21:53:45,-121.416155,47.4059583
Car-1,2009-02-28 21:53:49,-121.4163549,47.4058633
Car-1,2009-02-28 21:53:53,-121.4165449,47.4057733
Car-1,2009-02-28 21:53:57,-121.4167483,47.4056866
Car-1,2009-02-28 21:54:01,-121.4169383,47.4056016
Car-1,2009-02-28 21:54:05,-121.4171066,47.4055316
Car-1,2009-02-28 21:54:09,-121.4172783,47.4054383
Car-1,2009-02-28 21:54:13,-121.4174749,47.4053499
Car-1,2009-02-28 21:54:17,-121.4176733,47.4052616
Car-1,2009-02-28 21:54:21,-121.4177966,47.4051649
Car-1,2009-02-28 21:54:25,-121.4179783,47.4050816
Car-1,2009-02-28 21:54:29,-121.4181683,47.404995
Car-1,2009-02-28 21:54:33,-121.4183533,47.40491
Car-1,2009-02-28 21:54:37,-121.4185349,47.4048266
Car-1,2009-02-28 21:54:41,-121.4187149,47.4047483
Car-1,2009-02-28 21:54:45,-121.4188933,47.4046699
Car-1,2009-02-28 21:54:49,-121.4190683,47.4045933
Car-1,2009-02-28 21:54:53,-121.4192266,47.4045216
Car-1,2009-02-28 21:54:57,-121.419365,47.4044616
Car-1,2009-02-28 21:55:01,-121.4195416,47.4043833
Car-1,2009-02-28 21:55:05,-121.4197399,47.404295
Car-1,2009-02-28 21:55:09,-121.4199166,47.4042116
Car-1,2009-02-28 21:55:13,-121.4200866,47.4041316
Car-1,2009-02-28 21:55:17,-121.4202766,47.4040466
Car-1,2009-02-28 21:55:21,-121.420465,47.4039616
Car-1,2009-02-28 21:55:25,-121.4206316,47.4038716
Car-1,2009-02-28 21:55:29,-121.4208233,47.4037816
Car-1,2009-02-28 21:55:33,-121.4210149,47.4036933
Car-1,2009-02-28 21:55:37,-121.4212,47.4036049
Car-1,2009-02-28 21:55:41,-121.4213883,47.4035166
Car-1,2009-02-28 21:55:45,-121.4215749,47.4034316
Car-1,2009-02-28 21:55:49,-121.4217566,47.4033433
Car-1,2009-02-28 21:55:53,-121.4219183,47.4032549
Car-1,2009-02-28 21:55:57,-121.4220966,47.4031699
Car-1,2009-02-28 21:56:01,-121.4222616,47.4030849
Car-1,2009-02-28 21:56:05,-121.4224533,47.4029949
Car-1,2009-02-28 21:56:09,-121.4226483,47.4029066
Car-1,2009-02-28 21:56:13,-121.42284,47.4028199
Car-1,2009-02-28 21:56:17,-121.4230233,47.4027349
Car-1,2009-02-28 21:56:21,-121.4232016,47.4026516
Car-1,2009-02-28 21:56:25,-121.4233683,47.4025783
Car-1,2009-02-28 21:56:29,-121.4235433,47.4025
Car-1,2009-02-28 21:56:33,-121.4237249,47.4024183
Car-1,2009-02-28 21:56:37,-121.4239033,47.4023316
Car-1,2009-02-28 21:56:41,-121.4240883,47.4022416
Car-1,2009-02-28 21:56:45,-121.4242666,47.4021583
Car-1,2009-02-28 21:56:49,-121.4244233,47.4020783
Car-1,2009-02-28 21:56:54,-121.424565,47.4020316
Car-1,2009-02-28 21:56:56,-121.4246149,47.4020066
Car-1,2009-02-28 21:57:00,-121.4247366,47.4019466
Car-1,2009-02-28 21:57:04,-121.4249683,47.4018566
Car-1,2009-02-28 21:57:06,-121.4250499,47.4018599
Car-1,2009-02-28 21:57:08,-121.4250466,47.4018916
Car-1,2009-02-28 21:57:10,-121.4250366,47.4019466
Car-1,2009-02-28 21:57:12,-121.4250233,47.4019816
Car-1,2009-02-28 21:57:14,-121.4250116,47.4020149
Car-1,2009-02-28 21:57:16,-121.4250266,47.4020616
Car-1,2009-02-28 21:57:18,-121.4250333,47.4020699
Car-1,2009-02-28 21:57:20,-121.4250583,47.4021016
Car-1,2009-02-28 21:57:22,-121.42509,47.4021116
Car-1,2009-02-28 21:57:24,-121.4250883,47.4021449
Car-1,2009-02-28 21:57:36,-121.4250866,47.4021516
Car-1,2009-02-28 21:57:38,-121.4250816,47.40215
Car-1,2009-02-28 21:57:40,-121.4250799,47.4021433
Car-1,2009-02-28 21:57:42,-121.4250633,47.40213
Car-1,2009-02-28 21:57:46,-121.4250799,47.4021433
Car-1,2009-02-28 21:57:48,-121.4250983,47.4021783
Car-1,2009-02-28 21:57:50,-121.4251133,47.4022233
Car-1,2009-02-28 21:57:52,-121.4251216,47.4022733
Car-1,2009-02-28 21:57:55,-121.4251333,47.4023299
Car-1,2009-02-28 21:57:57,-121.4251133,47.4023433
Car-1,2009-02-28 21:57:59,-121.4250816,47.4023549
Car-1,2009-02-28 21:58:03,-121.4251183,47.4023916
Car-1,2009-02-28 21:58:05,-121.4251416,47.4023766
Car-1,2009-02-28 21:58:09,-121.42518,47.40248
Car-1,2009-02-28 21:58:11,-121.4251583,47.4024949
Car-1,2009-02-28 21:58:13,-121.4251499,47.4025166
Car-1,2009-02-28 21:58:15,-121.425145,47.4025866
Car-1,2009-02-28 21:58:19,-121.4250983,47.4026533
Car-1,2009-02-28 21:58:21,-121.4250249,47.4027283
Car-1,2009-02-28 21:58:25,-121.4249266,47.4028966
Car-1,2009-02-28 21:58:29,-121.4250066,47.4030533
Car-1,2009-02-28 21:58:33,-121.4248699,47.4031983
Car-1,2009-02-28 21:58:37,-121.4247883,47.403265
Car-1,2009-02-28 21:58:41,-121.4247233,47.4033833
Car-1,2009-02-28 21:58:43,-121.424865,47.4034849
Car-1,2009-02-28 21:58:47,-121.4249466,47.4035683
Car-1,2009-02-28 21:58:49,-121.4249016,47.4036133
Car-1,2009-02-28 21:58:53,-121.4247183,47.4037366
Car-1,2009-02-28 21:58:57,-121.4246599,47.4038749
Car-1,2009-02-28 21:59:01,-121.4244333,47.4039266
Car-1,2009-02-28 21:59:05,-121.4243833,47.4039683
Car-1,2009-02-28 21:59:07,-121.424285,47.4039966
Car-1,2009-02-28 21:59:11,-121.4242016,47.4040783
Car-1,2009-02-28 21:59:15,-121.4240866,47.4041816
Car-1,2009-02-28 21:59:19,-121.4239683,47.4042216
Car-1,2009-02-28 21:59:23,-121.4237716,47.4042466
Car-1,2009-02-28 21:59:27,-121.4236299,47.4042783
Car-1,2009-02-28 21:59:31,-121.4235166,47.4043883
Car-1,2009-02-28 21:59:35,-121.4232533,47.4043899
Car-1,2009-02-28 21:59:39,-121.4231299,47.4045499
Car-1,2009-02-28 21:59:43,-121.4228333,47.4044999
Car-1,2009-02-28 21:59:47,-121.4226016,47.4045349
Car-1,2009-02-28 21:59:51,-121.4224849,47.4046399
Car-1,2009-02-28 21:59:55,-121.4224833,47.4045583
Car-1,2009-02-28 21:59:59,-121.4223416,47.4044366
Car-1,2009-02-28 22:00:03,-121.42212,47.4043599
Car-1,2009-02-28 22:00:07,-121.4219383,47.4042433
Car-1,2009-02-28 22:00:11,-121.4217366,47.4042083
Car-1,2009-02-28 22:00:15,-121.4215933,47.4042133
Car-1,2009-02-28 22:00:19,-121.4214683,47.4041883
Car-1,2009-02-28 22:00:21,-121.4213866,47.4041816
Car-1,2009-02-28 22:00:25,-121.4214116,47.4043283
Car-1,2009-02-28 22:00:29,-121.4214683,47.4044416
Car-1,2009-02-28 22:00:33,-121.4215349,47.4045349
Car-1,2009-02-28 22:00:37,-121.4215699,47.4045699
Car-1,2009-02-28 22:00:39,-121.4215966,47.404595
Car-1,2009-02-28 22:00:41,-121.421585,47.4045899
Car-1,2009-02-28 22:00:43,-121.4215066,47.4045483
Car-1,2009-02-28 22:00:47,-121.42158,47.4047416
Car-1,2009-02-28 22:00:50,-121.4215683,47.4047566
Car-1,2009-02-28 22:00:59,-121.4215066,47.4047166
Car-1,2009-02-28 22:01:01,-121.421475,47.40472
Car-1,2009-02-28 22:01:03,-121.4214349,47.4047133
Car-1,2009-02-28 22:01:07,-121.4213366,47.4047116
Car-1,2009-02-28 22:01:11,-121.4211816,47.4046183
Car-1,2009-02-28 22:01:15,-121.4211183,47.4046116
Car-1,2009-02-28 22:01:19,-121.4211349,47.4046066
Car-1,2009-02-28 22:01:21,-121.4211499,47.4046433
Car-1,2009-02-28 22:01:23,-121.4210999,47.4046533
Car-1,2009-02-28 22:01:27,-121.42092,47.4045583
Car-1,2009-02-28 22:01:31,-121.4209116,47.404595
Car-1,2009-02-28 22:01:33,-121.4209733,47.4046633
Car-1,2009-02-28 22:01:35,-121.4210283,47.4047183
Car-1,2009-02-28 22:01:37,-121.4210416,47.4047266
Car-1,2009-02-28 22:01:39,-121.4210383,47.4047249
Car-1,2009-02-28 22:01:41,-121.4210149,47.4047283
Car-1,2009-02-28 22:01:43,-121.4209683,47.4047366
Car-1,2009-02-28 22:01:47,-121.4208399,47.4046549
Car-1,2009-02-28 22:01:51,-121.420795,47.4046699
Car-1,2009-02-28 22:01:53,-121.4208683,47.4047516
Car-1,2009-02-28 22:01:55,-121.4209299,47.4047833
Car-1,2009-02-28 22:01:57,-121.4209333,47.4048299
Car-1,2009-02-28 22:01:59,-121.4209316,47.4048483
Car-1,2009-02-28 22:02:08,-121.4209649,47.4048766
Car-1,2009-02-28 22:02:10,-121.4209633,47.4048883
Car-1,2009-02-28 22:02:12,-121.4209116,47.4049016
Car-1,2009-02-28 22:02:16,-121.4207533,47.404895
Car-1,2009-02-28 22:02:20,-121.42078,47.4049566
Car-1,2009-02-28 22:02:22,-121.420795,47.4050266
Car-1,2009-02-28 22:02:24,-121.420815,47.4050533
Car-1,2009-02-28 22:02:39,-121.4208183,47.4050749
Car-1,2009-02-28 22:02:41,-121.4208033,47.4050716
Car-1,2009-02-28 22:02:43,-121.4207866,47.4050716
Car-1,2009-02-28 22:02:45,-121.4208049,47.4051016
Car-1,2009-02-28 22:02:47,-121.4207999,47.4051166
Car-1,2009-02-28 22:02:49,-121.4208316,47.40517
Car-1,2009-02-28 22:02:51,-121.4208533,47.4052133
Car-1,2009-02-28 22:02:53,-121.4208549,47.4052299
Car-1,2009-02-28 22:02:59,-121.420845,47.405225
Car-1,2009-02-28 22:03:01,-121.4208166,47.4052333
Car-1,2009-02-28 22:03:05,-121.4206283,47.4051566
Car-1,2009-02-28 22:03:09,-121.4206416,47.40524
Car-1,2009-02-28 22:03:11,-121.4206466,47.4052616
Car-1,2009-02-28 22:03:13,-121.4206783,47.4052933
Car-1,2009-02-28 22:03:15,-121.4206449,47.4053016
Car-1,2009-02-28 22:03:17,-121.4206233,47.4053116
Car-1,2009-02-28 22:03:21,-121.4204833,47.4053233
Car-1,2009-02-28 22:03:25,-121.4204066,47.4053399
Car-1,2009-02-28 22:03:29,-121.4204133,47.4052166
Car-1,2009-02-28 22:03:41,-121.4204016,47.4051866
Car-1,2009-02-28 22:03:45,-121.4203966,47.4051833
Car-1,2009-02-28 22:03:47,-121.420395,47.4051783
Car-1,2009-02-28 22:03:49,-121.4203933,47.4051749
Car-1,2009-02-28 22:03:51,-121.4203783,47.4051599
Car-1,2009-02-28 22:03:53,-121.4203683,47.4051599
Car-1,2009-02-28 22:03:55,-121.4203566,47.4051733
Car-1,2009-02-28 22:03:57,-121.420305,47.4051799
Car-1,2009-02-28 22:03:59,-121.4203033,47.4052333
Car-1,2009-02-28 22:04:01,-121.420275,47.40526
Car-1,2009-02-28 22:04:03,-121.4202333,47.405275
Car-1,2009-02-28 22:04:07,-121.4200333,47.4051799
Car-1,2009-02-28 22:04:11,-121.4198683,47.4051266
Car-1,2009-02-28 22:04:15,-121.4199149,47.4052916
Car-1,2009-02-28 22:04:19,-121.4198283,47.4053416
Car-1,2009-02-28 22:04:23,-121.4196349,47.4053066
Car-1,2009-02-28 22:04:27,-121.4195333,47.4053399
Car-1,2009-02-28 22:04:31,-121.4194333,47.405295
Car-1,2009-02-28 22:04:35,-121.4192583,47.4053766
Car-1,2009-02-28 22:04:39,-121.4187883,47.4053183
Car-1,2009-02-28 22:04:45,-121.4189733,47.4056649
Car-1,2009-02-28 22:04:49,-121.4188216,47.4057199
Car-1,2009-02-28 22:04:53,-121.4187066,47.4058116
Car-1,2009-02-28 22:04:57,-121.41844,47.4059166
Car-1,2009-02-28 22:05:01,-121.4179666,47.4059499
Car-1,2009-02-28 22:05:08,-121.4183233,47.4060166
Car-1,2009-02-28 22:05:12,-121.4183666,47.4061216
Car-1,2009-02-28 22:05:16,-121.41814,47.4061599
Car-1,2009-02-28 22:05:20,-121.4179266,47.4062033
Car-1,2009-02-28 22:05:24,-121.4176383,47.4059966
Car-1,2009-02-28 22:05:28,-121.4175383,47.4060333
Car-1,2009-02-28 22:05:32,-121.4175,47.40615
Car-1,2009-02-28 22:05:36,-121.41739,47.4062483
Car-1,2009-02-28 22:05:40,-121.4172516,47.4062799
Car-1,2009-02-28 22:05:44,-121.4171116,47.4063149
Car-1,2009-02-28 22:05:48,-121.4170299,47.4063699
Car-1,2009-02-28 22:05:50,-121.4170116,47.4063933
Car-1,2009-02-28 22:05:52,-121.4169799,47.406425
Car-1,2009-02-28 22:05:54,-121.4169716,47.406465
Car-1,2009-02-28 22:05:56,-121.4169499,47.4064916
Car-1,2009-02-28 22:06:35,-121.4169499,47.4065033
Car-1,2009-02-28 22:06:45,-121.4169533,47.4065016
Car-1,2009-02-28 22:06:47,-121.4169449,47.4065049
Car-1,2009-02-28 22:06:49,-121.4169283,47.4065133
Car-1,2009-02-28 22:06:51,-121.4168983,47.40653
Car-1,2009-02-28 22:06:53,-121.4168366,47.4065533
Car-1,2009-02-28 22:06:55,-121.4167899,47.4065816
Car-1,2009-02-28 22:06:59,-121.4166816,47.4066183
Car-1,2009-02-28 22:07:01,-121.4166083,47.4066249
Car-1,2009-02-28 22:07:05,-121.4164799,47.406675
Car-1,2009-02-28 22:07:07,-121.4164283,47.4066999
Car-1,2009-02-28 22:07:09,-121.416365,47.4067183
Car-1,2009-02-28 22:07:11,-121.4163316,47.4067349
Car-1,2009-02-28 22:07:13,-121.4162933,47.406745
Car-1,2009-02-28 22:07:15,-121.4162616,47.4067566
Car-1,2009-02-28 22:07:17,-121.4162649,47.4067566
Car-1,2009-02-28 22:07:19,-121.4162349,47.4067716
Car-1,2009-02-28 22:07:21,-121.4162066,47.4067866
Car-1,2009-02-28 22:07:23,-121.4161766,47.4067983
Car-1,2009-02-28 22:07:40,-121.4161633,47.4068083
Car-1,2009-02-28 22:07:42,-121.4161633,47.4068116
Car-1,2009-02-28 22:11:18,-121.4161633,47.4068116
Car-1,2009-02-28 22:11:20,-121.4161666,47.4068116
Car-1,2009-02-28 22:11:26,-121.41617,47.4067983
Car-1,2009-02-28 22:11:29,-121.4161999,47.4067966
Car-1,2009-02-28 22:11:39,-121.4162099,47.4067933
Car-1,2009-02-28 22:11:41,-121.4161966,47.40678
Car-1,2009-02-28 22:11:43,-121.4161733,47.4067566
Car-1,2009-02-28 22:11:47,-121.416085,47.4066733
Car-1,2009-02-28 22:11:51,-121.4159066,47.4065799
Car-1,2009-02-28 22:11:55,-121.41575,47.406535
Car-1,2009-02-28 22:11:59,-121.4156533,47.4066816
Car-1,2009-02-28 22:12:03,-121.4155583,47.4068366
Car-1,2009-02-28 22:12:07,-121.4154816,47.40699
Car-1,2009-02-28 22:12:11,-121.4153866,47.4071733
Car-1,2009-02-28 22:12:15,-121.4152233,47.4072733
Car-1,2009-02-28 22:12:20,-121.4148849,47.4073799
Car-1,2009-02-28 22:12:25,-121.4147083,47.4073866
Car-1,2009-02-28 22:12:30,-121.4144566,47.4073416
Car-1,2009-02-28 22:12:34,-121.4143483,47.4074033
Car-1,2009-02-28 22:12:38,-121.4143099,47.4073533
Car-1,2009-02-28 22:12:40,-121.4142433,47.4072583
Car-1,2009-02-28 22:12:44,-121.41409,47.4072916
Car-1,2009-02-28 22:12:48,-121.4139416,47.4073633
Car-1,2009-02-28 22:12:52,-121.4136649,47.4074649
Car-1,2009-02-28 22:12:56,-121.41334,47.4075083
Car-1,2009-02-28 22:13:00,-121.4130683,47.4075583
Car-1,2009-02-28 22:13:04,-121.41278,47.4076383
Car-1,2009-02-28 22:13:08,-121.412625,47.4077816
Car-1,2009-02-28 22:13:12,-121.4124733,47.40788
Car-1,2009-02-28 22:13:16,-121.41233,47.4080099
Car-1,2009-02-28 22:13:20,-121.41233,47.4080716
Car-1,2009-02-28 22:13:24,-121.4123466,47.4081599
Car-1,2009-02-28 22:13:41,-121.4123599,47.4081433
Car-1,2009-02-28 22:13:43,-121.4123599,47.4081533
Car-1,2009-02-28 22:13:45,-121.4123599,47.4081666
Car-1,2009-02-28 22:13:47,-121.4123616,47.4081849
Car-1,2009-02-28 22:13:49,-121.4123666,47.40821
Car-1,2009-02-28 22:13:51,-121.4123733,47.4082416
Car-1,2009-02-28 22:13:53,-121.41238,47.4082716
Car-1,2009-02-28 22:13:55,-121.4123916,47.4083033
Car-1,2009-02-28 22:13:57,-121.4123883,47.4083116
Car-1,2009-02-28 22:13:59,-121.4123866,47.4083133
Car-1,2009-02-28 22:14:01,-121.4123916,47.4082616
Car-1,2009-02-28 22:14:03,-121.4124083,47.4082649
Car-1,2009-02-28 22:14:05,-121.4124099,47.4082899
Car-1,2009-02-28 22:14:07,-121.4124166,47.4083183
Car-1,2009-02-28 22:14:09,-121.4124266,47.4083083
Car-1,2009-02-28 22:14:11,-121.4124383,47.4083366
Car-1,2009-02-28 22:14:13,-121.4124516,47.4083483
Car-1,2009-02-28 22:14:15,-121.4124583,47.4083349
Car-1,2009-02-28 22:14:17,-121.4124299,47.4083383
Car-1,2009-02-28 22:14:19,-121.4124716,47.4083666
Car-1,2009-02-28 22:14:21,-121.41247,47.4083949
Car-1,2009-02-28 22:14:23,-121.4124683,47.4084283
Car-1,2009-02-28 22:14:25,-121.4124583,47.4084449
Car-1,2009-02-28 22:14:27,-121.4124549,47.4084416
Car-1,2009-02-28 22:14:29,-121.4124599,47.4084383
Car-1,2009-02-28 22:14:31,-121.4125016,47.4084283
Car-1,2009-02-28 22:14:33,-121.4125299,47.4084566
Car-1,2009-02-28 22:14:35,-121.4125583,47.4084666
Car-1,2009-02-28 22:14:37,-121.4125599,47.4084666
Car-1,2009-02-28 22:14:39,-121.4125633,47.4084599
Car-1,2009-02-28 22:14:41,-121.4125683,47.4084733
Car-1,2009-02-28 22:14:43,-121.4125866,47.4084833
Car-1,2009-02-28 22:14:45,-121.412605,47.4084949
Car-1,2009-02-28 22:14:49,-121.4126033,47.4085016
Car-1,2009-02-28 22:14:51,-121.412605,47.4085083
Car-1,2009-02-28 22:14:53,-121.4126066,47.4085166
Car-1,2009-02-28 22:14:55,-121.412605,47.4085233
Car-1,2009-02-28 22:14:57,-121.4126016,47.4085349
Car-1,2009-02-28 22:14:59,-121.4126016,47.4085349
Car-1,2009-02-28 22:15:01,-121.4125983,47.4085349
Car-1,2009-02-28 22:15:05,-121.4125933,47.4085216
Car-1,2009-02-28 22:15:13,-121.4125933,47.4085216
Car-1,2009-02-28 22:15:15,-121.4125999,47.408525
Car-1,2009-02-28 22:15:48,-121.4126083,47.4085349
Car-1,2009-02-28 22:15:50,-121.4126133,47.4085449
Car-1,2009-02-28 22:15:52,-121.4126199,47.408555
Car-1,2009-02-28 22:15:54,-121.4126233,47.4085649
Car-1,2009-02-28 22:15:56,-121.4126366,47.4085766
Car-1,2009-02-28 22:15:58,-121.4126466,47.4085883
Car-1,2009-02-28 22:16:00,-121.4126583,47.4085999
Car-1,2009-02-28 22:16:02,-121.4126666,47.4086116
Car-1,2009-02-28 22:16:04,-121.4126716,47.4086216
Car-1,2009-02-28 22:16:06,-121.4126783,47.4086316
Car-1,2009-02-28 22:16:08,-121.4126833,47.4086416
Car-1,2009-02-28 22:16:10,-121.4126866,47.4086549
Car-1,2009-02-28 22:16:12,-121.4126916,47.4086666
Car-1,2009-02-28 22:16:14,-121.4126983,47.40868
Car-1,2009-02-28 22:16:16,-121.4127049,47.4086933
Car-1,2009-02-28 22:16:18,-121.4127083,47.4087049
Car-1,2009-02-28 22:16:20,-121.41271,47.4087166
Car-1,2009-02-28 22:16:22,-121.4127133,47.4087249
Car-1,2009-02-28 22:16:24,-121.4127166,47.4087366
Car-1,2009-02-28 22:16:26,-121.4127183,47.40875
Car-1,2009-02-28 22:16:34,-121.4127233,47.4087599
Car-1,2009-02-28 22:16:57,-121.4127266,47.4087683
Car-1,2009-02-28 22:16:59,-121.4127333,47.4087683
Car-1,2009-02-28 22:17:01,-121.4127266,47.4087799
Car-1,2009-02-28 22:17:03,-121.41273,47.4087883
Car-1,2009-02-28 22:17:15,-121.4127283,47.4087883
Car-1,2009-02-28 22:17:17,-121.41273,47.4087799
Car-1,2009-02-28 22:17:37,-121.4127366,47.4087933
Car-1,2009-02-28 22:17:39,-121.4127316,47.4088016
Car-1,2009-02-28 22:17:41,-121.4127383,47.4088116
Car-1,2009-02-28 22:17:43,-121.4127666,47.4088233
Car-1,2009-02-28 22:17:45,-121.4127916,47.4088333
Car-1,2009-02-28 22:17:47,-121.4128183,47.4088483
Car-1,2009-02-28 22:17:49,-121.4128249,47.40887
Car-1,2009-02-28 22:17:51,-121.4128516,47.4088983
Car-1,2009-02-28 22:17:53,-121.4128866,47.4089283
Car-1,2009-02-28 22:17:55,-121.4129183,47.4089549
Car-1,2009-02-28 22:17:57,-121.41294,47.4089816
Car-1,2009-02-28 22:17:59,-121.4129633,47.4090083
Car-1,2009-02-28 22:18:01,-121.4129849,47.4090333
Car-1,2009-02-28 22:18:03,-121.4129999,47.4090583
Car-1,2009-02-28 22:18:05,-121.41301,47.4090816
Car-1,2009-02-28 22:18:07,-121.4130083,47.4091049
Car-1,2009-02-28 22:18:09,-121.4130049,47.4091283
Car-1,2009-02-28 22:18:11,-121.4130133,47.4091399
Car-1,2009-02-28 22:18:13,-121.4130216,47.4091533
Car-1,2009-02-28 22:18:15,-121.41303,47.4091666
Car-1,2009-02-28 22:18:17,-121.4130383,47.4091766
Car-1,2009-02-28 22:18:20,-121.4130516,47.4091999
Car-1,2009-02-28 22:18:22,-121.4130583,47.4092166
Car-1,2009-02-28 22:18:24,-121.4130616,47.4092299
Car-1,2009-02-28 22:18:26,-121.4130733,47.4092416
Car-1,2009-02-28 22:18:28,-121.4130899,47.4092533
Car-1,2009-02-28 22:18:30,-121.4131099,47.4092649
Car-1,2009-02-28 22:18:32,-121.4131233,47.409275
Car-1,2009-02-28 22:18:34,-121.4131333,47.4092849
Car-1,2009-02-28 22:18:36,-121.4131399,47.4093016
Car-1,2009-02-28 22:18:38,-121.4131616,47.4093149
Car-1,2009-02-28 22:18:40,-121.4131749,47.4093266
Car-1,2009-02-28 22:18:42,-121.4131816,47.4093366
Car-1,2009-02-28 22:18:44,-121.4131883,47.4093483
Car-1,2009-02-28 22:18:46,-121.4131966,47.4093583
Car-1,2009-02-28 22:18:49,-121.41322,47.4093733
Car-1,2009-02-28 22:18:51,-121.4132283,47.4093833
Car-1,2009-02-28 22:18:53,-121.4132316,47.4093983
Car-1,2009-02-28 22:18:55,-121.4132449,47.4094116
Car-1,2009-02-28 22:18:57,-121.4132449,47.4094216
Car-1,2009-02-28 22:18:59,-121.4132516,47.4094316
Car-1,2009-02-28 22:19:05,-121.4132949,47.4094766
Car-1,2009-02-28 22:19:07,-121.413305,47.4094883
Car-1,2009-02-28 22:19:09,-121.413325,47.4095116
Car-1,2009-02-28 22:19:11,-121.4133166,47.4095399
Car-1,2009-02-28 22:19:13,-121.4133083,47.4095649
Car-1,2009-02-28 22:19:15,-121.41331,47.4095983
Car-1,2009-02-28 22:19:17,-121.4133066,47.4096316
Car-1,2009-02-28 22:19:19,-121.4133083,47.4096533
Car-1,2009-02-28 22:19:21,-121.4132966,47.4096716
Car-1,2009-02-28 22:19:29,-121.4132949,47.40969
Car-1,2009-02-28 22:19:53,-121.4132949,47.40969
Car-1,2009-02-28 22:19:55,-121.4132933,47.4096933
Car-1,2009-02-28 22:19:57,-121.4133016,47.4097083
Car-1,2009-02-28 22:19:59,-121.4133083,47.4097216
Car-1,2009-02-28 22:20:01,-121.4133199,47.4097466
Car-1,2009-02-28 22:31:05,-121.4135799,47.4099333
Car-1,2009-02-28 22:31:14,-121.4135966,47.4099466
Car-1,2009-02-28 22:32:25,-121.4135933,47.4099433
Car-1,2009-02-28 22:32:34,-121.4135933,47.4099416
Car-1,2009-02-28 22:32:39,-121.4135916,47.4099383
Car-1,2009-02-28 22:32:41,-121.4135916,47.4099366
Car-1,2009-02-28 22:32:43,-121.4135899,47.40994
Car-1,2009-02-28 22:32:45,-121.4135866,47.4099383
Car-1,2009-02-28 22:32:50,-121.4135866,47.4099383
Car-1,2009-02-28 22:32:52,-121.4135866,47.4099416
Car-1,2009-02-28 22:32:54,-121.4135816,47.4099316
Car-1,2009-02-28 22:32:57,-121.4135683,47.4099166
Car-1,2009-02-28 22:32:59,-121.4135366,47.4098949
Car-1,2009-02-28 22:33:03,-121.4135449,47.4098666
Car-1,2009-02-28 22:33:05,-121.4135283,47.4098566
Car-1,2009-02-28 22:33:07,-121.4135049,47.4098549
Car-1,2009-02-28 22:33:09,-121.4134883,47.4098533
Car-1,2009-02-28 22:33:11,-121.4134483,47.4098583
Car-1,2009-02-28 22:33:13,-121.4134166,47.4098583
Car-1,2009-02-28 22:33:15,-121.4133883,47.4098599
Car-1,2009-02-28 22:33:17,-121.4133533,47.4098816
Car-1,2009-02-28 22:33:19,-121.4133416,47.4099316
Car-1,2009-02-28 22:33:21,-121.413325,47.4099583
Car-1,2009-02-28 22:33:23,-121.4133133,47.4099433
Car-1,2009-02-28 22:33:25,-121.4132949,47.4099283
Car-1,2009-02-28 22:33:27,-121.4132716,47.4099233
Car-1,2009-02-28 22:33:29,-121.413255,47.4099016
Car-1,2009-02-28 22:33:31,-121.4132416,47.4098783
Car-1,2009-02-28 22:33:33,-121.4132316,47.4098666
Car-1,2009-02-28 22:33:35,-121.4132249,47.4098783
Car-1,2009-02-28 22:33:37,-121.4132116,47.4098749
Car-1,2009-02-28 22:33:39,-121.4131899,47.4098633
Car-1,2009-02-28 22:33:41,-121.4132383,47.4098433
Car-1,2009-02-28 22:33:43,-121.4132666,47.4098316
Car-1,2009-02-28 22:33:46,-121.4132599,47.4098133
Car-1,2009-02-28 22:33:48,-121.4132566,47.4098233
Car-1,2009-02-28 22:33:50,-121.4132633,47.4098183
Car-1,2009-02-28 22:33:52,-121.4132799,47.4098016
Car-1,2009-02-28 22:33:54,-121.4132916,47.4097983
Car-1,2009-02-28 22:33:58,-121.4132983,47.4098
Car-1,2009-02-28 22:34:00,-121.4132966,47.4097933
Car-1,2009-02-28 22:34:02,-121.41329,47.40978
Car-1,2009-02-28 22:34:04,-121.4132799,47.4097633
Car-1,2009-02-28 22:34:06,-121.4132716,47.4097466
Car-1,2009-02-28 22:34:08,-121.413275,47.409725
Car-1,2009-02-28 22:34:10,-121.4132866,47.4097016
Car-1,2009-02-28 22:34:13,-121.4132816,47.4096849
Car-1,2009-02-28 22:34:15,-121.4132916,47.4096833
Car-1,2009-02-28 22:34:18,-121.4133033,47.4096783
Car-1,2009-02-28 22:34:22,-121.4133183,47.4096616
Car-1,2009-02-28 22:34:24,-121.4133133,47.4096449
Car-1,2009-02-28 22:34:26,-121.4133149,47.4096283
Car-1,2009-02-28 22:34:28,-121.4133066,47.4096166
Car-1,2009-02-28 22:34:30,-121.4132966,47.4095966
Car-1,2009-02-28 22:34:32,-121.4132849,47.409585
Car-1,2009-02-28 22:34:34,-121.41327,47.4095983
Car-1,2009-02-28 22:34:36,-121.4132833,47.4096183
Car-1,2009-02-28 22:34:38,-121.4132949,47.4096583
Car-1,2009-02-28 22:34:40,-121.4133183,47.4096849
Car-1,2009-02-28 22:34:42,-121.4133383,47.409695
Car-1,2009-02-28 22:34:44,-121.4133649,47.4097049
Car-1,2009-02-28 22:34:46,-121.4133866,47.4096999
Car-1,2009-02-28 22:34:48,-121.4134166,47.4096966
Car-1,2009-02-28 22:34:50,-121.4134466,47.4096933
Car-1,2009-02-28 22:34:52,-121.4134749,47.4096983
Car-1,2009-02-28 22:34:54,-121.4135049,47.4096966
Car-1,2009-02-28 22:34:56,-121.4135316,47.4097049
Car-1,2009-02-28 22:34:58,-121.4135599,47.4097116
Car-1,2009-02-28 22:35:00,-121.4135816,47.4097166
Car-1,2009-02-28 22:35:02,-121.4135949,47.409725
Car-1,2009-02-28 22:35:04,-121.4136149,47.4097216
Car-1,2009-02-28 22:35:06,-121.4136299,47.4097083
Car-1,2009-02-28 22:35:08,-121.4136433,47.4097133
Car-1,2009-02-28 22:35:10,-121.41367,47.4097066
Car-1,2009-02-28 22:35:12,-121.4136633,47.4097149
Car-1,2009-02-28 22:35:14,-121.4136599,47.4097166
Car-1,2009-02-28 22:35:25,-121.413635,47.4097216
Car-1,2009-02-28 22:35:32,-121.4136333,47.4097216
Car-1,2009-02-28 22:35:41,-121.4136283,47.4097233
Car-1,2009-02-28 22:35:56,-121.4136316,47.4097216
Car-1,2009-02-28 22:35:58,-121.413635,47.409725
Car-1,2009-02-28 22:36:00,-121.4136333,47.409725
Car-1,2009-02-28 22:36:02,-121.4136333,47.409725
Car-1,2009-02-28 22:36:04,-121.4136383,47.4097283
Car-1,2009-02-28 22:36:06,-121.4136383,47.4097433
Car-1,2009-02-28 22:36:08,-121.4136283,47.4097633
Car-1,2009-02-28 22:36:10,-121.4136283,47.409795
Car-1,2009-02-28 22:36:14,-121.41367,47.4099216
Car-1,2009-02-28 22:36:18,-121.413675,47.4100299
Car-1,2009-02-28 22:36:20,-121.4136783,47.4100383
Car-1,2009-02-28 22:36:22,-121.413675,47.4100633
Car-1,2009-02-28 22:36:24,-121.4136866,47.4100849
Car-1,2009-02-28 22:36:26,-121.4137016,47.4101083
Car-1,2009-02-28 22:36:28,-121.413725,47.4101166
Car-1,2009-02-28 22:36:30,-121.4137233,47.4101266
Car-1,2009-02-28 22:36:32,-121.4137283,47.4101399
Car-1,2009-02-28 22:36:34,-121.4137299,47.4101616
Car-1,2009-02-28 22:36:36,-121.4137349,47.4101883
Car-1,2009-02-28 22:36:38,-121.4137266,47.4102233
Car-1,2009-02-28 22:36:40,-121.4137283,47.4102449
Car-1,2009-02-28 22:36:42,-121.4137333,47.4102749
Car-1,2009-02-28 22:36:46,-121.4137483,47.4103266
Car-1,2009-02-28 22:36:48,-121.4137366,47.41032
Car-1,2009-02-28 22:36:50,-121.413745,47.4103416
Car-1,2009-02-28 22:36:54,-121.4137499,47.4103683
Car-1,2009-02-28 22:36:56,-121.4137433,47.4103816
Car-1,2009-02-28 22:36:58,-121.4137483,47.4104049
Car-1,2009-02-28 22:37:00,-121.4137316,47.4104216
Car-1,2009-02-28 22:37:02,-121.4137033,47.4104383
Car-1,2009-02-28 22:37:06,-121.4136249,47.4105066
Car-1,2009-02-28 22:37:10,-121.4135033,47.4105283
Car-1,2009-02-28 22:37:14,-121.4134049,47.4106066
Car-1,2009-02-28 22:37:18,-121.4133466,47.4106683
Car-1,2009-02-28 22:37:20,-121.4133283,47.4106783
Car-1,2009-02-28 22:37:22,-121.41331,47.4106683
Car-1,2009-02-28 22:38:10,-121.4132949,47.4106649
Car-1,2009-02-28 22:47:07,-121.4136666,47.4107516
Car-1,2009-02-28 22:47:11,-121.4137416,47.4107683
Car-1,2009-02-28 22:47:13,-121.4137733,47.4107683
Car-1,2009-02-28 22:47:15,-121.413815,47.4107716
Car-1,2009-02-28 22:47:17,-121.4138566,47.4107783
Car-1,2009-02-28 22:47:19,-121.4139,47.4107883
Car-1,2009-02-28 22:47:21,-121.4139449,47.4107966
Car-1,2009-02-28 22:47:23,-121.4139749,47.41081
Car-1,2009-02-28 22:47:25,-121.4140116,47.4108133
Car-1,2009-02-28 22:47:27,-121.4140433,47.4108266
Car-1,2009-02-28 22:47:29,-121.4140833,47.4108366
Car-1,2009-02-28 22:47:31,-121.4141216,47.4108516
Car-1,2009-02-28 22:47:33,-121.414165,47.4108583
Car-1,2009-02-28 22:47:35,-121.4142049,47.4108633
Car-1,2009-02-28 22:47:37,-121.4142466,47.410865
Car-1,2009-02-28 22:47:39,-121.4142866,47.4108699
Car-1,2009-02-28 22:47:41,-121.4143266,47.4108733
Car-1,2009-02-28 22:47:43,-121.4143616,47.4108833
Car-1,2009-02-28 22:47:45,-121.4143949,47.4108833
Car-1,2009-02-28 22:47:47,-121.414425,47.4108966
Car-1,2009-02-28 22:47:49,-121.4144666,47.4109033
Car-1,2009-02-28 22:47:51,-121.4145049,47.4109099
Car-1,2009-02-28 22:47:53,-121.4145383,47.4109183
Car-1,2009-02-28 22:47:55,-121.4145749,47.4109249
Car-1,2009-02-28 22:47:57,-121.414615,47.41093
Car-1,2009-02-28 22:47:59,-121.4146549,47.4109366
Car-1,2009-02-28 22:48:01,-121.4146916,47.4109433
Car-1,2009-02-28 22:48:03,-121.4147266,47.4109516
Car-1,2009-02-28 22:48:05,-121.414755,47.410965
Car-1,2009-02-28 22:48:07,-121.41479,47.4109749
Car-1,2009-02-28 22:48:09,-121.4148283,47.4109816
Car-1,2009-02-28 22:48:11,-121.4148616,47.4109916
Car-1,2009-02-28 22:48:13,-121.4148966,47.411
Car-1,2009-02-28 22:48:17,-121.4149633,47.41102
Car-1,2009-02-28 22:48:19,-121.415,47.4110249
Car-1,2009-02-28 22:48:21,-121.4150466,47.4110266
Car-1,2009-02-28 22:48:23,-121.4150933,47.4110283
Car-1,2009-02-28 22:48:25,-121.41514,47.4110316
Car-1,2009-02-28 22:48:27,-121.4151833,47.4110333
Car-1,2009-02-28 22:48:29,-121.415225,47.4110383
Car-1,2009-02-28 22:48:31,-121.415265,47.4110433
Car-1,2009-02-28 22:48:33,-121.4153016,47.411055
Car-1,2009-02-28 22:48:37,-121.4154,47.4110566
Car-1,2009-02-28 22:48:39,-121.4154416,47.4110666
Car-1,2009-02-28 22:48:41,-121.4154866,47.41107
Car-1,2009-02-28 22:48:43,-121.4155283,47.411075
Car-1,2009-02-28 22:48:45,-121.4155683,47.4110833
Car-1,2009-02-28 22:48:47,-121.4156183,47.4110849
Car-1,2009-02-28 22:48:49,-121.415665,47.4110883
Car-1,2009-02-28 22:48:51,-121.4157016,47.4110949
Car-1,2009-02-28 22:48:53,-121.4157416,47.4110999
Car-1,2009-02-28 22:48:55,-121.4157799,47.4111066
Car-1,2009-02-28 22:48:57,-121.4158166,47.4111133
Car-1,2009-02-28 22:48:59,-121.4158516,47.4111199
Car-1,2009-02-28 22:49:01,-121.4158883,47.4111299
Car-1,2009-02-28 22:49:03,-121.4159299,47.4111366
Car-1,2009-02-28 22:49:05,-121.4159633,47.4111483
Car-1,2009-02-28 22:49:07,-121.4159883,47.4111383
Car-1,2009-02-28 22:49:09,-121.4160466,47.4111699
Car-1,2009-02-28 22:49:11,-121.4160966,47.4111649
Car-1,2009-02-28 22:49:13,-121.41615,47.4111649
Car-1,2009-02-28 22:49:15,-121.4161983,47.4111666
Car-1,2009-02-28 22:49:17,-121.4162366,47.4111716
Car-1,2009-02-28 22:49:19,-121.4162683,47.411175
Car-1,2009-02-28 22:49:21,-121.4163033,47.4111716
Car-1,2009-02-28 22:49:23,-121.4163383,47.4111716
Car-1,2009-02-28 22:49:25,-121.416365,47.411175
Car-1,2009-02-28 22:49:27,-121.4163916,47.41118
Car-1,2009-02-28 22:49:29,-121.4164199,47.4111866
Car-1,2009-02-28 22:49:31,-121.4164466,47.4111916
Car-1,2009-02-28 22:49:33,-121.4164683,47.4111983
Car-1,2009-02-28 22:49:35,-121.4164916,47.4112016
Car-1,2009-02-28 22:49:37,-121.41652,47.4112049
Car-1,2009-02-28 22:49:39,-121.4165533,47.4112066
Car-1,2009-02-28 22:49:41,-121.4165833,47.4112116
Car-1,2009-02-28 22:49:43,-121.4166099,47.4112133
Car-1,2009-02-28 22:49:45,-121.4166316,47.4112183
Car-1,2009-02-28 22:49:47,-121.4166566,47.4112249
Car-1,2009-02-28 22:49:49,-121.4166849,47.4112283
Car-1,2009-02-28 22:49:51,-121.4167116,47.4112349
Car-1,2009-02-28 22:49:53,-121.4167433,47.411245
Car-1,2009-02-28 22:49:55,-121.4167766,47.4112483
Car-1,2009-02-28 22:49:57,-121.4168216,47.4112516
Car-1,2009-02-28 22:49:59,-121.416865,47.4112549
Car-1,2009-02-28 22:50:01,-121.4169099,47.4112599
Car-1,2009-02-28 22:50:03,-121.4169633,47.4112683
Car-1,2009-02-28 22:50:05,-121.4170066,47.4112716
Car-1,2009-02-28 22:50:07,-121.4170483,47.4112766
Car-1,2009-02-28 22:50:09,-121.4170966,47.41128
Car-1,2009-02-28 22:50:11,-121.4171249,47.4112849
Car-1,2009-02-28 22:50:13,-121.4171433,47.4112899
Car-1,2009-02-28 22:50:15,-121.4171683,47.4112933
Car-1,2009-02-28 22:50:17,-121.4171966,47.4112949
Car-1,2009-02-28 22:50:19,-121.4172216,47.4113
Car-1,2009-02-28 22:50:21,-121.4172483,47.4113033
Car-1,2009-02-28 22:50:23,-121.4172866,47.4113066
Car-1,2009-02-28 22:50:25,-121.4173283,47.4113116
Car-1,2009-02-28 22:50:27,-121.4173733,47.411315
Car-1,2009-02-28 22:50:29,-121.4174166,47.4113199
Car-1,2009-02-28 22:50:31,-121.4174616,47.4113233
Car-1,2009-02-28 22:50:33,-121.4175033,47.4113283
Car-1,2009-02-28 22:50:35,-121.4175449,47.4113316
Car-1,2009-02-28 22:50:37,-121.417585,47.4113383
Car-1,2009-02-28 22:50:39,-121.4176266,47.4113433
Car-1,2009-02-28 22:50:41,-121.4176633,47.4113466
Car-1,2009-02-28 22:50:43,-121.4176999,47.4113516
Car-1,2009-02-28 22:50:45,-121.41774,47.4113549
Car-1,2009-02-28 22:50:47,-121.4177766,47.4113599
Car-1,2009-02-28 22:50:49,-121.4178133,47.4113649
Car-1,2009-02-28 22:50:51,-121.4178483,47.4113733
Car-1,2009-02-28 22:50:53,-121.4178849,47.4113783
Car-1,2009-02-28 22:50:55,-121.4179249,47.411385
Car-1,2009-02-28 22:50:57,-121.417965,47.4113899
Car-1,2009-02-28 22:50:59,-121.4180033,47.4113949
Car-1,2009-02-28 22:51:01,-121.4180433,47.4113999
Car-1,2009-02-28 22:51:03,-121.418075,47.4114033
Car-1,2009-02-28 22:51:05,-121.418105,47.4114099
Car-1,2009-02-28 22:51:07,-121.4181233,47.4114166
Car-1,2009-02-28 22:51:09,-121.4181683,47.4114183
Car-1,2009-02-28 22:51:11,-121.4181966,47.4114283
Car-1,2009-02-28 22:51:13,-121.41825,47.4114449
Car-1,2009-02-28 22:51:15,-121.41828,47.4114483
Car-1,2009-02-28 22:51:17,-121.4182983,47.4114516
Car-1,2009-02-28 22:51:19,-121.4183266,47.411455
Car-1,2009-02-28 22:51:21,-121.4183766,47.4114599
Car-1,2009-02-28 22:51:23,-121.4184016,47.4114666
Car-1,2009-02-28 22:51:25,-121.4184149,47.411475
Car-1,2009-02-28 22:51:27,-121.4184183,47.4114949
Car-1,2009-02-28 22:51:29,-121.4184866,47.4114849
Car-1,2009-02-28 22:51:33,-121.4186233,47.4114866
Car-1,2009-02-28 22:51:35,-121.4186449,47.41149
Car-1,2009-02-28 22:51:37,-121.4186349,47.411505
Car-1,2009-02-28 22:51:39,-121.4186199,47.4115316
Car-1,2009-02-28 22:51:41,-121.4185983,47.4115666
Car-1,2009-02-28 22:51:45,-121.4184916,47.4115866
Car-1,2009-02-28 22:51:49,-121.4182949,47.4115983
Car-1,2009-02-28 22:51:53,-121.4180766,47.4115699
Car-1,2009-02-28 22:51:57,-121.4178549,47.4115383
Car-1,2009-02-28 22:52:01,-121.4176333,47.41156
Car-1,2009-02-28 22:52:05,-121.4173916,47.4114333
Car-1,2009-02-28 22:52:09,-121.4170349,47.4114849
Car-1,2009-02-28 22:52:13,-121.4167733,47.4114499
Car-1,2009-02-28 22:52:17,-121.416485,47.4114433
Car-1,2009-02-28 22:52:21,-121.4161666,47.4113816
Car-1,2009-02-28 22:52:25,-121.4158266,47.4113266
Car-1,2009-02-28 22:52:29,-121.4156916,47.4110983
Car-1,2009-02-28 22:52:33,-121.4156366,47.4109666
Car-1,2009-02-28 22:52:37,-121.4156016,47.4109166
Car-1,2009-02-28 22:52:41,-121.4155716,47.4108316
Car-1,2009-02-28 22:52:45,-121.4155299,47.4107799
Car-1,2009-02-28 22:52:49,-121.4154283,47.4107266
Car-1,2009-02-28 22:52:53,-121.4153783,47.410655
Car-1,2009-02-28 22:52:57,-121.4153549,47.4106016
Car-1,2009-02-28 22:53:01,-121.4153266,47.4106083
Car-1,2009-02-28 22:53:03,-121.4153316,47.41058
Car-1,2009-02-28 22:53:07,-121.4153449,47.4105183
Car-1,2009-02-28 22:53:11,-121.4152849,47.4104849
Car-1,2009-02-28 22:53:15,-121.415295,47.41039
Car-1,2009-02-28 22:53:19,-121.415245,47.410305
Car-1,2009-02-28 22:53:23,-121.4151433,47.4101949
Car-1,2009-02-28 22:53:27,-121.4150866,47.4101333
Car-1,2009-02-28 22:53:29,-121.4151033,47.4100983
Car-1,2009-02-28 22:53:31,-121.4150799,47.4100716
Car-1,2009-02-28 22:53:33,-121.4150316,47.4100699
Car-1,2009-02-28 22:53:35,-121.4150033,47.4100533
Car-1,2009-02-28 22:53:42,-121.4150249,47.4100566
Car-1,2009-02-28 22:53:44,-121.4150283,47.410045
Car-1,2009-02-28 22:53:46,-121.415055,47.4100333
Car-1,2009-02-28 22:53:48,-121.4150799,47.4100383
Car-1,2009-02-28 22:53:51,-121.4151033,47.4100316
Car-1,2009-02-28 22:53:53,-121.4150966,47.4100316
Car-1,2009-02-28 22:53:55,-121.4150983,47.4100083
Car-1,2009-02-28 22:53:57,-121.4151216,47.4099849
Car-1,2009-02-28 22:53:59,-121.4151133,47.4099733
Car-1,2009-02-28 22:54:01,-121.4151116,47.4099616
Car-1,2009-02-28 22:54:03,-121.4151383,47.409905
Car-1,2009-02-28 22:54:07,-121.415125,47.4097883
Car-1,2009-02-28 22:54:11,-121.4150683,47.4097233
Car-1,2009-02-28 22:54:15,-121.4150099,47.4096683
Car-1,2009-02-28 22:54:19,-121.4148166,47.4096933
Car-1,2009-02-28 22:54:23,-121.4146583,47.409655
Car-1,2009-02-28 22:54:27,-121.4144649,47.4096833
Car-1,2009-02-28 22:54:31,-121.4142799,47.4096133
Car-1,2009-02-28 22:54:35,-121.41416,47.4095949
Car-1,2009-02-28 22:59:10,-121.4144916,47.4095416
Car-1,2009-02-28 22:59:12,-121.4145533,47.4095466
Car-1,2009-02-28 22:59:16,-121.4146549,47.4095599
Car-1,2009-02-28 22:59:20,-121.4147533,47.4095733
Car-1,2009-02-28 22:59:24,-121.4148633,47.40959
Car-1,2009-02-28 22:59:28,-121.41498,47.409605
Car-1,2009-02-28 22:59:32,-121.4150949,47.4096166
Car-1,2009-02-28 22:59:36,-121.4151999,47.409625
Car-1,2009-02-28 22:59:40,-121.4153116,47.4096349
Car-1,2009-02-28 22:59:44,-121.4154366,47.4096466
Car-1,2009-02-28 22:59:48,-121.415575,47.4096583
Car-1,2009-02-28 22:59:52,-121.4156866,47.4096733
Car-1,2009-02-28 22:59:56,-121.4158,47.4096866
Car-1,2009-02-28 23:00:00,-121.4158483,47.409695
Car-1,2009-02-28 23:00:02,-121.4158716,47.4096999
Car-1,2009-02-28 23:00:04,-121.4158966,47.4097033
Car-1,2009-02-28 23:00:06,-121.4159233,47.4097066
Car-1,2009-02-28 23:00:08,-121.4159499,47.40971
Car-1,2009-02-28 23:00:10,-121.4159733,47.4097133
Car-1,2009-02-28 23:00:12,-121.4159966,47.4097166
Car-1,2009-02-28 23:00:14,-121.4160183,47.4097183
Car-1,2009-02-28 23:00:16,-121.4160399,47.4097216
Car-1,2009-02-28 23:00:18,-121.4160683,47.409725
Car-1,2009-02-28 23:00:20,-121.4160866,47.4097266
Car-1,2009-02-28 23:00:22,-121.4161099,47.4097316
Car-1,2009-02-28 23:00:24,-121.4161316,47.4097349
Car-1,2009-02-28 23:00:26,-121.4161666,47.4097366
Car-1,2009-02-28 23:00:28,-121.4161933,47.4097399
Car-1,2009-02-28 23:00:30,-121.4162266,47.4097416
Car-1,2009-02-28 23:00:32,-121.41626,47.4097433
Car-1,2009-02-28 23:00:34,-121.4162866,47.409745
Car-1,2009-02-28 23:00:36,-121.4163183,47.4097466
Car-1,2009-02-28 23:00:38,-121.4163433,47.4097499
Car-1,2009-02-28 23:00:40,-121.4163633,47.4097533
Car-1,2009-02-28 23:00:42,-121.4163849,47.4097566
Car-1,2009-02-28 23:00:44,-121.4164083,47.40976
Car-1,2009-02-28 23:00:46,-121.4164333,47.4097616
Car-1,2009-02-28 23:00:48,-121.41645,47.409765
Car-1,2009-02-28 23:00:50,-121.4164683,47.4097683
Car-1,2009-02-28 23:00:52,-121.4164949,47.4097716
Car-1,2009-02-28 23:00:54,-121.41652,47.4097749
Car-1,2009-02-28 23:00:56,-121.4165683,47.4097783
Car-1,2009-02-28 23:00:58,-121.4166066,47.4097883
Car-1,2009-02-28 23:01:00,-121.4166816,47.409795
Car-1,2009-02-28 23:01:02,-121.4167183,47.4098033
Car-1,2009-02-28 23:01:04,-121.4167716,47.4098116
Car-1,2009-02-28 23:01:06,-121.4168283,47.4098183
Car-1,2009-02-28 23:01:08,-121.4168966,47.4098266
Car-1,2009-02-28 23:01:12,-121.4169949,47.4098433
Car-1,2009-02-28 23:01:14,-121.41704,47.4098516
Car-1,2009-02-28 23:01:16,-121.4170999,47.4098566
Car-1,2009-02-28 23:01:18,-121.41715,47.409865
Car-1,2009-02-28 23:01:20,-121.417185,47.4098733
Car-1,2009-02-28 23:01:22,-121.4172183,47.4098833
Car-1,2009-02-28 23:01:24,-121.4172716,47.4098916
Car-1,2009-02-28 23:01:26,-121.417305,47.4099016
Car-1,2009-02-28 23:01:28,-121.4173683,47.4099099
Car-1,2009-02-28 23:01:30,-121.4174466,47.4099166
Car-1,2009-02-28 23:01:32,-121.417535,47.40992
Car-1,2009-02-28 23:01:34,-121.4175566,47.409935
Car-1,2009-02-28 23:01:36,-121.4176166,47.4099383
Car-1,2009-02-28 23:01:38,-121.4176883,47.4099566
Car-1,2009-02-28 23:01:40,-121.4177616,47.409975
Car-1,2009-02-28 23:01:42,-121.4178083,47.4099866
Car-1,2009-02-28 23:01:44,-121.41786,47.4099916
Car-1,2009-02-28 23:01:46,-121.4179183,47.4099966
Car-1,2009-02-28 23:01:48,-121.4179583,47.4099983
Car-1,2009-02-28 23:01:50,-121.4179866,47.4099966
Car-1,2009-02-28 23:01:52,-121.41804,47.4100033
Car-1,2009-02-28 23:01:54,-121.4180649,47.410005
Car-1,2009-02-28 23:01:56,-121.41809,47.4100083
Car-1,2009-02-28 23:01:58,-121.4181166,47.4100116
Car-1,2009-02-28 23:02:00,-121.4181499,47.4100133
Car-1,2009-02-28 23:02:02,-121.4181766,47.4100149
Car-1,2009-02-28 23:02:04,-121.4182133,47.4100166
Car-1,2009-02-28 23:02:06,-121.4182466,47.4100199
Car-1,2009-02-28 23:02:08,-121.418285,47.4100216
Car-1,2009-02-28 23:02:10,-121.4183266,47.4100216
Car-1,2009-02-28 23:02:12,-121.4183666,47.410025
Car-1,2009-02-28 23:02:14,-121.4183983,47.4100283
Car-1,2009-02-28 23:02:16,-121.4184233,47.4100316
Car-1,2009-02-28 23:02:18,-121.4184433,47.4100349
Car-1,2009-02-28 23:02:20,-121.418475,47.4100383
Car-1,2009-02-28 23:02:22,-121.4185066,47.4100433
Car-1,2009-02-28 23:02:24,-121.4185533,47.4100499
Car-1,2009-02-28 23:02:26,-121.418595,47.4100566
Car-1,2009-02-28 23:02:28,-121.4186383,47.4100616
Car-1,2009-02-28 23:02:30,-121.4186833,47.4100699
Car-1,2009-02-28 23:02:32,-121.4187249,47.4100716
Car-1,2009-02-28 23:02:34,-121.4188033,47.4100783
Car-1,2009-02-28 23:02:36,-121.4188299,47.4100883
Car-1,2009-02-28 23:02:38,-121.41886,47.4101016
Car-1,2009-02-28 23:02:40,-121.4189033,47.4101266
Car-1,2009-02-28 23:02:42,-121.4189566,47.41013
Car-1,2009-02-28 23:02:44,-121.4190199,47.4101433
Car-1,2009-02-28 23:02:46,-121.4190816,47.4101483
Car-1,2009-02-28 23:02:48,-121.4191433,47.4101683
Car-1,2009-02-28 23:02:50,-121.4192166,47.4101816
Car-1,2009-02-28 23:02:52,-121.4192533,47.4101949
Car-1,2009-02-28 23:02:54,-121.4193116,47.4101983
Car-1,2009-02-28 23:02:56,-121.4193566,47.4101983
Car-1,2009-02-28 23:02:58,-121.4193816,47.4101883
Car-1,2009-02-28 23:03:00,-121.4194266,47.4101866
Car-1,2009-02-28 23:03:02,-121.4194749,47.4101766
Car-1,2009-02-28 23:03:04,-121.4195183,47.4101733
Car-1,2009-02-28 23:03:06,-121.4195866,47.41018
Car-1,2009-02-28 23:03:08,-121.4196466,47.4101749
Car-1,2009-02-28 23:03:10,-121.4196999,47.4101716
Car-1,2009-02-28 23:03:12,-121.4197433,47.4101766
Car-1,2009-02-28 23:03:14,-121.419785,47.4101833
Car-1,2009-02-28 23:03:16,-121.4198233,47.4102033
Car-1,2009-02-28 23:03:18,-121.4198483,47.4102383
Car-1,2009-02-28 23:03:20,-121.4198883,47.4102583
Car-1,2009-02-28 23:03:22,-121.4199416,47.4102733
Car-1,2009-02-28 23:03:24,-121.4200283,47.4102916
Car-1,2009-02-28 23:03:26,-121.4200733,47.4102949
Car-1,2009-02-28 23:03:28,-121.4201216,47.4102966
Car-1,2009-02-28 23:03:30,-121.4201533,47.4102983
Car-1,2009-02-28 23:03:31,-121.4201533,47.4102983
Car-1,2009-02-28 23:03:33,-121.4201616,47.4102899
Car-1,2009-02-28 23:03:36,-121.420205,47.410285
Car-1,2009-02-28 23:03:38,-121.4202283,47.4102833
Car-1,2009-02-28 23:03:40,-121.42029,47.410285
Car-1,2009-02-28 23:03:42,-121.4203333,47.4102899
Car-1,2009-02-28 23:03:44,-121.4203766,47.4102933
Car-1,2009-02-28 23:03:46,-121.42043,47.4102949
Car-1,2009-02-28 23:03:48,-121.4204766,47.4102949
Car-1,2009-02-28 23:03:51,-121.4205049,47.4102866
Car-1,2009-02-28 23:03:54,-121.4205383,47.4102833
Car-1,2009-02-28 23:03:56,-121.4205633,47.4102933
Car-1,2009-02-28 23:03:58,-121.4205983,47.4103016
Car-1,2009-02-28 23:04:00,-121.4206383,47.4103066
Car-1,2009-02-28 23:04:02,-121.420675,47.4103099
Car-1,2009-02-28 23:04:04,-121.4207216,47.4103066
Car-1,2009-02-28 23:04:06,-121.4207683,47.4103116
Car-1,2009-02-28 23:04:10,-121.4208516,47.4103233
Car-1,2009-02-28 23:04:12,-121.4209316,47.4103466
Car-1,2009-02-28 23:04:14,-121.4209683,47.4103566
Car-1,2009-02-28 23:04:16,-121.4210149,47.4103699
Car-1,2009-02-28 23:04:18,-121.4210866,47.4103783
Car-1,2009-02-28 23:04:20,-121.4211283,47.4103783
Car-1,2009-02-28 23:04:22,-121.4211666,47.4103849
Car-1,2009-02-28 23:04:24,-121.4212033,47.41039
Car-1,2009-02-28 23:04:26,-121.4212399,47.4103966
Car-1,2009-02-28 23:04:28,-121.4212899,47.4104016
Car-1,2009-02-28 23:04:30,-121.4213283,47.4104083
Car-1,2009-02-28 23:04:34,-121.4214116,47.4104233
Car-1,2009-02-28 23:04:36,-121.4214533,47.4104266
Car-1,2009-02-28 23:04:38,-121.4215049,47.4104316
Car-1,2009-02-28 23:04:40,-121.4215433,47.4104383
Car-1,2009-02-28 23:04:42,-121.4216,47.4104483
Car-1,2009-02-28 23:04:44,-121.42165,47.4104549
Car-1,2009-02-28 23:04:46,-121.4216949,47.4104699
Car-1,2009-02-28 23:04:48,-121.4217499,47.4104833
Car-1,2009-02-28 23:04:50,-121.4217616,47.4104983
Car-1,2009-02-28 23:04:52,-121.4217816,47.4104983
Car-1,2009-02-28 23:04:54,-121.4217999,47.4105049
Car-1,2009-02-28 23:04:56,-121.4218199,47.4105049
Car-1,2009-02-28 23:04:58,-121.4218916,47.4105116
Car-1,2009-02-28 23:05:00,-121.4219316,47.4105133
Car-1,2009-02-28 23:05:02,-121.4219783,47.410515
Car-1,2009-02-28 23:05:04,-121.4220299,47.4105199
Car-1,2009-02-28 23:05:06,-121.4220916,47.410515
Car-1,2009-02-28 23:05:08,-121.4221449,47.4104849
Car-1,2009-02-28 23:05:10,-121.4221816,47.41048
Car-1,2009-02-28 23:05:14,-121.4222783,47.410495
Car-1,2009-02-28 23:05:16,-121.4223316,47.4104999
Car-1,2009-02-28 23:05:18,-121.4224283,47.4105083
Car-1,2009-02-28 23:05:22,-121.4225633,47.4105199
Car-1,2009-02-28 23:05:24,-121.4225833,47.4104999
Car-1,2009-02-28 23:05:26,-121.4226066,47.4104716
Car-1,2009-02-28 23:05:28,-121.4226316,47.4104466
Car-1,2009-02-28 23:05:30,-121.4226566,47.4104183
Car-1,2009-02-28 23:05:34,-121.4226049,47.4102983
Car-1,2009-02-28 23:05:38,-121.4224149,47.4102016
Car-1,2009-02-28 23:05:42,-121.4223566,47.4100083
Car-1,2009-02-28 23:05:46,-121.4222616,47.4098016
Car-1,2009-02-28 23:05:50,-121.4221366,47.4095916
Car-1,2009-02-28 23:05:54,-121.42209,47.4093833
Car-1,2009-02-28 23:05:58,-121.4220433,47.4092149
Car-1,2009-02-28 23:06:02,-121.4219899,47.4090533
Car-1,2009-02-28 23:06:06,-121.42198,47.4089216
Car-1,2009-02-28 23:06:11,-121.4219633,47.4087533
Car-1,2009-02-28 23:06:15,-121.4219349,47.4085733
Car-1,2009-02-28 23:06:19,-121.4219433,47.408385
Car-1,2009-02-28 23:06:23,-121.4219699,47.4081866
Car-1,2009-02-28 23:06:28,-121.4219049,47.4080533
Car-1,2009-02-28 23:06:32,-121.4218683,47.4079033
Car-1,2009-02-28 23:06:36,-121.4218133,47.4077466
Car-1,2009-02-28 23:06:40,-121.4217916,47.4075849
Car-1,2009-02-28 23:06:44,-121.4217516,47.407385
Car-1,2009-02-28 23:06:48,-121.421615,47.4072383
Car-1,2009-02-28 23:06:52,-121.4215283,47.4070833
Car-1,2009-02-28 23:06:56,-121.4214833,47.4069283
Car-1,2009-02-28 23:07:00,-121.4214316,47.406795
Car-1,2009-02-28 23:07:04,-121.4213866,47.4066883
Car-1,2009-02-28 23:07:08,-121.421335,47.4065833
Car-1,2009-02-28 23:07:12,-121.4213133,47.4064549
Car-1,2009-02-28 23:07:16,-121.42125,47.4063516
Car-1,2009-02-28 23:07:20,-121.4211883,47.4062449
Car-1,2009-02-28 23:07:24,-121.4211533,47.4061799
Car-1,2009-02-28 23:07:26,-121.4211433,47.40615
Car-1,2009-02-28 23:07:30,-121.4211266,47.4060533
Car-1,2009-02-28 23:07:34,-121.4211066,47.4059499
Car-1,2009-02-28 23:07:38,-121.4211033,47.4058333
Car-1,2009-02-28 23:07:42,-121.4211533,47.4056933
Car-1,2009-02-28 23:07:46,-121.4210583,47.4055999
Car-1,2009-02-28 23:07:50,-121.4210699,47.4055316
Car-1,2009-02-28 23:07:54,-121.4209966,47.4054533
Car-1,2009-02-28 23:07:58,-121.4209599,47.4053516
Car-1,2009-02-28 23:08:02,-121.42092,47.4052466
Car-1,2009-02-28 23:08:06,-121.42088,47.4051916
Car-1,2009-02-28 23:08:08,-121.420845,47.4051866
Car-1,2009-02-28 23:08:10,-121.4208016,47.4051716
Car-1,2009-02-28 23:08:12,-121.420745,47.4051566
Car-1,2009-02-28 23:08:14,-121.4206649,47.4051366
Car-1,2009-02-28 23:08:16,-121.4205883,47.4051116
Car-1,2009-02-28 23:08:18,-121.4205316,47.4051149
Car-1,2009-02-28 23:08:20,-121.42059,47.405155
Car-1,2009-02-28 23:08:22,-121.4205999,47.4052066
Car-1,2009-02-28 23:08:24,-121.42057,47.4052333
Car-1,2009-02-28 23:08:28,-121.42048,47.4051366
Car-1,2009-02-28 23:08:32,-121.4204766,47.4051183
Car-1,2009-02-28 23:08:34,-121.420465,47.4051466
Car-1,2009-02-28 23:08:36,-121.4204616,47.4051783
Car-1,2009-02-28 23:08:38,-121.4204533,47.4051949
Car-1,2009-02-28 23:08:40,-121.4204333,47.4051849
Car-1,2009-02-28 23:08:44,-121.42038,47.4051383
Car-1,2009-02-28 23:08:46,-121.4203216,47.4051316
Car-1,2009-02-28 23:08:48,-121.4202983,47.4051416
Car-1,2009-02-28 23:08:50,-121.42029,47.4051533
Car-1,2009-02-28 23:09:04,-121.42031,47.4051683
Car-1,2009-02-28 23:09:06,-121.4202799,47.4051716
Car-1,2009-02-28 23:09:10,-121.4201916,47.4051466
Car-1,2009-02-28 23:09:12,-121.42013,47.4051633
Car-1,2009-02-28 23:09:14,-121.4200749,47.4052116
Car-1,2009-02-28 23:09:16,-121.4200349,47.4052716
Car-1,2009-02-28 23:09:18,-121.4200349,47.4053316
Car-1,2009-02-28 23:09:22,-121.4199316,47.40536
Car-1,2009-02-28 23:09:26,-121.4198033,47.4053699
Car-1,2009-02-28 23:09:28,-121.4197916,47.4054183
Car-1,2009-02-28 23:09:32,-121.4196383,47.4054399
Car-1,2009-02-28 23:09:36,-121.4195649,47.4054266
Car-1,2009-02-28 23:09:38,-121.419555,47.405415
Car-1,2009-02-28 23:09:46,-121.4195483,47.4053849
Car-1,2009-02-28 23:09:48,-121.4195316,47.40538
Car-1,2009-02-28 23:09:50,-121.4195149,47.4053716
Car-1,2009-02-28 23:09:52,-121.4194816,47.40536
Car-1,2009-02-28 23:09:54,-121.4194566,47.4053566
Car-1,2009-02-28 23:09:56,-121.4194583,47.4053849
Car-1,2009-02-28 23:09:58,-121.4194516,47.4054266
Car-1,2009-02-28 23:10:04,-121.419315,47.4054399
Car-1,2009-02-28 23:10:08,-121.4193116,47.4055
Car-1,2009-02-28 23:10:12,-121.4192066,47.4054816
Car-1,2009-02-28 23:10:16,-121.4190983,47.4054133
Car-1,2009-02-28 23:10:20,-121.41905,47.4054583
Car-1,2009-02-28 23:10:24,-121.41907,47.405505
Car-1,2009-02-28 23:10:28,-121.4189166,47.4054766
Car-1,2009-02-28 23:10:32,-121.4187883,47.4054949
Car-1,2009-02-28 23:10:36,-121.4188016,47.4055666
Car-1,2009-02-28 23:10:40,-121.4186549,47.4056033
Car-1,2009-02-28 23:10:44,-121.4185533,47.4055949
Car-1,2009-02-28 23:10:48,-121.4185033,47.4056683
Car-1,2009-02-28 23:10:52,-121.418355,47.4057433
Car-1,2009-02-28 23:10:56,-121.4181183,47.4057683
Car-1,2009-02-28 23:11:00,-121.4180683,47.40585
Car-1,2009-02-28 23:11:04,-121.4178266,47.4059416
Car-1,2009-02-28 23:11:08,-121.4176366,47.4059366
Car-1,2009-02-28 23:11:12,-121.4174616,47.4058749
Car-1,2009-02-28 23:11:16,-121.4173149,47.4057333
Car-1,2009-02-28 23:11:20,-121.4169149,47.4063349
Car-1,2009-02-28 23:11:24,-121.4166699,47.4063849
Car-1,2009-02-28 23:11:28,-121.4165816,47.4064049
Car-1,2009-02-28 23:11:32,-121.4164816,47.4063416
Car-1,2009-02-28 23:11:52,-121.4164049,47.4063933
Car-1,2009-02-28 23:11:54,-121.4163683,47.4063849
Car-1,2009-02-28 23:11:58,-121.4162233,47.4063466
Car-1,2009-02-28 23:12:02,-121.4160899,47.4063483
Car-1,2009-02-28 23:12:06,-121.4160666,47.4063449
Car-1,2009-02-28 23:12:08,-121.4160566,47.4063766
Car-1,2009-02-28 23:12:16,-121.4158116,47.4062633
Car-1,2009-02-28 23:12:20,-121.4157266,47.4062516
Car-1,2009-02-28 23:12:22,-121.4156983,47.4062166
Car-1,2009-02-28 23:12:29,-121.4153099,47.406325
Car-1,2009-02-28 23:12:33,-121.4151366,47.4067683
Car-1,2009-02-28 23:12:37,-121.4149866,47.4067316
Car-1,2009-02-28 23:12:41,-121.4147449,47.4066533
Car-1,2009-02-28 23:12:45,-121.4146099,47.4065816
Car-1,2009-02-28 23:13:01,-121.4140433,47.4066966
Car-1,2009-02-28 23:13:03,-121.4139766,47.4067016
Car-1,2009-02-28 23:13:07,-121.4138783,47.4066083
Car-1,2009-02-28 23:13:11,-121.4137066,47.4066883
Car-1,2009-02-28 23:13:15,-121.4135766,47.4066016
Car-1,2009-02-28 23:13:19,-121.4134366,47.4064683
Car-1,2009-02-28 23:13:23,-121.4131199,47.4066133
Car-1,2009-02-28 23:13:27,-121.412905,47.4067033
Car-1,2009-02-28 23:13:33,-121.412675,47.4067433
Car-1,2009-02-28 23:13:41,-121.4125483,47.4069749
Car-1,2009-02-28 23:13:45,-121.4124533,47.4072783
Car-1,2009-02-28 23:21:36,-121.4126299,47.4073599
Car-1,2009-02-28 23:21:40,-121.4128666,47.4072799
Car-1,2009-02-28 23:21:44,-121.4130733,47.4072033
Car-1,2009-02-28 23:21:48,-121.4132566,47.4071349
Car-1,2009-02-28 23:21:52,-121.4134199,47.4070666
Car-1,2009-02-28 23:21:56,-121.4136099,47.40699
Car-1,2009-02-28 23:22:00,-121.4137933,47.406915
Car-1,2009-02-28 23:22:04,-121.41397,47.4068433
Car-1,2009-02-28 23:22:08,-121.4141333,47.40678
Car-1,2009-02-28 23:22:12,-121.4142866,47.4066983
Car-1,2009-02-28 23:22:16,-121.4144766,47.4066149
Car-1,2009-02-28 23:22:20,-121.4146633,47.4065333
Car-1,2009-02-28 23:22:24,-121.4148349,47.40646
Car-1,2009-02-28 23:22:28,-121.4149933,47.4063933
Car-1,2009-02-28 23:22:32,-121.4151616,47.406325
Car-1,2009-02-28 23:22:36,-121.4153216,47.4062599
Car-1,2009-02-28 23:22:40,-121.4155133,47.4061833
Car-1,2009-02-28 23:22:44,-121.4157049,47.4061033
Car-1,2009-02-28 23:22:48,-121.4158966,47.4060183
Car-1,2009-02-28 23:22:52,-121.4160749,47.4059433
Car-1,2009-02-28 23:22:56,-121.416255,47.4058733
Car-1,2009-02-28 23:23:00,-121.4164449,47.4057866
Car-1,2009-02-28 23:23:04,-121.4166283,47.4056916
Car-1,2009-02-28 23:23:08,-121.4167983,47.4056133
Car-1,2009-02-28 23:23:12,-121.4169733,47.4055416
Car-1,2009-02-28 23:23:16,-121.4171116,47.4054799
Car-1,2009-02-28 23:23:20,-121.4173099,47.4053983
Car-1,2009-02-28 23:23:24,-121.417465,47.4053266
Car-1,2009-02-28 23:23:28,-121.4175983,47.40526
Car-1,2009-02-28 23:23:32,-121.4177466,47.4051883
Car-1,2009-02-28 23:23:36,-121.4179249,47.4051216
Car-1,2009-02-28 23:23:40,-121.4180866,47.4050483
Car-1,2009-02-28 23:23:44,-121.4182383,47.4049766
Car-1,2009-02-28 23:23:48,-121.4183966,47.4049016
Car-1,2009-02-28 23:23:52,-121.41856,47.4048333
Car-1,2009-02-28 23:23:56,-121.4187299,47.4047583
Car-1,2009-02-28 23:24:00,-121.4188849,47.4047
Car-1,2009-02-28 23:24:04,-121.4190399,47.40463
Car-1,2009-02-28 23:24:08,-121.4191716,47.40456
Car-1,2009-02-28 23:24:12,-121.4193533,47.4044966
Car-1,2009-02-28 23:24:16,-121.4195016,47.40442
Car-1,2009-02-28 23:24:20,-121.4196366,47.40435
Car-1,2009-02-28 23:24:24,-121.4197966,47.4042633
Car-1,2009-02-28 23:24:28,-121.4199633,47.4041833
Car-1,2009-02-28 23:24:32,-121.420135,47.4041066
Car-1,2009-02-28 23:24:36,-121.420305,47.4040266
Car-1,2009-02-28 23:24:40,-121.4205016,47.4039433
Car-1,2009-02-28 23:24:44,-121.4206883,47.4038583
Car-1,2009-02-28 23:24:48,-121.4208766,47.4037666
Car-1,2009-02-28 23:24:52,-121.4210683,47.4036766
Car-1,2009-02-28 23:24:56,-121.4212549,47.403585
Car-1,2009-02-28 23:25:00,-121.4214383,47.4034983
Car-1,2009-02-28 23:25:04,-121.4216233,47.4034033
Car-1,2009-02-28 23:25:08,-121.4218116,47.4033116
Car-1,2009-02-28 23:25:12,-121.4219966,47.4032216
Car-1,2009-02-28 23:25:16,-121.4221833,47.4031349
Car-1,2009-02-28 23:25:20,-121.42235,47.4030533
Car-1,2009-02-28 23:25:24,-121.4224299,47.4030166
Car-1,2009-02-28 23:25:28,-121.4225149,47.4029766
Car-1,2009-02-28 23:25:32,-121.4225983,47.4029366
Car-1,2009-02-28 23:25:36,-121.4226916,47.4028899
Car-1,2009-02-28 23:25:40,-121.4228083,47.4028366
Car-1,2009-02-28 23:25:44,-121.4229516,47.4027716
Car-1,2009-02-28 23:25:48,-121.4231183,47.4026933
Car-1,2009-02-28 23:25:52,-121.42331,47.4026033
Car-1,2009-02-28 23:25:56,-121.4234916,47.402515
Car-1,2009-02-28 23:26:00,-121.4236516,47.4024383
Car-1,2009-02-28 23:26:05,-121.42368,47.4024216
Car-1,2009-02-28 23:26:29,-121.4236899,47.4024216
Car-1,2009-02-28 23:26:31,-121.42371,47.4024133
Car-1,2009-02-28 23:26:33,-121.4237399,47.4023999
Car-1,2009-02-28 23:26:35,-121.42378,47.4023833
Car-1,2009-02-28 23:26:39,-121.4238766,47.4023383
Car-1,2009-02-28 23:26:43,-121.4240016,47.4022783
Car-1,2009-02-28 23:26:47,-121.4241666,47.4022083
Car-1,2009-02-28 23:26:51,-121.4243266,47.4021066
Car-1,2009-02-28 23:26:55,-121.4244866,47.4020083
Car-1,2009-02-28 23:26:59,-121.4245933,47.4019499
Car-1,2009-02-28 23:27:03,-121.4247166,47.4019966
Car-1,2009-02-28 23:27:07,-121.4248699,47.4020349
Car-1,2009-02-28 23:27:11,-121.4249816,47.4021266
Car-1,2009-02-28 23:27:15,-121.425105,47.4021733
Car-1,2009-02-28 23:27:17,-121.4251299,47.4021983
Car-1,2009-02-28 23:27:19,-121.4251783,47.40222
Car-1,2009-02-28 23:27:21,-121.4251849,47.4022499
Car-1,2009-02-28 23:27:23,-121.4252016,47.4022716
Car-1,2009-02-28 23:27:25,-121.425215,47.4022849
Car-1,2009-02-28 23:27:27,-121.4252216,47.4023066
Car-1,2009-02-28 23:27:29,-121.425215,47.402325
Car-1,2009-02-28 23:27:31,-121.4252249,47.4023516
Car-1,2009-02-28 23:27:33,-121.4252366,47.402395
Car-1,2009-02-28 23:27:35,-121.4252466,47.402415
Car-1,2009-02-28 23:27:37,-121.4252049,47.4024783
Car-1,2009-02-28 23:27:41,-121.4251416,47.4025816
Car-1,2009-02-28 23:27:45,-121.4251166,47.4028133
Car-1,2009-02-28 23:27:49,-121.4250566,47.402885
Car-1,2009-02-28 23:27:53,-121.4251233,47.4029133
Car-1,2009-02-28 23:27:55,-121.4250683,47.4030099
Car-1,2009-02-28 23:27:59,-121.4248733,47.4031216
Car-1,2009-02-28 23:28:03,-121.4248116,47.4032466
Car-1,2009-02-28 23:28:07,-121.4247716,47.4033999
Car-1,2009-02-28 23:28:11,-121.4246799,47.4035916
Car-1,2009-02-28 23:28:15,-121.4247216,47.4036783
Car-1,2009-02-28 23:28:19,-121.4248033,47.40376
Car-1,2009-02-28 23:28:21,-121.4247383,47.4039066
Car-1,2009-02-28 23:28:25,-121.4245766,47.4039166
Car-1,2009-02-28 23:28:29,-121.4244749,47.4039133
Car-1,2009-02-28 23:28:31,-121.4244149,47.404
Car-1,2009-02-28 23:28:35,-121.4242949,47.4040683
Car-1,2009-02-28 23:28:39,-121.4242633,47.4042033
Car-1,2009-02-28 23:28:43,-121.4241483,47.4042566
Car-1,2009-02-28 23:28:47,-121.4240349,47.4043716
Car-1,2009-02-28 23:28:51,-121.4239449,47.4043416
Car-1,2009-02-28 23:28:53,-121.4239116,47.4043483
Car-1,2009-02-28 23:28:55,-121.42385,47.4044133
Car-1,2009-02-28 23:28:59,-121.4236933,47.4044233
Car-1,2009-02-28 23:29:03,-121.4236233,47.4045199
Car-1,2009-02-28 23:29:07,-121.4233766,47.4047
Car-1,2009-02-28 23:29:11,-121.4231883,47.4046599
Car-1,2009-02-28 23:29:15,-121.4230549,47.4046316
Car-1,2009-02-28 23:29:19,-121.4229283,47.40461
Car-1,2009-02-28 23:29:23,-121.4227366,47.4045649
Car-1,2009-02-28 23:29:27,-121.4226366,47.4045549
Car-1,2009-02-28 23:29:29,-121.4226166,47.4045916
Car-1,2009-02-28 23:29:31,-121.4225983,47.4046416
Car-1,2009-02-28 23:29:33,-121.4225733,47.4046683
Car-1,2009-02-28 23:29:35,-121.4225033,47.4047666
Car-1,2009-02-28 23:29:39,-121.4224299,47.4048883
Car-1,2009-02-28 23:29:43,-121.4223566,47.4049333
Car-1,2009-02-28 23:29:47,-121.4222816,47.4050116
Car-1,2009-02-28 23:29:51,-121.4221933,47.4050266
Car-1,2009-02-28 23:29:55,-121.4220966,47.40498
Car-1,2009-02-28 23:29:59,-121.4219733,47.4049633
Car-1,2009-02-28 23:30:01,-121.4219466,47.404965
Car-1,2009-02-28 23:30:03,-121.4219516,47.4049899
Car-1,2009-02-28 23:30:05,-121.4219433,47.4050099
Car-1,2009-02-28 23:30:07,-121.4219133,47.4050383
Car-1,2009-02-28 23:30:09,-121.4218766,47.4050283
Car-1,2009-02-28 23:30:13,-121.4217566,47.4049866
Car-1,2009-02-28 23:30:17,-121.4216566,47.40493
Car-1,2009-02-28 23:30:21,-121.4215633,47.4048449
Car-1,2009-02-28 23:30:25,-121.4214899,47.4047766
Car-1,2009-02-28 23:30:29,-121.421405,47.404715
Car-1,2009-02-28 23:30:33,-121.4213099,47.4046749
Car-1,2009-02-28 23:30:35,-121.4212633,47.4046316
Car-1,2009-02-28 23:30:37,-121.4212166,47.4046066
Car-1,2009-02-28 23:30:39,-121.4212,47.4046249
Car-1,2009-02-28 23:30:41,-121.4211966,47.404645
Car-1,2009-02-28 23:30:43,-121.4212233,47.4046683
Car-1,2009-02-28 23:30:45,-121.4212433,47.4046749
Car-1,2009-02-28 23:30:47,-121.4212466,47.4046916
Car-1,2009-02-28 23:30:49,-121.4212083,47.4047099
Car-1,2009-02-28 23:30:51,-121.421165,47.4046749
Car-1,2009-02-28 23:30:53,-121.4211116,47.4046599
Car-1,2009-02-28 23:30:57,-121.4210016,47.4046233
Car-1,2009-02-28 23:31:01,-121.4210349,47.404665
Car-1,2009-02-28 23:31:03,-121.4210566,47.4047
Car-1,2009-02-28 23:31:05,-121.4210733,47.4047066
Car-1,2009-02-28 23:31:07,-121.4210266,47.4047116
Car-1,2009-02-28 23:31:09,-121.4209866,47.4046949
Car-1,2009-02-28 23:31:13,-121.4208899,47.4047066
Car-1,2009-02-28 23:31:15,-121.4208566,47.4047
Car-1,2009-02-28 23:31:17,-121.4208099,47.4046883
Car-1,2009-02-28 23:31:19,-121.4207633,47.4046866
Car-1,2009-02-28 23:31:21,-121.4206933,47.4046866
Car-1,2009-02-28 23:31:25,-121.4207016,47.4047366
Car-1,2009-02-28 23:31:27,-121.4207166,47.4047766
Car-1,2009-02-28 23:31:29,-121.4207299,47.4048099
Car-1,2009-02-28 23:31:31,-121.4207616,47.4048316
Car-1,2009-02-28 23:31:33,-121.4208049,47.4048349
Car-1,2009-02-28 23:31:35,-121.42083,47.404855
Car-1,2009-02-28 23:31:37,-121.4208533,47.4048816
Car-1,2009-02-28 23:31:39,-121.4208733,47.4048999
Car-1,2009-02-28 23:31:41,-121.4208966,47.4048916
Car-1,2009-02-28 23:31:43,-121.4208533,47.4049399
Car-1,2009-02-28 23:31:47,-121.4207549,47.4049166
Car-1,2009-02-28 23:31:49,-121.4207233,47.4048983
Car-1,2009-02-28 23:32:05,-121.4207233,47.4048983
Car-1,2009-02-28 23:32:07,-121.4207199,47.4048916
Car-1,2009-02-28 23:32:09,-121.4206983,47.4048866
Car-1,2009-02-28 23:32:11,-121.42069,47.4048933
Car-1,2009-02-28 23:32:13,-121.4206816,47.4049066
Car-1,2009-02-28 23:32:15,-121.4206833,47.4049533
Car-1,2009-02-28 23:32:17,-121.4206849,47.4049883
Car-1,2009-02-28 23:32:19,-121.4206966,47.4050166
Car-1,2009-02-28 23:32:21,-121.4206933,47.4050599
Car-1,2009-02-28 23:32:23,-121.4206483,47.4050833
Car-1,2009-02-28 23:32:27,-121.4205816,47.4050549
Car-1,2009-02-28 23:32:29,-121.4205616,47.4050433
Car-1,2009-02-28 23:32:31,-121.4205316,47.4050266
Car-1,2009-02-28 23:32:57,-121.42052,47.4050199
Car-1,2009-02-28 23:32:59,-121.4205016,47.4050266
Car-1,2009-02-28 23:33:01,-121.4204899,47.4050383
Car-1,2009-02-28 23:33:03,-121.4204866,47.4050549
Car-1,2009-02-28 23:33:05,-121.4204866,47.4050799
Car-1,2009-02-28 23:33:07,-121.4204183,47.4051166
Car-1,2009-02-28 23:33:11,-121.4203066,47.40512
Car-1,2009-02-28 23:33:13,-121.4202666,47.4051166
Car-1,2009-02-28 23:33:15,-121.4202116,47.4051066
Car-1,2009-02-28 23:33:17,-121.4202233,47.4051166
Car-1,2009-02-28 23:33:19,-121.4202233,47.4051466
Car-1,2009-02-28 23:33:38,-121.4202433,47.4051516
Car-1,2009-02-28 23:33:40,-121.4202149,47.4051449
Car-1,2009-02-28 23:33:42,-121.4201749,47.4051333
Car-1,2009-02-28 23:33:44,-121.4201283,47.4051283
Car-1,2009-02-28 23:33:46,-121.4201183,47.4051299
Car-1,2009-02-28 23:33:48,-121.4200816,47.4051783
Car-1,2009-02-28 23:33:50,-121.4200399,47.4051483
Car-1,2009-02-28 23:33:54,-121.4199016,47.405135
Car-1,2009-02-28 23:33:58,-121.4197949,47.4051
Car-1,2009-02-28 23:34:04,-121.4197349,47.4051949
Car-1,2009-02-28 23:34:06,-121.4197266,47.4052516
Car-1,2009-02-28 23:34:31,-121.4197266,47.4052633
Car-1,2009-02-28 23:34:33,-121.4197283,47.4052799
Car-1,2009-02-28 23:34:35,-121.4197199,47.4053049
Car-1,2009-02-28 23:34:37,-121.4196933,47.4053483
Car-1,2009-02-28 23:34:41,-121.4196266,47.4053149
Car-1,2009-02-28 23:34:43,-121.4195849,47.4052999
Car-1,2009-02-28 23:34:45,-121.419555,47.4052883
Car-1,2009-02-28 23:34:47,-121.4195133,47.4052716
Car-1,2009-02-28 23:34:49,-121.4194233,47.405275
Car-1,2009-02-28 23:34:53,-121.4193216,47.4052666
Car-1,2009-02-28 23:34:55,-121.4192983,47.4052966
Car-1,2009-02-28 23:34:57,-121.4192349,47.4052933
Car-1,2009-02-28 23:35:01,-121.4191183,47.4052533
Car-1,2009-02-28 23:35:05,-121.4190449,47.4052149
Car-1,2009-02-28 23:35:09,-121.418895,47.4052699
Car-1,2009-02-28 23:35:13,-121.4188099,47.4052766
Car-1,2009-02-28 23:35:15,-121.4187316,47.4053366
Car-1,2009-02-28 23:35:19,-121.4185916,47.4053983
Car-1,2009-02-28 23:35:23,-121.418565,47.4055616
Car-1,2009-02-28 23:35:27,-121.4183983,47.4056283
Car-1,2009-02-28 23:35:31,-121.4183249,47.405715
Car-1,2009-02-28 23:35:35,-121.4182783,47.4058716
Car-1,2009-02-28 23:35:39,-121.4181066,47.4059583
Car-1,2009-02-28 23:35:43,-121.4181033,47.4061933
Car-1,2009-02-28 23:35:47,-121.4178533,47.4064083
Car-1,2009-02-28 23:35:51,-121.41739,47.4065233
Car-1,2009-02-28 23:35:57,-121.4169033,47.4065916
Car-1,2009-02-28 23:36:01,-121.4167866,47.4065883
Car-1,2009-02-28 23:36:05,-121.4167366,47.4066266
Car-1,2009-02-28 23:36:11,-121.4167766,47.40664
Car-1,2009-02-28 23:36:16,-121.4167749,47.4066666
Car-1,2009-02-28 23:36:18,-121.4167783,47.4067083
Car-1,2009-02-28 23:36:20,-121.4167666,47.4066999
Car-1,2009-02-28 23:36:22,-121.4167416,47.4066833
Car-1,2009-02-28 23:36:24,-121.4167016,47.406675
Car-1,2009-02-28 23:36:26,-121.4166316,47.4066649
Car-1,2009-02-28 23:36:30,-121.4164533,47.4066733
Car-1,2009-02-28 23:36:34,-121.41615,47.4066516
Car-1,2009-02-28 23:36:38,-121.4159266,47.4067133
Car-1,2009-02-28 23:36:42,-121.4157683,47.4067083
Car-1,2009-02-28 23:36:46,-121.4155349,47.4067116
Car-1,2009-02-28 23:36:50,-121.4155066,47.4068399
Car-1,2009-02-28 23:36:54,-121.4155133,47.4069283
Car-1,2009-02-28 23:36:58,-121.4154433,47.4070533
Car-1,2009-02-28 23:37:02,-121.4152049,47.4070716
Car-1,2009-02-28 23:37:06,-121.4149166,47.4071333
Car-1,2009-02-28 23:37:10,-121.4148633,47.4072883
Car-1,2009-02-28 23:37:14,-121.4148383,47.4074066
Car-1,2009-02-28 23:37:18,-121.414735,47.40753
Car-1,2009-02-28 23:37:22,-121.4147416,47.4076049
Car-1,2009-02-28 23:37:26,-121.4147066,47.4078149
Car-1,2009-02-28 23:37:30,-121.4145516,47.4079399
Car-1,2009-02-28 23:37:34,-121.4145266,47.4080216
Car-1,2009-02-28 23:37:38,-121.4144833,47.4081333
Car-1,2009-02-28 23:37:42,-121.4145049,47.408175
Car-1,2009-02-28 23:37:44,-121.4144999,47.4082033
Car-1,2009-02-28 23:37:46,-121.4144933,47.40821
Car-1,2009-02-28 23:37:48,-121.4144833,47.4082533
Car-1,2009-02-28 23:37:50,-121.4144466,47.4083099
Car-1,2009-02-28 23:37:52,-121.4144199,47.4083616
Car-1,2009-02-28 23:37:56,-121.414405,47.408435
Car-1,2009-02-28 23:38:00,-121.4143666,47.4085066
Car-1,2009-02-28 23:38:04,-121.4142933,47.4086533
Car-1,2009-02-28 23:38:08,-121.4142,47.4087433
Car-1,2009-02-28 23:38:12,-121.4141133,47.4088516
Car-1,2009-02-28 23:38:16,-121.4139933,47.4090366
Car-1,2009-02-28 23:38:18,-121.4139833,47.4090666
Car-1,2009-02-28 23:38:20,-121.4139683,47.4091016
Car-1,2009-02-28 23:38:24,-121.4139916,47.4091616
Car-1,2009-02-28 23:38:26,-121.414005,47.4091966
Car-1,2009-02-28 23:38:28,-121.4139966,47.4092299
Car-1,2009-02-28 23:38:30,-121.4140266,47.4092699
Car-1,2009-02-28 23:38:32,-121.4140683,47.4092966
Car-1,2009-02-28 23:38:34,-121.4141033,47.4093416
Car-1,2009-02-28 23:38:36,-121.4141333,47.4093616
Car-1,2009-02-28 23:38:38,-121.4141583,47.4093916
Car-1,2009-02-28 23:38:40,-121.4141916,47.4094066
Car-1,2009-02-28 23:38:42,-121.4142416,47.4094016
Car-1,2009-02-28 23:38:44,-121.4142733,47.4094183
Car-1,2009-02-28 23:38:46,-121.4142916,47.4094383
Car-1,2009-02-28 23:38:48,-121.4142866,47.4094383
Car-1,2009-02-28 23:38:50,-121.4142466,47.409465
Car-1,2009-02-28 23:38:52,-121.4142166,47.4094749
Car-1,2009-02-28 23:38:54,-121.4141933,47.4094883
Car-1,2009-02-28 23:38:56,-121.4141766,47.4095316
Car-1,2009-02-28 23:38:58,-121.4141466,47.4096033
Car-1,2009-02-28 23:39:00,-121.4141083,47.40962
Car-1,2009-02-28 23:39:02,-121.414075,47.4096233
Car-1,2009-02-28 23:39:04,-121.4140349,47.4096316
Car-1,2009-02-28 23:39:06,-121.4140033,47.4096349
Car-1,2009-02-28 23:39:15,-121.4139883,47.4096366
Car-1,2009-02-28 23:39:17,-121.4139799,47.4096416
Car-1,2009-02-28 23:39:19,-121.4139683,47.4096483
Car-1,2009-02-28 23:39:21,-121.4139599,47.4096533
Car-1,2009-02-28 23:39:23,-121.4139516,47.4096533
Car-1,2009-02-28 23:39:25,-121.413935,47.4096616
Car-1,2009-02-28 23:39:27,-121.4139283,47.4096533
Car-1,2009-02-28 23:39:35,-121.4139283,47.4096533
Car-1,2009-02-28 23:39:37,-121.4139233,47.4096516
Car-1,2009-02-28 23:39:49,-121.4139333,47.4096466
Car-1,2009-02-28 23:39:52,-121.4139216,47.40966
Car-1,2009-02-28 23:39:55,-121.4139183,47.4096466
Car-1,2009-02-28 23:39:57,-121.4139,47.4096766
Car-1,2009-02-28 23:39:59,-121.4139183,47.40966
Car-1,2009-02-28 23:40:01,-121.4139483,47.40964
Car-1,2009-02-28 23:40:04,-121.4139533,47.4096716
Car-1,2009-02-28 23:40:06,-121.4139816,47.40964
Car-1,2009-02-28 23:40:11,-121.4140433,47.4096766
Car-1,2009-02-28 23:40:13,-121.414055,47.4096833
Car-1,2009-02-28 23:40:15,-121.41406,47.4096999
Car-1,2009-02-28 23:40:17,-121.414075,47.4096866
Car-1,2009-02-28 23:40:19,-121.41409,47.4097066
Car-1,2009-02-28 23:40:21,-121.4141316,47.4097266
Car-1,2009-02-28 23:40:25,-121.4141883,47.4097216
Car-1,2009-02-28 23:40:27,-121.4142549,47.4097199
Car-1,2009-02-28 23:40:31,-121.4143583,47.409765
Car-1,2009-02-28 23:40:33,-121.4144083,47.4097849
Car-1,2009-02-28 23:40:37,-121.4145199,47.4098
Car-1,2009-02-28 23:40:41,-121.4146166,47.4098083
Car-1,2009-02-28 23:40:43,-121.4146683,47.4098066
Car-1,2009-02-28 23:40:47,-121.4147599,47.4098066
Car-1,2009-02-28 23:40:49,-121.4148083,47.4098066
Car-1,2009-02-28 23:40:53,-121.4149016,47.4098083
Car-1,2009-02-28 23:40:55,-121.4149533,47.4098066
Car-1,2009-02-28 23:40:59,-121.4150366,47.4098166
Car-1,2009-02-28 23:41:01,-121.4150749,47.4098233
Car-1,2009-02-28 23:41:05,-121.415155,47.4098416
Car-1,2009-02-28 23:41:07,-121.4151849,47.4098533
Car-1,2009-02-28 23:41:11,-121.4152683,47.4098733
Car-1,2009-02-28 23:41:15,-121.415365,47.4098966
Car-1,2009-02-28 23:41:17,-121.4154083,47.409905
Car-1,2009-02-28 23:41:21,-121.4154949,47.4099166
Car-1,2009-02-28 23:41:23,-121.4155349,47.4099233
Car-1,2009-02-28 23:41:27,-121.4156149,47.4099383
Car-1,2009-02-28 23:41:29,-121.4156516,47.4099449
Car-1,2009-02-28 23:41:33,-121.41573,47.4099616
Car-1,2009-02-28 23:41:35,-121.4157683,47.40997
Car-1,2009-02-28 23:41:39,-121.4158466,47.4099883
Car-1,2009-02-28 23:41:41,-121.4158933,47.4099983
Car-1,2009-02-28 23:41:45,-121.4159816,47.4100133
Car-1,2009-02-28 23:41:49,-121.4160599,47.4100299
Car-1,2009-02-28 23:41:51,-121.4161033,47.4100349
Car-1,2009-02-28 23:41:55,-121.4161883,47.4100466
Car-1,2009-02-28 23:41:57,-121.4162316,47.4100516
Car-1,2009-02-28 23:41:59,-121.4162733,47.4100583
Car-1,2009-02-28 23:42:01,-121.4163149,47.4100633
Car-1,2009-02-28 23:42:03,-121.4163583,47.4100666
Car-1,2009-02-28 23:42:05,-121.4164016,47.4100716
Car-1,2009-02-28 23:42:07,-121.4164449,47.4100766
Car-1,2009-02-28 23:42:09,-121.416485,47.4100833
Car-1,2009-02-28 23:42:13,-121.4165583,47.4100999
Car-1,2009-02-28 23:42:15,-121.4166066,47.4101049
Car-1,2009-02-28 23:42:19,-121.4166966,47.410115
Car-1,2009-02-28 23:42:21,-121.4167383,47.4101216
Car-1,2009-02-28 23:42:23,-121.4167783,47.4101283
Car-1,2009-02-28 23:42:25,-121.4168199,47.4101366
Car-1,2009-02-28 23:42:29,-121.4169,47.4101516
Car-1,2009-02-28 23:42:31,-121.4169416,47.4101583
Car-1,2009-02-28 23:42:35,-121.417025,47.4101766
Car-1,2009-02-28 23:42:37,-121.4170633,47.4101866
Car-1,2009-02-28 23:42:41,-121.4171466,47.4102049
Car-1,2009-02-28 23:42:43,-121.4171899,47.4102116
Car-1,2009-02-28 23:42:47,-121.4172766,47.4102249
Car-1,2009-02-28 23:42:51,-121.41736,47.4102366
Car-1,2009-02-28 23:42:53,-121.4174016,47.4102449
Car-1,2009-02-28 23:42:55,-121.4174416,47.4102516
Car-1,2009-02-28 23:42:57,-121.4174833,47.4102633
Car-1,2009-02-28 23:42:59,-121.4175249,47.4102733
Car-1,2009-02-28 23:43:01,-121.417565,47.410285
Car-1,2009-02-28 23:43:03,-121.4176049,47.4102933
Car-1,2009-02-28 23:43:05,-121.4176433,47.4103033
Car-1,2009-02-28 23:43:07,-121.4176833,47.4103116
Car-1,2009-02-28 23:43:11,-121.4177616,47.4103283
Car-1,2009-02-28 23:43:13,-121.4177999,47.4103366
Car-1,2009-02-28 23:43:15,-121.4178399,47.4103449
Car-1,2009-02-28 23:43:17,-121.4178783,47.4103533
Car-1,2009-02-28 23:43:19,-121.4179166,47.4103616
Car-1,2009-02-28 23:43:21,-121.4179549,47.4103716
Car-1,2009-02-28 23:43:23,-121.4179949,47.4103799
Car-1,2009-02-28 23:43:25,-121.4180333,47.4103883
Car-1,2009-02-28 23:43:29,-121.4181133,47.4104033
Car-1,2009-02-28 23:43:31,-121.4181516,47.4104116
Car-1,2009-02-28 23:43:33,-121.4181899,47.4104166
Car-1,2009-02-28 23:43:35,-121.4182283,47.410425
Car-1,2009-02-28 23:43:37,-121.4182699,47.4104349
Car-1,2009-02-28 23:43:39,-121.4183116,47.4104433
Car-1,2009-02-28 23:43:41,-121.4183533,47.4104516
Car-1,2009-02-28 23:43:43,-121.4183949,47.4104566
Car-1,2009-02-28 23:43:47,-121.4184716,47.4104716
Car-1,2009-02-28 23:43:49,-121.4185083,47.41048
Car-1,2009-02-28 23:43:51,-121.4185483,47.4104833
Car-1,2009-02-28 23:43:55,-121.4186283,47.4104916
Car-1,2009-02-28 23:43:57,-121.4186699,47.4105016
Car-1,2009-02-28 23:43:59,-121.4187116,47.4105133
Car-1,2009-02-28 23:44:01,-121.4187516,47.4105216
Car-1,2009-02-28 23:44:03,-121.418785,47.4105249
Car-1,2009-02-28 23:44:05,-121.4188166,47.4105266
Car-1,2009-02-28 23:44:07,-121.4188466,47.41053
Car-1,2009-02-28 23:44:09,-121.4188833,47.4105333
Car-1,2009-02-28 23:44:11,-121.4189183,47.4105366
Car-1,2009-02-28 23:44:13,-121.4189499,47.4105433
Car-1,2009-02-28 23:44:15,-121.4189816,47.41055
Car-1,2009-02-28 23:44:17,-121.419015,47.4105566
Car-1,2009-02-28 23:44:19,-121.4190466,47.410565
Car-1,2009-02-28 23:44:21,-121.4190933,47.4105749
Car-1,2009-02-28 23:44:23,-121.419135,47.410585
Car-1,2009-02-28 23:44:25,-121.41919,47.4106016
Car-1,2009-02-28 23:44:27,-121.4192333,47.4106083
Car-1,2009-02-28 23:44:29,-121.4192966,47.4106066
Car-1,2009-02-28 23:44:31,-121.4193616,47.4106016
Car-1,2009-02-28 23:44:33,-121.4194049,47.4106066
Car-1,2009-02-28 23:44:35,-121.4194299,47.4106183
Car-1,2009-02-28 23:44:37,-121.4194649,47.41062
Car-1,2009-02-28 23:44:39,-121.419525,47.4106249
Car-1,2009-02-28 23:44:41,-121.4195633,47.4106283
Car-1,2009-02-28 23:44:43,-121.4196033,47.4106183
Car-1,2009-02-28 23:44:45,-121.4196466,47.4106333
Car-1,2009-02-28 23:44:49,-121.419665,47.41058
Car-1,2009-02-28 23:44:51,-121.4196216,47.4105399
Car-1,2009-02-28 23:44:55,-121.4195099,47.4104649
Car-1,2009-02-28 23:44:59,-121.4193783,47.4103633
Car-1,2009-02-28 23:45:03,-121.419205,47.4104316
Car-1,2009-02-28 23:45:07,-121.4190916,47.4105033
Car-1,2009-02-28 23:45:11,-121.4189416,47.4105616
Car-1,2009-02-28 23:45:15,-121.4187799,47.4105383
Car-1,2009-02-28 23:45:19,-121.41872,47.4106383
Car-1,2009-02-28 23:45:23,-121.4185483,47.4106533
Car-1,2009-02-28 23:45:27,-121.4184366,47.4105249
Car-1,2009-02-28 23:45:31,-121.4182533,47.4104366
Car-1,2009-02-28 23:45:35,-121.4180866,47.4105399
Car-1,2009-02-28 23:45:39,-121.4179466,47.4105749
Car-1,2009-02-28 23:45:43,-121.4178966,47.4104649
Car-1,2009-02-28 23:45:47,-121.41776,47.4103383
Car-1,2009-02-28 23:45:51,-121.4175983,47.4103999
Car-1,2009-02-28 23:45:55,-121.4173349,47.4104866
Car-1,2009-02-28 23:45:59,-121.4172666,47.4103216
Car-1,2009-02-28 23:46:03,-121.4170516,47.4102733
Car-1,2009-02-28 23:46:07,-121.4168199,47.4103183
Car-1,2009-02-28 23:46:11,-121.4165749,47.4102416
Car-1,2009-02-28 23:46:15,-121.4161916,47.4101199
Car-1,2009-02-28 23:46:19,-121.4158649,47.4101766
Car-1,2009-02-28 23:46:23,-121.4154999,47.4102316
Car-1,2009-02-28 23:46:27,-121.4153799,47.4101583
Car-1,2009-02-28 23:46:31,-121.4151849,47.4099099
Car-1,2009-02-28 23:46:35,-121.4150049,47.4099799
Car-1,2009-02-28 23:46:39,-121.4148816,47.4098816
Car-1,2009-02-28 23:46:43,-121.4145599,47.4097133
Car-1,2009-02-28 23:46:47,-121.4142116,47.4097066
Car-1,2009-02-28 23:46:51,-121.4139949,47.4097783
Car-1,2009-02-28 23:46:55,-121.4138983,47.4097766
Car-1,2009-02-28 23:46:57,-121.4138749,47.409765
Car-1,2009-02-28 23:47:01,-121.4138899,47.4097683
Car-1,2009-02-28 23:47:32,-121.4138899,47.4097683
Car-1,2009-02-28 23:47:34,-121.413885,47.4097749
Car-1,2009-02-28 23:47:53,-121.4138733,47.4097749
Car-1,2009-02-28 23:48:00,-121.4138733,47.4097749
Car-1,2009-02-28 23:48:02,-121.4138733,47.4097749
Car-1,2009-02-28 23:48:04,-121.4138833,47.4097766
Car-1,2009-02-28 23:48:06,-121.4138949,47.4097783
Car-1,2009-02-28 23:48:08,-121.4139033,47.4097716
Car-1,2009-02-28 23:48:10,-121.4139016,47.4097733
Car-1,2009-02-28 23:48:12,-121.4138883,47.4097783
Car-1,2009-02-28 23:48:15,-121.4139216,47.4098883
Car-1,2009-02-28 23:48:18,-121.4139333,47.4099183
Car-1,2009-02-28 23:48:20,-121.4139316,47.40992
Car-1,2009-02-28 23:48:22,-121.4139166,47.40994
Car-1,2009-02-28 23:48:24,-121.413915,47.409905
Car-1,2009-02-28 23:48:30,-121.4139283,47.4099033
Car-1,2009-02-28 23:48:32,-121.4139433,47.409885
Car-1,2009-02-28 23:48:34,-121.4140233,47.4098266
Car-1,2009-02-28 23:48:38,-121.4140999,47.4098166
Car-1,2009-02-28 23:48:40,-121.4141366,47.4098333
Car-1,2009-02-28 23:48:44,-121.4142366,47.409865
Car-1,2009-02-28 23:48:46,-121.4142883,47.409865
Car-1,2009-02-28 23:48:50,-121.4143833,47.4098916
Car-1,2009-02-28 23:48:54,-121.414495,47.4098966
Car-1,2009-02-28 23:48:58,-121.4146033,47.4099016
Car-1,2009-02-28 23:49:02,-121.4146916,47.4099216
Car-1,2009-02-28 23:49:06,-121.4147233,47.4099366
Car-1,2009-02-28 23:49:08,-121.4147666,47.4099516
Car-1,2009-02-28 23:49:10,-121.4147983,47.4099616
Car-1,2009-02-28 23:49:12,-121.41484,47.4099649
Car-1,2009-02-28 23:49:14,-121.4148833,47.40997
Car-1,2009-02-28 23:49:16,-121.4149233,47.4099816
Car-1,2009-02-28 23:49:18,-121.4149699,47.4099883
Car-1,2009-02-28 23:49:20,-121.4150049,47.4099916
Car-1,2009-02-28 23:49:22,-121.4150266,47.4099949
Car-1,2009-02-28 23:49:24,-121.4150649,47.4100016
Car-1,2009-02-28 23:49:26,-121.4151083,47.4100083
Car-1,2009-02-28 23:49:28,-121.4151483,47.4100166
Car-1,2009-02-28 23:49:30,-121.4152016,47.4100283
Car-1,2009-02-28 23:49:32,-121.415245,47.4100366
Car-1,2009-02-28 23:49:36,-121.415335,47.4100466
Car-1,2009-02-28 23:49:38,-121.4153799,47.4100499
Car-1,2009-02-28 23:49:42,-121.4154849,47.4100649
Car-1,2009-02-28 23:49:44,-121.415525,47.4100699
Car-1,2009-02-28 23:49:46,-121.4155649,47.4100766
Car-1,2009-02-28 23:49:48,-121.4156066,47.4100816
Car-1,2009-02-28 23:49:50,-121.4156466,47.4100899
Car-1,2009-02-28 23:49:52,-121.4156883,47.4100966
Car-1,2009-02-28 23:49:54,-121.4157333,47.4101033
Car-1,2009-02-28 23:49:56,-121.4157733,47.4101083
Car-1,2009-02-28 23:49:58,-121.4158216,47.410115
Car-1,2009-02-28 23:50:00,-121.4158733,47.4101216
Car-1,2009-02-28 23:50:04,-121.415975,47.4101316
Car-1,2009-02-28 23:50:06,-121.4160216,47.4101349
Car-1,2009-02-28 23:50:08,-121.4160483,47.4101383
Car-1,2009-02-28 23:50:10,-121.41608,47.4101433
Car-1,2009-02-28 23:50:12,-121.4161133,47.4101483
Car-1,2009-02-28 23:50:14,-121.4161433,47.4101549
Car-1,2009-02-28 23:50:16,-121.4161716,47.4101616
Car-1,2009-02-28 23:50:18,-121.4162016,47.4101666
Car-1,2009-02-28 23:50:20,-121.4162283,47.4101716
Car-1,2009-02-28 23:50:22,-121.416255,47.4101749
Car-1,2009-02-28 23:50:24,-121.4162833,47.4101783
Car-1,2009-02-28 23:50:26,-121.4163116,47.4101866
Car-1,2009-02-28 23:50:28,-121.4163366,47.4101899
Car-1,2009-02-28 23:50:30,-121.4163783,47.4101983
Car-1,2009-02-28 23:50:34,-121.4164599,47.4102099
Car-1,2009-02-28 23:50:36,-121.4165033,47.4102166
Car-1,2009-02-28 23:50:38,-121.4165383,47.41022
Car-1,2009-02-28 23:50:40,-121.4165883,47.4102266
Car-1,2009-02-28 23:50:42,-121.4166266,47.4102266
Car-1,2009-02-28 23:50:44,-121.4166766,47.4102266
Car-1,2009-02-28 23:50:48,-121.4167749,47.4102316
Car-1,2009-02-28 23:50:52,-121.4168666,47.4102633
Car-1,2009-02-28 23:50:56,-121.4169516,47.4102649
Car-1,2009-02-28 23:51:00,-121.4170333,47.41027
Car-1,2009-02-28 23:51:02,-121.41706,47.4102666
Car-1,2009-02-28 23:51:04,-121.4170866,47.4102666
Car-1,2009-02-28 23:51:06,-121.4171166,47.4102649
Car-1,2009-02-28 23:51:08,-121.4171433,47.4102649
Car-1,2009-02-28 23:51:10,-121.4171766,47.4102666
Car-1,2009-02-28 23:51:12,-121.4172183,47.41027
Car-1,2009-02-28 23:51:14,-121.4172599,47.4102733
Car-1,2009-02-28 23:51:16,-121.4173016,47.4102766
Car-1,2009-02-28 23:51:18,-121.4173483,47.4102816
Car-1,2009-02-28 23:51:20,-121.4173999,47.4102899
Car-1,2009-02-28 23:51:22,-121.4174483,47.4103016
Car-1,2009-02-28 23:51:24,-121.4175049,47.4103116
Car-1,2009-02-28 23:51:26,-121.41757,47.4103249
Car-1,2009-02-28 23:51:28,-121.4176266,47.4103383
Car-1,2009-02-28 23:51:30,-121.4176849,47.4103533
Car-1,2009-02-28 23:51:32,-121.4177333,47.4103666
Car-1,2009-02-28 23:51:34,-121.4177849,47.4103766
Car-1,2009-02-28 23:51:36,-121.4178383,47.4103866
Car-1,2009-02-28 23:51:38,-121.4178883,47.4103983
Car-1,2009-02-28 23:51:40,-121.4179283,47.4104049
Car-1,2009-02-28 23:51:42,-121.41797,47.41041
Car-1,2009-02-28 23:51:44,-121.4179966,47.4104116
Car-1,2009-02-28 23:51:46,-121.4180366,47.4104199
Car-1,2009-02-28 23:51:48,-121.4180566,47.4104216
Car-1,2009-02-28 23:51:50,-121.4180833,47.4104233
Car-1,2009-02-28 23:51:52,-121.4181166,47.4104266
Car-1,2009-02-28 23:51:54,-121.4181566,47.4104316
Car-1,2009-02-28 23:51:56,-121.4181899,47.4104333
Car-1,2009-02-28 23:51:58,-121.4182316,47.4104383
Car-1,2009-02-28 23:52:00,-121.4182766,47.4104433
Car-1,2009-02-28 23:52:02,-121.4183166,47.4104466
Car-1,2009-02-28 23:52:04,-121.4183583,47.4104516
Car-1,2009-02-28 23:52:06,-121.4183916,47.4104549
Car-1,2009-02-28 23:52:08,-121.418425,47.4104566
Car-1,2009-02-28 23:52:10,-121.4184699,47.4104633
Car-1,2009-02-28 23:52:12,-121.4185199,47.4104716
Car-1,2009-02-28 23:52:14,-121.4185533,47.4104699
Car-1,2009-02-28 23:52:16,-121.4185899,47.410475
Car-1,2009-02-28 23:52:18,-121.4186233,47.4104766
Car-1,2009-02-28 23:52:20,-121.4186666,47.4104816
Car-1,2009-02-28 23:52:22,-121.4187033,47.4104866
Car-1,2009-02-28 23:52:24,-121.4187399,47.4104916
Car-1,2009-02-28 23:52:26,-121.4187749,47.410495
Car-1,2009-02-28 23:52:28,-121.4188066,47.4104999
Car-1,2009-02-28 23:52:30,-121.41884,47.4105033
Car-1,2009-02-28 23:52:32,-121.4188649,47.4105049
Car-1,2009-02-28 23:52:34,-121.4189016,47.4105083
Car-1,2009-02-28 23:52:36,-121.418995,47.4105166
Car-1,2009-02-28 23:52:38,-121.4190683,47.4105216
Car-1,2009-02-28 23:52:40,-121.4191149,47.4105183
Car-1,2009-02-28 23:52:42,-121.4192516,47.4106049
Car-1,2009-02-28 23:52:44,-121.4192999,47.410615
Car-1,2009-02-28 23:52:46,-121.4193383,47.4106133
Car-1,2009-02-28 23:52:48,-121.4193783,47.4106099
Car-1,2009-02-28 23:52:50,-121.4194216,47.4106083
Car-1,2009-02-28 23:52:52,-121.4195083,47.4106133
Car-1,2009-02-28 23:52:54,-121.4195716,47.4106099
Car-1,2009-02-28 23:52:56,-121.4196033,47.4106366
Car-1,2009-02-28 23:52:58,-121.41963,47.4106399
Car-1,2009-02-28 23:53:00,-121.4196533,47.4106366
Car-1,2009-02-28 23:53:02,-121.4196733,47.4106583
Car-1,2009-02-28 23:53:04,-121.4197216,47.4106666
Car-1,2009-02-28 23:53:06,-121.41975,47.4106816
Car-1,2009-02-28 23:53:08,-121.4197666,47.4106966
Car-1,2009-02-28 23:53:10,-121.4197666,47.4107216
Car-1,2009-02-28 23:53:12,-121.419785,47.4107516
Car-1,2009-02-28 23:53:14,-121.4197949,47.4108333
Car-1,2009-02-28 23:53:18,-121.4197399,47.4109549
Car-1,2009-02-28 23:53:22,-121.4195999,47.4110833
Car-1,2009-02-28 23:53:26,-121.41954,47.4112599
Car-1,2009-02-28 23:53:30,-121.4195299,47.4113233
Car-1,2009-02-28 23:53:32,-121.4195149,47.4113416
Car-1,2009-02-28 23:53:34,-121.4195166,47.4113416
Car-1,2009-02-28 23:53:36,-121.4195099,47.4113466
Car-1,2009-02-28 23:53:38,-121.4194999,47.4113666
Car-1,2009-02-28 23:53:40,-121.4194616,47.4114383
Car-1,2009-02-28 23:53:44,-121.4193466,47.4115699
Car-1,2009-02-28 23:53:48,-121.4193033,47.4116399
Car-1,2009-02-28 23:53:50,-121.4192566,47.4116399
Car-1,2009-02-28 23:53:54,-121.4192016,47.4115916
Car-1,2009-02-28 23:53:56,-121.4191416,47.4115416
Car-1,2009-02-28 23:54:00,-121.4189683,47.4114833
Car-1,2009-02-28 23:54:04,-121.4187916,47.4113899
Car-1,2009-02-28 23:54:08,-121.4186099,47.4113966
Car-1,2009-02-28 23:54:12,-121.4184883,47.41154
Car-1,2009-02-28 23:54:14,-121.4184316,47.4115349
Car-1,2009-02-28 23:54:16,-121.4184149,47.4115283
Car-1,2009-02-28 23:54:18,-121.4184133,47.4115199
Car-1,2009-02-28 23:54:48,-121.4184033,47.4115233
Car-1,2009-02-28 23:54:53,-121.4184016,47.4115233
Car-1,2009-02-28 23:54:55,-121.4183933,47.4115216
Car-1,2009-02-28 23:54:57,-121.4183666,47.4115233
Car-1,2009-02-28 23:54:59,-121.4183533,47.4115283
Car-1,2009-02-28 23:55:01,-121.418315,47.4115233
Car-1,2009-02-28 23:55:03,-121.4182216,47.4115416
Car-1,2009-02-28 23:55:07,-121.4180483,47.4115633
Car-1,2009-02-28 23:55:11,-121.4179433,47.4115216
Car-1,2009-02-28 23:55:15,-121.4178916,47.4114433
Car-1,2009-02-28 23:55:17,-121.4178749,47.41142
Car-1,2009-02-28 23:55:19,-121.4178533,47.4113916
Car-1,2009-02-28 23:55:21,-121.41783,47.4113549
Car-1,2009-02-28 23:55:23,-121.41776,47.4113066
Car-1,2009-02-28 23:55:27,-121.4174983,47.41135
Car-1,2009-02-28 23:55:31,-121.4172483,47.4112899
Car-1,2009-02-28 23:55:35,-121.4170633,47.4113716
Car-1,2009-02-28 23:55:39,-121.4168666,47.4113933
Car-1,2009-02-28 23:55:43,-121.4165566,47.4113883
Car-1,2009-02-28 23:55:47,-121.4162316,47.4113599
Car-1,2009-02-28 23:55:52,-121.4160483,47.4111216
Car-1,2009-02-28 23:56:16,-121.4151966,47.41041
Car-1,2009-02-28 23:56:20,-121.4150983,47.4103083
Car-1,2009-02-28 23:56:24,-121.4150266,47.4102233
Car-1,2009-02-28 23:56:28,-121.4149399,47.4101266
Car-1,2009-02-28 23:56:32,-121.4149016,47.4100533
Car-1,2009-02-28 23:56:36,-121.4146916,47.4101133
Car-1,2009-02-28 23:56:41,-121.4144933,47.4100366
Car-1,2009-02-28 23:56:48,-121.4141433,47.4100133
Car-1,2009-02-28 23:56:52,-121.4140316,47.4100016
Car-1,2009-02-28 23:56:56,-121.4139599,47.4099849
Car-1,2009-02-28 23:56:58,-121.4139283,47.4099733
Car-1,2009-02-28 23:57:00,-121.4139183,47.40997
Car-1,2009-02-28 23:57:02,-121.4139133,47.4099633
Car-1,2009-02-28 23:57:04,-121.4139116,47.4099566
Car-1,2009-02-28 23:57:58,-121.4139116,47.4099566
Car-1,2009-02-28 23:58:00,-121.4139099,47.4099533
Car-1,2009-02-28 23:58:02,-121.4139216,47.4099499
Car-1,2009-02-28 23:58:12,-121.4139216,47.4099499
Car-1,2009-02-28 23:58:14,-121.4139233,47.4099483
Car-1,2009-02-28 23:58:42,-121.4139049,47.4099533
Car-1,2009-02-28 23:58:44,-121.4139233,47.4099466
Car-1,2009-02-28 23:58:46,-121.413915,47.4099433
Car-1,2009-02-28 23:58:48,-121.4139033,47.4099366
Car-1,2009-02-28 23:58:50,-121.4139,47.4099383
Car-1,2009-02-28 23:59:06,-121.4138983,47.4099466
Car-1,2009-02-28 23:59:08,-121.4139016,47.4099533
Car-1,2009-02-28 23:59:10,-121.4138983,47.4099633
Car-1,2009-02-28 23:59:12,-121.4139,47.4099649
Car-1,2009-02-28 23:59:14,-121.4139183,47.4099649
Car-1,2009-02-28 23:59:16,-121.4139733,47.4099583
Car-1,2009-02-28 23:59:18,-121.4140166,47.4099599
Car-1,2009-02-28 23:59:22,-121.4141216,47.4099483
Car-1,2009-02-28 23:59:24,-121.4141733,47.4099616
Car-1,2009-02-28 23:59:28,-121.4142683,47.4099766
Car-1,2009-02-28 23:59:31,-121.4143449,47.4099766
Car-1,2009-02-28 23:59:33,-121.4143883,47.4099766
Car-1,2009-02-28 23:59:37,-121.4144799,47.4099833
Car-1,2009-02-28 23:59:41,-121.4145633,47.4099883
Car-1,2009-02-28 23:59:44,-121.4146399,47.40999
Car-1,2009-02-28 23:59:46,-121.4146866,47.4099916
Car-1,2009-02-28 23:59:50,-121.4147783,47.4100066
Car-1,2009-02-28 23:59:52,-121.4148233,47.4100133
Car-1,2009-02-28 23:59:56,-121.4149133,47.410025
Car-1,2009-02-28 23:59:58,-121.4149549,47.410025
Car-1,2009-03-01 00:00:02,-121.4150383,47.4100299
Car-1,2009-03-01 00:00:04,-121.4150783,47.4100366
Car-1,2009-03-01 00:00:06,-121.4151166,47.4100466
Car-1,2009-03-01 00:00:08,-121.4151616,47.4100533
Car-1,2009-03-01 00:00:12,-121.4152483,47.4100666
Car-1,2009-03-01 00:00:14,-121.4152833,47.4100733
Car-1,2009-03-01 00:00:16,-121.4153133,47.4100783
Car-1,2009-03-01 00:00:18,-121.4153433,47.4100816
Car-1,2009-03-01 00:00:20,-121.4153749,47.4100866
Car-1,2009-03-01 00:00:22,-121.4154066,47.410095
Car-1,2009-03-01 00:00:24,-121.4154383,47.4100983
Car-1,2009-03-01 00:00:26,-121.41547,47.4101049
Car-1,2009-03-01 00:00:28,-121.4155016,47.4101116
Car-1,2009-03-01 00:00:30,-121.4155333,47.4101166
Car-1,2009-03-01 00:00:32,-121.4155633,47.4101216
Car-1,2009-03-01 00:00:34,-121.415595,47.4101266
Car-1,2009-03-01 00:00:36,-121.4156316,47.41013
Car-1,2009-03-01 00:00:40,-121.415715,47.4101333
Car-1,2009-03-01 00:00:44,-121.4158083,47.410145
Car-1,2009-03-01 00:00:48,-121.4158949,47.41015
Car-1,2009-03-01 00:00:52,-121.4159849,47.4101583
Car-1,2009-03-01 00:00:56,-121.4160699,47.4101683
Car-1,2009-03-01 00:01:00,-121.4161566,47.41018
Car-1,2009-03-01 00:01:04,-121.4162583,47.4101966
Car-1,2009-03-01 00:01:08,-121.4163366,47.4102033
Car-1,2009-03-01 00:01:12,-121.4164133,47.4102099
Car-1,2009-03-01 00:01:16,-121.4164966,47.4102266
Car-1,2009-03-01 00:01:20,-121.4165866,47.4102416
Car-1,2009-03-01 00:01:24,-121.4166766,47.4102583
Car-1,2009-03-01 00:01:28,-121.4167633,47.4102733
Car-1,2009-03-01 00:01:32,-121.4168466,47.4102883
Car-1,2009-03-01 00:01:36,-121.4169316,47.4103016
Car-1,2009-03-01 00:01:40,-121.4170183,47.4103149
Car-1,2009-03-01 00:01:44,-121.4171083,47.4103266
Car-1,2009-03-01 00:01:46,-121.41715,47.4103333
Car-1,2009-03-01 00:01:50,-121.417235,47.4103466
Car-1,2009-03-01 00:01:54,-121.41732,47.4103583
Car-1,2009-03-01 00:01:58,-121.4174033,47.4103716
Car-1,2009-03-01 00:02:00,-121.417445,47.4103783
Car-1,2009-03-01 00:02:04,-121.4175283,47.4103916
Car-1,2009-03-01 00:02:06,-121.41757,47.4103966
Car-1,2009-03-01 00:02:08,-121.4176116,47.4104033
Car-1,2009-03-01 00:02:10,-121.417655,47.41041
Car-1,2009-03-01 00:02:12,-121.4176966,47.4104149
Car-1,2009-03-01 00:02:14,-121.4177383,47.4104216
Car-1,2009-03-01 00:02:16,-121.4177799,47.4104266
Car-1,2009-03-01 00:02:20,-121.4178633,47.41044
Car-1,2009-03-01 00:02:22,-121.4179033,47.410445
Car-1,2009-03-01 00:02:43,-121.4179249,47.4104499
Car-1,2009-03-01 00:02:45,-121.4179416,47.4104533
Car-1,2009-03-01 00:02:47,-121.4179633,47.4104566
Car-1,2009-03-01 00:02:49,-121.4179949,47.41046
Car-1,2009-03-01 00:02:51,-121.4180249,47.4104649
Car-1,2009-03-01 00:02:53,-121.418055,47.4104683
Car-1,2009-03-01 00:02:55,-121.4180866,47.4104733
Car-1,2009-03-01 00:02:57,-121.4181166,47.4104783
Car-1,2009-03-01 00:02:59,-121.4181616,47.4104849
Car-1,2009-03-01 00:03:03,-121.418245,47.4104999
Car-1,2009-03-01 00:03:05,-121.4182866,47.4105083
Car-1,2009-03-01 00:03:07,-121.4183283,47.410515
Car-1,2009-03-01 00:03:11,-121.4184099,47.4105333
Car-1,2009-03-01 00:03:13,-121.4184499,47.4105416
Car-1,2009-03-01 00:03:17,-121.4185333,47.4105599
Car-1,2009-03-01 00:03:19,-121.4185766,47.4105683
Car-1,2009-03-01 00:03:21,-121.4186166,47.4105749
Car-1,2009-03-01 00:03:23,-121.4186583,47.4105816
Car-1,2009-03-01 00:03:27,-121.4187433,47.4105949
Car-1,2009-03-01 00:03:29,-121.418785,47.4106016
Car-1,2009-03-01 00:03:31,-121.4188283,47.4106066
Car-1,2009-03-01 00:03:33,-121.4188766,47.4106233
Car-1,2009-03-01 00:03:35,-121.4189233,47.4106283
Car-1,2009-03-01 00:03:37,-121.4189683,47.4106333
Car-1,2009-03-01 00:03:39,-121.419015,47.4106399
Car-1,2009-03-01 00:03:41,-121.4190666,47.410655
Car-1,2009-03-01 00:03:45,-121.4191716,47.4106716
Car-1,2009-03-01 00:03:47,-121.4192516,47.4107116
Car-1,2009-03-01 00:03:51,-121.4193433,47.41072
Car-1,2009-03-01 00:03:53,-121.4193933,47.4107433
Car-1,2009-03-01 00:03:55,-121.4194333,47.4107383
Car-1,2009-03-01 00:03:57,-121.4194533,47.4107283
Car-1,2009-03-01 00:03:59,-121.4194766,47.410725
Car-1,2009-03-01 00:04:01,-121.4195233,47.4106883
Car-1,2009-03-01 00:04:03,-121.41956,47.4106866
Car-1,2009-03-01 00:04:06,-121.4196266,47.41069
Car-1,2009-03-01 00:04:08,-121.419645,47.410755
Car-1,2009-03-01 00:04:12,-121.4196266,47.4108399
Car-1,2009-03-01 00:04:18,-121.4196399,47.41086
Car-1,2009-03-01 00:04:20,-121.4196399,47.4108716
Car-1,2009-03-01 00:04:29,-121.4196616,47.4108783
Car-1,2009-03-01 00:04:31,-121.4196733,47.4108783
Car-1,2009-03-01 00:04:33,-121.4196849,47.4108866
Car-1,2009-03-01 00:04:35,-121.4196833,47.4108983
Car-1,2009-03-01 00:04:37,-121.4196699,47.4109199
Car-1,2009-03-01 00:04:39,-121.4196233,47.4108849
Car-1,2009-03-01 00:04:41,-121.4195999,47.4108899
Car-1,2009-03-01 00:04:43,-121.4195699,47.4108899
Car-1,2009-03-01 00:04:45,-121.4195449,47.41088
Car-1,2009-03-01 00:04:47,-121.4195116,47.410865
Car-1,2009-03-01 00:04:49,-121.4194966,47.4108483
Car-1,2009-03-01 00:04:51,-121.4194799,47.4108283
Car-1,2009-03-01 00:04:53,-121.4194716,47.41081
Car-1,2009-03-01 00:04:55,-121.4193933,47.4108066
Car-1,2009-03-01 00:04:59,-121.4192616,47.4109049
Car-1,2009-03-01 00:05:03,-121.4190683,47.4108983
Car-1,2009-03-01 00:05:07,-121.4189033,47.4109583
Car-1,2009-03-01 00:05:11,-121.41891,47.4111033
Car-1,2009-03-01 00:05:15,-121.4188716,47.4111699
Car-1,2009-03-01 00:05:19,-121.4187049,47.4111616
Car-1,2009-03-01 00:05:23,-121.4184583,47.41121
Car-1,2009-03-01 00:05:27,-121.4183233,47.4111699
Car-1,2009-03-01 00:05:31,-121.4182083,47.4110383
Car-1,2009-03-01 00:05:35,-121.4180466,47.4109116
Car-1,2009-03-01 00:05:39,-121.4179033,47.4107166
Car-1,2009-03-01 00:05:43,-121.4176116,47.4106599
Car-1,2009-03-01 00:05:47,-121.4173033,47.4105066
Car-1,2009-03-01 00:05:51,-121.4169483,47.4103766
Car-1,2009-03-01 00:05:55,-121.4165233,47.4102316
Car-1,2009-03-01 00:06:01,-121.4161283,47.4101633
Car-1,2009-03-01 00:06:05,-121.4161649,47.4101549
Car-1,2009-03-01 00:06:07,-121.4161449,47.410215
Car-1,2009-03-01 00:06:09,-121.416085,47.4102066
Car-1,2009-03-01 00:06:13,-121.4159199,47.4101583
Car-1,2009-03-01 00:06:17,-121.41573,47.4100433
Car-1,2009-03-01 00:06:21,-121.4154833,47.4099166
Car-1,2009-03-01 00:06:25,-121.4152183,47.4099316
Car-1,2009-03-01 00:06:29,-121.4149866,47.4098799
Car-1,2009-03-01 00:06:33,-121.4146966,47.4098633
Car-1,2009-03-01 00:06:37,-121.4148916,47.4095949
Car-1,2009-03-01 00:06:41,-121.4146983,47.4095883
Car-1,2009-03-01 00:06:43,-121.4145383,47.4096383
Car-1,2009-03-01 00:06:47,-121.4142816,47.4097083
Car-1,2009-03-01 00:14:23,-121.4144866,47.4099299
Car-1,2009-03-01 00:14:27,-121.4145633,47.4099366
Car-1,2009-03-01 00:14:29,-121.4146033,47.4099366
Car-1,2009-03-01 00:14:33,-121.4146966,47.4099516
Car-1,2009-03-01 00:14:35,-121.4147366,47.4099599
Car-1,2009-03-01 00:14:39,-121.4148066,47.4099733
Car-1,2009-03-01 00:14:43,-121.4148716,47.4099783
Car-1,2009-03-01 00:14:45,-121.41491,47.4099816
Car-1,2009-03-01 00:14:47,-121.41495,47.4099883
Car-1,2009-03-01 00:14:51,-121.4150216,47.4100133
Car-1,2009-03-01 00:14:55,-121.41509,47.4100199
Car-1,2009-03-01 00:14:57,-121.4151333,47.4100283
Car-1,2009-03-01 00:14:59,-121.415175,47.410045
Car-1,2009-03-01 00:15:03,-121.4152699,47.410075
Car-1,2009-03-01 00:15:07,-121.4153683,47.4100883
Car-1,2009-03-01 00:15:09,-121.4154149,47.4100983
Car-1,2009-03-01 00:15:11,-121.4154649,47.4101166
Car-1,2009-03-01 00:15:15,-121.4155416,47.4101549
Car-1,2009-03-01 00:15:17,-121.415575,47.4101683
Car-1,2009-03-01 00:15:21,-121.4156516,47.4102183
Car-1,2009-03-01 00:15:25,-121.4157266,47.41022
Car-1,2009-03-01 00:15:29,-121.4158133,47.4102416
Car-1,2009-03-01 00:15:31,-121.4158666,47.41025
Car-1,2009-03-01 00:15:35,-121.4159633,47.4102666
Car-1,2009-03-01 00:15:39,-121.416045,47.4102666
Car-1,2009-03-01 00:15:43,-121.4161216,47.4102599
Car-1,2009-03-01 00:15:45,-121.4161666,47.4102633
Car-1,2009-03-01 00:15:47,-121.4162099,47.41027
Car-1,2009-03-01 00:15:51,-121.41629,47.4102716
Car-1,2009-03-01 00:15:53,-121.4163333,47.4102716
Car-1,2009-03-01 00:15:55,-121.4163749,47.4102766
Car-1,2009-03-01 00:15:59,-121.4164633,47.4102516
Car-1,2009-03-01 00:16:01,-121.4165033,47.4102466
Car-1,2009-03-01 00:16:05,-121.4165799,47.4102516
Car-1,2009-03-01 00:16:09,-121.4166466,47.4102866
Car-1,2009-03-01 00:16:11,-121.4166783,47.4103166
Car-1,2009-03-01 00:16:15,-121.4167699,47.4103316
Car-1,2009-03-01 00:16:17,-121.4168183,47.41034
Car-1,2009-03-01 00:16:19,-121.4168633,47.410355
Car-1,2009-03-01 00:16:21,-121.4169016,47.4103816
Car-1,2009-03-01 00:16:23,-121.4169533,47.4103916
Car-1,2009-03-01 00:16:25,-121.4170133,47.4104049
Car-1,2009-03-01 00:16:27,-121.4170683,47.4103949
Car-1,2009-03-01 00:16:29,-121.4171233,47.4103733
Car-1,2009-03-01 00:16:31,-121.417165,47.4103699
Car-1,2009-03-01 00:16:33,-121.4172,47.410375
Car-1,2009-03-01 00:16:35,-121.4172449,47.4103783
Car-1,2009-03-01 00:16:37,-121.4172683,47.4103849
Car-1,2009-03-01 00:16:39,-121.4173133,47.4103683
Car-1,2009-03-01 00:16:41,-121.41734,47.4103783
Car-1,2009-03-01 00:16:43,-121.4173883,47.4103733
Car-1,2009-03-01 00:16:45,-121.4174433,47.4103449
Car-1,2009-03-01 00:16:47,-121.4174816,47.4103483
Car-1,2009-03-01 00:16:49,-121.4175099,47.4103766
Car-1,2009-03-01 00:16:51,-121.4175616,47.4103866
Car-1,2009-03-01 00:16:53,-121.4175983,47.4104033
Car-1,2009-03-01 00:16:55,-121.4176416,47.4104149
Car-1,2009-03-01 00:16:57,-121.4177016,47.4104199
Car-1,2009-03-01 00:16:59,-121.4177533,47.4104233
Car-1,2009-03-01 00:17:01,-121.4178116,47.4104183
Car-1,2009-03-01 00:17:03,-121.41786,47.4104183
Car-1,2009-03-01 00:17:05,-121.4179116,47.4104216
Car-1,2009-03-01 00:17:07,-121.4179566,47.4104299
Car-1,2009-03-01 00:17:09,-121.4179966,47.41044
Car-1,2009-03-01 00:17:11,-121.4180299,47.4104499
Car-1,2009-03-01 00:17:13,-121.4180649,47.4104583
Car-1,2009-03-01 00:17:17,-121.4181566,47.4104616
Car-1,2009-03-01 00:17:19,-121.4182033,47.4104616
Car-1,2009-03-01 00:17:21,-121.4182516,47.4104633
Car-1,2009-03-01 00:17:23,-121.4182883,47.4104699
Car-1,2009-03-01 00:17:25,-121.4183099,47.4104849
Car-1,2009-03-01 00:17:27,-121.4183216,47.4105016
Car-1,2009-03-01 00:17:29,-121.418355,47.4105166
Car-1,2009-03-01 00:17:31,-121.4183966,47.4105283
Car-1,2009-03-01 00:17:33,-121.41844,47.4105366
Car-1,2009-03-01 00:17:35,-121.4184766,47.410545
Car-1,2009-03-01 00:17:37,-121.4185183,47.41055
Car-1,2009-03-01 00:17:39,-121.41856,47.4105549
Car-1,2009-03-01 00:17:41,-121.4186133,47.4105549
Car-1,2009-03-01 00:17:43,-121.418665,47.4105549
Car-1,2009-03-01 00:17:45,-121.41872,47.4105583
Car-1,2009-03-01 00:17:49,-121.4188133,47.410565
Car-1,2009-03-01 00:17:51,-121.4188633,47.4105683
Car-1,2009-03-01 00:17:55,-121.4189583,47.4105783
Car-1,2009-03-01 00:17:57,-121.4189983,47.4105883
Car-1,2009-03-01 00:17:59,-121.4190433,47.4105949
Car-1,2009-03-01 00:18:01,-121.4190799,47.4106066
Car-1,2009-03-01 00:18:03,-121.4191066,47.41062
Car-1,2009-03-01 00:18:05,-121.419135,47.410635
Car-1,2009-03-01 00:18:07,-121.4191633,47.4106483
Car-1,2009-03-01 00:18:09,-121.4191966,47.4106583
Car-1,2009-03-01 00:18:13,-121.41928,47.4106616
Car-1,2009-03-01 00:18:15,-121.4193133,47.4106683
Car-1,2009-03-01 00:18:17,-121.4193866,47.4106783
Car-1,2009-03-01 00:18:19,-121.4194299,47.4106783
Car-1,2009-03-01 00:18:22,-121.4194683,47.4106649
Car-1,2009-03-01 00:18:40,-121.4194816,47.4106566
Car-1,2009-03-01 00:18:42,-121.4194949,47.4106566
Car-1,2009-03-01 00:18:44,-121.4195166,47.4106533
Car-1,2009-03-01 00:18:46,-121.4195333,47.4106599
Car-1,2009-03-01 00:18:48,-121.4195683,47.4106749
Car-1,2009-03-01 00:18:50,-121.4196149,47.4107366
Car-1,2009-03-01 00:18:52,-121.4196516,47.410775
Car-1,2009-03-01 00:18:56,-121.4196316,47.41086
Car-1,2009-03-01 00:18:59,-121.4196316,47.4108766
Car-1,2009-03-01 00:19:05,-121.4196316,47.4108883
Car-1,2009-03-01 00:19:07,-121.4196199,47.4108933
Car-1,2009-03-01 00:19:10,-121.4196199,47.4108933
Car-1,2009-03-01 00:19:12,-121.4196183,47.410895
Car-1,2009-03-01 00:19:14,-121.4196049,47.4108916
Car-1,2009-03-01 00:19:16,-121.41959,47.4108849
Car-1,2009-03-01 00:19:18,-121.4195816,47.4108766
Car-1,2009-03-01 00:19:20,-121.4195699,47.4108733
Car-1,2009-03-01 00:19:34,-121.4195849,47.4108699
Car-1,2009-03-01 00:19:37,-121.4195783,47.4108616
Car-1,2009-03-01 00:19:39,-121.419575,47.4108549
Car-1,2009-03-01 00:20:31,-121.419575,47.4108549
Car-1,2009-03-01 00:20:33,-121.4195716,47.4108583
Car-1,2009-03-01 00:20:37,-121.4194133,47.4109283
Car-1,2009-03-01 00:20:41,-121.4192083,47.4109183
Car-1,2009-03-01 00:20:45,-121.4190333,47.4110183
Car-1,2009-03-01 00:20:49,-121.4187566,47.4110683
Car-1,2009-03-01 00:20:53,-121.4185149,47.4111033
Car-1,2009-03-01 00:20:57,-121.4182949,47.4112416
Car-1,2009-03-01 00:21:01,-121.4181149,47.4112283
Car-1,2009-03-01 00:21:05,-121.41793,47.41107
Car-1,2009-03-01 00:21:09,-121.4177483,47.4110016
Car-1,2009-03-01 00:21:13,-121.4175449,47.4110433
Car-1,2009-03-01 00:21:17,-121.4174216,47.4110233
Car-1,2009-03-01 00:21:21,-121.41741,47.4109099
Car-1,2009-03-01 00:21:25,-121.417325,47.4108066
Car-1,2009-03-01 00:21:29,-121.4172033,47.4108666
Car-1,2009-03-01 00:21:33,-121.4170916,47.4109216
Car-1,2009-03-01 00:21:37,-121.4169649,47.4109099
Car-1,2009-03-01 00:21:41,-121.4169183,47.4108233
Car-1,2009-03-01 00:21:45,-121.416815,47.4106933
Car-1,2009-03-01 00:21:49,-121.4166549,47.4104933
Car-1,2009-03-01 00:21:53,-121.416505,47.4102799
Car-1,2009-03-01 00:21:57,-121.4162283,47.4102483
Car-1,2009-03-01 00:22:01,-121.4159183,47.4102299
Car-1,2009-03-01 00:22:05,-121.4157749,47.4101116
Car-1,2009-03-01 00:22:09,-121.4155933,47.4099733
Car-1,2009-03-01 00:22:13,-121.4154533,47.4098416
Car-1,2009-03-01 00:22:17,-121.4152466,47.4097833
Car-1,2009-03-01 00:22:21,-121.4150733,47.4098283
Car-1,2009-03-01 00:22:25,-121.4149899,47.4098883
Car-1,2009-03-01 00:22:29,-121.4148466,47.4098899
Car-1,2009-03-01 00:22:33,-121.4146316,47.4098916
Car-1,2009-03-01 00:22:37,-121.4144533,47.4098399
Car-1,2009-03-01 00:22:41,-121.4141699,47.4098033
Car-1,2009-03-01 00:22:45,-121.4140533,47.4098116
Car-1,2009-03-01 00:27:25,-121.4143966,47.4098933
Car-1,2009-03-01 00:27:27,-121.4144333,47.4099033
Car-1,2009-03-01 00:27:31,-121.4144833,47.4099416
Car-1,2009-03-01 00:27:33,-121.4145266,47.4099516
Car-1,2009-03-01 00:27:37,-121.4146116,47.4099583
Car-1,2009-03-01 00:27:39,-121.4146399,47.4099583
Car-1,2009-03-01 00:27:43,-121.4147099,47.4099533
Car-1,2009-03-01 00:27:47,-121.4148149,47.4099683
Car-1,2009-03-01 00:27:49,-121.4148699,47.4099766
Car-1,2009-03-01 00:27:56,-121.4149066,47.4099849
Car-1,2009-03-01 00:27:58,-121.4149083,47.4099849
Car-1,2009-03-01 00:28:01,-121.4149116,47.4099849
Car-1,2009-03-01 00:28:09,-121.4149116,47.4099849
Car-1,2009-03-01 00:28:11,-121.4149083,47.4099833
Car-1,2009-03-01 00:28:13,-121.4149249,47.4099849
Car-1,2009-03-01 00:28:15,-121.4149383,47.4099883
Car-1,2009-03-01 00:28:17,-121.4149583,47.40999
Car-1,2009-03-01 00:28:19,-121.4149733,47.4099916
Car-1,2009-03-01 00:28:21,-121.4149949,47.4099949
Car-1,2009-03-01 00:28:23,-121.4150216,47.4099983
Car-1,2009-03-01 00:28:25,-121.4150516,47.4100016
Car-1,2009-03-01 00:28:29,-121.4151449,47.4100183
Car-1,2009-03-01 00:28:33,-121.4152283,47.4100283
Car-1,2009-03-01 00:28:35,-121.4152699,47.4100333
Car-1,2009-03-01 00:28:39,-121.4153366,47.4100549
Car-1,2009-03-01 00:28:41,-121.415365,47.4100683
Car-1,2009-03-01 00:28:43,-121.4154033,47.4100766
Car-1,2009-03-01 00:28:45,-121.4154499,47.4100849
Car-1,2009-03-01 00:28:47,-121.4154933,47.4100899
Car-1,2009-03-01 00:28:49,-121.4155366,47.4100966
Car-1,2009-03-01 00:28:51,-121.4155833,47.4101033
Car-1,2009-03-01 00:28:53,-121.4156233,47.4101083
Car-1,2009-03-01 00:28:55,-121.4156699,47.4101133
Car-1,2009-03-01 00:28:57,-121.4157083,47.4101199
Car-1,2009-03-01 00:28:59,-121.4157566,47.4101283
Car-1,2009-03-01 00:29:01,-121.4158033,47.4101366
Car-1,2009-03-01 00:29:05,-121.4158866,47.41015
Car-1,2009-03-01 00:29:07,-121.4159283,47.4101566
Car-1,2009-03-01 00:29:09,-121.4159716,47.4101633
Car-1,2009-03-01 00:29:13,-121.4160583,47.4101749
Car-1,2009-03-01 00:29:17,-121.4161383,47.4101966
Car-1,2009-03-01 00:29:21,-121.4162183,47.410215
Car-1,2009-03-01 00:29:23,-121.41626,47.4102216
Car-1,2009-03-01 00:29:25,-121.4163016,47.4102283
Car-1,2009-03-01 00:29:27,-121.4163466,47.4102333
Car-1,2009-03-01 00:29:31,-121.4164383,47.41025
Car-1,2009-03-01 00:29:33,-121.4164816,47.4102549
Car-1,2009-03-01 00:29:35,-121.4165216,47.4102633
Car-1,2009-03-01 00:29:37,-121.4165633,47.4102716
Car-1,2009-03-01 00:29:41,-121.4166499,47.4102899
Car-1,2009-03-01 00:29:43,-121.4166966,47.4102966
Car-1,2009-03-01 00:29:45,-121.4167399,47.4103033
Car-1,2009-03-01 00:29:49,-121.41683,47.4103166
Car-1,2009-03-01 00:29:53,-121.4169233,47.4103333
Car-1,2009-03-01 00:29:57,-121.4170166,47.4103433
Car-1,2009-03-01 00:30:01,-121.4171049,47.4103533
Car-1,2009-03-01 00:30:05,-121.4171866,47.4103683
Car-1,2009-03-01 00:30:09,-121.4172616,47.4103816
Car-1,2009-03-01 00:30:13,-121.4173449,47.4103949
Car-1,2009-03-01 00:30:15,-121.4173883,47.4103999
Car-1,2009-03-01 00:30:19,-121.4174699,47.4104133
Car-1,2009-03-01 00:30:23,-121.41755,47.4104266
Car-1,2009-03-01 00:30:25,-121.4175899,47.4104316
Car-1,2009-03-01 00:30:27,-121.4176299,47.4104366
Car-1,2009-03-01 00:30:29,-121.4176716,47.4104433
Car-1,2009-03-01 00:30:31,-121.41772,47.4104483
Car-1,2009-03-01 00:30:35,-121.4178049,47.41046
Car-1,2009-03-01 00:30:37,-121.4178483,47.4104666
Car-1,2009-03-01 00:30:39,-121.4178933,47.4104733
Car-1,2009-03-01 00:30:43,-121.4179749,47.4104866
Car-1,2009-03-01 00:30:47,-121.418055,47.410495
Car-1,2009-03-01 00:30:49,-121.4180733,47.410495
Car-1,2009-03-01 00:30:51,-121.4180799,47.4104916
Car-1,2009-03-01 00:30:53,-121.4180833,47.4104883
Car-1,2009-03-01 00:30:55,-121.4180949,47.4104883
Car-1,2009-03-01 00:30:57,-121.4180999,47.4104866
Car-1,2009-03-01 00:30:59,-121.4181116,47.4104883
Car-1,2009-03-01 00:31:01,-121.4181166,47.4104899
Car-1,2009-03-01 00:31:03,-121.41811,47.4104899
Car-1,2009-03-01 00:31:06,-121.4181149,47.4104899
Car-1,2009-03-01 00:31:08,-121.4181166,47.4104933
Car-1,2009-03-01 00:31:09,-121.4181166,47.4104933
Car-1,2009-03-01 00:31:11,-121.41811,47.410495
Car-1,2009-03-01 00:31:14,-121.4180999,47.4104966
Car-1,2009-03-01 00:31:15,-121.4180999,47.4104966
Car-1,2009-03-01 00:31:17,-121.4180983,47.4104983
Car-1,2009-03-01 00:31:19,-121.418125,47.4104999
Car-1,2009-03-01 00:31:21,-121.4181716,47.4105049
Car-1,2009-03-01 00:31:25,-121.4182533,47.410515
Car-1,2009-03-01 00:31:27,-121.4182949,47.4105199
Car-1,2009-03-01 00:31:31,-121.4183799,47.41053
Car-1,2009-03-01 00:31:33,-121.4184216,47.4105366
Car-1,2009-03-01 00:31:35,-121.4184633,47.4105399
Car-1,2009-03-01 00:31:37,-121.4185066,47.410545
Car-1,2009-03-01 00:31:41,-121.4185916,47.4105483
Car-1,2009-03-01 00:31:43,-121.4186333,47.4105516
Car-1,2009-03-01 00:31:45,-121.4186733,47.4105549
Car-1,2009-03-01 00:31:47,-121.4187133,47.4105599
Car-1,2009-03-01 00:31:49,-121.4187516,47.410565
Car-1,2009-03-01 00:31:51,-121.4187916,47.4105716
Car-1,2009-03-01 00:31:53,-121.4188333,47.4105749
Car-1,2009-03-01 00:31:55,-121.4188766,47.4105783
Car-1,2009-03-01 00:31:57,-121.4189183,47.4105833
Car-1,2009-03-01 00:31:59,-121.41896,47.4105883
Car-1,2009-03-01 00:32:01,-121.4190066,47.4105949
Car-1,2009-03-01 00:32:03,-121.41905,47.4106033
Car-1,2009-03-01 00:32:05,-121.4190899,47.4106083
Car-1,2009-03-01 00:32:07,-121.4191316,47.4106133
Car-1,2009-03-01 00:32:09,-121.4191716,47.41062
Car-1,2009-03-01 00:32:11,-121.4192133,47.4106249
Car-1,2009-03-01 00:32:13,-121.4192633,47.4106299
Car-1,2009-03-01 00:32:15,-121.4193116,47.4106483
Car-1,2009-03-01 00:32:17,-121.419385,47.4106783
Car-1,2009-03-01 00:32:19,-121.4194249,47.4106833
Car-1,2009-03-01 00:32:21,-121.4194799,47.4106949
Car-1,2009-03-01 00:32:23,-121.4195066,47.4106883
Car-1,2009-03-01 00:32:25,-121.4195999,47.4107483
Car-1,2009-03-01 00:32:29,-121.4196566,47.410755
Car-1,2009-03-01 00:32:33,-121.4196483,47.4108149
Car-1,2009-03-01 00:32:35,-121.4196383,47.4108499
Car-1,2009-03-01 00:32:37,-121.4196733,47.4109133
Car-1,2009-03-01 00:32:39,-121.4196866,47.41093
Car-1,2009-03-01 00:32:41,-121.4196966,47.4109466
Car-1,2009-03-01 00:32:43,-121.4196866,47.4109749
Car-1,2009-03-01 00:32:45,-121.4196916,47.4109899
Car-1,2009-03-01 00:32:47,-121.4196716,47.4110133
Car-1,2009-03-01 00:32:49,-121.4196633,47.4109966
Car-1,2009-03-01 00:32:51,-121.4196283,47.41095
Car-1,2009-03-01 00:32:53,-121.4196066,47.4109249
Car-1,2009-03-01 00:32:55,-121.4195816,47.4109183
Car-1,2009-03-01 00:32:57,-121.4195366,47.4109166
Car-1,2009-03-01 00:33:01,-121.4194466,47.4108466
Car-1,2009-03-01 00:33:03,-121.4193616,47.4108199
Car-1,2009-03-01 00:33:07,-121.4192149,47.4109416
Car-1,2009-03-01 00:33:11,-121.4190549,47.410845
Car-1,2009-03-01 00:33:15,-121.4188983,47.410895
Car-1,2009-03-01 00:33:19,-121.4186249,47.4108966
Car-1,2009-03-01 00:33:23,-121.4183999,47.4107416
Car-1,2009-03-01 00:33:27,-121.4182616,47.4108383
Car-1,2009-03-01 00:33:31,-121.4181499,47.4108349
Car-1,2009-03-01 00:33:35,-121.4181299,47.4107033
Car-1,2009-03-01 00:33:39,-121.4181349,47.4105333
Car-1,2009-03-01 00:33:43,-121.4179,47.4104149
Car-1,2009-03-01 00:33:47,-121.4176149,47.4104849
Car-1,2009-03-01 00:33:51,-121.41725,47.4103616
Car-1,2009-03-01 00:33:57,-121.4168933,47.4104033
Car-1,2009-03-01 00:34:01,-121.4165833,47.4103266
Car-1,2009-03-01 00:34:05,-121.4162983,47.4100666
Car-1,2009-03-01 00:34:11,-121.4158566,47.40994
Car-1,2009-03-01 00:34:15,-121.4157099,47.410045
Car-1,2009-03-01 00:34:19,-121.41556,47.4101033
Car-1,2009-03-01 00:34:23,-121.4153833,47.4100499
Car-1,2009-03-01 00:34:27,-121.4153716,47.4100849
Car-1,2009-03-01 00:34:30,-121.4154416,47.4101599
Car-1,2009-03-01 00:34:32,-121.4154366,47.4101666
Car-1,2009-03-01 00:34:34,-121.4154066,47.4101516
Car-1,2009-03-01 00:34:36,-121.4153749,47.4101716
Car-1,2009-03-01 00:34:40,-121.415315,47.4100933
Car-1,2009-03-01 00:34:44,-121.415265,47.4099883
Car-1,2009-03-01 00:34:46,-121.4153049,47.4099466
Car-1,2009-03-01 00:34:48,-121.41521,47.4098883
Car-1,2009-03-01 00:34:52,-121.4150316,47.4098183
Car-1,2009-03-01 00:34:56,-121.4147816,47.4098533
Car-1,2009-03-01 00:35:00,-121.4145499,47.4097433
Car-1,2009-03-01 00:35:04,-121.4143666,47.4097183
Car-1,2009-03-01 00:35:08,-121.4141866,47.4097583
Car-1,2009-03-01 00:35:12,-121.4139916,47.40978
Car-1,2009-03-01 00:35:19,-121.413985,47.4097883
Car-1,2009-03-01 00:35:21,-121.4139833,47.4097833
Car-1,2009-03-01 00:35:23,-121.4139783,47.4097899
Car-1,2009-03-01 00:35:25,-121.4139833,47.4097899
Car-1,2009-03-01 00:35:27,-121.4139833,47.4098099
Car-1,2009-03-01 00:35:29,-121.413985,47.4098016
Car-1,2009-03-01 00:35:42,-121.4140033,47.4097966
Car-1,2009-03-01 00:35:52,-121.4140033,47.4097966
Car-1,2009-03-01 00:35:54,-121.4139999,47.4097916
Car-1,2009-03-01 00:36:07,-121.4139816,47.4097766
Car-1,2009-03-01 00:36:30,-121.41397,47.4097866
Car-1,2009-03-01 00:36:34,-121.4139449,47.4097849
Car-1,2009-03-01 00:36:43,-121.4139166,47.4098033
Car-1,2009-03-01 00:36:45,-121.4139249,47.4098066
Car-1,2009-03-01 00:36:47,-121.4139299,47.4098099
Car-1,2009-03-01 00:36:49,-121.4139183,47.409815
Car-1,2009-03-01 00:36:51,-121.4139,47.4098116
Car-1,2009-03-01 00:36:53,-121.4138866,47.4098116
Car-1,2009-03-01 00:36:55,-121.4139016,47.4098416
Car-1,2009-03-01 00:37:00,-121.4139016,47.4098416
Car-1,2009-03-01 00:37:02,-121.4139066,47.4098366
Car-1,2009-03-01 00:37:06,-121.4139233,47.4098183
Car-1,2009-03-01 00:37:09,-121.4139466,47.4098433
Car-1,2009-03-01 00:37:11,-121.4139449,47.4099333
Car-1,2009-03-01 00:37:20,-121.4139583,47.4099366
Car-1,2009-03-01 00:37:22,-121.4139533,47.4099416
Car-1,2009-03-01 00:37:24,-121.4139666,47.4099383
Car-1,2009-03-01 00:37:26,-121.4140266,47.4099083
Car-1,2009-03-01 00:37:28,-121.4140683,47.4098816
Car-1,2009-03-01 00:37:30,-121.4140966,47.4098399
Car-1,2009-03-01 00:37:32,-121.4141699,47.4098433
Car-1,2009-03-01 00:37:34,-121.4142383,47.4098733
Car-1,2009-03-01 00:37:38,-121.4143466,47.409935
Car-1,2009-03-01 00:37:42,-121.4144166,47.4099766
Car-1,2009-03-01 00:37:44,-121.4144583,47.4099916
Car-1,2009-03-01 00:37:46,-121.4144899,47.4100149
Car-1,2009-03-01 00:37:50,-121.4145749,47.4100349
Car-1,2009-03-01 00:37:54,-121.4146683,47.4100366
Car-1,2009-03-01 00:37:56,-121.4147149,47.4100349
Car-1,2009-03-01 00:37:58,-121.4147583,47.4100383
Car-1,2009-03-01 00:38:00,-121.4147949,47.4100383
Car-1,2009-03-01 00:38:02,-121.4148383,47.41004
Car-1,2009-03-01 00:38:04,-121.4148816,47.410045
Car-1,2009-03-01 00:38:06,-121.4149216,47.4100483
Car-1,2009-03-01 00:38:08,-121.4149749,47.4100533
Car-1,2009-03-01 00:38:10,-121.41502,47.4100583
Car-1,2009-03-01 00:38:12,-121.4150616,47.4100616
Car-1,2009-03-01 00:38:14,-121.4151033,47.4100649
Car-1,2009-03-01 00:38:16,-121.4151433,47.4100716
Car-1,2009-03-01 00:38:18,-121.4151916,47.4100766
Car-1,2009-03-01 00:38:20,-121.4152366,47.41008
Car-1,2009-03-01 00:38:22,-121.4152733,47.4100849
Car-1,2009-03-01 00:38:24,-121.4153166,47.4100883
Car-1,2009-03-01 00:38:26,-121.4153599,47.410095
Car-1,2009-03-01 00:38:28,-121.4154099,47.4100999
Car-1,2009-03-01 00:38:32,-121.415505,47.4101116
Car-1,2009-03-01 00:38:36,-121.4155933,47.4101216
Car-1,2009-03-01 00:38:40,-121.4156849,47.4101366
Car-1,2009-03-01 00:38:44,-121.4157716,47.4101483
Car-1,2009-03-01 00:38:48,-121.4158599,47.4101583
Car-1,2009-03-01 00:38:52,-121.4159483,47.4101683
Car-1,2009-03-01 00:38:56,-121.4160416,47.4101833
Car-1,2009-03-01 00:39:00,-121.4161366,47.4101983
Car-1,2009-03-01 00:39:04,-121.41622,47.4102083
Car-1,2009-03-01 00:39:08,-121.4163033,47.4102233
Car-1,2009-03-01 00:39:12,-121.4163933,47.4102383
Car-1,2009-03-01 00:39:16,-121.416485,47.4102533
Car-1,2009-03-01 00:39:20,-121.4165649,47.41027
Car-1,2009-03-01 00:39:22,-121.4165883,47.4102749
Car-1,2009-03-01 00:39:24,-121.4166199,47.4102783
Car-1,2009-03-01 00:39:26,-121.4166516,47.4102833
Car-1,2009-03-01 00:39:28,-121.4166699,47.4102866
Car-1,2009-03-01 00:39:30,-121.4167066,47.4102933
Car-1,2009-03-01 00:39:32,-121.4167466,47.4102983
Car-1,2009-03-01 00:39:36,-121.416835,47.4103149
Car-1,2009-03-01 00:39:40,-121.4169283,47.4103333
Car-1,2009-03-01 00:39:44,-121.4170083,47.4103516
Car-1,2009-03-01 00:39:46,-121.4170533,47.4103633
Car-1,2009-03-01 00:39:48,-121.4170933,47.4103716
Car-1,2009-03-01 00:39:50,-121.4171333,47.4103799
Car-1,2009-03-01 00:39:54,-121.4172049,47.4103883
Car-1,2009-03-01 00:39:58,-121.417285,47.4103966
Car-1,2009-03-01 00:40:02,-121.4173799,47.4104066
Car-1,2009-03-01 00:40:06,-121.4174783,47.4104199
Car-1,2009-03-01 00:40:10,-121.4175716,47.4104333
Car-1,2009-03-01 00:40:14,-121.4176499,47.4104466
Car-1,2009-03-01 00:40:18,-121.4177299,47.4104616
Car-1,2009-03-01 00:40:20,-121.4177699,47.4104683
Car-1,2009-03-01 00:40:22,-121.4178083,47.410475
Car-1,2009-03-01 00:40:26,-121.4178899,47.4104916
Car-1,2009-03-01 00:40:30,-121.4179816,47.4105083
Car-1,2009-03-01 00:40:34,-121.4180633,47.4105166
Car-1,2009-03-01 00:40:38,-121.4181583,47.4105316
Car-1,2009-03-01 00:40:42,-121.4182533,47.410545
Car-1,2009-03-01 00:40:46,-121.4183099,47.4105533
Car-1,2009-03-01 00:40:48,-121.4183516,47.4105583
Car-1,2009-03-01 00:40:50,-121.4183799,47.4105599
Car-1,2009-03-01 00:40:52,-121.4184216,47.410565
Car-1,2009-03-01 00:40:54,-121.4184699,47.4105666
Car-1,2009-03-01 00:40:56,-121.4185216,47.410565
Car-1,2009-03-01 00:40:58,-121.4185683,47.4105683
Car-1,2009-03-01 00:41:02,-121.4186599,47.4105783
Car-1,2009-03-01 00:41:04,-121.4187066,47.4105833
Car-1,2009-03-01 00:41:06,-121.418755,47.4105883
Car-1,2009-03-01 00:41:10,-121.4188449,47.4106
Car-1,2009-03-01 00:41:14,-121.4189416,47.4106166
Car-1,2009-03-01 00:41:18,-121.419,47.4106249
Car-1,2009-03-01 00:41:20,-121.4190399,47.4106266
Car-1,2009-03-01 00:41:22,-121.4190749,47.4106283
Car-1,2009-03-01 00:41:24,-121.4191083,47.4106333
Car-1,2009-03-01 00:41:26,-121.4191416,47.4106416
Car-1,2009-03-01 00:41:28,-121.4191866,47.4106533
Car-1,2009-03-01 00:41:30,-121.4192299,47.4106599
Car-1,2009-03-01 00:41:32,-121.4192733,47.4106649
Car-1,2009-03-01 00:41:34,-121.4193216,47.4106683
Car-1,2009-03-01 00:41:36,-121.4193516,47.4106683
Car-1,2009-03-01 00:41:38,-121.4193949,47.4106683
Car-1,2009-03-01 00:41:40,-121.4194299,47.4106633
Car-1,2009-03-01 00:41:42,-121.4194583,47.4106599
Car-1,2009-03-01 00:41:44,-121.4195133,47.4106799
Car-1,2009-03-01 00:41:46,-121.4195699,47.4106949
Car-1,2009-03-01 00:41:48,-121.419645,47.4107099
Car-1,2009-03-01 00:41:52,-121.4196466,47.4106116
Car-1,2009-03-01 00:41:56,-121.4195983,47.410495
Car-1,2009-03-01 00:42:00,-121.4194866,47.410355
Car-1,2009-03-01 00:42:04,-121.419365,47.4104316
Car-1,2009-03-01 00:42:08,-121.4192499,47.4104549
Car-1,2009-03-01 00:42:12,-121.4191683,47.4103483
Car-1,2009-03-01 00:42:16,-121.4189699,47.4103816
Car-1,2009-03-01 00:42:20,-121.418785,47.4102883
Car-1,2009-03-01 00:42:24,-121.4186249,47.4104066
Car-1,2009-03-01 00:42:28,-121.4184849,47.4103383
Car-1,2009-03-01 00:42:32,-121.4183433,47.4103016
Car-1,2009-03-01 00:42:36,-121.4180416,47.4102233
Car-1,2009-03-01 00:42:40,-121.4180783,47.4100383
Car-1,2009-03-01 00:42:44,-121.4180499,47.4099133
Car-1,2009-03-01 00:42:48,-121.4178266,47.4100116
Car-1,2009-03-01 00:42:52,-121.4176616,47.4101483
Car-1,2009-03-01 00:42:56,-121.4174633,47.4101199
Car-1,2009-03-01 00:43:00,-121.41713,47.4100199
Car-1,2009-03-01 00:43:06,-121.416605,47.4099916
Car-1,2009-03-01 00:43:12,-121.4160983,47.4099533
Car-1,2009-03-01 00:43:16,-121.4157933,47.4100149
Car-1,2009-03-01 00:43:20,-121.4154983,47.4099066
Car-1,2009-03-01 00:43:24,-121.415335,47.40978
Car-1,2009-03-01 00:43:28,-121.4151349,47.4097383
Car-1,2009-03-01 00:43:32,-121.4149616,47.4098583
Car-1,2009-03-01 00:43:36,-121.4147983,47.4097766
Car-1,2009-03-01 00:43:40,-121.414565,47.4097983
Car-1,2009-03-01 00:43:44,-121.414305,47.4097749
Car-1,2009-03-01 00:43:48,-121.414075,47.4098033
Car-1,2009-03-01 00:43:52,-121.4139099,47.4097866
Car-1,2009-03-01 00:43:56,-121.4138783,47.4098066
Car-1,2009-03-01 00:44:01,-121.4137783,47.4096633
Car-1,2009-03-01 00:44:03,-121.4137716,47.4096699
Car-1,2009-03-01 00:44:05,-121.4137299,47.4096616
Car-1,2009-03-01 00:44:07,-121.4137083,47.4096733
Car-1,2009-03-01 00:44:09,-121.4136849,47.409695
Car-1,2009-03-01 00:44:11,-121.4136766,47.4097049
Car-1,2009-03-01 00:44:13,-121.4137299,47.4097533
Car-1,2009-03-01 00:44:15,-121.4137866,47.4098049
Car-1,2009-03-01 00:44:17,-121.4138049,47.40985
Car-1,2009-03-01 00:44:20,-121.4138949,47.4098033
Car-1,2009-03-01 00:44:22,-121.4138949,47.4098266
Car-1,2009-03-01 00:44:30,-121.4138933,47.4098316
Car-1,2009-03-01 00:44:32,-121.4138966,47.4098266
Car-1,2009-03-01 00:44:38,-121.4139033,47.4098199
Car-1,2009-03-01 00:44:40,-121.4139,47.4098233
Car-1,2009-03-01 00:44:44,-121.4139099,47.4098183
Car-1,2009-03-01 00:44:46,-121.413935,47.4098016
Car-1,2009-03-01 00:44:48,-121.4139299,47.4098316
Car-1,2009-03-01 00:44:50,-121.4139316,47.4098533
Car-1,2009-03-01 00:44:52,-121.4139449,47.4098433
Car-1,2009-03-01 00:44:54,-121.4139533,47.4098516
Car-1,2009-03-01 00:44:57,-121.4139666,47.4098616
Car-1,2009-03-01 00:44:59,-121.4139983,47.4098866
Car-1,2009-03-01 00:45:01,-121.4140416,47.4098983
Car-1,2009-03-01 00:45:03,-121.4140649,47.4098966
Car-1,2009-03-01 00:45:05,-121.4141033,47.4098899
Car-1,2009-03-01 00:45:07,-121.4141349,47.4098683
Car-1,2009-03-01 00:45:09,-121.4141666,47.4098599
Car-1,2009-03-01 00:45:11,-121.4142066,47.4098683
Car-1,2009-03-01 00:45:13,-121.4142283,47.4098683
Car-1,2009-03-01 00:45:15,-121.4142549,47.409865
Car-1,2009-03-01 00:45:17,-121.4143033,47.40987
Car-1,2009-03-01 00:45:19,-121.4143449,47.4098783
Car-1,2009-03-01 00:45:21,-121.4143733,47.4098883
Car-1,2009-03-01 00:45:23,-121.414405,47.4099033
Car-1,2009-03-01 00:45:25,-121.4144266,47.4099149
Car-1,2009-03-01 00:45:27,-121.4144449,47.4099366
Car-1,2009-03-01 00:45:29,-121.4144666,47.40994
Car-1,2009-03-01 00:45:31,-121.4144533,47.4099249
Car-1,2009-03-01 00:45:33,-121.4144066,47.4098466
Car-1,2009-03-01 00:45:35,-121.4144166,47.4098366
Car-1,2009-03-01 00:45:37,-121.414425,47.4098133
Car-1,2009-03-01 00:45:39,-121.4144549,47.4098049
Car-1,2009-03-01 00:45:41,-121.4144733,47.4097883
Car-1,2009-03-01 00:45:43,-121.4145049,47.4097883
Car-1,2009-03-01 00:45:45,-121.4145316,47.4097766
Car-1,2009-03-01 00:45:47,-121.4145183,47.4097466
Car-1,2009-03-01 00:45:49,-121.4144916,47.4097133
Car-1,2009-03-01 00:45:53,-121.4145283,47.4096783
Car-1,2009-03-01 00:45:55,-121.4145849,47.4097349
Car-1,2009-03-01 00:45:59,-121.414705,47.4097783
Car-1,2009-03-01 00:46:03,-121.4147599,47.4097366
Car-1,2009-03-01 00:46:05,-121.4148149,47.4097549
Car-1,2009-03-01 00:46:07,-121.4148716,47.409765
Car-1,2009-03-01 00:46:09,-121.4149383,47.4097966
Car-1,2009-03-01 00:46:13,-121.4149599,47.4097349
Car-1,2009-03-01 00:46:17,-121.4149766,47.4096799
Car-1,2009-03-01 00:46:19,-121.4150016,47.4096716
Car-1,2009-03-01 00:46:23,-121.4150983,47.4097216
Car-1,2009-03-01 00:46:27,-121.4152199,47.4098099
Car-1,2009-03-01 00:46:31,-121.4153383,47.4099133
Car-1,2009-03-01 00:46:35,-121.415365,47.4098666
Car-1,2009-03-01 00:46:37,-121.4154,47.4098633
Car-1,2009-03-01 00:46:39,-121.4154599,47.4098666
Car-1,2009-03-01 00:46:41,-121.4155349,47.4098933
Car-1,2009-03-01 00:46:45,-121.4156283,47.4099066
Car-1,2009-03-01 00:46:47,-121.4156916,47.4099366
Car-1,2009-03-01 00:46:49,-121.4157666,47.409975
Car-1,2009-03-01 00:46:53,-121.4158883,47.4099916
Car-1,2009-03-01 00:46:57,-121.4160266,47.4100633
Car-1,2009-03-01 00:46:59,-121.416085,47.410095
Car-1,2009-03-01 00:47:01,-121.4161333,47.4101183
Car-1,2009-03-01 00:47:03,-121.4161833,47.4101233
Car-1,2009-03-01 00:47:05,-121.4162299,47.4101216
Car-1,2009-03-01 00:47:07,-121.4162683,47.4101083
Car-1,2009-03-01 00:47:09,-121.4162933,47.4101266
Car-1,2009-03-01 00:47:11,-121.4163166,47.4101249
Car-1,2009-03-01 00:47:13,-121.4163549,47.4101249
Car-1,2009-03-01 00:47:15,-121.4163833,47.4101283
Car-1,2009-03-01 00:47:17,-121.4164333,47.4101233
Car-1,2009-03-01 00:47:21,-121.416535,47.4101349
Car-1,2009-03-01 00:47:23,-121.4165633,47.4101249
Car-1,2009-03-01 00:47:25,-121.4165399,47.41011
Car-1,2009-03-01 00:47:27,-121.4165883,47.4101433
Car-1,2009-03-01 00:47:29,-121.4166283,47.4101516
Car-1,2009-03-01 00:47:31,-121.4166633,47.4101549
Car-1,2009-03-01 00:47:33,-121.4167083,47.4101633
Car-1,2009-03-01 00:47:35,-121.4167616,47.4101716
Car-1,2009-03-01 00:47:37,-121.4168133,47.4101833
Car-1,2009-03-01 00:47:39,-121.4168633,47.4101933
Car-1,2009-03-01 00:47:41,-121.4169266,47.4102116
Car-1,2009-03-01 00:47:43,-121.4170066,47.4102399
Car-1,2009-03-01 00:47:45,-121.41706,47.4102583
Car-1,2009-03-01 00:47:47,-121.4171083,47.4102766
Car-1,2009-03-01 00:47:49,-121.4171516,47.4103016
Car-1,2009-03-01 00:47:51,-121.4171966,47.4103183
Car-1,2009-03-01 00:47:53,-121.4172366,47.4103216
Car-1,2009-03-01 00:47:55,-121.417285,47.4103283
Car-1,2009-03-01 00:47:57,-121.4173316,47.4103366
Car-1,2009-03-01 00:47:59,-121.417375,47.4103433
Car-1,2009-03-01 00:48:01,-121.417425,47.410355
Car-1,2009-03-01 00:48:03,-121.417465,47.4103616
Car-1,2009-03-01 00:48:05,-121.4175099,47.4103733
Car-1,2009-03-01 00:48:07,-121.4175616,47.4103883
Car-1,2009-03-01 00:48:09,-121.4176,47.4104033
Car-1,2009-03-01 00:48:11,-121.417635,47.4104183
Car-1,2009-03-01 00:48:13,-121.4176816,47.4104366
Car-1,2009-03-01 00:48:15,-121.417725,47.4104499
Car-1,2009-03-01 00:48:17,-121.4177816,47.4104666
Car-1,2009-03-01 00:48:19,-121.4178233,47.410475
Car-1,2009-03-01 00:48:21,-121.41786,47.41048
Car-1,2009-03-01 00:48:23,-121.4179099,47.4104883
Car-1,2009-03-01 00:48:25,-121.4179583,47.4105033
Car-1,2009-03-01 00:48:27,-121.4180016,47.41051
Car-1,2009-03-01 00:48:29,-121.4180383,47.4105166
Car-1,2009-03-01 00:48:31,-121.4180766,47.4105233
Car-1,2009-03-01 00:48:33,-121.4181266,47.41053
Car-1,2009-03-01 00:48:35,-121.4181683,47.4105399
Car-1,2009-03-01 00:48:37,-121.4182083,47.4105466
Car-1,2009-03-01 00:48:39,-121.4182566,47.4105566
Car-1,2009-03-01 00:48:41,-121.4183,47.4105633
Car-1,2009-03-01 00:48:43,-121.41835,47.4105749
Car-1,2009-03-01 00:48:45,-121.4184066,47.4105916
Car-1,2009-03-01 00:48:47,-121.4184516,47.4106033
Car-1,2009-03-01 00:48:49,-121.4185016,47.410615
Car-1,2009-03-01 00:48:51,-121.4185466,47.4106183
Car-1,2009-03-01 00:48:53,-121.418595,47.4106133
Car-1,2009-03-01 00:48:55,-121.4186333,47.4106233
Car-1,2009-03-01 00:48:57,-121.4186733,47.4106249
Car-1,2009-03-01 00:48:59,-121.4187149,47.4106266
Car-1,2009-03-01 00:49:01,-121.418755,47.4106333
Car-1,2009-03-01 00:49:03,-121.4187949,47.4106433
Car-1,2009-03-01 00:49:05,-121.4188333,47.4106533
Car-1,2009-03-01 00:49:07,-121.4188716,47.4106583
Car-1,2009-03-01 00:49:09,-121.41891,47.4106633
Car-1,2009-03-01 00:49:11,-121.4189516,47.4106666
Car-1,2009-03-01 00:49:13,-121.418995,47.41067
Car-1,2009-03-01 00:49:15,-121.4190399,47.4106766
Car-1,2009-03-01 00:49:17,-121.4190866,47.4106833
Car-1,2009-03-01 00:49:19,-121.4191133,47.4106883
Car-1,2009-03-01 00:49:21,-121.4191633,47.4107033
Car-1,2009-03-01 00:49:23,-121.4191966,47.4107099
Car-1,2009-03-01 00:49:25,-121.419245,47.41072
Car-1,2009-03-01 00:49:27,-121.419315,47.4107333
Car-1,2009-03-01 00:49:29,-121.4193766,47.4107449
Car-1,2009-03-01 00:49:31,-121.4194649,47.410755
Car-1,2009-03-01 00:49:33,-121.4195449,47.4107683
Car-1,2009-03-01 00:49:35,-121.4195883,47.4107666
Car-1,2009-03-01 00:49:37,-121.4196183,47.4107699
Car-1,2009-03-01 00:49:39,-121.4196716,47.4107616
Car-1,2009-03-01 00:49:41,-121.4197033,47.4107616
Car-1,2009-03-01 00:49:43,-121.4197733,47.4107849
Car-1,2009-03-01 00:49:45,-121.4197949,47.4108049
Car-1,2009-03-01 00:49:47,-121.41982,47.4107783
Car-1,2009-03-01 00:49:49,-121.4197883,47.41072
Car-1,2009-03-01 00:49:51,-121.4197566,47.4106633
Car-1,2009-03-01 00:49:53,-121.4196816,47.4105683
Car-1,2009-03-01 00:49:57,-121.4195316,47.4105399
Car-1,2009-03-01 00:50:01,-121.4193683,47.4104616
Car-1,2009-03-01 00:50:05,-121.4191249,47.4104483
Car-1,2009-03-01 00:50:09,-121.4189616,47.4104499
Car-1,2009-03-01 00:50:13,-121.4187733,47.4104649
Car-1,2009-03-01 00:50:17,-121.4186616,47.4105366
Car-1,2009-03-01 00:50:21,-121.4185583,47.4106516
Car-1,2009-03-01 00:50:25,-121.4184266,47.4107233
Car-1,2009-03-01 00:50:29,-121.4182583,47.410725
Car-1,2009-03-01 00:50:33,-121.4180166,47.4107116
Car-1,2009-03-01 00:50:37,-121.417825,47.4106649
Car-1,2009-03-01 00:50:41,-121.4176,47.4106599
Car-1,2009-03-01 00:50:45,-121.417325,47.4106016
Car-1,2009-03-01 00:50:49,-121.417165,47.41062
Car-1,2009-03-01 00:50:53,-121.416905,47.410655
Car-1,2009-03-01 00:50:57,-121.4165783,47.4105516
Car-1,2009-03-01 00:51:01,-121.4161466,47.4104633
Car-1,2009-03-01 00:51:05,-121.4158783,47.4104116
Car-1,2009-03-01 00:51:09,-121.4155099,47.4103099
Car-1,2009-03-01 00:51:13,-121.4151583,47.4102416
Car-1,2009-03-01 00:51:17,-121.4148783,47.4102233
Car-1,2009-03-01 00:51:21,-121.414595,47.4101533
Car-1,2009-03-01 00:51:25,-121.4143383,47.4101399
Car-1,2009-03-01 00:51:29,-121.4141866,47.4101116
Car-1,2009-03-01 00:51:33,-121.4140783,47.4100733
Car-1,2009-03-01 00:51:35,-121.4140066,47.41004
Car-1,2009-03-01 00:51:37,-121.4139866,47.4100216
Car-1,2009-03-01 00:51:40,-121.4139733,47.4100016
Car-1,2009-03-01 00:51:42,-121.4139483,47.4099966
Car-1,2009-03-01 00:51:44,-121.4139083,47.4099866
Car-1,2009-03-01 00:51:46,-121.4138899,47.4099799
Car-1,2009-03-01 00:51:48,-121.4138766,47.4099783
Car-1,2009-03-01 00:51:50,-121.41385,47.40997
Car-1,2009-03-01 00:51:52,-121.4138233,47.4099683
Car-1,2009-03-01 00:51:54,-121.4138233,47.4099683
Car-1,2009-03-01 00:52:01,-121.4138199,47.4099783
Car-1,2009-03-01 00:52:03,-121.4138116,47.4099833
Car-1,2009-03-01 00:52:13,-121.4138116,47.4099833
Car-1,2009-03-01 00:52:15,-121.41381,47.40999
Car-1,2009-03-01 00:52:18,-121.4138199,47.4099966
Car-1,2009-03-01 00:52:20,-121.4138333,47.4099933
Car-1,2009-03-01 00:52:22,-121.4138283,47.4099716
Car-1,2009-03-01 00:52:25,-121.41383,47.4099799
Car-1,2009-03-01 00:52:27,-121.4138266,47.409975
Car-1,2009-03-01 00:52:38,-121.4138416,47.4099733
Car-1,2009-03-01 00:52:40,-121.413885,47.4099266
Car-1,2009-03-01 00:52:45,-121.4139916,47.40987
Car-1,2009-03-01 00:52:47,-121.4140649,47.4098633
Car-1,2009-03-01 00:52:49,-121.4141066,47.4098483
Car-1,2009-03-01 00:52:53,-121.414195,47.4098366
Car-1,2009-03-01 00:52:55,-121.4142166,47.4098383
Car-1,2009-03-01 00:52:58,-121.4142766,47.4098416
Car-1,2009-03-01 00:53:01,-121.4143166,47.4098466
Car-1,2009-03-01 00:53:04,-121.4143516,47.4098616
Car-1,2009-03-01 00:53:06,-121.4143816,47.4098483
Car-1,2009-03-01 00:53:08,-121.4144266,47.4098549
Car-1,2009-03-01 00:53:12,-121.4144866,47.4098733
Car-1,2009-03-01 00:53:14,-121.4145383,47.4098866
Car-1,2009-03-01 00:53:16,-121.4145716,47.4098933
Car-1,2009-03-01 00:53:18,-121.4146233,47.4099033
Car-1,2009-03-01 00:53:20,-121.4146666,47.409905
Car-1,2009-03-01 00:53:22,-121.414705,47.4099016
Car-1,2009-03-01 00:53:24,-121.4147099,47.4099
Car-1,2009-03-01 00:53:26,-121.4147249,47.4099033
Car-1,2009-03-01 00:53:28,-121.4147533,47.4099099
Car-1,2009-03-01 00:53:30,-121.4147866,47.40992
Car-1,2009-03-01 00:53:32,-121.4148149,47.4099233
Car-1,2009-03-01 00:53:35,-121.4148516,47.4099283
Car-1,2009-03-01 00:53:37,-121.4149083,47.4099383
Car-1,2009-03-01 00:53:39,-121.4149383,47.4099433
Car-1,2009-03-01 00:53:41,-121.4149633,47.4099466
Car-1,2009-03-01 00:53:43,-121.4149933,47.4099516
Car-1,2009-03-01 00:53:45,-121.4150116,47.4099499
Car-1,2009-03-01 00:53:47,-121.4150399,47.4099483
Car-1,2009-03-01 00:53:49,-121.4150749,47.4099466
Car-1,2009-03-01 00:53:51,-121.4150966,47.4099416
Car-1,2009-03-01 00:53:53,-121.4151349,47.4099416
Car-1,2009-03-01 00:53:55,-121.4151799,47.4099449
Car-1,2009-03-01 00:53:57,-121.4152233,47.4099499
Car-1,2009-03-01 00:53:59,-121.4152816,47.4099599
Car-1,2009-03-01 00:54:01,-121.4153249,47.4099666
Car-1,2009-03-01 00:54:05,-121.4154183,47.4099799
Car-1,2009-03-01 00:54:07,-121.4154633,47.4099866
Car-1,2009-03-01 00:54:11,-121.4155633,47.4100083
Car-1,2009-03-01 00:54:13,-121.41561,47.4100199
Car-1,2009-03-01 00:54:17,-121.4156983,47.4100433
Car-1,2009-03-01 00:54:19,-121.4157283,47.4100533
Car-1,2009-03-01 00:54:21,-121.41577,47.4100649
Car-1,2009-03-01 00:54:23,-121.4158149,47.4100816
Car-1,2009-03-01 00:54:25,-121.4158583,47.4100933
Car-1,2009-03-01 00:54:29,-121.4159416,47.4101083
Car-1,2009-03-01 00:54:31,-121.4159816,47.410115
Car-1,2009-03-01 00:54:33,-121.4160249,47.4101233
Car-1,2009-03-01 00:54:35,-121.4160633,47.4101333
Car-1,2009-03-01 00:54:37,-121.4161066,47.4101416
Car-1,2009-03-01 00:54:39,-121.4161566,47.41015
Car-1,2009-03-01 00:54:41,-121.416205,47.4101583
Car-1,2009-03-01 00:54:43,-121.4162466,47.4101683
Car-1,2009-03-01 00:54:45,-121.4162966,47.4101766
Car-1,2009-03-01 00:54:47,-121.4163316,47.4101866
Car-1,2009-03-01 00:54:49,-121.4163716,47.4101866
Car-1,2009-03-01 00:54:51,-121.4164033,47.4101983
Car-1,2009-03-01 00:54:53,-121.4164116,47.4101833
Car-1,2009-03-01 00:54:55,-121.4164433,47.41018
Car-1,2009-03-01 00:54:57,-121.4164799,47.410185
Car-1,2009-03-01 00:54:59,-121.4164933,47.4101833
Car-1,2009-03-01 00:55:01,-121.416485,47.4102283
Car-1,2009-03-01 00:55:03,-121.4164966,47.4102216
Car-1,2009-03-01 00:55:05,-121.4164933,47.4101933
Car-1,2009-03-01 00:55:07,-121.4165266,47.4101883
Car-1,2009-03-01 00:55:09,-121.41659,47.410185
Car-1,2009-03-01 00:55:11,-121.4166616,47.4101983
Car-1,2009-03-01 00:55:13,-121.4167166,47.4102033
Car-1,2009-03-01 00:55:15,-121.4167683,47.4102233
Car-1,2009-03-01 00:55:17,-121.4168249,47.4102433
Car-1,2009-03-01 00:55:19,-121.4168816,47.4102799
Car-1,2009-03-01 00:55:21,-121.4169449,47.4102999
Car-1,2009-03-01 00:55:23,-121.4170083,47.4103133
Car-1,2009-03-01 00:55:25,-121.4170516,47.4103233
Car-1,2009-03-01 00:55:27,-121.4170783,47.4103666
Car-1,2009-03-01 00:55:29,-121.417095,47.4104083
Car-1,2009-03-01 00:55:31,-121.4171316,47.4104283
Car-1,2009-03-01 00:55:33,-121.4171866,47.4104283
Car-1,2009-03-01 00:55:35,-121.4172266,47.41044
Car-1,2009-03-01 00:55:37,-121.41727,47.4104349
Car-1,2009-03-01 00:55:39,-121.4173083,47.41044
Car-1,2009-03-01 00:55:41,-121.4173383,47.4104683
Car-1,2009-03-01 00:55:43,-121.4173649,47.4104916
Car-1,2009-03-01 00:55:45,-121.4173983,47.4104849
Car-1,2009-03-01 00:55:47,-121.4174283,47.4104866
Car-1,2009-03-01 00:55:49,-121.417465,47.4104816
Car-1,2009-03-01 00:55:51,-121.4175033,47.4105166
Car-1,2009-03-01 00:55:55,-121.4176116,47.410515
Car-1,2009-03-01 00:55:57,-121.4176583,47.4105133
Car-1,2009-03-01 00:55:59,-121.4177016,47.4105199
Car-1,2009-03-01 00:56:01,-121.4177366,47.4105266
Car-1,2009-03-01 00:56:03,-121.4177816,47.4105266
Car-1,2009-03-01 00:56:06,-121.4178333,47.4105349
Car-1,2009-03-01 00:56:08,-121.4178816,47.4105399
Car-1,2009-03-01 00:56:10,-121.4179216,47.4105483
Car-1,2009-03-01 00:56:12,-121.4179599,47.4105566
Car-1,2009-03-01 00:56:14,-121.4179966,47.4105549
Car-1,2009-03-01 00:56:16,-121.4180316,47.4105616
Car-1,2009-03-01 00:56:18,-121.4180666,47.4105816
Car-1,2009-03-01 00:56:20,-121.4180949,47.4105766
Car-1,2009-03-01 00:56:22,-121.4181333,47.4105949
Car-1,2009-03-01 00:56:24,-121.4181683,47.4106033
Car-1,2009-03-01 00:56:26,-121.4182199,47.4105933
Car-1,2009-03-01 00:56:30,-121.4183049,47.4106066
Car-1,2009-03-01 00:56:32,-121.4183466,47.4106049
Car-1,2009-03-01 00:56:34,-121.4183933,47.4106016
Car-1,2009-03-01 00:56:36,-121.4184349,47.41058
Car-1,2009-03-01 00:56:38,-121.4184616,47.4105666
Car-1,2009-03-01 00:56:40,-121.4184999,47.410565
Car-1,2009-03-01 00:56:42,-121.4185399,47.4105616
Car-1,2009-03-01 00:56:44,-121.4185983,47.4105916
Car-1,2009-03-01 00:56:46,-121.4186583,47.41065
Car-1,2009-03-01 00:56:48,-121.4186399,47.4106083
Car-1,2009-03-01 00:56:50,-121.4186833,47.4105966
Car-1,2009-03-01 00:56:52,-121.4187433,47.4106099
Car-1,2009-03-01 00:56:54,-121.4187949,47.4106083
Car-1,2009-03-01 00:56:56,-121.4188366,47.4105833
Car-1,2009-03-01 00:57:00,-121.4189283,47.4105983
Car-1,2009-03-01 00:57:02,-121.418995,47.41062
Car-1,2009-03-01 00:57:04,-121.4190599,47.4106399
Car-1,2009-03-01 00:57:08,-121.4191799,47.4106599
Car-1,2009-03-01 00:57:10,-121.4192266,47.4106583
Car-1,2009-03-01 00:57:12,-121.4192283,47.4106233
Car-1,2009-03-01 00:57:14,-121.4192299,47.4106183
Car-1,2009-03-01 00:57:16,-121.4192983,47.4106566
Car-1,2009-03-01 00:57:18,-121.4193533,47.4106766
Car-1,2009-03-01 00:57:20,-121.4194099,47.41069
Car-1,2009-03-01 00:57:22,-121.4194416,47.4106916
Car-1,2009-03-01 00:57:24,-121.4195083,47.4107166
Car-1,2009-03-01 00:57:26,-121.4195616,47.4107116
Car-1,2009-03-01 00:57:28,-121.4195999,47.4106949
Car-1,2009-03-01 00:57:30,-121.4196466,47.4106983
Car-1,2009-03-01 00:57:32,-121.4196416,47.410685
Car-1,2009-03-01 00:57:34,-121.41966,47.410685
Car-1,2009-03-01 00:57:36,-121.4196749,47.4107016
Car-1,2009-03-01 00:57:38,-121.4197016,47.410725
Car-1,2009-03-01 00:57:40,-121.4197199,47.4107299
Car-1,2009-03-01 00:57:42,-121.4197249,47.4107766
Car-1,2009-03-01 00:57:44,-121.4196999,47.4107983
Car-1,2009-03-01 00:57:46,-121.4196933,47.410825
Car-1,2009-03-01 00:57:48,-121.41968,47.4108316
Car-1,2009-03-01 00:58:16,-121.4196616,47.4108233
Car-1,2009-03-01 00:58:18,-121.4196533,47.4108366
Car-1,2009-03-01 00:58:20,-121.4196049,47.4108566
Car-1,2009-03-01 00:58:24,-121.4194766,47.4109466
Car-1,2009-03-01 00:58:28,-121.41928,47.4109483
Car-1,2009-03-01 00:58:32,-121.41898,47.4110183
Car-1,2009-03-01 00:58:36,-121.4187749,47.41107
Car-1,2009-03-01 00:58:40,-121.418455,47.4110416
Car-1,2009-03-01 00:58:44,-121.41818,47.41102
Car-1,2009-03-01 00:58:48,-121.4178966,47.4109966
Car-1,2009-03-01 00:58:52,-121.4175949,47.4109449
Car-1,2009-03-01 00:58:56,-121.4173016,47.4107299
Car-1,2009-03-01 00:59:00,-121.4169183,47.4106599
Car-1,2009-03-01 00:59:06,-121.4164733,47.4106516
Car-1,2009-03-01 00:59:10,-121.4163549,47.4106466
Car-1,2009-03-01 00:59:14,-121.4162349,47.4105916
Car-1,2009-03-01 00:59:18,-121.4161,47.4104499
Car-1,2009-03-01 00:59:22,-121.415905,47.4105199
Car-1,2009-03-01 00:59:26,-121.4156483,47.4104633
Car-1,2009-03-01 00:59:30,-121.4152699,47.4102983
Car-1,2009-03-01 00:59:34,-121.4150366,47.4103433
Car-1,2009-03-01 00:59:38,-121.4148383,47.4103833
Car-1,2009-03-01 00:59:42,-121.4146583,47.4103499
Car-1,2009-03-01 00:59:46,-121.4144216,47.4102933
Car-1,2009-03-01 00:59:50,-121.4142783,47.4102516
Car-1,2009-03-01 00:59:52,-121.4142016,47.4102366
Car-1,2009-03-01 00:59:54,-121.4140933,47.4101683
Car-1,2009-03-01 01:00:17,-121.4139966,47.4100683
Car-1,2009-03-01 01:00:19,-121.4139916,47.4100783
Car-1,2009-03-01 01:00:21,-121.4139833,47.4100833
Car-1,2009-03-01 01:00:28,-121.4139749,47.41006
Car-1,2009-03-01 01:00:30,-121.4139816,47.4100633
Car-1,2009-03-01 01:00:32,-121.41399,47.4100666
Car-1,2009-03-01 01:00:35,-121.4140116,47.4100633
Car-1,2009-03-01 01:00:37,-121.4140816,47.4100649
Car-1,2009-03-01 01:00:41,-121.4141566,47.4100549
Car-1,2009-03-01 01:00:43,-121.4142183,47.41006
Car-1,2009-03-01 01:00:47,-121.414305,47.4100633
Car-1,2009-03-01 01:00:49,-121.4143366,47.4100566
Car-1,2009-03-01 01:00:53,-121.4144116,47.4100616
Car-1,2009-03-01 01:00:55,-121.4144516,47.4100633
Car-1,2009-03-01 01:00:59,-121.4145483,47.4100649
Car-1,2009-03-01 01:01:01,-121.4145849,47.4100666
Car-1,2009-03-01 01:01:05,-121.4146733,47.4100733
Car-1,2009-03-01 01:01:07,-121.4147116,47.410075
Car-1,2009-03-01 01:01:11,-121.414805,47.41008
Car-1,2009-03-01 01:01:13,-121.4148416,47.4100833
Car-1,2009-03-01 01:01:17,-121.4149316,47.4100899
Car-1,2009-03-01 01:01:21,-121.4150099,47.4100999
Car-1,2009-03-01 01:01:23,-121.41505,47.4101049
Car-1,2009-03-01 01:01:27,-121.4151349,47.4101116
Car-1,2009-03-01 01:01:29,-121.4151799,47.410115
Car-1,2009-03-01 01:01:33,-121.4152783,47.4101216
Car-1,2009-03-01 01:01:35,-121.4153249,47.4101249
Car-1,2009-03-01 01:01:39,-121.4154149,47.4101333
Car-1,2009-03-01 01:01:41,-121.4154566,47.4101383
Car-1,2009-03-01 01:01:45,-121.4155366,47.4101483
Car-1,2009-03-01 01:01:47,-121.4155799,47.4101483
Car-1,2009-03-01 01:01:51,-121.4156666,47.4101533
Car-1,2009-03-01 01:01:55,-121.4157383,47.4101599
Car-1,2009-03-01 01:01:57,-121.4157866,47.410165
Car-1,2009-03-01 01:02:01,-121.4158849,47.4101716
Car-1,2009-03-01 01:02:03,-121.4159333,47.4101766
Car-1,2009-03-01 01:02:07,-121.4160249,47.4101866
Car-1,2009-03-01 01:02:09,-121.4160716,47.4101916
Car-1,2009-03-01 01:02:13,-121.4161599,47.4102049
Car-1,2009-03-01 01:02:17,-121.4162466,47.4102166
Car-1,2009-03-01 01:02:19,-121.4162883,47.4102233
Car-1,2009-03-01 01:02:21,-121.4163333,47.4102299
Car-1,2009-03-01 01:02:23,-121.4163766,47.410235
Car-1,2009-03-01 01:02:25,-121.416415,47.4102433
Car-1,2009-03-01 01:02:27,-121.4164533,47.41025
Car-1,2009-03-01 01:02:29,-121.416485,47.4102549
Car-1,2009-03-01 01:02:31,-121.4165249,47.4102633
Car-1,2009-03-01 01:02:33,-121.4165666,47.4102683
Car-1,2009-03-01 01:02:35,-121.4166083,47.4102766
Car-1,2009-03-01 01:02:37,-121.4166449,47.410285
Car-1,2009-03-01 01:02:39,-121.4166866,47.4102916
Car-1,2009-03-01 01:02:41,-121.4167383,47.4102966
Car-1,2009-03-01 01:02:43,-121.4167816,47.4103033
Car-1,2009-03-01 01:02:45,-121.4168249,47.4103099
Car-1,2009-03-01 01:02:47,-121.4168683,47.4103166
Car-1,2009-03-01 01:02:49,-121.4169099,47.4103233
Car-1,2009-03-01 01:02:51,-121.4169483,47.4103299
Car-1,2009-03-01 01:02:53,-121.4169799,47.4103383
Car-1,2009-03-01 01:02:55,-121.4170166,47.4103449
Car-1,2009-03-01 01:02:57,-121.4170633,47.4103516
Car-1,2009-03-01 01:02:59,-121.4171116,47.4103583
Car-1,2009-03-01 01:03:01,-121.4171716,47.4103633
Car-1,2009-03-01 01:03:03,-121.41722,47.4103683
Car-1,2009-03-01 01:03:07,-121.4173116,47.4103799
Car-1,2009-03-01 01:03:09,-121.417355,47.4103866
Car-1,2009-03-01 01:03:11,-121.4173999,47.4103949
Car-1,2009-03-01 01:03:13,-121.4174416,47.4104016
Car-1,2009-03-01 01:03:15,-121.4174833,47.4104083
Car-1,2009-03-01 01:03:17,-121.4175249,47.4104149
Car-1,2009-03-01 01:03:19,-121.4175716,47.4104216
Car-1,2009-03-01 01:03:21,-121.4176133,47.4104283
Car-1,2009-03-01 01:03:23,-121.417655,47.4104349
Car-1,2009-03-01 01:03:25,-121.4176949,47.4104416
Car-1,2009-03-01 01:03:27,-121.4177349,47.4104483
Car-1,2009-03-01 01:03:29,-121.417775,47.4104549
Car-1,2009-03-01 01:03:31,-121.417825,47.4104616
Car-1,2009-03-01 01:03:33,-121.4178716,47.4104683
Car-1,2009-03-01 01:03:35,-121.4179116,47.410475
Car-1,2009-03-01 01:03:37,-121.4179533,47.4104816
Car-1,2009-03-01 01:03:39,-121.4179949,47.4104883
Car-1,2009-03-01 01:03:41,-121.4180383,47.410495
Car-1,2009-03-01 01:03:43,-121.4180816,47.4104999
Car-1,2009-03-01 01:03:45,-121.4181233,47.4105066
Car-1,2009-03-01 01:03:47,-121.41816,47.4105133
Car-1,2009-03-01 01:03:49,-121.41816,47.4105133
Car-1,2009-03-01 01:04:06,-121.41816,47.4105133
Car-1,2009-03-01 01:04:08,-121.4181633,47.4105133
Car-1,2009-03-01 01:04:10,-121.418195,47.4105199
Car-1,2009-03-01 01:04:12,-121.4182383,47.4105266
Car-1,2009-03-01 01:04:14,-121.4182783,47.4105316
Car-1,2009-03-01 01:04:16,-121.4183166,47.4105383
Car-1,2009-03-01 01:04:18,-121.4183616,47.410545
Car-1,2009-03-01 01:04:20,-121.4184016,47.4105516
Car-1,2009-03-01 01:04:22,-121.41844,47.4105583
Car-1,2009-03-01 01:04:24,-121.418475,47.410565
Car-1,2009-03-01 01:04:26,-121.4185066,47.4105716
Car-1,2009-03-01 01:04:28,-121.4185416,47.4105783
Car-1,2009-03-01 01:04:30,-121.41858,47.410585
Car-1,2009-03-01 01:04:32,-121.4186349,47.4105899
Car-1,2009-03-01 01:04:34,-121.4186799,47.4105949
Car-1,2009-03-01 01:04:36,-121.4187233,47.4106016
Car-1,2009-03-01 01:04:38,-121.4187666,47.4106066
Car-1,2009-03-01 01:04:40,-121.4188083,47.4106133
Car-1,2009-03-01 01:04:42,-121.4188483,47.41062
Car-1,2009-03-01 01:04:44,-121.4188933,47.4106249
Car-1,2009-03-01 01:04:46,-121.4189349,47.4106316
Car-1,2009-03-01 01:04:48,-121.4189633,47.4106399
Car-1,2009-03-01 01:04:50,-121.4190016,47.4106466
Car-1,2009-03-01 01:04:52,-121.4190466,47.4106533
Car-1,2009-03-01 01:04:54,-121.419105,47.4106599
Car-1,2009-03-01 01:04:56,-121.4191566,47.4106666
Car-1,2009-03-01 01:04:58,-121.4192183,47.4106766
Car-1,2009-03-01 01:05:00,-121.4192666,47.4106866
Car-1,2009-03-01 01:05:02,-121.4193216,47.4106966
Car-1,2009-03-01 01:05:04,-121.4193749,47.4107066
Car-1,2009-03-01 01:05:06,-121.4194066,47.4107099
Car-1,2009-03-01 01:05:08,-121.4194566,47.4107149
Car-1,2009-03-01 01:05:10,-121.4194983,47.4107183
Car-1,2009-03-01 01:05:12,-121.41952,47.410705
Car-1,2009-03-01 01:05:14,-121.4195683,47.4106916
Car-1,2009-03-01 01:05:16,-121.4195966,47.4106999
Car-1,2009-03-01 01:05:20,-121.4197083,47.4108416
Car-1,2009-03-01 01:05:24,-121.4196566,47.4107833
Car-1,2009-03-01 01:05:26,-121.4196416,47.4107816
Car-1,2009-03-01 01:05:28,-121.4195916,47.4108149
Car-1,2009-03-01 01:05:30,-121.4195699,47.4108149
Car-1,2009-03-01 01:05:32,-121.4195649,47.4107916
Car-1,2009-03-01 01:05:41,-121.4195149,47.4107566
Car-1,2009-03-01 01:05:43,-121.4195166,47.4107433
Car-1,2009-03-01 01:05:47,-121.4195216,47.41072
Car-1,2009-03-01 01:05:54,-121.4195216,47.41072
Car-1,2009-03-01 01:05:56,-121.4195166,47.4107133
Car-1,2009-03-01 01:05:58,-121.4195299,47.4107266
Car-1,2009-03-01 01:06:00,-121.41952,47.4107116
Car-1,2009-03-01 01:06:02,-121.4195099,47.4107066
Car-1,2009-03-01 01:06:05,-121.4195316,47.4107349
Car-1,2009-03-01 01:06:09,-121.419485,47.41076
Car-1,2009-03-01 01:06:10,-121.419485,47.41076
Car-1,2009-03-01 01:06:12,-121.41949,47.4107566
Car-1,2009-03-01 01:06:14,-121.4195016,47.4107649
Car-1,2009-03-01 01:06:16,-121.4195349,47.410775
Car-1,2009-03-01 01:06:18,-121.4195533,47.41079
Car-1,2009-03-01 01:06:20,-121.4195833,47.4107966
Car-1,2009-03-01 01:06:22,-121.4195849,47.4107699
Car-1,2009-03-01 01:06:24,-121.4195766,47.4107983
Car-1,2009-03-01 01:06:35,-121.4195783,47.41083
Car-1,2009-03-01 01:06:38,-121.4195933,47.4108349
Car-1,2009-03-01 01:06:39,-121.4195933,47.4108349
Car-1,2009-03-01 01:06:41,-121.4195999,47.4108366
Car-1,2009-03-01 01:06:43,-121.4195683,47.4108416
Car-1,2009-03-01 01:06:45,-121.4195099,47.410865
Car-1,2009-03-01 01:06:49,-121.41935,47.41097
Car-1,2009-03-01 01:06:53,-121.4191983,47.4111033
Car-1,2009-03-01 01:06:57,-121.4189233,47.4110666
Car-1,2009-03-01 01:07:01,-121.4186833,47.4109866
Car-1,2009-03-01 01:07:05,-121.4184183,47.4109866
Car-1,2009-03-01 01:07:09,-121.4182366,47.4110583
Car-1,2009-03-01 01:07:13,-121.4179266,47.4110766
Car-1,2009-03-01 01:07:17,-121.4176133,47.4109733
Car-1,2009-03-01 01:07:23,-121.4170916,47.4107933
Car-1,2009-03-01 01:07:29,-121.4168616,47.4105916
Car-1,2009-03-01 01:07:31,-121.4168099,47.41067
Car-1,2009-03-01 01:07:35,-121.4165649,47.4106316
Car-1,2009-03-01 01:07:39,-121.4160566,47.4102749
Car-1,2009-03-01 01:07:43,-121.4157533,47.4100633
Car-1,2009-03-01 01:07:47,-121.4155766,47.4099483
Car-1,2009-03-01 01:07:51,-121.4153866,47.4100999
Car-1,2009-03-01 01:07:55,-121.4151183,47.4102566
Car-1,2009-03-01 01:07:59,-121.4147983,47.4103483
Car-1,2009-03-01 01:08:03,-121.4144266,47.4102999
Car-1,2009-03-01 01:08:07,-121.4142483,47.4102399
Car-1,2009-03-01 01:08:09,-121.4141783,47.4101983
Car-1,2009-03-01 01:08:11,-121.4141183,47.4101616
Car-1,2009-03-01 01:08:13,-121.4140383,47.4101049
Car-1,2009-03-01 01:08:17,-121.4139583,47.4100383
Car-1,2009-03-01 01:08:19,-121.4139383,47.41001
Car-1,2009-03-01 01:08:21,-121.413915,47.4099999
Car-1,2009-03-01 01:08:23,-121.4138933,47.4099999
Car-1,2009-03-01 01:08:25,-121.4138983,47.4100083
Car-1,2009-03-01 01:08:27,-121.4139,47.410005
Car-1,2009-03-01 01:08:29,-121.4139166,47.4099849
Car-1,2009-03-01 01:08:39,-121.4139216,47.4099449
Car-1,2009-03-01 01:08:41,-121.41392,47.4099516
Car-1,2009-03-01 01:08:43,-121.4139283,47.4099499
Car-1,2009-03-01 01:08:45,-121.4139399,47.4099433
Car-1,2009-03-01 01:08:46,-121.4139399,47.4099433
Car-1,2009-03-01 01:08:48,-121.4139466,47.409935
Car-1,2009-03-01 01:08:54,-121.4139583,47.4099383
Car-1,2009-03-01 01:08:56,-121.4139866,47.40994
Car-1,2009-03-01 01:08:58,-121.4140266,47.4099449
Car-1,2009-03-01 01:09:02,-121.4140983,47.4099533
Car-1,2009-03-01 01:09:04,-121.4141416,47.4099616
Car-1,2009-03-01 01:09:08,-121.4142266,47.40997
Car-1,2009-03-01 01:09:12,-121.4143099,47.4099799
Car-1,2009-03-01 01:09:14,-121.4143633,47.40999
Car-1,2009-03-01 01:09:18,-121.4144633,47.4099999
Car-1,2009-03-01 01:09:22,-121.4145616,47.4099816
Car-1,2009-03-01 01:09:26,-121.4146533,47.409955
Car-1,2009-03-01 01:09:30,-121.4147499,47.4099466
Car-1,2009-03-01 01:09:32,-121.4148016,47.4099583
Car-1,2009-03-01 01:09:36,-121.4148933,47.4099949
Car-1,2009-03-01 01:09:40,-121.4149983,47.4099966
Car-1,2009-03-01 01:09:42,-121.4150433,47.4099983
Car-1,2009-03-01 01:09:44,-121.415085,47.4100166
Car-1,2009-03-01 01:09:48,-121.4151933,47.4100183
Car-1,2009-03-01 01:09:52,-121.41528,47.4100183
Car-1,2009-03-01 01:09:54,-121.4153266,47.410025
Car-1,2009-03-01 01:09:58,-121.4154149,47.4100433
Car-1,2009-03-01 01:10:00,-121.4154683,47.4100533
Car-1,2009-03-01 01:10:04,-121.41556,47.4100683
Car-1,2009-03-01 01:10:06,-121.4156016,47.4100716
Car-1,2009-03-01 01:10:10,-121.4156833,47.4100816
Car-1,2009-03-01 01:10:12,-121.4157249,47.4100883
Car-1,2009-03-01 01:10:16,-121.4158083,47.4101033
Car-1,2009-03-01 01:10:18,-121.4158499,47.4101083
Car-1,2009-03-01 01:10:22,-121.4159283,47.4101233
Car-1,2009-03-01 01:10:26,-121.4160066,47.4101383
Car-1,2009-03-01 01:10:30,-121.4160899,47.4101516
Car-1,2009-03-01 01:10:32,-121.4161283,47.4101599
Car-1,2009-03-01 01:10:34,-121.41617,47.4101666
Car-1,2009-03-01 01:10:36,-121.4162099,47.4101749
Car-1,2009-03-01 01:10:38,-121.4162533,47.4101816
Car-1,2009-03-01 01:10:40,-121.416295,47.4101883
Car-1,2009-03-01 01:10:44,-121.4163766,47.4102049
Car-1,2009-03-01 01:10:46,-121.4164116,47.4102099
Car-1,2009-03-01 01:10:48,-121.4164483,47.4102183
Car-1,2009-03-01 01:10:50,-121.4165016,47.4102233
Car-1,2009-03-01 01:10:52,-121.4165449,47.4102316
Car-1,2009-03-01 01:10:54,-121.4165866,47.4102399
Car-1,2009-03-01 01:10:56,-121.4166283,47.4102483
Car-1,2009-03-01 01:10:58,-121.4166699,47.4102533
Car-1,2009-03-01 01:11:02,-121.4167533,47.4102683
Car-1,2009-03-01 01:11:04,-121.416795,47.4102766
Car-1,2009-03-01 01:11:06,-121.4168366,47.410285
Car-1,2009-03-01 01:11:08,-121.4168766,47.4102916
Car-1,2009-03-01 01:11:10,-121.4169183,47.4102983
Car-1,2009-03-01 01:11:12,-121.4169583,47.4103066
Car-1,2009-03-01 01:11:14,-121.417005,47.4103149
Car-1,2009-03-01 01:11:16,-121.4170516,47.4103233
Car-1,2009-03-01 01:11:18,-121.4170899,47.4103299
Car-1,2009-03-01 01:11:20,-121.4171283,47.4103483
Car-1,2009-03-01 01:11:22,-121.4171716,47.410355
Car-1,2009-03-01 01:11:24,-121.417215,47.4103599
Car-1,2009-03-01 01:11:26,-121.4172566,47.4103616
Car-1,2009-03-01 01:11:28,-121.4172999,47.4103699
Car-1,2009-03-01 01:11:30,-121.4173416,47.4103783
Car-1,2009-03-01 01:11:32,-121.4173833,47.4103866
Car-1,2009-03-01 01:11:34,-121.4174266,47.4103916
Car-1,2009-03-01 01:11:36,-121.4174666,47.4104033
Car-1,2009-03-01 01:11:38,-121.4175066,47.4104133
Car-1,2009-03-01 01:11:40,-121.4175483,47.4104233
Car-1,2009-03-01 01:11:42,-121.4175883,47.4104333
Car-1,2009-03-01 01:11:46,-121.4176716,47.4104483
Car-1,2009-03-01 01:11:48,-121.4177099,47.4104566
Car-1,2009-03-01 01:11:50,-121.4177516,47.4104633
Car-1,2009-03-01 01:11:52,-121.4177916,47.4104699
Car-1,2009-03-01 01:11:54,-121.4178349,47.410475
Car-1,2009-03-01 01:11:56,-121.4178783,47.4104816
Car-1,2009-03-01 01:11:58,-121.4179183,47.4104866
Car-1,2009-03-01 01:12:00,-121.4179599,47.4104933
Car-1,2009-03-01 01:12:02,-121.418,47.4104999
Car-1,2009-03-01 01:12:04,-121.4180449,47.4105049
Car-1,2009-03-01 01:12:06,-121.4180883,47.4105116
Car-1,2009-03-01 01:12:08,-121.4181299,47.4105166
Car-1,2009-03-01 01:12:10,-121.4181733,47.4105216
Car-1,2009-03-01 01:12:12,-121.4182166,47.4105266
Car-1,2009-03-01 01:12:14,-121.4182566,47.4105333
Car-1,2009-03-01 01:12:16,-121.4182966,47.4105383
Car-1,2009-03-01 01:12:18,-121.4183366,47.410545
Car-1,2009-03-01 01:12:20,-121.4183716,47.4105533
Car-1,2009-03-01 01:12:22,-121.418405,47.4105599
Car-1,2009-03-01 01:12:24,-121.4184483,47.4105616
Car-1,2009-03-01 01:12:26,-121.4184916,47.4105666
Car-1,2009-03-01 01:12:28,-121.4185366,47.4105699
Car-1,2009-03-01 01:12:30,-121.4185849,47.4105766
Car-1,2009-03-01 01:12:32,-121.41863,47.41058
Car-1,2009-03-01 01:12:34,-121.4186733,47.4105866
Car-1,2009-03-01 01:12:36,-121.4187183,47.4105916
Car-1,2009-03-01 01:12:38,-121.4187599,47.4105983
Car-1,2009-03-01 01:12:40,-121.4187983,47.4106083
Car-1,2009-03-01 01:12:42,-121.41884,47.410615
Car-1,2009-03-01 01:12:44,-121.4188783,47.4106249
Car-1,2009-03-01 01:12:46,-121.4189133,47.410635
Car-1,2009-03-01 01:12:48,-121.4189499,47.4106449
Car-1,2009-03-01 01:12:50,-121.4189866,47.4106533
Car-1,2009-03-01 01:12:52,-121.4190266,47.4106616
Car-1,2009-03-01 01:12:54,-121.419085,47.4106566
Car-1,2009-03-01 01:12:56,-121.4191316,47.4106583
Car-1,2009-03-01 01:12:58,-121.4191966,47.4106749
Car-1,2009-03-01 01:13:02,-121.4193416,47.4106866
Car-1,2009-03-01 01:13:04,-121.41938,47.4106966
Car-1,2009-03-01 01:13:06,-121.4194283,47.4107116
Car-1,2009-03-01 01:13:08,-121.4194533,47.41072
Car-1,2009-03-01 01:13:10,-121.4194783,47.410725
Car-1,2009-03-01 01:13:12,-121.4195116,47.410705
Car-1,2009-03-01 01:13:14,-121.4195299,47.4106816
Car-1,2009-03-01 01:13:18,-121.4196399,47.4105749
Car-1,2009-03-01 01:13:22,-121.4196283,47.4105399
Car-1,2009-03-01 01:13:24,-121.4195766,47.410475
Car-1,2009-03-01 01:13:28,-121.4194749,47.4103566
Car-1,2009-03-01 01:13:32,-121.4192983,47.4103799
Car-1,2009-03-01 01:13:36,-121.4191783,47.4104416
Car-1,2009-03-01 01:13:40,-121.4190216,47.4103733
Car-1,2009-03-01 01:13:44,-121.4189133,47.4105616
Car-1,2009-03-01 01:13:50,-121.4187916,47.4106916
Car-1,2009-03-01 01:13:54,-121.4186399,47.4106949
Car-1,2009-03-01 01:13:58,-121.4184983,47.4107433
Car-1,2009-03-01 01:14:02,-121.4185716,47.4106683
Car-1,2009-03-01 01:14:06,-121.4183066,47.4106183
Car-1,2009-03-01 01:14:10,-121.4180366,47.4107266
Car-1,2009-03-01 01:14:14,-121.4177933,47.4108466
Car-1,2009-03-01 01:14:18,-121.4176116,47.4106633
Car-1,2009-03-01 01:14:22,-121.4173449,47.4106716
Car-1,2009-03-01 01:14:28,-121.4168099,47.4108166
Car-1,2009-03-01 01:14:32,-121.41671,47.4107583
Car-1,2009-03-01 01:14:36,-121.416365,47.4106933
Car-1,2009-03-01 01:14:40,-121.41622,47.4106416
Car-1,2009-03-01 01:14:44,-121.4161166,47.4105549
Car-1,2009-03-01 01:14:46,-121.4160233,47.4104833
Car-1,2009-03-01 01:14:50,-121.4158716,47.4103833
Car-1,2009-03-01 01:14:54,-121.4157066,47.4102983
Car-1,2009-03-01 01:14:58,-121.4155066,47.4101816
Car-1,2009-03-01 01:15:02,-121.4152199,47.4100116
Car-1,2009-03-01 01:15:06,-121.4149583,47.4099916
Car-1,2009-03-01 01:15:10,-121.4147983,47.40997
Car-1,2009-03-01 01:15:14,-121.4145349,47.4099916
Car-1,2009-03-01 01:15:18,-121.4143216,47.4099266
Car-1,2009-03-01 01:15:22,-121.4141849,47.4098583
Car-1,2009-03-01 01:15:24,-121.4141499,47.4098566
Car-1,2009-03-01 01:15:26,-121.4141066,47.4098216
Car-1,2009-03-01 01:15:28,-121.4140766,47.4097916
Car-1,2009-03-01 01:15:30,-121.4140933,47.4097516
Car-1,2009-03-01 01:15:32,-121.4140983,47.4097216
Car-1,2009-03-01 01:15:34,-121.41411,47.4096999
Car-1,2009-03-01 01:15:49,-121.4141233,47.40969
Car-1,2009-03-01 01:17:48,-121.4137533,47.4097749
Car-1,2009-03-01 01:17:50,-121.4137416,47.4098
Car-1,2009-03-01 01:17:52,-121.4136966,47.4098949
Car-1,2009-03-01 01:17:56,-121.4135833,47.4097866
Car-1,2009-03-01 01:18:00,-121.4134716,47.4098633
Car-1,2009-03-01 01:18:02,-121.4133166,47.4098133
Car-1,2009-03-01 01:18:06,-121.4131366,47.4097066
Car-1,2009-03-01 01:18:08,-121.4131566,47.4096366
Car-1,2009-03-01 01:18:10,-121.4131966,47.4096483
Car-1,2009-03-01 01:18:12,-121.4132283,47.4096616
Car-1,2009-03-01 01:18:16,-121.4132783,47.4096566
Car-1,2009-03-01 01:18:20,-121.4132866,47.40976
Car-1,2009-03-01 01:18:34,-121.4132683,47.4096866
Car-1,2009-03-01 01:18:35,-121.4132683,47.4096866
Car-1,2009-03-01 01:18:37,-121.4132716,47.4096799
Car-1,2009-03-01 01:18:39,-121.4133116,47.4097016
Car-1,2009-03-01 01:18:41,-121.4133733,47.4097116
Car-1,2009-03-01 01:18:43,-121.4133999,47.4096666
Car-1,2009-03-01 01:18:45,-121.4134149,47.4096333
Car-1,2009-03-01 01:18:47,-121.4134033,47.4096266
Car-1,2009-03-01 01:18:49,-121.4133616,47.4096216
Car-1,2009-03-01 01:18:51,-121.4133583,47.4096616
Car-1,2009-03-01 01:18:53,-121.4133783,47.4096799
Car-1,2009-03-01 01:18:55,-121.4133616,47.4096716
Car-1,2009-03-01 01:18:57,-121.4133316,47.4096066
Car-1,2009-03-01 01:18:59,-121.41336,47.4096316
Car-1,2009-03-01 01:19:01,-121.4133283,47.4096616
Car-1,2009-03-01 01:19:05,-121.4133433,47.4096866
Car-1,2009-03-01 01:19:07,-121.4132933,47.4096699
Car-1,2009-03-01 01:19:09,-121.4132366,47.4096633
Car-1,2009-03-01 01:19:11,-121.4132449,47.4096916
Car-1,2009-03-01 01:19:13,-121.4132183,47.4096483
Car-1,2009-03-01 01:19:15,-121.4131866,47.4096216
Car-1,2009-03-01 01:19:17,-121.4131666,47.4096149
Car-1,2009-03-01 01:19:19,-121.4131483,47.4096283
Car-1,2009-03-01 01:19:21,-121.4131433,47.4096233
Car-1,2009-03-01 01:19:23,-121.4131383,47.4096466
Car-1,2009-03-01 01:19:25,-121.4131449,47.4096416
Car-1,2009-03-01 01:19:27,-121.4131549,47.4096866
Car-1,2009-03-01 01:19:31,-121.4132266,47.4097883
Car-1,2009-03-01 01:19:35,-121.4132466,47.4097383
Car-1,2009-03-01 01:19:37,-121.413275,47.4097416
Car-1,2009-03-01 01:19:39,-121.4132633,47.4097533
Car-1,2009-03-01 01:19:41,-121.4132383,47.4097716
Car-1,2009-03-01 01:19:43,-121.4132066,47.409765
Car-1,2009-03-01 01:19:45,-121.4131583,47.4097766
Car-1,2009-03-01 01:19:47,-121.41308,47.4097399
Car-1,2009-03-01 01:19:49,-121.4130433,47.40973
Car-1,2009-03-01 01:19:51,-121.41301,47.4097183
Car-1,2009-03-01 01:19:53,-121.4129766,47.4097116
Car-1,2009-03-01 01:19:55,-121.4128633,47.4096616
Car-1,2009-03-01 01:19:57,-121.4128599,47.4096666
Car-1,2009-03-01 01:19:59,-121.4128749,47.4096499
Car-1,2009-03-01 01:20:08,-121.4128799,47.40966
Car-1,2009-03-01 01:20:10,-121.4128866,47.4096683
Car-1,2009-03-01 01:20:12,-121.4128966,47.4096816
Car-1,2009-03-01 01:20:14,-121.4129083,47.409695
Car-1,2009-03-01 01:20:29,-121.4130716,47.4098899
Car-1,2009-03-01 02:00:57,-121.4963149,47.3988316
Car-1,2009-03-01 02:01:07,-121.5004816,47.3986549
Car-1,2009-03-01 02:01:17,-121.5044766,47.398435
Car-1,2009-03-01 02:01:27,-121.5086966,47.3984816
Car-1,2009-03-01 02:01:38,-121.5133016,47.396895
Car-1,2009-03-01 02:01:48,-121.5168016,47.396125
Car-1,2009-03-01 02:01:58,-121.5207499,47.39548
Car-1,2009-03-01 02:02:08,-121.5251566,47.3954049
Car-1,2009-03-01 02:02:18,-121.5294999,47.3956949
Car-1,2009-03-01 02:02:28,-121.5339849,47.3963233
Car-1,2009-03-01 02:02:38,-121.5383932,47.3969583
Car-1,2009-03-01 02:02:48,-121.5424582,47.397545
Car-1,2009-03-01 02:02:58,-121.546605,47.3979616
Car-1,2009-03-01 02:03:08,-121.5505816,47.3986833
Car-1,2009-03-01 02:03:18,-121.5538066,47.40039
Car-1,2009-03-01 02:03:28,-121.5572499,47.4023383
Car-1,2009-03-01 02:03:38,-121.5609282,47.4037266
Car-1,2009-03-01 02:03:48,-121.5651166,47.4045316
Car-1,2009-03-01 02:03:58,-121.569155,47.4053083
Car-1,2009-03-01 02:04:08,-121.57235,47.406605
Car-1,2009-03-01 02:04:18,-121.5747933,47.4086433
Car-1,2009-03-01 02:04:28,-121.5776399,47.4102483
Car-1,2009-03-01 02:04:38,-121.58087,47.4117883
Car-1,2009-03-01 02:04:48,-121.5838099,47.4135249
Car-1,2009-03-01 02:04:58,-121.5854966,47.4158233
Car-1,2009-03-01 02:05:08,-121.5872966,47.4181816
Car-1,2009-03-01 02:05:18,-121.5903483,47.4199783
Car-1,2009-03-01 02:05:28,-121.5931233,47.4219733
Car-1,2009-03-01 02:05:38,-121.5953099,47.4239716
Car-1,2009-03-01 02:05:48,-121.59819,47.4252166
Car-1,2009-03-01 02:05:58,-121.6019933,47.4255933
Car-1,2009-03-01 02:06:08,-121.6057666,47.4264416
Car-1,2009-03-01 02:06:18,-121.6097199,47.427745
Car-1,2009-03-01 02:06:28,-121.6135833,47.4289933
Car-1,2009-03-01 02:06:38,-121.6177016,47.4292533
Car-1,2009-03-01 02:06:48,-121.6221083,47.4287733
Car-1,2009-03-01 02:06:58,-121.6265316,47.4291833
Car-1,2009-03-01 02:07:08,-121.6310116,47.4296616
Car-1,2009-03-01 02:07:18,-121.6349433,47.4305566
Car-1,2009-03-01 02:07:28,-121.6384516,47.4322983
Car-1,2009-03-01 02:07:38,-121.6418433,47.4343083
Car-1,2009-03-01 02:07:48,-121.6454233,47.4361333
Car-1,2009-03-01 02:07:58,-121.64896,47.4378599
Car-1,2009-03-01 02:08:08,-121.6524866,47.4395183
Car-1,2009-03-01 02:08:18,-121.6560599,47.441205
Car-1,2009-03-01 02:08:28,-121.6596049,47.442605
Car-1,2009-03-01 02:08:38,-121.6635166,47.44342
Car-1,2009-03-01 02:08:48,-121.667725,47.443495
Car-1,2009-03-01 02:08:58,-121.6720016,47.443285
Car-1,2009-03-01 02:09:08,-121.6759583,47.4437616
Car-1,2009-03-01 02:09:18,-121.679845,47.4441916
Car-1,2009-03-01 02:09:29,-121.6841066,47.4439399
Car-1,2009-03-01 02:09:39,-121.6881049,47.4438516
Car-1,2009-03-01 02:09:49,-121.6918616,47.4448949
Car-1,2009-03-01 02:09:59,-121.6954649,47.4465516
Car-1,2009-03-01 02:10:09,-121.6985116,47.4486299
Car-1,2009-03-01 02:10:19,-121.7004883,47.4513266
Car-1,2009-03-01 02:10:29,-121.7017332,47.4542616
Car-1,2009-03-01 02:10:39,-121.7024066,47.4573
Car-1,2009-03-01 02:10:49,-121.7034183,47.4600466
Car-1,2009-03-01 02:10:59,-121.7057333,47.462275
Car-1,2009-03-01 02:11:09,-121.7091816,47.4638199
Car-1,2009-03-01 02:11:19,-121.7134216,47.464805
Car-1,2009-03-01 02:11:29,-121.7175366,47.4659516
Car-1,2009-03-01 02:11:39,-121.7213349,47.4672116
Car-1,2009-03-01 02:11:49,-121.725195,47.4684783
Car-1,2009-03-01 02:11:59,-121.7292016,47.4697883
Car-1,2009-03-01 02:12:09,-121.733295,47.4711233
Car-1,2009-03-01 02:12:19,-121.7372399,47.4723166
Car-1,2009-03-01 02:12:29,-121.7411366,47.4734
Car-1,2009-03-01 02:12:39,-121.7451783,47.4737416
Car-1,2009-03-01 02:12:49,-121.7496966,47.4737399
Car-1,2009-03-01 02:12:59,-121.753895,47.4737266
Car-1,2009-03-01 02:13:09,-121.7579099,47.4736916
Car-1,2009-03-01 02:13:19,-121.7618016,47.4736766
Car-1,2009-03-01 02:13:29,-121.7656783,47.4736416
Car-1,2009-03-01 02:13:39,-121.7696499,47.4736466
Car-1,2009-03-01 02:13:49,-121.7737033,47.4736516
Car-1,2009-03-01 02:13:59,-121.7775733,47.4737083
Car-1,2009-03-01 02:14:09,-121.7811699,47.4744716
Car-1,2009-03-01 02:14:19,-121.7841766,47.4761966
Car-1,2009-03-01 02:14:29,-121.7865883,47.47858
Car-1,2009-03-01 02:14:39,-121.7889049,47.4810399
Car-1,2009-03-01 02:14:49,-121.7912966,47.4834566
Car-1,2009-03-01 02:14:59,-121.7936783,47.4858016
Car-1,2009-03-01 02:15:09,-121.7962083,47.4883466
Car-1,2009-03-01 02:15:19,-121.7989066,47.4904633
Car-1,2009-03-01 02:15:29,-121.8017533,47.4920533
Car-1,2009-03-01 02:15:39,-121.8048766,47.4933599
Car-1,2009-03-01 02:15:49,-121.8084066,47.4942649
Car-1,2009-03-01 02:15:59,-121.8120399,47.4955716
Car-1,2009-03-01 02:16:09,-121.8149833,47.4970833
Car-1,2009-03-01 02:16:19,-121.8171883,47.4989916
Car-1,2009-03-01 02:16:29,-121.8195433,47.501135
Car-1,2009-03-01 02:16:39,-121.8220016,47.5034666
Car-1,2009-03-01 02:16:49,-121.824495,47.5057766
Car-1,2009-03-01 02:16:59,-121.8269566,47.508085
Car-1,2009-03-01 02:17:09,-121.8296983,47.5102683
Car-1,2009-03-01 02:17:19,-121.832465,47.5124599
Car-1,2009-03-01 02:17:29,-121.835255,47.5142949
Car-1,2009-03-01 02:17:39,-121.8387466,47.5152083
Car-1,2009-03-01 02:17:49,-121.8424866,47.5152183
Car-1,2009-03-01 02:17:59,-121.8461933,47.5143516
Car-1,2009-03-01 02:18:09,-121.849955,47.5132466
Car-1,2009-03-01 02:18:19,-121.8536766,47.51217
Car-1,2009-03-01 02:18:29,-121.8572716,47.511425
Car-1,2009-03-01 02:18:39,-121.8607582,47.5113966
Car-1,2009-03-01 02:18:49,-121.8646,47.5115149
Car-1,2009-03-01 02:18:59,-121.8686783,47.5111499
Car-1,2009-03-01 02:19:09,-121.8727483,47.5105049
Car-1,2009-03-01 02:19:19,-121.8768799,47.5098933
Car-1,2009-03-01 02:19:29,-121.8811449,47.5093699
Car-1,2009-03-01 02:19:39,-121.8855249,47.5088183
Car-1,2009-03-01 02:19:49,-121.8898416,47.5083
Car-1,2009-03-01 02:19:59,-121.8942666,47.5078133
Car-1,2009-03-01 02:20:09,-121.8987216,47.5072983
Car-1,2009-03-01 02:20:19,-121.9024999,47.5073916
Car-1,2009-03-01 02:20:29,-121.9057783,47.5087566
Car-1,2009-03-01 02:20:39,-121.9088233,47.5107783
Car-1,2009-03-01 02:20:49,-121.9122399,47.51277
Car-1,2009-03-01 02:20:59,-121.915525,47.5147266
Car-1,2009-03-01 02:21:09,-121.9195116,47.5163716
Car-1,2009-03-01 02:21:19,-121.9234333,47.5179783
Car-1,2009-03-01 02:21:29,-121.9273699,47.5196066
Car-1,2009-03-01 02:21:39,-121.9310683,47.521045
Car-1,2009-03-01 02:21:49,-121.9345416,47.5221633
Car-1,2009-03-01 02:21:59,-121.93678,47.5239416
Car-1,2009-03-01 02:22:09,-121.9384066,47.5260749
Car-1,2009-03-01 02:22:19,-121.9402,47.5283649
Car-1,2009-03-01 02:22:29,-121.9422399,47.5304666
Car-1,2009-03-01 02:22:39,-121.9453333,47.5317483
Car-1,2009-03-01 02:22:49,-121.9490399,47.5322733
Car-1,2009-03-01 02:22:59,-121.9530849,47.5326933
Car-1,2009-03-01 02:23:09,-121.9571716,47.5330883
Car-1,2009-03-01 02:23:19,-121.9610883,47.5337899
Car-1,2009-03-01 02:23:29,-121.9646683,47.5349849
Car-1,2009-03-01 02:23:39,-121.9682749,47.5361166
Car-1,2009-03-01 02:23:49,-121.9720866,47.5362066
Car-1,2009-03-01 02:23:59,-121.9752683,47.5347383
Car-1,2009-03-01 02:24:09,-121.9777049,47.5326183
Car-1,2009-03-01 02:24:19,-121.9810266,47.5313516
Car-1,2009-03-01 02:24:29,-121.9850099,47.5312816
Car-1,2009-03-01 02:24:39,-121.9890199,47.5315016
Car-1,2009-03-01 02:24:49,-121.9928699,47.5319383
Car-1,2009-03-01 02:24:59,-121.99662,47.5328566
Car-1,2009-03-01 02:25:09,-122.0004216,47.5341466
Car-1,2009-03-01 02:25:19,-122.0037116,47.5355133
Car-1,2009-03-01 02:25:29,-122.0066616,47.5368283
Car-1,2009-03-01 02:25:39,-122.0097166,47.5374099
Car-1,2009-03-01 02:25:49,-122.0132566,47.5367016
Car-1,2009-03-01 02:25:59,-122.01621,47.5349833
Car-1,2009-03-01 02:26:09,-122.0187733,47.533405
Car-1,2009-03-01 02:26:19,-122.0215266,47.5321083
Car-1,2009-03-01 02:26:29,-122.0244983,47.5318483
Car-1,2009-03-01 02:26:39,-122.0277633,47.5326383
Car-1,2009-03-01 02:26:49,-122.0302683,47.5345449
Car-1,2009-03-01 02:26:59,-122.0322616,47.5368083
Car-1,2009-03-01 02:27:09,-122.0341449,47.5389233
Car-1,2009-03-01 02:27:19,-122.0367099,47.54093
Car-1,2009-03-01 02:27:29,-122.039995,47.5425416
Car-1,2009-03-01 02:27:39,-122.0433116,47.5441199
Car-1,2009-03-01 02:27:49,-122.0463083,47.5450699
Car-1,2009-03-01 02:27:59,-122.0494833,47.545445
Car-1,2009-03-01 02:28:09,-122.052905,47.5457899
Car-1,2009-03-01 02:28:19,-122.0561416,47.5467016
Car-1,2009-03-01 02:28:29,-122.0595116,47.5480016
Car-1,2009-03-01 02:28:39,-122.0631033,47.5493999
Car-1,2009-03-01 02:28:49,-122.0667199,47.5507966
Car-1,2009-03-01 02:28:59,-122.0702166,47.5521583
Car-1,2009-03-01 02:29:09,-122.0734116,47.5534066
Car-1,2009-03-01 02:29:19,-122.0765816,47.5546516
Car-1,2009-03-01 02:29:29,-122.0797233,47.55587
Car-1,2009-03-01 02:29:39,-122.0830133,47.5571582
Car-1,2009-03-01 02:29:49,-122.0862716,47.5584516
Car-1,2009-03-01 02:29:59,-122.0890666,47.5598066
Car-1,2009-03-01 02:30:09,-122.0918216,47.5613033
Car-1,2009-03-01 02:30:19,-122.0945049,47.5627833
Car-1,2009-03-01 02:30:29,-122.0971916,47.5642683
Car-1,2009-03-01 02:30:39,-122.1000216,47.5658449
Car-1,2009-03-01 02:30:49,-122.1027983,47.5674099
Car-1,2009-03-01 02:30:59,-122.1058299,47.5689483
Car-1,2009-03-01 02:31:09,-122.1089833,47.5702016
Car-1,2009-03-01 02:31:19,-122.1121083,47.5713016
Car-1,2009-03-01 02:31:29,-122.1153783,47.5724849
Car-1,2009-03-01 02:31:39,-122.1187116,47.5736416
Car-1,2009-03-01 02:31:49,-122.1216966,47.5747099
Car-1,2009-03-01 02:31:59,-122.1246833,47.5757666
Car-1,2009-03-01 02:32:09,-122.1276033,47.5768133
Car-1,2009-03-01 02:32:19,-122.1305016,47.5778316
Car-1,2009-03-01 02:32:29,-122.1334783,47.578655
Car-1,2009-03-01 02:32:39,-122.136855,47.5790166
Car-1,2009-03-01 02:32:49,-122.1403583,47.5791649
Car-1,2009-03-01 02:32:59,-122.1436349,47.5793166
Car-1,2009-03-01 02:33:09,-122.1468766,47.5794883
Car-1,2009-03-01 02:33:19,-122.1500549,47.5796482
Car-1,2009-03-01 02:33:29,-122.1532249,47.5798166
Car-1,2009-03-01 02:33:35,-122.1547533,47.5799316
Car-1,2009-03-01 02:33:41,-122.1564649,47.5800266
Car-1,2009-03-01 02:33:51,-122.1595349,47.5801833
Car-1,2009-03-01 02:34:01,-122.1627049,47.5803349
Car-1,2009-03-01 02:34:11,-122.1656833,47.5804733
Car-1,2009-03-01 02:34:21,-122.169075,47.5807099
Car-1,2009-03-01 02:34:31,-122.1720433,47.5811049
Car-1,2009-03-01 02:34:37,-122.1734249,47.5814549
Car-1,2009-03-01 02:34:43,-122.1744449,47.5820649
Car-1,2009-03-01 02:34:49,-122.1753633,47.5829066
Car-1,2009-03-01 02:34:55,-122.1763483,47.5838166
Car-1,2009-03-01 02:35:01,-122.1773433,47.5848449
Car-1,2009-03-01 02:35:11,-122.1788233,47.5866016
Car-1,2009-03-01 02:35:17,-122.1794216,47.5876699
Car-1,2009-03-01 02:35:23,-122.1797716,47.5887316
Car-1,2009-03-01 02:35:29,-122.1800666,47.5898932
Car-1,2009-03-01 02:35:35,-122.1803749,47.5910899
Car-1,2009-03-01 02:35:45,-122.1805049,47.5931899
Car-1,2009-03-01 02:35:55,-122.1801383,47.5954783
Car-1,2009-03-01 02:36:05,-122.1797983,47.5978532
Car-1,2009-03-01 02:36:15,-122.1804033,47.5996399
Car-1,2009-03-01 02:36:21,-122.1811099,47.6005683
Car-1,2009-03-01 02:36:27,-122.1820649,47.6014966
Car-1,2009-03-01 02:36:33,-122.1831233,47.6025182
Car-1,2009-03-01 02:36:43,-122.1848666,47.6043183
Car-1,2009-03-01 02:36:53,-122.1862616,47.6059783
Car-1,2009-03-01 02:36:59,-122.1869083,47.6068549
Car-1,2009-03-01 02:37:05,-122.1874733,47.6077149
Car-1,2009-03-01 02:37:11,-122.1878966,47.6087083
Car-1,2009-03-01 02:37:17,-122.18821,47.6098033
Car-1,2009-03-01 02:37:23,-122.1883449,47.6108083
Car-1,2009-03-01 02:37:29,-122.1882933,47.611785
Car-1,2009-03-01 02:37:35,-122.1882233,47.6127599
Car-1,2009-03-01 02:38:12,-122.1882116,47.6132999
Car-1,2009-03-01 02:38:16,-122.1882266,47.6133932
Car-1,2009-03-01 02:38:20,-122.1883449,47.61352
Car-1,2009-03-01 02:38:24,-122.1887416,47.6135799
Car-1,2009-03-01 02:38:30,-122.1895033,47.6137249
Car-1,2009-03-01 02:38:36,-122.1902316,47.6137649
Car-1,2009-03-01 02:38:42,-122.1906483,47.6137699
Car-1,2009-03-01 02:39:04,-122.1905783,47.6138016
Car-1,2009-03-01 02:39:06,-122.1906683,47.6138083
Car-1,2009-03-01 02:39:10,-122.1910999,47.6138166
Car-1,2009-03-01 02:39:16,-122.1920949,47.6138349
Car-1,2009-03-01 02:39:22,-122.192965,47.6138716
Car-1,2009-03-01 02:39:26,-122.1932316,47.6138649
Car-1,2009-03-01 02:39:30,-122.1936266,47.6134666
Car-1,2009-03-01 02:39:32,-122.1936216,47.6134683
Car-1,2009-03-01 02:39:34,-122.1936399,47.6134833
Car-1,2009-03-01 02:39:36,-122.193805,47.6134999
Car-1,2009-03-01 02:39:40,-122.1943149,47.6135233
Car-1,2009-03-01 02:39:46,-122.1952949,47.6135233
Car-1,2009-03-01 02:39:52,-122.1954183,47.6140133
Car-1,2009-03-01 02:40:04,-122.1955383,47.6139783
Car-1,2009-03-01 02:40:06,-122.19555,47.6139833
Car-1,2009-03-01 02:40:08,-122.1956316,47.6139899
Car-1,2009-03-01 02:40:12,-122.1959216,47.6140149
Car-1,2009-03-01 02:40:16,-122.1964316,47.6140316
Car-1,2009-03-01 02:40:22,-122.1973766,47.6138883
Car-1,2009-03-01 02:40:29,-122.1982766,47.6138599
Car-1,2009-03-01 02:40:35,-122.1985766,47.6138733
Car-1,2009-03-01 02:40:37,-122.1986016,47.6138683
Car-1,2009-03-01 02:40:41,-122.198615,47.6138599
Car-1,2009-03-01 02:41:26,-122.198615,47.6138599
Car-1,2009-03-01 02:41:28,-122.1986183,47.6138583
Car-1,2009-03-01 02:41:30,-122.1986583,47.6138566
Car-1,2009-03-01 02:41:34,-122.1988449,47.6137899
Car-1,2009-03-01 02:41:38,-122.1988783,47.6135699
Car-1,2009-03-01 02:41:44,-122.1988433,47.6129683
Car-1,2009-03-01 02:41:50,-122.1987883,47.6124449
Car-1,2009-03-01 02:41:56,-122.1987849,47.6122166
Car-1,2009-03-01 02:42:00,-122.1987999,47.6120949
Car-1,2009-03-01 02:42:04,-122.1986533,47.6119816
Car-1,2009-03-01 02:42:08,-122.1984366,47.6119266
Car-1,2009-03-01 02:42:12,-122.1982733,47.6119082
Car-1,2009-03-01 02:42:16,-122.1982783,47.6118733
Car-1,2009-03-01 02:42:18,-122.1982866,47.6118733
Car-1,2009-03-01 02:42:20,-122.1982766,47.6118366
Car-1,2009-03-01 02:42:22,-122.1982583,47.6117933
Car-1,2009-03-01 02:42:24,-122.19823,47.6117682
Car-1,2009-03-01 02:42:26,-122.1981999,47.6117516
Car-1,2009-03-01 02:42:28,-122.1982216,47.6118783
Car-1,2009-03-01 02:42:30,-122.1982216,47.6119149
Car-1,2009-03-01 02:42:32,-122.1982466,47.6120299
Car-1,2009-03-01 02:42:34,-122.1982699,47.6121316
Car-1,2009-03-01 02:42:36,-122.1982666,47.6121649
Car-1,2009-03-01 02:42:38,-122.1982583,47.6121866
Car-1,2009-03-01 02:42:40,-122.1982616,47.6121966
Car-1,2009-03-01 02:42:42,-122.1982599,47.6121983
Car-1,2009-03-01 02:43:32,-122.1982499,47.6121732
Car-1,2009-03-01 02:43:34,-122.1982449,47.6121866
Car-1,2009-03-01 02:43:36,-122.1982349,47.6121983
Car-1,2009-03-01 02:43:38,-122.1982233,47.6122083
Car-1,2009-03-01 02:43:40,-122.1982166,47.6122133
Car-1,2009-03-01 02:44:05,-122.1982166,47.6122133
Car-1,2009-03-01 02:44:07,-122.1982133,47.6122133
Car-1,2009-03-01 02:44:09,-122.1982016,47.6122116
Car-1,2009-03-01 02:44:21,-122.1982016,47.6122116
Car-1,2009-03-01 02:44:23,-122.1981933,47.6122032
Car-1,2009-03-01 02:44:25,-122.1981816,47.612175
Car-1,2009-03-01 02:45:00,-122.1981816,47.612175
Car-1,2009-03-01 02:45:02,-122.1981783,47.6121833
Car-1,2009-03-01 02:45:04,-122.1981883,47.6121766
Car-1,2009-03-01 02:45:06,-122.1981966,47.6121699
Car-1,2009-03-01 02:45:19,-122.1982116,47.6121766
Car-1,2009-03-01 02:45:24,-122.1982116,47.6121766
Car-1,2009-03-01 02:45:26,-122.1982183,47.6121783
Car-1,2009-03-01 02:45:28,-122.19824,47.6121716
Car-1,2009-03-01 02:45:30,-122.1982566,47.6121649
Car-1,2009-03-01 02:45:32,-122.1982533,47.61216
Car-1,2009-03-01 02:45:34,-122.1982349,47.6121699
Car-1,2009-03-01 02:45:36,-122.198185,47.6121383
Car-1,2009-03-01 02:45:38,-122.1981266,47.612105
Car-1,2009-03-01 02:45:40,-122.1980583,47.6121466
Car-1,2009-03-01 02:45:42,-122.1979833,47.612205
Car-1,2009-03-01 02:45:44,-122.197845,47.6122799
Car-1,2009-03-01 02:45:48,-122.197705,47.6122533
Car-1,2009-03-01 02:45:50,-122.1976416,47.6122732
Car-1,2009-03-01 02:45:53,-122.1975866,47.6122816
Car-1,2009-03-01 02:45:55,-122.1975783,47.6123132
Car-1,2009-03-01 02:45:57,-122.1975766,47.6123383
Car-1,2009-03-01 02:45:59,-122.1975949,47.6123416
Car-1,2009-03-01 02:46:01,-122.1975883,47.6123599
Car-1,2009-03-01 02:46:04,-122.1976283,47.6123083
Car-1,2009-03-01 02:46:06,-122.1976966,47.6122283
Car-1,2009-03-01 02:46:08,-122.1977783,47.6121816
Car-1,2009-03-01 02:46:10,-122.1978733,47.6121483
Car-1,2009-03-01 02:46:12,-122.1979416,47.6121266
Car-1,2009-03-01 02:46:14,-122.1979783,47.6121466
Car-1,2009-03-01 02:46:16,-122.19801,47.6121332
Car-1,2009-03-01 02:46:18,-122.198045,47.612105
Car-1,2009-03-01 02:46:20,-122.1980683,47.6120849
Car-1,2009-03-01 02:46:22,-122.1980716,47.6120599
Car-1,2009-03-01 02:46:24,-122.1980516,47.6120783
Car-1,2009-03-01 02:46:27,-122.1979733,47.6121066
Car-1,2009-03-01 02:46:29,-122.1979133,47.612135
Car-1,2009-03-01 02:46:31,-122.1978133,47.6122166
Car-1,2009-03-01 02:46:33,-122.1977349,47.6123
Car-1,2009-03-01 02:46:35,-122.19768,47.6123599
Car-1,2009-03-01 02:46:37,-122.1976216,47.6124216
Car-1,2009-03-01 02:46:44,-122.1976533,47.6124433
Car-1,2009-03-01 02:46:47,-122.1977983,47.6122549
Car-1,2009-03-01 02:46:49,-122.1978399,47.6122266
Car-1,2009-03-01 02:46:51,-122.1978333,47.6122216
Car-1,2009-03-01 02:46:53,-122.1978149,47.6122249
Car-1,2009-03-01 02:46:55,-122.1978616,47.6121849
Car-1,2009-03-01 02:46:57,-122.1978966,47.6121616
Car-1,2009-03-01 02:46:59,-122.1978699,47.6122016
Car-1,2009-03-01 02:47:01,-122.1978266,47.6122633
Car-1,2009-03-01 02:47:03,-122.1977999,47.612315
Car-1,2009-03-01 02:47:05,-122.1977566,47.6123616
Car-1,2009-03-01 02:47:07,-122.1977199,47.6123799
Car-1,2009-03-01 02:47:09,-122.1977133,47.612385
Car-1,2009-03-01 02:47:11,-122.19768,47.6124216
Car-1,2009-03-01 02:47:16,-122.1975883,47.6126966
Car-1,2009-03-01 02:47:20,-122.1974749,47.6127733
Car-1,2009-03-01 02:47:24,-122.1974583,47.6127216
Car-1,2009-03-01 02:47:28,-122.1974516,47.6126616
Car-1,2009-03-01 02:47:30,-122.19746,47.6126049
Car-1,2009-03-01 02:47:32,-122.19762,47.6124216
Car-1,2009-03-01 02:47:34,-122.1976749,47.6123516
Car-1,2009-03-01 02:47:36,-122.1976533,47.6123733
Car-1,2009-03-01 02:48:02,-122.1976266,47.6124
Car-1,2009-03-01 02:48:04,-122.1976083,47.612415
Car-1,2009-03-01 02:48:06,-122.1976083,47.6124083
Car-1,2009-03-01 02:48:08,-122.1975983,47.6124199
Car-1,2009-03-01 02:48:10,-122.1976033,47.6124116
Car-1,2009-03-01 02:48:35,-122.1976033,47.6124116
Car-1,2009-03-01 02:48:37,-122.1975983,47.6124099
Car-1,2009-03-01 02:48:39,-122.1975866,47.6124066
Car-1,2009-03-01 02:48:42,-122.1975816,47.6123966
Car-1,2009-03-01 02:49:05,-122.1975816,47.6123966
Car-1,2009-03-01 02:49:07,-122.1975733,47.6123982
Car-1,2009-03-01 02:49:09,-122.19755,47.6124233
Car-1,2009-03-01 02:49:11,-122.1975316,47.6124299
Car-1,2009-03-01 02:49:13,-122.1975116,47.6124466
Car-1,2009-03-01 02:49:15,-122.1974833,47.6124883
Car-1,2009-03-01 02:49:20,-122.1975466,47.6123749
Car-1,2009-03-01 02:49:22,-122.1975216,47.6124199
Car-1,2009-03-01 02:49:24,-122.197495,47.6124283
Car-1,2009-03-01 02:49:26,-122.1974566,47.6124483
Car-1,2009-03-01 02:49:28,-122.1974316,47.612455
Car-1,2009-03-01 02:49:30,-122.1973849,47.6124633
Car-1,2009-03-01 02:49:32,-122.19734,47.6124832
Car-1,2009-03-01 02:49:35,-122.1975549,47.6122833
Car-1,2009-03-01 02:49:38,-122.1976516,47.6121933
Car-1,2009-03-01 02:49:40,-122.1976433,47.6121916
Car-1,2009-03-01 02:49:52,-122.1976266,47.6122266
Car-1,2009-03-01 02:50:13,-122.1976266,47.6122266
Car-1,2009-03-01 02:50:15,-122.1976299,47.6122233
Car-1,2009-03-01 02:50:18,-122.1976416,47.6122233
