agent_id,time,lng,lat
Car-1,2009-04-18 00:30:52,116.420983,39.97021
Car-1,2009-04-18 00:30:54,116.420962,39.970194
Car-1,2009-04-18 00:30:56,116.420949,39.970179
Car-1,2009-04-18 00:30:58,116.420949,39.970174
Car-1,2009-04-18 00:31:00,116.420938,39.970145
Car-1,2009-04-18 00:31:02,116.420932,39.970121
Car-1,2009-04-18 00:31:04,116.420924,39.970101
Car-1,2009-04-18 00:31:06,116.420913,39.970076
Car-1,2009-04-18 00:31:08,116.420908,39.970049
Car-1,2009-04-18 00:31:10,116.420913,39.970012
Car-1,2009-04-18 00:31:12,116.420916,39.96997
Car-1,2009-04-18 00:31:14,116.420921,39.969937
Car-1,2009-04-18 00:31:16,116.420935,39.969903
Car-1,2009-04-18 00:31:18,116.420938,39.969864
Car-1,2009-04-18 00:31:20,116.420955,39.969792
Car-1,2009-04-18 00:31:22,116.420958,39.969728
Car-1,2009-04-18 00:31:24,116.420979,39.969709
Car-1,2009-04-18 00:31:26,116.421012,39.969704
Car-1,2009-04-18 00:31:28,116.42106,39.969624
Car-1,2009-04-18 00:31:30,116.421072,39.969533
Car-1,2009-04-18 00:31:32,116.421163,39.969427
Car-1,2009-04-18 00:31:34,116.421428,39.969275
Car-1,2009-04-18 00:33:44,116.421111,39.969175
Car-1,2009-04-18 00:33:46,116.421099,39.969166
Car-1,2009-04-18 00:33:48,116.421096,39.969167
Car-1,2009-04-18 00:33:50,116.421097,39.969166
Car-1,2009-04-18 00:33:52,116.421101,39.969165
Car-1,2009-04-18 00:33:54,116.421107,39.969164
Car-1,2009-04-18 00:33:56,116.421112,39.969165
Car-1,2009-04-18 00:33:58,116.421114,39.969163
Car-1,2009-04-18 00:34:00,116.421032,39.969153
Car-1,2009-04-18 00:34:02,116.420997,39.969176
Car-1,2009-04-18 00:34:04,116.420898,39.969187
Car-1,2009-04-18 00:34:06,116.420894,39.969203
Car-1,2009-04-18 00:34:08,116.420883,39.969176
Car-1,2009-04-18 00:34:10,116.420817,39.968955
Car-1,2009-04-18 00:34:12,116.420939,39.968767
Car-1,2009-04-18 00:34:14,116.420863,39.96879
Car-1,2009-04-18 00:34:16,116.420732,39.968749
Car-1,2009-04-18 00:34:18,116.420562,39.968695
Car-1,2009-04-18 00:34:20,116.420395,39.968657
Car-1,2009-04-18 00:34:22,116.420217,39.968634
Car-1,2009-04-18 00:34:24,116.42003,39.968625
Car-1,2009-04-18 00:34:26,116.419852,39.968617
Car-1,2009-04-18 00:34:28,116.419674,39.968614
Car-1,2009-04-18 00:34:30,116.419522,39.9686
Car-1,2009-04-18 00:34:32,116.419368,39.968595
Car-1,2009-04-18 00:34:34,116.419239,39.968592
Car-1,2009-04-18 00:34:36,116.419138,39.968566
Car-1,2009-04-18 00:34:38,116.419074,39.968534
Car-1,2009-04-18 00:34:40,116.419038,39.9685
Car-1,2009-04-18 00:34:42,116.419041,39.968486
Car-1,2009-04-18 00:34:44,116.419043,39.968473
Car-1,2009-04-18 00:34:46,116.419037,39.968469
Car-1,2009-04-18 00:34:48,116.419023,39.968468
Car-1,2009-04-18 00:34:50,116.418989,39.968461
Car-1,2009-04-18 00:34:52,116.41893,39.968447
Car-1,2009-04-18 00:34:54,116.418864,39.96844
Car-1,2009-04-18 00:34:56,116.418807,39.968438
Car-1,2009-04-18 00:34:58,116.418746,39.968443
Car-1,2009-04-18 00:35:00,116.418692,39.968435
Car-1,2009-04-18 00:35:02,116.418645,39.968418
Car-1,2009-04-18 00:35:04,116.418634,39.968403
Car-1,2009-04-18 00:35:06,116.418624,39.968402
Car-1,2009-04-18 00:35:08,116.418617,39.968397
Car-1,2009-04-18 00:35:10,116.418606,39.96839
Car-1,2009-04-18 00:35:12,116.418599,39.968395
Car-1,2009-04-18 00:35:14,116.418595,39.968378
Car-1,2009-04-18 00:35:16,116.418586,39.968365
Car-1,2009-04-18 00:35:18,116.418581,39.968366
Car-1,2009-04-18 00:35:20,116.418579,39.968365
Car-1,2009-04-18 00:35:22,116.418577,39.968364
Car-1,2009-04-18 00:35:24,116.418571,39.968364
Car-1,2009-04-18 00:35:26,116.41856,39.96836
Car-1,2009-04-18 00:35:28,116.418537,39.968348
Car-1,2009-04-18 00:35:30,116.418522,39.968369
Car-1,2009-04-18 00:35:32,116.418531,39.968196
Car-1,2009-04-18 00:35:34,116.418605,39.968159
Car-1,2009-04-18 00:35:36,116.418737,39.968073
Car-1,2009-04-18 00:35:38,116.418901,39.968029
Car-1,2009-04-18 00:35:40,116.419083,39.968022
Car-1,2009-04-18 00:35:42,116.41929,39.967999
Car-1,2009-04-18 00:35:44,116.419532,39.96801
Car-1,2009-04-18 00:35:46,116.419688,39.967989
Car-1,2009-04-18 00:35:48,116.419843,39.967977
Car-1,2009-04-18 00:35:50,116.420019,39.967968
Car-1,2009-04-18 00:35:52,116.42023,39.967946
Car-1,2009-04-18 00:35:54,116.420427,39.967941
Car-1,2009-04-18 00:35:56,116.420619,39.967945
Car-1,2009-04-18 00:35:58,116.420788,39.967952
Car-1,2009-04-18 00:36:00,116.420967,39.967962
Car-1,2009-04-18 00:36:02,116.421153,39.967982
Car-1,2009-04-18 00:36:04,116.421321,39.968
Car-1,2009-04-18 00:36:06,116.421485,39.968012
Car-1,2009-04-18 00:36:08,116.42163,39.968033
Car-1,2009-04-18 00:36:10,116.421793,39.96805
Car-1,2009-04-18 00:36:12,116.421989,39.968031
Car-1,2009-04-18 00:36:14,116.422161,39.96804
Car-1,2009-04-18 00:36:16,116.422356,39.968055
Car-1,2009-04-18 00:36:18,116.422524,39.968087
Car-1,2009-04-18 00:36:20,116.422773,39.968067
Car-1,2009-04-18 00:36:22,116.422997,39.968062
Car-1,2009-04-18 00:36:24,116.423243,39.968038
Car-1,2009-04-18 00:36:26,116.423486,39.968017
Car-1,2009-04-18 00:36:28,116.423729,39.968058
Car-1,2009-04-18 00:36:30,116.424006,39.968018
Car-1,2009-04-18 00:36:32,116.424283,39.967982
Car-1,2009-04-18 00:36:34,116.424561,39.967974
Car-1,2009-04-18 00:36:36,116.424832,39.967976
Car-1,2009-04-18 00:36:38,116.425101,39.967972
Car-1,2009-04-18 00:36:40,116.425375,39.967977
Car-1,2009-04-18 00:36:42,116.425624,39.967982
Car-1,2009-04-18 00:36:44,116.425886,39.968031
Car-1,2009-04-18 00:36:46,116.426122,39.968043
Car-1,2009-04-18 00:36:48,116.426299,39.968049
Car-1,2009-04-18 00:36:50,116.426425,39.968063
Car-1,2009-04-18 00:36:52,116.426557,39.968047
Car-1,2009-04-18 00:36:54,116.426649,39.967974
Car-1,2009-04-18 00:36:56,116.426721,39.967869
Car-1,2009-04-18 00:36:58,116.426728,39.967748
Car-1,2009-04-18 00:37:00,116.426662,39.967658
Car-1,2009-04-18 00:37:02,116.426555,39.967614
Car-1,2009-04-18 00:37:04,116.426407,39.967606
Car-1,2009-04-18 00:37:06,116.426246,39.967609
Car-1,2009-04-18 00:37:08,116.426074,39.967614
Car-1,2009-04-18 00:37:10,116.425933,39.967655
Car-1,2009-04-18 00:37:12,116.425833,39.967724
Car-1,2009-04-18 00:37:14,116.425808,39.96785
Car-1,2009-04-18 00:37:16,116.425804,39.968008
Car-1,2009-04-18 00:37:18,116.425801,39.968199
Car-1,2009-04-18 00:37:20,116.425788,39.9684
Car-1,2009-04-18 00:37:22,116.42579,39.968624
Car-1,2009-04-18 00:37:24,116.42578,39.968847
Car-1,2009-04-18 00:37:26,116.425771,39.969077
Car-1,2009-04-18 00:37:28,116.425781,39.969335
Car-1,2009-04-18 00:37:30,116.425831,39.969583
Car-1,2009-04-18 00:37:32,116.425907,39.969845
Car-1,2009-04-18 00:37:34,116.425997,39.970105
Car-1,2009-04-18 00:37:36,116.426116,39.970354
Car-1,2009-04-18 00:37:38,116.426255,39.970623
Car-1,2009-04-18 00:37:40,116.426409,39.970893
Car-1,2009-04-18 00:37:42,116.426556,39.971158
Car-1,2009-04-18 00:37:44,116.42672,39.971388
Car-1,2009-04-18 00:37:46,116.426884,39.97164
Car-1,2009-04-18 00:37:48,116.427061,39.971886
Car-1,2009-04-18 00:37:50,116.4272,39.972125
Car-1,2009-04-18 00:37:52,116.427363,39.972362
Car-1,2009-04-18 00:37:54,116.427545,39.972597
Car-1,2009-04-18 00:37:56,116.427704,39.972817
Car-1,2009-04-18 00:37:58,116.427879,39.973052
Car-1,2009-04-18 00:38:00,116.428052,39.973321
Car-1,2009-04-18 00:38:02,116.428227,39.973576
Car-1,2009-04-18 00:38:04,116.428392,39.973836
Car-1,2009-04-18 00:38:06,116.428611,39.97407
Car-1,2009-04-18 00:38:08,116.428811,39.97434
Car-1,2009-04-18 00:38:10,116.429004,39.974617
Car-1,2009-04-18 00:38:12,116.429206,39.9749
Car-1,2009-04-18 00:38:14,116.429384,39.975198
Car-1,2009-04-18 00:38:16,116.429574,39.975495
Car-1,2009-04-18 00:38:18,116.429762,39.975808
Car-1,2009-04-18 00:38:20,116.429964,39.976101
Car-1,2009-04-18 00:38:22,116.430146,39.976421
Car-1,2009-04-18 00:38:24,116.43035,39.976715
Car-1,2009-04-18 00:38:26,116.43056,39.977006
Car-1,2009-04-18 00:38:28,116.430759,39.977286
Car-1,2009-04-18 00:38:30,116.430966,39.977571
Car-1,2009-04-18 00:38:32,116.431204,39.977835
Car-1,2009-04-18 00:38:34,116.431432,39.978123
Car-1,2009-04-18 00:38:36,116.431647,39.978419
Car-1,2009-04-18 00:38:38,116.431847,39.978725
Car-1,2009-04-18 00:38:40,116.432053,39.979048
Car-1,2009-04-18 00:38:42,116.432262,39.97937
Car-1,2009-04-18 00:38:44,116.432462,39.979669
Car-1,2009-04-18 00:38:46,116.432662,39.979972
Car-1,2009-04-18 00:38:48,116.43284,39.980299
Car-1,2009-04-18 00:38:50,116.433025,39.980589
Car-1,2009-04-18 00:38:52,116.4332,39.980857
Car-1,2009-04-18 00:38:54,116.433374,39.981115
Car-1,2009-04-18 00:38:56,116.433558,39.981372
Car-1,2009-04-18 00:38:58,116.433745,39.981639
Car-1,2009-04-18 00:39:00,116.433961,39.981892
Car-1,2009-04-18 00:39:02,116.434157,39.982161
Car-1,2009-04-18 00:39:04,116.434334,39.982439
Car-1,2009-04-18 00:39:06,116.434518,39.982726
Car-1,2009-04-18 00:39:08,116.434715,39.983021
Car-1,2009-04-18 00:39:10,116.434912,39.983306
Car-1,2009-04-18 00:39:12,116.435124,39.98359
Car-1,2009-04-18 00:39:14,116.435323,39.983878
Car-1,2009-04-18 00:39:16,116.435512,39.984167
Car-1,2009-04-18 00:39:18,116.43571,39.984448
Car-1,2009-04-18 00:39:20,116.435916,39.984745
Car-1,2009-04-18 00:39:22,116.436105,39.985052
Car-1,2009-04-18 00:39:24,116.436286,39.985349
Car-1,2009-04-18 00:39:26,116.436495,39.985617
Car-1,2009-04-18 00:39:28,116.436678,39.985914
Car-1,2009-04-18 00:39:30,116.436862,39.986208
Car-1,2009-04-18 00:39:32,116.437044,39.986514
Car-1,2009-04-18 00:39:34,116.437225,39.986801
Car-1,2009-04-18 00:39:36,116.43739,39.987097
Car-1,2009-04-18 00:39:38,116.437569,39.987382
Car-1,2009-04-18 00:39:40,116.437748,39.987651
Car-1,2009-04-18 00:39:42,116.437923,39.987941
Car-1,2009-04-18 00:39:44,116.438102,39.98821
Car-1,2009-04-18 00:39:46,116.43826,39.988472
Car-1,2009-04-18 00:39:48,116.438411,39.988723
Car-1,2009-04-18 00:39:50,116.438574,39.988983
Car-1,2009-04-18 00:39:52,116.438731,39.989224
Car-1,2009-04-18 00:39:54,116.438886,39.989459
Car-1,2009-04-18 00:39:56,116.439039,39.989677
Car-1,2009-04-18 00:39:58,116.439165,39.98991
Car-1,2009-04-18 00:40:00,116.439317,39.990125
Car-1,2009-04-18 00:40:02,116.439461,39.99036
Car-1,2009-04-18 00:40:04,116.439605,39.990612
Car-1,2009-04-18 00:40:06,116.439792,39.990796
Car-1,2009-04-18 00:40:08,116.439932,39.990999
Car-1,2009-04-18 00:40:10,116.44008,39.991198
Car-1,2009-04-18 00:40:12,116.440212,39.991405
Car-1,2009-04-18 00:40:14,116.440352,39.991603
Car-1,2009-04-18 00:40:16,116.440488,39.991803
Car-1,2009-04-18 00:40:18,116.440626,39.991982
Car-1,2009-04-18 00:40:20,116.440777,39.992172
Car-1,2009-04-18 00:40:22,116.440915,39.992391
Car-1,2009-04-18 00:40:24,116.441059,39.992611
Car-1,2009-04-18 00:40:26,116.441213,39.992838
Car-1,2009-04-18 00:40:28,116.441352,39.993099
Car-1,2009-04-18 00:40:30,116.441511,39.993347
Car-1,2009-04-18 00:40:32,116.44168,39.993593
Car-1,2009-04-18 00:40:34,116.441823,39.993868
Car-1,2009-04-18 00:40:36,116.441996,39.994111
Car-1,2009-04-18 00:40:38,116.442151,39.994372
Car-1,2009-04-18 00:40:40,116.442302,39.994604
Car-1,2009-04-18 00:40:42,116.442453,39.994821
Car-1,2009-04-18 00:40:44,116.442619,39.995055
Car-1,2009-04-18 00:40:46,116.44275,39.995305
Car-1,2009-04-18 00:40:48,116.442903,39.995547
Car-1,2009-04-18 00:40:50,116.443051,39.995797
Car-1,2009-04-18 00:40:52,116.443204,39.996048
Car-1,2009-04-18 00:40:54,116.443357,39.996293
Car-1,2009-04-18 00:40:56,116.443508,39.996539
Car-1,2009-04-18 00:40:58,116.443656,39.996793
Car-1,2009-04-18 00:41:00,116.443783,39.997051
Car-1,2009-04-18 00:41:02,116.443907,39.997304
Car-1,2009-04-18 00:41:04,116.444026,39.99757
Car-1,2009-04-18 00:41:06,116.444141,39.997831
Car-1,2009-04-18 00:41:08,116.444251,39.998093
Car-1,2009-04-18 00:41:10,116.444355,39.998358
Car-1,2009-04-18 00:41:12,116.444446,39.998609
Car-1,2009-04-18 00:41:14,116.444534,39.998849
Car-1,2009-04-18 00:41:16,116.444608,39.999083
Car-1,2009-04-18 00:41:18,116.44469,39.999317
Car-1,2009-04-18 00:41:20,116.444769,39.999549
Car-1,2009-04-18 00:41:22,116.44485,39.999792
Car-1,2009-04-18 00:41:24,116.444934,40.000032
Car-1,2009-04-18 00:41:26,116.445014,40.00027
Car-1,2009-04-18 00:41:28,116.445102,40.0005
Car-1,2009-04-18 00:41:30,116.445189,40.000731
Car-1,2009-04-18 00:41:32,116.44527,40.000961
Car-1,2009-04-18 00:41:34,116.445353,40.001202
Car-1,2009-04-18 00:41:36,116.445432,40.001442
Car-1,2009-04-18 00:41:38,116.445518,40.0017
Car-1,2009-04-18 00:41:40,116.445606,40.001961
Car-1,2009-04-18 00:41:42,116.445689,40.002227
Car-1,2009-04-18 00:41:44,116.445775,40.002479
Car-1,2009-04-18 00:41:46,116.445857,40.002733
Car-1,2009-04-18 00:41:48,116.445948,40.002972
Car-1,2009-04-18 00:41:50,116.446037,40.003245
Car-1,2009-04-18 00:41:52,116.446133,40.003521
Car-1,2009-04-18 00:41:54,116.446233,40.003797
Car-1,2009-04-18 00:41:56,116.44634,40.004079
Car-1,2009-04-18 00:41:58,116.446426,40.004337
Car-1,2009-04-18 00:42:00,116.446523,40.004616
Car-1,2009-04-18 00:42:02,116.446606,40.004891
Car-1,2009-04-18 00:42:04,116.44669,40.005169
Car-1,2009-04-18 00:42:06,116.446776,40.005435
Car-1,2009-04-18 00:42:08,116.446868,40.005696
Car-1,2009-04-18 00:42:10,116.44696,40.005977
Car-1,2009-04-18 00:42:12,116.447052,40.006228
Car-1,2009-04-18 00:42:14,116.447125,40.00647
Car-1,2009-04-18 00:42:16,116.447212,40.006727
Car-1,2009-04-18 00:42:18,116.447289,40.006971
Car-1,2009-04-18 00:42:20,116.44738,40.007211
Car-1,2009-04-18 00:42:22,116.447466,40.007449
Car-1,2009-04-18 00:42:24,116.44755,40.007695
Car-1,2009-04-18 00:42:26,116.447636,40.007952
Car-1,2009-04-18 00:42:28,116.447729,40.008221
Car-1,2009-04-18 00:42:30,116.44782,40.008506
Car-1,2009-04-18 00:42:32,116.447916,40.008772
Car-1,2009-04-18 00:42:34,116.448006,40.009031
Car-1,2009-04-18 00:42:36,116.448094,40.009318
Car-1,2009-04-18 00:42:38,116.4482,40.009605
Car-1,2009-04-18 00:42:40,116.448308,40.009894
Car-1,2009-04-18 00:42:42,116.448396,40.01019
Car-1,2009-04-18 00:42:44,116.448494,40.010481
Car-1,2009-04-18 00:42:46,116.448605,40.010782
Car-1,2009-04-18 00:42:48,116.448705,40.011096
Car-1,2009-04-18 00:42:50,116.448799,40.011404
Car-1,2009-04-18 00:42:52,116.448901,40.011696
Car-1,2009-04-18 00:42:54,116.449005,40.011992
Car-1,2009-04-18 00:42:56,116.449104,40.012294
Car-1,2009-04-18 00:42:58,116.449206,40.012602
Car-1,2009-04-18 00:43:00,116.449309,40.012906
Car-1,2009-04-18 00:43:02,116.449414,40.013214
Car-1,2009-04-18 00:43:04,116.44952,40.013526
Car-1,2009-04-18 00:43:06,116.44963,40.013829
Car-1,2009-04-18 00:43:08,116.44973,40.014136
Car-1,2009-04-18 00:43:10,116.449831,40.014436
Car-1,2009-04-18 00:43:12,116.449927,40.014744
Car-1,2009-04-18 00:43:14,116.450035,40.015035
Car-1,2009-04-18 00:43:16,116.450138,40.015331
Car-1,2009-04-18 00:43:18,116.45022,40.015609
Car-1,2009-04-18 00:43:20,116.4503,40.015905
Car-1,2009-04-18 00:43:22,116.450398,40.016211
Car-1,2009-04-18 00:43:24,116.450494,40.016511
Car-1,2009-04-18 00:43:26,116.450597,40.016821
Car-1,2009-04-18 00:43:28,116.450688,40.017115
Car-1,2009-04-18 00:43:30,116.450786,40.017409
Car-1,2009-04-18 00:43:32,116.450876,40.017702
Car-1,2009-04-18 00:43:34,116.450968,40.017982
Car-1,2009-04-18 00:43:36,116.451061,40.018275
Car-1,2009-04-18 00:43:38,116.451157,40.018543
Car-1,2009-04-18 00:43:40,116.451272,40.018821
Car-1,2009-04-18 00:43:42,116.451365,40.019097
Car-1,2009-04-18 00:43:44,116.451462,40.019359
Car-1,2009-04-18 00:43:46,116.451569,40.019628
Car-1,2009-04-18 00:43:48,116.451667,40.019896
Car-1,2009-04-18 00:43:50,116.451766,40.020165
Car-1,2009-04-18 00:43:52,116.451867,40.02044
Car-1,2009-04-18 00:43:54,116.451979,40.020711
Car-1,2009-04-18 00:43:56,116.452096,40.020984
Car-1,2009-04-18 00:43:58,116.452225,40.021245
Car-1,2009-04-18 00:44:00,116.452356,40.021511
Car-1,2009-04-18 00:44:02,116.452496,40.021778
Car-1,2009-04-18 00:44:04,116.452642,40.022025
Car-1,2009-04-18 00:44:06,116.452798,40.022274
Car-1,2009-04-18 00:44:08,116.452963,40.022524
Car-1,2009-04-18 00:44:10,116.453134,40.02278
Car-1,2009-04-18 00:44:12,116.453318,40.023036
Car-1,2009-04-18 00:44:14,116.453503,40.023294
Car-1,2009-04-18 00:44:16,116.453708,40.023558
Car-1,2009-04-18 00:44:18,116.453916,40.023802
Car-1,2009-04-18 00:44:20,116.454137,40.024055
Car-1,2009-04-18 00:44:22,116.454359,40.02431
Car-1,2009-04-18 00:44:24,116.454595,40.024565
Car-1,2009-04-18 00:44:26,116.454832,40.024808
Car-1,2009-04-18 00:44:28,116.455073,40.025044
Car-1,2009-04-18 00:44:30,116.455332,40.025274
Car-1,2009-04-18 00:44:32,116.455594,40.025508
Car-1,2009-04-18 00:44:34,116.455867,40.025729
Car-1,2009-04-18 00:44:36,116.456147,40.025949
Car-1,2009-04-18 00:44:38,116.456425,40.026179
Car-1,2009-04-18 00:44:40,116.456723,40.026397
Car-1,2009-04-18 00:44:42,116.457023,40.026616
Car-1,2009-04-18 00:44:44,116.457326,40.026829
Car-1,2009-04-18 00:44:46,116.457624,40.027057
Car-1,2009-04-18 00:44:48,116.45794,40.02728
Car-1,2009-04-18 00:44:50,116.458257,40.027486
Car-1,2009-04-18 00:44:52,116.458581,40.027708
Car-1,2009-04-18 00:44:54,116.458902,40.02792
Car-1,2009-04-18 00:44:56,116.459223,40.028139
Car-1,2009-04-18 00:44:58,116.459549,40.028363
Car-1,2009-04-18 00:45:00,116.459873,40.028587
Car-1,2009-04-18 00:45:02,116.460202,40.028795
Car-1,2009-04-18 00:45:04,116.460536,40.029014
Car-1,2009-04-18 00:45:06,116.460849,40.029232
Car-1,2009-04-18 00:45:08,116.461144,40.02942
Car-1,2009-04-18 00:45:10,116.461406,40.029594
Car-1,2009-04-18 00:45:12,116.461654,40.029767
Car-1,2009-04-18 00:45:14,116.461902,40.029937
Car-1,2009-04-18 00:45:16,116.462155,40.030103
Car-1,2009-04-18 00:45:18,116.462397,40.030261
Car-1,2009-04-18 00:45:20,116.462634,40.030419
Car-1,2009-04-18 00:45:22,116.462858,40.030575
Car-1,2009-04-18 00:45:24,116.463089,40.030729
Car-1,2009-04-18 00:45:26,116.463318,40.030886
Car-1,2009-04-18 00:45:28,116.463532,40.031034
Car-1,2009-04-18 00:45:30,116.463742,40.03118
Car-1,2009-04-18 00:45:32,116.463928,40.031326
Car-1,2009-04-18 00:45:34,116.464107,40.03145
Car-1,2009-04-18 00:45:36,116.464264,40.031562
Car-1,2009-04-18 00:45:38,116.46442,40.031659
Car-1,2009-04-18 00:45:40,116.464575,40.03175
Car-1,2009-04-18 00:45:42,116.464702,40.03184
Car-1,2009-04-18 00:45:44,116.464806,40.031928
Car-1,2009-04-18 00:45:46,116.464887,40.031988
Car-1,2009-04-18 00:45:48,116.464961,40.03203
Car-1,2009-04-18 00:45:50,116.465041,40.032076
Car-1,2009-04-18 00:45:52,116.465125,40.032133
Car-1,2009-04-18 00:45:54,116.465196,40.032179
Car-1,2009-04-18 00:45:56,116.465276,40.032233
Car-1,2009-04-18 00:45:58,116.465361,40.032296
Car-1,2009-04-18 00:46:00,116.465451,40.032346
Car-1,2009-04-18 00:46:02,116.465532,40.032396
Car-1,2009-04-18 00:46:04,116.465595,40.032466
Car-1,2009-04-18 00:46:06,116.465676,40.032531
Car-1,2009-04-18 00:46:08,116.465768,40.032596
Car-1,2009-04-18 00:46:10,116.465834,40.032646
Car-1,2009-04-18 00:46:12,116.465915,40.032679
Car-1,2009-04-18 00:46:14,116.465986,40.032712
Car-1,2009-04-18 00:46:16,116.46606,40.032754
Car-1,2009-04-18 00:46:18,116.466146,40.032787
Car-1,2009-04-18 00:46:20,116.466241,40.032854
Car-1,2009-04-18 00:46:22,116.466338,40.032905
Car-1,2009-04-18 00:46:24,116.466427,40.032934
Car-1,2009-04-18 00:46:26,116.466515,40.032993
Car-1,2009-04-18 00:46:28,116.466611,40.033037
Car-1,2009-04-18 00:46:30,116.466715,40.033064
Car-1,2009-04-18 00:46:32,116.466809,40.033106
Car-1,2009-04-18 00:46:34,116.466902,40.033144
Car-1,2009-04-18 00:46:36,116.466997,40.033184
Car-1,2009-04-18 00:46:38,116.467094,40.033226
Car-1,2009-04-18 00:46:40,116.467172,40.033258
Car-1,2009-04-18 00:46:42,116.467225,40.033275
Car-1,2009-04-18 00:46:44,116.467258,40.033288
Car-1,2009-04-18 00:46:46,116.467299,40.033311
Car-1,2009-04-18 00:46:48,116.467345,40.033331
Car-1,2009-04-18 00:46:50,116.467395,40.033339
Car-1,2009-04-18 00:46:52,116.467432,40.033346
Car-1,2009-04-18 00:46:54,116.467469,40.033359
Car-1,2009-04-18 00:46:56,116.467502,40.033365
Car-1,2009-04-18 00:46:58,116.467529,40.033373
Car-1,2009-04-18 00:47:00,116.467573,40.033413
Car-1,2009-04-18 00:47:02,116.467633,40.03345
Car-1,2009-04-18 00:47:04,116.467669,40.033493
Car-1,2009-04-18 00:47:06,116.467715,40.033525
Car-1,2009-04-18 00:47:08,116.467767,40.033549
Car-1,2009-04-18 00:47:10,116.467792,40.03355
Car-1,2009-04-18 00:47:12,116.467819,40.033555
Car-1,2009-04-18 00:47:14,116.467827,40.033559
Car-1,2009-04-18 00:47:16,116.467836,40.033565
Car-1,2009-04-18 00:47:18,116.467868,40.033585
Car-1,2009-04-18 00:47:20,116.467904,40.033606
Car-1,2009-04-18 00:47:22,116.467933,40.033608
Car-1,2009-04-18 00:47:24,116.46794,40.033612
Car-1,2009-04-18 00:47:26,116.467936,40.033622
Car-1,2009-04-18 00:47:28,116.467969,40.033646
Car-1,2009-04-18 00:47:30,116.46798,40.033676
Car-1,2009-04-18 00:47:32,116.468028,40.033699
Car-1,2009-04-18 00:47:34,116.46807,40.033707
Car-1,2009-04-18 00:47:36,116.46812,40.033711
Car-1,2009-04-18 00:47:38,116.468152,40.033734
Car-1,2009-04-18 00:47:40,116.468193,40.033751
Car-1,2009-04-18 00:47:42,116.468223,40.033779
Car-1,2009-04-18 00:47:44,116.468251,40.033816
Car-1,2009-04-18 00:47:46,116.468284,40.033854
Car-1,2009-04-18 00:47:48,116.468311,40.033894
Car-1,2009-04-18 00:47:50,116.468341,40.033955
Car-1,2009-04-18 00:47:52,116.468355,40.034013
Car-1,2009-04-18 00:47:54,116.468382,40.034065
Car-1,2009-04-18 00:47:56,116.468411,40.034107
Car-1,2009-04-18 00:47:58,116.468424,40.03414
Car-1,2009-04-18 00:48:00,116.468441,40.034163
Car-1,2009-04-18 00:48:02,116.46846,40.034175
Car-1,2009-04-18 00:48:04,116.468465,40.034181
Car-1,2009-04-18 00:48:06,116.468481,40.034192
Car-1,2009-04-18 00:48:08,116.468487,40.034224
Car-1,2009-04-18 00:48:10,116.468498,40.034262
Car-1,2009-04-18 00:48:12,116.468514,40.034293
Car-1,2009-04-18 00:48:14,116.468525,40.034322
Car-1,2009-04-18 00:48:16,116.46854,40.034342
Car-1,2009-04-18 00:48:18,116.468548,40.034375
Car-1,2009-04-18 00:48:20,116.468571,40.034404
Car-1,2009-04-18 00:48:22,116.468591,40.034431
Car-1,2009-04-18 00:48:24,116.468628,40.034465
Car-1,2009-04-18 00:48:26,116.468672,40.034496
Car-1,2009-04-18 00:48:28,116.468698,40.034523
Car-1,2009-04-18 00:48:30,116.468729,40.034561
Car-1,2009-04-18 00:48:32,116.468766,40.034603
Car-1,2009-04-18 00:48:34,116.468807,40.034637
Car-1,2009-04-18 00:48:36,116.468875,40.034685
Car-1,2009-04-18 00:48:38,116.468957,40.034767
Car-1,2009-04-18 00:48:40,116.469023,40.034822
Car-1,2009-04-18 00:48:42,116.469072,40.034854
Car-1,2009-04-18 00:48:44,116.469127,40.034882
Car-1,2009-04-18 00:48:46,116.469189,40.034908
Car-1,2009-04-18 00:48:48,116.469264,40.034948
Car-1,2009-04-18 00:48:50,116.469353,40.035017
Car-1,2009-04-18 00:48:52,116.469485,40.035133
Car-1,2009-04-18 00:48:54,116.469623,40.03524
Car-1,2009-04-18 00:48:56,116.469789,40.03536
Car-1,2009-04-18 00:48:58,116.469971,40.035498
Car-1,2009-04-18 00:49:00,116.470155,40.035648
Car-1,2009-04-18 00:49:02,116.470346,40.035814
Car-1,2009-04-18 00:49:04,116.470543,40.035988
Car-1,2009-04-18 00:49:06,116.470747,40.036168
Car-1,2009-04-18 00:49:08,116.470957,40.036348
Car-1,2009-04-18 00:49:10,116.471176,40.036541
Car-1,2009-04-18 00:49:12,116.471393,40.036743
Car-1,2009-04-18 00:49:14,116.471606,40.03695
Car-1,2009-04-18 00:49:16,116.471816,40.037155
Car-1,2009-04-18 00:49:18,116.47202,40.037367
Car-1,2009-04-18 00:49:20,116.472225,40.037567
Car-1,2009-04-18 00:49:22,116.472423,40.037781
Car-1,2009-04-18 00:49:24,116.472621,40.038011
Car-1,2009-04-18 00:49:26,116.47283,40.038233
Car-1,2009-04-18 00:49:28,116.473031,40.038459
Car-1,2009-04-18 00:49:30,116.473242,40.038702
Car-1,2009-04-18 00:49:32,116.473434,40.038949
Car-1,2009-04-18 00:49:34,116.473623,40.0392
Car-1,2009-04-18 00:49:36,116.473799,40.039449
Car-1,2009-04-18 00:49:38,116.473977,40.039705
Car-1,2009-04-18 00:49:40,116.474138,40.039953
Car-1,2009-04-18 00:49:42,116.474297,40.040195
Car-1,2009-04-18 00:49:44,116.474464,40.040442
Car-1,2009-04-18 00:49:46,116.474626,40.040694
Car-1,2009-04-18 00:49:48,116.474782,40.040955
Car-1,2009-04-18 00:49:50,116.47493,40.041222
Car-1,2009-04-18 00:49:52,116.475069,40.041483
Car-1,2009-04-18 00:49:54,116.475204,40.041754
Car-1,2009-04-18 00:49:56,116.475338,40.042032
Car-1,2009-04-18 00:49:58,116.475453,40.042315
Car-1,2009-04-18 00:50:00,116.475559,40.042588
Car-1,2009-04-18 00:50:02,116.475666,40.042867
Car-1,2009-04-18 00:50:04,116.47578,40.043141
Car-1,2009-04-18 00:50:06,116.475883,40.043429
Car-1,2009-04-18 00:50:08,116.475977,40.043735
Car-1,2009-04-18 00:50:10,116.476065,40.044048
Car-1,2009-04-18 00:50:12,116.476148,40.044357
Car-1,2009-04-18 00:50:14,116.476232,40.044676
Car-1,2009-04-18 00:50:16,116.476312,40.044974
Car-1,2009-04-18 00:50:18,116.476378,40.04528
Car-1,2009-04-18 00:50:20,116.476432,40.045592
Car-1,2009-04-18 00:50:22,116.476486,40.045898
Car-1,2009-04-18 00:50:24,116.476523,40.046206
Car-1,2009-04-18 00:50:26,116.476556,40.046518
Car-1,2009-04-18 00:50:28,116.476583,40.046834
Car-1,2009-04-18 00:50:30,116.476596,40.047142
Car-1,2009-04-18 00:50:32,116.476611,40.047451
Car-1,2009-04-18 00:50:34,116.476623,40.04776
Car-1,2009-04-18 00:50:36,116.476641,40.048064
Car-1,2009-04-18 00:50:38,116.476643,40.048346
Car-1,2009-04-18 00:50:40,116.476643,40.048621
Car-1,2009-04-18 00:50:42,116.476639,40.048891
Car-1,2009-04-18 00:50:44,116.476633,40.049145
Car-1,2009-04-18 00:50:46,116.476637,40.049386
Car-1,2009-04-18 00:50:48,116.476633,40.049631
Car-1,2009-04-18 00:50:50,116.476635,40.049883
Car-1,2009-04-18 00:50:52,116.47662,40.050138
Car-1,2009-04-18 00:50:54,116.476612,40.050396
Car-1,2009-04-18 00:50:56,116.476615,40.050668
Car-1,2009-04-18 00:50:58,116.476607,40.050942
Car-1,2009-04-18 00:51:00,116.476604,40.051221
Car-1,2009-04-18 00:51:02,116.476593,40.051499
Car-1,2009-04-18 00:51:04,116.476591,40.051781
Car-1,2009-04-18 00:51:06,116.476583,40.052075
Car-1,2009-04-18 00:51:08,116.476582,40.052383
Car-1,2009-04-18 00:51:10,116.476579,40.052698
Car-1,2009-04-18 00:51:12,116.476562,40.053013
Car-1,2009-04-18 00:51:14,116.476546,40.053333
Car-1,2009-04-18 00:51:16,116.476537,40.053644
Car-1,2009-04-18 00:51:18,116.476537,40.053957
Car-1,2009-04-18 00:51:20,116.476531,40.054263
Car-1,2009-04-18 00:51:22,116.476522,40.054578
Car-1,2009-04-18 00:51:24,116.476513,40.054898
Car-1,2009-04-18 00:51:26,116.4765,40.055216
Car-1,2009-04-18 00:51:28,116.476477,40.055529
Car-1,2009-04-18 00:51:30,116.476459,40.055834
Car-1,2009-04-18 00:51:32,116.47644,40.056147
Car-1,2009-04-18 00:51:34,116.476425,40.056455
Car-1,2009-04-18 00:51:36,116.476416,40.056759
Car-1,2009-04-18 00:51:38,116.4764,40.057072
Car-1,2009-04-18 00:51:40,116.476385,40.057388
Car-1,2009-04-18 00:51:42,116.476373,40.057702
Car-1,2009-04-18 00:51:44,116.476361,40.058022
Car-1,2009-04-18 00:51:46,116.476361,40.058348
Car-1,2009-04-18 00:51:48,116.476353,40.058671
Car-1,2009-04-18 00:51:50,116.476341,40.059003
Car-1,2009-04-18 00:51:52,116.47633,40.059318
Car-1,2009-04-18 00:51:54,116.476316,40.059632
Car-1,2009-04-18 00:51:56,116.476306,40.059946
Car-1,2009-04-18 00:51:58,116.476291,40.060259
Car-1,2009-04-18 00:52:00,116.47628,40.060571
Car-1,2009-04-18 00:52:02,116.476262,40.060897
Car-1,2009-04-18 00:52:04,116.476242,40.061223
Car-1,2009-04-18 00:52:06,116.476229,40.061547
Car-1,2009-04-18 00:52:08,116.476222,40.061879
Car-1,2009-04-18 00:52:10,116.476199,40.062214
Car-1,2009-04-18 00:52:12,116.476184,40.062549
Car-1,2009-04-18 00:52:14,116.476167,40.062884
Car-1,2009-04-18 00:52:16,116.476153,40.063213
Car-1,2009-04-18 00:52:18,116.476134,40.06354
Car-1,2009-04-18 00:52:20,116.476122,40.063874
Car-1,2009-04-18 00:52:22,116.476106,40.064206
Car-1,2009-04-18 00:52:24,116.476096,40.064538
Car-1,2009-04-18 00:52:26,116.476094,40.064869
Car-1,2009-04-18 00:52:28,116.476081,40.065187
Car-1,2009-04-18 00:52:30,116.476068,40.065512
Car-1,2009-04-18 00:52:32,116.476056,40.065838
Car-1,2009-04-18 00:52:34,116.476042,40.066168
Car-1,2009-04-18 00:52:36,116.476031,40.0665
Car-1,2009-04-18 00:52:38,116.476016,40.066831
Car-1,2009-04-18 00:52:40,116.476013,40.067163
Car-1,2009-04-18 00:52:42,116.476004,40.067484
Car-1,2009-04-18 00:52:44,116.475993,40.067808
Car-1,2009-04-18 00:52:46,116.475983,40.068134
Car-1,2009-04-18 00:52:48,116.475971,40.068454
Car-1,2009-04-18 00:52:50,116.47596,40.068776
Car-1,2009-04-18 00:52:52,116.47595,40.069096
Car-1,2009-04-18 00:52:54,116.475943,40.069411
Car-1,2009-04-18 00:52:56,116.475931,40.069723
Car-1,2009-04-18 00:52:58,116.475919,40.070035
Car-1,2009-04-18 00:53:00,116.475915,40.07035
Car-1,2009-04-18 00:53:02,116.475906,40.070668
Car-1,2009-04-18 00:53:04,116.475894,40.070985
Car-1,2009-04-18 00:53:06,116.475884,40.071302
Car-1,2009-04-18 00:53:08,116.47587,40.071612
Car-1,2009-04-18 00:53:10,116.475861,40.071929
Car-1,2009-04-18 00:53:12,116.475852,40.072256
Car-1,2009-04-18 00:53:14,116.475839,40.072586
Car-1,2009-04-18 00:53:16,116.475829,40.072914
Car-1,2009-04-18 00:53:18,116.47582,40.073234
Car-1,2009-04-18 00:53:20,116.475806,40.073565
Car-1,2009-04-18 00:53:22,116.475803,40.073895
Car-1,2009-04-18 00:53:24,116.475789,40.074229
Car-1,2009-04-18 00:53:26,116.475774,40.074565
Car-1,2009-04-18 00:53:28,116.47576,40.074902
Car-1,2009-04-18 00:53:30,116.475749,40.075238
Car-1,2009-04-18 00:53:32,116.475742,40.075563
Car-1,2009-04-18 00:53:34,116.475729,40.075891
Car-1,2009-04-18 00:53:36,116.475715,40.076218
Car-1,2009-04-18 00:53:38,116.475703,40.076543
Car-1,2009-04-18 00:53:40,116.475697,40.076872
Car-1,2009-04-18 00:53:42,116.475688,40.077201
Car-1,2009-04-18 00:53:44,116.475678,40.077516
Car-1,2009-04-18 00:53:46,116.475668,40.077835
Car-1,2009-04-18 00:53:48,116.475657,40.078146
Car-1,2009-04-18 00:53:50,116.475637,40.078461
Car-1,2009-04-18 00:53:52,116.475623,40.078774
Car-1,2009-04-18 00:53:54,116.475613,40.079075
Car-1,2009-04-18 00:53:56,116.475601,40.079378
Car-1,2009-04-18 00:53:58,116.475591,40.079677
Car-1,2009-04-18 00:54:00,116.47557,40.07998
Car-1,2009-04-18 00:54:02,116.475563,40.080289
Car-1,2009-04-18 00:54:04,116.475555,40.080605
Car-1,2009-04-18 00:54:06,116.47554,40.080925
Car-1,2009-04-18 00:54:08,116.475541,40.08125
Car-1,2009-04-18 00:54:10,116.475517,40.081576
Car-1,2009-04-18 00:54:12,116.475501,40.081909
Car-1,2009-04-18 00:54:14,116.475484,40.082247
Car-1,2009-04-18 00:54:16,116.475474,40.082581
Car-1,2009-04-18 00:54:18,116.475458,40.082911
Car-1,2009-04-18 00:54:20,116.475446,40.08324
Car-1,2009-04-18 00:54:22,116.475435,40.08357
Car-1,2009-04-18 00:54:24,116.475424,40.083905
Car-1,2009-04-18 00:54:26,116.475416,40.08424
Car-1,2009-04-18 00:54:28,116.475412,40.084577
Car-1,2009-04-18 00:54:30,116.475398,40.084915
Car-1,2009-04-18 00:54:32,116.475387,40.085248
Car-1,2009-04-18 00:54:34,116.475377,40.085588
Car-1,2009-04-18 00:54:36,116.475367,40.08592
Car-1,2009-04-18 00:54:38,116.475344,40.086262
Car-1,2009-04-18 00:54:40,116.475326,40.086596
Car-1,2009-04-18 00:54:42,116.475314,40.086927
Car-1,2009-04-18 00:54:44,116.475297,40.087258
Car-1,2009-04-18 00:54:46,116.47528,40.087589
Car-1,2009-04-18 00:54:48,116.475275,40.087922
Car-1,2009-04-18 00:54:50,116.47526,40.08825
Car-1,2009-04-18 00:54:52,116.475252,40.088574
Car-1,2009-04-18 00:54:54,116.475245,40.088893
Car-1,2009-04-18 00:54:56,116.475236,40.089212
Car-1,2009-04-18 00:54:58,116.475236,40.089525
Car-1,2009-04-18 00:55:00,116.475217,40.089841
Car-1,2009-04-18 00:55:02,116.475203,40.090147
Car-1,2009-04-18 00:55:04,116.475191,40.090459
Car-1,2009-04-18 00:55:06,116.475185,40.090767
Car-1,2009-04-18 00:55:08,116.475177,40.091077
Car-1,2009-04-18 00:55:10,116.475182,40.091392
Car-1,2009-04-18 00:55:12,116.475183,40.091697
Car-1,2009-04-18 00:55:14,116.475175,40.091995
Car-1,2009-04-18 00:55:16,116.475156,40.092296
Car-1,2009-04-18 00:55:18,116.475143,40.092601
Car-1,2009-04-18 00:55:20,116.47513,40.092907
Car-1,2009-04-18 00:55:22,116.475118,40.093213
Car-1,2009-04-18 00:55:24,116.475117,40.093537
Car-1,2009-04-18 00:55:26,116.475112,40.093857
Car-1,2009-04-18 00:55:28,116.475105,40.094183
Car-1,2009-04-18 00:55:30,116.475089,40.094501
Car-1,2009-04-18 00:55:32,116.475091,40.094826
Car-1,2009-04-18 00:55:34,116.475097,40.095141
Car-1,2009-04-18 00:55:36,116.475106,40.095463
Car-1,2009-04-18 00:55:38,116.47511,40.095786
Car-1,2009-04-18 00:55:40,116.475121,40.0961
Car-1,2009-04-18 00:55:42,116.475141,40.096402
Car-1,2009-04-18 00:55:44,116.475168,40.096707
Car-1,2009-04-18 00:55:46,116.475207,40.097024
Car-1,2009-04-18 00:55:48,116.475247,40.097339
Car-1,2009-04-18 00:55:50,116.475282,40.097656
Car-1,2009-04-18 00:55:52,116.475335,40.097978
Car-1,2009-04-18 00:55:54,116.475405,40.098285
Car-1,2009-04-18 00:55:56,116.475471,40.098602
Car-1,2009-04-18 00:55:58,116.475543,40.098911
Car-1,2009-04-18 00:56:00,116.475604,40.099227
Car-1,2009-04-18 00:56:02,116.475672,40.099538
Car-1,2009-04-18 00:56:04,116.475748,40.099843
Car-1,2009-04-18 00:56:06,116.475836,40.10015
Car-1,2009-04-18 00:56:08,116.475927,40.100453
Car-1,2009-04-18 00:56:10,116.476022,40.100759
Car-1,2009-04-18 00:56:12,116.476124,40.101059
Car-1,2009-04-18 00:56:14,116.476219,40.101344
Car-1,2009-04-18 00:56:16,116.476317,40.101634
Car-1,2009-04-18 00:56:18,116.476415,40.101914
Car-1,2009-04-18 00:56:20,116.476511,40.102187
Car-1,2009-04-18 00:56:22,116.476614,40.102462
Car-1,2009-04-18 00:56:24,116.476715,40.102734
Car-1,2009-04-18 00:56:26,116.476823,40.10301
Car-1,2009-04-18 00:56:28,116.476927,40.103289
Car-1,2009-04-18 00:56:30,116.477025,40.103563
Car-1,2009-04-18 00:56:32,116.477129,40.103824
Car-1,2009-04-18 00:56:34,116.477228,40.104085
Car-1,2009-04-18 00:56:36,116.477337,40.104331
Car-1,2009-04-18 00:56:38,116.477435,40.1046
Car-1,2009-04-18 00:56:40,116.477545,40.104867
Car-1,2009-04-18 00:56:42,116.477648,40.105133
Car-1,2009-04-18 00:56:44,116.477748,40.105397
Car-1,2009-04-18 00:56:46,116.477848,40.105662
Car-1,2009-04-18 00:56:48,116.477947,40.105929
Car-1,2009-04-18 00:56:50,116.478038,40.106199
Car-1,2009-04-18 00:56:52,116.478127,40.106479
Car-1,2009-04-18 00:56:54,116.478201,40.106766
Car-1,2009-04-18 00:56:56,116.478282,40.107032
Car-1,2009-04-18 00:56:58,116.478359,40.107308
Car-1,2009-04-18 00:57:00,116.478437,40.107583
Car-1,2009-04-18 00:57:02,116.478504,40.107855
Car-1,2009-04-18 00:57:04,116.47856,40.108126
Car-1,2009-04-18 00:57:06,116.478615,40.108401
Car-1,2009-04-18 00:57:08,116.478658,40.108669
Car-1,2009-04-18 00:57:10,116.478686,40.108934
Car-1,2009-04-18 00:57:12,116.47872,40.109186
Car-1,2009-04-18 00:57:14,116.478751,40.109423
Car-1,2009-04-18 00:57:16,116.478785,40.109665
Car-1,2009-04-18 00:57:18,116.478812,40.10991
Car-1,2009-04-18 00:57:20,116.47883,40.110144
Car-1,2009-04-18 00:57:22,116.478856,40.110371
Car-1,2009-04-18 00:57:24,116.478881,40.11059
Car-1,2009-04-18 00:57:26,116.478898,40.110803
Car-1,2009-04-18 00:57:28,116.478915,40.111025
Car-1,2009-04-18 00:57:30,116.478935,40.111259
Car-1,2009-04-18 00:57:32,116.478952,40.111491
Car-1,2009-04-18 00:57:34,116.478983,40.111731
Car-1,2009-04-18 00:57:36,116.479036,40.111967
Car-1,2009-04-18 00:57:38,116.479115,40.112205
Car-1,2009-04-18 00:57:40,116.479221,40.112437
Car-1,2009-04-18 00:57:42,116.479354,40.112658
Car-1,2009-04-18 00:57:44,116.479523,40.11287
Car-1,2009-04-18 00:57:46,116.479732,40.113068
Car-1,2009-04-18 00:57:48,116.479953,40.113247
Car-1,2009-04-18 00:57:50,116.480188,40.113419
Car-1,2009-04-18 00:57:52,116.480441,40.113545
Car-1,2009-04-18 00:57:54,116.480728,40.113639
Car-1,2009-04-18 00:57:56,116.481014,40.113721
Car-1,2009-04-18 00:57:58,116.48131,40.113781
Car-1,2009-04-18 00:58:00,116.481611,40.113813
Car-1,2009-04-18 00:58:02,116.48191,40.113846
Car-1,2009-04-18 00:58:04,116.482232,40.11386
Car-1,2009-04-18 00:58:06,116.482554,40.113861
Car-1,2009-04-18 00:58:08,116.48288,40.113845
Car-1,2009-04-18 00:58:10,116.483221,40.113827
Car-1,2009-04-18 00:58:12,116.483583,40.113811
Car-1,2009-04-18 00:58:14,116.483953,40.1138
Car-1,2009-04-18 00:58:16,116.484337,40.113792
Car-1,2009-04-18 00:58:18,116.484729,40.113786
Car-1,2009-04-18 00:58:20,116.485124,40.113771
Car-1,2009-04-18 00:58:22,116.48553,40.113768
Car-1,2009-04-18 00:58:24,116.48593,40.113785
Car-1,2009-04-18 00:58:26,116.486316,40.113815
Car-1,2009-04-18 00:58:28,116.486702,40.113845
Car-1,2009-04-18 00:58:30,116.487082,40.113887
Car-1,2009-04-18 00:58:32,116.487449,40.113936
Car-1,2009-04-18 00:58:34,116.487826,40.113979
Car-1,2009-04-18 00:58:36,116.488193,40.114028
Car-1,2009-04-18 00:58:38,116.488561,40.114084
Car-1,2009-04-18 00:58:40,116.48893,40.114141
Car-1,2009-04-18 00:58:42,116.489292,40.114216
Car-1,2009-04-18 00:58:44,116.489649,40.114279
Car-1,2009-04-18 00:58:46,116.490015,40.114355
Car-1,2009-04-18 00:58:48,116.490385,40.114441
Car-1,2009-04-18 00:58:50,116.490755,40.114532
Car-1,2009-04-18 00:58:52,116.491127,40.114622
Car-1,2009-04-18 00:58:54,116.491501,40.114719
Car-1,2009-04-18 00:58:56,116.491882,40.114832
Car-1,2009-04-18 00:58:58,116.49226,40.114946
Car-1,2009-04-18 00:59:00,116.49263,40.115063
Car-1,2009-04-18 00:59:02,116.492997,40.115176
Car-1,2009-04-18 00:59:04,116.493361,40.115286
Car-1,2009-04-18 00:59:06,116.493721,40.115391
Car-1,2009-04-18 00:59:08,116.494075,40.115499
Car-1,2009-04-18 00:59:10,116.494418,40.115608
Car-1,2009-04-18 00:59:12,116.494758,40.115717
Car-1,2009-04-18 00:59:14,116.495111,40.115826
Car-1,2009-04-18 00:59:16,116.495471,40.115923
Car-1,2009-04-18 00:59:18,116.49582,40.116029
Car-1,2009-04-18 00:59:20,116.496186,40.116136
Car-1,2009-04-18 00:59:22,116.496553,40.116247
Car-1,2009-04-18 00:59:24,116.496922,40.116357
Car-1,2009-04-18 00:59:26,116.497295,40.116459
Car-1,2009-04-18 00:59:28,116.497658,40.116557
Car-1,2009-04-18 00:59:30,116.498015,40.116672
Car-1,2009-04-18 00:59:32,116.49839,40.116782
Car-1,2009-04-18 00:59:34,116.498772,40.116884
Car-1,2009-04-18 00:59:36,116.499151,40.116992
Car-1,2009-04-18 00:59:38,116.499535,40.117091
Car-1,2009-04-18 00:59:40,116.499914,40.117185
Car-1,2009-04-18 00:59:42,116.50029,40.117276
Car-1,2009-04-18 00:59:44,116.500661,40.117366
Car-1,2009-04-18 00:59:46,116.501027,40.117452
Car-1,2009-04-18 00:59:48,116.501399,40.117541
Car-1,2009-04-18 00:59:50,116.501786,40.117629
Car-1,2009-04-18 00:59:52,116.502173,40.117712
Car-1,2009-04-18 00:59:54,116.502565,40.117802
Car-1,2009-04-18 00:59:56,116.502958,40.117884
Car-1,2009-04-18 00:59:58,116.503366,40.117976
Car-1,2009-04-18 01:00:00,116.503772,40.118063
Car-1,2009-04-18 01:00:02,116.50418,40.118142
Car-1,2009-04-18 01:00:04,116.504581,40.11822
Car-1,2009-04-18 01:00:06,116.504979,40.118296
Car-1,2009-04-18 01:00:08,116.505381,40.118374
Car-1,2009-04-18 01:00:10,116.505784,40.118446
Car-1,2009-04-18 01:00:12,116.506187,40.118515
Car-1,2009-04-18 01:00:14,116.506586,40.118585
Car-1,2009-04-18 01:00:16,116.506984,40.118659
Car-1,2009-04-18 01:00:18,116.507386,40.118719
Car-1,2009-04-18 01:00:20,116.507798,40.118779
Car-1,2009-04-18 01:00:22,116.508204,40.118837
Car-1,2009-04-18 01:00:24,116.508601,40.118893
Car-1,2009-04-18 01:00:26,116.509005,40.118945
Car-1,2009-04-18 01:00:28,116.509407,40.119
Car-1,2009-04-18 01:00:30,116.509816,40.119051
Car-1,2009-04-18 01:00:32,116.510232,40.119105
Car-1,2009-04-18 01:00:34,116.51066,40.119158
Car-1,2009-04-18 01:00:36,116.511079,40.119202
Car-1,2009-04-18 01:00:38,116.5115,40.119244
Car-1,2009-04-18 01:00:40,116.511916,40.119288
Car-1,2009-04-18 01:00:42,116.512329,40.119329
Car-1,2009-04-18 01:00:44,116.512736,40.119371
Car-1,2009-04-18 01:00:46,116.513144,40.119407
Car-1,2009-04-18 01:00:48,116.513561,40.119437
Car-1,2009-04-18 01:00:50,116.513972,40.119469
Car-1,2009-04-18 01:00:52,116.514391,40.119501
Car-1,2009-04-18 01:00:54,116.514815,40.119532
Car-1,2009-04-18 01:00:56,116.51524,40.119568
Car-1,2009-04-18 01:00:58,116.515652,40.11961
Car-1,2009-04-18 01:01:00,116.51607,40.119651
Car-1,2009-04-18 01:01:02,116.516478,40.11969
Car-1,2009-04-18 01:01:04,116.516889,40.119725
Car-1,2009-04-18 01:01:06,116.517297,40.119758
Car-1,2009-04-18 01:01:08,116.517701,40.119795
Car-1,2009-04-18 01:01:10,116.518107,40.119834
Car-1,2009-04-18 01:01:12,116.518512,40.119871
Car-1,2009-04-18 01:01:14,116.518913,40.119906
Car-1,2009-04-18 01:01:16,116.519312,40.119943
Car-1,2009-04-18 01:01:18,116.519712,40.119972
Car-1,2009-04-18 01:01:20,116.520107,40.120011
Car-1,2009-04-18 01:01:22,116.520519,40.120048
Car-1,2009-04-18 01:01:24,116.520929,40.120085
Car-1,2009-04-18 01:01:26,116.521343,40.120116
Car-1,2009-04-18 01:01:28,116.521758,40.12015
Car-1,2009-04-18 01:01:30,116.522175,40.120182
Car-1,2009-04-18 01:01:32,116.522591,40.120219
Car-1,2009-04-18 01:01:34,116.523014,40.120252
Car-1,2009-04-18 01:01:36,116.523426,40.12029
Car-1,2009-04-18 01:01:38,116.523854,40.12033
Car-1,2009-04-18 01:01:40,116.524271,40.120366
Car-1,2009-04-18 01:01:42,116.524692,40.120405
Car-1,2009-04-18 01:01:44,116.525109,40.120439
Car-1,2009-04-18 01:01:46,116.525527,40.12047
Car-1,2009-04-18 01:01:48,116.525952,40.120508
Car-1,2009-04-18 01:01:50,116.526377,40.120545
Car-1,2009-04-18 01:01:52,116.526804,40.120582
Car-1,2009-04-18 01:01:54,116.527219,40.120624
Car-1,2009-04-18 01:01:56,116.527628,40.120657
Car-1,2009-04-18 01:01:58,116.528031,40.120689
Car-1,2009-04-18 01:02:00,116.528444,40.120722
Car-1,2009-04-18 01:02:02,116.528859,40.120758
Car-1,2009-04-18 01:02:04,116.529281,40.1208
Car-1,2009-04-18 01:02:06,116.52971,40.120842
Car-1,2009-04-18 01:02:08,116.530135,40.120874
Car-1,2009-04-18 01:02:10,116.530561,40.120908
Car-1,2009-04-18 01:02:12,116.530975,40.120947
Car-1,2009-04-18 01:02:14,116.531382,40.120988
Car-1,2009-04-18 01:02:16,116.531785,40.121023
Car-1,2009-04-18 01:02:18,116.532187,40.121057
Car-1,2009-04-18 01:02:20,116.532596,40.121082
Car-1,2009-04-18 01:02:22,116.533007,40.121117
Car-1,2009-04-18 01:02:24,116.533419,40.121149
Car-1,2009-04-18 01:02:26,116.533815,40.121184
Car-1,2009-04-18 01:02:28,116.534217,40.121218
Car-1,2009-04-18 01:02:30,116.534617,40.121254
Car-1,2009-04-18 01:02:32,116.535019,40.121289
Car-1,2009-04-18 01:02:34,116.53542,40.121322
Car-1,2009-04-18 01:02:36,116.535823,40.121357
Car-1,2009-04-18 01:02:38,116.536233,40.121391
Car-1,2009-04-18 01:02:40,116.536652,40.121434
Car-1,2009-04-18 01:02:42,116.537081,40.12147
Car-1,2009-04-18 01:02:44,116.537499,40.121506
Car-1,2009-04-18 01:02:46,116.537918,40.121541
Car-1,2009-04-18 01:02:48,116.53833,40.121577
Car-1,2009-04-18 01:02:50,116.538742,40.121613
Car-1,2009-04-18 01:02:52,116.539149,40.121651
Car-1,2009-04-18 01:02:54,116.539562,40.121685
Car-1,2009-04-18 01:02:56,116.539977,40.121721
Car-1,2009-04-18 01:02:58,116.540388,40.121752
Car-1,2009-04-18 01:03:00,116.540811,40.121789
Car-1,2009-04-18 01:03:02,116.541228,40.121827
Car-1,2009-04-18 01:03:04,116.541658,40.121866
Car-1,2009-04-18 01:03:06,116.54208,40.121908
Car-1,2009-04-18 01:03:08,116.542517,40.121942
Car-1,2009-04-18 01:03:10,116.542944,40.121975
Car-1,2009-04-18 01:03:12,116.54337,40.122002
Car-1,2009-04-18 01:03:14,116.543797,40.122034
Car-1,2009-04-18 01:03:16,116.544217,40.122072
Car-1,2009-04-18 01:03:18,116.544645,40.122105
Car-1,2009-04-18 01:03:20,116.54507,40.122117
Car-1,2009-04-18 01:03:22,116.54551,40.122138
Car-1,2009-04-18 01:03:24,116.545949,40.122156
Car-1,2009-04-18 01:03:26,116.546381,40.122178
Car-1,2009-04-18 01:03:28,116.546808,40.122192
Car-1,2009-04-18 01:03:30,116.547219,40.122199
Car-1,2009-04-18 01:03:32,116.547629,40.122197
Car-1,2009-04-18 01:03:34,116.54803,40.122201
Car-1,2009-04-18 01:03:36,116.548411,40.12219
Car-1,2009-04-18 01:03:38,116.548776,40.122172
Car-1,2009-04-18 01:03:40,116.549134,40.122167
Car-1,2009-04-18 01:03:42,116.549466,40.122148
Car-1,2009-04-18 01:03:44,116.549786,40.122135
Car-1,2009-04-18 01:03:46,116.550093,40.122128
Car-1,2009-04-18 01:03:48,116.550375,40.12212
Car-1,2009-04-18 01:03:50,116.55065,40.122103
Car-1,2009-04-18 01:03:52,116.55092,40.122091
Car-1,2009-04-18 01:03:54,116.551164,40.122082
Car-1,2009-04-18 01:03:56,116.551399,40.122066
Car-1,2009-04-18 01:03:58,116.55161,40.122045
Car-1,2009-04-18 01:04:00,116.551808,40.122003
Car-1,2009-04-18 01:04:02,116.551982,40.121921
Car-1,2009-04-18 01:04:04,116.552108,40.121802
Car-1,2009-04-18 01:04:06,116.552176,40.121656
Car-1,2009-04-18 01:04:08,116.552158,40.121486
Car-1,2009-04-18 01:04:10,116.552065,40.121335
Car-1,2009-04-18 01:04:12,116.551886,40.121238
Car-1,2009-04-18 01:04:14,116.551678,40.121184
Car-1,2009-04-18 01:04:16,116.551455,40.121174
Car-1,2009-04-18 01:04:18,116.551238,40.12117
Car-1,2009-04-18 01:04:20,116.551049,40.121182
Car-1,2009-04-18 01:04:22,116.550889,40.121193
Car-1,2009-04-18 01:04:24,116.550772,40.121206
Car-1,2009-04-18 01:04:26,116.550699,40.121205
Car-1,2009-04-18 01:04:28,116.55066,40.121214
Car-1,2009-04-18 01:04:30,116.550631,40.121228
Car-1,2009-04-18 01:04:32,116.55061,40.121232
Car-1,2009-04-18 01:04:34,116.550619,40.121231
Car-1,2009-04-18 01:04:36,116.55062,40.121231
Car-1,2009-04-18 01:04:38,116.550623,40.121232
Car-1,2009-04-18 01:04:40,116.550626,40.121232
Car-1,2009-04-18 01:04:42,116.550631,40.121232
Car-1,2009-04-18 01:04:44,116.550636,40.121232
Car-1,2009-04-18 01:04:46,116.550637,40.121232
Car-1,2009-04-18 01:04:48,116.550634,40.121232
Car-1,2009-04-18 01:04:50,116.550627,40.121231
Car-1,2009-04-18 01:04:52,116.550614,40.121231
Car-1,2009-04-18 01:04:54,116.550591,40.121222
Car-1,2009-04-18 01:04:56,116.550563,40.121217
Car-1,2009-04-18 01:04:58,116.550471,40.121231
Car-1,2009-04-18 01:05:00,116.550384,40.12124
Car-1,2009-04-18 01:05:02,116.550285,40.121246
Car-1,2009-04-18 01:05:04,116.550116,40.121255
Car-1,2009-04-18 01:05:06,116.549942,40.121255
Car-1,2009-04-18 01:05:08,116.549728,40.12127
Car-1,2009-04-18 01:05:10,116.549513,40.121273
Car-1,2009-04-18 01:05:12,116.549292,40.121277
Car-1,2009-04-18 01:05:14,116.549069,40.12128
Car-1,2009-04-18 01:05:16,116.548862,40.121288
Car-1,2009-04-18 01:05:18,116.548713,40.121293
Car-1,2009-04-18 01:05:20,116.548617,40.121282
Car-1,2009-04-18 01:05:22,116.548537,40.121276
Car-1,2009-04-18 01:05:24,116.548461,40.121229
Car-1,2009-04-18 01:05:26,116.548413,40.121116
Car-1,2009-04-18 01:05:28,116.548402,40.120942
Car-1,2009-04-18 01:05:30,116.548421,40.120723
Car-1,2009-04-18 01:05:32,116.548443,40.120492
Car-1,2009-04-18 01:05:34,116.548466,40.120244
Car-1,2009-04-18 01:05:36,116.548499,40.119989
Car-1,2009-04-18 01:05:38,116.548535,40.119723
Car-1,2009-04-18 01:05:40,116.548567,40.119451
Car-1,2009-04-18 01:05:42,116.548597,40.119177
Car-1,2009-04-18 01:05:44,116.548626,40.118897
Car-1,2009-04-18 01:05:46,116.548661,40.118626
Car-1,2009-04-18 01:05:48,116.548688,40.11836
Car-1,2009-04-18 01:05:50,116.54871,40.118109
Car-1,2009-04-18 01:05:52,116.548728,40.117876
Car-1,2009-04-18 01:05:54,116.548742,40.117669
Car-1,2009-04-18 01:05:56,116.548762,40.117478
Car-1,2009-04-18 01:05:58,116.548775,40.117302
Car-1,2009-04-18 01:06:00,116.548793,40.117151
Car-1,2009-04-18 01:06:02,116.548808,40.117011
Car-1,2009-04-18 01:06:04,116.548806,40.116901
Car-1,2009-04-18 01:06:06,116.54881,40.116805
Car-1,2009-04-18 01:06:08,116.548813,40.116735
Car-1,2009-04-18 01:06:10,116.548816,40.116684
Car-1,2009-04-18 01:06:12,116.548814,40.116653
Car-1,2009-04-18 01:06:14,116.548794,40.116642
Car-1,2009-04-18 01:06:16,116.54879,40.116622
Car-1,2009-04-18 01:06:18,116.548793,40.116596
Car-1,2009-04-18 01:06:20,116.548795,40.116587
Car-1,2009-04-18 01:06:22,116.548797,40.11658
Car-1,2009-04-18 01:06:24,116.548799,40.116574
Car-1,2009-04-18 01:06:26,116.548797,40.116568
Car-1,2009-04-18 01:06:28,116.548796,40.116557
Car-1,2009-04-18 01:06:30,116.548805,40.116506
Car-1,2009-04-18 01:06:32,116.548847,40.116432
Car-1,2009-04-18 01:06:34,116.548857,40.116379
Car-1,2009-04-18 01:06:36,116.548895,40.116304
Car-1,2009-04-18 01:06:38,116.548989,40.116221
Car-1,2009-04-18 01:06:40,116.549132,40.116144
Car-1,2009-04-18 01:06:42,116.549341,40.116113
Car-1,2009-04-18 01:06:44,116.54956,40.116118
Car-1,2009-04-18 01:06:46,116.549818,40.116137
Car-1,2009-04-18 01:06:48,116.550103,40.116172
Car-1,2009-04-18 01:06:50,116.550405,40.116202
Car-1,2009-04-18 01:06:52,116.550719,40.116236
Car-1,2009-04-18 01:06:54,116.551036,40.116265
Car-1,2009-04-18 01:06:56,116.551367,40.116297
Car-1,2009-04-18 01:06:58,116.551693,40.116337
Car-1,2009-04-18 01:07:00,116.552035,40.116372
Car-1,2009-04-18 01:07:02,116.552376,40.116417
Car-1,2009-04-18 01:07:04,116.552726,40.116459
Car-1,2009-04-18 01:07:06,116.553075,40.116495
Car-1,2009-04-18 01:07:08,116.553438,40.116527
Car-1,2009-04-18 01:07:10,116.553769,40.116567
Car-1,2009-04-18 01:07:12,116.554103,40.1166
Car-1,2009-04-18 01:07:14,116.554452,40.116635
Car-1,2009-04-18 01:07:16,116.554794,40.116668
Car-1,2009-04-18 01:07:18,116.555144,40.116702
Car-1,2009-04-18 01:07:20,116.55549,40.116746
Car-1,2009-04-18 01:07:22,116.555838,40.116782
Car-1,2009-04-18 01:07:24,116.556197,40.116819
Car-1,2009-04-18 01:07:26,116.556551,40.116858
Car-1,2009-04-18 01:07:28,116.556906,40.116896
Car-1,2009-04-18 01:07:30,116.557251,40.116938
Car-1,2009-04-18 01:07:32,116.55757,40.116968
Car-1,2009-04-18 01:07:34,116.55788,40.117011
Car-1,2009-04-18 01:07:36,116.558172,40.117044
Car-1,2009-04-18 01:07:38,116.558443,40.117079
Car-1,2009-04-18 01:07:40,116.558705,40.117094
Car-1,2009-04-18 01:07:42,116.55894,40.117112
Car-1,2009-04-18 01:07:44,116.559156,40.117134
Car-1,2009-04-18 01:07:46,116.559367,40.117153
Car-1,2009-04-18 01:07:48,116.559587,40.117178
Car-1,2009-04-18 01:07:50,116.559804,40.117193
Car-1,2009-04-18 01:07:52,116.56002,40.117207
Car-1,2009-04-18 01:07:54,116.560235,40.11722
Car-1,2009-04-18 01:07:56,116.560425,40.117223
Car-1,2009-04-18 01:07:58,116.560579,40.117205
Car-1,2009-04-18 01:08:00,116.560698,40.117163
Car-1,2009-04-18 01:08:02,116.560759,40.117099
Car-1,2009-04-18 01:08:04,116.56082,40.117001
Car-1,2009-04-18 01:08:06,116.560881,40.116865
Car-1,2009-04-18 01:08:08,116.560939,40.116725
Car-1,2009-04-18 01:08:10,116.561013,40.11659
Car-1,2009-04-18 01:08:12,116.56109,40.116444
Car-1,2009-04-18 01:08:14,116.561204,40.116305
Car-1,2009-04-18 01:08:16,116.56135,40.116186
Car-1,2009-04-18 01:08:18,116.561518,40.116107
Car-1,2009-04-18 01:08:20,116.561697,40.116049
Car-1,2009-04-18 01:08:22,116.5619,40.11601
Car-1,2009-04-18 01:08:24,116.56213,40.11599
Car-1,2009-04-18 01:08:26,116.562348,40.115992
Car-1,2009-04-18 01:08:28,116.562578,40.116019
Car-1,2009-04-18 01:08:30,116.562809,40.116058
Car-1,2009-04-18 01:08:32,116.563038,40.116096
Car-1,2009-04-18 01:08:34,116.563264,40.116138
Car-1,2009-04-18 01:08:36,116.56349,40.116186
Car-1,2009-04-18 01:08:38,116.563729,40.116233
Car-1,2009-04-18 01:08:40,116.563986,40.116276
Car-1,2009-04-18 01:08:42,116.564253,40.116311
Car-1,2009-04-18 01:08:44,116.564534,40.116337
Car-1,2009-04-18 01:08:46,116.564821,40.116345
Car-1,2009-04-18 01:08:48,116.565139,40.116349
Car-1,2009-04-18 01:08:50,116.565444,40.116357
Car-1,2009-04-18 01:08:52,116.565753,40.116362
Car-1,2009-04-18 01:08:54,116.566083,40.116367
Car-1,2009-04-18 01:08:56,116.566407,40.116369
Car-1,2009-04-18 01:08:58,116.566729,40.116375
Car-1,2009-04-18 01:09:00,116.567079,40.116388
Car-1,2009-04-18 01:09:02,116.56743,40.116411
Car-1,2009-04-18 01:09:04,116.56779,40.116434
Car-1,2009-04-18 01:09:06,116.568152,40.116444
Car-1,2009-04-18 01:09:08,116.568505,40.116453
Car-1,2009-04-18 01:09:10,116.568856,40.116458
Car-1,2009-04-18 01:09:12,116.569204,40.116471
Car-1,2009-04-18 01:09:14,116.569538,40.116484
Car-1,2009-04-18 01:09:16,116.569868,40.116495
Car-1,2009-04-18 01:09:18,116.570191,40.116512
Car-1,2009-04-18 01:09:20,116.570515,40.116517
Car-1,2009-04-18 01:09:22,116.570852,40.116518
Car-1,2009-04-18 01:09:24,116.571195,40.116524
Car-1,2009-04-18 01:09:26,116.571537,40.116534
Car-1,2009-04-18 01:09:28,116.571873,40.116545
Car-1,2009-04-18 01:09:30,116.572201,40.116548
Car-1,2009-04-18 01:09:32,116.572508,40.116557
Car-1,2009-04-18 01:09:34,116.572791,40.11656
Car-1,2009-04-18 01:09:36,116.57305,40.116571
Car-1,2009-04-18 01:09:38,116.573302,40.116582
Car-1,2009-04-18 01:09:40,116.573568,40.116589
Car-1,2009-04-18 01:09:42,116.573845,40.116594
Car-1,2009-04-18 01:09:44,116.574133,40.1166
Car-1,2009-04-18 01:09:46,116.57443,40.116613
Car-1,2009-04-18 01:09:48,116.574724,40.116625
Car-1,2009-04-18 01:09:50,116.575018,40.116635
Car-1,2009-04-18 01:09:52,116.575324,40.116649
Car-1,2009-04-18 01:09:54,116.575634,40.116662
Car-1,2009-04-18 01:09:56,116.575928,40.116671
Car-1,2009-04-18 01:09:58,116.576224,40.116684
Car-1,2009-04-18 01:10:00,116.576508,40.116693
Car-1,2009-04-18 01:10:02,116.576784,40.116699
Car-1,2009-04-18 01:10:04,116.577069,40.116715
Car-1,2009-04-18 01:10:06,116.577361,40.116724
Car-1,2009-04-18 01:10:08,116.577661,40.116735
Car-1,2009-04-18 01:10:10,116.577945,40.11675
Car-1,2009-04-18 01:10:12,116.578234,40.116759
Car-1,2009-04-18 01:10:14,116.578548,40.116741
Car-1,2009-04-18 01:10:16,116.578853,40.116743
Car-1,2009-04-18 01:10:18,116.579137,40.116758
Car-1,2009-04-18 01:10:20,116.579384,40.116768
Car-1,2009-04-18 01:10:22,116.579577,40.116769
Car-1,2009-04-18 01:10:24,116.57972,40.11676
Car-1,2009-04-18 01:10:26,116.579845,40.116761
Car-1,2009-04-18 01:10:28,116.579959,40.11677
Car-1,2009-04-18 01:10:30,116.580076,40.116787
Car-1,2009-04-18 01:10:32,116.580195,40.116781
Car-1,2009-04-18 01:10:34,116.580329,40.116779
Car-1,2009-04-18 01:10:36,116.580457,40.116782
Car-1,2009-04-18 01:10:38,116.58059,40.116781
Car-1,2009-04-18 01:10:40,116.580756,40.116762
Car-1,2009-04-18 01:10:42,116.580923,40.116745
Car-1,2009-04-18 01:10:44,116.581118,40.116741
Car-1,2009-04-18 01:10:46,116.581329,40.116746
Car-1,2009-04-18 01:10:48,116.581566,40.116763
Car-1,2009-04-18 01:10:50,116.581796,40.116774
Car-1,2009-04-18 01:10:52,116.582027,40.116789
Car-1,2009-04-18 01:10:54,116.582245,40.116807
Car-1,2009-04-18 01:10:56,116.58246,40.116809
Car-1,2009-04-18 01:10:58,116.582667,40.11681
Car-1,2009-04-18 01:11:00,116.582879,40.116806
Car-1,2009-04-18 01:11:02,116.5831,40.116803
Car-1,2009-04-18 01:11:04,116.583307,40.116814
Car-1,2009-04-18 01:11:06,116.58348,40.116822
Car-1,2009-04-18 01:11:08,116.583637,40.116819
Car-1,2009-04-18 01:11:10,116.583782,40.116812
Car-1,2009-04-18 01:11:12,116.583924,40.116798
Car-1,2009-04-18 01:11:14,116.584071,40.116785
Car-1,2009-04-18 01:11:16,116.584226,40.116771
Car-1,2009-04-18 01:11:18,116.5844,40.116755
Car-1,2009-04-18 01:11:20,116.584599,40.116747
Car-1,2009-04-18 01:11:22,116.584819,40.116742
Car-1,2009-04-18 01:11:24,116.585073,40.116745
Car-1,2009-04-18 01:11:26,116.585321,40.116745
Car-1,2009-04-18 01:11:28,116.58559,40.116751
Car-1,2009-04-18 01:11:30,116.585852,40.11676
Car-1,2009-04-18 01:11:32,116.586117,40.116768
Car-1,2009-04-18 01:11:34,116.586365,40.116777
Car-1,2009-04-18 01:11:36,116.586601,40.116775
Car-1,2009-04-18 01:11:38,116.586833,40.116768
Car-1,2009-04-18 01:11:40,116.587068,40.116762
Car-1,2009-04-18 01:11:42,116.587307,40.116754
Car-1,2009-04-18 01:11:44,116.587559,40.116749
Car-1,2009-04-18 01:11:46,116.587816,40.116747
Car-1,2009-04-18 01:11:48,116.588082,40.116746
Car-1,2009-04-18 01:11:50,116.588348,40.116744
Car-1,2009-04-18 01:11:52,116.588636,40.116756
Car-1,2009-04-18 01:11:54,116.588912,40.116753
Car-1,2009-04-18 01:11:56,116.589192,40.116754
Car-1,2009-04-18 01:11:58,116.589475,40.116746
Car-1,2009-04-18 01:12:00,116.589757,40.116743
Car-1,2009-04-18 01:12:02,116.590043,40.116747
Car-1,2009-04-18 01:12:04,116.590329,40.116749
Car-1,2009-04-18 01:12:06,116.590613,40.116751
Car-1,2009-04-18 01:12:08,116.590899,40.116745
Car-1,2009-04-18 01:12:10,116.591186,40.116741
Car-1,2009-04-18 01:12:12,116.591504,40.116736
Car-1,2009-04-18 01:12:14,116.591827,40.116728
Car-1,2009-04-18 01:12:16,116.592167,40.116718
Car-1,2009-04-18 01:12:18,116.592522,40.116714
Car-1,2009-04-18 01:12:20,116.592895,40.1167
Car-1,2009-04-18 01:12:22,116.593274,40.116695
Car-1,2009-04-18 01:12:24,116.593655,40.116701
Car-1,2009-04-18 01:12:26,116.594039,40.116698
Car-1,2009-04-18 01:12:28,116.594407,40.116688
Car-1,2009-04-18 01:12:30,116.594766,40.116685
Car-1,2009-04-18 01:12:32,116.595115,40.116684
Car-1,2009-04-18 01:12:34,116.59544,40.116672
Car-1,2009-04-18 01:12:36,116.595774,40.116667
Car-1,2009-04-18 01:12:38,116.596111,40.116649
Car-1,2009-04-18 01:12:40,116.596454,40.116633
Car-1,2009-04-18 01:12:42,116.596824,40.116625
Car-1,2009-04-18 01:12:44,116.597215,40.116626
Car-1,2009-04-18 01:12:46,116.597614,40.116632
Car-1,2009-04-18 01:12:48,116.597998,40.116635
Car-1,2009-04-18 01:12:50,116.598387,40.11663
Car-1,2009-04-18 01:12:52,116.598788,40.11663
Car-1,2009-04-18 01:12:54,116.59917,40.116621
Car-1,2009-04-18 01:12:56,116.59955,40.116617
Car-1,2009-04-18 01:12:58,116.599923,40.116602
Car-1,2009-04-18 01:13:00,116.60028,40.116601
Car-1,2009-04-18 01:13:02,116.600626,40.116603
Car-1,2009-04-18 01:13:04,116.600976,40.116595
Car-1,2009-04-18 01:13:06,116.60132,40.116576
Car-1,2009-04-18 01:13:08,116.601682,40.116563
Car-1,2009-04-18 01:13:10,116.602037,40.116537
Car-1,2009-04-18 01:13:12,116.602385,40.116529
Car-1,2009-04-18 01:13:14,116.602717,40.116518
Car-1,2009-04-18 01:13:16,116.603045,40.116512
Car-1,2009-04-18 01:13:18,116.603355,40.116524
Car-1,2009-04-18 01:13:20,116.603608,40.116531
Car-1,2009-04-18 01:13:22,116.603819,40.116521
Car-1,2009-04-18 01:13:24,116.603993,40.116517
Car-1,2009-04-18 01:13:26,116.604133,40.116521
Car-1,2009-04-18 01:13:28,116.60424,40.116516
Car-1,2009-04-18 01:13:30,116.604319,40.116508
Car-1,2009-04-18 01:13:32,116.604362,40.116511
Car-1,2009-04-18 01:13:34,116.604386,40.116507
Car-1,2009-04-18 01:13:36,116.604404,40.116506
Car-1,2009-04-18 01:13:38,116.60444,40.1165
Car-1,2009-04-18 01:13:40,116.604495,40.116493
Car-1,2009-04-18 01:13:42,116.604591,40.116486
Car-1,2009-04-18 01:13:44,116.604705,40.116481
Car-1,2009-04-18 01:13:46,116.604868,40.116477
Car-1,2009-04-18 01:13:48,116.605056,40.116465
Car-1,2009-04-18 01:13:50,116.605265,40.116457
Car-1,2009-04-18 01:13:52,116.605493,40.116457
Car-1,2009-04-18 01:13:54,116.605743,40.116456
Car-1,2009-04-18 01:13:56,116.606013,40.116456
Car-1,2009-04-18 01:13:58,116.60629,40.116457
Car-1,2009-04-18 01:14:00,116.606575,40.116457
Car-1,2009-04-18 01:14:02,116.606868,40.11645
Car-1,2009-04-18 01:14:04,116.607176,40.116427
Car-1,2009-04-18 01:14:06,116.607475,40.116417
Car-1,2009-04-18 01:14:08,116.607747,40.116411
Car-1,2009-04-18 01:14:10,116.607974,40.116408
Car-1,2009-04-18 01:14:12,116.608192,40.116408
Car-1,2009-04-18 01:14:14,116.608416,40.116403
Car-1,2009-04-18 01:14:16,116.608653,40.1164
Car-1,2009-04-18 01:14:18,116.608921,40.116414
Car-1,2009-04-18 01:14:20,116.609206,40.116419
Car-1,2009-04-18 01:14:22,116.60949,40.11642
Car-1,2009-04-18 01:14:24,116.609764,40.11641
Car-1,2009-04-18 01:14:26,116.610037,40.116403
Car-1,2009-04-18 01:14:28,116.610316,40.116405
Car-1,2009-04-18 01:14:30,116.610587,40.116404
Car-1,2009-04-18 01:14:32,116.610844,40.116407
Car-1,2009-04-18 01:14:34,116.611101,40.116405
Car-1,2009-04-18 01:14:36,116.611357,40.116401
Car-1,2009-04-18 01:14:38,116.611611,40.116395
Car-1,2009-04-18 01:14:40,116.611848,40.116393
Car-1,2009-04-18 01:14:42,116.612074,40.116392
Car-1,2009-04-18 01:14:44,116.612269,40.116391
Car-1,2009-04-18 01:14:46,116.612443,40.116397
Car-1,2009-04-18 01:14:48,116.6126,40.116399
Car-1,2009-04-18 01:14:50,116.612766,40.116398
Car-1,2009-04-18 01:14:52,116.612932,40.116395
Car-1,2009-04-18 01:14:54,116.613129,40.116383
Car-1,2009-04-18 01:14:56,116.61336,40.116378
Car-1,2009-04-18 01:14:58,116.613614,40.116374
Car-1,2009-04-18 01:15:00,116.613867,40.116367
Car-1,2009-04-18 01:15:02,116.614143,40.116359
Car-1,2009-04-18 01:15:04,116.614428,40.116348
Car-1,2009-04-18 01:15:06,116.614709,40.116344
Car-1,2009-04-18 01:15:08,116.614993,40.116349
Car-1,2009-04-18 01:15:10,116.615279,40.116352
Car-1,2009-04-18 01:15:12,116.61557,40.116351
Car-1,2009-04-18 01:15:14,116.615862,40.116357
Car-1,2009-04-18 01:15:16,116.616169,40.116349
Car-1,2009-04-18 01:15:18,116.616463,40.116352
Car-1,2009-04-18 01:15:20,116.616755,40.116354
Car-1,2009-04-18 01:15:22,116.617028,40.116351
Car-1,2009-04-18 01:15:24,116.617298,40.116333
Car-1,2009-04-18 01:15:26,116.617575,40.11633
Car-1,2009-04-18 01:15:28,116.617857,40.116334
Car-1,2009-04-18 01:15:30,116.618135,40.116335
Car-1,2009-04-18 01:15:32,116.61842,40.116331
Car-1,2009-04-18 01:15:34,116.618694,40.116335
Car-1,2009-04-18 01:15:36,116.61895,40.116335
Car-1,2009-04-18 01:15:38,116.61918,40.116337
Car-1,2009-04-18 01:15:40,116.619362,40.116341
Car-1,2009-04-18 01:15:42,116.619498,40.116334
Car-1,2009-04-18 01:15:44,116.619601,40.116328
Car-1,2009-04-18 01:15:46,116.619686,40.116313
Car-1,2009-04-18 01:15:48,116.619779,40.116296
Car-1,2009-04-18 01:15:50,116.61987,40.116283
Car-1,2009-04-18 01:15:52,116.619944,40.11627
Car-1,2009-04-18 01:15:54,116.620009,40.116277
Car-1,2009-04-18 01:15:56,116.620032,40.116285
Car-1,2009-04-18 01:15:58,116.620042,40.116288
Car-1,2009-04-18 01:16:00,116.620046,40.116288
Car-1,2009-04-18 01:16:02,116.620046,40.116288
Car-1,2009-04-18 01:16:04,116.620045,40.116289
Car-1,2009-04-18 01:16:06,116.620047,40.116289
Car-1,2009-04-18 01:16:08,116.620058,40.116288
Car-1,2009-04-18 01:16:10,116.620087,40.116289
Car-1,2009-04-18 01:16:12,116.620139,40.116286
Car-1,2009-04-18 01:16:14,116.620217,40.116274
Car-1,2009-04-18 01:16:16,116.62028,40.11627
Car-1,2009-04-18 01:16:18,116.620347,40.11626
Car-1,2009-04-18 01:16:20,116.620408,40.116249
Car-1,2009-04-18 01:16:22,116.620496,40.116236
Car-1,2009-04-18 01:16:24,116.620624,40.116211
Car-1,2009-04-18 01:16:26,116.620771,40.116187
Car-1,2009-04-18 01:16:28,116.620928,40.116176
Car-1,2009-04-18 01:16:30,116.621079,40.116154
Car-1,2009-04-18 01:16:32,116.621249,40.116123
Car-1,2009-04-18 01:16:34,116.621423,40.116105
Car-1,2009-04-18 01:16:36,116.621607,40.11609
Car-1,2009-04-18 01:16:38,116.621792,40.116095
Car-1,2009-04-18 01:16:40,116.621977,40.116113
Car-1,2009-04-18 01:16:42,116.622147,40.116106
Car-1,2009-04-18 01:16:44,116.622334,40.116116
Car-1,2009-04-18 01:16:46,116.622514,40.11613
Car-1,2009-04-18 01:16:48,116.622694,40.116152
Car-1,2009-04-18 01:16:50,116.622895,40.116171
Car-1,2009-04-18 01:16:52,116.623093,40.116178
Car-1,2009-04-18 01:16:54,116.623308,40.116173
Car-1,2009-04-18 01:16:56,116.623537,40.116169
Car-1,2009-04-18 01:16:58,116.623784,40.11618
Car-1,2009-04-18 01:17:00,116.624052,40.116187
Car-1,2009-04-18 01:17:02,116.624334,40.116202
Car-1,2009-04-18 01:17:04,116.624634,40.11621
Car-1,2009-04-18 01:17:06,116.624953,40.116218
Car-1,2009-04-18 01:17:08,116.625288,40.11622
Car-1,2009-04-18 01:17:10,116.625636,40.116219
Car-1,2009-04-18 01:17:12,116.625979,40.116218
Car-1,2009-04-18 01:17:14,116.62631,40.116229
Car-1,2009-04-18 01:17:16,116.626635,40.116236
Car-1,2009-04-18 01:17:18,116.626935,40.116237
Car-1,2009-04-18 01:17:20,116.627231,40.116237
Car-1,2009-04-18 01:17:22,116.627526,40.116242
Car-1,2009-04-18 01:17:24,116.627824,40.116247
Car-1,2009-04-18 01:17:26,116.628109,40.116254
Car-1,2009-04-18 01:17:28,116.628377,40.116247
Car-1,2009-04-18 01:17:30,116.628644,40.116247
Car-1,2009-04-18 01:17:32,116.628901,40.116243
Car-1,2009-04-18 01:17:34,116.629171,40.116235
Car-1,2009-04-18 01:17:36,116.629463,40.116235
Car-1,2009-04-18 01:17:38,116.629757,40.116229
Car-1,2009-04-18 01:17:40,116.630056,40.116222
Car-1,2009-04-18 01:17:42,116.630365,40.116217
Car-1,2009-04-18 01:17:44,116.630678,40.116206
Car-1,2009-04-18 01:17:46,116.631006,40.116203
Car-1,2009-04-18 01:17:48,116.63133,40.116194
Car-1,2009-04-18 01:17:50,116.631669,40.116191
Car-1,2009-04-18 01:17:52,116.632014,40.116194
Car-1,2009-04-18 01:17:54,116.632359,40.116195
Car-1,2009-04-18 01:17:56,116.632717,40.116196
Car-1,2009-04-18 01:17:58,116.633071,40.116199
Car-1,2009-04-18 01:18:00,116.633434,40.116201
Car-1,2009-04-18 01:18:02,116.633796,40.116203
Car-1,2009-04-18 01:18:04,116.63416,40.116203
Car-1,2009-04-18 01:18:06,116.634526,40.116202
Car-1,2009-04-18 01:18:08,116.634887,40.116198
Car-1,2009-04-18 01:18:10,116.635249,40.116189
Car-1,2009-04-18 01:18:12,116.635622,40.116185
Car-1,2009-04-18 01:18:14,116.635982,40.116189
Car-1,2009-04-18 01:18:16,116.63632,40.116189
Car-1,2009-04-18 01:18:18,116.636662,40.116197
Car-1,2009-04-18 01:18:20,116.636999,40.116193
Car-1,2009-04-18 01:18:22,116.637337,40.116186
Car-1,2009-04-18 01:18:24,116.637679,40.116187
Car-1,2009-04-18 01:18:26,116.638027,40.116186
Car-1,2009-04-18 01:18:28,116.638376,40.116185
Car-1,2009-04-18 01:18:30,116.638732,40.116185
Car-1,2009-04-18 01:18:32,116.639089,40.116188
Car-1,2009-04-18 01:18:34,116.639471,40.116189
Car-1,2009-04-18 01:18:36,116.639846,40.116193
Car-1,2009-04-18 01:18:38,116.640222,40.116183
Car-1,2009-04-18 01:18:40,116.640606,40.116179
Car-1,2009-04-18 01:18:42,116.640997,40.116183
Car-1,2009-04-18 01:18:44,116.641382,40.116183
Car-1,2009-04-18 01:18:46,116.64177,40.11618
Car-1,2009-04-18 01:18:48,116.642153,40.116173
Car-1,2009-04-18 01:18:50,116.642528,40.116167
Car-1,2009-04-18 01:18:52,116.642898,40.11615
Car-1,2009-04-18 01:18:54,116.64326,40.116147
Car-1,2009-04-18 01:18:56,116.643603,40.116152
Car-1,2009-04-18 01:18:58,116.643929,40.116139
Car-1,2009-04-18 01:19:00,116.64425,40.116115
Car-1,2009-04-18 01:19:02,116.644555,40.116097
Car-1,2009-04-18 01:19:04,116.644865,40.116093
Car-1,2009-04-18 01:19:06,116.645183,40.116089
Car-1,2009-04-18 01:19:08,116.645509,40.116067
Car-1,2009-04-18 01:19:10,116.645842,40.116058
Car-1,2009-04-18 01:19:12,116.646176,40.116049
Car-1,2009-04-18 01:19:14,116.646504,40.116034
Car-1,2009-04-18 01:19:16,116.646831,40.116014
Car-1,2009-04-18 01:19:18,116.647151,40.115986
Car-1,2009-04-18 01:19:20,116.647471,40.115975
Car-1,2009-04-18 01:19:22,116.647802,40.115967
Car-1,2009-04-18 01:19:24,116.648128,40.115963
Car-1,2009-04-18 01:19:26,116.648461,40.11595
Car-1,2009-04-18 01:19:28,116.648806,40.115934
Car-1,2009-04-18 01:19:30,116.649159,40.115938
Car-1,2009-04-18 01:19:32,116.649526,40.11594
Car-1,2009-04-18 01:19:34,116.649895,40.115939
Car-1,2009-04-18 01:19:36,116.650274,40.115946
Car-1,2009-04-18 01:19:38,116.650643,40.115954
Car-1,2009-04-18 01:19:40,116.651013,40.115967
Car-1,2009-04-18 01:19:42,116.651392,40.115985
Car-1,2009-04-18 01:19:44,116.651776,40.115994
Car-1,2009-04-18 01:19:46,116.65216,40.116004
Car-1,2009-04-18 01:19:48,116.652532,40.116011
Car-1,2009-04-18 01:19:50,116.652913,40.116008
Car-1,2009-04-18 01:19:52,116.653281,40.116012
Car-1,2009-04-18 01:19:54,116.653646,40.115993
Car-1,2009-04-18 01:19:56,116.654018,40.115971
Car-1,2009-04-18 01:19:58,116.654397,40.115946
Car-1,2009-04-18 01:20:00,116.654764,40.11592
Car-1,2009-04-18 01:20:02,116.655143,40.115895
Car-1,2009-04-18 01:20:04,116.655515,40.115871
Car-1,2009-04-18 01:20:06,116.655887,40.11583
Car-1,2009-04-18 01:20:08,116.656266,40.11579
Car-1,2009-04-18 01:20:10,116.656648,40.115746
Car-1,2009-04-18 01:20:12,116.657019,40.11571
Car-1,2009-04-18 01:20:14,116.657378,40.115664
Car-1,2009-04-18 01:20:16,116.65773,40.115614
Car-1,2009-04-18 01:20:18,116.658083,40.115575
Car-1,2009-04-18 01:20:20,116.658422,40.115535
Car-1,2009-04-18 01:20:22,116.65877,40.115501
Car-1,2009-04-18 01:20:24,116.659121,40.115459
Car-1,2009-04-18 01:20:26,116.659487,40.115419
Car-1,2009-04-18 01:20:28,116.659835,40.115378
Car-1,2009-04-18 01:20:30,116.660173,40.115334
Car-1,2009-04-18 01:20:32,116.660508,40.115287
Car-1,2009-04-18 01:20:34,116.660826,40.115244
Car-1,2009-04-18 01:20:36,116.66113,40.1152
Car-1,2009-04-18 01:20:38,116.661421,40.11514
Car-1,2009-04-18 01:20:40,116.661709,40.115098
Car-1,2009-04-18 01:20:42,116.661971,40.115071
Car-1,2009-04-18 01:20:44,116.662219,40.115045
Car-1,2009-04-18 01:20:46,116.66245,40.115018
Car-1,2009-04-18 01:20:48,116.662666,40.114997
Car-1,2009-04-18 01:20:50,116.662828,40.114982
Car-1,2009-04-18 01:20:52,116.662879,40.114969
Car-1,2009-04-18 01:20:54,116.662873,40.114976
Car-1,2009-04-18 01:20:56,116.662863,40.114976
Car-1,2009-04-18 01:20:58,116.662861,40.114976
Car-1,2009-04-18 01:21:00,116.66286,40.114976
Car-1,2009-04-18 01:21:02,116.662859,40.114976
Car-1,2009-04-18 01:21:04,116.662858,40.114976
Car-1,2009-04-18 01:21:06,116.662857,40.114976
Car-1,2009-04-18 01:21:08,116.662856,40.114977
Car-1,2009-04-18 01:21:10,116.662855,40.114977
Car-1,2009-04-18 01:21:12,116.662854,40.114977
Car-1,2009-04-18 01:21:14,116.662854,40.114977
Car-1,2009-04-18 01:21:16,116.662854,40.114977
Car-1,2009-04-18 01:21:18,116.662854,40.114977
Car-1,2009-04-18 01:21:20,116.662855,40.114977
Car-1,2009-04-18 01:21:22,116.662854,40.114977
Car-1,2009-04-18 01:21:24,116.662852,40.114977
Car-1,2009-04-18 01:21:26,116.662851,40.114977
Car-1,2009-04-18 01:21:28,116.66285,40.114977
Car-1,2009-04-18 01:21:30,116.662848,40.114978
Car-1,2009-04-18 01:21:32,116.662848,40.114978
Car-1,2009-04-18 01:21:34,116.662848,40.114978
Car-1,2009-04-18 01:21:36,116.662848,40.114978
Car-1,2009-04-18 01:21:38,116.662848,40.114978
Car-1,2009-04-18 01:21:40,116.662847,40.114978
Car-1,2009-04-18 01:21:42,116.662847,40.114978
Car-1,2009-04-18 01:21:44,116.662847,40.114978
Car-1,2009-04-18 01:21:46,116.662847,40.114978
Car-1,2009-04-18 01:21:48,116.662847,40.114978
Car-1,2009-04-18 01:21:50,116.662847,40.114979
Car-1,2009-04-18 01:21:52,116.662847,40.114979
Car-1,2009-04-18 01:21:54,116.662847,40.114979
Car-1,2009-04-18 01:21:56,116.662847,40.114979
Car-1,2009-04-18 01:21:58,116.662847,40.114979
Car-1,2009-04-18 01:22:00,116.662879,40.114975
Car-1,2009-04-18 01:22:02,116.662991,40.114956
Car-1,2009-04-18 01:22:04,116.663165,40.114937
Car-1,2009-04-18 01:22:06,116.663393,40.114914
Car-1,2009-04-18 01:22:08,116.663668,40.114877
Car-1,2009-04-18 01:22:10,116.663946,40.11485
Car-1,2009-04-18 01:22:12,116.664214,40.114821
Car-1,2009-04-18 01:22:14,116.664469,40.114789
Car-1,2009-04-18 01:22:16,116.664709,40.114763
Car-1,2009-04-18 01:22:18,116.66491,40.114745
Car-1,2009-04-18 01:22:20,116.665059,40.114729
Car-1,2009-04-18 01:22:22,116.665142,40.114716
Car-1,2009-04-18 01:22:24,116.665174,40.114709
Car-1,2009-04-18 01:22:26,116.665191,40.114702
Car-1,2009-04-18 01:22:28,116.665204,40.114692
Car-1,2009-04-18 01:22:30,116.665218,40.114688
Car-1,2009-04-18 01:22:32,116.665249,40.114665
Car-1,2009-04-18 01:22:34,116.66529,40.114642
Car-1,2009-04-18 01:22:36,116.665334,40.114636
Car-1,2009-04-18 01:22:38,116.6654,40.114611
Car-1,2009-04-18 01:22:40,116.665488,40.114612
Car-1,2009-04-18 01:22:42,116.665596,40.114608
Car-1,2009-04-18 01:22:44,116.665723,40.114614
Car-1,2009-04-18 01:22:46,116.665866,40.114613
Car-1,2009-04-18 01:22:48,116.665998,40.114606
Car-1,2009-04-18 01:22:50,116.666123,40.114595
Car-1,2009-04-18 01:22:52,116.666246,40.114582
Car-1,2009-04-18 01:22:54,116.666371,40.114565
Car-1,2009-04-18 01:22:56,116.666493,40.114552
Car-1,2009-04-18 01:22:58,116.666627,40.114537
Car-1,2009-04-18 01:23:00,116.666756,40.114529
Car-1,2009-04-18 01:23:02,116.666885,40.114525
Car-1,2009-04-18 01:23:04,116.667006,40.114518
Car-1,2009-04-18 01:23:06,116.667099,40.114514
Car-1,2009-04-18 01:23:08,116.66715,40.114504
Car-1,2009-04-18 01:23:10,116.667181,40.114491
Car-1,2009-04-18 01:23:12,116.667207,40.114489
Car-1,2009-04-18 01:23:14,116.667224,40.114483
Car-1,2009-04-18 01:23:16,116.667221,40.114481
Car-1,2009-04-18 01:23:18,116.667221,40.114481
Car-1,2009-04-18 01:23:20,116.667221,40.114481
Car-1,2009-04-18 01:23:22,116.66722,40.114481
Car-1,2009-04-18 01:23:24,116.667219,40.11448
Car-1,2009-04-18 01:23:26,116.667219,40.11448
Car-1,2009-04-18 01:23:28,116.667219,40.11448
Car-1,2009-04-18 01:23:30,116.667219,40.11448
Car-1,2009-04-18 01:23:32,116.667218,40.11448
Car-1,2009-04-18 01:23:34,116.667217,40.11448
Car-1,2009-04-18 01:23:36,116.667217,40.11448
Car-1,2009-04-18 01:23:38,116.667218,40.11448
Car-1,2009-04-18 01:23:40,116.667222,40.11448
Car-1,2009-04-18 01:23:42,116.667235,40.11448
Car-1,2009-04-18 01:23:44,116.667262,40.114472
Car-1,2009-04-18 01:23:46,116.667317,40.11447
Car-1,2009-04-18 01:23:48,116.667385,40.11446
Car-1,2009-04-18 01:23:50,116.667459,40.114456
Car-1,2009-04-18 01:23:52,116.667553,40.11446
Car-1,2009-04-18 01:23:54,116.667674,40.114464
Car-1,2009-04-18 01:23:56,116.667801,40.114462
Car-1,2009-04-18 01:23:58,116.667918,40.114458
Car-1,2009-04-18 01:24:00,116.668055,40.11445
Car-1,2009-04-18 01:24:02,116.668217,40.114465
Car-1,2009-04-18 01:24:04,116.668371,40.114463
Car-1,2009-04-18 01:24:06,116.668529,40.114465
Car-1,2009-04-18 01:24:08,116.668702,40.114468
Car-1,2009-04-18 01:24:10,116.66889,40.114476
Car-1,2009-04-18 01:24:12,116.669075,40.114473
Car-1,2009-04-18 01:24:14,116.669274,40.114477
Car-1,2009-04-18 01:24:16,116.669484,40.114475
Car-1,2009-04-18 01:24:18,116.669686,40.114476
Car-1,2009-04-18 01:24:20,116.669869,40.114483
Car-1,2009-04-18 01:24:22,116.670006,40.114484
Car-1,2009-04-18 01:24:24,116.670085,40.11449
Car-1,2009-04-18 01:24:26,116.670152,40.114492
Car-1,2009-04-18 01:24:28,116.670227,40.114491
Car-1,2009-04-18 01:24:30,116.670305,40.114487
Car-1,2009-04-18 01:24:32,116.670434,40.114492
Car-1,2009-04-18 01:24:34,116.670584,40.114493
Car-1,2009-04-18 01:24:36,116.67077,40.11449
Car-1,2009-04-18 01:24:38,116.670975,40.114489
Car-1,2009-04-18 01:24:40,116.671216,40.114484
Car-1,2009-04-18 01:24:42,116.671461,40.114479
Car-1,2009-04-18 01:24:44,116.671734,40.114478
Car-1,2009-04-18 01:24:46,116.672024,40.114473
Car-1,2009-04-18 01:24:48,116.672307,40.114469
Car-1,2009-04-18 01:24:50,116.672594,40.114466
Car-1,2009-04-18 01:24:52,116.672877,40.114465
Car-1,2009-04-18 01:24:54,116.673156,40.114467
Car-1,2009-04-18 01:24:56,116.673424,40.114465
Car-1,2009-04-18 01:24:58,116.673685,40.114463
Car-1,2009-04-18 01:25:00,116.673952,40.114457
Car-1,2009-04-18 01:25:02,116.6742,40.114452
Car-1,2009-04-18 01:25:04,116.674463,40.114449
Car-1,2009-04-18 01:25:06,116.674737,40.114445
Car-1,2009-04-18 01:25:08,116.67504,40.114444
Car-1,2009-04-18 01:25:10,116.675362,40.11445
Car-1,2009-04-18 01:25:12,116.675688,40.114448
Car-1,2009-04-18 01:25:14,116.676023,40.114458
Car-1,2009-04-18 01:25:16,116.67635,40.114473
Car-1,2009-04-18 01:25:18,116.676662,40.114492
Car-1,2009-04-18 01:25:20,116.676967,40.114506
Car-1,2009-04-18 01:25:22,116.677266,40.114534
Car-1,2009-04-18 01:25:24,116.67756,40.114571
Car-1,2009-04-18 01:25:26,116.677835,40.114604
Car-1,2009-04-18 01:25:28,116.678097,40.114646
Car-1,2009-04-18 01:25:30,116.678337,40.114687
Car-1,2009-04-18 01:25:32,116.678556,40.11472
Car-1,2009-04-18 01:25:34,116.678787,40.114767
Car-1,2009-04-18 01:25:36,116.67902,40.114814
Car-1,2009-04-18 01:25:38,116.679248,40.114863
Car-1,2009-04-18 01:25:40,116.679485,40.114921
Car-1,2009-04-18 01:25:42,116.679721,40.114981
Car-1,2009-04-18 01:25:44,116.679961,40.115048
Car-1,2009-04-18 01:25:46,116.680207,40.115116
Car-1,2009-04-18 01:25:48,116.680438,40.115191
Car-1,2009-04-18 01:25:50,116.68068,40.115269
Car-1,2009-04-18 01:25:52,116.680923,40.115354
Car-1,2009-04-18 01:25:54,116.681162,40.115451
Car-1,2009-04-18 01:25:56,116.681413,40.115562
Car-1,2009-04-18 01:25:58,116.681682,40.115689
Car-1,2009-04-18 01:26:00,116.681966,40.115828
Car-1,2009-04-18 01:26:02,116.68228,40.11597
Car-1,2009-04-18 01:26:04,116.682582,40.116124
Car-1,2009-04-18 01:26:06,116.682887,40.116282
Car-1,2009-04-18 01:26:08,116.68317,40.116456
Car-1,2009-04-18 01:26:10,116.683449,40.11663
Car-1,2009-04-18 01:26:12,116.683706,40.116808
Car-1,2009-04-18 01:26:14,116.68395,40.117
Car-1,2009-04-18 01:26:16,116.684188,40.117196
Car-1,2009-04-18 01:26:18,116.684413,40.117381
Car-1,2009-04-18 01:26:20,116.684612,40.117557
Car-1,2009-04-18 01:26:22,116.684809,40.117729
Car-1,2009-04-18 01:26:24,116.685005,40.117894
Car-1,2009-04-18 01:26:26,116.68519,40.118055
Car-1,2009-04-18 01:26:28,116.685391,40.118215
Car-1,2009-04-18 01:26:30,116.685581,40.118372
Car-1,2009-04-18 01:26:32,116.685779,40.118547
Car-1,2009-04-18 01:26:34,116.685987,40.118716
Car-1,2009-04-18 01:26:36,116.686203,40.1189
Car-1,2009-04-18 01:26:38,116.686437,40.119087
Car-1,2009-04-18 01:26:40,116.686676,40.119295
Car-1,2009-04-18 01:26:42,116.686929,40.119509
Car-1,2009-04-18 01:26:44,116.687189,40.11973
Car-1,2009-04-18 01:26:46,116.687463,40.119954
Car-1,2009-04-18 01:26:48,116.687734,40.12017
Car-1,2009-04-18 01:26:50,116.688007,40.12038
Car-1,2009-04-18 01:26:52,116.688282,40.12059
Car-1,2009-04-18 01:26:54,116.688556,40.120808
Car-1,2009-04-18 01:26:56,116.688816,40.121026
Car-1,2009-04-18 01:26:58,116.68908,40.121249
Car-1,2009-04-18 01:27:00,116.689331,40.12147
Car-1,2009-04-18 01:27:02,116.68958,40.121681
Car-1,2009-04-18 01:27:04,116.689829,40.121893
Car-1,2009-04-18 01:27:06,116.690073,40.122094
Car-1,2009-04-18 01:27:08,116.69033,40.122275
Car-1,2009-04-18 01:27:10,116.690587,40.122456
Car-1,2009-04-18 01:27:12,116.690842,40.122624
Car-1,2009-04-18 01:27:14,116.691082,40.122774
Car-1,2009-04-18 01:27:16,116.691304,40.122902
Car-1,2009-04-18 01:27:18,116.691503,40.123009
Car-1,2009-04-18 01:27:20,116.691683,40.123099
Car-1,2009-04-18 01:27:22,116.691829,40.123173
Car-1,2009-04-18 01:27:24,116.691934,40.123232
Car-1,2009-04-18 01:27:26,116.692013,40.123267
Car-1,2009-04-18 01:27:28,116.692069,40.123295
Car-1,2009-04-18 01:27:30,116.692106,40.123309
Car-1,2009-04-18 01:27:32,116.692132,40.123317
Car-1,2009-04-18 01:27:34,116.692158,40.123322
Car-1,2009-04-18 01:27:36,116.692203,40.12334
Car-1,2009-04-18 01:27:38,116.692257,40.123368
Car-1,2009-04-18 01:27:40,116.692307,40.123406
Car-1,2009-04-18 01:27:42,116.692379,40.123446
Car-1,2009-04-18 01:27:44,116.69248,40.12349
Car-1,2009-04-18 01:27:46,116.692598,40.123556
Car-1,2009-04-18 01:27:48,116.692753,40.123615
Car-1,2009-04-18 01:27:50,116.692942,40.123679
Car-1,2009-04-18 01:27:52,116.693138,40.123746
Car-1,2009-04-18 01:27:54,116.69333,40.123811
Car-1,2009-04-18 01:27:56,116.693516,40.123878
Car-1,2009-04-18 01:27:58,116.693735,40.123933
Car-1,2009-04-18 01:28:00,116.693955,40.124003
Car-1,2009-04-18 01:28:02,116.694166,40.124072
Car-1,2009-04-18 01:28:04,116.694383,40.124138
Car-1,2009-04-18 01:28:06,116.69462,40.124197
Car-1,2009-04-18 01:28:08,116.694867,40.124257
Car-1,2009-04-18 01:28:10,116.695133,40.124315
Car-1,2009-04-18 01:28:12,116.695425,40.124361
Car-1,2009-04-18 01:28:14,116.695713,40.124412
Car-1,2009-04-18 01:28:16,116.696025,40.124455
Car-1,2009-04-18 01:28:18,116.696347,40.124497
Car-1,2009-04-18 01:28:20,116.696676,40.124533
Car-1,2009-04-18 01:28:22,116.697011,40.124569
Car-1,2009-04-18 01:28:24,116.697341,40.124594
Car-1,2009-04-18 01:28:26,116.697669,40.124619
Car-1,2009-04-18 01:28:28,116.698011,40.124634
Car-1,2009-04-18 01:28:30,116.698363,40.124631
Car-1,2009-04-18 01:28:32,116.698735,40.12462
Car-1,2009-04-18 01:28:34,116.69911,40.124606
Car-1,2009-04-18 01:28:36,116.699488,40.124577
Car-1,2009-04-18 01:28:38,116.699876,40.124531
Car-1,2009-04-18 01:28:40,116.700258,40.124484
Car-1,2009-04-18 01:28:42,116.700633,40.124418
Car-1,2009-04-18 01:28:44,116.700987,40.124346
Car-1,2009-04-18 01:28:46,116.70134,40.12428
Car-1,2009-04-18 01:28:48,116.701697,40.124214
Car-1,2009-04-18 01:28:50,116.702063,40.124144
Car-1,2009-04-18 01:28:52,116.702429,40.124064
Car-1,2009-04-18 01:28:54,116.70279,40.123977
Car-1,2009-04-18 01:28:56,116.703147,40.123899
Car-1,2009-04-18 01:28:58,116.703501,40.123833
Car-1,2009-04-18 01:29:00,116.703857,40.123765
Car-1,2009-04-18 01:29:02,116.704207,40.123696
Car-1,2009-04-18 01:29:04,116.704559,40.123634
Car-1,2009-04-18 01:29:06,116.704907,40.123564
Car-1,2009-04-18 01:29:08,116.70526,40.123491
Car-1,2009-04-18 01:29:10,116.705602,40.123423
Car-1,2009-04-18 01:29:12,116.70595,40.123354
Car-1,2009-04-18 01:29:14,116.706304,40.123285
Car-1,2009-04-18 01:29:16,116.706655,40.123222
Car-1,2009-04-18 01:29:18,116.707011,40.123142
Car-1,2009-04-18 01:29:20,116.707374,40.123063
Car-1,2009-04-18 01:29:22,116.707746,40.122985
Car-1,2009-04-18 01:29:24,116.708125,40.12291
Car-1,2009-04-18 01:29:26,116.708501,40.12283
Car-1,2009-04-18 01:29:28,116.708872,40.122756
Car-1,2009-04-18 01:29:30,116.709245,40.122683
Car-1,2009-04-18 01:29:32,116.709626,40.122603
Car-1,2009-04-18 01:29:34,116.710016,40.122521
Car-1,2009-04-18 01:29:36,116.710395,40.122446
Car-1,2009-04-18 01:29:38,116.710774,40.122368
Car-1,2009-04-18 01:29:40,116.711143,40.122292
Car-1,2009-04-18 01:29:42,116.711512,40.122218
Car-1,2009-04-18 01:29:44,116.711872,40.12214
Car-1,2009-04-18 01:29:46,116.712251,40.122067
Car-1,2009-04-18 01:29:48,116.712631,40.121992
Car-1,2009-04-18 01:29:50,116.713006,40.121919
Car-1,2009-04-18 01:29:52,116.713395,40.121849
Car-1,2009-04-18 01:29:54,116.713805,40.121776
Car-1,2009-04-18 01:29:56,116.714205,40.121715
Car-1,2009-04-18 01:29:58,116.714617,40.12164
Car-1,2009-04-18 01:30:00,116.715019,40.121574
Car-1,2009-04-18 01:30:02,116.715419,40.121512
Car-1,2009-04-18 01:30:04,116.715812,40.121451
Car-1,2009-04-18 01:30:06,116.716217,40.121403
Car-1,2009-04-18 01:30:08,116.716629,40.12135
Car-1,2009-04-18 01:30:10,116.717033,40.121312
Car-1,2009-04-18 01:30:12,116.717443,40.121273
Car-1,2009-04-18 01:30:14,116.717839,40.121235
Car-1,2009-04-18 01:30:16,116.718238,40.12121
Car-1,2009-04-18 01:30:18,116.718638,40.121184
Car-1,2009-04-18 01:30:20,116.719033,40.121169
Car-1,2009-04-18 01:30:22,116.719439,40.121147
Car-1,2009-04-18 01:30:24,116.719829,40.121134
Car-1,2009-04-18 01:30:26,116.720224,40.121128
Car-1,2009-04-18 01:30:28,116.720611,40.121122
Car-1,2009-04-18 01:30:30,116.721012,40.121121
Car-1,2009-04-18 01:30:32,116.721407,40.121119
Car-1,2009-04-18 01:30:34,116.72182,40.121131
Car-1,2009-04-18 01:30:36,116.722226,40.121138
Car-1,2009-04-18 01:30:38,116.72264,40.121154
Car-1,2009-04-18 01:30:40,116.723064,40.12117
Car-1,2009-04-18 01:30:42,116.723481,40.121194
Car-1,2009-04-18 01:30:44,116.723904,40.121219
Car-1,2009-04-18 01:30:46,116.724316,40.12125
Car-1,2009-04-18 01:30:48,116.724725,40.121284
Car-1,2009-04-18 01:30:50,116.725145,40.121322
Car-1,2009-04-18 01:30:52,116.725556,40.121367
Car-1,2009-04-18 01:30:54,116.725972,40.121423
Car-1,2009-04-18 01:30:56,116.726377,40.121468
Car-1,2009-04-18 01:30:58,116.726752,40.121522
Car-1,2009-04-18 01:31:00,116.727059,40.121568
Car-1,2009-04-18 01:31:02,116.727262,40.121597
Car-1,2009-04-18 01:31:04,116.727356,40.121618
Car-1,2009-04-18 01:31:06,116.727379,40.121627
Car-1,2009-04-18 01:31:08,116.727362,40.121623
Car-1,2009-04-18 01:31:10,116.727349,40.121625
Car-1,2009-04-18 01:31:12,116.727345,40.121625
Car-1,2009-04-18 01:31:14,116.727341,40.121624
Car-1,2009-04-18 01:31:16,116.727338,40.121623
Car-1,2009-04-18 01:31:18,116.727335,40.121623
Car-1,2009-04-18 01:31:20,116.727332,40.121622
Car-1,2009-04-18 01:31:22,116.72733,40.121622
Car-1,2009-04-18 01:31:24,116.727328,40.121621
Car-1,2009-04-18 01:31:26,116.727333,40.121622
Car-1,2009-04-18 01:31:28,116.727372,40.121618
Car-1,2009-04-18 01:31:30,116.727497,40.121617
Car-1,2009-04-18 01:31:32,116.727669,40.121632
Car-1,2009-04-18 01:31:34,116.727886,40.121667
Car-1,2009-04-18 01:31:36,116.728132,40.121705
Car-1,2009-04-18 01:31:38,116.728408,40.121743
Car-1,2009-04-18 01:31:40,116.728707,40.121807
Car-1,2009-04-18 01:31:42,116.729015,40.121854
Car-1,2009-04-18 01:31:44,116.729342,40.121911
Car-1,2009-04-18 01:31:46,116.729686,40.121984
Car-1,2009-04-18 01:31:48,116.730059,40.122068
Car-1,2009-04-18 01:31:50,116.730445,40.122155
Car-1,2009-04-18 01:31:52,116.730845,40.12225
Car-1,2009-04-18 01:31:54,116.73126,40.122354
Car-1,2009-04-18 01:31:56,116.731687,40.122466
Car-1,2009-04-18 01:31:58,116.732115,40.122584
Car-1,2009-04-18 01:32:00,116.732546,40.122705
Car-1,2009-04-18 01:32:02,116.732975,40.122836
Car-1,2009-04-18 01:32:04,116.733403,40.122977
Car-1,2009-04-18 01:32:06,116.733833,40.12312
Car-1,2009-04-18 01:32:08,116.73425,40.123267
Car-1,2009-04-18 01:32:10,116.734667,40.123408
Car-1,2009-04-18 01:32:12,116.735075,40.123559
Car-1,2009-04-18 01:32:14,116.735481,40.123712
Car-1,2009-04-18 01:32:16,116.735887,40.123871
Car-1,2009-04-18 01:32:18,116.736295,40.124036
Car-1,2009-04-18 01:32:20,116.73671,40.124208
Car-1,2009-04-18 01:32:22,116.737132,40.124385
Car-1,2009-04-18 01:32:24,116.737547,40.124569
Car-1,2009-04-18 01:32:26,116.73797,40.12476
Car-1,2009-04-18 01:32:28,116.738388,40.124949
Car-1,2009-04-18 01:32:30,116.738801,40.125143
Car-1,2009-04-18 01:32:32,116.739192,40.125349
Car-1,2009-04-18 01:32:34,116.73957,40.125559
Car-1,2009-04-18 01:32:36,116.739945,40.125768
Car-1,2009-04-18 01:32:38,116.740313,40.12597
Car-1,2009-04-18 01:32:40,116.740667,40.126177
Car-1,2009-04-18 01:32:42,116.741005,40.12638
Car-1,2009-04-18 01:32:44,116.741338,40.126579
Car-1,2009-04-18 01:32:46,116.741668,40.126784
Car-1,2009-04-18 01:32:48,116.742002,40.126991
Car-1,2009-04-18 01:32:50,116.742335,40.127213
Car-1,2009-04-18 01:32:52,116.74268,40.127452
Car-1,2009-04-18 01:32:54,116.743028,40.127691
Car-1,2009-04-18 01:32:56,116.743374,40.12794
Car-1,2009-04-18 01:32:58,116.74371,40.128196
Car-1,2009-04-18 01:33:00,116.74405,40.128458
Car-1,2009-04-18 01:33:02,116.744386,40.128718
Car-1,2009-04-18 01:33:04,116.74472,40.128973
Car-1,2009-04-18 01:33:06,116.745035,40.129232
Car-1,2009-04-18 01:33:08,116.745343,40.129489
Car-1,2009-04-18 01:33:10,116.745647,40.129742
Car-1,2009-04-18 01:33:12,116.745937,40.129987
Car-1,2009-04-18 01:33:14,116.746221,40.130229
Car-1,2009-04-18 01:33:16,116.746493,40.130466
Car-1,2009-04-18 01:33:18,116.74676,40.130693
Car-1,2009-04-18 01:33:20,116.747041,40.130914
Car-1,2009-04-18 01:33:22,116.747305,40.131135
Car-1,2009-04-18 01:33:24,116.747546,40.131344
Car-1,2009-04-18 01:33:26,116.747772,40.131541
Car-1,2009-04-18 01:33:28,116.747972,40.13171
Car-1,2009-04-18 01:33:30,116.748149,40.131856
Car-1,2009-04-18 01:33:32,116.748298,40.131978
Car-1,2009-04-18 01:33:34,116.748402,40.13207
Car-1,2009-04-18 01:33:36,116.748474,40.13214
Car-1,2009-04-18 01:33:38,116.748544,40.132195
Car-1,2009-04-18 01:33:40,116.748634,40.132242
Car-1,2009-04-18 01:33:42,116.748726,40.13232
Car-1,2009-04-18 01:33:44,116.74883,40.132415
Car-1,2009-04-18 01:33:46,116.748956,40.132512
Car-1,2009-04-18 01:33:48,116.7491,40.132614
Car-1,2009-04-18 01:33:50,116.74924,40.132731
Car-1,2009-04-18 01:33:52,116.749385,40.132851
Car-1,2009-04-18 01:33:54,116.749563,40.132982
Car-1,2009-04-18 01:33:56,116.749731,40.133133
Car-1,2009-04-18 01:33:58,116.749909,40.133299
Car-1,2009-04-18 01:34:00,116.750097,40.133483
Car-1,2009-04-18 01:34:02,116.750305,40.133672
Car-1,2009-04-18 01:34:04,116.750531,40.133861
Car-1,2009-04-18 01:34:06,116.750783,40.134054
Car-1,2009-04-18 01:34:08,116.751042,40.134252
Car-1,2009-04-18 01:34:10,116.751301,40.134456
Car-1,2009-04-18 01:34:12,116.75157,40.134677
Car-1,2009-04-18 01:34:14,116.751875,40.134888
Car-1,2009-04-18 01:34:16,116.752184,40.135098
Car-1,2009-04-18 01:34:18,116.752507,40.13532
Car-1,2009-04-18 01:34:20,116.752831,40.135545
Car-1,2009-04-18 01:34:22,116.75317,40.135764
Car-1,2009-04-18 01:34:24,116.753505,40.13598
Car-1,2009-04-18 01:34:26,116.753841,40.136179
Car-1,2009-04-18 01:34:28,116.75417,40.136378
Car-1,2009-04-18 01:34:30,116.754489,40.136582
Car-1,2009-04-18 01:34:32,116.754825,40.136765
Car-1,2009-04-18 01:34:34,116.755167,40.136939
Car-1,2009-04-18 01:34:36,116.755508,40.137107
Car-1,2009-04-18 01:34:38,116.755837,40.137279
Car-1,2009-04-18 01:34:40,116.756174,40.137444
Car-1,2009-04-18 01:34:42,116.756524,40.137608
Car-1,2009-04-18 01:34:44,116.756882,40.137772
Car-1,2009-04-18 01:34:46,116.757251,40.137932
Car-1,2009-04-18 01:34:48,116.757627,40.138091
Car-1,2009-04-18 01:34:50,116.758013,40.13825
Car-1,2009-04-18 01:34:52,116.7584,40.138407
Car-1,2009-04-18 01:34:54,116.758774,40.138558
Car-1,2009-04-18 01:34:56,116.759154,40.1387
Car-1,2009-04-18 01:34:58,116.759527,40.138835
Car-1,2009-04-18 01:35:00,116.759893,40.138964
Car-1,2009-04-18 01:35:02,116.760237,40.139073
Car-1,2009-04-18 01:35:04,116.760531,40.139173
Car-1,2009-04-18 01:35:06,116.760771,40.139255
Car-1,2009-04-18 01:35:08,116.760964,40.13932
Car-1,2009-04-18 01:35:10,116.761146,40.139376
Car-1,2009-04-18 01:35:12,116.7613,40.139422
Car-1,2009-04-18 01:35:14,116.761394,40.139457
Car-1,2009-04-18 01:35:16,116.761451,40.139477
Car-1,2009-04-18 01:35:18,116.761478,40.139483
Car-1,2009-04-18 01:35:20,116.761496,40.139483
Car-1,2009-04-18 01:35:22,116.761553,40.139483
Car-1,2009-04-18 01:35:24,116.761648,40.139497
Car-1,2009-04-18 01:35:26,116.761753,40.139521
Car-1,2009-04-18 01:35:28,116.761868,40.139555
Car-1,2009-04-18 01:35:30,116.761992,40.139603
Car-1,2009-04-18 01:35:32,116.762127,40.139657
Car-1,2009-04-18 01:35:34,116.762281,40.1397
Car-1,2009-04-18 01:35:36,116.762465,40.139755
Car-1,2009-04-18 01:35:38,116.762659,40.139802
Car-1,2009-04-18 01:35:40,116.7629,40.139866
Car-1,2009-04-18 01:35:42,116.763169,40.139943
Car-1,2009-04-18 01:35:44,116.763456,40.140012
Car-1,2009-04-18 01:35:46,116.763747,40.140086
Car-1,2009-04-18 01:35:48,116.764045,40.140171
Car-1,2009-04-18 01:35:50,116.76434,40.140256
Car-1,2009-04-18 01:35:52,116.764637,40.140343
Car-1,2009-04-18 01:35:54,116.764938,40.140436
Car-1,2009-04-18 01:35:56,116.765245,40.140521
Car-1,2009-04-18 01:35:58,116.765565,40.1406
Car-1,2009-04-18 01:36:00,116.765879,40.140681
Car-1,2009-04-18 01:36:02,116.766199,40.140761
Car-1,2009-04-18 01:36:04,116.766537,40.140845
Car-1,2009-04-18 01:36:06,116.766869,40.140933
Car-1,2009-04-18 01:36:08,116.767208,40.141031
Car-1,2009-04-18 01:36:10,116.767549,40.141131
Car-1,2009-04-18 01:36:12,116.767895,40.141228
Car-1,2009-04-18 01:36:14,116.76825,40.141323
Car-1,2009-04-18 01:36:16,116.768608,40.141421
Car-1,2009-04-18 01:36:18,116.768966,40.141519
Car-1,2009-04-18 01:36:20,116.769332,40.141621
Car-1,2009-04-18 01:36:22,116.769698,40.141719
Car-1,2009-04-18 01:36:24,116.770045,40.141819
Car-1,2009-04-18 01:36:26,116.770381,40.141912
Car-1,2009-04-18 01:36:28,116.770714,40.142002
Car-1,2009-04-18 01:36:30,116.77104,40.142089
Car-1,2009-04-18 01:36:32,116.771353,40.142173
Car-1,2009-04-18 01:36:34,116.771659,40.142257
Car-1,2009-04-18 01:36:36,116.771975,40.142344
Car-1,2009-04-18 01:36:38,116.772297,40.14243
Car-1,2009-04-18 01:36:40,116.772609,40.142519
Car-1,2009-04-18 01:36:42,116.772921,40.142606
Car-1,2009-04-18 01:36:44,116.773231,40.142692
Car-1,2009-04-18 01:36:46,116.773549,40.142775
Car-1,2009-04-18 01:36:48,116.773869,40.142859
Car-1,2009-04-18 01:36:50,116.774178,40.142946
Car-1,2009-04-18 01:36:52,116.774476,40.143024
Car-1,2009-04-18 01:36:54,116.774765,40.143109
Car-1,2009-04-18 01:36:56,116.775045,40.143193
Car-1,2009-04-18 01:36:58,116.775326,40.143275
Car-1,2009-04-18 01:37:00,116.775625,40.143357
Car-1,2009-04-18 01:37:02,116.77594,40.143442
Car-1,2009-04-18 01:37:04,116.776252,40.143524
Car-1,2009-04-18 01:37:06,116.776558,40.143598
Car-1,2009-04-18 01:37:08,116.776841,40.143671
Car-1,2009-04-18 01:37:10,116.777102,40.143736
Car-1,2009-04-18 01:37:12,116.777375,40.14381
Car-1,2009-04-18 01:37:14,116.777636,40.143877
Car-1,2009-04-18 01:37:16,116.777861,40.143943
Car-1,2009-04-18 01:37:18,116.778088,40.144008
Car-1,2009-04-18 01:37:20,116.778322,40.144066
Car-1,2009-04-18 01:37:22,116.778579,40.144129
Car-1,2009-04-18 01:37:24,116.778858,40.1442
Car-1,2009-04-18 01:37:26,116.779162,40.144277
Car-1,2009-04-18 01:37:28,116.779482,40.144361
Car-1,2009-04-18 01:37:30,116.77982,40.144453
Car-1,2009-04-18 01:37:32,116.780175,40.144547
Car-1,2009-04-18 01:37:34,116.780554,40.144643
Car-1,2009-04-18 01:37:36,116.78094,40.144745
Car-1,2009-04-18 01:37:38,116.781338,40.14484
Car-1,2009-04-18 01:37:40,116.781737,40.144946
Car-1,2009-04-18 01:37:42,116.782135,40.14505
Car-1,2009-04-18 01:37:44,116.782535,40.145152
Car-1,2009-04-18 01:37:46,116.782928,40.145254
Car-1,2009-04-18 01:37:48,116.783308,40.145347
Car-1,2009-04-18 01:37:50,116.783697,40.145437
Car-1,2009-04-18 01:37:52,116.78409,40.145513
Car-1,2009-04-18 01:37:54,116.78447,40.145588
Car-1,2009-04-18 01:37:56,116.78485,40.145644
Car-1,2009-04-18 01:37:58,116.785225,40.145685
Car-1,2009-04-18 01:38:00,116.785605,40.145722
Car-1,2009-04-18 01:38:02,116.785978,40.145763
Car-1,2009-04-18 01:38:04,116.786329,40.145801
Car-1,2009-04-18 01:38:06,116.786658,40.145831
Car-1,2009-04-18 01:38:08,116.786984,40.145856
Car-1,2009-04-18 01:38:10,116.787322,40.14588
Car-1,2009-04-18 01:38:12,116.787666,40.145907
Car-1,2009-04-18 01:38:14,116.788022,40.145943
Car-1,2009-04-18 01:38:16,116.788368,40.145978
Car-1,2009-04-18 01:38:18,116.788716,40.146003
Car-1,2009-04-18 01:38:20,116.789072,40.14604
Car-1,2009-04-18 01:38:22,116.789425,40.146076
Car-1,2009-04-18 01:38:24,116.789796,40.146112
Car-1,2009-04-18 01:38:26,116.790172,40.146152
Car-1,2009-04-18 01:38:28,116.790545,40.14619
Car-1,2009-04-18 01:38:30,116.79094,40.14622
Car-1,2009-04-18 01:38:32,116.791354,40.14624
Car-1,2009-04-18 01:38:34,116.791762,40.146276
Car-1,2009-04-18 01:38:36,116.792182,40.14631
Car-1,2009-04-18 01:38:38,116.792597,40.146346
Car-1,2009-04-18 01:38:40,116.793016,40.146384
Car-1,2009-04-18 01:38:42,116.793429,40.146419
Car-1,2009-04-18 01:38:44,116.793826,40.146455
Car-1,2009-04-18 01:38:46,116.794228,40.146493
Car-1,2009-04-18 01:38:48,116.794632,40.146526
Car-1,2009-04-18 01:38:50,116.795019,40.146564
Car-1,2009-04-18 01:38:52,116.795419,40.146592
Car-1,2009-04-18 01:38:54,116.795826,40.146619
Car-1,2009-04-18 01:38:56,116.796229,40.146656
Car-1,2009-04-18 01:38:58,116.796633,40.146699
Car-1,2009-04-18 01:39:00,116.797036,40.146746
Car-1,2009-04-18 01:39:02,116.797448,40.146791
Car-1,2009-04-18 01:39:04,116.797864,40.146836
Car-1,2009-04-18 01:39:06,116.798278,40.146881
Car-1,2009-04-18 01:39:08,116.798686,40.146927
Car-1,2009-04-18 01:39:10,116.799098,40.146979
Car-1,2009-04-18 01:39:12,116.799514,40.147023
Car-1,2009-04-18 01:39:14,116.79992,40.147066
Car-1,2009-04-18 01:39:16,116.800331,40.147108
Car-1,2009-04-18 01:39:18,116.800746,40.147149
Car-1,2009-04-18 01:39:20,116.801151,40.147189
Car-1,2009-04-18 01:39:22,116.801555,40.147228
Car-1,2009-04-18 01:39:24,116.801942,40.147271
Car-1,2009-04-18 01:39:26,116.802324,40.147321
Car-1,2009-04-18 01:39:28,116.802692,40.147369
Car-1,2009-04-18 01:39:30,116.803048,40.14741
Car-1,2009-04-18 01:39:32,116.803419,40.147452
Car-1,2009-04-18 01:39:34,116.803787,40.147494
Car-1,2009-04-18 01:39:36,116.804173,40.147538
Car-1,2009-04-18 01:39:38,116.804536,40.147579
Car-1,2009-04-18 01:39:40,116.804896,40.14762
Car-1,2009-04-18 01:39:42,116.805242,40.147655
Car-1,2009-04-18 01:39:44,116.805581,40.147698
Car-1,2009-04-18 01:39:46,116.805912,40.14774
Car-1,2009-04-18 01:39:48,116.806209,40.147776
Car-1,2009-04-18 01:39:50,116.806486,40.147805
Car-1,2009-04-18 01:39:52,116.806727,40.14783
Car-1,2009-04-18 01:39:54,116.806938,40.147855
Car-1,2009-04-18 01:39:56,116.807115,40.147875
Car-1,2009-04-18 01:39:58,116.807248,40.147888
Car-1,2009-04-18 01:40:00,116.807363,40.147897
Car-1,2009-04-18 01:40:02,116.807449,40.147909
Car-1,2009-04-18 01:40:04,116.807512,40.147911
Car-1,2009-04-18 01:40:06,116.807555,40.147916
Car-1,2009-04-18 01:40:08,116.807583,40.147924
Car-1,2009-04-18 01:40:10,116.807588,40.14793
Car-1,2009-04-18 01:40:12,116.807591,40.147933
Car-1,2009-04-18 01:40:14,116.80759,40.147934
Car-1,2009-04-18 01:40:16,116.807591,40.147934
Car-1,2009-04-18 01:40:18,116.807591,40.147935
Car-1,2009-04-18 01:40:20,116.807591,40.147935
Car-1,2009-04-18 01:40:22,116.807591,40.147936
Car-1,2009-04-18 01:40:24,116.807598,40.147937
Car-1,2009-04-18 01:40:26,116.807642,40.147935
Car-1,2009-04-18 01:40:28,116.807766,40.147943
Car-1,2009-04-18 01:40:30,116.80791,40.147948
Car-1,2009-04-18 01:40:32,116.808086,40.14796
Car-1,2009-04-18 01:40:34,116.808282,40.147971
Car-1,2009-04-18 01:40:36,116.808498,40.147991
Car-1,2009-04-18 01:40:38,116.808724,40.148
Car-1,2009-04-18 01:40:40,116.808979,40.148029
Car-1,2009-04-18 01:40:42,116.809242,40.148059
Car-1,2009-04-18 01:40:44,116.809519,40.148094
Car-1,2009-04-18 01:40:46,116.809817,40.148123
Car-1,2009-04-18 01:40:48,116.810112,40.148158
Car-1,2009-04-18 01:40:50,116.81043,40.14819
Car-1,2009-04-18 01:40:52,116.810773,40.148221
Car-1,2009-04-18 01:40:54,116.811121,40.148259
Car-1,2009-04-18 01:40:56,116.811477,40.148293
Car-1,2009-04-18 01:40:58,116.811844,40.148324
Car-1,2009-04-18 01:41:00,116.812222,40.148344
Car-1,2009-04-18 01:41:02,116.81261,40.148357
Car-1,2009-04-18 01:41:04,116.812991,40.148363
Car-1,2009-04-18 01:41:06,116.813374,40.148361
Car-1,2009-04-18 01:41:08,116.813758,40.148358
Car-1,2009-04-18 01:41:10,116.81413,40.148349
Car-1,2009-04-18 01:41:12,116.814472,40.148337
Car-1,2009-04-18 01:41:14,116.814786,40.148337
Car-1,2009-04-18 01:41:16,116.815062,40.148342
Car-1,2009-04-18 01:41:18,116.815302,40.14835
Car-1,2009-04-18 01:41:20,116.815492,40.148363
Car-1,2009-04-18 01:41:22,116.815651,40.148372
Car-1,2009-04-18 01:41:24,116.815776,40.148379
Car-1,2009-04-18 01:41:26,116.815852,40.148383
Car-1,2009-04-18 01:41:28,116.815893,40.148382
Car-1,2009-04-18 01:41:30,116.815906,40.148375
Car-1,2009-04-18 01:41:32,116.815898,40.148366
Car-1,2009-04-18 01:41:34,116.815909,40.148367
Car-1,2009-04-18 01:41:36,116.815982,40.148365
Car-1,2009-04-18 01:41:38,116.816089,40.148374
Car-1,2009-04-18 01:41:40,116.816274,40.148377
Car-1,2009-04-18 01:41:42,116.816499,40.148387
Car-1,2009-04-18 01:41:44,116.816767,40.148405
Car-1,2009-04-18 01:41:46,116.817059,40.148424
Car-1,2009-04-18 01:41:48,116.817373,40.148442
Car-1,2009-04-18 01:41:50,116.817694,40.148475
Car-1,2009-04-18 01:41:52,116.818034,40.148508
Car-1,2009-04-18 01:41:54,116.818384,40.148537
Car-1,2009-04-18 01:41:56,116.818744,40.148567
Car-1,2009-04-18 01:41:58,116.819112,40.148596
Car-1,2009-04-18 01:42:00,116.819489,40.148638
Car-1,2009-04-18 01:42:02,116.819872,40.148678
Car-1,2009-04-18 01:42:04,116.82027,40.148713
Car-1,2009-04-18 01:42:06,116.820679,40.148749
Car-1,2009-04-18 01:42:08,116.821092,40.148789
Car-1,2009-04-18 01:42:10,116.821512,40.148827
Car-1,2009-04-18 01:42:12,116.821932,40.148863
Car-1,2009-04-18 01:42:14,116.822356,40.148889
Car-1,2009-04-18 01:42:16,116.822775,40.148928
Car-1,2009-04-18 01:42:18,116.823195,40.148967
Car-1,2009-04-18 01:42:20,116.823616,40.149005
Car-1,2009-04-18 01:42:22,116.824016,40.149039
Car-1,2009-04-18 01:42:24,116.824396,40.149072
Car-1,2009-04-18 01:42:26,116.824766,40.149105
Car-1,2009-04-18 01:42:28,116.825126,40.14914
Car-1,2009-04-18 01:42:30,116.825471,40.149177
Car-1,2009-04-18 01:42:32,116.825791,40.149215
Car-1,2009-04-18 01:42:34,116.826091,40.149244
Car-1,2009-04-18 01:42:36,116.826395,40.149283
Car-1,2009-04-18 01:42:38,116.826688,40.149327
Car-1,2009-04-18 01:42:40,116.826949,40.149373
Car-1,2009-04-18 01:42:42,116.827158,40.149419
Car-1,2009-04-18 01:42:44,116.827322,40.149448
Car-1,2009-04-18 01:42:46,116.827434,40.149467
Car-1,2009-04-18 01:42:48,116.8275,40.149479
Car-1,2009-04-18 01:42:50,116.827512,40.149484
Car-1,2009-04-18 01:42:52,116.827513,40.14948
Car-1,2009-04-18 01:42:54,116.827514,40.149481
Car-1,2009-04-18 01:42:56,116.827515,40.14948
Car-1,2009-04-18 01:42:58,116.827515,40.14948
Car-1,2009-04-18 01:43:00,116.827515,40.14948
Car-1,2009-04-18 01:43:02,116.827516,40.14948
Car-1,2009-04-18 01:43:04,116.827517,40.149479
Car-1,2009-04-18 01:43:06,116.827529,40.149482
Car-1,2009-04-18 01:43:08,116.827589,40.149494
Car-1,2009-04-18 01:43:10,116.827705,40.149506
Car-1,2009-04-18 01:43:12,116.827853,40.14953
Car-1,2009-04-18 01:43:14,116.828049,40.149567
Car-1,2009-04-18 01:43:16,116.828273,40.149611
Car-1,2009-04-18 01:43:18,116.828519,40.149658
Car-1,2009-04-18 01:43:20,116.828785,40.14971
Car-1,2009-04-18 01:43:22,116.829071,40.14977
Car-1,2009-04-18 01:43:24,116.829374,40.149831
Car-1,2009-04-18 01:43:26,116.829702,40.149896
Car-1,2009-04-18 01:43:28,116.830029,40.149965
Car-1,2009-04-18 01:43:30,116.830362,40.150028
Car-1,2009-04-18 01:43:32,116.830688,40.150091
Car-1,2009-04-18 01:43:34,116.83101,40.150155
Car-1,2009-04-18 01:43:36,116.831306,40.150217
Car-1,2009-04-18 01:43:38,116.831577,40.150273
Car-1,2009-04-18 01:43:40,116.83182,40.150325
Car-1,2009-04-18 01:43:42,116.832032,40.150366
Car-1,2009-04-18 01:43:44,116.832225,40.150405
Car-1,2009-04-18 01:43:46,116.832373,40.150442
Car-1,2009-04-18 01:43:48,116.832466,40.15047
Car-1,2009-04-18 01:43:50,116.832518,40.150483
Car-1,2009-04-18 01:43:52,116.832554,40.150498
Car-1,2009-04-18 01:43:54,116.832604,40.150508
Car-1,2009-04-18 01:43:56,116.832665,40.150521
Car-1,2009-04-18 01:43:58,116.832756,40.150538
Car-1,2009-04-18 01:44:00,116.832881,40.150566
Car-1,2009-04-18 01:44:02,116.833036,40.150599
Car-1,2009-04-18 01:44:04,116.833208,40.150628
Car-1,2009-04-18 01:44:06,116.833374,40.15066
Car-1,2009-04-18 01:44:08,116.833533,40.150688
Car-1,2009-04-18 01:44:10,116.833653,40.150712
Car-1,2009-04-18 01:44:12,116.83372,40.150728
Car-1,2009-04-18 01:44:14,116.833738,40.150733
Car-1,2009-04-18 01:44:16,116.833726,40.150728
Car-1,2009-04-18 01:44:18,116.833726,40.150728
Car-1,2009-04-18 01:44:20,116.833726,40.150727
Car-1,2009-04-18 01:44:22,116.833725,40.150727
Car-1,2009-04-18 01:44:24,116.833725,40.150726
Car-1,2009-04-18 01:44:26,116.833727,40.150727
Car-1,2009-04-18 01:44:28,116.833726,40.150727
Car-1,2009-04-18 01:44:30,116.833726,40.150727
Car-1,2009-04-18 01:44:32,116.833726,40.150727
Car-1,2009-04-18 01:44:34,116.833725,40.150727
Car-1,2009-04-18 01:44:36,116.833724,40.150727
Car-1,2009-04-18 01:44:38,116.833728,40.150727
Car-1,2009-04-18 01:44:40,116.833759,40.150727
Car-1,2009-04-18 01:44:42,116.833838,40.150734
Car-1,2009-04-18 01:44:44,116.833966,40.150755
Car-1,2009-04-18 01:44:46,116.834139,40.150771
Car-1,2009-04-18 01:44:48,116.834356,40.150797
Car-1,2009-04-18 01:44:50,116.834602,40.150833
Car-1,2009-04-18 01:44:52,116.834868,40.150868
Car-1,2009-04-18 01:44:54,116.835168,40.150897
Car-1,2009-04-18 01:44:56,116.835486,40.150919
Car-1,2009-04-18 01:44:58,116.835819,40.150929
Car-1,2009-04-18 01:45:00,116.836163,40.15094
Car-1,2009-04-18 01:45:02,116.836528,40.150944
Car-1,2009-04-18 01:45:04,116.836904,40.150962
Car-1,2009-04-18 01:45:06,116.837286,40.150976
Car-1,2009-04-18 01:45:08,116.837674,40.150991
Car-1,2009-04-18 01:45:10,116.838061,40.151005
Car-1,2009-04-18 01:45:12,116.838446,40.151015
Car-1,2009-04-18 01:45:14,116.838843,40.151027
Car-1,2009-04-18 01:45:16,116.83925,40.151038
Car-1,2009-04-18 01:45:18,116.839644,40.151053
Car-1,2009-04-18 01:45:20,116.840062,40.151069
Car-1,2009-04-18 01:45:22,116.84049,40.151079
Car-1,2009-04-18 01:45:24,116.840907,40.151097
Car-1,2009-04-18 01:45:26,116.841313,40.151117
Car-1,2009-04-18 01:45:28,116.841698,40.151133
Car-1,2009-04-18 01:45:30,116.842033,40.151155
Car-1,2009-04-18 01:45:32,116.842333,40.15117
Car-1,2009-04-18 01:45:34,116.842585,40.151187
Car-1,2009-04-18 01:45:36,116.842772,40.151209
Car-1,2009-04-18 01:45:38,116.842909,40.151222
Car-1,2009-04-18 01:45:40,116.843012,40.151228
Car-1,2009-04-18 01:45:42,116.843077,40.151235
Car-1,2009-04-18 01:45:44,116.843101,40.151235
Car-1,2009-04-18 01:45:46,116.843091,40.151233
Car-1,2009-04-18 01:45:48,116.843084,40.151229
Car-1,2009-04-18 01:45:50,116.843086,40.15123
Car-1,2009-04-18 01:45:52,116.843097,40.15123
Car-1,2009-04-18 01:45:54,116.843139,40.151231
Car-1,2009-04-18 01:45:56,116.843182,40.151233
Car-1,2009-04-18 01:45:58,116.843219,40.151238
Car-1,2009-04-18 01:46:00,116.843251,40.15124
Car-1,2009-04-18 01:46:02,116.843264,40.151239
Car-1,2009-04-18 01:46:04,116.843273,40.151226
Car-1,2009-04-18 01:46:06,116.843263,40.151218
Car-1,2009-04-18 01:46:08,116.843253,40.151213
Car-1,2009-04-18 01:46:10,116.843256,40.151214
Car-1,2009-04-18 01:46:12,116.84326,40.151223
Car-1,2009-04-18 01:46:14,116.843263,40.151219
Car-1,2009-04-18 01:46:16,116.843269,40.15122
Car-1,2009-04-18 01:46:18,116.843275,40.15122
Car-1,2009-04-18 01:46:20,116.843281,40.151221
Car-1,2009-04-18 01:46:22,116.843322,40.151229
Car-1,2009-04-18 01:46:24,116.843403,40.151241
Car-1,2009-04-18 01:46:26,116.843537,40.15125
Car-1,2009-04-18 01:46:28,116.843683,40.151263
Car-1,2009-04-18 01:46:30,116.843827,40.151274
Car-1,2009-04-18 01:46:32,116.843932,40.151278
Car-1,2009-04-18 01:46:34,116.844031,40.151275
Car-1,2009-04-18 01:46:36,116.84414,40.151281
Car-1,2009-04-18 01:46:38,116.844255,40.151278
Car-1,2009-04-18 01:46:40,116.844336,40.151276
Car-1,2009-04-18 01:46:42,116.844377,40.151276
Car-1,2009-04-18 01:46:44,116.844388,40.15128
Car-1,2009-04-18 01:46:46,116.844405,40.151283
Car-1,2009-04-18 01:46:48,116.844452,40.151287
Car-1,2009-04-18 01:46:50,116.844513,40.151281
Car-1,2009-04-18 01:46:52,116.844574,40.151275
Car-1,2009-04-18 01:46:54,116.844616,40.151268
Car-1,2009-04-18 01:46:56,116.844662,40.151272
Car-1,2009-04-18 01:46:58,116.844703,40.151278
Car-1,2009-04-18 01:47:00,116.844743,40.151275
Car-1,2009-04-18 01:47:02,116.844758,40.151287
Car-1,2009-04-18 01:47:04,116.844763,40.15129
Car-1,2009-04-18 01:47:06,116.844766,40.151291
Car-1,2009-04-18 01:47:08,116.844772,40.151295
Car-1,2009-04-18 01:47:10,116.844774,40.151295
Car-1,2009-04-18 01:47:12,116.844776,40.151295
Car-1,2009-04-18 01:47:14,116.844778,40.151295
Car-1,2009-04-18 01:47:16,116.844794,40.151289
Car-1,2009-04-18 01:47:18,116.844847,40.151294
Car-1,2009-04-18 01:47:20,116.844934,40.151306
Car-1,2009-04-18 01:47:22,116.845051,40.151327
Car-1,2009-04-18 01:47:24,116.84518,40.151349
Car-1,2009-04-18 01:47:26,116.845305,40.151357
Car-1,2009-04-18 01:47:28,116.845425,40.151366
Car-1,2009-04-18 01:47:30,116.845546,40.15138
Car-1,2009-04-18 01:47:32,116.845672,40.15139
Car-1,2009-04-18 01:47:34,116.845814,40.151411
Car-1,2009-04-18 01:47:36,116.845978,40.151421
Car-1,2009-04-18 01:47:38,116.846127,40.151457
Car-1,2009-04-18 01:47:40,116.846281,40.151475
Car-1,2009-04-18 01:47:42,116.846405,40.151489
Car-1,2009-04-18 01:47:44,116.846488,40.151509
Car-1,2009-04-18 01:47:46,116.846531,40.151524
Car-1,2009-04-18 01:47:48,116.846547,40.151521
Car-1,2009-04-18 01:47:50,116.846548,40.151526
Car-1,2009-04-18 01:47:52,116.846554,40.151527
Car-1,2009-04-18 01:47:54,116.846553,40.151527
Car-1,2009-04-18 01:47:56,116.846553,40.151527
Car-1,2009-04-18 01:47:58,116.846552,40.151527
Car-1,2009-04-18 01:48:00,116.846552,40.151528
Car-1,2009-04-18 01:48:02,116.846552,40.151528
Car-1,2009-04-18 01:48:04,116.846553,40.151528
Car-1,2009-04-18 01:48:06,116.846553,40.151529
Car-1,2009-04-18 01:48:08,116.846554,40.151529
Car-1,2009-04-18 01:48:10,116.846553,40.151529
Car-1,2009-04-18 01:48:12,116.846552,40.151529
Car-1,2009-04-18 01:48:14,116.846563,40.15153
Car-1,2009-04-18 01:48:16,116.84662,40.151533
Car-1,2009-04-18 01:48:18,116.846709,40.151531
Car-1,2009-04-18 01:48:20,116.846836,40.151541
Car-1,2009-04-18 01:48:22,116.84696,40.151551
Car-1,2009-04-18 01:48:24,116.847056,40.15158
Car-1,2009-04-18 01:48:26,116.847181,40.151604
Car-1,2009-04-18 01:48:28,116.847342,40.151629
Car-1,2009-04-18 01:48:30,116.847542,40.151654
Car-1,2009-04-18 01:48:32,116.847777,40.151686
Car-1,2009-04-18 01:48:34,116.848034,40.15172
Car-1,2009-04-18 01:48:36,116.848319,40.15175
Car-1,2009-04-18 01:48:38,116.848622,40.151787
Car-1,2009-04-18 01:48:40,116.848962,40.151817
Car-1,2009-04-18 01:48:42,116.849309,40.151842
Car-1,2009-04-18 01:48:44,116.849679,40.151864
Car-1,2009-04-18 01:48:46,116.850051,40.151874
Car-1,2009-04-18 01:48:48,116.850431,40.151884
Car-1,2009-04-18 01:48:50,116.850813,40.151893
Car-1,2009-04-18 01:48:52,116.851201,40.151904
Car-1,2009-04-18 01:48:54,116.851587,40.15191
Car-1,2009-04-18 01:48:56,116.851978,40.151916
Car-1,2009-04-18 01:48:58,116.852381,40.151925
Car-1,2009-04-18 01:49:00,116.852776,40.151934
Car-1,2009-04-18 01:49:02,116.853172,40.151949
Car-1,2009-04-18 01:49:04,116.853557,40.151961
Car-1,2009-04-18 01:49:06,116.85393,40.151972
Car-1,2009-04-18 01:49:08,116.854297,40.151977
Car-1,2009-04-18 01:49:10,116.854662,40.151979
Car-1,2009-04-18 01:49:12,116.855014,40.151983
Car-1,2009-04-18 01:49:14,116.855366,40.151987
Car-1,2009-04-18 01:49:16,116.855704,40.151996
Car-1,2009-04-18 01:49:18,116.856021,40.151999
Car-1,2009-04-18 01:49:20,116.85632,40.152007
Car-1,2009-04-18 01:49:22,116.8566,40.152015
Car-1,2009-04-18 01:49:24,116.856862,40.152016
Car-1,2009-04-18 01:49:26,116.857132,40.152017
Car-1,2009-04-18 01:49:28,116.857416,40.152021
Car-1,2009-04-18 01:49:30,116.857709,40.152027
Car-1,2009-04-18 01:49:32,116.858024,40.152039
Car-1,2009-04-18 01:49:34,116.858353,40.152048
Car-1,2009-04-18 01:49:36,116.858692,40.152057
Car-1,2009-04-18 01:49:38,116.859038,40.152062
Car-1,2009-04-18 01:49:40,116.859415,40.152063
Car-1,2009-04-18 01:49:42,116.859794,40.152064
Car-1,2009-04-18 01:49:44,116.860164,40.152066
Car-1,2009-04-18 01:49:46,116.860538,40.152069
Car-1,2009-04-18 01:49:48,116.86092,40.152078
Car-1,2009-04-18 01:49:50,116.86132,40.152084
Car-1,2009-04-18 01:49:52,116.861732,40.15209
Car-1,2009-04-18 01:49:54,116.862158,40.152092
Car-1,2009-04-18 01:49:56,116.862592,40.152095
Car-1,2009-04-18 01:49:58,116.863014,40.152099
Car-1,2009-04-18 01:50:00,116.863433,40.1521
Car-1,2009-04-18 01:50:02,116.863821,40.152108
Car-1,2009-04-18 01:50:04,116.864177,40.152109
Car-1,2009-04-18 01:50:06,116.864523,40.152112
Car-1,2009-04-18 01:50:08,116.86488,40.152123
Car-1,2009-04-18 01:50:10,116.865246,40.152131
Car-1,2009-04-18 01:50:12,116.865639,40.152136
Car-1,2009-04-18 01:50:14,116.866037,40.152133
Car-1,2009-04-18 01:50:16,116.866456,40.15214
Car-1,2009-04-18 01:50:18,116.866891,40.152144
Car-1,2009-04-18 01:50:20,116.867315,40.152145
Car-1,2009-04-18 01:50:22,116.867758,40.152151
Car-1,2009-04-18 01:50:24,116.868203,40.152153
Car-1,2009-04-18 01:50:26,116.868648,40.152156
Car-1,2009-04-18 01:50:28,116.869084,40.152153
Car-1,2009-04-18 01:50:30,116.869526,40.152147
Car-1,2009-04-18 01:50:32,116.869958,40.152134
Car-1,2009-04-18 01:50:34,116.870382,40.152115
Car-1,2009-04-18 01:50:36,116.870814,40.152083
Car-1,2009-04-18 01:50:38,116.871238,40.152046
Car-1,2009-04-18 01:50:40,116.871659,40.152015
Car-1,2009-04-18 01:50:42,116.87208,40.151978
Car-1,2009-04-18 01:50:44,116.872496,40.151942
Car-1,2009-04-18 01:50:46,116.872903,40.151908
Car-1,2009-04-18 01:50:48,116.873297,40.15187
Car-1,2009-04-18 01:50:50,116.873689,40.151833
Car-1,2009-04-18 01:50:52,116.874082,40.151802
Car-1,2009-04-18 01:50:54,116.874463,40.151773
Car-1,2009-04-18 01:50:56,116.874839,40.15175
Car-1,2009-04-18 01:50:58,116.875218,40.151731
Car-1,2009-04-18 01:51:00,116.875608,40.15171
Car-1,2009-04-18 01:51:02,116.875995,40.151685
Car-1,2009-04-18 01:51:04,116.87638,40.151658
Car-1,2009-04-18 01:51:06,116.876776,40.151631
Car-1,2009-04-18 01:51:08,116.877182,40.1516
Car-1,2009-04-18 01:51:10,116.87759,40.15156
Car-1,2009-04-18 01:51:12,116.877999,40.151523
Car-1,2009-04-18 01:51:14,116.87841,40.151497
Car-1,2009-04-18 01:51:16,116.878821,40.151479
Car-1,2009-04-18 01:51:18,116.879249,40.15147
Car-1,2009-04-18 01:51:20,116.879668,40.151495
Car-1,2009-04-18 01:51:22,116.880104,40.151529
Car-1,2009-04-18 01:51:24,116.880549,40.151577
Car-1,2009-04-18 01:51:26,116.880979,40.151628
Car-1,2009-04-18 01:51:28,116.881417,40.151674
Car-1,2009-04-18 01:51:30,116.88185,40.151727
Car-1,2009-04-18 01:51:32,116.882284,40.151779
Car-1,2009-04-18 01:51:34,116.882707,40.151836
Car-1,2009-04-18 01:51:36,116.88313,40.151891
Car-1,2009-04-18 01:51:38,116.883549,40.151944
Car-1,2009-04-18 01:51:40,116.883961,40.151994
Car-1,2009-04-18 01:51:42,116.884369,40.152044
Car-1,2009-04-18 01:51:44,116.884784,40.152094
Car-1,2009-04-18 01:51:46,116.885216,40.152142
Car-1,2009-04-18 01:51:48,116.885652,40.152191
Car-1,2009-04-18 01:51:50,116.886076,40.152238
Car-1,2009-04-18 01:51:52,116.886496,40.152291
Car-1,2009-04-18 01:51:54,116.886922,40.152347
Car-1,2009-04-18 01:51:56,116.887358,40.152398
Car-1,2009-04-18 01:51:58,116.887804,40.152451
Car-1,2009-04-18 01:52:00,116.888258,40.152505
Car-1,2009-04-18 01:52:02,116.888722,40.15255
Car-1,2009-04-18 01:52:04,116.889188,40.152582
Car-1,2009-04-18 01:52:06,116.889655,40.152605
Car-1,2009-04-18 01:52:08,116.890121,40.15261
Car-1,2009-04-18 01:52:10,116.890581,40.152612
Car-1,2009-04-18 01:52:12,116.891041,40.15261
Car-1,2009-04-18 01:52:14,116.891501,40.152607
Car-1,2009-04-18 01:52:16,116.891957,40.152594
Car-1,2009-04-18 01:52:18,116.892408,40.152588
Car-1,2009-04-18 01:52:20,116.89286,40.152579
Car-1,2009-04-18 01:52:22,116.893312,40.152574
Car-1,2009-04-18 01:52:24,116.893768,40.152569
Car-1,2009-04-18 01:52:26,116.894218,40.152565
Car-1,2009-04-18 01:52:28,116.894668,40.152559
Car-1,2009-04-18 01:52:30,116.895113,40.15255
Car-1,2009-04-18 01:52:32,116.895561,40.152543
Car-1,2009-04-18 01:52:34,116.895998,40.152533
Car-1,2009-04-18 01:52:36,116.89644,40.152529
Car-1,2009-04-18 01:52:38,116.896878,40.152525
Car-1,2009-04-18 01:52:40,116.897314,40.15252
Car-1,2009-04-18 01:52:42,116.897743,40.15251
Car-1,2009-04-18 01:52:44,116.898169,40.152501
Car-1,2009-04-18 01:52:46,116.898589,40.152494
Car-1,2009-04-18 01:52:48,116.89901,40.152496
Car-1,2009-04-18 01:52:50,116.899416,40.152498
Car-1,2009-04-18 01:52:52,116.899813,40.1525
Car-1,2009-04-18 01:52:54,116.900201,40.152499
Car-1,2009-04-18 01:52:56,116.900579,40.152491
Car-1,2009-04-18 01:52:58,116.900973,40.152486
Car-1,2009-04-18 01:53:00,116.901391,40.152476
Car-1,2009-04-18 01:53:02,116.901791,40.152471
Car-1,2009-04-18 01:53:04,116.902183,40.152459
Car-1,2009-04-18 01:53:06,116.902576,40.152442
Car-1,2009-04-18 01:53:08,116.902929,40.152428
Car-1,2009-04-18 01:53:10,116.903216,40.152419
Car-1,2009-04-18 01:53:12,116.903427,40.152405
Car-1,2009-04-18 01:53:14,116.903546,40.152397
Car-1,2009-04-18 01:53:16,116.903569,40.152392
Car-1,2009-04-18 01:53:18,116.903562,40.152392
Car-1,2009-04-18 01:53:20,116.903555,40.152392
Car-1,2009-04-18 01:53:22,116.903557,40.152392
Car-1,2009-04-18 01:53:24,116.903557,40.152392
Car-1,2009-04-18 01:53:26,116.903556,40.152392
Car-1,2009-04-18 01:53:28,116.903554,40.152392
Car-1,2009-04-18 01:53:30,116.903553,40.152392
Car-1,2009-04-18 01:53:32,116.903553,40.152392
Car-1,2009-04-18 01:53:34,116.903552,40.152392
Car-1,2009-04-18 01:53:36,116.903551,40.152392
Car-1,2009-04-18 01:53:38,116.90355,40.152392
Car-1,2009-04-18 01:53:40,116.903552,40.152392
Car-1,2009-04-18 01:53:42,116.903606,40.152399
Car-1,2009-04-18 01:53:44,116.90371,40.152406
Car-1,2009-04-18 01:53:46,116.903873,40.152406
Car-1,2009-04-18 01:53:48,116.904092,40.152402
Car-1,2009-04-18 01:53:50,116.90435,40.152399
Car-1,2009-04-18 01:53:52,116.904627,40.152393
Car-1,2009-04-18 01:53:54,116.904922,40.15239
Car-1,2009-04-18 01:53:56,116.905217,40.152385
Car-1,2009-04-18 01:53:58,116.905536,40.152377
Car-1,2009-04-18 01:54:00,116.90588,40.152375
Car-1,2009-04-18 01:54:02,116.90623,40.152365
Car-1,2009-04-18 01:54:04,116.906592,40.152355
Car-1,2009-04-18 01:54:06,116.906957,40.152345
Car-1,2009-04-18 01:54:08,116.907343,40.152342
Car-1,2009-04-18 01:54:10,116.907731,40.152335
Car-1,2009-04-18 01:54:12,116.908128,40.152331
Car-1,2009-04-18 01:54:14,116.908533,40.152325
Car-1,2009-04-18 01:54:16,116.908929,40.152314
Car-1,2009-04-18 01:54:18,116.909327,40.152306
Car-1,2009-04-18 01:54:20,116.909729,40.152292
Car-1,2009-04-18 01:54:22,116.910125,40.152277
Car-1,2009-04-18 01:54:24,116.910507,40.152262
Car-1,2009-04-18 01:54:26,116.910878,40.152246
Car-1,2009-04-18 01:54:28,116.911258,40.152228
Car-1,2009-04-18 01:54:30,116.911628,40.152206
Car-1,2009-04-18 01:54:32,116.911997,40.152187
Car-1,2009-04-18 01:54:34,116.912359,40.152165
Car-1,2009-04-18 01:54:36,116.912713,40.152146
Car-1,2009-04-18 01:54:38,116.913052,40.152132
Car-1,2009-04-18 01:54:40,116.9134,40.152122
Car-1,2009-04-18 01:54:42,116.913743,40.152103
Car-1,2009-04-18 01:54:44,116.914085,40.152084
Car-1,2009-04-18 01:54:46,116.914424,40.152068
Car-1,2009-04-18 01:54:48,116.914764,40.152052
Car-1,2009-04-18 01:54:50,116.91512,40.152037
Car-1,2009-04-18 01:54:52,116.91549,40.152031
Car-1,2009-04-18 01:54:54,116.915878,40.152019
Car-1,2009-04-18 01:54:56,116.916279,40.152001
Car-1,2009-04-18 01:54:58,116.916697,40.151981
Car-1,2009-04-18 01:55:00,116.917118,40.15196
Car-1,2009-04-18 01:55:02,116.917548,40.151938
Car-1,2009-04-18 01:55:04,116.917974,40.151911
Car-1,2009-04-18 01:55:06,116.918394,40.151889
Car-1,2009-04-18 01:55:08,116.91881,40.151862
Car-1,2009-04-18 01:55:10,116.91923,40.151843
Car-1,2009-04-18 01:55:12,116.919626,40.151821
Car-1,2009-04-18 01:55:14,116.92002,40.151799
Car-1,2009-04-18 01:55:16,116.920412,40.151771
Car-1,2009-04-18 01:55:18,116.920799,40.151747
Car-1,2009-04-18 01:55:20,116.921199,40.151733
Car-1,2009-04-18 01:55:22,116.921613,40.151718
Car-1,2009-04-18 01:55:24,116.922029,40.151701
Car-1,2009-04-18 01:55:26,116.922446,40.151686
Car-1,2009-04-18 01:55:28,116.92287,40.15167
Car-1,2009-04-18 01:55:30,116.923277,40.151645
Car-1,2009-04-18 01:55:32,116.923698,40.151613
Car-1,2009-04-18 01:55:34,116.92414,40.15158
Car-1,2009-04-18 01:55:36,116.924586,40.151548
Car-1,2009-04-18 01:55:38,116.925029,40.151515
Car-1,2009-04-18 01:55:40,116.925456,40.151487
Car-1,2009-04-18 01:55:42,116.925892,40.15146
Car-1,2009-04-18 01:55:44,116.926318,40.151435
Car-1,2009-04-18 01:55:46,116.92675,40.15141
Car-1,2009-04-18 01:55:48,116.92719,40.151389
Car-1,2009-04-18 01:55:50,116.92761,40.151363
Car-1,2009-04-18 01:55:52,116.928051,40.151335
Car-1,2009-04-18 01:55:54,116.928497,40.151302
Car-1,2009-04-18 01:55:56,116.928927,40.151273
Car-1,2009-04-18 01:55:58,116.929364,40.151242
Car-1,2009-04-18 01:56:00,116.929809,40.151206
Car-1,2009-04-18 01:56:02,116.930265,40.151173
Car-1,2009-04-18 01:56:04,116.93071,40.15114
Car-1,2009-04-18 01:56:06,116.931142,40.15112
Car-1,2009-04-18 01:56:08,116.931584,40.151094
Car-1,2009-04-18 01:56:10,116.932032,40.151065
Car-1,2009-04-18 01:56:12,116.932482,40.151032
Car-1,2009-04-18 01:56:14,116.932919,40.151002
Car-1,2009-04-18 01:56:16,116.933353,40.150984
Car-1,2009-04-18 01:56:18,116.933784,40.150959
Car-1,2009-04-18 01:56:20,116.9342,40.15094
Car-1,2009-04-18 01:56:22,116.934614,40.150916
Car-1,2009-04-18 01:56:24,116.935021,40.150893
Car-1,2009-04-18 01:56:26,116.935416,40.150869
Car-1,2009-04-18 01:56:28,116.935803,40.150845
Car-1,2009-04-18 01:56:30,116.936203,40.150815
Car-1,2009-04-18 01:56:32,116.936595,40.150788
Car-1,2009-04-18 01:56:34,116.936973,40.150761
Car-1,2009-04-18 01:56:36,116.937355,40.150732
Car-1,2009-04-18 01:56:38,116.937725,40.15071
Car-1,2009-04-18 01:56:40,116.938112,40.150689
Car-1,2009-04-18 01:56:42,116.938491,40.150667
Car-1,2009-04-18 01:56:44,116.938867,40.150642
Car-1,2009-04-18 01:56:46,116.939214,40.150623
Car-1,2009-04-18 01:56:48,116.939553,40.150603
Car-1,2009-04-18 01:56:50,116.939918,40.150573
Car-1,2009-04-18 01:56:52,116.940293,40.150547
Car-1,2009-04-18 01:56:54,116.94069,40.150525
Car-1,2009-04-18 01:56:56,116.941095,40.150498
Car-1,2009-04-18 01:56:58,116.941497,40.150478
Car-1,2009-04-18 01:57:00,116.941901,40.150455
Car-1,2009-04-18 01:57:02,116.942281,40.150429
Car-1,2009-04-18 01:57:04,116.942641,40.150406
Car-1,2009-04-18 01:57:06,116.943025,40.150377
Car-1,2009-04-18 01:57:08,116.943399,40.150353
Car-1,2009-04-18 01:57:10,116.943804,40.150325
Car-1,2009-04-18 01:57:12,116.944199,40.150298
Car-1,2009-04-18 01:57:14,116.9446,40.150275
Car-1,2009-04-18 01:57:16,116.944999,40.150256
Car-1,2009-04-18 01:57:18,116.945382,40.150239
Car-1,2009-04-18 01:57:20,116.94578,40.150204
Car-1,2009-04-18 01:57:22,116.94616,40.150181
Car-1,2009-04-18 01:57:24,116.946524,40.150156
Car-1,2009-04-18 01:57:26,116.946881,40.15014
Car-1,2009-04-18 01:57:28,116.947256,40.150116
Car-1,2009-04-18 01:57:30,116.947614,40.150095
Car-1,2009-04-18 01:57:32,116.947958,40.150072
Car-1,2009-04-18 01:57:34,116.948307,40.150047
Car-1,2009-04-18 01:57:36,116.948668,40.150023
Car-1,2009-04-18 01:57:38,116.949049,40.149992
Car-1,2009-04-18 01:57:40,116.949429,40.149972
Car-1,2009-04-18 01:57:42,116.94983,40.149946
Car-1,2009-04-18 01:57:44,116.950241,40.149921
Car-1,2009-04-18 01:57:46,116.95066,40.149893
Car-1,2009-04-18 01:57:48,116.951071,40.149861
Car-1,2009-04-18 01:57:50,116.951482,40.149818
Car-1,2009-04-18 01:57:52,116.95189,40.149767
Car-1,2009-04-18 01:57:54,116.952303,40.149705
Car-1,2009-04-18 01:57:56,116.952712,40.149641
Car-1,2009-04-18 01:57:58,116.95311,40.149578
Car-1,2009-04-18 01:58:00,116.953511,40.149515
Car-1,2009-04-18 01:58:02,116.953916,40.149449
Car-1,2009-04-18 01:58:04,116.954345,40.149369
Car-1,2009-04-18 01:58:06,116.954768,40.149285
Car-1,2009-04-18 01:58:08,116.955166,40.149203
Car-1,2009-04-18 01:58:10,116.955576,40.149117
Car-1,2009-04-18 01:58:12,116.955981,40.149032
Car-1,2009-04-18 01:58:14,116.956365,40.148947
Car-1,2009-04-18 01:58:16,116.956758,40.148863
Car-1,2009-04-18 01:58:18,116.957149,40.14878
Car-1,2009-04-18 01:58:20,116.957522,40.148712
Car-1,2009-04-18 01:58:22,116.957897,40.148641
Car-1,2009-04-18 01:58:24,116.958284,40.148563
Car-1,2009-04-18 01:58:26,116.958649,40.14848
Car-1,2009-04-18 01:58:28,116.959018,40.148415
Car-1,2009-04-18 01:58:30,116.959387,40.148343
Car-1,2009-04-18 01:58:32,116.959771,40.148276
Car-1,2009-04-18 01:58:34,116.960146,40.148208
Car-1,2009-04-18 01:58:36,116.960536,40.148126
Car-1,2009-04-18 01:58:38,116.960928,40.148061
Car-1,2009-04-18 01:58:40,116.961321,40.147986
Car-1,2009-04-18 01:58:42,116.961709,40.147909
Car-1,2009-04-18 01:58:44,116.96209,40.147836
Car-1,2009-04-18 01:58:46,116.962458,40.147772
Car-1,2009-04-18 01:58:48,116.96283,40.147702
Car-1,2009-04-18 01:58:50,116.963209,40.147629
Car-1,2009-04-18 01:58:52,116.96359,40.147557
Car-1,2009-04-18 01:58:54,116.963971,40.147482
Car-1,2009-04-18 01:58:56,116.964364,40.147397
Car-1,2009-04-18 01:58:58,116.964749,40.147319
Car-1,2009-04-18 01:59:00,116.965128,40.147238
Car-1,2009-04-18 01:59:02,116.965519,40.147143
Car-1,2009-04-18 01:59:04,116.965888,40.147066
Car-1,2009-04-18 01:59:06,116.966258,40.14698
Car-1,2009-04-18 01:59:08,116.966629,40.14689
Car-1,2009-04-18 01:59:10,116.967005,40.146796
Car-1,2009-04-18 01:59:12,116.967357,40.146713
Car-1,2009-04-18 01:59:14,116.967702,40.146634
Car-1,2009-04-18 01:59:16,116.968048,40.146547
Car-1,2009-04-18 01:59:18,116.968403,40.146457
Car-1,2009-04-18 01:59:20,116.968749,40.146362
Car-1,2009-04-18 01:59:22,116.969128,40.146235
Car-1,2009-04-18 01:59:24,116.969484,40.146136
Car-1,2009-04-18 01:59:26,116.969837,40.146055
Car-1,2009-04-18 01:59:28,116.97018,40.145971
Car-1,2009-04-18 01:59:30,116.970512,40.145891
Car-1,2009-04-18 01:59:32,116.970836,40.145809
Car-1,2009-04-18 01:59:34,116.971159,40.145727
Car-1,2009-04-18 01:59:36,116.971475,40.145649
Car-1,2009-04-18 01:59:38,116.971819,40.145563
Car-1,2009-04-18 01:59:40,116.972152,40.145473
Car-1,2009-04-18 01:59:42,116.972489,40.145382
Car-1,2009-04-18 01:59:44,116.972833,40.145293
Car-1,2009-04-18 01:59:46,116.973176,40.145198
Car-1,2009-04-18 01:59:48,116.973539,40.145096
Car-1,2009-04-18 01:59:50,116.973921,40.144995
Car-1,2009-04-18 01:59:52,116.974314,40.144885
Car-1,2009-04-18 01:59:54,116.974697,40.144781
Car-1,2009-04-18 01:59:56,116.975082,40.144674
Car-1,2009-04-18 01:59:58,116.975464,40.144572
Car-1,2009-04-18 02:00:00,116.975864,40.144471
Car-1,2009-04-18 02:00:02,116.976258,40.144367
Car-1,2009-04-18 02:00:04,116.976638,40.144266
Car-1,2009-04-18 02:00:06,116.977005,40.14417
Car-1,2009-04-18 02:00:08,116.977378,40.144078
Car-1,2009-04-18 02:00:10,116.977781,40.143967
Car-1,2009-04-18 02:00:12,116.97817,40.143861
Car-1,2009-04-18 02:00:14,116.978547,40.143774
Car-1,2009-04-18 02:00:16,116.978886,40.143681
Car-1,2009-04-18 02:00:18,116.979186,40.143601
Car-1,2009-04-18 02:00:20,116.979486,40.143526
Car-1,2009-04-18 02:00:22,116.979791,40.143441
Car-1,2009-04-18 02:00:24,116.980101,40.143357
Car-1,2009-04-18 02:00:26,116.980446,40.143265
Car-1,2009-04-18 02:00:28,116.980805,40.143166
Car-1,2009-04-18 02:00:30,116.981159,40.143074
Car-1,2009-04-18 02:00:32,116.981529,40.142973
Car-1,2009-04-18 02:00:34,116.9819,40.142874
Car-1,2009-04-18 02:00:36,116.982272,40.142775
Car-1,2009-04-18 02:00:38,116.982635,40.142681
Car-1,2009-04-18 02:00:40,116.983015,40.142582
Car-1,2009-04-18 02:00:42,116.983382,40.142488
Car-1,2009-04-18 02:00:44,116.983742,40.142395
Car-1,2009-04-18 02:00:46,116.984078,40.142304
Car-1,2009-04-18 02:00:48,116.984413,40.142223
Car-1,2009-04-18 02:00:50,116.984739,40.142144
Car-1,2009-04-18 02:00:52,116.985058,40.142062
Car-1,2009-04-18 02:00:54,116.985386,40.141981
Car-1,2009-04-18 02:00:56,116.985724,40.141903
Car-1,2009-04-18 02:00:58,116.986078,40.141817
Car-1,2009-04-18 02:01:00,116.986438,40.141736
Car-1,2009-04-18 02:01:02,116.986793,40.141648
Car-1,2009-04-18 02:01:04,116.987171,40.141549
Car-1,2009-04-18 02:01:06,116.987552,40.141452
Car-1,2009-04-18 02:01:08,116.987944,40.141352
Car-1,2009-04-18 02:01:10,116.988355,40.141252
Car-1,2009-04-18 02:01:12,116.988765,40.141152
Car-1,2009-04-18 02:01:14,116.989173,40.141051
Car-1,2009-04-18 02:01:16,116.989589,40.14095
Car-1,2009-04-18 02:01:18,116.989998,40.140853
Car-1,2009-04-18 02:01:20,116.990418,40.140752
Car-1,2009-04-18 02:01:22,116.990851,40.140648
Car-1,2009-04-18 02:01:24,116.991296,40.140543
Car-1,2009-04-18 02:01:26,116.991734,40.140436
Car-1,2009-04-18 02:01:28,116.992172,40.140325
Car-1,2009-04-18 02:01:30,116.992612,40.140216
Car-1,2009-04-18 02:01:32,116.993074,40.140106
Car-1,2009-04-18 02:01:34,116.993516,40.139999
Car-1,2009-04-18 02:01:36,116.993959,40.139893
Car-1,2009-04-18 02:01:38,116.994402,40.139784
Car-1,2009-04-18 02:01:40,116.994835,40.139681
Car-1,2009-04-18 02:01:42,116.995261,40.139583
Car-1,2009-04-18 02:01:44,116.995698,40.139487
Car-1,2009-04-18 02:01:46,116.996128,40.139419
Car-1,2009-04-18 02:01:48,116.996561,40.139359
Car-1,2009-04-18 02:01:50,116.996984,40.139306
Car-1,2009-04-18 02:01:52,116.997414,40.13925
Car-1,2009-04-18 02:01:54,116.997819,40.139216
Car-1,2009-04-18 02:01:56,116.998221,40.13919
Car-1,2009-04-18 02:01:58,116.998614,40.139181
Car-1,2009-04-18 02:02:00,116.999002,40.139171
Car-1,2009-04-18 02:02:02,116.999366,40.139163
Car-1,2009-04-18 02:02:04,116.999703,40.139166
Car-1,2009-04-18 02:02:06,117.000016,40.139181
Car-1,2009-04-18 02:02:08,117.00033,40.139202
Car-1,2009-04-18 02:02:10,117.00065,40.139228
Car-1,2009-04-18 02:02:12,117.000993,40.139264
Car-1,2009-04-18 02:02:14,117.001349,40.139308
Car-1,2009-04-18 02:02:16,117.001729,40.139349
Car-1,2009-04-18 02:02:18,117.002088,40.139402
Car-1,2009-04-18 02:02:20,117.002437,40.139452
Car-1,2009-04-18 02:02:22,117.002778,40.139497
Car-1,2009-04-18 02:02:24,117.00311,40.139547
Car-1,2009-04-18 02:02:26,117.003438,40.139594
Car-1,2009-04-18 02:02:28,117.003749,40.139639
Car-1,2009-04-18 02:02:30,117.004045,40.139689
Car-1,2009-04-18 02:02:32,117.004326,40.139726
Car-1,2009-04-18 02:02:34,117.004574,40.139762
Car-1,2009-04-18 02:02:36,117.004782,40.139786
Car-1,2009-04-18 02:02:38,117.00494,40.139812
Car-1,2009-04-18 02:02:40,117.00506,40.139831
Car-1,2009-04-18 02:02:42,117.005156,40.13984
Car-1,2009-04-18 02:02:44,117.005244,40.13985
Car-1,2009-04-18 02:02:46,117.005324,40.139854
Car-1,2009-04-18 02:02:48,117.005429,40.139866
Car-1,2009-04-18 02:02:50,117.005551,40.139874
Car-1,2009-04-18 02:02:52,117.005665,40.139881
Car-1,2009-04-18 02:02:54,117.005779,40.139887
Car-1,2009-04-18 02:02:56,117.005876,40.139903
Car-1,2009-04-18 02:02:58,117.005963,40.139912
Car-1,2009-04-18 02:03:00,117.00604,40.139922
Car-1,2009-04-18 02:03:02,117.006088,40.139927
Car-1,2009-04-18 02:03:04,117.006133,40.139924
Car-1,2009-04-18 02:03:06,117.006182,40.139928
Car-1,2009-04-18 02:03:08,117.006229,40.139927
Car-1,2009-04-18 02:03:10,117.006265,40.13993
Car-1,2009-04-18 02:03:12,117.006294,40.139932
Car-1,2009-04-18 02:03:14,117.006306,40.139935
Car-1,2009-04-18 02:03:16,117.006314,40.139934
Car-1,2009-04-18 02:03:18,117.006319,40.139935
Car-1,2009-04-18 02:03:20,117.006324,40.139935
Car-1,2009-04-18 02:03:22,117.006329,40.139935
Car-1,2009-04-18 02:03:24,117.006337,40.139936
Car-1,2009-04-18 02:03:26,117.006357,40.139939
Car-1,2009-04-18 02:03:28,117.006404,40.139947
Car-1,2009-04-18 02:03:30,117.006462,40.139953
Car-1,2009-04-18 02:03:32,117.006524,40.139963
Car-1,2009-04-18 02:03:34,117.006585,40.139977
Car-1,2009-04-18 02:03:36,117.00665,40.139981
Car-1,2009-04-18 02:03:38,117.006697,40.139989
Car-1,2009-04-18 02:03:40,117.006738,40.139989
Car-1,2009-04-18 02:03:42,117.006767,40.139994
Car-1,2009-04-18 02:03:44,117.006803,40.139992
Car-1,2009-04-18 02:03:46,117.006828,40.139999
Car-1,2009-04-18 02:03:48,117.006879,40.140007
Car-1,2009-04-18 02:03:50,117.006944,40.140015
Car-1,2009-04-18 02:03:52,117.007023,40.140034
Car-1,2009-04-18 02:03:54,117.007117,40.140055
Car-1,2009-04-18 02:03:56,117.007224,40.140069
Car-1,2009-04-18 02:03:58,117.007315,40.140088
Car-1,2009-04-18 02:04:00,117.007396,40.140104
Car-1,2009-04-18 02:04:02,117.007488,40.140113
Car-1,2009-04-18 02:04:04,117.007583,40.140129
Car-1,2009-04-18 02:04:06,117.007695,40.140139
Car-1,2009-04-18 02:04:08,117.007783,40.140147
Car-1,2009-04-18 02:04:10,117.007847,40.140158
Car-1,2009-04-18 02:04:12,117.0079,40.140167
Car-1,2009-04-18 02:04:14,117.007948,40.140175
Car-1,2009-04-18 02:04:16,117.00799,40.140174
Car-1,2009-04-18 02:04:18,117.008035,40.14017
Car-1,2009-04-18 02:04:20,117.008088,40.140173
Car-1,2009-04-18 02:04:22,117.008149,40.140186
Car-1,2009-04-18 02:04:24,117.008208,40.140199
Car-1,2009-04-18 02:04:26,117.008253,40.140207
Car-1,2009-04-18 02:04:28,117.008282,40.140211
Car-1,2009-04-18 02:04:30,117.008299,40.140212
Car-1,2009-04-18 02:04:32,117.008313,40.140208
Car-1,2009-04-18 02:04:34,117.008322,40.140209
Car-1,2009-04-18 02:04:36,117.008325,40.140209
Car-1,2009-04-18 02:04:38,117.008328,40.140208
Car-1,2009-04-18 02:04:40,117.00833,40.140206
Car-1,2009-04-18 02:04:42,117.008331,40.140205
Car-1,2009-04-18 02:04:44,117.008333,40.140204
Car-1,2009-04-18 02:04:46,117.008335,40.140203
Car-1,2009-04-18 02:04:48,117.008336,40.140202
Car-1,2009-04-18 02:04:50,117.008337,40.140201
Car-1,2009-04-18 02:04:52,117.008338,40.1402
Car-1,2009-04-18 02:04:54,117.00834,40.140199
Car-1,2009-04-18 02:04:56,117.008344,40.1402
Car-1,2009-04-18 02:04:58,117.008348,40.140199
Car-1,2009-04-18 02:05:00,117.008355,40.1402
Car-1,2009-04-18 02:05:02,117.008367,40.1402
Car-1,2009-04-18 02:05:04,117.008392,40.140202
Car-1,2009-04-18 02:05:06,117.008437,40.140208
Car-1,2009-04-18 02:05:08,117.008495,40.140218
Car-1,2009-04-18 02:05:10,117.008548,40.140229
Car-1,2009-04-18 02:05:12,117.008598,40.140236
Car-1,2009-04-18 02:05:14,117.008661,40.140242
Car-1,2009-04-18 02:05:16,117.008726,40.140251
Car-1,2009-04-18 02:05:18,117.008795,40.140264
Car-1,2009-04-18 02:05:20,117.008861,40.140277
Car-1,2009-04-18 02:05:22,117.008921,40.140287
Car-1,2009-04-18 02:05:24,117.008983,40.140296
Car-1,2009-04-18 02:05:26,117.009042,40.140309
Car-1,2009-04-18 02:05:28,117.009105,40.140326
Car-1,2009-04-18 02:05:30,117.009169,40.140339
Car-1,2009-04-18 02:05:32,117.009222,40.140353
Car-1,2009-04-18 02:05:34,117.009268,40.140368
Car-1,2009-04-18 02:05:36,117.009326,40.140379
Car-1,2009-04-18 02:05:38,117.009382,40.140385
Car-1,2009-04-18 02:05:40,117.009432,40.140377
Car-1,2009-04-18 02:05:42,117.009485,40.140381
Car-1,2009-04-18 02:05:44,117.009536,40.140383
Car-1,2009-04-18 02:05:46,117.009576,40.140388
Car-1,2009-04-18 02:05:48,117.009603,40.140388
Car-1,2009-04-18 02:05:50,117.009619,40.140382
Car-1,2009-04-18 02:05:52,117.009623,40.140381
Car-1,2009-04-18 02:05:54,117.009624,40.140381
Car-1,2009-04-18 02:05:56,117.009624,40.140381
Car-1,2009-04-18 02:05:58,117.009625,40.140381
Car-1,2009-04-18 02:06:00,117.009626,40.140381
Car-1,2009-04-18 02:06:02,117.009647,40.140382
Car-1,2009-04-18 02:06:04,117.009667,40.140388
Car-1,2009-04-18 02:06:06,117.009699,40.140387
Car-1,2009-04-18 02:06:08,117.00975,40.140388
Car-1,2009-04-18 02:06:10,117.009793,40.140386
Car-1,2009-04-18 02:06:12,117.009827,40.140387
Car-1,2009-04-18 02:06:14,117.009849,40.140403
Car-1,2009-04-18 02:06:16,117.009867,40.140403
Car-1,2009-04-18 02:06:18,117.009872,40.140405
Car-1,2009-04-18 02:06:20,117.009871,40.140403
Car-1,2009-04-18 02:06:22,117.009872,40.140403
Car-1,2009-04-18 02:06:24,117.009872,40.140404
Car-1,2009-04-18 02:06:26,117.009872,40.140404
Car-1,2009-04-18 02:06:28,117.009872,40.140403
Car-1,2009-04-18 02:06:30,117.009872,40.140404
Car-1,2009-04-18 02:06:32,117.009872,40.140404
Car-1,2009-04-18 02:06:34,117.009872,40.140404
Car-1,2009-04-18 02:06:36,117.009872,40.140404
Car-1,2009-04-18 02:06:38,117.009875,40.140404
Car-1,2009-04-18 02:06:40,117.009937,40.140402
Car-1,2009-04-18 02:06:42,117.010027,40.140416
Car-1,2009-04-18 02:06:44,117.010138,40.140433
Car-1,2009-04-18 02:06:46,117.010271,40.140457
Car-1,2009-04-18 02:06:48,117.01042,40.140485
Car-1,2009-04-18 02:06:50,117.01057,40.140507
Car-1,2009-04-18 02:06:52,117.010705,40.140526
Car-1,2009-04-18 02:06:54,117.01081,40.140541
Car-1,2009-04-18 02:06:56,117.010892,40.140556
Car-1,2009-04-18 02:06:58,117.010956,40.14057
Car-1,2009-04-18 02:07:00,117.010998,40.140577
Car-1,2009-04-18 02:07:02,117.011026,40.140586
Car-1,2009-04-18 02:07:04,117.011046,40.14059
Car-1,2009-04-18 02:07:06,117.011059,40.140593
Car-1,2009-04-18 02:07:08,117.011064,40.140594
Car-1,2009-04-18 02:07:10,117.011065,40.140594
Car-1,2009-04-18 02:07:12,117.011075,40.140595
Car-1,2009-04-18 02:07:14,117.011095,40.140598
Car-1,2009-04-18 02:07:16,117.011138,40.140608
Car-1,2009-04-18 02:07:18,117.011193,40.140615
Car-1,2009-04-18 02:07:20,117.01124,40.14062
Car-1,2009-04-18 02:07:22,117.011291,40.140615
Car-1,2009-04-18 02:07:24,117.01133,40.140616
Car-1,2009-04-18 02:07:26,117.011371,40.140618
Car-1,2009-04-18 02:07:28,117.011402,40.140618
Car-1,2009-04-18 02:07:30,117.011407,40.140624
Car-1,2009-04-18 02:07:32,117.011412,40.140626
Car-1,2009-04-18 02:07:34,117.011413,40.140626
Car-1,2009-04-18 02:07:36,117.011413,40.140625
Car-1,2009-04-18 02:07:38,117.011414,40.140625
Car-1,2009-04-18 02:07:40,117.011413,40.140625
Car-1,2009-04-18 02:07:42,117.011413,40.140625
Car-1,2009-04-18 02:07:44,117.011413,40.140625
Car-1,2009-04-18 02:07:46,117.011413,40.140624
Car-1,2009-04-18 02:07:48,117.011413,40.140624
Car-1,2009-04-18 02:07:50,117.011413,40.140624
Car-1,2009-04-18 02:07:52,117.011413,40.140624
Car-1,2009-04-18 02:07:54,117.011413,40.140625
Car-1,2009-04-18 02:07:56,117.011413,40.140625
Car-1,2009-04-18 02:07:58,117.011413,40.140625
Car-1,2009-04-18 02:08:00,117.011413,40.140625
Car-1,2009-04-18 02:08:02,117.011413,40.140625
Car-1,2009-04-18 02:08:04,117.011413,40.140625
Car-1,2009-04-18 02:08:06,117.011413,40.140625
Car-1,2009-04-18 02:08:08,117.011413,40.140625
Car-1,2009-04-18 02:08:10,117.011413,40.140625
Car-1,2009-04-18 02:08:12,117.011413,40.140625
Car-1,2009-04-18 02:08:14,117.011444,40.140627
Car-1,2009-04-18 02:08:16,117.011503,40.140632
Car-1,2009-04-18 02:08:18,117.011569,40.140647
Car-1,2009-04-18 02:08:20,117.011634,40.140666
Car-1,2009-04-18 02:08:22,117.011703,40.140676
Car-1,2009-04-18 02:08:24,117.011764,40.140688
Car-1,2009-04-18 02:08:26,117.011824,40.14069
Car-1,2009-04-18 02:08:28,117.011871,40.14069
Car-1,2009-04-18 02:08:30,117.011915,40.140704
Car-1,2009-04-18 02:08:32,117.011963,40.140722
Car-1,2009-04-18 02:08:34,117.012013,40.140733
Car-1,2009-04-18 02:08:36,117.01206,40.140742
Car-1,2009-04-18 02:08:38,117.012109,40.140747
Car-1,2009-04-18 02:08:40,117.012159,40.140748
Car-1,2009-04-18 02:08:42,117.012204,40.140752
Car-1,2009-04-18 02:08:44,117.012233,40.140757
Car-1,2009-04-18 02:08:46,117.01225,40.140753
Car-1,2009-04-18 02:08:48,117.012256,40.140757
Car-1,2009-04-18 02:08:50,117.012265,40.140764
Car-1,2009-04-18 02:08:52,117.012287,40.140764
Car-1,2009-04-18 02:08:54,117.012325,40.140763
Car-1,2009-04-18 02:08:56,117.012363,40.140767
Car-1,2009-04-18 02:08:58,117.0124,40.140768
Car-1,2009-04-18 02:09:00,117.012424,40.140774
Car-1,2009-04-18 02:09:02,117.012435,40.140775
Car-1,2009-04-18 02:09:04,117.012442,40.140771
Car-1,2009-04-18 02:09:06,117.012445,40.140769
Car-1,2009-04-18 02:09:08,117.012446,40.140769
Car-1,2009-04-18 02:09:10,117.012451,40.14077
Car-1,2009-04-18 02:09:12,117.012457,40.140771
Car-1,2009-04-18 02:09:14,117.012461,40.140772
Car-1,2009-04-18 02:09:16,117.012464,40.140772
Car-1,2009-04-18 02:09:18,117.012465,40.140773
Car-1,2009-04-18 02:09:20,117.012465,40.140773
Car-1,2009-04-18 02:09:22,117.012465,40.140773
Car-1,2009-04-18 02:09:24,117.012465,40.140773
Car-1,2009-04-18 02:09:26,117.012466,40.140773
Car-1,2009-04-18 02:09:28,117.012466,40.140773
Car-1,2009-04-18 02:09:30,117.012466,40.140774
Car-1,2009-04-18 02:09:32,117.012465,40.140774
Car-1,2009-04-18 02:09:34,117.012465,40.140774
Car-1,2009-04-18 02:09:36,117.012465,40.140775
Car-1,2009-04-18 02:09:38,117.012465,40.140775
Car-1,2009-04-18 02:09:40,117.012465,40.140775
Car-1,2009-04-18 02:09:42,117.012465,40.140775
Car-1,2009-04-18 02:09:44,117.012465,40.140775
Car-1,2009-04-18 02:09:46,117.012466,40.140775
Car-1,2009-04-18 02:09:48,117.012466,40.140775
Car-1,2009-04-18 02:09:50,117.012467,40.140775
Car-1,2009-04-18 02:09:52,117.012473,40.140777
Car-1,2009-04-18 02:09:54,117.012495,40.140793
Car-1,2009-04-18 02:09:56,117.01253,40.140808
Car-1,2009-04-18 02:09:58,117.012555,40.140831
Car-1,2009-04-18 02:10:00,117.012578,40.140846
Car-1,2009-04-18 02:10:02,117.012596,40.140854
Car-1,2009-04-18 02:10:04,117.012637,40.140848
Car-1,2009-04-18 02:10:06,117.012688,40.140849
Car-1,2009-04-18 02:10:08,117.012733,40.140852
Car-1,2009-04-18 02:10:10,117.012789,40.140869
Car-1,2009-04-18 02:10:12,117.012851,40.140882
Car-1,2009-04-18 02:10:14,117.012904,40.140892
Car-1,2009-04-18 02:10:16,117.012943,40.140899
Car-1,2009-04-18 02:10:18,117.01298,40.140899
Car-1,2009-04-18 02:10:20,117.013011,40.140908
Car-1,2009-04-18 02:10:22,117.013026,40.140909
Car-1,2009-04-18 02:10:24,117.013025,40.14091
Car-1,2009-04-18 02:10:26,117.013028,40.140908
Car-1,2009-04-18 02:10:28,117.013028,40.140908
Car-1,2009-04-18 02:10:30,117.013029,40.140908
Car-1,2009-04-18 02:10:32,117.013028,40.140908
Car-1,2009-04-18 02:10:34,117.013028,40.140908
Car-1,2009-04-18 02:10:36,117.013028,40.140908
Car-1,2009-04-18 02:10:38,117.013032,40.140909
Car-1,2009-04-18 02:10:40,117.013033,40.140909
Car-1,2009-04-18 02:10:42,117.013033,40.140909
Car-1,2009-04-18 02:10:44,117.013033,40.140909
Car-1,2009-04-18 02:10:46,117.013033,40.140909
Car-1,2009-04-18 02:10:48,117.013033,40.140909
Car-1,2009-04-18 02:10:50,117.013033,40.140909
Car-1,2009-04-18 02:10:52,117.013033,40.140909
Car-1,2009-04-18 02:10:54,117.013033,40.140909
Car-1,2009-04-18 02:10:56,117.013033,40.14091
Car-1,2009-04-18 02:10:58,117.013033,40.14091
Car-1,2009-04-18 02:11:00,117.013033,40.14091
Car-1,2009-04-18 02:11:02,117.013033,40.14091
Car-1,2009-04-18 02:11:04,117.013037,40.140911
Car-1,2009-04-18 02:11:06,117.013063,40.140914
Car-1,2009-04-18 02:11:08,117.013089,40.140918
Car-1,2009-04-18 02:11:10,117.013094,40.140926
Car-1,2009-04-18 02:11:12,117.013094,40.140928
Car-1,2009-04-18 02:11:14,117.013093,40.140928
Car-1,2009-04-18 02:11:16,117.013096,40.140928
Car-1,2009-04-18 02:11:18,117.013099,40.140928
Car-1,2009-04-18 02:11:20,117.013141,40.140932
Car-1,2009-04-18 02:11:22,117.013203,40.140939
Car-1,2009-04-18 02:11:24,117.013252,40.140943
Car-1,2009-04-18 02:11:26,117.0133,40.140946
Car-1,2009-04-18 02:11:28,117.013347,40.140954
Car-1,2009-04-18 02:11:30,117.013382,40.140959
Car-1,2009-04-18 02:11:32,117.013403,40.140963
Car-1,2009-04-18 02:11:34,117.013419,40.140962
Car-1,2009-04-18 02:11:36,117.013423,40.140965
Car-1,2009-04-18 02:11:38,117.013423,40.140966
Car-1,2009-04-18 02:11:40,117.013425,40.140965
Car-1,2009-04-18 02:11:42,117.013434,40.140967
Car-1,2009-04-18 02:11:44,117.013438,40.140973
Car-1,2009-04-18 02:11:46,117.013439,40.140976
Car-1,2009-04-18 02:11:48,117.013441,40.140974
Car-1,2009-04-18 02:11:50,117.013441,40.140974
Car-1,2009-04-18 02:11:52,117.013444,40.140974
Car-1,2009-04-18 02:11:54,117.013447,40.140974
Car-1,2009-04-18 02:11:56,117.013481,40.140971
Car-1,2009-04-18 02:11:58,117.013518,40.140975
Car-1,2009-04-18 02:15:16,117.013846,40.141014
Car-1,2009-04-18 02:15:18,117.013884,40.141027
Car-1,2009-04-18 02:15:20,117.013917,40.141035
Car-1,2009-04-18 02:15:22,117.013945,40.141039
Car-1,2009-04-18 02:15:24,117.013953,40.141036
Car-1,2009-04-18 02:15:26,117.013961,40.141028
Car-1,2009-04-18 02:15:28,117.013997,40.141029
Car-1,2009-04-18 02:15:30,117.014049,40.141037
Car-1,2009-04-18 02:15:32,117.014107,40.141043
Car-1,2009-04-18 02:15:34,117.014157,40.141049
Car-1,2009-04-18 02:15:36,117.014191,40.141049
Car-1,2009-04-18 02:15:38,117.0142,40.141036
Car-1,2009-04-18 02:15:40,117.014205,40.141033
Car-1,2009-04-18 02:15:42,117.014209,40.141034
Car-1,2009-04-18 02:15:44,117.014208,40.141034
Car-1,2009-04-18 02:15:46,117.014208,40.141034
Car-1,2009-04-18 02:15:48,117.014207,40.141034
Car-1,2009-04-18 02:15:50,117.014205,40.141033
Car-1,2009-04-18 02:15:52,117.014204,40.141033
Car-1,2009-04-18 02:15:54,117.014203,40.141033
Car-1,2009-04-18 02:15:56,117.014202,40.141033
Car-1,2009-04-18 02:15:58,117.014202,40.141033
Car-1,2009-04-18 02:16:00,117.014199,40.141033
Car-1,2009-04-18 02:16:02,117.014198,40.141032
Car-1,2009-04-18 02:16:04,117.014201,40.141032
Car-1,2009-04-18 02:16:06,117.014202,40.141032
Car-1,2009-04-18 02:16:08,117.014203,40.141032
Car-1,2009-04-18 02:16:10,117.014203,40.141032
Car-1,2009-04-18 02:16:12,117.014203,40.141033
Car-1,2009-04-18 02:16:14,117.014205,40.141033
Car-1,2009-04-18 02:16:16,117.014206,40.141033
Car-1,2009-04-18 02:16:18,117.014206,40.141033
Car-1,2009-04-18 02:16:20,117.014206,40.141032
Car-1,2009-04-18 02:16:22,117.014207,40.141032
Car-1,2009-04-18 02:16:24,117.014207,40.141032
Car-1,2009-04-18 02:16:26,117.01421,40.141033
Car-1,2009-04-18 02:16:28,117.014273,40.141043
Car-1,2009-04-18 02:16:30,117.014337,40.141052
Car-1,2009-04-18 02:16:32,117.014382,40.141053
Car-1,2009-04-18 02:16:34,117.014407,40.141052
Car-1,2009-04-18 02:16:36,117.014428,40.141058
Car-1,2009-04-18 02:16:38,117.014436,40.141048
Car-1,2009-04-18 02:16:40,117.014442,40.141046
Car-1,2009-04-18 02:16:42,117.014445,40.141046
Car-1,2009-04-18 02:16:44,117.014455,40.141046
Car-1,2009-04-18 02:16:46,117.014477,40.141044
Car-1,2009-04-18 02:16:48,117.014494,40.141037
Car-1,2009-04-18 02:16:50,117.01451,40.14104
Car-1,2009-04-18 02:16:52,117.014519,40.14103
Car-1,2009-04-18 02:16:54,117.01453,40.141043
Car-1,2009-04-18 02:16:56,117.014561,40.141057
Car-1,2009-04-18 02:16:58,117.014588,40.141065
Car-1,2009-04-18 02:17:00,117.014605,40.141075
Car-1,2009-04-18 02:17:02,117.014604,40.141079
Car-1,2009-04-18 02:17:04,117.014606,40.141093
Car-1,2009-04-18 02:17:06,117.014607,40.141093
Car-1,2009-04-18 02:17:08,117.014608,40.141093
Car-1,2009-04-18 02:17:10,117.014608,40.141093
Car-1,2009-04-18 02:17:12,117.014607,40.141093
Car-1,2009-04-18 02:17:14,117.014608,40.141093
Car-1,2009-04-18 02:17:16,117.014607,40.141093
Car-1,2009-04-18 02:17:18,117.014608,40.141093
Car-1,2009-04-18 02:17:20,117.014607,40.141092
Car-1,2009-04-18 02:17:22,117.014608,40.141092
Car-1,2009-04-18 02:17:24,117.014608,40.141092
Car-1,2009-04-18 02:17:26,117.014608,40.141092
Car-1,2009-04-18 02:17:28,117.014608,40.141092
Car-1,2009-04-18 02:17:30,117.014608,40.141092
Car-1,2009-04-18 02:17:32,117.014608,40.141092
Car-1,2009-04-18 02:17:34,117.014608,40.141092
Car-1,2009-04-18 02:17:36,117.014608,40.141092
Car-1,2009-04-18 02:17:38,117.014608,40.141092
Car-1,2009-04-18 02:17:40,117.014608,40.141093
Car-1,2009-04-18 02:17:42,117.014608,40.141093
Car-1,2009-04-18 02:17:44,117.014608,40.141093
Car-1,2009-04-18 02:17:46,117.014608,40.141093
Car-1,2009-04-18 02:17:48,117.014609,40.141093
Car-1,2009-04-18 02:17:50,117.014609,40.141093
Car-1,2009-04-18 02:17:52,117.014609,40.141093
Car-1,2009-04-18 02:17:54,117.014609,40.141092
Car-1,2009-04-18 02:17:56,117.014609,40.141092
Car-1,2009-04-18 02:17:58,117.014608,40.141092
Car-1,2009-04-18 02:18:00,117.014608,40.141093
Car-1,2009-04-18 02:18:02,117.014608,40.141093
Car-1,2009-04-18 02:18:04,117.014607,40.141094
Car-1,2009-04-18 02:18:06,117.014607,40.141094
Car-1,2009-04-18 02:18:08,117.014607,40.141094
Car-1,2009-04-18 02:18:10,117.014607,40.141094
Car-1,2009-04-18 02:18:12,117.014607,40.141094
Car-1,2009-04-18 02:18:14,117.014607,40.141094
Car-1,2009-04-18 02:18:16,117.014608,40.141094
Car-1,2009-04-18 02:18:18,117.014608,40.141094
Car-1,2009-04-18 02:18:20,117.014609,40.141094
Car-1,2009-04-18 02:18:22,117.014615,40.141095
Car-1,2009-04-18 02:18:24,117.014629,40.141099
Car-1,2009-04-18 02:18:26,117.014634,40.141102
Car-1,2009-04-18 02:18:28,117.014634,40.141101
Car-1,2009-04-18 02:18:30,117.014638,40.1411
Car-1,2009-04-18 02:18:32,117.014642,40.141099
Car-1,2009-04-18 02:18:34,117.014645,40.141098
Car-1,2009-04-18 02:18:36,117.014648,40.141098
Car-1,2009-04-18 02:18:38,117.01465,40.141097
Car-1,2009-04-18 02:18:40,117.014652,40.141097
Car-1,2009-04-18 02:18:42,117.014654,40.141097
Car-1,2009-04-18 02:18:44,117.014655,40.141097
Car-1,2009-04-18 02:18:46,117.014656,40.141096
Car-1,2009-04-18 02:18:48,117.014659,40.141096
Car-1,2009-04-18 02:18:50,117.014684,40.141103
Car-1,2009-04-18 02:18:52,117.014698,40.141107
Car-1,2009-04-18 02:18:54,117.014702,40.141121
Car-1,2009-04-18 02:18:56,117.014708,40.141123
Car-1,2009-04-18 02:18:58,117.014707,40.141123
Car-1,2009-04-18 02:19:00,117.014707,40.141123
Car-1,2009-04-18 02:19:02,117.014708,40.141124
Car-1,2009-04-18 02:19:04,117.014709,40.141124
Car-1,2009-04-18 02:19:06,117.01471,40.141124
Car-1,2009-04-18 02:19:08,117.014711,40.141124
Car-1,2009-04-18 02:19:10,117.014714,40.141125
Car-1,2009-04-18 02:19:12,117.014734,40.141127
Car-1,2009-04-18 02:19:14,117.014776,40.141131
Car-1,2009-04-18 02:19:16,117.014824,40.141139
Car-1,2009-04-18 02:19:18,117.014857,40.141143
Car-1,2009-04-18 02:19:20,117.0149,40.141147
Car-1,2009-04-18 02:19:22,117.014914,40.141163
Car-1,2009-04-18 02:19:24,117.014948,40.141171
Car-1,2009-04-18 02:19:26,117.014985,40.141177
Car-1,2009-04-18 02:19:28,117.015006,40.141183
Car-1,2009-04-18 02:19:30,117.015002,40.141175
Car-1,2009-04-18 02:19:32,117.014994,40.141172
Car-1,2009-04-18 02:19:34,117.014995,40.141171
Car-1,2009-04-18 02:19:36,117.014995,40.141171
Car-1,2009-04-18 02:19:38,117.014995,40.141171
Car-1,2009-04-18 02:19:40,117.014997,40.141172
Car-1,2009-04-18 02:19:42,117.014999,40.141171
Car-1,2009-04-18 02:19:44,117.015004,40.141172
Car-1,2009-04-18 02:19:46,117.015007,40.141172
Car-1,2009-04-18 02:19:48,117.015009,40.141171
Car-1,2009-04-18 02:19:50,117.015009,40.141171
Car-1,2009-04-18 02:19:52,117.015009,40.141171
Car-1,2009-04-18 02:19:54,117.01501,40.141171
Car-1,2009-04-18 02:19:56,117.01501,40.14117
Car-1,2009-04-18 02:19:58,117.015009,40.14117
Car-1,2009-04-18 02:20:00,117.015009,40.14117
Car-1,2009-04-18 02:20:02,117.015009,40.14117
Car-1,2009-04-18 02:20:04,117.01501,40.14117
Car-1,2009-04-18 02:20:06,117.015013,40.141171
Car-1,2009-04-18 02:20:08,117.015062,40.141176
Car-1,2009-04-18 02:20:10,117.015122,40.141177
Car-1,2009-04-18 02:20:12,117.01517,40.14117
Car-1,2009-04-18 02:20:14,117.015204,40.14118
Car-1,2009-04-18 02:20:16,117.015222,40.141202
Car-1,2009-04-18 02:20:18,117.015266,40.141211
Car-1,2009-04-18 02:20:20,117.015328,40.141214
Car-1,2009-04-18 02:20:22,117.015394,40.141217
Car-1,2009-04-18 02:20:24,117.015435,40.141222
Car-1,2009-04-18 02:20:26,117.015458,40.141222
Car-1,2009-04-18 02:20:28,117.01548,40.141216
Car-1,2009-04-18 02:20:30,117.015517,40.141214
Car-1,2009-04-18 02:20:32,117.01555,40.141229
Car-1,2009-04-18 02:20:34,117.01556,40.141227
Car-1,2009-04-18 02:20:36,117.015574,40.141221
Car-1,2009-04-18 02:20:38,117.015587,40.141225
Car-1,2009-04-18 02:20:40,117.015614,40.141239
Car-1,2009-04-18 02:20:42,117.01566,40.141254
Car-1,2009-04-18 02:20:44,117.0157,40.141256
Car-1,2009-04-18 02:20:46,117.015742,40.141254
Car-1,2009-04-18 02:20:48,117.015781,40.141256
Car-1,2009-04-18 02:20:50,117.015819,40.141261
Car-1,2009-04-18 02:20:52,117.015836,40.141274
Car-1,2009-04-18 02:20:54,117.015847,40.141275
Car-1,2009-04-18 02:20:56,117.015854,40.141267
Car-1,2009-04-18 02:20:58,117.015862,40.141256
Car-1,2009-04-18 02:21:00,117.015863,40.141256
Car-1,2009-04-18 02:21:02,117.015862,40.141256
Car-1,2009-04-18 02:21:04,117.015862,40.141256
Car-1,2009-04-18 02:21:06,117.01586,40.141256
Car-1,2009-04-18 02:21:08,117.015861,40.141256
Car-1,2009-04-18 02:21:10,117.015861,40.141256
Car-1,2009-04-18 02:21:12,117.015861,40.141257
Car-1,2009-04-18 02:21:14,117.015861,40.141257
Car-1,2009-04-18 02:21:16,117.015861,40.141257
Car-1,2009-04-18 02:21:18,117.015861,40.141257
Car-1,2009-04-18 02:21:20,117.015861,40.141258
Car-1,2009-04-18 02:21:22,117.015861,40.141258
Car-1,2009-04-18 02:21:24,117.015861,40.141258
Car-1,2009-04-18 02:21:26,117.015861,40.141258
Car-1,2009-04-18 02:21:28,117.015861,40.141258
Car-1,2009-04-18 02:21:30,117.015861,40.141258
Car-1,2009-04-18 02:21:32,117.015861,40.141258
Car-1,2009-04-18 02:21:34,117.01586,40.141258
Car-1,2009-04-18 02:21:36,117.01586,40.141258
Car-1,2009-04-18 02:21:38,117.01586,40.141258
Car-1,2009-04-18 02:21:40,117.01586,40.141259
Car-1,2009-04-18 02:21:42,117.015859,40.141258
Car-1,2009-04-18 02:21:44,117.015859,40.141258
Car-1,2009-04-18 02:21:46,117.015859,40.141258
Car-1,2009-04-18 02:21:48,117.015859,40.141258
Car-1,2009-04-18 02:21:50,117.015862,40.141259
Car-1,2009-04-18 02:21:52,117.015916,40.141276
Car-1,2009-04-18 02:21:54,117.015989,40.14129
Car-1,2009-04-18 02:21:56,117.016039,40.141297
Car-1,2009-04-18 02:21:58,117.016075,40.141304
Car-1,2009-04-18 02:22:00,117.016105,40.141315
Car-1,2009-04-18 02:22:02,117.016132,40.141319
Car-1,2009-04-18 02:22:04,117.016149,40.141319
Car-1,2009-04-18 02:22:06,117.016159,40.14132
Car-1,2009-04-18 02:22:08,117.016174,40.14132
Car-1,2009-04-18 02:22:10,117.01618,40.141325
Car-1,2009-04-18 02:22:12,117.016207,40.141326
Car-1,2009-04-18 02:22:14,117.016241,40.141332
Car-1,2009-04-18 02:22:16,117.016259,40.141339
Car-1,2009-04-18 02:22:18,117.01626,40.141344
Car-1,2009-04-18 02:22:20,117.016276,40.141348
Car-1,2009-04-18 02:22:22,117.016302,40.141339
Car-1,2009-04-18 02:22:24,117.016332,40.14134
Car-1,2009-04-18 02:22:26,117.016366,40.141341
Car-1,2009-04-18 02:22:28,117.016404,40.141339
Car-1,2009-04-18 02:22:30,117.01644,40.141342
Car-1,2009-04-18 02:22:32,117.01651,40.141339
Car-1,2009-04-18 02:22:34,117.016631,40.141357
Car-1,2009-04-18 02:22:36,117.016794,40.141372
Car-1,2009-04-18 02:22:38,117.016997,40.1414
Car-1,2009-04-18 02:22:40,117.017221,40.141431
Car-1,2009-04-18 02:22:42,117.01749,40.141457
Car-1,2009-04-18 02:22:44,117.017753,40.141492
Car-1,2009-04-18 02:22:46,117.018012,40.141529
Car-1,2009-04-18 02:22:48,117.018282,40.141565
Car-1,2009-04-18 02:22:50,117.018561,40.14159
Car-1,2009-04-18 02:22:52,117.018844,40.141618
Car-1,2009-04-18 02:22:54,117.019134,40.141651
Car-1,2009-04-18 02:22:56,117.019436,40.141683
Car-1,2009-04-18 02:22:58,117.01976,40.141714
Car-1,2009-04-18 02:23:00,117.0201,40.14175
Car-1,2009-04-18 02:23:02,117.020458,40.141786
Car-1,2009-04-18 02:23:04,117.020838,40.14182
Car-1,2009-04-18 02:23:06,117.021232,40.141858
Car-1,2009-04-18 02:23:08,117.021636,40.141902
Car-1,2009-04-18 02:23:10,117.022051,40.141941
Car-1,2009-04-18 02:23:12,117.022466,40.141995
Car-1,2009-04-18 02:23:14,117.022907,40.142025
Car-1,2009-04-18 02:23:16,117.023348,40.142061
Car-1,2009-04-18 02:23:18,117.023779,40.142106
Car-1,2009-04-18 02:23:20,117.02421,40.142152
Car-1,2009-04-18 02:23:22,117.024654,40.142199
Car-1,2009-04-18 02:23:24,117.025092,40.142248
Car-1,2009-04-18 02:23:26,117.025529,40.142288
Car-1,2009-04-18 02:23:28,117.02595,40.142336
Car-1,2009-04-18 02:23:30,117.026357,40.142377
Car-1,2009-04-18 02:23:32,117.026747,40.142412
Car-1,2009-04-18 02:23:34,117.027106,40.142449
Car-1,2009-04-18 02:23:36,117.027441,40.142485
Car-1,2009-04-18 02:23:38,117.027762,40.142521
Car-1,2009-04-18 02:23:40,117.028081,40.142569
Car-1,2009-04-18 02:23:42,117.028414,40.142613
Car-1,2009-04-18 02:23:44,117.028751,40.142664
Car-1,2009-04-18 02:23:46,117.029115,40.142711
Car-1,2009-04-18 02:23:48,117.029487,40.142764
Car-1,2009-04-18 02:23:50,117.029873,40.142815
Car-1,2009-04-18 02:23:52,117.030279,40.142865
Car-1,2009-04-18 02:23:54,117.030691,40.142913
Car-1,2009-04-18 02:23:56,117.031103,40.142959
Car-1,2009-04-18 02:23:58,117.03152,40.143012
Car-1,2009-04-18 02:24:00,117.031931,40.143072
Car-1,2009-04-18 02:24:02,117.032331,40.143128
Car-1,2009-04-18 02:24:04,117.032707,40.143183
Car-1,2009-04-18 02:24:06,117.033077,40.143231
Car-1,2009-04-18 02:24:08,117.033446,40.14328
Car-1,2009-04-18 02:24:10,117.033821,40.143355
Car-1,2009-04-18 02:24:12,117.034208,40.143434
Car-1,2009-04-18 02:24:14,117.03461,40.143497
Car-1,2009-04-18 02:24:16,117.035012,40.143557
Car-1,2009-04-18 02:24:18,117.035419,40.14362
Car-1,2009-04-18 02:24:20,117.035837,40.143681
Car-1,2009-04-18 02:24:22,117.036262,40.143737
Car-1,2009-04-18 02:24:24,117.036689,40.143796
Car-1,2009-04-18 02:24:26,117.037125,40.143857
Car-1,2009-04-18 02:24:28,117.037565,40.143926
Car-1,2009-04-18 02:24:30,117.038003,40.143989
Car-1,2009-04-18 02:24:32,117.038453,40.144028
Car-1,2009-04-18 02:24:34,117.038897,40.144085
Car-1,2009-04-18 02:24:36,117.039329,40.144137
Car-1,2009-04-18 02:24:38,117.039752,40.144193
Car-1,2009-04-18 02:24:40,117.040158,40.144255
Car-1,2009-04-18 02:24:42,117.04055,40.144316
Car-1,2009-04-18 02:24:44,117.040943,40.144376
Car-1,2009-04-18 02:24:46,117.041341,40.144436
Car-1,2009-04-18 02:24:48,117.041758,40.144476
Car-1,2009-04-18 02:24:50,117.042189,40.144523
Car-1,2009-04-18 02:24:52,117.042621,40.144592
Car-1,2009-04-18 02:24:54,117.043056,40.144658
Car-1,2009-04-18 02:24:56,117.043484,40.144735
Car-1,2009-04-18 02:24:58,117.04391,40.144818
Car-1,2009-04-18 02:25:00,117.044342,40.144885
Car-1,2009-04-18 02:25:02,117.044775,40.144945
Car-1,2009-04-18 02:25:04,117.045189,40.145009
Car-1,2009-04-18 02:25:06,117.045608,40.145064
Car-1,2009-04-18 02:25:08,117.046022,40.145121
Car-1,2009-04-18 02:25:10,117.046433,40.145173
Car-1,2009-04-18 02:25:12,117.046834,40.145221
Car-1,2009-04-18 02:25:14,117.047226,40.145259
Car-1,2009-04-18 02:25:16,117.047605,40.145285
Car-1,2009-04-18 02:25:18,117.047951,40.145336
Car-1,2009-04-18 02:25:20,117.048296,40.145358
Car-1,2009-04-18 02:25:22,117.048623,40.145373
Car-1,2009-04-18 02:25:24,117.048915,40.145383
Car-1,2009-04-18 02:25:26,117.049167,40.145383
Car-1,2009-04-18 02:25:28,117.049375,40.145389
Car-1,2009-04-18 02:25:30,117.049558,40.145399
Car-1,2009-04-18 02:25:32,117.04973,40.1454
Car-1,2009-04-18 02:25:34,117.049898,40.145405
Car-1,2009-04-18 02:25:36,117.050084,40.145422
Car-1,2009-04-18 02:25:38,117.050278,40.145457
Car-1,2009-04-18 02:25:40,117.050519,40.14544
Car-1,2009-04-18 02:25:42,117.050789,40.145425
Car-1,2009-04-18 02:25:44,117.051076,40.145416
Car-1,2009-04-18 02:25:46,117.051382,40.145399
Car-1,2009-04-18 02:25:48,117.051694,40.145375
Car-1,2009-04-18 02:25:50,117.051991,40.145345
Car-1,2009-04-18 02:25:52,117.052283,40.145311
Car-1,2009-04-18 02:25:54,117.052546,40.145283
Car-1,2009-04-18 02:25:56,117.052782,40.145246
Car-1,2009-04-18 02:25:58,117.052958,40.145219
Car-1,2009-04-18 02:26:00,117.053057,40.145194
Car-1,2009-04-18 02:26:02,117.053093,40.145183
Car-1,2009-04-18 02:26:04,117.053116,40.145185
Car-1,2009-04-18 02:26:06,117.053141,40.145186
Car-1,2009-04-18 02:26:08,117.053187,40.145187
Car-1,2009-04-18 02:26:10,117.053263,40.145202
Car-1,2009-04-18 02:26:12,117.053372,40.145196
Car-1,2009-04-18 02:26:14,117.0535,40.145185
Car-1,2009-04-18 02:26:16,117.053638,40.145184
Car-1,2009-04-18 02:26:18,117.053769,40.145218
Car-1,2009-04-18 02:26:20,117.053849,40.145245
Car-1,2009-04-18 02:26:22,117.053901,40.145276
Car-1,2009-04-18 02:26:24,117.053943,40.145343
Car-1,2009-04-18 02:26:26,117.053978,40.145425
Car-1,2009-04-18 02:26:28,117.053993,40.145534
Car-1,2009-04-18 02:26:30,117.054004,40.145667
Car-1,2009-04-18 02:26:32,117.054009,40.145813
Car-1,2009-04-18 02:26:34,117.054026,40.145968
Car-1,2009-04-18 02:26:36,117.054043,40.146134
Car-1,2009-04-18 02:26:38,117.05406,40.146319
Car-1,2009-04-18 02:26:40,117.054081,40.14652
Car-1,2009-04-18 02:26:42,117.054101,40.146729
Car-1,2009-04-18 02:26:44,117.054124,40.14695
Car-1,2009-04-18 02:26:46,117.054156,40.147181
Car-1,2009-04-18 02:26:48,117.054177,40.1474
Car-1,2009-04-18 02:26:50,117.054205,40.147599
Car-1,2009-04-18 02:26:52,117.054234,40.147786
Car-1,2009-04-18 02:26:54,117.054259,40.147959
Car-1,2009-04-18 02:26:56,117.054278,40.148142
Car-1,2009-04-18 02:26:58,117.054305,40.148338
Car-1,2009-04-18 02:27:00,117.054328,40.148547
Car-1,2009-04-18 02:27:02,117.054345,40.148771
Car-1,2009-04-18 02:27:04,117.05435,40.149007
Car-1,2009-04-18 02:27:06,117.054357,40.149256
Car-1,2009-04-18 02:27:08,117.054374,40.149523
Car-1,2009-04-18 02:27:10,117.054378,40.149786
Car-1,2009-04-18 02:27:12,117.05439,40.150057
Car-1,2009-04-18 02:27:14,117.054377,40.150337
Car-1,2009-04-18 02:27:16,117.054361,40.150625
Car-1,2009-04-18 02:27:18,117.054335,40.150914
Car-1,2009-04-18 02:27:20,117.05429,40.151207
Car-1,2009-04-18 02:27:22,117.054249,40.151505
Car-1,2009-04-18 02:27:24,117.054199,40.151806
Car-1,2009-04-18 02:27:26,117.054152,40.152112
Car-1,2009-04-18 02:27:28,117.054091,40.152402
Car-1,2009-04-18 02:27:30,117.054033,40.152678
Car-1,2009-04-18 02:27:32,117.053965,40.152947
Car-1,2009-04-18 02:27:34,117.053898,40.153209
Car-1,2009-04-18 02:27:36,117.05381,40.153466
Car-1,2009-04-18 02:27:38,117.053708,40.153716
Car-1,2009-04-18 02:27:40,117.053619,40.153971
Car-1,2009-04-18 02:27:42,117.053515,40.154229
Car-1,2009-04-18 02:27:44,117.053415,40.154489
Car-1,2009-04-18 02:27:46,117.053306,40.154745
Car-1,2009-04-18 02:27:48,117.0532,40.154994
Car-1,2009-04-18 02:27:50,117.053085,40.155236
Car-1,2009-04-18 02:27:52,117.05294,40.155491
Car-1,2009-04-18 02:27:54,117.052806,40.155749
Car-1,2009-04-18 02:27:56,117.052657,40.15602
Car-1,2009-04-18 02:27:58,117.052512,40.156305
Car-1,2009-04-18 02:28:00,117.052359,40.156613
Car-1,2009-04-18 02:28:02,117.052183,40.156896
Car-1,2009-04-18 02:28:04,117.051998,40.1572
Car-1,2009-04-18 02:28:06,117.051819,40.157503
Car-1,2009-04-18 02:28:08,117.051657,40.1578
Car-1,2009-04-18 02:28:10,117.0515,40.158086
Car-1,2009-04-18 02:28:12,117.051348,40.158363
Car-1,2009-04-18 02:28:14,117.051199,40.158642
Car-1,2009-04-18 02:28:16,117.051044,40.158919
Car-1,2009-04-18 02:28:18,117.050889,40.159195
Car-1,2009-04-18 02:28:20,117.050732,40.159477
Car-1,2009-04-18 02:28:22,117.050575,40.159772
Car-1,2009-04-18 02:28:24,117.050416,40.160062
Car-1,2009-04-18 02:28:26,117.050256,40.160354
Car-1,2009-04-18 02:28:28,117.050086,40.16064
Car-1,2009-04-18 02:28:30,117.049914,40.160924
Car-1,2009-04-18 02:28:32,117.049748,40.161218
Car-1,2009-04-18 02:28:34,117.049579,40.161515
Car-1,2009-04-18 02:28:36,117.049391,40.161819
Car-1,2009-04-18 02:28:38,117.049216,40.162126
Car-1,2009-04-18 02:28:40,117.049033,40.162434
Car-1,2009-04-18 02:28:42,117.048852,40.162747
Car-1,2009-04-18 02:28:44,117.048667,40.163066
Car-1,2009-04-18 02:28:46,117.048479,40.163388
Car-1,2009-04-18 02:28:48,117.048296,40.163709
Car-1,2009-04-18 02:28:50,117.048121,40.164021
Car-1,2009-04-18 02:28:52,117.047948,40.164316
Car-1,2009-04-18 02:28:54,117.047802,40.164579
Car-1,2009-04-18 02:28:56,117.047673,40.164823
Car-1,2009-04-18 02:28:58,117.047521,40.165077
Car-1,2009-04-18 02:29:00,117.047373,40.165336
Car-1,2009-04-18 02:29:02,117.04722,40.165604
Car-1,2009-04-18 02:29:04,117.04706,40.165882
Car-1,2009-04-18 02:29:06,117.046894,40.166162
Car-1,2009-04-18 02:29:08,117.046728,40.166451
Car-1,2009-04-18 02:29:10,117.04656,40.16675
Car-1,2009-04-18 02:29:12,117.046382,40.167053
Car-1,2009-04-18 02:29:14,117.046217,40.167344
Car-1,2009-04-18 02:29:16,117.046045,40.167636
Car-1,2009-04-18 02:29:18,117.045882,40.167918
Car-1,2009-04-18 02:29:20,117.045718,40.168213
Car-1,2009-04-18 02:29:22,117.045542,40.168511
Car-1,2009-04-18 02:29:24,117.045365,40.168809
Car-1,2009-04-18 02:29:26,117.045184,40.16911
Car-1,2009-04-18 02:29:28,117.045012,40.169416
Car-1,2009-04-18 02:29:30,117.044832,40.169722
Car-1,2009-04-18 02:29:32,117.044665,40.170031
Car-1,2009-04-18 02:29:34,117.044487,40.170336
Car-1,2009-04-18 02:29:36,117.044312,40.170645
Car-1,2009-04-18 02:29:38,117.044142,40.170958
Car-1,2009-04-18 02:29:40,117.043979,40.171266
Car-1,2009-04-18 02:29:42,117.043815,40.171576
Car-1,2009-04-18 02:29:44,117.043675,40.171889
Car-1,2009-04-18 02:29:46,117.043544,40.172206
Car-1,2009-04-18 02:29:48,117.043418,40.172528
Car-1,2009-04-18 02:29:50,117.043318,40.17285
Car-1,2009-04-18 02:29:52,117.043236,40.173174
Car-1,2009-04-18 02:29:54,117.043169,40.173502
Car-1,2009-04-18 02:29:56,117.043116,40.173835
Car-1,2009-04-18 02:29:58,117.04308,40.174172
Car-1,2009-04-18 02:30:00,117.04306,40.174497
Car-1,2009-04-18 02:30:02,117.043056,40.174813
Car-1,2009-04-18 02:30:04,117.043074,40.175127
Car-1,2009-04-18 02:30:06,117.043103,40.175445
Car-1,2009-04-18 02:30:08,117.043133,40.175769
Car-1,2009-04-18 02:30:10,117.043194,40.176089
Car-1,2009-04-18 02:30:12,117.043268,40.176417
Car-1,2009-04-18 02:30:14,117.043354,40.176747
Car-1,2009-04-18 02:30:16,117.043455,40.177075
Car-1,2009-04-18 02:30:18,117.043568,40.177396
Car-1,2009-04-18 02:30:20,117.043702,40.177719
Car-1,2009-04-18 02:30:22,117.04385,40.178034
Car-1,2009-04-18 02:30:24,117.044014,40.178346
Car-1,2009-04-18 02:30:26,117.044187,40.178648
Car-1,2009-04-18 02:30:28,117.044356,40.178941
Car-1,2009-04-18 02:30:30,117.044528,40.179227
Car-1,2009-04-18 02:30:32,117.044709,40.179511
Car-1,2009-04-18 02:30:34,117.044885,40.179789
Car-1,2009-04-18 02:30:36,117.045058,40.180072
Car-1,2009-04-18 02:30:38,117.045227,40.180343
Car-1,2009-04-18 02:30:40,117.045394,40.180612
Car-1,2009-04-18 02:30:42,117.045544,40.180879
Car-1,2009-04-18 02:30:44,117.045703,40.181138
Car-1,2009-04-18 02:30:46,117.045856,40.181394
Car-1,2009-04-18 02:30:48,117.046003,40.18164
Car-1,2009-04-18 02:30:50,117.046138,40.18188
Car-1,2009-04-18 02:30:52,117.046254,40.182122
Car-1,2009-04-18 02:30:54,117.046374,40.182341
Car-1,2009-04-18 02:30:56,117.046493,40.182568
Car-1,2009-04-18 02:30:58,117.046599,40.182792
Car-1,2009-04-18 02:31:00,117.046699,40.183019
Car-1,2009-04-18 02:31:02,117.046781,40.183253
Car-1,2009-04-18 02:31:04,117.046847,40.183481
Car-1,2009-04-18 02:31:06,117.04692,40.183694
Car-1,2009-04-18 02:31:08,117.046988,40.183902
Car-1,2009-04-18 02:31:10,117.047041,40.184096
Car-1,2009-04-18 02:31:12,117.047106,40.184293
Car-1,2009-04-18 02:31:14,117.047158,40.184484
Car-1,2009-04-18 02:31:16,117.047203,40.18466
Car-1,2009-04-18 02:31:18,117.047242,40.184841
Car-1,2009-04-18 02:31:20,117.047273,40.185001
Car-1,2009-04-18 02:31:22,117.047302,40.185144
Car-1,2009-04-18 02:31:24,117.047331,40.185277
Car-1,2009-04-18 02:31:26,117.047353,40.185394
Car-1,2009-04-18 02:31:28,117.047382,40.18551
Car-1,2009-04-18 02:31:30,117.047416,40.185645
Car-1,2009-04-18 02:31:32,117.047437,40.185798
Car-1,2009-04-18 02:31:34,117.047457,40.185956
Car-1,2009-04-18 02:31:36,117.04747,40.186123
Car-1,2009-04-18 02:31:38,117.04748,40.186302
Car-1,2009-04-18 02:31:40,117.047496,40.186479
Car-1,2009-04-18 02:31:42,117.047509,40.186662
Car-1,2009-04-18 02:31:44,117.04752,40.18684
Car-1,2009-04-18 02:31:46,117.04753,40.18699
Car-1,2009-04-18 02:31:48,117.047538,40.187129
Car-1,2009-04-18 02:31:50,117.04753,40.18728
Car-1,2009-04-18 02:31:52,117.04753,40.187435
Car-1,2009-04-18 02:31:54,117.047531,40.187596
Car-1,2009-04-18 02:31:56,117.047521,40.187752
Car-1,2009-04-18 02:31:58,117.047514,40.187898
Car-1,2009-04-18 02:32:00,117.04751,40.188022
Car-1,2009-04-18 02:32:02,117.047498,40.18815
Car-1,2009-04-18 02:32:04,117.047487,40.188286
Car-1,2009-04-18 02:32:06,117.047478,40.188435
Car-1,2009-04-18 02:32:08,117.047471,40.188586
Car-1,2009-04-18 02:32:10,117.047461,40.188717
Car-1,2009-04-18 02:32:12,117.047454,40.188826
Car-1,2009-04-18 02:32:14,117.047451,40.188913
Car-1,2009-04-18 02:32:16,117.047447,40.188991
Car-1,2009-04-18 02:32:18,117.04744,40.18906
Car-1,2009-04-18 02:32:20,117.047432,40.189129
Car-1,2009-04-18 02:32:22,117.047418,40.18919
Car-1,2009-04-18 02:43:26,117.047357,40.189438
Car-1,2009-04-18 02:43:28,117.047326,40.189521
Car-1,2009-04-18 02:43:30,117.047311,40.18963
Car-1,2009-04-18 02:43:32,117.047301,40.189739
Car-1,2009-04-18 02:43:34,117.047241,40.189866
Car-1,2009-04-18 02:43:36,117.0472,40.189991
Car-1,2009-04-18 02:43:38,117.047173,40.190125
Car-1,2009-04-18 02:43:40,117.04714,40.190275
Car-1,2009-04-18 02:43:42,117.047099,40.190427
Car-1,2009-04-18 02:43:44,117.047046,40.190589
Car-1,2009-04-18 02:43:46,117.046994,40.190759
Car-1,2009-04-18 02:43:48,117.046928,40.190934
Car-1,2009-04-18 02:43:50,117.046854,40.191119
Car-1,2009-04-18 02:43:52,117.046789,40.191288
Car-1,2009-04-18 02:43:54,117.046735,40.191458
Car-1,2009-04-18 02:43:56,117.046663,40.191629
Car-1,2009-04-18 02:43:58,117.046587,40.191806
Car-1,2009-04-18 02:44:00,117.046512,40.191996
Car-1,2009-04-18 02:44:02,117.046433,40.192191
Car-1,2009-04-18 02:44:04,117.046336,40.192377
Car-1,2009-04-18 02:44:06,117.046227,40.192557
Car-1,2009-04-18 02:44:08,117.046136,40.192725
Car-1,2009-04-18 02:44:10,117.046054,40.192894
Car-1,2009-04-18 02:44:12,117.045967,40.193059
Car-1,2009-04-18 02:44:14,117.045861,40.193208
Car-1,2009-04-18 02:44:16,117.045779,40.193353
Car-1,2009-04-18 02:44:18,117.045707,40.193488
Car-1,2009-04-18 02:44:20,117.045604,40.193632
Car-1,2009-04-18 02:44:22,117.045498,40.193775
Car-1,2009-04-18 02:44:24,117.045415,40.193924
Car-1,2009-04-18 02:44:26,117.045318,40.194077
Car-1,2009-04-18 02:44:28,117.045225,40.194215
Car-1,2009-04-18 02:44:30,117.045136,40.194357
Car-1,2009-04-18 02:44:32,117.045041,40.194496
Car-1,2009-04-18 02:44:34,117.044958,40.194631
Car-1,2009-04-18 02:44:36,117.044872,40.194748
Car-1,2009-04-18 02:44:38,117.044809,40.194842
Car-1,2009-04-18 02:44:40,117.044763,40.194905
Car-1,2009-04-18 02:44:42,117.044739,40.194937
Car-1,2009-04-18 02:44:44,117.044725,40.194939
Car-1,2009-04-18 02:44:46,117.044723,40.194927
Car-1,2009-04-18 02:44:48,117.044723,40.194931
Car-1,2009-04-18 02:44:50,117.044723,40.194931
Car-1,2009-04-18 02:44:52,117.044724,40.194928
Car-1,2009-04-18 02:44:54,117.044725,40.194924
Car-1,2009-04-18 02:44:56,117.044727,40.194918
Car-1,2009-04-18 02:44:58,117.044729,40.194913
Car-1,2009-04-18 02:45:00,117.044731,40.194909
Car-1,2009-04-18 02:45:02,117.044732,40.194907
Car-1,2009-04-18 02:45:04,117.044733,40.194904
Car-1,2009-04-18 02:45:06,117.044734,40.194901
Car-1,2009-04-18 02:45:08,117.044734,40.194899
Car-1,2009-04-18 02:45:10,117.044735,40.194897
Car-1,2009-04-18 02:45:12,117.044737,40.194893
Car-1,2009-04-18 02:45:14,117.044738,40.194889
Car-1,2009-04-18 02:45:16,117.04474,40.194884
Car-1,2009-04-18 02:45:18,117.04474,40.194885
Car-1,2009-04-18 02:45:20,117.044735,40.194897
Car-1,2009-04-18 02:45:22,117.044706,40.19496
Car-1,2009-04-18 02:45:24,117.044666,40.195032
Car-1,2009-04-18 02:45:26,117.044618,40.19512
Car-1,2009-04-18 02:45:28,117.044575,40.195197
Car-1,2009-04-18 02:45:30,117.044508,40.195279
Car-1,2009-04-18 02:45:32,117.044421,40.195372
Car-1,2009-04-18 02:45:34,117.044326,40.195498
Car-1,2009-04-18 02:45:36,117.044226,40.195656
Car-1,2009-04-18 02:45:38,117.044116,40.195839
Car-1,2009-04-18 02:45:40,117.044003,40.196038
Car-1,2009-04-18 02:45:42,117.043867,40.196259
Car-1,2009-04-18 02:45:44,117.043726,40.196501
Car-1,2009-04-18 02:45:46,117.043565,40.19678
Car-1,2009-04-18 02:45:48,117.043408,40.197047
Car-1,2009-04-18 02:45:50,117.043264,40.197322
Car-1,2009-04-18 02:45:52,117.043088,40.197618
Car-1,2009-04-18 02:45:54,117.042914,40.197924
Car-1,2009-04-18 02:45:56,117.042751,40.198208
Car-1,2009-04-18 02:45:58,117.042602,40.198507
Car-1,2009-04-18 02:46:00,117.042446,40.198795
Car-1,2009-04-18 02:46:02,117.042304,40.199089
Car-1,2009-04-18 02:46:04,117.042177,40.199378
Car-1,2009-04-18 02:46:06,117.042061,40.199672
Car-1,2009-04-18 02:46:08,117.041961,40.199955
Car-1,2009-04-18 02:46:10,117.041854,40.200226
Car-1,2009-04-18 02:46:12,117.04178,40.200467
Car-1,2009-04-18 02:46:14,117.041725,40.200688
Car-1,2009-04-18 02:46:16,117.041675,40.200894
Car-1,2009-04-18 02:46:18,117.041639,40.201072
Car-1,2009-04-18 02:46:20,117.041617,40.20122
Car-1,2009-04-18 02:46:22,117.041597,40.201331
Car-1,2009-04-18 02:46:24,117.041582,40.201408
Car-1,2009-04-18 02:46:26,117.04158,40.201438
Car-1,2009-04-18 02:46:28,117.041592,40.201435
Car-1,2009-04-18 02:46:30,117.041594,40.201432
Car-1,2009-04-18 02:46:32,117.041593,40.201436
Car-1,2009-04-18 02:46:34,117.041592,40.201444
Car-1,2009-04-18 02:46:36,117.041578,40.201468
Car-1,2009-04-18 02:46:38,117.041567,40.201494
Car-1,2009-04-18 02:46:40,117.041565,40.201505
Car-1,2009-04-18 02:46:42,117.041558,40.201514
Car-1,2009-04-18 02:46:44,117.041562,40.201524
Car-1,2009-04-18 02:46:46,117.041564,40.201527
Car-1,2009-04-18 02:46:48,117.041529,40.201537
Car-1,2009-04-18 02:46:50,117.041528,40.201543
Car-1,2009-04-18 02:46:52,117.041529,40.201546
Car-1,2009-04-18 02:46:54,117.041529,40.201549
Car-1,2009-04-18 02:46:56,117.04153,40.20155
Car-1,2009-04-18 02:46:58,117.041529,40.20155
Car-1,2009-04-18 02:47:00,117.041529,40.201552
Car-1,2009-04-18 02:47:02,117.041529,40.201557
Car-1,2009-04-18 02:47:04,117.041528,40.201574
Car-1,2009-04-18 02:47:06,117.041521,40.20162
Car-1,2009-04-18 02:47:08,117.041515,40.201702
Car-1,2009-04-18 02:47:10,117.041496,40.201824
Car-1,2009-04-18 02:47:12,117.041465,40.201979
Car-1,2009-04-18 02:47:14,117.041435,40.202162
Car-1,2009-04-18 02:47:16,117.04141,40.20237
Car-1,2009-04-18 02:47:18,117.041371,40.202562
Car-1,2009-04-18 02:47:20,117.041335,40.202749
Car-1,2009-04-18 02:47:22,117.041304,40.202921
Car-1,2009-04-18 02:47:24,117.041275,40.203078
Car-1,2009-04-18 02:47:26,117.041243,40.203219
Car-1,2009-04-18 02:47:28,117.041221,40.203343
Car-1,2009-04-18 02:47:30,117.041202,40.203444
Car-1,2009-04-18 02:47:32,117.04118,40.203529
Car-1,2009-04-18 02:47:34,117.041165,40.203591
Car-1,2009-04-18 02:47:36,117.041165,40.203621
Car-1,2009-04-18 02:47:38,117.041165,40.20364
Car-1,2009-04-18 02:47:40,117.041159,40.203663
Car-1,2009-04-18 02:47:42,117.041162,40.203678
Car-1,2009-04-18 02:47:44,117.041158,40.203681
Car-1,2009-04-18 02:47:46,117.041155,40.203685
Car-1,2009-04-18 02:47:48,117.041146,40.203694
Car-1,2009-04-18 02:47:50,117.041139,40.203702
Car-1,2009-04-18 02:47:52,117.041133,40.203711
Car-1,2009-04-18 02:47:54,117.041126,40.203717
Car-1,2009-04-18 02:47:56,117.04112,40.203722
Car-1,2009-04-18 02:47:58,117.041117,40.203724
Car-1,2009-04-18 02:48:00,117.041119,40.203726
Car-1,2009-04-18 02:48:02,117.041124,40.203727
Car-1,2009-04-18 02:48:04,117.041131,40.203727
Car-1,2009-04-18 02:48:06,117.041138,40.203726
Car-1,2009-04-18 02:48:08,117.041144,40.203725
Car-1,2009-04-18 02:48:10,117.041149,40.203724
Car-1,2009-04-18 02:48:12,117.041153,40.203723
Car-1,2009-04-18 02:48:14,117.041158,40.203725
Car-1,2009-04-18 02:48:16,117.041162,40.203728
Car-1,2009-04-18 02:48:18,117.041166,40.203732
Car-1,2009-04-18 02:48:20,117.04117,40.203741
Car-1,2009-04-18 02:48:22,117.041175,40.203754
Car-1,2009-04-18 02:48:24,117.041176,40.203772
Car-1,2009-04-18 02:48:26,117.041177,40.203802
Car-1,2009-04-18 02:48:28,117.041166,40.203823
Car-1,2009-04-18 02:48:30,117.041195,40.203834
Car-1,2009-04-18 02:48:32,117.041196,40.203844
Car-1,2009-04-18 02:48:34,117.041185,40.20385
Car-1,2009-04-18 02:48:36,117.041149,40.203866
Car-1,2009-04-18 02:48:38,117.041142,40.203885
Car-1,2009-04-18 02:48:40,117.041128,40.203904
Car-1,2009-04-18 02:48:42,117.041097,40.203927
Car-1,2009-04-18 02:48:44,117.041103,40.203927
Car-1,2009-04-18 02:48:46,117.041108,40.203922
Car-1,2009-04-18 02:48:48,117.041104,40.203927
Car-1,2009-04-18 02:48:50,117.041095,40.203958
Car-1,2009-04-18 02:48:52,117.041089,40.20398
Car-1,2009-04-18 02:48:54,117.041088,40.203994
Car-1,2009-04-18 02:48:56,117.041088,40.204003
Car-1,2009-04-18 02:48:58,117.041087,40.204007
Car-1,2009-04-18 02:49:00,117.041086,40.204009
Car-1,2009-04-18 02:49:02,117.041085,40.204011
Car-1,2009-04-18 02:49:04,117.041084,40.204015
Car-1,2009-04-18 02:49:06,117.041078,40.204032
Car-1,2009-04-18 02:49:08,117.041071,40.204056
Car-1,2009-04-18 02:49:10,117.041063,40.204069
Car-1,2009-04-18 02:49:12,117.041067,40.204077
Car-1,2009-04-18 02:49:14,117.041056,40.204074
Car-1,2009-04-18 02:49:16,117.041052,40.204068
Car-1,2009-04-18 02:49:18,117.041049,40.204089
Car-1,2009-04-18 02:49:20,117.041051,40.204095
Car-1,2009-04-18 02:49:22,117.041049,40.204109
Car-1,2009-04-18 02:49:24,117.041048,40.204127
Car-1,2009-04-18 02:49:26,117.041049,40.204156
Car-1,2009-04-18 02:49:28,117.041042,40.204165
Car-1,2009-04-18 02:49:30,117.041035,40.204178
Car-1,2009-04-18 02:49:32,117.041029,40.204185
Car-1,2009-04-18 02:49:34,117.041038,40.204173
Car-1,2009-04-18 02:49:36,117.041046,40.204171
Car-1,2009-04-18 02:49:38,117.041053,40.20417
Car-1,2009-04-18 02:49:40,117.041052,40.204168
Car-1,2009-04-18 02:49:42,117.041052,40.204165
Car-1,2009-04-18 02:49:44,117.041052,40.204161
Car-1,2009-04-18 02:49:46,117.041052,40.204158
Car-1,2009-04-18 02:49:48,117.04105,40.204155
Car-1,2009-04-18 02:49:50,117.041049,40.204153
Car-1,2009-04-18 02:49:52,117.041046,40.204152
Car-1,2009-04-18 02:49:54,117.041044,40.204151
Car-1,2009-04-18 02:49:56,117.041043,40.204149
Car-1,2009-04-18 02:49:58,117.041044,40.204147
Car-1,2009-04-18 02:50:00,117.041044,40.204145
Car-1,2009-04-18 02:50:02,117.041043,40.204144
Car-1,2009-04-18 02:50:04,117.041037,40.204165
Car-1,2009-04-18 02:50:06,117.041038,40.204197
Car-1,2009-04-18 02:50:08,117.041036,40.204228
Car-1,2009-04-18 02:50:10,117.04103,40.204251
Car-1,2009-04-18 02:50:12,117.041021,40.204262
Car-1,2009-04-18 02:50:14,117.041027,40.204271
Car-1,2009-04-18 02:50:16,117.041032,40.204279
Car-1,2009-04-18 02:50:18,117.041031,40.20428
Car-1,2009-04-18 02:50:20,117.041031,40.204283
Car-1,2009-04-18 02:50:22,117.04103,40.204305
Car-1,2009-04-18 02:50:24,117.04104,40.204303
Car-1,2009-04-18 02:50:26,117.041039,40.204305
Car-1,2009-04-18 02:50:28,117.041039,40.204313
Car-1,2009-04-18 02:50:30,117.041032,40.204329
Car-1,2009-04-18 02:50:32,117.04103,40.204346
Car-1,2009-04-18 02:50:34,117.041024,40.20436
Car-1,2009-04-18 02:50:36,117.041011,40.204357
Car-1,2009-04-18 02:50:38,117.041015,40.204354
Car-1,2009-04-18 02:50:40,117.041023,40.204362
Car-1,2009-04-18 02:50:42,117.041013,40.20437
Car-1,2009-04-18 02:50:44,117.041006,40.204374
Car-1,2009-04-18 02:50:46,117.041004,40.204374
Car-1,2009-04-18 02:50:48,117.041002,40.204379
Car-1,2009-04-18 02:50:50,117.041002,40.204383
Car-1,2009-04-18 02:50:52,117.041001,40.204387
Car-1,2009-04-18 02:50:54,117.041,40.204391
Car-1,2009-04-18 02:50:56,117.040998,40.204396
Car-1,2009-04-18 02:50:58,117.040987,40.204408
Car-1,2009-04-18 02:51:00,117.040988,40.204419
Car-1,2009-04-18 02:51:02,117.040989,40.204426
Car-1,2009-04-18 02:51:04,117.040984,40.204426
Car-1,2009-04-18 02:51:06,117.040984,40.204434
Car-1,2009-04-18 02:51:08,117.040979,40.204443
Car-1,2009-04-18 02:51:10,117.04098,40.204461
Car-1,2009-04-18 02:51:12,117.040967,40.204481
Car-1,2009-04-18 02:51:14,117.040956,40.204509
Car-1,2009-04-18 02:51:16,117.040961,40.204524
Car-1,2009-04-18 02:51:18,117.040969,40.204535
Car-1,2009-04-18 02:51:20,117.040976,40.204539
Car-1,2009-04-18 02:51:22,117.040978,40.204541
Car-1,2009-04-18 02:51:24,117.040974,40.204548
Car-1,2009-04-18 02:51:26,117.040976,40.20455
Car-1,2009-04-18 02:51:28,117.04097,40.204548
Car-1,2009-04-18 02:51:30,117.040971,40.20455
Car-1,2009-04-18 02:51:32,117.040971,40.20455
Car-1,2009-04-18 02:51:34,117.040972,40.204549
Car-1,2009-04-18 02:51:36,117.040972,40.204549
Car-1,2009-04-18 02:51:38,117.040971,40.20455
Car-1,2009-04-18 02:51:40,117.040971,40.204551
Car-1,2009-04-18 02:51:42,117.040971,40.204552
Car-1,2009-04-18 02:51:44,117.04097,40.204553
Car-1,2009-04-18 02:51:46,117.040969,40.204553
Car-1,2009-04-18 02:51:48,117.040969,40.204554
Car-1,2009-04-18 02:51:50,117.040969,40.204555
Car-1,2009-04-18 02:51:52,117.040969,40.204554
Car-1,2009-04-18 02:51:54,117.04097,40.204552
Car-1,2009-04-18 02:51:56,117.040969,40.204553
Car-1,2009-04-18 02:51:58,117.040969,40.204552
Car-1,2009-04-18 02:52:00,117.040968,40.204553
Car-1,2009-04-18 02:52:02,117.040968,40.204556
Car-1,2009-04-18 02:52:04,117.040967,40.204559
Car-1,2009-04-18 02:52:06,117.040967,40.20456
Car-1,2009-04-18 02:52:08,117.040967,40.204561
Car-1,2009-04-18 02:52:10,117.040966,40.204563
Car-1,2009-04-18 02:52:12,117.040966,40.204566
Car-1,2009-04-18 02:52:14,117.040965,40.204568
Car-1,2009-04-18 02:52:16,117.040969,40.20457
Car-1,2009-04-18 02:52:18,117.040966,40.204586
Car-1,2009-04-18 02:52:20,117.040968,40.204599
Car-1,2009-04-18 02:52:22,117.040968,40.204601
Car-1,2009-04-18 02:52:24,117.040955,40.204613
Car-1,2009-04-18 02:52:26,117.04096,40.204631
Car-1,2009-04-18 02:52:28,117.040974,40.204639
Car-1,2009-04-18 02:52:30,117.040973,40.204646
Car-1,2009-04-18 02:52:32,117.040972,40.204651
Car-1,2009-04-18 02:52:34,117.040976,40.204659
Car-1,2009-04-18 02:52:36,117.040979,40.204664
Car-1,2009-04-18 02:52:38,117.040982,40.204668
Car-1,2009-04-18 02:52:40,117.04099,40.20467
Car-1,2009-04-18 02:52:42,117.040991,40.204668
Car-1,2009-04-18 02:52:44,117.040987,40.204654
Car-1,2009-04-18 02:52:46,117.040989,40.204657
Car-1,2009-04-18 02:52:48,117.040991,40.204658
Car-1,2009-04-18 02:52:50,117.040994,40.204657
Car-1,2009-04-18 02:52:52,117.040995,40.204655
Car-1,2009-04-18 02:52:54,117.040996,40.204653
Car-1,2009-04-18 02:52:56,117.040997,40.204652
Car-1,2009-04-18 02:52:58,117.040997,40.20465
Car-1,2009-04-18 02:53:00,117.040996,40.20465
Car-1,2009-04-18 02:53:02,117.040995,40.20465
Car-1,2009-04-18 02:53:04,117.040993,40.204651
Car-1,2009-04-18 02:53:06,117.040985,40.204673
Car-1,2009-04-18 02:53:08,117.04098,40.204689
Car-1,2009-04-18 02:53:10,117.040978,40.204714
Car-1,2009-04-18 02:53:12,117.04098,40.20473
Car-1,2009-04-18 02:53:14,117.040981,40.204753
Car-1,2009-04-18 02:53:16,117.04098,40.204764
Car-1,2009-04-18 02:53:18,117.040962,40.204793
Car-1,2009-04-18 02:53:20,117.040963,40.204808
Car-1,2009-04-18 02:53:22,117.040967,40.20483
Car-1,2009-04-18 02:53:24,117.040968,40.204837
Car-1,2009-04-18 02:53:26,117.040968,40.204846
Car-1,2009-04-18 02:53:28,117.040959,40.204851
Car-1,2009-04-18 02:53:30,117.040954,40.204864
Car-1,2009-04-18 02:53:32,117.040954,40.204875
Car-1,2009-04-18 02:53:34,117.040941,40.204892
Car-1,2009-04-18 02:53:36,117.040929,40.204908
Car-1,2009-04-18 02:53:38,117.04092,40.204912
Car-1,2009-04-18 02:53:40,117.040917,40.204908
Car-1,2009-04-18 02:53:42,117.040916,40.204914
Car-1,2009-04-18 02:53:44,117.040911,40.204907
Car-1,2009-04-18 02:53:46,117.040911,40.204908
Car-1,2009-04-18 02:53:48,117.040911,40.204908
Car-1,2009-04-18 02:53:50,117.040912,40.204907
Car-1,2009-04-18 02:53:52,117.040913,40.204904
Car-1,2009-04-18 02:53:54,117.040912,40.204901
Car-1,2009-04-18 02:53:56,117.040911,40.204899
Car-1,2009-04-18 02:53:58,117.040909,40.204898
Car-1,2009-04-18 02:54:00,117.040909,40.204898
Car-1,2009-04-18 02:54:02,117.040907,40.204899
Car-1,2009-04-18 02:54:04,117.040906,40.204903
Car-1,2009-04-18 02:54:06,117.040901,40.204913
Car-1,2009-04-18 02:54:08,117.040899,40.204921
Car-1,2009-04-18 02:54:10,117.040894,40.204937
Car-1,2009-04-18 02:54:12,117.040896,40.204942
Car-1,2009-04-18 02:54:14,117.040895,40.204946
Car-1,2009-04-18 02:54:16,117.040892,40.204952
Car-1,2009-04-18 02:54:18,117.040897,40.204975
Car-1,2009-04-18 02:54:20,117.040904,40.205
Car-1,2009-04-18 02:54:22,117.040915,40.205008
Car-1,2009-04-18 02:54:24,117.040922,40.205024
Car-1,2009-04-18 02:54:26,117.040932,40.205052
Car-1,2009-04-18 02:54:28,117.040959,40.205084
Car-1,2009-04-18 02:54:30,117.041011,40.205105
Car-1,2009-04-18 02:54:32,117.04108,40.20511
Car-1,2009-04-18 02:54:34,117.041144,40.205124
Car-1,2009-04-18 02:54:36,117.041206,40.205138
Car-1,2009-04-18 02:54:38,117.04126,40.205155
Car-1,2009-04-18 02:54:40,117.041314,40.20517
Car-1,2009-04-18 02:54:42,117.041366,40.205187
Car-1,2009-04-18 02:54:44,117.041405,40.205196
Car-1,2009-04-18 02:54:46,117.041443,40.205191
Car-1,2009-04-18 02:54:48,117.041476,40.205189
Car-1,2009-04-18 02:54:50,117.041517,40.205191
Car-1,2009-04-18 02:54:52,117.041548,40.2052
Car-1,2009-04-18 02:54:54,117.041562,40.205203
Car-1,2009-04-18 02:54:56,117.041566,40.20521
Car-1,2009-04-18 02:54:58,117.041571,40.205214
Car-1,2009-04-18 02:55:00,117.041585,40.205223
Car-1,2009-04-18 02:55:02,117.041581,40.205222
Car-1,2009-04-18 02:55:04,117.041575,40.205222
Car-1,2009-04-18 02:55:06,117.041577,40.205222
Car-1,2009-04-18 02:55:08,117.041581,40.205221
Car-1,2009-04-18 02:55:10,117.04159,40.205225
Car-1,2009-04-18 02:55:12,117.04161,40.205243
Car-1,2009-04-18 02:55:14,117.041615,40.205244
Car-1,2009-04-18 02:55:16,117.04161,40.205245
Car-1,2009-04-18 02:55:18,117.041616,40.205245
Car-1,2009-04-18 02:55:20,117.041621,40.205245
Car-1,2009-04-18 02:55:22,117.041627,40.205247
Car-1,2009-04-18 02:55:24,117.041633,40.205248
Car-1,2009-04-18 02:55:26,117.041657,40.20524
Car-1,2009-04-18 02:55:28,117.04172,40.205239
Car-1,2009-04-18 02:55:30,117.041789,40.205253
Car-1,2009-04-18 02:55:32,117.041852,40.205258
Car-1,2009-04-18 02:55:34,117.041903,40.205265
Car-1,2009-04-18 02:55:36,117.041951,40.205274
Car-1,2009-04-18 02:55:38,117.041986,40.205294
Car-1,2009-04-18 02:55:40,117.042014,40.2053
Car-1,2009-04-18 02:55:42,117.041992,40.20528
Car-1,2009-04-18 02:55:44,117.041969,40.205262
Car-1,2009-04-18 02:55:46,117.041968,40.20526
Car-1,2009-04-18 02:55:48,117.041966,40.205258
Car-1,2009-04-18 02:55:50,117.041963,40.205255
Car-1,2009-04-18 02:55:52,117.041958,40.205251
Car-1,2009-04-18 02:55:54,117.041955,40.205247
Car-1,2009-04-18 02:55:56,117.041952,40.205244
Car-1,2009-04-18 02:55:58,117.041949,40.205242
Car-1,2009-04-18 02:56:00,117.041946,40.205241
Car-1,2009-04-18 02:56:02,117.041943,40.205241
Car-1,2009-04-18 02:56:04,117.041941,40.205241
Car-1,2009-04-18 02:56:06,117.04194,40.205242
Car-1,2009-04-18 02:56:08,117.04194,40.205241
Car-1,2009-04-18 02:56:10,117.041942,40.205239
Car-1,2009-04-18 02:56:12,117.041995,40.205241
Car-1,2009-04-18 02:56:14,117.042082,40.205258
Car-1,2009-04-18 02:56:16,117.042179,40.205278
Car-1,2009-04-18 02:56:18,117.042297,40.205301
Car-1,2009-04-18 02:56:20,117.042393,40.205318
Car-1,2009-04-18 02:56:22,117.042452,40.205343
Car-1,2009-04-18 02:56:24,117.042516,40.205369
Car-1,2009-04-18 02:56:26,117.042588,40.205391
Car-1,2009-04-18 02:56:28,117.042665,40.205403
Car-1,2009-04-18 02:56:30,117.042744,40.205421
Car-1,2009-04-18 02:56:32,117.042831,40.205444
Car-1,2009-04-18 02:56:34,117.042928,40.205468
Car-1,2009-04-18 02:56:36,117.043026,40.205493
Car-1,2009-04-18 02:56:38,117.043119,40.205509
Car-1,2009-04-18 02:56:40,117.043209,40.205523
Car-1,2009-04-18 02:56:42,117.043298,40.205543
Car-1,2009-04-18 02:56:44,117.043374,40.205567
Car-1,2009-04-18 02:56:46,117.04344,40.205599
Car-1,2009-04-18 02:56:48,117.043499,40.205622
Car-1,2009-04-18 02:56:50,117.043547,40.205638
Car-1,2009-04-18 02:56:52,117.043583,40.205655
Car-1,2009-04-18 02:56:54,117.043615,40.20566
Car-1,2009-04-18 02:56:56,117.043628,40.205667
Car-1,2009-04-18 02:56:58,117.043634,40.20567
Car-1,2009-04-18 02:57:00,117.043634,40.205673
Car-1,2009-04-18 02:57:02,117.043634,40.205675
Car-1,2009-04-18 02:57:04,117.043633,40.205676
Car-1,2009-04-18 02:57:06,117.043633,40.205677
Car-1,2009-04-18 02:57:08,117.043632,40.205677
Car-1,2009-04-18 02:57:10,117.043629,40.205678
Car-1,2009-04-18 02:57:12,117.043628,40.205677
Car-1,2009-04-18 02:57:14,117.043627,40.205675
Car-1,2009-04-18 02:57:16,117.043628,40.205671
Car-1,2009-04-18 02:57:18,117.043632,40.205668
Car-1,2009-04-18 02:57:20,117.043641,40.205664
Car-1,2009-04-18 02:57:22,117.043659,40.205659
Car-1,2009-04-18 02:57:24,117.043723,40.205661
Car-1,2009-04-18 02:57:26,117.043819,40.205679
Car-1,2009-04-18 02:57:28,117.04392,40.205702
Car-1,2009-04-18 02:57:30,117.044009,40.205726
Car-1,2009-04-18 02:57:32,117.044078,40.205745
Car-1,2009-04-18 02:57:34,117.044149,40.205762
Car-1,2009-04-18 02:57:36,117.044212,40.205786
Car-1,2009-04-18 02:57:38,117.044261,40.205806
Car-1,2009-04-18 02:57:40,117.044296,40.205821
Car-1,2009-04-18 02:57:42,117.044328,40.205844
Car-1,2009-04-18 02:57:44,117.044355,40.205864
Car-1,2009-04-18 02:57:46,117.044361,40.205864
Car-1,2009-04-18 02:57:48,117.044375,40.205868
Car-1,2009-04-18 02:57:50,117.044365,40.205855
Car-1,2009-04-18 02:57:52,117.044357,40.205847
Car-1,2009-04-18 02:57:54,117.044357,40.205849
Car-1,2009-04-18 02:57:56,117.044362,40.205854
Car-1,2009-04-18 02:57:58,117.044382,40.205859
Car-1,2009-04-18 02:58:00,117.044402,40.205857
Car-1,2009-04-18 02:58:02,117.044419,40.205853
Car-1,2009-04-18 02:58:04,117.044444,40.205839
Car-1,2009-04-18 02:58:06,117.044473,40.205826
Car-1,2009-04-18 02:58:08,117.044488,40.205819
Car-1,2009-04-18 02:58:10,117.044515,40.205821
Car-1,2009-04-18 02:58:12,117.044553,40.205821
Car-1,2009-04-18 02:58:14,117.044566,40.20582
Car-1,2009-04-18 02:58:16,117.04457,40.205814
Car-1,2009-04-18 02:58:18,117.044563,40.205815
Car-1,2009-04-18 02:58:20,117.044563,40.20581
Car-1,2009-04-18 02:58:22,117.044563,40.20581
Car-1,2009-04-18 02:58:24,117.044563,40.205811
Car-1,2009-04-18 02:58:26,117.044563,40.205814
Car-1,2009-04-18 02:58:28,117.044563,40.205817
Car-1,2009-04-18 02:58:30,117.044563,40.20582
Car-1,2009-04-18 02:58:32,117.044564,40.20582
Car-1,2009-04-18 02:58:34,117.044564,40.205821
Car-1,2009-04-18 02:58:36,117.044564,40.205821
Car-1,2009-04-18 02:58:38,117.044564,40.20582
Car-1,2009-04-18 02:58:40,117.044565,40.205817
Car-1,2009-04-18 02:58:42,117.044565,40.205814
Car-1,2009-04-18 02:58:44,117.044565,40.205814
Car-1,2009-04-18 02:58:46,117.044564,40.205818
Car-1,2009-04-18 02:58:48,117.044564,40.205821
Car-1,2009-04-18 02:58:50,117.044564,40.205822
Car-1,2009-04-18 02:58:52,117.044566,40.205824
Car-1,2009-04-18 02:58:54,117.044627,40.20583
Car-1,2009-04-18 02:58:56,117.044707,40.205824
Car-1,2009-04-18 02:58:58,117.044797,40.205828
Car-1,2009-04-18 02:59:00,117.044887,40.205842
Car-1,2009-04-18 02:59:02,117.044988,40.20587
Car-1,2009-04-18 02:59:04,117.045071,40.205867
Car-1,2009-04-18 02:59:06,117.045144,40.205875
Car-1,2009-04-18 02:59:08,117.045193,40.205894
Car-1,2009-04-18 02:59:10,117.045208,40.205908
Car-1,2009-04-18 02:59:12,117.045217,40.205913
Car-1,2009-04-18 02:59:14,117.04522,40.205913
Car-1,2009-04-18 02:59:16,117.045219,40.205916
Car-1,2009-04-18 02:59:18,117.045218,40.205919
Car-1,2009-04-18 02:59:20,117.045219,40.205918
Car-1,2009-04-18 02:59:22,117.045219,40.205911
Car-1,2009-04-18 02:59:24,117.045215,40.205899
Car-1,2009-04-18 02:59:26,117.045213,40.205898
Car-1,2009-04-18 02:59:28,117.045214,40.205896
Car-1,2009-04-18 02:59:30,117.045214,40.205895
Car-1,2009-04-18 02:59:32,117.045214,40.205895
Car-1,2009-04-18 02:59:34,117.045215,40.205896
Car-1,2009-04-18 02:59:36,117.045238,40.20589
Car-1,2009-04-18 02:59:38,117.045305,40.205892
Car-1,2009-04-18 02:59:40,117.045386,40.205914
Car-1,2009-04-18 02:59:42,117.04545,40.205929
Car-1,2009-04-18 02:59:44,117.045501,40.205939
Car-1,2009-04-18 02:59:46,117.045539,40.205943
Car-1,2009-04-18 02:59:48,117.045561,40.205947
Car-1,2009-04-18 02:59:50,117.045586,40.205948
Car-1,2009-04-18 02:59:52,117.045618,40.205958
Car-1,2009-04-18 02:59:54,117.045654,40.205966
Car-1,2009-04-18 02:59:56,117.04569,40.205971
Car-1,2009-04-18 02:59:58,117.045743,40.205991
Car-1,2009-04-18 03:00:00,117.045807,40.205996
Car-1,2009-04-18 03:00:02,117.045914,40.205984
Car-1,2009-04-18 03:00:04,117.046078,40.206
Car-1,2009-04-18 03:00:06,117.046311,40.206021
Car-1,2009-04-18 03:00:08,117.046519,40.206049
Car-1,2009-04-18 03:00:10,117.046761,40.206076
Car-1,2009-04-18 03:00:12,117.047041,40.206094
Car-1,2009-04-18 03:00:14,117.047323,40.206111
Car-1,2009-04-18 03:00:16,117.047633,40.206146
Car-1,2009-04-18 03:00:18,117.047924,40.206167
Car-1,2009-04-18 03:00:20,117.048225,40.206194
Car-1,2009-04-18 03:00:22,117.048518,40.206197
Car-1,2009-04-18 03:00:24,117.048814,40.206206
Car-1,2009-04-18 03:00:26,117.049154,40.206228
Car-1,2009-04-18 03:00:28,117.049494,40.206229
Car-1,2009-04-18 03:00:30,117.049817,40.206222
Car-1,2009-04-18 03:00:32,117.050121,40.206227
Car-1,2009-04-18 03:00:34,117.050398,40.206224
Car-1,2009-04-18 03:00:36,117.050633,40.206223
Car-1,2009-04-18 03:00:38,117.05081,40.206215
Car-1,2009-04-18 03:00:40,117.050961,40.206212
Car-1,2009-04-18 03:00:42,117.051097,40.206206
Car-1,2009-04-18 03:00:44,117.0512,40.206202
Car-1,2009-04-18 03:00:46,117.051273,40.20619
Car-1,2009-04-18 03:00:48,117.051312,40.206185
Car-1,2009-04-18 03:00:50,117.05131,40.206185
Car-1,2009-04-18 03:00:52,117.051301,40.206205
Car-1,2009-04-18 03:00:54,117.051299,40.206206
Car-1,2009-04-18 03:00:56,117.051305,40.206205
Car-1,2009-04-18 03:00:58,117.051327,40.2062
Car-1,2009-04-18 03:01:00,117.051381,40.206196
Car-1,2009-04-18 03:01:02,117.051434,40.206191
Car-1,2009-04-18 03:01:04,117.051483,40.206186
Car-1,2009-04-18 03:01:06,117.051574,40.206175
Car-1,2009-04-18 03:01:08,117.051671,40.206167
Car-1,2009-04-18 03:01:10,117.051789,40.206165
Car-1,2009-04-18 03:01:12,117.051946,40.206162
Car-1,2009-04-18 03:01:14,117.052119,40.206146
Car-1,2009-04-18 03:01:16,117.052321,40.206133
Car-1,2009-04-18 03:01:18,117.052526,40.206112
Car-1,2009-04-18 03:01:20,117.052751,40.206085
Car-1,2009-04-18 03:01:22,117.05297,40.206061
Car-1,2009-04-18 03:01:24,117.053206,40.206028
Car-1,2009-04-18 03:01:26,117.053449,40.206008
Car-1,2009-04-18 03:01:28,117.053696,40.205979
Car-1,2009-04-18 03:01:30,117.053951,40.205937
Car-1,2009-04-18 03:01:32,117.054217,40.20589
Car-1,2009-04-18 03:01:34,117.054484,40.205845
Car-1,2009-04-18 03:01:36,117.054747,40.205802
Car-1,2009-04-18 03:01:38,117.055034,40.205741
Car-1,2009-04-18 03:01:40,117.05533,40.205684
Car-1,2009-04-18 03:01:42,117.055626,40.205627
Car-1,2009-04-18 03:01:44,117.055902,40.205564
Car-1,2009-04-18 03:01:46,117.056158,40.205515
Car-1,2009-04-18 03:01:48,117.056408,40.205456
Car-1,2009-04-18 03:01:50,117.056632,40.205402
Car-1,2009-04-18 03:01:52,117.056844,40.205349
Car-1,2009-04-18 03:01:54,117.057034,40.205303
Car-1,2009-04-18 03:01:56,117.057171,40.205267
Car-1,2009-04-18 03:01:58,117.057268,40.205247
Car-1,2009-04-18 03:02:00,117.057317,40.205231
Car-1,2009-04-18 03:02:02,117.057356,40.205227
Car-1,2009-04-18 03:02:04,117.057409,40.205215
Car-1,2009-04-18 03:02:06,117.057473,40.205204
Car-1,2009-04-18 03:02:08,117.057579,40.205176
Car-1,2009-04-18 03:02:10,117.05772,40.205143
Car-1,2009-04-18 03:02:12,117.057901,40.205091
Car-1,2009-04-18 03:02:14,117.058113,40.205024
Car-1,2009-04-18 03:02:16,117.058343,40.204956
Car-1,2009-04-18 03:02:18,117.058596,40.204888
Car-1,2009-04-18 03:02:20,117.058869,40.204812
Car-1,2009-04-18 03:02:22,117.059158,40.204733
Car-1,2009-04-18 03:02:24,117.059451,40.204656
Car-1,2009-04-18 03:02:26,117.059754,40.204571
Car-1,2009-04-18 03:02:28,117.060064,40.204497
Car-1,2009-04-18 03:02:30,117.060376,40.204418
Car-1,2009-04-18 03:02:32,117.060696,40.204354
Car-1,2009-04-18 03:02:34,117.061016,40.204284
Car-1,2009-04-18 03:02:36,117.061337,40.20422
Car-1,2009-04-18 03:02:38,117.061668,40.204166
Car-1,2009-04-18 03:02:40,117.06201,40.204104
Car-1,2009-04-18 03:02:42,117.062368,40.20404
Car-1,2009-04-18 03:02:44,117.062743,40.20398
Car-1,2009-04-18 03:02:46,117.063122,40.203937
Car-1,2009-04-18 03:02:48,117.06351,40.203885
Car-1,2009-04-18 03:02:50,117.063918,40.203838
Car-1,2009-04-18 03:02:52,117.064325,40.203805
Car-1,2009-04-18 03:02:54,117.064728,40.203767
Car-1,2009-04-18 03:02:56,117.065124,40.203728
Car-1,2009-04-18 03:02:58,117.065505,40.203684
Car-1,2009-04-18 03:03:00,117.065877,40.203639
Car-1,2009-04-18 03:03:02,117.066229,40.203603
Car-1,2009-04-18 03:03:04,117.066565,40.203565
Car-1,2009-04-18 03:03:06,117.066875,40.20353
Car-1,2009-04-18 03:03:08,117.067146,40.2035
Car-1,2009-04-18 03:03:10,117.067362,40.203484
Car-1,2009-04-18 03:03:12,117.067524,40.203463
Car-1,2009-04-18 03:03:14,117.067645,40.203444
Car-1,2009-04-18 03:03:16,117.06778,40.203423
Car-1,2009-04-18 03:03:18,117.067919,40.20339
Car-1,2009-04-18 03:03:20,117.068068,40.203364
Car-1,2009-04-18 03:03:22,117.068206,40.203342
Car-1,2009-04-18 03:03:24,117.068386,40.203319
Car-1,2009-04-18 03:03:26,117.068563,40.203298
Car-1,2009-04-18 03:03:28,117.068727,40.203278
Car-1,2009-04-18 03:03:30,117.068872,40.203256
Car-1,2009-04-18 03:03:32,117.068989,40.203247
Car-1,2009-04-18 03:03:34,117.069084,40.203235
Car-1,2009-04-18 03:03:36,117.069159,40.203222
Car-1,2009-04-18 03:03:38,117.069214,40.203221
Car-1,2009-04-18 03:03:40,117.069273,40.203211
Car-1,2009-04-18 03:03:42,117.069361,40.203198
Car-1,2009-04-18 03:03:44,117.069476,40.203186
Car-1,2009-04-18 03:03:46,117.069626,40.203183
Car-1,2009-04-18 03:03:48,117.069797,40.203165
Car-1,2009-04-18 03:03:50,117.069997,40.203139
Car-1,2009-04-18 03:03:52,117.070244,40.20312
Car-1,2009-04-18 03:03:54,117.07051,40.203069
Car-1,2009-04-18 03:03:56,117.070827,40.203005
Car-1,2009-04-18 03:03:58,117.071108,40.20293
Car-1,2009-04-18 03:04:00,117.071367,40.20284
Car-1,2009-04-18 03:04:02,117.071615,40.202742
Car-1,2009-04-18 03:04:04,117.071839,40.202658
Car-1,2009-04-18 03:04:06,117.072034,40.202564
Car-1,2009-04-18 03:04:08,117.072245,40.20247
Car-1,2009-04-18 03:04:10,117.072472,40.202369
Car-1,2009-04-18 03:04:12,117.0727,40.202246
Car-1,2009-04-18 03:04:14,117.072924,40.202109
Car-1,2009-04-18 03:04:16,117.07316,40.201969
Car-1,2009-04-18 03:04:18,117.073353,40.20183
Car-1,2009-04-18 03:04:20,117.073523,40.201717
Car-1,2009-04-18 03:04:22,117.073689,40.201594
Car-1,2009-04-18 03:04:24,117.073862,40.201471
Car-1,2009-04-18 03:04:26,117.07404,40.201341
Car-1,2009-04-18 03:04:28,117.074222,40.201217
Car-1,2009-04-18 03:04:30,117.07442,40.201082
Car-1,2009-04-18 03:04:32,117.074605,40.200965
Car-1,2009-04-18 03:04:34,117.074782,40.200853
Car-1,2009-04-18 03:04:36,117.074953,40.200743
Car-1,2009-04-18 03:04:38,117.075097,40.200641
Car-1,2009-04-18 03:04:40,117.075251,40.200558
Car-1,2009-04-18 03:04:42,117.075421,40.200461
Car-1,2009-04-18 03:04:44,117.075596,40.200357
Car-1,2009-04-18 03:04:46,117.075792,40.20024
Car-1,2009-04-18 03:04:48,117.076008,40.200097
Car-1,2009-04-18 03:04:50,117.076241,40.19993
Car-1,2009-04-18 03:04:52,117.076489,40.19976
Car-1,2009-04-18 03:04:54,117.07673,40.199581
Car-1,2009-04-18 03:04:56,117.076962,40.199414
Car-1,2009-04-18 03:04:58,117.077199,40.199257
Car-1,2009-04-18 03:05:00,117.077428,40.199097
Car-1,2009-04-18 03:05:02,117.077654,40.198933
Car-1,2009-04-18 03:05:04,117.077887,40.198771
Car-1,2009-04-18 03:05:06,117.078114,40.198603
Car-1,2009-04-18 03:05:08,117.078329,40.19844
Car-1,2009-04-18 03:05:10,117.07852,40.198293
Car-1,2009-04-18 03:05:12,117.078706,40.198156
Car-1,2009-04-18 03:05:14,117.078881,40.198032
Car-1,2009-04-18 03:05:16,117.079055,40.197909
Car-1,2009-04-18 03:05:18,117.079221,40.197785
Car-1,2009-04-18 03:05:20,117.079375,40.197664
Car-1,2009-04-18 03:05:22,117.079514,40.197556
Car-1,2009-04-18 03:05:24,117.079634,40.197486
Car-1,2009-04-18 03:05:26,117.079754,40.197415
Car-1,2009-04-18 03:05:28,117.079882,40.197336
Car-1,2009-04-18 03:05:30,117.08001,40.197249
Car-1,2009-04-18 03:05:32,117.08014,40.197165
Car-1,2009-04-18 03:05:34,117.080279,40.197078
Car-1,2009-04-18 03:05:36,117.080408,40.196993
Car-1,2009-04-18 03:05:38,117.080527,40.196921
Car-1,2009-04-18 03:05:40,117.080639,40.196841
Car-1,2009-04-18 03:05:42,117.080761,40.196755
Car-1,2009-04-18 03:05:44,117.080895,40.196667
Car-1,2009-04-18 03:05:46,117.081043,40.196569
Car-1,2009-04-18 03:05:48,117.081209,40.196457
Car-1,2009-04-18 03:05:50,117.081383,40.19634
Car-1,2009-04-18 03:05:52,117.08159,40.196222
Car-1,2009-04-18 03:05:54,117.081799,40.19609
Car-1,2009-04-18 03:05:56,117.082009,40.195936
Car-1,2009-04-18 03:05:58,117.082237,40.195783
Car-1,2009-04-18 03:06:00,117.082482,40.195623
Car-1,2009-04-18 03:06:02,117.082727,40.195458
Car-1,2009-04-18 03:06:04,117.082973,40.195292
Car-1,2009-04-18 03:06:06,117.083214,40.195124
Car-1,2009-04-18 03:06:08,117.083449,40.194957
Car-1,2009-04-18 03:06:10,117.083685,40.194789
Car-1,2009-04-18 03:06:12,117.083901,40.194645
Car-1,2009-04-18 03:06:14,117.084097,40.194492
Car-1,2009-04-18 03:06:16,117.084298,40.194354
Car-1,2009-04-18 03:06:18,117.084509,40.194206
Car-1,2009-04-18 03:06:20,117.084725,40.194062
Car-1,2009-04-18 03:06:22,117.084949,40.193917
Car-1,2009-04-18 03:06:24,117.085195,40.193759
Car-1,2009-04-18 03:06:26,117.085434,40.193609
Car-1,2009-04-18 03:06:28,117.085671,40.193442
Car-1,2009-04-18 03:06:30,117.085917,40.193281
Car-1,2009-04-18 03:06:32,117.086189,40.193093
Car-1,2009-04-18 03:06:34,117.086451,40.192897
Car-1,2009-04-18 03:06:36,117.086721,40.192716
Car-1,2009-04-18 03:06:38,117.086983,40.192539
Car-1,2009-04-18 03:06:40,117.087236,40.19235
Car-1,2009-04-18 03:06:42,117.087481,40.192178
Car-1,2009-04-18 03:06:44,117.087741,40.192009
Car-1,2009-04-18 03:06:46,117.087998,40.191828
Car-1,2009-04-18 03:06:48,117.088256,40.191643
Car-1,2009-04-18 03:06:50,117.088523,40.191463
Car-1,2009-04-18 03:06:52,117.088793,40.191284
Car-1,2009-04-18 03:06:54,117.089049,40.191113
Car-1,2009-04-18 03:06:56,117.089317,40.19096
Car-1,2009-04-18 03:06:58,117.089601,40.1908
Car-1,2009-04-18 03:07:00,117.089907,40.190617
Car-1,2009-04-18 03:07:02,117.09023,40.190424
Car-1,2009-04-18 03:07:04,117.090572,40.190232
Car-1,2009-04-18 03:07:06,117.090912,40.190055
Car-1,2009-04-18 03:07:08,117.091227,40.189908
Car-1,2009-04-18 03:07:10,117.09151,40.189784
Car-1,2009-04-18 03:07:12,117.091789,40.189677
Car-1,2009-04-18 03:07:14,117.092098,40.189573
Car-1,2009-04-18 03:07:16,117.092427,40.189476
Car-1,2009-04-18 03:07:18,117.092797,40.189376
Car-1,2009-04-18 03:07:20,117.093194,40.189288
Car-1,2009-04-18 03:07:22,117.093607,40.189205
Car-1,2009-04-18 03:07:24,117.094023,40.189134
Car-1,2009-04-18 03:07:26,117.094428,40.189086
Car-1,2009-04-18 03:07:28,117.094821,40.18904
Car-1,2009-04-18 03:07:30,117.095203,40.189012
Car-1,2009-04-18 03:07:32,117.095531,40.189012
Car-1,2009-04-18 03:07:34,117.095804,40.189014
Car-1,2009-04-18 03:07:36,117.0961,40.189033
Car-1,2009-04-18 03:07:38,117.096369,40.189033
Car-1,2009-04-18 03:07:40,117.09663,40.189048
Car-1,2009-04-18 03:07:42,117.096835,40.18908
Car-1,2009-04-18 03:07:44,117.097015,40.189094
Car-1,2009-04-18 03:07:46,117.097219,40.189105
Car-1,2009-04-18 03:07:48,117.097432,40.189124
Car-1,2009-04-18 03:07:50,117.097629,40.189157
Car-1,2009-04-18 03:07:52,117.097797,40.189184
Car-1,2009-04-18 03:07:54,117.097964,40.189203
Car-1,2009-04-18 03:07:56,117.098107,40.18923
Car-1,2009-04-18 03:07:58,117.098245,40.189246
Car-1,2009-04-18 03:08:00,117.098363,40.189259
Car-1,2009-04-18 03:08:02,117.098493,40.18928
Car-1,2009-04-18 03:08:04,117.098607,40.18931
Car-1,2009-04-18 03:08:06,117.098716,40.189336
Car-1,2009-04-18 03:08:08,117.098803,40.189356
Car-1,2009-04-18 03:08:10,117.098887,40.189327
Car-1,2009-04-18 03:08:12,117.098976,40.18933
Car-1,2009-04-18 03:08:14,117.099068,40.18932
Car-1,2009-04-18 03:08:16,117.099149,40.189327
Car-1,2009-04-18 03:08:18,117.099245,40.189338
Car-1,2009-04-18 03:08:20,117.099323,40.189353
Car-1,2009-04-18 03:08:22,117.099401,40.189365
Car-1,2009-04-18 03:08:24,117.099477,40.189372
Car-1,2009-04-18 03:08:26,117.099533,40.189389
Car-1,2009-04-18 03:08:28,117.099569,40.189396
Car-1,2009-04-18 03:08:30,117.099576,40.189384
Car-1,2009-04-18 03:08:32,117.09959,40.189387
Car-1,2009-04-18 03:08:34,117.099599,40.189388
Car-1,2009-04-18 03:08:36,117.099608,40.189388
Car-1,2009-04-18 03:08:38,117.099612,40.189388
Car-1,2009-04-18 03:08:40,117.099631,40.189386
Car-1,2009-04-18 03:08:42,117.099673,40.189384
Car-1,2009-04-18 03:08:44,117.099738,40.189389
Car-1,2009-04-18 03:08:46,117.0998,40.189398
Car-1,2009-04-18 03:08:48,117.099857,40.189407
Car-1,2009-04-18 03:08:50,117.099896,40.189406
Car-1,2009-04-18 03:08:52,117.099924,40.189404
Car-1,2009-04-18 03:08:54,117.099934,40.189404
Car-1,2009-04-18 03:08:56,117.099929,40.189403
Car-1,2009-04-18 03:08:58,117.09992,40.189406
Car-1,2009-04-18 03:09:00,117.099918,40.189406
Car-1,2009-04-18 03:09:02,117.099917,40.189406
Car-1,2009-04-18 03:09:04,117.099917,40.189406
Car-1,2009-04-18 03:09:06,117.099909,40.189412
Car-1,2009-04-18 03:09:08,117.099909,40.189418
Car-1,2009-04-18 03:09:10,117.099941,40.189415
Car-1,2009-04-18 03:09:12,117.099963,40.189413
Car-1,2009-04-18 03:09:14,117.099981,40.189408
Car-1,2009-04-18 03:09:16,117.099986,40.189399
Car-1,2009-04-18 03:09:18,117.100009,40.189396
Car-1,2009-04-18 03:09:20,117.100035,40.189386
Car-1,2009-04-18 03:09:22,117.100057,40.189387
Car-1,2009-04-18 03:09:24,117.100063,40.189388
Car-1,2009-04-18 03:09:26,117.100069,40.189385
Car-1,2009-04-18 03:09:28,117.100062,40.189381
Car-1,2009-04-18 03:09:30,117.100061,40.189378
Car-1,2009-04-18 03:09:32,117.100066,40.189378
Car-1,2009-04-18 03:09:34,117.100085,40.189373
Car-1,2009-04-18 03:09:36,117.100097,40.189358
Car-1,2009-04-18 03:09:38,117.100128,40.189361
Car-1,2009-04-18 03:09:40,117.100172,40.189368
Car-1,2009-04-18 03:09:42,117.100205,40.189393
Car-1,2009-04-18 03:09:44,117.100236,40.189415
Car-1,2009-04-18 03:09:46,117.100269,40.189424
Car-1,2009-04-18 03:09:48,117.100296,40.189427
Car-1,2009-04-18 03:09:50,117.100338,40.189429
Car-1,2009-04-18 03:09:52,117.100402,40.189435
Car-1,2009-04-18 03:09:54,117.100459,40.18944
Car-1,2009-04-18 03:09:56,117.100477,40.189442
Car-1,2009-04-18 03:09:58,117.100487,40.189443
Car-1,2009-04-18 03:10:00,117.100527,40.189442
Car-1,2009-04-18 03:10:02,117.100573,40.189442
Car-1,2009-04-18 03:10:04,117.100602,40.189451
Car-1,2009-04-18 03:10:06,117.10063,40.189462
Car-1,2009-04-18 03:10:08,117.100626,40.189466
Car-1,2009-04-18 03:10:10,117.10065,40.189472
Car-1,2009-04-18 03:10:12,117.100656,40.189472
Car-1,2009-04-18 03:10:14,117.100659,40.189473
Car-1,2009-04-18 03:10:16,117.100677,40.189467
Car-1,2009-04-18 03:10:18,117.100719,40.189463
Car-1,2009-04-18 03:10:20,117.100769,40.18947
Car-1,2009-04-18 03:10:22,117.100797,40.189479
Car-1,2009-04-18 03:10:24,117.100819,40.189482
Car-1,2009-04-18 03:10:26,117.100856,40.189507
Car-1,2009-04-18 03:10:28,117.100887,40.189516
Car-1,2009-04-18 03:10:30,117.100909,40.189512
Car-1,2009-04-18 03:10:32,117.100935,40.189508
Car-1,2009-04-18 03:10:34,117.100976,40.189522
Car-1,2009-04-18 03:10:36,117.101016,40.189533
Car-1,2009-04-18 03:10:38,117.101063,40.18953
Car-1,2009-04-18 03:10:40,117.101091,40.189535
Car-1,2009-04-18 03:10:42,117.101106,40.189529
Car-1,2009-04-18 03:10:44,117.101108,40.189525
Car-1,2009-04-18 03:10:46,117.101114,40.189525
Car-1,2009-04-18 03:10:48,117.101127,40.189526
Car-1,2009-04-18 03:10:50,117.101129,40.189533
Car-1,2009-04-18 03:10:52,117.10113,40.189535
Car-1,2009-04-18 03:10:54,117.10113,40.189533
Car-1,2009-04-18 03:10:56,117.101135,40.189529
Car-1,2009-04-18 03:10:58,117.101139,40.189529
Car-1,2009-04-18 03:11:00,117.101142,40.189529
Car-1,2009-04-18 03:11:02,117.101146,40.189529
Car-1,2009-04-18 03:11:04,117.101195,40.189538
Car-1,2009-04-18 03:11:06,117.101253,40.189546
Car-1,2009-04-18 03:11:08,117.101325,40.189556
Car-1,2009-04-18 03:11:10,117.101415,40.189561
Car-1,2009-04-18 03:11:12,117.101506,40.189569
Car-1,2009-04-18 03:11:14,117.101577,40.189592
Car-1,2009-04-18 03:11:16,117.101637,40.189603
Car-1,2009-04-18 03:11:18,117.101711,40.18961
Car-1,2009-04-18 03:11:20,117.1018,40.189611
Car-1,2009-04-18 03:11:22,117.101902,40.189627
Car-1,2009-04-18 03:11:24,117.102002,40.189631
Car-1,2009-04-18 03:11:26,117.102074,40.189638
Car-1,2009-04-18 03:11:28,117.102146,40.189648
Car-1,2009-04-18 03:11:30,117.102198,40.189651
Car-1,2009-04-18 03:11:32,117.10225,40.189668
Car-1,2009-04-18 03:11:34,117.102324,40.189675
Car-1,2009-04-18 03:11:36,117.102398,40.189689
Car-1,2009-04-18 03:11:38,117.102486,40.189695
Car-1,2009-04-18 03:11:40,117.102542,40.189694
Car-1,2009-04-18 03:11:42,117.102544,40.189675
Car-1,2009-04-18 03:11:44,117.102555,40.189686
Car-1,2009-04-18 03:11:46,117.10256,40.189687
Car-1,2009-04-18 03:11:48,117.102562,40.189687
Car-1,2009-04-18 03:11:50,117.102563,40.189686
Car-1,2009-04-18 03:11:52,117.102574,40.189687
Car-1,2009-04-18 03:11:54,117.102622,40.189687
Car-1,2009-04-18 03:11:56,117.102672,40.18969
Car-1,2009-04-18 03:11:58,117.102705,40.189695
Car-1,2009-04-18 03:12:00,117.10271,40.189693
Car-1,2009-04-18 03:12:02,117.102713,40.189693
Car-1,2009-04-18 03:12:04,117.102715,40.189693
Car-1,2009-04-18 03:12:06,117.102746,40.189696
Car-1,2009-04-18 03:12:08,117.102775,40.189706
Car-1,2009-04-18 03:12:10,117.102787,40.189692
Car-1,2009-04-18 03:12:12,117.102806,40.1897
Car-1,2009-04-18 03:12:14,117.102828,40.189718
Car-1,2009-04-18 03:12:16,117.10285,40.189715
Car-1,2009-04-18 03:12:18,117.102867,40.189714
Car-1,2009-04-18 03:12:20,117.102889,40.189726
Car-1,2009-04-18 03:12:22,117.102937,40.189733
Car-1,2009-04-18 03:12:24,117.102992,40.189734
Car-1,2009-04-18 03:12:26,117.103035,40.189737
Car-1,2009-04-18 03:12:28,117.103064,40.189732
Car-1,2009-04-18 03:12:30,117.103097,40.18973
Car-1,2009-04-18 03:12:32,117.103143,40.189739
Car-1,2009-04-18 03:12:34,117.103202,40.189761
Car-1,2009-04-18 03:12:36,117.103247,40.189765
Car-1,2009-04-18 03:12:38,117.103292,40.189762
Car-1,2009-04-18 03:12:40,117.103336,40.189763
Car-1,2009-04-18 03:12:42,117.103357,40.189773
Car-1,2009-04-18 03:12:44,117.103362,40.189775
Car-1,2009-04-18 03:12:46,117.103353,40.189761
Car-1,2009-04-18 03:12:48,117.103357,40.189764
Car-1,2009-04-18 03:12:50,117.103367,40.189769
Car-1,2009-04-18 03:12:52,117.103384,40.189769
Car-1,2009-04-18 03:12:54,117.1034,40.189773
Car-1,2009-04-18 03:12:56,117.103414,40.189763
Car-1,2009-04-18 03:12:58,117.103429,40.189763
Car-1,2009-04-18 03:13:00,117.103441,40.189756
Car-1,2009-04-18 03:13:02,117.103453,40.189765
Car-1,2009-04-18 03:13:04,117.103468,40.189776
Car-1,2009-04-18 03:13:06,117.103475,40.189778
Car-1,2009-04-18 03:13:08,117.103476,40.189775
Car-1,2009-04-18 03:13:10,117.103473,40.189775
Car-1,2009-04-18 03:13:12,117.103472,40.189783
Car-1,2009-04-18 03:13:14,117.103464,40.189781
Car-1,2009-04-18 03:13:16,117.10346,40.189781
Car-1,2009-04-18 03:13:18,117.103457,40.189781
Car-1,2009-04-18 03:13:20,117.103456,40.189781
Car-1,2009-04-18 03:13:22,117.10346,40.18978
Car-1,2009-04-18 03:13:24,117.103488,40.189781
Car-1,2009-04-18 03:13:26,117.103524,40.189775
Car-1,2009-04-18 03:13:28,117.103558,40.189781
Car-1,2009-04-18 03:13:30,117.103577,40.189792
Car-1,2009-04-18 03:13:32,117.103583,40.189777
Car-1,2009-04-18 03:13:34,117.103597,40.189776
Car-1,2009-04-18 03:13:36,117.103596,40.189776
Car-1,2009-04-18 03:13:38,117.103596,40.189776
Car-1,2009-04-18 03:13:40,117.103595,40.189776
Car-1,2009-04-18 03:13:42,117.103597,40.189776
Car-1,2009-04-18 03:13:44,117.103619,40.189774
Car-1,2009-04-18 03:13:46,117.10367,40.18978
Car-1,2009-04-18 03:13:48,117.103719,40.189786
Car-1,2009-04-18 03:13:50,117.103763,40.189788
Car-1,2009-04-18 03:13:52,117.103777,40.189782
Car-1,2009-04-18 03:13:54,117.103794,40.189781
Car-1,2009-04-18 03:13:56,117.103813,40.189778
Car-1,2009-04-18 03:13:58,117.103829,40.189797
Car-1,2009-04-18 03:14:00,117.103853,40.189803
Car-1,2009-04-18 03:14:02,117.103865,40.189799
Car-1,2009-04-18 03:14:04,117.103871,40.189804
Car-1,2009-04-18 03:14:06,117.10388,40.18981
Car-1,2009-04-18 03:14:08,117.103893,40.189813
Car-1,2009-04-18 03:14:10,117.103899,40.189808
Car-1,2009-04-18 03:14:12,117.103903,40.189806
Car-1,2009-04-18 03:14:14,117.103906,40.189806
Car-1,2009-04-18 03:14:16,117.10391,40.189807
Car-1,2009-04-18 03:14:18,117.103925,40.189806
Car-1,2009-04-18 03:14:20,117.103941,40.189798
Car-1,2009-04-18 03:14:22,117.103973,40.189797
Car-1,2009-04-18 03:14:24,117.104016,40.189808
Car-1,2009-04-18 03:14:26,117.104059,40.189816
Car-1,2009-04-18 03:16:24,117.104396,40.189845
Car-1,2009-04-18 03:16:26,117.104452,40.189871
Car-1,2009-04-18 03:16:28,117.104496,40.189879
Car-1,2009-04-18 03:16:30,117.104527,40.189884
Car-1,2009-04-18 03:16:32,117.10455,40.189885
Car-1,2009-04-18 03:16:34,117.104559,40.189881
Car-1,2009-04-18 03:16:36,117.104572,40.189874
Car-1,2009-04-18 03:16:38,117.104579,40.18987
Car-1,2009-04-18 03:16:40,117.104609,40.189877
Car-1,2009-04-18 03:16:42,117.104626,40.18988
Car-1,2009-04-18 03:16:44,117.104633,40.189891
Car-1,2009-04-18 03:16:46,117.104635,40.189888
Car-1,2009-04-18 03:16:48,117.104651,40.189889
Car-1,2009-04-18 03:16:50,117.104658,40.189876
Car-1,2009-04-18 03:16:52,117.104664,40.189877
Car-1,2009-04-18 03:16:54,117.10467,40.189878
Car-1,2009-04-18 03:16:56,117.104673,40.189878
Car-1,2009-04-18 03:16:58,117.104677,40.189879
Car-1,2009-04-18 03:17:00,117.10468,40.189881
Car-1,2009-04-18 03:17:02,117.104683,40.189884
Car-1,2009-04-18 03:17:04,117.104685,40.189888
Car-1,2009-04-18 03:17:06,117.104686,40.189892
Car-1,2009-04-18 03:17:08,117.10469,40.189894
Car-1,2009-04-18 03:17:10,117.104703,40.189899
Car-1,2009-04-18 03:17:12,117.104728,40.18991
Car-1,2009-04-18 03:17:14,117.10474,40.189919
Car-1,2009-04-18 03:17:16,117.104747,40.189922
Car-1,2009-04-18 03:17:18,117.104767,40.189917
Car-1,2009-04-18 03:17:20,117.104758,40.189912
Car-1,2009-04-18 03:17:22,117.104773,40.189904
Car-1,2009-04-18 03:17:24,117.104795,40.189894
Car-1,2009-04-18 03:17:26,117.104833,40.189895
Car-1,2009-04-18 03:17:28,117.104843,40.1899
Car-1,2009-04-18 03:17:30,117.104833,40.189903
Car-1,2009-04-18 03:17:32,117.104832,40.189907
Car-1,2009-04-18 03:17:34,117.104829,40.189913
Car-1,2009-04-18 03:17:36,117.104831,40.189916
Car-1,2009-04-18 03:17:38,117.104834,40.189918
Car-1,2009-04-18 03:17:40,117.104839,40.18992
Car-1,2009-04-18 03:17:42,117.104844,40.189922
Car-1,2009-04-18 03:17:44,117.10485,40.189922
Car-1,2009-04-18 03:17:46,117.104856,40.189924
Car-1,2009-04-18 03:17:48,117.104862,40.189925
Car-1,2009-04-18 03:17:50,117.104868,40.189927
Car-1,2009-04-18 03:17:52,117.104874,40.189928
Car-1,2009-04-18 03:17:54,117.10488,40.189929
Car-1,2009-04-18 03:17:56,117.104885,40.18993
Car-1,2009-04-18 03:17:58,117.10489,40.189931
Car-1,2009-04-18 03:18:00,117.104894,40.18993
Car-1,2009-04-18 03:18:02,117.104897,40.189929
Car-1,2009-04-18 03:18:04,117.1049,40.189928
Car-1,2009-04-18 03:18:06,117.104903,40.189926
Car-1,2009-04-18 03:18:08,117.104906,40.189924
Car-1,2009-04-18 03:18:10,117.104909,40.189923
Car-1,2009-04-18 03:18:12,117.104911,40.189922
Car-1,2009-04-18 03:18:14,117.104914,40.189922
Car-1,2009-04-18 03:18:16,117.104918,40.189922
Car-1,2009-04-18 03:18:18,117.104922,40.189922
Car-1,2009-04-18 03:18:20,117.104927,40.189922
Car-1,2009-04-18 03:18:22,117.10493,40.189924
Car-1,2009-04-18 03:18:24,117.104932,40.189926
Car-1,2009-04-18 03:18:26,117.104933,40.189929
Car-1,2009-04-18 03:18:28,117.104934,40.18993
Car-1,2009-04-18 03:18:30,117.10494,40.189929
Car-1,2009-04-18 03:18:32,117.104992,40.189933
Car-1,2009-04-18 03:18:34,117.10505,40.189935
Car-1,2009-04-18 03:18:36,117.105111,40.189931
Car-1,2009-04-18 03:18:38,117.105152,40.189938
Car-1,2009-04-18 03:18:40,117.105167,40.189935
Car-1,2009-04-18 03:18:42,117.105175,40.189939
Car-1,2009-04-18 03:18:44,117.105181,40.189928
Car-1,2009-04-18 03:18:46,117.105209,40.189946
Car-1,2009-04-18 03:18:48,117.10523,40.189949
Car-1,2009-04-18 03:18:50,117.105246,40.189954
Car-1,2009-04-18 03:18:52,117.105261,40.189955
Car-1,2009-04-18 03:18:54,117.105277,40.189942
Car-1,2009-04-18 03:18:56,117.105278,40.189951
Car-1,2009-04-18 03:18:58,117.105281,40.189953
Car-1,2009-04-18 03:21:52,117.10561,40.190024
Car-1,2009-04-18 03:21:54,117.105629,40.190032
Car-1,2009-04-18 03:21:56,117.105658,40.190024
Car-1,2009-04-18 03:21:58,117.105714,40.190016
Car-1,2009-04-18 03:22:00,117.105771,40.190008
Car-1,2009-04-18 03:22:02,117.105846,40.190003
Car-1,2009-04-18 03:22:04,117.105926,40.190015
Car-1,2009-04-18 03:22:06,117.106004,40.190032
Car-1,2009-04-18 03:22:08,117.106059,40.190035
Car-1,2009-04-18 03:22:10,117.106117,40.190035
Car-1,2009-04-18 03:22:12,117.106204,40.190028
Car-1,2009-04-18 03:22:14,117.106351,40.190039
Car-1,2009-04-18 03:22:16,117.106512,40.190052
Car-1,2009-04-18 03:22:18,117.106657,40.190061
Car-1,2009-04-18 03:22:20,117.106793,40.190082
Car-1,2009-04-18 03:22:22,117.106939,40.190087
Car-1,2009-04-18 03:22:24,117.107098,40.190089
Car-1,2009-04-18 03:22:26,117.107233,40.190103
Car-1,2009-04-18 03:22:28,117.107334,40.190129
Car-1,2009-04-18 03:22:30,117.107452,40.190142
Car-1,2009-04-18 03:22:32,117.107567,40.190153
Car-1,2009-04-18 03:22:34,117.107708,40.190156
Car-1,2009-04-18 03:22:36,117.107849,40.190194
Car-1,2009-04-18 03:22:38,117.107994,40.190223
Car-1,2009-04-18 03:22:40,117.108172,40.190236
Car-1,2009-04-18 03:22:42,117.108357,40.190258
Car-1,2009-04-18 03:22:44,117.108572,40.190278
Car-1,2009-04-18 03:22:46,117.108813,40.190317
Car-1,2009-04-18 03:22:48,117.109061,40.190348
Car-1,2009-04-18 03:22:50,117.109325,40.190389
Car-1,2009-04-18 03:22:52,117.109594,40.190433
Car-1,2009-04-18 03:22:54,117.109875,40.190482
Car-1,2009-04-18 03:22:56,117.110158,40.190537
Car-1,2009-04-18 03:22:58,117.110438,40.190601
Car-1,2009-04-18 03:23:00,117.110745,40.190655
Car-1,2009-04-18 03:23:02,117.11105,40.190698
Car-1,2009-04-18 03:23:04,117.111361,40.190757
Car-1,2009-04-18 03:23:06,117.111668,40.190819
Car-1,2009-04-18 03:23:08,117.11198,40.190878
Car-1,2009-04-18 03:23:10,117.112302,40.190935
Car-1,2009-04-18 03:23:12,117.112627,40.190995
Car-1,2009-04-18 03:23:14,117.112968,40.191054
Car-1,2009-04-18 03:23:16,117.113323,40.191124
Car-1,2009-04-18 03:23:18,117.113717,40.191181
Car-1,2009-04-18 03:23:20,117.114081,40.191246
Car-1,2009-04-18 03:23:22,117.114448,40.191306
Car-1,2009-04-18 03:23:24,117.114797,40.191375
Car-1,2009-04-18 03:23:26,117.115162,40.191435
Car-1,2009-04-18 03:23:28,117.115525,40.191497
Car-1,2009-04-18 03:23:30,117.115895,40.191558
Car-1,2009-04-18 03:23:32,117.11628,40.191618
Car-1,2009-04-18 03:23:34,117.116687,40.191668
Car-1,2009-04-18 03:23:36,117.117096,40.191736
Car-1,2009-04-18 03:23:38,117.117507,40.191777
Car-1,2009-04-18 03:23:40,117.11792,40.19183
Car-1,2009-04-18 03:23:42,117.118327,40.191866
Car-1,2009-04-18 03:23:44,117.118723,40.19189
Car-1,2009-04-18 03:23:46,117.119112,40.191912
Car-1,2009-04-18 03:23:48,117.119501,40.191939
Car-1,2009-04-18 03:23:50,117.119889,40.191954
Car-1,2009-04-18 03:23:52,117.120264,40.19196
Car-1,2009-04-18 03:23:54,117.12064,40.19196
Car-1,2009-04-18 03:23:56,117.121006,40.191958
Car-1,2009-04-18 03:23:58,117.121364,40.191954
Car-1,2009-04-18 03:24:00,117.121733,40.191953
Car-1,2009-04-18 03:24:02,117.122105,40.191949
Car-1,2009-04-18 03:24:04,117.122481,40.191943
Car-1,2009-04-18 03:24:06,117.122863,40.191939
Car-1,2009-04-18 03:24:08,117.123227,40.191934
Car-1,2009-04-18 03:24:10,117.123587,40.191929
Car-1,2009-04-18 03:24:12,117.123921,40.191936
Car-1,2009-04-18 03:24:14,117.124256,40.191941
Car-1,2009-04-18 03:24:16,117.124581,40.19194
Car-1,2009-04-18 03:24:18,117.124885,40.191945
Car-1,2009-04-18 03:24:20,117.125131,40.191958
Car-1,2009-04-18 03:24:22,117.12528,40.191954
Car-1,2009-04-18 03:24:24,117.12539,40.191958
Car-1,2009-04-18 03:24:26,117.125484,40.191934
Car-1,2009-04-18 03:24:28,117.125628,40.191925
Car-1,2009-04-18 03:24:30,117.12581,40.191921
Car-1,2009-04-18 03:24:32,117.126013,40.191916
Car-1,2009-04-18 03:24:34,117.126255,40.191915
Car-1,2009-04-18 03:24:36,117.126529,40.191911
Car-1,2009-04-18 03:24:38,117.126826,40.191907
Car-1,2009-04-18 03:24:40,117.127154,40.1919
Car-1,2009-04-18 03:24:42,117.127503,40.191894
Car-1,2009-04-18 03:24:44,117.127851,40.191877
Car-1,2009-04-18 03:24:46,117.128184,40.191881
Car-1,2009-04-18 03:24:48,117.128512,40.19189
Car-1,2009-04-18 03:24:50,117.128824,40.191904
Car-1,2009-04-18 03:24:52,117.129115,40.191926
Car-1,2009-04-18 03:24:54,117.129408,40.19195
Car-1,2009-04-18 03:24:56,117.129679,40.191977
Car-1,2009-04-18 03:24:58,117.129927,40.192024
Car-1,2009-04-18 03:25:00,117.130153,40.192068
Car-1,2009-04-18 03:25:02,117.130346,40.192107
Car-1,2009-04-18 03:25:04,117.130526,40.192133
Car-1,2009-04-18 03:25:06,117.130706,40.192166
Car-1,2009-04-18 03:25:08,117.130886,40.192213
Car-1,2009-04-18 03:25:10,117.13106,40.192266
Car-1,2009-04-18 03:25:12,117.131243,40.19231
Car-1,2009-04-18 03:25:14,117.131431,40.192353
Car-1,2009-04-18 03:25:16,117.13164,40.192415
Car-1,2009-04-18 03:25:18,117.131852,40.192476
Car-1,2009-04-18 03:25:20,117.132075,40.192544
Car-1,2009-04-18 03:25:22,117.132315,40.192624
Car-1,2009-04-18 03:25:24,117.132541,40.192744
Car-1,2009-04-18 03:25:26,117.132813,40.192846
Car-1,2009-04-18 03:25:28,117.133083,40.192957
Car-1,2009-04-18 03:25:30,117.133348,40.193083
Car-1,2009-04-18 03:25:32,117.13362,40.193225
Car-1,2009-04-18 03:25:34,117.133906,40.193371
Car-1,2009-04-18 03:25:36,117.13418,40.193547
Car-1,2009-04-18 03:25:38,117.134477,40.193726
Car-1,2009-04-18 03:25:40,117.134792,40.19391
Car-1,2009-04-18 03:25:42,117.135096,40.194093
Car-1,2009-04-18 03:25:44,117.135395,40.194269
Car-1,2009-04-18 03:25:46,117.135685,40.19444
Car-1,2009-04-18 03:25:48,117.135966,40.194601
Car-1,2009-04-18 03:25:50,117.13622,40.194756
Car-1,2009-04-18 03:25:52,117.136457,40.19491
Car-1,2009-04-18 03:25:54,117.136704,40.195063
Car-1,2009-04-18 03:25:56,117.136958,40.195205
Car-1,2009-04-18 03:25:58,117.137222,40.195359
Car-1,2009-04-18 03:26:00,117.137514,40.195514
Car-1,2009-04-18 03:26:02,117.137772,40.195666
Car-1,2009-04-18 03:26:04,117.138044,40.195807
Car-1,2009-04-18 03:26:06,117.138298,40.195948
Car-1,2009-04-18 03:26:08,117.138545,40.196097
Car-1,2009-04-18 03:26:10,117.138787,40.19624
Car-1,2009-04-18 03:26:12,117.139042,40.196389
Car-1,2009-04-18 03:26:14,117.139282,40.196528
Car-1,2009-04-18 03:26:16,117.139526,40.196669
Car-1,2009-04-18 03:26:18,117.139785,40.196796
Car-1,2009-04-18 03:26:20,117.140049,40.196934
Car-1,2009-04-18 03:26:22,117.14032,40.197075
Car-1,2009-04-18 03:26:24,117.140619,40.197195
Car-1,2009-04-18 03:26:26,117.140925,40.197313
Car-1,2009-04-18 03:26:28,117.141239,40.197428
Car-1,2009-04-18 03:26:30,117.141571,40.19753
Car-1,2009-04-18 03:26:32,117.141918,40.197619
Car-1,2009-04-18 03:26:34,117.142282,40.197687
Car-1,2009-04-18 03:26:36,117.14266,40.197747
Car-1,2009-04-18 03:26:38,117.143047,40.197786
Car-1,2009-04-18 03:26:40,117.143424,40.197811
Car-1,2009-04-18 03:26:42,117.143812,40.19782
Car-1,2009-04-18 03:26:44,117.144226,40.197813
Car-1,2009-04-18 03:26:46,117.144637,40.197792
Car-1,2009-04-18 03:26:48,117.145021,40.197736
Car-1,2009-04-18 03:26:50,117.14541,40.197676
Car-1,2009-04-18 03:26:52,117.145801,40.197597
Car-1,2009-04-18 03:26:54,117.146185,40.197516
Car-1,2009-04-18 03:26:56,117.146549,40.197423
Car-1,2009-04-18 03:26:58,117.146915,40.197325
Car-1,2009-04-18 03:27:00,117.147266,40.197198
Car-1,2009-04-18 03:27:02,117.147648,40.197076
Car-1,2009-04-18 03:27:04,117.148042,40.196928
Car-1,2009-04-18 03:27:06,117.148426,40.196759
Car-1,2009-04-18 03:27:08,117.148797,40.196573
Car-1,2009-04-18 03:27:10,117.14915,40.196379
Car-1,2009-04-18 03:27:12,117.149501,40.196175
Car-1,2009-04-18 03:27:14,117.14984,40.195973
Car-1,2009-04-18 03:27:16,117.15019,40.195798
Car-1,2009-04-18 03:27:18,117.15056,40.195665
Car-1,2009-04-18 03:27:20,117.15093,40.195571
Car-1,2009-04-18 03:27:22,117.15129,40.195518
Car-1,2009-04-18 03:27:24,117.151652,40.195518
Car-1,2009-04-18 03:27:26,117.151987,40.195561
Car-1,2009-04-18 03:27:28,117.152321,40.195623
Car-1,2009-04-18 03:27:30,117.152668,40.195702
Car-1,2009-04-18 03:27:32,117.153008,40.195823
Car-1,2009-04-18 03:27:34,117.153359,40.195958
Car-1,2009-04-18 03:27:36,117.153717,40.19613
Car-1,2009-04-18 03:27:38,117.154104,40.196295
Car-1,2009-04-18 03:27:40,117.154477,40.196463
Car-1,2009-04-18 03:27:42,117.154829,40.196634
Car-1,2009-04-18 03:27:44,117.15517,40.196791
Car-1,2009-04-18 03:27:46,117.155484,40.196957
Car-1,2009-04-18 03:27:48,117.155778,40.197109
Car-1,2009-04-18 03:27:50,117.156064,40.197243
Car-1,2009-04-18 03:27:52,117.156338,40.197375
Car-1,2009-04-18 03:27:54,117.156606,40.197517
Car-1,2009-04-18 03:27:56,117.156866,40.197646
Car-1,2009-04-18 03:27:58,117.157104,40.197736
Car-1,2009-04-18 03:28:00,117.157352,40.197852
Car-1,2009-04-18 03:28:02,117.157632,40.197961
Car-1,2009-04-18 03:28:04,117.157911,40.198083
Car-1,2009-04-18 03:28:06,117.158194,40.198213
Car-1,2009-04-18 03:28:08,117.158484,40.198349
Car-1,2009-04-18 03:28:10,117.158774,40.198487
Car-1,2009-04-18 03:28:12,117.159077,40.198619
Car-1,2009-04-18 03:28:14,117.159393,40.198748
Car-1,2009-04-18 03:28:16,117.159738,40.198873
Car-1,2009-04-18 03:28:18,117.16011,40.199001
Car-1,2009-04-18 03:28:20,117.160509,40.199094
Car-1,2009-04-18 03:28:22,117.1609,40.199184
Car-1,2009-04-18 03:28:24,117.161312,40.199247
Car-1,2009-04-18 03:28:26,117.161726,40.199294
Car-1,2009-04-18 03:28:28,117.162124,40.199306
Car-1,2009-04-18 03:28:30,117.162494,40.199302
Car-1,2009-04-18 03:28:32,117.162817,40.199267
Car-1,2009-04-18 03:28:34,117.163139,40.199249
Car-1,2009-04-18 03:28:36,117.163467,40.199227
Car-1,2009-04-18 03:28:38,117.163809,40.1992
Car-1,2009-04-18 03:28:40,117.164182,40.199165
Car-1,2009-04-18 03:28:42,117.164567,40.199114
Car-1,2009-04-18 03:28:44,117.164963,40.199058
Car-1,2009-04-18 03:28:46,117.165353,40.199006
Car-1,2009-04-18 03:28:48,117.165738,40.198953
Car-1,2009-04-18 03:28:50,117.166126,40.198915
Car-1,2009-04-18 03:28:52,117.166508,40.198872
Car-1,2009-04-18 03:28:54,117.166898,40.198841
Car-1,2009-04-18 03:28:56,117.167287,40.198819
Car-1,2009-04-18 03:28:58,117.167688,40.19883
Car-1,2009-04-18 03:29:00,117.168069,40.198842
Car-1,2009-04-18 03:29:02,117.168461,40.198849
Car-1,2009-04-18 03:29:04,117.168852,40.198877
Car-1,2009-04-18 03:29:06,117.169239,40.198936
Car-1,2009-04-18 03:29:08,117.169625,40.199008
Car-1,2009-04-18 03:29:10,117.170008,40.199096
Car-1,2009-04-18 03:29:12,117.170379,40.199197
Car-1,2009-04-18 03:29:14,117.17071,40.199322
Car-1,2009-04-18 03:29:16,117.171045,40.199443
Car-1,2009-04-18 03:29:18,117.171391,40.199563
Car-1,2009-04-18 03:29:20,117.171684,40.199709
Car-1,2009-04-18 03:29:22,117.171983,40.199869
Car-1,2009-04-18 03:29:24,117.17226,40.200047
Car-1,2009-04-18 03:29:26,117.172523,40.200241
Car-1,2009-04-18 03:29:28,117.172771,40.200445
Car-1,2009-04-18 03:29:30,117.173015,40.200662
Car-1,2009-04-18 03:29:32,117.173231,40.200866
Car-1,2009-04-18 03:29:34,117.173428,40.20107
Car-1,2009-04-18 03:29:36,117.173609,40.201283
Car-1,2009-04-18 03:29:38,117.173792,40.201515
Car-1,2009-04-18 03:29:40,117.173965,40.201751
Car-1,2009-04-18 03:29:42,117.174127,40.201989
Car-1,2009-04-18 03:29:44,117.174278,40.202234
Car-1,2009-04-18 03:29:46,117.174421,40.202467
Car-1,2009-04-18 03:29:48,117.174564,40.202678
Car-1,2009-04-18 03:29:50,117.1747,40.202878
Car-1,2009-04-18 03:29:52,117.174833,40.203079
Car-1,2009-04-18 03:29:54,117.174969,40.203274
Car-1,2009-04-18 03:29:56,117.175104,40.203459
Car-1,2009-04-18 03:29:58,117.175235,40.203624
Car-1,2009-04-18 03:30:00,117.175366,40.203758
Car-1,2009-04-18 03:30:02,117.175481,40.203866
Car-1,2009-04-18 03:30:04,117.175578,40.203967
Car-1,2009-04-18 03:30:06,117.175658,40.204032
Car-1,2009-04-18 03:30:08,117.175692,40.204059
Car-1,2009-04-18 03:30:10,117.175716,40.204085
Car-1,2009-04-18 03:30:12,117.175731,40.204111
Car-1,2009-04-18 03:30:14,117.175763,40.204153
Car-1,2009-04-18 03:30:16,117.175826,40.204217
Car-1,2009-04-18 03:30:18,117.175912,40.204294
Car-1,2009-04-18 03:30:20,117.176014,40.204377
Car-1,2009-04-18 03:30:22,117.176121,40.204454
Car-1,2009-04-18 03:30:24,117.176228,40.204529
Car-1,2009-04-18 03:30:26,117.176326,40.204594
Car-1,2009-04-18 03:30:28,117.176428,40.204653
Car-1,2009-04-18 03:30:30,117.176499,40.204686
Car-1,2009-04-18 03:30:32,117.176572,40.204716
Car-1,2009-04-18 03:30:34,117.176634,40.204743
Car-1,2009-04-18 03:30:36,117.176692,40.204768
Car-1,2009-04-18 03:30:38,117.176741,40.204791
Car-1,2009-04-18 03:30:40,117.176787,40.204814
Car-1,2009-04-18 03:30:42,117.176817,40.204829
Car-1,2009-04-18 03:30:44,117.176872,40.204854
Car-1,2009-04-18 03:30:46,117.176942,40.204897
Car-1,2009-04-18 03:30:48,117.177039,40.204934
Car-1,2009-04-18 03:30:50,117.177124,40.204967
Car-1,2009-04-18 03:30:52,117.177194,40.20499
Car-1,2009-04-18 03:30:54,117.177247,40.205011
Car-1,2009-04-18 03:30:56,117.177294,40.205029
Car-1,2009-04-18 03:30:58,117.177339,40.205045
Car-1,2009-04-18 03:31:00,117.177386,40.205059
Car-1,2009-04-18 03:31:02,117.177431,40.205072
Car-1,2009-04-18 03:31:04,117.177458,40.205101
Car-1,2009-04-18 03:31:06,117.177469,40.205114
Car-1,2009-04-18 03:31:08,117.177482,40.205109
Car-1,2009-04-18 03:31:10,117.177486,40.205114
Car-1,2009-04-18 03:31:12,117.177489,40.205116
Car-1,2009-04-18 03:31:14,117.177489,40.205115
Car-1,2009-04-18 03:31:16,117.177492,40.205118
Car-1,2009-04-18 03:31:18,117.177506,40.205124
Car-1,2009-04-18 03:31:20,117.17753,40.205132
Car-1,2009-04-18 03:31:22,117.177551,40.205136
Car-1,2009-04-18 03:31:24,117.177564,40.205135
Car-1,2009-04-18 03:31:26,117.177581,40.205138
Car-1,2009-04-18 03:31:28,117.177618,40.205155
Car-1,2009-04-18 03:31:30,117.177676,40.205153
Car-1,2009-04-18 03:31:32,117.177745,40.20516
Car-1,2009-04-18 03:31:34,117.177814,40.205177
Car-1,2009-04-18 03:31:36,117.177885,40.205192
Car-1,2009-04-18 03:31:38,117.177964,40.205211
Car-1,2009-04-18 03:31:40,117.178038,40.205232
Car-1,2009-04-18 03:31:42,117.178107,40.205257
Car-1,2009-04-18 03:31:44,117.178152,40.205276
Car-1,2009-04-18 03:31:46,117.178196,40.20529
Car-1,2009-04-18 03:31:48,117.178222,40.205285
Car-1,2009-04-18 03:31:50,117.178245,40.205287
Car-1,2009-04-18 03:31:52,117.178267,40.205287
Car-1,2009-04-18 03:31:54,117.178284,40.20529
Car-1,2009-04-18 03:31:56,117.178296,40.205291
Car-1,2009-04-18 03:31:58,117.178302,40.205296
Car-1,2009-04-18 03:32:00,117.178306,40.2053
Car-1,2009-04-18 03:32:02,117.178319,40.205304
Car-1,2009-04-18 03:32:04,117.178337,40.205309
Car-1,2009-04-18 03:32:06,117.178352,40.205319
Car-1,2009-04-18 03:32:08,117.178376,40.205322
Car-1,2009-04-18 03:32:10,117.178411,40.205326
Car-1,2009-04-18 03:32:12,117.17845,40.205336
Car-1,2009-04-18 03:32:14,117.178479,40.205342
Car-1,2009-04-18 03:32:16,117.178498,40.205338
Car-1,2009-04-18 03:32:18,117.178537,40.205328
Car-1,2009-04-18 03:32:20,117.178585,40.205324
Car-1,2009-04-18 03:32:22,117.178624,40.205329
Car-1,2009-04-18 03:32:24,117.178677,40.205341
Car-1,2009-04-18 03:32:26,117.178721,40.205346
Car-1,2009-04-18 03:32:28,117.178766,40.205345
Car-1,2009-04-18 03:32:30,117.178836,40.205342
Car-1,2009-04-18 03:32:32,117.178901,40.205346
Car-1,2009-04-18 03:32:34,117.178963,40.205351
Car-1,2009-04-18 03:32:36,117.179041,40.205333
Car-1,2009-04-18 03:32:38,117.179138,40.205319
Car-1,2009-04-18 03:32:40,117.179275,40.205332
Car-1,2009-04-18 03:32:42,117.179366,40.205334
Car-1,2009-04-18 03:32:44,117.179415,40.205337
Car-1,2009-04-18 03:32:46,117.179446,40.20534
Car-1,2009-04-18 03:32:48,117.179455,40.205323
Car-1,2009-04-18 03:32:50,117.179443,40.205311
Car-1,2009-04-18 03:32:52,117.17944,40.205308
Car-1,2009-04-18 03:32:54,117.179438,40.205306
Car-1,2009-04-18 03:32:56,117.179437,40.205305
Car-1,2009-04-18 03:32:58,117.179435,40.205304
Car-1,2009-04-18 03:33:00,117.179435,40.205304
Car-1,2009-04-18 03:33:02,117.179435,40.205304
Car-1,2009-04-18 03:33:04,117.179435,40.205304
Car-1,2009-04-18 03:33:06,117.179439,40.205307
Car-1,2009-04-18 03:33:08,117.179442,40.20531
Car-1,2009-04-18 03:33:10,117.179444,40.205313
Car-1,2009-04-18 03:33:12,117.179446,40.205314
Car-1,2009-04-18 03:33:14,117.179447,40.205316
Car-1,2009-04-18 03:33:16,117.17945,40.205318
Car-1,2009-04-18 03:33:18,117.179451,40.20532
Car-1,2009-04-18 03:33:20,117.179452,40.205321
Car-1,2009-04-18 03:33:22,117.179455,40.205325
Car-1,2009-04-18 03:33:24,117.179488,40.20534
Car-1,2009-04-18 03:33:26,117.179535,40.20537
Car-1,2009-04-18 03:33:28,117.179604,40.205422
Car-1,2009-04-18 03:33:30,117.179665,40.205527
Car-1,2009-04-18 03:33:32,117.179715,40.205686
Car-1,2009-04-18 03:34:14,117.179262,40.210526
Car-1,2009-04-18 03:34:56,117.173019,40.213912
Car-1,2009-04-18 03:35:38,117.16813,40.216092
Car-1,2009-04-18 03:35:40,117.167911,40.2162
Car-1,2009-04-18 03:35:42,117.167695,40.216314
Car-1,2009-04-18 03:35:44,117.167482,40.216418
Car-1,2009-04-18 03:35:46,117.167274,40.216514
Car-1,2009-04-18 03:35:48,117.167072,40.216627
Car-1,2009-04-18 03:35:50,117.166876,40.216742
Car-1,2009-04-18 03:35:52,117.166684,40.216865
Car-1,2009-04-18 03:35:54,117.166481,40.21699
Car-1,2009-04-18 03:35:56,117.166282,40.217115
Car-1,2009-04-18 03:35:58,117.166086,40.21726
Car-1,2009-04-18 03:36:00,117.165916,40.217426
Car-1,2009-04-18 03:36:02,117.165756,40.217591
Car-1,2009-04-18 03:36:04,117.165633,40.217742
Car-1,2009-04-18 03:36:06,117.165495,40.217892
Car-1,2009-04-18 03:36:08,117.165369,40.21806
Car-1,2009-04-18 03:36:10,117.165257,40.218228
Car-1,2009-04-18 03:36:12,117.165156,40.218399
Car-1,2009-04-18 03:36:14,117.165074,40.218564
Car-1,2009-04-18 03:36:16,117.165003,40.218741
Car-1,2009-04-18 03:36:18,117.164954,40.218927
Car-1,2009-04-18 03:36:20,117.164938,40.219096
Car-1,2009-04-18 03:36:22,117.164924,40.219277
Car-1,2009-04-18 03:36:24,117.16495,40.219459
Car-1,2009-04-18 03:36:26,117.16499,40.219647
Car-1,2009-04-18 03:36:28,117.165038,40.219832
Car-1,2009-04-18 03:36:30,117.165084,40.220027
Car-1,2009-04-18 03:36:32,117.165137,40.220226
Car-1,2009-04-18 03:36:34,117.165189,40.220417
Car-1,2009-04-18 03:36:36,117.165242,40.220612
Car-1,2009-04-18 03:36:38,117.165309,40.220812
Car-1,2009-04-18 03:36:40,117.165352,40.220987
Car-1,2009-04-18 03:36:42,117.165398,40.221144
Car-1,2009-04-18 03:36:44,117.165437,40.221283
Car-1,2009-04-18 03:36:46,117.165464,40.221402
Car-1,2009-04-18 03:36:48,117.165489,40.221484
Car-1,2009-04-18 03:36:50,117.16551,40.221549
Car-1,2009-04-18 03:36:52,117.165528,40.221595
Car-1,2009-04-18 03:36:54,117.165539,40.221644
Car-1,2009-04-18 03:36:56,117.165553,40.221695
Car-1,2009-04-18 03:36:58,117.165555,40.221771
Car-1,2009-04-18 03:37:00,117.16556,40.221886
Car-1,2009-04-18 03:37:02,117.165554,40.222008
Car-1,2009-04-18 03:37:04,117.165556,40.222143
Car-1,2009-04-18 03:37:06,117.165551,40.22228
Car-1,2009-04-18 03:37:08,117.165513,40.222408
Car-1,2009-04-18 03:37:10,117.165468,40.222532
Car-1,2009-04-18 03:37:12,117.165419,40.222653
Car-1,2009-04-18 03:37:14,117.165348,40.222758
Car-1,2009-04-18 03:37:16,117.165268,40.222855
Car-1,2009-04-18 03:37:18,117.165144,40.222948
Car-1,2009-04-18 03:37:20,117.164991,40.223038
Car-1,2009-04-18 03:37:22,117.164819,40.223116
Car-1,2009-04-18 03:37:24,117.164637,40.223182
Car-1,2009-04-18 03:37:26,117.164453,40.22324
Car-1,2009-04-18 03:37:28,117.164276,40.223304
Car-1,2009-04-18 03:37:30,117.164111,40.22338
Car-1,2009-04-18 03:37:32,117.16395,40.223461
Car-1,2009-04-18 03:37:34,117.163789,40.223542
Car-1,2009-04-18 03:37:36,117.163634,40.223621
Car-1,2009-04-18 03:37:38,117.16349,40.223697
Car-1,2009-04-18 03:37:40,117.163351,40.223765
Car-1,2009-04-18 03:37:42,117.163217,40.223838
Car-1,2009-04-18 03:37:44,117.163081,40.223926
Car-1,2009-04-18 03:37:46,117.16295,40.224014
Car-1,2009-04-18 03:37:48,117.162817,40.224107
Car-1,2009-04-18 03:37:50,117.162691,40.224192
Car-1,2009-04-18 03:37:52,117.162588,40.224281
Car-1,2009-04-18 03:37:54,117.162507,40.224353
Car-1,2009-04-18 03:37:56,117.162431,40.22443
Car-1,2009-04-18 03:37:58,117.162331,40.224523
Car-1,2009-04-18 03:38:00,117.162215,40.224621
Car-1,2009-04-18 03:38:02,117.162089,40.224738
Car-1,2009-04-18 03:38:04,117.161961,40.224866
Car-1,2009-04-18 03:38:06,117.161818,40.225002
Car-1,2009-04-18 03:38:08,117.16168,40.225133
Car-1,2009-04-18 03:38:10,117.16156,40.225253
Car-1,2009-04-18 03:38:12,117.161442,40.225379
Car-1,2009-04-18 03:38:14,117.161324,40.225493
Car-1,2009-04-18 03:38:16,117.161218,40.225585
Car-1,2009-04-18 03:38:18,117.161096,40.225685
Car-1,2009-04-18 03:38:20,117.160984,40.225788
Car-1,2009-04-18 03:38:22,117.160872,40.225899
Car-1,2009-04-18 03:38:24,117.160756,40.226002
Car-1,2009-04-18 03:38:26,117.160637,40.226111
Car-1,2009-04-18 03:38:28,117.160528,40.226219
Car-1,2009-04-18 03:38:30,117.160428,40.226313
Car-1,2009-04-18 03:38:32,117.160338,40.226406
Car-1,2009-04-18 03:38:34,117.160264,40.226479
Car-1,2009-04-18 03:38:36,117.1602,40.226547
Car-1,2009-04-18 03:38:38,117.160135,40.226616
Car-1,2009-04-18 03:38:40,117.160067,40.226697
Car-1,2009-04-18 03:38:42,117.160006,40.226756
Car-1,2009-04-18 03:38:44,117.159963,40.226803
Car-1,2009-04-18 03:38:46,117.159934,40.226841
Car-1,2009-04-18 03:38:48,117.159928,40.226877
Car-1,2009-04-18 03:38:50,117.159918,40.22692
Car-1,2009-04-18 03:38:52,117.159861,40.227006
Car-1,2009-04-18 03:38:54,117.159826,40.227121
Car-1,2009-04-18 03:38:56,117.159802,40.227258
Car-1,2009-04-18 03:38:58,117.159756,40.2274
Car-1,2009-04-18 03:39:00,117.159707,40.227538
Car-1,2009-04-18 03:39:02,117.15969,40.227645
Car-1,2009-04-18 03:39:04,117.159661,40.227745
Car-1,2009-04-18 03:39:06,117.159639,40.227858
Car-1,2009-04-18 03:39:08,117.159596,40.227981
Car-1,2009-04-18 03:39:10,117.159551,40.228109
Car-1,2009-04-18 03:39:12,117.15952,40.228247
Car-1,2009-04-18 03:39:14,117.159481,40.228399
Car-1,2009-04-18 03:39:16,117.159463,40.228576
Car-1,2009-04-18 03:39:18,117.159469,40.22877
Car-1,2009-04-18 03:39:20,117.159489,40.228977
Car-1,2009-04-18 03:39:22,117.159508,40.229201
Car-1,2009-04-18 03:39:24,117.159538,40.229433
Car-1,2009-04-18 03:39:26,117.159566,40.229661
Car-1,2009-04-18 03:39:28,117.159588,40.229906
Car-1,2009-04-18 03:39:30,117.159594,40.230141
Car-1,2009-04-18 03:39:32,117.159601,40.230354
Car-1,2009-04-18 03:39:34,117.159608,40.230549
Car-1,2009-04-18 03:39:36,117.159581,40.230727
Car-1,2009-04-18 03:39:38,117.159511,40.230885
Car-1,2009-04-18 03:39:40,117.159383,40.231032
Car-1,2009-04-18 03:39:42,117.159256,40.231192
Car-1,2009-04-18 03:39:44,117.159091,40.231334
Car-1,2009-04-18 03:39:46,117.158925,40.231482
Car-1,2009-04-18 03:39:48,117.158758,40.231627
Car-1,2009-04-18 03:39:50,117.158595,40.231771
Car-1,2009-04-18 03:39:52,117.158463,40.231887
Car-1,2009-04-18 03:39:54,117.158336,40.231986
Car-1,2009-04-18 03:39:56,117.158218,40.232087
Car-1,2009-04-18 03:39:58,117.158123,40.232187
Car-1,2009-04-18 03:40:00,117.158039,40.232266
Car-1,2009-04-18 03:40:02,117.157979,40.232338
Car-1,2009-04-18 03:40:04,117.157945,40.232396
Car-1,2009-04-18 03:40:06,117.157916,40.232437
Car-1,2009-04-18 03:40:08,117.157885,40.23247
Car-1,2009-04-18 03:40:10,117.157871,40.232488
Car-1,2009-04-18 03:40:12,117.157857,40.23251
Car-1,2009-04-18 03:40:14,117.15785,40.232523
Car-1,2009-04-18 03:40:16,117.15784,40.23254
Car-1,2009-04-18 03:40:18,117.157832,40.232551
Car-1,2009-04-18 03:40:20,117.157819,40.232561
Car-1,2009-04-18 03:40:22,117.157823,40.232572
Car-1,2009-04-18 03:40:24,117.157821,40.232574
Car-1,2009-04-18 03:40:26,117.157814,40.232581
Car-1,2009-04-18 03:40:28,117.157793,40.232589
Car-1,2009-04-18 03:40:30,117.157762,40.232609
Car-1,2009-04-18 03:40:32,117.157738,40.232625
Car-1,2009-04-18 03:40:34,117.157702,40.232631
Car-1,2009-04-18 03:40:36,117.157656,40.232642
Car-1,2009-04-18 03:40:38,117.157616,40.232664
Car-1,2009-04-18 03:40:40,117.157551,40.232709
Car-1,2009-04-18 03:40:42,117.157491,40.23276
Car-1,2009-04-18 03:40:44,117.157406,40.232794
Car-1,2009-04-18 03:40:46,117.157308,40.232831
Car-1,2009-04-18 03:40:48,117.15718,40.232885
Car-1,2009-04-18 03:40:50,117.157006,40.232957
Car-1,2009-04-18 03:40:52,117.156807,40.233075
Car-1,2009-04-18 03:40:54,117.156615,40.233199
Car-1,2009-04-18 03:40:56,117.156477,40.233285
Car-1,2009-04-18 03:40:58,117.156355,40.233379
Car-1,2009-04-18 03:41:00,117.156253,40.233498
Car-1,2009-04-18 03:41:02,117.15618,40.233622
Car-1,2009-04-18 03:41:04,117.156177,40.233733
Car-1,2009-04-18 03:41:06,117.156109,40.233868
Car-1,2009-04-18 03:41:08,117.156173,40.233958
Car-1,2009-04-18 03:41:10,117.156267,40.234061
Car-1,2009-04-18 03:41:12,117.156334,40.234174
Car-1,2009-04-18 03:41:14,117.156391,40.234284
Car-1,2009-04-18 03:41:16,117.156416,40.234405
Car-1,2009-04-18 03:41:18,117.156413,40.234516
Car-1,2009-04-18 03:41:20,117.156398,40.234617
Car-1,2009-04-18 03:41:22,117.156379,40.234715
Car-1,2009-04-18 03:41:24,117.156366,40.234794
Car-1,2009-04-18 03:41:26,117.156349,40.234861
Car-1,2009-04-18 03:41:28,117.156337,40.2349
Car-1,2009-04-18 03:41:30,117.156328,40.234921
Car-1,2009-04-18 03:41:32,117.156331,40.234939
Car-1,2009-04-18 03:41:34,117.156353,40.234969
Car-1,2009-04-18 03:41:36,117.156388,40.234995
Car-1,2009-04-18 03:41:38,117.156396,40.235012
Car-1,2009-04-18 03:41:40,117.156395,40.235024
Car-1,2009-04-18 03:41:42,117.156388,40.23505
Car-1,2009-04-18 03:41:44,117.15638,40.235091
