agent_id,time,lng,lat
Car-1,2009-12-24 02:43:34,116.453453,39.983472
Car-1,2009-12-24 02:43:35,116.452987,39.98356
Car-1,2009-12-24 02:43:39,116.453264,39.983698
Car-1,2009-12-24 02:43:42,116.453435,39.983758
Car-1,2009-12-24 02:43:44,116.453637,39.983813
Car-1,2009-12-24 02:43:45,116.45375,39.983836
Car-1,2009-12-24 02:43:47,116.45397,39.983895
Car-1,2009-12-24 02:43:49,116.454222,39.983957
Car-1,2009-12-24 02:43:50,116.454346,39.983985
Car-1,2009-12-24 02:43:51,116.454462,39.984015
Car-1,2009-12-24 02:43:52,116.454574,39.984049
Car-1,2009-12-24 02:43:54,116.454785,39.984109
Car-1,2009-12-24 02:43:55,116.454896,39.984143
Car-1,2009-12-24 02:43:57,116.455125,39.984199
Car-1,2009-12-24 02:43:59,116.455347,39.984274
Car-1,2009-12-24 02:44:00,116.45548,39.984305
Car-1,2009-12-24 02:44:01,116.455592,39.984332
Car-1,2009-12-24 02:44:02,116.455718,39.984362
Car-1,2009-12-24 02:44:03,116.455848,39.984395
Car-1,2009-12-24 02:44:04,116.456036,39.984431
Car-1,2009-12-24 02:44:05,116.45616,39.98446
Car-1,2009-12-24 02:44:06,116.456286,39.984496
Car-1,2009-12-24 02:44:07,116.456404,39.984523
Car-1,2009-12-24 02:44:08,116.456522,39.984554
Car-1,2009-12-24 02:44:09,116.456633,39.984583
Car-1,2009-12-24 02:44:10,116.456746,39.984609
Car-1,2009-12-24 02:44:11,116.456859,39.984646
Car-1,2009-12-24 02:44:13,116.457038,39.984715
Car-1,2009-12-24 02:44:14,116.457148,39.984748
Car-1,2009-12-24 02:44:16,116.457312,39.984815
Car-1,2009-12-24 02:44:18,116.457418,39.984864
Car-1,2009-12-24 02:44:23,116.457329,39.984862
Car-1,2009-12-24 02:44:28,116.456888,39.984838
Car-1,2009-12-24 02:44:33,116.456907,39.984845
Car-1,2009-12-24 02:44:38,116.456885,39.984825
Car-1,2009-12-24 02:44:43,116.456871,39.984813
Car-1,2009-12-24 02:44:48,116.456859,39.984801
Car-1,2009-12-24 02:44:53,116.456846,39.984791
Car-1,2009-12-24 02:44:56,116.456951,39.984837
Car-1,2009-12-24 02:44:59,116.457105,39.984903
Car-1,2009-12-24 02:45:01,116.457216,39.984954
Car-1,2009-12-24 02:45:03,116.457345,39.985002
Car-1,2009-12-24 02:45:05,116.457487,39.985062
Car-1,2009-12-24 02:45:07,116.457619,39.985159
Car-1,2009-12-24 02:45:09,116.457749,39.985231
Car-1,2009-12-24 02:45:11,116.457883,39.985322
Car-1,2009-12-24 02:45:13,116.45801,39.985415
Car-1,2009-12-24 02:45:15,116.458136,39.985504
Car-1,2009-12-24 02:45:17,116.458256,39.985613
Car-1,2009-12-24 02:45:19,116.458365,39.985724
Car-1,2009-12-24 02:45:21,116.45848,39.985849
Car-1,2009-12-24 02:45:23,116.458593,39.985954
Car-1,2009-12-24 02:45:25,116.458707,39.986088
Car-1,2009-12-24 02:45:27,116.458844,39.98621
Car-1,2009-12-24 02:45:29,116.458973,39.986351
Car-1,2009-12-24 02:45:31,116.459094,39.986486
Car-1,2009-12-24 02:45:33,116.459187,39.986568
Car-1,2009-12-24 02:45:38,116.459235,39.98663
Car-1,2009-12-24 02:45:42,116.459292,39.986707
Car-1,2009-12-24 02:45:45,116.459383,39.986761
Car-1,2009-12-24 02:45:48,116.459492,39.986865
Car-1,2009-12-24 02:45:50,116.459573,39.986943
Car-1,2009-12-24 02:45:52,116.459669,39.987036
Car-1,2009-12-24 02:45:54,116.459765,39.987129
Car-1,2009-12-24 02:45:56,116.45987,39.987231
Car-1,2009-12-24 02:45:58,116.459969,39.987338
Car-1,2009-12-24 02:46:00,116.460078,39.987441
Car-1,2009-12-24 02:46:02,116.460187,39.987577
Car-1,2009-12-24 02:46:04,116.460305,39.987714
Car-1,2009-12-24 02:46:06,116.460431,39.987854
Car-1,2009-12-24 02:46:08,116.460555,39.987998
Car-1,2009-12-24 02:46:09,116.460615,39.988079
Car-1,2009-12-24 02:46:10,116.460676,39.988158
Car-1,2009-12-24 02:46:12,116.460794,39.988301
Car-1,2009-12-24 02:46:14,116.460915,39.988432
Car-1,2009-12-24 02:46:16,116.461036,39.988567
Car-1,2009-12-24 02:46:18,116.461175,39.988676
Car-1,2009-12-24 02:46:20,116.461308,39.988787
Car-1,2009-12-24 02:46:22,116.461443,39.988901
Car-1,2009-12-24 02:46:24,116.461581,39.98902
Car-1,2009-12-24 02:46:26,116.461706,39.989165
Car-1,2009-12-24 02:46:28,116.461844,39.98929
Car-1,2009-12-24 02:46:30,116.461979,39.989423
Car-1,2009-12-24 02:46:32,116.462121,39.989548
Car-1,2009-12-24 02:46:34,116.462253,39.989662
Car-1,2009-12-24 02:46:36,116.462376,39.989752
Car-1,2009-12-24 02:46:38,116.462482,39.989846
Car-1,2009-12-24 02:46:40,116.462573,39.989942
Car-1,2009-12-24 02:46:42,116.462672,39.990032
Car-1,2009-12-24 02:46:44,116.462775,39.990127
Car-1,2009-12-24 02:46:46,116.46289,39.990219
Car-1,2009-12-24 02:46:48,116.462999,39.990351
Car-1,2009-12-24 02:46:50,116.463128,39.990465
Car-1,2009-12-24 02:46:52,116.46327,39.990589
Car-1,2009-12-24 02:46:54,116.463419,39.990692
Car-1,2009-12-24 02:46:56,116.463552,39.990788
Car-1,2009-12-24 02:46:58,116.463629,39.990878
Car-1,2009-12-24 02:47:02,116.463728,39.990957
Car-1,2009-12-24 02:47:06,116.463824,39.991034
Car-1,2009-12-24 02:47:10,116.463938,39.991078
Car-1,2009-12-24 02:47:15,116.464074,39.991058
Car-1,2009-12-24 02:47:17,116.464185,39.991027
Car-1,2009-12-24 02:47:19,116.464304,39.99097
Car-1,2009-12-24 02:47:21,116.46443,39.9909
Car-1,2009-12-24 02:47:23,116.464575,39.990817
Car-1,2009-12-24 02:47:25,116.464727,39.990721
Car-1,2009-12-24 02:47:27,116.464904,39.990621
Car-1,2009-12-24 02:47:28,116.464996,39.990561
Car-1,2009-12-24 02:47:29,116.465092,39.990494
Car-1,2009-12-24 02:47:30,116.465191,39.990426
Car-1,2009-12-24 02:47:31,116.465289,39.990358
Car-1,2009-12-24 02:47:32,116.46539,39.990286
Car-1,2009-12-24 02:47:33,116.465491,39.990212
Car-1,2009-12-24 02:47:34,116.465588,39.990132
Car-1,2009-12-24 02:47:35,116.46569,39.99005
Car-1,2009-12-24 02:47:36,116.465797,39.989976
Car-1,2009-12-24 02:47:37,116.465911,39.989909
Car-1,2009-12-24 02:47:38,116.466024,39.989843
Car-1,2009-12-24 02:47:39,116.466136,39.989772
Car-1,2009-12-24 02:47:40,116.466241,39.989697
Car-1,2009-12-24 02:47:41,116.466357,39.989625
Car-1,2009-12-24 02:47:42,116.466468,39.989558
Car-1,2009-12-24 02:47:43,116.466576,39.989488
Car-1,2009-12-24 02:47:44,116.466671,39.989424
Car-1,2009-12-24 02:47:46,116.466815,39.98931
Car-1,2009-12-24 02:47:48,116.466945,39.989223
Car-1,2009-12-24 02:47:50,116.46705,39.98915
Car-1,2009-12-24 02:47:53,116.467149,39.989092
Car-1,2009-12-24 02:47:58,116.467169,39.989087
Car-1,2009-12-24 02:48:03,116.467171,39.98909
Car-1,2009-12-24 02:48:08,116.467175,39.989091
Car-1,2009-12-24 02:48:13,116.467175,39.989092
Car-1,2009-12-24 02:48:18,116.467175,39.989092
Car-1,2009-12-24 02:48:23,116.467178,39.989097
Car-1,2009-12-24 02:48:26,116.467178,39.989097
Car-1,2009-12-24 02:48:28,116.46717,39.989095
Car-1,2009-12-24 02:48:33,116.467225,39.989054
Car-1,2009-12-24 02:48:36,116.467342,39.988977
Car-1,2009-12-24 02:48:38,116.467442,39.988905
Car-1,2009-12-24 02:48:40,116.467587,39.988817
Car-1,2009-12-24 02:48:42,116.467763,39.988715
Car-1,2009-12-24 02:48:43,116.467857,39.988659
Car-1,2009-12-24 02:48:44,116.467954,39.988598
Car-1,2009-12-24 02:48:45,116.468061,39.988536
Car-1,2009-12-24 02:48:46,116.468163,39.98847
Car-1,2009-12-24 02:48:47,116.468266,39.988401
Car-1,2009-12-24 02:48:48,116.468374,39.988329
Car-1,2009-12-24 02:48:49,116.468486,39.988257
Car-1,2009-12-24 02:48:50,116.468594,39.988183
Car-1,2009-12-24 02:48:51,116.468706,39.988108
Car-1,2009-12-24 02:48:52,116.468819,39.988037
Car-1,2009-12-24 02:48:53,116.468932,39.987962
Car-1,2009-12-24 02:48:54,116.469043,39.987887
Car-1,2009-12-24 02:48:55,116.469152,39.987818
Car-1,2009-12-24 02:48:56,116.469262,39.987752
Car-1,2009-12-24 02:48:57,116.469364,39.987675
Car-1,2009-12-24 02:48:58,116.469463,39.987606
Car-1,2009-12-24 02:48:59,116.469568,39.987545
Car-1,2009-12-24 02:49:00,116.469669,39.987488
Car-1,2009-12-24 02:49:01,116.469765,39.987429
Car-1,2009-12-24 02:49:02,116.469857,39.98737
Car-1,2009-12-24 02:49:03,116.469947,39.987312
Car-1,2009-12-24 02:49:05,116.470115,39.987204
Car-1,2009-12-24 02:49:07,116.470282,39.987114
Car-1,2009-12-24 02:49:09,116.470427,39.987013
Car-1,2009-12-24 02:49:11,116.470559,39.986924
Car-1,2009-12-24 02:49:13,116.470688,39.986847
Car-1,2009-12-24 02:49:15,116.470814,39.986773
Car-1,2009-12-24 02:49:17,116.470912,39.986707
Car-1,2009-12-24 02:49:20,116.471019,39.986644
Car-1,2009-12-24 02:49:25,116.471077,39.986618
Car-1,2009-12-24 02:49:28,116.471077,39.986618
Car-1,2009-12-24 02:49:30,116.471083,39.986614
Car-1,2009-12-24 02:49:35,116.471095,39.986605
Car-1,2009-12-24 02:49:40,116.471188,39.986592
Car-1,2009-12-24 02:49:45,116.471257,39.98657
Car-1,2009-12-24 02:49:50,116.471248,39.986557
Car-1,2009-12-24 02:49:55,116.471245,39.986551
Car-1,2009-12-24 02:49:58,116.471245,39.986551
Car-1,2009-12-24 02:50:00,116.471243,39.986551
Car-1,2009-12-24 02:50:05,116.471255,39.986552
Car-1,2009-12-24 02:50:10,116.471291,39.986554
Car-1,2009-12-24 02:50:15,116.471384,39.986565
Car-1,2009-12-24 02:50:18,116.471517,39.98656
Car-1,2009-12-24 02:50:21,116.471628,39.98659
Car-1,2009-12-24 02:50:24,116.471774,39.986646
Car-1,2009-12-24 02:50:26,116.471897,39.986699
Car-1,2009-12-24 02:50:28,116.472068,39.986813
Car-1,2009-12-24 02:50:29,116.472177,39.986894
Car-1,2009-12-24 02:50:31,116.472354,39.987009
Car-1,2009-12-24 02:50:33,116.472525,39.987092
Car-1,2009-12-24 02:50:34,116.472594,39.987173
Car-1,2009-12-24 02:50:35,116.472671,39.987297
Car-1,2009-12-24 02:50:36,116.472755,39.987417
Car-1,2009-12-24 02:50:37,116.472842,39.98751
Car-1,2009-12-24 02:50:38,116.472917,39.987619
Car-1,2009-12-24 02:50:39,116.472974,39.987734
Car-1,2009-12-24 02:50:40,116.473059,39.987856
Car-1,2009-12-24 02:50:41,116.47312,39.98795
Car-1,2009-12-24 02:50:43,116.473156,39.988037
Car-1,2009-12-24 02:50:46,116.473155,39.988159
Car-1,2009-12-24 02:50:49,116.473238,39.98823
Car-1,2009-12-24 02:50:51,116.473359,39.988233
Car-1,2009-12-24 02:50:54,116.473503,39.988218
Car-1,2009-12-24 02:50:57,116.473658,39.988194
Car-1,2009-12-24 02:50:59,116.473809,39.988166
Car-1,2009-12-24 02:51:01,116.473966,39.988121
Car-1,2009-12-24 02:51:03,116.474091,39.988039
Car-1,2009-12-24 02:51:05,116.474212,39.987959
Car-1,2009-12-24 02:51:07,116.474304,39.987857
Car-1,2009-12-24 02:51:09,116.474388,39.987795
Car-1,2009-12-24 02:51:12,116.47451,39.987752
Car-1,2009-12-24 02:51:16,116.474612,39.987703
Car-1,2009-12-24 02:51:20,116.474726,39.987629
Car-1,2009-12-24 02:51:23,116.474822,39.987567
Car-1,2009-12-24 02:51:27,116.474929,39.987501
Car-1,2009-12-24 02:51:32,116.474999,39.987453
Car-1,2009-12-24 02:51:37,116.475087,39.987454
Car-1,2009-12-24 02:51:42,116.475202,39.987518
Car-1,2009-12-24 02:51:46,116.475303,39.987589
Car-1,2009-12-24 02:51:48,116.475344,39.987681
Car-1,2009-12-24 02:51:51,116.475331,39.987921
Car-1,2009-12-24 02:51:53,116.475133,39.988227
Car-1,2009-12-24 02:51:56,116.475461,39.988027
Car-1,2009-12-24 02:52:01,116.475545,39.9881
Car-1,2009-12-24 02:52:04,116.475641,39.988152
Car-1,2009-12-24 02:52:08,116.475742,39.988086
Car-1,2009-12-24 02:52:13,116.475865,39.988121
Car-1,2009-12-24 02:52:18,116.475939,39.988078
Car-1,2009-12-24 02:52:23,116.475957,39.988048
Car-1,2009-12-24 02:52:28,116.475955,39.988024
Car-1,2009-12-24 02:52:33,116.475942,39.988013
Car-1,2009-12-24 02:52:38,116.475944,39.987997
Car-1,2009-12-24 02:52:43,116.475941,39.987976
Car-1,2009-12-24 02:52:48,116.475952,39.987908
Car-1,2009-12-24 02:52:53,116.475927,39.987837
Car-1,2009-12-24 02:52:58,116.476056,39.987822
Car-1,2009-12-24 02:53:03,116.476061,39.987786
Car-1,2009-12-24 02:53:08,116.476081,39.987749
Car-1,2009-12-24 02:53:13,116.476053,39.98769
Car-1,2009-12-24 02:53:18,116.476071,39.987703
Car-1,2009-12-24 02:53:23,116.476095,39.987706
Car-1,2009-12-24 02:53:28,116.476133,39.987711
Car-1,2009-12-24 02:53:31,116.476133,39.987711
Car-1,2009-12-24 02:53:33,116.47613,39.98771
Car-1,2009-12-24 02:53:38,116.476154,39.987696
Car-1,2009-12-24 02:53:40,116.476104,39.987601
Car-1,2009-12-24 02:53:42,116.476075,39.987448
Car-1,2009-12-24 02:53:44,116.476,39.987343
Car-1,2009-12-24 02:53:47,116.475906,39.987274
Car-1,2009-12-24 02:53:50,116.475833,39.987182
Car-1,2009-12-24 02:53:53,116.475787,39.987099
Car-1,2009-12-24 02:53:58,116.475745,39.987041
Car-1,2009-12-24 02:54:04,116.475862,39.987133
Car-1,2009-12-24 02:54:09,116.475871,39.987119
Car-1,2009-12-24 02:54:11,116.475811,39.98702
Car-1,2009-12-24 02:54:16,116.475779,39.98697
Car-1,2009-12-24 02:54:21,116.475765,39.987009
Car-1,2009-12-24 02:54:26,116.475776,39.987033
Car-1,2009-12-24 02:54:31,116.475734,39.98707
Car-1,2009-12-24 02:54:33,116.475617,39.987005
Car-1,2009-12-24 02:54:38,116.475647,39.986973
Car-1,2009-12-24 02:54:43,116.475656,39.98698
Car-1,2009-12-24 02:54:48,116.475656,39.98698
Car-1,2009-12-24 02:54:51,116.475656,39.98698
Car-1,2009-12-24 02:54:53,116.475657,39.986986
Car-1,2009-12-24 02:54:58,116.475672,39.987017
Car-1,2009-12-24 02:55:01,116.475672,39.987017
Car-1,2009-12-24 02:55:03,116.475672,39.987011
Car-1,2009-12-24 02:55:08,116.475669,39.98702
Car-1,2009-12-24 02:55:13,116.475662,39.98703
Car-1,2009-12-24 02:55:15,116.475718,39.987131
Car-1,2009-12-24 02:55:17,116.475837,39.987131
Car-1,2009-12-24 02:55:19,116.475915,39.987284
Car-1,2009-12-24 02:55:24,116.475987,39.987361
Car-1,2009-12-24 02:55:29,116.475988,39.98735
Car-1,2009-12-24 02:55:34,116.475979,39.98737
Car-1,2009-12-24 02:55:39,116.475962,39.987391
Car-1,2009-12-24 02:55:44,116.475932,39.987437
Car-1,2009-12-24 02:55:49,116.475888,39.987495
Car-1,2009-12-24 02:55:54,116.475847,39.987506
Car-1,2009-12-24 02:55:59,116.47584,39.987607
Car-1,2009-12-24 02:56:01,116.475929,39.987742
Car-1,2009-12-24 02:56:04,116.475985,39.98784
Car-1,2009-12-24 02:56:07,116.476043,39.987947
Car-1,2009-12-24 02:56:12,116.476108,39.987993
Car-1,2009-12-24 02:56:17,116.476147,39.98802
Car-1,2009-12-24 02:56:22,116.476128,39.987981
Car-1,2009-12-24 02:56:27,116.476122,39.988012
Car-1,2009-12-24 02:56:32,116.476058,39.988026
Car-1,2009-12-24 02:56:37,116.476086,39.988082
Car-1,2009-12-24 02:56:42,116.47612,39.988114
Car-1,2009-12-24 02:56:47,116.476172,39.988149
Car-1,2009-12-24 02:56:52,116.47623,39.98821
Car-1,2009-12-24 02:56:57,116.476292,39.98824
Car-1,2009-12-24 02:57:01,116.476379,39.988313
Car-1,2009-12-24 02:57:06,116.476438,39.988375
Car-1,2009-12-24 02:57:10,116.476488,39.988495
Car-1,2009-12-24 02:57:12,116.476451,39.988748
Car-1,2009-12-24 02:57:14,116.476566,39.988812
Car-1,2009-12-24 02:57:18,116.47659,39.988914
Car-1,2009-12-24 02:57:20,116.476614,39.98901
Car-1,2009-12-24 02:57:30,116.476722,39.989286
Car-1,2009-12-24 02:57:35,116.476778,39.9893
Car-1,2009-12-24 02:57:40,116.476807,39.989302
Car-1,2009-12-24 02:57:45,116.476799,39.989311
Car-1,2009-12-24 02:57:48,116.476799,39.989311
Car-1,2009-12-24 02:57:50,116.476791,39.98931
Car-1,2009-12-24 02:57:55,116.476773,39.989319
Car-1,2009-12-24 02:58:00,116.476765,39.989365
Car-1,2009-12-24 02:58:05,116.476708,39.989426
Car-1,2009-12-24 02:58:10,116.476687,39.989384
Car-1,2009-12-24 02:58:13,116.476687,39.989384
Car-1,2009-12-24 02:58:15,116.476682,39.989379
Car-1,2009-12-24 02:58:20,116.476735,39.989347
Car-1,2009-12-24 02:58:24,116.476811,39.989268
Car-1,2009-12-24 02:58:29,116.476906,39.989204
Car-1,2009-12-24 02:58:34,116.476991,39.989125
Car-1,2009-12-24 02:58:39,116.477074,39.989074
Car-1,2009-12-24 02:58:44,116.477144,39.988993
Car-1,2009-12-24 02:58:49,116.477163,39.988949
Car-1,2009-12-24 02:58:54,116.477242,39.988972
Car-1,2009-12-24 05:41:52,116.472274,39.987422
Car-1,2009-12-24 05:42:06,116.476393,39.987979
Car-1,2009-12-24 05:42:13,116.476393,39.987856
Car-1,2009-12-24 05:42:18,116.476394,39.987808
Car-1,2009-12-24 05:42:23,116.476403,39.987879
Car-1,2009-12-24 05:42:27,116.476358,39.987914
Car-1,2009-12-24 05:42:30,116.476538,39.988076
Car-1,2009-12-24 05:42:32,116.476709,39.988175
Car-1,2009-12-24 05:42:35,116.47684,39.988228
Car-1,2009-12-24 05:42:40,116.476896,39.988235
Car-1,2009-12-24 05:42:42,116.477047,39.988229
Car-1,2009-12-24 05:42:47,116.477132,39.988228
Car-1,2009-12-24 05:42:52,116.477143,39.988252
Car-1,2009-12-24 05:42:57,116.477142,39.988282
Car-1,2009-12-24 05:43:02,116.47716,39.988283
Car-1,2009-12-24 05:43:07,116.477159,39.988277
Car-1,2009-12-24 05:43:10,116.477159,39.988277
Car-1,2009-12-24 05:43:12,116.477151,39.988273
Car-1,2009-12-24 05:43:17,116.47714,39.988267
Car-1,2009-12-24 05:43:22,116.477132,39.988262
Car-1,2009-12-24 05:43:27,116.477136,39.98827
Car-1,2009-12-24 05:43:32,116.477133,39.98827
Car-1,2009-12-24 05:43:37,116.477135,39.988268
Car-1,2009-12-24 05:43:42,116.47714,39.988268
Car-1,2009-12-24 05:43:45,116.47714,39.988268
Car-1,2009-12-24 05:43:47,116.477144,39.988274
Car-1,2009-12-24 05:43:52,116.477147,39.988286
Car-1,2009-12-24 05:43:57,116.477151,39.988298
Car-1,2009-12-24 05:44:02,116.477253,39.988351
Car-1,2009-12-24 05:44:07,116.477305,39.988375
Car-1,2009-12-24 05:44:12,116.477301,39.98837
Car-1,2009-12-24 05:44:17,116.477303,39.988366
Car-1,2009-12-24 05:44:20,116.477303,39.988366
Car-1,2009-12-24 05:44:22,116.477309,39.988371
Car-1,2009-12-24 05:44:27,116.47729,39.988369
Car-1,2009-12-24 05:44:32,116.477282,39.988369
Car-1,2009-12-24 05:44:35,116.477282,39.988369
Car-1,2009-12-24 05:44:37,116.477274,39.988362
Car-1,2009-12-24 05:44:42,116.477261,39.988355
Car-1,2009-12-24 05:44:47,116.477211,39.988338
Car-1,2009-12-24 05:44:52,116.477105,39.988322
Car-1,2009-12-24 05:44:57,116.477003,39.988289
Car-1,2009-12-24 05:45:02,116.476919,39.988255
Car-1,2009-12-24 05:45:07,116.476844,39.988206
Car-1,2009-12-24 05:45:12,116.476801,39.988175
Car-1,2009-12-24 05:45:17,116.476763,39.988153
Car-1,2009-12-24 05:45:22,116.47675,39.988143
Car-1,2009-12-24 05:45:27,116.476711,39.988145
Car-1,2009-12-24 05:45:32,116.47675,39.988148
Car-1,2009-12-24 05:45:35,116.47675,39.988148
Car-1,2009-12-24 05:45:37,116.476742,39.988145
Car-1,2009-12-24 05:45:42,116.4768,39.988147
Car-1,2009-12-24 05:45:47,116.47683,39.988165
Car-1,2009-12-24 05:45:52,116.476834,39.988169
Car-1,2009-12-24 05:45:57,116.476838,39.98817
Car-1,2009-12-24 05:46:00,116.476838,39.98817
Car-1,2009-12-24 05:46:02,116.476835,39.988167
Car-1,2009-12-24 05:46:07,116.476826,39.988164
Car-1,2009-12-24 05:46:12,116.476821,39.988167
Car-1,2009-12-24 05:46:17,116.476813,39.988171
Car-1,2009-12-24 05:46:20,116.476813,39.988171
Car-1,2009-12-24 05:46:22,116.476805,39.988171
Car-1,2009-12-24 05:46:27,116.476793,39.988102
Car-1,2009-12-24 05:46:30,116.476597,39.988006
Car-1,2009-12-24 05:46:32,116.476494,39.987954
Car-1,2009-12-24 05:46:37,116.476436,39.987901
Car-1,2009-12-24 05:46:42,116.476331,39.987844
Car-1,2009-12-24 05:46:47,116.476268,39.987837
Car-1,2009-12-24 05:46:52,116.476241,39.987825
Car-1,2009-12-24 05:46:57,116.476171,39.987798
Car-1,2009-12-24 05:47:02,116.476127,39.987784
Car-1,2009-12-24 05:47:07,116.476075,39.987765
Car-1,2009-12-24 05:47:12,116.476024,39.987739
Car-1,2009-12-24 05:47:17,116.47596,39.987709
Car-1,2009-12-24 05:47:22,116.475923,39.987706
Car-1,2009-12-24 05:47:27,116.475999,39.987713
Car-1,2009-12-24 05:47:32,116.476005,39.987713
Car-1,2009-12-24 05:47:37,116.476007,39.987712
Car-1,2009-12-24 05:47:40,116.476007,39.987712
Car-1,2009-12-24 05:47:42,116.476002,39.987711
Car-1,2009-12-24 05:47:47,116.476017,39.987715
Car-1,2009-12-24 05:47:52,116.476067,39.987708
Car-1,2009-12-24 05:47:57,116.476173,39.987674
Car-1,2009-12-24 05:48:02,116.47627,39.987631
Car-1,2009-12-24 05:48:07,116.476361,39.987569
Car-1,2009-12-24 05:48:12,116.476417,39.987493
Car-1,2009-12-24 05:48:17,116.476514,39.98747
Car-1,2009-12-24 05:48:22,116.476592,39.987485
Car-1,2009-12-24 05:48:27,116.476604,39.987487
Car-1,2009-12-24 05:48:32,116.476617,39.987485
Car-1,2009-12-24 05:48:37,116.476628,39.987468
Car-1,2009-12-24 05:48:42,116.476641,39.987459
Car-1,2009-12-24 05:48:45,116.476641,39.987459
Car-1,2009-12-24 05:48:47,116.476644,39.987452
Car-1,2009-12-24 05:48:50,116.476653,39.987355
Car-1,2009-12-24 05:48:54,116.476726,39.98724
Car-1,2009-12-24 05:48:59,116.476823,39.987202
Car-1,2009-12-24 05:49:04,116.476841,39.987119
Car-1,2009-12-24 05:49:09,116.476887,39.987027
Car-1,2009-12-24 05:49:14,116.476846,39.986975
Car-1,2009-12-24 05:49:19,116.476872,39.986905
Car-1,2009-12-24 05:49:22,116.476872,39.986905
Car-1,2009-12-24 05:49:24,116.476865,39.98691
Car-1,2009-12-24 05:49:29,116.47688,39.98689
Car-1,2009-12-24 05:49:34,116.476854,39.986864
Car-1,2009-12-24 05:49:39,116.476869,39.986809
Car-1,2009-12-24 05:49:44,116.476871,39.986833
Car-1,2009-12-24 05:49:49,116.476875,39.986819
Car-1,2009-12-24 05:49:53,116.476828,39.986723
Car-1,2009-12-24 05:49:58,116.476804,39.986644
Car-1,2009-12-24 05:50:01,116.476804,39.986644
Car-1,2009-12-24 05:50:03,116.476811,39.986648
Car-1,2009-12-24 05:50:08,116.476838,39.986689
Car-1,2009-12-24 05:50:13,116.476873,39.986694
Car-1,2009-12-24 05:50:18,116.476929,39.986664
Car-1,2009-12-24 05:50:23,116.476936,39.986704
Car-1,2009-12-24 05:50:28,116.476844,39.986755
Car-1,2009-12-24 05:50:31,116.476755,39.986838
Car-1,2009-12-24 05:50:34,116.476688,39.986976
Car-1,2009-12-24 05:50:37,116.476617,39.987069
Car-1,2009-12-24 05:50:39,116.476589,39.987169
Car-1,2009-12-24 05:50:42,116.476558,39.987278
Car-1,2009-12-24 05:50:45,116.476501,39.987374
Car-1,2009-12-24 05:50:50,116.476427,39.987463
Car-1,2009-12-24 05:50:55,116.476396,39.987507
Car-1,2009-12-24 05:51:00,116.476385,39.987538
Car-1,2009-12-24 05:51:03,116.476385,39.987538
Car-1,2009-12-24 05:51:05,116.476384,39.987539
Car-1,2009-12-24 05:51:10,116.476372,39.987533
Car-1,2009-12-24 05:51:15,116.476348,39.987529
Car-1,2009-12-24 05:51:20,116.476344,39.987527
Car-1,2009-12-24 05:51:25,116.476341,39.987527
Car-1,2009-12-24 05:51:30,116.476337,39.987526
Car-1,2009-12-24 05:51:35,116.476334,39.987523
Car-1,2009-12-24 05:51:40,116.47633,39.98752
Car-1,2009-12-24 05:51:45,116.476327,39.987515
Car-1,2009-12-24 05:51:50,116.476332,39.987517
Car-1,2009-12-24 05:51:55,116.476336,39.987524
Car-1,2009-12-24 05:52:00,116.476337,39.987529
Car-1,2009-12-24 05:52:05,116.476339,39.987534
Car-1,2009-12-24 05:52:08,116.476339,39.987534
Car-1,2009-12-24 05:52:10,116.476346,39.987535
Car-1,2009-12-24 05:52:15,116.476356,39.987537
Car-1,2009-12-24 05:52:20,116.476358,39.987543
Car-1,2009-12-24 05:52:23,116.476358,39.987543
Car-1,2009-12-24 05:52:25,116.476356,39.98755
Car-1,2009-12-24 05:52:30,116.476356,39.987561
Car-1,2009-12-24 05:52:35,116.476339,39.987569
Car-1,2009-12-24 05:52:40,116.476311,39.987554
Car-1,2009-12-24 05:52:45,116.476301,39.987562
Car-1,2009-12-24 05:52:50,116.476296,39.987569
Car-1,2009-12-24 05:52:55,116.476294,39.987575
Car-1,2009-12-24 05:52:58,116.476294,39.987575
Car-1,2009-12-24 05:53:00,116.4763,39.987582
Car-1,2009-12-24 05:53:05,116.476296,39.987561
Car-1,2009-12-24 05:53:10,116.476308,39.987601
Car-1,2009-12-24 05:53:15,116.47631,39.987649
Car-1,2009-12-24 05:53:20,116.476307,39.987663
Car-1,2009-12-24 05:53:25,116.476295,39.987696
Car-1,2009-12-24 05:53:28,116.476295,39.987696
Car-1,2009-12-24 05:53:30,116.476291,39.987703
Car-1,2009-12-24 05:53:35,116.476268,39.987711
Car-1,2009-12-24 05:53:40,116.47621,39.98767
Car-1,2009-12-24 05:53:45,116.476164,39.987677
Car-1,2009-12-24 05:53:48,116.476164,39.987677
Car-1,2009-12-24 05:53:50,116.476161,39.987669
Car-1,2009-12-24 05:53:55,116.476156,39.987656
Car-1,2009-12-24 05:54:00,116.476176,39.987662
Car-1,2009-12-24 05:54:05,116.476177,39.987657
Car-1,2009-12-24 05:54:08,116.476177,39.987657
Car-1,2009-12-24 05:54:10,116.476175,39.98766
Car-1,2009-12-24 05:54:15,116.476172,39.987687
Car-1,2009-12-24 05:54:20,116.476145,39.987705
Car-1,2009-12-24 05:54:25,116.476147,39.987723
Car-1,2009-12-24 05:54:28,116.476147,39.987723
Car-1,2009-12-24 05:54:30,116.476155,39.987721
Car-1,2009-12-24 05:54:35,116.476147,39.987743
Car-1,2009-12-24 05:54:40,116.476106,39.987802
Car-1,2009-12-24 05:54:45,116.476081,39.987843
Car-1,2009-12-24 05:54:50,116.476092,39.987817
Car-1,2009-12-24 05:54:55,116.47615,39.987876
Car-1,2009-12-24 05:55:00,116.476184,39.987905
Car-1,2009-12-24 05:55:05,116.476183,39.987922
Car-1,2009-12-24 05:55:10,116.47623,39.988003
Car-1,2009-12-24 05:55:15,116.476246,39.987992
Car-1,2009-12-24 05:55:20,116.476254,39.987995
Car-1,2009-12-24 05:55:23,116.476254,39.987995
Car-1,2009-12-24 05:55:25,116.476261,39.988001
Car-1,2009-12-24 05:55:30,116.476263,39.988011
Car-1,2009-12-24 05:55:35,116.476264,39.988021
Car-1,2009-12-24 05:55:40,116.476262,39.988025
Car-1,2009-12-24 05:55:43,116.476262,39.988025
Car-1,2009-12-24 05:55:45,116.476261,39.988023
Car-1,2009-12-24 05:55:50,116.476252,39.988023
Car-1,2009-12-24 05:55:55,116.476202,39.988056
Car-1,2009-12-24 05:56:00,116.476165,39.988092
Car-1,2009-12-24 05:56:05,116.476163,39.988108
Car-1,2009-12-24 05:56:10,116.476124,39.988125
Car-1,2009-12-24 05:56:15,116.476121,39.988142
Car-1,2009-12-24 05:56:20,116.476161,39.988237
Car-1,2009-12-24 05:56:24,116.476213,39.988328
Car-1,2009-12-24 05:56:28,116.476319,39.98839
Car-1,2009-12-24 05:56:32,116.476397,39.988478
Car-1,2009-12-24 05:56:36,116.47645,39.988562
Car-1,2009-12-24 05:56:40,116.476524,39.988648
Car-1,2009-12-24 05:56:43,116.47662,39.98871
Car-1,2009-12-24 05:56:46,116.476698,39.988787
Car-1,2009-12-24 05:56:49,116.476826,39.988838
Car-1,2009-12-24 05:56:52,116.476885,39.98892
Car-1,2009-12-24 05:56:55,116.476948,39.989028
Car-1,2009-12-24 05:56:58,116.477006,39.989121
Car-1,2009-12-24 05:57:03,116.477117,39.989192
Car-1,2009-12-24 05:57:07,116.477203,39.989275
Car-1,2009-12-24 05:57:11,116.477298,39.989369
Car-1,2009-12-24 05:57:14,116.477375,39.989443
Car-1,2009-12-24 05:57:17,116.47745,39.989554
Car-1,2009-12-24 05:57:20,116.477527,39.989636
Car-1,2009-12-24 05:57:23,116.477608,39.989709
Car-1,2009-12-24 05:57:27,116.477711,39.989803
Car-1,2009-12-24 05:57:31,116.477823,39.989854
Car-1,2009-12-24 05:57:35,116.477939,39.989824
Car-1,2009-12-24 05:57:38,116.478003,39.989886
Car-1,2009-12-24 05:57:43,116.478127,39.98995
Car-1,2009-12-24 05:57:46,116.478239,39.98996
Car-1,2009-12-24 05:57:49,116.478324,39.989899
Car-1,2009-12-24 05:57:52,116.478423,39.989855
Car-1,2009-12-24 05:57:55,116.478531,39.989771
Car-1,2009-12-24 05:57:58,116.478662,39.989708
Car-1,2009-12-24 05:58:01,116.478798,39.989671
Car-1,2009-12-24 05:58:04,116.478919,39.989605
Car-1,2009-12-24 05:58:07,116.479045,39.989525
Car-1,2009-12-24 05:58:09,116.47913,39.989461
Car-1,2009-12-24 05:58:11,116.479226,39.989397
Car-1,2009-12-24 05:58:13,116.479316,39.98933
Car-1,2009-12-24 05:58:15,116.479407,39.989266
Car-1,2009-12-24 05:58:17,116.47951,39.989207
Car-1,2009-12-24 05:58:19,116.479612,39.989139
Car-1,2009-12-24 05:58:21,116.479702,39.98907
Car-1,2009-12-24 05:58:23,116.479788,39.98901
Car-1,2009-12-24 05:58:26,116.479901,39.988927
Car-1,2009-12-24 05:58:29,116.479999,39.988864
Car-1,2009-12-24 05:58:33,116.480103,39.988784
Car-1,2009-12-24 05:58:36,116.480184,39.988712
Car-1,2009-12-24 05:58:39,116.480312,39.988623
Car-1,2009-12-24 05:58:41,116.480416,39.988548
Car-1,2009-12-24 05:58:43,116.480539,39.988466
Car-1,2009-12-24 05:58:45,116.480665,39.98838
Car-1,2009-12-24 05:58:47,116.480785,39.988288
Car-1,2009-12-24 05:58:49,116.480899,39.988208
Car-1,2009-12-24 05:58:51,116.481012,39.988134
Car-1,2009-12-24 05:58:53,116.481123,39.98807
Car-1,2009-12-24 05:58:55,116.481218,39.988011
Car-1,2009-12-24 05:58:58,116.481326,39.98793
Car-1,2009-12-24 05:59:01,116.481426,39.987874
Car-1,2009-12-24 05:59:05,116.481528,39.9878
Car-1,2009-12-24 05:59:09,116.481601,39.987741
Car-1,2009-12-24 05:59:14,116.48156,39.987647
Car-1,2009-12-24 05:59:17,116.481491,39.987572
Car-1,2009-12-24 05:59:19,116.48141,39.9875
Car-1,2009-12-24 05:59:21,116.481313,39.987411
Car-1,2009-12-24 05:59:23,116.4812,39.987318
Car-1,2009-12-24 05:59:25,116.481081,39.987217
Car-1,2009-12-24 05:59:27,116.480972,39.987109
Car-1,2009-12-24 05:59:29,116.480857,39.986997
Car-1,2009-12-24 05:59:31,116.480722,39.986877
Car-1,2009-12-24 05:59:33,116.48057,39.986746
Car-1,2009-12-24 05:59:35,116.480421,39.986612
Car-1,2009-12-24 05:59:36,116.480344,39.986542
Car-1,2009-12-24 05:59:37,116.480265,39.986473
Car-1,2009-12-24 05:59:38,116.480182,39.986402
Car-1,2009-12-24 05:59:39,116.480101,39.98633
Car-1,2009-12-24 05:59:40,116.480014,39.98626
Car-1,2009-12-24 05:59:41,116.47993,39.986185
Car-1,2009-12-24 05:59:42,116.479848,39.986106
Car-1,2009-12-24 05:59:43,116.47976,39.986028
Car-1,2009-12-24 05:59:44,116.479674,39.985947
Car-1,2009-12-24 05:59:45,116.479585,39.985863
Car-1,2009-12-24 05:59:46,116.479499,39.985785
Car-1,2009-12-24 05:59:47,116.47941,39.985706
Car-1,2009-12-24 05:59:48,116.47932,39.985627
Car-1,2009-12-24 05:59:49,116.479234,39.985553
Car-1,2009-12-24 05:59:50,116.479149,39.985483
Car-1,2009-12-24 05:59:51,116.479067,39.985415
Car-1,2009-12-24 05:59:53,116.478922,39.985293
Car-1,2009-12-24 05:59:55,116.478791,39.985179
Car-1,2009-12-24 05:59:57,116.47868,39.985068
Car-1,2009-12-24 05:59:59,116.478566,39.984974
Car-1,2009-12-24 06:00:01,116.478459,39.984884
Car-1,2009-12-24 06:00:03,116.478366,39.984804
Car-1,2009-12-24 06:00:05,116.47828,39.984731
Car-1,2009-12-24 06:00:08,116.478178,39.98463
Car-1,2009-12-24 06:00:11,116.478095,39.984552
Car-1,2009-12-24 06:00:14,116.478012,39.984483
Car-1,2009-12-24 06:00:17,116.47793,39.984406
Car-1,2009-12-24 06:00:21,116.477852,39.984312
Car-1,2009-12-24 06:00:24,116.477788,39.984231
Car-1,2009-12-24 06:00:27,116.477707,39.98416
Car-1,2009-12-24 06:00:30,116.47764,39.984073
Car-1,2009-12-24 06:00:33,116.477562,39.983997
Car-1,2009-12-24 06:00:38,116.477479,39.983929
Car-1,2009-12-24 06:00:43,116.477452,39.983917
Car-1,2009-12-24 06:00:46,116.477452,39.983917
Car-1,2009-12-24 06:00:48,116.477446,39.983909
Car-1,2009-12-24 06:00:53,116.477432,39.983892
Car-1,2009-12-24 06:00:57,116.477355,39.983824
Car-1,2009-12-24 06:01:00,116.477277,39.983752
Car-1,2009-12-24 06:01:03,116.477186,39.983681
Car-1,2009-12-24 06:01:06,116.477096,39.983611
Car-1,2009-12-24 06:01:09,116.47701,39.983532
Car-1,2009-12-24 06:01:13,116.476915,39.983457
Car-1,2009-12-24 06:01:18,116.476868,39.983411
Car-1,2009-12-24 06:01:23,116.476787,39.983356
Car-1,2009-12-24 06:01:27,116.476681,39.983304
Car-1,2009-12-24 06:01:30,116.47653,39.983307
Car-1,2009-12-24 06:01:33,116.476382,39.983378
Car-1,2009-12-24 06:01:35,116.476258,39.983432
Car-1,2009-12-24 06:01:37,116.476134,39.983504
Car-1,2009-12-24 06:01:39,116.476023,39.983579
Car-1,2009-12-24 06:01:41,116.475901,39.983656
Car-1,2009-12-24 06:01:43,116.475796,39.983733
Car-1,2009-12-24 06:01:45,116.475676,39.983804
Car-1,2009-12-24 06:01:47,116.475555,39.983876
Car-1,2009-12-24 06:01:49,116.475438,39.983956
Car-1,2009-12-24 06:01:51,116.475323,39.98403
Car-1,2009-12-24 06:01:53,116.4752,39.984109
Car-1,2009-12-24 06:01:55,116.475068,39.984196
Car-1,2009-12-24 06:01:57,116.474949,39.984265
Car-1,2009-12-24 06:01:59,116.47482,39.984326
Car-1,2009-12-24 06:02:01,116.474694,39.984398
Car-1,2009-12-24 06:02:03,116.474564,39.98448
Car-1,2009-12-24 06:02:05,116.474444,39.98458
Car-1,2009-12-24 06:02:07,116.47434,39.98468
Car-1,2009-12-24 06:02:09,116.474229,39.984758
Car-1,2009-12-24 06:02:11,116.474119,39.984816
Car-1,2009-12-24 06:02:13,116.474004,39.98487
Car-1,2009-12-24 06:02:15,116.4739,39.984953
Car-1,2009-12-24 06:02:17,116.473819,39.985035
Car-1,2009-12-24 06:02:19,116.47374,39.985126
Car-1,2009-12-24 06:02:21,116.473602,39.985246
Car-1,2009-12-24 06:02:23,116.473476,39.985307
Car-1,2009-12-24 06:02:25,116.473356,39.985434
Car-1,2009-12-24 06:02:27,116.473208,39.985567
Car-1,2009-12-24 06:02:29,116.473067,39.98569
Car-1,2009-12-24 06:02:31,116.472933,39.985819
Car-1,2009-12-24 06:02:33,116.4728,39.985921
Car-1,2009-12-24 06:02:35,116.472661,39.98601
Car-1,2009-12-24 06:02:37,116.472504,39.986077
Car-1,2009-12-24 06:02:39,116.472375,39.986151
Car-1,2009-12-24 06:02:41,116.47227,39.986233
Car-1,2009-12-24 06:02:43,116.472178,39.98629
Car-1,2009-12-24 06:02:46,116.472074,39.986359
Car-1,2009-12-24 06:02:50,116.472017,39.986445
Car-1,2009-12-24 06:02:55,116.472011,39.986501
Car-1,2009-12-24 06:03:00,116.472002,39.986488
Car-1,2009-12-24 06:03:05,116.472004,39.986487
Car-1,2009-12-24 06:03:10,116.472006,39.98649
Car-1,2009-12-24 06:03:15,116.472004,39.986496
Car-1,2009-12-24 06:03:18,116.472004,39.986496
Car-1,2009-12-24 06:03:20,116.472001,39.986502
Car-1,2009-12-24 06:03:23,116.471923,39.98658
Car-1,2009-12-24 06:03:25,116.471816,39.986672
Car-1,2009-12-24 06:03:27,116.471687,39.98671
Car-1,2009-12-24 06:03:29,116.47153,39.986759
Car-1,2009-12-24 06:03:30,116.471396,39.986748
Car-1,2009-12-24 06:03:32,116.471272,39.98686
Car-1,2009-12-24 06:03:34,116.471122,39.986971
Car-1,2009-12-24 06:03:36,116.470949,39.987079
Car-1,2009-12-24 06:03:37,116.470867,39.987144
Car-1,2009-12-24 06:03:38,116.470764,39.987207
Car-1,2009-12-24 06:03:39,116.470666,39.987266
Car-1,2009-12-24 06:03:40,116.470566,39.98734
Car-1,2009-12-24 06:03:41,116.470474,39.987452
Car-1,2009-12-24 06:03:42,116.470368,39.987558
Car-1,2009-12-24 06:03:43,116.470267,39.987644
Car-1,2009-12-24 06:03:44,116.470163,39.98774
Car-1,2009-12-24 06:03:45,116.470064,39.98784
Car-1,2009-12-24 06:03:46,116.469963,39.987908
Car-1,2009-12-24 06:03:47,116.469867,39.987975
Car-1,2009-12-24 06:03:48,116.469768,39.988041
Car-1,2009-12-24 06:03:49,116.46967,39.988103
Car-1,2009-12-24 06:03:50,116.469569,39.98817
Car-1,2009-12-24 06:03:51,116.469476,39.988226
Car-1,2009-12-24 06:03:52,116.469381,39.988287
Car-1,2009-12-24 06:03:53,116.469282,39.988345
Car-1,2009-12-24 06:03:54,116.469184,39.988407
Car-1,2009-12-24 06:03:55,116.469085,39.988462
Car-1,2009-12-24 06:03:56,116.468983,39.988522
Car-1,2009-12-24 06:03:57,116.468887,39.988577
Car-1,2009-12-24 06:03:59,116.468706,39.988684
Car-1,2009-12-24 06:04:01,116.46854,39.988765
Car-1,2009-12-24 06:04:03,116.468402,39.988817
Car-1,2009-12-24 06:04:05,116.468274,39.988876
Car-1,2009-12-24 06:04:07,116.468177,39.988932
Car-1,2009-12-24 06:04:12,116.468086,39.988978
Car-1,2009-12-24 06:04:17,116.468031,39.988999
Car-1,2009-12-24 06:04:22,116.468016,39.989001
Car-1,2009-12-24 06:04:27,116.468017,39.989
Car-1,2009-12-24 06:04:30,116.468017,39.989
Car-1,2009-12-24 06:04:32,116.468014,39.989003
Car-1,2009-12-24 06:04:37,116.467952,39.989046
Car-1,2009-12-24 06:04:40,116.467847,39.989124
Car-1,2009-12-24 06:04:43,116.467713,39.989203
Car-1,2009-12-24 06:04:45,116.467605,39.98926
Car-1,2009-12-24 06:04:47,116.467487,39.989335
Car-1,2009-12-24 06:04:49,116.467345,39.989414
Car-1,2009-12-24 06:04:51,116.467189,39.989493
Car-1,2009-12-24 06:04:53,116.467023,39.989589
Car-1,2009-12-24 06:04:55,116.466848,39.989694
Car-1,2009-12-24 06:04:57,116.466674,39.989805
Car-1,2009-12-24 06:04:59,116.466504,39.989916
Car-1,2009-12-24 06:05:01,116.466346,39.990024
Car-1,2009-12-24 06:05:03,116.466203,39.990123
Car-1,2009-12-24 06:05:05,116.466057,39.990221
Car-1,2009-12-24 06:05:07,116.465923,39.990329
Car-1,2009-12-24 06:05:08,116.465861,39.990437
Car-1,2009-12-24 06:05:10,116.465728,39.990527
Car-1,2009-12-24 06:05:12,116.465605,39.990615
Car-1,2009-12-24 06:05:14,116.465467,39.990692
Car-1,2009-12-24 06:05:16,116.465339,39.990792
Car-1,2009-12-24 06:05:18,116.465209,39.990882
Car-1,2009-12-24 06:05:20,116.465081,39.990962
Car-1,2009-12-24 06:05:22,116.46496,39.991034
Car-1,2009-12-24 06:05:24,116.464865,39.991089
Car-1,2009-12-24 06:05:27,116.464764,39.991151
Car-1,2009-12-24 06:05:32,116.464697,39.991193
Car-1,2009-12-24 06:05:37,116.464689,39.99118
Car-1,2009-12-24 06:05:42,116.464685,39.991182
Car-1,2009-12-24 06:05:47,116.464681,39.991183
Car-1,2009-12-24 06:05:52,116.464677,39.991184
Car-1,2009-12-24 06:05:57,116.464678,39.991184
Car-1,2009-12-24 06:06:00,116.464678,39.991184
Car-1,2009-12-24 06:06:02,116.464679,39.991182
Car-1,2009-12-24 06:06:07,116.464657,39.991197
Car-1,2009-12-24 06:06:11,116.464527,39.991272
Car-1,2009-12-24 06:06:14,116.464417,39.991336
Car-1,2009-12-24 06:06:19,116.464364,39.991352
Car-1,2009-12-24 06:06:24,116.464373,39.991346
Car-1,2009-12-24 06:06:29,116.464377,39.991345
Car-1,2009-12-24 06:06:34,116.464378,39.991343
Car-1,2009-12-24 06:06:37,116.464378,39.991343
Car-1,2009-12-24 06:06:39,116.464373,39.991345
Car-1,2009-12-24 06:06:44,116.464298,39.991345
Car-1,2009-12-24 06:06:49,116.464183,39.991351
Car-1,2009-12-24 06:06:53,116.464039,39.991331
Car-1,2009-12-24 06:06:56,116.463927,39.991293
Car-1,2009-12-24 06:06:59,116.463818,39.99122
Car-1,2009-12-24 06:07:01,116.463722,39.991138
Car-1,2009-12-24 06:07:03,116.463605,39.991035
Car-1,2009-12-24 06:07:05,116.463481,39.990923
Car-1,2009-12-24 06:07:07,116.463348,39.990802
Car-1,2009-12-24 06:07:08,116.463273,39.990732
Car-1,2009-12-24 06:07:09,116.463196,39.990656
Car-1,2009-12-24 06:07:10,116.463118,39.99058
Car-1,2009-12-24 06:07:11,116.463041,39.990503
Car-1,2009-12-24 06:07:12,116.462963,39.990425
Car-1,2009-12-24 06:07:13,116.462886,39.990354
Car-1,2009-12-24 06:07:14,116.462806,39.990284
Car-1,2009-12-24 06:07:15,116.462734,39.990207
Car-1,2009-12-24 06:07:16,116.462649,39.99014
Car-1,2009-12-24 06:07:18,116.462497,39.990005
Car-1,2009-12-24 06:07:20,116.462344,39.989879
Car-1,2009-12-24 06:07:22,116.462203,39.989751
Car-1,2009-12-24 06:07:24,116.462061,39.989629
Car-1,2009-12-24 06:07:26,116.461933,39.989501
Car-1,2009-12-24 06:07:28,116.461807,39.989385
Car-1,2009-12-24 06:07:30,116.461674,39.989257
Car-1,2009-12-24 06:07:32,116.461528,39.989119
Car-1,2009-12-24 06:07:33,116.461437,39.98905
Car-1,2009-12-24 06:07:34,116.461352,39.988979
Car-1,2009-12-24 06:07:35,116.461271,39.988912
Car-1,2009-12-24 06:07:37,116.461118,39.988783
Car-1,2009-12-24 06:07:39,116.460979,39.988651
Car-1,2009-12-24 06:07:41,116.460832,39.98852
Car-1,2009-12-24 06:07:43,116.460687,39.988382
Car-1,2009-12-24 06:07:44,116.460618,39.988309
Car-1,2009-12-24 06:07:45,116.460548,39.988233
Car-1,2009-12-24 06:07:46,116.460473,39.988155
Car-1,2009-12-24 06:07:47,116.460404,39.988077
Car-1,2009-12-24 06:07:48,116.460328,39.988003
Car-1,2009-12-24 06:07:49,116.460256,39.987927
Car-1,2009-12-24 06:07:50,116.460175,39.987857
Car-1,2009-12-24 06:07:51,116.460101,39.987782
Car-1,2009-12-24 06:07:52,116.460025,39.987709
Car-1,2009-12-24 06:07:54,116.459897,39.987575
Car-1,2009-12-24 06:07:56,116.459811,39.987468
Car-1,2009-12-24 06:07:59,116.459763,39.987383
Car-1,2009-12-24 06:08:04,116.45979,39.987394
Car-1,2009-12-24 06:08:09,116.459788,39.987392
Car-1,2009-12-24 06:08:14,116.459785,39.987388
Car-1,2009-12-24 06:08:19,116.459782,39.987385
Car-1,2009-12-24 06:08:24,116.459781,39.987385
Car-1,2009-12-24 06:08:29,116.459781,39.987385
Car-1,2009-12-24 06:08:32,116.459781,39.987385
Car-1,2009-12-24 06:08:34,116.45978,39.987384
Car-1,2009-12-24 06:08:38,116.459687,39.987285
Car-1,2009-12-24 06:08:41,116.459586,39.987186
Car-1,2009-12-24 06:08:44,116.459484,39.987086
Car-1,2009-12-24 06:08:46,116.459408,39.98701
Car-1,2009-12-24 06:08:48,116.459303,39.986918
Car-1,2009-12-24 06:08:50,116.459187,39.986816
Car-1,2009-12-24 06:08:52,116.459056,39.986706
Car-1,2009-12-24 06:08:54,116.458925,39.986577
Car-1,2009-12-24 06:08:56,116.458788,39.986447
Car-1,2009-12-24 06:08:58,116.458638,39.986309
Car-1,2009-12-24 06:08:59,116.458563,39.986237
Car-1,2009-12-24 06:09:00,116.458486,39.986165
Car-1,2009-12-24 06:09:01,116.458397,39.986087
Car-1,2009-12-24 06:09:02,116.458323,39.986008
Car-1,2009-12-24 06:09:03,116.45825,39.985932
Car-1,2009-12-24 06:09:04,116.458169,39.985862
Car-1,2009-12-24 06:09:06,116.458021,39.985736
Car-1,2009-12-24 06:09:08,116.457878,39.985618
Car-1,2009-12-24 06:09:10,116.457741,39.985511
Car-1,2009-12-24 06:09:12,116.4576,39.985425
Car-1,2009-12-24 06:09:14,116.457448,39.985344
Car-1,2009-12-24 06:09:16,116.457296,39.985263
Car-1,2009-12-24 06:09:18,116.457172,39.985149
Car-1,2009-12-24 06:09:20,116.457005,39.985059
Car-1,2009-12-24 06:09:22,116.456829,39.984949
Car-1,2009-12-24 06:09:23,116.456736,39.984896
Car-1,2009-12-24 06:09:24,116.456628,39.984848
Car-1,2009-12-24 06:09:25,116.456509,39.9848
Car-1,2009-12-24 06:09:26,116.456391,39.984754
Car-1,2009-12-24 06:09:27,116.456267,39.984709
Car-1,2009-12-24 06:09:28,116.45614,39.984661
Car-1,2009-12-24 06:09:29,116.45601,39.984615
Car-1,2009-12-24 06:09:30,116.455884,39.984574
Car-1,2009-12-24 06:09:31,116.455754,39.984535
Car-1,2009-12-24 06:09:32,116.455609,39.984498
Car-1,2009-12-24 06:09:33,116.455482,39.984465
Car-1,2009-12-24 06:09:34,116.455353,39.98443
Car-1,2009-12-24 06:09:35,116.455228,39.984391
Car-1,2009-12-24 06:09:36,116.455099,39.984354
Car-1,2009-12-24 06:09:37,116.454971,39.984318
Car-1,2009-12-24 06:09:38,116.454842,39.984288
Car-1,2009-12-24 06:09:39,116.454715,39.984254
Car-1,2009-12-24 06:09:40,116.454592,39.984224
Car-1,2009-12-24 06:09:41,116.454462,39.984193
Car-1,2009-12-24 06:09:42,116.454327,39.98416
Car-1,2009-12-24 06:09:43,116.454194,39.984133
Car-1,2009-12-24 06:09:44,116.454061,39.984101
Car-1,2009-12-24 06:09:45,116.453927,39.98407
Car-1,2009-12-24 06:09:46,116.4538,39.984041
Car-1,2009-12-24 06:09:47,116.453676,39.984014
Car-1,2009-12-24 06:09:48,116.453545,39.98398
Car-1,2009-12-24 06:09:49,116.453421,39.983941
Car-1,2009-12-24 06:09:50,116.4533,39.983905
Car-1,2009-12-24 06:09:51,116.453177,39.983875
Car-1,2009-12-24 06:09:52,116.453057,39.983844
Car-1,2009-12-24 06:09:53,116.452936,39.983814
Car-1,2009-12-24 06:09:54,116.452824,39.983784
Car-1,2009-12-24 06:09:56,116.452608,39.983728
Car-1,2009-12-24 06:09:58,116.452398,39.983683
Car-1,2009-12-24 06:10:00,116.452221,39.983632
Car-1,2009-12-24 06:10:02,116.452078,39.983579
Car-1,2009-12-24 06:10:04,116.451974,39.983521
Car-1,2009-12-24 06:10:07,116.451882,39.983467
Car-1,2009-12-24 06:10:12,116.451885,39.983433
Car-1,2009-12-24 06:10:17,116.451852,39.983422
Car-1,2009-12-24 06:10:22,116.451824,39.983411
Car-1,2009-12-24 06:10:25,116.451824,39.983411
Car-1,2009-12-24 06:10:27,116.45182,39.983409
Car-1,2009-12-24 06:10:32,116.45179,39.983391
Car-1,2009-12-24 06:10:35,116.451683,39.983336
Car-1,2009-12-24 06:10:38,116.451565,39.98327
Car-1,2009-12-24 06:10:40,116.451481,39.983209
Car-1,2009-12-24 06:10:42,116.451389,39.983135
Car-1,2009-12-24 06:10:44,116.451292,39.983046
Car-1,2009-12-24 06:10:46,116.451188,39.982951
Car-1,2009-12-24 06:10:48,116.451074,39.982847
Car-1,2009-12-24 06:10:50,116.450964,39.982755
Car-1,2009-12-24 06:10:52,116.450869,39.982667
Car-1,2009-12-24 06:10:54,116.450789,39.982588
Car-1,2009-12-24 06:10:56,116.450717,39.982513
Car-1,2009-12-24 06:10:58,116.45065,39.982423
Car-1,2009-12-24 06:11:00,116.450594,39.98231
Car-1,2009-12-24 06:11:02,116.450529,39.982185
Car-1,2009-12-24 06:11:04,116.450456,39.982055
Car-1,2009-12-24 06:11:06,116.45038,39.981929
Car-1,2009-12-24 06:11:08,116.450297,39.981805
Car-1,2009-12-24 06:11:10,116.450223,39.981683
Car-1,2009-12-24 06:11:12,116.450139,39.981573
Car-1,2009-12-24 06:11:14,116.450056,39.981463
Car-1,2009-12-24 06:11:16,116.449973,39.981354
Car-1,2009-12-24 06:11:18,116.449901,39.981233
Car-1,2009-12-24 06:11:20,116.449816,39.981118
Car-1,2009-12-24 06:11:22,116.44974,39.98101
Car-1,2009-12-24 06:11:24,116.449669,39.980906
Car-1,2009-12-24 06:11:26,116.449604,39.980815
Car-1,2009-12-24 06:11:28,116.449542,39.980729
Car-1,2009-12-24 06:11:31,116.449462,39.980617
Car-1,2009-12-24 06:11:34,116.449394,39.9805
Car-1,2009-12-24 06:11:36,116.449336,39.980415
Car-1,2009-12-24 06:11:38,116.449276,39.980321
Car-1,2009-12-24 06:11:40,116.449215,39.980223
Car-1,2009-12-24 06:11:42,116.449148,39.98013
Car-1,2009-12-24 06:11:44,116.449091,39.980047
Car-1,2009-12-24 06:11:47,116.449012,39.979946
Car-1,2009-12-24 06:11:51,116.448899,39.979878
Car-1,2009-12-24 06:11:55,116.448739,39.979887
Car-1,2009-12-24 06:11:58,116.448625,39.979949
Car-1,2009-12-24 06:12:01,116.44849,39.980033
Car-1,2009-12-24 06:12:03,116.448402,39.980096
Car-1,2009-12-24 06:12:06,116.448285,39.980175
Car-1,2009-12-24 06:12:09,116.448187,39.980234
Car-1,2009-12-24 06:12:12,116.448083,39.980275
Car-1,2009-12-24 06:12:15,116.447984,39.980337
Car-1,2009-12-24 06:12:19,116.44788,39.980422
Car-1,2009-12-24 06:12:24,116.447854,39.980523
Car-1,2009-12-24 06:12:27,116.447877,39.980621
Car-1,2009-12-24 06:12:31,116.447907,39.980708
Car-1,2009-12-24 06:16:26,116.44773,39.980924
Car-1,2009-12-24 06:16:31,116.447703,39.980961
Car-1,2009-12-24 06:16:34,116.447703,39.980961
Car-1,2009-12-24 06:16:36,116.447698,39.980968
Car-1,2009-12-24 06:16:41,116.447696,39.980978
Car-1,2009-12-24 06:16:46,116.447695,39.980987
Car-1,2009-12-24 06:16:51,116.447695,39.980994
Car-1,2009-12-24 06:16:56,116.447697,39.980991
Car-1,2009-12-24 06:16:59,116.447697,39.980991
Car-1,2009-12-24 06:17:01,116.447699,39.980986
Car-1,2009-12-24 06:17:06,116.447703,39.980972
Car-1,2009-12-24 06:17:11,116.447734,39.980945
Car-1,2009-12-24 06:17:16,116.447743,39.980932
Car-1,2009-12-24 06:17:21,116.447744,39.980924
Car-1,2009-12-24 06:17:26,116.447744,39.980916
Car-1,2009-12-24 06:17:31,116.447745,39.980913
Car-1,2009-12-24 06:17:36,116.447746,39.980911
Car-1,2009-12-24 06:17:41,116.447747,39.980912
Car-1,2009-12-24 06:17:44,116.447747,39.980912
Car-1,2009-12-24 06:17:46,116.447748,39.98091
Car-1,2009-12-24 06:17:51,116.447746,39.98092
Car-1,2009-12-24 06:17:56,116.447718,39.980957
Car-1,2009-12-24 06:18:01,116.44772,39.98099
Car-1,2009-12-24 06:18:06,116.447754,39.980994
Car-1,2009-12-24 06:18:11,116.447752,39.981003
Car-1,2009-12-24 06:18:16,116.447752,39.981006
Car-1,2009-12-24 06:18:21,116.44775,39.981009
Car-1,2009-12-24 06:18:24,116.44775,39.981009
Car-1,2009-12-24 06:18:26,116.447748,39.981013
Car-1,2009-12-24 06:18:31,116.447746,39.981022
Car-1,2009-12-24 06:18:34,116.447746,39.981022
Car-1,2009-12-24 06:18:36,116.447748,39.98103
Car-1,2009-12-24 06:18:41,116.447747,39.981039
Car-1,2009-12-24 06:18:46,116.447747,39.981037
Car-1,2009-12-24 06:18:49,116.447747,39.981037
Car-1,2009-12-24 06:18:51,116.447747,39.981039
Car-1,2009-12-24 06:18:56,116.447729,39.981018
Car-1,2009-12-24 06:19:01,116.447673,39.980971
Car-1,2009-12-24 06:19:06,116.447618,39.980908
Car-1,2009-12-24 06:19:11,116.447545,39.980833
Car-1,2009-12-24 06:19:16,116.447474,39.980785
Car-1,2009-12-24 06:19:19,116.447474,39.980785
Car-1,2009-12-24 06:19:21,116.447474,39.980779
Car-1,2009-12-24 06:19:26,116.447465,39.98078
Car-1,2009-12-24 06:19:31,116.447372,39.98085
Car-1,2009-12-24 06:19:34,116.447247,39.980919
Car-1,2009-12-24 06:19:37,116.447109,39.980995
Car-1,2009-12-24 06:19:39,116.447004,39.981057
Car-1,2009-12-24 06:19:41,116.446883,39.981121
Car-1,2009-12-24 06:19:43,116.446757,39.981186
Car-1,2009-12-24 06:19:45,116.446617,39.981262
Car-1,2009-12-24 06:19:47,116.446494,39.981336
Car-1,2009-12-24 06:19:49,116.446381,39.981407
Car-1,2009-12-24 06:19:51,116.446268,39.98148
Car-1,2009-12-24 06:19:53,116.446138,39.981552
Car-1,2009-12-24 06:19:55,116.446005,39.981641
Car-1,2009-12-24 06:19:57,116.445871,39.981724
Car-1,2009-12-24 06:19:59,116.445748,39.981814
Car-1,2009-12-24 06:20:01,116.445616,39.9819
Car-1,2009-12-24 06:20:03,116.445491,39.981977
Car-1,2009-12-24 06:20:05,116.445366,39.982059
Car-1,2009-12-24 06:20:07,116.445249,39.982144
Car-1,2009-12-24 06:20:09,116.445124,39.982221
Car-1,2009-12-24 06:20:11,116.444993,39.982294
Car-1,2009-12-24 06:20:13,116.444864,39.982381
Car-1,2009-12-24 06:20:15,116.444724,39.982467
Car-1,2009-12-24 06:20:17,116.444581,39.982554
Car-1,2009-12-24 06:20:19,116.444443,39.982644
Car-1,2009-12-24 06:20:21,116.444288,39.982721
Car-1,2009-12-24 06:20:23,116.44412,39.982814
Car-1,2009-12-24 06:20:25,116.443946,39.982903
Car-1,2009-12-24 06:20:27,116.443778,39.983005
Car-1,2009-12-24 06:20:29,116.443607,39.983122
Car-1,2009-12-24 06:20:30,116.443514,39.983183
Car-1,2009-12-24 06:20:31,116.443414,39.983243
Car-1,2009-12-24 06:20:32,116.443311,39.983307
Car-1,2009-12-24 06:20:33,116.443206,39.983374
Car-1,2009-12-24 06:20:34,116.443099,39.983444
Car-1,2009-12-24 06:20:35,116.44299,39.98352
Car-1,2009-12-24 06:20:36,116.442873,39.983594
Car-1,2009-12-24 06:20:37,116.442761,39.983664
Car-1,2009-12-24 06:20:38,116.442642,39.983733
Car-1,2009-12-24 06:20:39,116.442528,39.983804
Car-1,2009-12-24 06:20:40,116.442413,39.983879
Car-1,2009-12-24 06:20:41,116.442295,39.983954
Car-1,2009-12-24 06:20:42,116.442179,39.984031
Car-1,2009-12-24 06:20:43,116.442055,39.984106
Car-1,2009-12-24 06:20:44,116.441944,39.984174
Car-1,2009-12-24 06:20:45,116.441816,39.984248
Car-1,2009-12-24 06:20:46,116.441694,39.98432
Car-1,2009-12-24 06:20:47,116.441567,39.984382
Car-1,2009-12-24 06:20:48,116.441438,39.984447
Car-1,2009-12-24 06:20:49,116.441305,39.984508
Car-1,2009-12-24 06:20:50,116.441176,39.984572
Car-1,2009-12-24 06:20:51,116.441038,39.984627
Car-1,2009-12-24 06:20:52,116.440896,39.98469
Car-1,2009-12-24 06:20:53,116.440753,39.984752
Car-1,2009-12-24 06:20:54,116.44061,39.984812
Car-1,2009-12-24 06:20:55,116.440465,39.984868
Car-1,2009-12-24 06:20:56,116.44032,39.984919
Car-1,2009-12-24 06:20:57,116.440176,39.984969
Car-1,2009-12-24 06:20:58,116.440028,39.985021
Car-1,2009-12-24 06:20:59,116.439881,39.985078
Car-1,2009-12-24 06:21:00,116.439734,39.985135
Car-1,2009-12-24 06:21:01,116.439586,39.985196
Car-1,2009-12-24 06:21:02,116.439432,39.985255
Car-1,2009-12-24 06:21:03,116.439282,39.985313
Car-1,2009-12-24 06:21:04,116.439128,39.985366
Car-1,2009-12-24 06:21:05,116.438968,39.985423
Car-1,2009-12-24 06:21:06,116.438814,39.985482
Car-1,2009-12-24 06:21:07,116.438658,39.985541
Car-1,2009-12-24 06:21:08,116.438499,39.985601
Car-1,2009-12-24 06:21:09,116.43834,39.985662
Car-1,2009-12-24 06:21:10,116.438175,39.985727
Car-1,2009-12-24 06:21:11,116.438012,39.98579
Car-1,2009-12-24 06:21:12,116.43784,39.985855
Car-1,2009-12-24 06:21:13,116.437675,39.985917
Car-1,2009-12-24 06:21:14,116.437506,39.985984
Car-1,2009-12-24 06:21:15,116.437334,39.986051
Car-1,2009-12-24 06:21:16,116.437156,39.986122
Car-1,2009-12-24 06:21:17,116.436981,39.986196
Car-1,2009-12-24 06:21:18,116.436798,39.986268
Car-1,2009-12-24 06:21:19,116.436621,39.986339
Car-1,2009-12-24 06:21:20,116.436446,39.98641
Car-1,2009-12-24 06:21:21,116.436267,39.98648
Car-1,2009-12-24 06:21:22,116.436088,39.986547
Car-1,2009-12-24 06:21:23,116.435917,39.986611
Car-1,2009-12-24 06:21:24,116.435754,39.986668
Car-1,2009-12-24 06:21:25,116.435596,39.986724
Car-1,2009-12-24 06:21:26,116.43544,39.986783
Car-1,2009-12-24 06:21:27,116.435293,39.986848
Car-1,2009-12-24 06:21:28,116.43516,39.986919
Car-1,2009-12-24 06:21:29,116.435028,39.986986
Car-1,2009-12-24 06:21:30,116.434907,39.987045
Car-1,2009-12-24 06:21:31,116.4348,39.9871
Car-1,2009-12-24 06:21:32,116.434692,39.987157
Car-1,2009-12-24 06:21:33,116.434594,39.987217
Car-1,2009-12-24 06:21:35,116.434451,39.987351
Car-1,2009-12-24 06:21:37,116.434411,39.98749
Car-1,2009-12-24 06:21:39,116.434443,39.98762
Car-1,2009-12-24 06:21:41,116.434544,39.987723
Car-1,2009-12-24 06:21:43,116.434691,39.98775
Car-1,2009-12-24 06:21:45,116.434877,39.987731
Car-1,2009-12-24 06:21:47,116.435072,39.987717
Car-1,2009-12-24 06:21:49,116.435275,39.987709
Car-1,2009-12-24 06:21:51,116.43551,39.987701
Car-1,2009-12-24 06:21:52,116.435629,39.987693
Car-1,2009-12-24 06:21:53,116.435748,39.987682
Car-1,2009-12-24 06:21:55,116.435984,39.98765
Car-1,2009-12-24 06:21:57,116.436183,39.987588
Car-1,2009-12-24 06:21:59,116.436324,39.987492
Car-1,2009-12-24 06:22:01,116.436413,39.987397
Car-1,2009-12-24 06:22:03,116.436417,39.987294
Car-1,2009-12-24 06:22:05,116.436382,39.987193
Car-1,2009-12-24 06:22:07,116.436358,39.987061
Car-1,2009-12-24 06:22:09,116.436281,39.986935
Car-1,2009-12-24 06:22:11,116.436196,39.986797
Car-1,2009-12-24 06:22:13,116.436109,39.98665
Car-1,2009-12-24 06:22:14,116.436063,39.986567
Car-1,2009-12-24 06:22:15,116.436009,39.986482
Car-1,2009-12-24 06:22:16,116.435966,39.986384
Car-1,2009-12-24 06:22:17,116.435915,39.986293
Car-1,2009-12-24 06:22:18,116.435868,39.986195
Car-1,2009-12-24 06:22:19,116.435812,39.986094
Car-1,2009-12-24 06:22:20,116.435748,39.98599
Car-1,2009-12-24 06:22:21,116.435682,39.985889
Car-1,2009-12-24 06:22:22,116.435613,39.985787
Car-1,2009-12-24 06:22:23,116.435543,39.985682
Car-1,2009-12-24 06:22:24,116.435468,39.985575
Car-1,2009-12-24 06:22:25,116.435387,39.985467
Car-1,2009-12-24 06:22:26,116.435306,39.985352
Car-1,2009-12-24 06:22:27,116.435225,39.985231
Car-1,2009-12-24 06:22:28,116.435139,39.985106
Car-1,2009-12-24 06:22:29,116.435051,39.984978
Car-1,2009-12-24 06:22:30,116.434962,39.984846
Car-1,2009-12-24 06:22:31,116.434875,39.984713
Car-1,2009-12-24 06:22:32,116.434785,39.984574
Car-1,2009-12-24 06:22:33,116.434692,39.984437
Car-1,2009-12-24 06:22:34,116.434596,39.984296
Car-1,2009-12-24 06:22:35,116.434501,39.984151
Car-1,2009-12-24 06:22:36,116.434404,39.984003
Car-1,2009-12-24 06:22:37,116.434306,39.983853
Car-1,2009-12-24 06:22:38,116.434203,39.983701
Car-1,2009-12-24 06:22:39,116.434109,39.983543
Car-1,2009-12-24 06:22:40,116.434011,39.983386
Car-1,2009-12-24 06:22:41,116.43391,39.98323
Car-1,2009-12-24 06:22:42,116.433808,39.983073
Car-1,2009-12-24 06:22:43,116.433705,39.982914
Car-1,2009-12-24 06:22:44,116.433599,39.982758
Car-1,2009-12-24 06:22:45,116.433499,39.982598
Car-1,2009-12-24 06:22:46,116.433396,39.98244
Car-1,2009-12-24 06:22:47,116.433293,39.982284
Car-1,2009-12-24 06:22:48,116.433194,39.982127
Car-1,2009-12-24 06:22:49,116.433093,39.981979
Car-1,2009-12-24 06:22:50,116.432997,39.981833
Car-1,2009-12-24 06:22:51,116.432902,39.981688
Car-1,2009-12-24 06:22:52,116.432807,39.981549
Car-1,2009-12-24 06:22:53,116.432715,39.981417
Car-1,2009-12-24 06:22:54,116.432635,39.981278
Car-1,2009-12-24 06:22:55,116.432555,39.981143
Car-1,2009-12-24 06:22:56,116.432469,39.981018
Car-1,2009-12-24 06:22:57,116.432388,39.980894
Car-1,2009-12-24 06:22:58,116.432305,39.980769
Car-1,2009-12-24 06:22:59,116.432223,39.980652
Car-1,2009-12-24 06:23:00,116.432143,39.980535
Car-1,2009-12-24 06:23:01,116.432061,39.980415
Car-1,2009-12-24 06:23:02,116.431981,39.980299
Car-1,2009-12-24 06:23:03,116.431902,39.980183
Car-1,2009-12-24 06:23:04,116.431822,39.98007
Car-1,2009-12-24 06:23:05,116.431745,39.97996
Car-1,2009-12-24 06:23:06,116.431667,39.979854
Car-1,2009-12-24 06:23:07,116.431593,39.979743
Car-1,2009-12-24 06:23:08,116.431521,39.979632
Car-1,2009-12-24 06:23:09,116.431446,39.979525
Car-1,2009-12-24 06:23:10,116.431372,39.979418
Car-1,2009-12-24 06:23:11,116.431303,39.97931
Car-1,2009-12-24 06:23:12,116.431233,39.979204
Car-1,2009-12-24 06:23:13,116.431162,39.979098
Car-1,2009-12-24 06:23:14,116.431094,39.978993
Car-1,2009-12-24 06:23:15,116.431029,39.97889
Car-1,2009-12-24 06:23:16,116.430955,39.978794
Car-1,2009-12-24 06:23:17,116.430897,39.978687
Car-1,2009-12-24 06:23:18,116.430829,39.978587
Car-1,2009-12-24 06:23:19,116.430763,39.978494
Car-1,2009-12-24 06:23:20,116.430701,39.978401
Car-1,2009-12-24 06:23:21,116.43064,39.978308
Car-1,2009-12-24 06:23:22,116.430581,39.978218
Car-1,2009-12-24 06:23:23,116.430522,39.97813
Car-1,2009-12-24 06:23:24,116.430463,39.978042
Car-1,2009-12-24 06:23:25,116.430407,39.977953
Car-1,2009-12-24 06:23:26,116.430348,39.977867
Car-1,2009-12-24 06:23:27,116.43029,39.977778
Car-1,2009-12-24 06:23:28,116.430232,39.977688
Car-1,2009-12-24 06:23:29,116.430169,39.977602
Car-1,2009-12-24 06:23:30,116.430108,39.977511
Car-1,2009-12-24 06:23:31,116.430047,39.977415
Car-1,2009-12-24 06:23:32,116.429985,39.977322
Car-1,2009-12-24 06:23:33,116.42992,39.977229
Car-1,2009-12-24 06:23:34,116.429856,39.977132
Car-1,2009-12-24 06:23:35,116.429783,39.977039
Car-1,2009-12-24 06:23:36,116.429717,39.976938
Car-1,2009-12-24 06:23:37,116.429654,39.976834
Car-1,2009-12-24 06:23:38,116.429587,39.976726
Car-1,2009-12-24 06:23:39,116.429515,39.97662
Car-1,2009-12-24 06:23:40,116.429438,39.976511
Car-1,2009-12-24 06:23:41,116.429361,39.976401
Car-1,2009-12-24 06:23:42,116.429287,39.976286
Car-1,2009-12-24 06:23:43,116.429218,39.976163
Car-1,2009-12-24 06:23:44,116.429142,39.976044
Car-1,2009-12-24 06:23:45,116.429068,39.975921
Car-1,2009-12-24 06:23:46,116.42899,39.975807
Car-1,2009-12-24 06:23:47,116.428909,39.97569
Car-1,2009-12-24 06:23:48,116.428831,39.975572
Car-1,2009-12-24 06:23:49,116.428757,39.975451
Car-1,2009-12-24 06:23:50,116.428675,39.975333
Car-1,2009-12-24 06:23:51,116.428596,39.975213
Car-1,2009-12-24 06:23:52,116.428516,39.975093
Car-1,2009-12-24 06:23:53,116.428435,39.974977
Car-1,2009-12-24 06:23:54,116.428354,39.974857
Car-1,2009-12-24 06:23:55,116.428276,39.974737
Car-1,2009-12-24 06:23:56,116.428199,39.974617
Car-1,2009-12-24 06:23:57,116.428117,39.9745
Car-1,2009-12-24 06:23:58,116.42804,39.974381
Car-1,2009-12-24 06:23:59,116.427966,39.974258
Car-1,2009-12-24 06:24:00,116.427884,39.974138
Car-1,2009-12-24 06:24:01,116.427806,39.974018
Car-1,2009-12-24 06:24:02,116.427729,39.9739
Car-1,2009-12-24 06:24:03,116.427655,39.973778
Car-1,2009-12-24 06:24:04,116.427576,39.973662
Car-1,2009-12-24 06:24:05,116.4275,39.973547
Car-1,2009-12-24 06:24:06,116.427426,39.973436
Car-1,2009-12-24 06:24:07,116.427351,39.973331
Car-1,2009-12-24 06:24:08,116.427275,39.973234
Car-1,2009-12-24 06:24:09,116.427208,39.973143
Car-1,2009-12-24 06:24:10,116.427149,39.973055
Car-1,2009-12-24 06:24:11,116.427087,39.972976
Car-1,2009-12-24 06:24:13,116.426978,39.97283
Car-1,2009-12-24 06:24:15,116.426905,39.97272
Car-1,2009-12-24 06:24:17,116.42685,39.972634
Car-1,2009-12-24 06:24:20,116.426771,39.972523
Car-1,2009-12-24 06:24:23,116.426698,39.972421
Car-1,2009-12-24 06:24:25,116.42664,39.97234
Car-1,2009-12-24 06:24:27,116.426576,39.972239
Car-1,2009-12-24 06:24:29,116.426507,39.972129
Car-1,2009-12-24 06:24:31,116.426429,39.97202
Car-1,2009-12-24 06:24:33,116.426351,39.971904
Car-1,2009-12-24 06:24:35,116.426279,39.9718
Car-1,2009-12-24 06:24:37,116.42621,39.971711
Car-1,2009-12-24 06:24:39,116.426128,39.971637
Car-1,2009-12-24 06:24:41,116.426042,39.97156
Car-1,2009-12-24 06:24:43,116.425964,39.971461
Car-1,2009-12-24 06:24:45,116.425895,39.971354
Car-1,2009-12-24 06:24:47,116.425824,39.971236
Car-1,2009-12-24 06:24:49,116.425737,39.971109
Car-1,2009-12-24 06:24:51,116.425645,39.970976
Car-1,2009-12-24 06:24:53,116.425552,39.970838
Car-1,2009-12-24 06:24:55,116.425458,39.970695
Car-1,2009-12-24 06:24:57,116.425377,39.970538
Car-1,2009-12-24 06:24:58,116.425326,39.970434
Car-1,2009-12-24 06:24:59,116.425289,39.970342
Car-1,2009-12-24 06:25:00,116.425252,39.970256
Car-1,2009-12-24 06:25:02,116.425191,39.970086
Car-1,2009-12-24 06:25:04,116.425142,39.969923
Car-1,2009-12-24 06:25:06,116.425112,39.969768
Car-1,2009-12-24 06:25:08,116.425078,39.96963
Car-1,2009-12-24 06:25:10,116.425054,39.96949
Car-1,2009-12-24 06:25:12,116.425041,39.969355
Car-1,2009-12-24 06:25:14,116.425039,39.969221
Car-1,2009-12-24 06:25:16,116.425045,39.969089
Car-1,2009-12-24 06:25:18,116.425056,39.968957
Car-1,2009-12-24 06:25:20,116.425054,39.96884
Car-1,2009-12-24 06:25:22,116.425,39.96873
Car-1,2009-12-24 06:25:24,116.424937,39.968637
Car-1,2009-12-24 06:25:26,116.424829,39.968589
Car-1,2009-12-24 06:25:28,116.424674,39.968562
Car-1,2009-12-24 06:25:30,116.424529,39.968532
Car-1,2009-12-24 06:25:32,116.424311,39.968512
Car-1,2009-12-24 06:25:34,116.424094,39.968482
Car-1,2009-12-24 06:25:36,116.423898,39.968462
Car-1,2009-12-24 06:25:38,116.423718,39.968438
Car-1,2009-12-24 06:25:40,116.423538,39.96842
Car-1,2009-12-24 06:25:42,116.423403,39.968391
Car-1,2009-12-24 06:25:45,116.423245,39.96837
Car-1,2009-12-24 06:25:48,116.423129,39.968404
Car-1,2009-12-24 06:25:51,116.423021,39.968438
Car-1,2009-12-24 06:25:54,116.422896,39.968485
Car-1,2009-12-24 06:25:57,116.422769,39.968492
Car-1,2009-12-24 06:26:00,116.42264,39.968518
Car-1,2009-12-24 06:26:03,116.422463,39.968527
Car-1,2009-12-24 06:26:05,116.422325,39.968529
Car-1,2009-12-24 06:26:07,116.422162,39.96851
Car-1,2009-12-24 06:26:09,116.421974,39.968489
Car-1,2009-12-24 06:26:11,116.421773,39.968476
Car-1,2009-12-24 06:26:13,116.421582,39.968465
Car-1,2009-12-24 06:26:15,116.421431,39.96845
Car-1,2009-12-24 06:26:18,116.42131,39.96843
Car-1,2009-12-24 06:26:21,116.421179,39.968405
Car-1,2009-12-24 06:26:24,116.42101,39.968384
Car-1,2009-12-24 06:26:27,116.420858,39.968358
Car-1,2009-12-24 06:26:30,116.420733,39.968353
Car-1,2009-12-24 06:26:34,116.42059,39.968325
Car-1,2009-12-24 06:26:38,116.420445,39.968313
Car-1,2009-12-24 06:26:43,116.420352,39.968278
Car-1,2009-12-24 06:26:46,116.420352,39.968278
Car-1,2009-12-24 06:26:48,116.420345,39.968283
Car-1,2009-12-24 06:26:53,116.420206,39.968286
Car-1,2009-12-24 06:26:56,116.420027,39.968279
Car-1,2009-12-24 06:26:58,116.419898,39.968273
Car-1,2009-12-24 06:27:00,116.419759,39.968269
Car-1,2009-12-24 06:27:02,116.419616,39.968257
Car-1,2009-12-24 06:27:04,116.419463,39.968245
Car-1,2009-12-24 06:27:06,116.419337,39.968243
Car-1,2009-12-24 06:27:08,116.419222,39.968212
Car-1,2009-12-24 06:27:11,116.419095,39.968213
Car-1,2009-12-24 06:27:16,116.419041,39.968222
Car-1,2009-12-24 06:27:21,116.419041,39.968223
Car-1,2009-12-24 06:27:26,116.419042,39.968223
Car-1,2009-12-24 06:27:31,116.419045,39.968223
Car-1,2009-12-24 06:27:34,116.419045,39.968223
Car-1,2009-12-24 06:27:36,116.419045,39.968223
Car-1,2009-12-24 06:27:41,116.419031,39.968224
Car-1,2009-12-24 06:27:46,116.418991,39.968225
Car-1,2009-12-24 06:27:50,116.418829,39.968217
Car-1,2009-12-24 06:27:53,116.41865,39.968224
Car-1,2009-12-24 06:27:55,116.418519,39.968217
Car-1,2009-12-24 06:27:57,116.4184,39.968214
Car-1,2009-12-24 06:27:59,116.418284,39.968196
Car-1,2009-12-24 06:28:01,116.418141,39.968178
Car-1,2009-12-24 06:28:03,116.417972,39.968171
Car-1,2009-12-24 06:28:05,116.417786,39.968167
Car-1,2009-12-24 06:28:07,116.417597,39.968166
Car-1,2009-12-24 06:28:09,116.41742,39.968151
Car-1,2009-12-24 06:28:11,116.41724,39.968139
Car-1,2009-12-24 06:28:13,116.417055,39.96814
Car-1,2009-12-24 06:28:15,116.416869,39.968142
Car-1,2009-12-24 06:28:17,116.41669,39.968139
Car-1,2009-12-24 06:28:19,116.416509,39.968122
Car-1,2009-12-24 06:28:21,116.416335,39.968111
Car-1,2009-12-24 06:28:23,116.416161,39.968108
Car-1,2009-12-24 06:28:25,116.415994,39.968105
Car-1,2009-12-24 06:28:27,116.415815,39.968107
Car-1,2009-12-24 06:28:29,116.415641,39.968108
Car-1,2009-12-24 06:28:31,116.41547,39.968106
Car-1,2009-12-24 06:28:33,116.41531,39.968101
Car-1,2009-12-24 06:28:35,116.415144,39.968099
Car-1,2009-12-24 06:28:37,116.414983,39.968092
Car-1,2009-12-24 06:28:39,116.414819,39.968085
Car-1,2009-12-24 06:28:41,116.414654,39.96808
Car-1,2009-12-24 06:28:43,116.414474,39.968074
Car-1,2009-12-24 06:28:45,116.4143,39.968069
Car-1,2009-12-24 06:28:47,116.414126,39.968067
Car-1,2009-12-24 06:28:49,116.413953,39.96806
Car-1,2009-12-24 06:28:51,116.413801,39.968057
Car-1,2009-12-24 06:28:53,116.413683,39.968059
Car-1,2009-12-24 06:28:56,116.413544,39.968056
Car-1,2009-12-24 06:29:01,116.413502,39.968046
Car-1,2009-12-24 06:29:06,116.413504,39.968046
Car-1,2009-12-24 06:29:11,116.413502,39.968046
Car-1,2009-12-24 06:29:16,116.413504,39.968047
Car-1,2009-12-24 06:29:19,116.413504,39.968047
Car-1,2009-12-24 06:29:21,116.413506,39.968048
Car-1,2009-12-24 06:29:26,116.413486,39.968048
Car-1,2009-12-24 06:29:31,116.413475,39.968048
Car-1,2009-12-24 06:29:36,116.413467,39.968047
Car-1,2009-12-24 06:29:41,116.413462,39.968046
Car-1,2009-12-24 06:29:46,116.413458,39.968047
Car-1,2009-12-24 06:29:51,116.413452,39.968047
Car-1,2009-12-24 06:29:56,116.413444,39.968047
Car-1,2009-12-24 06:30:01,116.413441,39.968048
Car-1,2009-12-24 06:30:06,116.41344,39.968049
Car-1,2009-12-24 06:30:11,116.413441,39.968049
Car-1,2009-12-24 06:30:16,116.413444,39.968049
Car-1,2009-12-24 06:30:21,116.413446,39.968049
Car-1,2009-12-24 06:30:26,116.413447,39.968049
Car-1,2009-12-24 06:30:31,116.413448,39.968049
Car-1,2009-12-24 06:30:36,116.413448,39.96805
Car-1,2009-12-24 06:30:41,116.413447,39.968049
Car-1,2009-12-24 06:30:46,116.413443,39.96805
Car-1,2009-12-24 06:30:51,116.413444,39.968049
Car-1,2009-12-24 06:30:54,116.413444,39.968049
Car-1,2009-12-24 06:30:56,116.413444,39.968048
Car-1,2009-12-24 06:31:01,116.413396,39.968043
Car-1,2009-12-24 06:31:04,116.413215,39.96805
Car-1,2009-12-24 06:31:06,116.41309,39.968045
Car-1,2009-12-24 06:31:08,116.412971,39.968045
Car-1,2009-12-24 06:31:11,116.412814,39.968039
Car-1,2009-12-24 06:31:14,116.412637,39.968031
Car-1,2009-12-24 06:31:16,116.412469,39.968025
Car-1,2009-12-24 06:31:18,116.41231,39.968018
Car-1,2009-12-24 06:31:20,116.412145,39.968016
Car-1,2009-12-24 06:31:22,116.411973,39.968011
Car-1,2009-12-24 06:31:24,116.411817,39.968005
Car-1,2009-12-24 06:31:26,116.411655,39.968008
Car-1,2009-12-24 06:31:28,116.411511,39.96801
Car-1,2009-12-24 06:31:31,116.411349,39.968005
Car-1,2009-12-24 06:31:34,116.411209,39.967988
Car-1,2009-12-24 06:31:37,116.41105,39.968005
Car-1,2009-12-24 06:31:40,116.410923,39.967999
Car-1,2009-12-24 06:31:43,116.410786,39.967991
Car-1,2009-12-24 06:31:45,116.41067,39.967989
Car-1,2009-12-24 06:31:47,116.410552,39.967971
Car-1,2009-12-24 06:31:50,116.410392,39.967958
Car-1,2009-12-24 06:31:54,116.410243,39.967954
Car-1,2009-12-24 06:31:58,116.410121,39.967956
Car-1,2009-12-24 06:32:01,116.409996,39.967948
Car-1,2009-12-24 06:32:04,116.409871,39.967951
Car-1,2009-12-24 06:32:07,116.409754,39.967951
Car-1,2009-12-24 06:32:10,116.409611,39.967942
Car-1,2009-12-24 06:32:13,116.409489,39.967931
Car-1,2009-12-24 06:32:16,116.409369,39.967924
Car-1,2009-12-24 06:32:19,116.409217,39.967919
Car-1,2009-12-24 06:32:23,116.409094,39.96792
Car-1,2009-12-24 06:32:28,116.409031,39.967916
Car-1,2009-12-24 06:32:32,116.408898,39.967911
Car-1,2009-12-24 06:32:35,116.408773,39.9679
Car-1,2009-12-24 06:32:38,116.408649,39.96789
Car-1,2009-12-24 06:32:42,116.4085,39.967876
Car-1,2009-12-24 06:32:45,116.408341,39.967848
Car-1,2009-12-24 06:32:48,116.408176,39.967838
Car-1,2009-12-24 06:32:51,116.40801,39.967831
Car-1,2009-12-24 06:32:53,116.407877,39.967827
Car-1,2009-12-24 06:32:55,116.407701,39.967816
Car-1,2009-12-24 06:32:57,116.407483,39.967808
Car-1,2009-12-24 06:32:59,116.407247,39.967799
Car-1,2009-12-24 06:33:00,116.407122,39.967793
Car-1,2009-12-24 06:33:01,116.40699,39.967788
Car-1,2009-12-24 06:33:02,116.406853,39.967782
Car-1,2009-12-24 06:33:03,116.40671,39.967776
Car-1,2009-12-24 06:33:04,116.406569,39.967772
Car-1,2009-12-24 06:33:05,116.406421,39.967772
Car-1,2009-12-24 06:33:06,116.406278,39.967772
Car-1,2009-12-24 06:33:07,116.406139,39.96777
Car-1,2009-12-24 06:33:08,116.406003,39.967771
Car-1,2009-12-24 06:33:09,116.40587,39.967773
Car-1,2009-12-24 06:33:10,116.405737,39.967768
Car-1,2009-12-24 06:33:11,116.40561,39.967766
Car-1,2009-12-24 06:33:12,116.405485,39.967757
Car-1,2009-12-24 06:33:13,116.405358,39.967757
Car-1,2009-12-24 06:33:14,116.405241,39.967753
Car-1,2009-12-24 06:33:16,116.405017,39.967728
Car-1,2009-12-24 06:33:18,116.404796,39.967728
Car-1,2009-12-24 06:33:20,116.404588,39.967724
Car-1,2009-12-24 06:33:22,116.404386,39.967724
Car-1,2009-12-24 06:33:24,116.404168,39.967718
Car-1,2009-12-24 06:33:26,116.403965,39.967717
Car-1,2009-12-24 06:33:28,116.403761,39.967712
Car-1,2009-12-24 06:33:30,116.403557,39.967712
Car-1,2009-12-24 06:33:32,116.403367,39.967707
Car-1,2009-12-24 06:33:34,116.403191,39.967699
Car-1,2009-12-24 06:33:36,116.40301,39.967693
Car-1,2009-12-24 06:33:38,116.402813,39.967691
Car-1,2009-12-24 06:33:40,116.402605,39.967692
Car-1,2009-12-24 06:33:42,116.402381,39.967696
Car-1,2009-12-24 06:33:44,116.402171,39.96769
Car-1,2009-12-24 06:33:46,116.401955,39.967663
Car-1,2009-12-24 06:33:48,116.40173,39.967651
Car-1,2009-12-24 06:33:49,116.401612,39.967647
Car-1,2009-12-24 06:33:50,116.401486,39.967648
Car-1,2009-12-24 06:33:51,116.401361,39.967641
Car-1,2009-12-24 06:33:52,116.401236,39.967637
Car-1,2009-12-24 06:33:53,116.401118,39.967633
Car-1,2009-12-24 06:33:54,116.401001,39.967626
Car-1,2009-12-24 06:33:56,116.400774,39.967619
Car-1,2009-12-24 06:33:58,116.400541,39.96761
Car-1,2009-12-24 06:33:59,116.400419,39.967611
Car-1,2009-12-24 06:34:01,116.4002,39.967596
Car-1,2009-12-24 06:34:03,116.399979,39.967587
Car-1,2009-12-24 06:34:05,116.399779,39.967577
Car-1,2009-12-24 06:34:07,116.39958,39.967574
Car-1,2009-12-24 06:34:09,116.399368,39.967566
Car-1,2009-12-24 06:34:10,116.399246,39.967567
Car-1,2009-12-24 06:34:11,116.399113,39.967563
Car-1,2009-12-24 06:34:12,116.398966,39.967557
Car-1,2009-12-24 06:34:13,116.398825,39.967548
Car-1,2009-12-24 06:34:14,116.398686,39.967548
Car-1,2009-12-24 06:34:15,116.398548,39.967544
Car-1,2009-12-24 06:34:16,116.398407,39.967542
Car-1,2009-12-24 06:34:17,116.39827,39.967536
Car-1,2009-12-24 06:34:18,116.398124,39.967534
Car-1,2009-12-24 06:34:19,116.397975,39.967528
Car-1,2009-12-24 06:34:20,116.397814,39.967526
Car-1,2009-12-24 06:34:21,116.39766,39.967522
Car-1,2009-12-24 06:34:22,116.39749,39.967523
Car-1,2009-12-24 06:34:23,116.39732,39.96752
Car-1,2009-12-24 06:34:24,116.397141,39.967518
Car-1,2009-12-24 06:34:25,116.396961,39.96751
Car-1,2009-12-24 06:34:26,116.396778,39.967501
Car-1,2009-12-24 06:34:27,116.396592,39.967491
Car-1,2009-12-24 06:34:28,116.396414,39.967483
Car-1,2009-12-24 06:34:29,116.396235,39.967477
Car-1,2009-12-24 06:34:30,116.396056,39.967475
Car-1,2009-12-24 06:34:31,116.395887,39.967472
Car-1,2009-12-24 06:34:32,116.395725,39.96747
Car-1,2009-12-24 06:34:33,116.395566,39.967469
Car-1,2009-12-24 06:34:34,116.395411,39.967469
Car-1,2009-12-24 06:34:35,116.395267,39.96747
Car-1,2009-12-24 06:34:36,116.395127,39.967466
Car-1,2009-12-24 06:34:37,116.394996,39.967466
Car-1,2009-12-24 06:34:38,116.394877,39.967463
Car-1,2009-12-24 06:34:39,116.39476,39.967458
Car-1,2009-12-24 06:34:41,116.394521,39.96745
Car-1,2009-12-24 06:34:42,116.394395,39.967444
Car-1,2009-12-24 06:34:43,116.394264,39.967439
Car-1,2009-12-24 06:34:44,116.394142,39.967427
Car-1,2009-12-24 06:34:45,116.394014,39.967422
Car-1,2009-12-24 06:34:46,116.393886,39.967417
Car-1,2009-12-24 06:34:47,116.393765,39.967411
Car-1,2009-12-24 06:34:48,116.393648,39.967405
Car-1,2009-12-24 06:34:50,116.393434,39.967408
Car-1,2009-12-24 06:34:52,116.39325,39.967409
Car-1,2009-12-24 06:34:54,116.393101,39.967407
Car-1,2009-12-24 06:34:56,116.392962,39.967401
Car-1,2009-12-24 06:34:58,116.392808,39.967404
Car-1,2009-12-24 06:35:00,116.392627,39.967399
Car-1,2009-12-24 06:35:02,116.392445,39.967398
Car-1,2009-12-24 06:35:04,116.392249,39.967394
Car-1,2009-12-24 06:35:06,116.39207,39.967393
Car-1,2009-12-24 06:35:08,116.391879,39.9674
Car-1,2009-12-24 06:35:10,116.391688,39.967379
Car-1,2009-12-24 06:35:12,116.391468,39.967375
Car-1,2009-12-24 06:35:14,116.391249,39.967371
Car-1,2009-12-24 06:35:16,116.391015,39.967363
Car-1,2009-12-24 06:35:17,116.390894,39.967354
Car-1,2009-12-24 06:35:18,116.390773,39.967346
Car-1,2009-12-24 06:35:19,116.390645,39.967349
Car-1,2009-12-24 06:35:20,116.390514,39.967345
Car-1,2009-12-24 06:35:21,116.390384,39.967341
Car-1,2009-12-24 06:35:22,116.390258,39.967337
Car-1,2009-12-24 06:35:23,116.390125,39.967336
Car-1,2009-12-24 06:35:24,116.390002,39.967333
Car-1,2009-12-24 06:35:25,116.389882,39.967327
Car-1,2009-12-24 06:35:26,116.389744,39.96734
Car-1,2009-12-24 06:35:28,116.389529,39.967324
Car-1,2009-12-24 06:35:30,116.389311,39.967316
Car-1,2009-12-24 06:35:32,116.389107,39.967305
Car-1,2009-12-24 06:35:34,116.388924,39.96729
Car-1,2009-12-24 06:35:36,116.388754,39.967281
Car-1,2009-12-24 06:35:38,116.388608,39.967271
Car-1,2009-12-24 06:35:40,116.388437,39.967267
Car-1,2009-12-24 06:35:42,116.388275,39.967267
Car-1,2009-12-24 06:35:44,116.388116,39.967271
Car-1,2009-12-24 06:35:46,116.387951,39.967229
Car-1,2009-12-24 06:35:48,116.387794,39.967239
Car-1,2009-12-24 06:35:50,116.387647,39.967255
Car-1,2009-12-24 06:35:52,116.38751,39.96725
Car-1,2009-12-24 06:35:54,116.387376,39.967244
Car-1,2009-12-24 06:35:56,116.387227,39.967253
Car-1,2009-12-24 06:35:58,116.387099,39.967256
Car-1,2009-12-24 06:36:00,116.386968,39.967245
Car-1,2009-12-24 06:36:02,116.386815,39.967244
Car-1,2009-12-24 06:36:04,116.386632,39.967248
Car-1,2009-12-24 06:36:06,116.386399,39.96725
Car-1,2009-12-24 06:36:07,116.386273,39.96725
Car-1,2009-12-24 06:36:08,116.386146,39.96725
Car-1,2009-12-24 06:36:09,116.386018,39.96725
Car-1,2009-12-24 06:36:10,116.385895,39.967242
Car-1,2009-12-24 06:36:11,116.385773,39.967237
Car-1,2009-12-24 06:36:12,116.385654,39.967233
Car-1,2009-12-24 06:36:14,116.385433,39.967226
Car-1,2009-12-24 06:36:16,116.385236,39.967218
Car-1,2009-12-24 06:36:18,116.385047,39.967214
Car-1,2009-12-24 06:36:20,116.384854,39.96721
Car-1,2009-12-24 06:36:22,116.38466,39.96718
Car-1,2009-12-24 06:36:24,116.384467,39.967176
Car-1,2009-12-24 06:36:26,116.384274,39.967178
Car-1,2009-12-24 06:36:28,116.384091,39.967187
Car-1,2009-12-24 06:36:30,116.383913,39.967191
Car-1,2009-12-24 06:36:32,116.383751,39.967199
Car-1,2009-12-24 06:36:34,116.383605,39.967185
Car-1,2009-12-24 06:36:36,116.383455,39.967166
Car-1,2009-12-24 06:36:38,116.383289,39.967159
Car-1,2009-12-24 06:36:40,116.383123,39.967149
Car-1,2009-12-24 06:36:42,116.382958,39.967157
Car-1,2009-12-24 06:36:44,116.382798,39.967149
Car-1,2009-12-24 06:36:46,116.38264,39.967143
Car-1,2009-12-24 06:36:48,116.382458,39.967138
Car-1,2009-12-24 06:36:50,116.382272,39.967133
Car-1,2009-12-24 06:36:52,116.382064,39.967136
Car-1,2009-12-24 06:36:54,116.381837,39.967133
Car-1,2009-12-24 06:36:55,116.381717,39.967134
Car-1,2009-12-24 06:36:57,116.381496,39.967132
Car-1,2009-12-24 06:36:59,116.381264,39.967123
Car-1,2009-12-24 06:37:01,116.381046,39.967112
Car-1,2009-12-24 06:37:03,116.380834,39.9671
Car-1,2009-12-24 06:37:05,116.38062,39.9671
Car-1,2009-12-24 06:37:07,116.380428,39.9671
Car-1,2009-12-24 06:37:09,116.380256,39.967094
Car-1,2009-12-24 06:37:11,116.380104,39.967092
Car-1,2009-12-24 06:37:14,116.379978,39.967091
Car-1,2009-12-24 06:37:18,116.379847,39.96709
Car-1,2009-12-24 06:37:21,116.379719,39.96709
Car-1,2009-12-24 06:37:24,116.379549,39.967088
Car-1,2009-12-24 06:37:26,116.379403,39.967085
Car-1,2009-12-24 06:37:28,116.379232,39.967086
Car-1,2009-12-24 06:37:30,116.379047,39.967079
Car-1,2009-12-24 06:37:32,116.378863,39.967075
Car-1,2009-12-24 06:37:34,116.378705,39.967068
Car-1,2009-12-24 06:37:36,116.378561,39.967063
Car-1,2009-12-24 06:37:39,116.378395,39.967056
Car-1,2009-12-24 06:37:42,116.37826,39.967047
Car-1,2009-12-24 06:37:45,116.37813,39.967034
Car-1,2009-12-24 06:37:48,116.378005,39.967026
Car-1,2009-12-24 06:37:51,116.377868,39.967022
Car-1,2009-12-24 06:37:53,116.377745,39.967019
Car-1,2009-12-24 06:37:55,116.377613,39.967024
Car-1,2009-12-24 06:37:57,116.377491,39.967024
Car-1,2009-12-24 06:37:59,116.377363,39.967023
Car-1,2009-12-24 06:38:01,116.377234,39.967019
Car-1,2009-12-24 06:38:03,116.377115,39.967015
Car-1,2009-12-24 06:38:06,116.376951,39.967006
Car-1,2009-12-24 06:38:09,116.376814,39.966999
Car-1,2009-12-24 06:38:12,116.37669,39.966997
Car-1,2009-12-24 06:38:15,116.376542,39.966993
Car-1,2009-12-24 06:38:18,116.376371,39.966985
Car-1,2009-12-24 06:38:20,116.376242,39.966987
Car-1,2009-12-24 06:38:22,116.376109,39.966977
Car-1,2009-12-24 06:38:24,116.375978,39.966978
Car-1,2009-12-24 06:38:27,116.375798,39.966973
Car-1,2009-12-24 06:38:29,116.375662,39.966975
Car-1,2009-12-24 06:38:31,116.375522,39.966964
Car-1,2009-12-24 06:38:33,116.375369,39.966959
Car-1,2009-12-24 06:38:35,116.375193,39.966949
Car-1,2009-12-24 06:38:37,116.375002,39.966941
Car-1,2009-12-24 06:38:39,116.374809,39.966937
Car-1,2009-12-24 06:38:41,116.374606,39.966938
Car-1,2009-12-24 06:38:43,116.37442,39.966931
Car-1,2009-12-24 06:38:45,116.374226,39.966924
Car-1,2009-12-24 06:38:47,116.374033,39.966925
Car-1,2009-12-24 06:38:49,116.373844,39.966912
Car-1,2009-12-24 06:38:51,116.373624,39.966912
Car-1,2009-12-24 06:38:53,116.373399,39.966921
Car-1,2009-12-24 06:38:55,116.373204,39.966927
Car-1,2009-12-24 06:38:57,116.373027,39.966945
Car-1,2009-12-24 06:38:59,116.372885,39.966948
Car-1,2009-12-24 06:39:02,116.372747,39.966948
Car-1,2009-12-24 06:39:06,116.372613,39.966965
Car-1,2009-12-24 06:39:11,116.372537,39.967038
Car-1,2009-12-24 06:39:16,116.372555,39.967031
Car-1,2009-12-24 06:39:21,116.372561,39.967031
Car-1,2009-12-24 06:39:24,116.372561,39.967031
Car-1,2009-12-24 06:39:26,116.372553,39.967035
Car-1,2009-12-24 06:39:31,116.372536,39.967064
Car-1,2009-12-24 06:39:36,116.372533,39.967064
Car-1,2009-12-24 06:39:41,116.372535,39.967063
Car-1,2009-12-24 06:39:46,116.372543,39.967063
Car-1,2009-12-24 06:39:51,116.372546,39.967063
Car-1,2009-12-24 06:39:56,116.372547,39.967062
Car-1,2009-12-24 06:40:01,116.372545,39.967062
Car-1,2009-12-24 06:40:04,116.372545,39.967062
Car-1,2009-12-24 06:40:06,116.37254,39.967062
Car-1,2009-12-24 06:40:11,116.372528,39.967064
Car-1,2009-12-24 06:40:16,116.372522,39.967064
Car-1,2009-12-24 06:40:21,116.372518,39.967065
Car-1,2009-12-24 06:40:24,116.372518,39.967065
Car-1,2009-12-24 06:40:26,116.372521,39.967066
Car-1,2009-12-24 06:40:31,116.372521,39.967084
Car-1,2009-12-24 06:40:36,116.372524,39.967096
Car-1,2009-12-24 06:40:41,116.372524,39.967113
Car-1,2009-12-24 06:40:46,116.372529,39.967133
Car-1,2009-12-24 06:40:51,116.372554,39.967179
Car-1,2009-12-24 06:40:56,116.372607,39.967224
Car-1,2009-12-24 06:41:01,116.372686,39.967247
Car-1,2009-12-24 06:41:06,116.37282,39.967248
Car-1,2009-12-24 06:41:09,116.372937,39.967252
Car-1,2009-12-24 06:41:12,116.373073,39.967238
Car-1,2009-12-24 06:41:16,116.373215,39.967255
Car-1,2009-12-24 06:41:21,116.373341,39.967249
Car-1,2009-12-24 06:41:26,116.373402,39.96727
Car-1,2009-12-24 06:41:31,116.373465,39.967269
Car-1,2009-12-24 06:41:36,116.373563,39.967274
Car-1,2009-12-24 06:41:41,116.373702,39.967273
Car-1,2009-12-24 06:41:46,116.373798,39.967288
Car-1,2009-12-24 06:41:51,116.373898,39.967268
Car-1,2009-12-24 06:41:55,116.373977,39.967199
Car-1,2009-12-24 06:41:59,116.374017,39.967061
Car-1,2009-12-24 06:42:01,116.374012,39.966945
Car-1,2009-12-24 06:42:03,116.374,39.966829
Car-1,2009-12-24 06:42:05,116.373986,39.9667
Car-1,2009-12-24 06:42:07,116.373964,39.966562
Car-1,2009-12-24 06:42:09,116.37393,39.966421
Car-1,2009-12-24 06:42:11,116.373902,39.96627
Car-1,2009-12-24 06:42:13,116.373881,39.966107
Car-1,2009-12-24 06:42:15,116.373845,39.965934
Car-1,2009-12-24 06:42:17,116.373804,39.965771
Car-1,2009-12-24 06:42:19,116.373759,39.965608
Car-1,2009-12-24 06:42:21,116.373727,39.96545
Car-1,2009-12-24 06:42:23,116.373698,39.965306
Car-1,2009-12-24 06:42:25,116.373687,39.965155
Car-1,2009-12-24 06:42:27,116.373687,39.965005
Car-1,2009-12-24 06:42:29,116.373668,39.964852
Car-1,2009-12-24 06:42:31,116.373651,39.964722
Car-1,2009-12-24 06:42:33,116.37364,39.964604
Car-1,2009-12-24 06:42:35,116.373624,39.964495
Car-1,2009-12-24 06:42:37,116.373603,39.964381
Car-1,2009-12-24 06:42:39,116.373585,39.964259
Car-1,2009-12-24 06:42:41,116.373556,39.964147
Car-1,2009-12-24 06:42:43,116.373553,39.964037
Car-1,2009-12-24 06:42:45,116.373535,39.963913
Car-1,2009-12-24 06:42:47,116.373514,39.963789
Car-1,2009-12-24 06:42:49,116.373497,39.963644
Car-1,2009-12-24 06:42:51,116.373486,39.963499
Car-1,2009-12-24 06:42:53,116.373452,39.96337
Car-1,2009-12-24 06:42:55,116.373426,39.963244
Car-1,2009-12-24 06:42:57,116.373426,39.96312
Car-1,2009-12-24 06:42:59,116.373383,39.963011
Car-1,2009-12-24 06:43:04,116.373412,39.96299
Car-1,2009-12-24 06:43:09,116.373449,39.962863
Car-1,2009-12-24 06:43:11,116.373381,39.962704
Car-1,2009-12-24 06:43:13,116.373371,39.962552
Car-1,2009-12-24 06:43:15,116.373316,39.962391
Car-1,2009-12-24 06:43:17,116.373304,39.962233
Car-1,2009-12-24 06:43:19,116.373303,39.962068
Car-1,2009-12-24 06:43:21,116.373283,39.961907
Car-1,2009-12-24 06:43:23,116.373292,39.961737
Car-1,2009-12-24 06:43:25,116.373291,39.961567
Car-1,2009-12-24 06:43:26,116.373328,39.961466
Car-1,2009-12-24 06:43:28,116.373309,39.961316
Car-1,2009-12-24 06:43:30,116.373286,39.961156
Car-1,2009-12-24 06:43:32,116.373267,39.961004
Car-1,2009-12-24 06:43:34,116.373245,39.960863
Car-1,2009-12-24 06:43:36,116.373205,39.960724
Car-1,2009-12-24 06:43:38,116.373162,39.960593
Car-1,2009-12-24 06:43:40,116.373119,39.960469
Car-1,2009-12-24 06:43:42,116.373082,39.960337
Car-1,2009-12-24 06:43:44,116.373059,39.960197
Car-1,2009-12-24 06:43:46,116.373039,39.960082
Car-1,2009-12-24 06:43:48,116.373028,39.959977
Car-1,2009-12-24 06:43:50,116.373018,39.959876
Car-1,2009-12-24 06:43:52,116.372996,39.959766
Car-1,2009-12-24 06:43:55,116.372968,39.959645
Car-1,2009-12-24 06:43:58,116.372961,39.959541
Car-1,2009-12-24 06:44:01,116.37296,39.959444
Car-1,2009-12-24 06:44:05,116.372961,39.959326
Car-1,2009-12-24 06:44:08,116.372998,39.959224
Car-1,2009-12-24 06:44:10,116.372995,39.959136
Car-1,2009-12-24 06:44:12,116.372922,39.959033
Car-1,2009-12-24 06:44:14,116.372876,39.958931
Car-1,2009-12-24 06:44:16,116.37287,39.958841
Car-1,2009-12-24 06:44:19,116.372843,39.958704
Car-1,2009-12-24 06:44:21,116.372835,39.958604
Car-1,2009-12-24 06:44:24,116.372823,39.958501
Car-1,2009-12-24 06:44:27,116.372802,39.9584
Car-1,2009-12-24 06:44:31,116.372746,39.958321
Car-1,2009-12-24 06:44:36,116.372754,39.958226
Car-1,2009-12-24 06:44:40,116.372702,39.958123
Car-1,2009-12-24 06:44:43,116.372711,39.957973
Car-1,2009-12-24 06:44:45,116.372723,39.957845
Car-1,2009-12-24 06:44:47,116.37274,39.957701
Car-1,2009-12-24 06:44:49,116.372752,39.957573
Car-1,2009-12-24 06:44:51,116.372756,39.957458
Car-1,2009-12-24 06:44:53,116.372751,39.957359
Car-1,2009-12-24 06:44:55,116.372756,39.957244
Car-1,2009-12-24 06:44:57,116.37275,39.957138
Car-1,2009-12-24 06:44:59,116.372774,39.957015
Car-1,2009-12-24 06:45:01,116.372781,39.956897
Car-1,2009-12-24 06:45:03,116.372783,39.956776
Car-1,2009-12-24 06:45:05,116.372759,39.956675
Car-1,2009-12-24 06:45:07,116.372755,39.956562
Car-1,2009-12-24 06:45:10,116.372743,39.956434
Car-1,2009-12-24 06:45:13,116.372749,39.956314
Car-1,2009-12-24 06:45:16,116.372757,39.956184
Car-1,2009-12-24 06:45:19,116.372729,39.956055
Car-1,2009-12-24 06:45:22,116.372652,39.955943
Car-1,2009-12-24 06:45:25,116.372618,39.955812
Car-1,2009-12-24 06:45:27,116.372634,39.955707
Car-1,2009-12-24 06:45:29,116.372676,39.955584
Car-1,2009-12-24 06:45:32,116.372678,39.955472
Car-1,2009-12-24 06:45:35,116.37267,39.955373
Car-1,2009-12-24 06:45:38,116.372705,39.955244
Car-1,2009-12-24 06:45:42,116.372705,39.955142
Car-1,2009-12-24 06:45:45,116.372689,39.955048
Car-1,2009-12-24 06:45:47,116.372718,39.954923
Car-1,2009-12-24 06:45:49,116.372746,39.954779
Car-1,2009-12-24 06:45:51,116.372734,39.954667
Car-1,2009-12-24 06:45:53,116.372702,39.954562
Car-1,2009-12-24 06:45:55,116.372715,39.954413
Car-1,2009-12-24 06:45:57,116.372742,39.95428
Car-1,2009-12-24 06:45:59,116.372723,39.95417
Car-1,2009-12-24 06:46:01,116.372678,39.95404
Car-1,2009-12-24 06:46:03,116.372667,39.953896
Car-1,2009-12-24 06:46:04,116.372718,39.953774
Car-1,2009-12-24 06:46:05,116.372766,39.95363
Car-1,2009-12-24 06:46:06,116.372786,39.953519
Car-1,2009-12-24 06:46:07,116.372797,39.953411
Car-1,2009-12-24 06:46:08,116.372804,39.953306
Car-1,2009-12-24 06:46:09,116.372809,39.953214
Car-1,2009-12-24 06:46:10,116.372811,39.953124
Car-1,2009-12-24 06:46:12,116.372837,39.952956
Car-1,2009-12-24 06:46:14,116.372834,39.952806
Car-1,2009-12-24 06:46:16,116.372842,39.952672
Car-1,2009-12-24 06:46:18,116.372839,39.952531
Car-1,2009-12-24 06:46:20,116.372813,39.952385
Car-1,2009-12-24 06:46:22,116.3728,39.95226
Car-1,2009-12-24 06:46:24,116.372797,39.952128
Car-1,2009-12-24 06:46:26,116.372804,39.952013
Car-1,2009-12-24 06:46:28,116.372833,39.95191
Car-1,2009-12-24 06:46:33,116.372856,39.951863
Car-1,2009-12-24 06:46:38,116.372862,39.951832
Car-1,2009-12-24 06:46:42,116.372858,39.951739
Car-1,2009-12-24 06:46:44,116.372891,39.951649
Car-1,2009-12-24 06:46:47,116.372904,39.95154
Car-1,2009-12-24 06:46:50,116.372903,39.951425
Car-1,2009-12-24 06:46:53,116.372881,39.951311
Car-1,2009-12-24 06:46:55,116.372884,39.951211
Car-1,2009-12-24 06:46:58,116.372862,39.951078
Car-1,2009-12-24 06:47:01,116.372843,39.950937
Car-1,2009-12-24 06:47:03,116.372841,39.95082
Car-1,2009-12-24 06:47:05,116.372853,39.950702
Car-1,2009-12-24 06:47:07,116.372846,39.950603
Car-1,2009-12-24 06:47:09,116.372836,39.950509
Car-1,2009-12-24 06:47:12,116.372813,39.950388
Car-1,2009-12-24 06:47:15,116.372777,39.9503
Car-1,2009-12-24 06:47:19,116.372731,39.950197
Car-1,2009-12-24 06:47:23,116.372652,39.95012
Car-1,2009-12-24 06:47:27,116.372532,39.950091
Car-1,2009-12-24 06:47:30,116.372387,39.950074
Car-1,2009-12-24 06:47:33,116.372211,39.950042
Car-1,2009-12-24 06:47:35,116.372076,39.950033
Car-1,2009-12-24 06:47:37,116.371922,39.950027
Car-1,2009-12-24 06:47:39,116.371751,39.949998
Car-1,2009-12-24 06:47:41,116.371573,39.949985
Car-1,2009-12-24 06:47:43,116.371394,39.949976
Car-1,2009-12-24 06:47:45,116.371229,39.949948
Car-1,2009-12-24 06:47:47,116.371064,39.94992
Car-1,2009-12-24 06:47:49,116.37091,39.949884
Car-1,2009-12-24 06:47:51,116.370752,39.949845
Car-1,2009-12-24 06:47:53,116.370588,39.949788
Car-1,2009-12-24 06:47:55,116.370407,39.949707
Car-1,2009-12-24 06:47:57,116.370206,39.94967
Car-1,2009-12-24 06:47:58,116.370086,39.949678
Car-1,2009-12-24 06:48:00,116.369867,39.949683
Car-1,2009-12-24 06:48:02,116.369697,39.949681
Car-1,2009-12-24 06:48:04,116.369575,39.949674
Car-1,2009-12-24 06:48:09,116.369467,39.949691
Car-1,2009-12-24 06:48:14,116.369468,39.949691
Car-1,2009-12-24 06:48:19,116.369467,39.949691
Car-1,2009-12-24 06:48:24,116.369467,39.949693
Car-1,2009-12-24 06:48:27,116.369467,39.949693
Car-1,2009-12-24 06:48:29,116.369462,39.949694
Car-1,2009-12-24 06:48:34,116.369429,39.949696
Car-1,2009-12-24 06:48:38,116.36928,39.949676
Car-1,2009-12-24 06:48:41,116.369153,39.949686
Car-1,2009-12-24 06:48:44,116.369001,39.949678
Car-1,2009-12-24 06:48:47,116.368824,39.949645
Car-1,2009-12-24 06:48:49,116.368683,39.949605
Car-1,2009-12-24 06:48:51,116.368543,39.949583
Car-1,2009-12-24 06:48:53,116.368382,39.949564
Car-1,2009-12-24 06:48:55,116.368231,39.949523
Car-1,2009-12-24 06:48:57,116.368045,39.949514
Car-1,2009-12-24 06:48:59,116.367841,39.949514
Car-1,2009-12-24 06:49:00,116.367722,39.949535
Car-1,2009-12-24 06:49:01,116.367599,39.94956
Car-1,2009-12-24 06:49:03,116.367388,39.949576
Car-1,2009-12-24 06:49:05,116.367202,39.949566
Car-1,2009-12-24 06:49:07,116.367031,39.949553
Car-1,2009-12-24 06:49:09,116.366871,39.949539
Car-1,2009-12-24 06:49:11,116.366713,39.949535
Car-1,2009-12-24 06:49:13,116.366558,39.949529
Car-1,2009-12-24 06:49:15,116.366389,39.949556
Car-1,2009-12-24 06:49:17,116.366222,39.949574
Car-1,2009-12-24 06:49:19,116.366069,39.949584
Car-1,2009-12-24 06:49:21,116.365922,39.94959
Car-1,2009-12-24 06:49:23,116.365773,39.949594
Car-1,2009-12-24 06:49:26,116.365614,39.9496
Car-1,2009-12-24 06:49:29,116.365483,39.949608
Car-1,2009-12-24 06:49:32,116.365338,39.949656
Car-1,2009-12-24 06:54:56,116.365177,39.94945
Car-1,2009-12-24 06:55:01,116.365177,39.949406
Car-1,2009-12-24 06:55:06,116.365159,39.949392
Car-1,2009-12-24 06:55:11,116.365152,39.949391
Car-1,2009-12-24 06:55:16,116.36515,39.94939
Car-1,2009-12-24 06:55:21,116.365147,39.949389
Car-1,2009-12-24 06:55:26,116.365151,39.949389
Car-1,2009-12-24 06:55:31,116.365153,39.949389
Car-1,2009-12-24 06:55:36,116.365157,39.949389
Car-1,2009-12-24 06:55:41,116.365157,39.949389
Car-1,2009-12-24 06:55:44,116.365157,39.949389
Car-1,2009-12-24 06:55:46,116.365158,39.949389
Car-1,2009-12-24 06:55:51,116.365172,39.949377
Car-1,2009-12-24 06:55:56,116.365168,39.949385
Car-1,2009-12-24 06:56:01,116.365171,39.949385
Car-1,2009-12-24 06:56:06,116.365171,39.949385
Car-1,2009-12-24 06:56:11,116.365171,39.949384
Car-1,2009-12-24 06:56:16,116.365174,39.949383
Car-1,2009-12-24 06:56:19,116.365174,39.949383
Car-1,2009-12-24 06:56:21,116.365177,39.949383
Car-1,2009-12-24 06:56:26,116.365191,39.949382
Car-1,2009-12-24 06:56:29,116.365191,39.949382
Car-1,2009-12-24 06:56:31,116.365196,39.949379
Car-1,2009-12-24 06:56:36,116.36519,39.949327
Car-1,2009-12-24 06:56:41,116.365227,39.94913
Car-1,2009-12-24 06:56:44,116.365229,39.949022
Car-1,2009-12-24 06:56:47,116.365227,39.948909
Car-1,2009-12-24 06:56:51,116.365258,39.948809
Car-1,2009-12-24 06:56:55,116.365313,39.948708
Car-1,2009-12-24 06:56:59,116.365307,39.948597
Car-1,2009-12-24 06:57:02,116.365311,39.948498
Car-1,2009-12-24 06:57:05,116.365331,39.948374
Car-1,2009-12-24 06:57:07,116.36533,39.948274
Car-1,2009-12-24 06:57:09,116.365346,39.948167
Car-1,2009-12-24 06:57:11,116.365374,39.948071
Car-1,2009-12-24 06:57:13,116.365422,39.947989
Car-1,2009-12-24 06:57:16,116.365423,39.947871
Car-1,2009-12-24 06:57:19,116.365432,39.947775
Car-1,2009-12-24 06:57:22,116.365446,39.947685
Car-1,2009-12-24 06:57:26,116.365446,39.947584
Car-1,2009-12-24 06:57:31,116.36541,39.947504
Car-1,2009-12-24 06:57:36,116.365378,39.947409
Car-1,2009-12-24 06:57:40,116.365259,39.947355
Car-1,2009-12-24 06:57:43,116.365143,39.947331
Car-1,2009-12-24 06:57:46,116.364978,39.947291
Car-1,2009-12-24 06:57:48,116.364847,39.947258
Car-1,2009-12-24 06:57:50,116.364704,39.947212
Car-1,2009-12-24 06:57:52,116.364559,39.947157
Car-1,2009-12-24 06:57:54,116.364399,39.9471
Car-1,2009-12-24 06:57:56,116.364209,39.947057
Car-1,2009-12-24 06:57:58,116.364021,39.946985
Car-1,2009-12-24 06:58:00,116.363859,39.946922
Car-1,2009-12-24 06:58:02,116.363702,39.94684
Car-1,2009-12-24 06:58:04,116.363558,39.946781
Car-1,2009-12-24 06:58:06,116.363405,39.946703
Car-1,2009-12-24 06:58:08,116.363222,39.946636
Car-1,2009-12-24 06:58:10,116.363041,39.946578
Car-1,2009-12-24 06:58:12,116.362858,39.946511
Car-1,2009-12-24 06:58:14,116.362696,39.946439
Car-1,2009-12-24 06:58:16,116.36252,39.946369
Car-1,2009-12-24 06:58:18,116.36233,39.946292
Car-1,2009-12-24 06:58:19,116.362204,39.946278
Car-1,2009-12-24 06:58:20,116.362093,39.946241
Car-1,2009-12-24 06:58:21,116.361976,39.946209
Car-1,2009-12-24 06:58:23,116.361758,39.94614
Car-1,2009-12-24 06:58:25,116.361555,39.946067
Car-1,2009-12-24 06:58:27,116.361339,39.945992
Car-1,2009-12-24 06:58:28,116.361189,39.945983
Car-1,2009-12-24 06:58:29,116.361052,39.945965
Car-1,2009-12-24 06:58:31,116.360836,39.945879
Car-1,2009-12-24 06:58:32,116.360726,39.945837
Car-1,2009-12-24 06:58:33,116.360613,39.945789
Car-1,2009-12-24 06:58:34,116.360505,39.945731
Car-1,2009-12-24 06:58:35,116.360395,39.945685
Car-1,2009-12-24 06:58:36,116.360289,39.945636
Car-1,2009-12-24 06:58:37,116.360186,39.945582
Car-1,2009-12-24 06:58:38,116.360078,39.945537
Car-1,2009-12-24 06:58:39,116.359965,39.945502
Car-1,2009-12-24 06:58:40,116.35985,39.945476
Car-1,2009-12-24 06:58:42,116.359656,39.945401
Car-1,2009-12-24 06:58:44,116.359474,39.945339
Car-1,2009-12-24 06:58:46,116.359304,39.945316
Car-1,2009-12-24 06:58:48,116.359177,39.945293
Car-1,2009-12-24 06:58:51,116.359037,39.945242
Car-1,2009-12-24 06:58:54,116.358899,39.945213
Car-1,2009-12-24 06:58:57,116.358785,39.945186
Car-1,2009-12-24 06:59:02,116.358734,39.945185
Car-1,2009-12-24 06:59:07,116.358708,39.945166
Car-1,2009-12-24 06:59:12,116.358661,39.945149
Car-1,2009-12-24 06:59:16,116.358547,39.94509
Car-1,2009-12-24 06:59:19,116.358408,39.94503
Car-1,2009-12-24 06:59:21,116.358285,39.944998
Car-1,2009-12-24 06:59:23,116.358158,39.94496
Car-1,2009-12-24 06:59:25,116.358032,39.944928
Car-1,2009-12-24 06:59:27,116.357916,39.944861
Car-1,2009-12-24 06:59:29,116.357756,39.944829
Car-1,2009-12-24 06:59:31,116.357588,39.944814
Car-1,2009-12-24 06:59:33,116.357421,39.944778
Car-1,2009-12-24 06:59:35,116.357264,39.944706
Car-1,2009-12-24 06:59:37,116.357096,39.944642
Car-1,2009-12-24 06:59:39,116.356913,39.944588
Car-1,2009-12-24 06:59:41,116.356732,39.944523
Car-1,2009-12-24 06:59:43,116.356549,39.944483
Car-1,2009-12-24 06:59:45,116.356372,39.944485
Car-1,2009-12-24 06:59:48,116.356239,39.944417
Car-1,2009-12-24 06:59:53,116.356126,39.944449
Car-1,2009-12-24 06:59:58,116.356049,39.944469
Car-1,2009-12-24 07:00:03,116.356005,39.944487
Car-1,2009-12-24 07:00:06,116.355942,39.94458
Car-1,2009-12-24 07:00:09,116.355878,39.94467
Car-1,2009-12-24 07:00:12,116.355811,39.944749
Car-1,2009-12-24 07:00:15,116.355721,39.944816
Car-1,2009-12-24 07:00:18,116.355622,39.944903
Car-1,2009-12-24 07:00:20,116.355529,39.945013
Car-1,2009-12-24 07:00:22,116.355458,39.9451
Car-1,2009-12-24 07:00:25,116.355344,39.945137
Car-1,2009-12-24 07:00:30,116.355226,39.945142
Car-1,2009-12-24 07:00:35,116.355196,39.945161
Car-1,2009-12-24 07:00:40,116.355087,39.94515
Car-1,2009-12-24 07:00:45,116.355068,39.945202
Car-1,2009-12-24 07:00:49,116.35502,39.945287
Car-1,2009-12-24 07:00:52,116.354953,39.945367
Car-1,2009-12-24 07:00:56,116.354855,39.945448
Car-1,2009-12-24 07:01:00,116.354801,39.945548
Car-1,2009-12-24 07:01:04,116.35474,39.945655
Car-1,2009-12-24 07:01:09,116.354689,39.945734
Car-1,2009-12-24 07:01:14,116.354652,39.945784
Car-1,2009-12-24 07:01:17,116.354578,39.94586
Car-1,2009-12-24 07:01:21,116.35454,39.94593
Car-1,2009-12-24 07:01:25,116.354468,39.946002
Car-1,2009-12-24 07:01:30,116.354412,39.94607
Car-1,2009-12-24 07:01:35,116.35437,39.946133
Car-1,2009-12-24 07:01:40,116.354327,39.94622
Car-1,2009-12-24 07:01:45,116.354301,39.946291
Car-1,2009-12-24 07:01:50,116.354282,39.946334
Car-1,2009-12-24 07:01:55,116.354295,39.946343
Car-1,2009-12-24 07:02:00,116.354333,39.946366
Car-1,2009-12-24 07:02:05,116.354384,39.946391
Car-1,2009-12-24 07:02:10,116.354376,39.946399
Car-1,2009-12-24 07:02:15,116.354379,39.9464
Car-1,2009-12-24 07:02:20,116.354382,39.9464
Car-1,2009-12-24 07:02:25,116.354387,39.946402
Car-1,2009-12-24 07:02:28,116.354387,39.946402
Car-1,2009-12-24 07:02:30,116.354394,39.946404
Car-1,2009-12-24 07:02:35,116.354403,39.946407
Car-1,2009-12-24 07:02:40,116.354397,39.946406
Car-1,2009-12-24 07:02:45,116.354402,39.946411
Car-1,2009-12-24 07:02:50,116.354403,39.946413
Car-1,2009-12-24 07:02:53,116.354403,39.946413
Car-1,2009-12-24 07:02:55,116.354406,39.946414
Car-1,2009-12-24 07:03:00,116.3544,39.946403
Car-1,2009-12-24 07:03:05,116.354438,39.946423
Car-1,2009-12-24 07:03:10,116.354513,39.946441
Car-1,2009-12-24 07:03:15,116.354577,39.946452
Car-1,2009-12-24 07:03:20,116.354658,39.946465
Car-1,2009-12-24 07:03:25,116.354733,39.946488
Car-1,2009-12-24 07:03:30,116.354814,39.946508
Car-1,2009-12-24 07:03:35,116.354892,39.946533
Car-1,2009-12-24 07:03:40,116.354972,39.946558
Car-1,2009-12-24 07:03:45,116.355068,39.946582
Car-1,2009-12-24 07:03:50,116.355132,39.946619
Car-1,2009-12-24 07:03:55,116.355177,39.946647
Car-1,2009-12-24 07:04:00,116.355209,39.946675
Car-1,2009-12-24 07:04:05,116.355252,39.946711
Car-1,2009-12-24 07:04:10,116.355284,39.946751
Car-1,2009-12-24 07:04:15,116.355325,39.946792
Car-1,2009-12-24 07:04:20,116.355363,39.946821
Car-1,2009-12-24 07:04:25,116.355415,39.946863
Car-1,2009-12-24 07:04:30,116.35549,39.94689
Car-1,2009-12-24 07:04:35,116.355558,39.946898
Car-1,2009-12-24 07:04:40,116.355647,39.946909
Car-1,2009-12-24 07:04:45,116.355712,39.946943
Car-1,2009-12-24 07:04:50,116.355754,39.947011
Car-1,2009-12-24 07:04:55,116.355808,39.947058
Car-1,2009-12-24 07:05:00,116.355882,39.947096
Car-1,2009-12-24 07:05:05,116.355933,39.947129
Car-1,2009-12-24 07:05:10,116.355967,39.947198
Car-1,2009-12-24 07:05:15,116.35605,39.94721
Car-1,2009-12-24 07:05:20,116.356108,39.947236
Car-1,2009-12-24 07:05:25,116.356151,39.947277
Car-1,2009-12-24 07:05:30,116.356213,39.947309
Car-1,2009-12-24 07:05:35,116.356257,39.947326
Car-1,2009-12-24 07:05:40,116.356293,39.947344
Car-1,2009-12-24 07:05:45,116.356367,39.947355
Car-1,2009-12-24 07:05:49,116.35647,39.947284
Car-1,2009-12-24 07:05:54,116.356555,39.94733
Car-1,2009-12-24 07:05:59,116.356605,39.947373
Car-1,2009-12-24 07:06:02,116.356676,39.947449
Car-1,2009-12-24 07:06:07,116.356787,39.947434
Car-1,2009-12-24 07:06:12,116.356798,39.947481
Car-1,2009-12-24 07:06:15,116.356798,39.947481
Car-1,2009-12-24 07:06:17,116.356804,39.947485
Car-1,2009-12-24 07:06:22,116.356813,39.947487
Car-1,2009-12-24 07:06:27,116.356873,39.94754
Car-1,2009-12-24 07:06:32,116.356927,39.947546
Car-1,2009-12-24 07:06:37,116.356936,39.947547
Car-1,2009-12-24 07:06:42,116.35696,39.947546
Car-1,2009-12-24 07:06:47,116.35702,39.947569
Car-1,2009-12-24 07:06:52,116.357148,39.947551
Car-1,2009-12-24 07:06:57,116.357162,39.947525
Car-1,2009-12-24 07:07:02,116.357154,39.947549
Car-1,2009-12-24 07:07:05,116.357154,39.947549
Car-1,2009-12-24 07:07:07,116.357152,39.947548
Car-1,2009-12-24 07:07:12,116.357143,39.947485
Car-1,2009-12-24 07:07:17,116.357128,39.947402
Car-1,2009-12-24 07:07:22,116.357147,39.947379
Car-1,2009-12-24 07:07:25,116.357147,39.947379
Car-1,2009-12-24 07:07:27,116.357145,39.94738
Car-1,2009-12-24 07:07:32,116.357133,39.947374
Car-1,2009-12-24 07:07:37,116.357119,39.947378
Car-1,2009-12-24 07:07:42,116.357098,39.94739
Car-1,2009-12-24 07:07:47,116.357096,39.94739
Car-1,2009-12-24 07:07:50,116.357096,39.94739
Car-1,2009-12-24 07:07:52,116.357094,39.94739
Car-1,2009-12-24 07:07:57,116.357194,39.947388
Car-1,2009-12-24 07:08:00,116.357194,39.947388
Car-1,2009-12-24 07:08:02,116.357195,39.947386
Car-1,2009-12-24 07:08:07,116.35718,39.947373
Car-1,2009-12-24 07:08:12,116.357176,39.947333
Car-1,2009-12-24 07:08:17,116.357201,39.947299
Car-1,2009-12-24 07:08:22,116.357199,39.947298
Car-1,2009-12-24 07:08:27,116.357191,39.947295
Car-1,2009-12-24 07:08:30,116.357191,39.947295
Car-1,2009-12-24 07:08:32,116.357197,39.947294
Car-1,2009-12-24 07:08:37,116.357292,39.947283
Car-1,2009-12-24 07:08:42,116.357331,39.947239
Car-1,2009-12-24 07:08:47,116.357338,39.947237
Car-1,2009-12-24 07:08:52,116.35734,39.947237
Car-1,2009-12-24 07:08:57,116.357339,39.947236
Car-1,2009-12-24 07:09:02,116.357336,39.947235
Car-1,2009-12-24 07:09:07,116.357332,39.947234
Car-1,2009-12-24 07:09:12,116.357328,39.947232
Car-1,2009-12-24 07:09:17,116.357326,39.947229
Car-1,2009-12-24 07:09:20,116.357326,39.947229
Car-1,2009-12-24 07:09:22,116.357332,39.947229
Car-1,2009-12-24 07:09:27,116.357345,39.947229
Car-1,2009-12-24 07:09:32,116.357356,39.947229
Car-1,2009-12-24 07:09:37,116.357368,39.94723
Car-1,2009-12-24 07:09:42,116.357408,39.947139
Car-1,2009-12-24 07:09:47,116.357432,39.947127
Car-1,2009-12-24 07:09:52,116.357447,39.94713
Car-1,2009-12-24 07:09:57,116.357455,39.94713
Car-1,2009-12-24 07:10:00,116.357455,39.94713
Car-1,2009-12-24 07:10:02,116.35745,39.947128
Car-1,2009-12-24 07:10:07,116.357362,39.947052
Car-1,2009-12-24 07:10:11,116.35732,39.946955
Car-1,2009-12-24 07:10:16,116.357283,39.946857
Car-1,2009-12-24 07:13:29,116.357158,39.947085
Car-1,2009-12-24 07:13:34,116.357097,39.9471
Car-1,2009-12-24 07:13:39,116.357045,39.947127
Car-1,2009-12-24 07:13:44,116.357003,39.947143
Car-1,2009-12-24 07:13:49,116.357081,39.947199
Car-1,2009-12-24 07:14:22,116.357259,39.947475
Car-1,2009-12-24 07:14:27,116.357257,39.947465
Car-1,2009-12-24 07:14:32,116.357257,39.947459
Car-1,2009-12-24 07:14:35,116.357257,39.947459
Car-1,2009-12-24 07:14:37,116.357255,39.947456
Car-1,2009-12-24 07:14:42,116.357276,39.94747
Car-1,2009-12-24 07:14:47,116.357281,39.947421
Car-1,2009-12-24 07:14:52,116.357262,39.947338
Car-1,2009-12-24 07:14:57,116.35722,39.94726
Car-1,2009-12-24 07:15:02,116.357173,39.947301
Car-1,2009-12-24 07:15:07,116.357105,39.947343
Car-1,2009-12-24 07:15:12,116.35711,39.947374
Car-1,2009-12-24 07:15:17,116.357179,39.947416
Car-1,2009-12-24 07:15:22,116.357255,39.947461
Car-1,2009-12-24 07:15:27,116.357275,39.947524
Car-1,2009-12-24 07:15:32,116.357283,39.947603
Car-1,2009-12-24 07:15:37,116.357302,39.947602
Car-1,2009-12-24 07:15:40,116.357274,39.947499
Car-1,2009-12-24 07:15:43,116.35724,39.947377
Car-1,2009-12-24 07:15:46,116.357226,39.947268
Car-1,2009-12-24 07:15:51,116.357228,39.947171
Car-1,2009-12-24 07:15:54,116.357228,39.947171
Car-1,2009-12-24 07:15:56,116.35722,39.947167
Car-1,2009-12-24 07:16:01,116.357201,39.947134
Car-1,2009-12-24 07:16:06,116.357174,39.947046
Car-1,2009-12-24 07:16:10,116.35718,39.946943
Car-1,2009-12-24 07:16:15,116.357184,39.94688
Car-1,2009-12-24 07:16:19,116.357119,39.946802
Car-1,2009-12-24 07:16:23,116.357041,39.946711
Car-1,2009-12-24 07:16:26,116.356997,39.946596
Car-1,2009-12-24 07:16:28,116.356979,39.94649
Car-1,2009-12-24 07:16:31,116.356944,39.946382
Car-1,2009-12-24 07:16:36,116.356927,39.946446
Car-1,2009-12-24 07:16:41,116.356941,39.946448
Car-1,2009-12-24 07:16:46,116.357059,39.946515
Car-1,2009-12-24 07:16:50,116.357186,39.946602
Car-1,2009-12-24 07:16:55,116.357201,39.946616
Car-1,2009-12-24 07:17:00,116.357197,39.946616
Car-1,2009-12-24 07:17:03,116.357197,39.946616
Car-1,2009-12-24 07:17:05,116.357198,39.946616
Car-1,2009-12-24 07:17:10,116.357286,39.94667
Car-1,2009-12-24 07:17:14,116.357348,39.94675
Car-1,2009-12-24 07:17:19,116.357334,39.946793
Car-1,2009-12-24 07:17:24,116.357356,39.946802
Car-1,2009-12-24 07:17:29,116.35745,39.946769
Car-1,2009-12-24 07:17:34,116.35748,39.946764
Car-1,2009-12-24 07:17:39,116.357463,39.946774
Car-1,2009-12-24 07:17:44,116.357437,39.94678
Car-1,2009-12-24 07:17:49,116.35744,39.946764
Car-1,2009-12-24 07:17:52,116.35744,39.946764
Car-1,2009-12-24 07:17:54,116.357448,39.946765
Car-1,2009-12-24 07:17:59,116.35746,39.946769
Car-1,2009-12-24 07:18:04,116.35747,39.946774
Car-1,2009-12-24 07:18:09,116.357483,39.946779
Car-1,2009-12-24 07:18:14,116.357548,39.946837
Car-1,2009-12-24 07:18:19,116.357598,39.946819
Car-1,2009-12-24 07:18:21,116.357709,39.946756
Car-1,2009-12-24 07:18:22,116.357765,39.946653
Car-1,2009-12-24 07:18:27,116.357825,39.946654
Car-1,2009-12-24 07:18:32,116.357852,39.946616
Car-1,2009-12-24 07:18:37,116.357869,39.946544
Car-1,2009-12-24 07:18:42,116.357915,39.946499
Car-1,2009-12-24 07:18:47,116.357978,39.946429
Car-1,2009-12-24 07:18:52,116.358007,39.946386
Car-1,2009-12-24 07:18:57,116.358044,39.946359
Car-1,2009-12-24 07:19:02,116.358056,39.94635
Car-1,2009-12-24 07:19:05,116.358089,39.946245
Car-1,2009-12-24 07:24:00,116.358204,39.9461
Car-1,2009-12-24 07:24:05,116.35788,39.945997
Car-1,2009-12-24 07:24:11,116.35806,39.946173
Car-1,2009-12-24 07:24:12,116.358066,39.946227
Car-1,2009-12-24 07:24:17,116.357749,39.945428
Car-1,2009-12-24 07:24:26,116.358081,39.946233
Car-1,2009-12-24 07:24:31,116.358099,39.946124
Car-1,2009-12-24 07:24:35,116.358172,39.946002
Car-1,2009-12-24 07:24:37,116.358252,39.945914
Car-1,2009-12-24 07:24:40,116.358382,39.945835
Car-1,2009-12-24 07:24:42,116.358492,39.945787
Car-1,2009-12-24 07:24:45,116.358611,39.945787
Car-1,2009-12-24 07:24:47,116.358768,39.945818
Car-1,2009-12-24 07:24:52,116.358871,39.945831
Car-1,2009-12-24 07:24:54,116.358963,39.945775
Car-1,2009-12-24 07:24:56,116.359077,39.945725
Car-1,2009-12-24 07:24:58,116.359208,39.945712
Car-1,2009-12-24 07:25:11,116.358098,39.946483
Car-1,2009-12-24 07:25:17,116.358112,39.946417
Car-1,2009-12-24 07:25:19,116.358074,39.94633
Car-1,2009-12-24 07:25:21,116.35803,39.946216
Car-1,2009-12-24 07:25:23,116.358006,39.946088
Car-1,2009-12-24 07:25:24,116.357949,39.945989
Car-1,2009-12-24 07:25:27,116.357941,39.945854
Car-1,2009-12-24 07:25:29,116.357958,39.94576
Car-1,2009-12-24 07:25:32,116.357964,39.945901
Car-1,2009-12-24 07:25:36,116.358021,39.946033
Car-1,2009-12-24 07:25:39,116.358098,39.94611
Car-1,2009-12-24 07:25:44,116.358122,39.946148
Car-1,2009-12-24 07:25:49,116.358128,39.946162
Car-1,2009-12-24 07:25:54,116.358136,39.946162
Car-1,2009-12-24 07:25:59,116.358134,39.946161
Car-1,2009-12-24 07:26:02,116.358134,39.946161
Car-1,2009-12-24 07:26:04,116.358137,39.946162
Car-1,2009-12-24 07:26:09,116.358153,39.946165
Car-1,2009-12-24 07:26:14,116.358164,39.946167
Car-1,2009-12-24 07:26:17,116.358164,39.946167
Car-1,2009-12-24 07:26:19,116.358172,39.946168
Car-1,2009-12-24 07:26:24,116.358184,39.94617
Car-1,2009-12-24 07:26:29,116.358187,39.94617
Car-1,2009-12-24 07:26:34,116.358191,39.946169
Car-1,2009-12-24 07:26:39,116.358196,39.946169
Car-1,2009-12-24 07:26:42,116.358196,39.946169
Car-1,2009-12-24 07:26:44,116.358202,39.946172
Car-1,2009-12-24 07:26:49,116.358217,39.946174
Car-1,2009-12-24 07:26:54,116.358221,39.946174
Car-1,2009-12-24 07:26:59,116.358218,39.946173
Car-1,2009-12-24 07:27:04,116.35822,39.946174
Car-1,2009-12-24 07:27:07,116.35822,39.946174
Car-1,2009-12-24 07:27:09,116.358212,39.946175
Car-1,2009-12-24 07:27:14,116.358184,39.946188
Car-1,2009-12-24 07:27:19,116.35817,39.946196
Car-1,2009-12-24 07:27:22,116.35817,39.946196
Car-1,2009-12-24 07:27:24,116.358169,39.946198
Car-1,2009-12-24 07:27:29,116.358158,39.946195
Car-1,2009-12-24 07:27:34,116.35815,39.946194
Car-1,2009-12-24 07:27:39,116.358152,39.946195
Car-1,2009-12-24 07:27:44,116.358148,39.946194
Car-1,2009-12-24 07:27:47,116.358148,39.946194
Car-1,2009-12-24 07:27:49,116.35815,39.946193
Car-1,2009-12-24 07:27:54,116.358162,39.946195
Car-1,2009-12-24 07:27:59,116.358165,39.946196
Car-1,2009-12-24 07:28:04,116.35816,39.946196
Car-1,2009-12-24 07:28:09,116.358163,39.946197
Car-1,2009-12-24 07:28:14,116.358167,39.9462
Car-1,2009-12-24 07:28:19,116.358172,39.946207
Car-1,2009-12-24 07:28:22,116.358172,39.946207
Car-1,2009-12-24 07:33:59,116.357974,39.946371
Car-1,2009-12-24 07:34:04,116.357925,39.946417
Car-1,2009-12-24 07:34:09,116.357858,39.946466
Car-1,2009-12-24 07:34:14,116.357832,39.94652
Car-1,2009-12-24 07:34:19,116.357796,39.946557
Car-1,2009-12-24 07:34:24,116.357719,39.946579
Car-1,2009-12-24 07:34:29,116.357685,39.946586
Car-1,2009-12-24 07:34:34,116.357651,39.946577
Car-1,2009-12-24 07:34:39,116.357632,39.94656
Car-1,2009-12-24 07:34:44,116.357616,39.946542
Car-1,2009-12-24 07:34:49,116.357609,39.946537
Car-1,2009-12-24 07:34:54,116.357607,39.946536
Car-1,2009-12-24 07:34:59,116.357603,39.946535
Car-1,2009-12-24 07:35:04,116.357601,39.946533
Car-1,2009-12-24 07:35:09,116.357596,39.946533
Car-1,2009-12-24 07:35:14,116.357589,39.946533
Car-1,2009-12-24 07:35:17,116.357589,39.946533
Car-1,2009-12-24 07:35:19,116.357583,39.946533
Car-1,2009-12-24 07:35:24,116.357593,39.946546
Car-1,2009-12-24 07:35:29,116.357594,39.946578
Car-1,2009-12-24 07:35:34,116.357572,39.946592
Car-1,2009-12-24 07:35:37,116.357572,39.946592
Car-1,2009-12-24 07:35:39,116.357564,39.946591
Car-1,2009-12-24 07:35:44,116.357548,39.946587
Car-1,2009-12-24 07:35:49,116.357491,39.946548
Car-1,2009-12-24 07:35:54,116.357428,39.946535
Car-1,2009-12-24 07:35:59,116.357393,39.946545
Car-1,2009-12-24 07:36:04,116.357393,39.946566
Car-1,2009-12-24 07:36:07,116.357393,39.946566
Car-1,2009-12-24 07:36:09,116.357392,39.946566
Car-1,2009-12-24 07:36:14,116.357434,39.946585
Car-1,2009-12-24 07:36:19,116.357436,39.946553
Car-1,2009-12-24 07:36:24,116.357429,39.94654
Car-1,2009-12-24 07:36:29,116.357418,39.946537
Car-1,2009-12-24 07:36:32,116.357418,39.946537
Car-1,2009-12-24 07:36:34,116.357413,39.946536
Car-1,2009-12-24 07:36:39,116.357422,39.946539
Car-1,2009-12-24 07:36:44,116.357434,39.946543
Car-1,2009-12-24 07:36:49,116.357441,39.946545
Car-1,2009-12-24 07:36:52,116.357441,39.946545
Car-1,2009-12-24 07:36:54,116.357439,39.946551
Car-1,2009-12-24 07:36:59,116.357449,39.946576
Car-1,2009-12-24 07:37:04,116.357443,39.946574
Car-1,2009-12-24 07:37:09,116.357445,39.946579
Car-1,2009-12-24 07:37:12,116.357445,39.946579
Car-1,2009-12-24 07:37:14,116.357453,39.946583
Car-1,2009-12-24 07:37:19,116.357465,39.946589
Car-1,2009-12-24 07:37:24,116.357473,39.946592
Car-1,2009-12-24 07:37:29,116.35748,39.946594
Car-1,2009-12-24 07:37:34,116.357478,39.946596
Car-1,2009-12-24 07:37:39,116.357475,39.946598
Car-1,2009-12-24 07:37:42,116.357475,39.946598
Car-1,2009-12-24 07:37:44,116.357472,39.946599
Car-1,2009-12-24 07:37:49,116.357481,39.946605
Car-1,2009-12-24 07:37:54,116.357466,39.946712
Car-1,2009-12-24 07:37:57,116.357466,39.946712
Car-1,2009-12-24 07:37:59,116.357473,39.946717
Car-1,2009-12-24 07:38:04,116.357482,39.94675
Car-1,2009-12-24 07:38:09,116.357481,39.946769
Car-1,2009-12-24 07:38:12,116.357481,39.946769
Car-1,2009-12-24 07:38:14,116.357479,39.946772
Car-1,2009-12-24 07:38:19,116.357489,39.946776
Car-1,2009-12-24 07:38:24,116.3575,39.946781
Car-1,2009-12-24 07:38:29,116.357511,39.946786
Car-1,2009-12-24 07:38:34,116.357512,39.946823
Car-1,2009-12-24 07:38:39,116.357511,39.946825
Car-1,2009-12-24 07:38:42,116.357511,39.946825
Car-1,2009-12-24 07:38:44,116.357503,39.946825
Car-1,2009-12-24 07:38:49,116.35749,39.946825
Car-1,2009-12-24 07:38:54,116.35748,39.946823
Car-1,2009-12-24 07:38:59,116.357471,39.946822
Car-1,2009-12-24 07:39:04,116.357454,39.946826
Car-1,2009-12-24 07:39:09,116.357395,39.946885
Car-1,2009-12-24 07:39:14,116.357365,39.946962
Car-1,2009-12-24 07:39:19,116.35737,39.946969
Car-1,2009-12-24 07:39:24,116.357371,39.94697
Car-1,2009-12-24 07:39:27,116.357371,39.94697
Car-1,2009-12-24 07:39:29,116.357365,39.946969
Car-1,2009-12-24 07:39:34,116.357356,39.946968
Car-1,2009-12-24 07:39:37,116.357356,39.946968
Car-1,2009-12-24 07:48:23,116.357299,39.947205
Car-1,2009-12-24 07:48:28,116.357237,39.947254
Car-1,2009-12-24 07:48:33,116.357226,39.947253
Car-1,2009-12-24 07:48:38,116.357186,39.947292
Car-1,2009-12-24 07:48:40,116.357144,39.947207
Car-1,2009-12-24 07:48:45,116.357127,39.947236
Car-1,2009-12-24 07:48:50,116.357146,39.947245
Car-1,2009-12-24 07:48:55,116.35717,39.947248
Car-1,2009-12-24 07:49:00,116.357186,39.947219
Car-1,2009-12-24 07:49:05,116.357178,39.947206
Car-1,2009-12-24 07:49:10,116.357106,39.94725
Car-1,2009-12-24 07:49:15,116.35704,39.947322
Car-1,2009-12-24 07:49:20,116.356995,39.947412
Car-1,2009-12-24 07:49:25,116.356957,39.947471
Car-1,2009-12-24 07:49:30,116.356883,39.947461
Car-1,2009-12-24 07:49:35,116.35678,39.947421
Car-1,2009-12-24 07:49:40,116.356674,39.94739
Car-1,2009-12-24 07:49:45,116.356547,39.947353
Car-1,2009-12-24 07:49:50,116.356461,39.947307
Car-1,2009-12-24 07:49:55,116.356406,39.947272
Car-1,2009-12-24 07:50:00,116.356291,39.947255
Car-1,2009-12-24 07:50:05,116.356196,39.94722
Car-1,2009-12-24 07:50:10,116.356143,39.94717
Car-1,2009-12-24 07:50:15,116.356068,39.947116
Car-1,2009-12-24 07:50:20,116.356012,39.94713
Car-1,2009-12-24 07:50:25,116.355946,39.947122
Car-1,2009-12-24 07:50:30,116.355896,39.947084
Car-1,2009-12-24 07:50:35,116.355802,39.947022
Car-1,2009-12-24 07:50:40,116.355802,39.946934
Car-1,2009-12-24 07:50:44,116.355693,39.946882
Car-1,2009-12-24 07:50:49,116.355665,39.946853
Car-1,2009-12-24 07:50:54,116.355577,39.946908
Car-1,2009-12-24 07:50:59,116.355549,39.946929
Car-1,2009-12-24 07:51:04,116.355428,39.946872
Car-1,2009-12-24 07:51:09,116.355314,39.946825
Car-1,2009-12-24 07:51:14,116.355215,39.946788
Car-1,2009-12-24 07:51:19,116.355142,39.946755
Car-1,2009-12-24 07:51:24,116.355028,39.946715
Car-1,2009-12-24 07:51:29,116.354931,39.946683
Car-1,2009-12-24 07:51:34,116.354848,39.946669
Car-1,2009-12-24 07:51:39,116.354769,39.946659
Car-1,2009-12-24 07:51:44,116.354691,39.94663
Car-1,2009-12-24 07:51:49,116.354637,39.946641
Car-1,2009-12-24 07:51:54,116.354583,39.946656
Car-1,2009-12-24 07:51:57,116.354538,39.946556
Car-1,2009-12-24 07:52:02,116.354456,39.946488
Car-1,2009-12-24 07:52:07,116.354383,39.946493
Car-1,2009-12-24 07:52:12,116.354333,39.946525
Car-1,2009-12-24 07:52:17,116.354278,39.946558
Car-1,2009-12-24 07:52:22,116.354253,39.946596
Car-1,2009-12-24 07:52:27,116.354257,39.946577
Car-1,2009-12-24 07:52:32,116.354261,39.94658
Car-1,2009-12-24 07:52:37,116.35426,39.946579
Car-1,2009-12-24 07:52:42,116.354255,39.946578
Car-1,2009-12-24 07:52:47,116.354254,39.946579
Car-1,2009-12-24 07:52:50,116.354254,39.946579
Car-1,2009-12-24 07:52:52,116.354261,39.94658
Car-1,2009-12-24 07:52:57,116.35428,39.946545
Car-1,2009-12-24 07:53:02,116.354311,39.946529
Car-1,2009-12-24 07:53:07,116.354334,39.946478
Car-1,2009-12-24 07:53:12,116.354329,39.946488
Car-1,2009-12-24 07:53:17,116.354325,39.946487
Car-1,2009-12-24 07:53:20,116.354325,39.946487
Car-1,2009-12-24 07:53:22,116.354328,39.946487
Car-1,2009-12-24 07:53:27,116.354337,39.946475
Car-1,2009-12-24 07:53:30,116.354337,39.946475
Car-1,2009-12-24 07:53:32,116.354341,39.946471
Car-1,2009-12-24 07:53:37,116.354349,39.946437
Car-1,2009-12-24 07:53:42,116.354341,39.946389
Car-1,2009-12-24 07:53:47,116.354333,39.946383
Car-1,2009-12-24 07:53:52,116.354333,39.94638
Car-1,2009-12-24 07:53:55,116.354333,39.94638
Car-1,2009-12-24 07:53:57,116.354328,39.946374
Car-1,2009-12-24 07:54:00,116.354328,39.946277
Car-1,2009-12-24 07:54:04,116.354326,39.946185
Car-1,2009-12-24 07:54:08,116.354338,39.94609
Car-1,2009-12-24 07:54:13,116.354359,39.946035
Car-1,2009-12-24 07:54:18,116.354364,39.946009
Car-1,2009-12-24 07:54:23,116.354438,39.94596
Car-1,2009-12-24 07:54:27,116.354541,39.945904
Car-1,2009-12-24 07:54:30,116.354658,39.945833
Car-1,2009-12-24 07:54:33,116.354784,39.945761
Car-1,2009-12-24 07:54:35,116.354866,39.945692
Car-1,2009-12-24 07:54:38,116.354966,39.945597
Car-1,2009-12-24 07:54:40,116.355015,39.945514
Car-1,2009-12-24 07:54:43,116.355071,39.94543
Car-1,2009-12-24 07:54:47,116.355181,39.945373
Car-1,2009-12-24 07:54:51,116.355286,39.945292
Car-1,2009-12-24 07:54:55,116.355414,39.94523
Car-1,2009-12-24 07:54:58,116.355526,39.945145
Car-1,2009-12-24 07:55:00,116.355621,39.945083
Car-1,2009-12-24 07:55:02,116.355693,39.944963
Car-1,2009-12-24 07:55:04,116.355756,39.944837
Car-1,2009-12-24 07:55:06,116.355825,39.944754
Car-1,2009-12-24 07:55:09,116.355914,39.944648
Car-1,2009-12-24 07:55:12,116.355988,39.944574
Car-1,2009-12-24 07:55:17,116.356026,39.944532
Car-1,2009-12-24 07:55:22,116.356018,39.944475
Car-1,2009-12-24 07:55:25,116.356018,39.944475
Car-1,2009-12-24 07:55:27,116.356013,39.944482
Car-1,2009-12-24 07:55:31,116.355885,39.944528
Car-1,2009-12-24 07:55:34,116.35576,39.944533
Car-1,2009-12-24 07:55:36,116.355641,39.944486
Car-1,2009-12-24 07:55:38,116.355482,39.94441
Car-1,2009-12-24 07:55:40,116.355322,39.94438
Car-1,2009-12-24 07:55:42,116.355164,39.944337
Car-1,2009-12-24 07:55:44,116.354996,39.944299
Car-1,2009-12-24 07:55:46,116.354838,39.944265
Car-1,2009-12-24 07:55:48,116.354626,39.944166
Car-1,2009-12-24 07:55:50,116.354438,39.944101
Car-1,2009-12-24 07:55:51,116.354319,39.944032
Car-1,2009-12-24 07:55:52,116.354208,39.943966
Car-1,2009-12-24 07:55:53,116.354096,39.943901
Car-1,2009-12-24 07:55:55,116.353908,39.943837
Car-1,2009-12-24 07:55:57,116.35375,39.943808
Car-1,2009-12-24 07:55:59,116.353577,39.94374
Car-1,2009-12-24 07:56:00,116.353486,39.94368
Car-1,2009-12-24 07:56:02,116.353295,39.943618
Car-1,2009-12-24 07:56:04,116.353106,39.943562
Car-1,2009-12-24 07:56:06,116.352918,39.943495
Car-1,2009-12-24 07:56:08,116.352725,39.943431
Car-1,2009-12-24 07:56:10,116.352524,39.943374
Car-1,2009-12-24 07:56:12,116.35233,39.94332
Car-1,2009-12-24 07:56:14,116.352133,39.943257
Car-1,2009-12-24 07:56:16,116.351921,39.943192
Car-1,2009-12-24 07:56:18,116.351702,39.943132
Car-1,2009-12-24 07:56:19,116.35159,39.943098
Car-1,2009-12-24 07:56:21,116.351371,39.943051
Car-1,2009-12-24 07:56:23,116.351158,39.943001
Car-1,2009-12-24 07:56:25,116.35096,39.942945
Car-1,2009-12-24 07:56:27,116.350766,39.942885
Car-1,2009-12-24 07:56:29,116.350566,39.942833
Car-1,2009-12-24 07:56:31,116.350365,39.942776
Car-1,2009-12-24 07:56:33,116.350163,39.942711
Car-1,2009-12-24 07:56:35,116.34996,39.942656
Car-1,2009-12-24 07:56:37,116.349777,39.942599
Car-1,2009-12-24 07:56:39,116.349614,39.942534
Car-1,2009-12-24 07:56:41,116.349482,39.942437
Car-1,2009-12-24 07:56:43,116.349387,39.942331
Car-1,2009-12-24 07:56:45,116.349289,39.94222
Car-1,2009-12-24 07:56:47,116.349188,39.942112
Car-1,2009-12-24 07:56:49,116.3491,39.942001
Car-1,2009-12-24 07:56:51,116.349029,39.941889
Car-1,2009-12-24 07:56:53,116.348971,39.941787
Car-1,2009-12-24 07:56:55,116.348925,39.94168
Car-1,2009-12-24 07:56:57,116.348892,39.941574
Car-1,2009-12-24 07:57:00,116.348861,39.941465
Car-1,2009-12-24 07:57:05,116.348878,39.94141
Car-1,2009-12-24 07:57:10,116.348919,39.941333
Car-1,2009-12-24 07:57:14,116.348902,39.941238
Car-1,2009-12-24 07:57:17,116.348929,39.941127
Car-1,2009-12-24 07:57:20,116.348926,39.940996
Car-1,2009-12-24 07:57:23,116.348948,39.940875
Car-1,2009-12-24 07:57:25,116.348955,39.940783
Car-1,2009-12-24 07:57:28,116.348962,39.940656
Car-1,2009-12-24 07:57:31,116.348987,39.940556
Car-1,2009-12-24 07:57:34,116.349003,39.940448
Car-1,2009-12-24 07:57:37,116.349006,39.940333
Car-1,2009-12-24 07:57:40,116.349005,39.940234
Car-1,2009-12-24 07:57:43,116.349029,39.940125
Car-1,2009-12-24 07:57:45,116.349035,39.940028
Car-1,2009-12-24 07:57:48,116.349028,39.939896
Car-1,2009-12-24 07:57:51,116.349016,39.939773
Car-1,2009-12-24 07:57:54,116.348974,39.939665
Car-1,2009-12-24 07:57:57,116.348902,39.939579
Car-1,2009-12-24 07:58:00,116.348785,39.939492
Car-1,2009-12-24 07:58:02,116.34867,39.939423
Car-1,2009-12-24 07:58:04,116.348553,39.939361
Car-1,2009-12-24 07:58:06,116.348419,39.93926
Car-1,2009-12-24 07:58:08,116.348262,39.939211
Car-1,2009-12-24 07:58:10,116.348096,39.939179
Car-1,2009-12-24 07:58:12,116.347931,39.939159
Car-1,2009-12-24 07:58:14,116.347753,39.939141
Car-1,2009-12-24 07:58:16,116.347565,39.939115
Car-1,2009-12-24 07:58:18,116.347361,39.939076
Car-1,2009-12-24 07:58:20,116.347136,39.939048
Car-1,2009-12-24 07:58:21,116.347012,39.939059
Car-1,2009-12-24 07:58:22,116.34689,39.939059
Car-1,2009-12-24 07:58:23,116.346765,39.939064
Car-1,2009-12-24 07:58:24,116.34664,39.939056
Car-1,2009-12-24 07:58:25,116.346512,39.939038
Car-1,2009-12-24 07:58:26,116.346385,39.939022
Car-1,2009-12-24 07:58:27,116.346255,39.938999
Car-1,2009-12-24 07:58:28,116.346123,39.938978
Car-1,2009-12-24 07:58:29,116.345986,39.938959
Car-1,2009-12-24 07:58:30,116.345847,39.93894
Car-1,2009-12-24 07:58:31,116.345709,39.938921
Car-1,2009-12-24 07:58:32,116.345571,39.938899
Car-1,2009-12-24 07:58:33,116.34543,39.938872
Car-1,2009-12-24 07:58:34,116.345279,39.938862
Car-1,2009-12-24 07:58:35,116.345131,39.938843
Car-1,2009-12-24 07:58:36,116.344982,39.938827
Car-1,2009-12-24 07:58:37,116.344832,39.938804
Car-1,2009-12-24 07:58:38,116.344688,39.938789
Car-1,2009-12-24 07:58:39,116.344545,39.938765
Car-1,2009-12-24 07:58:40,116.3444,39.938741
Car-1,2009-12-24 07:58:41,116.344263,39.938723
Car-1,2009-12-24 07:58:42,116.344126,39.938707
Car-1,2009-12-24 07:58:43,116.343999,39.938692
Car-1,2009-12-24 07:58:44,116.34386,39.93867
Car-1,2009-12-24 07:58:45,116.343734,39.938651
Car-1,2009-12-24 07:58:47,116.343515,39.93862
Car-1,2009-12-24 07:58:49,116.343333,39.938597
Car-1,2009-12-24 07:58:51,116.343187,39.938591
Car-1,2009-12-24 07:58:53,116.343061,39.93858
Car-1,2009-12-24 07:58:56,116.342907,39.938569
Car-1,2009-12-24 07:58:59,116.342756,39.938539
Car-1,2009-12-24 07:59:01,116.342623,39.938515
Car-1,2009-12-24 07:59:03,116.342456,39.938485
Car-1,2009-12-24 07:59:05,116.342307,39.938436
Car-1,2009-12-24 07:59:07,116.342156,39.938396
Car-1,2009-12-24 07:59:09,116.342001,39.938363
Car-1,2009-12-24 07:59:11,116.341872,39.938327
Car-1,2009-12-24 07:59:14,116.341735,39.938271
Car-1,2009-12-24 07:59:17,116.341602,39.938223
Car-1,2009-12-24 07:59:20,116.341451,39.938171
Car-1,2009-12-24 07:59:22,116.341337,39.938137
Car-1,2009-12-24 07:59:24,116.3412,39.938095
Car-1,2009-12-24 07:59:26,116.341046,39.938056
Car-1,2009-12-24 07:59:28,116.340886,39.937976
Car-1,2009-12-24 07:59:30,116.340721,39.937888
Car-1,2009-12-24 07:59:32,116.340579,39.937806
Car-1,2009-12-24 07:59:34,116.340397,39.93773
Car-1,2009-12-24 07:59:36,116.340194,39.937663
Car-1,2009-12-24 07:59:38,116.33999,39.937644
Car-1,2009-12-24 07:59:40,116.33979,39.937612
Car-1,2009-12-24 07:59:42,116.339602,39.937533
Car-1,2009-12-24 07:59:44,116.339417,39.937485
Car-1,2009-12-24 07:59:46,116.339222,39.937444
Car-1,2009-12-24 07:59:48,116.339037,39.937437
Car-1,2009-12-24 07:59:50,116.338847,39.937391
Car-1,2009-12-24 07:59:52,116.338667,39.937369
Car-1,2009-12-24 07:59:54,116.338471,39.937357
Car-1,2009-12-24 07:59:56,116.338266,39.937331
Car-1,2009-12-24 07:59:58,116.338061,39.937329
Car-1,2009-12-24 08:00:00,116.337846,39.937329
Car-1,2009-12-24 08:00:01,116.337729,39.937322
Car-1,2009-12-24 08:00:02,116.337608,39.937311
Car-1,2009-12-24 08:00:03,116.337487,39.937298
Car-1,2009-12-24 08:00:04,116.337367,39.937257
Car-1,2009-12-24 08:00:05,116.337238,39.937271
Car-1,2009-12-24 08:00:06,116.337106,39.93727
Car-1,2009-12-24 08:00:07,116.33697,39.937279
Car-1,2009-12-24 08:00:08,116.33684,39.93727
Car-1,2009-12-24 08:00:09,116.336709,39.937261
Car-1,2009-12-24 08:00:10,116.336572,39.937257
Car-1,2009-12-24 08:00:11,116.336438,39.937254
Car-1,2009-12-24 08:00:12,116.336286,39.937244
Car-1,2009-12-24 08:00:13,116.336161,39.937252
Car-1,2009-12-24 08:00:14,116.336037,39.937255
Car-1,2009-12-24 08:00:16,116.3358,39.937235
Car-1,2009-12-24 08:00:18,116.335573,39.937229
Car-1,2009-12-24 08:00:20,116.335366,39.937217
Car-1,2009-12-24 08:00:22,116.33516,39.937201
Car-1,2009-12-24 08:00:24,116.334953,39.937191
Car-1,2009-12-24 08:00:26,116.334752,39.937174
Car-1,2009-12-24 08:00:27,116.334635,39.937169
Car-1,2009-12-24 08:00:28,116.334517,39.937154
Car-1,2009-12-24 08:00:29,116.334393,39.937145
Car-1,2009-12-24 08:00:31,116.334155,39.937127
Car-1,2009-12-24 08:00:32,116.334031,39.937126
Car-1,2009-12-24 08:00:33,116.333909,39.937131
Car-1,2009-12-24 08:00:34,116.333779,39.937128
Car-1,2009-12-24 08:00:35,116.333651,39.937125
Car-1,2009-12-24 08:00:36,116.333506,39.937115
Car-1,2009-12-24 08:00:37,116.333369,39.937105
Car-1,2009-12-24 08:00:38,116.333233,39.937108
Car-1,2009-12-24 08:00:39,116.333078,39.937098
Car-1,2009-12-24 08:00:40,116.332941,39.937093
Car-1,2009-12-24 08:00:41,116.332804,39.937089
Car-1,2009-12-24 08:00:42,116.332672,39.937087
Car-1,2009-12-24 08:00:43,116.33254,39.937084
Car-1,2009-12-24 08:00:44,116.332415,39.937083
Car-1,2009-12-24 08:00:45,116.332295,39.937078
Car-1,2009-12-24 08:00:47,116.332069,39.93704
Car-1,2009-12-24 08:00:49,116.331848,39.937015
Car-1,2009-12-24 08:00:51,116.331642,39.936995
Car-1,2009-12-24 08:00:53,116.331457,39.93699
Car-1,2009-12-24 08:00:55,116.331273,39.936983
Car-1,2009-12-24 08:00:57,116.331067,39.936965
Car-1,2009-12-24 08:00:59,116.330845,39.936942
Car-1,2009-12-24 08:01:01,116.33061,39.93694
Car-1,2009-12-24 08:01:02,116.330483,39.93694
Car-1,2009-12-24 08:01:03,116.330359,39.936932
Car-1,2009-12-24 08:01:04,116.330237,39.936932
Car-1,2009-12-24 08:01:05,116.330118,39.936931
Car-1,2009-12-24 08:01:06,116.329999,39.936931
Car-1,2009-12-24 08:01:07,116.329879,39.936931
Car-1,2009-12-24 08:01:08,116.32976,39.93693
Car-1,2009-12-24 08:01:10,116.329522,39.936942
Car-1,2009-12-24 08:01:11,116.329398,39.936945
Car-1,2009-12-24 08:01:13,116.329165,39.936956
Car-1,2009-12-24 08:01:15,116.328948,39.936961
Car-1,2009-12-24 08:01:17,116.328723,39.936963
Car-1,2009-12-24 08:01:19,116.328497,39.93697
Car-1,2009-12-24 08:01:20,116.328379,39.936973
Car-1,2009-12-24 08:01:21,116.328258,39.936978
Car-1,2009-12-24 08:01:22,116.328129,39.936981
Car-1,2009-12-24 08:01:23,116.328005,39.93698
Car-1,2009-12-24 08:01:24,116.327872,39.936984
Car-1,2009-12-24 08:01:25,116.327736,39.936998
Car-1,2009-12-24 08:01:26,116.327597,39.937004
Car-1,2009-12-24 08:01:27,116.327467,39.937008
Car-1,2009-12-24 08:01:28,116.327343,39.937037
Car-1,2009-12-24 08:01:29,116.327209,39.93704
Car-1,2009-12-24 08:01:30,116.327098,39.937099
Car-1,2009-12-24 08:01:31,116.326983,39.937124
Car-1,2009-12-24 08:01:33,116.326778,39.937159
Car-1,2009-12-24 08:01:35,116.326546,39.937171
Car-1,2009-12-24 08:01:36,116.32641,39.93715
Car-1,2009-12-24 08:01:37,116.326293,39.93716
Car-1,2009-12-24 08:01:39,116.326054,39.937174
Car-1,2009-12-24 08:01:40,116.325928,39.937177
Car-1,2009-12-24 08:01:41,116.325804,39.937183
Car-1,2009-12-24 08:01:42,116.325678,39.937191
Car-1,2009-12-24 08:01:43,116.32555,39.937201
Car-1,2009-12-24 08:01:44,116.325428,39.937215
Car-1,2009-12-24 08:01:45,116.325304,39.937244
Car-1,2009-12-24 08:01:46,116.325173,39.937263
Car-1,2009-12-24 08:01:47,116.325041,39.937275
Car-1,2009-12-24 08:01:48,116.324909,39.937289
Car-1,2009-12-24 08:01:49,116.324778,39.937301
Car-1,2009-12-24 08:01:50,116.324657,39.937315
Car-1,2009-12-24 08:01:51,116.324536,39.937329
Car-1,2009-12-24 08:01:53,116.324323,39.937348
Car-1,2009-12-24 08:01:55,116.324119,39.937344
Car-1,2009-12-24 08:01:57,116.323927,39.937337
Car-1,2009-12-24 08:01:59,116.323726,39.937359
Car-1,2009-12-24 08:02:00,116.323607,39.937369
Car-1,2009-12-24 08:02:02,116.323387,39.93741
Car-1,2009-12-24 08:02:03,116.323269,39.937439
Car-1,2009-12-24 08:02:04,116.323139,39.937453
Car-1,2009-12-24 08:02:05,116.323005,39.937461
Car-1,2009-12-24 08:02:06,116.32288,39.937474
Car-1,2009-12-24 08:02:07,116.322752,39.937477
Car-1,2009-12-24 08:02:08,116.322628,39.937473
Car-1,2009-12-24 08:02:10,116.322419,39.937475
Car-1,2009-12-24 08:02:12,116.322263,39.937488
Car-1,2009-12-24 08:02:14,116.322141,39.93751
Car-1,2009-12-24 08:02:16,116.322,39.937535
Car-1,2009-12-24 08:02:18,116.321851,39.937575
Car-1,2009-12-24 08:02:20,116.321677,39.937593
Car-1,2009-12-24 08:02:22,116.321505,39.937607
Car-1,2009-12-24 08:02:24,116.321337,39.937604
Car-1,2009-12-24 08:02:26,116.321176,39.937629
Car-1,2009-12-24 08:02:28,116.321,39.93765
Car-1,2009-12-24 08:02:30,116.320815,39.937686
Car-1,2009-12-24 08:02:32,116.3206,39.937703
Car-1,2009-12-24 08:02:34,116.320386,39.937701
Car-1,2009-12-24 08:02:36,116.320214,39.937708
Car-1,2009-12-24 08:02:38,116.32008,39.937701
Car-1,2009-12-24 08:02:41,116.31993,39.937694
Car-1,2009-12-24 08:02:44,116.319784,39.937702
Car-1,2009-12-24 08:02:46,116.319689,39.937757
Car-1,2009-12-24 08:02:48,116.319615,39.937841
Car-1,2009-12-24 08:02:50,116.319572,39.937946
Car-1,2009-12-24 08:02:52,116.319542,39.938062
Car-1,2009-12-24 08:02:54,116.319511,39.93819
Car-1,2009-12-24 08:02:56,116.319494,39.938337
Car-1,2009-12-24 08:02:58,116.319486,39.938509
Car-1,2009-12-24 08:02:59,116.319493,39.938614
Car-1,2009-12-24 08:03:00,116.319497,39.938717
Car-1,2009-12-24 08:03:01,116.319486,39.938815
Car-1,2009-12-24 08:03:02,116.319475,39.938913
Car-1,2009-12-24 08:03:03,116.319463,39.939015
Car-1,2009-12-24 08:03:04,116.319451,39.939116
Car-1,2009-12-24 08:03:05,116.31944,39.939221
Car-1,2009-12-24 08:03:06,116.319433,39.939328
Car-1,2009-12-24 08:03:07,116.319419,39.93944
Car-1,2009-12-24 08:03:08,116.319408,39.93955
Car-1,2009-12-24 08:03:09,116.319394,39.939664
Car-1,2009-12-24 08:03:10,116.319386,39.939774
Car-1,2009-12-24 08:03:11,116.319368,39.939892
Car-1,2009-12-24 08:03:12,116.319349,39.940011
Car-1,2009-12-24 08:03:13,116.31933,39.940128
Car-1,2009-12-24 08:03:14,116.319312,39.940246
Car-1,2009-12-24 08:03:15,116.319289,39.940365
Car-1,2009-12-24 08:03:16,116.31926,39.940482
Car-1,2009-12-24 08:03:17,116.319234,39.9406
Car-1,2009-12-24 08:03:18,116.319207,39.940722
Car-1,2009-12-24 08:03:19,116.319188,39.940845
Car-1,2009-12-24 08:03:20,116.319177,39.940967
Car-1,2009-12-24 08:03:21,116.319169,39.941093
Car-1,2009-12-24 08:03:22,116.319157,39.941215
Car-1,2009-12-24 08:03:23,116.319149,39.941333
Car-1,2009-12-24 08:03:24,116.319141,39.941448
Car-1,2009-12-24 08:03:25,116.319131,39.941562
Car-1,2009-12-24 08:03:26,116.319116,39.941675
Car-1,2009-12-24 08:03:27,116.319104,39.941789
Car-1,2009-12-24 08:03:28,116.31909,39.941902
Car-1,2009-12-24 08:03:29,116.319071,39.942012
Car-1,2009-12-24 08:03:30,116.319053,39.942122
Car-1,2009-12-24 08:03:31,116.319037,39.942227
Car-1,2009-12-24 08:03:32,116.319014,39.942333
Car-1,2009-12-24 08:03:33,116.319003,39.942436
Car-1,2009-12-24 08:03:34,116.318985,39.942541
Car-1,2009-12-24 08:03:35,116.318969,39.942639
Car-1,2009-12-24 08:03:36,116.318957,39.942736
Car-1,2009-12-24 08:03:37,116.318944,39.942832
Car-1,2009-12-24 08:03:38,116.318931,39.94293
Car-1,2009-12-24 08:03:39,116.318919,39.943026
Car-1,2009-12-24 08:03:40,116.318911,39.943125
Car-1,2009-12-24 08:03:41,116.318898,39.943225
Car-1,2009-12-24 08:03:42,116.318888,39.943322
Car-1,2009-12-24 08:03:43,116.318872,39.94342
Car-1,2009-12-24 08:03:44,116.318862,39.943517
Car-1,2009-12-24 08:03:45,116.318857,39.94361
Car-1,2009-12-24 08:03:47,116.318854,39.943766
Car-1,2009-12-24 08:03:49,116.318846,39.943884
Car-1,2009-12-24 08:03:51,116.318834,39.943977
Car-1,2009-12-24 08:03:53,116.318835,39.944076
Car-1,2009-12-24 08:03:56,116.3188,39.944163
Car-1,2009-12-24 08:04:01,116.318773,39.94426
Car-1,2009-12-24 08:04:06,116.318724,39.944308
Car-1,2009-12-24 08:04:09,116.318716,39.94441
Car-1,2009-12-24 08:04:11,116.318717,39.944509
Car-1,2009-12-24 08:04:13,116.318717,39.944626
Car-1,2009-12-24 08:04:15,116.318718,39.944757
Car-1,2009-12-24 08:04:17,116.318709,39.944895
Car-1,2009-12-24 08:04:19,116.318693,39.945044
Car-1,2009-12-24 08:04:21,116.318673,39.945186
Car-1,2009-12-24 08:04:23,116.318662,39.945318
Car-1,2009-12-24 08:04:25,116.318662,39.945448
Car-1,2009-12-24 08:04:27,116.318658,39.945579
Car-1,2009-12-24 08:04:29,116.318651,39.945709
Car-1,2009-12-24 08:04:31,116.318647,39.945851
Car-1,2009-12-24 08:04:33,116.318645,39.945985
Car-1,2009-12-24 08:04:35,116.318623,39.946115
Car-1,2009-12-24 08:04:37,116.318573,39.946234
Car-1,2009-12-24 08:04:39,116.318546,39.946339
Car-1,2009-12-24 08:04:41,116.318478,39.946427
Car-1,2009-12-24 08:04:44,116.318407,39.946537
Car-1,2009-12-24 08:04:47,116.318376,39.946635
Car-1,2009-12-24 08:04:51,116.318348,39.946751
Car-1,2009-12-24 08:04:54,116.318341,39.946872
Car-1,2009-12-24 08:04:57,116.318331,39.947001
Car-1,2009-12-24 08:04:59,116.318338,39.947108
Car-1,2009-12-24 08:05:01,116.318347,39.947222
Car-1,2009-12-24 08:05:03,116.318351,39.947351
Car-1,2009-12-24 08:05:05,116.318342,39.94748
Car-1,2009-12-24 08:05:07,116.31834,39.947625
Car-1,2009-12-24 08:05:08,116.318326,39.947715
Car-1,2009-12-24 08:05:10,116.318272,39.94785
Car-1,2009-12-24 08:05:12,116.318214,39.94798
Car-1,2009-12-24 08:05:14,116.318206,39.948134
Car-1,2009-12-24 08:05:16,116.318186,39.948291
Car-1,2009-12-24 08:05:18,116.318159,39.94846
Car-1,2009-12-24 08:05:20,116.318135,39.948629
Car-1,2009-12-24 08:05:22,116.318125,39.948779
Car-1,2009-12-24 08:05:24,116.318112,39.948924
Car-1,2009-12-24 08:05:26,116.318103,39.949053
Car-1,2009-12-24 08:05:28,116.318106,39.949175
Car-1,2009-12-24 08:05:30,116.318111,39.949279
Car-1,2009-12-24 08:05:33,116.318117,39.949387
Car-1,2009-12-24 08:05:37,116.318118,39.949474
Car-1,2009-12-24 08:05:42,116.318131,39.949541
Car-1,2009-12-24 08:05:47,116.318118,39.949549
Car-1,2009-12-24 08:05:52,116.318117,39.949553
Car-1,2009-12-24 08:05:57,116.318115,39.949561
Car-1,2009-12-24 08:06:02,116.318114,39.949562
Car-1,2009-12-24 08:06:07,116.318112,39.949563
Car-1,2009-12-24 08:06:10,116.318112,39.949563
Car-1,2009-12-24 08:06:12,116.31811,39.949568
Car-1,2009-12-24 08:06:17,116.318098,39.949582
Car-1,2009-12-24 08:06:22,116.318096,39.949586
Car-1,2009-12-24 08:06:25,116.318096,39.949586
Car-1,2009-12-24 08:06:27,116.318096,39.949579
Car-1,2009-12-24 08:06:32,116.318093,39.949663
Car-1,2009-12-24 08:06:36,116.31809,39.949775
Car-1,2009-12-24 08:06:41,116.318097,39.949862
Car-1,2009-12-24 08:06:46,116.31812,39.949923
Car-1,2009-12-24 08:06:51,116.318093,39.95003
Car-1,2009-12-24 08:06:54,116.318047,39.950124
Car-1,2009-12-24 08:06:57,116.31796,39.950211
Car-1,2009-12-24 08:07:00,116.317842,39.950291
Car-1,2009-12-24 08:07:03,116.317735,39.950397
Car-1,2009-12-24 08:07:05,116.317682,39.950536
Car-1,2009-12-24 08:07:06,116.317684,39.950632
Car-1,2009-12-24 08:07:07,116.317672,39.950723
Car-1,2009-12-24 08:07:08,116.317671,39.950828
Car-1,2009-12-24 08:07:09,116.31766,39.950922
Car-1,2009-12-24 08:07:10,116.317657,39.951035
Car-1,2009-12-24 08:07:11,116.317674,39.951177
Car-1,2009-12-24 08:07:12,116.317696,39.951316
Car-1,2009-12-24 08:07:13,116.317704,39.951443
Car-1,2009-12-24 08:07:14,116.317709,39.951574
Car-1,2009-12-24 08:07:15,116.31771,39.951705
Car-1,2009-12-24 08:07:16,116.317716,39.951829
Car-1,2009-12-24 08:07:17,116.317724,39.951958
Car-1,2009-12-24 08:07:18,116.317731,39.952086
Car-1,2009-12-24 08:07:19,116.317747,39.952211
Car-1,2009-12-24 08:07:20,116.317755,39.95234
Car-1,2009-12-24 08:07:21,116.317756,39.952464
Car-1,2009-12-24 08:07:22,116.317771,39.952565
Car-1,2009-12-24 08:07:24,116.317734,39.952885
Car-1,2009-12-24 08:07:25,116.317722,39.953016
Car-1,2009-12-24 08:07:26,116.317698,39.953141
Car-1,2009-12-24 08:07:27,116.31768,39.953263
Car-1,2009-12-24 08:07:28,116.317659,39.953378
Car-1,2009-12-24 08:07:29,116.31763,39.953493
Car-1,2009-12-24 08:07:30,116.317609,39.953612
Car-1,2009-12-24 08:07:31,116.317596,39.953725
Car-1,2009-12-24 08:07:32,116.317583,39.953836
Car-1,2009-12-24 08:07:33,116.317568,39.953943
Car-1,2009-12-24 08:07:34,116.317547,39.954042
Car-1,2009-12-24 08:07:35,116.317528,39.954144
Car-1,2009-12-24 08:07:36,116.317506,39.95424
Car-1,2009-12-24 08:07:38,116.317384,39.954335
Car-1,2009-12-24 08:07:40,116.31741,39.954487
Car-1,2009-12-24 08:07:42,116.317419,39.954623
Car-1,2009-12-24 08:07:44,116.317452,39.95475
Car-1,2009-12-24 08:07:46,116.317497,39.954843
Car-1,2009-12-24 08:07:49,116.317553,39.954965
Car-1,2009-12-24 08:07:52,116.317617,39.955065
Car-1,2009-12-24 08:07:57,116.317661,39.955108
Car-1,2009-12-24 08:08:02,116.317666,39.955131
Car-1,2009-12-24 08:08:07,116.317621,39.955144
Car-1,2009-12-24 08:08:10,116.317601,39.955233
Car-1,2009-12-24 08:08:13,116.317587,39.955323
Car-1,2009-12-24 08:08:16,116.317507,39.955392
Car-1,2009-12-24 08:08:19,116.317417,39.955458
Car-1,2009-12-24 08:08:22,116.31736,39.955574
Car-1,2009-12-24 08:08:24,116.317332,39.955663
Car-1,2009-12-24 08:08:26,116.317292,39.955772
Car-1,2009-12-24 08:08:28,116.317235,39.955923
Car-1,2009-12-24 08:08:30,116.317214,39.956076
Car-1,2009-12-24 08:08:32,116.317201,39.956238
Car-1,2009-12-24 08:08:34,116.317183,39.956396
Car-1,2009-12-24 08:08:36,116.317166,39.956561
Car-1,2009-12-24 08:08:38,116.317143,39.956726
Car-1,2009-12-24 08:08:40,116.31712,39.956883
Car-1,2009-12-24 08:08:42,116.3171,39.957034
Car-1,2009-12-24 08:08:44,116.317073,39.957184
Car-1,2009-12-24 08:08:46,116.317035,39.957327
Car-1,2009-12-24 08:08:48,116.317035,39.957484
Car-1,2009-12-24 08:08:50,116.317018,39.95764
Car-1,2009-12-24 08:08:52,116.317019,39.957745
Car-1,2009-12-24 08:08:57,116.316997,39.957852
Car-1,2009-12-24 08:09:00,116.316974,39.957945
Car-1,2009-12-24 08:09:03,116.316953,39.958059
Car-1,2009-12-24 08:09:05,116.316925,39.958177
Car-1,2009-12-24 08:09:07,116.316894,39.958326
Car-1,2009-12-24 08:09:09,116.316866,39.958486
Car-1,2009-12-24 08:09:11,116.316829,39.958632
Car-1,2009-12-24 08:09:13,116.316788,39.958761
Car-1,2009-12-24 08:09:15,116.316765,39.958871
Car-1,2009-12-24 08:09:17,116.316734,39.958993
Car-1,2009-12-24 08:09:19,116.316715,39.959117
Car-1,2009-12-24 08:09:21,116.316685,39.959263
Car-1,2009-12-24 08:09:22,116.316666,39.959353
Car-1,2009-12-24 08:09:24,116.316634,39.959533
Car-1,2009-12-24 08:09:25,116.316618,39.959624
Car-1,2009-12-24 08:09:26,116.316599,39.959717
Car-1,2009-12-24 08:09:27,116.316574,39.959814
Car-1,2009-12-24 08:09:28,116.31655,39.959925
Car-1,2009-12-24 08:09:29,116.31653,39.960037
Car-1,2009-12-24 08:09:30,116.316517,39.960149
Car-1,2009-12-24 08:09:31,116.316493,39.960276
Car-1,2009-12-24 08:09:32,116.31647,39.960403
Car-1,2009-12-24 08:09:33,116.31645,39.960524
Car-1,2009-12-24 08:09:34,116.316431,39.96065
Car-1,2009-12-24 08:09:35,116.316413,39.960774
Car-1,2009-12-24 08:09:36,116.316399,39.960901
Car-1,2009-12-24 08:09:37,116.316381,39.961026
Car-1,2009-12-24 08:09:38,116.316368,39.961151
Car-1,2009-12-24 08:09:39,116.316351,39.961272
Car-1,2009-12-24 08:09:40,116.316339,39.961386
Car-1,2009-12-24 08:09:41,116.316327,39.961495
Car-1,2009-12-24 08:09:42,116.316319,39.961597
Car-1,2009-12-24 08:09:43,116.316315,39.961692
Car-1,2009-12-24 08:09:44,116.316311,39.961787
Car-1,2009-12-24 08:09:45,116.316309,39.961877
Car-1,2009-12-24 08:09:46,116.316304,39.961969
Car-1,2009-12-24 08:09:47,116.316297,39.96206
Car-1,2009-12-24 08:09:48,116.316294,39.962149
Car-1,2009-12-24 08:09:50,116.316308,39.962322
Car-1,2009-12-24 08:09:52,116.316295,39.96248
Car-1,2009-12-24 08:09:54,116.316249,39.96261
Car-1,2009-12-24 08:09:56,116.316235,39.96276
Car-1,2009-12-24 08:09:58,116.316209,39.962904
Car-1,2009-12-24 08:10:00,116.316194,39.963036
Car-1,2009-12-24 08:10:02,116.316172,39.963161
Car-1,2009-12-24 08:10:04,116.316175,39.963255
Car-1,2009-12-24 08:10:09,116.316153,39.963335
Car-1,2009-12-24 08:10:14,116.316134,39.963357
Car-1,2009-12-24 08:10:19,116.316125,39.96336
Car-1,2009-12-24 08:10:24,116.316119,39.963374
Car-1,2009-12-24 08:10:29,116.316104,39.963471
Car-1,2009-12-24 08:10:34,116.316072,39.963533
Car-1,2009-12-24 08:10:39,116.316075,39.963591
Car-1,2009-12-24 08:10:44,116.316093,39.963606
Car-1,2009-12-24 08:10:49,116.316038,39.963677
Car-1,2009-12-24 08:10:54,116.316028,39.963749
Car-1,2009-12-24 08:10:59,116.316004,39.963797
Car-1,2009-12-24 08:11:04,116.316015,39.963824
Car-1,2009-12-24 08:11:09,116.316031,39.963863
Car-1,2009-12-24 08:11:14,116.31604,39.963902
Car-1,2009-12-24 08:11:19,116.316022,39.963954
Car-1,2009-12-24 08:11:24,116.315996,39.964016
Car-1,2009-12-24 08:11:29,116.315969,39.964036
Car-1,2009-12-24 08:11:34,116.315937,39.964065
Car-1,2009-12-24 08:11:39,116.315956,39.964093
Car-1,2009-12-24 08:11:44,116.315945,39.96414
Car-1,2009-12-24 08:11:49,116.315935,39.96414
Car-1,2009-12-24 08:11:54,116.315923,39.964128
Car-1,2009-12-24 08:11:59,116.315894,39.964168
Car-1,2009-12-24 08:12:02,116.315839,39.964274
Car-1,2009-12-24 08:12:04,116.315781,39.964389
Car-1,2009-12-24 08:12:06,116.31574,39.964517
Car-1,2009-12-24 08:12:08,116.315688,39.964646
Car-1,2009-12-24 08:12:10,116.31564,39.964768
Car-1,2009-12-24 08:12:12,116.315595,39.96489
Car-1,2009-12-24 08:12:14,116.315566,39.964993
Car-1,2009-12-24 08:12:16,116.315536,39.965086
Car-1,2009-12-24 08:12:18,116.315506,39.965173
Car-1,2009-12-24 08:12:21,116.315483,39.965281
Car-1,2009-12-24 08:12:25,116.315473,39.965379
Car-1,2009-12-24 08:12:30,116.315567,39.965455
Car-1,2009-12-24 08:12:33,116.315714,39.965487
Car-1,2009-12-24 08:12:36,116.315887,39.96552
Car-1,2009-12-24 08:12:38,116.316032,39.96554
Car-1,2009-12-24 08:12:40,116.316183,39.96556
Car-1,2009-12-24 08:12:42,116.316325,39.965574
Car-1,2009-12-24 08:12:44,116.31648,39.965588
Car-1,2009-12-24 08:12:46,116.316627,39.965594
Car-1,2009-12-24 08:12:48,116.316751,39.96563
Car-1,2009-12-24 08:12:51,116.316903,39.965655
Car-1,2009-12-24 08:12:55,116.317024,39.965654
Car-1,2009-12-24 08:13:00,116.31706,39.965654
Car-1,2009-12-24 08:13:05,116.317069,39.965665
Car-1,2009-12-24 08:13:08,116.317069,39.965665
Car-1,2009-12-24 08:13:10,116.317073,39.965657
Car-1,2009-12-24 08:13:15,116.317078,39.965643
Car-1,2009-12-24 08:13:20,116.317191,39.965616
Car-1,2009-12-24 08:13:22,116.317293,39.965564
Car-1,2009-12-24 08:13:24,116.317433,39.965518
Car-1,2009-12-24 08:13:26,116.317587,39.965491
Car-1,2009-12-24 08:13:28,116.317716,39.965441
Car-1,2009-12-24 08:13:30,116.317844,39.965397
Car-1,2009-12-24 08:13:32,116.317983,39.965405
Car-1,2009-12-24 08:13:34,116.318119,39.965401
Car-1,2009-12-24 08:13:36,116.318277,39.965407
Car-1,2009-12-24 08:13:38,116.318429,39.965419
Car-1,2009-12-24 08:13:40,116.318598,39.965434
Car-1,2009-12-24 08:13:42,116.318719,39.96546
Car-1,2009-12-24 08:13:45,116.318853,39.965473
Car-1,2009-12-24 08:13:49,116.318982,39.965489
Car-1,2009-12-24 08:13:53,116.319146,39.965484
Car-1,2009-12-24 08:13:56,116.319284,39.96547
Car-1,2009-12-24 08:13:59,116.319423,39.965439
Car-1,2009-12-24 08:14:02,116.319602,39.965414
Car-1,2009-12-24 08:14:04,116.31975,39.965414
Car-1,2009-12-24 08:14:06,116.319904,39.965416
Car-1,2009-12-24 08:14:08,116.320071,39.965443
Car-1,2009-12-24 08:14:10,116.320255,39.965452
Car-1,2009-12-24 08:14:12,116.320419,39.965466
Car-1,2009-12-24 08:14:14,116.320598,39.965473
Car-1,2009-12-24 08:14:16,116.320783,39.965479
Car-1,2009-12-24 08:14:18,116.320996,39.965474
Car-1,2009-12-24 08:14:20,116.321226,39.965466
Car-1,2009-12-24 08:14:21,116.321344,39.965464
Car-1,2009-12-24 08:14:23,116.32158,39.965469
Car-1,2009-12-24 08:14:25,116.321803,39.965476
Car-1,2009-12-24 08:14:27,116.32202,39.965487
Car-1,2009-12-24 08:14:29,116.322223,39.965529
Car-1,2009-12-24 08:14:31,116.322409,39.965551
Car-1,2009-12-24 08:14:33,116.322585,39.965568
Car-1,2009-12-24 08:14:35,116.322755,39.965575
Car-1,2009-12-24 08:14:37,116.322934,39.965587
Car-1,2009-12-24 08:14:39,116.323106,39.965586
Car-1,2009-12-24 08:14:41,116.323258,39.965582
Car-1,2009-12-24 08:14:43,116.323406,39.965589
Car-1,2009-12-24 08:14:45,116.323549,39.965608
Car-1,2009-12-24 08:14:47,116.32372,39.965628
Car-1,2009-12-24 08:14:49,116.323913,39.965681
Car-1,2009-12-24 08:14:51,116.324121,39.965725
Car-1,2009-12-24 08:14:53,116.324346,39.965764
Car-1,2009-12-24 08:14:54,116.324465,39.965808
Car-1,2009-12-24 08:14:55,116.324585,39.965832
Car-1,2009-12-24 08:14:56,116.324704,39.965832
Car-1,2009-12-24 08:14:58,116.324928,39.965836
Car-1,2009-12-24 08:14:59,116.325045,39.965846
Car-1,2009-12-24 08:15:00,116.325173,39.965866
Car-1,2009-12-24 08:15:01,116.32531,39.965883
Car-1,2009-12-24 08:15:02,116.325448,39.965894
Car-1,2009-12-24 08:15:03,116.325601,39.965938
Car-1,2009-12-24 08:15:04,116.325743,39.965957
Car-1,2009-12-24 08:15:05,116.325883,39.965957
Car-1,2009-12-24 08:15:06,116.326023,39.965963
Car-1,2009-12-24 08:15:07,116.326163,39.965964
Car-1,2009-12-24 08:15:08,116.326291,39.965956
Car-1,2009-12-24 08:15:09,116.326415,39.965946
Car-1,2009-12-24 08:15:10,116.326552,39.965952
Car-1,2009-12-24 08:15:11,116.326689,39.96597
Car-1,2009-12-24 08:15:12,116.326816,39.965981
Car-1,2009-12-24 08:15:13,116.326933,39.965987
Car-1,2009-12-24 08:15:15,116.327148,39.965997
Car-1,2009-12-24 08:15:17,116.327345,39.96601
Car-1,2009-12-24 08:15:19,116.327492,39.966014
Car-1,2009-12-24 08:15:22,116.327641,39.966033
Car-1,2009-12-24 08:15:25,116.327785,39.966062
Car-1,2009-12-24 08:15:28,116.32791,39.966081
Car-1,2009-12-24 08:15:31,116.328023,39.966135
Car-1,2009-12-24 08:15:34,116.328133,39.966225
Car-1,2009-12-24 08:15:36,116.328159,39.966321
Car-1,2009-12-24 08:15:38,116.328148,39.966419
Car-1,2009-12-24 08:15:40,116.328122,39.966532
Car-1,2009-12-24 08:15:42,116.328098,39.966658
Car-1,2009-12-24 08:15:44,116.328063,39.966793
Car-1,2009-12-24 08:15:46,116.328029,39.966938
Car-1,2009-12-24 08:15:48,116.327998,39.967102
Car-1,2009-12-24 08:15:49,116.32798,39.967195
Car-1,2009-12-24 08:15:50,116.327977,39.967315
Car-1,2009-12-24 08:15:51,116.32797,39.967419
Car-1,2009-12-24 08:15:52,116.32796,39.967516
Car-1,2009-12-24 08:15:53,116.327954,39.967614
Car-1,2009-12-24 08:15:54,116.32795,39.967712
Car-1,2009-12-24 08:15:55,116.327947,39.967808
Car-1,2009-12-24 08:15:56,116.327945,39.967909
Car-1,2009-12-24 08:15:57,116.327941,39.968015
Car-1,2009-12-24 08:15:58,116.327942,39.968118
Car-1,2009-12-24 08:15:59,116.327945,39.968226
Car-1,2009-12-24 08:16:00,116.327944,39.968337
Car-1,2009-12-24 08:16:01,116.327939,39.968451
Car-1,2009-12-24 08:16:02,116.32794,39.968565
Car-1,2009-12-24 08:16:03,116.327943,39.968683
Car-1,2009-12-24 08:16:04,116.32794,39.968791
Car-1,2009-12-24 08:16:05,116.327928,39.968907
Car-1,2009-12-24 08:16:06,116.327929,39.969015
Car-1,2009-12-24 08:16:07,116.327928,39.969119
Car-1,2009-12-24 08:16:08,116.327927,39.969219
Car-1,2009-12-24 08:16:09,116.327927,39.969319
Car-1,2009-12-24 08:16:10,116.327926,39.96942
Car-1,2009-12-24 08:16:11,116.327926,39.969522
Car-1,2009-12-24 08:16:12,116.327925,39.969626
Car-1,2009-12-24 08:16:13,116.327918,39.969728
Car-1,2009-12-24 08:16:14,116.327908,39.969832
Car-1,2009-12-24 08:16:15,116.327901,39.969931
Car-1,2009-12-24 08:16:16,116.327893,39.970032
Car-1,2009-12-24 08:16:17,116.32787,39.970136
Car-1,2009-12-24 08:16:18,116.327867,39.970236
Car-1,2009-12-24 08:16:19,116.327854,39.970339
Car-1,2009-12-24 08:16:20,116.327847,39.970433
Car-1,2009-12-24 08:16:22,116.327833,39.970582
Car-1,2009-12-24 08:16:24,116.327825,39.97072
Car-1,2009-12-24 08:16:26,116.327806,39.970858
Car-1,2009-12-24 08:16:28,116.327796,39.971002
Car-1,2009-12-24 08:16:30,116.327779,39.971146
Car-1,2009-12-24 08:16:32,116.327771,39.971311
Car-1,2009-12-24 08:16:34,116.327763,39.971494
Car-1,2009-12-24 08:16:35,116.327763,39.971593
Car-1,2009-12-24 08:16:36,116.327759,39.971691
Car-1,2009-12-24 08:16:37,116.327756,39.971794
Car-1,2009-12-24 08:16:38,116.327752,39.971901
Car-1,2009-12-24 08:16:39,116.327751,39.972008
Car-1,2009-12-24 08:16:40,116.327755,39.972112
Car-1,2009-12-24 08:16:41,116.327749,39.972213
Car-1,2009-12-24 08:16:42,116.327748,39.972317
Car-1,2009-12-24 08:16:43,116.327745,39.972415
Car-1,2009-12-24 08:16:44,116.327745,39.972506
Car-1,2009-12-24 08:16:45,116.327746,39.972597
Car-1,2009-12-24 08:16:47,116.327741,39.972766
Car-1,2009-12-24 08:16:49,116.327728,39.972932
Car-1,2009-12-24 08:16:51,116.327734,39.973076
Car-1,2009-12-24 08:16:53,116.327749,39.973221
Car-1,2009-12-24 08:16:55,116.327756,39.973371
Car-1,2009-12-24 08:16:57,116.327753,39.973522
Car-1,2009-12-24 08:16:59,116.327743,39.973633
Car-1,2009-12-24 08:17:02,116.327801,39.973712
Car-1,2009-12-24 08:17:07,116.327809,39.973729
Car-1,2009-12-24 08:17:12,116.327743,39.973782
Car-1,2009-12-24 08:17:14,116.327712,39.973867
Car-1,2009-12-24 08:17:16,116.327699,39.973994
Car-1,2009-12-24 08:17:18,116.327699,39.974115
Car-1,2009-12-24 08:17:20,116.327719,39.974209
Car-1,2009-12-24 08:17:23,116.32771,39.974342
Car-1,2009-12-24 08:17:25,116.327694,39.974448
Car-1,2009-12-24 08:17:27,116.327667,39.974605
Car-1,2009-12-24 08:17:29,116.327633,39.974761
Car-1,2009-12-24 08:17:31,116.327623,39.974921
Car-1,2009-12-24 08:17:33,116.327596,39.975075
Car-1,2009-12-24 08:17:35,116.327598,39.975217
Car-1,2009-12-24 08:17:37,116.327601,39.975363
Car-1,2009-12-24 08:17:39,116.327655,39.975483
Car-1,2009-12-24 08:17:41,116.32769,39.975598
Car-1,2009-12-24 08:17:44,116.327715,39.975708
Car-1,2009-12-24 08:17:49,116.327744,39.975775
Car-1,2009-12-24 08:17:54,116.327749,39.975828
Car-1,2009-12-24 08:17:58,116.327729,39.975918
Car-1,2009-12-24 08:18:03,116.327664,39.975966
Car-1,2009-12-24 08:18:08,116.327647,39.976079
Car-1,2009-12-24 08:18:13,116.327683,39.976146
Car-1,2009-12-24 08:18:18,116.327695,39.976186
Car-1,2009-12-24 08:18:23,116.327709,39.976218
Car-1,2009-12-24 08:18:28,116.327729,39.976274
Car-1,2009-12-24 08:18:33,116.327734,39.976312
Car-1,2009-12-24 08:18:38,116.327735,39.976403
Car-1,2009-12-24 08:18:42,116.327725,39.976515
Car-1,2009-12-24 08:18:47,116.327694,39.976616
Car-1,2009-12-24 08:18:52,116.327684,39.976703
Car-1,2009-12-24 08:18:57,116.327679,39.976792
Car-1,2009-12-24 08:19:02,116.327717,39.976873
Car-1,2009-12-24 08:19:07,116.327788,39.97687
Car-1,2009-12-24 08:19:12,116.327913,39.976825
Car-1,2009-12-24 08:19:15,116.328045,39.976812
Car-1,2009-12-24 08:19:19,116.328172,39.976803
Car-1,2009-12-24 08:19:24,116.328212,39.976816
Car-1,2009-12-24 08:19:29,116.328273,39.976788
Car-1,2009-12-24 08:19:34,116.32839,39.976747
Car-1,2009-12-24 08:19:37,116.328525,39.976737
Car-1,2009-12-24 08:19:40,116.328655,39.976735
Car-1,2009-12-24 08:19:43,116.32878,39.976732
Car-1,2009-12-24 08:19:46,116.328951,39.976772
Car-1,2009-12-24 08:19:48,116.329092,39.976842
Car-1,2009-12-24 08:19:50,116.329222,39.976855
Car-1,2009-12-24 08:19:52,116.329366,39.976873
Car-1,2009-12-24 08:19:54,116.32951,39.976875
Car-1,2009-12-24 08:19:56,116.329651,39.976876
Car-1,2009-12-24 08:19:58,116.329797,39.976885
Car-1,2009-12-24 08:20:01,116.329975,39.976896
Car-1,2009-12-24 08:20:04,116.330155,39.976956
Car-1,2009-12-24 08:20:08,116.330313,39.976974
Car-1,2009-12-24 08:20:12,116.330432,39.976991
Car-1,2009-12-24 08:20:14,116.33053,39.976999
Car-1,2009-12-24 08:20:17,116.330681,39.977057
Car-1,2009-12-24 08:20:20,116.330813,39.977097
Car-1,2009-12-24 08:20:22,116.330953,39.97714
Car-1,2009-12-24 08:20:24,116.331095,39.977172
Car-1,2009-12-24 08:20:26,116.331213,39.9772
Car-1,2009-12-24 08:20:29,116.331321,39.977184
Car-1,2009-12-24 08:20:32,116.33146,39.977227
Car-1,2009-12-24 08:20:35,116.331613,39.97724
Car-1,2009-12-24 08:20:38,116.331704,39.977163
Car-1,2009-12-24 08:20:40,116.331695,39.977061
Car-1,2009-12-24 08:20:42,116.331668,39.976952
Car-1,2009-12-24 08:20:45,116.331688,39.976826
Car-1,2009-12-24 08:20:48,116.331701,39.976697
Car-1,2009-12-24 08:20:50,116.331723,39.976586
Car-1,2009-12-24 08:20:52,116.331712,39.976491
Car-1,2009-12-24 08:20:54,116.331699,39.976373
Car-1,2009-12-24 08:20:56,116.331707,39.976259
Car-1,2009-12-24 08:20:58,116.331694,39.976155
Car-1,2009-12-24 08:21:00,116.331707,39.976062
Car-1,2009-12-24 08:21:03,116.331713,39.975929
Car-1,2009-12-24 08:21:06,116.331706,39.975811
Car-1,2009-12-24 08:21:11,116.331636,39.97576
Car-1,2009-12-24 08:21:16,116.33158,39.975741
Car-1,2009-12-24 08:21:21,116.331576,39.975729
Car-1,2009-12-24 08:21:26,116.33152,39.975705
Car-1,2009-12-24 08:21:31,116.331388,39.975681
Car-1,2009-12-24 08:21:33,116.331257,39.975678
Car-1,2009-12-24 08:21:36,116.331115,39.975669
Car-1,2009-12-24 08:21:39,116.330986,39.975661
Car-1,2009-12-24 08:21:41,116.330828,39.975692
Car-1,2009-12-24 08:21:44,116.330695,39.975678
Car-1,2009-12-24 08:21:48,116.330566,39.975672
Car-1,2009-12-24 08:21:53,116.330451,39.975681
Car-1,2009-12-24 08:21:58,116.330393,39.97571
Car-1,2009-12-24 08:22:03,116.330387,39.975719
Car-1,2009-12-24 08:22:08,116.330387,39.975728
Car-1,2009-12-24 08:22:13,116.330388,39.975733
Car-1,2009-12-24 08:22:18,116.330387,39.975741
Car-1,2009-12-24 08:22:23,116.330387,39.975749
Car-1,2009-12-24 08:22:28,116.330386,39.975753
Car-1,2009-12-24 08:22:33,116.330387,39.975755
Car-1,2009-12-24 08:22:38,116.330388,39.975754
Car-1,2009-12-24 08:22:43,116.330388,39.975758
Car-1,2009-12-24 08:22:46,116.330388,39.975758
Car-1,2009-12-24 08:22:48,116.330389,39.975762
Car-1,2009-12-24 08:22:53,116.33039,39.975774
Car-1,2009-12-24 08:22:58,116.330392,39.975784
Car-1,2009-12-24 08:23:03,116.330391,39.97577
Car-1,2009-12-24 08:23:08,116.33039,39.97575
Car-1,2009-12-24 08:23:13,116.330376,39.975734
Car-1,2009-12-24 08:23:17,116.330339,39.975649
Car-1,2009-12-24 08:23:22,116.330384,39.975573
Car-1,2009-12-24 08:23:27,116.33048,39.975532
Car-1,2009-12-24 08:23:32,116.330604,39.97555
Car-1,2009-12-24 09:37:58,116.331028,39.975635
Car-1,2009-12-24 09:38:11,116.332024,39.975394
Car-1,2009-12-24 09:38:17,116.331915,39.975387
Car-1,2009-12-24 09:38:22,116.331955,39.975343
Car-1,2009-12-24 09:38:27,116.332022,39.975312
Car-1,2009-12-24 09:38:32,116.332109,39.975287
Car-1,2009-12-24 09:38:37,116.332201,39.975283
Car-1,2009-12-24 09:38:42,116.332271,39.975281
Car-1,2009-12-24 09:38:47,116.332363,39.97529
Car-1,2009-12-24 09:38:52,116.332437,39.975291
Car-1,2009-12-24 09:38:57,116.332514,39.975293
Car-1,2009-12-24 09:39:02,116.332586,39.975288
Car-1,2009-12-24 09:39:07,116.332656,39.975265
Car-1,2009-12-24 09:39:12,116.332758,39.975258
Car-1,2009-12-24 09:39:17,116.33285,39.975253
Car-1,2009-12-24 09:39:22,116.332935,39.97527
Car-1,2009-12-24 09:39:27,116.333012,39.975277
Car-1,2009-12-24 09:39:32,116.333106,39.975272
Car-1,2009-12-24 09:39:35,116.333166,39.975303
Car-1,2009-12-24 09:39:39,116.333209,39.97534
Car-1,2009-12-24 09:39:44,116.333255,39.975344
Car-1,2009-12-24 09:39:49,116.333326,39.975349
Car-1,2009-12-24 09:39:54,116.333385,39.975349
Car-1,2009-12-24 09:39:59,116.333423,39.975335
Car-1,2009-12-24 09:40:04,116.333463,39.975332
Car-1,2009-12-24 09:40:09,116.33348,39.975338
Car-1,2009-12-24 09:40:14,116.333531,39.975328
Car-1,2009-12-24 09:40:17,116.333647,39.975385
Car-1,2009-12-24 09:40:20,116.333717,39.975311
Car-1,2009-12-24 09:40:25,116.333727,39.975261
Car-1,2009-12-24 09:40:30,116.333757,39.975259
Car-1,2009-12-24 09:40:35,116.333873,39.975251
Car-1,2009-12-24 09:40:40,116.333936,39.97524
Car-1,2009-12-24 09:40:45,116.334053,39.975202
Car-1,2009-12-24 09:40:49,116.334174,39.975224
Car-1,2009-12-24 09:40:54,116.33421,39.975223
Car-1,2009-12-24 09:40:59,116.334276,39.975229
Car-1,2009-12-24 09:41:04,116.334339,39.975224
Car-1,2009-12-24 09:41:09,116.334416,39.975252
Car-1,2009-12-24 09:41:14,116.334487,39.975272
Car-1,2009-12-24 09:41:19,116.334546,39.975324
Car-1,2009-12-24 09:41:24,116.33462,39.975341
Car-1,2009-12-24 09:41:29,116.334711,39.975345
Car-1,2009-12-24 09:41:34,116.334791,39.975364
Car-1,2009-12-24 09:41:39,116.334853,39.97538
Car-1,2009-12-24 09:41:44,116.334941,39.975363
Car-1,2009-12-24 09:41:49,116.335016,39.97535
Car-1,2009-12-24 09:41:54,116.335078,39.975335
Car-1,2009-12-24 09:41:59,116.33515,39.975331
Car-1,2009-12-24 09:42:04,116.33524,39.97531
Car-1,2009-12-24 09:42:09,116.335332,39.97529
Car-1,2009-12-24 09:42:14,116.335418,39.97529
Car-1,2009-12-24 09:42:19,116.335498,39.9753
Car-1,2009-12-24 09:42:24,116.335588,39.975282
Car-1,2009-12-24 09:42:29,116.335671,39.975272
Car-1,2009-12-24 09:42:34,116.335769,39.975288
Car-1,2009-12-24 09:42:39,116.335851,39.975301
Car-1,2009-12-24 09:42:44,116.335946,39.975317
Car-1,2009-12-24 09:42:49,116.336037,39.97533
Car-1,2009-12-24 09:42:54,116.336164,39.975322
Car-1,2009-12-24 09:42:59,116.33624,39.975314
Car-1,2009-12-24 09:43:04,116.336331,39.975324
Car-1,2009-12-24 09:43:09,116.336424,39.975316
Car-1,2009-12-24 09:43:14,116.336519,39.975327
Car-1,2009-12-24 09:43:19,116.336619,39.975325
Car-1,2009-12-24 09:43:24,116.336692,39.975301
Car-1,2009-12-24 09:43:29,116.33678,39.975325
Car-1,2009-12-24 09:43:34,116.336843,39.975351
Car-1,2009-12-24 09:43:39,116.336929,39.975352
Car-1,2009-12-24 09:43:44,116.336953,39.975362
Car-1,2009-12-24 09:43:49,116.337019,39.975375
Car-1,2009-12-24 09:43:54,116.337049,39.975372
Car-1,2009-12-24 09:43:59,116.337115,39.975348
Car-1,2009-12-24 09:44:04,116.337195,39.975377
Car-1,2009-12-24 09:44:09,116.337238,39.975414
Car-1,2009-12-24 09:44:14,116.337257,39.975437
Car-1,2009-12-24 09:44:19,116.337275,39.975467
Car-1,2009-12-24 09:44:24,116.337281,39.975485
Car-1,2009-12-24 09:44:29,116.337261,39.97549
Car-1,2009-12-24 09:44:32,116.337261,39.97549
Car-1,2009-12-24 09:44:34,116.337256,39.975495
Car-1,2009-12-24 09:44:39,116.337224,39.975481
Car-1,2009-12-24 09:44:44,116.337188,39.975475
Car-1,2009-12-24 09:44:49,116.337169,39.975481
Car-1,2009-12-24 09:44:54,116.337154,39.975482
Car-1,2009-12-24 09:44:59,116.337149,39.975484
Car-1,2009-12-24 09:45:02,116.337149,39.975484
Car-1,2009-12-24 09:45:04,116.337156,39.975482
Car-1,2009-12-24 09:45:09,116.337147,39.97547
Car-1,2009-12-24 09:45:14,116.337084,39.975439
Car-1,2009-12-24 09:45:19,116.337056,39.97543
Car-1,2009-12-24 09:45:24,116.337014,39.975416
Car-1,2009-12-24 09:45:29,116.33699,39.975416
Car-1,2009-12-24 09:45:34,116.336981,39.975405
Car-1,2009-12-24 11:13:34,116.335236,39.975402
Car-1,2009-12-24 11:13:40,116.33511,39.975394
Car-1,2009-12-24 11:13:43,116.334985,39.975374
Car-1,2009-12-24 11:13:48,116.33491,39.975376
Car-1,2009-12-24 11:13:51,116.335053,39.975473
Car-1,2009-12-24 11:13:56,116.335092,39.97552
Car-1,2009-12-24 11:14:01,116.335039,39.975511
Car-1,2009-12-24 11:14:06,116.334969,39.975497
Car-1,2009-12-24 11:14:11,116.334919,39.975492
Car-1,2009-12-24 11:14:16,116.334889,39.975503
Car-1,2009-12-24 11:14:21,116.334819,39.975516
Car-1,2009-12-24 11:14:26,116.334744,39.975515
Car-1,2009-12-24 11:14:31,116.334675,39.975498
Car-1,2009-12-24 11:14:36,116.334635,39.975499
Car-1,2009-12-24 11:14:41,116.33461,39.975477
Car-1,2009-12-24 11:14:46,116.334608,39.975487
Car-1,2009-12-24 11:14:51,116.334561,39.97547
Car-1,2009-12-24 11:14:56,116.334534,39.97546
Car-1,2009-12-24 11:15:01,116.334455,39.975435
Car-1,2009-12-24 11:15:04,116.334455,39.975435
Car-1,2009-12-24 11:15:06,116.334462,39.975428
Car-1,2009-12-24 11:15:11,116.334418,39.975391
Car-1,2009-12-24 11:15:16,116.334383,39.975404
Car-1,2009-12-24 11:15:21,116.334341,39.975412
Car-1,2009-12-24 11:15:26,116.334297,39.975417
Car-1,2009-12-24 11:15:31,116.334257,39.975401
Car-1,2009-12-24 11:15:36,116.334214,39.97535
Car-1,2009-12-24 11:15:41,116.334172,39.975263
Car-1,2009-12-24 11:15:46,116.334137,39.975218
Car-1,2009-12-24 11:15:51,116.33412,39.975198
Car-1,2009-12-24 11:15:56,116.334089,39.975182
Car-1,2009-12-24 11:16:01,116.33408,39.975216
Car-1,2009-12-24 11:16:06,116.33409,39.975241
Car-1,2009-12-24 11:16:11,116.334016,39.975314
Car-1,2009-12-24 11:16:14,116.333951,39.975394
Car-1,2009-12-24 11:16:18,116.333913,39.975544
Car-1,2009-12-24 11:16:21,116.333911,39.975637
Car-1,2009-12-24 11:16:25,116.333948,39.975766
Car-1,2009-12-24 11:16:27,116.333876,39.975677
Car-1,2009-12-24 11:16:29,116.333756,39.975582
Car-1,2009-12-24 11:16:30,116.333673,39.975509
Car-1,2009-12-24 11:16:32,116.333565,39.975434
Car-1,2009-12-24 11:16:35,116.333463,39.975389
Car-1,2009-12-24 11:16:40,116.333374,39.97537
Car-1,2009-12-24 11:16:45,116.333285,39.975371
Car-1,2009-12-24 11:16:50,116.333218,39.975356
Car-1,2009-12-24 11:16:55,116.333157,39.975355
Car-1,2009-12-24 11:17:00,116.333093,39.975353
Car-1,2009-12-24 11:17:05,116.333047,39.975353
Car-1,2009-12-24 11:17:10,116.332992,39.975362
Car-1,2009-12-24 11:17:15,116.332947,39.97545
Car-1,2009-12-24 11:17:20,116.332879,39.975467
Car-1,2009-12-24 11:17:25,116.332803,39.975477
Car-1,2009-12-24 11:17:30,116.332746,39.975481
Car-1,2009-12-24 11:17:35,116.332681,39.975511
Car-1,2009-12-24 11:17:40,116.332615,39.975527
Car-1,2009-12-24 11:17:44,116.332509,39.975459
Car-1,2009-12-24 11:17:48,116.332401,39.9754
Car-1,2009-12-24 11:17:53,116.332315,39.975394
Car-1,2009-12-24 11:17:58,116.332252,39.975414
Car-1,2009-12-24 11:18:03,116.332185,39.975436
Car-1,2009-12-24 11:18:08,116.332108,39.975458
Car-1,2009-12-24 11:18:13,116.332039,39.975478
Car-1,2009-12-24 11:18:18,116.332005,39.975533
Car-1,2009-12-24 11:18:23,116.331963,39.975574
Car-1,2009-12-24 11:18:28,116.331923,39.97561
Car-1,2009-12-24 11:18:33,116.331906,39.975652
Car-1,2009-12-24 11:18:38,116.331878,39.975705
Car-1,2009-12-24 11:18:43,116.331877,39.975761
Car-1,2009-12-24 11:18:48,116.331837,39.975764
Car-1,2009-12-24 11:18:52,116.331689,39.975767
Car-1,2009-12-24 11:18:57,116.33158,39.9758
Car-1,2009-12-24 11:19:02,116.331483,39.975791
Car-1,2009-12-24 11:19:07,116.331404,39.975773
Car-1,2009-12-24 11:19:12,116.33133,39.97577
Car-1,2009-12-24 11:19:17,116.33124,39.975786
Car-1,2009-12-24 11:19:22,116.331158,39.975767
Car-1,2009-12-24 11:19:27,116.33109,39.975761
Car-1,2009-12-24 11:19:32,116.33102,39.975748
Car-1,2009-12-24 11:19:37,116.330945,39.975757
Car-1,2009-12-24 11:19:42,116.330897,39.975744
Car-1,2009-12-24 11:19:47,116.330858,39.975758
Car-1,2009-12-24 11:19:52,116.33086,39.975731
Car-1,2009-12-24 11:19:57,116.33087,39.97567
Car-1,2009-12-24 11:20:01,116.330879,39.975571
Car-1,2009-12-24 11:20:06,116.330888,39.975475
Car-1,2009-12-24 11:20:11,116.330866,39.975487
Car-1,2009-12-24 11:20:16,116.330837,39.975536
Car-1,2009-12-24 11:20:21,116.330836,39.97556
Car-1,2009-12-24 11:20:24,116.330836,39.97556
Car-1,2009-12-24 11:20:26,116.330842,39.975554
Car-1,2009-12-24 11:20:31,116.330847,39.975543
Car-1,2009-12-24 11:20:36,116.330867,39.975547
Car-1,2009-12-24 11:20:41,116.330917,39.975555
Car-1,2009-12-24 11:20:46,116.330965,39.975549
Car-1,2009-12-24 11:29:39,116.33178,39.975647
Car-1,2009-12-24 11:29:45,116.331565,39.975647
Car-1,2009-12-24 11:29:49,116.331504,39.975735
Car-1,2009-12-24 11:29:53,116.33138,39.975735
Car-1,2009-12-24 11:29:58,116.331276,39.975732
Car-1,2009-12-24 11:30:03,116.331192,39.975729
Car-1,2009-12-24 11:30:07,116.331073,39.975727
Car-1,2009-12-24 11:30:11,116.330943,39.975741
Car-1,2009-12-24 11:30:14,116.33081,39.975725
Car-1,2009-12-24 11:30:17,116.330687,39.975676
Car-1,2009-12-24 11:30:21,116.330556,39.975693
Car-1,2009-12-24 11:30:25,116.330433,39.975694
Car-1,2009-12-24 11:30:29,116.330293,39.975693
Car-1,2009-12-24 11:30:34,116.330201,39.975643
Car-1,2009-12-24 11:30:39,116.330196,39.975561
Car-1,2009-12-24 11:30:44,116.33026,39.9755
Car-1,2009-12-24 11:30:49,116.330356,39.975426
Car-1,2009-12-24 11:30:53,116.330391,39.975334
Car-1,2009-12-24 11:30:58,116.330291,39.975288
Car-1,2009-12-24 11:31:02,116.330168,39.975284
Car-1,2009-12-24 11:31:06,116.330046,39.975309
Car-1,2009-12-24 11:31:09,116.329906,39.975309
Car-1,2009-12-24 11:31:11,116.329788,39.975305
Car-1,2009-12-24 11:31:13,116.329661,39.975317
Car-1,2009-12-24 11:31:15,116.32954,39.975316
Car-1,2009-12-24 11:31:17,116.329422,39.975328
Car-1,2009-12-24 11:31:19,116.329303,39.975332
Car-1,2009-12-24 11:31:22,116.329142,39.97534
Car-1,2009-12-24 11:31:24,116.329009,39.975347
Car-1,2009-12-24 11:31:26,116.328862,39.97535
Car-1,2009-12-24 11:31:28,116.328714,39.975364
Car-1,2009-12-24 11:31:30,116.32856,39.975375
Car-1,2009-12-24 11:31:32,116.328409,39.975389
Car-1,2009-12-24 11:31:34,116.328271,39.975412
Car-1,2009-12-24 11:31:36,116.328131,39.975421
Car-1,2009-12-24 11:31:39,116.327989,39.975434
Car-1,2009-12-24 11:31:42,116.327869,39.975433
Car-1,2009-12-24 11:31:46,116.327742,39.975475
Car-1,2009-12-24 11:31:49,116.327707,39.975592
Car-1,2009-12-24 11:31:51,116.327693,39.975697
Car-1,2009-12-24 11:31:53,116.327668,39.975811
Car-1,2009-12-24 11:31:55,116.327636,39.975945
Car-1,2009-12-24 11:31:57,116.32762,39.976125
Car-1,2009-12-24 11:31:58,116.327589,39.976228
Car-1,2009-12-24 11:31:59,116.327583,39.976318
Car-1,2009-12-24 11:32:00,116.327581,39.976409
Car-1,2009-12-24 11:32:02,116.327556,39.976573
Car-1,2009-12-24 11:32:04,116.32755,39.976723
Car-1,2009-12-24 11:32:06,116.327545,39.97687
Car-1,2009-12-24 11:32:08,116.327497,39.977033
Car-1,2009-12-24 11:32:09,116.327497,39.977123
Car-1,2009-12-24 11:32:11,116.327463,39.977257
Car-1,2009-12-24 11:32:13,116.327447,39.977411
Car-1,2009-12-24 11:32:15,116.327433,39.977569
Car-1,2009-12-24 11:32:17,116.327398,39.97775
Car-1,2009-12-24 11:32:18,116.327393,39.97785
Car-1,2009-12-24 11:32:19,116.327391,39.977949
Car-1,2009-12-24 11:32:20,116.327389,39.978052
Car-1,2009-12-24 11:32:21,116.3274,39.978168
Car-1,2009-12-24 11:32:22,116.327401,39.978272
Car-1,2009-12-24 11:32:23,116.327391,39.978362
Car-1,2009-12-24 11:32:25,116.32739,39.978525
Car-1,2009-12-24 11:32:27,116.327383,39.978673
Car-1,2009-12-24 11:32:29,116.327371,39.978802
Car-1,2009-12-24 11:32:31,116.327358,39.978921
Car-1,2009-12-24 11:32:33,116.327344,39.979024
Car-1,2009-12-24 11:32:35,116.327335,39.979123
Car-1,2009-12-24 11:32:38,116.327334,39.979244
Car-1,2009-12-24 11:32:41,116.327287,39.979343
Car-1,2009-12-24 11:32:43,116.327262,39.979436
Car-1,2009-12-24 11:32:45,116.327259,39.979548
Car-1,2009-12-24 11:32:47,116.32726,39.979682
Car-1,2009-12-24 11:32:49,116.327265,39.979819
Car-1,2009-12-24 11:32:51,116.327262,39.979972
Car-1,2009-12-24 11:32:53,116.32727,39.980144
Car-1,2009-12-24 11:32:54,116.327269,39.980238
Car-1,2009-12-24 11:32:56,116.327289,39.980414
Car-1,2009-12-24 11:32:58,116.327302,39.980592
Car-1,2009-12-24 11:32:59,116.327288,39.980666
Car-1,2009-12-24 11:33:01,116.327271,39.980814
Car-1,2009-12-24 11:33:03,116.327259,39.980966
Car-1,2009-12-24 11:33:05,116.327259,39.981113
Car-1,2009-12-24 11:33:07,116.327249,39.981269
Car-1,2009-12-24 11:33:09,116.327242,39.981434
Car-1,2009-12-24 11:33:11,116.327245,39.981601
Car-1,2009-12-24 11:33:12,116.32724,39.981691
Car-1,2009-12-24 11:33:13,116.327236,39.981783
Car-1,2009-12-24 11:33:14,116.32723,39.981875
Car-1,2009-12-24 11:33:16,116.327227,39.982052
Car-1,2009-12-24 11:33:17,116.327228,39.982143
Car-1,2009-12-24 11:33:19,116.327234,39.982299
Car-1,2009-12-24 11:33:21,116.327204,39.982435
Car-1,2009-12-24 11:33:23,116.327194,39.982567
Car-1,2009-12-24 11:33:25,116.327188,39.982704
Car-1,2009-12-24 11:33:27,116.327192,39.982807
Car-1,2009-12-24 11:33:29,116.327183,39.982937
Car-1,2009-12-24 11:33:31,116.3272,39.983105
Car-1,2009-12-24 11:33:33,116.327205,39.983227
Car-1,2009-12-24 11:33:35,116.327197,39.983359
Car-1,2009-12-24 11:33:37,116.32723,39.983513
Car-1,2009-12-24 11:33:39,116.327262,39.983659
Car-1,2009-12-24 11:33:41,116.327274,39.983798
Car-1,2009-12-24 11:33:43,116.327273,39.983901
Car-1,2009-12-24 11:33:46,116.327287,39.984005
Car-1,2009-12-24 11:33:50,116.327253,39.984043
Car-1,2009-12-24 11:33:55,116.327257,39.984064
Car-1,2009-12-24 11:33:58,116.327257,39.984064
Car-1,2009-12-24 11:34:00,116.327257,39.984071
Car-1,2009-12-24 11:34:05,116.327263,39.984153
Car-1,2009-12-24 11:34:08,116.327269,39.984247
Car-1,2009-12-24 11:34:11,116.327259,39.984345
Car-1,2009-12-24 11:34:14,116.32725,39.984442
Car-1,2009-12-24 11:34:18,116.327318,39.984531
Car-1,2009-12-24 11:34:21,116.327472,39.984579
Car-1,2009-12-24 11:34:23,116.327609,39.984585
Car-1,2009-12-24 11:34:25,116.32781,39.984596
Car-1,2009-12-24 11:34:27,116.328043,39.984612
Car-1,2009-12-24 11:34:28,116.328177,39.984625
Car-1,2009-12-24 11:34:29,116.328302,39.984634
Car-1,2009-12-24 11:34:30,116.328431,39.98464
Car-1,2009-12-24 11:34:31,116.328556,39.984647
Car-1,2009-12-24 11:34:32,116.328676,39.984648
Car-1,2009-12-24 11:34:34,116.328899,39.984665
Car-1,2009-12-24 11:34:36,116.329106,39.984669
Car-1,2009-12-24 11:34:38,116.329311,39.984684
Car-1,2009-12-24 11:34:40,116.329506,39.984697
Car-1,2009-12-24 11:34:42,116.3297,39.984704
Car-1,2009-12-24 11:34:44,116.329907,39.984711
Car-1,2009-12-24 11:34:46,116.330128,39.984721
Car-1,2009-12-24 11:34:47,116.330249,39.98472
Car-1,2009-12-24 11:34:48,116.330367,39.984727
Car-1,2009-12-24 11:34:49,116.330489,39.984727
Car-1,2009-12-24 11:34:50,116.330623,39.984731
Car-1,2009-12-24 11:34:51,116.330743,39.984732
Car-1,2009-12-24 11:34:52,116.330876,39.984736
Car-1,2009-12-24 11:34:53,116.331014,39.984742
Car-1,2009-12-24 11:34:54,116.331149,39.984749
Car-1,2009-12-24 11:34:55,116.331289,39.984759
Car-1,2009-12-24 11:34:56,116.331424,39.984769
Car-1,2009-12-24 11:34:57,116.33156,39.984775
Car-1,2009-12-24 11:34:58,116.331698,39.984782
Car-1,2009-12-24 11:34:59,116.331838,39.984791
Car-1,2009-12-24 11:35:00,116.33198,39.984801
Car-1,2009-12-24 11:35:01,116.332122,39.984809
Car-1,2009-12-24 11:35:02,116.332263,39.984815
Car-1,2009-12-24 11:35:03,116.332408,39.984825
Car-1,2009-12-24 11:35:04,116.332548,39.984827
Car-1,2009-12-24 11:35:05,116.332686,39.984831
Car-1,2009-12-24 11:35:06,116.33282,39.984833
Car-1,2009-12-24 11:35:07,116.332957,39.984844
Car-1,2009-12-24 11:35:08,116.333085,39.984849
Car-1,2009-12-24 11:35:09,116.333216,39.984844
Car-1,2009-12-24 11:35:10,116.333355,39.98485
Car-1,2009-12-24 11:35:11,116.333498,39.98485
Car-1,2009-12-24 11:35:12,116.333637,39.984854
Car-1,2009-12-24 11:35:13,116.33378,39.98486
Car-1,2009-12-24 11:35:14,116.333924,39.984862
Car-1,2009-12-24 11:35:15,116.334071,39.984862
Car-1,2009-12-24 11:35:16,116.334213,39.984856
Car-1,2009-12-24 11:35:17,116.334362,39.984856
Car-1,2009-12-24 11:35:18,116.33451,39.984858
Car-1,2009-12-24 11:35:19,116.334656,39.984859
Car-1,2009-12-24 11:35:20,116.334801,39.984858
Car-1,2009-12-24 11:35:21,116.33496,39.984869
Car-1,2009-12-24 11:35:22,116.33511,39.984871
Car-1,2009-12-24 11:35:23,116.335267,39.984879
Car-1,2009-12-24 11:35:24,116.335424,39.984898
Car-1,2009-12-24 11:35:25,116.335575,39.984908
Car-1,2009-12-24 11:35:26,116.335735,39.984913
Car-1,2009-12-24 11:35:27,116.335891,39.984937
Car-1,2009-12-24 11:35:28,116.33604,39.984937
Car-1,2009-12-24 11:35:29,116.336195,39.984938
Car-1,2009-12-24 11:35:30,116.336373,39.984954
Car-1,2009-12-24 11:35:31,116.336555,39.984962
Car-1,2009-12-24 11:35:32,116.336739,39.984978
Car-1,2009-12-24 11:35:33,116.336913,39.984984
Car-1,2009-12-24 11:35:34,116.337082,39.984991
Car-1,2009-12-24 11:35:35,116.337247,39.985
Car-1,2009-12-24 11:35:36,116.3374,39.985008
Car-1,2009-12-24 11:35:37,116.337554,39.985028
Car-1,2009-12-24 11:35:38,116.337695,39.985053
Car-1,2009-12-24 11:35:39,116.337828,39.985084
Car-1,2009-12-24 11:35:40,116.337957,39.985112
Car-1,2009-12-24 11:35:41,116.338075,39.985127
Car-1,2009-12-24 11:35:43,116.338291,39.98514
Car-1,2009-12-24 11:35:45,116.338507,39.985163
Car-1,2009-12-24 11:35:47,116.338734,39.985187
Car-1,2009-12-24 11:35:48,116.338859,39.985195
Car-1,2009-12-24 11:35:49,116.338992,39.985205
Car-1,2009-12-24 11:35:50,116.339132,39.985217
Car-1,2009-12-24 11:35:51,116.339285,39.985238
Car-1,2009-12-24 11:35:52,116.339442,39.985259
Car-1,2009-12-24 11:35:53,116.339603,39.98527
Car-1,2009-12-24 11:35:54,116.339768,39.985277
Car-1,2009-12-24 11:35:55,116.339939,39.985284
Car-1,2009-12-24 11:35:56,116.340116,39.985286
Car-1,2009-12-24 11:35:57,116.340299,39.985294
Car-1,2009-12-24 11:35:58,116.340486,39.985296
Car-1,2009-12-24 11:35:59,116.340671,39.985296
Car-1,2009-12-24 11:36:00,116.340864,39.9853
Car-1,2009-12-24 11:36:01,116.341066,39.985302
Car-1,2009-12-24 11:36:02,116.341259,39.985297
Car-1,2009-12-24 11:36:03,116.34146,39.985304
Car-1,2009-12-24 11:36:04,116.341661,39.985303
Car-1,2009-12-24 11:36:05,116.341852,39.985309
Car-1,2009-12-24 11:36:06,116.342041,39.985317
Car-1,2009-12-24 11:36:07,116.342232,39.985322
Car-1,2009-12-24 11:36:08,116.342414,39.985324
Car-1,2009-12-24 11:36:09,116.342598,39.985327
Car-1,2009-12-24 11:36:10,116.342775,39.98533
Car-1,2009-12-24 11:36:11,116.342958,39.985322
Car-1,2009-12-24 11:36:12,116.343143,39.985323
Car-1,2009-12-24 11:36:13,116.343323,39.985328
Car-1,2009-12-24 11:36:14,116.343505,39.985323
Car-1,2009-12-24 11:36:15,116.343683,39.985332
Car-1,2009-12-24 11:36:16,116.343868,39.985345
Car-1,2009-12-24 11:36:17,116.34405,39.985353
Car-1,2009-12-24 11:36:18,116.344233,39.985357
Car-1,2009-12-24 11:36:19,116.344415,39.985362
Car-1,2009-12-24 11:36:20,116.344599,39.985372
Car-1,2009-12-24 11:36:21,116.344781,39.985375
Car-1,2009-12-24 11:36:22,116.344966,39.985383
Car-1,2009-12-24 11:36:23,116.345151,39.98539
Car-1,2009-12-24 11:36:24,116.345335,39.985399
Car-1,2009-12-24 11:36:25,116.345522,39.985403
Car-1,2009-12-24 11:36:26,116.345708,39.985406
Car-1,2009-12-24 11:36:27,116.345891,39.985415
Car-1,2009-12-24 11:36:28,116.346067,39.985413
Car-1,2009-12-24 11:36:29,116.346242,39.985417
Car-1,2009-12-24 11:36:30,116.346414,39.985421
Car-1,2009-12-24 11:36:31,116.346593,39.985436
Car-1,2009-12-24 11:36:32,116.346769,39.985449
Car-1,2009-12-24 11:36:33,116.346946,39.985469
Car-1,2009-12-24 11:36:34,116.347115,39.985477
Car-1,2009-12-24 11:36:35,116.347292,39.985483
Car-1,2009-12-24 11:36:36,116.347469,39.985485
Car-1,2009-12-24 11:36:37,116.347646,39.985484
Car-1,2009-12-24 11:36:38,116.347835,39.985485
Car-1,2009-12-24 11:36:39,116.348025,39.985495
Car-1,2009-12-24 11:36:40,116.34822,39.985511
Car-1,2009-12-24 11:36:41,116.34841,39.985519
Car-1,2009-12-24 11:36:42,116.34859,39.985523
Car-1,2009-12-24 11:36:43,116.348756,39.985526
Car-1,2009-12-24 11:36:44,116.348905,39.985523
Car-1,2009-12-24 11:36:45,116.349035,39.985527
Car-1,2009-12-24 11:36:46,116.349164,39.985536
Car-1,2009-12-24 11:36:48,116.349379,39.985542
Car-1,2009-12-24 11:36:50,116.349529,39.985548
Car-1,2009-12-24 11:36:52,116.349636,39.985556
Car-1,2009-12-24 11:36:55,116.349784,39.985553
Car-1,2009-12-24 11:37:00,116.349901,39.985566
Car-1,2009-12-24 11:37:05,116.350044,39.985568
Car-1,2009-12-24 11:37:08,116.350191,39.985575
Car-1,2009-12-24 11:37:10,116.350336,39.985579
Car-1,2009-12-24 11:37:12,116.350497,39.985585
Car-1,2009-12-24 11:37:14,116.350668,39.985587
Car-1,2009-12-24 11:37:16,116.350829,39.985594
Car-1,2009-12-24 11:37:18,116.350987,39.98561
Car-1,2009-12-24 11:37:20,116.351136,39.985617
Car-1,2009-12-24 11:37:22,116.351266,39.985616
Car-1,2009-12-24 11:37:24,116.351397,39.985609
Car-1,2009-12-24 11:37:27,116.351556,39.985609
Car-1,2009-12-24 11:37:30,116.351678,39.985602
Car-1,2009-12-24 11:37:33,116.351797,39.985609
Car-1,2009-12-24 11:37:37,116.351934,39.98561
Car-1,2009-12-24 11:37:42,116.351983,39.985612
Car-1,2009-12-24 11:37:47,116.351995,39.985613
Car-1,2009-12-24 11:37:50,116.351995,39.985613
Car-1,2009-12-24 11:37:52,116.352002,39.985614
Car-1,2009-12-24 11:37:56,116.352119,39.98562
Car-1,2009-12-24 11:37:59,116.352274,39.985615
Car-1,2009-12-24 11:38:01,116.352395,39.985616
Car-1,2009-12-24 11:38:03,116.352514,39.985618
Car-1,2009-12-24 11:38:06,116.352685,39.98563
Car-1,2009-12-24 11:38:09,116.35283,39.985635
Car-1,2009-12-24 11:38:13,116.352976,39.985641
Car-1,2009-12-24 11:38:16,116.353111,39.985654
Car-1,2009-12-24 11:38:19,116.353269,39.985656
Car-1,2009-12-24 11:38:22,116.353423,39.985655
Car-1,2009-12-24 11:38:25,116.353584,39.98566
Car-1,2009-12-24 11:38:28,116.35372,39.985657
Car-1,2009-12-24 11:38:32,116.353865,39.985657
Car-1,2009-12-24 11:38:36,116.354003,39.985661
Car-1,2009-12-24 11:38:40,116.354151,39.985677
Car-1,2009-12-24 11:38:43,116.354318,39.985676
Car-1,2009-12-24 11:38:46,116.354462,39.985677
Car-1,2009-12-24 11:38:49,116.354622,39.985681
Car-1,2009-12-24 11:38:52,116.354774,39.985683
Car-1,2009-12-24 11:38:55,116.354914,39.985697
Car-1,2009-12-24 11:38:59,116.355039,39.985697
Car-1,2009-12-24 11:39:03,116.355161,39.985697
Car-1,2009-12-24 11:39:06,116.355291,39.985704
Car-1,2009-12-24 11:39:09,116.355416,39.985711
Car-1,2009-12-24 11:39:12,116.355536,39.985722
Car-1,2009-12-24 11:39:16,116.355686,39.985723
Car-1,2009-12-24 11:39:19,116.355843,39.985724
Car-1,2009-12-24 11:39:22,116.355984,39.985729
Car-1,2009-12-24 11:39:27,116.356115,39.985734
Car-1,2009-12-24 11:39:31,116.356257,39.985749
Car-1,2009-12-24 11:39:36,116.356393,39.98575
Car-1,2009-12-24 11:39:41,116.356516,39.985759
Car-1,2009-12-24 11:39:44,116.356648,39.985763
Car-1,2009-12-24 11:39:47,116.356819,39.985758
Car-1,2009-12-24 11:39:50,116.356963,39.985753
Car-1,2009-12-24 11:39:54,116.357106,39.985761
Car-1,2009-12-24 11:39:58,116.357232,39.985757
Car-1,2009-12-24 11:40:02,116.357386,39.985767
Car-1,2009-12-24 11:40:04,116.357522,39.985771
Car-1,2009-12-24 11:40:06,116.357701,39.98579
Car-1,2009-12-24 11:40:08,116.357894,39.985789
Car-1,2009-12-24 11:40:10,116.358115,39.985802
Car-1,2009-12-24 11:40:11,116.358237,39.985808
Car-1,2009-12-24 11:40:12,116.358361,39.985812
Car-1,2009-12-24 11:40:13,116.358494,39.985825
Car-1,2009-12-24 11:40:14,116.358633,39.985833
Car-1,2009-12-24 11:40:15,116.358768,39.985839
Car-1,2009-12-24 11:40:16,116.358909,39.985845
Car-1,2009-12-24 11:40:17,116.359053,39.985851
Car-1,2009-12-24 11:40:18,116.3592,39.985861
Car-1,2009-12-24 11:40:19,116.359354,39.985872
Car-1,2009-12-24 11:40:20,116.359505,39.985874
Car-1,2009-12-24 11:40:21,116.359641,39.985867
Car-1,2009-12-24 11:40:22,116.359797,39.98587
Car-1,2009-12-24 11:40:23,116.359951,39.985877
Car-1,2009-12-24 11:40:24,116.360101,39.985884
Car-1,2009-12-24 11:40:25,116.360252,39.985886
Car-1,2009-12-24 11:40:26,116.360406,39.985889
Car-1,2009-12-24 11:40:27,116.360556,39.985896
Car-1,2009-12-24 11:40:28,116.360704,39.985901
Car-1,2009-12-24 11:40:29,116.360851,39.985903
Car-1,2009-12-24 11:40:30,116.361004,39.98591
Car-1,2009-12-24 11:40:31,116.361158,39.985918
Car-1,2009-12-24 11:40:32,116.361311,39.985922
Car-1,2009-12-24 11:40:33,116.361463,39.985928
Car-1,2009-12-24 11:40:34,116.361611,39.985932
Car-1,2009-12-24 11:40:35,116.361752,39.985937
Car-1,2009-12-24 11:40:36,116.361902,39.98594
Car-1,2009-12-24 11:40:37,116.362058,39.98595
Car-1,2009-12-24 11:40:38,116.362211,39.98595
Car-1,2009-12-24 11:40:39,116.362361,39.985955
Car-1,2009-12-24 11:40:40,116.362515,39.985959
Car-1,2009-12-24 11:40:41,116.362669,39.985963
Car-1,2009-12-24 11:40:42,116.362829,39.985966
Car-1,2009-12-24 11:40:43,116.36299,39.985973
Car-1,2009-12-24 11:40:44,116.363154,39.98598
Car-1,2009-12-24 11:40:45,116.363318,39.98599
Car-1,2009-12-24 11:40:46,116.36348,39.985996
Car-1,2009-12-24 11:40:47,116.363639,39.985996
Car-1,2009-12-24 11:40:48,116.363811,39.985996
Car-1,2009-12-24 11:40:49,116.363978,39.985995
Car-1,2009-12-24 11:40:50,116.364144,39.986003
Car-1,2009-12-24 11:40:51,116.364308,39.986002
Car-1,2009-12-24 11:40:52,116.364465,39.98601
Car-1,2009-12-24 11:40:53,116.364625,39.986017
Car-1,2009-12-24 11:40:54,116.364781,39.986024
Car-1,2009-12-24 11:40:55,116.364934,39.986025
Car-1,2009-12-24 11:40:56,116.365088,39.986025
Car-1,2009-12-24 11:40:57,116.365243,39.986038
Car-1,2009-12-24 11:40:58,116.365401,39.986042
Car-1,2009-12-24 11:40:59,116.36557,39.986043
Car-1,2009-12-24 11:41:00,116.365737,39.986047
Car-1,2009-12-24 11:41:01,116.365911,39.986052
Car-1,2009-12-24 11:41:02,116.366086,39.986058
Car-1,2009-12-24 11:41:03,116.366265,39.98606
Car-1,2009-12-24 11:41:04,116.366441,39.986066
Car-1,2009-12-24 11:41:05,116.366618,39.986072
Car-1,2009-12-24 11:41:06,116.366789,39.986071
Car-1,2009-12-24 11:41:07,116.366963,39.98608
Car-1,2009-12-24 11:41:08,116.367138,39.98609
Car-1,2009-12-24 11:41:09,116.367313,39.986092
Car-1,2009-12-24 11:41:10,116.367486,39.986097
Car-1,2009-12-24 11:41:11,116.367655,39.986099
Car-1,2009-12-24 11:41:12,116.367829,39.986105
Car-1,2009-12-24 11:41:13,116.368003,39.986114
Car-1,2009-12-24 11:41:14,116.368176,39.986118
Car-1,2009-12-24 11:41:15,116.368344,39.986124
Car-1,2009-12-24 11:41:16,116.368517,39.986128
Car-1,2009-12-24 11:41:17,116.368687,39.986133
Car-1,2009-12-24 11:41:18,116.368851,39.986138
Car-1,2009-12-24 11:41:19,116.36902,39.986145
Car-1,2009-12-24 11:41:20,116.369184,39.986156
Car-1,2009-12-24 11:41:21,116.36935,39.986151
Car-1,2009-12-24 11:41:22,116.369517,39.986151
Car-1,2009-12-24 11:41:23,116.369683,39.986151
Car-1,2009-12-24 11:41:24,116.369844,39.986155
Car-1,2009-12-24 11:41:25,116.370009,39.986157
Car-1,2009-12-24 11:41:26,116.370171,39.986161
Car-1,2009-12-24 11:41:27,116.370337,39.986167
Car-1,2009-12-24 11:41:28,116.370501,39.98617
Car-1,2009-12-24 11:41:29,116.37066,39.986168
Car-1,2009-12-24 11:41:30,116.370816,39.986174
Car-1,2009-12-24 11:41:31,116.370965,39.986183
Car-1,2009-12-24 11:41:32,116.371111,39.986186
Car-1,2009-12-24 11:41:33,116.371261,39.986192
Car-1,2009-12-24 11:41:34,116.371404,39.9862
Car-1,2009-12-24 11:41:35,116.37155,39.986207
Car-1,2009-12-24 11:41:36,116.371699,39.986214
Car-1,2009-12-24 11:41:37,116.371852,39.986219
Car-1,2009-12-24 11:41:38,116.372005,39.98622
Car-1,2009-12-24 11:41:39,116.372159,39.986222
Car-1,2009-12-24 11:41:40,116.372313,39.986224
Car-1,2009-12-24 11:41:41,116.372478,39.986229
Car-1,2009-12-24 11:41:42,116.372651,39.986233
Car-1,2009-12-24 11:41:43,116.372836,39.986232
Car-1,2009-12-24 11:41:44,116.373015,39.986239
Car-1,2009-12-24 11:41:45,116.373209,39.98624
Car-1,2009-12-24 11:41:46,116.3734,39.98624
Car-1,2009-12-24 11:41:47,116.373595,39.986243
Car-1,2009-12-24 11:41:48,116.37379,39.986248
Car-1,2009-12-24 11:41:49,116.373988,39.986255
Car-1,2009-12-24 11:41:50,116.374181,39.986264
Car-1,2009-12-24 11:41:51,116.374374,39.986267
Car-1,2009-12-24 11:41:52,116.374564,39.98627
Car-1,2009-12-24 11:41:53,116.374751,39.986278
Car-1,2009-12-24 11:41:54,116.374936,39.986286
Car-1,2009-12-24 11:41:55,116.37512,39.986297
Car-1,2009-12-24 11:41:56,116.375303,39.986296
Car-1,2009-12-24 11:41:57,116.375481,39.986304
Car-1,2009-12-24 11:41:58,116.375661,39.986311
Car-1,2009-12-24 11:41:59,116.375836,39.986317
Car-1,2009-12-24 11:42:00,116.376006,39.986325
Car-1,2009-12-24 11:42:01,116.376182,39.986332
Car-1,2009-12-24 11:42:02,116.376352,39.986334
Car-1,2009-12-24 11:42:03,116.37652,39.986345
Car-1,2009-12-24 11:42:04,116.37669,39.98635
Car-1,2009-12-24 11:42:05,116.376861,39.986359
Car-1,2009-12-24 11:42:06,116.377024,39.986365
Car-1,2009-12-24 11:42:07,116.377189,39.98637
Car-1,2009-12-24 11:42:08,116.377359,39.986375
Car-1,2009-12-24 11:42:09,116.377528,39.98638
Car-1,2009-12-24 11:42:10,116.377696,39.986374
Car-1,2009-12-24 11:42:11,116.377862,39.986378
Car-1,2009-12-24 11:42:12,116.378035,39.986381
Car-1,2009-12-24 11:42:13,116.378198,39.986386
Car-1,2009-12-24 11:42:14,116.378369,39.986396
Car-1,2009-12-24 11:42:15,116.378543,39.9864
Car-1,2009-12-24 11:42:16,116.378707,39.986396
Car-1,2009-12-24 11:42:17,116.378884,39.986401
Car-1,2009-12-24 11:42:18,116.379068,39.986407
Car-1,2009-12-24 11:42:19,116.379243,39.986412
Car-1,2009-12-24 11:42:20,116.379425,39.986421
Car-1,2009-12-24 11:42:21,116.37961,39.986425
Car-1,2009-12-24 11:42:22,116.379793,39.986438
Car-1,2009-12-24 11:42:23,116.379973,39.986447
Car-1,2009-12-24 11:42:24,116.380145,39.986447
Car-1,2009-12-24 11:42:25,116.380325,39.986455
Car-1,2009-12-24 11:42:26,116.380503,39.986462
Car-1,2009-12-24 11:42:27,116.380685,39.986463
Car-1,2009-12-24 11:42:28,116.380863,39.986463
Car-1,2009-12-24 11:42:29,116.381035,39.986469
Car-1,2009-12-24 11:42:30,116.381216,39.98647
Car-1,2009-12-24 11:42:31,116.38139,39.986475
Car-1,2009-12-24 11:42:32,116.381575,39.986481
Car-1,2009-12-24 11:42:33,116.381766,39.986496
Car-1,2009-12-24 11:42:34,116.381951,39.9865
Car-1,2009-12-24 11:42:35,116.382131,39.986503
Car-1,2009-12-24 11:42:36,116.382312,39.986507
Car-1,2009-12-24 11:42:37,116.382501,39.986511
Car-1,2009-12-24 11:42:38,116.382688,39.986519
Car-1,2009-12-24 11:42:39,116.382873,39.986525
Car-1,2009-12-24 11:42:40,116.38305,39.986528
Car-1,2009-12-24 11:42:41,116.38323,39.986535
Car-1,2009-12-24 11:42:42,116.383407,39.986534
Car-1,2009-12-24 11:42:43,116.383592,39.986545
Car-1,2009-12-24 11:42:44,116.383778,39.986554
Car-1,2009-12-24 11:42:45,116.383961,39.986555
Car-1,2009-12-24 11:42:46,116.38415,39.986564
Car-1,2009-12-24 11:42:47,116.384338,39.986572
Car-1,2009-12-24 11:42:48,116.38452,39.986572
Car-1,2009-12-24 11:42:49,116.384705,39.986577
Car-1,2009-12-24 11:42:50,116.384899,39.986584
Car-1,2009-12-24 11:42:51,116.385083,39.986583
Car-1,2009-12-24 11:42:52,116.385268,39.986591
Car-1,2009-12-24 11:42:53,116.385449,39.986597
Car-1,2009-12-24 11:42:54,116.385635,39.986602
Car-1,2009-12-24 11:42:55,116.385825,39.986599
Car-1,2009-12-24 11:42:56,116.386021,39.986604
Car-1,2009-12-24 11:42:57,116.386217,39.986609
Car-1,2009-12-24 11:42:58,116.38642,39.986618
Car-1,2009-12-24 11:42:59,116.386626,39.986624
Car-1,2009-12-24 11:43:00,116.386827,39.986631
Car-1,2009-12-24 11:43:01,116.387027,39.986639
Car-1,2009-12-24 11:43:02,116.387228,39.986646
Car-1,2009-12-24 11:43:03,116.387429,39.986649
Car-1,2009-12-24 11:43:04,116.387629,39.986653
Car-1,2009-12-24 11:43:05,116.387822,39.986665
Car-1,2009-12-24 11:43:06,116.388018,39.986668
Car-1,2009-12-24 11:43:07,116.388218,39.986655
Car-1,2009-12-24 11:43:08,116.388412,39.98665
Car-1,2009-12-24 11:43:09,116.3886,39.986655
Car-1,2009-12-24 11:43:10,116.38878,39.986665
Car-1,2009-12-24 11:43:11,116.388954,39.98667
Car-1,2009-12-24 11:43:12,116.38912,39.986662
Car-1,2009-12-24 11:43:13,116.389299,39.986669
Car-1,2009-12-24 11:43:14,116.389467,39.986673
Car-1,2009-12-24 11:43:15,116.389637,39.986691
Car-1,2009-12-24 11:43:16,116.389816,39.986709
Car-1,2009-12-24 11:43:17,116.389992,39.986712
Car-1,2009-12-24 11:43:18,116.390162,39.986724
Car-1,2009-12-24 11:43:19,116.390341,39.986724
Car-1,2009-12-24 11:43:20,116.390516,39.986733
Car-1,2009-12-24 11:43:21,116.390687,39.986737
Car-1,2009-12-24 11:43:22,116.390861,39.986734
Car-1,2009-12-24 11:43:23,116.391036,39.986733
Car-1,2009-12-24 11:43:24,116.391204,39.986729
Car-1,2009-12-24 11:43:25,116.391381,39.986728
Car-1,2009-12-24 11:43:26,116.391567,39.986722
Car-1,2009-12-24 11:43:27,116.391757,39.98672
Car-1,2009-12-24 11:43:28,116.391948,39.986721
Car-1,2009-12-24 11:43:29,116.392137,39.986729
Car-1,2009-12-24 11:43:30,116.392333,39.986743
Car-1,2009-12-24 11:43:31,116.392529,39.986753
Car-1,2009-12-24 11:43:32,116.392726,39.986755
Car-1,2009-12-24 11:43:33,116.392932,39.986766
Car-1,2009-12-24 11:43:34,116.393137,39.986776
Car-1,2009-12-24 11:43:35,116.393341,39.986779
Car-1,2009-12-24 11:43:36,116.393541,39.986785
Car-1,2009-12-24 11:43:37,116.393744,39.98679
Car-1,2009-12-24 11:43:38,116.393947,39.986794
Car-1,2009-12-24 11:43:39,116.394153,39.986805
Car-1,2009-12-24 11:43:40,116.394359,39.986815
Car-1,2009-12-24 11:43:41,116.394572,39.98682
Car-1,2009-12-24 11:43:42,116.394783,39.986824
Car-1,2009-12-24 11:43:43,116.394992,39.986834
Car-1,2009-12-24 11:43:44,116.395204,39.986844
Car-1,2009-12-24 11:43:45,116.395415,39.986845
Car-1,2009-12-24 11:43:46,116.39563,39.986851
Car-1,2009-12-24 11:43:47,116.395841,39.986859
Car-1,2009-12-24 11:43:48,116.396052,39.986866
Car-1,2009-12-24 11:43:49,116.396261,39.986875
Car-1,2009-12-24 11:43:50,116.396475,39.986882
Car-1,2009-12-24 11:43:51,116.396691,39.986891
Car-1,2009-12-24 11:43:52,116.396905,39.986896
Car-1,2009-12-24 11:43:53,116.397117,39.9869
Car-1,2009-12-24 11:43:54,116.397333,39.986906
Car-1,2009-12-24 11:43:55,116.397545,39.98691
Car-1,2009-12-24 11:43:56,116.39776,39.986914
Car-1,2009-12-24 11:43:57,116.397972,39.986921
Car-1,2009-12-24 11:43:58,116.398185,39.986925
Car-1,2009-12-24 11:43:59,116.398398,39.986928
Car-1,2009-12-24 11:44:00,116.398612,39.986933
Car-1,2009-12-24 11:44:01,116.398825,39.98694
Car-1,2009-12-24 11:44:02,116.399037,39.98695
Car-1,2009-12-24 11:44:03,116.399251,39.986958
Car-1,2009-12-24 11:44:04,116.399462,39.986966
Car-1,2009-12-24 11:44:05,116.399677,39.986976
Car-1,2009-12-24 11:44:06,116.399887,39.98698
Car-1,2009-12-24 11:44:07,116.400096,39.986986
Car-1,2009-12-24 11:44:08,116.400296,39.986989
Car-1,2009-12-24 11:44:09,116.400499,39.986994
Car-1,2009-12-24 11:44:10,116.400693,39.987002
Car-1,2009-12-24 11:44:11,116.400894,39.987008
Car-1,2009-12-24 11:44:12,116.401093,39.987016
Car-1,2009-12-24 11:44:13,116.401294,39.987024
Car-1,2009-12-24 11:44:14,116.401496,39.987035
Car-1,2009-12-24 11:44:15,116.401695,39.98704
Car-1,2009-12-24 11:44:16,116.401883,39.987048
Car-1,2009-12-24 11:44:17,116.402076,39.987057
Car-1,2009-12-24 11:44:18,116.402261,39.987057
Car-1,2009-12-24 11:44:19,116.402442,39.987054
Car-1,2009-12-24 11:44:20,116.40262,39.987058
Car-1,2009-12-24 11:44:21,116.402793,39.987061
Car-1,2009-12-24 11:44:22,116.40297,39.987068
Car-1,2009-12-24 11:44:23,116.403146,39.987066
Car-1,2009-12-24 11:44:24,116.403327,39.987072
Car-1,2009-12-24 11:44:25,116.403515,39.987086
Car-1,2009-12-24 11:44:26,116.403697,39.987098
Car-1,2009-12-24 11:44:27,116.40388,39.987107
Car-1,2009-12-24 11:44:28,116.404066,39.987114
Car-1,2009-12-24 11:44:29,116.404253,39.987128
Car-1,2009-12-24 11:44:30,116.40444,39.987135
Car-1,2009-12-24 11:44:31,116.404617,39.987143
Car-1,2009-12-24 11:44:32,116.404807,39.98715
Car-1,2009-12-24 11:44:33,116.404999,39.987155
Car-1,2009-12-24 11:44:34,116.405181,39.987156
Car-1,2009-12-24 11:44:35,116.405366,39.987161
Car-1,2009-12-24 11:44:36,116.405551,39.987164
Car-1,2009-12-24 11:44:37,116.405737,39.987168
Car-1,2009-12-24 11:44:38,116.405922,39.987176
Car-1,2009-12-24 11:44:39,116.406111,39.98718
Car-1,2009-12-24 11:44:40,116.406302,39.987188
Car-1,2009-12-24 11:44:41,116.406494,39.987195
Car-1,2009-12-24 11:44:42,116.406686,39.987202
Car-1,2009-12-24 11:44:43,116.406881,39.987211
Car-1,2009-12-24 11:44:44,116.407076,39.987219
Car-1,2009-12-24 11:44:45,116.407266,39.987226
Car-1,2009-12-24 11:44:46,116.407455,39.987227
Car-1,2009-12-24 11:44:47,116.407662,39.987237
Car-1,2009-12-24 11:44:48,116.407856,39.98724
Car-1,2009-12-24 11:44:49,116.408054,39.987241
Car-1,2009-12-24 11:44:50,116.408254,39.987249
Car-1,2009-12-24 11:44:51,116.40846,39.987255
Car-1,2009-12-24 11:44:52,116.408669,39.987264
Car-1,2009-12-24 11:44:53,116.408874,39.987272
Car-1,2009-12-24 11:44:54,116.40908,39.987279
Car-1,2009-12-24 11:44:55,116.409288,39.987286
Car-1,2009-12-24 11:44:56,116.409485,39.987296
Car-1,2009-12-24 11:44:57,116.409683,39.987303
Car-1,2009-12-24 11:44:58,116.409874,39.987307
Car-1,2009-12-24 11:44:59,116.410069,39.987314
Car-1,2009-12-24 11:45:00,116.410257,39.98732
Car-1,2009-12-24 11:45:01,116.410446,39.987323
Car-1,2009-12-24 11:45:02,116.410628,39.987325
Car-1,2009-12-24 11:45:03,116.410814,39.987329
Car-1,2009-12-24 11:45:04,116.411002,39.98733
Car-1,2009-12-24 11:45:05,116.411183,39.987329
Car-1,2009-12-24 11:45:06,116.411365,39.987325
Car-1,2009-12-24 11:45:07,116.411553,39.98733
Car-1,2009-12-24 11:45:08,116.411748,39.98734
Car-1,2009-12-24 11:45:09,116.411937,39.987344
Car-1,2009-12-24 11:45:10,116.412125,39.987345
Car-1,2009-12-24 11:45:11,116.412316,39.987354
Car-1,2009-12-24 11:45:12,116.412506,39.987359
Car-1,2009-12-24 11:45:13,116.412703,39.987375
Car-1,2009-12-24 11:45:14,116.412891,39.987377
Car-1,2009-12-24 11:45:15,116.413081,39.987388
Car-1,2009-12-24 11:45:16,116.413267,39.987395
Car-1,2009-12-24 11:45:17,116.413456,39.987398
Car-1,2009-12-24 11:45:18,116.413649,39.987396
Car-1,2009-12-24 11:45:19,116.413836,39.987401
Car-1,2009-12-24 11:45:20,116.414023,39.987407
Car-1,2009-12-24 11:45:21,116.414213,39.987417
Car-1,2009-12-24 11:45:22,116.414398,39.987423
Car-1,2009-12-24 11:45:23,116.414592,39.987427
Car-1,2009-12-24 11:45:24,116.414779,39.987428
Car-1,2009-12-24 11:45:25,116.414963,39.987436
Car-1,2009-12-24 11:45:26,116.41515,39.987443
Car-1,2009-12-24 11:45:27,116.415344,39.987451
Car-1,2009-12-24 11:45:28,116.415533,39.987455
Car-1,2009-12-24 11:45:29,116.41572,39.987463
Car-1,2009-12-24 11:45:30,116.415914,39.987469
Car-1,2009-12-24 11:45:31,116.416106,39.987472
Car-1,2009-12-24 11:45:32,116.416294,39.987471
Car-1,2009-12-24 11:45:33,116.416488,39.987476
Car-1,2009-12-24 11:45:34,116.41669,39.987484
Car-1,2009-12-24 11:45:35,116.416883,39.987491
Car-1,2009-12-24 11:45:36,116.41707,39.987492
Car-1,2009-12-24 11:45:37,116.417246,39.98749
Car-1,2009-12-24 11:45:38,116.417444,39.987491
Car-1,2009-12-24 11:45:39,116.417643,39.987493
Car-1,2009-12-24 11:45:40,116.417839,39.987497
Car-1,2009-12-24 11:45:41,116.418041,39.987503
Car-1,2009-12-24 11:45:42,116.418249,39.987508
Car-1,2009-12-24 11:45:43,116.418465,39.987517
Car-1,2009-12-24 11:45:44,116.418678,39.987526
Car-1,2009-12-24 11:45:45,116.418896,39.987532
Car-1,2009-12-24 11:45:46,116.419109,39.987541
Car-1,2009-12-24 11:45:47,116.419326,39.987549
Car-1,2009-12-24 11:45:48,116.419547,39.987559
Car-1,2009-12-24 11:45:49,116.419766,39.98757
Car-1,2009-12-24 11:45:50,116.41998,39.987579
Car-1,2009-12-24 11:45:51,116.420193,39.987585
Car-1,2009-12-24 11:45:52,116.420403,39.987594
Car-1,2009-12-24 11:45:53,116.420614,39.987603
Car-1,2009-12-24 11:45:54,116.420818,39.98761
Car-1,2009-12-24 11:45:55,116.421022,39.987615
Car-1,2009-12-24 11:45:56,116.421223,39.987618
Car-1,2009-12-24 11:45:57,116.42142,39.987622
Car-1,2009-12-24 11:45:58,116.421619,39.987628
Car-1,2009-12-24 11:45:59,116.421814,39.987636
Car-1,2009-12-24 11:46:00,116.422004,39.987644
Car-1,2009-12-24 11:46:01,116.422192,39.987648
Car-1,2009-12-24 11:46:02,116.422375,39.987653
Car-1,2009-12-24 11:46:03,116.422559,39.98766
Car-1,2009-12-24 11:46:04,116.422742,39.987669
Car-1,2009-12-24 11:46:05,116.422915,39.987677
Car-1,2009-12-24 11:46:06,116.423089,39.987674
Car-1,2009-12-24 11:46:07,116.423264,39.987675
Car-1,2009-12-24 11:46:08,116.423436,39.98768
Car-1,2009-12-24 11:46:09,116.423609,39.987685
Car-1,2009-12-24 11:46:10,116.423781,39.987692
Car-1,2009-12-24 11:46:11,116.423953,39.987693
Car-1,2009-12-24 11:46:12,116.424127,39.987694
Car-1,2009-12-24 11:46:13,116.424298,39.987699
Car-1,2009-12-24 11:46:14,116.424467,39.987708
Car-1,2009-12-24 11:46:15,116.424637,39.987712
Car-1,2009-12-24 11:46:16,116.424809,39.987718
Car-1,2009-12-24 11:46:17,116.424982,39.987716
Car-1,2009-12-24 11:46:18,116.425154,39.987717
Car-1,2009-12-24 11:46:19,116.425331,39.987718
Car-1,2009-12-24 11:46:20,116.425503,39.987718
Car-1,2009-12-24 11:46:21,116.425673,39.987722
Car-1,2009-12-24 11:46:22,116.425848,39.987725
Car-1,2009-12-24 11:46:23,116.426023,39.98773
Car-1,2009-12-24 11:46:24,116.426198,39.987734
Car-1,2009-12-24 11:46:25,116.426372,39.987745
Car-1,2009-12-24 11:46:26,116.426549,39.987752
Car-1,2009-12-24 11:46:27,116.426728,39.987762
Car-1,2009-12-24 11:46:28,116.426906,39.987767
Car-1,2009-12-24 11:46:29,116.427086,39.987766
Car-1,2009-12-24 11:46:30,116.427267,39.987767
Car-1,2009-12-24 11:46:31,116.427448,39.98777
Car-1,2009-12-24 11:46:32,116.427625,39.987774
Car-1,2009-12-24 11:46:33,116.427812,39.987784
Car-1,2009-12-24 11:46:34,116.428001,39.987791
Car-1,2009-12-24 11:46:35,116.428182,39.987789
Car-1,2009-12-24 11:46:36,116.428369,39.987795
Car-1,2009-12-24 11:46:37,116.428551,39.987797
Car-1,2009-12-24 11:46:38,116.428738,39.987806
Car-1,2009-12-24 11:46:39,116.428931,39.987814
Car-1,2009-12-24 11:46:40,116.429109,39.987818
Car-1,2009-12-24 11:46:41,116.429299,39.987829
Car-1,2009-12-24 11:46:42,116.42949,39.987833
Car-1,2009-12-24 11:46:43,116.42968,39.987836
Car-1,2009-12-24 11:46:44,116.429872,39.98784
Car-1,2009-12-24 11:46:45,116.430065,39.98784
Car-1,2009-12-24 11:46:46,116.430252,39.987826
Car-1,2009-12-24 11:46:47,116.430439,39.987812
Car-1,2009-12-24 11:46:48,116.430633,39.987798
Car-1,2009-12-24 11:46:49,116.430813,39.987773
Car-1,2009-12-24 11:46:50,116.431,39.987752
Car-1,2009-12-24 11:46:51,116.431196,39.987741
Car-1,2009-12-24 11:46:52,116.431386,39.987717
Car-1,2009-12-24 11:46:53,116.431574,39.98769
Car-1,2009-12-24 11:46:54,116.431762,39.987661
Car-1,2009-12-24 11:46:55,116.431948,39.987627
Car-1,2009-12-24 11:46:56,116.432134,39.98759
Car-1,2009-12-24 11:46:57,116.43232,39.987557
Car-1,2009-12-24 11:46:58,116.432501,39.987517
Car-1,2009-12-24 11:46:59,116.432696,39.987478
Car-1,2009-12-24 11:47:00,116.432884,39.987431
Car-1,2009-12-24 11:47:01,116.43307,39.987385
Car-1,2009-12-24 11:47:02,116.43326,39.987331
Car-1,2009-12-24 11:47:03,116.433448,39.987278
Car-1,2009-12-24 11:47:04,116.433635,39.987219
Car-1,2009-12-24 11:47:05,116.433822,39.987161
Car-1,2009-12-24 11:47:06,116.434011,39.9871
Car-1,2009-12-24 11:47:07,116.4342,39.987038
Car-1,2009-12-24 11:47:08,116.434391,39.986973
Car-1,2009-12-24 11:47:09,116.434588,39.986904
Car-1,2009-12-24 11:47:10,116.434784,39.986835
Car-1,2009-12-24 11:47:11,116.434985,39.986762
Car-1,2009-12-24 11:47:12,116.435186,39.986687
Car-1,2009-12-24 11:47:13,116.435392,39.986612
Car-1,2009-12-24 11:47:14,116.435602,39.986533
Car-1,2009-12-24 11:47:15,116.435808,39.98645
Car-1,2009-12-24 11:47:16,116.436014,39.986366
Car-1,2009-12-24 11:47:17,116.43622,39.986287
Car-1,2009-12-24 11:47:18,116.436421,39.986203
Car-1,2009-12-24 11:47:19,116.436619,39.986127
Car-1,2009-12-24 11:47:20,116.436815,39.986051
Car-1,2009-12-24 11:47:21,116.437008,39.985972
Car-1,2009-12-24 11:47:22,116.437189,39.985888
Car-1,2009-12-24 11:47:23,116.437367,39.985805
Car-1,2009-12-24 11:47:24,116.437547,39.985731
Car-1,2009-12-24 11:47:25,116.437727,39.98566
Car-1,2009-12-24 11:47:26,116.437896,39.985596
Car-1,2009-12-24 11:47:27,116.438064,39.985523
Car-1,2009-12-24 11:47:28,116.438226,39.985455
Car-1,2009-12-24 11:47:29,116.43839,39.985388
Car-1,2009-12-24 11:47:30,116.438535,39.985318
Car-1,2009-12-24 11:47:31,116.438695,39.985252
Car-1,2009-12-24 11:47:32,116.438857,39.985195
Car-1,2009-12-24 11:47:33,116.439019,39.985129
Car-1,2009-12-24 11:47:34,116.439187,39.985071
Car-1,2009-12-24 11:47:35,116.439345,39.985004
Car-1,2009-12-24 11:47:36,116.439496,39.98494
Car-1,2009-12-24 11:47:37,116.439649,39.984873
Car-1,2009-12-24 11:47:38,116.439803,39.984807
Car-1,2009-12-24 11:47:39,116.439957,39.984742
Car-1,2009-12-24 11:48:00,116.443122,39.983017
Car-1,2009-12-24 11:48:23,116.445461,39.981441
Car-1,2009-12-24 11:49:20,116.447328,39.980219
Car-1,2009-12-24 11:49:25,116.447385,39.980185
Car-1,2009-12-24 11:49:30,116.447391,39.980158
Car-1,2009-12-24 11:49:35,116.447415,39.980153
Car-1,2009-12-24 11:49:40,116.447453,39.980134
Car-1,2009-12-24 11:49:43,116.447453,39.980134
Car-1,2009-12-24 11:49:45,116.447454,39.980133
Car-1,2009-12-24 11:49:50,116.447468,39.980139
Car-1,2009-12-24 11:49:55,116.447471,39.980137
Car-1,2009-12-24 11:49:58,116.447471,39.980137
Car-1,2009-12-24 11:50:00,116.447475,39.980135
Car-1,2009-12-24 11:50:05,116.447488,39.98012
Car-1,2009-12-24 11:50:10,116.447511,39.980024
Car-1,2009-12-24 11:50:14,116.447607,39.97993
Car-1,2009-12-24 11:50:18,116.447714,39.979871
Car-1,2009-12-24 11:50:23,116.447766,39.979841
Car-1,2009-12-24 11:50:28,116.447829,39.979801
Car-1,2009-12-24 11:50:33,116.447873,39.97975
Car-1,2009-12-24 11:50:38,116.447892,39.979726
Car-1,2009-12-24 11:50:43,116.447903,39.979719
Car-1,2009-12-24 11:50:48,116.447908,39.979718
Car-1,2009-12-24 11:50:53,116.447906,39.979721
Car-1,2009-12-24 11:50:58,116.447905,39.979715
Car-1,2009-12-24 11:51:01,116.447905,39.979715
Car-1,2009-12-24 11:51:03,116.4479,39.97972
Car-1,2009-12-24 11:51:08,116.447886,39.979731
Car-1,2009-12-24 11:51:13,116.447873,39.97974
Car-1,2009-12-24 11:51:16,116.447873,39.97974
Car-1,2009-12-24 11:51:18,116.447873,39.97974
Car-1,2009-12-24 11:51:23,116.447882,39.979735
Car-1,2009-12-24 11:51:28,116.447928,39.979696
Car-1,2009-12-24 11:51:31,116.448032,39.979646
Car-1,2009-12-24 11:51:34,116.448179,39.979633
Car-1,2009-12-24 11:51:37,116.448315,39.979629
Car-1,2009-12-24 11:51:40,116.44847,39.9796
Car-1,2009-12-24 11:51:43,116.448589,39.979554
Car-1,2009-12-24 11:51:46,116.448712,39.979509
Car-1,2009-12-24 11:51:48,116.448863,39.979569
Car-1,2009-12-24 11:51:50,116.448961,39.979686
Car-1,2009-12-24 11:51:52,116.449066,39.97979
Car-1,2009-12-24 11:51:54,116.44916,39.979924
Car-1,2009-12-24 11:51:56,116.449244,39.980075
Car-1,2009-12-24 11:51:57,116.449291,39.980162
Car-1,2009-12-24 11:51:58,116.44934,39.980254
Car-1,2009-12-24 11:51:59,116.449394,39.980351
Car-1,2009-12-24 11:52:00,116.449453,39.980456
Car-1,2009-12-24 11:52:01,116.449512,39.980563
Car-1,2009-12-24 11:52:02,116.449578,39.980674
Car-1,2009-12-24 11:52:03,116.449642,39.980783
Car-1,2009-12-24 11:52:04,116.449716,39.980888
Car-1,2009-12-24 11:52:05,116.449789,39.981006
Car-1,2009-12-24 11:52:06,116.44987,39.98112
Car-1,2009-12-24 11:52:07,116.44995,39.981238
Car-1,2009-12-24 11:52:08,116.450027,39.981357
Car-1,2009-12-24 11:52:09,116.450109,39.981477
Car-1,2009-12-24 11:52:10,116.450185,39.981597
Car-1,2009-12-24 11:52:11,116.450268,39.98171
Car-1,2009-12-24 11:52:12,116.45034,39.981819
Car-1,2009-12-24 11:52:13,116.450404,39.981915
Car-1,2009-12-24 11:52:14,116.450466,39.982009
Car-1,2009-12-24 11:52:16,116.450591,39.982143
Car-1,2009-12-24 11:52:18,116.45067,39.98221
Car-1,2009-12-24 11:52:23,116.450697,39.982264
Car-1,2009-12-24 11:52:28,116.450737,39.982353
Car-1,2009-12-24 11:52:33,116.450756,39.982443
Car-1,2009-12-24 11:52:38,116.450773,39.982467
Car-1,2009-12-24 11:52:43,116.450799,39.982492
Car-1,2009-12-24 11:52:46,116.450837,39.982615
Car-1,2009-12-24 11:52:48,116.450867,39.982752
Car-1,2009-12-24 11:52:50,116.450896,39.982923
Car-1,2009-12-24 11:52:51,116.450912,39.983022
Car-1,2009-12-24 11:52:52,116.450924,39.983126
Car-1,2009-12-24 11:52:53,116.450927,39.983231
Car-1,2009-12-24 11:52:54,116.450933,39.983336
Car-1,2009-12-24 11:52:55,116.450938,39.983444
Car-1,2009-12-24 11:52:56,116.45094,39.98355
Car-1,2009-12-24 11:52:57,116.450941,39.983651
Car-1,2009-12-24 11:52:58,116.450937,39.983748
Car-1,2009-12-24 11:52:59,116.450934,39.983843
Car-1,2009-12-24 11:53:00,116.450929,39.983934
Car-1,2009-12-24 11:53:02,116.45091,39.984102
Car-1,2009-12-24 11:53:04,116.450887,39.98426
Car-1,2009-12-24 11:53:06,116.450875,39.984426
Car-1,2009-12-24 11:53:08,116.450863,39.984587
Car-1,2009-12-24 11:53:10,116.450852,39.984746
Car-1,2009-12-24 11:53:12,116.450845,39.984887
Car-1,2009-12-24 11:53:14,116.450841,39.985017
Car-1,2009-12-24 11:53:16,116.450828,39.98511
Car-1,2009-12-24 11:53:21,116.450826,39.985196
Car-1,2009-12-24 11:53:26,116.45083,39.985253
Car-1,2009-12-24 11:53:31,116.450839,39.985267
Car-1,2009-12-24 11:53:36,116.450794,39.985265
Car-1,2009-12-24 11:53:39,116.45066,39.985334
Car-1,2009-12-24 11:53:41,116.450548,39.985383
Car-1,2009-12-24 11:53:43,116.450435,39.985459
Car-1,2009-12-24 11:53:45,116.450302,39.985542
Car-1,2009-12-24 11:53:47,116.45017,39.98563
Car-1,2009-12-24 11:53:49,116.450041,39.98572
Car-1,2009-12-24 11:53:51,116.449905,39.985811
Car-1,2009-12-24 11:53:53,116.449763,39.985903
Car-1,2009-12-24 11:53:55,116.449624,39.985989
Car-1,2009-12-24 11:53:57,116.449497,39.986076
Car-1,2009-12-24 11:53:59,116.449373,39.986145
Car-1,2009-12-24 11:54:01,116.449265,39.986211
Car-1,2009-12-24 11:54:03,116.449162,39.986285
Car-1,2009-12-24 11:54:05,116.449067,39.986344
Car-1,2009-12-24 11:54:08,116.448939,39.9864
Car-1,2009-12-24 11:54:11,116.448796,39.986434
Car-1,2009-12-24 11:54:14,116.448687,39.986511
Car-1,2009-12-24 11:54:19,116.44868,39.986617
Car-1,2009-12-24 11:54:24,116.448696,39.9867
Car-1,2009-12-24 11:54:29,116.448698,39.986718
Car-1,2009-12-24 11:54:34,116.448698,39.986719
Car-1,2009-12-24 11:54:39,116.448699,39.986719
Car-1,2009-12-24 11:54:44,116.448699,39.986718
Car-1,2009-12-24 11:54:49,116.448701,39.986716
Car-1,2009-12-24 11:54:54,116.448701,39.986717
Car-1,2009-12-24 11:54:59,116.448702,39.986717
Car-1,2009-12-24 11:55:04,116.448704,39.986717
Car-1,2009-12-24 11:55:09,116.448704,39.986718
Car-1,2009-12-24 11:55:12,116.448704,39.986718
Car-1,2009-12-24 11:55:14,116.448705,39.986718
Car-1,2009-12-24 11:55:19,116.448733,39.986745
Car-1,2009-12-24 11:55:24,116.448794,39.98682
Car-1,2009-12-24 11:55:29,116.448845,39.986907
Car-1,2009-12-24 11:55:33,116.448883,39.987001
Car-1,2009-12-24 11:55:37,116.448893,39.987098
