agent_id,time,lng,lat
Car-1,2009-09-12 02:39:03,116.417819,39.990581
Car-1,2009-09-12 02:39:05,116.417826,39.990429
Car-1,2009-09-12 02:39:07,116.417831,39.990306
Car-1,2009-09-12 02:39:09,116.417841,39.990176
Car-1,2009-09-12 02:39:11,116.417857,39.99005
Car-1,2009-09-12 02:39:13,116.417877,39.989984
Car-1,2009-09-12 02:39:15,116.417886,39.989928
Car-1,2009-09-12 02:39:17,116.417867,39.989743
Car-1,2009-09-12 02:39:19,116.417843,39.989596
Car-1,2009-09-12 02:39:21,116.417803,39.989443
Car-1,2009-09-12 02:39:23,116.417766,39.989382
Car-1,2009-09-12 02:39:25,116.417746,39.989281
Car-1,2009-09-12 02:39:27,116.41772,39.98923
Car-1,2009-09-12 02:39:29,116.41768,39.989181
Car-1,2009-09-12 02:39:31,116.41762,39.989127
Car-1,2009-09-12 02:39:33,116.417618,39.989127
Car-1,2009-09-12 02:39:35,116.417629,39.98912
Car-1,2009-09-12 02:39:37,116.417636,39.989113
Car-1,2009-09-12 02:39:39,116.417635,39.989113
Car-1,2009-09-12 02:39:41,116.417635,39.989116
Car-1,2009-09-12 02:39:43,116.417636,39.989114
Car-1,2009-09-12 02:39:45,116.417639,39.989114
Car-1,2009-09-12 02:39:47,116.417634,39.989111
Car-1,2009-09-12 02:39:49,116.417629,39.989111
Car-1,2009-09-12 02:39:51,116.417624,39.98911
Car-1,2009-09-12 02:39:53,116.417629,39.989094
Car-1,2009-09-12 02:39:55,116.417645,39.989056
Car-1,2009-09-12 02:39:57,116.417655,39.989012
Car-1,2009-09-12 02:39:59,116.417673,39.988954
Car-1,2009-09-12 02:40:01,116.417683,39.988888
Car-1,2009-09-12 02:40:03,116.417717,39.988824
Car-1,2009-09-12 02:40:05,116.417748,39.988775
Car-1,2009-09-12 02:40:07,116.417798,39.988735
Car-1,2009-09-12 02:40:09,116.41784,39.988721
Car-1,2009-09-12 02:40:11,116.41786,39.988712
Car-1,2009-09-12 02:40:13,116.417871,39.988696
Car-1,2009-09-12 02:40:15,116.417873,39.988663
Car-1,2009-09-12 02:40:17,116.417875,39.988621
Car-1,2009-09-12 02:40:19,116.417877,39.988578
Car-1,2009-09-12 02:40:21,116.417882,39.988527
Car-1,2009-09-12 02:40:23,116.417871,39.988495
Car-1,2009-09-12 02:40:25,116.417845,39.988486
Car-1,2009-09-12 02:40:27,116.417779,39.988495
Car-1,2009-09-12 02:40:29,116.417754,39.988486
Car-1,2009-09-12 02:40:31,116.417729,39.988492
Car-1,2009-09-12 02:40:33,116.417713,39.98849
Car-1,2009-09-12 02:40:35,116.417694,39.988488
Car-1,2009-09-12 02:40:37,116.417687,39.988488
Car-1,2009-09-12 02:40:39,116.417655,39.988476
Car-1,2009-09-12 02:40:41,116.417617,39.988447
Car-1,2009-09-12 02:40:43,116.417621,39.988447
Car-1,2009-09-12 02:40:45,116.417612,39.988441
Car-1,2009-09-12 02:40:47,116.41759,39.988432
Car-1,2009-09-12 02:40:49,116.417588,39.98843
Car-1,2009-09-12 02:40:51,116.417586,39.988433
Car-1,2009-09-12 02:40:53,116.417573,39.988441
Car-1,2009-09-12 02:40:55,116.417565,39.988454
Car-1,2009-09-12 02:40:57,116.417582,39.988476
Car-1,2009-09-12 02:40:59,116.417581,39.988489
Car-1,2009-09-12 02:41:01,116.417579,39.988489
Car-1,2009-09-12 02:41:03,116.417578,39.98849
Car-1,2009-09-12 02:41:05,116.417584,39.988494
Car-1,2009-09-12 02:41:07,116.417595,39.988492
Car-1,2009-09-12 02:41:09,116.417609,39.988496
Car-1,2009-09-12 02:41:11,116.417621,39.988484
Car-1,2009-09-12 02:41:13,116.417626,39.988471
Car-1,2009-09-12 02:41:15,116.417633,39.988449
Car-1,2009-09-12 02:41:17,116.417633,39.988435
Car-1,2009-09-12 02:41:19,116.417631,39.988432
Car-1,2009-09-12 02:41:21,116.417632,39.988425
Car-1,2009-09-12 02:41:23,116.41764,39.988408
Car-1,2009-09-12 02:41:25,116.417642,39.988372
Car-1,2009-09-12 02:41:27,116.417621,39.98833
Car-1,2009-09-12 02:41:29,116.417619,39.988339
Car-1,2009-09-12 02:41:31,116.417645,39.98837
Car-1,2009-09-12 02:41:33,116.417672,39.988377
Car-1,2009-09-12 02:41:35,116.417683,39.988371
Car-1,2009-09-12 02:41:37,116.41768,39.988346
Car-1,2009-09-12 02:41:39,116.417682,39.988332
Car-1,2009-09-12 02:41:41,116.417689,39.988325
Car-1,2009-09-12 02:41:43,116.417712,39.988309
Car-1,2009-09-12 02:41:45,116.41772,39.988307
Car-1,2009-09-12 02:41:47,116.417725,39.988306
Car-1,2009-09-12 02:41:49,116.417736,39.988277
Car-1,2009-09-12 02:41:51,116.417746,39.988216
Car-1,2009-09-12 02:41:53,116.417749,39.988158
Car-1,2009-09-12 02:41:55,116.417751,39.98811
Car-1,2009-09-12 02:41:57,116.417758,39.988047
Car-1,2009-09-12 02:41:59,116.417728,39.987995
Car-1,2009-09-12 02:42:01,116.417725,39.98794
Car-1,2009-09-12 02:42:03,116.41771,39.987892
Car-1,2009-09-12 02:42:05,116.417682,39.987856
Car-1,2009-09-12 02:42:07,116.41765,39.987833
Car-1,2009-09-12 02:42:09,116.417609,39.987818
Car-1,2009-09-12 02:42:11,116.417546,39.987811
Car-1,2009-09-12 02:42:13,116.417459,39.987807
Car-1,2009-09-12 02:42:15,116.41739,39.987815
Car-1,2009-09-12 02:42:17,116.417278,39.987849
Car-1,2009-09-12 02:42:19,116.417208,39.987868
Car-1,2009-09-12 02:42:21,116.417113,39.98788
Car-1,2009-09-12 02:42:23,116.417042,39.987877
Car-1,2009-09-12 02:42:25,116.416977,39.987887
Car-1,2009-09-12 02:42:27,116.416902,39.987898
Car-1,2009-09-12 02:42:29,116.416826,39.987901
Car-1,2009-09-12 02:42:31,116.416766,39.987882
Car-1,2009-09-12 02:42:33,116.416746,39.987859
Car-1,2009-09-12 02:42:35,116.416734,39.987851
Car-1,2009-09-12 02:42:37,116.416722,39.987853
Car-1,2009-09-12 02:42:39,116.416711,39.987858
Car-1,2009-09-12 02:42:41,116.416701,39.987857
Car-1,2009-09-12 02:42:43,116.416696,39.987861
Car-1,2009-09-12 02:42:45,116.416691,39.987855
Car-1,2009-09-12 02:42:47,116.416701,39.987854
Car-1,2009-09-12 02:42:49,116.416697,39.987856
Car-1,2009-09-12 02:42:51,116.416683,39.987859
Car-1,2009-09-12 02:42:53,116.416668,39.987862
Car-1,2009-09-12 02:42:55,116.416652,39.987864
Car-1,2009-09-12 02:42:57,116.416643,39.987865
Car-1,2009-09-12 02:42:59,116.416631,39.987869
Car-1,2009-09-12 02:43:01,116.416617,39.987873
Car-1,2009-09-12 02:43:03,116.416603,39.987872
Car-1,2009-09-12 02:43:05,116.416586,39.987868
Car-1,2009-09-12 02:43:07,116.41657,39.987872
Car-1,2009-09-12 02:43:09,116.416554,39.987883
Car-1,2009-09-12 02:43:11,116.416538,39.987896
Car-1,2009-09-12 02:43:13,116.416503,39.987886
Car-1,2009-09-12 02:43:15,116.416471,39.987877
Car-1,2009-09-12 02:43:17,116.416425,39.987876
Car-1,2009-09-12 02:43:19,116.416399,39.987885
Car-1,2009-09-12 02:43:21,116.41637,39.987893
Car-1,2009-09-12 02:43:23,116.416324,39.98789
Car-1,2009-09-12 02:43:25,116.416283,39.987883
Car-1,2009-09-12 02:43:27,116.416232,39.987867
Car-1,2009-09-12 02:43:29,116.416164,39.987867
Car-1,2009-09-12 02:43:31,116.416106,39.987875
Car-1,2009-09-12 02:43:33,116.416052,39.987866
Car-1,2009-09-12 02:43:35,116.416006,39.987861
Car-1,2009-09-12 02:43:37,116.41596,39.987855
Car-1,2009-09-12 02:43:39,116.415906,39.987841
Car-1,2009-09-12 02:43:41,116.415857,39.987826
Car-1,2009-09-12 02:43:43,116.415812,39.987813
Car-1,2009-09-12 02:43:45,116.415763,39.987814
Car-1,2009-09-12 02:43:47,116.415715,39.987814
Car-1,2009-09-12 02:43:49,116.415676,39.987821
Car-1,2009-09-12 02:43:51,116.415628,39.987826
Car-1,2009-09-12 02:43:53,116.415588,39.987829
Car-1,2009-09-12 02:43:55,116.415548,39.987844
Car-1,2009-09-12 02:43:57,116.415506,39.987845
Car-1,2009-09-12 02:43:59,116.415442,39.987852
Car-1,2009-09-12 02:44:01,116.415403,39.987846
Car-1,2009-09-12 02:44:03,116.415377,39.987843
Car-1,2009-09-12 02:44:05,116.415346,39.987843
Car-1,2009-09-12 02:44:07,116.415306,39.987851
Car-1,2009-09-12 02:44:09,116.41527,39.98785
Car-1,2009-09-12 02:44:11,116.415241,39.987851
Car-1,2009-09-12 02:44:13,116.415158,39.987907
Car-1,2009-09-12 02:44:15,116.415149,39.98791
Car-1,2009-09-12 02:44:17,116.415161,39.987895
Car-1,2009-09-12 02:44:19,116.41515,39.987924
Car-1,2009-09-12 02:44:21,116.41513,39.987936
Car-1,2009-09-12 02:44:23,116.415123,39.987917
Car-1,2009-09-12 02:44:25,116.415094,39.987915
Car-1,2009-09-12 02:44:27,116.415061,39.98793
Car-1,2009-09-12 02:44:29,116.415011,39.987925
Car-1,2009-09-12 02:44:31,116.414964,39.987927
Car-1,2009-09-12 02:44:33,116.414931,39.987928
Car-1,2009-09-12 02:44:35,116.414842,39.987984
Car-1,2009-09-12 02:44:39,116.41496,39.988404
Car-1,2009-09-12 02:44:41,116.414848,39.988298
Car-1,2009-09-12 02:44:43,116.414829,39.98829
Car-1,2009-09-12 02:44:45,116.414833,39.988298
Car-1,2009-09-12 02:44:47,116.414801,39.988286
Car-1,2009-09-12 02:44:49,116.414771,39.988295
Car-1,2009-09-12 02:44:51,116.414759,39.988298
Car-1,2009-09-12 02:44:53,116.414747,39.988299
Car-1,2009-09-12 02:44:55,116.414736,39.988296
Car-1,2009-09-12 02:44:57,116.414697,39.988283
Car-1,2009-09-12 02:44:59,116.414638,39.98816
Car-1,2009-09-12 02:45:01,116.414579,39.988042
Car-1,2009-09-12 02:45:03,116.414585,39.988107
Car-1,2009-09-12 02:45:05,116.414571,39.988192
Car-1,2009-09-12 02:45:07,116.414563,39.988089
Car-1,2009-09-12 02:45:09,116.414495,39.987971
Car-1,2009-09-12 02:45:11,116.414444,39.987891
Car-1,2009-09-12 02:45:13,116.414417,39.987836
Car-1,2009-09-12 02:45:15,116.414405,39.987799
Car-1,2009-09-12 02:45:17,116.414389,39.987765
Car-1,2009-09-12 02:45:19,116.414376,39.987728
Car-1,2009-09-12 02:45:21,116.41437,39.987693
Car-1,2009-09-12 02:45:23,116.414364,39.987673
Car-1,2009-09-12 02:45:25,116.414364,39.987653
Car-1,2009-09-12 02:45:27,116.414359,39.987631
Car-1,2009-09-12 02:45:29,116.41435,39.987603
Car-1,2009-09-12 02:45:31,116.414353,39.987581
Car-1,2009-09-12 02:45:33,116.414355,39.987551
Car-1,2009-09-12 02:45:35,116.414359,39.987524
Car-1,2009-09-12 02:45:37,116.414359,39.987488
Car-1,2009-09-12 02:45:39,116.414359,39.987459
Car-1,2009-09-12 02:45:41,116.414361,39.987437
Car-1,2009-09-12 02:45:43,116.414365,39.987411
Car-1,2009-09-12 02:45:45,116.41435,39.987382
Car-1,2009-09-12 02:45:47,116.414342,39.987347
Car-1,2009-09-12 02:45:49,116.414341,39.987306
Car-1,2009-09-12 02:45:51,116.414352,39.987252
Car-1,2009-09-12 02:45:53,116.414367,39.987222
Car-1,2009-09-12 02:45:55,116.41438,39.987199
Car-1,2009-09-12 02:45:57,116.414387,39.987168
Car-1,2009-09-12 02:45:59,116.4144,39.987154
Car-1,2009-09-12 02:46:01,116.41442,39.987142
Car-1,2009-09-12 02:46:03,116.414435,39.987145
Car-1,2009-09-12 02:46:05,116.414439,39.987133
Car-1,2009-09-12 02:46:07,116.414445,39.987135
Car-1,2009-09-12 02:46:09,116.414453,39.987137
Car-1,2009-09-12 02:46:11,116.414477,39.987146
Car-1,2009-09-12 02:46:13,116.414492,39.987156
Car-1,2009-09-12 02:46:15,116.414506,39.98716
Car-1,2009-09-12 02:46:17,116.414524,39.98715
Car-1,2009-09-12 02:46:19,116.414544,39.987158
Car-1,2009-09-12 02:46:21,116.414572,39.987176
Car-1,2009-09-12 02:46:23,116.414596,39.98718
Car-1,2009-09-12 02:46:25,116.414628,39.987191
Car-1,2009-09-12 02:46:27,116.414654,39.987201
Car-1,2009-09-12 02:46:29,116.414677,39.987199
Car-1,2009-09-12 02:46:31,116.4147,39.98719
Car-1,2009-09-12 02:46:33,116.414718,39.987176
Car-1,2009-09-12 02:46:35,116.414729,39.98717
Car-1,2009-09-12 02:46:37,116.414735,39.987169
Car-1,2009-09-12 02:46:39,116.414746,39.987171
Car-1,2009-09-12 02:46:41,116.414748,39.987169
Car-1,2009-09-12 02:46:43,116.41475,39.987169
Car-1,2009-09-12 02:46:45,116.41475,39.987169
Car-1,2009-09-12 02:46:47,116.414772,39.987155
Car-1,2009-09-12 02:46:49,116.414785,39.987136
Car-1,2009-09-12 02:46:51,116.41479,39.987134
Car-1,2009-09-12 02:46:53,116.414793,39.987136
Car-1,2009-09-12 02:46:55,116.414795,39.987137
Car-1,2009-09-12 02:46:57,116.414798,39.987138
Car-1,2009-09-12 02:46:59,116.4148,39.987127
Car-1,2009-09-12 02:47:01,116.414798,39.987076
Car-1,2009-09-12 02:47:03,116.414805,39.987015
Car-1,2009-09-12 02:47:05,116.414814,39.98695
Car-1,2009-09-12 02:49:29,116.414791,39.987217
Car-1,2009-09-12 02:49:31,116.41479,39.987241
Car-1,2009-09-12 02:49:33,116.414795,39.987248
Car-1,2009-09-12 02:49:35,116.414796,39.987249
Car-1,2009-09-12 02:49:37,116.414794,39.987249
Car-1,2009-09-12 02:49:39,116.414791,39.98725
Car-1,2009-09-12 02:49:41,116.414772,39.987269
Car-1,2009-09-12 02:49:43,116.414778,39.987273
Car-1,2009-09-12 02:49:45,116.414779,39.987278
Car-1,2009-09-12 02:49:47,116.414782,39.987283
Car-1,2009-09-12 02:49:49,116.41479,39.987282
Car-1,2009-09-12 02:49:51,116.414818,39.987242
Car-1,2009-09-12 02:49:53,116.414829,39.987231
Car-1,2009-09-12 02:49:55,116.414839,39.987221
Car-1,2009-09-12 02:49:57,116.414843,39.987225
Car-1,2009-09-12 02:49:59,116.41485,39.987229
Car-1,2009-09-12 02:50:01,116.414845,39.987233
Car-1,2009-09-12 02:50:03,116.414845,39.987236
Car-1,2009-09-12 02:50:05,116.414841,39.987244
Car-1,2009-09-12 02:50:07,116.414822,39.987233
Car-1,2009-09-12 02:50:09,116.414789,39.987176
Car-1,2009-09-12 02:50:11,116.414744,39.987115
Car-1,2009-09-12 02:50:13,116.414766,39.987066
Car-1,2009-09-12 02:50:15,116.414832,39.987027
Car-1,2009-09-12 02:50:17,116.414947,39.986993
Car-1,2009-09-12 02:50:19,116.415098,39.986985
Car-1,2009-09-12 02:50:21,116.415269,39.986971
Car-1,2009-09-12 02:50:23,116.41547,39.986954
Car-1,2009-09-12 02:50:25,116.415694,39.986945
Car-1,2009-09-12 02:50:27,116.415901,39.986944
Car-1,2009-09-12 02:50:29,116.416083,39.986967
Car-1,2009-09-12 02:50:31,116.416238,39.986973
Car-1,2009-09-12 02:50:33,116.416361,39.987009
Car-1,2009-09-12 02:50:35,116.416466,39.987061
Car-1,2009-09-12 02:50:37,116.416536,39.987106
Car-1,2009-09-12 02:50:39,116.416578,39.987141
Car-1,2009-09-12 02:50:41,116.416612,39.987181
Car-1,2009-09-12 02:50:43,116.416633,39.98719
Car-1,2009-09-12 02:50:45,116.416634,39.98719
Car-1,2009-09-12 02:50:47,116.416635,39.987188
Car-1,2009-09-12 02:50:49,116.416638,39.987191
Car-1,2009-09-12 02:50:51,116.416644,39.987193
Car-1,2009-09-12 02:50:53,116.416649,39.987196
Car-1,2009-09-12 02:50:55,116.416654,39.987196
Car-1,2009-09-12 02:50:57,116.416664,39.987195
Car-1,2009-09-12 02:50:59,116.416675,39.987195
Car-1,2009-09-12 02:51:01,116.416683,39.987194
Car-1,2009-09-12 02:51:03,116.416689,39.987194
Car-1,2009-09-12 02:51:05,116.416691,39.987193
Car-1,2009-09-12 02:51:07,116.416692,39.987191
Car-1,2009-09-12 02:51:09,116.416691,39.987188
Car-1,2009-09-12 02:51:11,116.416693,39.987186
Car-1,2009-09-12 02:51:13,116.416698,39.987185
Car-1,2009-09-12 02:51:15,116.416706,39.987184
Car-1,2009-09-12 02:51:17,116.416713,39.987183
Car-1,2009-09-12 02:51:19,116.416722,39.987183
Car-1,2009-09-12 02:51:21,116.416735,39.987183
Car-1,2009-09-12 02:51:23,116.416755,39.987183
Car-1,2009-09-12 02:51:25,116.416826,39.987182
Car-1,2009-09-12 02:51:27,116.416929,39.98718
Car-1,2009-09-12 02:51:29,116.417081,39.987187
Car-1,2009-09-12 02:51:31,116.417235,39.987194
Car-1,2009-09-12 02:51:33,116.417388,39.98722
Car-1,2009-09-12 02:51:35,116.417525,39.987204
Car-1,2009-09-12 02:51:37,116.417647,39.987191
Car-1,2009-09-12 02:51:39,116.417743,39.987179
Car-1,2009-09-12 02:51:41,116.417846,39.987172
Car-1,2009-09-12 02:51:43,116.417932,39.987166
Car-1,2009-09-12 02:51:45,116.418022,39.987164
Car-1,2009-09-12 02:51:47,116.418121,39.987162
Car-1,2009-09-12 02:51:49,116.418206,39.987159
Car-1,2009-09-12 02:51:51,116.418262,39.98715
Car-1,2009-09-12 02:51:53,116.418301,39.987139
Car-1,2009-09-12 02:51:55,116.418308,39.987142
Car-1,2009-09-12 02:51:57,116.418347,39.987142
Car-1,2009-09-12 02:51:59,116.418435,39.987127
Car-1,2009-09-12 02:52:01,116.418661,39.987072
Car-1,2009-09-12 02:52:03,116.418719,39.987088
Car-1,2009-09-12 02:52:05,116.418793,39.98712
Car-1,2009-09-12 02:52:07,116.418864,39.987136
Car-1,2009-09-12 02:52:09,116.418911,39.987132
Car-1,2009-09-12 02:52:11,116.418975,39.987139
Car-1,2009-09-12 02:52:13,116.419005,39.987157
Car-1,2009-09-12 02:52:15,116.41908,39.987149
Car-1,2009-09-12 02:52:17,116.419201,39.987116
Car-1,2009-09-12 02:52:19,116.41931,39.987099
Car-1,2009-09-12 02:52:21,116.41945,39.987057
Car-1,2009-09-12 02:52:23,116.419624,39.987023
Car-1,2009-09-12 02:52:25,116.419833,39.987005
Car-1,2009-09-12 02:52:27,116.420077,39.987033
Car-1,2009-09-12 02:52:29,116.420303,39.987118
Car-1,2009-09-12 02:52:31,116.420555,39.987242
Car-1,2009-09-12 02:52:33,116.420855,39.987323
Car-1,2009-09-12 02:52:35,116.42114,39.987398
Car-1,2009-09-12 02:52:37,116.421402,39.987418
Car-1,2009-09-12 02:52:39,116.42167,39.987446
Car-1,2009-09-12 02:52:41,116.42195,39.987466
Car-1,2009-09-12 02:52:43,116.422209,39.987457
Car-1,2009-09-12 02:52:45,116.422455,39.987458
Car-1,2009-09-12 02:52:47,116.422685,39.987462
Car-1,2009-09-12 02:52:49,116.422901,39.987472
Car-1,2009-09-12 02:52:51,116.423105,39.987462
Car-1,2009-09-12 02:52:53,116.423264,39.987461
Car-1,2009-09-12 02:52:55,116.423407,39.98747
Car-1,2009-09-12 02:52:57,116.423511,39.987475
Car-1,2009-09-12 02:52:59,116.423557,39.987476
Car-1,2009-09-12 02:53:01,116.423557,39.987465
Car-1,2009-09-12 02:53:03,116.423513,39.987465
Car-1,2009-09-12 02:53:05,116.423488,39.987469
Car-1,2009-09-12 02:53:07,116.423494,39.987453
Car-1,2009-09-12 02:53:09,116.423525,39.987422
Car-1,2009-09-12 02:53:11,116.42358,39.987399
Car-1,2009-09-12 02:53:13,116.423743,39.987406
Car-1,2009-09-12 02:53:15,116.423874,39.987432
Car-1,2009-09-12 02:53:17,116.424033,39.987453
Car-1,2009-09-12 02:53:19,116.424216,39.987478
Car-1,2009-09-12 02:53:21,116.424414,39.987498
Car-1,2009-09-12 02:53:23,116.424573,39.987506
Car-1,2009-09-12 02:53:25,116.42475,39.987517
Car-1,2009-09-12 02:53:27,116.42492,39.987521
Car-1,2009-09-12 02:53:29,116.425144,39.987514
Car-1,2009-09-12 02:53:31,116.425383,39.98751
Car-1,2009-09-12 02:53:33,116.425625,39.987515
Car-1,2009-09-12 02:53:35,116.425881,39.987527
Car-1,2009-09-12 02:53:37,116.42614,39.987539
Car-1,2009-09-12 02:53:39,116.426362,39.987551
Car-1,2009-09-12 02:53:41,116.426544,39.987568
Car-1,2009-09-12 02:53:43,116.426748,39.987584
Car-1,2009-09-12 02:53:45,116.426995,39.98758
Car-1,2009-09-12 02:53:47,116.427252,39.98757
Car-1,2009-09-12 02:53:49,116.427535,39.987554
Car-1,2009-09-12 02:53:51,116.427839,39.987559
Car-1,2009-09-12 02:53:53,116.428172,39.987566
Car-1,2009-09-12 02:53:55,116.428494,39.987587
Car-1,2009-09-12 02:53:57,116.428803,39.987608
Car-1,2009-09-12 02:53:59,116.429112,39.987606
Car-1,2009-09-12 02:54:01,116.429417,39.987593
Car-1,2009-09-12 02:54:03,116.429738,39.987594
Car-1,2009-09-12 02:54:05,116.430028,39.987578
Car-1,2009-09-12 02:54:07,116.430274,39.987548
Car-1,2009-09-12 02:54:09,116.430486,39.987528
Car-1,2009-09-12 02:54:11,116.430656,39.987524
Car-1,2009-09-12 02:54:13,116.430787,39.987506
Car-1,2009-09-12 02:54:15,116.430873,39.987485
Car-1,2009-09-12 02:54:17,116.430873,39.987483
Car-1,2009-09-12 02:54:19,116.430876,39.987474
Car-1,2009-09-12 02:54:21,116.430885,39.987467
Car-1,2009-09-12 02:54:23,116.430884,39.987467
Car-1,2009-09-12 02:54:25,116.430881,39.987467
Car-1,2009-09-12 02:54:27,116.43088,39.987467
Car-1,2009-09-12 02:54:29,116.430879,39.987467
Car-1,2009-09-12 02:54:31,116.43089,39.987468
Car-1,2009-09-12 02:54:33,116.430939,39.987479
Car-1,2009-09-12 02:54:35,116.431047,39.987475
Car-1,2009-09-12 02:54:37,116.431189,39.987473
Car-1,2009-09-12 02:54:39,116.431371,39.987474
Car-1,2009-09-12 02:54:41,116.431575,39.987464
Car-1,2009-09-12 02:54:43,116.431812,39.98744
Car-1,2009-09-12 02:54:45,116.432049,39.987371
Car-1,2009-09-12 02:54:47,116.432314,39.987225
Car-1,2009-09-12 02:54:49,116.43259,39.987114
Car-1,2009-09-12 02:54:51,116.43285,39.986971
Car-1,2009-09-12 02:54:53,116.4331,39.986827
Car-1,2009-09-12 02:54:55,116.433363,39.986663
Car-1,2009-09-12 02:54:57,116.433618,39.986496
Car-1,2009-09-12 02:54:59,116.433851,39.986318
Car-1,2009-09-12 02:55:01,116.434058,39.986155
Car-1,2009-09-12 02:55:03,116.434267,39.985995
Car-1,2009-09-12 02:55:05,116.434469,39.985815
Car-1,2009-09-12 02:55:07,116.434579,39.985604
Car-1,2009-09-12 02:55:09,116.434643,39.985429
Car-1,2009-09-12 02:55:11,116.434697,39.985279
Car-1,2009-09-12 02:55:13,116.434747,39.985137
Car-1,2009-09-12 02:55:15,116.434836,39.985005
Car-1,2009-09-12 02:55:17,116.434978,39.984891
Car-1,2009-09-12 02:55:19,116.435204,39.9848
Car-1,2009-09-12 02:55:21,116.43548,39.984698
Car-1,2009-09-12 02:55:23,116.435804,39.98461
Car-1,2009-09-12 02:55:25,116.436123,39.984535
Car-1,2009-09-12 02:55:27,116.436349,39.984465
Car-1,2009-09-12 02:55:29,116.436533,39.984426
Car-1,2009-09-12 02:55:31,116.436688,39.984425
Car-1,2009-09-12 02:55:33,116.436863,39.984505
Car-1,2009-09-12 02:55:35,116.437086,39.984597
Car-1,2009-09-12 02:55:37,116.437304,39.984657
Car-1,2009-09-12 02:55:39,116.437572,39.984709
Car-1,2009-09-12 02:55:41,116.437844,39.984752
Car-1,2009-09-12 02:55:43,116.438113,39.98476
Car-1,2009-09-12 02:55:45,116.438367,39.984788
Car-1,2009-09-12 02:55:47,116.438605,39.984808
Car-1,2009-09-12 02:55:49,116.438892,39.984781
Car-1,2009-09-12 02:55:51,116.439181,39.984726
Car-1,2009-09-12 02:55:53,116.439467,39.984651
Car-1,2009-09-12 02:55:55,116.439757,39.984568
Car-1,2009-09-12 02:55:57,116.440032,39.984478
Car-1,2009-09-12 02:55:59,116.440313,39.984375
Car-1,2009-09-12 02:56:01,116.440584,39.984268
Car-1,2009-09-12 02:56:03,116.440847,39.984172
Car-1,2009-09-12 02:56:05,116.44108,39.984072
Car-1,2009-09-12 02:56:07,116.441262,39.983989
Car-1,2009-09-12 02:56:09,116.44139,39.983931
Car-1,2009-09-12 02:56:11,116.441436,39.983903
Car-1,2009-09-12 02:56:13,116.441424,39.983895
Car-1,2009-09-12 02:56:15,116.441405,39.983909
Car-1,2009-09-12 02:56:17,116.441403,39.983909
Car-1,2009-09-12 02:56:19,116.441402,39.983909
Car-1,2009-09-12 02:56:21,116.441435,39.983899
Car-1,2009-09-12 02:56:23,116.441504,39.983843
Car-1,2009-09-12 02:56:25,116.44159,39.983788
Car-1,2009-09-12 02:56:27,116.441713,39.983729
Car-1,2009-09-12 02:56:29,116.441887,39.983654
Car-1,2009-09-12 02:56:31,116.442067,39.983559
Car-1,2009-09-12 02:56:33,116.44226,39.983443
Car-1,2009-09-12 02:56:35,116.442461,39.983311
Car-1,2009-09-12 02:56:37,116.442681,39.983161
Car-1,2009-09-12 02:56:39,116.44291,39.982997
Car-1,2009-09-12 02:56:41,116.44315,39.982837
Car-1,2009-09-12 02:56:43,116.443383,39.98269
Car-1,2009-09-12 02:56:45,116.443586,39.982558
Car-1,2009-09-12 02:56:47,116.44375,39.982457
Car-1,2009-09-12 02:56:49,116.443858,39.982394
Car-1,2009-09-12 02:56:51,116.443936,39.982348
Car-1,2009-09-12 02:56:53,116.444015,39.982298
Car-1,2009-09-12 02:56:55,116.44411,39.982231
Car-1,2009-09-12 02:56:57,116.444228,39.98215
Car-1,2009-09-12 02:56:59,116.444357,39.982059
Car-1,2009-09-12 02:57:01,116.44451,39.981962
Car-1,2009-09-12 02:57:03,116.444687,39.981853
Car-1,2009-09-12 02:57:05,116.444874,39.981737
Car-1,2009-09-12 02:57:07,116.445062,39.98162
Car-1,2009-09-12 02:57:09,116.445258,39.981494
Car-1,2009-09-12 02:57:11,116.445466,39.981365
Car-1,2009-09-12 02:57:13,116.445634,39.981254
Car-1,2009-09-12 02:57:15,116.445762,39.981174
Car-1,2009-09-12 02:57:17,116.445878,39.981098
Car-1,2009-09-12 02:57:19,116.44596,39.981041
Car-1,2009-09-12 02:57:21,116.44601,39.981012
Car-1,2009-09-12 02:57:23,116.44602,39.981004
Car-1,2009-09-12 02:57:25,116.446031,39.980993
Car-1,2009-09-12 02:57:27,116.446037,39.980989
Car-1,2009-09-12 02:57:29,116.446039,39.980988
Car-1,2009-09-12 02:57:31,116.446061,39.980964
Car-1,2009-09-12 02:57:33,116.446119,39.980924
Car-1,2009-09-12 02:57:35,116.446183,39.980879
Car-1,2009-09-12 02:57:37,116.446263,39.980838
Car-1,2009-09-12 02:57:39,116.446301,39.980813
Car-1,2009-09-12 02:57:41,116.446323,39.980812
Car-1,2009-09-12 02:57:43,116.446341,39.980807
Car-1,2009-09-12 02:57:45,116.446346,39.980805
Car-1,2009-09-12 02:57:47,116.446349,39.980803
Car-1,2009-09-12 02:57:49,116.446352,39.980801
Car-1,2009-09-12 02:57:51,116.446356,39.980799
Car-1,2009-09-12 02:57:53,116.446363,39.980792
Car-1,2009-09-12 02:57:55,116.446394,39.980773
Car-1,2009-09-12 02:57:57,116.446464,39.980732
Car-1,2009-09-12 02:57:59,116.446574,39.980678
Car-1,2009-09-12 02:58:01,116.446715,39.980603
Car-1,2009-09-12 02:58:03,116.446875,39.980508
Car-1,2009-09-12 02:58:05,116.447045,39.980402
Car-1,2009-09-12 02:58:07,116.447234,39.980288
Car-1,2009-09-12 02:58:09,116.447413,39.980167
Car-1,2009-09-12 02:58:11,116.447595,39.980044
Car-1,2009-09-12 02:58:13,116.447755,39.979931
Car-1,2009-09-12 02:58:15,116.447864,39.979833
Car-1,2009-09-12 02:58:17,116.447953,39.979763
Car-1,2009-09-12 02:58:19,116.44801,39.979703
Car-1,2009-09-12 02:58:21,116.44804,39.979671
Car-1,2009-09-12 02:58:23,116.448053,39.979668
Car-1,2009-09-12 02:58:25,116.448055,39.979686
Car-1,2009-09-12 02:58:27,116.448004,39.979708
Car-1,2009-09-12 02:58:29,116.447987,39.979712
Car-1,2009-09-12 02:58:31,116.447974,39.979725
Car-1,2009-09-12 02:58:33,116.447974,39.979723
Car-1,2009-09-12 02:58:35,116.44797,39.979723
Car-1,2009-09-12 02:58:37,116.447978,39.979718
Car-1,2009-09-12 02:58:39,116.447984,39.979715
Car-1,2009-09-12 02:58:41,116.447988,39.979711
Car-1,2009-09-12 02:58:43,116.447997,39.979705
Car-1,2009-09-12 02:58:45,116.448003,39.979702
Car-1,2009-09-12 02:58:47,116.447999,39.9797
Car-1,2009-09-12 02:58:49,116.448001,39.979698
Car-1,2009-09-12 02:58:51,116.447996,39.979695
Car-1,2009-09-12 02:58:53,116.447994,39.979691
Car-1,2009-09-12 02:58:55,116.447985,39.979686
Car-1,2009-09-12 02:58:57,116.447971,39.979682
Car-1,2009-09-12 02:58:59,116.447952,39.979679
Car-1,2009-09-12 02:59:01,116.44793,39.979687
Car-1,2009-09-12 02:59:03,116.447905,39.979693
Car-1,2009-09-12 02:59:05,116.447879,39.979699
Car-1,2009-09-12 02:59:07,116.447856,39.979704
Car-1,2009-09-12 02:59:09,116.447849,39.979706
Car-1,2009-09-12 02:59:11,116.447846,39.979699
Car-1,2009-09-12 02:59:13,116.447846,39.979695
Car-1,2009-09-12 02:59:15,116.447879,39.979686
Car-1,2009-09-12 02:59:17,116.448029,39.97967
Car-1,2009-09-12 02:59:19,116.44812,39.97962
Car-1,2009-09-12 02:59:21,116.44823,39.979546
Car-1,2009-09-12 02:59:23,116.44835,39.979464
Car-1,2009-09-12 02:59:25,116.448487,39.979364
Car-1,2009-09-12 02:59:27,116.448632,39.979258
Car-1,2009-09-12 02:59:29,116.448793,39.979156
Car-1,2009-09-12 02:59:31,116.448973,39.979047
Car-1,2009-09-12 02:59:33,116.44916,39.978928
Car-1,2009-09-12 02:59:35,116.449369,39.978792
Car-1,2009-09-12 02:59:37,116.449602,39.978646
Car-1,2009-09-12 02:59:39,116.449844,39.978495
Car-1,2009-09-12 02:59:41,116.450092,39.978336
Car-1,2009-09-12 02:59:43,116.450345,39.978174
Car-1,2009-09-12 02:59:45,116.450592,39.978012
Car-1,2009-09-12 02:59:47,116.45083,39.977853
Car-1,2009-09-12 02:59:49,116.451061,39.977706
Car-1,2009-09-12 02:59:51,116.451285,39.977551
Car-1,2009-09-12 02:59:53,116.451519,39.9774
Car-1,2009-09-12 02:59:55,116.451756,39.977253
Car-1,2009-09-12 02:59:57,116.45198,39.977088
Car-1,2009-09-12 02:59:59,116.452212,39.976932
Car-1,2009-09-12 03:00:01,116.452436,39.976787
Car-1,2009-09-12 03:00:03,116.452615,39.976662
Car-1,2009-09-12 03:00:05,116.452793,39.976549
Car-1,2009-09-12 03:00:07,116.452927,39.976453
Car-1,2009-09-12 03:00:09,116.453014,39.976378
Car-1,2009-09-12 03:00:11,116.45305,39.976347
Car-1,2009-09-12 03:00:13,116.453062,39.976335
Car-1,2009-09-12 03:00:15,116.453049,39.976338
Car-1,2009-09-12 03:00:17,116.453035,39.976343
Car-1,2009-09-12 03:00:19,116.453036,39.976343
Car-1,2009-09-12 03:00:21,116.45304,39.976341
Car-1,2009-09-12 03:00:23,116.453046,39.976338
Car-1,2009-09-12 03:00:25,116.45305,39.976335
Car-1,2009-09-12 03:00:27,116.453059,39.976329
Car-1,2009-09-12 03:00:29,116.453084,39.976316
Car-1,2009-09-12 03:00:31,116.453122,39.976295
Car-1,2009-09-12 03:00:33,116.453127,39.976289
Car-1,2009-09-12 03:00:35,116.453118,39.976292
Car-1,2009-09-12 03:00:37,116.453116,39.976288
Car-1,2009-09-12 03:00:39,116.453129,39.976276
Car-1,2009-09-12 03:00:41,116.453181,39.97626
Car-1,2009-09-12 03:00:43,116.453299,39.976221
Car-1,2009-09-12 03:00:45,116.453409,39.976181
Car-1,2009-09-12 03:00:47,116.453535,39.976128
Car-1,2009-09-12 03:00:49,116.453702,39.976038
Car-1,2009-09-12 03:00:51,116.453875,39.975941
Car-1,2009-09-12 03:00:53,116.454064,39.975831
Car-1,2009-09-12 03:00:55,116.454265,39.975709
Car-1,2009-09-12 03:00:57,116.45447,39.975571
Car-1,2009-09-12 03:00:59,116.454669,39.975433
Car-1,2009-09-12 03:01:01,116.454865,39.975305
Car-1,2009-09-12 03:01:03,116.455046,39.97518
Car-1,2009-09-12 03:01:05,116.455236,39.975059
Car-1,2009-09-12 03:01:07,116.455385,39.974965
Car-1,2009-09-12 03:01:09,116.455469,39.974889
Car-1,2009-09-12 03:01:11,116.455545,39.974847
Car-1,2009-09-12 03:01:13,116.455625,39.97482
Car-1,2009-09-12 03:01:15,116.455702,39.974772
Car-1,2009-09-12 03:01:17,116.455767,39.974733
Car-1,2009-09-12 03:01:19,116.455815,39.974708
Car-1,2009-09-12 03:01:21,116.455864,39.974679
Car-1,2009-09-12 03:01:23,116.455927,39.974642
Car-1,2009-09-12 03:01:25,116.455999,39.974611
Car-1,2009-09-12 03:01:27,116.456072,39.974565
Car-1,2009-09-12 03:01:29,116.45615,39.974504
Car-1,2009-09-12 03:01:31,116.456257,39.974443
Car-1,2009-09-12 03:01:33,116.456381,39.974353
Car-1,2009-09-12 03:01:35,116.456506,39.974267
Car-1,2009-09-12 03:01:37,116.456658,39.974166
Car-1,2009-09-12 03:01:39,116.456797,39.974063
Car-1,2009-09-12 03:01:41,116.456955,39.973953
Car-1,2009-09-12 03:01:43,116.457137,39.973835
Car-1,2009-09-12 03:01:45,116.457357,39.97369
Car-1,2009-09-12 03:01:47,116.457561,39.973529
Car-1,2009-09-12 03:01:49,116.457793,39.973373
Car-1,2009-09-12 03:01:51,116.45804,39.973203
Car-1,2009-09-12 03:01:53,116.458302,39.973021
Car-1,2009-09-12 03:01:55,116.458561,39.972849
Car-1,2009-09-12 03:01:57,116.458815,39.972684
Car-1,2009-09-12 03:01:59,116.459067,39.972523
Car-1,2009-09-12 03:02:01,116.459326,39.97236
Car-1,2009-09-12 03:02:03,116.459588,39.972201
Car-1,2009-09-12 03:02:05,116.459838,39.972035
Car-1,2009-09-12 03:02:07,116.460122,39.97187
Car-1,2009-09-12 03:02:09,116.460401,39.971712
Car-1,2009-09-12 03:02:11,116.460668,39.971547
Car-1,2009-09-12 03:02:13,116.460934,39.971381
Car-1,2009-09-12 03:02:15,116.461191,39.971219
Car-1,2009-09-12 03:02:17,116.461424,39.971069
Car-1,2009-09-12 03:02:19,116.461653,39.970921
Car-1,2009-09-12 03:02:21,116.461862,39.970784
Car-1,2009-09-12 03:02:23,116.462065,39.970647
Car-1,2009-09-12 03:02:25,116.462273,39.970511
Car-1,2009-09-12 03:02:27,116.462468,39.970373
Car-1,2009-09-12 03:02:29,116.462676,39.970228
Car-1,2009-09-12 03:02:31,116.462898,39.970078
Car-1,2009-09-12 03:02:33,116.463133,39.969929
Car-1,2009-09-12 03:02:35,116.463368,39.969773
Car-1,2009-09-12 03:02:37,116.463611,39.969605
Car-1,2009-09-12 03:02:39,116.463861,39.96944
Car-1,2009-09-12 03:02:41,116.464101,39.969274
Car-1,2009-09-12 03:02:43,116.464343,39.969105
Car-1,2009-09-12 03:02:45,116.464593,39.968936
Car-1,2009-09-12 03:02:47,116.464833,39.968768
Car-1,2009-09-12 03:02:49,116.465085,39.968599
Car-1,2009-09-12 03:02:51,116.465333,39.968434
Car-1,2009-09-12 03:02:53,116.465599,39.968271
Car-1,2009-09-12 03:02:55,116.465852,39.968108
Car-1,2009-09-12 03:02:57,116.466101,39.967945
Car-1,2009-09-12 03:02:59,116.466358,39.967785
Car-1,2009-09-12 03:03:01,116.466617,39.967621
Car-1,2009-09-12 03:03:03,116.466881,39.967454
Car-1,2009-09-12 03:03:05,116.467128,39.967281
Car-1,2009-09-12 03:03:07,116.467381,39.96711
Car-1,2009-09-12 03:03:09,116.467637,39.966945
Car-1,2009-09-12 03:03:11,116.467892,39.96678
Car-1,2009-09-12 03:03:13,116.468141,39.966621
Car-1,2009-09-12 03:03:15,116.468382,39.966466
Car-1,2009-09-12 03:03:17,116.468645,39.966294
Car-1,2009-09-12 03:03:19,116.468889,39.966132
Car-1,2009-09-12 03:03:21,116.469133,39.965973
Car-1,2009-09-12 03:03:23,116.469377,39.965808
Car-1,2009-09-12 03:03:25,116.469622,39.965651
Car-1,2009-09-12 03:03:27,116.469858,39.96549
Car-1,2009-09-12 03:03:29,116.470096,39.965332
Car-1,2009-09-12 03:03:31,116.470343,39.965169
Car-1,2009-09-12 03:03:33,116.470593,39.965008
Car-1,2009-09-12 03:03:35,116.470881,39.964852
Car-1,2009-09-12 03:03:37,116.471127,39.964683
Car-1,2009-09-12 03:03:39,116.471371,39.964515
Car-1,2009-09-12 03:03:41,116.471621,39.964348
Car-1,2009-09-12 03:03:43,116.47187,39.964193
Car-1,2009-09-12 03:03:45,116.472126,39.964024
Car-1,2009-09-12 03:03:47,116.472371,39.963866
Car-1,2009-09-12 03:03:49,116.472629,39.963703
Car-1,2009-09-12 03:03:51,116.472898,39.963543
Car-1,2009-09-12 03:03:53,116.473156,39.963375
Car-1,2009-09-12 03:03:55,116.473421,39.96321
Car-1,2009-09-12 03:03:57,116.473676,39.963048
Car-1,2009-09-12 03:03:59,116.473917,39.962893
Car-1,2009-09-12 03:04:01,116.474174,39.962734
Car-1,2009-09-12 03:04:03,116.474434,39.962575
Car-1,2009-09-12 03:04:05,116.474687,39.962411
Car-1,2009-09-12 03:04:07,116.47494,39.962242
Car-1,2009-09-12 03:04:09,116.475183,39.962073
Car-1,2009-09-12 03:04:11,116.475425,39.961903
Car-1,2009-09-12 03:04:13,116.475661,39.961731
Car-1,2009-09-12 03:04:15,116.475894,39.961568
Car-1,2009-09-12 03:04:17,116.476126,39.961406
Car-1,2009-09-12 03:04:19,116.476349,39.961245
Car-1,2009-09-12 03:04:21,116.476557,39.961095
Car-1,2009-09-12 03:04:23,116.476744,39.960966
Car-1,2009-09-12 03:04:25,116.476872,39.960878
Car-1,2009-09-12 03:04:27,116.476937,39.960817
Car-1,2009-09-12 03:04:29,116.476998,39.96076
Car-1,2009-09-12 03:04:31,116.477061,39.960684
Car-1,2009-09-12 03:04:33,116.477159,39.960599
Car-1,2009-09-12 03:04:35,116.477269,39.960494
Car-1,2009-09-12 03:04:37,116.477427,39.960364
Car-1,2009-09-12 03:04:39,116.477602,39.960227
Car-1,2009-09-12 03:04:41,116.477776,39.960079
Car-1,2009-09-12 03:04:43,116.477971,39.959921
Car-1,2009-09-12 03:04:45,116.478188,39.959745
Car-1,2009-09-12 03:04:47,116.478429,39.959557
Car-1,2009-09-12 03:04:49,116.478645,39.959385
Car-1,2009-09-12 03:04:51,116.478852,39.959204
Car-1,2009-09-12 03:04:53,116.479049,39.959034
Car-1,2009-09-12 03:04:55,116.479227,39.958878
Car-1,2009-09-12 03:04:57,116.479404,39.958712
Car-1,2009-09-12 03:04:59,116.479555,39.958549
Car-1,2009-09-12 03:05:01,116.479695,39.958398
Car-1,2009-09-12 03:05:03,116.479824,39.95826
Car-1,2009-09-12 03:05:05,116.47992,39.958144
Car-1,2009-09-12 03:05:07,116.480005,39.958039
Car-1,2009-09-12 03:05:09,116.480097,39.957934
Car-1,2009-09-12 03:05:11,116.48021,39.957815
Car-1,2009-09-12 03:05:13,116.48033,39.95768
Car-1,2009-09-12 03:05:15,116.480451,39.957522
Car-1,2009-09-12 03:05:17,116.480574,39.957374
Car-1,2009-09-12 03:05:19,116.480675,39.957245
Car-1,2009-09-12 03:05:21,116.480769,39.957146
Car-1,2009-09-12 03:05:23,116.480809,39.957091
Car-1,2009-09-12 03:05:25,116.480829,39.957071
Car-1,2009-09-12 03:05:27,116.480833,39.957077
Car-1,2009-09-12 03:05:29,116.480841,39.957079
Car-1,2009-09-12 03:05:31,116.480841,39.957079
Car-1,2009-09-12 03:05:33,116.48084,39.957079
Car-1,2009-09-12 03:05:35,116.480841,39.957078
Car-1,2009-09-12 03:05:37,116.48084,39.957078
Car-1,2009-09-12 03:05:39,116.480841,39.957078
Car-1,2009-09-12 03:05:41,116.480841,39.957077
Car-1,2009-09-12 03:05:43,116.48084,39.957077
Car-1,2009-09-12 03:05:45,116.48084,39.957077
Car-1,2009-09-12 03:05:47,116.48084,39.957077
Car-1,2009-09-12 03:05:49,116.480841,39.957077
Car-1,2009-09-12 03:05:51,116.480842,39.957076
Car-1,2009-09-12 03:05:53,116.480843,39.957075
Car-1,2009-09-12 03:05:55,116.480844,39.957073
Car-1,2009-09-12 03:05:57,116.480849,39.957067
Car-1,2009-09-12 03:05:59,116.48088,39.957027
Car-1,2009-09-12 03:06:01,116.48092,39.95697
Car-1,2009-09-12 03:06:03,116.480978,39.956891
Car-1,2009-09-12 03:06:05,116.481055,39.956792
Car-1,2009-09-12 03:06:07,116.481125,39.95666
Car-1,2009-09-12 03:06:09,116.481219,39.956519
Car-1,2009-09-12 03:06:11,116.48133,39.956375
Car-1,2009-09-12 03:06:13,116.481428,39.956226
Car-1,2009-09-12 03:06:15,116.481531,39.956062
Car-1,2009-09-12 03:06:17,116.481651,39.955885
Car-1,2009-09-12 03:06:19,116.481772,39.955704
Car-1,2009-09-12 03:06:21,116.481895,39.955503
Car-1,2009-09-12 03:06:23,116.48201,39.955288
Car-1,2009-09-12 03:06:25,116.482125,39.955071
Car-1,2009-09-12 03:06:27,116.482219,39.954846
Car-1,2009-09-12 03:06:29,116.482317,39.954627
Car-1,2009-09-12 03:06:31,116.482393,39.954394
Car-1,2009-09-12 03:06:33,116.482478,39.954178
Car-1,2009-09-12 03:06:35,116.482553,39.953957
Car-1,2009-09-12 03:06:37,116.482642,39.953734
Car-1,2009-09-12 03:06:39,116.482724,39.953513
Car-1,2009-09-12 03:06:41,116.482806,39.953276
Car-1,2009-09-12 03:06:43,116.482882,39.953027
Car-1,2009-09-12 03:06:45,116.482957,39.952785
Car-1,2009-09-12 03:06:47,116.483018,39.952558
Car-1,2009-09-12 03:06:49,116.483076,39.952335
Car-1,2009-09-12 03:06:51,116.483115,39.952154
Car-1,2009-09-12 03:06:53,116.483132,39.95202
Car-1,2009-09-12 03:06:55,116.483127,39.951944
Car-1,2009-09-12 03:06:57,116.483128,39.951898
Car-1,2009-09-12 03:06:59,116.483139,39.951829
Car-1,2009-09-12 03:07:01,116.48317,39.951753
Car-1,2009-09-12 03:07:03,116.483193,39.951667
Car-1,2009-09-12 03:07:05,116.483228,39.95157
Car-1,2009-09-12 03:07:07,116.483247,39.951455
Car-1,2009-09-12 03:07:09,116.483283,39.951317
Car-1,2009-09-12 03:07:11,116.483276,39.951157
Car-1,2009-09-12 03:07:13,116.483251,39.950983
Car-1,2009-09-12 03:07:15,116.483237,39.950798
Car-1,2009-09-12 03:07:17,116.483239,39.950621
Car-1,2009-09-12 03:07:19,116.483255,39.950436
Car-1,2009-09-12 03:07:21,116.483318,39.950249
Car-1,2009-09-12 03:07:23,116.48339,39.950057
Car-1,2009-09-12 03:07:25,116.483439,39.949857
Car-1,2009-09-12 03:07:27,116.483455,39.949656
Car-1,2009-09-12 03:07:29,116.483473,39.949464
Car-1,2009-09-12 03:07:31,116.48347,39.949292
Car-1,2009-09-12 03:07:33,116.483472,39.949133
Car-1,2009-09-12 03:07:35,116.483478,39.948988
Car-1,2009-09-12 03:07:37,116.483483,39.948841
Car-1,2009-09-12 03:07:39,116.483487,39.948684
Car-1,2009-09-12 03:07:41,116.483503,39.948516
Car-1,2009-09-12 03:07:43,116.483514,39.948343
Car-1,2009-09-12 03:07:45,116.483518,39.948154
Car-1,2009-09-12 03:07:47,116.483512,39.947933
Car-1,2009-09-12 03:07:49,116.483517,39.947706
Car-1,2009-09-12 03:07:51,116.483511,39.947484
Car-1,2009-09-12 03:07:53,116.483506,39.947262
Car-1,2009-09-12 03:07:55,116.483518,39.947046
Car-1,2009-09-12 03:07:57,116.483513,39.946835
Car-1,2009-09-12 03:07:59,116.483506,39.94663
Car-1,2009-09-12 03:08:01,116.483517,39.946425
Car-1,2009-09-12 03:08:03,116.483509,39.946219
Car-1,2009-09-12 03:08:05,116.483502,39.946016
Car-1,2009-09-12 03:08:07,116.483508,39.945837
Car-1,2009-09-12 03:08:09,116.483504,39.945664
Car-1,2009-09-12 03:08:11,116.483505,39.945507
Car-1,2009-09-12 03:08:13,116.483506,39.945353
Car-1,2009-09-12 03:08:15,116.483502,39.945215
Car-1,2009-09-12 03:08:17,116.483493,39.945097
Car-1,2009-09-12 03:08:19,116.483484,39.944996
Car-1,2009-09-12 03:08:21,116.483475,39.944908
Car-1,2009-09-12 03:08:23,116.483471,39.944823
Car-1,2009-09-12 03:08:25,116.483467,39.94474
Car-1,2009-09-12 03:08:27,116.483443,39.944687
Car-1,2009-09-12 03:14:13,116.483407,39.944437
Car-1,2009-09-12 03:14:15,116.483398,39.944405
Car-1,2009-09-12 03:14:17,116.483383,39.944383
Car-1,2009-09-12 03:14:19,116.483386,39.944363
Car-1,2009-09-12 03:14:21,116.483385,39.944358
Car-1,2009-09-12 03:14:23,116.483392,39.944345
Car-1,2009-09-12 03:14:25,116.483392,39.944343
Car-1,2009-09-12 03:14:27,116.483392,39.944342
Car-1,2009-09-12 03:14:29,116.483392,39.94434
Car-1,2009-09-12 03:14:31,116.483392,39.944337
Car-1,2009-09-12 03:14:33,116.483398,39.944347
Car-1,2009-09-12 03:14:35,116.483382,39.944362
Car-1,2009-09-12 03:14:37,116.483368,39.944376
Car-1,2009-09-12 03:14:39,116.483362,39.944391
Car-1,2009-09-12 03:14:41,116.483349,39.944395
Car-1,2009-09-12 03:14:43,116.483348,39.944411
Car-1,2009-09-12 03:14:45,116.483341,39.944431
Car-1,2009-09-12 03:14:47,116.483344,39.944443
Car-1,2009-09-12 03:14:49,116.483354,39.944452
Car-1,2009-09-12 03:14:51,116.483369,39.944456
Car-1,2009-09-12 03:14:53,116.483369,39.944458
Car-1,2009-09-12 03:14:55,116.483369,39.944457
Car-1,2009-09-12 03:14:57,116.48337,39.944457
Car-1,2009-09-12 03:14:59,116.48337,39.944457
Car-1,2009-09-12 03:15:01,116.48337,39.944458
Car-1,2009-09-12 03:15:03,116.48337,39.94446
Car-1,2009-09-12 03:15:05,116.48337,39.944462
Car-1,2009-09-12 03:15:07,116.48337,39.944461
Car-1,2009-09-12 03:15:09,116.48337,39.944463
Car-1,2009-09-12 03:15:11,116.483371,39.944463
Car-1,2009-09-12 03:15:13,116.483371,39.944463
Car-1,2009-09-12 03:15:15,116.483371,39.944463
Car-1,2009-09-12 03:15:17,116.483371,39.944463
Car-1,2009-09-12 03:15:19,116.483371,39.944463
Car-1,2009-09-12 03:15:21,116.483371,39.944462
Car-1,2009-09-12 03:15:23,116.483371,39.944463
Car-1,2009-09-12 03:15:25,116.483371,39.944463
Car-1,2009-09-12 03:15:27,116.483371,39.944463
Car-1,2009-09-12 03:15:29,116.483372,39.944463
Car-1,2009-09-12 03:15:31,116.483372,39.944463
Car-1,2009-09-12 03:15:33,116.483372,39.944463
Car-1,2009-09-12 03:15:35,116.483372,39.944463
Car-1,2009-09-12 03:15:37,116.483372,39.944463
Car-1,2009-09-12 03:15:39,116.483372,39.944463
Car-1,2009-09-12 03:15:41,116.483372,39.944463
Car-1,2009-09-12 03:15:43,116.483373,39.944463
Car-1,2009-09-12 03:15:45,116.483373,39.944463
Car-1,2009-09-12 03:15:47,116.483373,39.944463
Car-1,2009-09-12 03:15:49,116.483373,39.944463
Car-1,2009-09-12 03:15:51,116.483373,39.944463
Car-1,2009-09-12 03:15:53,116.483373,39.944463
Car-1,2009-09-12 03:15:55,116.483373,39.944463
Car-1,2009-09-12 03:15:57,116.483373,39.944463
Car-1,2009-09-12 03:15:59,116.483373,39.944464
Car-1,2009-09-12 03:16:01,116.483373,39.944464
Car-1,2009-09-12 03:16:03,116.483372,39.944464
Car-1,2009-09-12 03:16:05,116.483372,39.944465
Car-1,2009-09-12 03:16:07,116.483372,39.944465
Car-1,2009-09-12 03:16:09,116.483372,39.944465
Car-1,2009-09-12 03:16:11,116.483372,39.944465
Car-1,2009-09-12 03:16:13,116.483372,39.944466
Car-1,2009-09-12 03:16:15,116.483372,39.944466
Car-1,2009-09-12 03:16:17,116.483372,39.944466
Car-1,2009-09-12 03:16:19,116.483372,39.944466
Car-1,2009-09-12 03:16:21,116.483372,39.944467
Car-1,2009-09-12 03:16:23,116.483372,39.944467
Car-1,2009-09-12 03:16:25,116.483373,39.944467
Car-1,2009-09-12 03:16:27,116.483372,39.944468
Car-1,2009-09-12 03:16:29,116.483373,39.944469
Car-1,2009-09-12 03:16:31,116.483374,39.944469
Car-1,2009-09-12 03:16:33,116.483374,39.944469
Car-1,2009-09-12 03:16:35,116.483374,39.94447
Car-1,2009-09-12 03:16:37,116.483374,39.94447
Car-1,2009-09-12 03:16:39,116.483374,39.94447
Car-1,2009-09-12 03:16:41,116.483374,39.944469
Car-1,2009-09-12 03:16:43,116.483375,39.944469
Car-1,2009-09-12 03:16:45,116.483375,39.944469
Car-1,2009-09-12 03:16:47,116.483375,39.944469
Car-1,2009-09-12 03:16:49,116.483375,39.944469
Car-1,2009-09-12 03:16:51,116.483376,39.944469
Car-1,2009-09-12 03:16:53,116.483376,39.944469
Car-1,2009-09-12 03:16:55,116.483377,39.944468
Car-1,2009-09-12 03:16:57,116.483377,39.944468
Car-1,2009-09-12 03:16:59,116.483377,39.944469
Car-1,2009-09-12 03:17:01,116.483377,39.944468
Car-1,2009-09-12 03:17:03,116.483377,39.944469
Car-1,2009-09-12 03:17:05,116.483377,39.944469
Car-1,2009-09-12 03:17:07,116.483377,39.944469
Car-1,2009-09-12 03:17:09,116.483378,39.944469
Car-1,2009-09-12 03:17:11,116.483378,39.944469
Car-1,2009-09-12 03:17:13,116.483378,39.944469
Car-1,2009-09-12 03:17:15,116.483378,39.944469
Car-1,2009-09-12 03:17:17,116.483379,39.944469
Car-1,2009-09-12 03:17:19,116.483379,39.944469
Car-1,2009-09-12 03:17:21,116.483379,39.944469
Car-1,2009-09-12 03:17:23,116.48338,39.944469
Car-1,2009-09-12 03:17:25,116.48338,39.94447
Car-1,2009-09-12 03:17:27,116.48338,39.944469
Car-1,2009-09-12 03:17:29,116.48338,39.944469
Car-1,2009-09-12 03:17:31,116.48338,39.944469
Car-1,2009-09-12 03:17:33,116.483381,39.944469
Car-1,2009-09-12 03:17:35,116.483381,39.944469
Car-1,2009-09-12 03:17:37,116.483381,39.94447
Car-1,2009-09-12 03:17:39,116.483381,39.94447
Car-1,2009-09-12 03:17:41,116.483381,39.94447
Car-1,2009-09-12 03:17:43,116.483381,39.94447
Car-1,2009-09-12 03:17:45,116.483382,39.94447
Car-1,2009-09-12 03:17:47,116.483382,39.94447
Car-1,2009-09-12 03:17:49,116.483382,39.94447
Car-1,2009-09-12 03:17:51,116.483382,39.94447
Car-1,2009-09-12 03:17:53,116.483382,39.94447
Car-1,2009-09-12 03:17:55,116.483383,39.94447
Car-1,2009-09-12 03:17:57,116.483383,39.94447
Car-1,2009-09-12 03:17:59,116.483383,39.94447
Car-1,2009-09-12 03:18:01,116.483384,39.94447
Car-1,2009-09-12 03:18:03,116.483384,39.94447
Car-1,2009-09-12 03:18:05,116.483384,39.94447
Car-1,2009-09-12 03:18:07,116.483384,39.94447
Car-1,2009-09-12 03:18:09,116.483384,39.944471
Car-1,2009-09-12 03:18:11,116.483384,39.944471
Car-1,2009-09-12 03:18:13,116.483384,39.94447
Car-1,2009-09-12 03:18:15,116.483384,39.944471
Car-1,2009-09-12 03:18:17,116.483384,39.944471
Car-1,2009-09-12 03:18:19,116.483384,39.944471
Car-1,2009-09-12 03:18:21,116.483385,39.944471
Car-1,2009-09-12 03:18:23,116.483385,39.944471
Car-1,2009-09-12 03:18:25,116.483385,39.944471
Car-1,2009-09-12 03:18:27,116.483385,39.944471
Car-1,2009-09-12 03:18:29,116.483385,39.944471
Car-1,2009-09-12 03:18:31,116.483385,39.944471
Car-1,2009-09-12 03:18:33,116.483385,39.944471
Car-1,2009-09-12 03:18:35,116.483386,39.944471
Car-1,2009-09-12 03:18:37,116.483386,39.944471
Car-1,2009-09-12 03:18:39,116.483386,39.944471
Car-1,2009-09-12 03:18:41,116.483386,39.944471
Car-1,2009-09-12 03:18:43,116.483386,39.944471
Car-1,2009-09-12 03:18:45,116.483386,39.944471
Car-1,2009-09-12 03:18:47,116.483386,39.944471
Car-1,2009-09-12 03:18:49,116.483386,39.944471
Car-1,2009-09-12 03:18:51,116.483386,39.944471
Car-1,2009-09-12 03:18:53,116.483386,39.944471
Car-1,2009-09-12 03:18:55,116.483386,39.944471
Car-1,2009-09-12 03:18:57,116.483386,39.944471
Car-1,2009-09-12 03:18:59,116.483386,39.944471
Car-1,2009-09-12 03:19:01,116.483386,39.944471
Car-1,2009-09-12 03:19:03,116.483386,39.944471
Car-1,2009-09-12 03:19:05,116.483387,39.944471
Car-1,2009-09-12 03:19:07,116.483387,39.944471
Car-1,2009-09-12 03:19:09,116.483387,39.944471
Car-1,2009-09-12 03:19:11,116.483387,39.944472
Car-1,2009-09-12 03:19:13,116.483387,39.944472
Car-1,2009-09-12 03:19:15,116.483387,39.944472
Car-1,2009-09-12 03:19:17,116.483387,39.944471
Car-1,2009-09-12 03:19:19,116.483387,39.944473
Car-1,2009-09-12 03:19:21,116.483383,39.944473
Car-1,2009-09-12 03:19:23,116.483381,39.944473
Car-1,2009-09-12 03:19:25,116.48338,39.944474
Car-1,2009-09-12 03:19:27,116.48338,39.944475
Car-1,2009-09-12 03:19:29,116.48338,39.944475
Car-1,2009-09-12 03:19:31,116.48338,39.944475
Car-1,2009-09-12 03:19:33,116.48338,39.944475
Car-1,2009-09-12 03:19:35,116.483381,39.944475
Car-1,2009-09-12 03:19:37,116.483381,39.944476
Car-1,2009-09-12 03:19:39,116.483381,39.944476
Car-1,2009-09-12 03:19:41,116.483382,39.944476
Car-1,2009-09-12 03:19:43,116.483382,39.944476
Car-1,2009-09-12 03:19:45,116.483382,39.944476
Car-1,2009-09-12 03:19:47,116.483382,39.944476
Car-1,2009-09-12 03:19:49,116.483382,39.944476
Car-1,2009-09-12 03:19:51,116.483383,39.944477
Car-1,2009-09-12 03:19:53,116.483383,39.944477
Car-1,2009-09-12 03:19:55,116.483383,39.944477
Car-1,2009-09-12 03:19:57,116.483383,39.944477
Car-1,2009-09-12 03:19:59,116.483384,39.944477
Car-1,2009-09-12 03:25:53,116.483421,39.944291
Car-1,2009-09-12 03:25:55,116.483433,39.944164
Car-1,2009-09-12 03:25:57,116.483434,39.944023
Car-1,2009-09-12 03:25:59,116.483447,39.943865
Car-1,2009-09-12 03:26:01,116.483455,39.943697
Car-1,2009-09-12 03:26:03,116.48346,39.94352
Car-1,2009-09-12 03:26:05,116.483464,39.943326
Car-1,2009-09-12 03:26:07,116.483459,39.94312
Car-1,2009-09-12 03:26:09,116.483455,39.942907
Car-1,2009-09-12 03:26:11,116.483457,39.9427
Car-1,2009-09-12 03:26:13,116.483457,39.942488
Car-1,2009-09-12 03:26:15,116.483468,39.942281
Car-1,2009-09-12 03:26:17,116.483481,39.94208
Car-1,2009-09-12 03:26:19,116.483477,39.941868
Car-1,2009-09-12 03:26:21,116.483467,39.941645
Car-1,2009-09-12 03:26:23,116.483471,39.941431
Car-1,2009-09-12 03:26:25,116.483471,39.941218
Car-1,2009-09-12 03:26:27,116.48347,39.94101
Car-1,2009-09-12 03:26:29,116.483465,39.940802
Car-1,2009-09-12 03:26:31,116.483469,39.940589
Car-1,2009-09-12 03:26:33,116.483464,39.940384
Car-1,2009-09-12 03:26:35,116.483468,39.940182
Car-1,2009-09-12 03:26:37,116.483463,39.939976
Car-1,2009-09-12 03:26:39,116.483457,39.939775
Car-1,2009-09-12 03:26:41,116.483448,39.939551
Car-1,2009-09-12 03:26:43,116.483445,39.939346
Car-1,2009-09-12 03:26:45,116.483448,39.939147
Car-1,2009-09-12 03:26:47,116.483441,39.938948
Car-1,2009-09-12 03:26:49,116.483449,39.938773
Car-1,2009-09-12 03:26:51,116.483461,39.938622
Car-1,2009-09-12 03:26:53,116.483457,39.938477
Car-1,2009-09-12 03:26:55,116.48346,39.938317
Car-1,2009-09-12 03:26:57,116.483458,39.938148
Car-1,2009-09-12 03:26:59,116.483463,39.937973
Car-1,2009-09-12 03:27:01,116.483466,39.937779
Car-1,2009-09-12 03:27:03,116.483467,39.937583
Car-1,2009-09-12 03:27:05,116.483463,39.937398
Car-1,2009-09-12 03:27:07,116.483464,39.937224
Car-1,2009-09-12 03:27:09,116.483457,39.937041
Car-1,2009-09-12 03:27:11,116.483456,39.936852
Car-1,2009-09-12 03:27:13,116.483457,39.936666
Car-1,2009-09-12 03:27:15,116.483452,39.936464
Car-1,2009-09-12 03:27:17,116.483455,39.93626
Car-1,2009-09-12 03:27:19,116.483464,39.936062
Car-1,2009-09-12 03:27:21,116.483457,39.935874
Car-1,2009-09-12 03:27:23,116.48346,39.935675
Car-1,2009-09-12 03:27:25,116.483466,39.93547
Car-1,2009-09-12 03:27:27,116.483464,39.935275
Car-1,2009-09-12 03:27:29,116.48345,39.935066
Car-1,2009-09-12 03:27:31,116.483431,39.934858
Car-1,2009-09-12 03:27:33,116.483415,39.934654
Car-1,2009-09-12 03:27:35,116.48342,39.934442
Car-1,2009-09-12 03:27:37,116.483414,39.93426
Car-1,2009-09-12 03:27:39,116.483403,39.934102
Car-1,2009-09-12 03:27:41,116.483391,39.933972
Car-1,2009-09-12 03:27:43,116.483383,39.933883
Car-1,2009-09-12 03:27:45,116.483383,39.933826
Car-1,2009-09-12 03:27:47,116.483388,39.933791
Car-1,2009-09-12 03:27:49,116.4834,39.933783
Car-1,2009-09-12 03:27:51,116.483399,39.933782
Car-1,2009-09-12 03:28:33,116.482793,39.93254
Car-1,2009-09-12 03:29:15,116.477587,39.932542
Car-1,2009-09-12 03:29:57,116.476438,39.932584
Car-1,2009-09-12 03:29:59,116.47643,39.932556
Car-1,2009-09-12 03:30:01,116.476415,39.932537
Car-1,2009-09-12 03:30:03,116.47641,39.932537
Car-1,2009-09-12 03:30:05,116.476407,39.932537
Car-1,2009-09-12 03:30:07,116.476408,39.932537
Car-1,2009-09-12 03:30:09,116.476406,39.932537
Car-1,2009-09-12 03:30:11,116.476406,39.932538
Car-1,2009-09-12 03:30:13,116.476406,39.932538
Car-1,2009-09-12 03:30:15,116.476409,39.932538
Car-1,2009-09-12 03:30:17,116.476412,39.932538
Car-1,2009-09-12 03:30:19,116.476412,39.932537
Car-1,2009-09-12 03:30:21,116.476409,39.932537
Car-1,2009-09-12 03:30:23,116.476406,39.932537
Car-1,2009-09-12 03:30:25,116.476399,39.932537
Car-1,2009-09-12 03:30:27,116.476306,39.932529
Car-1,2009-09-12 03:30:29,116.476159,39.932524
Car-1,2009-09-12 03:30:31,116.476013,39.932527
Car-1,2009-09-12 03:30:33,116.475805,39.932527
Car-1,2009-09-12 03:30:35,116.475547,39.932512
Car-1,2009-09-12 03:30:37,116.475323,39.932514
Car-1,2009-09-12 03:30:39,116.475098,39.93252
Car-1,2009-09-12 03:30:41,116.4749,39.93251
Car-1,2009-09-12 03:30:43,116.474685,39.932507
Car-1,2009-09-12 03:30:45,116.474484,39.9325
Car-1,2009-09-12 03:30:47,116.474314,39.932508
Car-1,2009-09-12 03:30:49,116.474186,39.932502
Car-1,2009-09-12 03:30:51,116.474088,39.9325
Car-1,2009-09-12 03:30:53,116.47402,39.932492
Car-1,2009-09-12 03:30:55,116.473973,39.932463
Car-1,2009-09-12 03:30:57,116.473924,39.932446
Car-1,2009-09-12 03:30:59,116.473875,39.932447
Car-1,2009-09-12 03:31:01,116.473849,39.932449
Car-1,2009-09-12 03:31:03,116.473832,39.93244
Car-1,2009-09-12 03:31:05,116.473823,39.932438
Car-1,2009-09-12 03:31:07,116.473815,39.932439
Car-1,2009-09-12 03:31:09,116.47381,39.93244
Car-1,2009-09-12 03:31:11,116.473804,39.93244
Car-1,2009-09-12 03:31:13,116.473757,39.932443
Car-1,2009-09-12 03:31:15,116.4737,39.932445
Car-1,2009-09-12 03:31:17,116.473615,39.932479
Car-1,2009-09-12 03:31:19,116.473548,39.932491
Car-1,2009-09-12 03:31:21,116.473457,39.932477
Car-1,2009-09-12 03:31:23,116.473357,39.932477
Car-1,2009-09-12 03:31:25,116.473295,39.932476
Car-1,2009-09-12 03:31:27,116.473247,39.932485
Car-1,2009-09-12 03:31:29,116.473196,39.932482
Car-1,2009-09-12 03:31:31,116.473161,39.932497
Car-1,2009-09-12 03:31:33,116.473125,39.932496
Car-1,2009-09-12 03:31:35,116.47306,39.932477
Car-1,2009-09-12 03:31:37,116.472959,39.932464
Car-1,2009-09-12 03:31:39,116.472825,39.932476
Car-1,2009-09-12 03:31:41,116.472672,39.93248
Car-1,2009-09-12 03:31:43,116.472513,39.932484
Car-1,2009-09-12 03:31:45,116.472344,39.932452
Car-1,2009-09-12 03:31:47,116.472209,39.932335
Car-1,2009-09-12 03:31:49,116.472133,39.932185
Car-1,2009-09-12 03:31:51,116.472083,39.932002
Car-1,2009-09-12 03:31:53,116.472044,39.93181
Car-1,2009-09-12 03:31:55,116.472027,39.931609
Car-1,2009-09-12 03:31:57,116.472041,39.931401
Car-1,2009-09-12 03:31:59,116.472032,39.931196
Car-1,2009-09-12 03:32:01,116.472017,39.931007
Car-1,2009-09-12 03:32:03,116.472017,39.930814
Car-1,2009-09-12 03:32:05,116.472022,39.930629
Car-1,2009-09-12 03:32:07,116.472016,39.930471
Car-1,2009-09-12 03:32:09,116.47202,39.93035
Car-1,2009-09-12 03:32:11,116.472033,39.930263
Car-1,2009-09-12 03:32:13,116.472056,39.930207
Car-1,2009-09-12 03:32:15,116.472065,39.930185
Car-1,2009-09-12 03:32:17,116.472063,39.930164
Car-1,2009-09-12 03:32:19,116.472053,39.930158
Car-1,2009-09-12 03:32:21,116.472053,39.930157
Car-1,2009-09-12 03:32:23,116.472053,39.930155
Car-1,2009-09-12 03:32:25,116.472053,39.930155
Car-1,2009-09-12 03:32:27,116.472053,39.930159
Car-1,2009-09-12 03:32:29,116.472054,39.930162
Car-1,2009-09-12 03:32:31,116.472053,39.930164
Car-1,2009-09-12 03:32:33,116.472053,39.930164
Car-1,2009-09-12 03:32:35,116.472052,39.930165
Car-1,2009-09-12 03:32:37,116.472052,39.930166
Car-1,2009-09-12 03:32:39,116.472052,39.930169
Car-1,2009-09-12 03:32:41,116.472052,39.930173
Car-1,2009-09-12 03:32:43,116.472052,39.930177
Car-1,2009-09-12 03:32:45,116.472052,39.930175
Car-1,2009-09-12 03:32:47,116.472045,39.930142
Car-1,2009-09-12 03:32:49,116.472023,39.930057
Car-1,2009-09-12 03:32:51,116.472015,39.92995
Car-1,2009-09-12 03:32:53,116.471997,39.929819
Car-1,2009-09-12 03:32:55,116.471988,39.929672
Car-1,2009-09-12 03:32:57,116.471976,39.929525
Car-1,2009-09-12 03:32:59,116.471965,39.929344
Car-1,2009-09-12 03:33:01,116.471955,39.929162
Car-1,2009-09-12 03:33:03,116.471991,39.928989
Car-1,2009-09-12 03:33:05,116.472004,39.928817
Car-1,2009-09-12 03:33:07,116.471996,39.928665
Car-1,2009-09-12 03:33:09,116.471997,39.928502
Car-1,2009-09-12 03:33:11,116.471999,39.928433
Car-1,2009-09-12 03:33:13,116.472025,39.928417
Car-1,2009-09-12 03:33:15,116.472052,39.928411
Car-1,2009-09-12 03:33:17,116.472029,39.928409
Car-1,2009-09-12 03:33:19,116.47203,39.928406
Car-1,2009-09-12 03:33:21,116.47203,39.928403
Car-1,2009-09-12 03:33:23,116.472033,39.928399
Car-1,2009-09-12 03:33:25,116.472036,39.928391
Car-1,2009-09-12 03:33:27,116.472037,39.928383
Car-1,2009-09-12 03:33:29,116.472038,39.928376
Car-1,2009-09-12 03:33:31,116.472038,39.928369
Car-1,2009-09-12 03:33:33,116.472039,39.928362
Car-1,2009-09-12 03:33:35,116.472042,39.928357
Car-1,2009-09-12 03:33:37,116.472045,39.928352
Car-1,2009-09-12 03:33:39,116.472047,39.928346
Car-1,2009-09-12 03:33:41,116.472068,39.928276
Car-1,2009-09-12 03:33:43,116.472083,39.928173
Car-1,2009-09-12 03:33:45,116.472106,39.928064
Car-1,2009-09-12 03:33:47,116.472133,39.927941
Car-1,2009-09-12 03:33:49,116.47214,39.927787
Car-1,2009-09-12 03:33:51,116.47212,39.927641
Car-1,2009-09-12 03:33:53,116.472105,39.927499
Car-1,2009-09-12 03:33:55,116.472091,39.927385
Car-1,2009-09-12 03:33:57,116.472053,39.927295
Car-1,2009-09-12 03:33:59,116.472049,39.927202
Car-1,2009-09-12 03:34:01,116.472049,39.927131
Car-1,2009-09-12 03:34:03,116.472029,39.927111
Car-1,2009-09-12 03:34:05,116.472051,39.927094
Car-1,2009-09-12 03:34:07,116.47205,39.927089
Car-1,2009-09-12 03:34:09,116.47205,39.927085
Car-1,2009-09-12 03:34:11,116.47205,39.92708
Car-1,2009-09-12 03:34:13,116.472051,39.927072
Car-1,2009-09-12 03:34:15,116.472057,39.927062
Car-1,2009-09-12 03:34:17,116.472069,39.927053
Car-1,2009-09-12 03:34:19,116.472076,39.927044
Car-1,2009-09-12 03:34:21,116.472097,39.926994
Car-1,2009-09-12 03:34:23,116.472123,39.926956
Car-1,2009-09-12 03:34:25,116.472109,39.926937
Car-1,2009-09-12 03:34:27,116.472136,39.926866
Car-1,2009-09-12 03:34:29,116.4721,39.926811
Car-1,2009-09-12 03:34:31,116.472041,39.926764
Car-1,2009-09-12 03:34:33,116.472001,39.926657
Car-1,2009-09-12 03:34:35,116.471983,39.926532
Car-1,2009-09-12 03:34:37,116.471959,39.926385
Car-1,2009-09-12 03:34:39,116.471947,39.926223
Car-1,2009-09-12 03:34:41,116.471943,39.926036
Car-1,2009-09-12 03:34:43,116.471936,39.925835
Car-1,2009-09-12 03:34:45,116.471936,39.925634
Car-1,2009-09-12 03:34:47,116.471928,39.92543
Car-1,2009-09-12 03:34:49,116.471929,39.925235
Car-1,2009-09-12 03:34:51,116.471921,39.925038
Car-1,2009-09-12 03:34:53,116.471908,39.924832
Car-1,2009-09-12 03:34:55,116.471903,39.924628
Car-1,2009-09-12 03:34:57,116.471919,39.924431
Car-1,2009-09-12 03:34:59,116.471925,39.924232
Car-1,2009-09-12 03:35:01,116.471927,39.924012
Car-1,2009-09-12 03:35:03,116.471896,39.923808
Car-1,2009-09-12 03:35:05,116.47191,39.923598
Car-1,2009-09-12 03:35:07,116.471911,39.923382
Car-1,2009-09-12 03:35:09,116.4719,39.923173
Car-1,2009-09-12 03:35:11,116.47189,39.922979
Car-1,2009-09-12 03:35:13,116.471877,39.92281
Car-1,2009-09-12 03:35:15,116.471878,39.922662
Car-1,2009-09-12 03:35:17,116.47188,39.922538
Car-1,2009-09-12 03:35:19,116.471862,39.922429
Car-1,2009-09-12 03:35:21,116.471866,39.922322
Car-1,2009-09-12 03:35:23,116.471861,39.922222
Car-1,2009-09-12 03:35:25,116.471871,39.92214
Car-1,2009-09-12 03:35:27,116.471874,39.922061
Car-1,2009-09-12 03:35:29,116.471881,39.921969
Car-1,2009-09-12 03:35:31,116.471887,39.921865
Car-1,2009-09-12 03:35:33,116.471889,39.921759
Car-1,2009-09-12 03:35:35,116.471892,39.921658
Car-1,2009-09-12 03:35:37,116.471899,39.921563
Car-1,2009-09-12 03:35:39,116.471906,39.92148
Car-1,2009-09-12 03:35:41,116.471904,39.921385
Car-1,2009-09-12 03:35:43,116.471906,39.921284
Car-1,2009-09-12 03:35:45,116.471915,39.921155
Car-1,2009-09-12 03:35:47,116.471927,39.921003
Car-1,2009-09-12 03:35:49,116.47192,39.920855
Car-1,2009-09-12 03:35:51,116.471883,39.920706
Car-1,2009-09-12 03:35:53,116.471878,39.920597
Car-1,2009-09-12 03:35:55,116.471877,39.920507
Car-1,2009-09-12 03:35:57,116.471866,39.920457
Car-1,2009-09-12 03:35:59,116.471835,39.920453
Car-1,2009-09-12 03:36:01,116.471837,39.920423
Car-1,2009-09-12 03:36:03,116.471827,39.920389
Car-1,2009-09-12 03:36:05,116.471795,39.920355
Car-1,2009-09-12 03:36:07,116.471821,39.920336
Car-1,2009-09-12 03:36:09,116.471867,39.920315
Car-1,2009-09-12 03:36:11,116.471867,39.920312
Car-1,2009-09-12 03:36:13,116.471868,39.920306
Car-1,2009-09-12 03:36:15,116.471869,39.9203
Car-1,2009-09-12 03:36:17,116.47187,39.920295
Car-1,2009-09-12 03:36:19,116.471871,39.920293
Car-1,2009-09-12 03:36:21,116.471871,39.92029
Car-1,2009-09-12 03:36:23,116.471875,39.920281
Car-1,2009-09-12 03:36:25,116.471887,39.920273
Car-1,2009-09-12 03:36:27,116.471886,39.920217
Car-1,2009-09-12 03:36:29,116.471899,39.920171
Car-1,2009-09-12 03:36:31,116.471914,39.920167
Car-1,2009-09-12 03:36:33,116.471926,39.920168
Car-1,2009-09-12 03:36:35,116.471933,39.92017
Car-1,2009-09-12 03:36:37,116.471933,39.920171
Car-1,2009-09-12 03:36:39,116.471932,39.920168
Car-1,2009-09-12 03:36:41,116.471908,39.920106
Car-1,2009-09-12 03:36:43,116.471889,39.920036
Car-1,2009-09-12 03:36:45,116.471883,39.919965
Car-1,2009-09-12 03:36:47,116.471872,39.919837
Car-1,2009-09-12 03:36:49,116.471857,39.919711
Car-1,2009-09-12 03:36:51,116.471853,39.91959
Car-1,2009-09-12 03:36:53,116.471816,39.91942
Car-1,2009-09-12 03:36:55,116.471797,39.919246
Car-1,2009-09-12 03:36:57,116.471796,39.919062
Car-1,2009-09-12 03:36:59,116.47182,39.918858
Car-1,2009-09-12 03:37:01,116.471809,39.918681
Car-1,2009-09-12 03:37:03,116.47179,39.918519
Car-1,2009-09-12 03:37:05,116.471786,39.918381
Car-1,2009-09-12 03:37:07,116.471801,39.918238
Car-1,2009-09-12 03:37:09,116.471798,39.918079
Car-1,2009-09-12 03:37:11,116.4718,39.917908
Car-1,2009-09-12 03:37:13,116.471791,39.917717
Car-1,2009-09-12 03:37:15,116.471786,39.917513
Car-1,2009-09-12 03:37:17,116.471786,39.917333
Car-1,2009-09-12 03:37:19,116.471789,39.917155
Car-1,2009-09-12 03:37:21,116.471784,39.917001
Car-1,2009-09-12 03:37:23,116.471796,39.916853
Car-1,2009-09-12 03:37:25,116.471793,39.916734
Car-1,2009-09-12 03:37:27,116.471799,39.91667
Car-1,2009-09-12 03:37:29,116.471791,39.916666
Car-1,2009-09-12 03:37:31,116.471774,39.916677
Car-1,2009-09-12 03:37:33,116.47177,39.91668
Car-1,2009-09-12 03:37:35,116.47177,39.916679
Car-1,2009-09-12 03:37:37,116.47177,39.916678
Car-1,2009-09-12 03:37:39,116.47177,39.916677
Car-1,2009-09-12 03:37:41,116.47177,39.916675
Car-1,2009-09-12 03:37:43,116.47177,39.916673
Car-1,2009-09-12 03:37:45,116.47177,39.916671
Car-1,2009-09-12 03:37:47,116.471769,39.916653
Car-1,2009-09-12 03:37:49,116.471767,39.916611
Car-1,2009-09-12 03:37:51,116.471768,39.916545
Car-1,2009-09-12 03:37:53,116.471767,39.916479
Car-1,2009-09-12 03:37:55,116.471764,39.916434
Car-1,2009-09-12 03:37:57,116.471755,39.916424
Car-1,2009-09-12 03:37:59,116.471764,39.916429
Car-1,2009-09-12 03:38:01,116.471767,39.916431
Car-1,2009-09-12 03:38:03,116.471768,39.916432
Car-1,2009-09-12 03:38:05,116.471767,39.916417
Car-1,2009-09-12 03:38:07,116.471763,39.916394
Car-1,2009-09-12 03:38:09,116.471764,39.91636
Car-1,2009-09-12 03:38:11,116.471782,39.916331
Car-1,2009-09-12 03:38:13,116.471778,39.916269
Car-1,2009-09-12 03:38:15,116.471764,39.91615
Car-1,2009-09-12 03:38:17,116.471751,39.916043
Car-1,2009-09-12 03:38:19,116.471755,39.915918
Car-1,2009-09-12 03:38:21,116.471725,39.915792
Car-1,2009-09-12 03:38:23,116.471733,39.915641
Car-1,2009-09-12 03:38:25,116.471724,39.915513
Car-1,2009-09-12 03:38:27,116.471735,39.915387
Car-1,2009-09-12 03:38:29,116.471731,39.915251
Car-1,2009-09-12 03:38:31,116.471728,39.915108
Car-1,2009-09-12 03:38:33,116.471723,39.914961
Car-1,2009-09-12 03:38:35,116.471721,39.91485
Car-1,2009-09-12 03:38:37,116.471716,39.914794
Car-1,2009-09-12 03:38:39,116.471702,39.914761
Car-1,2009-09-12 03:38:41,116.471707,39.914731
Car-1,2009-09-12 03:38:43,116.471733,39.914719
Car-1,2009-09-12 03:38:45,116.471739,39.914699
Car-1,2009-09-12 03:38:47,116.471739,39.914695
Car-1,2009-09-12 03:38:49,116.471739,39.914692
Car-1,2009-09-12 03:38:51,116.471739,39.914687
Car-1,2009-09-12 03:38:53,116.471739,39.91468
Car-1,2009-09-12 03:38:55,116.471739,39.914672
Car-1,2009-09-12 03:38:57,116.471739,39.914663
Car-1,2009-09-12 03:38:59,116.47174,39.914654
Car-1,2009-09-12 03:39:01,116.47174,39.914648
Car-1,2009-09-12 03:39:03,116.471741,39.914642
Car-1,2009-09-12 03:39:05,116.471742,39.914635
Car-1,2009-09-12 03:39:07,116.471745,39.914625
Car-1,2009-09-12 03:39:09,116.471748,39.914613
Car-1,2009-09-12 03:39:11,116.471756,39.914603
Car-1,2009-09-12 03:39:13,116.471758,39.914596
Car-1,2009-09-12 03:39:15,116.471759,39.914587
Car-1,2009-09-12 03:39:17,116.471764,39.914576
Car-1,2009-09-12 03:39:19,116.471771,39.914567
Car-1,2009-09-12 03:39:21,116.47178,39.914556
Car-1,2009-09-12 03:39:23,116.47179,39.914547
Car-1,2009-09-12 03:39:25,116.471791,39.914541
Car-1,2009-09-12 03:39:27,116.471793,39.914537
Car-1,2009-09-12 03:39:29,116.471794,39.914536
Car-1,2009-09-12 03:39:31,116.471794,39.914535
Car-1,2009-09-12 03:39:33,116.471795,39.914536
Car-1,2009-09-12 03:39:35,116.471795,39.914535
Car-1,2009-09-12 03:39:37,116.471795,39.914534
Car-1,2009-09-12 03:39:39,116.471795,39.914532
Car-1,2009-09-12 03:39:41,116.471796,39.91453
Car-1,2009-09-12 03:39:43,116.471796,39.91453
Car-1,2009-09-12 03:39:45,116.471796,39.914534
Car-1,2009-09-12 03:39:47,116.471796,39.914534
Car-1,2009-09-12 03:39:49,116.471797,39.914532
Car-1,2009-09-12 03:39:51,116.471797,39.914532
Car-1,2009-09-12 03:39:53,116.471796,39.914526
Car-1,2009-09-12 03:39:55,116.471791,39.914487
Car-1,2009-09-12 03:39:57,116.471784,39.914424
Car-1,2009-09-12 03:39:59,116.471801,39.914346
Car-1,2009-09-12 03:40:01,116.471798,39.914264
Car-1,2009-09-12 03:40:03,116.471803,39.914165
Car-1,2009-09-12 03:40:05,116.471725,39.914102
Car-1,2009-09-12 03:40:07,116.471678,39.914064
Car-1,2009-09-12 03:40:09,116.471662,39.913989
Car-1,2009-09-12 03:40:11,116.471655,39.913896
Car-1,2009-09-12 03:40:13,116.471623,39.91378
Car-1,2009-09-12 03:40:15,116.471579,39.91364
Car-1,2009-09-12 03:40:17,116.471529,39.913487
Car-1,2009-09-12 03:40:19,116.471525,39.913307
Car-1,2009-09-12 03:40:21,116.471553,39.913116
Car-1,2009-09-12 03:40:23,116.471588,39.912937
Car-1,2009-09-12 03:40:25,116.471597,39.91277
Car-1,2009-09-12 03:40:27,116.471641,39.912581
Car-1,2009-09-12 03:40:29,116.471654,39.912422
Car-1,2009-09-12 03:40:31,116.471664,39.912249
Car-1,2009-09-12 03:40:33,116.471637,39.912075
Car-1,2009-09-12 03:40:35,116.47164,39.911887
Car-1,2009-09-12 03:40:37,116.471599,39.911718
Car-1,2009-09-12 03:40:39,116.471564,39.911559
Car-1,2009-09-12 03:40:41,116.471557,39.911409
Car-1,2009-09-12 03:40:43,116.471554,39.911288
Car-1,2009-09-12 03:40:45,116.471531,39.911219
Car-1,2009-09-12 03:40:47,116.471539,39.911213
Car-1,2009-09-12 03:40:49,116.471541,39.911218
Car-1,2009-09-12 03:40:51,116.471541,39.911217
Car-1,2009-09-12 03:40:53,116.47152,39.911186
Car-1,2009-09-12 03:40:55,116.47145,39.911149
Car-1,2009-09-12 03:40:57,116.471358,39.911094
Car-1,2009-09-12 03:40:59,116.471334,39.911035
Car-1,2009-09-12 03:41:01,116.471373,39.910869
Car-1,2009-09-12 03:41:03,116.471421,39.910709
Car-1,2009-09-12 03:41:05,116.471421,39.910581
Car-1,2009-09-12 03:41:07,116.471415,39.910463
Car-1,2009-09-12 03:41:09,116.47141,39.910327
Car-1,2009-09-12 03:41:11,116.471418,39.910199
Car-1,2009-09-12 03:41:13,116.471548,39.910007
Car-1,2009-09-12 03:41:15,116.471583,39.909903
Car-1,2009-09-12 03:41:17,116.471617,39.909807
Car-1,2009-09-12 03:41:19,116.471619,39.909695
Car-1,2009-09-12 03:41:21,116.471577,39.909553
Car-1,2009-09-12 03:41:23,116.471491,39.909401
Car-1,2009-09-12 03:41:25,116.471413,39.909255
Car-1,2009-09-12 03:41:27,116.471365,39.909103
Car-1,2009-09-12 03:41:29,116.47133,39.908924
Car-1,2009-09-12 03:41:31,116.4713,39.9087
Car-1,2009-09-12 03:41:33,116.47129,39.908527
Car-1,2009-09-12 03:41:35,116.471299,39.908375
Car-1,2009-09-12 03:41:37,116.471319,39.908212
Car-1,2009-09-12 03:41:39,116.471319,39.908085
Car-1,2009-09-12 03:41:41,116.471338,39.907981
Car-1,2009-09-12 03:41:43,116.471357,39.907907
Car-1,2009-09-12 03:41:45,116.471384,39.907797
Car-1,2009-09-12 03:41:47,116.471398,39.907711
Car-1,2009-09-12 03:41:49,116.471385,39.907662
Car-1,2009-09-12 03:41:51,116.47142,39.907628
Car-1,2009-09-12 03:41:53,116.471441,39.907609
Car-1,2009-09-12 03:41:55,116.471459,39.907604
Car-1,2009-09-12 03:41:57,116.471481,39.907599
Car-1,2009-09-12 03:41:59,116.471481,39.907597
Car-1,2009-09-12 03:42:01,116.471485,39.907591
Car-1,2009-09-12 03:42:03,116.47149,39.907578
Car-1,2009-09-12 03:42:05,116.471494,39.907561
Car-1,2009-09-12 03:42:07,116.471508,39.907545
Car-1,2009-09-12 03:42:09,116.471532,39.907542
Car-1,2009-09-12 03:42:11,116.47154,39.907531
Car-1,2009-09-12 03:42:13,116.471558,39.907521
Car-1,2009-09-12 03:42:15,116.471558,39.907507
Car-1,2009-09-12 03:42:17,116.471554,39.907492
Car-1,2009-09-12 03:42:19,116.471551,39.907478
Car-1,2009-09-12 03:42:21,116.471549,39.907448
Car-1,2009-09-12 03:42:23,116.471549,39.90742
Car-1,2009-09-12 03:42:25,116.47154,39.907379
Car-1,2009-09-12 03:42:27,116.471504,39.907333
Car-1,2009-09-12 03:42:29,116.471486,39.907254
Car-1,2009-09-12 03:42:31,116.471442,39.907214
Car-1,2009-09-12 03:42:33,116.471369,39.907195
Car-1,2009-09-12 03:42:35,116.471268,39.907186
Car-1,2009-09-12 03:42:37,116.471151,39.907193
Car-1,2009-09-12 03:42:39,116.471029,39.907193
Car-1,2009-09-12 03:42:41,116.470844,39.907189
Car-1,2009-09-12 03:42:43,116.470656,39.907204
Car-1,2009-09-12 03:42:45,116.470487,39.907223
Car-1,2009-09-12 03:42:47,116.470331,39.907219
Car-1,2009-09-12 03:42:49,116.470217,39.907223
Car-1,2009-09-12 03:42:51,116.470123,39.907243
Car-1,2009-09-12 03:42:53,116.470061,39.907242
Car-1,2009-09-12 03:42:55,116.470047,39.907249
Car-1,2009-09-12 03:42:57,116.47004,39.907249
Car-1,2009-09-12 03:42:59,116.470039,39.907252
Car-1,2009-09-12 03:43:01,116.470039,39.907252
Car-1,2009-09-12 03:43:03,116.470039,39.907251
Car-1,2009-09-12 03:43:05,116.47004,39.907252
Car-1,2009-09-12 03:43:07,116.47004,39.907252
Car-1,2009-09-12 03:43:09,116.47004,39.907249
Car-1,2009-09-12 03:43:11,116.47004,39.907246
Car-1,2009-09-12 03:43:13,116.47004,39.907243
Car-1,2009-09-12 03:43:15,116.47004,39.907244
Car-1,2009-09-12 03:43:17,116.47004,39.907241
Car-1,2009-09-12 03:43:19,116.47004,39.907238
Car-1,2009-09-12 03:43:21,116.47004,39.907238
Car-1,2009-09-12 03:43:23,116.470039,39.907239
Car-1,2009-09-12 03:43:25,116.47004,39.90724
Car-1,2009-09-12 03:43:27,116.47004,39.907244
Car-1,2009-09-12 03:43:29,116.47004,39.907246
Car-1,2009-09-12 03:43:31,116.47004,39.907245
Car-1,2009-09-12 03:43:33,116.470039,39.907246
Car-1,2009-09-12 03:43:35,116.470038,39.90725
Car-1,2009-09-12 03:43:37,116.470037,39.907254
Car-1,2009-09-12 03:43:39,116.470031,39.907252
Car-1,2009-09-12 03:43:41,116.469972,39.907256
Car-1,2009-09-12 03:43:43,116.469857,39.907248
Car-1,2009-09-12 03:43:45,116.469742,39.907248
Car-1,2009-09-12 03:43:47,116.469566,39.907252
Car-1,2009-09-12 03:43:49,116.469383,39.907253
Car-1,2009-09-12 03:43:51,116.469208,39.90726
Car-1,2009-09-12 03:43:53,116.469022,39.907248
Car-1,2009-09-12 03:43:55,116.468808,39.907222
Car-1,2009-09-12 03:43:57,116.468516,39.907158
Car-1,2009-09-12 03:43:59,116.468213,39.907107
Car-1,2009-09-12 03:44:01,116.467894,39.907079
Car-1,2009-09-12 03:44:03,116.467606,39.907035
Car-1,2009-09-12 03:44:05,116.467305,39.907015
Car-1,2009-09-12 03:44:07,116.466966,39.907036
Car-1,2009-09-12 03:44:09,116.466638,39.907073
Car-1,2009-09-12 03:44:11,116.466343,39.907076
Car-1,2009-09-12 03:44:13,116.466056,39.907071
Car-1,2009-09-12 03:44:15,116.465781,39.907062
Car-1,2009-09-12 03:44:17,116.465537,39.907055
Car-1,2009-09-12 03:44:19,116.465323,39.907058
Car-1,2009-09-12 03:44:21,116.46519,39.907075
Car-1,2009-09-12 03:44:23,116.465122,39.907094
Car-1,2009-09-12 03:44:25,116.465132,39.9071
Car-1,2009-09-12 03:44:27,116.465141,39.907124
Car-1,2009-09-12 03:44:29,116.465129,39.90714
Car-1,2009-09-12 03:44:31,116.465128,39.907137
Car-1,2009-09-12 03:44:33,116.465128,39.907139
Car-1,2009-09-12 03:44:35,116.465128,39.907142
Car-1,2009-09-12 03:44:37,116.465129,39.907141
Car-1,2009-09-12 03:44:39,116.46513,39.907136
Car-1,2009-09-12 03:44:41,116.465131,39.90713
Car-1,2009-09-12 03:44:43,116.465133,39.907121
Car-1,2009-09-12 03:44:45,116.465132,39.907111
Car-1,2009-09-12 03:44:47,116.465131,39.907101
Car-1,2009-09-12 03:44:49,116.465132,39.907094
Car-1,2009-09-12 03:44:51,116.46513,39.907083
Car-1,2009-09-12 03:44:53,116.465123,39.907067
Car-1,2009-09-12 03:44:55,116.465115,39.90705
Car-1,2009-09-12 03:44:57,116.465101,39.90698
Car-1,2009-09-12 03:44:59,116.465074,39.90692
Car-1,2009-09-12 03:45:01,116.465038,39.906872
Car-1,2009-09-12 03:45:03,116.464961,39.906829
Car-1,2009-09-12 03:45:05,116.464914,39.906745
Car-1,2009-09-12 03:45:07,116.464757,39.906759
Car-1,2009-09-12 03:45:09,116.464546,39.906764
Car-1,2009-09-12 03:45:11,116.464341,39.906778
Car-1,2009-09-12 03:45:13,116.464113,39.9068
Car-1,2009-09-12 03:45:15,116.463851,39.906815
Car-1,2009-09-12 03:45:17,116.463575,39.906822
Car-1,2009-09-12 03:45:19,116.463294,39.906851
Car-1,2009-09-12 03:45:21,116.463013,39.906883
Car-1,2009-09-12 03:45:23,116.462724,39.906909
Car-1,2009-09-12 03:45:25,116.462441,39.906914
Car-1,2009-09-12 03:45:27,116.462162,39.906927
Car-1,2009-09-12 03:45:29,116.461868,39.906958
Car-1,2009-09-12 03:45:31,116.461561,39.90701
Car-1,2009-09-12 03:45:33,116.461267,39.907011
Car-1,2009-09-12 03:45:35,116.460977,39.907028
Car-1,2009-09-12 03:45:37,116.46068,39.907027
Car-1,2009-09-12 03:45:39,116.460407,39.907041
Car-1,2009-09-12 03:45:41,116.460132,39.907059
Car-1,2009-09-12 03:45:43,116.459861,39.90706
Car-1,2009-09-12 03:45:45,116.459601,39.907084
Car-1,2009-09-12 03:45:47,116.459341,39.907119
Car-1,2009-09-12 03:45:49,116.459083,39.907141
Car-1,2009-09-12 03:45:51,116.45884,39.907135
Car-1,2009-09-12 03:45:53,116.45859,39.90715
Car-1,2009-09-12 03:45:55,116.458369,39.907151
Car-1,2009-09-12 03:45:57,116.458165,39.907155
Car-1,2009-09-12 03:45:59,116.457994,39.907172
Car-1,2009-09-12 03:46:01,116.457854,39.907189
Car-1,2009-09-12 03:46:03,116.457799,39.907217
Car-1,2009-09-12 03:46:05,116.457745,39.907214
Car-1,2009-09-12 03:46:07,116.457722,39.907209
Car-1,2009-09-12 03:46:09,116.457687,39.907232
Car-1,2009-09-12 03:46:11,116.457691,39.907234
Car-1,2009-09-12 03:46:13,116.45769,39.907235
Car-1,2009-09-12 03:46:15,116.457691,39.907233
Car-1,2009-09-12 03:46:17,116.45769,39.907231
Car-1,2009-09-12 03:46:19,116.457689,39.907229
Car-1,2009-09-12 03:46:21,116.457687,39.907231
Car-1,2009-09-12 03:46:23,116.457686,39.907232
Car-1,2009-09-12 03:46:25,116.457685,39.907231
Car-1,2009-09-12 03:46:27,116.457684,39.907229
Car-1,2009-09-12 03:46:29,116.457683,39.907227
Car-1,2009-09-12 03:46:31,116.457683,39.907224
Car-1,2009-09-12 03:46:33,116.457684,39.90722
Car-1,2009-09-12 03:46:35,116.457683,39.907215
Car-1,2009-09-12 03:46:37,116.457683,39.907211
Car-1,2009-09-12 03:46:39,116.457682,39.907207
Car-1,2009-09-12 03:46:41,116.457635,39.907204
Car-1,2009-09-12 03:46:43,116.457532,39.907181
Car-1,2009-09-12 03:46:45,116.45741,39.907172
Car-1,2009-09-12 03:46:47,116.457315,39.907132
Car-1,2009-09-12 03:46:49,116.457192,39.90711
Car-1,2009-09-12 03:46:51,116.457064,39.90707
Car-1,2009-09-12 03:46:53,116.456917,39.907044
Car-1,2009-09-12 03:46:55,116.456733,39.907023
Car-1,2009-09-12 03:46:57,116.45654,39.907021
Car-1,2009-09-12 03:46:59,116.456356,39.907022
Car-1,2009-09-12 03:47:01,116.456153,39.907026
Car-1,2009-09-12 03:47:03,116.455989,39.907029
Car-1,2009-09-12 03:47:05,116.45582,39.907039
Car-1,2009-09-12 03:47:07,116.455681,39.907017
Car-1,2009-09-12 03:47:09,116.455529,39.906982
Car-1,2009-09-12 03:47:11,116.455393,39.906955
Car-1,2009-09-12 03:47:13,116.45529,39.906946
Car-1,2009-09-12 03:47:15,116.455236,39.906927
Car-1,2009-09-12 03:47:17,116.455211,39.906893
Car-1,2009-09-12 03:47:19,116.455203,39.906797
Car-1,2009-09-12 03:47:21,116.455118,39.906742
Car-1,2009-09-12 03:47:23,116.455138,39.906536
Car-1,2009-09-12 03:47:25,116.455159,39.906364
Car-1,2009-09-12 03:47:27,116.455161,39.906178
Car-1,2009-09-12 03:47:29,116.455122,39.90599
Car-1,2009-09-12 03:47:31,116.455086,39.90582
Car-1,2009-09-12 03:47:33,116.45506,39.905672
Car-1,2009-09-12 03:47:35,116.455033,39.905519
Car-1,2009-09-12 03:47:37,116.45502,39.905352
Car-1,2009-09-12 03:47:39,116.454998,39.905171
Car-1,2009-09-12 03:47:41,116.45485,39.905107
Car-1,2009-09-12 03:47:43,116.454765,39.905031
Car-1,2009-09-12 03:47:45,116.454699,39.904955
Car-1,2009-09-12 03:47:47,116.454629,39.904906
Car-1,2009-09-12 03:47:49,116.454582,39.904836
Car-1,2009-09-12 03:47:51,116.454548,39.904794
Car-1,2009-09-12 03:47:53,116.45452,39.904738
Car-1,2009-09-12 03:47:55,116.454504,39.9047
Car-1,2009-09-12 03:47:57,116.4545,39.904674
Car-1,2009-09-12 03:47:59,116.454485,39.904727
Car-1,2009-09-12 03:48:01,116.454497,39.904717
Car-1,2009-09-12 03:48:03,116.454496,39.904722
Car-1,2009-09-12 03:48:05,116.454484,39.904726
Car-1,2009-09-12 03:48:07,116.45444,39.904718
Car-1,2009-09-12 03:48:09,116.454392,39.904707
Car-1,2009-09-12 03:48:11,116.454337,39.904683
Car-1,2009-09-12 03:48:13,116.454303,39.904649
Car-1,2009-09-12 03:48:15,116.454283,39.904616
Car-1,2009-09-12 03:48:17,116.454277,39.904598
Car-1,2009-09-12 03:48:19,116.454264,39.904598
Car-1,2009-09-12 03:48:21,116.45424,39.904592
Car-1,2009-09-12 03:48:23,116.454222,39.904585
Car-1,2009-09-12 03:48:25,116.454217,39.90459
Car-1,2009-09-12 03:48:27,116.454204,39.904593
Car-1,2009-09-12 03:48:29,116.454199,39.904619
Car-1,2009-09-12 03:48:31,116.454196,39.904637
Car-1,2009-09-12 03:48:33,116.45419,39.904652
Car-1,2009-09-12 03:48:35,116.454184,39.904647
Car-1,2009-09-12 03:48:37,116.454195,39.90461
Car-1,2009-09-12 03:48:39,116.454202,39.904547
Car-1,2009-09-12 03:48:41,116.454193,39.904492
Car-1,2009-09-12 03:48:43,116.454188,39.904422
Car-1,2009-09-12 03:48:45,116.454194,39.90434
Car-1,2009-09-12 03:48:47,116.4542,39.904306
Car-1,2009-09-12 03:48:49,116.454194,39.904285
Car-1,2009-09-12 03:48:51,116.454174,39.904284
Car-1,2009-09-12 03:48:53,116.454164,39.904289
Car-1,2009-09-12 03:48:55,116.454154,39.904297
Car-1,2009-09-12 03:48:57,116.454153,39.904299
Car-1,2009-09-12 03:48:59,116.454148,39.904293
Car-1,2009-09-12 03:49:01,116.454149,39.904286
Car-1,2009-09-12 03:49:03,116.454162,39.904283
Car-1,2009-09-12 03:49:05,116.454164,39.904288
Car-1,2009-09-12 03:49:07,116.454183,39.904293
Car-1,2009-09-12 03:49:09,116.454213,39.904293
Car-1,2009-09-12 03:49:11,116.454245,39.904291
Car-1,2009-09-12 03:49:13,116.45436,39.904263
Car-1,2009-09-12 03:49:15,116.454433,39.904263
Car-1,2009-09-12 03:49:17,116.454548,39.904228
Car-1,2009-09-12 03:49:19,116.454645,39.904208
Car-1,2009-09-12 03:49:21,116.454711,39.904197
Car-1,2009-09-12 03:49:23,116.454755,39.904175
Car-1,2009-09-12 03:49:25,116.45478,39.904161
Car-1,2009-09-12 03:49:27,116.454805,39.904155
Car-1,2009-09-12 03:49:29,116.454804,39.904154
Car-1,2009-09-12 03:49:31,116.454803,39.904144
Car-1,2009-09-12 03:49:33,116.454802,39.904141
Car-1,2009-09-12 03:49:35,116.454792,39.904143
Car-1,2009-09-12 03:49:37,116.454785,39.904126
Car-1,2009-09-12 03:49:39,116.454833,39.90416
Car-1,2009-09-12 03:49:41,116.454865,39.904127
Car-1,2009-09-12 03:49:43,116.454876,39.90407
Car-1,2009-09-12 03:49:45,116.454901,39.90404
Car-1,2009-09-12 03:49:47,116.45492,39.904007
Car-1,2009-09-12 03:49:49,116.454938,39.903984
Car-1,2009-09-12 03:49:51,116.454945,39.903945
Car-1,2009-09-12 03:49:53,116.454948,39.903924
Car-1,2009-09-12 03:49:55,116.454946,39.903916
Car-1,2009-09-12 03:49:57,116.454945,39.903906
Car-1,2009-09-12 03:49:59,116.454968,39.903899
Car-1,2009-09-12 03:50:01,116.455009,39.903899
Car-1,2009-09-12 03:50:03,116.455021,39.9039
Car-1,2009-09-12 03:50:05,116.455057,39.903883
Car-1,2009-09-12 03:50:07,116.455061,39.903861
Car-1,2009-09-12 03:50:09,116.455093,39.903832
Car-1,2009-09-12 03:50:11,116.455134,39.903807
Car-1,2009-09-12 03:50:13,116.455163,39.903778
Car-1,2009-09-12 03:50:15,116.455197,39.903773
Car-1,2009-09-12 03:50:17,116.455218,39.903765
Car-1,2009-09-12 03:50:19,116.455225,39.903754
Car-1,2009-09-12 03:50:21,116.455213,39.903739
Car-1,2009-09-12 03:50:23,116.455198,39.903703
Car-1,2009-09-12 03:50:25,116.455198,39.903647
Car-1,2009-09-12 03:50:27,116.455201,39.903582
Car-1,2009-09-12 03:50:29,116.455199,39.903501
Car-1,2009-09-12 03:50:31,116.455221,39.903404
Car-1,2009-09-12 03:50:33,116.455262,39.903274
Car-1,2009-09-12 03:50:35,116.455208,39.903183
Car-1,2009-09-12 03:50:37,116.455155,39.90309
Car-1,2009-09-12 03:50:39,116.455111,39.902976
Car-1,2009-09-12 03:50:41,116.455101,39.902844
Car-1,2009-09-12 03:50:43,116.455108,39.90271
Car-1,2009-09-12 03:50:45,116.455136,39.902589
Car-1,2009-09-12 03:50:47,116.455149,39.902466
Car-1,2009-09-12 03:50:49,116.455188,39.902354
Car-1,2009-09-12 03:50:51,116.455219,39.90227
Car-1,2009-09-12 03:50:53,116.455225,39.902182
Car-1,2009-09-12 03:50:55,116.455214,39.902099
Car-1,2009-09-12 03:50:57,116.455202,39.902022
Car-1,2009-09-12 03:50:59,116.455199,39.901949
Car-1,2009-09-12 03:51:01,116.455198,39.901886
Car-1,2009-09-12 03:51:03,116.455195,39.901829
Car-1,2009-09-12 03:51:05,116.455194,39.901763
Car-1,2009-09-12 03:51:07,116.455204,39.901672
Car-1,2009-09-12 03:51:09,116.455213,39.90156
Car-1,2009-09-12 03:51:11,116.45522,39.901421
Car-1,2009-09-12 03:51:13,116.455214,39.901252
Car-1,2009-09-12 03:51:15,116.455204,39.901058
Car-1,2009-09-12 03:51:17,116.455186,39.900848
Car-1,2009-09-12 03:51:19,116.455187,39.900675
Car-1,2009-09-12 03:51:21,116.45522,39.900533
Car-1,2009-09-12 03:51:23,116.455279,39.90038
Car-1,2009-09-12 03:51:25,116.455315,39.900214
Car-1,2009-09-12 03:51:27,116.455351,39.900021
Car-1,2009-09-12 03:51:29,116.455374,39.899837
Car-1,2009-09-12 03:51:31,116.455358,39.899645
Car-1,2009-09-12 03:51:33,116.455305,39.899445
Car-1,2009-09-12 03:51:35,116.455264,39.899271
Car-1,2009-09-12 03:51:37,116.455237,39.899114
Car-1,2009-09-12 03:51:39,116.45521,39.898957
Car-1,2009-09-12 03:51:41,116.455184,39.898795
Car-1,2009-09-12 03:51:43,116.455178,39.898633
Car-1,2009-09-12 03:51:45,116.455136,39.898459
Car-1,2009-09-12 03:51:47,116.455121,39.898309
Car-1,2009-09-12 03:51:49,116.455106,39.898155
Car-1,2009-09-12 03:51:51,116.455105,39.898
Car-1,2009-09-12 03:51:53,116.455089,39.897805
Car-1,2009-09-12 03:51:55,116.455107,39.897582
Car-1,2009-09-12 03:51:57,116.455134,39.897366
Car-1,2009-09-12 03:51:59,116.455136,39.89716
Car-1,2009-09-12 03:52:01,116.455151,39.896982
Car-1,2009-09-12 03:52:03,116.455159,39.896813
Car-1,2009-09-12 03:52:05,116.455175,39.896659
Car-1,2009-09-12 03:52:07,116.45516,39.896507
Car-1,2009-09-12 03:52:09,116.455112,39.896362
Car-1,2009-09-12 03:52:11,116.455046,39.896237
Car-1,2009-09-12 03:52:13,116.455025,39.896127
Car-1,2009-09-12 03:52:15,116.455007,39.896043
Car-1,2009-09-12 03:52:17,116.454991,39.895965
Car-1,2009-09-12 03:52:19,116.454992,39.895924
Car-1,2009-09-12 03:52:21,116.455005,39.89589
Car-1,2009-09-12 03:52:23,116.45503,39.895834
Car-1,2009-09-12 03:52:25,116.455089,39.89573
Car-1,2009-09-12 03:52:27,116.455105,39.895683
Car-1,2009-09-12 03:52:29,116.455141,39.895586
Car-1,2009-09-12 03:52:31,116.455175,39.895492
Car-1,2009-09-12 03:52:33,116.455188,39.89537
Car-1,2009-09-12 03:52:35,116.455215,39.895195
Car-1,2009-09-12 03:52:37,116.455256,39.895011
Car-1,2009-09-12 03:52:39,116.455275,39.894838
Car-1,2009-09-12 03:52:41,116.455294,39.894636
Car-1,2009-09-12 03:52:43,116.455298,39.894416
Car-1,2009-09-12 03:52:45,116.455276,39.894176
Car-1,2009-09-12 03:52:47,116.455261,39.893923
Car-1,2009-09-12 03:52:49,116.455264,39.89368
Car-1,2009-09-12 03:52:51,116.455247,39.893463
Car-1,2009-09-12 03:52:53,116.45523,39.893234
Car-1,2009-09-12 03:52:55,116.455222,39.893026
Car-1,2009-09-12 03:52:57,116.455213,39.892795
Car-1,2009-09-12 03:52:59,116.455231,39.892555
Car-1,2009-09-12 03:53:01,116.45522,39.89235
Car-1,2009-09-12 03:53:03,116.455206,39.892129
Car-1,2009-09-12 03:53:05,116.455177,39.8919
Car-1,2009-09-12 03:53:07,116.455155,39.891672
Car-1,2009-09-12 03:53:09,116.455149,39.891428
Car-1,2009-09-12 03:53:11,116.455143,39.89118
Car-1,2009-09-12 03:53:13,116.455145,39.890949
Car-1,2009-09-12 03:53:15,116.455135,39.890707
Car-1,2009-09-12 03:53:17,116.455126,39.890454
Car-1,2009-09-12 03:53:19,116.455128,39.890205
Car-1,2009-09-12 03:53:21,116.45512,39.889947
Car-1,2009-09-12 03:53:23,116.455126,39.889718
Car-1,2009-09-12 03:53:25,116.455111,39.889488
Car-1,2009-09-12 03:53:27,116.455114,39.88925
Car-1,2009-09-12 03:53:29,116.455107,39.889011
Car-1,2009-09-12 03:53:31,116.45509,39.888795
Car-1,2009-09-12 03:53:33,116.455071,39.888582
Car-1,2009-09-12 03:53:35,116.455035,39.888408
Car-1,2009-09-12 03:53:37,116.455016,39.888239
Car-1,2009-09-12 03:53:39,116.455016,39.88812
Car-1,2009-09-12 03:53:41,116.45498,39.888039
Car-1,2009-09-12 03:53:43,116.454987,39.888024
Car-1,2009-09-12 03:53:45,116.455003,39.888019
Car-1,2009-09-12 03:53:47,116.455017,39.888025
Car-1,2009-09-12 03:53:49,116.454969,39.888068
Car-1,2009-09-12 03:53:51,116.454969,39.888074
Car-1,2009-09-12 03:53:53,116.454969,39.888078
Car-1,2009-09-12 03:53:55,116.454969,39.888084
Car-1,2009-09-12 03:53:57,116.454969,39.888092
Car-1,2009-09-12 03:53:59,116.454968,39.888104
Car-1,2009-09-12 03:54:01,116.454968,39.888118
Car-1,2009-09-12 03:54:03,116.454967,39.888137
Car-1,2009-09-12 03:54:05,116.454967,39.88815
Car-1,2009-09-12 03:54:07,116.454965,39.888159
Car-1,2009-09-12 03:54:09,116.454963,39.888168
Car-1,2009-09-12 03:54:11,116.454959,39.888177
Car-1,2009-09-12 03:54:13,116.454956,39.888182
Car-1,2009-09-12 03:54:15,116.454955,39.888186
Car-1,2009-09-12 03:54:17,116.454954,39.888189
Car-1,2009-09-12 03:54:19,116.454954,39.88819
Car-1,2009-09-12 03:54:21,116.454954,39.888192
Car-1,2009-09-12 03:54:23,116.454954,39.888194
Car-1,2009-09-12 03:54:25,116.454954,39.888194
Car-1,2009-09-12 03:54:27,116.454954,39.888192
Car-1,2009-09-12 03:54:29,116.454954,39.888188
Car-1,2009-09-12 03:54:31,116.454953,39.888176
Car-1,2009-09-12 03:54:33,116.455,39.888095
Car-1,2009-09-12 03:54:35,116.455024,39.887983
Car-1,2009-09-12 03:54:37,116.455049,39.887781
Car-1,2009-09-12 03:54:39,116.455075,39.887608
Car-1,2009-09-12 03:54:41,116.455082,39.887438
Car-1,2009-09-12 03:54:43,116.455047,39.887297
Car-1,2009-09-12 03:54:45,116.455,39.887161
Car-1,2009-09-12 03:54:47,116.45493,39.887018
Car-1,2009-09-12 03:54:49,116.454836,39.886847
Car-1,2009-09-12 03:54:51,116.454802,39.886633
Car-1,2009-09-12 03:54:53,116.454759,39.886421
Car-1,2009-09-12 03:54:55,116.454736,39.886159
Car-1,2009-09-12 03:54:57,116.454754,39.885873
Car-1,2009-09-12 03:54:59,116.454783,39.885586
Car-1,2009-09-12 03:55:01,116.4548,39.885314
Car-1,2009-09-12 03:55:03,116.454826,39.885047
Car-1,2009-09-12 03:55:05,116.454943,39.884702
Car-1,2009-09-12 03:55:07,116.454947,39.884435
Car-1,2009-09-12 03:55:09,116.454951,39.884177
Car-1,2009-09-12 03:55:11,116.454965,39.883919
Car-1,2009-09-12 03:55:13,116.454974,39.883646
Car-1,2009-09-12 03:55:15,116.455056,39.883345
Car-1,2009-09-12 03:55:17,116.455061,39.883068
Car-1,2009-09-12 03:55:19,116.455105,39.882769
Car-1,2009-09-12 03:55:21,116.455137,39.882491
Car-1,2009-09-12 03:55:23,116.455141,39.882237
Car-1,2009-09-12 03:55:25,116.455131,39.881993
Car-1,2009-09-12 03:55:27,116.455144,39.881734
Car-1,2009-09-12 03:55:29,116.455133,39.881489
Car-1,2009-09-12 03:55:31,116.455113,39.881246
Car-1,2009-09-12 03:55:33,116.455109,39.880999
Car-1,2009-09-12 03:55:35,116.455107,39.880755
Car-1,2009-09-12 03:55:37,116.45512,39.880519
Car-1,2009-09-12 03:55:39,116.455115,39.880269
Car-1,2009-09-12 03:55:41,116.455099,39.880011
Car-1,2009-09-12 03:55:43,116.455092,39.879776
Car-1,2009-09-12 03:55:45,116.455092,39.87955
Car-1,2009-09-12 03:55:47,116.455091,39.879331
Car-1,2009-09-12 03:55:49,116.455085,39.879138
Car-1,2009-09-12 03:55:51,116.455092,39.878939
Car-1,2009-09-12 03:55:53,116.455098,39.878737
Car-1,2009-09-12 03:55:55,116.455096,39.878542
Car-1,2009-09-12 03:55:57,116.455107,39.878327
Car-1,2009-09-12 03:55:59,116.455109,39.878111
Car-1,2009-09-12 03:56:01,116.455111,39.877901
Car-1,2009-09-12 03:56:03,116.455119,39.877681
Car-1,2009-09-12 03:56:05,116.455116,39.877469
Car-1,2009-09-12 03:56:07,116.455095,39.877273
Car-1,2009-09-12 03:56:09,116.455071,39.877098
Car-1,2009-09-12 03:56:11,116.455012,39.876957
Car-1,2009-09-12 03:56:13,116.454975,39.876832
Car-1,2009-09-12 03:56:15,116.45496,39.876738
Car-1,2009-09-12 03:56:17,116.454968,39.876711
Car-1,2009-09-12 03:56:19,116.45498,39.876705
Car-1,2009-09-12 03:56:21,116.454998,39.876709
Car-1,2009-09-12 03:56:23,116.455005,39.876704
Car-1,2009-09-12 03:56:25,116.454989,39.876702
Car-1,2009-09-12 03:56:27,116.455017,39.876735
Car-1,2009-09-12 03:56:29,116.45504,39.876785
Car-1,2009-09-12 03:56:31,116.455061,39.87682
Car-1,2009-09-12 03:56:33,116.45506,39.876823
Car-1,2009-09-12 03:56:35,116.45506,39.876824
Car-1,2009-09-12 03:56:37,116.455059,39.876823
Car-1,2009-09-12 03:56:39,116.455059,39.876825
Car-1,2009-09-12 03:56:41,116.455053,39.876837
Car-1,2009-09-12 03:56:43,116.455048,39.876845
Car-1,2009-09-12 03:56:45,116.455045,39.876833
Car-1,2009-09-12 03:56:47,116.45502,39.876795
Car-1,2009-09-12 03:56:49,116.455013,39.876725
Car-1,2009-09-12 03:56:51,116.455019,39.876622
Car-1,2009-09-12 03:56:53,116.455004,39.876499
Car-1,2009-09-12 03:56:55,116.45497,39.876339
Car-1,2009-09-12 03:56:57,116.454958,39.876147
Car-1,2009-09-12 03:56:59,116.454917,39.87593
Car-1,2009-09-12 03:57:01,116.454883,39.875708
Car-1,2009-09-12 03:57:03,116.454891,39.875467
Car-1,2009-09-12 03:57:05,116.454901,39.875193
Car-1,2009-09-12 03:57:07,116.454907,39.874937
Car-1,2009-09-12 03:57:09,116.454898,39.874691
Car-1,2009-09-12 03:57:11,116.45489,39.874436
Car-1,2009-09-12 03:57:13,116.454898,39.87419
Car-1,2009-09-12 03:57:15,116.454917,39.87394
Car-1,2009-09-12 03:57:17,116.454918,39.873691
Car-1,2009-09-12 03:57:19,116.454911,39.873454
Car-1,2009-09-12 03:57:21,116.454905,39.873213
Car-1,2009-09-12 03:57:23,116.454907,39.872963
Car-1,2009-09-12 03:57:25,116.454909,39.872735
Car-1,2009-09-12 03:57:27,116.454891,39.872501
Car-1,2009-09-12 03:57:29,116.454867,39.872279
Car-1,2009-09-12 03:57:31,116.454835,39.872068
Car-1,2009-09-12 03:57:33,116.454813,39.871852
Car-1,2009-09-12 03:57:35,116.454789,39.871658
Car-1,2009-09-12 03:57:37,116.454736,39.871498
Car-1,2009-09-12 03:57:39,116.454709,39.871355
Car-1,2009-09-12 03:57:41,116.454707,39.871208
Car-1,2009-09-12 03:57:43,116.454686,39.871065
Car-1,2009-09-12 03:57:45,116.454686,39.870914
Car-1,2009-09-12 03:57:47,116.454656,39.870802
Car-1,2009-09-12 03:57:49,116.454633,39.870692
Car-1,2009-09-12 03:57:51,116.454609,39.870583
Car-1,2009-09-12 03:57:53,116.45462,39.870464
Car-1,2009-09-12 03:57:55,116.454629,39.870348
Car-1,2009-09-12 03:57:57,116.454632,39.870236
Car-1,2009-09-12 03:57:59,116.454631,39.870161
Car-1,2009-09-12 03:58:01,116.454637,39.870095
Car-1,2009-09-12 03:58:03,116.454645,39.870038
Car-1,2009-09-12 03:58:05,116.454649,39.870004
Car-1,2009-09-12 03:58:07,116.454649,39.869975
Car-1,2009-09-12 03:58:09,116.45465,39.869946
Car-1,2009-09-12 03:58:11,116.454645,39.869914
Car-1,2009-09-12 03:58:13,116.454634,39.869849
Car-1,2009-09-12 03:58:15,116.454636,39.869797
Car-1,2009-09-12 03:58:17,116.454643,39.869739
Car-1,2009-09-12 03:58:19,116.454654,39.869685
Car-1,2009-09-12 03:58:21,116.454621,39.86963
Car-1,2009-09-12 03:58:23,116.454553,39.869578
Car-1,2009-09-12 03:58:25,116.454477,39.869522
Car-1,2009-09-12 03:58:27,116.454435,39.869466
Car-1,2009-09-12 03:58:29,116.454382,39.86942
Car-1,2009-09-12 03:58:31,116.454412,39.869305
Car-1,2009-09-12 03:58:33,116.454459,39.869115
Car-1,2009-09-12 03:58:35,116.454481,39.868915
Car-1,2009-09-12 03:58:37,116.454505,39.868766
Car-1,2009-09-12 03:58:39,116.454511,39.868641
Car-1,2009-09-12 03:58:41,116.454483,39.868513
Car-1,2009-09-12 03:58:43,116.454464,39.868424
Car-1,2009-09-12 03:58:45,116.454459,39.868351
Car-1,2009-09-12 03:58:47,116.454459,39.868283
Car-1,2009-09-12 03:58:49,116.454469,39.868222
Car-1,2009-09-12 03:58:51,116.454467,39.868175
Car-1,2009-09-12 03:58:53,116.454487,39.868119
Car-1,2009-09-12 03:58:55,116.454499,39.86807
Car-1,2009-09-12 03:58:57,116.45452,39.868019
Car-1,2009-09-12 03:58:59,116.454528,39.867982
Car-1,2009-09-12 03:59:01,116.454533,39.86794
Car-1,2009-09-12 03:59:03,116.454529,39.867898
Car-1,2009-09-12 03:59:05,116.454506,39.867858
Car-1,2009-09-12 03:59:07,116.454475,39.867816
Car-1,2009-09-12 03:59:09,116.454438,39.867768
Car-1,2009-09-12 03:59:11,116.454418,39.867712
Car-1,2009-09-12 03:59:13,116.454394,39.867653
Car-1,2009-09-12 03:59:15,116.45438,39.867591
Car-1,2009-09-12 03:59:17,116.45438,39.867508
Car-1,2009-09-12 03:59:19,116.454366,39.867445
Car-1,2009-09-12 03:59:21,116.454393,39.867359
Car-1,2009-09-12 03:59:23,116.454387,39.867297
Car-1,2009-09-12 03:59:25,116.454403,39.86723
Car-1,2009-09-12 03:59:27,116.454418,39.867159
Car-1,2009-09-12 03:59:29,116.454403,39.867107
Car-1,2009-09-12 03:59:31,116.454385,39.867077
Car-1,2009-09-12 03:59:33,116.45439,39.867038
Car-1,2009-09-12 03:59:35,116.454371,39.867021
Car-1,2009-09-12 03:59:37,116.454405,39.866986
Car-1,2009-09-12 03:59:39,116.45442,39.866979
Car-1,2009-09-12 03:59:41,116.454421,39.866972
Car-1,2009-09-12 03:59:43,116.454429,39.866968
Car-1,2009-09-12 03:59:45,116.454429,39.866966
Car-1,2009-09-12 03:59:47,116.454429,39.866962
Car-1,2009-09-12 03:59:49,116.45443,39.866955
Car-1,2009-09-12 03:59:51,116.454428,39.86695
Car-1,2009-09-12 03:59:53,116.454429,39.866948
Car-1,2009-09-12 03:59:55,116.454429,39.866948
Car-1,2009-09-12 03:59:57,116.454428,39.866949
Car-1,2009-09-12 03:59:59,116.454427,39.86695
Car-1,2009-09-12 04:00:01,116.454427,39.866948
Car-1,2009-09-12 04:00:03,116.454426,39.866933
Car-1,2009-09-12 04:00:05,116.454416,39.866869
Car-1,2009-09-12 04:00:07,116.454426,39.866796
Car-1,2009-09-12 04:00:09,116.454398,39.866705
Car-1,2009-09-12 04:00:11,116.454342,39.866608
Car-1,2009-09-12 04:00:13,116.454283,39.866514
Car-1,2009-09-12 04:00:15,116.454221,39.866406
Car-1,2009-09-12 04:00:17,116.454163,39.866292
Car-1,2009-09-12 04:00:19,116.454112,39.866209
Car-1,2009-09-12 04:00:21,116.454065,39.866153
Car-1,2009-09-12 04:00:23,116.454016,39.8661
Car-1,2009-09-12 04:00:25,116.453979,39.866067
Car-1,2009-09-12 04:00:27,116.453942,39.866041
Car-1,2009-09-12 04:01:57,116.453928,39.865776
Car-1,2009-09-12 04:01:59,116.45393,39.86577
Car-1,2009-09-12 04:02:01,116.453933,39.865766
Car-1,2009-09-12 04:02:03,116.453934,39.865763
Car-1,2009-09-12 04:02:05,116.453935,39.86576
Car-1,2009-09-12 04:02:07,116.453937,39.865756
Car-1,2009-09-12 04:02:09,116.453938,39.865751
Car-1,2009-09-12 04:02:11,116.45394,39.865746
Car-1,2009-09-12 04:02:13,116.453941,39.865742
Car-1,2009-09-12 04:02:15,116.453942,39.86574
Car-1,2009-09-12 04:02:17,116.453944,39.865742
Car-1,2009-09-12 04:02:19,116.453945,39.865743
Car-1,2009-09-12 04:02:21,116.453945,39.865742
Car-1,2009-09-12 04:02:23,116.453946,39.86574
Car-1,2009-09-12 04:02:25,116.453947,39.865738
Car-1,2009-09-12 04:02:27,116.453947,39.865737
Car-1,2009-09-12 04:02:29,116.453947,39.865735
Car-1,2009-09-12 04:02:31,116.453947,39.865733
Car-1,2009-09-12 04:02:33,116.453948,39.865732
Car-1,2009-09-12 04:02:35,116.453947,39.865727
Car-1,2009-09-12 04:02:37,116.453945,39.865718
Car-1,2009-09-12 04:02:39,116.453867,39.865679
Car-1,2009-09-12 04:02:41,116.453812,39.86566
Car-1,2009-09-12 04:02:43,116.453781,39.865654
Car-1,2009-09-12 04:02:45,116.453755,39.865631
Car-1,2009-09-12 04:02:47,116.453738,39.865622
Car-1,2009-09-12 04:02:49,116.453712,39.865615
Car-1,2009-09-12 04:02:51,116.45373,39.865611
Car-1,2009-09-12 04:02:53,116.453721,39.865614
Car-1,2009-09-12 04:02:55,116.453708,39.865608
Car-1,2009-09-12 04:02:57,116.453708,39.865607
Car-1,2009-09-12 04:02:59,116.453709,39.865605
Car-1,2009-09-12 04:03:01,116.453709,39.865601
Car-1,2009-09-12 04:03:03,116.453709,39.865597
Car-1,2009-09-12 04:03:05,116.45371,39.865593
Car-1,2009-09-12 04:03:07,116.45371,39.865589
Car-1,2009-09-12 04:03:09,116.453711,39.865584
Car-1,2009-09-12 04:03:11,116.453691,39.86556
Car-1,2009-09-12 04:03:13,116.453688,39.865539
Car-1,2009-09-12 04:03:15,116.453677,39.865511
Car-1,2009-09-12 04:03:17,116.453655,39.865484
Car-1,2009-09-12 04:03:19,116.453646,39.865475
Car-1,2009-09-12 04:03:21,116.453638,39.865488
Car-1,2009-09-12 04:03:23,116.453622,39.865482
Car-1,2009-09-12 04:03:25,116.45362,39.865484
Car-1,2009-09-12 04:03:27,116.453614,39.865492
Car-1,2009-09-12 04:03:29,116.453619,39.865494
Car-1,2009-09-12 04:03:31,116.453618,39.865487
Car-1,2009-09-12 04:03:33,116.453603,39.86547
Car-1,2009-09-12 04:03:35,116.453584,39.865451
Car-1,2009-09-12 04:03:37,116.453557,39.865426
Car-1,2009-09-12 04:03:39,116.453527,39.865401
Car-1,2009-09-12 04:03:41,116.453507,39.865388
Car-1,2009-09-12 04:03:43,116.453491,39.865385
Car-1,2009-09-12 04:03:45,116.453483,39.865385
Car-1,2009-09-12 04:03:47,116.453477,39.865389
Car-1,2009-09-12 04:03:49,116.453465,39.86539
Car-1,2009-09-12 04:03:51,116.453449,39.865391
Car-1,2009-09-12 04:03:53,116.453449,39.86539
Car-1,2009-09-12 04:03:55,116.453449,39.86539
Car-1,2009-09-12 04:03:57,116.453449,39.865391
Car-1,2009-09-12 04:03:59,116.453449,39.86539
Car-1,2009-09-12 04:04:01,116.453448,39.86539
Car-1,2009-09-12 04:04:03,116.453448,39.86539
Car-1,2009-09-12 04:04:05,116.453448,39.865392
Car-1,2009-09-12 04:04:07,116.453442,39.865402
Car-1,2009-09-12 04:04:09,116.453437,39.865419
Car-1,2009-09-12 04:04:11,116.453411,39.865424
Car-1,2009-09-12 04:04:13,116.453371,39.865398
Car-1,2009-09-12 04:04:15,116.453318,39.86536
Car-1,2009-09-12 04:04:17,116.453249,39.865315
Car-1,2009-09-12 04:04:19,116.453173,39.865266
Car-1,2009-09-12 04:04:21,116.453107,39.865253
Car-1,2009-09-12 04:04:23,116.453066,39.865247
Car-1,2009-09-12 04:04:25,116.453041,39.865248
Car-1,2009-09-12 04:04:27,116.453018,39.865246
Car-1,2009-09-12 04:04:29,116.453,39.865244
Car-1,2009-09-12 04:04:31,116.45296,39.865227
Car-1,2009-09-12 04:04:33,116.452958,39.865227
Car-1,2009-09-12 04:04:35,116.452956,39.86522
Car-1,2009-09-12 04:04:37,116.452942,39.865205
Car-1,2009-09-12 04:04:39,116.452912,39.865175
Car-1,2009-09-12 04:04:41,116.452861,39.865137
Car-1,2009-09-12 04:04:43,116.452809,39.865097
Car-1,2009-09-12 04:04:45,116.452761,39.865064
Car-1,2009-09-12 04:04:47,116.452727,39.865045
Car-1,2009-09-12 04:04:49,116.452706,39.865038
Car-1,2009-09-12 04:04:51,116.452684,39.865032
Car-1,2009-09-12 04:04:53,116.452672,39.865031
Car-1,2009-09-12 04:04:55,116.452667,39.865029
Car-1,2009-09-12 04:04:57,116.452657,39.865036
Car-1,2009-09-12 04:04:59,116.452654,39.865054
Car-1,2009-09-12 04:05:01,116.452657,39.86506
Car-1,2009-09-12 04:05:03,116.452657,39.865061
Car-1,2009-09-12 04:05:05,116.452658,39.865059
Car-1,2009-09-12 04:05:07,116.452661,39.865049
Car-1,2009-09-12 04:05:09,116.452672,39.865045
Car-1,2009-09-12 04:05:11,116.452677,39.865037
Car-1,2009-09-12 04:05:13,116.452677,39.865044
Car-1,2009-09-12 04:05:15,116.452677,39.865042
Car-1,2009-09-12 04:05:17,116.452668,39.865037
Car-1,2009-09-12 04:05:19,116.452636,39.865005
Car-1,2009-09-12 04:05:21,116.4526,39.864978
Car-1,2009-09-12 04:05:23,116.452571,39.86495
Car-1,2009-09-12 04:05:25,116.45255,39.864921
Car-1,2009-09-12 04:05:27,116.452537,39.864883
Car-1,2009-09-12 04:05:29,116.452511,39.864869
Car-1,2009-09-12 04:05:31,116.452514,39.864847
Car-1,2009-09-12 04:05:33,116.452515,39.864795
Car-1,2009-09-12 04:05:35,116.452518,39.864729
Car-1,2009-09-12 04:05:37,116.452519,39.864647
Car-1,2009-09-12 04:05:39,116.452615,39.864604
Car-1,2009-09-12 04:05:41,116.452743,39.864554
Car-1,2009-09-12 04:05:43,116.45288,39.864452
Car-1,2009-09-12 04:05:45,116.453038,39.864358
Car-1,2009-09-12 04:05:47,116.453231,39.864297
Car-1,2009-09-12 04:05:49,116.453354,39.864302
Car-1,2009-09-12 04:05:51,116.453459,39.864288
Car-1,2009-09-12 04:05:53,116.45361,39.864227
Car-1,2009-09-12 04:05:55,116.453677,39.864204
Car-1,2009-09-12 04:05:57,116.453728,39.864168
Car-1,2009-09-12 04:05:59,116.453791,39.864122
Car-1,2009-09-12 04:06:01,116.453828,39.864083
Car-1,2009-09-12 04:06:03,116.453841,39.864065
Car-1,2009-09-12 04:06:05,116.453857,39.864044
Car-1,2009-09-12 04:06:07,116.453852,39.864044
Car-1,2009-09-12 04:06:09,116.453852,39.864041
Car-1,2009-09-12 04:06:11,116.453852,39.864035
Car-1,2009-09-12 04:06:13,116.453853,39.864025
Car-1,2009-09-12 04:06:15,116.45385,39.864015
Car-1,2009-09-12 04:06:17,116.453849,39.864011
Car-1,2009-09-12 04:06:19,116.45385,39.864005
Car-1,2009-09-12 04:06:21,116.45385,39.864
Car-1,2009-09-12 04:06:23,116.453861,39.863985
Car-1,2009-09-12 04:06:25,116.453873,39.863977
Car-1,2009-09-12 04:06:27,116.453878,39.86397
Car-1,2009-09-12 04:06:29,116.45388,39.863962
Car-1,2009-09-12 04:06:31,116.453886,39.863953
Car-1,2009-09-12 04:06:33,116.453898,39.863941
Car-1,2009-09-12 04:06:35,116.4539,39.863906
Car-1,2009-09-12 04:06:37,116.453903,39.863874
Car-1,2009-09-12 04:06:39,116.453899,39.863838
Car-1,2009-09-12 04:06:41,116.453894,39.863798
Car-1,2009-09-12 04:06:43,116.453902,39.863767
Car-1,2009-09-12 04:06:45,116.453878,39.863695
Car-1,2009-09-12 04:06:47,116.453893,39.863665
Car-1,2009-09-12 04:06:49,116.453919,39.863655
Car-1,2009-09-12 04:06:51,116.453945,39.863645
Car-1,2009-09-12 04:06:53,116.453953,39.863636
Car-1,2009-09-12 04:06:55,116.45397,39.863632
Car-1,2009-09-12 04:06:57,116.453986,39.863624
Car-1,2009-09-12 04:06:59,116.454006,39.863611
Car-1,2009-09-12 04:07:01,116.454027,39.863595
Car-1,2009-09-12 04:07:03,116.454049,39.86359
Car-1,2009-09-12 04:07:05,116.45406,39.86358
Car-1,2009-09-12 04:07:07,116.454067,39.863576
Car-1,2009-09-12 04:07:09,116.454062,39.863562
Car-1,2009-09-12 04:07:11,116.454064,39.863547
Car-1,2009-09-12 04:07:13,116.454057,39.863538
Car-1,2009-09-12 04:07:15,116.454075,39.863526
Car-1,2009-09-12 04:07:17,116.454094,39.86351
Car-1,2009-09-12 04:07:19,116.454111,39.863499
Car-1,2009-09-12 04:07:21,116.454136,39.863495
Car-1,2009-09-12 04:07:23,116.454158,39.863489
Car-1,2009-09-12 04:07:25,116.454175,39.863479
Car-1,2009-09-12 04:07:27,116.454186,39.863469
Car-1,2009-09-12 04:07:29,116.454207,39.86346
Car-1,2009-09-12 04:07:31,116.454203,39.863447
Car-1,2009-09-12 04:07:33,116.45421,39.863431
Car-1,2009-09-12 04:07:35,116.454215,39.863415
Car-1,2009-09-12 04:07:37,116.454233,39.863406
Car-1,2009-09-12 04:07:39,116.454256,39.863402
Car-1,2009-09-12 04:07:41,116.45428,39.863395
Car-1,2009-09-12 04:07:43,116.4543,39.863393
Car-1,2009-09-12 04:07:45,116.45432,39.863392
Car-1,2009-09-12 04:07:47,116.454327,39.863389
Car-1,2009-09-12 04:07:49,116.454315,39.863391
Car-1,2009-09-12 04:07:51,116.454316,39.863384
Car-1,2009-09-12 04:07:53,116.454324,39.863379
Car-1,2009-09-12 04:07:55,116.454346,39.86337
Car-1,2009-09-12 04:07:57,116.454364,39.863352
Car-1,2009-09-12 04:07:59,116.45438,39.863339
Car-1,2009-09-12 04:08:01,116.454414,39.863336
Car-1,2009-09-12 04:08:03,116.454437,39.863337
Car-1,2009-09-12 04:08:05,116.454461,39.863327
Car-1,2009-09-12 04:08:07,116.454491,39.863313
Car-1,2009-09-12 04:08:09,116.454516,39.863296
Car-1,2009-09-12 04:08:11,116.454547,39.863285
Car-1,2009-09-12 04:08:13,116.454555,39.863241
Car-1,2009-09-12 04:08:15,116.454576,39.863227
Car-1,2009-09-12 04:08:17,116.454607,39.86322
Car-1,2009-09-12 04:08:19,116.454627,39.863212
Car-1,2009-09-12 04:08:21,116.454654,39.863202
Car-1,2009-09-12 04:08:23,116.454672,39.863182
Car-1,2009-09-12 04:08:25,116.454681,39.863141
Car-1,2009-09-12 04:08:27,116.454696,39.863113
Car-1,2009-09-12 04:08:29,116.454716,39.863087
Car-1,2009-09-12 04:08:31,116.454727,39.863057
Car-1,2009-09-12 04:08:33,116.454748,39.863031
Car-1,2009-09-12 04:08:35,116.454777,39.863014
Car-1,2009-09-12 04:08:37,116.454782,39.862983
Car-1,2009-09-12 04:08:39,116.454791,39.862961
Car-1,2009-09-12 04:08:41,116.454808,39.862941
Car-1,2009-09-12 04:08:43,116.454831,39.862928
Car-1,2009-09-12 04:08:45,116.454866,39.862897
