agent_id,time,lng,lat
Car-1,2009-02-27 16:30:08,-122.1372466,47.62989
Car-1,2009-02-27 16:32:50,-122.1372466,47.62989
Car-1,2009-02-27 16:32:52,-122.1372466,47.6298882
Car-1,2009-02-27 16:32:56,-122.1374533,47.6300799
Car-1,2009-02-27 16:33:02,-122.137265,47.6302999
Car-1,2009-02-27 16:33:08,-122.137125,47.6302533
Car-1,2009-02-27 16:33:12,-122.1371099,47.6301716
Car-1,2009-02-27 16:33:16,-122.1371333,47.6301333
Car-1,2009-02-27 16:33:20,-122.1370933,47.6301682
Car-1,2009-02-27 16:33:24,-122.1370799,47.6302966
Car-1,2009-02-27 16:33:28,-122.137065,47.6304883
Car-1,2009-02-27 16:33:34,-122.1370566,47.6305766
Car-1,2009-02-27 16:33:40,-122.1366049,47.6308216
Car-1,2009-02-27 16:33:46,-122.1369016,47.6305182
Car-1,2009-02-27 16:33:50,-122.1369366,47.6305949
Car-1,2009-02-27 16:33:56,-122.13709,47.6306549
Car-1,2009-02-27 16:34:02,-122.1375299,47.63059
Car-1,2009-02-27 16:34:08,-122.13792,47.6306816
Car-1,2009-02-27 16:34:14,-122.1380583,47.6307316
Car-1,2009-02-27 16:34:18,-122.13805,47.6309283
Car-1,2009-02-27 16:34:24,-122.1379683,47.631375
Car-1,2009-02-27 16:34:30,-122.137955,47.6317299
Car-1,2009-02-27 16:34:34,-122.1382366,47.6317716
Car-1,2009-02-27 16:34:40,-122.1388999,47.6317266
Car-1,2009-02-27 16:34:46,-122.1395849,47.6316883
Car-1,2009-02-27 16:34:52,-122.1402366,47.631655
Car-1,2009-02-27 16:34:58,-122.1409416,47.631655
Car-1,2009-02-27 16:35:04,-122.1417099,47.6316566
Car-1,2009-02-27 16:35:10,-122.1424683,47.6316666
Car-1,2009-02-27 16:35:16,-122.1428399,47.6316666
Car-1,2009-02-27 16:35:18,-122.14287,47.63167
Car-1,2009-02-27 16:35:30,-122.1428799,47.6316716
Car-1,2009-02-27 16:35:32,-122.1429216,47.631695
Car-1,2009-02-27 16:35:36,-122.1430066,47.6318632
Car-1,2009-02-27 16:35:42,-122.1430116,47.6324116
Car-1,2009-02-27 16:35:48,-122.1430133,47.6329566
Car-1,2009-02-27 16:35:54,-122.1430149,47.6331916
Car-1,2009-02-27 16:35:58,-122.1430233,47.6333933
Car-1,2009-02-27 16:36:04,-122.1430399,47.6338966
Car-1,2009-02-27 16:36:10,-122.1430366,47.6344366
Car-1,2009-02-27 16:36:16,-122.1430199,47.6349266
Car-1,2009-02-27 16:36:20,-122.1430166,47.6350783
Car-1,2009-02-27 16:36:24,-122.1430149,47.6351982
Car-1,2009-02-27 16:36:28,-122.14301,47.6352599
Car-1,2009-02-27 16:36:30,-122.1430083,47.63527
Car-1,2009-02-27 16:36:37,-122.1430083,47.63527
Car-1,2009-02-27 16:36:39,-122.14301,47.63527
Car-1,2009-02-27 16:36:41,-122.1430083,47.6353033
Car-1,2009-02-27 16:36:45,-122.1429949,47.6354883
Car-1,2009-02-27 16:36:49,-122.1429366,47.6358233
Car-1,2009-02-27 16:36:55,-122.1427433,47.6363983
Car-1,2009-02-27 16:37:01,-122.1420066,47.6365933
Car-1,2009-02-27 16:37:07,-122.1414133,47.6362549
Car-1,2009-02-27 16:37:13,-122.1416449,47.635635
Car-1,2009-02-27 16:37:19,-122.1426783,47.6350283
Car-1,2009-02-27 16:37:25,-122.1439733,47.6342799
Car-1,2009-02-27 16:37:31,-122.1454049,47.6334216
Car-1,2009-02-27 16:37:41,-122.1480466,47.63181
Car-1,2009-02-27 16:37:51,-122.1510549,47.6303716
Car-1,2009-02-27 16:38:01,-122.1544383,47.6296482
Car-1,2009-02-27 16:38:11,-122.1575983,47.6296116
Car-1,2009-02-27 16:38:17,-122.1593433,47.6298032
Car-1,2009-02-27 16:38:23,-122.1610999,47.63
Car-1,2009-02-27 16:38:33,-122.1643733,47.6303066
Car-1,2009-02-27 16:38:43,-122.1677733,47.6300816
Car-1,2009-02-27 16:38:53,-122.1713266,47.6302133
Car-1,2009-02-27 16:39:03,-122.17481,47.6310116
Car-1,2009-02-27 16:39:13,-122.1780616,47.6317633
Car-1,2009-02-27 16:39:19,-122.1796033,47.6320533
Car-1,2009-02-27 16:39:25,-122.1813116,47.6322033
Car-1,2009-02-27 16:39:31,-122.18285,47.6321899
Car-1,2009-02-27 16:39:37,-122.1842949,47.6321733
Car-1,2009-02-27 16:39:43,-122.1855066,47.6321399
Car-1,2009-02-27 16:39:49,-122.1864766,47.6323366
Car-1,2009-02-27 16:39:55,-122.187005,47.6330133
Car-1,2009-02-27 16:40:01,-122.1867899,47.6339583
Car-1,2009-02-27 16:40:07,-122.1864916,47.6349833
Car-1,2009-02-27 16:40:13,-122.1862533,47.6360483
Car-1,2009-02-27 16:40:19,-122.1862399,47.6372399
Car-1,2009-02-27 16:40:29,-122.1862833,47.6393732
Car-1,2009-02-27 16:40:39,-122.1864299,47.6415616
Car-1,2009-02-27 16:40:49,-122.1866883,47.6438666
Car-1,2009-02-27 16:40:59,-122.1868666,47.6462416
Car-1,2009-02-27 16:41:09,-122.1869049,47.6485933
Car-1,2009-02-27 16:41:19,-122.1869883,47.6510766
Car-1,2009-02-27 16:41:29,-122.1870066,47.6538199
Car-1,2009-02-27 16:41:39,-122.1870166,47.6566866
Car-1,2009-02-27 16:41:49,-122.1870383,47.6594483
Car-1,2009-02-27 16:41:59,-122.18702,47.6621216
Car-1,2009-02-27 16:42:09,-122.1870233,47.6647816
Car-1,2009-02-27 16:42:19,-122.1870149,47.6674099
Car-1,2009-02-27 16:42:29,-122.1868916,47.6700466
Car-1,2009-02-27 16:42:39,-122.1862266,47.6725432
Car-1,2009-02-27 16:42:49,-122.1850416,47.6749749
Car-1,2009-02-27 16:42:59,-122.1844166,47.6774632
Car-1,2009-02-27 16:43:09,-122.18442,47.6799799
Car-1,2009-02-27 16:43:19,-122.1838499,47.6824433
Car-1,2009-02-27 16:43:29,-122.1830433,47.6847983
Car-1,2009-02-27 16:43:39,-122.1821766,47.6873716
Car-1,2009-02-27 16:43:49,-122.1813916,47.6901316
Car-1,2009-02-27 16:43:59,-122.18078,47.6928883
Car-1,2009-02-27 16:44:09,-122.1803333,47.6954349
Car-1,2009-02-27 16:44:19,-122.1799483,47.6977883
Car-1,2009-02-27 16:44:29,-122.1795366,47.6998216
Car-1,2009-02-27 16:44:39,-122.1789283,47.7020633
Car-1,2009-02-27 16:44:49,-122.1788683,47.7034466
Car-1,2009-02-27 16:44:55,-122.1788816,47.7038849
Car-1,2009-02-27 16:44:59,-122.1790683,47.7040533
Car-1,2009-02-27 16:45:03,-122.1793916,47.7040666
Car-1,2009-02-27 16:45:07,-122.1796233,47.7040466
Car-1,2009-02-27 16:45:11,-122.1800349,47.7040916
Car-1,2009-02-27 16:45:17,-122.1809933,47.7040466
Car-1,2009-02-27 16:45:23,-122.1819483,47.7040333
Car-1,2009-02-27 16:45:29,-122.1828166,47.7040399
Car-1,2009-02-27 16:45:35,-122.1839033,47.7040483
Car-1,2009-02-27 16:45:41,-122.1852616,47.70406
Car-1,2009-02-27 16:45:47,-122.1868266,47.7040866
Car-1,2009-02-27 16:45:53,-122.1883566,47.7041099
Car-1,2009-02-27 16:45:59,-122.189395,47.7041133
Car-1,2009-02-27 16:46:05,-122.1901016,47.7041183
Car-1,2009-02-27 16:46:11,-122.1910349,47.7041149
Car-1,2009-02-27 16:46:17,-122.1922349,47.7040916
Car-1,2009-02-27 16:46:23,-122.1930416,47.7040933
Car-1,2009-02-27 16:46:29,-122.1936833,47.7040866
Car-1,2009-02-27 16:46:35,-122.1943999,47.7040516
Car-1,2009-02-27 16:46:41,-122.1949933,47.7040566
Car-1,2009-02-27 16:46:47,-122.1956749,47.7040416
Car-1,2009-02-27 16:46:53,-122.1964533,47.7040616
Car-1,2009-02-27 16:46:59,-122.1973983,47.7040849
Car-1,2009-02-27 16:47:05,-122.198265,47.7040816
Car-1,2009-02-27 16:47:11,-122.1992199,47.704075
Car-1,2009-02-27 16:47:17,-122.2001716,47.7040816
Car-1,2009-02-27 16:47:23,-122.2011649,47.7040732
Car-1,2009-02-27 16:47:29,-122.2022733,47.7040866
Car-1,2009-02-27 16:47:35,-122.203135,47.7040866
Car-1,2009-02-27 16:47:41,-122.2042233,47.7040799
Car-1,2009-02-27 16:47:47,-122.20544,47.7040882
Car-1,2009-02-27 16:47:53,-122.2065716,47.7040866
Car-1,2009-02-27 16:47:59,-122.2075683,47.70409
Car-1,2009-02-27 16:48:05,-122.2085033,47.7040866
Car-1,2009-02-27 16:48:11,-122.2093983,47.7041066
Car-1,2009-02-27 16:48:17,-122.2099516,47.7041216
Car-1,2009-02-27 16:48:21,-122.2101999,47.7041183
Car-1,2009-02-27 16:48:25,-122.21053,47.7041849
Car-1,2009-02-27 16:48:31,-122.2112383,47.7045216
Car-1,2009-02-27 16:48:37,-122.2120966,47.7048233
Car-1,2009-02-27 16:48:43,-122.212765,47.7050599
Car-1,2009-02-27 16:48:47,-122.2130966,47.7051783
Car-1,2009-02-27 16:48:51,-122.2134266,47.7052816
Car-1,2009-02-27 16:48:55,-122.2138149,47.7053632
Car-1,2009-02-27 16:49:01,-122.2146233,47.70545
Car-1,2009-02-27 16:49:07,-122.2154816,47.7054699
Car-1,2009-02-27 16:49:13,-122.2163049,47.7054266
Car-1,2009-02-27 16:49:19,-122.2171816,47.705405
Car-1,2009-02-27 16:49:25,-122.217845,47.7053899
Car-1,2009-02-27 16:49:29,-122.2179333,47.7053933
Car-1,2009-02-27 16:49:31,-122.217965,47.7053866
Car-1,2009-02-27 16:49:35,-122.2180433,47.7052999
Car-1,2009-02-27 16:49:39,-122.2180416,47.7052316
Car-1,2009-02-27 16:49:41,-122.218035,47.7052016
Car-1,2009-02-27 16:49:43,-122.2180266,47.70517
Car-1,2009-02-27 16:49:47,-122.21802,47.7051099
Car-1,2009-02-27 16:49:49,-122.2180233,47.7050883
Car-1,2009-02-27 16:49:51,-122.2180299,47.7050716
Car-1,2009-02-27 16:49:53,-122.2180366,47.7050566
Car-1,2009-02-27 16:49:55,-122.2180466,47.7050466
Car-1,2009-02-27 16:49:57,-122.2180633,47.7050333
Car-1,2009-02-27 16:49:59,-122.2180816,47.7050132
Car-1,2009-02-27 16:50:01,-122.2180749,47.7049833
Car-1,2009-02-27 16:50:05,-122.2179899,47.7049633
Car-1,2009-02-27 16:50:07,-122.2179633,47.7049816
Car-1,2009-02-27 16:50:09,-122.2179533,47.705
Car-1,2009-02-27 16:50:11,-122.2179583,47.7050249
Car-1,2009-02-27 16:50:15,-122.2180233,47.7051116
Car-1,2009-02-27 16:50:19,-122.2180249,47.7052116
Car-1,2009-02-27 16:50:23,-122.2180233,47.7052733
Car-1,2009-02-27 16:50:35,-122.2180249,47.7052866
Car-1,2009-02-27 16:50:37,-122.2180183,47.7053149
Car-1,2009-02-27 16:50:41,-122.2178416,47.7053266
Car-1,2009-02-27 16:50:45,-122.2174533,47.7053333
Car-1,2009-02-27 16:50:51,-122.2169233,47.705335
Car-1,2009-02-27 16:50:55,-122.2167716,47.7053383
Car-1,2009-02-27 16:50:59,-122.2165216,47.7053449
Car-1,2009-02-27 16:51:03,-122.2162133,47.7053449
Car-1,2009-02-27 16:51:07,-122.2158049,47.70535
Car-1,2009-02-27 16:51:13,-122.2151599,47.7053533
Car-1,2009-02-27 16:51:17,-122.2148316,47.7053632
Car-1,2009-02-27 16:51:21,-122.2145783,47.7053733
Car-1,2009-02-27 16:51:25,-122.2143399,47.7053749
Car-1,2009-02-27 16:51:29,-122.2139983,47.7053749
Car-1,2009-02-27 16:51:33,-122.2136416,47.7053066
Car-1,2009-02-27 16:51:37,-122.2133566,47.7052433
Car-1,2009-02-27 16:51:41,-122.2132333,47.7051433
Car-1,2009-02-27 16:51:45,-122.2133066,47.7050066
Car-1,2009-02-27 16:51:49,-122.21354,47.7048316
Car-1,2009-02-27 16:51:55,-122.2141033,47.7047083
Car-1,2009-02-27 16:51:59,-122.2142266,47.7046016
Car-1,2009-02-27 16:52:03,-122.2142583,47.7045049
Car-1,2009-02-27 16:53:12,-122.2142516,47.7044833
Car-1,2009-02-27 16:53:13,-122.2142516,47.7044816
Car-1,2009-02-27 16:55:52,-122.2142516,47.7044816
Car-1,2009-02-27 16:55:54,-122.2142533,47.7044849
Car-1,2009-02-27 16:55:56,-122.214265,47.7044899
Car-1,2009-02-27 16:55:58,-122.2142433,47.7045082
Car-1,2009-02-27 16:56:00,-122.2142133,47.7045133
Car-1,2009-02-27 16:56:02,-122.2141983,47.7045066
Car-1,2009-02-27 16:56:06,-122.2141833,47.7044566
Car-1,2009-02-27 16:56:10,-122.2141833,47.7044566
Car-1,2009-02-27 16:56:12,-122.214185,47.7044532
Car-1,2009-02-27 16:56:14,-122.2141866,47.7044416
Car-1,2009-02-27 16:56:18,-122.214195,47.7044233
Car-1,2009-02-27 16:56:21,-122.2142266,47.7044033
Car-1,2009-02-27 16:56:24,-122.214205,47.7043749
Car-1,2009-02-27 16:56:28,-122.2141483,47.7044516
Car-1,2009-02-27 16:56:30,-122.2141233,47.7045183
Car-1,2009-02-27 16:56:32,-122.2142033,47.7044899
Car-1,2009-02-27 16:56:34,-122.214205,47.7044416
Car-1,2009-02-27 16:56:36,-122.2142249,47.7044149
Car-1,2009-02-27 16:56:38,-122.2141899,47.7044149
Car-1,2009-02-27 16:56:40,-122.2141999,47.70448
Car-1,2009-02-27 16:56:44,-122.2141466,47.70454
Car-1,2009-02-27 16:56:46,-122.2141466,47.7044283
Car-1,2009-02-27 16:56:53,-122.2140883,47.7044016
Car-1,2009-02-27 16:56:55,-122.2140966,47.7044133
Car-1,2009-02-27 16:56:57,-122.2141216,47.7044199
Car-1,2009-02-27 16:56:59,-122.2141199,47.7044416
Car-1,2009-02-27 16:57:01,-122.21409,47.7044532
Car-1,2009-02-27 16:57:03,-122.214065,47.7044433
Car-1,2009-02-27 16:57:05,-122.2140533,47.7044366
Car-1,2009-02-27 16:57:13,-122.2140883,47.7044466
Car-1,2009-02-27 16:57:15,-122.2140966,47.7044349
Car-1,2009-02-27 16:57:17,-122.2141099,47.7044183
Car-1,2009-02-27 16:57:19,-122.2141183,47.70441
Car-1,2009-02-27 16:57:21,-122.2141333,47.7044
Car-1,2009-02-27 16:57:23,-122.2141533,47.7043866
Car-1,2009-02-27 16:57:25,-122.2141916,47.7043666
Car-1,2009-02-27 16:57:27,-122.2142333,47.7043499
Car-1,2009-02-27 16:57:29,-122.214275,47.7043383
Car-1,2009-02-27 16:57:31,-122.2143233,47.7043483
Car-1,2009-02-27 16:57:33,-122.2143883,47.7043566
Car-1,2009-02-27 16:57:35,-122.2144733,47.7043682
Car-1,2009-02-27 16:57:37,-122.2145399,47.7043883
Car-1,2009-02-27 16:57:47,-122.21458,47.7044149
Car-1,2009-02-27 16:57:49,-122.214595,47.7043966
Car-1,2009-02-27 16:57:51,-122.214615,47.7043799
Car-1,2009-02-27 16:57:53,-122.2146183,47.7043533
Car-1,2009-02-27 16:57:55,-122.2146216,47.7043266
Car-1,2009-02-27 16:57:57,-122.2146233,47.7042949
Car-1,2009-02-27 16:57:59,-122.2146383,47.7042633
Car-1,2009-02-27 16:58:03,-122.2146783,47.704215
Car-1,2009-02-27 16:58:05,-122.2146816,47.7041849
Car-1,2009-02-27 16:58:07,-122.2146916,47.7041549
Car-1,2009-02-27 16:58:11,-122.2146933,47.70413
Car-1,2009-02-27 16:58:31,-122.2147,47.7041416
Car-1,2009-02-27 16:58:33,-122.2147083,47.7041183
Car-1,2009-02-27 16:58:35,-122.2147149,47.7040933
Car-1,2009-02-27 16:58:37,-122.2147283,47.7040683
Car-1,2009-02-27 16:58:39,-122.2147433,47.7040466
Car-1,2009-02-27 16:58:41,-122.2147566,47.7040266
Car-1,2009-02-27 16:58:43,-122.2147683,47.7040099
Car-1,2009-02-27 16:58:45,-122.2147833,47.7039916
Car-1,2009-02-27 16:58:47,-122.2147916,47.7039733
Car-1,2009-02-27 16:58:49,-122.2147766,47.7039566
Car-1,2009-02-27 16:58:51,-122.2147649,47.7039399
Car-1,2009-02-27 16:58:59,-122.2147633,47.703935
Car-1,2009-02-27 16:59:01,-122.2147599,47.7039266
Car-1,2009-02-27 16:59:08,-122.2147499,47.7039216
Car-1,2009-02-27 16:59:14,-122.214745,47.7039183
Car-1,2009-02-27 16:59:21,-122.214745,47.7039183
Car-1,2009-02-27 16:59:23,-122.2147416,47.7039183
Car-1,2009-02-27 16:59:25,-122.2147216,47.7039099
Car-1,2009-02-27 16:59:27,-122.2146883,47.7038983
Car-1,2009-02-27 16:59:29,-122.2146433,47.7038816
Car-1,2009-02-27 16:59:31,-122.2145999,47.7038683
Car-1,2009-02-27 16:59:33,-122.2145616,47.7038549
Car-1,2009-02-27 16:59:35,-122.2145116,47.7038383
Car-1,2009-02-27 16:59:37,-122.2144699,47.703825
Car-1,2009-02-27 16:59:39,-122.2144333,47.7038149
Car-1,2009-02-27 16:59:41,-122.214395,47.7037999
Car-1,2009-02-27 16:59:43,-122.2143483,47.7037833
Car-1,2009-02-27 16:59:45,-122.2143049,47.7037716
Car-1,2009-02-27 16:59:47,-122.2142699,47.7037533
Car-1,2009-02-27 16:59:51,-122.2141933,47.70371
Car-1,2009-02-27 16:59:55,-122.2141433,47.7036899
Car-1,2009-02-27 16:59:57,-122.2141199,47.7036816
Car-1,2009-02-27 16:59:59,-122.2141066,47.7036799
Car-1,2009-02-27 17:00:01,-122.2140783,47.7036749
Car-1,2009-02-27 17:00:03,-122.2140483,47.7036599
Car-1,2009-02-27 17:00:05,-122.2140366,47.7036516
Car-1,2009-02-27 17:00:07,-122.2140433,47.7036349
Car-1,2009-02-27 17:00:09,-122.2140433,47.7036166
Car-1,2009-02-27 17:00:11,-122.21408,47.7035832
Car-1,2009-02-27 17:00:22,-122.2140933,47.7035766
Car-1,2009-02-27 17:00:24,-122.214065,47.7035766
Car-1,2009-02-27 17:00:26,-122.2140449,47.70357
Car-1,2009-02-27 17:00:37,-122.2140449,47.70357
Car-1,2009-02-27 17:00:39,-122.2140433,47.7035683
Car-1,2009-02-27 17:00:41,-122.2140483,47.7035516
Car-1,2009-02-27 17:00:43,-122.2140666,47.7035199
Car-1,2009-02-27 17:00:59,-122.2140683,47.7035016
Car-1,2009-02-27 17:01:01,-122.21408,47.7034883
Car-1,2009-02-27 17:01:03,-122.2140966,47.7034816
Car-1,2009-02-27 17:01:17,-122.2140966,47.7034816
Car-1,2009-02-27 17:01:19,-122.2141,47.7034816
Car-1,2009-02-27 17:01:21,-122.214115,47.7034633
Car-1,2009-02-27 17:01:23,-122.2141316,47.7034432
Car-1,2009-02-27 17:01:25,-122.21415,47.7034233
Car-1,2009-02-27 17:01:27,-122.2141683,47.703405
Car-1,2009-02-27 17:01:29,-122.2141899,47.7033833
Car-1,2009-02-27 17:01:31,-122.2142116,47.7033616
Car-1,2009-02-27 17:01:33,-122.2142283,47.7033399
Car-1,2009-02-27 17:01:35,-122.2142466,47.70332
Car-1,2009-02-27 17:01:37,-122.2142616,47.7032983
Car-1,2009-02-27 17:01:39,-122.214275,47.7032816
Car-1,2009-02-27 17:01:41,-122.2142916,47.703275
Car-1,2009-02-27 17:01:43,-122.2143199,47.7032483
Car-1,2009-02-27 17:01:45,-122.2143416,47.7032149
Car-1,2009-02-27 17:01:47,-122.21436,47.7031833
Car-1,2009-02-27 17:01:49,-122.21438,47.7031599
Car-1,2009-02-27 17:01:51,-122.2143983,47.7031399
Car-1,2009-02-27 17:01:53,-122.2144183,47.7031183
Car-1,2009-02-27 17:01:55,-122.2144349,47.7030966
Car-1,2009-02-27 17:01:57,-122.2144533,47.7030782
Car-1,2009-02-27 17:01:59,-122.2144699,47.7030583
Car-1,2009-02-27 17:02:01,-122.214485,47.7030366
Car-1,2009-02-27 17:02:03,-122.2145,47.7030166
Car-1,2009-02-27 17:02:05,-122.2145049,47.7029999
Car-1,2009-02-27 17:02:07,-122.2145266,47.7029799
Car-1,2009-02-27 17:02:09,-122.2145433,47.7029733
Car-1,2009-02-27 17:02:11,-122.2145566,47.7029616
Car-1,2009-02-27 17:02:13,-122.2145716,47.7029466
Car-1,2009-02-27 17:02:15,-122.2145883,47.702925
Car-1,2009-02-27 17:02:17,-122.214605,47.7029016
Car-1,2009-02-27 17:02:28,-122.2146216,47.7028766
Car-1,2009-02-27 17:02:32,-122.2146466,47.7028533
Car-1,2009-02-27 17:02:34,-122.2146533,47.7028433
Car-1,2009-02-27 17:02:36,-122.2146683,47.70283
Car-1,2009-02-27 17:02:38,-122.214675,47.7028183
Car-1,2009-02-27 17:02:40,-122.2146866,47.7028016
Car-1,2009-02-27 17:02:42,-122.2147049,47.7027716
Car-1,2009-02-27 17:02:46,-122.2147049,47.7027716
Car-1,2009-02-27 17:02:48,-122.2147116,47.7027666
Car-1,2009-02-27 17:02:50,-122.2147316,47.7027499
Car-1,2009-02-27 17:02:52,-122.2147499,47.70273
Car-1,2009-02-27 17:02:54,-122.2147666,47.7027083
Car-1,2009-02-27 17:02:56,-122.2147866,47.7026866
Car-1,2009-02-27 17:02:58,-122.2148066,47.7026699
Car-1,2009-02-27 17:03:14,-122.2148066,47.7026699
Car-1,2009-02-27 17:03:16,-122.214815,47.7026616
Car-1,2009-02-27 17:03:18,-122.2148266,47.702645
Car-1,2009-02-27 17:03:20,-122.2148416,47.7026316
Car-1,2009-02-27 17:03:22,-122.2148583,47.7026166
Car-1,2009-02-27 17:03:24,-122.2148766,47.7025983
Car-1,2009-02-27 17:03:26,-122.214895,47.702575
Car-1,2009-02-27 17:03:28,-122.2149116,47.7025533
Car-1,2009-02-27 17:03:30,-122.2149283,47.7025332
Car-1,2009-02-27 17:03:32,-122.2149499,47.70252
Car-1,2009-02-27 17:03:34,-122.2149683,47.7025133
Car-1,2009-02-27 17:03:36,-122.2149933,47.7025033
Car-1,2009-02-27 17:03:38,-122.2150283,47.7024916
Car-1,2009-02-27 17:03:40,-122.2150583,47.7024916
Car-1,2009-02-27 17:03:42,-122.2150866,47.70249
Car-1,2009-02-27 17:03:44,-122.21512,47.7024933
Car-1,2009-02-27 17:03:46,-122.2151616,47.7024966
Car-1,2009-02-27 17:03:48,-122.2151949,47.7024983
Car-1,2009-02-27 17:03:50,-122.2152233,47.7025033
Car-1,2009-02-27 17:03:52,-122.2152466,47.702505
Car-1,2009-02-27 17:03:54,-122.2152566,47.7025033
Car-1,2009-02-27 17:03:56,-122.2152733,47.702505
Car-1,2009-02-27 17:03:58,-122.2152883,47.7025066
Car-1,2009-02-27 17:04:00,-122.2153116,47.7025066
Car-1,2009-02-27 17:04:02,-122.2153249,47.7024849
Car-1,2009-02-27 17:04:08,-122.21533,47.7024883
Car-1,2009-02-27 17:06:03,-122.21533,47.7024883
Car-1,2009-02-27 17:06:05,-122.2153266,47.7024883
Car-1,2009-02-27 17:06:07,-122.2153466,47.7024866
Car-1,2009-02-27 17:06:13,-122.2153466,47.7024866
Car-1,2009-02-27 17:06:15,-122.215355,47.7024883
Car-1,2009-02-27 17:06:17,-122.2153266,47.7024816
Car-1,2009-02-27 17:06:27,-122.2153166,47.7024866
Car-1,2009-02-27 17:06:29,-122.2153449,47.7024866
Car-1,2009-02-27 17:06:31,-122.2153733,47.7024883
Car-1,2009-02-27 17:06:33,-122.2154016,47.70249
Car-1,2009-02-27 17:06:35,-122.2154283,47.70249
Car-1,2009-02-27 17:06:37,-122.2154549,47.7024933
Car-1,2009-02-27 17:06:39,-122.21548,47.7024999
Car-1,2009-02-27 17:06:41,-122.2155016,47.7025016
Car-1,2009-02-27 17:06:43,-122.2155216,47.7025083
Car-1,2009-02-27 17:06:45,-122.2155416,47.7025116
Car-1,2009-02-27 17:06:48,-122.215565,47.7025266
Car-1,2009-02-27 17:06:50,-122.2155733,47.7025266
Car-1,2009-02-27 17:06:52,-122.2156049,47.7025299
Car-1,2009-02-27 17:06:54,-122.2156433,47.7025266
Car-1,2009-02-27 17:06:56,-122.2156766,47.7025266
Car-1,2009-02-27 17:06:58,-122.2157083,47.7025332
Car-1,2009-02-27 17:07:00,-122.2157416,47.7025366
Car-1,2009-02-27 17:07:02,-122.2157733,47.7025383
Car-1,2009-02-27 17:07:04,-122.2158066,47.7025383
Car-1,2009-02-27 17:07:06,-122.2158399,47.7025466
Car-1,2009-02-27 17:07:08,-122.2158816,47.7025449
Car-1,2009-02-27 17:07:10,-122.2159216,47.7025566
Car-1,2009-02-27 17:07:12,-122.2159533,47.70256
Car-1,2009-02-27 17:07:14,-122.215985,47.7025383
Car-1,2009-02-27 17:07:16,-122.21602,47.7025299
Car-1,2009-02-27 17:07:18,-122.216045,47.7025283
Car-1,2009-02-27 17:07:36,-122.216065,47.7025383
Car-1,2009-02-27 17:07:38,-122.2160849,47.7025516
Car-1,2009-02-27 17:07:40,-122.2161066,47.7025699
Car-1,2009-02-27 17:07:42,-122.2161349,47.7025849
Car-1,2009-02-27 17:07:44,-122.2161699,47.7025999
Car-1,2009-02-27 17:07:46,-122.2162033,47.7026149
Car-1,2009-02-27 17:07:48,-122.2162249,47.7026349
Car-1,2009-02-27 17:07:50,-122.2162416,47.7026582
Car-1,2009-02-27 17:07:52,-122.2162683,47.7026766
Car-1,2009-02-27 17:07:54,-122.2162866,47.7026966
Car-1,2009-02-27 17:07:56,-122.2162966,47.7027166
Car-1,2009-02-27 17:07:58,-122.2163266,47.7027266
Car-1,2009-02-27 17:08:00,-122.2163399,47.7027399
Car-1,2009-02-27 17:08:02,-122.2163283,47.7027499
Car-1,2009-02-27 17:08:04,-122.216325,47.7027499
Car-1,2009-02-27 17:08:06,-122.2162916,47.7027633
Car-1,2009-02-27 17:08:17,-122.21629,47.7027483
Car-1,2009-02-27 17:09:23,-122.21629,47.7027483
Car-1,2009-02-27 17:09:25,-122.21629,47.702745
Car-1,2009-02-27 17:09:34,-122.2163216,47.70276
Car-1,2009-02-27 17:10:09,-122.2162866,47.7027549
Car-1,2009-02-27 17:10:11,-122.2163183,47.7027566
Car-1,2009-02-27 17:10:19,-122.2163316,47.7027566
Car-1,2009-02-27 17:10:21,-122.2162983,47.7027516
Car-1,2009-02-27 17:10:30,-122.2162983,47.7027516
Car-1,2009-02-27 17:10:32,-122.21629,47.7027533
Car-1,2009-02-27 17:10:34,-122.2163199,47.7027549
Car-1,2009-02-27 17:10:36,-122.2163449,47.7027633
Car-1,2009-02-27 17:10:38,-122.2163733,47.7027733
Car-1,2009-02-27 17:10:40,-122.2163799,47.7027816
Car-1,2009-02-27 17:10:42,-122.2164066,47.7027949
Car-1,2009-02-27 17:10:44,-122.2164349,47.7028066
Car-1,2009-02-27 17:10:46,-122.216465,47.7028216
Car-1,2009-02-27 17:10:48,-122.2164933,47.7028383
Car-1,2009-02-27 17:10:50,-122.2165166,47.7028533
Car-1,2009-02-27 17:11:00,-122.2165166,47.7028533
Car-1,2009-02-27 17:11:02,-122.2165199,47.7028599
Car-1,2009-02-27 17:11:04,-122.2165416,47.7028733
Car-1,2009-02-27 17:11:06,-122.2165633,47.7028866
Car-1,2009-02-27 17:11:08,-122.2165866,47.7029
Car-1,2009-02-27 17:11:10,-122.2166099,47.7029133
Car-1,2009-02-27 17:11:12,-122.2166383,47.7029233
Car-1,2009-02-27 17:11:14,-122.2166533,47.7029366
Car-1,2009-02-27 17:11:17,-122.2166533,47.7029366
Car-1,2009-02-27 17:11:19,-122.2166566,47.7029433
Car-1,2009-02-27 17:11:21,-122.2166766,47.7029583
Car-1,2009-02-27 17:11:23,-122.2167016,47.7029666
Car-1,2009-02-27 17:11:25,-122.2167266,47.7029799
Car-1,2009-02-27 17:11:27,-122.216745,47.7030049
Car-1,2009-02-27 17:11:29,-122.2167766,47.7030232
Car-1,2009-02-27 17:11:31,-122.2167966,47.70304
Car-1,2009-02-27 17:11:33,-122.2168016,47.7030633
Car-1,2009-02-27 17:11:35,-122.2168066,47.7030833
Car-1,2009-02-27 17:11:37,-122.216805,47.70311
Car-1,2009-02-27 17:11:39,-122.216805,47.7031283
Car-1,2009-02-27 17:11:41,-122.2168016,47.7031516
Car-1,2009-02-27 17:11:43,-122.2167999,47.7031766
Car-1,2009-02-27 17:11:45,-122.216795,47.7032066
Car-1,2009-02-27 17:11:47,-122.2167883,47.7032416
Car-1,2009-02-27 17:11:49,-122.2167833,47.7032699
Car-1,2009-02-27 17:11:51,-122.2167766,47.7033032
Car-1,2009-02-27 17:11:53,-122.2167866,47.7033366
Car-1,2009-02-27 17:11:55,-122.2167866,47.7033633
Car-1,2009-02-27 17:11:57,-122.2167733,47.7033966
Car-1,2009-02-27 17:11:59,-122.2167683,47.7034183
Car-1,2009-02-27 17:12:01,-122.2167666,47.7034432
Car-1,2009-02-27 17:12:03,-122.2167666,47.7034666
Car-1,2009-02-27 17:12:05,-122.2167649,47.7034883
Car-1,2009-02-27 17:12:07,-122.2167666,47.7035066
Car-1,2009-02-27 17:12:09,-122.21677,47.70353
Car-1,2009-02-27 17:12:11,-122.2167666,47.7035583
Car-1,2009-02-27 17:12:13,-122.2167566,47.7035883
Car-1,2009-02-27 17:12:15,-122.2167566,47.7036216
Car-1,2009-02-27 17:12:17,-122.2167566,47.7036416
Car-1,2009-02-27 17:12:19,-122.2167549,47.7036682
Car-1,2009-02-27 17:12:21,-122.2167516,47.7036983
Car-1,2009-02-27 17:12:23,-122.2167483,47.7037149
Car-1,2009-02-27 17:12:25,-122.2167499,47.7037333
Car-1,2009-02-27 17:12:27,-122.2167516,47.7037583
Car-1,2009-02-27 17:12:29,-122.2167549,47.7037816
Car-1,2009-02-27 17:12:31,-122.2167516,47.7038233
Car-1,2009-02-27 17:12:33,-122.2167466,47.7038616
Car-1,2009-02-27 17:12:35,-122.2167383,47.7038933
Car-1,2009-02-27 17:12:40,-122.2167366,47.7039283
Car-1,2009-02-27 17:12:42,-122.2167399,47.7039416
Car-1,2009-02-27 17:12:44,-122.2167416,47.7039549
Car-1,2009-02-27 17:12:46,-122.2167433,47.7039766
Car-1,2009-02-27 17:12:48,-122.2167433,47.704005
Car-1,2009-02-27 17:12:50,-122.2167399,47.7040366
Car-1,2009-02-27 17:12:52,-122.2167316,47.7040799
Car-1,2009-02-27 17:12:54,-122.216725,47.7041133
Car-1,2009-02-27 17:12:56,-122.2167133,47.704145
Car-1,2009-02-27 17:12:58,-122.2167066,47.7041799
Car-1,2009-02-27 17:13:00,-122.2167133,47.7042133
Car-1,2009-02-27 17:13:02,-122.2167116,47.7042483
Car-1,2009-02-27 17:13:04,-122.2167049,47.7042899
Car-1,2009-02-27 17:13:06,-122.2167083,47.7043233
Car-1,2009-02-27 17:13:08,-122.2167149,47.70437
Car-1,2009-02-27 17:13:10,-122.2167133,47.7044149
Car-1,2009-02-27 17:13:19,-122.2167166,47.7044283
Car-1,2009-02-27 17:13:21,-122.2167083,47.7044449
Car-1,2009-02-27 17:13:23,-122.2167083,47.7044599
Car-1,2009-02-27 17:13:25,-122.2167033,47.7044766
Car-1,2009-02-27 17:13:27,-122.2166966,47.7044899
Car-1,2009-02-27 17:13:29,-122.2166816,47.7045082
Car-1,2009-02-27 17:13:31,-122.216665,47.7045299
Car-1,2009-02-27 17:13:33,-122.2166533,47.7045466
Car-1,2009-02-27 17:13:35,-122.2166433,47.7045683
Car-1,2009-02-27 17:13:37,-122.2166183,47.7045916
Car-1,2009-02-27 17:13:39,-122.2165933,47.7046033
Car-1,2009-02-27 17:13:41,-122.2165683,47.7046249
Car-1,2009-02-27 17:13:43,-122.2165416,47.7046466
Car-1,2009-02-27 17:13:45,-122.2165116,47.7046683
Car-1,2009-02-27 17:13:47,-122.2164783,47.7046766
Car-1,2009-02-27 17:13:49,-122.2164449,47.7046966
Car-1,2009-02-27 17:13:51,-122.2164166,47.7047149
Car-1,2009-02-27 17:13:53,-122.2164149,47.7047316
Car-1,2009-02-27 17:13:55,-122.2164133,47.70476
Car-1,2009-02-27 17:13:57,-122.2164099,47.70479
Car-1,2009-02-27 17:13:59,-122.2164233,47.7048283
Car-1,2009-02-27 17:14:01,-122.2164283,47.7048666
Car-1,2009-02-27 17:14:03,-122.2164283,47.7049066
Car-1,2009-02-27 17:14:05,-122.2164349,47.7049349
Car-1,2009-02-27 17:14:07,-122.2164316,47.7049549
Car-1,2009-02-27 17:14:09,-122.2164149,47.7049799
Car-1,2009-02-27 17:14:11,-122.2163883,47.7050066
Car-1,2009-02-27 17:14:13,-122.2163516,47.705015
Car-1,2009-02-27 17:14:15,-122.2163133,47.7050116
Car-1,2009-02-27 17:14:17,-122.2162749,47.7050083
Car-1,2009-02-27 17:14:19,-122.2162416,47.7050132
Car-1,2009-02-27 17:14:21,-122.2162049,47.7050099
Car-1,2009-02-27 17:14:23,-122.2161716,47.7050033
Car-1,2009-02-27 17:14:25,-122.2161383,47.7049916
Car-1,2009-02-27 17:14:27,-122.2160949,47.7049733
Car-1,2009-02-27 17:14:29,-122.2160366,47.70496
Car-1,2009-02-27 17:14:31,-122.2159766,47.7049366
Car-1,2009-02-27 17:14:33,-122.2159349,47.7049249
Car-1,2009-02-27 17:14:35,-122.2158933,47.7049099
Car-1,2009-02-27 17:14:37,-122.215855,47.7049049
Car-1,2009-02-27 17:14:39,-122.2158116,47.7049016
Car-1,2009-02-27 17:14:41,-122.2157633,47.7049
Car-1,2009-02-27 17:14:43,-122.2157166,47.7049
Car-1,2009-02-27 17:14:45,-122.2156549,47.7048933
Car-1,2009-02-27 17:14:49,-122.2155949,47.7048883
Car-1,2009-02-27 17:14:51,-122.2155666,47.7048883
Car-1,2009-02-27 17:14:53,-122.2155433,47.7048783
Car-1,2009-02-27 17:14:55,-122.2155166,47.7048699
Car-1,2009-02-27 17:14:57,-122.2154933,47.7048549
Car-1,2009-02-27 17:14:59,-122.2154649,47.7048433
Car-1,2009-02-27 17:15:01,-122.2154299,47.7048333
Car-1,2009-02-27 17:15:03,-122.2154016,47.7048233
Car-1,2009-02-27 17:15:05,-122.2153766,47.70482
Car-1,2009-02-27 17:15:07,-122.2153599,47.7048099
Car-1,2009-02-27 17:15:09,-122.2153533,47.7048032
Car-1,2009-02-27 17:15:11,-122.2153133,47.7047882
Car-1,2009-02-27 17:15:13,-122.2152733,47.7047766
Car-1,2009-02-27 17:15:15,-122.2152399,47.7047683
Car-1,2009-02-27 17:15:17,-122.2152083,47.7047616
Car-1,2009-02-27 17:15:19,-122.2151733,47.70476
Car-1,2009-02-27 17:15:21,-122.2151166,47.7047549
Car-1,2009-02-27 17:15:23,-122.2150649,47.7047449
Car-1,2009-02-27 17:15:25,-122.2150366,47.7047332
Car-1,2009-02-27 17:15:27,-122.2149933,47.70472
Car-1,2009-02-27 17:15:29,-122.2149516,47.704705
Car-1,2009-02-27 17:15:31,-122.2149116,47.7046999
Car-1,2009-02-27 17:15:33,-122.2148783,47.7046866
Car-1,2009-02-27 17:15:35,-122.2148483,47.7046733
Car-1,2009-02-27 17:15:37,-122.214815,47.7046616
Car-1,2009-02-27 17:15:39,-122.2147633,47.7046549
Car-1,2009-02-27 17:15:41,-122.2147233,47.7046416
Car-1,2009-02-27 17:15:43,-122.2146766,47.7046283
Car-1,2009-02-27 17:15:45,-122.2146316,47.7046149
Car-1,2009-02-27 17:15:47,-122.2145916,47.70461
Car-1,2009-02-27 17:15:49,-122.214555,47.7046066
Car-1,2009-02-27 17:15:51,-122.2145016,47.704595
Car-1,2009-02-27 17:15:53,-122.2144583,47.7045849
Car-1,2009-02-27 17:15:55,-122.214415,47.7045683
Car-1,2009-02-27 17:15:57,-122.21437,47.7045566
Car-1,2009-02-27 17:15:59,-122.214325,47.7045483
Car-1,2009-02-27 17:16:01,-122.2142833,47.7045416
Car-1,2009-02-27 17:16:03,-122.2142449,47.7045333
Car-1,2009-02-27 17:16:05,-122.214205,47.7045283
Car-1,2009-02-27 17:16:07,-122.2141566,47.7045183
Car-1,2009-02-27 17:16:09,-122.2141116,47.7044983
Car-1,2009-02-27 17:16:11,-122.214065,47.7044783
Car-1,2009-02-27 17:16:13,-122.2140749,47.7044649
Car-1,2009-02-27 17:16:15,-122.2140666,47.7044566
Car-1,2009-02-27 17:16:17,-122.2140466,47.7044433
Car-1,2009-02-27 17:16:19,-122.2140116,47.7044316
Car-1,2009-02-27 17:16:21,-122.2139933,47.7044233
Car-1,2009-02-27 17:16:23,-122.214005,47.7044016
Car-1,2009-02-27 17:16:25,-122.2140349,47.7044016
Car-1,2009-02-27 17:16:27,-122.2140499,47.7043916
Car-1,2009-02-27 17:16:29,-122.2140849,47.7043866
Car-1,2009-02-27 17:16:46,-122.2140866,47.7043866
Car-1,2009-02-27 17:17:05,-122.2140816,47.7043899
Car-1,2009-02-27 17:18:22,-122.2140816,47.7043916
Car-1,2009-02-27 17:18:23,-122.2140816,47.7043916
Car-1,2009-02-27 17:18:25,-122.2140833,47.7043916
Car-1,2009-02-27 17:18:50,-122.2140699,47.7043933
Car-1,2009-02-27 17:18:52,-122.214065,47.7044083
Car-1,2009-02-27 17:18:54,-122.2140683,47.7044299
Car-1,2009-02-27 17:18:56,-122.21408,47.7044499
Car-1,2009-02-27 17:18:58,-122.2141016,47.7044649
Car-1,2009-02-27 17:19:00,-122.2141016,47.7044649
Car-1,2009-02-27 17:19:02,-122.2141099,47.7044716
Car-1,2009-02-27 17:19:04,-122.2140516,47.704455
Car-1,2009-02-27 17:19:08,-122.2139066,47.7045266
Car-1,2009-02-27 17:19:12,-122.2138033,47.7046583
Car-1,2009-02-27 17:19:16,-122.2135983,47.7047433
Car-1,2009-02-27 17:19:20,-122.2133983,47.7048183
Car-1,2009-02-27 17:19:24,-122.2132716,47.7049
Car-1,2009-02-27 17:19:28,-122.2131849,47.70504
Car-1,2009-02-27 17:19:32,-122.2132266,47.7051883
Car-1,2009-02-27 17:19:36,-122.213505,47.7053083
Car-1,2009-02-27 17:19:42,-122.2142666,47.7054149
Car-1,2009-02-27 17:19:48,-122.2151583,47.70542
Car-1,2009-02-27 17:19:54,-122.2161083,47.7054099
Car-1,2009-02-27 17:20:00,-122.21725,47.7054283
Car-1,2009-02-27 17:20:06,-122.2182166,47.70549
Car-1,2009-02-27 17:20:12,-122.2191683,47.7053133
Car-1,2009-02-27 17:20:18,-122.2202499,47.7048032
Car-1,2009-02-27 17:20:24,-122.2213849,47.7043649
Car-1,2009-02-27 17:20:30,-122.2224649,47.70392
Car-1,2009-02-27 17:20:36,-122.2235016,47.70336
Car-1,2009-02-27 17:20:42,-122.2246399,47.7029633
Car-1,2009-02-27 17:20:48,-122.2257849,47.7026183
Car-1,2009-02-27 17:20:54,-122.2267699,47.7022583
Car-1,2009-02-27 17:21:00,-122.22749,47.7017616
Car-1,2009-02-27 17:21:06,-122.2281466,47.7010616
Car-1,2009-02-27 17:21:12,-122.22859,47.7002183
Car-1,2009-02-27 17:21:18,-122.2289866,47.6993149
Car-1,2009-02-27 17:21:24,-122.2296399,47.6986583
Car-1,2009-02-27 17:21:30,-122.2306066,47.6984183
Car-1,2009-02-27 17:21:36,-122.2316016,47.6986966
Car-1,2009-02-27 17:21:42,-122.2325133,47.6992466
Car-1,2009-02-27 17:21:48,-122.233555,47.6999
Car-1,2009-02-27 17:21:54,-122.2345916,47.7005683
Car-1,2009-02-27 17:22:00,-122.2353733,47.7011816
Car-1,2009-02-27 17:22:06,-122.2359833,47.7018316
Car-1,2009-02-27 17:22:12,-122.2364949,47.7025466
Car-1,2009-02-27 17:22:18,-122.2368599,47.7033499
Car-1,2009-02-27 17:22:24,-122.237085,47.7042183
Car-1,2009-02-27 17:22:30,-122.2372116,47.7051116
Car-1,2009-02-27 17:22:36,-122.23718,47.7059316
Car-1,2009-02-27 17:22:42,-122.236855,47.7067833
Car-1,2009-02-27 17:22:48,-122.2369083,47.7076066
Car-1,2009-02-27 17:22:54,-122.23732,47.7083849
Car-1,2009-02-27 17:23:00,-122.2377816,47.7090833
Car-1,2009-02-27 17:23:06,-122.2380299,47.7097516
Car-1,2009-02-27 17:23:12,-122.2381449,47.7105266
Car-1,2009-02-27 17:23:18,-122.2382233,47.7113983
Car-1,2009-02-27 17:23:24,-122.2379249,47.7122116
Car-1,2009-02-27 17:23:30,-122.2374966,47.7130783
Car-1,2009-02-27 17:23:36,-122.2370283,47.7139883
Car-1,2009-02-27 17:23:42,-122.2365683,47.7149066
Car-1,2009-02-27 17:23:48,-122.236255,47.7156966
Car-1,2009-02-27 17:23:54,-122.2365866,47.7164699
Car-1,2009-02-27 17:24:00,-122.237005,47.7173633
Car-1,2009-02-27 17:24:06,-122.2371916,47.7182266
Car-1,2009-02-27 17:24:12,-122.23703,47.7191083
Car-1,2009-02-27 17:24:18,-122.2373533,47.7198983
Car-1,2009-02-27 17:24:24,-122.2381666,47.7206016
Car-1,2009-02-27 17:24:30,-122.2390083,47.72131
Car-1,2009-02-27 17:24:36,-122.23984,47.7221333
Car-1,2009-02-27 17:24:42,-122.24025,47.7229016
Car-1,2009-02-27 17:24:48,-122.2405616,47.7237599
Car-1,2009-02-27 17:24:54,-122.2408849,47.7246249
Car-1,2009-02-27 17:25:00,-122.2417299,47.7249783
Car-1,2009-02-27 17:25:06,-122.242765,47.72518
Car-1,2009-02-27 17:25:12,-122.2434366,47.7257866
Car-1,2009-02-27 17:25:18,-122.2437266,47.7267433
Car-1,2009-02-27 17:25:24,-122.2440283,47.7276933
Car-1,2009-02-27 17:25:30,-122.2442616,47.7286049
Car-1,2009-02-27 17:25:36,-122.2444633,47.7294616
Car-1,2009-02-27 17:25:42,-122.2447866,47.7303199
Car-1,2009-02-27 17:25:48,-122.244955,47.73098
Car-1,2009-02-27 17:25:54,-122.2451633,47.7316749
Car-1,2009-02-27 17:26:00,-122.2454499,47.7322466
Car-1,2009-02-27 17:26:06,-122.2458599,47.7326933
Car-1,2009-02-27 17:26:12,-122.2462533,47.7331483
Car-1,2009-02-27 17:26:18,-122.24657,47.7333416
Car-1,2009-02-27 17:26:22,-122.2467399,47.7332566
Car-1,2009-02-27 17:26:26,-122.2469466,47.7331633
Car-1,2009-02-27 17:26:30,-122.2471566,47.7331133
Car-1,2009-02-27 17:26:34,-122.2475166,47.7330349
Car-1,2009-02-27 17:26:38,-122.2480633,47.7330199
Car-1,2009-02-27 17:26:44,-122.2488666,47.7331566
Car-1,2009-02-27 17:26:50,-122.2497033,47.7332533
Car-1,2009-02-27 17:26:56,-122.2505333,47.7333416
Car-1,2009-02-27 17:27:02,-122.2511766,47.7331516
Car-1,2009-02-27 17:27:08,-122.2513666,47.7329883
Car-1,2009-02-27 17:27:12,-122.2514433,47.7328699
Car-1,2009-02-27 17:27:16,-122.2516183,47.7328033
Car-1,2009-02-27 17:27:20,-122.2517699,47.7327133
Car-1,2009-02-27 17:27:24,-122.2520933,47.7327483
Car-1,2009-02-27 17:27:28,-122.2523233,47.7328099
Car-1,2009-02-27 17:27:32,-122.2525099,47.7328966
Car-1,2009-02-27 17:27:36,-122.2526216,47.7328899
Car-1,2009-02-27 17:27:40,-122.2527033,47.73286
Car-1,2009-02-27 17:27:44,-122.2528633,47.7328899
Car-1,2009-02-27 17:27:48,-122.253065,47.7329516
Car-1,2009-02-27 17:27:52,-122.2533849,47.73304
Car-1,2009-02-27 17:27:56,-122.2536166,47.7330866
Car-1,2009-02-27 17:28:00,-122.25392,47.7331699
Car-1,2009-02-27 17:28:04,-122.2541566,47.7332449
Car-1,2009-02-27 17:28:08,-122.2543966,47.7333033
Car-1,2009-02-27 17:28:12,-122.2546283,47.7332733
Car-1,2009-02-27 17:28:16,-122.2548849,47.7332216
Car-1,2009-02-27 17:28:20,-122.2550383,47.7331733
Car-1,2009-02-27 17:28:24,-122.2551266,47.733155
Car-1,2009-02-27 17:28:26,-122.2551666,47.7331433
Car-1,2009-02-27 17:28:28,-122.2552083,47.7331166
Car-1,2009-02-27 17:28:32,-122.2552566,47.7330649
Car-1,2009-02-27 17:28:36,-122.2553716,47.7329916
Car-1,2009-02-27 17:28:40,-122.2554783,47.7329016
Car-1,2009-02-27 17:28:44,-122.25543,47.7328133
Car-1,2009-02-27 17:28:48,-122.2553883,47.7328099
Car-1,2009-02-27 17:28:56,-122.2553816,47.7328266
Car-1,2009-02-27 17:28:58,-122.255395,47.7328233
Car-1,2009-02-27 17:29:00,-122.2554199,47.7328283
Car-1,2009-02-27 17:29:03,-122.2554199,47.7328283
Car-1,2009-02-27 17:29:05,-122.255415,47.7328366
Car-1,2009-02-27 17:29:07,-122.2553866,47.7328566
Car-1,2009-02-27 17:29:11,-122.2553149,47.7329416
Car-1,2009-02-27 17:29:15,-122.2552233,47.7330633
Car-1,2009-02-27 17:29:19,-122.2552583,47.7331566
Car-1,2009-02-27 17:29:23,-122.2554166,47.7332183
Car-1,2009-02-27 17:29:27,-122.2555933,47.7332599
Car-1,2009-02-27 17:29:31,-122.25571,47.7332816
Car-1,2009-02-27 17:29:35,-122.2558483,47.733235
Car-1,2009-02-27 17:29:39,-122.2559116,47.7331466
Car-1,2009-02-27 17:29:43,-122.2559233,47.7330633
Car-1,2009-02-27 17:32:01,-122.25619,47.7328699
Car-1,2009-02-27 17:32:03,-122.2562,47.7328466
Car-1,2009-02-27 17:32:05,-122.2562116,47.7328199
Car-1,2009-02-27 17:32:07,-122.2562049,47.7327916
Car-1,2009-02-27 17:32:09,-122.2562,47.7327549
Car-1,2009-02-27 17:32:11,-122.25619,47.7327366
Car-1,2009-02-27 17:32:13,-122.2561783,47.7327133
Car-1,2009-02-27 17:32:15,-122.2561716,47.7326799
Car-1,2009-02-27 17:32:17,-122.2561883,47.7326516
Car-1,2009-02-27 17:32:19,-122.2561883,47.7326166
Car-1,2009-02-27 17:32:21,-122.2561849,47.7325816
Car-1,2009-02-27 17:32:23,-122.2561783,47.7325533
Car-1,2009-02-27 17:32:25,-122.2561833,47.7325299
Car-1,2009-02-27 17:32:27,-122.2561833,47.73251
Car-1,2009-02-27 17:32:29,-122.2561983,47.7324966
Car-1,2009-02-27 17:32:31,-122.2562016,47.7324766
Car-1,2009-02-27 17:32:33,-122.2562,47.7324566
Car-1,2009-02-27 17:32:35,-122.2561949,47.7324366
Car-1,2009-02-27 17:32:37,-122.2562116,47.7324166
Car-1,2009-02-27 17:32:39,-122.2562149,47.7323983
Car-1,2009-02-27 17:32:41,-122.2562116,47.7323783
Car-1,2009-02-27 17:32:43,-122.2562066,47.7323516
Car-1,2009-02-27 17:32:45,-122.2562016,47.7323233
Car-1,2009-02-27 17:32:47,-122.2561833,47.7322916
Car-1,2009-02-27 17:32:49,-122.2561699,47.7322533
Car-1,2009-02-27 17:32:51,-122.2561666,47.7322183
Car-1,2009-02-27 17:32:53,-122.2561599,47.7321899
Car-1,2009-02-27 17:32:55,-122.2561566,47.7321566
Car-1,2009-02-27 17:32:57,-122.256155,47.7321333
Car-1,2009-02-27 17:32:59,-122.2561616,47.7321099
Car-1,2009-02-27 17:33:01,-122.256165,47.7320916
Car-1,2009-02-27 17:33:03,-122.2561566,47.7320716
Car-1,2009-02-27 17:33:05,-122.2561499,47.7320466
Car-1,2009-02-27 17:33:07,-122.2561433,47.7320216
Car-1,2009-02-27 17:33:09,-122.2561333,47.7319966
Car-1,2009-02-27 17:33:11,-122.2561233,47.7319766
Car-1,2009-02-27 17:33:13,-122.2561099,47.7319566
Car-1,2009-02-27 17:33:15,-122.2561149,47.73195
Car-1,2009-02-27 17:33:17,-122.2561366,47.7319633
Car-1,2009-02-27 17:33:19,-122.2561483,47.7319616
Car-1,2009-02-27 17:33:21,-122.2561566,47.7319716
Car-1,2009-02-27 17:33:23,-122.2561766,47.7319816
Car-1,2009-02-27 17:33:25,-122.2561833,47.7319849
Car-1,2009-02-27 17:33:27,-122.2562066,47.731975
Car-1,2009-02-27 17:33:29,-122.256235,47.7319683
Car-1,2009-02-27 17:33:31,-122.2562466,47.7319633
Car-1,2009-02-27 17:33:33,-122.256235,47.73195
Car-1,2009-02-27 17:33:35,-122.2562399,47.731935
Car-1,2009-02-27 17:33:37,-122.2562433,47.7319182
Car-1,2009-02-27 17:33:39,-122.2562483,47.7318949
Car-1,2009-02-27 17:33:41,-122.2562583,47.7318749
Car-1,2009-02-27 17:33:43,-122.25627,47.7318533
Car-1,2009-02-27 17:33:45,-122.256285,47.7318283
Car-1,2009-02-27 17:33:56,-122.2562433,47.7318549
Car-1,2009-02-27 17:33:58,-122.256245,47.7318433
Car-1,2009-02-27 17:34:00,-122.2562533,47.7318333
Car-1,2009-02-27 17:34:02,-122.2562649,47.73182
Car-1,2009-02-27 17:34:09,-122.2562833,47.7318016
Car-1,2009-02-27 17:34:11,-122.2562899,47.7317983
Car-1,2009-02-27 17:34:13,-122.256315,47.7318033
Car-1,2009-02-27 17:34:15,-122.2563483,47.7317999
Car-1,2009-02-27 17:34:17,-122.2564016,47.7317916
Car-1,2009-02-27 17:34:19,-122.2564399,47.7317966
Car-1,2009-02-27 17:34:21,-122.2564683,47.7318066
Car-1,2009-02-27 17:34:23,-122.2564999,47.7318249
Car-1,2009-02-27 17:34:25,-122.2565383,47.7318333
Car-1,2009-02-27 17:34:27,-122.2566216,47.7318233
Car-1,2009-02-27 17:34:29,-122.2566683,47.7318066
Car-1,2009-02-27 17:34:39,-122.2566533,47.7318183
Car-1,2009-02-27 17:34:50,-122.2566533,47.7318183
Car-1,2009-02-27 17:34:52,-122.2566533,47.7318133
Car-1,2009-02-27 17:34:54,-122.2566666,47.7318049
Car-1,2009-02-27 17:34:56,-122.2566816,47.731795
Car-1,2009-02-27 17:34:58,-122.256705,47.7317899
Car-1,2009-02-27 17:35:00,-122.2567433,47.7317833
Car-1,2009-02-27 17:35:02,-122.2568116,47.7317716
Car-1,2009-02-27 17:35:04,-122.2568983,47.7317449
Car-1,2009-02-27 17:35:06,-122.25696,47.7317283
Car-1,2009-02-27 17:35:10,-122.2570633,47.7316999
Car-1,2009-02-27 17:35:12,-122.2571099,47.7316833
Car-1,2009-02-27 17:35:14,-122.2571483,47.7316683
Car-1,2009-02-27 17:35:16,-122.2571883,47.7316516
Car-1,2009-02-27 17:35:18,-122.2572283,47.7316316
Car-1,2009-02-27 17:35:20,-122.2572733,47.731625
Car-1,2009-02-27 17:35:22,-122.2573716,47.7315966
Car-1,2009-02-27 17:35:24,-122.2574366,47.7315783
Car-1,2009-02-27 17:35:26,-122.2574983,47.7315616
Car-1,2009-02-27 17:35:28,-122.2575416,47.7315483
Car-1,2009-02-27 17:35:30,-122.2575649,47.7315449
Car-1,2009-02-27 17:35:32,-122.2575866,47.7315333
Car-1,2009-02-27 17:35:34,-122.2576099,47.73153
Car-1,2009-02-27 17:35:36,-122.2576133,47.7315499
Car-1,2009-02-27 17:35:38,-122.2575966,47.7315783
Car-1,2009-02-27 17:35:40,-122.2575983,47.7315983
Car-1,2009-02-27 17:35:42,-122.2576016,47.7316199
Car-1,2009-02-27 17:35:44,-122.2576066,47.7316532
Car-1,2009-02-27 17:35:46,-122.2576099,47.7316866
Car-1,2009-02-27 17:35:48,-122.257615,47.7317116
Car-1,2009-02-27 17:35:50,-122.2576249,47.7317383
Car-1,2009-02-27 17:35:52,-122.2576333,47.7317733
Car-1,2009-02-27 17:35:54,-122.2576383,47.7318049
Car-1,2009-02-27 17:35:56,-122.25764,47.7318366
Car-1,2009-02-27 17:35:58,-122.2576466,47.7318666
Car-1,2009-02-27 17:36:00,-122.2576599,47.73189
Car-1,2009-02-27 17:36:02,-122.257685,47.7319149
Car-1,2009-02-27 17:36:04,-122.2577183,47.731935
Car-1,2009-02-27 17:36:06,-122.2577316,47.7319666
Car-1,2009-02-27 17:36:08,-122.2577416,47.7320016
Car-1,2009-02-27 17:36:10,-122.25778,47.7320266
Car-1,2009-02-27 17:36:12,-122.2578216,47.7320416
Car-1,2009-02-27 17:36:14,-122.25786,47.7320683
Car-1,2009-02-27 17:36:16,-122.2579033,47.7320866
Car-1,2009-02-27 17:36:18,-122.2579366,47.7321166
Car-1,2009-02-27 17:36:20,-122.2579749,47.7321399
Car-1,2009-02-27 17:36:22,-122.2580033,47.7321683
Car-1,2009-02-27 17:36:24,-122.2580416,47.7321966
Car-1,2009-02-27 17:36:26,-122.258095,47.7322166
Car-1,2009-02-27 17:36:28,-122.2581166,47.7322483
Car-1,2009-02-27 17:36:30,-122.258145,47.7322832
Car-1,2009-02-27 17:36:32,-122.2581849,47.7323166
Car-1,2009-02-27 17:36:34,-122.2582449,47.7323499
Car-1,2009-02-27 17:36:36,-122.2583099,47.7323799
Car-1,2009-02-27 17:36:38,-122.2583383,47.7324133
Car-1,2009-02-27 17:36:40,-122.2583616,47.7324449
Car-1,2009-02-27 17:36:42,-122.2583733,47.7324999
Car-1,2009-02-27 17:36:44,-122.2583833,47.7325449
Car-1,2009-02-27 17:36:46,-122.2584016,47.7325866
Car-1,2009-02-27 17:36:48,-122.2584183,47.7326166
Car-1,2009-02-27 17:36:52,-122.2584183,47.7326166
Car-1,2009-02-27 17:36:54,-122.2584166,47.73262
Car-1,2009-02-27 17:36:56,-122.258425,47.7326366
Car-1,2009-02-27 17:36:58,-122.2584283,47.7326483
Car-1,2009-02-27 17:37:00,-122.2584283,47.732665
Car-1,2009-02-27 17:37:02,-122.2584166,47.7326833
Car-1,2009-02-27 17:37:04,-122.25841,47.732705
Car-1,2009-02-27 17:37:06,-122.25841,47.7327333
Car-1,2009-02-27 17:37:08,-122.2584016,47.7327683
Car-1,2009-02-27 17:37:10,-122.25839,47.7327933
Car-1,2009-02-27 17:37:12,-122.25838,47.7328249
Car-1,2009-02-27 17:37:14,-122.2583733,47.7328633
Car-1,2009-02-27 17:37:16,-122.2583666,47.7328916
Car-1,2009-02-27 17:37:18,-122.2583566,47.7329132
Car-1,2009-02-27 17:37:20,-122.2583466,47.7329366
Car-1,2009-02-27 17:37:22,-122.2583383,47.7329616
Car-1,2009-02-27 17:37:24,-122.25833,47.7329832
Car-1,2009-02-27 17:37:39,-122.2583249,47.7330066
Car-1,2009-02-27 17:37:43,-122.2583133,47.7330066
Car-1,2009-02-27 17:37:44,-122.2583133,47.7330066
Car-1,2009-02-27 17:37:46,-122.2583133,47.7330099
Car-1,2009-02-27 17:37:48,-122.25833,47.733
Car-1,2009-02-27 17:37:50,-122.2583483,47.7329949
Car-1,2009-02-27 17:37:52,-122.2583583,47.7329949
Car-1,2009-02-27 17:38:02,-122.25834,47.7330083
Car-1,2009-02-27 17:38:19,-122.2583499,47.7330099
Car-1,2009-02-27 17:38:21,-122.2583599,47.7330133
Car-1,2009-02-27 17:38:23,-122.2583633,47.733025
Car-1,2009-02-27 17:38:25,-122.2583666,47.7330483
Car-1,2009-02-27 17:38:27,-122.2583783,47.7330649
Car-1,2009-02-27 17:38:29,-122.25839,47.7330749
Car-1,2009-02-27 17:38:31,-122.2584183,47.7330749
Car-1,2009-02-27 17:38:33,-122.2584533,47.7330666
Car-1,2009-02-27 17:38:35,-122.2584866,47.7330666
Car-1,2009-02-27 17:38:37,-122.2585266,47.7330649
Car-1,2009-02-27 17:38:39,-122.2585599,47.7330666
Car-1,2009-02-27 17:38:41,-122.2585949,47.7330666
Car-1,2009-02-27 17:38:43,-122.2586166,47.7330649
Car-1,2009-02-27 17:38:49,-122.2586116,47.7330532
Car-1,2009-02-27 17:39:07,-122.2586149,47.7330499
Car-1,2009-02-27 17:39:08,-122.2586149,47.7330499
Car-1,2009-02-27 17:39:10,-122.2586149,47.7330433
Car-1,2009-02-27 17:39:12,-122.2586499,47.7330366
Car-1,2009-02-27 17:39:14,-122.2586816,47.7330216
Car-1,2009-02-27 17:39:16,-122.2587383,47.7330083
Car-1,2009-02-27 17:39:18,-122.2587733,47.7330016
Car-1,2009-02-27 17:39:20,-122.25882,47.7329982
Car-1,2009-02-27 17:39:22,-122.2588833,47.7329866
Car-1,2009-02-27 17:39:24,-122.2589366,47.7329749
Car-1,2009-02-27 17:39:26,-122.2589833,47.7329666
Car-1,2009-02-27 17:39:28,-122.2590533,47.7329499
Car-1,2009-02-27 17:39:30,-122.2590833,47.7329349
Car-1,2009-02-27 17:39:32,-122.2591199,47.7329183
Car-1,2009-02-27 17:39:34,-122.2591566,47.7329049
Car-1,2009-02-27 17:39:36,-122.259185,47.7328916
Car-1,2009-02-27 17:39:38,-122.2592149,47.7328766
Car-1,2009-02-27 17:39:40,-122.2592499,47.7328582
Car-1,2009-02-27 17:39:42,-122.25929,47.73283
Car-1,2009-02-27 17:39:44,-122.2593166,47.7328133
Car-1,2009-02-27 17:39:46,-122.2593449,47.732805
Car-1,2009-02-27 17:39:48,-122.2593933,47.7327816
Car-1,2009-02-27 17:39:50,-122.2594316,47.7327732
Car-1,2009-02-27 17:39:52,-122.2594666,47.7327683
Car-1,2009-02-27 17:39:54,-122.2594949,47.73276
Car-1,2009-02-27 17:39:56,-122.2595033,47.7327383
Car-1,2009-02-27 17:40:16,-122.2595033,47.7327383
Car-1,2009-02-27 17:40:18,-122.2594966,47.7327466
Car-1,2009-02-27 17:40:20,-122.2595033,47.7327299
Car-1,2009-02-27 17:40:22,-122.2595266,47.7327182
Car-1,2009-02-27 17:40:24,-122.2595549,47.7327266
Car-1,2009-02-27 17:40:26,-122.2595816,47.7327249
Car-1,2009-02-27 17:40:28,-122.2596116,47.7327433
Car-1,2009-02-27 17:40:30,-122.2596466,47.7327583
Car-1,2009-02-27 17:40:32,-122.25969,47.7327683
Car-1,2009-02-27 17:40:34,-122.2597266,47.73276
Car-1,2009-02-27 17:40:36,-122.2597733,47.73276
Car-1,2009-02-27 17:40:38,-122.2598183,47.7327583
Car-1,2009-02-27 17:40:40,-122.2598516,47.7327383
Car-1,2009-02-27 17:40:42,-122.2598783,47.7327099
Car-1,2009-02-27 17:40:44,-122.2599066,47.7327032
Car-1,2009-02-27 17:40:46,-122.2599333,47.7326966
Car-1,2009-02-27 17:40:48,-122.2599849,47.7327032
Car-1,2009-02-27 17:40:50,-122.2600483,47.7327216
Car-1,2009-02-27 17:40:52,-122.2600933,47.7327416
Car-1,2009-02-27 17:41:05,-122.2601366,47.7327433
Car-1,2009-02-27 17:41:07,-122.2601233,47.7327433
Car-1,2009-02-27 17:41:09,-122.26011,47.7327566
Car-1,2009-02-27 17:41:11,-122.2600816,47.7327799
Car-1,2009-02-27 17:41:13,-122.2600616,47.7328133
Car-1,2009-02-27 17:41:17,-122.2600099,47.7328166
Car-1,2009-02-27 17:41:19,-122.2599999,47.7328249
Car-1,2009-02-27 17:41:21,-122.2599816,47.7328533
Car-1,2009-02-27 17:41:23,-122.2599716,47.7328416
Car-1,2009-02-27 17:41:25,-122.2599399,47.7328432
Car-1,2009-02-27 17:41:27,-122.2599066,47.7328399
Car-1,2009-02-27 17:41:29,-122.2598733,47.73283
Car-1,2009-02-27 17:41:34,-122.25983,47.732845
Car-1,2009-02-27 17:41:36,-122.25984,47.7328549
Car-1,2009-02-27 17:41:38,-122.2598099,47.73286
Car-1,2009-02-27 17:41:40,-122.2597733,47.7328516
Car-1,2009-02-27 17:41:42,-122.2597033,47.732845
Car-1,2009-02-27 17:41:44,-122.2596349,47.7328516
Car-1,2009-02-27 17:41:46,-122.2595916,47.7328483
Car-1,2009-02-27 17:41:48,-122.259535,47.7328416
Car-1,2009-02-27 17:41:50,-122.2594883,47.7328466
Car-1,2009-02-27 17:41:52,-122.2594383,47.7328516
Car-1,2009-02-27 17:41:54,-122.2593983,47.7328549
Car-1,2009-02-27 17:41:56,-122.2593433,47.7328516
Car-1,2009-02-27 17:41:58,-122.2593166,47.7328649
Car-1,2009-02-27 17:42:00,-122.25928,47.7328666
Car-1,2009-02-27 17:42:02,-122.2592233,47.7328799
Car-1,2009-02-27 17:42:04,-122.2591933,47.7328916
Car-1,2009-02-27 17:42:06,-122.2591649,47.7329
Car-1,2009-02-27 17:42:08,-122.2591466,47.7329216
Car-1,2009-02-27 17:42:10,-122.2591099,47.7329433
Car-1,2009-02-27 17:42:12,-122.259065,47.7329499
Car-1,2009-02-27 17:42:14,-122.2590416,47.7329666
Car-1,2009-02-27 17:42:16,-122.259045,47.7329982
Car-1,2009-02-27 17:42:18,-122.2590316,47.7330183
Car-1,2009-02-27 17:42:20,-122.2590383,47.7330416
Car-1,2009-02-27 17:42:22,-122.2590599,47.73304
Car-1,2009-02-27 17:42:24,-122.2590766,47.7330383
Car-1,2009-02-27 17:42:28,-122.25909,47.7330566
Car-1,2009-02-27 17:42:30,-122.2590766,47.733055
Car-1,2009-02-27 17:42:32,-122.2590416,47.7330583
Car-1,2009-02-27 17:42:34,-122.2590049,47.7330682
Car-1,2009-02-27 17:42:36,-122.2589783,47.7330816
Car-1,2009-02-27 17:42:38,-122.2589216,47.7330933
Car-1,2009-02-27 17:42:40,-122.2589066,47.7330999
Car-1,2009-02-27 17:42:42,-122.2588483,47.7331133
Car-1,2009-02-27 17:42:44,-122.25881,47.7331199
Car-1,2009-02-27 17:42:46,-122.2587583,47.73314
Car-1,2009-02-27 17:42:48,-122.2587066,47.7331449
Car-1,2009-02-27 17:42:50,-122.2586483,47.7331366
Car-1,2009-02-27 17:42:52,-122.2586049,47.7331333
Car-1,2009-02-27 17:42:54,-122.258555,47.7331466
Car-1,2009-02-27 17:42:56,-122.258485,47.73314
Car-1,2009-02-27 17:42:58,-122.2584516,47.7331333
Car-1,2009-02-27 17:43:00,-122.2584083,47.73314
Car-1,2009-02-27 17:43:02,-122.2583683,47.7331533
Car-1,2009-02-27 17:43:04,-122.25834,47.7331599
Car-1,2009-02-27 17:43:06,-122.2582766,47.7331449
Car-1,2009-02-27 17:43:08,-122.2582233,47.7331349
Car-1,2009-02-27 17:43:10,-122.2581716,47.7331333
Car-1,2009-02-27 17:43:14,-122.2580833,47.733125
Car-1,2009-02-27 17:43:16,-122.2580533,47.7331449
Car-1,2009-02-27 17:43:18,-122.2580633,47.7331716
Car-1,2009-02-27 17:43:20,-122.2580999,47.7332116
Car-1,2009-02-27 17:43:22,-122.2581166,47.7332416
Car-1,2009-02-27 17:43:24,-122.2581216,47.7332883
Car-1,2009-02-27 17:43:26,-122.2581433,47.7333366
Car-1,2009-02-27 17:43:28,-122.2581366,47.7333716
Car-1,2009-02-27 17:43:30,-122.2581483,47.7334233
Car-1,2009-02-27 17:43:32,-122.2581383,47.73346
Car-1,2009-02-27 17:43:34,-122.2581166,47.7334849
Car-1,2009-02-27 17:43:36,-122.2580883,47.733505
Car-1,2009-02-27 17:43:38,-122.2580666,47.7335366
Car-1,2009-02-27 17:43:40,-122.2580116,47.7335516
Car-1,2009-02-27 17:43:42,-122.2579499,47.7335582
Car-1,2009-02-27 17:43:46,-122.2578616,47.7335649
Car-1,2009-02-27 17:43:48,-122.2578333,47.7335833
Car-1,2009-02-27 17:43:50,-122.257815,47.7336116
Car-1,2009-02-27 17:43:52,-122.2577933,47.7336399
Car-1,2009-02-27 17:43:54,-122.25777,47.7336583
Car-1,2009-02-27 17:43:56,-122.2577416,47.73367
Car-1,2009-02-27 17:43:58,-122.2577183,47.7337016
Car-1,2009-02-27 17:44:00,-122.257745,47.7337583
Car-1,2009-02-27 17:44:02,-122.25771,47.7337633
Car-1,2009-02-27 17:44:04,-122.257685,47.7337799
Car-1,2009-02-27 17:44:06,-122.2576483,47.7337866
Car-1,2009-02-27 17:44:08,-122.2576066,47.7337933
Car-1,2009-02-27 17:44:10,-122.25756,47.7338199
Car-1,2009-02-27 17:44:12,-122.25749,47.7338083
Car-1,2009-02-27 17:44:14,-122.25744,47.7338216
Car-1,2009-02-27 17:44:16,-122.2573616,47.7338033
Car-1,2009-02-27 17:44:18,-122.257325,47.7338016
Car-1,2009-02-27 17:44:20,-122.2573083,47.7338
Car-1,2009-02-27 17:44:22,-122.2573166,47.7338033
Car-1,2009-02-27 17:44:24,-122.2572766,47.7338
Car-1,2009-02-27 17:44:26,-122.25723,47.7338149
Car-1,2009-02-27 17:44:28,-122.2572166,47.7338166
Car-1,2009-02-27 17:44:30,-122.2571883,47.7338216
Car-1,2009-02-27 17:44:32,-122.2571733,47.733825
Car-1,2009-02-27 17:44:34,-122.2571399,47.7338466
Car-1,2009-02-27 17:44:36,-122.2571083,47.7338649
Car-1,2009-02-27 17:44:38,-122.2570583,47.7338766
Car-1,2009-02-27 17:44:40,-122.257005,47.7338933
Car-1,2009-02-27 17:44:42,-122.2569533,47.7339066
Car-1,2009-02-27 17:44:44,-122.2568933,47.7338983
Car-1,2009-02-27 17:44:46,-122.2568616,47.7338749
Car-1,2009-02-27 17:44:48,-122.2568333,47.7338516
Car-1,2009-02-27 17:44:50,-122.2567716,47.7338349
Car-1,2009-02-27 17:44:52,-122.2567316,47.73384
Car-1,2009-02-27 17:44:54,-122.2566783,47.7338499
Car-1,2009-02-27 17:44:56,-122.256635,47.7338499
Car-1,2009-02-27 17:44:58,-122.2566049,47.7338333
Car-1,2009-02-27 17:45:00,-122.2565616,47.7338149
Car-1,2009-02-27 17:45:02,-122.256505,47.7338066
Car-1,2009-02-27 17:45:04,-122.2564483,47.7337966
Car-1,2009-02-27 17:45:06,-122.25639,47.7337899
Car-1,2009-02-27 17:45:08,-122.2563249,47.7337816
Car-1,2009-02-27 17:45:10,-122.25628,47.7337933
Car-1,2009-02-27 17:45:12,-122.2562283,47.7337899
Car-1,2009-02-27 17:45:16,-122.2561599,47.7337883
Car-1,2009-02-27 17:45:18,-122.2561366,47.733785
Car-1,2009-02-27 17:45:20,-122.2561216,47.7337682
Car-1,2009-02-27 17:45:22,-122.2560983,47.7337616
Car-1,2009-02-27 17:45:24,-122.2560649,47.7337533
Car-1,2009-02-27 17:45:26,-122.2560133,47.7337466
Car-1,2009-02-27 17:45:28,-122.2559916,47.7337383
Car-1,2009-02-27 17:45:30,-122.2559616,47.7337333
Car-1,2009-02-27 17:45:34,-122.25594,47.7337449
Car-1,2009-02-27 17:45:36,-122.2559266,47.73374
Car-1,2009-02-27 17:45:38,-122.2559083,47.7336883
Car-1,2009-02-27 17:45:40,-122.2558833,47.7336583
Car-1,2009-02-27 17:45:42,-122.2559016,47.7336133
Car-1,2009-02-27 17:45:44,-122.2558983,47.7335683
Car-1,2009-02-27 17:45:46,-122.255895,47.73353
Car-1,2009-02-27 17:45:48,-122.2558733,47.7335183
Car-1,2009-02-27 17:45:50,-122.2558899,47.7334966
Car-1,2009-02-27 17:45:52,-122.2558999,47.7334716
Car-1,2009-02-27 17:45:54,-122.2558966,47.7334299
Car-1,2009-02-27 17:45:56,-122.2558833,47.7333883
Car-1,2009-02-27 17:45:58,-122.2558916,47.7333599
Car-1,2009-02-27 17:46:00,-122.2558833,47.733335
Car-1,2009-02-27 17:46:02,-122.2558716,47.7333183
Car-1,2009-02-27 17:46:04,-122.255875,47.733305
Car-1,2009-02-27 17:46:06,-122.2558766,47.7332916
Car-1,2009-02-27 17:46:08,-122.2558633,47.7332699
Car-1,2009-02-27 17:46:10,-122.2558566,47.7332466
Car-1,2009-02-27 17:46:12,-122.2558583,47.7332283
Car-1,2009-02-27 17:46:14,-122.2558299,47.7331849
Car-1,2009-02-27 17:46:19,-122.2558083,47.7331583
Car-1,2009-02-27 17:49:17,-122.2555049,47.7331716
Car-1,2009-02-27 17:49:21,-122.2551116,47.7332583
Car-1,2009-02-27 17:49:27,-122.2546066,47.7333549
Car-1,2009-02-27 17:49:31,-122.254325,47.7333149
Car-1,2009-02-27 17:49:35,-122.2539966,47.7332283
Car-1,2009-02-27 17:49:41,-122.253545,47.7331016
Car-1,2009-02-27 17:49:45,-122.2532933,47.7330499
Car-1,2009-02-27 17:49:49,-122.2530333,47.7330266
Car-1,2009-02-27 17:49:53,-122.2526633,47.7329016
Car-1,2009-02-27 17:49:57,-122.2522566,47.7327999
Car-1,2009-02-27 17:50:01,-122.2519416,47.7327732
Car-1,2009-02-27 17:50:05,-122.2517283,47.7327833
Car-1,2009-02-27 17:50:09,-122.2515599,47.7328083
Car-1,2009-02-27 17:50:13,-122.251345,47.7328883
Car-1,2009-02-27 17:50:17,-122.2510733,47.7331016
Car-1,2009-02-27 17:50:23,-122.2506766,47.7333399
Car-1,2009-02-27 17:50:27,-122.2503016,47.7333733
Car-1,2009-02-27 17:50:33,-122.249365,47.7332599
Car-1,2009-02-27 17:50:39,-122.2484166,47.73314
Car-1,2009-02-27 17:50:45,-122.24755,47.7330716
Car-1,2009-02-27 17:50:51,-122.2468933,47.7332082
Car-1,2009-02-27 17:50:55,-122.2466349,47.7332866
Car-1,2009-02-27 17:50:59,-122.2465533,47.7332883
Car-1,2009-02-27 17:51:01,-122.2465399,47.7332749
Car-1,2009-02-27 17:51:03,-122.2465249,47.7332666
Car-1,2009-02-27 17:51:05,-122.2464983,47.7332782
Car-1,2009-02-27 17:51:09,-122.2465066,47.7334233
Car-1,2009-02-27 17:51:13,-122.2467683,47.7337366
Car-1,2009-02-27 17:51:19,-122.2473966,47.7344899
Car-1,2009-02-27 17:51:25,-122.2481233,47.735425
Car-1,2009-02-27 17:51:31,-122.2489149,47.7363833
Car-1,2009-02-27 17:51:37,-122.2495216,47.7371616
Car-1,2009-02-27 17:51:43,-122.2498749,47.7376666
Car-1,2009-02-27 17:52:08,-122.249985,47.7378116
Car-1,2009-02-27 17:52:10,-122.25001,47.7378416
Car-1,2009-02-27 17:52:14,-122.2501616,47.73803
Car-1,2009-02-27 17:52:20,-122.2504766,47.73859
Car-1,2009-02-27 17:52:26,-122.2505216,47.7393833
Car-1,2009-02-27 17:52:32,-122.250195,47.7402349
Car-1,2009-02-27 17:52:38,-122.2497416,47.7410832
Car-1,2009-02-27 17:52:44,-122.2490416,47.7417749
Car-1,2009-02-27 17:52:50,-122.2492033,47.7426183
Car-1,2009-02-27 17:52:56,-122.2494866,47.7434382
Car-1,2009-02-27 17:53:02,-122.2497266,47.7440916
Car-1,2009-02-27 17:53:08,-122.2499733,47.7449033
Car-1,2009-02-27 17:53:14,-122.2501333,47.7458666
Car-1,2009-02-27 17:53:20,-122.250135,47.7466316
Car-1,2009-02-27 17:53:26,-122.2500633,47.7475983
Car-1,2009-02-27 17:53:32,-122.2500266,47.748695
Car-1,2009-02-27 17:53:38,-122.2500433,47.7497166
Car-1,2009-02-27 17:53:44,-122.2499866,47.7505316
Car-1,2009-02-27 17:53:50,-122.2499466,47.7510666
Car-1,2009-02-27 17:53:56,-122.2499233,47.7515166
Car-1,2009-02-27 17:54:02,-122.2498999,47.7521083
Car-1,2009-02-27 17:54:08,-122.2498983,47.7528916
Car-1,2009-02-27 17:54:14,-122.2498166,47.753835
Car-1,2009-02-27 17:54:20,-122.249765,47.7547016
Car-1,2009-02-27 17:54:26,-122.2497216,47.7555716
Car-1,2009-02-27 17:54:32,-122.2497166,47.7563616
Car-1,2009-02-27 17:54:38,-122.2497233,47.75702
Car-1,2009-02-27 17:54:44,-122.2497266,47.7574699
Car-1,2009-02-27 17:54:48,-122.2497183,47.7576466
Car-1,2009-02-27 17:54:52,-122.2497183,47.7576633
Car-1,2009-02-27 17:54:59,-122.2497183,47.7576633
Car-1,2009-02-27 17:55:01,-122.2497249,47.7576699
Car-1,2009-02-27 17:55:05,-122.2497133,47.7578966
Car-1,2009-02-27 17:55:11,-122.24973,47.7583016
Car-1,2009-02-27 17:55:15,-122.2499916,47.7584366
Car-1,2009-02-27 17:55:21,-122.250885,47.7585166
Car-1,2009-02-27 17:55:27,-122.2515149,47.7585716
Car-1,2009-02-27 17:55:31,-122.2519516,47.7586133
Car-1,2009-02-27 17:55:37,-122.2527049,47.7586816
Car-1,2009-02-27 17:55:43,-122.2537233,47.7587416
Car-1,2009-02-27 17:55:49,-122.2549683,47.7587083
Car-1,2009-02-27 17:55:55,-122.2564,47.7586399
Car-1,2009-02-27 17:56:01,-122.2579,47.758575
Car-1,2009-02-27 17:56:07,-122.2593783,47.7585133
Car-1,2009-02-27 17:56:13,-122.2604866,47.7584699
Car-1,2009-02-27 17:56:19,-122.2612583,47.7584416
Car-1,2009-02-27 17:56:25,-122.2619999,47.7584182
Car-1,2009-02-27 17:56:31,-122.2628166,47.7583966
Car-1,2009-02-27 17:56:37,-122.2636566,47.7583583
Car-1,2009-02-27 17:56:43,-122.2645183,47.7583183
Car-1,2009-02-27 17:56:49,-122.2654916,47.7582933
Car-1,2009-02-27 17:56:55,-122.2665233,47.7582466
Car-1,2009-02-27 17:57:01,-122.2675416,47.7581666
Car-1,2009-02-27 17:57:08,-122.2686549,47.7580033
Car-1,2009-02-27 17:57:14,-122.2697349,47.7576849
Car-1,2009-02-27 17:57:20,-122.2707749,47.7571616
Car-1,2009-02-27 17:57:26,-122.2716383,47.7564733
Car-1,2009-02-27 17:57:32,-122.2724683,47.7557516
Car-1,2009-02-27 17:57:38,-122.2734166,47.7551083
Car-1,2009-02-27 17:57:43,-122.2742399,47.7545883
Car-1,2009-02-27 17:57:50,-122.2754533,47.7540066
Car-1,2009-02-27 17:57:56,-122.2760949,47.7538316
Car-1,2009-02-27 17:58:00,-122.2763883,47.7538599
Car-1,2009-02-27 17:58:04,-122.2766299,47.7539166
Car-1,2009-02-27 17:58:08,-122.2769683,47.7540333
Car-1,2009-02-27 17:58:14,-122.2775366,47.754315
Car-1,2009-02-27 17:58:20,-122.2781049,47.75475
Car-1,2009-02-27 17:58:26,-122.278685,47.75518
Car-1,2009-02-27 17:58:32,-122.2793233,47.7556233
Car-1,2009-02-27 17:58:38,-122.2797833,47.7559316
Car-1,2009-02-27 17:58:42,-122.2801083,47.7561549
Car-1,2009-02-27 17:58:48,-122.2805766,47.756485
Car-1,2009-02-27 17:58:52,-122.2807783,47.7565682
Car-1,2009-02-27 17:58:56,-122.2810366,47.7565716
Car-1,2009-02-27 17:59:00,-122.28134,47.7565216
Car-1,2009-02-27 17:59:04,-122.28169,47.7564799
Car-1,2009-02-27 17:59:08,-122.2820449,47.75643
Car-1,2009-02-27 17:59:12,-122.2822966,47.7564
Car-1,2009-02-27 17:59:16,-122.2823316,47.75633
Car-1,2009-02-27 17:59:33,-122.2822733,47.7563066
Car-1,2009-02-27 17:59:35,-122.2822849,47.7563266
Car-1,2009-02-27 17:59:38,-122.2822849,47.7563266
Car-1,2009-02-27 17:59:40,-122.2822783,47.7563316
Car-1,2009-02-27 17:59:42,-122.2822249,47.7563333
Car-1,2009-02-27 17:59:46,-122.2819266,47.7564
Car-1,2009-02-27 17:59:52,-122.2812899,47.7564866
Car-1,2009-02-27 17:59:58,-122.2808533,47.7565283
Car-1,2009-02-27 18:00:01,-122.2808233,47.7565333
Car-1,2009-02-27 18:00:03,-122.2807533,47.7565366
Car-1,2009-02-27 18:00:07,-122.2805183,47.7564483
Car-1,2009-02-27 18:00:13,-122.2799199,47.7559616
Car-1,2009-02-27 18:00:19,-122.2791499,47.7554149
Car-1,2009-02-27 18:00:25,-122.2783749,47.7548799
Car-1,2009-02-27 18:00:31,-122.2776966,47.7543799
Car-1,2009-02-27 18:00:37,-122.2770733,47.7540433
Car-1,2009-02-27 18:00:43,-122.2768649,47.753895
Car-1,2009-02-27 18:02:14,-122.2768649,47.753895
Car-1,2009-02-27 18:02:16,-122.2768683,47.7539016
Car-1,2009-02-27 18:02:18,-122.2768499,47.7538782
Car-1,2009-02-27 18:02:22,-122.2766516,47.7537466
Car-1,2009-02-27 18:02:26,-122.2763283,47.7536133
Car-1,2009-02-27 18:02:30,-122.2759916,47.7536983
Car-1,2009-02-27 18:02:36,-122.2752249,47.7540149
Car-1,2009-02-27 18:02:42,-122.2743099,47.75441
Car-1,2009-02-27 18:02:48,-122.273345,47.7550266
Car-1,2009-02-27 18:02:54,-122.2722466,47.7557199
Car-1,2009-02-27 18:03:00,-122.2713516,47.7565183
Car-1,2009-02-27 18:03:06,-122.27034,47.7572466
Car-1,2009-02-27 18:03:12,-122.2691983,47.75772
Car-1,2009-02-27 18:03:18,-122.2679633,47.7579799
Car-1,2009-02-27 18:03:24,-122.2668066,47.7580916
Car-1,2009-02-27 18:03:30,-122.2656983,47.758155
Car-1,2009-02-27 18:03:36,-122.2645966,47.7581883
Car-1,2009-02-27 18:03:42,-122.2634599,47.7582333
Car-1,2009-02-27 18:03:48,-122.2626816,47.7582449
Car-1,2009-02-27 18:03:52,-122.2624516,47.7581666
Car-1,2009-02-27 18:03:56,-122.262225,47.7581299
Car-1,2009-02-27 18:04:00,-122.2620266,47.7580916
Car-1,2009-02-27 18:04:04,-122.2619999,47.7579799
Car-1,2009-02-27 18:04:08,-122.2620066,47.7578833
Car-1,2009-02-27 18:04:12,-122.2621399,47.7578116
Car-1,2009-02-27 18:04:16,-122.2624166,47.7578233
Car-1,2009-02-27 18:04:20,-122.2627166,47.7578366
Car-1,2009-02-27 18:04:24,-122.2630233,47.7578583
Car-1,2009-02-27 18:04:28,-122.2632816,47.7578666
Car-1,2009-02-27 18:04:32,-122.2634066,47.757875
Car-1,2009-02-27 18:04:36,-122.263455,47.7578366
Car-1,2009-02-27 18:04:38,-122.2634566,47.7578383
Car-1,2009-02-27 18:05:05,-122.2634916,47.7577949
Car-1,2009-02-27 18:05:08,-122.2634866,47.7577566
Car-1,2009-02-27 18:05:21,-122.2634766,47.7577649
Car-1,2009-02-27 18:05:23,-122.2634599,47.7577699
Car-1,2009-02-27 18:05:25,-122.2634616,47.7577999
Car-1,2009-02-27 18:05:27,-122.2634749,47.7578432
Car-1,2009-02-27 18:05:29,-122.26349,47.7577999
Car-1,2009-02-27 18:05:33,-122.2635783,47.7577699
Car-1,2009-02-27 18:05:35,-122.2636149,47.757775
Car-1,2009-02-27 18:05:37,-122.263645,47.7577566
Car-1,2009-02-27 18:05:39,-122.26362,47.75772
Car-1,2009-02-27 18:05:43,-122.2635533,47.7576566
Car-1,2009-02-27 18:05:45,-122.263505,47.7576416
Car-1,2009-02-27 18:05:47,-122.26347,47.7576149
Car-1,2009-02-27 18:05:49,-122.2634583,47.7575866
Car-1,2009-02-27 18:05:51,-122.2634416,47.7576016
Car-1,2009-02-27 18:05:53,-122.2634116,47.7575866
Car-1,2009-02-27 18:05:55,-122.2634133,47.7575966
Car-1,2009-02-27 18:05:57,-122.263445,47.7576083
Car-1,2009-02-27 18:05:59,-122.2634516,47.7575999
Car-1,2009-02-27 18:06:06,-122.2634399,47.7575899
Car-1,2009-02-27 18:06:08,-122.2634299,47.7575866
Car-1,2009-02-27 18:06:10,-122.2634149,47.7575583
Car-1,2009-02-27 18:06:12,-122.2634,47.7575699
Car-1,2009-02-27 18:06:18,-122.26341,47.7575833
Car-1,2009-02-27 18:06:20,-122.2633766,47.7575833
Car-1,2009-02-27 18:06:22,-122.2633366,47.7575833
Car-1,2009-02-27 18:06:24,-122.2632866,47.7575583
Car-1,2009-02-27 18:06:28,-122.2632433,47.7575383
Car-1,2009-02-27 18:06:30,-122.26322,47.75758
Car-1,2009-02-27 18:06:32,-122.2631833,47.7575833
Car-1,2009-02-27 18:06:36,-122.2631333,47.7575766
Car-1,2009-02-27 18:06:38,-122.2631283,47.7575616
Car-1,2009-02-27 18:06:40,-122.2631016,47.7575383
Car-1,2009-02-27 18:06:42,-122.2630683,47.7574916
Car-1,2009-02-27 18:06:44,-122.263035,47.7574816
Car-1,2009-02-27 18:06:53,-122.2629933,47.7574849
Car-1,2009-02-27 18:06:55,-122.2630533,47.7574899
Car-1,2009-02-27 18:06:57,-122.2631216,47.7574816
Car-1,2009-02-27 18:06:59,-122.2631983,47.7574416
Car-1,2009-02-27 18:07:05,-122.26322,47.7574283
Car-1,2009-02-27 18:07:07,-122.2631949,47.7574116
Car-1,2009-02-27 18:07:09,-122.2631333,47.7573633
Car-1,2009-02-27 18:07:13,-122.2630783,47.7573066
Car-1,2009-02-27 18:07:15,-122.2631116,47.757285
Car-1,2009-02-27 18:07:17,-122.2631699,47.75727
Car-1,2009-02-27 18:07:19,-122.2632066,47.7572583
Car-1,2009-02-27 18:07:22,-122.2632283,47.7572832
Car-1,2009-02-27 18:07:24,-122.2632149,47.757255
Car-1,2009-02-27 18:07:28,-122.2631883,47.757215
Car-1,2009-02-27 18:07:30,-122.2631316,47.7571933
Car-1,2009-02-27 18:07:32,-122.2631166,47.7571716
Car-1,2009-02-27 18:07:36,-122.263085,47.7571316
Car-1,2009-02-27 18:07:38,-122.2630749,47.7571033
Car-1,2009-02-27 18:07:40,-122.2630549,47.7570799
Car-1,2009-02-27 18:07:42,-122.2630383,47.7570283
Car-1,2009-02-27 18:07:44,-122.2630549,47.7570066
Car-1,2009-02-27 18:07:46,-122.26307,47.75699
Car-1,2009-02-27 18:07:48,-122.2630833,47.7569666
Car-1,2009-02-27 18:07:50,-122.2630833,47.756905
Car-1,2009-02-27 18:07:54,-122.2631016,47.7568383
Car-1,2009-02-27 18:07:56,-122.2631233,47.7568183
Car-1,2009-02-27 18:07:58,-122.2631183,47.7568116
Car-1,2009-02-27 18:08:03,-122.2630883,47.7568049
Car-1,2009-02-27 18:08:07,-122.26305,47.7567766
Car-1,2009-02-27 18:08:09,-122.2630633,47.7567766
Car-1,2009-02-27 18:08:12,-122.2630433,47.7567416
Car-1,2009-02-27 18:08:14,-122.2630283,47.7567149
Car-1,2009-02-27 18:08:16,-122.2630316,47.7567133
Car-1,2009-02-27 18:08:34,-122.2630333,47.7567333
Car-1,2009-02-27 18:08:36,-122.2630233,47.7567199
Car-1,2009-02-27 18:08:56,-122.2630466,47.7567082
Car-1,2009-02-27 18:08:58,-122.2630333,47.7566866
Car-1,2009-02-27 18:09:06,-122.2629699,47.7566666
Car-1,2009-02-27 18:09:08,-122.2629849,47.7567033
Car-1,2009-02-27 18:09:10,-122.2630283,47.7567149
Car-1,2009-02-27 18:09:15,-122.2630283,47.7567149
Car-1,2009-02-27 18:09:17,-122.263035,47.7567116
Car-1,2009-02-27 18:09:19,-122.2630366,47.756695
Car-1,2009-02-27 18:09:21,-122.2630533,47.7566849
Car-1,2009-02-27 18:09:23,-122.2630816,47.7566749
Car-1,2009-02-27 18:09:25,-122.2630783,47.756625
Car-1,2009-02-27 18:09:27,-122.26306,47.7566
Car-1,2009-02-27 18:09:29,-122.2630383,47.756585
Car-1,2009-02-27 18:09:31,-122.2629866,47.7565749
Car-1,2009-02-27 18:09:40,-122.2629866,47.7565899
Car-1,2009-02-27 18:09:42,-122.262975,47.7565799
Car-1,2009-02-27 18:09:44,-122.2629733,47.7565616
Car-1,2009-02-27 18:09:58,-122.262955,47.7565466
Car-1,2009-02-27 18:10:00,-122.2629716,47.7565649
Car-1,2009-02-27 18:10:02,-122.2630149,47.7566433
Car-1,2009-02-27 18:10:06,-122.2631066,47.7566999
Car-1,2009-02-27 18:10:08,-122.2631116,47.7567149
Car-1,2009-02-27 18:10:10,-122.2631183,47.75675
Car-1,2009-02-27 18:10:14,-122.2631633,47.756795
Car-1,2009-02-27 18:10:16,-122.2631949,47.7568033
Car-1,2009-02-27 18:10:20,-122.2633466,47.7567849
Car-1,2009-02-27 18:10:24,-122.2634233,47.7567716
Car-1,2009-02-27 18:10:28,-122.2634983,47.7567983
Car-1,2009-02-27 18:10:32,-122.2635133,47.7568083
Car-1,2009-02-27 18:10:34,-122.2635466,47.7567899
Car-1,2009-02-27 18:10:36,-122.2635683,47.7567683
Car-1,2009-02-27 18:10:38,-122.2635866,47.7567433
Car-1,2009-02-27 18:10:40,-122.2636233,47.7567216
Car-1,2009-02-27 18:10:44,-122.2635666,47.7566866
Car-1,2009-02-27 18:10:51,-122.2635699,47.75668
Car-1,2009-02-27 18:11:01,-122.2635699,47.75668
Car-1,2009-02-27 18:11:03,-122.2635699,47.7566783
Car-1,2009-02-27 18:11:05,-122.2635899,47.7566633
Car-1,2009-02-27 18:11:09,-122.2635899,47.7566583
Car-1,2009-02-27 18:11:17,-122.2635899,47.7566583
Car-1,2009-02-27 18:11:19,-122.2635916,47.7566633
Car-1,2009-02-27 18:11:28,-122.2635899,47.7566916
Car-1,2009-02-27 18:11:30,-122.263595,47.7566783
Car-1,2009-02-27 18:11:47,-122.263595,47.7566783
Car-1,2009-02-27 18:11:49,-122.2635983,47.7566766
Car-1,2009-02-27 18:11:51,-122.2635216,47.7566849
Car-1,2009-02-27 18:11:55,-122.263635,47.7567016
Car-1,2009-02-27 18:11:59,-122.2636233,47.7567166
Car-1,2009-02-27 18:12:06,-122.2636,47.7567149
Car-1,2009-02-27 18:12:08,-122.2636283,47.756695
Car-1,2009-02-27 18:12:10,-122.263635,47.7566749
Car-1,2009-02-27 18:12:16,-122.26361,47.7566783
Car-1,2009-02-27 18:12:23,-122.2636033,47.7566916
Car-1,2009-02-27 18:12:25,-122.2636016,47.7566849
Car-1,2009-02-27 18:12:27,-122.2636049,47.7566666
Car-1,2009-02-27 18:12:29,-122.2636133,47.7566382
Car-1,2009-02-27 18:12:31,-122.26362,47.7566016
Car-1,2009-02-27 18:12:33,-122.26363,47.7565766
Car-1,2009-02-27 18:12:35,-122.2636416,47.7565466
Car-1,2009-02-27 18:12:37,-122.263665,47.7565316
Car-1,2009-02-27 18:12:39,-122.2636816,47.7565166
Car-1,2009-02-27 18:12:41,-122.2636966,47.7564982
Car-1,2009-02-27 18:12:43,-122.2637066,47.7564933
Car-1,2009-02-27 18:12:45,-122.2637166,47.7564866
Car-1,2009-02-27 18:12:47,-122.2637183,47.7564649
Car-1,2009-02-27 18:12:49,-122.2637366,47.7564466
Car-1,2009-02-27 18:12:51,-122.2637216,47.7564166
Car-1,2009-02-27 18:12:53,-122.2637283,47.7564016
Car-1,2009-02-27 18:12:55,-122.2637416,47.7563783
Car-1,2009-02-27 18:12:57,-122.2637566,47.7563733
Car-1,2009-02-27 18:12:59,-122.2637716,47.7563533
Car-1,2009-02-27 18:13:01,-122.2637999,47.7563333
Car-1,2009-02-27 18:13:04,-122.2637999,47.7563333
Car-1,2009-02-27 18:13:06,-122.2637999,47.7563266
Car-1,2009-02-27 18:13:10,-122.2638316,47.7562699
Car-1,2009-02-27 18:13:12,-122.2638533,47.75626
Car-1,2009-02-27 18:13:14,-122.2638766,47.7562366
Car-1,2009-02-27 18:13:16,-122.2639066,47.756205
Car-1,2009-02-27 18:13:20,-122.2639283,47.7561332
Car-1,2009-02-27 18:13:22,-122.2639883,47.7561383
Car-1,2009-02-27 18:13:26,-122.2640316,47.7560483
Car-1,2009-02-27 18:13:30,-122.2640449,47.7560049
Car-1,2009-02-27 18:13:32,-122.2640699,47.7559683
Car-1,2009-02-27 18:13:34,-122.2640916,47.7559283
Car-1,2009-02-27 18:13:36,-122.2641116,47.7559049
Car-1,2009-02-27 18:13:38,-122.2641383,47.755885
Car-1,2009-02-27 18:13:42,-122.2641766,47.7558466
Car-1,2009-02-27 18:13:44,-122.2641933,47.7558283
Car-1,2009-02-27 18:13:46,-122.2642099,47.7558
Car-1,2009-02-27 18:13:48,-122.26422,47.7557799
Car-1,2009-02-27 18:13:50,-122.2642733,47.7557366
Car-1,2009-02-27 18:14:00,-122.2643066,47.7557132
Car-1,2009-02-27 18:14:02,-122.26432,47.7556899
Car-1,2009-02-27 18:14:09,-122.2643116,47.7556733
Car-1,2009-02-27 18:14:11,-122.2643283,47.7556466
Car-1,2009-02-27 18:14:13,-122.2643433,47.7556199
Car-1,2009-02-27 18:14:15,-122.26437,47.7556016
Car-1,2009-02-27 18:14:17,-122.2643783,47.75559
Car-1,2009-02-27 18:14:19,-122.26439,47.755575
Car-1,2009-02-27 18:14:21,-122.2643999,47.7555616
Car-1,2009-02-27 18:14:23,-122.264405,47.7555483
Car-1,2009-02-27 18:14:25,-122.2644066,47.7555266
Car-1,2009-02-27 18:14:27,-122.26443,47.7554966
Car-1,2009-02-27 18:14:29,-122.2644466,47.7554716
Car-1,2009-02-27 18:14:31,-122.2644533,47.7554416
Car-1,2009-02-27 18:14:33,-122.2644283,47.7554066
Car-1,2009-02-27 18:14:44,-122.2643683,47.7553749
Car-1,2009-02-27 18:14:46,-122.264355,47.7553632
Car-1,2009-02-27 18:15:01,-122.2643633,47.7553699
Car-1,2009-02-27 18:15:03,-122.2643683,47.7553699
Car-1,2009-02-27 18:15:05,-122.2643733,47.7553683
Car-1,2009-02-27 18:15:27,-122.2643916,47.7553666
Car-1,2009-02-27 18:15:29,-122.264395,47.75538
Car-1,2009-02-27 18:15:31,-122.2644483,47.7553666
Car-1,2009-02-27 18:15:35,-122.2644449,47.7553566
Car-1,2009-02-27 18:15:37,-122.2644216,47.7553733
Car-1,2009-02-27 18:15:39,-122.26437,47.7553883
Car-1,2009-02-27 18:15:41,-122.26437,47.7553749
Car-1,2009-02-27 18:15:44,-122.26438,47.7553849
Car-1,2009-02-27 18:15:46,-122.26438,47.75539
Car-1,2009-02-27 18:15:48,-122.2643866,47.755395
Car-1,2009-02-27 18:15:50,-122.2643999,47.7553983
Car-1,2009-02-27 18:15:53,-122.2644066,47.7553966
Car-1,2009-02-27 18:15:55,-122.2644066,47.7553983
Car-1,2009-02-27 18:15:57,-122.2644216,47.7553966
Car-1,2009-02-27 18:15:59,-122.2644433,47.7553999
Car-1,2009-02-27 18:16:01,-122.2644833,47.7553999
Car-1,2009-02-27 18:16:08,-122.2644449,47.7553966
Car-1,2009-02-27 18:16:10,-122.264415,47.7553883
Car-1,2009-02-27 18:16:16,-122.2643883,47.7553883
Car-1,2009-02-27 18:16:18,-122.26437,47.7553866
Car-1,2009-02-27 18:16:20,-122.264345,47.75538
Car-1,2009-02-27 18:16:22,-122.2643133,47.7553683
Car-1,2009-02-27 18:16:24,-122.2642766,47.7553549
Car-1,2009-02-27 18:16:26,-122.2642483,47.7553399
Car-1,2009-02-27 18:16:28,-122.2642166,47.7553266
Car-1,2009-02-27 18:16:30,-122.2641833,47.7553133
Car-1,2009-02-27 18:16:32,-122.2641399,47.7552999
Car-1,2009-02-27 18:16:42,-122.2641199,47.7552883
Car-1,2009-02-27 18:16:50,-122.2641199,47.7552883
Car-1,2009-02-27 18:16:52,-122.2641283,47.7552866
Car-1,2009-02-27 18:16:54,-122.2641516,47.755295
Car-1,2009-02-27 18:16:56,-122.2641866,47.7553066
Car-1,2009-02-27 18:16:58,-122.2642216,47.7553333
Car-1,2009-02-27 18:17:00,-122.2642833,47.7553466
Car-1,2009-02-27 18:17:02,-122.2643116,47.7553583
Car-1,2009-02-27 18:17:04,-122.2643783,47.7553733
Car-1,2009-02-27 18:17:06,-122.2644083,47.7553849
Car-1,2009-02-27 18:17:08,-122.2644333,47.755395
Car-1,2009-02-27 18:17:10,-122.2644683,47.7554116
Car-1,2009-02-27 18:17:12,-122.2644766,47.7554183
Car-1,2009-02-27 18:17:14,-122.2644716,47.7554332
Car-1,2009-02-27 18:17:16,-122.26445,47.755465
Car-1,2009-02-27 18:17:18,-122.2644249,47.7555133
Car-1,2009-02-27 18:17:22,-122.2643866,47.7555732
Car-1,2009-02-27 18:17:24,-122.2643883,47.75559
Car-1,2009-02-27 18:17:26,-122.2643749,47.755615
Car-1,2009-02-27 18:17:28,-122.2643583,47.755645
Car-1,2009-02-27 18:17:32,-122.264325,47.7556899
Car-1,2009-02-27 18:17:34,-122.2643016,47.7557099
Car-1,2009-02-27 18:17:38,-122.26424,47.7557466
Car-1,2009-02-27 18:17:40,-122.26422,47.7557566
Car-1,2009-02-27 18:17:42,-122.2641933,47.7557666
Car-1,2009-02-27 18:17:52,-122.2641866,47.7557483
Car-1,2009-02-27 18:17:54,-122.264185,47.7557666
Car-1,2009-02-27 18:17:56,-122.264205,47.7557916
Car-1,2009-02-27 18:17:58,-122.2641983,47.7558183
Car-1,2009-02-27 18:18:02,-122.2641633,47.7558499
Car-1,2009-02-27 18:18:04,-122.2641566,47.7558583
Car-1,2009-02-27 18:18:06,-122.2641383,47.755885
Car-1,2009-02-27 18:18:08,-122.2641266,47.7559266
Car-1,2009-02-27 18:18:10,-122.2641133,47.7559533
Car-1,2009-02-27 18:18:12,-122.2640933,47.75598
Car-1,2009-02-27 18:18:14,-122.2640699,47.7559983
Car-1,2009-02-27 18:18:16,-122.2640533,47.7560199
Car-1,2009-02-27 18:18:18,-122.2640249,47.7560416
Car-1,2009-02-27 18:18:20,-122.2640066,47.7560533
Car-1,2009-02-27 18:18:22,-122.263995,47.7560749
Car-1,2009-02-27 18:18:24,-122.2639799,47.7560983
Car-1,2009-02-27 18:18:26,-122.2639649,47.7561133
Car-1,2009-02-27 18:18:28,-122.2639516,47.7561383
Car-1,2009-02-27 18:18:30,-122.2639383,47.7561599
Car-1,2009-02-27 18:18:32,-122.2639233,47.7561733
Car-1,2009-02-27 18:18:34,-122.2639083,47.7561999
Car-1,2009-02-27 18:18:36,-122.2638883,47.7562249
Car-1,2009-02-27 18:18:38,-122.2638733,47.7562383
Car-1,2009-02-27 18:18:40,-122.2638366,47.7562666
Car-1,2009-02-27 18:18:42,-122.2638216,47.7562949
Car-1,2009-02-27 18:18:46,-122.2638149,47.7563116
Car-1,2009-02-27 18:18:48,-122.263785,47.7563366
Car-1,2009-02-27 18:18:50,-122.2637733,47.7563633
Car-1,2009-02-27 18:18:52,-122.2637616,47.7563966
Car-1,2009-02-27 18:18:54,-122.2637483,47.7564282
Car-1,2009-02-27 18:18:56,-122.2637283,47.7564499
Car-1,2009-02-27 18:18:58,-122.2637,47.7564749
Car-1,2009-02-27 18:19:00,-122.2636883,47.7564966
Car-1,2009-02-27 18:19:02,-122.2636783,47.7565216
Car-1,2009-02-27 18:19:04,-122.263655,47.7565349
Car-1,2009-02-27 18:19:06,-122.2636516,47.7565366
Car-1,2009-02-27 18:19:08,-122.263635,47.7565499
Car-1,2009-02-27 18:19:10,-122.2636183,47.7565716
Car-1,2009-02-27 18:19:12,-122.2636083,47.7565933
Car-1,2009-02-27 18:19:14,-122.263595,47.7566199
Car-1,2009-02-27 18:19:16,-122.2635733,47.7566366
Car-1,2009-02-27 18:19:20,-122.2635616,47.7566833
Car-1,2009-02-27 18:19:22,-122.2635533,47.7567016
Car-1,2009-02-27 18:19:43,-122.263565,47.7567149
Car-1,2009-02-27 18:19:45,-122.2635533,47.7567316
Car-1,2009-02-27 18:19:47,-122.2635316,47.7567483
Car-1,2009-02-27 18:19:49,-122.2635166,47.7567733
Car-1,2009-02-27 18:19:51,-122.2634999,47.7567933
Car-1,2009-02-27 18:19:53,-122.2634666,47.7568049
Car-1,2009-02-27 18:19:55,-122.2634299,47.7568033
Car-1,2009-02-27 18:19:57,-122.2633883,47.7568083
Car-1,2009-02-27 18:19:59,-122.2633516,47.756795
Car-1,2009-02-27 18:20:01,-122.2633116,47.7567816
Car-1,2009-02-27 18:20:03,-122.26327,47.7567749
Car-1,2009-02-27 18:20:05,-122.2632399,47.7567766
Car-1,2009-02-27 18:20:07,-122.2631833,47.756765
Car-1,2009-02-27 18:20:11,-122.2630683,47.7567616
Car-1,2009-02-27 18:20:15,-122.26301,47.756795
Car-1,2009-02-27 18:20:17,-122.2630049,47.7568249
Car-1,2009-02-27 18:20:19,-122.2629983,47.75685
Car-1,2009-02-27 18:20:21,-122.2629966,47.7568849
Car-1,2009-02-27 18:20:23,-122.2630083,47.7569083
Car-1,2009-02-27 18:20:25,-122.2629983,47.7569366
Car-1,2009-02-27 18:20:27,-122.2629483,47.7569683
Car-1,2009-02-27 18:20:29,-122.2629383,47.7569916
Car-1,2009-02-27 18:20:31,-122.2629183,47.7570116
Car-1,2009-02-27 18:20:33,-122.2629133,47.75703
Car-1,2009-02-27 18:20:35,-122.2629083,47.7570499
Car-1,2009-02-27 18:20:37,-122.2629183,47.7570966
Car-1,2009-02-27 18:20:39,-122.2629249,47.7571216
Car-1,2009-02-27 18:20:41,-122.2629383,47.7571549
Car-1,2009-02-27 18:20:43,-122.2629566,47.7571633
Car-1,2009-02-27 18:20:45,-122.2629833,47.7571716
Car-1,2009-02-27 18:20:47,-122.2630066,47.7571749
Car-1,2009-02-27 18:20:49,-122.2630199,47.7572033
Car-1,2009-02-27 18:20:51,-122.2630049,47.7572583
Car-1,2009-02-27 18:20:55,-122.26299,47.7573316
Car-1,2009-02-27 18:20:59,-122.2629933,47.7573649
Car-1,2009-02-27 18:21:01,-122.2629833,47.7574083
Car-1,2009-02-27 18:21:03,-122.2629816,47.7574449
Car-1,2009-02-27 18:21:05,-122.2629766,47.7574849
Car-1,2009-02-27 18:21:09,-122.263,47.7575316
Car-1,2009-02-27 18:21:11,-122.2630233,47.75755
Car-1,2009-02-27 18:21:13,-122.2630416,47.7575816
Car-1,2009-02-27 18:21:15,-122.2630816,47.7575916
Car-1,2009-02-27 18:21:17,-122.263105,47.7576283
Car-1,2009-02-27 18:21:19,-122.2631249,47.7576533
Car-1,2009-02-27 18:21:21,-122.2631449,47.7576816
Car-1,2009-02-27 18:21:23,-122.2631583,47.7577133
Car-1,2009-02-27 18:21:25,-122.2631716,47.7577383
Car-1,2009-02-27 18:21:27,-122.263185,47.7577649
Car-1,2009-02-27 18:21:29,-122.2632016,47.7577799
Car-1,2009-02-27 18:21:31,-122.26322,47.7577966
Car-1,2009-02-27 18:21:33,-122.263245,47.7578183
Car-1,2009-02-27 18:21:35,-122.2632733,47.7578283
Car-1,2009-02-27 18:21:37,-122.2632833,47.7578483
Car-1,2009-02-27 18:21:39,-122.2633133,47.7578649
Car-1,2009-02-27 18:21:41,-122.2633466,47.7578483
Car-1,2009-02-27 18:21:43,-122.2633899,47.7578766
Car-1,2009-02-27 18:21:45,-122.2634183,47.7578699
Car-1,2009-02-27 18:21:47,-122.2634433,47.7578633
Car-1,2009-02-27 18:21:49,-122.2634016,47.7578333
Car-1,2009-02-27 18:21:51,-122.2633733,47.7578166
Car-1,2009-02-27 18:21:53,-122.2633799,47.757815
Car-1,2009-02-27 18:21:55,-122.2634,47.7577999
Car-1,2009-02-27 18:22:06,-122.2634,47.7577999
Car-1,2009-02-27 18:22:08,-122.2634083,47.7577916
Car-1,2009-02-27 18:22:10,-122.2634299,47.75779
Car-1,2009-02-27 18:22:17,-122.2635466,47.7579049
Car-1,2009-02-27 18:22:19,-122.263505,47.7579933
Car-1,2009-02-27 18:24:06,-122.2634316,47.7578516
Car-1,2009-02-27 18:24:08,-122.2634183,47.7578666
Car-1,2009-02-27 18:24:10,-122.2634049,47.7578766
Car-1,2009-02-27 18:24:13,-122.2634049,47.7578766
Car-1,2009-02-27 18:24:15,-122.2634,47.7578783
Car-1,2009-02-27 18:24:17,-122.2634283,47.7578716
Car-1,2009-02-27 18:24:19,-122.2634949,47.7578683
Car-1,2009-02-27 18:24:23,-122.2637733,47.7578966
Car-1,2009-02-27 18:24:27,-122.2640266,47.7578333
Car-1,2009-02-27 18:24:31,-122.2639799,47.7577233
Car-1,2009-02-27 18:24:35,-122.2635899,47.7576616
Car-1,2009-02-27 18:24:41,-122.2630783,47.7576816
Car-1,2009-02-27 18:24:45,-122.2629716,47.7577783
Car-1,2009-02-27 18:24:49,-122.2627183,47.7578099
Car-1,2009-02-27 18:24:53,-122.2623633,47.7577983
Car-1,2009-02-27 18:24:57,-122.2621616,47.7577883
Car-1,2009-02-27 18:25:01,-122.26202,47.7577916
Car-1,2009-02-27 18:25:05,-122.2618683,47.7578716
Car-1,2009-02-27 18:25:09,-122.2618933,47.7580716
Car-1,2009-02-27 18:25:13,-122.2622383,47.7581599
Car-1,2009-02-27 18:25:17,-122.2624449,47.7582283
Car-1,2009-02-27 18:25:21,-122.2625466,47.7583683
Car-1,2009-02-27 18:25:25,-122.2629583,47.7583949
Car-1,2009-02-27 18:25:31,-122.2639899,47.7583482
Car-1,2009-02-27 18:25:37,-122.2653466,47.7582916
Car-1,2009-02-27 18:25:43,-122.26685,47.7582199
Car-1,2009-02-27 18:25:49,-122.2683966,47.7580532
Car-1,2009-02-27 18:25:55,-122.2698999,47.7576133
Car-1,2009-02-27 18:26:01,-122.2711583,47.7568833
Car-1,2009-02-27 18:26:07,-122.2721583,47.7559666
Car-1,2009-02-27 18:26:13,-122.2733149,47.7551449
Car-1,2009-02-27 18:26:19,-122.2745033,47.7544133
Car-1,2009-02-27 18:26:25,-122.2756166,47.7538816
Car-1,2009-02-27 18:26:31,-122.2761849,47.7536383
Car-1,2009-02-27 18:26:53,-122.2762299,47.753615
Car-1,2009-02-27 18:27:15,-122.2762299,47.753615
Car-1,2009-02-27 18:27:17,-122.2762216,47.7536099
Car-1,2009-02-27 18:27:19,-122.2762999,47.7535866
Car-1,2009-02-27 18:27:23,-122.2767166,47.7534233
Car-1,2009-02-27 18:27:29,-122.2778316,47.7529999
Car-1,2009-02-27 18:27:35,-122.2791333,47.7524766
Car-1,2009-02-27 18:27:41,-122.2803833,47.7519683
Car-1,2009-02-27 18:27:47,-122.2816616,47.7513516
Car-1,2009-02-27 18:27:53,-122.2828433,47.7505966
Car-1,2009-02-27 18:27:59,-122.2839016,47.7496683
Car-1,2009-02-27 18:28:05,-122.2847749,47.7485783
Car-1,2009-02-27 18:28:15,-122.2859066,47.7466566
Car-1,2009-02-27 18:28:21,-122.2862833,47.745515
Car-1,2009-02-27 18:28:27,-122.2865416,47.7443066
Car-1,2009-02-27 18:28:37,-122.2871733,47.7424399
Car-1,2009-02-27 18:28:43,-122.287955,47.7415116
Car-1,2009-02-27 18:28:49,-122.2888199,47.7405316
Car-1,2009-02-27 18:28:55,-122.2896966,47.7395066
Car-1,2009-02-27 18:29:01,-122.2905133,47.7385416
Car-1,2009-02-27 18:29:07,-122.2912699,47.7376683
Car-1,2009-02-27 18:29:13,-122.2920333,47.7367516
Car-1,2009-02-27 18:29:19,-122.2925483,47.7357316
Car-1,2009-02-27 18:29:25,-122.2926416,47.7347316
Car-1,2009-02-27 18:29:31,-122.2926083,47.7341099
Car-1,2009-02-27 18:29:36,-122.2925866,47.7340599
Car-1,2009-02-27 18:29:40,-122.2925949,47.7340733
Car-1,2009-02-27 18:29:42,-122.2925916,47.7340783
Car-1,2009-02-27 18:29:51,-122.2925916,47.7340783
Car-1,2009-02-27 18:29:53,-122.2925833,47.73408
Car-1,2009-02-27 18:29:55,-122.2925833,47.7340433
Car-1,2009-02-27 18:29:59,-122.2925749,47.7337966
Car-1,2009-02-27 18:30:05,-122.2925483,47.7331932
Car-1,2009-02-27 18:30:11,-122.292515,47.7324016
Car-1,2009-02-27 18:30:17,-122.2924533,47.7314833
Car-1,2009-02-27 18:30:23,-122.2924166,47.7305683
Car-1,2009-02-27 18:30:29,-122.2923816,47.7296599
Car-1,2009-02-27 18:30:35,-122.2923516,47.7287533
Car-1,2009-02-27 18:30:41,-122.2923133,47.7278316
Car-1,2009-02-27 18:30:47,-122.2923333,47.7268616
Car-1,2009-02-27 18:30:53,-122.292425,47.7258066
Car-1,2009-02-27 18:30:59,-122.2926216,47.7247483
Car-1,2009-02-27 18:31:05,-122.2929283,47.7237466
Car-1,2009-02-27 18:31:11,-122.2932616,47.7229283
Car-1,2009-02-27 18:31:17,-122.2936283,47.7220799
Car-1,2009-02-27 18:31:23,-122.2940449,47.7213199
Car-1,2009-02-27 18:31:29,-122.2944633,47.720655
Car-1,2009-02-27 18:31:35,-122.2947799,47.7201399
Car-1,2009-02-27 18:31:41,-122.2950199,47.7196816
Car-1,2009-02-27 18:31:47,-122.2951683,47.7193599
Car-1,2009-02-27 18:32:25,-122.2951816,47.7193566
Car-1,2009-02-27 18:32:27,-122.2951783,47.7193149
Car-1,2009-02-27 18:32:31,-122.2949816,47.7192016
Car-1,2009-02-27 18:32:35,-122.2944783,47.7191999
Car-1,2009-02-27 18:32:41,-122.2934866,47.7191966
Car-1,2009-02-27 18:32:47,-122.2923116,47.7192082
Car-1,2009-02-27 18:32:53,-122.29131,47.7191899
Car-1,2009-02-27 18:32:59,-122.2905983,47.7191883
Car-1,2009-02-27 18:33:05,-122.289825,47.7192049
Car-1,2009-02-27 18:33:11,-122.2889649,47.71921
Car-1,2009-02-27 18:33:17,-122.2879833,47.7192082
Car-1,2009-02-27 18:33:23,-122.28696,47.7191999
Car-1,2009-02-27 18:33:29,-122.2861983,47.7191899
Car-1,2009-02-27 18:33:35,-122.2853416,47.7190233
Car-1,2009-02-27 18:33:41,-122.2846366,47.71855
Car-1,2009-02-27 18:33:47,-122.2841516,47.7177916
Car-1,2009-02-27 18:33:53,-122.2836866,47.7169349
Car-1,2009-02-27 18:33:59,-122.2831483,47.7160249
Car-1,2009-02-27 18:34:05,-122.2826483,47.7151183
Car-1,2009-02-27 18:34:11,-122.2825316,47.714265
Car-1,2009-02-27 18:34:17,-122.2823683,47.7133549
Car-1,2009-02-27 18:34:23,-122.2819183,47.7124233
Car-1,2009-02-27 18:34:29,-122.2814549,47.7114616
Car-1,2009-02-27 18:34:35,-122.2809683,47.7104749
Car-1,2009-02-27 18:34:41,-122.2804916,47.7094616
Car-1,2009-02-27 18:34:47,-122.2800533,47.70852
Car-1,2009-02-27 18:34:53,-122.2796166,47.7076266
Car-1,2009-02-27 18:34:59,-122.2792399,47.7068599
Car-1,2009-02-27 18:35:05,-122.2788766,47.7060766
Car-1,2009-02-27 18:35:11,-122.2785483,47.7053566
Car-1,2009-02-27 18:35:17,-122.2781233,47.7047399
Car-1,2009-02-27 18:35:23,-122.2777366,47.7041233
Car-1,2009-02-27 18:35:29,-122.2776999,47.7034699
Car-1,2009-02-27 18:35:35,-122.2777083,47.7028132
Car-1,2009-02-27 18:35:41,-122.2777299,47.7021433
Car-1,2009-02-27 18:35:47,-122.2777416,47.7013132
Car-1,2009-02-27 18:35:53,-122.2777499,47.7004966
Car-1,2009-02-27 18:35:59,-122.2777683,47.6998766
Car-1,2009-02-27 18:36:05,-122.2777699,47.6993216
Car-1,2009-02-27 18:38:11,-122.265365,47.6870566
Car-1,2009-02-27 18:39:51,-122.2640833,47.6793466
Car-1,2009-02-27 18:41:24,-122.2697533,47.6793483
Car-1,2009-02-27 18:41:30,-122.2690333,47.679355
Car-1,2009-02-27 18:41:36,-122.2685666,47.67934
Car-1,2009-02-27 18:41:40,-122.2683733,47.6793366
Car-1,2009-02-27 18:41:44,-122.2682599,47.6793383
Car-1,2009-02-27 18:41:48,-122.2681783,47.6793283
Car-1,2009-02-27 18:41:50,-122.2681533,47.6793049
Car-1,2009-02-27 18:41:54,-122.2681683,47.6792533
Car-1,2009-02-27 18:41:56,-122.2681799,47.6792349
Car-1,2009-02-27 18:42:04,-122.2681883,47.6792282
Car-1,2009-02-27 18:42:06,-122.2681933,47.6792199
Car-1,2009-02-27 18:42:08,-122.2681983,47.6792099
Car-1,2009-02-27 18:42:10,-122.2682033,47.6792
Car-1,2009-02-27 18:42:12,-122.2682066,47.67919
Car-1,2009-02-27 18:42:14,-122.2682116,47.6791799
Car-1,2009-02-27 18:42:45,-122.2682116,47.6791799
Car-1,2009-02-27 18:42:47,-122.2682116,47.6791766
Car-1,2009-02-27 18:42:48,-122.2682266,47.6791416
Car-1,2009-02-27 18:42:52,-122.2682383,47.679035
Car-1,2009-02-27 18:43:04,-122.2682383,47.6791099
Car-1,2009-02-27 18:43:09,-122.2682383,47.6791099
Car-1,2009-02-27 18:43:11,-122.2682333,47.6791149
Car-1,2009-02-27 18:43:13,-122.2682333,47.6791266
Car-1,2009-02-27 18:43:15,-122.2682399,47.6791399
Car-1,2009-02-27 18:43:17,-122.2682466,47.6791549
Car-1,2009-02-27 18:43:19,-122.2682333,47.6791683
Car-1,2009-02-27 18:43:21,-122.2682133,47.6791883
Car-1,2009-02-27 18:43:23,-122.2681966,47.6792066
Car-1,2009-02-27 18:43:25,-122.2681866,47.6792366
Car-1,2009-02-27 18:43:27,-122.2681516,47.6792616
Car-1,2009-02-27 18:43:29,-122.2681183,47.6792799
Car-1,2009-02-27 18:43:31,-122.2680916,47.6793049
Car-1,2009-02-27 18:43:33,-122.2680783,47.679315
Car-1,2009-02-27 18:43:35,-122.2680533,47.6793183
Car-1,2009-02-27 18:43:37,-122.2680333,47.6793083
Car-1,2009-02-27 18:43:39,-122.2680249,47.6792949
Car-1,2009-02-27 18:43:41,-122.2680249,47.6793016
Car-1,2009-02-27 18:46:47,-122.2680249,47.6793066
Car-1,2009-02-27 18:46:49,-122.2680333,47.6793
Car-1,2009-02-27 18:46:51,-122.2680383,47.6792949
Car-1,2009-02-27 18:46:53,-122.2680483,47.679285
Car-1,2009-02-27 18:46:55,-122.2680516,47.6792749
Car-1,2009-02-27 18:46:57,-122.268055,47.6792633
Car-1,2009-02-27 18:46:59,-122.2680599,47.6792516
Car-1,2009-02-27 18:47:01,-122.2680649,47.6792383
Car-1,2009-02-27 18:47:09,-122.2680749,47.67923
Car-1,2009-02-27 18:47:13,-122.2680749,47.67923
Car-1,2009-02-27 18:47:15,-122.2680733,47.6792366
Car-1,2009-02-27 18:47:17,-122.2680799,47.6792499
Car-1,2009-02-27 18:47:19,-122.2680716,47.6792683
Car-1,2009-02-27 18:47:21,-122.2680649,47.6792899
Car-1,2009-02-27 18:47:23,-122.2680566,47.6793049
Car-1,2009-02-27 18:47:25,-122.2680516,47.6793199
Car-1,2009-02-27 18:47:28,-122.2680516,47.6793199
Car-1,2009-02-27 18:47:30,-122.2680533,47.6793266
Car-1,2009-02-27 18:47:32,-122.2680416,47.6793183
Car-1,2009-02-27 18:47:59,-122.2680299,47.679315
Car-1,2009-02-27 18:48:01,-122.2680016,47.6793166
Car-1,2009-02-27 18:48:03,-122.2679699,47.6793166
Car-1,2009-02-27 18:48:05,-122.2679316,47.6793132
Car-1,2009-02-27 18:48:07,-122.2678933,47.6793116
Car-1,2009-02-27 18:48:09,-122.2678616,47.6793116
Car-1,2009-02-27 18:48:11,-122.2678283,47.6793099
Car-1,2009-02-27 18:48:13,-122.2678016,47.6793083
Car-1,2009-02-27 18:48:15,-122.2677766,47.6793033
Car-1,2009-02-27 18:48:26,-122.2677583,47.6793
Car-1,2009-02-27 18:48:28,-122.2677516,47.6793049
Car-1,2009-02-27 18:48:30,-122.2677233,47.6793099
Car-1,2009-02-27 18:48:32,-122.2676899,47.6793083
Car-1,2009-02-27 18:48:34,-122.2676599,47.6793116
Car-1,2009-02-27 18:48:36,-122.2676249,47.6793083
Car-1,2009-02-27 18:48:38,-122.2675899,47.6793049
Car-1,2009-02-27 18:48:40,-122.2675566,47.6793049
Car-1,2009-02-27 18:48:42,-122.2675316,47.6793066
Car-1,2009-02-27 18:48:44,-122.2674999,47.6793066
Car-1,2009-02-27 18:48:48,-122.2674483,47.6792982
Car-1,2009-02-27 18:48:50,-122.2674366,47.6793
Car-1,2009-02-27 18:49:00,-122.2674366,47.6793
Car-1,2009-02-27 18:49:02,-122.2674333,47.6793
Car-1,2009-02-27 18:49:04,-122.2674049,47.6793033
Car-1,2009-02-27 18:49:06,-122.2673733,47.6793016
Car-1,2009-02-27 18:49:08,-122.2673433,47.6793016
Car-1,2009-02-27 18:49:10,-122.267305,47.6793033
Car-1,2009-02-27 18:49:14,-122.2672483,47.6793083
Car-1,2009-02-27 18:49:16,-122.2672233,47.6793132
Car-1,2009-02-27 18:49:18,-122.2671933,47.6793283
Car-1,2009-02-27 18:49:20,-122.267165,47.6793499
Car-1,2009-02-27 18:49:22,-122.2671333,47.6793633
Car-1,2009-02-27 18:49:24,-122.2671066,47.6793533
Car-1,2009-02-27 18:49:26,-122.2670783,47.6793449
Car-1,2009-02-27 18:49:28,-122.2670449,47.6793383
Car-1,2009-02-27 18:49:30,-122.2670149,47.6793349
Car-1,2009-02-27 18:49:32,-122.2669849,47.67933
Car-1,2009-02-27 18:49:34,-122.2669516,47.6793249
Car-1,2009-02-27 18:49:36,-122.2669216,47.6793166
Car-1,2009-02-27 18:49:38,-122.2669099,47.6793132
Car-1,2009-02-27 18:49:45,-122.2669099,47.6793132
Car-1,2009-02-27 18:49:47,-122.2669016,47.6793116
Car-1,2009-02-27 18:49:49,-122.2668899,47.6793316
Car-1,2009-02-27 18:49:51,-122.2668599,47.6793433
Car-1,2009-02-27 18:49:53,-122.2668316,47.6793499
Car-1,2009-02-27 18:49:56,-122.2668266,47.6793716
Car-1,2009-02-27 18:49:58,-122.2668416,47.67934
Car-1,2009-02-27 18:50:00,-122.2668449,47.6793266
Car-1,2009-02-27 18:50:02,-122.2668399,47.6793233
Car-1,2009-02-27 18:50:04,-122.2668383,47.6793616
Car-1,2009-02-27 18:50:12,-122.2668783,47.6793666
Car-1,2009-02-27 18:50:17,-122.2668783,47.6793666
Car-1,2009-02-27 18:50:19,-122.2668733,47.6793733
Car-1,2009-02-27 18:50:21,-122.2668683,47.6794
Car-1,2009-02-27 18:50:23,-122.2668833,47.6793866
Car-1,2009-02-27 18:50:25,-122.2668933,47.6794
Car-1,2009-02-27 18:50:27,-122.2669166,47.6793966
Car-1,2009-02-27 18:50:29,-122.2669399,47.6793966
Car-1,2009-02-27 18:50:31,-122.2669599,47.6794033
Car-1,2009-02-27 18:50:33,-122.2669916,47.6793949
Car-1,2009-02-27 18:50:35,-122.2670116,47.6793682
Car-1,2009-02-27 18:50:37,-122.2670199,47.6793383
Car-1,2009-02-27 18:50:39,-122.2670433,47.6793199
Car-1,2009-02-27 18:50:41,-122.2670899,47.6793016
Car-1,2009-02-27 18:50:45,-122.2671349,47.67933
Car-1,2009-02-27 18:50:47,-122.2671949,47.6793333
Car-1,2009-02-27 18:50:51,-122.2672716,47.6793216
Car-1,2009-02-27 18:50:53,-122.2673083,47.6793233
Car-1,2009-02-27 18:50:55,-122.2673333,47.6793099
Car-1,2009-02-27 18:50:57,-122.2673616,47.6793166
Car-1,2009-02-27 18:50:59,-122.2674066,47.6793132
Car-1,2009-02-27 18:51:03,-122.2674616,47.67933
Car-1,2009-02-27 18:51:05,-122.267495,47.6793283
Car-1,2009-02-27 18:51:07,-122.2675316,47.6793266
Car-1,2009-02-27 18:51:09,-122.2675699,47.6793199
Car-1,2009-02-27 18:51:11,-122.2676099,47.6793216
Car-1,2009-02-27 18:51:13,-122.2676483,47.6793199
Car-1,2009-02-27 18:51:17,-122.2677099,47.6793066
Car-1,2009-02-27 18:51:21,-122.267755,47.6793199
Car-1,2009-02-27 18:51:23,-122.267775,47.6793383
Car-1,2009-02-27 18:51:27,-122.2678399,47.6793316
Car-1,2009-02-27 18:51:29,-122.2678783,47.6793283
Car-1,2009-02-27 18:51:31,-122.2679233,47.6793349
Car-1,2009-02-27 18:51:33,-122.2679583,47.6793433
Car-1,2009-02-27 18:51:35,-122.2680066,47.67933
Car-1,2009-02-27 18:51:37,-122.2680316,47.6793483
Car-1,2009-02-27 18:51:39,-122.268055,47.6793682
Car-1,2009-02-27 18:51:41,-122.2680766,47.6793516
Car-1,2009-02-27 18:51:43,-122.2680933,47.6793283
Car-1,2009-02-27 18:51:45,-122.2681099,47.6793166
Car-1,2009-02-27 18:51:47,-122.2681316,47.6793016
Car-1,2009-02-27 18:51:49,-122.26814,47.6792766
Car-1,2009-02-27 18:51:51,-122.2681616,47.6792483
Car-1,2009-02-27 18:51:53,-122.2681783,47.6792116
Car-1,2009-02-27 18:51:57,-122.2682066,47.6791849
Car-1,2009-02-27 18:51:59,-122.2682199,47.6791716
Car-1,2009-02-27 18:52:07,-122.2682133,47.6791733
Car-1,2009-02-27 18:52:09,-122.2682166,47.6791683
Car-1,2009-02-27 18:53:44,-122.2682066,47.679175
Car-1,2009-02-27 18:53:46,-122.2681999,47.6791883
Car-1,2009-02-27 18:53:48,-122.2681933,47.6792016
Car-1,2009-02-27 18:53:50,-122.2681866,47.6792133
Car-1,2009-02-27 18:54:00,-122.2681866,47.6792133
Car-1,2009-02-27 18:54:02,-122.2681866,47.6792183
Car-1,2009-02-27 18:54:04,-122.2681799,47.6792333
Car-1,2009-02-27 18:54:06,-122.2681766,47.6792466
Car-1,2009-02-27 18:54:08,-122.2681733,47.6792633
Car-1,2009-02-27 18:54:10,-122.2681716,47.6792816
Car-1,2009-02-27 18:54:12,-122.268175,47.6793049
Car-1,2009-02-27 18:54:14,-122.2681849,47.6793216
Car-1,2009-02-27 18:54:16,-122.2681849,47.6793216
Car-1,2009-02-27 18:54:18,-122.2681833,47.6793233
Car-1,2009-02-27 18:54:20,-122.2681233,47.6793183
Car-1,2009-02-27 18:54:24,-122.2678666,47.6793383
Car-1,2009-02-27 18:54:28,-122.2673766,47.6793716
Car-1,2009-02-27 18:54:34,-122.2665649,47.6793866
Car-1,2009-02-27 18:54:40,-122.2658283,47.6793966
Car-1,2009-02-27 18:54:46,-122.2651783,47.6793749
Car-1,2009-02-27 18:54:50,-122.2648083,47.6793832
Car-1,2009-02-27 18:54:54,-122.2645016,47.6793716
Car-1,2009-02-27 18:54:58,-122.2641633,47.6793566
Car-1,2009-02-27 18:55:02,-122.2639266,47.6793483
Car-1,2009-02-27 18:55:06,-122.263775,47.6793449
Car-1,2009-02-27 18:55:10,-122.2636366,47.6791849
Car-1,2009-02-27 18:55:16,-122.2636399,47.6786116
Car-1,2009-02-27 18:55:22,-122.2636366,47.6779649
Car-1,2009-02-27 18:55:28,-122.2636249,47.6771816
Car-1,2009-02-27 18:55:34,-122.2636049,47.6763466
Car-1,2009-02-27 18:55:40,-122.2636316,47.6756016
Car-1,2009-02-27 18:55:46,-122.2641733,47.6749516
Car-1,2009-02-27 18:55:52,-122.2651416,47.6742749
Car-1,2009-02-27 18:55:58,-122.2661549,47.6735566
Car-1,2009-02-27 18:56:04,-122.2671333,47.672855
Car-1,2009-02-27 18:56:10,-122.2680949,47.6721766
Car-1,2009-02-27 18:56:16,-122.2689733,47.6715733
Car-1,2009-02-27 18:56:22,-122.2698549,47.6709466
Car-1,2009-02-27 18:56:28,-122.270675,47.6703649
Car-1,2009-02-27 18:56:34,-122.2711266,47.6699716
Car-1,2009-02-27 18:56:38,-122.2710499,47.6698083
Car-1,2009-02-27 18:56:42,-122.2707683,47.6696483
Car-1,2009-02-27 18:56:48,-122.2702599,47.6693683
Car-1,2009-02-27 18:56:52,-122.2699633,47.6692033
Car-1,2009-02-27 18:56:58,-122.2695583,47.6689432
Car-1,2009-02-27 18:57:02,-122.2693033,47.6687783
Car-1,2009-02-27 18:57:06,-122.2691016,47.6686266
Car-1,2009-02-27 18:57:10,-122.2688733,47.6684816
Car-1,2009-02-27 18:57:14,-122.2687916,47.6683016
Car-1,2009-02-27 18:57:18,-122.2687866,47.6680616
Car-1,2009-02-27 18:57:24,-122.2687783,47.6676649
Car-1,2009-02-27 18:57:28,-122.2687966,47.6674549
Car-1,2009-02-27 18:57:32,-122.2687983,47.6672583
Car-1,2009-02-27 18:57:36,-122.2688633,47.6670816
Car-1,2009-02-27 18:57:40,-122.2690516,47.6669966
Car-1,2009-02-27 18:57:44,-122.2693533,47.6668832
Car-1,2009-02-27 18:57:48,-122.269695,47.6667549
Car-1,2009-02-27 18:57:52,-122.2699883,47.6666333
Car-1,2009-02-27 18:57:56,-122.2701216,47.6665433
Car-1,2009-02-27 18:58:00,-122.2700049,47.6664083
Car-1,2009-02-27 18:58:04,-122.2697333,47.6662116
Car-1,2009-02-27 18:58:10,-122.2692883,47.6659266
Car-1,2009-02-27 18:58:14,-122.2692266,47.6658966
Car-1,2009-02-27 18:58:16,-122.2692183,47.6658983
Car-1,2009-02-27 18:58:18,-122.2692099,47.6658966
Car-1,2009-02-27 18:58:20,-122.2692016,47.6658916
Car-1,2009-02-27 18:58:22,-122.2691916,47.6658849
Car-1,2009-02-27 18:58:24,-122.2691816,47.6658766
Car-1,2009-02-27 18:58:26,-122.2691749,47.6658716
Car-1,2009-02-27 18:59:29,-122.2691733,47.6658666
Car-1,2009-02-27 18:59:30,-122.2691749,47.6658649
Car-1,2009-02-27 18:59:32,-122.2691816,47.6658583
Car-1,2009-02-27 18:59:34,-122.26919,47.6658649
Car-1,2009-02-27 18:59:36,-122.2691933,47.6658666
Car-1,2009-02-27 19:04:40,-122.2691933,47.6658666
Car-1,2009-02-27 19:04:42,-122.2691999,47.6658666
Car-1,2009-02-27 19:04:44,-122.2692099,47.665875
Car-1,2009-02-27 19:04:49,-122.2692099,47.665875
Car-1,2009-02-27 19:04:51,-122.2692133,47.6658816
Car-1,2009-02-27 19:04:53,-122.2691799,47.6658732
Car-1,2009-02-27 19:04:55,-122.2691333,47.6658616
Car-1,2009-02-27 19:04:59,-122.2690483,47.6658016
Car-1,2009-02-27 19:05:03,-122.2689683,47.6657266
Car-1,2009-02-27 19:05:07,-122.2688833,47.6657299
Car-1,2009-02-27 19:05:16,-122.2688849,47.6657383
Car-1,2009-02-27 19:05:18,-122.2688916,47.6657332
Car-1,2009-02-27 19:05:20,-122.2689066,47.6657266
Car-1,2009-02-27 19:05:22,-122.2689199,47.6657216
Car-1,2009-02-27 19:05:35,-122.2689199,47.6657216
Car-1,2009-02-27 19:05:37,-122.2689149,47.6657183
Car-1,2009-02-27 19:05:39,-122.2689299,47.6657332
Car-1,2009-02-27 19:05:41,-122.2689649,47.6657533
Car-1,2009-02-27 19:05:45,-122.2690533,47.6658182
Car-1,2009-02-27 19:05:49,-122.2691749,47.6659033
Car-1,2009-02-27 19:05:53,-122.2693499,47.666015
Car-1,2009-02-27 19:05:57,-122.2695533,47.6661499
Car-1,2009-02-27 19:06:01,-122.2697383,47.6662866
Car-1,2009-02-27 19:06:05,-122.2699483,47.6664466
Car-1,2009-02-27 19:06:09,-122.2700299,47.6666032
Car-1,2009-02-27 19:06:13,-122.2697033,47.6667316
Car-1,2009-02-27 19:06:19,-122.2689766,47.6669816
Car-1,2009-02-27 19:06:25,-122.2687283,47.6672733
Car-1,2009-02-27 19:06:29,-122.2687599,47.6675183
Car-1,2009-02-27 19:06:33,-122.2687283,47.6677983
Car-1,2009-02-27 19:06:39,-122.2687316,47.6682483
Car-1,2009-02-27 19:06:43,-122.26875,47.6684133
Car-1,2009-02-27 19:06:47,-122.2689466,47.66862
Car-1,2009-02-27 19:06:51,-122.2691816,47.6687666
Car-1,2009-02-27 19:06:55,-122.2695099,47.6689883
Car-1,2009-02-27 19:07:01,-122.2702083,47.6694366
Car-1,2009-02-27 19:07:07,-122.2707799,47.6697933
Car-1,2009-02-27 19:07:11,-122.2709333,47.6698899
Car-1,2009-02-27 19:07:13,-122.2709516,47.6699033
Car-1,2009-02-27 19:07:39,-122.2709516,47.6699033
Car-1,2009-02-27 19:07:41,-122.2709583,47.6699066
Car-1,2009-02-27 19:07:43,-122.2710099,47.6699299
Car-1,2009-02-27 19:07:47,-122.2712949,47.6699283
Car-1,2009-02-27 19:07:53,-122.2719549,47.6694733
Car-1,2009-02-27 19:07:59,-122.2727983,47.668845
Car-1,2009-02-27 19:08:05,-122.2737433,47.6684333
Car-1,2009-02-27 19:08:11,-122.2748566,47.6682583
Car-1,2009-02-27 19:08:17,-122.2760133,47.6683233
Car-1,2009-02-27 19:08:23,-122.2772383,47.66841
Car-1,2009-02-27 19:08:29,-122.2785016,47.6683299
Car-1,2009-02-27 19:08:35,-122.2796216,47.6679449
Car-1,2009-02-27 19:08:41,-122.2803916,47.6673266
Car-1,2009-02-27 19:08:47,-122.2811883,47.6665683
Car-1,2009-02-27 19:08:53,-122.2820233,47.6657766
Car-1,2009-02-27 19:08:59,-122.2828849,47.6649533
Car-1,2009-02-27 19:09:05,-122.2832699,47.66457
Car-1,2009-02-27 19:09:27,-122.2832699,47.66457
Car-1,2009-02-27 19:09:29,-122.2832683,47.6645683
Car-1,2009-02-27 19:09:33,-122.2834716,47.6643732
Car-1,2009-02-27 19:09:39,-122.2841366,47.6637383
Car-1,2009-02-27 19:09:45,-122.2848799,47.6630233
Car-1,2009-02-27 19:09:51,-122.2856966,47.6622249
Car-1,2009-02-27 19:09:57,-122.2867683,47.6615432
Car-1,2009-02-27 19:10:03,-122.2880183,47.6611666
Car-1,2009-02-27 19:10:09,-122.289405,47.661095
Car-1,2009-02-27 19:10:15,-122.29082,47.6611333
Car-1,2009-02-27 19:10:21,-122.2919516,47.6611716
Car-1,2009-02-27 19:10:27,-122.2923799,47.6611833
Car-1,2009-02-27 19:10:31,-122.2924316,47.6611883
Car-1,2009-02-27 19:10:33,-122.2924416,47.6611916
Car-1,2009-02-27 19:11:08,-122.2924416,47.6611916
Car-1,2009-02-27 19:11:10,-122.2924433,47.661195
Car-1,2009-02-27 19:11:12,-122.2925183,47.6611966
Car-1,2009-02-27 19:11:16,-122.2928866,47.6612033
Car-1,2009-02-27 19:11:22,-122.2937566,47.6612133
Car-1,2009-02-27 19:11:28,-122.2948266,47.6612066
Car-1,2009-02-27 19:11:34,-122.2959799,47.6612149
Car-1,2009-02-27 19:11:40,-122.2970566,47.6612249
Car-1,2009-02-27 19:11:46,-122.2973749,47.6612249
Car-1,2009-02-27 19:11:48,-122.2974049,47.6612233
Car-1,2009-02-27 19:11:50,-122.2974249,47.6612199
Car-1,2009-02-27 19:11:52,-122.2974449,47.6612133
Car-1,2009-02-27 19:11:54,-122.2974649,47.6612083
Car-1,2009-02-27 19:11:58,-122.2974649,47.6612083
Car-1,2009-02-27 19:12:00,-122.2974649,47.6612066
Car-1,2009-02-27 19:12:02,-122.2975299,47.6612016
Car-1,2009-02-27 19:12:06,-122.2978516,47.661165
Car-1,2009-02-27 19:12:12,-122.29864,47.6609916
Car-1,2009-02-27 19:12:18,-122.2994466,47.6607149
Car-1,2009-02-27 19:12:24,-122.300175,47.6603033
Car-1,2009-02-27 19:12:30,-122.3006799,47.6598183
Car-1,2009-02-27 19:12:36,-122.3010566,47.6593316
Car-1,2009-02-27 19:12:42,-122.3014116,47.6586716
Car-1,2009-02-27 19:12:48,-122.3016466,47.6579066
Car-1,2009-02-27 19:12:54,-122.3018866,47.657145
Car-1,2009-02-27 19:13:00,-122.3021433,47.6562716
Car-1,2009-02-27 19:13:06,-122.3023816,47.6554516
Car-1,2009-02-27 19:13:12,-122.3025433,47.654945
Car-1,2009-02-27 19:13:18,-122.3026133,47.6546299
Car-1,2009-02-27 19:13:31,-122.30262,47.6545899
Car-1,2009-02-27 19:13:33,-122.3026216,47.65458
Car-1,2009-02-27 19:13:35,-122.3026283,47.6545599
Car-1,2009-02-27 19:13:37,-122.3026349,47.6545333
Car-1,2009-02-27 19:13:41,-122.3026616,47.6544649
Car-1,2009-02-27 19:13:45,-122.3026833,47.6543733
Car-1,2009-02-27 19:13:49,-122.3027033,47.6543249
Car-1,2009-02-27 19:14:20,-122.3027133,47.6543266
Car-1,2009-02-27 19:14:22,-122.3027166,47.6543099
Car-1,2009-02-27 19:14:24,-122.302725,47.6542816
Car-1,2009-02-27 19:14:28,-122.302745,47.6542033
Car-1,2009-02-27 19:14:32,-122.30276,47.6541533
Car-1,2009-02-27 19:14:36,-122.3027983,47.654075
Car-1,2009-02-27 19:14:40,-122.3028399,47.6540149
Car-1,2009-02-27 19:14:51,-122.3028349,47.654005
Car-1,2009-02-27 19:14:53,-122.3028449,47.6539749
Car-1,2009-02-27 19:14:57,-122.3028466,47.6538999
Car-1,2009-02-27 19:15:01,-122.3028699,47.6538183
Car-1,2009-02-27 19:15:05,-122.3029033,47.6536599
Car-1,2009-02-27 19:15:09,-122.3029399,47.6535083
Car-1,2009-02-27 19:15:13,-122.3029666,47.6534266
Car-1,2009-02-27 19:15:16,-122.3029666,47.6534266
Car-1,2009-02-27 19:15:18,-122.3029716,47.6534233
Car-1,2009-02-27 19:15:20,-122.3029833,47.6533766
Car-1,2009-02-27 19:15:24,-122.3030549,47.6532016
Car-1,2009-02-27 19:15:28,-122.3030966,47.6530333
Car-1,2009-02-27 19:15:32,-122.3031349,47.6529083
Car-1,2009-02-27 19:15:36,-122.3031816,47.6528083
Car-1,2009-02-27 19:15:48,-122.3032,47.6527649
Car-1,2009-02-27 19:15:50,-122.3032066,47.6527516
Car-1,2009-02-27 19:15:51,-122.3032066,47.6527516
Car-1,2009-02-27 19:15:53,-122.3032033,47.6527583
Car-1,2009-02-27 19:16:02,-122.3031983,47.6527733
Car-1,2009-02-27 19:16:06,-122.3031983,47.6525949
Car-1,2009-02-27 19:16:10,-122.3032866,47.65235
Car-1,2009-02-27 19:16:16,-122.30337,47.6521416
Car-1,2009-02-27 19:16:20,-122.3034083,47.6520666
Car-1,2009-02-27 19:16:24,-122.3034633,47.651945
Car-1,2009-02-27 19:16:28,-122.3036316,47.651625
Car-1,2009-02-27 19:16:34,-122.3038483,47.65123
Car-1,2009-02-27 19:16:38,-122.3039883,47.6509782
Car-1,2009-02-27 19:16:44,-122.30419,47.65063
Car-1,2009-02-27 19:16:45,-122.3042316,47.6505583
Car-1,2009-02-27 19:16:46,-122.30428,47.65046
Car-1,2009-02-27 19:16:52,-122.3041383,47.6503283
Car-1,2009-02-27 19:16:56,-122.3042366,47.6501782
Car-1,2009-02-27 19:16:58,-122.304225,47.6500933
Car-1,2009-02-27 19:17:02,-122.3042999,47.6499216
Car-1,2009-02-27 19:17:37,-122.3043533,47.6499066
Car-1,2009-02-27 19:17:39,-122.3043749,47.6498616
Car-1,2009-02-27 19:17:43,-122.3044633,47.6495999
Car-1,2009-02-27 19:17:49,-122.3045866,47.64913
Car-1,2009-02-27 19:17:55,-122.3046266,47.6486916
Car-1,2009-02-27 19:18:01,-122.304645,47.648245
Car-1,2009-02-27 19:18:07,-122.3046616,47.6478366
Car-1,2009-02-27 19:18:13,-122.3046549,47.6474266
Car-1,2009-02-27 19:18:19,-122.3046716,47.6468666
Car-1,2009-02-27 19:18:25,-122.3047433,47.6462682
Car-1,2009-02-27 19:18:31,-122.3048283,47.6456316
Car-1,2009-02-27 19:18:37,-122.3048149,47.6450383
Car-1,2009-02-27 19:18:43,-122.3048683,47.6445683
Car-1,2009-02-27 19:18:49,-122.3055866,47.6441983
Car-1,2009-02-27 19:18:55,-122.3068133,47.6438766
Car-1,2009-02-27 19:19:01,-122.3081366,47.6435449
Car-1,2009-02-27 19:19:07,-122.3096066,47.6432483
Car-1,2009-02-27 19:19:13,-122.3112233,47.6431249
Car-1,2009-02-27 19:19:19,-122.3129833,47.643105
Car-1,2009-02-27 19:19:25,-122.3147499,47.6430583
Car-1,2009-02-27 19:19:31,-122.3164283,47.642905
Car-1,2009-02-27 19:19:37,-122.3181133,47.6427366
Car-1,2009-02-27 19:19:43,-122.3197349,47.6425883
Car-1,2009-02-27 19:19:49,-122.3213049,47.64243
Car-1,2009-02-27 19:19:55,-122.3224949,47.6421699
Car-1,2009-02-27 19:20:01,-122.3230633,47.64159
Car-1,2009-02-27 19:20:07,-122.3231266,47.6406366
Car-1,2009-02-27 19:20:13,-122.3231516,47.6394799
Car-1,2009-02-27 19:20:19,-122.3231999,47.6383699
Car-1,2009-02-27 19:20:25,-122.323185,47.6373183
Car-1,2009-02-27 19:20:31,-122.3232499,47.6362899
Car-1,2009-02-27 19:20:37,-122.323465,47.6351966
Car-1,2009-02-27 19:20:43,-122.323835,47.6340399
Car-1,2009-02-27 19:20:49,-122.3243166,47.6328766
Car-1,2009-02-27 19:20:55,-122.3249733,47.631765
Car-1,2009-02-27 19:21:01,-122.3260466,47.6307132
Car-1,2009-02-27 19:21:11,-122.3279716,47.6288599
Car-1,2009-02-27 19:21:21,-122.3286616,47.6267399
Car-1,2009-02-27 19:21:31,-122.328685,47.6246499
Car-1,2009-02-27 19:21:41,-122.3286449,47.6224933
Car-1,2009-02-27 19:21:51,-122.3286266,47.6203549
Car-1,2009-02-27 19:22:01,-122.3287499,47.6180583
Car-1,2009-02-27 19:22:11,-122.3293216,47.6159133
Car-1,2009-02-27 19:22:17,-122.3296883,47.6149549
Car-1,2009-02-27 19:22:23,-122.3301,47.6139682
Car-1,2009-02-27 19:22:29,-122.3305449,47.6129032
Car-1,2009-02-27 19:22:43,-122.3315333,47.6104049
Car-1,2009-02-27 19:22:49,-122.3313866,47.6093582
Car-1,2009-02-27 19:22:58,-122.3310566,47.6083333
Car-1,2009-02-27 19:23:04,-122.3304166,47.6074566
Car-1,2009-02-27 19:23:10,-122.3299366,47.6067266
Car-1,2009-02-27 19:23:16,-122.3293749,47.6060133
Car-1,2009-02-27 19:23:22,-122.3287066,47.605225
Car-1,2009-02-27 19:23:28,-122.3279733,47.6043233
Car-1,2009-02-27 19:23:34,-122.3270883,47.6032999
Car-1,2009-02-27 19:23:44,-122.3250566,47.6015866
Car-1,2009-02-27 19:23:54,-122.3227549,47.5997432
Car-1,2009-02-27 19:24:04,-122.3212749,47.5977433
Car-1,2009-02-27 19:24:14,-122.3207083,47.5957583
Car-1,2009-02-27 19:24:20,-122.320445,47.5947266
Car-1,2009-02-27 19:24:26,-122.3194249,47.5942883
Car-1,2009-02-27 19:24:32,-122.3181633,47.5943999
Car-1,2009-02-27 19:24:38,-122.3168,47.5946766
Car-1,2009-02-27 19:24:44,-122.315225,47.594685
Car-1,2009-02-27 19:24:50,-122.3137716,47.59424
Car-1,2009-02-27 19:24:56,-122.312695,47.5933733
Car-1,2009-02-27 19:25:02,-122.3119649,47.5922949
Car-1,2009-02-27 19:25:08,-122.3112666,47.5912416
Car-1,2009-02-27 19:25:14,-122.3105316,47.5903666
Car-1,2009-02-27 19:25:20,-122.3093533,47.5897099
Car-1,2009-02-27 19:25:26,-122.307965,47.5895499
Car-1,2009-02-27 19:25:32,-122.307355,47.5895599
Car-1,2009-02-27 19:25:34,-122.3073399,47.5895649
Car-1,2009-02-27 19:25:36,-122.3073299,47.5895749
Car-1,2009-02-27 19:25:43,-122.3073399,47.5896049
Car-1,2009-02-27 19:25:45,-122.307315,47.5896049
Car-1,2009-02-27 19:25:47,-122.3072816,47.5896049
Car-1,2009-02-27 19:25:49,-122.3072466,47.5896083
Car-1,2009-02-27 19:25:51,-122.3071883,47.5896116
Car-1,2009-02-27 19:25:55,-122.3069316,47.5896099
Car-1,2009-02-27 19:25:59,-122.3066833,47.5894383
Car-1,2009-02-27 19:26:05,-122.3064716,47.5891149
Car-1,2009-02-27 19:26:09,-122.3063483,47.5889532
Car-1,2009-02-27 19:26:13,-122.3062049,47.5887582
Car-1,2009-02-27 19:26:19,-122.3058166,47.5882649
Car-1,2009-02-27 19:26:25,-122.3054716,47.5878649
Car-1,2009-02-27 19:26:29,-122.30524,47.5875516
Car-1,2009-02-27 19:26:35,-122.30468,47.5868033
Car-1,2009-02-27 19:26:41,-122.3040833,47.5860283
Car-1,2009-02-27 19:26:47,-122.3036116,47.5853966
Car-1,2009-02-27 19:26:53,-122.3033766,47.5850816
Car-1,2009-02-27 19:27:08,-122.3033616,47.5850649
Car-1,2009-02-27 19:27:10,-122.30332,47.5850099
Car-1,2009-02-27 19:27:14,-122.3031149,47.58475
Car-1,2009-02-27 19:27:20,-122.3026666,47.5841666
Car-1,2009-02-27 19:27:26,-122.3021199,47.5834566
Car-1,2009-02-27 19:27:32,-122.3015583,47.5827182
Car-1,2009-02-27 19:27:38,-122.3010033,47.5820116
Car-1,2009-02-27 19:27:44,-122.3005899,47.5814666
Car-1,2009-02-27 19:27:53,-122.3004766,47.5813032
Car-1,2009-02-27 19:27:55,-122.3004466,47.5812683
Car-1,2009-02-27 19:27:59,-122.3002549,47.5810116
Car-1,2009-02-27 19:28:05,-122.2998066,47.5804266
Car-1,2009-02-27 19:28:11,-122.2992766,47.5797583
Car-1,2009-02-27 19:28:17,-122.2987599,47.5790766
Car-1,2009-02-27 19:28:23,-122.2984133,47.5786816
Car-1,2009-02-27 19:28:27,-122.2984033,47.5786682
Car-1,2009-02-27 19:28:38,-122.2984033,47.5786682
Car-1,2009-02-27 19:28:40,-122.2984116,47.57867
Car-1,2009-02-27 19:28:44,-122.298275,47.5785033
Car-1,2009-02-27 19:28:50,-122.2977333,47.5783016
Car-1,2009-02-27 19:28:56,-122.2971333,47.5783099
Car-1,2009-02-27 19:29:02,-122.29667,47.5783182
Car-1,2009-02-27 19:29:06,-122.2963983,47.5783399
Car-1,2009-02-27 19:29:12,-122.2955683,47.5783433
Car-1,2009-02-27 19:29:18,-122.294645,47.5783583
Car-1,2009-02-27 19:29:24,-122.2937916,47.5783616
Car-1,2009-02-27 19:29:30,-122.29335,47.5783566
Car-1,2009-02-27 19:29:32,-122.2933083,47.5783533
Car-1,2009-02-27 19:29:36,-122.293175,47.5783466
Car-1,2009-02-27 19:29:40,-122.2930016,47.5783466
Car-1,2009-02-27 19:29:44,-122.2924849,47.5783466
Car-1,2009-02-27 19:29:50,-122.2914766,47.5783433
Car-1,2009-02-27 19:29:56,-122.2906683,47.5783449
Car-1,2009-02-27 19:30:00,-122.290315,47.5783399
Car-1,2009-02-27 19:30:04,-122.2900183,47.5783416
Car-1,2009-02-27 19:30:08,-122.2898999,47.5783399
Car-1,2009-02-27 19:30:12,-122.2896466,47.5783416
Car-1,2009-02-27 19:30:16,-122.2891033,47.5783433
Car-1,2009-02-27 19:30:22,-122.28829,47.5783433
Car-1,2009-02-27 19:30:26,-122.2880766,47.5783449
Car-1,2009-02-27 19:30:30,-122.2878999,47.5784199
Car-1,2009-02-27 19:30:34,-122.2879333,47.5786649
Car-1,2009-02-27 19:30:40,-122.2880349,47.5791032
Car-1,2009-02-27 19:30:46,-122.2881516,47.5797099
Car-1,2009-02-27 19:30:52,-122.2881549,47.5801299
Car-1,2009-02-27 19:30:58,-122.2880749,47.5806683
Car-1,2009-02-27 19:31:04,-122.2880066,47.5814566
Car-1,2009-02-27 19:31:10,-122.2879066,47.5822282
Car-1,2009-02-27 19:31:16,-122.28785,47.5826533
Car-1,2009-02-27 19:31:20,-122.2878099,47.5827216
Car-1,2009-02-27 19:31:24,-122.2877633,47.582915
Car-1,2009-02-27 19:31:28,-122.2878033,47.5830916
Car-1,2009-02-27 19:31:32,-122.2878716,47.5832299
Car-1,2009-02-27 19:31:36,-122.2878883,47.5834449
Car-1,2009-02-27 19:31:40,-122.2878816,47.5837266
Car-1,2009-02-27 19:31:46,-122.2878683,47.5842499
Car-1,2009-02-27 19:31:52,-122.2878166,47.5847833
Car-1,2009-02-27 19:31:58,-122.2875799,47.5853166
Car-1,2009-02-27 19:32:04,-122.2872549,47.5857183
Car-1,2009-02-27 19:32:10,-122.2869183,47.5861749
Car-1,2009-02-27 19:32:16,-122.2867399,47.5865516
Car-1,2009-02-27 19:36:02,-122.2867316,47.5862899
Car-1,2009-02-27 19:36:04,-122.2867199,47.586265
Car-1,2009-02-27 19:36:06,-122.2867183,47.5862416
Car-1,2009-02-27 19:36:08,-122.2867199,47.5862266
Car-1,2009-02-27 19:36:10,-122.2867299,47.58621
Car-1,2009-02-27 19:36:12,-122.2867416,47.5861866
Car-1,2009-02-27 19:36:14,-122.2867249,47.5861666
Car-1,2009-02-27 19:36:16,-122.2867383,47.5861499
Car-1,2009-02-27 19:36:18,-122.2867383,47.5861333
Car-1,2009-02-27 19:36:20,-122.2867466,47.5861283
Car-1,2009-02-27 19:36:22,-122.2867683,47.5861116
Car-1,2009-02-27 19:36:24,-122.2867616,47.5860583
Car-1,2009-02-27 19:36:26,-122.2867733,47.5860233
Car-1,2009-02-27 19:36:28,-122.2867833,47.5859899
Car-1,2009-02-27 19:36:30,-122.2867916,47.5859666
Car-1,2009-02-27 19:36:32,-122.2868183,47.5859333
Car-1,2009-02-27 19:36:34,-122.2868133,47.5858899
Car-1,2009-02-27 19:36:36,-122.2868099,47.5858666
Car-1,2009-02-27 19:36:38,-122.2868149,47.5858432
Car-1,2009-02-27 19:36:40,-122.28682,47.5858083
Car-1,2009-02-27 19:36:42,-122.2868316,47.5857933
Car-1,2009-02-27 19:36:44,-122.2868299,47.5857666
Car-1,2009-02-27 19:36:46,-122.2868283,47.5857399
Car-1,2009-02-27 19:36:48,-122.28684,47.5857249
Car-1,2009-02-27 19:36:50,-122.2868566,47.5857083
Car-1,2009-02-27 19:36:52,-122.2868683,47.5856799
Car-1,2009-02-27 19:36:54,-122.2869033,47.5856533
Car-1,2009-02-27 19:36:58,-122.2869699,47.5856299
Car-1,2009-02-27 19:37:00,-122.2869699,47.5856149
Car-1,2009-02-27 19:37:02,-122.28698,47.5855966
Car-1,2009-02-27 19:37:04,-122.2869966,47.5855783
Car-1,2009-02-27 19:37:06,-122.2870199,47.5855632
Car-1,2009-02-27 19:37:08,-122.2870566,47.5855516
Car-1,2009-02-27 19:37:10,-122.2870933,47.5855433
Car-1,2009-02-27 19:37:12,-122.287135,47.5855283
Car-1,2009-02-27 19:37:14,-122.2871649,47.5855149
Car-1,2009-02-27 19:37:16,-122.2871933,47.5854916
Car-1,2009-02-27 19:37:18,-122.2872216,47.5854683
Car-1,2009-02-27 19:37:20,-122.287205,47.5854716
Car-1,2009-02-27 19:37:22,-122.2872266,47.5854816
Car-1,2009-02-27 19:37:26,-122.2872266,47.5854816
Car-1,2009-02-27 19:37:28,-122.2872283,47.5854816
Car-1,2009-02-27 19:37:31,-122.2872116,47.5854833
Car-1,2009-02-27 19:37:33,-122.2871749,47.5854766
Car-1,2009-02-27 19:37:35,-122.2871433,47.5854699
Car-1,2009-02-27 19:37:37,-122.2871166,47.5854599
Car-1,2009-02-27 19:37:40,-122.2870883,47.5854533
Car-1,2009-02-27 19:37:46,-122.2870699,47.5854583
Car-1,2009-02-27 19:37:48,-122.2870416,47.5854433
Car-1,2009-02-27 19:37:50,-122.2870033,47.5854232
Car-1,2009-02-27 19:38:00,-122.2869483,47.5854066
Car-1,2009-02-27 19:38:02,-122.2869166,47.5853899
Car-1,2009-02-27 19:38:04,-122.2868783,47.5853699
Car-1,2009-02-27 19:38:08,-122.2868266,47.5853283
Car-1,2009-02-27 19:38:29,-122.2868083,47.58531
Car-1,2009-02-27 19:38:31,-122.2868033,47.5853066
Car-1,2009-02-27 19:38:52,-122.2867899,47.5853066
Car-1,2009-02-27 19:38:54,-122.2868066,47.5853033
Car-1,2009-02-27 19:38:56,-122.2868249,47.5853016
Car-1,2009-02-27 19:39:09,-122.2868249,47.5853016
Car-1,2009-02-27 19:39:11,-122.2868316,47.5852983
Car-1,2009-02-27 19:39:13,-122.2868066,47.5852966
Car-1,2009-02-27 19:39:15,-122.286785,47.5853049
Car-1,2009-02-27 19:39:17,-122.2867766,47.585325
Car-1,2009-02-27 19:39:19,-122.2867633,47.58534
Car-1,2009-02-27 19:39:21,-122.2867516,47.5853633
Car-1,2009-02-27 19:39:23,-122.2867383,47.5853833
Car-1,2009-02-27 19:39:25,-122.2867216,47.5854016
Car-1,2009-02-27 19:39:27,-122.2867049,47.5854216
Car-1,2009-02-27 19:39:29,-122.2866933,47.5854366
Car-1,2009-02-27 19:39:31,-122.2866783,47.5854499
Car-1,2009-02-27 19:39:33,-122.2866666,47.5854599
Car-1,2009-02-27 19:39:35,-122.2866499,47.5854683
Car-1,2009-02-27 19:39:37,-122.28663,47.5854866
Car-1,2009-02-27 19:39:47,-122.28663,47.5854866
Car-1,2009-02-27 19:39:49,-122.2866283,47.5854916
Car-1,2009-02-27 19:39:51,-122.286645,47.5854932
Car-1,2009-02-27 19:39:53,-122.2866533,47.5854966
Car-1,2009-02-27 19:39:55,-122.286645,47.5854932
Car-1,2009-02-27 19:39:57,-122.2866483,47.5854932
Car-1,2009-02-27 19:39:59,-122.2866599,47.5855083
Car-1,2009-02-27 19:40:01,-122.2866699,47.5855283
Car-1,2009-02-27 19:40:03,-122.2866916,47.5855433
Car-1,2009-02-27 19:40:05,-122.2867133,47.5855533
Car-1,2009-02-27 19:40:16,-122.2867366,47.5855399
Car-1,2009-02-27 19:40:20,-122.2866933,47.5855983
Car-1,2009-02-27 19:40:22,-122.286665,47.5856283
Car-1,2009-02-27 19:40:24,-122.2866283,47.585675
Car-1,2009-02-27 19:40:28,-122.2865849,47.58572
Car-1,2009-02-27 19:40:30,-122.2865683,47.5857399
Car-1,2009-02-27 19:40:32,-122.2865533,47.5857633
Car-1,2009-02-27 19:40:34,-122.2865466,47.58579
Car-1,2009-02-27 19:40:45,-122.2865349,47.5858383
Car-1,2009-02-27 19:40:47,-122.2865216,47.5858533
Car-1,2009-02-27 19:40:49,-122.2865099,47.5858582
Car-1,2009-02-27 19:40:51,-122.2864883,47.5858683
Car-1,2009-02-27 19:40:53,-122.2864633,47.5858816
Car-1,2009-02-27 19:40:55,-122.2864249,47.5859049
Car-1,2009-02-27 19:40:59,-122.28637,47.5859282
Car-1,2009-02-27 19:41:01,-122.2863383,47.5859282
Car-1,2009-02-27 19:41:03,-122.2862899,47.5859349
Car-1,2009-02-27 19:41:07,-122.2862216,47.5859266
Car-1,2009-02-27 19:41:09,-122.2861933,47.5859333
Car-1,2009-02-27 19:41:11,-122.2861666,47.5859466
Car-1,2009-02-27 19:41:13,-122.28616,47.5859483
Car-1,2009-02-27 19:41:34,-122.28616,47.5859483
Car-1,2009-02-27 19:41:36,-122.2861666,47.5859449
Car-1,2009-02-27 19:41:38,-122.2861483,47.5859499
Car-1,2009-02-27 19:41:40,-122.2861299,47.5859616
Car-1,2009-02-27 19:41:42,-122.2861266,47.5859799
Car-1,2009-02-27 19:41:44,-122.2861216,47.5859949
Car-1,2009-02-27 19:41:46,-122.2861383,47.586
Car-1,2009-02-27 19:41:48,-122.2861683,47.5860033
Car-1,2009-02-27 19:41:50,-122.2862349,47.5860116
Car-1,2009-02-27 19:41:52,-122.2862733,47.5860266
Car-1,2009-02-27 19:41:54,-122.2862616,47.5860266
Car-1,2009-02-27 19:41:56,-122.2862549,47.5860566
Car-1,2009-02-27 19:41:58,-122.2862466,47.5860866
Car-1,2009-02-27 19:42:00,-122.2862266,47.5861149
Car-1,2009-02-27 19:42:02,-122.2862083,47.5861449
Car-1,2009-02-27 19:42:04,-122.2861916,47.5861699
Car-1,2009-02-27 19:42:06,-122.2861699,47.5861916
Car-1,2009-02-27 19:42:08,-122.2861366,47.5862033
Car-1,2009-02-27 19:42:10,-122.2861033,47.5862066
Car-1,2009-02-27 19:42:12,-122.28607,47.5862066
Car-1,2009-02-27 19:42:14,-122.2860333,47.5862033
Car-1,2009-02-27 19:42:16,-122.286,47.5861983
Car-1,2009-02-27 19:42:18,-122.285985,47.5861816
Car-1,2009-02-27 19:42:20,-122.2859749,47.5861633
Car-1,2009-02-27 19:42:22,-122.2859583,47.5861483
Car-1,2009-02-27 19:42:24,-122.2859399,47.5861316
Car-1,2009-02-27 19:42:26,-122.28593,47.5861049
Car-1,2009-02-27 19:42:28,-122.2859116,47.5860849
Car-1,2009-02-27 19:42:30,-122.285895,47.5860749
Car-1,2009-02-27 19:42:32,-122.2858716,47.5860649
Car-1,2009-02-27 19:42:36,-122.2858666,47.5860749
Car-1,2009-02-27 19:42:53,-122.2858616,47.5860899
Car-1,2009-02-27 19:42:54,-122.2858616,47.5860899
Car-1,2009-02-27 19:42:56,-122.2858533,47.5860983
Car-1,2009-02-27 19:42:58,-122.2858383,47.5861016
Car-1,2009-02-27 19:43:00,-122.285825,47.58611
Car-1,2009-02-27 19:43:03,-122.285825,47.58611
Car-1,2009-02-27 19:43:05,-122.2858216,47.5861082
Car-1,2009-02-27 19:43:07,-122.2858366,47.5860933
Car-1,2009-02-27 19:43:09,-122.2858516,47.5860749
Car-1,2009-02-27 19:43:11,-122.2858683,47.5860649
Car-1,2009-02-27 19:43:13,-122.2858916,47.5860733
Car-1,2009-02-27 19:43:15,-122.2859249,47.5860833
Car-1,2009-02-27 19:43:17,-122.2859466,47.586095
Car-1,2009-02-27 19:43:19,-122.2859633,47.5861049
Car-1,2009-02-27 19:43:21,-122.2859699,47.5861183
Car-1,2009-02-27 19:43:23,-122.2859966,47.5861216
Car-1,2009-02-27 19:43:26,-122.2860516,47.5861216
Car-1,2009-02-27 19:43:30,-122.2861216,47.5861583
Car-1,2009-02-27 19:43:32,-122.2861366,47.5861683
Car-1,2009-02-27 19:43:34,-122.2861549,47.5861716
Car-1,2009-02-27 19:43:37,-122.2862016,47.5861449
Car-1,2009-02-27 19:43:39,-122.2862266,47.5861216
Car-1,2009-02-27 19:43:41,-122.2862516,47.5860983
Car-1,2009-02-27 19:43:43,-122.2862749,47.5860783
Car-1,2009-02-27 19:43:46,-122.2863033,47.5860466
Car-1,2009-02-27 19:43:49,-122.2863333,47.5860183
Car-1,2009-02-27 19:43:50,-122.2863416,47.5860116
Car-1,2009-02-27 19:43:53,-122.2863633,47.5859816
Car-1,2009-02-27 19:43:55,-122.2863783,47.5859616
Car-1,2009-02-27 19:43:57,-122.2864066,47.5859433
Car-1,2009-02-27 19:43:59,-122.2864466,47.5859366
Car-1,2009-02-27 19:44:01,-122.2864766,47.5859433
Car-1,2009-02-27 19:44:03,-122.2865099,47.5859666
Car-1,2009-02-27 19:44:05,-122.2865349,47.5859916
Car-1,2009-02-27 19:44:07,-122.2865966,47.5860133
Car-1,2009-02-27 19:44:09,-122.2866316,47.5860299
Car-1,2009-02-27 19:44:11,-122.2866599,47.5860382
Car-1,2009-02-27 19:44:13,-122.2866833,47.5860366
Car-1,2009-02-27 19:44:15,-122.2867166,47.5860149
Car-1,2009-02-27 19:44:17,-122.2867516,47.5859916
Car-1,2009-02-27 19:44:19,-122.2867566,47.5859616
Car-1,2009-02-27 19:44:21,-122.28677,47.5859416
Car-1,2009-02-27 19:44:23,-122.2867866,47.5859282
Car-1,2009-02-27 19:44:25,-122.2867983,47.5859183
Car-1,2009-02-27 19:44:27,-122.2868033,47.5859066
Car-1,2009-02-27 19:44:29,-122.2868616,47.5858866
Car-1,2009-02-27 19:44:31,-122.2868999,47.5858582
Car-1,2009-02-27 19:44:33,-122.2869149,47.5858416
Car-1,2009-02-27 19:44:35,-122.2869283,47.5858266
Car-1,2009-02-27 19:44:37,-122.2869433,47.5858116
Car-1,2009-02-27 19:44:39,-122.2869616,47.5857966
Car-1,2009-02-27 19:44:41,-122.2869783,47.5857766
Car-1,2009-02-27 19:44:43,-122.28698,47.58576
Car-1,2009-02-27 19:44:45,-122.2869783,47.5857433
Car-1,2009-02-27 19:44:47,-122.2869816,47.5857299
Car-1,2009-02-27 19:44:49,-122.2869916,47.5857116
Car-1,2009-02-27 19:44:51,-122.2869916,47.5856983
Car-1,2009-02-27 19:44:53,-122.2870133,47.5856783
Car-1,2009-02-27 19:44:55,-122.2870283,47.5856583
Car-1,2009-02-27 19:44:57,-122.2870549,47.5856316
Car-1,2009-02-27 19:44:59,-122.2870766,47.5856116
Car-1,2009-02-27 19:45:01,-122.2870983,47.5855933
Car-1,2009-02-27 19:45:03,-122.287135,47.5855599
Car-1,2009-02-27 19:45:05,-122.2871633,47.5855299
Car-1,2009-02-27 19:45:07,-122.2871916,47.5855066
Car-1,2009-02-27 19:45:09,-122.2872299,47.5854816
Car-1,2009-02-27 19:45:11,-122.28724,47.5854699
Car-1,2009-02-27 19:45:13,-122.2872783,47.5854483
Car-1,2009-02-27 19:45:15,-122.2873016,47.585425
Car-1,2009-02-27 19:45:17,-122.2873149,47.5854049
Car-1,2009-02-27 19:45:19,-122.2873166,47.5853932
Car-1,2009-02-27 19:45:21,-122.2873249,47.5853749
Car-1,2009-02-27 19:45:23,-122.2873383,47.5853649
Car-1,2009-02-27 19:45:25,-122.2873349,47.5853616
Car-1,2009-02-27 19:45:27,-122.2873349,47.585355
Car-1,2009-02-27 19:45:29,-122.2873216,47.5853499
Car-1,2009-02-27 19:45:31,-122.28731,47.5853532
Car-1,2009-02-27 19:45:33,-122.2872816,47.58538
Car-1,2009-02-27 19:45:35,-122.28726,47.5854133
Car-1,2009-02-27 19:45:37,-122.2872383,47.5854416
Car-1,2009-02-27 19:45:39,-122.2872283,47.5854699
Car-1,2009-02-27 19:45:41,-122.2872133,47.5854966
Car-1,2009-02-27 19:45:43,-122.2871883,47.5855216
Car-1,2009-02-27 19:45:45,-122.2871716,47.5855449
Car-1,2009-02-27 19:45:47,-122.2871466,47.5855616
Car-1,2009-02-27 19:45:49,-122.2871233,47.5855816
Car-1,2009-02-27 19:45:51,-122.2871049,47.5856016
Car-1,2009-02-27 19:45:53,-122.2870899,47.58562
Car-1,2009-02-27 19:45:55,-122.2870766,47.5856466
Car-1,2009-02-27 19:45:57,-122.2870566,47.5856699
Car-1,2009-02-27 19:45:59,-122.2870366,47.5856966
Car-1,2009-02-27 19:46:01,-122.2870199,47.5857183
Car-1,2009-02-27 19:46:03,-122.2870016,47.5857366
Car-1,2009-02-27 19:46:05,-122.2869933,47.5857533
Car-1,2009-02-27 19:46:07,-122.2869966,47.5857699
Car-1,2009-02-27 19:46:09,-122.2870066,47.5857816
Car-1,2009-02-27 19:46:11,-122.2870249,47.5857866
Car-1,2009-02-27 19:46:13,-122.2870383,47.5857816
Car-1,2009-02-27 19:46:17,-122.2870216,47.5857883
Car-1,2009-02-27 19:46:19,-122.2869999,47.5857933
Car-1,2009-02-27 19:46:21,-122.2869649,47.5857983
Car-1,2009-02-27 19:46:23,-122.2869366,47.5858066
Car-1,2009-02-27 19:46:25,-122.2869166,47.5858249
Car-1,2009-02-27 19:46:27,-122.2869033,47.5858466
Car-1,2009-02-27 19:46:29,-122.2868766,47.5858533
Car-1,2009-02-27 19:46:31,-122.2868616,47.5858699
Car-1,2009-02-27 19:46:33,-122.2868483,47.5858866
Car-1,2009-02-27 19:46:35,-122.2868349,47.5859066
Car-1,2009-02-27 19:46:37,-122.2868216,47.5859266
Car-1,2009-02-27 19:46:39,-122.2868083,47.5859433
Car-1,2009-02-27 19:46:41,-122.2867983,47.5859583
Car-1,2009-02-27 19:46:43,-122.2867816,47.5859866
Car-1,2009-02-27 19:46:45,-122.28677,47.5860066
Car-1,2009-02-27 19:46:47,-122.2867783,47.5860466
Car-1,2009-02-27 19:46:51,-122.2868099,47.5861049
Car-1,2009-02-27 19:46:53,-122.2868033,47.5861483
Car-1,2009-02-27 19:46:55,-122.2867999,47.5861733
Car-1,2009-02-27 19:46:59,-122.2867949,47.5862399
Car-1,2009-02-27 19:47:01,-122.2867799,47.5862566
Car-1,2009-02-27 19:47:03,-122.2867633,47.58625
Car-1,2009-02-27 19:47:05,-122.2867533,47.5862766
Car-1,2009-02-27 19:47:07,-122.2867716,47.5863116
Car-1,2009-02-27 19:47:09,-122.28677,47.5863449
Car-1,2009-02-27 19:47:13,-122.2867749,47.5863866
Car-1,2009-02-27 19:47:15,-122.2867733,47.5864016
Car-1,2009-02-27 19:47:19,-122.2867549,47.5864349
Car-1,2009-02-27 19:47:21,-122.2867516,47.5864383
Car-1,2009-02-27 19:47:23,-122.2867466,47.5864499
Car-1,2009-02-27 19:47:25,-122.2867483,47.5864666
Car-1,2009-02-27 19:47:27,-122.2867316,47.586505
Car-1,2009-02-27 19:47:29,-122.2867099,47.58653
Car-1,2009-02-27 19:47:31,-122.2866866,47.5865483
Car-1,2009-02-27 19:47:33,-122.28668,47.5865683
Car-1,2009-02-27 19:47:35,-122.2866733,47.5865899
Car-1,2009-02-27 19:47:37,-122.2866916,47.5866132
Car-1,2009-02-27 19:47:39,-122.2866949,47.5866333
Car-1,2009-02-27 19:47:41,-122.2866966,47.5866616
Car-1,2009-02-27 19:47:43,-122.2867183,47.5866649
Car-1,2009-02-27 19:47:45,-122.28675,47.5866549
Car-1,2009-02-27 19:47:47,-122.2867833,47.5866433
Car-1,2009-02-27 19:47:49,-122.2868149,47.5866366
Car-1,2009-02-27 19:47:51,-122.2868683,47.5866249
Car-1,2009-02-27 19:47:53,-122.2869183,47.5866249
Car-1,2009-02-27 19:47:55,-122.2869549,47.586615
Car-1,2009-02-27 19:47:57,-122.2869916,47.5866016
Car-1,2009-02-27 19:47:59,-122.2870066,47.5865866
Car-1,2009-02-27 19:48:01,-122.2870166,47.5865966
Car-1,2009-02-27 19:48:03,-122.28703,47.586615
Car-1,2009-02-27 19:48:05,-122.2870533,47.5866333
Car-1,2009-02-27 19:48:07,-122.2870716,47.5866499
Car-1,2009-02-27 19:48:09,-122.2870949,47.5866633
Car-1,2009-02-27 19:48:11,-122.2870899,47.5866549
Car-1,2009-02-27 19:48:13,-122.2870916,47.5866316
Car-1,2009-02-27 19:48:15,-122.2870966,47.5866233
Car-1,2009-02-27 19:48:17,-122.2871083,47.5866199
Car-1,2009-02-27 19:48:19,-122.2871083,47.5866233
Car-1,2009-02-27 19:48:21,-122.2870966,47.5866066
Car-1,2009-02-27 19:48:26,-122.28712,47.5865799
Car-1,2009-02-27 19:48:28,-122.2871266,47.5865666
Car-1,2009-02-27 19:48:30,-122.2871283,47.5865582
Car-1,2009-02-27 19:48:33,-122.2871633,47.5865649
Car-1,2009-02-27 19:48:35,-122.28717,47.5865966
Car-1,2009-02-27 19:48:37,-122.28717,47.5866083
Car-1,2009-02-27 19:48:39,-122.2871366,47.5866083
Car-1,2009-02-27 19:48:41,-122.2871016,47.5866216
Car-1,2009-02-27 19:48:43,-122.2870799,47.5866483
Car-1,2009-02-27 19:48:45,-122.2870616,47.5866483
Car-1,2009-02-27 19:48:47,-122.2870466,47.5866716
Car-1,2009-02-27 19:48:49,-122.2870216,47.5866816
Car-1,2009-02-27 19:48:51,-122.2870249,47.5867033
Car-1,2009-02-27 19:48:53,-122.2870066,47.5867116
Car-1,2009-02-27 19:48:55,-122.2869749,47.5867199
Car-1,2009-02-27 19:48:57,-122.2869349,47.5867283
Car-1,2009-02-27 19:48:59,-122.2868866,47.5867349
Car-1,2009-02-27 19:49:01,-122.2868599,47.5867466
Car-1,2009-02-27 19:49:03,-122.2868149,47.5867349
Car-1,2009-02-27 19:49:05,-122.2867733,47.5867266
Car-1,2009-02-27 19:49:07,-122.2867566,47.586715
Car-1,2009-02-27 19:49:09,-122.2867199,47.5867066
Car-1,2009-02-27 19:49:11,-122.28668,47.586715
Car-1,2009-02-27 19:49:15,-122.2866349,47.5867199
Car-1,2009-02-27 19:49:17,-122.2866466,47.5866982
Car-1,2009-02-27 19:49:19,-122.2867583,47.586685
Car-1,2009-02-27 19:49:22,-122.2866616,47.5866116
Car-1,2009-02-27 19:49:29,-122.2866399,47.5866749
Car-1,2009-02-27 19:49:31,-122.2866416,47.58667
Car-1,2009-02-27 19:49:33,-122.2866483,47.5866633
Car-1,2009-02-27 19:50:11,-122.2866399,47.5866883
Car-1,2009-02-27 19:50:14,-122.2866399,47.5866883
Car-1,2009-02-27 19:50:16,-122.2866366,47.586685
Car-1,2009-02-27 19:50:19,-122.2866383,47.5867266
Car-1,2009-02-27 19:50:26,-122.2863549,47.5862283
Car-1,2009-02-27 19:51:05,-122.2863599,47.5864116
Car-1,2009-02-27 19:51:07,-122.28642,47.5864083
Car-1,2009-02-27 19:51:11,-122.2864766,47.5862316
Car-1,2009-02-27 19:51:15,-122.28656,47.58604
Car-1,2009-02-27 19:51:19,-122.2868116,47.5857949
Car-1,2009-02-27 19:51:25,-122.2873183,47.5853849
Car-1,2009-02-27 19:51:31,-122.2876283,47.5849716
Car-1,2009-02-27 19:51:37,-122.2878533,47.5844549
Car-1,2009-02-27 19:51:43,-122.28792,47.5841182
Car-1,2009-02-27 19:51:47,-122.2879066,47.583925
Car-1,2009-02-27 19:51:51,-122.2879716,47.5836233
Car-1,2009-02-27 19:51:57,-122.2878449,47.5831199
Car-1,2009-02-27 19:52:03,-122.28787,47.582775
Car-1,2009-02-27 19:52:07,-122.2879066,47.5824433
Car-1,2009-02-27 19:52:13,-122.2879499,47.5817666
Car-1,2009-02-27 19:52:19,-122.2879016,47.5811266
Car-1,2009-02-27 19:52:25,-122.2879883,47.5803849
Car-1,2009-02-27 19:52:31,-122.2881216,47.5796333
Car-1,2009-02-27 19:52:37,-122.2879516,47.5790616
Car-1,2009-02-27 19:52:43,-122.2879383,47.5787016
Car-1,2009-02-27 19:52:47,-122.2880816,47.5785416
Car-1,2009-02-27 19:52:51,-122.2882816,47.5784383
Car-1,2009-02-27 19:52:55,-122.2885683,47.5783683
Car-1,2009-02-27 19:52:59,-122.2887099,47.5782332
Car-1,2009-02-27 19:53:03,-122.2887149,47.5780932
Car-1,2009-02-27 19:53:07,-122.2887183,47.5777649
Car-1,2009-02-27 19:53:13,-122.28883,47.5773566
Car-1,2009-02-27 19:53:19,-122.2893433,47.5771399
Car-1,2009-02-27 19:53:23,-122.2897183,47.5771166
Car-1,2009-02-27 19:53:27,-122.2900966,47.5770282
Car-1,2009-02-27 19:53:33,-122.2906433,47.5767416
Car-1,2009-02-27 19:53:39,-122.2908816,47.5765183
Car-1,2009-02-27 19:53:43,-122.2909366,47.5763016
Car-1,2009-02-27 19:53:47,-122.2909566,47.5760716
Car-1,2009-02-27 19:53:51,-122.290975,47.5757633
Car-1,2009-02-27 19:53:57,-122.2910116,47.5754083
Car-1,2009-02-27 19:54:01,-122.2910383,47.5752866
Car-1,2009-02-27 19:54:05,-122.2911899,47.5752016
Car-1,2009-02-27 19:54:09,-122.2915183,47.5750916
Car-1,2009-02-27 19:54:15,-122.292095,47.5748883
Car-1,2009-02-27 19:54:21,-122.2924299,47.5747633
Car-1,2009-02-27 19:54:25,-122.2925949,47.5747249
Car-1,2009-02-27 19:54:29,-122.2928016,47.5746149
Car-1,2009-02-27 19:54:33,-122.2931549,47.574495
Car-1,2009-02-27 19:54:39,-122.2936533,47.5743566
Car-1,2009-02-27 19:54:43,-122.29391,47.5742599
Car-1,2009-02-27 19:54:47,-122.2943283,47.5740866
Car-1,2009-02-27 19:54:53,-122.2946933,47.5739549
Car-1,2009-02-27 19:54:58,-122.2946866,47.5739566
Car-1,2009-02-27 19:55:10,-122.2946866,47.5739566
Car-1,2009-02-27 19:55:12,-122.2946899,47.5739549
Car-1,2009-02-27 19:55:14,-122.294715,47.5739449
Car-1,2009-02-27 19:55:18,-122.2947566,47.5738266
Car-1,2009-02-27 19:55:22,-122.2946333,47.5736549
Car-1,2009-02-27 19:55:26,-122.2944749,47.5734083
Car-1,2009-02-27 19:55:32,-122.2941033,47.5729116
Car-1,2009-02-27 19:55:38,-122.2936249,47.5722883
Car-1,2009-02-27 19:55:44,-122.2930533,47.57158
Car-1,2009-02-27 19:55:50,-122.2925249,47.5708949
Car-1,2009-02-27 19:55:56,-122.2920533,47.5703566
Car-1,2009-02-27 19:56:02,-122.2916283,47.5700983
Car-1,2009-02-27 19:56:06,-122.2913633,47.5699849
Car-1,2009-02-27 19:56:10,-122.2911183,47.5698816
Car-1,2009-02-27 19:56:14,-122.2907933,47.56973
Car-1,2009-02-27 19:56:20,-122.29028,47.569265
Car-1,2009-02-27 19:56:26,-122.289825,47.5686616
Car-1,2009-02-27 19:56:32,-122.2893399,47.5680099
Car-1,2009-02-27 19:56:38,-122.2890849,47.5673816
Car-1,2009-02-27 19:56:44,-122.2889049,47.5666016
Car-1,2009-02-27 19:56:50,-122.2886849,47.5658166
Car-1,2009-02-27 19:56:56,-122.2885233,47.565145
Car-1,2009-02-27 19:57:02,-122.2884199,47.5646132
Car-1,2009-02-27 19:57:12,-122.2884149,47.56453
Car-1,2009-02-27 19:57:14,-122.2884083,47.5645049
Car-1,2009-02-27 19:57:18,-122.2883816,47.5644133
Car-1,2009-02-27 19:57:20,-122.2883766,47.5643933
Car-1,2009-02-27 19:57:23,-122.2883766,47.5643933
Car-1,2009-02-27 19:57:25,-122.288375,47.5643882
Car-1,2009-02-27 19:57:27,-122.2883699,47.5643666
Car-1,2009-02-27 19:57:31,-122.2883299,47.5642216
Car-1,2009-02-27 19:57:35,-122.2882599,47.5639783
Car-1,2009-02-27 19:57:41,-122.2880883,47.5634533
Car-1,2009-02-27 19:57:47,-122.2879166,47.5629882
Car-1,2009-02-27 19:57:53,-122.28773,47.5622066
Car-1,2009-02-27 19:57:59,-122.2875016,47.5615099
Car-1,2009-02-27 19:58:05,-122.2874166,47.5613466
Car-1,2009-02-27 19:58:07,-122.287415,47.5612999
Car-1,2009-02-27 19:58:11,-122.2873599,47.5611499
Car-1,2009-02-27 19:58:15,-122.28726,47.5609916
Car-1,2009-02-27 19:58:19,-122.2870683,47.5607349
Car-1,2009-02-27 19:58:25,-122.2865966,47.5601616
Car-1,2009-02-27 19:58:31,-122.2860866,47.5595166
Car-1,2009-02-27 19:58:37,-122.2857716,47.5590566
Car-1,2009-02-27 19:58:43,-122.2856066,47.5587716
Car-1,2009-02-27 19:58:47,-122.2855616,47.558685
Car-1,2009-02-27 19:58:51,-122.2855366,47.5586249
Car-1,2009-02-27 19:58:55,-122.2854683,47.5585083
Car-1,2009-02-27 19:58:59,-122.2853599,47.5583749
Car-1,2009-02-27 19:59:03,-122.28532,47.5582966
Car-1,2009-02-27 19:59:07,-122.2852166,47.5580816
Car-1,2009-02-27 19:59:13,-122.2849566,47.5575899
Car-1,2009-02-27 19:59:19,-122.2846433,47.556975
Car-1,2009-02-27 19:59:25,-122.2841866,47.556445
Car-1,2009-02-27 19:59:31,-122.2838233,47.5561249
Car-1,2009-02-27 19:59:37,-122.2833316,47.5556899
Car-1,2009-02-27 19:59:43,-122.2826333,47.5550682
Car-1,2009-02-27 19:59:49,-122.28188,47.5544149
Car-1,2009-02-27 19:59:55,-122.2810116,47.5539366
Car-1,2009-02-27 20:00:01,-122.2800866,47.5535066
Car-1,2009-02-27 20:00:07,-122.2792549,47.5531416
Car-1,2009-02-27 20:00:13,-122.2786016,47.5527683
Car-1,2009-02-27 20:00:19,-122.2782599,47.5522066
Car-1,2009-02-27 20:00:25,-122.2779716,47.5517183
Car-1,2009-02-27 20:00:31,-122.2778816,47.5514883
Car-1,2009-02-27 20:00:33,-122.2778766,47.5514633
Car-1,2009-02-27 20:00:35,-122.2778716,47.5514516
Car-1,2009-02-27 20:00:37,-122.2778699,47.5514316
Car-1,2009-02-27 20:00:40,-122.2778699,47.5514316
Car-1,2009-02-27 20:00:42,-122.2778716,47.5514249
Car-1,2009-02-27 20:00:44,-122.2778633,47.5514049
Car-1,2009-02-27 20:00:48,-122.2778249,47.5513033
Car-1,2009-02-27 20:00:52,-122.2778033,47.5512349
Car-1,2009-02-27 20:00:54,-122.2777883,47.55123
Car-1,2009-02-27 20:00:56,-122.2777733,47.5512199
Car-1,2009-02-27 20:01:02,-122.2777766,47.5512099
Car-1,2009-02-27 20:01:04,-122.2777399,47.5511716
Car-1,2009-02-27 20:01:08,-122.2774833,47.5510949
Car-1,2009-02-27 20:01:12,-122.2770116,47.5511299
Car-1,2009-02-27 20:01:18,-122.2761249,47.5511283
Car-1,2009-02-27 20:01:24,-122.2751766,47.5511233
Car-1,2009-02-27 20:01:30,-122.2740999,47.5511216
Car-1,2009-02-27 20:01:36,-122.2730199,47.5511182
Car-1,2009-02-27 20:01:42,-122.2721133,47.5511366
Car-1,2009-02-27 20:01:48,-122.2711066,47.5511366
Car-1,2009-02-27 20:01:54,-122.2698983,47.5511833
Car-1,2009-02-27 20:02:00,-122.2687766,47.5511483
Car-1,2009-02-27 20:02:06,-122.26786,47.5511266
Car-1,2009-02-27 20:02:12,-122.2671133,47.5511283
Car-1,2009-02-27 20:02:16,-122.2667666,47.5511116
Car-1,2009-02-27 20:02:20,-122.2663766,47.5510799
Car-1,2009-02-27 20:02:26,-122.2659566,47.5510633
Car-1,2009-02-27 20:02:31,-122.2659566,47.5510633
Car-1,2009-02-27 20:02:33,-122.2659566,47.5510616
Car-1,2009-02-27 20:02:37,-122.26569,47.551065
Car-1,2009-02-27 20:02:41,-122.265285,47.5510583
Car-1,2009-02-27 20:02:47,-122.2647266,47.5510666
Car-1,2009-02-27 20:02:53,-122.264125,47.551065
Car-1,2009-02-27 20:02:59,-122.2634266,47.5510733
Car-1,2009-02-27 20:03:05,-122.2627349,47.5510699
Car-1,2009-02-27 20:03:11,-122.2623983,47.5510683
Car-1,2009-02-27 20:03:15,-122.2622366,47.5510599
Car-1,2009-02-27 20:03:19,-122.2620583,47.5509733
Car-1,2009-02-27 20:03:23,-122.2619433,47.5507416
Car-1,2009-02-27 20:03:27,-122.2617733,47.5505116
Car-1,2009-02-27 20:03:31,-122.2614366,47.5503633
Car-1,2009-02-27 20:03:37,-122.2606433,47.5503482
Car-1,2009-02-27 20:03:43,-122.2599566,47.5503216
Car-1,2009-02-27 20:03:47,-122.2595916,47.5502283
Car-1,2009-02-27 20:03:53,-122.2591033,47.5499799
Car-1,2009-02-27 20:03:57,-122.2589133,47.5498183
Car-1,2009-02-27 20:04:09,-122.2588533,47.5497266
Car-1,2009-02-27 20:04:11,-122.2588116,47.5496816
Car-1,2009-02-27 20:04:15,-122.2585366,47.5495916
Car-1,2009-02-27 20:04:19,-122.2581399,47.5495749
Car-1,2009-02-27 20:04:23,-122.257805,47.5495816
Car-1,2009-02-27 20:04:27,-122.2577066,47.5495749
Car-1,2009-02-27 20:04:29,-122.2576683,47.5495716
Car-1,2009-02-27 20:04:33,-122.2575716,47.5495183
Car-1,2009-02-27 20:04:37,-122.2575433,47.5494216
Car-1,2009-02-27 20:04:41,-122.25752,47.5492449
Car-1,2009-02-27 20:04:45,-122.25749,47.5491083
Car-1,2009-02-27 20:04:49,-122.257475,47.5490216
Car-1,2009-02-27 20:04:53,-122.2574599,47.5488916
Car-1,2009-02-27 20:04:57,-122.2574616,47.5488066
Car-1,2009-02-27 20:05:01,-122.2574866,47.5487466
Car-1,2009-02-27 20:05:05,-122.2575233,47.5486833
Car-1,2009-02-27 20:05:07,-122.2575399,47.5486516
Car-1,2009-02-27 20:05:09,-122.2575616,47.5486283
Car-1,2009-02-27 20:05:11,-122.2575833,47.5486216
Car-1,2009-02-27 20:05:13,-122.2576066,47.5486283
Car-1,2009-02-27 20:05:15,-122.2576183,47.5486232
Car-1,2009-02-27 20:05:17,-122.2576333,47.5486232
Car-1,2009-02-27 20:05:54,-122.2576283,47.5486133
Car-1,2009-02-27 20:05:55,-122.2576283,47.5486133
Car-1,2009-02-27 20:05:57,-122.2575866,47.5485816
Car-1,2009-02-27 20:06:33,-122.2575983,47.5485883
Car-1,2009-02-27 20:06:35,-122.2575866,47.5485899
Car-1,2009-02-27 20:06:37,-122.2575816,47.5485916
Car-1,2009-02-27 20:06:39,-122.2575766,47.5485983
Car-1,2009-02-27 20:06:41,-122.2575716,47.5486033
Car-1,2009-02-27 20:07:00,-122.2575749,47.5486082
Car-1,2009-02-27 20:07:02,-122.2575666,47.5486016
Car-1,2009-02-27 20:07:04,-122.2575383,47.548595
Car-1,2009-02-27 20:07:06,-122.2575383,47.5485983
Car-1,2009-02-27 20:07:36,-122.2575383,47.5485983
Car-1,2009-02-27 20:07:38,-122.2575299,47.5485916
Car-1,2009-02-27 20:08:10,-122.2575299,47.5485916
Car-1,2009-02-27 20:08:12,-122.2575283,47.5485899
Car-1,2009-02-27 20:08:14,-122.2575133,47.5486016
Car-1,2009-02-27 20:08:16,-122.2574966,47.5486183
Car-1,2009-02-27 20:08:18,-122.2574733,47.5486382
Car-1,2009-02-27 20:08:20,-122.2574566,47.5486599
Car-1,2009-02-27 20:08:22,-122.2574266,47.5486716
Car-1,2009-02-27 20:08:24,-122.257405,47.5487016
Car-1,2009-02-27 20:08:26,-122.2573833,47.5487283
Car-1,2009-02-27 20:08:28,-122.2573716,47.5487533
Car-1,2009-02-27 20:08:30,-122.25735,47.5487766
Car-1,2009-02-27 20:08:32,-122.2573316,47.5487949
Car-1,2009-02-27 20:08:34,-122.257315,47.5488116
Car-1,2009-02-27 20:08:36,-122.2573049,47.54885
Car-1,2009-02-27 20:08:38,-122.25729,47.5488583
Car-1,2009-02-27 20:08:40,-122.2572916,47.5488516
Car-1,2009-02-27 20:08:42,-122.2572933,47.5488733
Car-1,2009-02-27 20:08:44,-122.2572783,47.5488983
Car-1,2009-02-27 20:08:46,-122.2572716,47.5489216
Car-1,2009-02-27 20:08:48,-122.2572716,47.5489499
Car-1,2009-02-27 20:08:50,-122.2572683,47.5489833
Car-1,2009-02-27 20:08:52,-122.2572599,47.5490066
Car-1,2009-02-27 20:08:54,-122.2572099,47.5490333
Car-1,2009-02-27 20:08:56,-122.2571733,47.5490366
Car-1,2009-02-27 20:08:58,-122.2571199,47.54906
Car-1,2009-02-27 20:09:00,-122.2570283,47.5490833
Car-1,2009-02-27 20:09:04,-122.2569383,47.5490383
Car-1,2009-02-27 20:09:06,-122.2568983,47.5490266
Car-1,2009-02-27 20:09:08,-122.2568633,47.5490149
Car-1,2009-02-27 20:09:10,-122.2568249,47.5490066
Car-1,2009-02-27 20:09:12,-122.2567833,47.5490066
Car-1,2009-02-27 20:09:14,-122.2567349,47.549005
Car-1,2009-02-27 20:09:16,-122.2566849,47.5490266
Car-1,2009-02-27 20:09:18,-122.2566433,47.5490333
Car-1,2009-02-27 20:09:20,-122.25661,47.5490283
Car-1,2009-02-27 20:09:22,-122.2565716,47.5490183
Car-1,2009-02-27 20:09:24,-122.2565533,47.5490033
Car-1,2009-02-27 20:09:26,-122.25653,47.5489983
Car-1,2009-02-27 20:09:28,-122.2565116,47.5489833
Car-1,2009-02-27 20:09:30,-122.2564866,47.5489833
Car-1,2009-02-27 20:09:32,-122.25646,47.5489616
Car-1,2009-02-27 20:09:34,-122.2564433,47.5489566
Car-1,2009-02-27 20:09:36,-122.2564233,47.5489683
Car-1,2009-02-27 20:09:38,-122.256385,47.5489699
Car-1,2009-02-27 20:09:40,-122.2563433,47.5489666
Car-1,2009-02-27 20:09:42,-122.2562983,47.5489499
Car-1,2009-02-27 20:09:44,-122.2562549,47.5489416
Car-1,2009-02-27 20:09:46,-122.2562133,47.5489349
Car-1,2009-02-27 20:09:48,-122.2561766,47.5489383
Car-1,2009-02-27 20:09:50,-122.2561516,47.5489333
Car-1,2009-02-27 20:09:52,-122.2561383,47.5489316
Car-1,2009-02-27 20:09:54,-122.2561099,47.5489283
Car-1,2009-02-27 20:09:56,-122.2560683,47.5489283
Car-1,2009-02-27 20:10:00,-122.2559666,47.5489266
Car-1,2009-02-27 20:10:02,-122.2559283,47.5489133
Car-1,2009-02-27 20:10:04,-122.25591,47.54892
Car-1,2009-02-27 20:10:06,-122.2558983,47.5489182
Car-1,2009-02-27 20:10:08,-122.25585,47.5489083
Car-1,2009-02-27 20:10:10,-122.2558216,47.5489099
Car-1,2009-02-27 20:10:12,-122.2557849,47.5489116
Car-1,2009-02-27 20:10:14,-122.2557599,47.5489149
Car-1,2009-02-27 20:10:16,-122.25573,47.5489116
Car-1,2009-02-27 20:10:18,-122.255695,47.5489133
Car-1,2009-02-27 20:10:20,-122.2556549,47.5489066
Car-1,2009-02-27 20:10:22,-122.2556199,47.5489083
Car-1,2009-02-27 20:10:24,-122.2555833,47.5489083
Car-1,2009-02-27 20:10:26,-122.2555583,47.5489233
Car-1,2009-02-27 20:10:28,-122.2555433,47.5489099
Car-1,2009-02-27 20:10:30,-122.2555499,47.5489016
Car-1,2009-02-27 20:10:36,-122.2555583,47.5488966
Car-1,2009-02-27 20:10:44,-122.2555583,47.5488916
Car-1,2009-02-27 20:10:49,-122.2555583,47.5488916
Car-1,2009-02-27 20:10:51,-122.2555499,47.5488916
Car-1,2009-02-27 20:10:53,-122.2555316,47.5488916
Car-1,2009-02-27 20:10:55,-122.2555066,47.5489016
Car-1,2009-02-27 20:10:57,-122.2554783,47.5489066
Car-1,2009-02-27 20:10:59,-122.2554433,47.5488983
Car-1,2009-02-27 20:11:01,-122.2553816,47.5488966
Car-1,2009-02-27 20:11:03,-122.2553399,47.5489016
Car-1,2009-02-27 20:11:05,-122.2553,47.548905
Car-1,2009-02-27 20:11:07,-122.255275,47.5489083
Car-1,2009-02-27 20:11:09,-122.255255,47.5489099
Car-1,2009-02-27 20:11:11,-122.2552266,47.5489099
Car-1,2009-02-27 20:11:14,-122.2552066,47.5489182
Car-1,2009-02-27 20:11:16,-122.2551666,47.5489233
Car-1,2009-02-27 20:11:18,-122.2551233,47.5489333
Car-1,2009-02-27 20:11:20,-122.2550766,47.5489349
Car-1,2009-02-27 20:11:22,-122.25502,47.5489216
Car-1,2009-02-27 20:11:24,-122.2549866,47.5489099
Car-1,2009-02-27 20:11:26,-122.2549483,47.548905
Car-1,2009-02-27 20:11:28,-122.2549133,47.5489016
Car-1,2009-02-27 20:11:30,-122.2548783,47.5488999
Car-1,2009-02-27 20:11:32,-122.2548516,47.5489032
Car-1,2009-02-27 20:11:34,-122.25482,47.5489032
Car-1,2009-02-27 20:11:36,-122.2548083,47.5489099
Car-1,2009-02-27 20:11:38,-122.2547683,47.5489099
Car-1,2009-02-27 20:11:40,-122.2547033,47.5489116
Car-1,2009-02-27 20:11:42,-122.2547166,47.5488816
Car-1,2009-02-27 20:11:44,-122.2547183,47.5488799
Car-1,2009-02-27 20:11:46,-122.2546716,47.5488833
Car-1,2009-02-27 20:11:52,-122.2546733,47.5489133
Car-1,2009-02-27 20:11:54,-122.2546466,47.5489283
Car-1,2009-02-27 20:11:56,-122.25462,47.54892
Car-1,2009-02-27 20:11:58,-122.2545333,47.5488983
Car-1,2009-02-27 20:12:02,-122.2544433,47.5489133
Car-1,2009-02-27 20:12:04,-122.2544216,47.5489316
Car-1,2009-02-27 20:12:06,-122.2543933,47.5489266
Car-1,2009-02-27 20:12:08,-122.254365,47.5489266
Car-1,2009-02-27 20:12:10,-122.25434,47.5489233
Car-1,2009-02-27 20:12:12,-122.2543199,47.5489233
Car-1,2009-02-27 20:12:14,-122.2543116,47.5489316
Car-1,2009-02-27 20:12:16,-122.2542966,47.5489349
Car-1,2009-02-27 20:12:18,-122.2542749,47.5489366
Car-1,2009-02-27 20:12:20,-122.2542499,47.5489383
Car-1,2009-02-27 20:12:22,-122.254225,47.5489483
Car-1,2009-02-27 20:12:24,-122.2541933,47.5489516
Car-1,2009-02-27 20:12:26,-122.2541633,47.5489549
Car-1,2009-02-27 20:12:28,-122.2541316,47.5489616
Car-1,2009-02-27 20:12:30,-122.2540983,47.5489699
Car-1,2009-02-27 20:12:32,-122.2540649,47.5489716
Car-1,2009-02-27 20:12:34,-122.2540399,47.5489616
Car-1,2009-02-27 20:12:36,-122.2540083,47.5489549
Car-1,2009-02-27 20:12:38,-122.2539799,47.5489583
Car-1,2009-02-27 20:12:40,-122.253955,47.5489649
Car-1,2009-02-27 20:12:42,-122.25393,47.5489783
Car-1,2009-02-27 20:12:44,-122.2539066,47.5489933
Car-1,2009-02-27 20:12:46,-122.2538916,47.5490083
Car-1,2009-02-27 20:12:48,-122.2538816,47.5490216
Car-1,2009-02-27 20:12:50,-122.2538683,47.5490366
Car-1,2009-02-27 20:12:52,-122.2538466,47.5490582
Car-1,2009-02-27 20:12:54,-122.253825,47.5490716
Car-1,2009-02-27 20:12:56,-122.2537983,47.5490833
Car-1,2009-02-27 20:12:58,-122.253775,47.5490783
Car-1,2009-02-27 20:13:00,-122.2537466,47.5490816
Car-1,2009-02-27 20:13:02,-122.2537183,47.5491016
Car-1,2009-02-27 20:13:04,-122.2536816,47.5491016
Car-1,2009-02-27 20:13:06,-122.2536449,47.5490966
Car-1,2009-02-27 20:13:08,-122.2536033,47.5491
Car-1,2009-02-27 20:13:10,-122.253565,47.5490883
Car-1,2009-02-27 20:13:12,-122.2535249,47.5490783
Car-1,2009-02-27 20:13:16,-122.2534233,47.5490916
Car-1,2009-02-27 20:13:18,-122.2533933,47.5490916
Car-1,2009-02-27 20:13:20,-122.2533566,47.5490733
Car-1,2009-02-27 20:13:24,-122.253265,47.54906
Car-1,2009-02-27 20:13:28,-122.25319,47.5490699
Car-1,2009-02-27 20:13:30,-122.2531566,47.5490716
Car-1,2009-02-27 20:13:32,-122.2531233,47.5490666
Car-1,2009-02-27 20:13:34,-122.2530866,47.5490733
Car-1,2009-02-27 20:13:36,-122.2530433,47.5490649
Car-1,2009-02-27 20:13:38,-122.2530216,47.5490549
Car-1,2009-02-27 20:13:40,-122.252995,47.5490333
Car-1,2009-02-27 20:13:42,-122.2529683,47.5490266
Car-1,2009-02-27 20:13:44,-122.2529333,47.5490283
Car-1,2009-02-27 20:13:46,-122.2528816,47.5490416
Car-1,2009-02-27 20:13:48,-122.2528533,47.5490266
Car-1,2009-02-27 20:13:50,-122.2528366,47.5490266
Car-1,2009-02-27 20:13:52,-122.2528166,47.5490349
Car-1,2009-02-27 20:13:54,-122.2527633,47.5490083
Car-1,2009-02-27 20:13:56,-122.2527433,47.5490016
Car-1,2009-02-27 20:13:58,-122.2527199,47.5490066
Car-1,2009-02-27 20:14:00,-122.2527033,47.5490216
Car-1,2009-02-27 20:14:02,-122.2526599,47.5489966
Car-1,2009-02-27 20:14:04,-122.25263,47.5489916
Car-1,2009-02-27 20:14:06,-122.2525683,47.5489866
Car-1,2009-02-27 20:14:08,-122.25255,47.5489916
Car-1,2009-02-27 20:14:10,-122.2525066,47.5489983
Car-1,2009-02-27 20:14:12,-122.2524716,47.5490033
Car-1,2009-02-27 20:14:14,-122.2524349,47.5490066
Car-1,2009-02-27 20:14:16,-122.2523899,47.5490083
Car-1,2009-02-27 20:14:18,-122.2523716,47.5490066
Car-1,2009-02-27 20:14:20,-122.25234,47.5490133
Car-1,2009-02-27 20:14:22,-122.2522749,47.5490283
Car-1,2009-02-27 20:14:24,-122.2522516,47.5490416
Car-1,2009-02-27 20:14:26,-122.2522216,47.5490432
Car-1,2009-02-27 20:14:28,-122.2522083,47.5490416
Car-1,2009-02-27 20:14:30,-122.252175,47.5490399
Car-1,2009-02-27 20:14:32,-122.2520599,47.5490582
Car-1,2009-02-27 20:14:34,-122.2520433,47.5490716
Car-1,2009-02-27 20:14:36,-122.2519983,47.5490633
Car-1,2009-02-27 20:14:38,-122.2519583,47.5490816
Car-1,2009-02-27 20:14:40,-122.2519116,47.5490966
Car-1,2009-02-27 20:14:42,-122.2518733,47.5490983
Car-1,2009-02-27 20:14:44,-122.251835,47.5491016
Car-1,2009-02-27 20:14:46,-122.2518066,47.5491116
Car-1,2009-02-27 20:14:48,-122.2517699,47.5491199
Car-1,2009-02-27 20:14:50,-122.2517233,47.5491316
Car-1,2009-02-27 20:14:52,-122.2516399,47.5491349
Car-1,2009-02-27 20:14:54,-122.2516,47.5491599
Car-1,2009-02-27 20:14:56,-122.25158,47.5491616
Car-1,2009-02-27 20:14:58,-122.2515666,47.5491533
Car-1,2009-02-27 20:15:00,-122.251555,47.5491366
Car-1,2009-02-27 20:15:02,-122.2515383,47.5491132
Car-1,2009-02-27 20:15:04,-122.2515099,47.5491216
Car-1,2009-02-27 20:15:06,-122.2514733,47.5491366
Car-1,2009-02-27 20:15:08,-122.2514433,47.54917
Car-1,2009-02-27 20:15:10,-122.2514366,47.5491899
Car-1,2009-02-27 20:15:12,-122.2514333,47.5492132
Car-1,2009-02-27 20:15:14,-122.2514233,47.5492316
Car-1,2009-02-27 20:15:16,-122.2514116,47.5492366
Car-1,2009-02-27 20:15:18,-122.2513783,47.5492383
Car-1,2009-02-27 20:15:20,-122.2513416,47.5492433
Car-1,2009-02-27 20:15:22,-122.2513016,47.5492316
Car-1,2009-02-27 20:15:26,-122.2512366,47.5492
Car-1,2009-02-27 20:15:28,-122.2512033,47.5491832
Car-1,2009-02-27 20:15:32,-122.25113,47.5491583
Car-1,2009-02-27 20:15:34,-122.251095,47.5491783
Car-1,2009-02-27 20:15:36,-122.25105,47.5491816
Car-1,2009-02-27 20:15:38,-122.2510216,47.5491966
Car-1,2009-02-27 20:15:40,-122.251005,47.5492216
Car-1,2009-02-27 20:15:42,-122.2509716,47.5492483
Car-1,2009-02-27 20:15:44,-122.2509433,47.5492633
Car-1,2009-02-27 20:15:46,-122.25092,47.5492666
Car-1,2009-02-27 20:15:48,-122.2508699,47.54927
Car-1,2009-02-27 20:15:50,-122.2508333,47.5492633
Car-1,2009-02-27 20:15:52,-122.250795,47.5492633
Car-1,2009-02-27 20:15:54,-122.2507283,47.5492949
Car-1,2009-02-27 20:15:56,-122.2506916,47.5493049
Car-1,2009-02-27 20:15:58,-122.2506699,47.5492999
Car-1,2009-02-27 20:16:00,-122.2506583,47.5493049
Car-1,2009-02-27 20:16:02,-122.2506466,47.5493149
Car-1,2009-02-27 20:16:04,-122.250605,47.5493433
Car-1,2009-02-27 20:16:06,-122.25057,47.5493633
Car-1,2009-02-27 20:16:08,-122.2505466,47.5493816
Car-1,2009-02-27 20:16:10,-122.2505166,47.549395
Car-1,2009-02-27 20:16:12,-122.2504833,47.5494049
Car-1,2009-02-27 20:16:14,-122.2504533,47.5494183
Car-1,2009-02-27 20:16:16,-122.2504466,47.5494349
Car-1,2009-02-27 20:16:18,-122.25043,47.5494599
Car-1,2009-02-27 20:16:20,-122.2503999,47.5494999
Car-1,2009-02-27 20:16:24,-122.2503916,47.54952
Car-1,2009-02-27 20:16:26,-122.2503866,47.54955
Car-1,2009-02-27 20:16:28,-122.2503866,47.5495716
Car-1,2009-02-27 20:16:30,-122.2503433,47.5495983
Car-1,2009-02-27 20:16:32,-122.2503666,47.5496316
Car-1,2009-02-27 20:16:34,-122.2503716,47.5497066
Car-1,2009-02-27 20:16:38,-122.25043,47.5496332
Car-1,2009-02-27 20:16:40,-122.250455,47.5496416
Car-1,2009-02-27 20:16:42,-122.2505433,47.5496649
Car-1,2009-02-27 20:16:46,-122.2507649,47.5496583
Car-1,2009-02-27 20:16:50,-122.2507,47.549675
Car-1,2009-02-27 20:16:52,-122.2506599,47.5496649
Car-1,2009-02-27 20:16:54,-122.2506449,47.54966
Car-1,2009-02-27 20:16:56,-122.250615,47.5496649
Car-1,2009-02-27 20:16:59,-122.2505433,47.5496683
Car-1,2009-02-27 20:17:01,-122.2505166,47.5496666
Car-1,2009-02-27 20:17:03,-122.25051,47.5496549
Car-1,2009-02-27 20:17:08,-122.2504833,47.5496533
Car-1,2009-02-27 20:17:20,-122.2504833,47.5496533
Car-1,2009-02-27 20:17:22,-122.2504866,47.5496566
Car-1,2009-02-27 20:17:24,-122.2504966,47.5496566
Car-1,2009-02-27 20:17:27,-122.2505166,47.5496633
Car-1,2009-02-27 20:17:29,-122.2505283,47.5496549
Car-1,2009-02-27 20:17:31,-122.2505283,47.5496266
Car-1,2009-02-27 20:17:33,-122.2505083,47.5496066
Car-1,2009-02-27 20:17:35,-122.2504683,47.5496249
Car-1,2009-02-27 20:17:37,-122.2503916,47.5496699
Car-1,2009-02-27 20:17:39,-122.2503733,47.5496866
Car-1,2009-02-27 20:17:41,-122.2503416,47.5496983
Car-1,2009-02-27 20:17:43,-122.2503099,47.5497183
Car-1,2009-02-27 20:17:45,-122.2502849,47.5497383
Car-1,2009-02-27 20:17:47,-122.2502499,47.5497349
Car-1,2009-02-27 20:17:49,-122.2502233,47.5497366
Car-1,2009-02-27 20:17:51,-122.2501833,47.5497466
Car-1,2009-02-27 20:17:53,-122.25016,47.5497549
Car-1,2009-02-27 20:17:55,-122.2501383,47.5497516
Car-1,2009-02-27 20:17:57,-122.250115,47.5497549
Car-1,2009-02-27 20:18:03,-122.2500616,47.5497783
Car-1,2009-02-27 20:18:05,-122.250045,47.5497849
Car-1,2009-02-27 20:18:07,-122.25002,47.5497983
Car-1,2009-02-27 20:18:09,-122.2500016,47.5498066
Car-1,2009-02-27 20:18:11,-122.2499783,47.5498183
Car-1,2009-02-27 20:18:13,-122.2499566,47.5498333
Car-1,2009-02-27 20:18:15,-122.2499233,47.5498516
Car-1,2009-02-27 20:18:17,-122.2498733,47.5498633
Car-1,2009-02-27 20:18:19,-122.2498333,47.5498866
Car-1,2009-02-27 20:18:21,-122.2497866,47.5499033
Car-1,2009-02-27 20:18:23,-122.2497549,47.5499233
Car-1,2009-02-27 20:18:25,-122.2497483,47.5499266
Car-1,2009-02-27 20:18:33,-122.249765,47.5499333
Car-1,2009-02-27 20:19:08,-122.2499816,47.5503216
Car-1,2009-02-27 20:19:10,-122.2499483,47.5503533
Car-1,2009-02-27 20:19:12,-122.2498933,47.5503882
Car-1,2009-02-27 20:19:14,-122.2498433,47.5503699
Car-1,2009-02-27 20:19:16,-122.2497783,47.5503633
Car-1,2009-02-27 20:19:18,-122.24973,47.5503399
Car-1,2009-02-27 20:19:20,-122.2496999,47.5503266
Car-1,2009-02-27 20:19:22,-122.2496616,47.5503182
Car-1,2009-02-27 20:19:24,-122.2496283,47.5503166
Car-1,2009-02-27 20:19:28,-122.2495333,47.5503182
Car-1,2009-02-27 20:19:32,-122.2493266,47.5503332
Car-1,2009-02-27 20:19:36,-122.2492466,47.5503649
Car-1,2009-02-27 20:19:40,-122.2491616,47.5503916
Car-1,2009-02-27 20:19:44,-122.2489983,47.5504283
Car-1,2009-02-27 20:19:48,-122.2489933,47.5504516
Car-1,2009-02-27 20:19:50,-122.2489683,47.5504666
Car-1,2009-02-27 20:19:52,-122.2489249,47.5504833
Car-1,2009-02-27 20:19:58,-122.2489283,47.5504716
Car-1,2009-02-27 20:20:00,-122.2489566,47.5504816
Car-1,2009-02-27 20:20:02,-122.2489566,47.5504999
Car-1,2009-02-27 20:20:04,-122.2489249,47.5505049
Car-1,2009-02-27 20:20:06,-122.2488649,47.5505099
Car-1,2009-02-27 20:20:08,-122.2488449,47.5505199
Car-1,2009-02-27 20:20:10,-122.2488366,47.5505266
Car-1,2009-02-27 20:20:12,-122.2488299,47.5505349
Car-1,2009-02-27 20:20:14,-122.2488299,47.5505416
Car-1,2009-02-27 20:20:16,-122.2488299,47.5505566
Car-1,2009-02-27 20:20:18,-122.2488383,47.5505582
Car-1,2009-02-27 20:20:20,-122.2487966,47.5505916
Car-1,2009-02-27 20:20:22,-122.2487516,47.5505783
Car-1,2009-02-27 20:20:24,-122.2487366,47.5505982
Car-1,2009-02-27 20:20:26,-122.2486549,47.5506066
Car-1,2009-02-27 20:20:28,-122.2486383,47.5506333
Car-1,2009-02-27 20:20:30,-122.2485783,47.5506449
Car-1,2009-02-27 20:20:34,-122.2485,47.5506799
Car-1,2009-02-27 20:20:36,-122.2485016,47.5507066
Car-1,2009-02-27 20:20:38,-122.2485033,47.5507299
Car-1,2009-02-27 20:20:40,-122.2484883,47.5507532
Car-1,2009-02-27 20:20:42,-122.2484666,47.5507682
Car-1,2009-02-27 20:20:44,-122.24845,47.5507766
Car-1,2009-02-27 20:20:46,-122.2484416,47.5507766
Car-1,2009-02-27 20:20:48,-122.2484366,47.5507933
Car-1,2009-02-27 20:20:50,-122.2483899,47.5508049
Car-1,2009-02-27 20:20:52,-122.2483583,47.5508299
Car-1,2009-02-27 20:20:54,-122.2483466,47.5508449
Car-1,2009-02-27 20:20:56,-122.2483183,47.5508599
Car-1,2009-02-27 20:20:58,-122.2482916,47.5508833
Car-1,2009-02-27 20:21:00,-122.2482566,47.5509033
Car-1,2009-02-27 20:21:02,-122.2482333,47.5509266
Car-1,2009-02-27 20:21:04,-122.2482183,47.5509549
Car-1,2009-02-27 20:21:06,-122.2482166,47.5509899
Car-1,2009-02-27 20:21:08,-122.248195,47.5510266
Car-1,2009-02-27 20:21:10,-122.2481733,47.5510399
Car-1,2009-02-27 20:21:12,-122.2481749,47.5510466
Car-1,2009-02-27 20:21:14,-122.2481683,47.5510616
Car-1,2009-02-27 20:21:16,-122.2481616,47.5510833
Car-1,2009-02-27 20:21:18,-122.248135,47.5510966
Car-1,2009-02-27 20:21:20,-122.2481,47.5511133
Car-1,2009-02-27 20:21:22,-122.2480883,47.5511283
Car-1,2009-02-27 20:21:24,-122.2480816,47.5511499
Car-1,2009-02-27 20:21:26,-122.2480433,47.5511616
Car-1,2009-02-27 20:21:28,-122.2480033,47.5511732
Car-1,2009-02-27 20:21:30,-122.2479766,47.5511849
Car-1,2009-02-27 20:21:32,-122.2479433,47.551205
Car-1,2009-02-27 20:21:34,-122.2479216,47.5512283
Car-1,2009-02-27 20:21:36,-122.2478949,47.5512483
Car-1,2009-02-27 20:21:38,-122.2478766,47.5512683
Car-1,2009-02-27 20:21:40,-122.2478616,47.5512816
Car-1,2009-02-27 20:21:42,-122.247845,47.5513016
Car-1,2009-02-27 20:21:44,-122.2478266,47.5513282
Car-1,2009-02-27 20:21:46,-122.2478033,47.5513416
Car-1,2009-02-27 20:21:48,-122.2477833,47.5513616
Car-1,2009-02-27 20:21:50,-122.2477616,47.5513799
Car-1,2009-02-27 20:21:52,-122.2477266,47.5513982
Car-1,2009-02-27 20:21:54,-122.2476933,47.5514199
Car-1,2009-02-27 20:21:56,-122.2476783,47.55144
Car-1,2009-02-27 20:21:58,-122.2476599,47.5514583
Car-1,2009-02-27 20:22:00,-122.2476499,47.5514766
Car-1,2009-02-27 20:22:02,-122.247635,47.5514999
Car-1,2009-02-27 20:22:04,-122.24762,47.551525
Car-1,2009-02-27 20:22:06,-122.2476016,47.5515449
Car-1,2009-02-27 20:22:08,-122.2475866,47.5515666
Car-1,2009-02-27 20:22:10,-122.2475566,47.5515849
Car-1,2009-02-27 20:22:12,-122.2475316,47.5516033
Car-1,2009-02-27 20:22:14,-122.2475099,47.551625
Car-1,2009-02-27 20:22:16,-122.24749,47.5516483
Car-1,2009-02-27 20:22:18,-122.2474649,47.5516699
Car-1,2009-02-27 20:22:20,-122.2474299,47.5516932
Car-1,2009-02-27 20:22:22,-122.2474083,47.5517149
Car-1,2009-02-27 20:22:24,-122.2473933,47.5517383
Car-1,2009-02-27 20:22:26,-122.2473699,47.5517566
Car-1,2009-02-27 20:22:28,-122.2473466,47.5517766
Car-1,2009-02-27 20:22:30,-122.2473216,47.5517933
Car-1,2009-02-27 20:22:32,-122.2473016,47.5518149
Car-1,2009-02-27 20:22:34,-122.2472683,47.5518316
Car-1,2009-02-27 20:22:36,-122.2472399,47.5518516
Car-1,2009-02-27 20:22:38,-122.2472116,47.5518633
Car-1,2009-02-27 20:22:40,-122.2471866,47.551875
Car-1,2009-02-27 20:22:42,-122.2471849,47.5518983
Car-1,2009-02-27 20:22:44,-122.2471599,47.5519233
Car-1,2009-02-27 20:22:46,-122.24714,47.551945
Car-1,2009-02-27 20:22:48,-122.2471249,47.5519716
Car-1,2009-02-27 20:22:50,-122.2470966,47.5519949
Car-1,2009-02-27 20:22:52,-122.2470816,47.5520166
Car-1,2009-02-27 20:22:54,-122.2470516,47.5520383
Car-1,2009-02-27 20:22:56,-122.2470333,47.5520666
Car-1,2009-02-27 20:22:58,-122.2470383,47.5520833
Car-1,2009-02-27 20:23:00,-122.2470299,47.5521066
Car-1,2009-02-27 20:23:02,-122.247015,47.5521216
Car-1,2009-02-27 20:23:04,-122.246975,47.5521316
Car-1,2009-02-27 20:23:06,-122.2469499,47.5521533
Car-1,2009-02-27 20:23:08,-122.2469166,47.55217
Car-1,2009-02-27 20:23:10,-122.2469033,47.552185
Car-1,2009-02-27 20:23:12,-122.2468816,47.5522049
Car-1,2009-02-27 20:23:14,-122.2468583,47.5522283
Car-1,2009-02-27 20:23:16,-122.2468366,47.5522516
Car-1,2009-02-27 20:23:18,-122.2468183,47.5522682
Car-1,2009-02-27 20:23:20,-122.2468033,47.5522933
Car-1,2009-02-27 20:23:22,-122.2467866,47.5523166
Car-1,2009-02-27 20:23:24,-122.2467716,47.5523382
Car-1,2009-02-27 20:23:26,-122.2467533,47.5523616
Car-1,2009-02-27 20:23:28,-122.2467349,47.5523849
Car-1,2009-02-27 20:23:30,-122.2467133,47.5524133
Car-1,2009-02-27 20:23:34,-122.2466966,47.5524616
Car-1,2009-02-27 20:23:36,-122.246685,47.5524849
Car-1,2009-02-27 20:23:38,-122.2466733,47.5525083
Car-1,2009-02-27 20:23:40,-122.2466649,47.5525332
Car-1,2009-02-27 20:23:42,-122.24665,47.5525583
Car-1,2009-02-27 20:23:44,-122.2466333,47.5525816
Car-1,2009-02-27 20:23:46,-122.2466166,47.5526032
Car-1,2009-02-27 20:23:48,-122.2466016,47.5526266
Car-1,2009-02-27 20:23:50,-122.2465849,47.5526516
Car-1,2009-02-27 20:23:52,-122.2465783,47.552675
Car-1,2009-02-27 20:23:54,-122.2465766,47.5526983
Car-1,2009-02-27 20:23:56,-122.2465816,47.5527233
Car-1,2009-02-27 20:23:58,-122.2465766,47.5527483
Car-1,2009-02-27 20:24:00,-122.2465749,47.5527699
Car-1,2009-02-27 20:24:02,-122.2465666,47.5527949
Car-1,2009-02-27 20:24:04,-122.2465633,47.5528183
Car-1,2009-02-27 20:24:06,-122.2465466,47.5528466
Car-1,2009-02-27 20:24:08,-122.24652,47.5528716
Car-1,2009-02-27 20:24:10,-122.2464983,47.5528966
Car-1,2009-02-27 20:24:12,-122.2464966,47.5529249
Car-1,2009-02-27 20:24:14,-122.2464883,47.5529583
Car-1,2009-02-27 20:24:16,-122.246485,47.5529916
Car-1,2009-02-27 20:24:18,-122.246485,47.5530166
Car-1,2009-02-27 20:24:20,-122.2465283,47.5530316
Car-1,2009-02-27 20:24:22,-122.2465416,47.5530483
Car-1,2009-02-27 20:24:24,-122.2465466,47.5530683
Car-1,2009-02-27 20:24:26,-122.2465616,47.5531016
Car-1,2009-02-27 20:24:28,-122.2465566,47.5531266
Car-1,2009-02-27 20:24:30,-122.246545,47.5531566
Car-1,2009-02-27 20:24:32,-122.2465333,47.5531833
Car-1,2009-02-27 20:24:34,-122.2465266,47.5532083
Car-1,2009-02-27 20:24:36,-122.2465366,47.5532366
Car-1,2009-02-27 20:24:38,-122.2465316,47.553265
Car-1,2009-02-27 20:24:40,-122.246535,47.5532849
Car-1,2009-02-27 20:24:44,-122.2465249,47.5533533
Car-1,2009-02-27 20:24:48,-122.2465116,47.55339
Car-1,2009-02-27 20:24:50,-122.2465166,47.5534099
Car-1,2009-02-27 20:24:52,-122.24651,47.55343
Car-1,2009-02-27 20:24:54,-122.2465066,47.5534199
Car-1,2009-02-27 20:24:57,-122.2464966,47.5533966
Car-1,2009-02-27 20:25:03,-122.2465016,47.5533799
Car-1,2009-02-27 20:25:05,-122.2465133,47.5534016
Car-1,2009-02-27 20:25:07,-122.2465183,47.5534216
Car-1,2009-02-27 20:25:09,-122.2465183,47.553445
Car-1,2009-02-27 20:25:13,-122.2465166,47.5534816
Car-1,2009-02-27 20:25:15,-122.2465133,47.5535066
Car-1,2009-02-27 20:25:17,-122.2465066,47.5535266
Car-1,2009-02-27 20:25:19,-122.2464916,47.5535483
Car-1,2009-02-27 20:25:21,-122.2464666,47.5535649
Car-1,2009-02-27 20:25:23,-122.2464549,47.5535916
Car-1,2009-02-27 20:25:25,-122.2464816,47.5536283
Car-1,2009-02-27 20:25:27,-122.2465033,47.5536616
Car-1,2009-02-27 20:25:29,-122.24651,47.5536983
Car-1,2009-02-27 20:25:31,-122.2465066,47.5537266
Car-1,2009-02-27 20:25:33,-122.2464866,47.5537616
Car-1,2009-02-27 20:25:35,-122.2465083,47.5537966
Car-1,2009-02-27 20:25:37,-122.2464799,47.5537932
Car-1,2009-02-27 20:25:39,-122.2464866,47.5538149
Car-1,2009-02-27 20:25:41,-122.2464966,47.5538366
Car-1,2009-02-27 20:25:43,-122.2465133,47.5538599
Car-1,2009-02-27 20:25:45,-122.2465383,47.5538766
Car-1,2009-02-27 20:25:47,-122.2465599,47.5538983
Car-1,2009-02-27 20:25:49,-122.2465999,47.5539449
Car-1,2009-02-27 20:25:53,-122.2467149,47.5540549
Car-1,2009-02-27 20:25:57,-122.2467849,47.5541349
Car-1,2009-02-27 20:26:01,-122.2467949,47.5541766
Car-1,2009-02-27 20:26:18,-122.2467849,47.554175
Car-1,2009-02-27 20:26:20,-122.2467816,47.5541949
Car-1,2009-02-27 20:26:22,-122.2467716,47.5542233
Car-1,2009-02-27 20:26:24,-122.2467633,47.554245
Car-1,2009-02-27 20:26:26,-122.2467666,47.5542649
Car-1,2009-02-27 20:26:28,-122.2467849,47.5542866
Car-1,2009-02-27 20:26:30,-122.2467949,47.5543083
Car-1,2009-02-27 20:26:32,-122.24679,47.55433
Car-1,2009-02-27 20:26:34,-122.24679,47.5543583
Car-1,2009-02-27 20:26:36,-122.24679,47.554385
Car-1,2009-02-27 20:26:38,-122.24679,47.5544083
Car-1,2009-02-27 20:26:40,-122.2467883,47.5544333
Car-1,2009-02-27 20:26:42,-122.2468099,47.5544633
Car-1,2009-02-27 20:26:44,-122.2468183,47.5544833
Car-1,2009-02-27 20:26:46,-122.2468366,47.5545049
Car-1,2009-02-27 20:26:48,-122.2468399,47.5545266
Car-1,2009-02-27 20:26:50,-122.246825,47.5545499
Car-1,2009-02-27 20:26:52,-122.2468199,47.5545766
Car-1,2009-02-27 20:26:54,-122.2468299,47.5546066
Car-1,2009-02-27 20:26:56,-122.2468333,47.5546283
Car-1,2009-02-27 20:26:58,-122.2468566,47.5546516
Car-1,2009-02-27 20:27:00,-122.2468883,47.55468
Car-1,2009-02-27 20:27:02,-122.24693,47.5547116
Car-1,2009-02-27 20:27:04,-122.2469516,47.5547433
Car-1,2009-02-27 20:27:06,-122.2469616,47.5547666
Car-1,2009-02-27 20:27:08,-122.2469849,47.5548066
Car-1,2009-02-27 20:27:10,-122.24701,47.5548182
Car-1,2009-02-27 20:27:12,-122.2470533,47.5548416
Car-1,2009-02-27 20:27:14,-122.2470649,47.5548582
Car-1,2009-02-27 20:27:16,-122.2470766,47.5548783
Car-1,2009-02-27 20:27:18,-122.2470983,47.554915
Car-1,2009-02-27 20:27:20,-122.2471133,47.5549282
Car-1,2009-02-27 20:27:22,-122.2471466,47.5549466
Car-1,2009-02-27 20:27:24,-122.2471766,47.5549683
Car-1,2009-02-27 20:27:26,-122.2472216,47.5550099
Car-1,2009-02-27 20:27:28,-122.2472549,47.5550499
Car-1,2009-02-27 20:27:30,-122.2472816,47.5550832
Car-1,2009-02-27 20:27:32,-122.2472966,47.5550966
Car-1,2009-02-27 20:27:34,-122.2473099,47.5551199
Car-1,2009-02-27 20:27:36,-122.24733,47.5551583
Car-1,2009-02-27 20:27:38,-122.2473066,47.5551716
Car-1,2009-02-27 20:27:40,-122.247315,47.5551949
Car-1,2009-02-27 20:27:42,-122.2473199,47.5552216
Car-1,2009-02-27 20:27:44,-122.2473516,47.5552566
Car-1,2009-02-27 20:27:46,-122.2473449,47.5552766
Car-1,2009-02-27 20:27:48,-122.2473483,47.555295
Car-1,2009-02-27 20:27:50,-122.2473566,47.5553133
Car-1,2009-02-27 20:27:52,-122.2473133,47.5553183
Car-1,2009-02-27 20:27:54,-122.2472966,47.5553283
Car-1,2009-02-27 20:27:56,-122.24726,47.5553466
Car-1,2009-02-27 20:27:58,-122.2472483,47.5553899
Car-1,2009-02-27 20:28:00,-122.2472383,47.5554116
Car-1,2009-02-27 20:28:02,-122.2472683,47.5554599
Car-1,2009-02-27 20:28:04,-122.2472216,47.5554766
Car-1,2009-02-27 20:28:06,-122.2472316,47.5554966
Car-1,2009-02-27 20:28:08,-122.2472533,47.5555366
Car-1,2009-02-27 20:28:10,-122.2472683,47.5555799
Car-1,2009-02-27 20:28:14,-122.24719,47.5555866
Car-1,2009-02-27 20:28:16,-122.2472033,47.5556032
Car-1,2009-02-27 20:28:18,-122.2472199,47.5556349
Car-1,2009-02-27 20:28:20,-122.247235,47.5556649
Car-1,2009-02-27 20:28:22,-122.2472666,47.5556933
Car-1,2009-02-27 20:28:24,-122.2472849,47.5557233
Car-1,2009-02-27 20:28:26,-122.2472999,47.5557483
Car-1,2009-02-27 20:28:28,-122.2473583,47.5557599
Car-1,2009-02-27 20:28:30,-122.247385,47.5557816
Car-1,2009-02-27 20:28:32,-122.2474,47.5558083
Car-1,2009-02-27 20:28:34,-122.2474299,47.5558466
Car-1,2009-02-27 20:28:38,-122.2475166,47.5558832
Car-1,2009-02-27 20:28:40,-122.2475633,47.5559016
Car-1,2009-02-27 20:28:42,-122.2476,47.5559166
Car-1,2009-02-27 20:28:44,-122.2476566,47.5559483
Car-1,2009-02-27 20:28:46,-122.2477116,47.5559833
Car-1,2009-02-27 20:28:48,-122.2477349,47.5560016
Car-1,2009-02-27 20:28:50,-122.2477633,47.5560283
Car-1,2009-02-27 20:28:52,-122.2477833,47.5560533
Car-1,2009-02-27 20:28:54,-122.247795,47.5560833
Car-1,2009-02-27 20:28:58,-122.2478033,47.5561332
Car-1,2009-02-27 20:29:00,-122.2477966,47.5561433
Car-1,2009-02-27 20:29:02,-122.2478033,47.5561566
Car-1,2009-02-27 20:29:04,-122.2478233,47.5561783
Car-1,2009-02-27 20:29:06,-122.2478116,47.5561899
Car-1,2009-02-27 20:29:08,-122.2478149,47.5561933
Car-1,2009-02-27 20:29:10,-122.2478416,47.5561816
Car-1,2009-02-27 20:29:12,-122.2478349,47.5561683
Car-1,2009-02-27 20:29:14,-122.24781,47.5561916
Car-1,2009-02-27 20:29:16,-122.2478266,47.5562249
Car-1,2009-02-27 20:29:18,-122.2478516,47.5562716
Car-1,2009-02-27 20:29:20,-122.2478599,47.5562983
Car-1,2009-02-27 20:29:22,-122.2478949,47.5563383
Car-1,2009-02-27 20:29:24,-122.2479099,47.5563649
Car-1,2009-02-27 20:29:26,-122.2479083,47.5563883
Car-1,2009-02-27 20:29:28,-122.2479066,47.5564116
Car-1,2009-02-27 20:29:30,-122.2479049,47.5564333
Car-1,2009-02-27 20:29:32,-122.2479016,47.5564533
Car-1,2009-02-27 20:29:34,-122.2479,47.5564783
Car-1,2009-02-27 20:29:36,-122.2479016,47.5565033
Car-1,2009-02-27 20:29:38,-122.2479016,47.5565266
Car-1,2009-02-27 20:29:40,-122.2479016,47.5565483
Car-1,2009-02-27 20:29:42,-122.2479099,47.55657
Car-1,2009-02-27 20:29:44,-122.2479099,47.5565883
Car-1,2009-02-27 20:29:46,-122.2479233,47.5566133
Car-1,2009-02-27 20:29:48,-122.2479183,47.5566366
Car-1,2009-02-27 20:29:50,-122.2479133,47.5566516
Car-1,2009-02-27 20:29:52,-122.2478983,47.5566682
Car-1,2009-02-27 20:29:54,-122.2479016,47.5566816
Car-1,2009-02-27 20:29:56,-122.247915,47.5566933
Car-1,2009-02-27 20:29:58,-122.247925,47.5567199
Car-1,2009-02-27 20:30:00,-122.247925,47.5567433
Car-1,2009-02-27 20:30:02,-122.247925,47.5567782
Car-1,2009-02-27 20:30:04,-122.2479266,47.5568166
Car-1,2009-02-27 20:30:08,-122.2479066,47.5568716
Car-1,2009-02-27 20:30:10,-122.2479116,47.5568866
Car-1,2009-02-27 20:30:12,-122.2479066,47.5568999
Car-1,2009-02-27 20:30:14,-122.2479016,47.5569366
Car-1,2009-02-27 20:30:18,-122.2478699,47.5570483
Car-1,2009-02-27 20:30:22,-122.2478633,47.5570866
Car-1,2009-02-27 20:30:24,-122.2478399,47.5571033
Car-1,2009-02-27 20:30:26,-122.24782,47.5571133
Car-1,2009-02-27 20:30:28,-122.2478033,47.5571116
Car-1,2009-02-27 20:30:30,-122.2477983,47.5571016
Car-1,2009-02-27 20:30:32,-122.2477999,47.5571233
Car-1,2009-02-27 20:30:34,-122.2477866,47.5571549
Car-1,2009-02-27 20:30:36,-122.247785,47.5571933
Car-1,2009-02-27 20:30:40,-122.2478016,47.5572533
Car-1,2009-02-27 20:30:42,-122.2478183,47.5572866
Car-1,2009-02-27 20:30:46,-122.2477899,47.5573349
Car-1,2009-02-27 20:30:48,-122.2477649,47.5573449
Car-1,2009-02-27 20:30:50,-122.2477549,47.5573649
Car-1,2009-02-27 20:30:52,-122.24775,47.5573916
Car-1,2009-02-27 20:30:54,-122.24774,47.5574232
Car-1,2009-02-27 20:30:56,-122.2477233,47.5574516
Car-1,2009-02-27 20:30:58,-122.2477233,47.5574849
Car-1,2009-02-27 20:31:00,-122.2477299,47.557525
Car-1,2009-02-27 20:31:02,-122.2476866,47.5575632
Car-1,2009-02-27 20:31:04,-122.2477066,47.5576016
Car-1,2009-02-27 20:31:08,-122.2477349,47.5576716
Car-1,2009-02-27 20:31:10,-122.2477349,47.5576883
Car-1,2009-02-27 20:31:12,-122.2477466,47.5577066
Car-1,2009-02-27 20:31:15,-122.2477816,47.5577182
Car-1,2009-02-27 20:31:17,-122.2478083,47.5577332
Car-1,2009-02-27 20:31:19,-122.2477933,47.5577649
Car-1,2009-02-27 20:31:21,-122.2477899,47.5577882
Car-1,2009-02-27 20:31:23,-122.2477366,47.5578116
Car-1,2009-02-27 20:31:25,-122.2477266,47.5578383
Car-1,2009-02-27 20:31:27,-122.2477299,47.5578716
Car-1,2009-02-27 20:31:29,-122.2477766,47.5578933
Car-1,2009-02-27 20:31:31,-122.2477916,47.5579282
Car-1,2009-02-27 20:31:33,-122.2477816,47.5579499
Car-1,2009-02-27 20:31:35,-122.2477783,47.5579899
Car-1,2009-02-27 20:31:37,-122.2478016,47.5580216
Car-1,2009-02-27 20:31:39,-122.24781,47.5580416
Car-1,2009-02-27 20:31:41,-122.2478049,47.5580499
Car-1,2009-02-27 20:31:43,-122.2478216,47.5580733
Car-1,2009-02-27 20:31:45,-122.2478366,47.5581016
Car-1,2009-02-27 20:31:47,-122.2478349,47.5581366
Car-1,2009-02-27 20:31:49,-122.2478616,47.5582149
Car-1,2009-02-27 20:31:51,-122.2478833,47.5582599
Car-1,2009-02-27 20:31:55,-122.2478683,47.558295
Car-1,2009-02-27 20:31:57,-122.2478783,47.5583033
Car-1,2009-02-27 20:31:59,-122.24789,47.5583583
Car-1,2009-02-27 20:32:03,-122.2479316,47.5583949
Car-1,2009-02-27 20:32:05,-122.2479416,47.5584433
Car-1,2009-02-27 20:32:09,-122.24795,47.5584933
Car-1,2009-02-27 20:32:11,-122.2479616,47.5584733
Car-1,2009-02-27 20:32:13,-122.2479666,47.5584683
Car-1,2009-02-27 20:32:15,-122.2479783,47.5584416
Car-1,2009-02-27 20:32:18,-122.2480283,47.5584416
Car-1,2009-02-27 20:32:21,-122.248055,47.5584316
Car-1,2009-02-27 20:32:23,-122.248055,47.5584299
Car-1,2009-02-27 20:32:25,-122.2480883,47.5584233
Car-1,2009-02-27 20:32:27,-122.2481166,47.5584399
Car-1,2009-02-27 20:32:29,-122.248135,47.5584416
Car-1,2009-02-27 20:32:31,-122.2481199,47.5584516
Car-1,2009-02-27 20:32:33,-122.2480733,47.5585133
Car-1,2009-02-27 20:32:35,-122.2480366,47.5585466
Car-1,2009-02-27 20:32:37,-122.2480116,47.5585783
Car-1,2009-02-27 20:32:39,-122.2480383,47.5586199
Car-1,2009-02-27 20:32:41,-122.2480499,47.5586533
Car-1,2009-02-27 20:32:43,-122.2480349,47.5586982
Car-1,2009-02-27 20:32:45,-122.2480383,47.5587566
Car-1,2009-02-27 20:32:49,-122.248065,47.5588
Car-1,2009-02-27 20:32:51,-122.24811,47.5588266
Car-1,2009-02-27 20:32:55,-122.2482599,47.5588966
Car-1,2009-02-27 20:32:57,-122.2482966,47.558925
Car-1,2009-02-27 20:32:59,-122.2483149,47.5589232
Car-1,2009-02-27 20:33:02,-122.2483399,47.5589166
Car-1,2009-02-27 20:33:04,-122.2483483,47.5589166
Car-1,2009-02-27 20:33:06,-122.2483683,47.5589166
Car-1,2009-02-27 20:33:08,-122.2483566,47.5589283
Car-1,2009-02-27 20:33:10,-122.2483616,47.5589583
Car-1,2009-02-27 20:33:12,-122.2483816,47.5589983
Car-1,2009-02-27 20:33:14,-122.248395,47.5590399
Car-1,2009-02-27 20:33:16,-122.248395,47.5590766
Car-1,2009-02-27 20:33:18,-122.2484233,47.5591133
Car-1,2009-02-27 20:33:22,-122.2484533,47.5591766
Car-1,2009-02-27 20:33:24,-122.2484566,47.5592116
Car-1,2009-02-27 20:33:26,-122.2484616,47.5592399
Car-1,2009-02-27 20:33:28,-122.2484799,47.5592549
Car-1,2009-02-27 20:33:30,-122.2485266,47.5592683
Car-1,2009-02-27 20:33:34,-122.2485716,47.5593349
Car-1,2009-02-27 20:33:36,-122.2485916,47.5593466
Car-1,2009-02-27 20:33:38,-122.24859,47.5593566
Car-1,2009-02-27 20:33:40,-122.2485683,47.559375
Car-1,2009-02-27 20:33:42,-122.2485883,47.5594
Car-1,2009-02-27 20:33:44,-122.248615,47.559415
Car-1,2009-02-27 20:33:46,-122.24864,47.5594433
Car-1,2009-02-27 20:33:48,-122.2486783,47.5594766
Car-1,2009-02-27 20:33:50,-122.2487116,47.5595133
Car-1,2009-02-27 20:33:52,-122.2487,47.5595449
Car-1,2009-02-27 20:33:54,-122.2487233,47.5596149
Car-1,2009-02-27 20:33:58,-122.2488266,47.5596666
Car-1,2009-02-27 20:34:00,-122.2488233,47.55968
Car-1,2009-02-27 20:34:02,-122.2488199,47.5596866
Car-1,2009-02-27 20:34:04,-122.2488199,47.5596966
Car-1,2009-02-27 20:34:06,-122.2488583,47.55971
Car-1,2009-02-27 20:34:08,-122.2488716,47.5597232
Car-1,2009-02-27 20:34:10,-122.2489149,47.5597583
Car-1,2009-02-27 20:34:13,-122.2489849,47.5597999
Car-1,2009-02-27 20:34:15,-122.249015,47.5597932
Car-1,2009-02-27 20:34:17,-122.2490216,47.5597916
Car-1,2009-02-27 20:34:20,-122.2490083,47.5598133
Car-1,2009-02-27 20:34:22,-122.2490066,47.5598366
Car-1,2009-02-27 20:34:24,-122.2490583,47.5598433
Car-1,2009-02-27 20:34:26,-122.2491666,47.5598916
Car-1,2009-02-27 20:34:30,-122.2491699,47.5599399
Car-1,2009-02-27 20:34:32,-122.2491949,47.5599683
Car-1,2009-02-27 20:34:36,-122.2492183,47.5600383
Car-1,2009-02-27 20:34:38,-122.2492466,47.5600666
Car-1,2009-02-27 20:34:40,-122.2493066,47.5601016
Car-1,2009-02-27 20:34:42,-122.2493449,47.5601116
Car-1,2009-02-27 20:34:44,-122.2493483,47.5601316
Car-1,2009-02-27 20:34:46,-122.249355,47.5601349
Car-1,2009-02-27 20:34:48,-122.2493883,47.5601733
Car-1,2009-02-27 20:34:51,-122.2494116,47.5601799
Car-1,2009-02-27 20:34:53,-122.2494383,47.5601949
Car-1,2009-02-27 20:34:55,-122.2494316,47.5602066
Car-1,2009-02-27 20:34:57,-122.2494483,47.5602366
Car-1,2009-02-27 20:34:59,-122.2495033,47.5603033
Car-1,2009-02-27 20:35:01,-122.249565,47.5603666
Car-1,2009-02-27 20:35:05,-122.2495349,47.5604166
Car-1,2009-02-27 20:35:07,-122.2495433,47.5604299
Car-1,2009-02-27 20:35:09,-122.2495449,47.5604266
Car-1,2009-02-27 20:35:11,-122.24954,47.5604333
Car-1,2009-02-27 20:35:13,-122.2495266,47.5604366
Car-1,2009-02-27 20:35:15,-122.2495249,47.5604383
Car-1,2009-02-27 20:35:17,-122.24953,47.5604566
Car-1,2009-02-27 20:35:19,-122.24954,47.5604782
Car-1,2009-02-27 20:35:21,-122.2495516,47.5605016
Car-1,2009-02-27 20:35:23,-122.249565,47.5605266
Car-1,2009-02-27 20:35:25,-122.2496116,47.5605482
Car-1,2009-02-27 20:35:27,-122.2496149,47.5605733
Car-1,2009-02-27 20:35:29,-122.24962,47.5606066
Car-1,2009-02-27 20:35:31,-122.2496166,47.5606383
Car-1,2009-02-27 20:35:33,-122.249625,47.5606683
Car-1,2009-02-27 20:35:35,-122.2496633,47.5606933
Car-1,2009-02-27 20:35:39,-122.249715,47.5607433
Car-1,2009-02-27 20:35:41,-122.2497566,47.5607633
Car-1,2009-02-27 20:35:43,-122.2497949,47.560775
Car-1,2009-02-27 20:35:45,-122.2498266,47.5607933
Car-1,2009-02-27 20:35:47,-122.2498516,47.5608216
Car-1,2009-02-27 20:35:49,-122.2498633,47.5608533
Car-1,2009-02-27 20:35:51,-122.2498833,47.5608866
Car-1,2009-02-27 20:35:53,-122.2499016,47.5609132
Car-1,2009-02-27 20:35:57,-122.2499199,47.5609633
Car-1,2009-02-27 20:35:59,-122.2499333,47.5609883
Car-1,2009-02-27 20:36:03,-122.2499349,47.5610166
Car-1,2009-02-27 20:36:05,-122.2499183,47.5610233
Car-1,2009-02-27 20:36:07,-122.2499383,47.5610483
Car-1,2009-02-27 20:36:11,-122.2499916,47.56111
Car-1,2009-02-27 20:36:13,-122.2500233,47.56114
Car-1,2009-02-27 20:36:15,-122.2500633,47.5611599
Car-1,2009-02-27 20:36:17,-122.2500466,47.5611999
Car-1,2009-02-27 20:36:19,-122.2500466,47.5612233
Car-1,2009-02-27 20:36:24,-122.2500749,47.5613083
Car-1,2009-02-27 20:36:28,-122.250125,47.5613683
Car-1,2009-02-27 20:36:32,-122.2502033,47.5613749
Car-1,2009-02-27 20:36:34,-122.2502233,47.5613816
Car-1,2009-02-27 20:36:37,-122.2502466,47.5614116
Car-1,2009-02-27 20:36:39,-122.2502733,47.5614333
Car-1,2009-02-27 20:36:44,-122.25029,47.5615033
Car-1,2009-02-27 20:36:48,-122.2503049,47.5615582
Car-1,2009-02-27 20:36:50,-122.2502966,47.5615866
Car-1,2009-02-27 20:36:52,-122.2503066,47.5616132
Car-1,2009-02-27 20:36:54,-122.2503199,47.5616416
Car-1,2009-02-27 20:36:56,-122.250325,47.5616649
Car-1,2009-02-27 20:36:58,-122.2503316,47.5616832
Car-1,2009-02-27 20:37:00,-122.2503366,47.5617016
Car-1,2009-02-27 20:37:02,-122.2503399,47.5617233
Car-1,2009-02-27 20:37:03,-122.2503449,47.5617349
Car-1,2009-02-27 20:37:06,-122.25036,47.561755
Car-1,2009-02-27 20:37:09,-122.25036,47.561755
Car-1,2009-02-27 20:37:11,-122.2503633,47.5617532
Car-1,2009-02-27 20:37:13,-122.2503783,47.5617716
Car-1,2009-02-27 20:37:15,-122.250395,47.5617899
Car-1,2009-02-27 20:37:17,-122.2504499,47.5618266
Car-1,2009-02-27 20:37:19,-122.250475,47.5618532
Car-1,2009-02-27 20:37:21,-122.2505183,47.5618816
Car-1,2009-02-27 20:37:25,-122.2505483,47.5619383
Car-1,2009-02-27 20:37:29,-122.2506066,47.5619699
Car-1,2009-02-27 20:37:31,-122.2506349,47.5619932
Car-1,2009-02-27 20:37:33,-122.2506666,47.5620116
Car-1,2009-02-27 20:37:35,-122.2506933,47.5620183
Car-1,2009-02-27 20:37:37,-122.2507266,47.5620233
Car-1,2009-02-27 20:37:39,-122.2507716,47.5620283
Car-1,2009-02-27 20:37:41,-122.2507983,47.5620399
Car-1,2009-02-27 20:37:45,-122.2508966,47.5620783
Car-1,2009-02-27 20:37:49,-122.2509599,47.5620816
Car-1,2009-02-27 20:37:51,-122.2510016,47.5620883
Car-1,2009-02-27 20:37:53,-122.2510133,47.5620966
Car-1,2009-02-27 20:37:55,-122.2510349,47.5621016
Car-1,2009-02-27 20:37:57,-122.2510699,47.5620933
Car-1,2009-02-27 20:37:59,-122.2511083,47.5620949
Car-1,2009-02-27 20:38:03,-122.25119,47.5621032
Car-1,2009-02-27 20:38:05,-122.2512449,47.5621116
Car-1,2009-02-27 20:38:09,-122.2513399,47.5621182
Car-1,2009-02-27 20:38:11,-122.2513983,47.5621283
Car-1,2009-02-27 20:38:15,-122.2514633,47.5621383
Car-1,2009-02-27 20:38:17,-122.2515083,47.5621433
Car-1,2009-02-27 20:38:19,-122.2515433,47.5621516
Car-1,2009-02-27 20:38:21,-122.2515616,47.5621649
Car-1,2009-02-27 20:38:32,-122.2515466,47.5621633
Car-1,2009-02-27 20:38:34,-122.25158,47.5621666
Car-1,2009-02-27 20:38:36,-122.2516116,47.5621616
Car-1,2009-02-27 20:38:38,-122.251635,47.5621649
Car-1,2009-02-27 20:38:40,-122.2516716,47.5621666
Car-1,2009-02-27 20:38:42,-122.2517116,47.56216
Car-1,2009-02-27 20:38:44,-122.2517349,47.5621566
Car-1,2009-02-27 20:38:46,-122.2517716,47.5621499
Car-1,2009-02-27 20:38:48,-122.2518049,47.5621449
Car-1,2009-02-27 20:38:50,-122.2518483,47.5621332
Car-1,2009-02-27 20:38:52,-122.2518933,47.5621233
Car-1,2009-02-27 20:38:54,-122.2519483,47.5621099
Car-1,2009-02-27 20:38:56,-122.2519916,47.5621066
Car-1,2009-02-27 20:39:00,-122.25208,47.5620616
Car-1,2009-02-27 20:39:02,-122.2521199,47.5620366
Car-1,2009-02-27 20:39:04,-122.2521766,47.5620266
Car-1,2009-02-27 20:39:06,-122.25223,47.5619966
Car-1,2009-02-27 20:39:10,-122.2522399,47.5619816
Car-1,2009-02-27 20:39:12,-122.2522499,47.5619833
Car-1,2009-02-27 20:39:14,-122.2522883,47.5620183
Car-1,2009-02-27 20:39:16,-122.2523366,47.5620183
Car-1,2009-02-27 20:39:18,-122.252375,47.5620033
Car-1,2009-02-27 20:39:20,-122.25242,47.5619699
Car-1,2009-02-27 20:39:22,-122.2524699,47.5619483
Car-1,2009-02-27 20:39:24,-122.2524849,47.5619266
Car-1,2009-02-27 20:39:26,-122.2525399,47.5619399
Car-1,2009-02-27 20:39:30,-122.2526166,47.5619283
Car-1,2009-02-27 20:39:32,-122.2526633,47.5619466
Car-1,2009-02-27 20:39:34,-122.2526766,47.5619383
Car-1,2009-02-27 20:39:36,-122.2527083,47.5619232
Car-1,2009-02-27 20:39:38,-122.252745,47.5619183
Car-1,2009-02-27 20:39:40,-122.2527783,47.5619149
Car-1,2009-02-27 20:39:42,-122.2528349,47.5619166
Car-1,2009-02-27 20:39:44,-122.2528799,47.5619183
Car-1,2009-02-27 20:39:46,-122.2529299,47.5619166
Car-1,2009-02-27 20:39:48,-122.2529549,47.5619033
Car-1,2009-02-27 20:39:50,-122.2529999,47.5618516
Car-1,2009-02-27 20:39:52,-122.2530483,47.5618199
Car-1,2009-02-27 20:39:54,-122.2530599,47.5617966
Car-1,2009-02-27 20:39:56,-122.2530566,47.5617816
Car-1,2009-02-27 20:39:58,-122.2530816,47.5618033
Car-1,2009-02-27 20:40:00,-122.2531049,47.5618283
Car-1,2009-02-27 20:40:02,-122.2531083,47.5618299
Car-1,2009-02-27 20:40:04,-122.2531566,47.5618499
Car-1,2009-02-27 20:40:06,-122.2531983,47.5618483
Car-1,2009-02-27 20:40:08,-122.2532366,47.5618416
Car-1,2009-02-27 20:40:10,-122.2532683,47.5618366
Car-1,2009-02-27 20:40:12,-122.2533049,47.5618349
Car-1,2009-02-27 20:40:16,-122.2533633,47.5618499
Car-1,2009-02-27 20:40:18,-122.25339,47.5618483
Car-1,2009-02-27 20:40:20,-122.2534333,47.5618466
Car-1,2009-02-27 20:40:22,-122.2534716,47.5618433
Car-1,2009-02-27 20:40:24,-122.2535133,47.5618366
Car-1,2009-02-27 20:40:26,-122.2535599,47.5618316
Car-1,2009-02-27 20:40:28,-122.2536016,47.5618333
Car-1,2009-02-27 20:40:30,-122.2536283,47.5618299
Car-1,2009-02-27 20:40:32,-122.2536583,47.561825
Car-1,2009-02-27 20:40:34,-122.2536783,47.5618232
Car-1,2009-02-27 20:40:36,-122.2537083,47.5618183
Car-1,2009-02-27 20:40:38,-122.2537566,47.5618216
Car-1,2009-02-27 20:40:40,-122.2537816,47.5618149
Car-1,2009-02-27 20:40:42,-122.253825,47.5618133
Car-1,2009-02-27 20:40:44,-122.2538683,47.5618066
Car-1,2009-02-27 20:40:46,-122.2539066,47.5617832
Car-1,2009-02-27 20:40:48,-122.2539283,47.5617716
Car-1,2009-02-27 20:40:50,-122.2539716,47.5617483
Car-1,2009-02-27 20:40:52,-122.2540166,47.5617466
Car-1,2009-02-27 20:40:54,-122.2540499,47.5617349
Car-1,2009-02-27 20:40:56,-122.2540849,47.5617266
Car-1,2009-02-27 20:40:58,-122.2541249,47.56174
Car-1,2009-02-27 20:41:00,-122.2541616,47.5617499
Car-1,2009-02-27 20:41:02,-122.2541966,47.5617516
Car-1,2009-02-27 20:41:04,-122.254235,47.5617499
Car-1,2009-02-27 20:41:06,-122.2542633,47.5617416
Car-1,2009-02-27 20:41:08,-122.2542833,47.5617183
Car-1,2009-02-27 20:41:10,-122.2543133,47.5617132
Car-1,2009-02-27 20:41:12,-122.2543449,47.5617016
Car-1,2009-02-27 20:41:14,-122.2543766,47.5616949
Car-1,2009-02-27 20:41:16,-122.2544183,47.5617
Car-1,2009-02-27 20:41:18,-122.2544683,47.5616982
Car-1,2009-02-27 20:41:20,-122.2545116,47.5616916
Car-1,2009-02-27 20:41:22,-122.2545516,47.5616899
Car-1,2009-02-27 20:41:24,-122.2545816,47.5616899
Car-1,2009-02-27 20:41:26,-122.25461,47.5616832
Car-1,2009-02-27 20:41:28,-122.2546399,47.56167
Car-1,2009-02-27 20:41:30,-122.2546599,47.5616483
Car-1,2009-02-27 20:41:32,-122.2546849,47.5616316
Car-1,2009-02-27 20:41:34,-122.2547116,47.5616132
Car-1,2009-02-27 20:41:36,-122.2547466,47.5615933
Car-1,2009-02-27 20:41:38,-122.2547833,47.5615783
Car-1,2009-02-27 20:41:40,-122.2548166,47.5615633
Car-1,2009-02-27 20:41:42,-122.254855,47.5615432
Car-1,2009-02-27 20:41:44,-122.2548883,47.5615216
Car-1,2009-02-27 20:41:46,-122.2549216,47.5615066
Car-1,2009-02-27 20:41:48,-122.2549533,47.5614882
Car-1,2009-02-27 20:41:50,-122.2549833,47.5614583
Car-1,2009-02-27 20:41:52,-122.2550183,47.5614466
Car-1,2009-02-27 20:41:54,-122.2550683,47.5614433
Car-1,2009-02-27 20:41:56,-122.2551033,47.5614316
Car-1,2009-02-27 20:41:58,-122.2551283,47.5614099
Car-1,2009-02-27 20:42:00,-122.2551466,47.5613833
Car-1,2009-02-27 20:42:02,-122.2551616,47.5613566
Car-1,2009-02-27 20:42:04,-122.2551716,47.5613266
Car-1,2009-02-27 20:42:08,-122.2551583,47.5612849
Car-1,2009-02-27 20:42:10,-122.2551499,47.5612616
Car-1,2009-02-27 20:42:12,-122.2551399,47.5612632
Car-1,2009-02-27 20:42:14,-122.2551499,47.5612316
Car-1,2009-02-27 20:42:16,-122.25516,47.5612033
Car-1,2009-02-27 20:42:18,-122.25517,47.5611716
Car-1,2009-02-27 20:42:20,-122.25518,47.5611349
Car-1,2009-02-27 20:42:22,-122.2551933,47.5611016
Car-1,2009-02-27 20:42:24,-122.2552066,47.5610749
Car-1,2009-02-27 20:42:26,-122.255215,47.5610499
Car-1,2009-02-27 20:42:28,-122.25522,47.5610233
Car-1,2009-02-27 20:42:30,-122.2552183,47.5610066
Car-1,2009-02-27 20:42:32,-122.2552349,47.5609766
Car-1,2009-02-27 20:42:34,-122.2552316,47.5609533
Car-1,2009-02-27 20:42:36,-122.2552366,47.5609316
Car-1,2009-02-27 20:42:38,-122.2552433,47.5609083
Car-1,2009-02-27 20:42:40,-122.2552833,47.5608649
Car-1,2009-02-27 20:42:42,-122.2553,47.5608282
Car-1,2009-02-27 20:42:44,-122.25532,47.5607816
Car-1,2009-02-27 20:42:48,-122.255325,47.56072
Car-1,2009-02-27 20:42:50,-122.255355,47.5606833
Car-1,2009-02-27 20:42:54,-122.2553316,47.5606299
Car-1,2009-02-27 20:42:56,-122.25532,47.5606066
Car-1,2009-02-27 20:42:58,-122.255325,47.5605783
Car-1,2009-02-27 20:43:00,-122.2553399,47.56055
Car-1,2009-02-27 20:43:02,-122.2553416,47.5605316
Car-1,2009-02-27 20:43:04,-122.2553416,47.5605149
Car-1,2009-02-27 20:43:06,-122.2553483,47.5604916
Car-1,2009-02-27 20:43:08,-122.2553533,47.5604666
Car-1,2009-02-27 20:43:12,-122.2553083,47.5603999
Car-1,2009-02-27 20:43:14,-122.2553566,47.5603683
Car-1,2009-02-27 20:43:16,-122.2553383,47.5603333
Car-1,2009-02-27 20:43:18,-122.2553333,47.5603049
Car-1,2009-02-27 20:43:20,-122.2553483,47.5602766
Car-1,2009-02-27 20:43:22,-122.2553533,47.5602499
Car-1,2009-02-27 20:43:24,-122.25531,47.5602216
Car-1,2009-02-27 20:43:28,-122.2552983,47.5601549
Car-1,2009-02-27 20:43:30,-122.2553183,47.5601266
Car-1,2009-02-27 20:43:32,-122.2553333,47.5601016
Car-1,2009-02-27 20:43:34,-122.2553433,47.5600833
Car-1,2009-02-27 20:43:36,-122.2553299,47.5600582
Car-1,2009-02-27 20:43:38,-122.2553399,47.5600399
Car-1,2009-02-27 20:43:40,-122.2553616,47.5600183
Car-1,2009-02-27 20:43:44,-122.2553616,47.5599683
Car-1,2009-02-27 20:43:46,-122.25538,47.5599433
Car-1,2009-02-27 20:43:48,-122.2553766,47.5599216
Car-1,2009-02-27 20:43:50,-122.2553749,47.5599032
Car-1,2009-02-27 20:43:52,-122.2554033,47.5598766
Car-1,2009-02-27 20:43:54,-122.2553849,47.5598482
Car-1,2009-02-27 20:43:56,-122.2553883,47.5598166
Car-1,2009-02-27 20:43:58,-122.255415,47.559795
Car-1,2009-02-27 20:44:00,-122.2554033,47.55978
Car-1,2009-02-27 20:44:02,-122.25539,47.5597566
Car-1,2009-02-27 20:44:04,-122.2553966,47.5597383
Car-1,2009-02-27 20:44:06,-122.2553999,47.5597216
Car-1,2009-02-27 20:44:08,-122.2553849,47.5596983
Car-1,2009-02-27 20:44:10,-122.2553716,47.5596833
Car-1,2009-02-27 20:44:12,-122.2553583,47.5596666
Car-1,2009-02-27 20:44:14,-122.2553566,47.5596483
Car-1,2009-02-27 20:44:16,-122.2553516,47.5596133
Car-1,2009-02-27 20:44:18,-122.2553383,47.5595899
Car-1,2009-02-27 20:44:20,-122.25531,47.5595682
Car-1,2009-02-27 20:44:22,-122.2552783,47.5595499
Car-1,2009-02-27 20:44:24,-122.2552683,47.5595266
Car-1,2009-02-27 20:44:26,-122.2552583,47.5595249
Car-1,2009-02-27 20:44:28,-122.2552633,47.5595066
Car-1,2009-02-27 20:44:30,-122.2552883,47.5594883
Car-1,2009-02-27 20:44:32,-122.2552949,47.5594649
Car-1,2009-02-27 20:44:34,-122.25529,47.5594416
Car-1,2009-02-27 20:44:36,-122.2552883,47.5594183
Car-1,2009-02-27 20:44:38,-122.255285,47.5594066
Car-1,2009-02-27 20:44:40,-122.2552799,47.5593833
Car-1,2009-02-27 20:44:42,-122.2552583,47.5593533
Car-1,2009-02-27 20:44:44,-122.2552433,47.5593316
Car-1,2009-02-27 20:44:46,-122.2552483,47.5593066
Car-1,2009-02-27 20:44:48,-122.25525,47.5592816
Car-1,2009-02-27 20:44:50,-122.2552449,47.5592566
Car-1,2009-02-27 20:44:52,-122.25524,47.5592299
Car-1,2009-02-27 20:44:54,-122.2552216,47.559205
Car-1,2009-02-27 20:44:56,-122.2551999,47.5591766
Car-1,2009-02-27 20:44:58,-122.2551916,47.5591633
Car-1,2009-02-27 20:45:00,-122.2551866,47.55915
Car-1,2009-02-27 20:45:02,-122.25517,47.55915
Car-1,2009-02-27 20:45:04,-122.2551616,47.5591366
Car-1,2009-02-27 20:45:06,-122.2551483,47.5591283
Car-1,2009-02-27 20:45:08,-122.2552666,47.5590749
Car-1,2009-02-27 20:45:10,-122.2552683,47.55905
Car-1,2009-02-27 20:45:14,-122.2552483,47.5590199
Car-1,2009-02-27 20:45:18,-122.2552449,47.5589666
Car-1,2009-02-27 20:45:20,-122.2552249,47.5589316
Car-1,2009-02-27 20:45:22,-122.2551849,47.5588682
Car-1,2009-02-27 20:45:26,-122.2551333,47.5588416
Car-1,2009-02-27 20:45:28,-122.2552066,47.5587949
Car-1,2009-02-27 20:45:30,-122.2552249,47.5587649
Car-1,2009-02-27 20:45:32,-122.2551833,47.5587499
Car-1,2009-02-27 20:45:34,-122.25516,47.55873
Car-1,2009-02-27 20:45:36,-122.2551383,47.5587116
Car-1,2009-02-27 20:45:38,-122.255135,47.5586899
Car-1,2009-02-27 20:45:40,-122.2551266,47.5586699
Car-1,2009-02-27 20:45:42,-122.2551149,47.5586483
Car-1,2009-02-27 20:45:44,-122.2551533,47.5586049
Car-1,2009-02-27 20:45:46,-122.255125,47.5585649
Car-1,2009-02-27 20:45:48,-122.2550816,47.5585249
Car-1,2009-02-27 20:45:52,-122.2550533,47.5584849
Car-1,2009-02-27 20:45:54,-122.2550449,47.5584733
Car-1,2009-02-27 20:45:56,-122.2550266,47.5584566
Car-1,2009-02-27 20:45:58,-122.2550149,47.5584216
Car-1,2009-02-27 20:46:02,-122.2550599,47.5583666
Car-1,2009-02-27 20:46:04,-122.2550533,47.5583333
Car-1,2009-02-27 20:46:06,-122.2550316,47.5583066
Car-1,2009-02-27 20:46:08,-122.25504,47.5582983
Car-1,2009-02-27 20:46:10,-122.2550116,47.5582699
Car-1,2009-02-27 20:46:12,-122.2549899,47.5582399
Car-1,2009-02-27 20:46:14,-122.2549766,47.5582149
Car-1,2009-02-27 20:46:16,-122.2549666,47.5581883
Car-1,2009-02-27 20:46:18,-122.254945,47.5581666
Car-1,2009-02-27 20:46:20,-122.2549299,47.5581449
Car-1,2009-02-27 20:46:22,-122.2549133,47.5581299
Car-1,2009-02-27 20:46:24,-122.2549016,47.55811
Car-1,2009-02-27 20:46:26,-122.2548966,47.5580883
Car-1,2009-02-27 20:46:28,-122.254915,47.5580233
Car-1,2009-02-27 20:46:30,-122.2549366,47.5579916
Car-1,2009-02-27 20:46:32,-122.255005,47.5579416
Car-1,2009-02-27 20:46:36,-122.2549916,47.5578949
Car-1,2009-02-27 20:46:40,-122.254915,47.5578716
Car-1,2009-02-27 20:46:44,-122.2548833,47.5578199
Car-1,2009-02-27 20:46:46,-122.2548966,47.5577882
Car-1,2009-02-27 20:46:48,-122.2548499,47.5578116
Car-1,2009-02-27 20:46:50,-122.2548566,47.5577916
Car-1,2009-02-27 20:46:52,-122.2548233,47.5577783
Car-1,2009-02-27 20:46:54,-122.2547966,47.5577566
Car-1,2009-02-27 20:46:56,-122.2547483,47.5577066
Car-1,2009-02-27 20:47:00,-122.2546166,47.5576699
Car-1,2009-02-27 20:47:04,-122.25468,47.5575749
Car-1,2009-02-27 20:47:06,-122.2547,47.5575516
Car-1,2009-02-27 20:47:08,-122.2547133,47.5575283
Car-1,2009-02-27 20:47:10,-122.2547333,47.5575216
Car-1,2009-02-27 20:47:12,-122.254725,47.5575133
Car-1,2009-02-27 20:47:14,-122.2547183,47.5574666
Car-1,2009-02-27 20:47:16,-122.2547166,47.5574216
Car-1,2009-02-27 20:47:18,-122.2547199,47.5574016
Car-1,2009-02-27 20:47:20,-122.2547,47.5574116
Car-1,2009-02-27 20:47:22,-122.2546499,47.5573933
Car-1,2009-02-27 20:47:26,-122.2546116,47.5573133
Car-1,2009-02-27 20:47:28,-122.2546133,47.5572783
Car-1,2009-02-27 20:47:30,-122.2546216,47.5572549
Car-1,2009-02-27 20:47:32,-122.2546433,47.5572266
Car-1,2009-02-27 20:47:34,-122.2546333,47.5571833
Car-1,2009-02-27 20:47:36,-122.2546566,47.5571766
Car-1,2009-02-27 20:47:38,-122.2546466,47.5571316
Car-1,2009-02-27 20:47:42,-122.254645,47.5570732
Car-1,2009-02-27 20:47:44,-122.2547033,47.5570316
Car-1,2009-02-27 20:47:46,-122.2547266,47.5570016
Car-1,2009-02-27 20:47:48,-122.2547183,47.5569933
Car-1,2009-02-27 20:47:50,-122.2546916,47.5569699
Car-1,2009-02-27 20:47:52,-122.2546783,47.5569416
Car-1,2009-02-27 20:47:54,-122.254665,47.5569166
Car-1,2009-02-27 20:47:56,-122.254665,47.5568933
Car-1,2009-02-27 20:47:58,-122.2546866,47.5568833
Car-1,2009-02-27 20:48:00,-122.2546883,47.5568616
Car-1,2009-02-27 20:48:02,-122.2546816,47.5568416
Car-1,2009-02-27 20:48:04,-122.254645,47.5568366
Car-1,2009-02-27 20:48:06,-122.2546349,47.5567983
Car-1,2009-02-27 20:48:08,-122.2546316,47.5567566
Car-1,2009-02-27 20:48:12,-122.2546666,47.5566766
Car-1,2009-02-27 20:48:16,-122.2547016,47.55664
Car-1,2009-02-27 20:48:20,-122.2547616,47.5565349
Car-1,2009-02-27 20:48:24,-122.2546966,47.5565316
Car-1,2009-02-27 20:48:26,-122.2546716,47.5565016
Car-1,2009-02-27 20:48:30,-122.2547766,47.5564349
Car-1,2009-02-27 20:48:34,-122.2547666,47.5563866
Car-1,2009-02-27 20:48:36,-122.2547799,47.5563582
Car-1,2009-02-27 20:48:40,-122.2547966,47.5563333
Car-1,2009-02-27 20:48:42,-122.2548116,47.5563149
Car-1,2009-02-27 20:48:44,-122.2548016,47.5562866
Car-1,2009-02-27 20:48:46,-122.2547916,47.55625
Car-1,2009-02-27 20:48:48,-122.2547866,47.5561666
Car-1,2009-02-27 20:48:52,-122.2547183,47.5560899
Car-1,2009-02-27 20:48:56,-122.2547233,47.55608
Car-1,2009-02-27 20:48:58,-122.2547533,47.5560583
Car-1,2009-02-27 20:49:00,-122.2547516,47.5560483
Car-1,2009-02-27 20:49:02,-122.2546966,47.5560583
Car-1,2009-02-27 20:49:06,-122.25476,47.5560049
Car-1,2009-02-27 20:49:08,-122.2547916,47.5559866
Car-1,2009-02-27 20:49:10,-122.2547549,47.5559583
Car-1,2009-02-27 20:49:14,-122.2546749,47.5559266
Car-1,2009-02-27 20:49:16,-122.254725,47.555885
Car-1,2009-02-27 20:49:18,-122.2547966,47.5558466
Car-1,2009-02-27 20:49:20,-122.2548116,47.5558066
Car-1,2009-02-27 20:49:22,-122.2547983,47.5557933
Car-1,2009-02-27 20:49:24,-122.2547933,47.5557716
Car-1,2009-02-27 20:49:26,-122.25481,47.5557516
Car-1,2009-02-27 20:49:28,-122.2548116,47.5557233
Car-1,2009-02-27 20:49:30,-122.2548066,47.5557033
Car-1,2009-02-27 20:49:32,-122.25482,47.5556783
Car-1,2009-02-27 20:49:34,-122.2548166,47.5556549
Car-1,2009-02-27 20:49:36,-122.2548083,47.5556333
Car-1,2009-02-27 20:49:38,-122.2548183,47.5556133
Car-1,2009-02-27 20:49:40,-122.2548216,47.5555849
Car-1,2009-02-27 20:49:42,-122.2548183,47.5555616
Car-1,2009-02-27 20:49:44,-122.2548116,47.5555383
Car-1,2009-02-27 20:49:46,-122.25476,47.5555182
Car-1,2009-02-27 20:49:48,-122.2547216,47.5554883
Car-1,2009-02-27 20:49:50,-122.2547299,47.5554416
Car-1,2009-02-27 20:49:52,-122.2547366,47.5553983
Car-1,2009-02-27 20:49:54,-122.2547266,47.5553733
Car-1,2009-02-27 20:49:56,-122.2547199,47.55535
Car-1,2009-02-27 20:49:58,-122.2547099,47.5553116
Car-1,2009-02-27 20:50:00,-122.2547116,47.55528
Car-1,2009-02-27 20:50:02,-122.2547266,47.5552616
Car-1,2009-02-27 20:50:04,-122.254725,47.55524
Car-1,2009-02-27 20:50:06,-122.2547283,47.5552166
Car-1,2009-02-27 20:50:08,-122.2547316,47.5551866
Car-1,2009-02-27 20:50:10,-122.2547299,47.5551649
Car-1,2009-02-27 20:50:14,-122.2547116,47.5550949
Car-1,2009-02-27 20:50:16,-122.254715,47.5550716
Car-1,2009-02-27 20:50:18,-122.254715,47.5550499
Car-1,2009-02-27 20:50:20,-122.254715,47.5550132
Car-1,2009-02-27 20:50:24,-122.2546116,47.5549549
Car-1,2009-02-27 20:50:26,-122.2545833,47.5549499
Car-1,2009-02-27 20:50:30,-122.2545133,47.5548549
Car-1,2009-02-27 20:50:34,-122.2545349,47.5547949
Car-1,2009-02-27 20:50:36,-122.25454,47.5547633
Car-1,2009-02-27 20:50:38,-122.2545433,47.5547366
Car-1,2009-02-27 20:50:40,-122.2546066,47.5547383
Car-1,2009-02-27 20:50:42,-122.25462,47.55475
Car-1,2009-02-27 20:50:44,-122.2546149,47.5547233
Car-1,2009-02-27 20:50:46,-122.2545883,47.5547016
Car-1,2009-02-27 20:50:48,-122.25455,47.5547083
Car-1,2009-02-27 20:50:55,-122.2544916,47.554735
Car-1,2009-02-27 20:50:57,-122.2543733,47.5547066
Car-1,2009-02-27 20:51:01,-122.2542833,47.5546049
Car-1,2009-02-27 20:51:05,-122.2543216,47.5544999
Car-1,2009-02-27 20:51:09,-122.2542366,47.5544899
Car-1,2009-02-27 20:51:11,-122.2542466,47.554455
Car-1,2009-02-27 20:51:13,-122.2542066,47.5544433
Car-1,2009-02-27 20:51:15,-122.2541566,47.5544466
Car-1,2009-02-27 20:51:17,-122.25413,47.554425
Car-1,2009-02-27 20:51:19,-122.2541099,47.5544066
Car-1,2009-02-27 20:51:21,-122.25407,47.5543899
Car-1,2009-02-27 20:51:23,-122.2540549,47.5543533
Car-1,2009-02-27 20:51:25,-122.254025,47.5543366
Car-1,2009-02-27 20:51:27,-122.2540049,47.5542683
Car-1,2009-02-27 20:51:31,-122.25399,47.5542166
Car-1,2009-02-27 20:51:33,-122.2540216,47.5542066
Car-1,2009-02-27 20:51:35,-122.2539933,47.5541983
Car-1,2009-02-27 20:51:37,-122.2539866,47.5541799
Car-1,2009-02-27 20:51:39,-122.2539849,47.5541466
Car-1,2009-02-27 20:51:43,-122.2539849,47.5540766
Car-1,2009-02-27 20:51:45,-122.2540199,47.5540616
Car-1,2009-02-27 20:51:47,-122.2540016,47.5540433
Car-1,2009-02-27 20:51:51,-122.2539933,47.5540249
Car-1,2009-02-27 20:51:53,-122.2539816,47.5540483
Car-1,2009-02-27 20:51:55,-122.2539683,47.5540316
Car-1,2009-02-27 20:51:57,-122.2539483,47.5540133
Car-1,2009-02-27 20:51:59,-122.2539416,47.5539933
Car-1,2009-02-27 20:52:01,-122.25394,47.5539666
Car-1,2009-02-27 20:52:03,-122.2539516,47.5539216
Car-1,2009-02-27 20:52:05,-122.2539516,47.5539033
Car-1,2009-02-27 20:52:07,-122.2539466,47.55388
Car-1,2009-02-27 20:52:09,-122.2539533,47.553865
Car-1,2009-02-27 20:52:11,-122.2539633,47.5538383
Car-1,2009-02-27 20:52:13,-122.2540066,47.5537899
Car-1,2009-02-27 20:52:17,-122.2540716,47.553685
Car-1,2009-02-27 20:52:19,-122.2540616,47.5536749
Car-1,2009-02-27 20:52:23,-122.2539799,47.5536233
Car-1,2009-02-27 20:52:25,-122.2539449,47.5536283
Car-1,2009-02-27 20:52:27,-122.2539266,47.5536333
Car-1,2009-02-27 20:52:29,-122.25393,47.5536316
Car-1,2009-02-27 20:52:31,-122.2539516,47.5535982
Car-1,2009-02-27 20:52:33,-122.253965,47.5535633
Car-1,2009-02-27 20:52:35,-122.2539766,47.5534933
Car-1,2009-02-27 20:52:39,-122.25419,47.5534582
Car-1,2009-02-27 20:52:43,-122.254305,47.5533833
Car-1,2009-02-27 20:52:47,-122.2543016,47.5533533
Car-1,2009-02-27 20:52:49,-122.2542916,47.5533699
Car-1,2009-02-27 20:52:51,-122.2542766,47.5533649
Car-1,2009-02-27 20:52:53,-122.254295,47.5533583
Car-1,2009-02-27 20:52:55,-122.254365,47.5533233
Car-1,2009-02-27 20:52:59,-122.2544399,47.5533182
Car-1,2009-02-27 20:53:03,-122.2544933,47.5532799
Car-1,2009-02-27 20:53:07,-122.2545483,47.5532383
Car-1,2009-02-27 20:53:09,-122.2545683,47.5531916
Car-1,2009-02-27 20:53:13,-122.2546149,47.5531816
Car-1,2009-02-27 20:53:15,-122.2546399,47.5531849
Car-1,2009-02-27 20:53:17,-122.254665,47.5531666
Car-1,2009-02-27 20:53:19,-122.2546883,47.5531616
Car-1,2009-02-27 20:53:21,-122.2547266,47.5531399
Car-1,2009-02-27 20:53:23,-122.25476,47.5530833
Car-1,2009-02-27 20:53:27,-122.2547799,47.553095
Car-1,2009-02-27 20:53:29,-122.2548016,47.5530749
Car-1,2009-02-27 20:53:31,-122.2548516,47.55304
Car-1,2009-02-27 20:53:35,-122.2549533,47.5529382
Car-1,2009-02-27 20:53:39,-122.2550183,47.5528666
Car-1,2009-02-27 20:53:41,-122.2550783,47.5528599
Car-1,2009-02-27 20:53:43,-122.2551066,47.5528483
Car-1,2009-02-27 20:53:45,-122.2551316,47.5528649
Car-1,2009-02-27 20:53:47,-122.2551333,47.5528649
Car-1,2009-02-27 20:53:49,-122.2552033,47.5528183
Car-1,2009-02-27 20:53:53,-122.2552099,47.5528282
Car-1,2009-02-27 20:53:55,-122.25523,47.5528216
Car-1,2009-02-27 20:53:57,-122.2552716,47.55283
Car-1,2009-02-27 20:53:59,-122.2553216,47.5528249
Car-1,2009-02-27 20:54:01,-122.255335,47.552815
Car-1,2009-02-27 20:54:03,-122.2553533,47.5527966
Car-1,2009-02-27 20:54:05,-122.2553966,47.5527466
Car-1,2009-02-27 20:54:07,-122.2554366,47.5526566
Car-1,2009-02-27 20:54:09,-122.2554516,47.5526233
Car-1,2009-02-27 20:54:11,-122.2555416,47.5526316
Car-1,2009-02-27 20:54:13,-122.2555783,47.5526433
Car-1,2009-02-27 20:54:15,-122.2556016,47.5526516
Car-1,2009-02-27 20:54:17,-122.2556433,47.5526582
Car-1,2009-02-27 20:54:19,-122.255685,47.5526483
Car-1,2009-02-27 20:54:21,-122.2557216,47.5526483
Car-1,2009-02-27 20:54:23,-122.2556966,47.5526766
Car-1,2009-02-27 20:54:25,-122.2557216,47.5526099
Car-1,2009-02-27 20:54:27,-122.2557633,47.5525916
Car-1,2009-02-27 20:54:29,-122.2558016,47.5525816
Car-1,2009-02-27 20:54:31,-122.2558366,47.5525916
Car-1,2009-02-27 20:54:33,-122.2558616,47.5525799
Car-1,2009-02-27 20:54:35,-122.2558833,47.552575
Car-1,2009-02-27 20:54:37,-122.2559183,47.5525733
Car-1,2009-02-27 20:54:39,-122.255945,47.5525833
Car-1,2009-02-27 20:54:41,-122.2559849,47.5525849
Car-1,2009-02-27 20:54:43,-122.2560299,47.5525816
Car-1,2009-02-27 20:54:45,-122.2560783,47.5525733
Car-1,2009-02-27 20:54:51,-122.2561116,47.5525666
Car-1,2009-02-27 20:54:53,-122.2561333,47.5525699
Car-1,2009-02-27 20:54:55,-122.2561599,47.5525616
Car-1,2009-02-27 20:54:58,-122.2561983,47.5525683
Car-1,2009-02-27 20:55:00,-122.2562549,47.5525533
Car-1,2009-02-27 20:55:02,-122.25632,47.5525099
Car-1,2009-02-27 20:55:04,-122.2563516,47.5524733
Car-1,2009-02-27 20:55:06,-122.2563533,47.5524266
Car-1,2009-02-27 20:55:08,-122.2563466,47.5524082
Car-1,2009-02-27 20:55:10,-122.2563583,47.5523983
Car-1,2009-02-27 20:55:12,-122.2563733,47.5523333
Car-1,2009-02-27 20:55:16,-122.2564816,47.5523433
Car-1,2009-02-27 20:55:18,-122.2564883,47.5523483
Car-1,2009-02-27 20:55:20,-122.25649,47.5522966
Car-1,2009-02-27 20:55:22,-122.2564883,47.5522733
Car-1,2009-02-27 20:55:24,-122.2565083,47.5522599
Car-1,2009-02-27 20:55:26,-122.2565266,47.5522499
Car-1,2009-02-27 20:55:28,-122.2565733,47.5522349
Car-1,2009-02-27 20:55:30,-122.2566049,47.5522349
Car-1,2009-02-27 20:55:32,-122.2566583,47.5522283
Car-1,2009-02-27 20:55:34,-122.2567166,47.5522149
Car-1,2009-02-27 20:55:36,-122.2567616,47.5521899
Car-1,2009-02-27 20:55:38,-122.2567883,47.5521766
Car-1,2009-02-27 20:55:40,-122.2568433,47.5521682
Car-1,2009-02-27 20:55:42,-122.2568749,47.5521749
Car-1,2009-02-27 20:55:44,-122.2568983,47.5521899
Car-1,2009-02-27 20:55:49,-122.2569183,47.5521983
Car-1,2009-02-27 20:55:51,-122.2569216,47.5521749
Car-1,2009-02-27 20:55:53,-122.256925,47.5521433
Car-1,2009-02-27 20:55:55,-122.2568966,47.5520916
Car-1,2009-02-27 20:55:57,-122.2568966,47.5520499
Car-1,2009-02-27 20:55:59,-122.2569033,47.5519949
Car-1,2009-02-27 20:56:01,-122.2569099,47.5519549
Car-1,2009-02-27 20:56:03,-122.2569433,47.5519249
Car-1,2009-02-27 20:56:05,-122.2569716,47.5519233
Car-1,2009-02-27 20:56:07,-122.256995,47.5519233
Car-1,2009-02-27 20:56:09,-122.257005,47.5519066
Car-1,2009-02-27 20:56:13,-122.2570583,47.5518833
Car-1,2009-02-27 20:56:15,-122.2570783,47.5518683
Car-1,2009-02-27 20:56:17,-122.2570683,47.5518233
Car-1,2009-02-27 20:56:19,-122.2570666,47.5517766
Car-1,2009-02-27 20:56:21,-122.2570816,47.5517399
Car-1,2009-02-27 20:56:23,-122.2570866,47.5517316
Car-1,2009-02-27 20:56:26,-122.2570616,47.5517299
Car-1,2009-02-27 20:56:28,-122.2570716,47.5517216
Car-1,2009-02-27 20:56:30,-122.2570783,47.5516916
Car-1,2009-02-27 20:56:32,-122.2570783,47.5516749
Car-1,2009-02-27 20:56:34,-122.2570833,47.5516583
Car-1,2009-02-27 20:56:36,-122.2570866,47.5516433
Car-1,2009-02-27 20:56:38,-122.2570766,47.55161
Car-1,2009-02-27 20:56:40,-122.2571083,47.5515616
Car-1,2009-02-27 20:56:42,-122.2571299,47.5515299
Car-1,2009-02-27 20:56:44,-122.2571616,47.5514899
Car-1,2009-02-27 20:56:46,-122.2571783,47.5514616
Car-1,2009-02-27 20:56:48,-122.257195,47.5514249
Car-1,2009-02-27 20:56:50,-122.2572033,47.5513816
Car-1,2009-02-27 20:56:54,-122.25723,47.5513366
Car-1,2009-02-27 20:56:56,-122.2572016,47.5513216
Car-1,2009-02-27 20:56:58,-122.2572033,47.5512799
Car-1,2009-02-27 20:57:00,-122.2571683,47.55126
Car-1,2009-02-27 20:57:02,-122.2570983,47.5512499
Car-1,2009-02-27 20:57:06,-122.257065,47.5512383
Car-1,2009-02-27 20:57:10,-122.2572216,47.5511149
Car-1,2009-02-27 20:57:12,-122.2572699,47.551065
Car-1,2009-02-27 20:57:16,-122.2571749,47.5510482
Car-1,2009-02-27 20:57:18,-122.2571433,47.5510516
Car-1,2009-02-27 20:57:20,-122.2570583,47.5510666
Car-1,2009-02-27 20:57:39,-122.257065,47.55112
Car-1,2009-02-27 20:57:41,-122.2570616,47.5510999
Car-1,2009-02-27 20:57:43,-122.2570683,47.5510816
Car-1,2009-02-27 20:57:45,-122.2570749,47.5510533
Car-1,2009-02-27 20:57:47,-122.2571066,47.5510216
Car-1,2009-02-27 20:57:49,-122.2571266,47.5509916
Car-1,2009-02-27 20:57:51,-122.2571649,47.5509533
Car-1,2009-02-27 20:57:55,-122.2572016,47.5508849
Car-1,2009-02-27 20:57:57,-122.2572116,47.5508549
Car-1,2009-02-27 20:57:59,-122.2572249,47.5508183
Car-1,2009-02-27 20:58:01,-122.2571883,47.5507966
Car-1,2009-02-27 20:58:03,-122.2571233,47.5507766
Car-1,2009-02-27 20:58:05,-122.2570599,47.5507583
Car-1,2009-02-27 20:58:09,-122.256935,47.5507233
Car-1,2009-02-27 20:58:11,-122.256915,47.5506982
Car-1,2009-02-27 20:58:13,-122.2569199,47.5506733
Car-1,2009-02-27 20:58:15,-122.256915,47.5506433
Car-1,2009-02-27 20:58:17,-122.2569016,47.5506249
Car-1,2009-02-27 20:58:19,-122.2568733,47.5505899
Car-1,2009-02-27 20:58:23,-122.2568616,47.5505216
Car-1,2009-02-27 20:58:25,-122.2568383,47.5504916
Car-1,2009-02-27 20:58:27,-122.2568183,47.5504582
Car-1,2009-02-27 20:58:29,-122.2567983,47.5504249
Car-1,2009-02-27 20:58:31,-122.2567799,47.5503933
Car-1,2009-02-27 20:58:33,-122.2567583,47.5503633
Car-1,2009-02-27 20:58:35,-122.2567333,47.5503366
Car-1,2009-02-27 20:58:37,-122.2567283,47.5503133
Car-1,2009-02-27 20:58:39,-122.2567166,47.5502966
Car-1,2009-02-27 20:58:41,-122.2567183,47.5502782
Car-1,2009-02-27 20:58:43,-122.2567083,47.5502699
Car-1,2009-02-27 20:58:45,-122.256705,47.5502599
Car-1,2009-02-27 20:58:47,-122.2567033,47.5502433
Car-1,2009-02-27 20:58:49,-122.2567233,47.5502199
Car-1,2009-02-27 20:58:51,-122.2567299,47.5501983
Car-1,2009-02-27 20:58:53,-122.2567899,47.5501683
Car-1,2009-02-27 20:58:55,-122.2567883,47.5501533
Car-1,2009-02-27 20:58:57,-122.2567783,47.5501299
Car-1,2009-02-27 20:58:59,-122.25676,47.5501232
Car-1,2009-02-27 20:59:01,-122.2567616,47.5500999
Car-1,2009-02-27 20:59:03,-122.2567549,47.5500833
Car-1,2009-02-27 20:59:05,-122.2567699,47.5500433
Car-1,2009-02-27 20:59:07,-122.2567833,47.5500166
Car-1,2009-02-27 20:59:09,-122.2568,47.5500033
Car-1,2009-02-27 20:59:15,-122.25682,47.5499916
Car-1,2009-02-27 20:59:17,-122.256795,47.5499783
Car-1,2009-02-27 20:59:19,-122.2567683,47.5499666
Car-1,2009-02-27 20:59:21,-122.2567333,47.5499333
Car-1,2009-02-27 20:59:23,-122.2567183,47.5499
Car-1,2009-02-27 20:59:25,-122.2566916,47.5498616
Car-1,2009-02-27 20:59:27,-122.2566666,47.5498233
Car-1,2009-02-27 20:59:31,-122.2566216,47.5497516
Car-1,2009-02-27 20:59:33,-122.2565983,47.5497216
Car-1,2009-02-27 20:59:35,-122.2565966,47.5497149
Car-1,2009-02-27 20:59:37,-122.2566083,47.5496916
Car-1,2009-02-27 20:59:39,-122.25662,47.5496766
Car-1,2009-02-27 20:59:41,-122.2566266,47.54966
Car-1,2009-02-27 20:59:43,-122.2566483,47.5496283
Car-1,2009-02-27 20:59:45,-122.2566466,47.5495799
Car-1,2009-02-27 20:59:49,-122.2566783,47.5495183
Car-1,2009-02-27 20:59:51,-122.2567066,47.5494932
Car-1,2009-02-27 20:59:53,-122.2567649,47.5494416
Car-1,2009-02-27 20:59:57,-122.2567983,47.5493916
Car-1,2009-02-27 20:59:59,-122.25681,47.5493499
Car-1,2009-02-27 21:00:03,-122.2568433,47.5493266
Car-1,2009-02-27 21:00:05,-122.2568399,47.5493316
Car-1,2009-02-27 21:00:07,-122.2568499,47.5493083
Car-1,2009-02-27 21:00:09,-122.2568566,47.5493033
Car-1,2009-02-27 21:00:11,-122.2568583,47.54931
Car-1,2009-02-27 21:00:13,-122.2568683,47.5493033
Car-1,2009-02-27 21:00:15,-122.2568866,47.5492832
Car-1,2009-02-27 21:00:17,-122.2569016,47.5492733
Car-1,2009-02-27 21:00:19,-122.2569366,47.5492266
Car-1,2009-02-27 21:00:21,-122.25697,47.5491766
Car-1,2009-02-27 21:00:23,-122.2569633,47.5491466
Car-1,2009-02-27 21:00:25,-122.2569549,47.5491216
Car-1,2009-02-27 21:00:27,-122.2569633,47.5490916
Car-1,2009-02-27 21:00:29,-122.2569783,47.5490533
Car-1,2009-02-27 21:00:31,-122.2569683,47.5490316
Car-1,2009-02-27 21:00:35,-122.256975,47.5490083
Car-1,2009-02-27 21:00:37,-122.2569933,47.5489933
Car-1,2009-02-27 21:00:39,-122.2569666,47.5490083
Car-1,2009-02-27 21:00:43,-122.2569766,47.5489949
Car-1,2009-02-27 21:00:45,-122.2569966,47.5489699
Car-1,2009-02-27 21:00:47,-122.2570166,47.5489483
Car-1,2009-02-27 21:00:49,-122.2570333,47.54892
Car-1,2009-02-27 21:00:51,-122.2570483,47.548905
Car-1,2009-02-27 21:00:53,-122.2570599,47.5488949
Car-1,2009-02-27 21:00:55,-122.2570983,47.5488683
Car-1,2009-02-27 21:00:57,-122.2571633,47.5488399
Car-1,2009-02-27 21:00:59,-122.2572149,47.5488166
Car-1,2009-02-27 21:01:01,-122.2572516,47.5488016
Car-1,2009-02-27 21:01:03,-122.2572783,47.5487983
Car-1,2009-02-27 21:01:05,-122.2573466,47.5488033
Car-1,2009-02-27 21:01:07,-122.2573966,47.5488049
Car-1,2009-02-27 21:01:09,-122.2574266,47.54878
Car-1,2009-02-27 21:01:11,-122.2574316,47.5487683
Car-1,2009-02-27 21:01:13,-122.2574449,47.5487416
Car-1,2009-02-27 21:01:15,-122.2574583,47.5487066
Car-1,2009-02-27 21:01:17,-122.2574733,47.5486966
Car-1,2009-02-27 21:01:19,-122.2575133,47.5486749
Car-1,2009-02-27 21:01:21,-122.2575266,47.5486716
Car-1,2009-02-27 21:01:23,-122.2575416,47.5486633
Car-1,2009-02-27 21:01:25,-122.25757,47.5486449
Car-1,2009-02-27 21:01:27,-122.2576166,47.5486316
Car-1,2009-02-27 21:01:29,-122.2577049,47.5486066
Car-1,2009-02-27 21:01:33,-122.2577299,47.5486016
Car-1,2009-02-27 21:01:35,-122.2577033,47.5485883
Car-1,2009-02-27 21:01:37,-122.257665,47.5485883
Car-1,2009-02-27 21:01:39,-122.2576616,47.5486183
Car-1,2009-02-27 21:01:46,-122.2576466,47.548625
Car-1,2009-02-27 21:02:16,-122.2576466,47.548625
Car-1,2009-02-27 21:02:18,-122.2576483,47.5486232
Car-1,2009-02-27 21:02:20,-122.2576383,47.5486366
Car-1,2009-02-27 21:02:22,-122.2576366,47.5486133
Car-1,2009-02-27 21:02:24,-122.2576233,47.5486082
Car-1,2009-02-27 21:02:27,-122.257605,47.5486049
Car-1,2009-02-27 21:02:29,-122.2575766,47.548595
Car-1,2009-02-27 21:02:31,-122.2575516,47.5485849
Car-1,2009-02-27 21:02:33,-122.2575049,47.5485849
Car-1,2009-02-27 21:02:35,-122.2574166,47.5486033
Car-1,2009-02-27 21:02:39,-122.2573466,47.5485883
Car-1,2009-02-27 21:02:41,-122.257325,47.5485766
Car-1,2009-02-27 21:16:41,-122.2572716,47.5487683
Car-1,2009-02-27 21:16:45,-122.2573133,47.5488799
Car-1,2009-02-27 21:16:49,-122.25745,47.5489699
Car-1,2009-02-27 21:16:53,-122.2574933,47.5491533
Car-1,2009-02-27 21:16:57,-122.2575033,47.5493733
Car-1,2009-02-27 21:17:01,-122.2575316,47.5495299
Car-1,2009-02-27 21:17:05,-122.2575783,47.5496433
Car-1,2009-02-27 21:17:09,-122.2578783,47.5497216
Car-1,2009-02-27 21:17:13,-122.2582366,47.5497266
Car-1,2009-02-27 21:17:17,-122.2584816,47.5497166
Car-1,2009-02-27 21:17:21,-122.2586633,47.5497199
Car-1,2009-02-27 21:17:25,-122.258855,47.5496266
Car-1,2009-02-27 21:17:29,-122.25893,47.5493382
Car-1,2009-02-27 21:17:35,-122.2591783,47.5488383
Car-1,2009-02-27 21:17:41,-122.259655,47.5483633
Car-1,2009-02-27 21:17:47,-122.2601633,47.5479133
Car-1,2009-02-27 21:17:53,-122.2606899,47.5474966
Car-1,2009-02-27 21:17:59,-122.2611666,47.5470949
Car-1,2009-02-27 21:18:05,-122.2616066,47.5467066
Car-1,2009-02-27 21:18:11,-122.2620516,47.5463316
Car-1,2009-02-27 21:18:17,-122.26252,47.5459332
Car-1,2009-02-27 21:18:23,-122.2630216,47.5455
Car-1,2009-02-27 21:18:29,-122.2634666,47.5450566
Car-1,2009-02-27 21:18:35,-122.2637683,47.5447216
Car-1,2009-02-27 21:18:39,-122.2638583,47.5446166
Car-1,2009-02-27 21:18:43,-122.2640016,47.5445666
Car-1,2009-02-27 21:18:47,-122.2641633,47.54442
Car-1,2009-02-27 21:18:51,-122.2641999,47.5441999
Car-1,2009-02-27 21:18:57,-122.2643383,47.5436433
Car-1,2009-02-27 21:19:03,-122.2645016,47.5428899
Car-1,2009-02-27 21:19:09,-122.2647366,47.542135
Car-1,2009-02-27 21:19:15,-122.2651949,47.5414666
Car-1,2009-02-27 21:19:21,-122.2659,47.5408366
Car-1,2009-02-27 21:19:27,-122.2666016,47.5401816
Car-1,2009-02-27 21:19:33,-122.2670199,47.5395883
Car-1,2009-02-27 21:19:39,-122.267215,47.53904
Car-1,2009-02-27 21:19:45,-122.2673166,47.5388733
Car-1,2009-02-27 21:19:49,-122.2676283,47.5388749
Car-1,2009-02-27 21:19:55,-122.2683899,47.538885
Car-1,2009-02-27 21:20:01,-122.2692133,47.5389016
Car-1,2009-02-27 21:20:07,-122.2699483,47.5389066
Car-1,2009-02-27 21:20:13,-122.2704016,47.5389249
Car-1,2009-02-27 21:20:17,-122.2705716,47.5389216
Car-1,2009-02-27 21:20:21,-122.2706233,47.5389233
Car-1,2009-02-27 21:20:25,-122.2707483,47.5387483
Car-1,2009-02-27 21:20:31,-122.2705749,47.5380499
Car-1,2009-02-27 21:20:37,-122.2703799,47.5371933
Car-1,2009-02-27 21:20:43,-122.2701883,47.5363683
Car-1,2009-02-27 21:20:49,-122.2700166,47.5355983
Car-1,2009-02-27 21:20:55,-122.2700383,47.5348299
Car-1,2009-02-27 21:21:01,-122.2700416,47.5341699
Car-1,2009-02-27 21:21:07,-122.2700283,47.5335333
Car-1,2009-02-27 21:21:13,-122.2700349,47.5327633
Car-1,2009-02-27 21:21:19,-122.2700366,47.5319166
Car-1,2009-02-27 21:21:25,-122.2700399,47.5310616
Car-1,2009-02-27 21:21:31,-122.2700549,47.5301933
Car-1,2009-02-27 21:21:37,-122.2700516,47.5294516
Car-1,2009-02-27 21:21:43,-122.2700549,47.5287983
Car-1,2009-02-27 21:21:49,-122.2700683,47.5280649
Car-1,2009-02-27 21:21:55,-122.27008,47.5273033
Car-1,2009-02-27 21:22:01,-122.2700733,47.5265283
Car-1,2009-02-27 21:22:07,-122.2700849,47.5257466
Car-1,2009-02-27 21:22:13,-122.270115,47.5249183
Car-1,2009-02-27 21:22:19,-122.2701233,47.524255
Car-1,2009-02-27 21:22:25,-122.2701266,47.5240183
Car-1,2009-02-27 21:22:29,-122.2701199,47.5239349
Car-1,2009-02-27 21:22:52,-122.2701199,47.5239349
Car-1,2009-02-27 21:22:54,-122.2701183,47.5239283
Car-1,2009-02-27 21:22:56,-122.2701199,47.5238816
Car-1,2009-02-27 21:23:00,-122.2701216,47.5236466
Car-1,2009-02-27 21:23:06,-122.2701233,47.52314
Car-1,2009-02-27 21:23:12,-122.2701383,47.5226433
Car-1,2009-02-27 21:23:18,-122.2701466,47.5220449
Car-1,2009-02-27 21:23:24,-122.2701549,47.5214166
Car-1,2009-02-27 21:23:30,-122.2701366,47.5208016
Car-1,2009-02-27 21:23:36,-122.2699566,47.5202616
Car-1,2009-02-27 21:23:42,-122.2700066,47.5198533
Car-1,2009-02-27 21:23:48,-122.2700299,47.5192733
Car-1,2009-02-27 21:23:54,-122.270025,47.5185749
Car-1,2009-02-27 21:24:00,-122.2700483,47.5179166
Car-1,2009-02-27 21:24:06,-122.2700716,47.5174233
Car-1,2009-02-27 21:24:10,-122.2700766,47.5173166
Car-1,2009-02-27 21:24:12,-122.2700766,47.5173133
Car-1,2009-02-27 21:24:14,-122.2700749,47.517285
Car-1,2009-02-27 21:24:18,-122.2700816,47.5170116
Car-1,2009-02-27 21:24:24,-122.2700766,47.516345
Car-1,2009-02-27 21:24:30,-122.27008,47.5155999
Car-1,2009-02-27 21:24:36,-122.2700783,47.5148266
Car-1,2009-02-27 21:24:42,-122.2700716,47.5142116
Car-1,2009-02-27 21:24:48,-122.2700583,47.5135066
Car-1,2009-02-27 21:24:54,-122.2700333,47.51268
Car-1,2009-02-27 21:25:00,-122.2700733,47.511845
Car-1,2009-02-27 21:25:06,-122.2701066,47.5110116
Car-1,2009-02-27 21:25:12,-122.2701266,47.51025
Car-1,2009-02-27 21:25:18,-122.2701566,47.5097383
Car-1,2009-02-27 21:25:22,-122.2701666,47.509645
Car-1,2009-02-27 21:25:26,-122.2703466,47.5095599
Car-1,2009-02-27 21:25:30,-122.270915,47.50957
Car-1,2009-02-27 21:25:36,-122.2719716,47.5094183
Car-1,2009-02-27 21:25:42,-122.2726133,47.508755
Car-1,2009-02-27 21:25:48,-122.2732366,47.5078833
Car-1,2009-02-27 21:25:54,-122.2739333,47.507165
Car-1,2009-02-27 21:26:00,-122.2748666,47.5069116
Car-1,2009-02-27 21:26:06,-122.2758349,47.5070183
Car-1,2009-02-27 21:26:12,-122.2764716,47.5073633
Car-1,2009-02-27 21:26:18,-122.2770833,47.5077783
Car-1,2009-02-27 21:26:24,-122.2777916,47.5080283
Car-1,2009-02-27 21:27:50,-122.2780783,47.5080483
Car-1,2009-02-27 21:27:52,-122.2781699,47.508035
Car-1,2009-02-27 21:27:56,-122.2784099,47.5078416
Car-1,2009-02-27 21:28:02,-122.2784366,47.5071316
Car-1,2009-02-27 21:28:08,-122.27858,47.5062333
Car-1,2009-02-27 21:28:14,-122.2789833,47.5052033
Car-1,2009-02-27 21:28:20,-122.2791133,47.5041316
Car-1,2009-02-27 21:28:26,-122.2783866,47.5031216
Car-1,2009-02-27 21:28:32,-122.2772883,47.5020416
Car-1,2009-02-27 21:28:42,-122.2756466,47.5003533
Car-1,2009-02-27 21:28:48,-122.2746449,47.4994916
Car-1,2009-02-27 21:28:54,-122.2736716,47.498625
Car-1,2009-02-27 21:29:00,-122.2724949,47.497665
Car-1,2009-02-27 21:29:10,-122.2703133,47.4959583
Car-1,2009-02-27 21:29:20,-122.2680449,47.4941499
Car-1,2009-02-27 21:29:30,-122.2659099,47.492445
Car-1,2009-02-27 21:29:40,-122.2645649,47.4903116
Car-1,2009-02-27 21:29:50,-122.2653716,47.4879683
Car-1,2009-02-27 21:30:00,-122.2675599,47.4862066
Car-1,2009-02-27 21:30:10,-122.2698033,47.4844716
Car-1,2009-02-27 21:30:21,-122.2720533,47.4824633
Car-1,2009-02-27 21:30:32,-122.2727466,47.4800749
Car-1,2009-02-27 21:30:42,-122.2718149,47.4779633
Car-1,2009-02-27 21:30:52,-122.2706349,47.4758999
Car-1,2009-02-27 21:31:02,-122.2694783,47.4735633
Car-1,2009-02-27 21:31:12,-122.2687316,47.4709066
Car-1,2009-02-27 21:31:22,-122.2680333,47.4682416
Car-1,2009-02-27 21:31:32,-122.2670916,47.4656116
Car-1,2009-02-27 21:31:42,-122.2661366,47.4636783
Car-1,2009-02-27 21:31:48,-122.265585,47.4628333
Car-1,2009-02-27 21:31:54,-122.2649949,47.4620966
Car-1,2009-02-27 21:32:00,-122.26384,47.4617116
Car-1,2009-02-27 21:32:06,-122.262675,47.4620249
Car-1,2009-02-27 21:32:12,-122.2615883,47.462435
Car-1,2009-02-27 21:32:18,-122.2603116,47.4626999
Car-1,2009-02-27 21:32:24,-122.2589433,47.4627083
Car-1,2009-02-27 21:32:30,-122.2576116,47.4624516
Car-1,2009-02-27 21:32:36,-122.2563033,47.4620966
Car-1,2009-02-27 21:32:42,-122.25489,47.46184
Car-1,2009-02-27 21:32:48,-122.2532716,47.4617716
Car-1,2009-02-27 21:32:54,-122.25174,47.4619166
Car-1,2009-02-27 21:33:00,-122.2507999,47.4621116
Car-1,2009-02-27 21:33:06,-122.2498966,47.46238
Car-1,2009-02-27 21:33:12,-122.2487266,47.46275
Car-1,2009-02-27 21:33:18,-122.2474033,47.4631716
Car-1,2009-02-27 21:33:24,-122.2459633,47.4636516
Car-1,2009-02-27 21:33:30,-122.244615,47.4640766
Car-1,2009-02-27 21:33:36,-122.2435233,47.4644216
Car-1,2009-02-27 21:33:42,-122.2424766,47.4647499
Car-1,2009-02-27 21:33:48,-122.2412783,47.4651099
Car-1,2009-02-27 21:33:54,-122.2399316,47.4655116
Car-1,2009-02-27 21:34:00,-122.2384716,47.4659483
Car-1,2009-02-27 21:34:06,-122.2369816,47.4663616
Car-1,2009-02-27 21:34:12,-122.2355249,47.4666616
Car-1,2009-02-27 21:34:18,-122.23416,47.4668516
Car-1,2009-02-27 21:34:24,-122.2330016,47.4669516
Car-1,2009-02-27 21:34:30,-122.2321666,47.4669799
Car-1,2009-02-27 21:34:36,-122.2311349,47.4670383
Car-1,2009-02-27 21:34:42,-122.2299733,47.4671183
Car-1,2009-02-27 21:34:48,-122.2286433,47.4672016
Car-1,2009-02-27 21:34:54,-122.2270333,47.4672916
Car-1,2009-02-27 21:35:00,-122.2252933,47.4673866
Car-1,2009-02-27 21:35:06,-122.2234333,47.4674833
Car-1,2009-02-27 21:35:16,-122.2201599,47.4676466
Car-1,2009-02-27 21:35:26,-122.2166966,47.46783
Car-1,2009-02-27 21:35:36,-122.2128916,47.46811
Car-1,2009-02-27 21:35:46,-122.2092933,47.46858
Car-1,2009-02-27 21:35:56,-122.2064616,47.4695616
Car-1,2009-02-27 21:36:06,-122.2045333,47.4712933
Car-1,2009-02-27 21:36:16,-122.2037033,47.4732866
Car-1,2009-02-27 21:36:26,-122.2035416,47.4756399
Car-1,2009-02-27 21:36:36,-122.2030316,47.478125
Car-1,2009-02-27 21:36:46,-122.2007716,47.4800933
Car-1,2009-02-27 21:36:56,-122.1983133,47.4819116
Car-1,2009-02-27 21:37:06,-122.1964066,47.4838999
Car-1,2009-02-27 21:37:16,-122.1945766,47.485845
Car-1,2009-02-27 21:37:26,-122.1932499,47.4878616
Car-1,2009-02-27 21:37:36,-122.19245,47.489825
Car-1,2009-02-27 21:37:42,-122.1917,47.4909116
Car-1,2009-02-27 21:37:48,-122.1914016,47.4921133
Car-1,2009-02-27 21:37:58,-122.1920949,47.4940983
Car-1,2009-02-27 21:38:08,-122.1934166,47.4959999
Car-1,2009-02-27 21:38:18,-122.1945866,47.4979383
Car-1,2009-02-27 21:38:28,-122.1955033,47.4999749
Car-1,2009-02-27 21:38:34,-122.1957449,47.5010683
Car-1,2009-02-27 21:38:40,-122.1955183,47.5017449
Car-1,2009-02-27 21:38:46,-122.1952366,47.5020133
Car-1,2009-02-27 21:38:50,-122.1952016,47.5020166
Car-1,2009-02-27 21:38:52,-122.1951899,47.5020166
Car-1,2009-02-27 21:39:06,-122.1951833,47.5019999
Car-1,2009-02-27 21:39:08,-122.1951249,47.5020383
Car-1,2009-02-27 21:39:12,-122.1950366,47.5022416
Car-1,2009-02-27 21:39:18,-122.1958116,47.5026116
Car-1,2009-02-27 21:39:24,-122.1969166,47.502745
Car-1,2009-02-27 21:39:30,-122.1978066,47.5025933
Car-1,2009-02-27 21:39:36,-122.198875,47.5022966
Car-1,2009-02-27 21:39:42,-122.1997099,47.5018966
Car-1,2009-02-27 21:39:48,-122.2003583,47.501405
Car-1,2009-02-27 21:39:54,-122.2007666,47.5011083
Car-1,2009-02-27 21:39:58,-122.201005,47.5011499
Car-1,2009-02-27 21:40:02,-122.2008683,47.5013983
Car-1,2009-02-27 21:40:08,-122.200325,47.5018416
Car-1,2009-02-27 21:40:14,-122.1999583,47.5022799
Car-1,2009-02-27 21:40:18,-122.1998649,47.5024233
Car-1,2009-02-27 21:40:22,-122.1997899,47.5025599
Car-1,2009-02-27 21:40:26,-122.1996916,47.5027533
Car-1,2009-02-27 21:40:30,-122.1995916,47.5029533
Car-1,2009-02-27 21:40:34,-122.1995466,47.5030849
Car-1,2009-02-27 21:40:36,-122.1995433,47.5031083
Car-1,2009-02-27 21:40:40,-122.1995133,47.5032183
Car-1,2009-02-27 21:40:44,-122.1994933,47.5033799
Car-1,2009-02-27 21:40:48,-122.1994516,47.5036133
Car-1,2009-02-27 21:40:54,-122.1994383,47.5040266
Car-1,2009-02-27 21:41:00,-122.1994683,47.5044816
Car-1,2009-02-27 21:41:06,-122.1996283,47.50503
Car-1,2009-02-27 21:41:12,-122.1999033,47.5055916
Car-1,2009-02-27 21:41:18,-122.2001916,47.5060899
Car-1,2009-02-27 21:41:24,-122.2003966,47.50646
Car-1,2009-02-27 21:41:30,-122.2006333,47.5068916
Car-1,2009-02-27 21:41:36,-122.2009166,47.5074466
Car-1,2009-02-27 21:41:42,-122.2011366,47.5078833
Car-1,2009-02-27 21:41:51,-122.2011766,47.507965
Car-1,2009-02-27 21:41:53,-122.20125,47.5079833
Car-1,2009-02-27 21:41:57,-122.2015616,47.5079233
Car-1,2009-02-27 21:42:01,-122.201755,47.50788
Car-1,2009-02-27 21:42:05,-122.20188,47.5079133
Car-1,2009-02-27 21:42:09,-122.2019866,47.5080966
Car-1,2009-02-27 21:42:13,-122.2020299,47.5082416
Car-1,2009-02-27 21:42:17,-122.2020999,47.5083966
Car-1,2009-02-27 21:42:21,-122.2021683,47.5085149
Car-1,2009-02-27 21:42:25,-122.2021566,47.5085733
Car-1,2009-02-27 21:42:27,-122.2021366,47.5085833
Car-1,2009-02-27 21:42:29,-122.2021233,47.5085866
Car-1,2009-02-27 21:42:31,-122.2021083,47.5085866
Car-1,2009-02-27 21:43:15,-122.2021016,47.5085866
Car-1,2009-02-27 21:43:16,-122.2020999,47.5085866
Car-1,2009-02-27 21:43:22,-122.2022616,47.5088333
Car-1,2009-02-27 21:50:44,-122.2022483,47.5087566
Car-1,2009-02-27 21:50:45,-122.2022499,47.5087516
Car-1,2009-02-27 21:50:53,-122.2021966,47.5086933
Car-1,2009-02-27 21:50:55,-122.20221,47.5086816
Car-1,2009-02-27 21:50:57,-122.2022333,47.5086733
Car-1,2009-02-27 21:50:59,-122.2022633,47.5086683
Car-1,2009-02-27 21:51:06,-122.2022666,47.5086516
Car-1,2009-02-27 21:51:10,-122.20221,47.5084966
Car-1,2009-02-27 21:51:14,-122.2021183,47.5082483
Car-1,2009-02-27 21:51:20,-122.2019766,47.5079899
Car-1,2009-02-27 21:51:24,-122.2018516,47.5079133
Car-1,2009-02-27 21:51:28,-122.2016266,47.5079866
Car-1,2009-02-27 21:51:34,-122.2013633,47.5081283
Car-1,2009-02-27 21:51:36,-122.2013066,47.50807
Car-1,2009-02-27 21:51:40,-122.2011649,47.5078666
Car-1,2009-02-27 21:51:46,-122.2008216,47.5072433
Car-1,2009-02-27 21:51:52,-122.20036,47.506705
Car-1,2009-02-27 21:51:59,-122.1999033,47.5054099
Car-1,2009-02-27 21:52:05,-122.1996516,47.5045583
Car-1,2009-02-27 21:52:11,-122.1996933,47.5037299
Car-1,2009-02-27 21:52:17,-122.199905,47.5031383
Car-1,2009-02-27 21:52:21,-122.1999683,47.5030233
Car-1,2009-02-27 21:52:25,-122.1999633,47.5029216
Car-1,2009-02-27 21:52:27,-122.1999616,47.502885
Car-1,2009-02-27 21:52:31,-122.1999983,47.5028583
Car-1,2009-02-27 21:52:35,-122.2000783,47.5025299
Car-1,2009-02-27 21:52:41,-122.2006183,47.501855
Car-1,2009-02-27 21:52:47,-122.2012266,47.5014616
Car-1,2009-02-27 21:52:51,-122.2012483,47.501385
Car-1,2009-02-27 21:52:53,-122.2012433,47.50137
Car-1,2009-02-27 21:53:06,-122.2012366,47.5013599
Car-1,2009-02-27 21:53:08,-122.20124,47.5013416
Car-1,2009-02-27 21:53:10,-122.2012366,47.501295
Car-1,2009-02-27 21:53:14,-122.2011633,47.5011033
Car-1,2009-02-27 21:53:18,-122.2009233,47.5009466
Car-1,2009-02-27 21:53:22,-122.2005799,47.5011
Car-1,2009-02-27 21:53:28,-122.1999016,47.5016133
Car-1,2009-02-27 21:53:34,-122.1989783,47.5021983
Car-1,2009-02-27 21:53:40,-122.1980149,47.5024866
Car-1,2009-02-27 21:54:06,-122.1977416,47.5025533
Car-1,2009-02-27 21:54:10,-122.19748,47.5026066
Car-1,2009-02-27 21:54:16,-122.1967683,47.5026716
Car-1,2009-02-27 21:54:22,-122.1960183,47.5025816
Car-1,2009-02-27 21:54:28,-122.19548,47.5022999
Car-1,2009-02-27 21:54:34,-122.1954383,47.5019616
Car-1,2009-02-27 21:54:40,-122.1961116,47.50198
Car-1,2009-02-27 21:54:46,-122.1963733,47.5026283
Car-1,2009-02-27 21:54:52,-122.1967016,47.5035783
Car-1,2009-02-27 21:54:58,-122.1970166,47.5046116
Car-1,2009-02-27 21:55:04,-122.1972999,47.5055799
Car-1,2009-02-27 21:55:10,-122.1975966,47.506555
Car-1,2009-02-27 21:55:16,-122.1977233,47.5075183
Car-1,2009-02-27 21:55:22,-122.1978316,47.5084599
Car-1,2009-02-27 21:55:28,-122.19794,47.5093816
Car-1,2009-02-27 21:55:34,-122.19802,47.5103033
Car-1,2009-02-27 21:55:40,-122.1980583,47.5113299
Car-1,2009-02-27 21:55:46,-122.1981233,47.512505
Car-1,2009-02-27 21:55:56,-122.1982483,47.5146966
Car-1,2009-02-27 21:56:06,-122.19836,47.5169833
Car-1,2009-02-27 21:56:16,-122.1983383,47.5192866
Car-1,2009-02-27 21:56:26,-122.1980933,47.5216383
Car-1,2009-02-27 21:56:36,-122.1978833,47.5241583
Car-1,2009-02-27 21:56:46,-122.197635,47.5267516
Car-1,2009-02-27 21:56:56,-122.197715,47.5293116
Car-1,2009-02-27 21:57:06,-122.1976333,47.5317866
Car-1,2009-02-27 21:57:16,-122.1964249,47.5339766
Car-1,2009-02-27 21:57:26,-122.1951033,47.536095
Car-1,2009-02-27 21:57:36,-122.1944783,47.5384433
Car-1,2009-02-27 21:57:46,-122.195175,47.5408316
Car-1,2009-02-27 21:57:56,-122.195505,47.54337
Car-1,2009-02-27 21:58:06,-122.1953883,47.5458966
Car-1,2009-02-27 21:58:16,-122.1952599,47.5481983
Car-1,2009-02-27 21:58:26,-122.1948416,47.5502233
Car-1,2009-02-27 21:58:36,-122.1936116,47.5521099
Car-1,2009-02-27 21:58:46,-122.1920583,47.553965
Car-1,2009-02-27 21:58:56,-122.1906083,47.5556833
Car-1,2009-02-27 21:59:02,-122.1899666,47.5564399
Car-1,2009-02-27 21:59:08,-122.1896516,47.5567583
Car-1,2009-02-27 21:59:12,-122.1896416,47.556725
Car-1,2009-02-27 21:59:14,-122.1896333,47.5567382
Car-1,2009-02-27 21:59:18,-122.1898483,47.5569099
Car-1,2009-02-27 21:59:24,-122.1906133,47.5571483
Car-1,2009-02-27 21:59:28,-122.1908683,47.55723
Car-1,2009-02-27 21:59:32,-122.1909833,47.5572749
Car-1,2009-02-27 21:59:34,-122.1910299,47.5572966
Car-1,2009-02-27 21:59:38,-122.1910299,47.5574616
Car-1,2009-02-27 21:59:42,-122.1908233,47.5577683
Car-1,2009-02-27 21:59:48,-122.1903183,47.5583883
Car-1,2009-02-27 21:59:54,-122.1896366,47.5590366
Car-1,2009-02-27 22:00:00,-122.1890916,47.5595983
Car-1,2009-02-27 22:00:06,-122.1885333,47.5602083
Car-1,2009-02-27 22:00:12,-122.1881933,47.5608783
Car-1,2009-02-27 22:00:18,-122.1880266,47.5615383
Car-1,2009-02-27 22:00:24,-122.1878066,47.5620266
Car-1,2009-02-27 22:00:30,-122.1876633,47.5624933
Car-1,2009-02-27 22:00:34,-122.1875983,47.5627749
Car-1,2009-02-27 22:00:40,-122.1874783,47.563295
Car-1,2009-02-27 22:00:46,-122.1873549,47.5636949
Car-1,2009-02-27 22:00:50,-122.1873233,47.5638516
Car-1,2009-02-27 22:00:54,-122.1874199,47.5640083
Car-1,2009-02-27 22:00:58,-122.1875116,47.5641049
Car-1,2009-02-27 22:01:02,-122.1875666,47.564265
Car-1,2009-02-27 22:01:06,-122.1875183,47.5645333
Car-1,2009-02-27 22:01:12,-122.187485,47.5650366
Car-1,2009-02-27 22:01:18,-122.1877966,47.5653916
Car-1,2009-02-27 22:01:24,-122.1883016,47.5655232
Car-1,2009-02-27 22:01:28,-122.1886616,47.5655683
Car-1,2009-02-27 22:01:32,-122.1887983,47.5655416
Car-1,2009-02-27 22:01:34,-122.1888266,47.5655449
Car-1,2009-02-27 22:01:36,-122.1888383,47.5655616
Car-1,2009-02-27 22:01:38,-122.1888466,47.5655866
Car-1,2009-02-27 22:01:40,-122.18883,47.5656233
Car-1,2009-02-27 22:01:44,-122.1887466,47.5657099
Car-1,2009-02-27 22:01:48,-122.1887083,47.565805
Car-1,2009-02-27 22:01:52,-122.1886933,47.5658866
Car-1,2009-02-27 22:01:56,-122.1887533,47.5659183
Car-1,2009-02-27 22:02:36,-122.1888016,47.5659116
Car-1,2009-02-27 22:02:38,-122.1888133,47.565905
Car-1,2009-02-27 22:02:40,-122.1888149,47.5659032
Car-1,2009-02-27 22:02:42,-122.1888283,47.5659099
Car-1,2009-02-27 22:02:45,-122.1888433,47.5659216
Car-1,2009-02-27 22:02:47,-122.1888333,47.565945
Car-1,2009-02-27 22:02:48,-122.1888316,47.5659516
Car-1,2009-02-27 22:02:49,-122.1888599,47.5659816
Car-1,2009-02-27 22:02:53,-122.18876,47.5659933
Car-1,2009-02-27 22:02:55,-122.1887116,47.5659549
Car-1,2009-02-27 22:02:57,-122.1887033,47.5660016
Car-1,2009-02-27 22:02:59,-122.1887516,47.5660483
Car-1,2009-02-27 22:03:01,-122.1887783,47.5660333
Car-1,2009-02-27 22:03:03,-122.18881,47.56603
Car-1,2009-02-27 22:03:05,-122.1888416,47.5660199
Car-1,2009-02-27 22:03:07,-122.1888833,47.5660166
Car-1,2009-02-27 22:03:09,-122.1889099,47.5660099
Car-1,2009-02-27 22:03:11,-122.1889466,47.5660066
Car-1,2009-02-27 22:03:13,-122.1889866,47.5660116
Car-1,2009-02-27 22:03:15,-122.1890249,47.5660233
Car-1,2009-02-27 22:03:17,-122.1890716,47.5660316
Car-1,2009-02-27 22:03:19,-122.1891133,47.5660383
Car-1,2009-02-27 22:03:21,-122.1891449,47.566045
Car-1,2009-02-27 22:03:23,-122.1891766,47.566045
Car-1,2009-02-27 22:03:25,-122.1892133,47.5660466
Car-1,2009-02-27 22:03:29,-122.1892733,47.5660549
Car-1,2009-02-27 22:03:31,-122.1892916,47.5660583
Car-1,2009-02-27 22:03:36,-122.1892916,47.5660583
Car-1,2009-02-27 22:03:38,-122.1893,47.5660599
Car-1,2009-02-27 22:03:40,-122.1893033,47.5660499
Car-1,2009-02-27 22:03:42,-122.1893116,47.566045
Car-1,2009-02-27 22:03:44,-122.1893299,47.5660399
Car-1,2009-02-27 22:03:46,-122.1893633,47.5660399
Car-1,2009-02-27 22:03:48,-122.1894016,47.566045
Car-1,2009-02-27 22:03:52,-122.1894783,47.5660599
Car-1,2009-02-27 22:03:56,-122.1895283,47.5660832
Car-1,2009-02-27 22:03:58,-122.1895549,47.5660966
Car-1,2009-02-27 22:04:00,-122.1895916,47.5661016
Car-1,2009-02-27 22:04:02,-122.1896233,47.5661049
Car-1,2009-02-27 22:04:04,-122.1896566,47.5661116
Car-1,2009-02-27 22:04:06,-122.1896983,47.5661132
Car-1,2009-02-27 22:04:08,-122.189755,47.5661083
Car-1,2009-02-27 22:04:10,-122.1897783,47.5661099
Car-1,2009-02-27 22:04:12,-122.1898166,47.566115
Car-1,2009-02-27 22:04:14,-122.1898583,47.566115
Car-1,2009-02-27 22:04:16,-122.1899116,47.5661166
Car-1,2009-02-27 22:04:18,-122.1899466,47.5661116
Car-1,2009-02-27 22:04:20,-122.1899933,47.5661049
Car-1,2009-02-27 22:04:22,-122.1900316,47.5660966
Car-1,2009-02-27 22:04:24,-122.1900699,47.566085
Car-1,2009-02-27 22:04:26,-122.1901116,47.5660899
Car-1,2009-02-27 22:04:28,-122.1901516,47.5660982
Car-1,2009-02-27 22:04:30,-122.1901783,47.5660966
Car-1,2009-02-27 22:04:32,-122.1902199,47.5660916
Car-1,2009-02-27 22:04:34,-122.1902666,47.5660949
Car-1,2009-02-27 22:04:36,-122.1902966,47.5660982
Car-1,2009-02-27 22:04:38,-122.1903333,47.5660916
Car-1,2009-02-27 22:04:42,-122.1903933,47.5660916
Car-1,2009-02-27 22:04:44,-122.1904399,47.566085
Car-1,2009-02-27 22:04:46,-122.1904649,47.5660916
Car-1,2009-02-27 22:04:48,-122.1904866,47.5660933
Car-1,2009-02-27 22:04:50,-122.1904916,47.5660899
Car-1,2009-02-27 22:04:52,-122.1904999,47.566085
Car-1,2009-02-27 22:04:54,-122.1905249,47.5660749
Car-1,2009-02-27 22:04:56,-122.1905533,47.5660733
Car-1,2009-02-27 22:04:58,-122.1905683,47.5660749
Car-1,2009-02-27 22:05:00,-122.1905899,47.5660783
Car-1,2009-02-27 22:05:02,-122.1906266,47.5660832
Car-1,2009-02-27 22:05:04,-122.19066,47.5660899
Car-1,2009-02-27 22:05:06,-122.190695,47.5660966
Car-1,2009-02-27 22:05:08,-122.1907416,47.5660982
Car-1,2009-02-27 22:05:10,-122.1907816,47.5660933
Car-1,2009-02-27 22:05:12,-122.1908149,47.5660866
Car-1,2009-02-27 22:05:14,-122.1908383,47.566085
Car-1,2009-02-27 22:05:16,-122.1908783,47.5660883
Car-1,2009-02-27 22:05:20,-122.1909033,47.5661333
Car-1,2009-02-27 22:05:22,-122.1909016,47.5661583
Car-1,2009-02-27 22:05:24,-122.1909299,47.5661766
Car-1,2009-02-27 22:05:26,-122.1909616,47.5661899
Car-1,2009-02-27 22:05:28,-122.1909966,47.5662016
Car-1,2009-02-27 22:05:30,-122.191045,47.5662166
Car-1,2009-02-27 22:05:32,-122.1910766,47.566225
Car-1,2009-02-27 22:05:34,-122.1911099,47.5662316
Car-1,2009-02-27 22:05:36,-122.19115,47.5662316
Car-1,2009-02-27 22:05:38,-122.1911883,47.5662316
Car-1,2009-02-27 22:05:40,-122.19122,47.5662316
Car-1,2009-02-27 22:05:42,-122.191245,47.5662283
Car-1,2009-02-27 22:05:44,-122.1912683,47.5662266
Car-1,2009-02-27 22:05:46,-122.1913033,47.5662199
Car-1,2009-02-27 22:05:48,-122.1913333,47.5662116
Car-1,2009-02-27 22:05:50,-122.1913683,47.5662066
Car-1,2009-02-27 22:05:52,-122.1913999,47.5662033
Car-1,2009-02-27 22:05:54,-122.1914283,47.5661966
Car-1,2009-02-27 22:05:56,-122.1914566,47.5661916
Car-1,2009-02-27 22:05:58,-122.1914783,47.5661816
Car-1,2009-02-27 22:06:00,-122.1914983,47.5661783
Car-1,2009-02-27 22:06:03,-122.1915183,47.5661733
Car-1,2009-02-27 22:06:05,-122.1915366,47.5661749
Car-1,2009-02-27 22:06:19,-122.1915366,47.5661749
Car-1,2009-02-27 22:06:21,-122.1915416,47.5661816
Car-1,2009-02-27 22:06:29,-122.1915233,47.5661682
Car-1,2009-02-27 22:06:31,-122.1915166,47.5661499
Car-1,2009-02-27 22:06:33,-122.1915049,47.5661283
Car-1,2009-02-27 22:06:35,-122.1914716,47.566155
Car-1,2009-02-27 22:06:37,-122.1914249,47.5662166
Car-1,2009-02-27 22:06:41,-122.1913133,47.5662833
Car-1,2009-02-27 22:06:43,-122.1912583,47.5662816
Car-1,2009-02-27 22:06:47,-122.1911833,47.5663033
Car-1,2009-02-27 22:06:51,-122.1910999,47.5662766
Car-1,2009-02-27 22:06:55,-122.1909616,47.5662382
Car-1,2009-02-27 22:06:59,-122.1909233,47.5662083
Car-1,2009-02-27 22:07:01,-122.190915,47.5661999
Car-1,2009-02-27 22:07:03,-122.1909033,47.5661799
Car-1,2009-02-27 22:07:05,-122.1909183,47.566185
Car-1,2009-02-27 22:07:07,-122.1909033,47.5661799
Car-1,2009-02-27 22:07:09,-122.1908933,47.5661766
Car-1,2009-02-27 22:07:11,-122.1908733,47.56617
Car-1,2009-02-27 22:07:13,-122.1908433,47.5661616
Car-1,2009-02-27 22:07:15,-122.1908116,47.5661532
Car-1,2009-02-27 22:07:17,-122.1907799,47.5661449
Car-1,2009-02-27 22:07:19,-122.1907449,47.5661449
Car-1,2009-02-27 22:07:21,-122.1907083,47.5661466
Car-1,2009-02-27 22:07:23,-122.1906733,47.5661483
Car-1,2009-02-27 22:07:25,-122.1906333,47.5661483
Car-1,2009-02-27 22:07:27,-122.1905949,47.5661583
Car-1,2009-02-27 22:07:29,-122.1905633,47.56617
Car-1,2009-02-27 22:07:31,-122.1905316,47.5661832
Car-1,2009-02-27 22:07:33,-122.1904916,47.5661999
Car-1,2009-02-27 22:07:35,-122.1904533,47.5662133
Car-1,2009-02-27 22:07:37,-122.190425,47.5662333
Car-1,2009-02-27 22:07:39,-122.19041,47.5662633
Car-1,2009-02-27 22:07:41,-122.19039,47.5663049
Car-1,2009-02-27 22:07:43,-122.1903716,47.5663266
Car-1,2009-02-27 22:07:45,-122.1903516,47.5663433
Car-1,2009-02-27 22:07:47,-122.1903516,47.5663749
Car-1,2009-02-27 22:07:49,-122.1903333,47.5663849
Car-1,2009-02-27 22:07:51,-122.1903099,47.5664033
Car-1,2009-02-27 22:07:53,-122.1902933,47.5664083
Car-1,2009-02-27 22:07:55,-122.1902883,47.5664399
Car-1,2009-02-27 22:07:57,-122.1902816,47.5664533
Car-1,2009-02-27 22:07:59,-122.19025,47.5664716
Car-1,2009-02-27 22:08:01,-122.1902099,47.5664849
Car-1,2009-02-27 22:08:03,-122.1901749,47.5664983
Car-1,2009-02-27 22:08:05,-122.1901349,47.5665099
Car-1,2009-02-27 22:08:07,-122.1900866,47.5665066
Car-1,2009-02-27 22:08:09,-122.1900366,47.5664833
Car-1,2009-02-27 22:08:11,-122.1900049,47.5664566
Car-1,2009-02-27 22:08:13,-122.1899749,47.5664266
Car-1,2009-02-27 22:08:15,-122.1899533,47.5663983
Car-1,2009-02-27 22:08:19,-122.1899383,47.5663699
Car-1,2009-02-27 22:08:21,-122.1899366,47.5663549
Car-1,2009-02-27 22:08:23,-122.18992,47.5663232
Car-1,2009-02-27 22:08:25,-122.1899166,47.5662983
Car-1,2009-02-27 22:08:27,-122.1899183,47.5662783
Car-1,2009-02-27 22:08:29,-122.1899016,47.5662566
Car-1,2009-02-27 22:08:32,-122.189875,47.5662183
Car-1,2009-02-27 22:08:34,-122.1898616,47.5661916
Car-1,2009-02-27 22:08:36,-122.1898433,47.5661716
Car-1,2009-02-27 22:08:38,-122.1898199,47.5661532
Car-1,2009-02-27 22:08:40,-122.1897916,47.5661349
Car-1,2009-02-27 22:08:42,-122.1897583,47.5661233
Car-1,2009-02-27 22:08:44,-122.1897233,47.5661132
Car-1,2009-02-27 22:08:46,-122.1896916,47.5661099
Car-1,2009-02-27 22:08:48,-122.1896599,47.5661099
Car-1,2009-02-27 22:08:50,-122.1896283,47.5661132
Car-1,2009-02-27 22:08:52,-122.1895966,47.566115
Car-1,2009-02-27 22:08:54,-122.1895483,47.5661183
Car-1,2009-02-27 22:08:56,-122.1895133,47.5661299
Car-1,2009-02-27 22:08:58,-122.1894733,47.56614
Car-1,2009-02-27 22:09:00,-122.1894316,47.566155
Car-1,2009-02-27 22:09:02,-122.1893933,47.5661783
Car-1,2009-02-27 22:09:04,-122.1893633,47.5661966
Car-1,2009-02-27 22:09:06,-122.1893433,47.5662066
Car-1,2009-02-27 22:09:08,-122.1893016,47.5662033
Car-1,2009-02-27 22:09:10,-122.1892516,47.5661766
Car-1,2009-02-27 22:09:12,-122.1892166,47.5661566
Car-1,2009-02-27 22:09:14,-122.1891883,47.5661349
Car-1,2009-02-27 22:09:16,-122.1891733,47.5661083
Car-1,2009-02-27 22:09:18,-122.1891666,47.5660832
Car-1,2009-02-27 22:09:20,-122.18916,47.5660583
Car-1,2009-02-27 22:09:22,-122.1891416,47.5660383
Car-1,2009-02-27 22:09:24,-122.1891099,47.5660282
Car-1,2009-02-27 22:09:26,-122.1890766,47.5660199
Car-1,2009-02-27 22:09:28,-122.1890433,47.5660166
Car-1,2009-02-27 22:09:30,-122.1890049,47.5660166
Car-1,2009-02-27 22:09:32,-122.1889699,47.5660183
Car-1,2009-02-27 22:09:34,-122.1889266,47.5660183
Car-1,2009-02-27 22:09:36,-122.1888816,47.5660166
Car-1,2009-02-27 22:09:38,-122.1888399,47.5660249
Car-1,2009-02-27 22:09:40,-122.1887916,47.5660066
Car-1,2009-02-27 22:09:42,-122.1887433,47.5659866
Car-1,2009-02-27 22:09:44,-122.1887083,47.5659883
Car-1,2009-02-27 22:09:46,-122.1886883,47.5659833
Car-1,2009-02-27 22:09:48,-122.18867,47.565975
Car-1,2009-02-27 22:09:50,-122.188655,47.5659616
Car-1,2009-02-27 22:09:52,-122.188655,47.565945
Car-1,2009-02-27 22:09:54,-122.1886566,47.5659249
Car-1,2009-02-27 22:09:56,-122.18867,47.5659083
Car-1,2009-02-27 22:09:58,-122.18869,47.5658916
Car-1,2009-02-27 22:10:00,-122.1887266,47.5658816
Car-1,2009-02-27 22:10:02,-122.1887466,47.565875
Car-1,2009-02-27 22:10:04,-122.1887616,47.5658816
Car-1,2009-02-27 22:10:06,-122.1887766,47.5658833
Car-1,2009-02-27 22:11:32,-122.1887766,47.5658833
Car-1,2009-02-27 22:11:34,-122.1887816,47.56589
Car-1,2009-02-27 22:11:35,-122.1887716,47.5658866
Car-1,2009-02-27 22:11:51,-122.1887716,47.5658866
Car-1,2009-02-27 22:11:53,-122.1887716,47.5658882
Car-1,2009-02-27 22:11:55,-122.1887416,47.56589
Car-1,2009-02-27 22:12:01,-122.1887233,47.5658933
Car-1,2009-02-27 22:12:03,-122.1887416,47.5658732
Car-1,2009-02-27 22:12:05,-122.1887366,47.5658182
Car-1,2009-02-27 22:12:09,-122.1887116,47.5656666
Car-1,2009-02-27 22:12:13,-122.1888183,47.5655416
Car-1,2009-02-27 22:12:17,-122.1887216,47.5654183
Car-1,2009-02-27 22:12:21,-122.1884633,47.5653599
Car-1,2009-02-27 22:12:25,-122.18813,47.5653433
Car-1,2009-02-27 22:12:29,-122.1878016,47.5652633
Car-1,2009-02-27 22:12:33,-122.1875116,47.5649833
Car-1,2009-02-27 22:12:39,-122.1875433,47.56443
Car-1,2009-02-27 22:12:45,-122.1875583,47.5640433
Car-1,2009-02-27 22:12:49,-122.1874249,47.5639016
Car-1,2009-02-27 22:12:53,-122.1873233,47.5637149
Car-1,2009-02-27 22:12:57,-122.1874566,47.5633349
Car-1,2009-02-27 22:13:03,-122.1875983,47.5626316
Car-1,2009-02-27 22:13:09,-122.1878133,47.5620183
Car-1,2009-02-27 22:13:15,-122.1881033,47.5613166
Car-1,2009-02-27 22:13:21,-122.1883083,47.5606366
Car-1,2009-02-27 22:13:27,-122.1886733,47.5600083
Car-1,2009-02-27 22:13:33,-122.1892433,47.55943
Car-1,2009-02-27 22:13:39,-122.1898099,47.5588583
Car-1,2009-02-27 22:13:45,-122.190375,47.5582733
Car-1,2009-02-27 22:13:51,-122.190855,47.5576916
Car-1,2009-02-27 22:13:57,-122.1910849,47.557285
Car-1,2009-02-27 22:14:01,-122.1908916,47.5571566
Car-1,2009-02-27 22:14:05,-122.1905699,47.5570666
Car-1,2009-02-27 22:14:11,-122.1899233,47.556865
Car-1,2009-02-27 22:14:17,-122.189475,47.5568833
Car-1,2009-02-27 22:14:23,-122.1891916,47.5574649
Car-1,2009-02-27 22:14:29,-122.1887933,47.5582683
Car-1,2009-02-27 22:14:35,-122.1882666,47.5591083
Car-1,2009-02-27 22:14:41,-122.1876116,47.5601199
Car-1,2009-02-27 22:14:47,-122.1870949,47.5612383
Car-1,2009-02-27 22:14:53,-122.1867399,47.5624583
Car-1,2009-02-27 22:15:03,-122.1858833,47.5645099
Car-1,2009-02-27 22:15:13,-122.1837283,47.5659016
Car-1,2009-02-27 22:15:23,-122.1810833,47.5667949
Car-1,2009-02-27 22:15:29,-122.1797633,47.5675916
Car-1,2009-02-27 22:15:39,-122.17831,47.5694466
Car-1,2009-02-27 22:15:49,-122.1771599,47.5713966
Car-1,2009-02-27 22:15:59,-122.1760033,47.573415
Car-1,2009-02-27 22:16:09,-122.1746966,47.5755483
Car-1,2009-02-27 22:16:19,-122.1738799,47.5775882
Car-1,2009-02-27 22:16:29,-122.1735533,47.5794899
Car-1,2009-02-27 22:16:40,-122.1755016,47.5807966
Car-1,2009-02-27 22:16:46,-122.1768499,47.5808583
Car-1,2009-02-27 22:16:52,-122.1780949,47.5807132
Car-1,2009-02-27 22:16:58,-122.1796299,47.5805732
Car-1,2009-02-27 22:17:04,-122.1813416,47.5804116
Car-1,2009-02-27 22:17:14,-122.1842816,47.5800366
Car-1,2009-02-27 22:17:20,-122.1859516,47.5799833
Car-1,2009-02-27 22:17:26,-122.1872249,47.58056
Car-1,2009-02-27 22:17:32,-122.1876433,47.5816516
Car-1,2009-02-27 22:17:38,-122.1879366,47.5827983
Car-1,2009-02-27 22:17:44,-122.1886783,47.5838349
Car-1,2009-02-27 22:17:50,-122.1896599,47.5847483
Car-1,2009-02-27 22:17:56,-122.1905483,47.5856433
Car-1,2009-02-27 22:18:02,-122.1911066,47.5862599
Car-1,2009-02-27 22:18:08,-122.1913883,47.58695
Car-1,2009-02-27 22:18:14,-122.1916016,47.5877666
Car-1,2009-02-27 22:18:20,-122.1918916,47.5887699
Car-1,2009-02-27 22:18:26,-122.1923216,47.5898383
Car-1,2009-02-27 22:18:32,-122.193,47.5908366
Car-1,2009-02-27 22:18:38,-122.1937233,47.5918433
Car-1,2009-02-27 22:18:44,-122.1943399,47.5927066
Car-1,2009-02-27 22:18:50,-122.1946299,47.5930766
Car-1,2009-02-27 22:18:54,-122.1946866,47.5931633
Car-1,2009-02-27 22:18:56,-122.1946966,47.5931849
Car-1,2009-02-27 22:18:58,-122.1947083,47.5931966
Car-1,2009-02-27 22:19:00,-122.1947216,47.593215
Car-1,2009-02-27 22:19:05,-122.1947216,47.593215
Car-1,2009-02-27 22:19:07,-122.19473,47.5932216
Car-1,2009-02-27 22:19:09,-122.1947399,47.5932366
Car-1,2009-02-27 22:19:11,-122.1947616,47.5932666
Car-1,2009-02-27 22:19:15,-122.1949349,47.5934599
Car-1,2009-02-27 22:19:21,-122.195365,47.5938683
Car-1,2009-02-27 22:19:27,-122.1961199,47.59424
Car-1,2009-02-27 22:19:33,-122.1967633,47.5946316
Car-1,2009-02-27 22:19:39,-122.197305,47.5952566
Car-1,2009-02-27 22:19:45,-122.1978366,47.5958999
Car-1,2009-02-27 22:19:51,-122.1981733,47.5962949
Car-1,2009-02-27 22:19:55,-122.1982483,47.5964449
Car-1,2009-02-27 22:19:59,-122.1982616,47.5964916
Car-1,2009-02-27 22:20:01,-122.198255,47.5964916
Car-1,2009-02-27 22:20:03,-122.1982533,47.5965016
Car-1,2009-02-27 22:20:05,-122.1982799,47.596535
Car-1,2009-02-27 22:20:09,-122.1985649,47.5965916
Car-1,2009-02-27 22:20:13,-122.1989016,47.5965333
Car-1,2009-02-27 22:20:17,-122.1993383,47.59655
Car-1,2009-02-27 22:20:23,-122.2002483,47.596635
Car-1,2009-02-27 22:20:29,-122.201275,47.5966733
Car-1,2009-02-27 22:20:35,-122.2018233,47.5966882
Car-1,2009-02-27 22:20:39,-122.2019933,47.5967083
Car-1,2009-02-27 22:20:43,-122.2024249,47.59672
Car-1,2009-02-27 22:20:49,-122.20331,47.5967083
Car-1,2009-02-27 22:20:55,-122.20427,47.5966999
Car-1,2009-02-27 22:21:01,-122.2051583,47.5967133
Car-1,2009-02-27 22:21:07,-122.2057133,47.5966833
Car-1,2009-02-27 22:21:13,-122.2066033,47.5967433
Car-1,2009-02-27 22:21:19,-122.2071216,47.5967732
Car-1,2009-02-27 22:21:23,-122.2072116,47.5968033
Car-1,2009-02-27 22:21:27,-122.2072499,47.5969716
Car-1,2009-02-27 22:21:31,-122.2072066,47.5972233
Car-1,2009-02-27 22:21:37,-122.2070733,47.5976249
Car-1,2009-02-27 22:21:41,-122.2070883,47.5979266
Car-1,2009-02-27 22:21:47,-122.2073649,47.5984183
Car-1,2009-02-27 22:21:53,-122.2078416,47.5987749
Car-1,2009-02-27 22:21:59,-122.2081016,47.5991916
Car-1,2009-02-27 22:22:05,-122.208215,47.5996216
Car-1,2009-02-27 22:22:11,-122.208365,47.6000532
Car-1,2009-02-27 22:22:15,-122.2084533,47.6001883
Car-1,2009-02-27 22:22:19,-122.2084833,47.6002333
Car-1,2009-02-27 22:22:23,-122.2085933,47.6002533
Car-1,2009-02-27 22:22:27,-122.2087699,47.6002749
Car-1,2009-02-27 22:22:31,-122.2090916,47.6004683
Car-1,2009-02-27 22:22:37,-122.2096699,47.6007783
Car-1,2009-02-27 22:22:43,-122.2102099,47.6010233
Car-1,2009-02-27 22:22:47,-122.2105183,47.6011783
Car-1,2009-02-27 22:22:53,-122.2109516,47.6013366
Car-1,2009-02-27 22:22:57,-122.2111666,47.6013399
Car-1,2009-02-27 22:23:01,-122.2112466,47.6012333
Car-1,2009-02-27 22:23:05,-122.2111583,47.6011499
Car-1,2009-02-27 22:23:09,-122.2110033,47.60112
Car-1,2009-02-27 22:23:13,-122.2109016,47.6011266
Car-1,2009-02-27 22:23:17,-122.210845,47.6010516
Car-1,2009-02-27 22:23:21,-122.210905,47.6010283
Car-1,2009-02-27 22:23:23,-122.2109433,47.6010149
Car-1,2009-02-27 22:23:49,-122.210955,47.6010033
Car-1,2009-02-27 22:23:51,-122.2109533,47.6009966
Car-1,2009-02-27 22:23:53,-122.2109149,47.6009833
Car-1,2009-02-27 22:23:55,-122.2108733,47.6009833
Car-1,2009-02-27 22:23:59,-122.2109266,47.60095
Car-1,2009-02-27 22:24:01,-122.2108916,47.6009699
Car-1,2009-02-27 22:24:03,-122.21086,47.60098
Car-1,2009-02-27 22:24:05,-122.2109283,47.6009883
Car-1,2009-02-27 22:24:07,-122.210905,47.6009766
Car-1,2009-02-27 22:24:09,-122.2108866,47.6009599
Car-1,2009-02-27 22:24:11,-122.2108916,47.6009599
Car-1,2009-02-27 22:24:12,-122.2109316,47.6010016
Car-1,2009-02-27 22:24:16,-122.211095,47.6011099
Car-1,2009-02-27 22:24:20,-122.2112249,47.6011116
Car-1,2009-02-27 22:24:24,-122.2113483,47.6012366
Car-1,2009-02-27 22:24:26,-122.2113416,47.6012349
Car-1,2009-02-27 22:24:28,-122.2113516,47.6012399
Car-1,2009-02-27 22:24:30,-122.2113933,47.6012666
Car-1,2009-02-27 22:24:35,-122.2113383,47.6012333
Car-1,2009-02-27 22:24:37,-122.2113233,47.6012316
Car-1,2009-02-27 22:24:39,-122.2112649,47.6011999
Car-1,2009-02-27 22:24:41,-122.2111566,47.6011149
Car-1,2009-02-27 22:24:43,-122.2110649,47.6010383
Car-1,2009-02-27 22:24:45,-122.2110049,47.6009782
Car-1,2009-02-27 22:24:47,-122.210975,47.6009416
Car-1,2009-02-27 22:24:48,-122.2109633,47.6009266
Car-1,2009-02-27 22:24:53,-122.2109449,47.6009049
Car-1,2009-02-27 22:24:56,-122.2109233,47.6009116
Car-1,2009-02-27 22:24:58,-122.2108883,47.60091
Car-1,2009-02-27 22:25:00,-122.2108499,47.6009082
Car-1,2009-02-27 22:25:02,-122.2108,47.6008733
Car-1,2009-02-27 22:25:04,-122.21074,47.6007966
Car-1,2009-02-27 22:25:05,-122.2107316,47.6007733
Car-1,2009-02-27 22:25:08,-122.21074,47.6007183
Car-1,2009-02-27 22:25:10,-122.2107666,47.6006899
Car-1,2009-02-27 22:25:11,-122.2107816,47.6006816
Car-1,2009-02-27 22:25:14,-122.2108283,47.6006599
Car-1,2009-02-27 22:25:16,-122.2108549,47.6006516
Car-1,2009-02-27 22:25:19,-122.2108866,47.6006449
Car-1,2009-02-27 22:25:27,-122.2108866,47.6006449
Car-1,2009-02-27 22:25:29,-122.2108883,47.6006416
Car-1,2009-02-27 22:25:31,-122.2108899,47.60063
Car-1,2009-02-27 22:25:33,-122.2108833,47.6006116
Car-1,2009-02-27 22:25:35,-122.21087,47.6005982
Car-1,2009-02-27 22:25:37,-122.2108499,47.600585
Car-1,2009-02-27 22:25:39,-122.2108516,47.6005649
Car-1,2009-02-27 22:25:41,-122.2108516,47.6005399
Car-1,2009-02-27 22:25:58,-122.2108466,47.6005266
Car-1,2009-02-27 22:26:08,-122.2108466,47.6005266
Car-1,2009-02-27 22:26:10,-122.2108433,47.6005266
Car-1,2009-02-27 22:26:12,-122.2108549,47.6005316
Car-1,2009-02-27 22:26:14,-122.2108633,47.6005416
Car-1,2009-02-27 22:26:16,-122.2108733,47.6005733
Car-1,2009-02-27 22:26:18,-122.2108849,47.6005966
Car-1,2009-02-27 22:26:20,-122.2109116,47.6006166
Car-1,2009-02-27 22:26:22,-122.2109516,47.6006266
Car-1,2009-02-27 22:26:24,-122.211,47.6006399
Car-1,2009-02-27 22:26:26,-122.2110333,47.6006533
Car-1,2009-02-27 22:26:28,-122.2110666,47.6006666
Car-1,2009-02-27 22:26:30,-122.2110933,47.600685
Car-1,2009-02-27 22:26:32,-122.2111249,47.6006982
Car-1,2009-02-27 22:26:34,-122.2111516,47.6007066
Car-1,2009-02-27 22:26:36,-122.2111783,47.6007183
Car-1,2009-02-27 22:26:38,-122.2112116,47.6007283
Car-1,2009-02-27 22:26:40,-122.211235,47.6007449
Car-1,2009-02-27 22:26:42,-122.2112516,47.6007633
Car-1,2009-02-27 22:26:44,-122.2112633,47.6007799
Car-1,2009-02-27 22:26:46,-122.2112866,47.6007933
Car-1,2009-02-27 22:26:48,-122.2112866,47.6008033
Car-1,2009-02-27 22:26:54,-122.2112866,47.6008033
Car-1,2009-02-27 22:26:56,-122.2112949,47.6008016
Car-1,2009-02-27 22:26:58,-122.2112949,47.6008166
Car-1,2009-02-27 22:27:00,-122.2112916,47.6008466
Car-1,2009-02-27 22:27:07,-122.2112649,47.6008766
Car-1,2009-02-27 22:27:09,-122.211255,47.6009033
Car-1,2009-02-27 22:27:13,-122.2112066,47.6009749
Car-1,2009-02-27 22:27:15,-122.2111699,47.6009899
Car-1,2009-02-27 22:27:17,-122.2111316,47.60102
Car-1,2009-02-27 22:27:19,-122.2110933,47.6010449
Car-1,2009-02-27 22:27:23,-122.2110399,47.6010699
Car-1,2009-02-27 22:27:25,-122.2109966,47.6010799
Car-1,2009-02-27 22:27:27,-122.2109566,47.6010699
Car-1,2009-02-27 22:27:30,-122.2109466,47.6010766
Car-1,2009-02-27 22:27:32,-122.2109216,47.6010783
Car-1,2009-02-27 22:27:34,-122.2109483,47.60105
Car-1,2009-02-27 22:27:36,-122.2109216,47.6009933
Car-1,2009-02-27 22:27:38,-122.2108649,47.6009449
Car-1,2009-02-27 22:27:46,-122.2108266,47.6009233
Car-1,2009-02-27 22:27:48,-122.210825,47.6009199
Car-1,2009-02-27 22:27:50,-122.2108183,47.6009133
Car-1,2009-02-27 22:27:52,-122.2108583,47.6009233
Car-1,2009-02-27 22:27:54,-122.2108899,47.6009233
Car-1,2009-02-27 22:29:19,-122.210955,47.6009416
Car-1,2009-02-27 22:29:21,-122.2109466,47.6009449
Car-1,2009-02-27 22:29:23,-122.2109416,47.6009482
Car-1,2009-02-27 22:29:29,-122.2109483,47.6009516
Car-1,2009-02-27 22:29:31,-122.2109416,47.6009549
Car-1,2009-02-27 22:29:33,-122.2109416,47.6009599
Car-1,2009-02-27 22:29:35,-122.21094,47.6009666
Car-1,2009-02-27 22:29:37,-122.2109449,47.6009782
Car-1,2009-02-27 22:29:39,-122.2109566,47.6009899
Car-1,2009-02-27 22:29:41,-122.2109616,47.6010016
Car-1,2009-02-27 22:29:43,-122.210975,47.6010099
Car-1,2009-02-27 22:30:55,-122.2110066,47.6009866
Car-1,2009-02-27 22:30:57,-122.2110049,47.6009916
Car-1,2009-02-27 22:30:58,-122.2110033,47.6009899
Car-1,2009-02-27 22:31:18,-122.2109766,47.6009966
Car-1,2009-02-27 22:31:20,-122.210955,47.6010033
Car-1,2009-02-27 22:31:22,-122.2109249,47.6010116
Car-1,2009-02-27 22:31:24,-122.2109199,47.6010116
Car-1,2009-02-27 22:31:28,-122.2109199,47.6010116
Car-1,2009-02-27 22:31:30,-122.2109216,47.6010099
Car-1,2009-02-27 22:31:32,-122.2109699,47.6010316
Car-1,2009-02-27 22:31:36,-122.2110999,47.6011083
Car-1,2009-02-27 22:31:40,-122.2111449,47.6012133
Car-1,2009-02-27 22:31:44,-122.2110883,47.6013116
Car-1,2009-02-27 22:31:48,-122.2108899,47.6013099
Car-1,2009-02-27 22:31:52,-122.2107099,47.6012899
Car-1,2009-02-27 22:31:56,-122.2103066,47.6011299
Car-1,2009-02-27 22:32:02,-122.2095316,47.6007682
Car-1,2009-02-27 22:32:08,-122.2088499,47.6003616
Car-1,2009-02-27 22:32:14,-122.20852,47.6002066
Car-1,2009-02-27 22:32:18,-122.2083983,47.6002632
Car-1,2009-02-27 22:32:22,-122.2083733,47.6004933
Car-1,2009-02-27 22:32:26,-122.20859,47.6008216
Car-1,2009-02-27 22:32:32,-122.2087549,47.6012549
Car-1,2009-02-27 22:32:38,-122.2086016,47.6015616
Car-1,2009-02-27 22:32:42,-122.2081766,47.6016066
Car-1,2009-02-27 22:32:48,-122.20784,47.6018466
Car-1,2009-02-27 22:32:54,-122.2077883,47.60221
Car-1,2009-02-27 22:32:58,-122.2077566,47.6025283
Car-1,2009-02-27 22:33:04,-122.2078066,47.6029233
Car-1,2009-02-27 22:33:08,-122.2075216,47.6030266
Car-1,2009-02-27 22:33:14,-122.2069633,47.6031283
Car-1,2009-02-27 22:33:18,-122.2068016,47.60315
Car-1,2009-02-27 22:33:22,-122.2066816,47.6031782
Car-1,2009-02-27 22:33:26,-122.2066299,47.6032549
Car-1,2009-02-27 22:33:30,-122.2066266,47.6033849
Car-1,2009-02-27 22:33:34,-122.2066483,47.6036716
Car-1,2009-02-27 22:33:40,-122.2067816,47.6041099
Car-1,2009-02-27 22:33:46,-122.2067816,47.604845
Car-1,2009-02-27 22:33:52,-122.2067483,47.6056699
Car-1,2009-02-27 22:33:58,-122.2067249,47.605925
Car-1,2009-02-27 22:34:02,-122.2065633,47.6060066
Car-1,2009-02-27 22:34:06,-122.2062983,47.6060932
Car-1,2009-02-27 22:34:10,-122.2059949,47.6062566
Car-1,2009-02-27 22:34:16,-122.2055833,47.6065682
Car-1,2009-02-27 22:34:22,-122.2053399,47.6071199
Car-1,2009-02-27 22:34:28,-122.2053433,47.6077799
Car-1,2009-02-27 22:34:34,-122.205405,47.6083966
Car-1,2009-02-27 22:34:40,-122.2053216,47.608855
Car-1,2009-02-27 22:34:46,-122.205135,47.6094766
Car-1,2009-02-27 22:34:52,-122.2049666,47.6099633
Car-1,2009-02-27 22:34:56,-122.2049333,47.6100333
Car-1,2009-02-27 22:34:58,-122.20497,47.6100732
Car-1,2009-02-27 22:35:07,-122.20497,47.6100732
Car-1,2009-02-27 22:35:09,-122.2049616,47.6100666
Car-1,2009-02-27 22:35:11,-122.2048816,47.6100766
Car-1,2009-02-27 22:35:15,-122.2045616,47.6100649
Car-1,2009-02-27 22:35:19,-122.2043116,47.6100649
Car-1,2009-02-27 22:35:36,-122.2042866,47.6100683
Car-1,2009-02-27 22:35:38,-122.2042633,47.6100683
Car-1,2009-02-27 22:35:40,-122.2041983,47.6100732
Car-1,2009-02-27 22:35:44,-122.2040499,47.6101899
Car-1,2009-02-27 22:35:48,-122.2040666,47.6104899
Car-1,2009-02-27 22:35:54,-122.2040933,47.6109333
Car-1,2009-02-27 22:35:58,-122.2040716,47.6110483
Car-1,2009-02-27 22:36:02,-122.2039466,47.6111082
Car-1,2009-02-27 22:36:06,-122.2036466,47.6111449
Car-1,2009-02-27 22:36:12,-122.2031883,47.6113449
Car-1,2009-02-27 22:36:16,-122.203005,47.6115133
Car-1,2009-02-27 22:36:20,-122.202795,47.6116982
Car-1,2009-02-27 22:36:24,-122.2025683,47.6118316
Car-1,2009-02-27 22:36:28,-122.2022599,47.6119033
Car-1,2009-02-27 22:36:32,-122.2020316,47.6119199
Car-1,2009-02-27 22:36:36,-122.2019899,47.6119266
Car-1,2009-02-27 22:36:38,-122.2019799,47.6119299
Car-1,2009-02-27 22:36:40,-122.2019616,47.6119333
Car-1,2009-02-27 22:36:45,-122.2019616,47.6119333
Car-1,2009-02-27 22:36:47,-122.2019583,47.6119366
Car-1,2009-02-27 22:36:52,-122.2019449,47.6119366
Car-1,2009-02-27 22:36:54,-122.2018933,47.6119399
Car-1,2009-02-27 22:36:58,-122.2015716,47.6119449
Car-1,2009-02-27 22:37:04,-122.20076,47.6119466
Car-1,2009-02-27 22:37:10,-122.1998499,47.6119466
Car-1,2009-02-27 22:37:16,-122.1989266,47.6119449
Car-1,2009-02-27 22:37:22,-122.1981833,47.6119549
Car-1,2009-02-27 22:37:28,-122.1976066,47.6119816
Car-1,2009-02-27 22:37:32,-122.197435,47.61198
Car-1,2009-02-27 22:37:36,-122.1972366,47.6119749
Car-1,2009-02-27 22:37:40,-122.1971383,47.6119782
Car-1,2009-02-27 22:37:42,-122.1971033,47.6119766
Car-1,2009-02-27 22:37:44,-122.1970783,47.6119766
Car-1,2009-02-27 22:37:46,-122.19706,47.6119733
Car-1,2009-02-27 22:37:48,-122.1970416,47.6119749
Car-1,2009-02-27 22:39:05,-122.1970299,47.6119733
Car-1,2009-02-27 22:39:07,-122.1970049,47.6119733
Car-1,2009-02-27 22:39:09,-122.1969766,47.6119733
Car-1,2009-02-27 22:39:11,-122.1969483,47.6119733
Car-1,2009-02-27 22:39:13,-122.1969216,47.6119733
Car-1,2009-02-27 22:39:17,-122.1969083,47.6119749
Car-1,2009-02-27 22:39:19,-122.1968666,47.6119733
Car-1,2009-02-27 22:39:23,-122.1967699,47.6119699
Car-1,2009-02-27 22:39:25,-122.1967533,47.6119699
Car-1,2009-02-27 22:39:27,-122.1967366,47.6119716
Car-1,2009-02-27 22:39:29,-122.1967233,47.6119716
Car-1,2009-02-27 22:39:31,-122.1966966,47.6119733
Car-1,2009-02-27 22:39:33,-122.1966349,47.6119766
Car-1,2009-02-27 22:39:37,-122.1964899,47.61198
Car-1,2009-02-27 22:39:59,-122.1964433,47.6119849
Car-1,2009-02-27 22:40:03,-122.1962149,47.6119816
Car-1,2009-02-27 22:40:07,-122.1957583,47.6119749
Car-1,2009-02-27 22:40:13,-122.1949816,47.6119782
Car-1,2009-02-27 22:40:19,-122.194475,47.6119933
Car-1,2009-02-27 22:40:23,-122.1940783,47.6119866
Car-1,2009-02-27 22:40:29,-122.1936166,47.6120433
Car-1,2009-02-27 22:40:33,-122.1935566,47.6122766
Car-1,2009-02-27 22:40:39,-122.1935283,47.6126716
Car-1,2009-02-27 22:40:45,-122.1934616,47.6130716
Car-1,2009-02-27 22:40:51,-122.1934849,47.6133916
Car-1,2009-02-27 22:40:55,-122.1936749,47.6135283
Car-1,2009-02-27 22:40:59,-122.1938116,47.6136299
Car-1,2009-02-27 22:41:01,-122.1938383,47.6136333
Car-1,2009-02-27 22:41:06,-122.1938483,47.6136182
Car-1,2009-02-27 22:41:08,-122.19384,47.6136333
Car-1,2009-02-27 22:41:10,-122.1938099,47.6136533
Car-1,2009-02-27 22:41:12,-122.1936883,47.6136249
Car-1,2009-02-27 22:41:16,-122.1932583,47.6136083
Car-1,2009-02-27 22:41:20,-122.1928666,47.6136783
Car-1,2009-02-27 22:41:24,-122.1924549,47.613705
Car-1,2009-02-27 22:41:30,-122.1915866,47.6137432
Car-1,2009-02-27 22:41:36,-122.19128,47.6137233
Car-1,2009-02-27 22:41:38,-122.1912783,47.6137333
Car-1,2009-02-27 22:41:40,-122.1912783,47.6137432
Car-1,2009-02-27 22:41:52,-122.1912783,47.6137432
Car-1,2009-02-27 22:41:54,-122.1912733,47.6137483
Car-1,2009-02-27 22:41:56,-122.191185,47.6137499
Car-1,2009-02-27 22:42:00,-122.1907783,47.6137432
Car-1,2009-02-27 22:42:18,-122.1904649,47.6137399
Car-1,2009-02-27 22:42:20,-122.1903833,47.6137399
Car-1,2009-02-27 22:42:24,-122.1900549,47.61373
Car-1,2009-02-27 22:42:30,-122.1895066,47.6136766
Car-1,2009-02-27 22:43:12,-122.1894633,47.6136683
Car-1,2009-02-27 22:43:16,-122.1891416,47.6135949
Car-1,2009-02-27 22:43:22,-122.1886949,47.6134883
Car-1,2009-02-27 22:43:24,-122.1886716,47.6134833
Car-1,2009-02-27 22:43:26,-122.1886566,47.61348
Car-1,2009-02-27 22:43:57,-122.188635,47.6134749
Car-1,2009-02-27 22:43:59,-122.1885349,47.6134549
Car-1,2009-02-27 22:44:03,-122.1882483,47.6135383
Car-1,2009-02-27 22:44:07,-122.1882333,47.6138282
Car-1,2009-02-27 22:44:13,-122.18826,47.6141149
Car-1,2009-02-27 22:44:17,-122.1882566,47.6141733
Car-1,2009-02-27 22:44:21,-122.1882566,47.6142216
Car-1,2009-02-27 22:44:25,-122.18826,47.6142849
Car-1,2009-02-27 22:44:29,-122.1882899,47.6146116
Car-1,2009-02-27 22:44:35,-122.1883283,47.6154966
Car-1,2009-02-27 22:44:41,-122.1883599,47.6163033
Car-1,2009-02-27 22:44:47,-122.1883733,47.6167383
Car-1,2009-02-27 22:44:53,-122.1884116,47.6171833
Car-1,2009-02-27 22:44:59,-122.1884216,47.6177382
Car-1,2009-02-27 22:45:05,-122.1884466,47.6184833
Car-1,2009-02-27 22:45:11,-122.188445,47.619155
Car-1,2009-02-27 22:45:17,-122.1884149,47.61984
Car-1,2009-02-27 22:45:23,-122.1883966,47.6205499
Car-1,2009-02-27 22:45:29,-122.1883949,47.6213016
Car-1,2009-02-27 22:45:35,-122.1884,47.6221483
Car-1,2009-02-27 22:45:41,-122.1884183,47.62298
Car-1,2009-02-27 22:45:47,-122.1884216,47.6237899
Car-1,2009-02-27 22:45:53,-122.1884399,47.62473
Car-1,2009-02-27 22:45:59,-122.1884049,47.6257783
Car-1,2009-02-27 22:46:05,-122.1883716,47.6268583
Car-1,2009-02-27 22:46:11,-122.1882916,47.6279299
Car-1,2009-02-27 22:46:17,-122.1879949,47.6289683
Car-1,2009-02-27 22:46:23,-122.1879483,47.6299049
Car-1,2009-02-27 22:46:29,-122.1888833,47.6306716
Car-1,2009-02-27 22:46:35,-122.1899516,47.6312483
Car-1,2009-02-27 22:46:41,-122.1902933,47.6321883
Car-1,2009-02-27 22:46:47,-122.1899516,47.6330999
Car-1,2009-02-27 22:46:53,-122.1897883,47.6337883
Car-1,2009-02-27 22:46:59,-122.1904166,47.6345233
Car-1,2009-02-27 22:47:05,-122.1912599,47.6352633
Car-1,2009-02-27 22:47:11,-122.1919283,47.6361749
Car-1,2009-02-27 22:47:17,-122.1928633,47.6371799
Car-1,2009-02-27 22:47:27,-122.1946583,47.6386233
Car-1,2009-02-27 22:47:33,-122.1955116,47.6392683
Car-1,2009-02-27 22:47:39,-122.1963016,47.6398466
Car-1,2009-02-27 22:47:45,-122.1969383,47.64033
Car-1,2009-02-27 22:47:51,-122.1972199,47.6405483
Car-1,2009-02-27 22:47:55,-122.1973549,47.6406466
Car-1,2009-02-27 22:47:59,-122.197565,47.6407949
Car-1,2009-02-27 22:48:03,-122.1977133,47.6408949
Car-1,2009-02-27 22:48:07,-122.1979366,47.6410399
Car-1,2009-02-27 22:48:11,-122.1981183,47.6411532
Car-1,2009-02-27 22:48:15,-122.1982633,47.6412416
Car-1,2009-02-27 22:48:19,-122.1985033,47.6413766
Car-1,2009-02-27 22:48:23,-122.1988016,47.6415366
Car-1,2009-02-27 22:48:29,-122.1993533,47.6418066
Car-1,2009-02-27 22:48:35,-122.1998216,47.6419983
Car-1,2009-02-27 22:48:39,-122.2001283,47.6421066
Car-1,2009-02-27 22:48:43,-122.2004666,47.64222
Car-1,2009-02-27 22:48:49,-122.2009566,47.6423549
Car-1,2009-02-27 22:48:53,-122.2012233,47.6424216
Car-1,2009-02-27 22:48:57,-122.2014966,47.6424866
Car-1,2009-02-27 22:49:01,-122.2017449,47.6425266
Car-1,2009-02-27 22:49:05,-122.2019599,47.6425566
Car-1,2009-02-27 22:49:09,-122.2021533,47.6425799
Car-1,2009-02-27 22:49:13,-122.2023699,47.6426116
Car-1,2009-02-27 22:49:17,-122.2026466,47.6426532
Car-1,2009-02-27 22:49:21,-122.2028816,47.6426849
Car-1,2009-02-27 22:49:25,-122.2031166,47.6427166
Car-1,2009-02-27 22:49:29,-122.2031433,47.6427199
Car-1,2009-02-27 22:49:31,-122.2031549,47.6427216
Car-1,2009-02-27 22:49:33,-122.2031633,47.6427216
Car-1,2009-02-27 22:49:35,-122.2031866,47.642725
Car-1,2009-02-27 22:49:37,-122.2032416,47.6427316
Car-1,2009-02-27 22:49:41,-122.2034966,47.642765
Car-1,2009-02-27 22:49:45,-122.2038883,47.6428183
Car-1,2009-02-27 22:49:51,-122.2046383,47.6429332
Car-1,2009-02-27 22:49:57,-122.2055533,47.6430416
Car-1,2009-02-27 22:50:03,-122.2060766,47.6430849
Car-1,2009-02-27 22:50:07,-122.2063516,47.6431016
Car-1,2009-02-27 22:50:11,-122.2067733,47.6431349
Car-1,2009-02-27 22:50:17,-122.2075466,47.6431616
Car-1,2009-02-27 22:50:23,-122.2084916,47.6431333
Car-1,2009-02-27 22:50:29,-122.2094166,47.6430133
Car-1,2009-02-27 22:50:35,-122.2103366,47.6428433
Car-1,2009-02-27 22:50:41,-122.2112583,47.6425749
Car-1,2009-02-27 22:50:47,-122.2121783,47.64229
Car-1,2009-02-27 22:50:53,-122.2131683,47.6419899
Car-1,2009-02-27 22:50:59,-122.2142833,47.6416666
Car-1,2009-02-27 22:51:05,-122.2155599,47.6413349
Car-1,2009-02-27 22:51:11,-122.2166716,47.6411066
Car-1,2009-02-27 22:51:17,-122.2170549,47.6410349
Car-1,2009-02-27 22:51:21,-122.2172299,47.64103
Car-1,2009-02-27 22:51:25,-122.2174266,47.6410366
Car-1,2009-02-27 22:51:29,-122.2175733,47.6410883
Car-1,2009-02-27 22:51:33,-122.2176583,47.6412216
Car-1,2009-02-27 22:51:37,-122.217635,47.6414366
Car-1,2009-02-27 22:51:43,-122.2176316,47.6420483
Car-1,2009-02-27 22:51:49,-122.21759,47.642485
Car-1,2009-02-27 22:51:55,-122.2175766,47.6429149
Car-1,2009-02-27 22:52:01,-122.2175716,47.6433983
Car-1,2009-02-27 22:52:07,-122.217565,47.6438233
Car-1,2009-02-27 22:52:11,-122.2175766,47.6440366
Car-1,2009-02-27 22:52:17,-122.217565,47.6446633
Car-1,2009-02-27 22:52:23,-122.2175383,47.645375
Car-1,2009-02-27 22:52:29,-122.2175583,47.645935
Car-1,2009-02-27 22:52:35,-122.2175416,47.6462832
Car-1,2009-02-27 22:52:39,-122.2175316,47.6463049
Car-1,2009-02-27 22:52:41,-122.2175266,47.6463366
Car-1,2009-02-27 22:52:45,-122.21739,47.6464033
Car-1,2009-02-27 22:52:49,-122.2170366,47.6463983
Car-1,2009-02-27 22:52:55,-122.21636,47.646395
Car-1,2009-02-27 22:53:01,-122.21582,47.6464116
Car-1,2009-02-27 22:53:05,-122.2156816,47.6464116
Car-1,2009-02-27 22:53:09,-122.2152883,47.6464149
Car-1,2009-02-27 22:53:15,-122.2144366,47.6463833
Car-1,2009-02-27 22:53:21,-122.21397,47.6463799
Car-1,2009-02-27 22:53:25,-122.213865,47.6463799
Car-1,2009-02-27 22:53:29,-122.2138366,47.6465333
Car-1,2009-02-27 22:53:35,-122.2140699,47.6471133
Car-1,2009-02-27 22:53:41,-122.2142833,47.6476
Car-1,2009-02-27 22:53:45,-122.2144099,47.6479166
Car-1,2009-02-27 22:53:51,-122.2145916,47.6484783
Car-1,2009-02-27 22:53:57,-122.2148283,47.6490366
Car-1,2009-02-27 22:54:03,-122.2150183,47.6495533
Car-1,2009-02-27 22:54:09,-122.2151716,47.6499966
Car-1,2009-02-27 22:54:15,-122.2152899,47.6504233
Car-1,2009-02-27 22:54:21,-122.2153516,47.6507633
Car-1,2009-02-27 22:54:25,-122.215365,47.6508899
Car-1,2009-02-27 22:54:29,-122.2153799,47.6509933
Car-1,2009-02-27 22:54:33,-122.2154583,47.6510949
Car-1,2009-02-27 22:54:37,-122.2155966,47.6511999
Car-1,2009-02-27 22:54:41,-122.2158383,47.6512199
Car-1,2009-02-27 22:54:45,-122.2160366,47.6511999
Car-1,2009-02-27 22:54:49,-122.2162049,47.6511882
Car-1,2009-02-27 22:54:53,-122.2163316,47.6511466
Car-1,2009-02-27 22:54:57,-122.2164883,47.6511516
Car-1,2009-02-27 22:55:01,-122.2166933,47.6512383
Car-1,2009-02-27 22:55:05,-122.2168766,47.6513132
Car-1,2009-02-27 22:55:09,-122.2170233,47.6513866
Car-1,2009-02-27 22:55:13,-122.2170999,47.6514283
Car-1,2009-02-27 22:55:17,-122.2171916,47.6514783
Car-1,2009-02-27 22:55:21,-122.2172416,47.6515333
Car-1,2009-02-27 22:55:23,-122.2172483,47.6515699
Car-1,2009-02-27 22:55:25,-122.2172683,47.6515766
Car-1,2009-02-27 22:55:27,-122.2172999,47.6515932
Car-1,2009-02-27 22:55:31,-122.2174083,47.6516049
Car-1,2009-02-27 22:55:33,-122.2174483,47.65161
Car-1,2009-02-27 22:55:35,-122.2174733,47.6516033
Car-1,2009-02-27 22:55:37,-122.217505,47.6516283
Car-1,2009-02-27 22:55:39,-122.2175216,47.6516632
Car-1,2009-02-27 22:55:43,-122.2176233,47.6516966
Car-1,2009-02-27 22:55:59,-122.2176766,47.6516983
Car-1,2009-02-27 22:56:00,-122.2176999,47.6517133
Car-1,2009-02-27 22:56:07,-122.2176883,47.6516966
Car-1,2009-02-27 22:56:09,-122.2176683,47.6516883
Car-1,2009-02-27 22:56:11,-122.2176466,47.6516816
Car-1,2009-02-27 22:56:13,-122.2176416,47.6516816
Car-1,2009-02-27 22:56:17,-122.2176416,47.6516816
Car-1,2009-02-27 22:56:19,-122.2176466,47.6516782
Car-1,2009-02-27 22:56:21,-122.2176649,47.6516849
Car-1,2009-02-27 22:56:23,-122.2176866,47.6516916
Car-1,2009-02-27 22:56:30,-122.2176866,47.6516916
Car-1,2009-02-27 22:56:32,-122.2176916,47.651695
Car-1,2009-02-27 22:56:34,-122.2176816,47.6516916
Car-1,2009-02-27 22:56:36,-122.2176716,47.6516866
Car-1,2009-02-27 22:56:38,-122.2176566,47.6516849
Car-1,2009-02-27 22:56:40,-122.2176316,47.6516816
Car-1,2009-02-27 22:56:56,-122.2176033,47.65168
Car-1,2009-02-27 22:56:58,-122.2176116,47.6516749
Car-1,2009-02-27 22:57:00,-122.21761,47.651665
Car-1,2009-02-27 22:57:06,-122.21761,47.6516616
Car-1,2009-02-27 22:57:23,-122.21761,47.6516616
Car-1,2009-02-27 22:57:25,-122.2176083,47.6516566
Car-1,2009-02-27 22:57:27,-122.2175666,47.6516316
Car-1,2009-02-27 22:57:31,-122.2174533,47.6515932
Car-1,2009-02-27 22:57:35,-122.217345,47.6515316
Car-1,2009-02-27 22:57:39,-122.217285,47.6514983
Car-1,2009-02-27 22:57:41,-122.2172633,47.6515049
Car-1,2009-02-27 22:57:43,-122.2172266,47.6514883
Car-1,2009-02-27 22:57:47,-122.2171033,47.6514299
Car-1,2009-02-27 22:57:51,-122.2169316,47.6513599
Car-1,2009-02-27 22:57:55,-122.216735,47.6512733
Car-1,2009-02-27 22:57:59,-122.2165399,47.6511833
Car-1,2009-02-27 22:58:03,-122.2164283,47.6511032
Car-1,2009-02-27 22:58:07,-122.2163983,47.65105
Car-1,2009-02-27 22:58:09,-122.216395,47.6510283
Car-1,2009-02-27 22:58:11,-122.2164016,47.6510116
Car-1,2009-02-27 22:58:13,-122.2164249,47.6509833
Car-1,2009-02-27 22:58:17,-122.2165399,47.65088
Car-1,2009-02-27 22:58:21,-122.2167116,47.6506949
Car-1,2009-02-27 22:58:25,-122.2169783,47.6504466
Car-1,2009-02-27 22:58:31,-122.2172666,47.6502516
Car-1,2009-02-27 22:58:35,-122.2173783,47.65014
Car-1,2009-02-27 22:58:39,-122.2174483,47.6499816
Car-1,2009-02-27 22:58:43,-122.2175099,47.6497966
Car-1,2009-02-27 22:58:47,-122.2175249,47.6495066
Car-1,2009-02-27 22:58:53,-122.2175216,47.64892
Car-1,2009-02-27 22:58:59,-122.2175233,47.6481882
Car-1,2009-02-27 22:59:05,-122.2175449,47.6474732
Car-1,2009-02-27 22:59:11,-122.2175516,47.6467433
Car-1,2009-02-27 22:59:17,-122.2175583,47.6464082
Car-1,2009-02-27 22:59:21,-122.2175666,47.6461033
Car-1,2009-02-27 22:59:27,-122.2175349,47.6453716
Car-1,2009-02-27 22:59:33,-122.2175516,47.6445166
Car-1,2009-02-27 22:59:39,-122.2175849,47.6436883
Car-1,2009-02-27 22:59:45,-122.2176166,47.6428983
Car-1,2009-02-27 22:59:51,-122.217625,47.6421482
Car-1,2009-02-27 22:59:57,-122.2176366,47.6414999
Car-1,2009-02-27 23:00:03,-122.2176466,47.6409633
Car-1,2009-02-27 23:00:09,-122.2176583,47.6403682
Car-1,2009-02-27 23:00:15,-122.217645,47.6400816
Car-1,2009-02-27 23:00:19,-122.2173916,47.6400066
Car-1,2009-02-27 23:00:25,-122.2167,47.6404366
Car-1,2009-02-27 23:00:31,-122.2156516,47.6409916
Car-1,2009-02-27 23:00:37,-122.2143649,47.6414549
Car-1,2009-02-27 23:00:43,-122.2130016,47.6419083
Car-1,2009-02-27 23:00:49,-122.2118333,47.6422833
Car-1,2009-02-27 23:00:55,-122.2105833,47.6426716
Car-1,2009-02-27 23:01:01,-122.2092283,47.6429633
Car-1,2009-02-27 23:01:07,-122.2076833,47.6431033
Car-1,2009-02-27 23:01:13,-122.2059033,47.6430016
Car-1,2009-02-27 23:01:23,-122.2027333,47.6426149
Car-1,2009-02-27 23:01:33,-122.1998049,47.641855
Car-1,2009-02-27 23:01:43,-122.1974633,47.6405416
Car-1,2009-02-27 23:01:53,-122.1952866,47.6388316
Car-1,2009-02-27 23:02:03,-122.1929733,47.6369716
Car-1,2009-02-27 23:02:13,-122.1912716,47.6348149
Car-1,2009-02-27 23:02:23,-122.1895783,47.6329183
Car-1,2009-02-27 23:02:33,-122.1871183,47.6319116
Car-1,2009-02-27 23:02:39,-122.1852966,47.6318366
Car-1,2009-02-27 23:02:49,-122.1824266,47.6319383
Car-1,2009-02-27 23:02:55,-122.1810466,47.6319066
Car-1,2009-02-27 23:03:01,-122.1795133,47.6317333
Car-1,2009-02-27 23:03:07,-122.1779016,47.6313883
Car-1,2009-02-27 23:03:13,-122.1762116,47.6309116
Car-1,2009-02-27 23:03:23,-122.1732133,47.6300349
Car-1,2009-02-27 23:03:33,-122.1699333,47.6296482
Car-1,2009-02-27 23:03:43,-122.1664183,47.6299266
Car-1,2009-02-27 23:03:53,-122.1630583,47.6300083
Car-1,2009-02-27 23:04:03,-122.1596766,47.6296849
Car-1,2009-02-27 23:04:13,-122.1562416,47.6293816
Car-1,2009-02-27 23:04:23,-122.1528483,47.6296549
Car-1,2009-02-27 23:04:33,-122.14987,47.6304799
Car-1,2009-02-27 23:04:43,-122.1475416,47.6315383
Car-1,2009-02-27 23:04:49,-122.1462716,47.6321949
Car-1,2009-02-27 23:04:55,-122.1451533,47.6327649
Car-1,2009-02-27 23:05:01,-122.1441949,47.6331033
Car-1,2009-02-27 23:05:07,-122.1435433,47.6331749
Car-1,2009-02-27 23:05:11,-122.1434049,47.6331699
Car-1,2009-02-27 23:05:15,-122.1433549,47.6331566
Car-1,2009-02-27 23:05:18,-122.14335,47.63314
Car-1,2009-02-27 23:05:20,-122.1433316,47.6331316
Car-1,2009-02-27 23:05:22,-122.1433166,47.6331266
Car-1,2009-02-27 23:05:25,-122.1433166,47.6331266
Car-1,2009-02-27 23:05:27,-122.1433233,47.6331283
Car-1,2009-02-27 23:05:29,-122.1433016,47.6331199
Car-1,2009-02-27 23:05:31,-122.1432816,47.6331116
Car-1,2009-02-27 23:05:36,-122.1432816,47.6331116
Car-1,2009-02-27 23:05:38,-122.1432783,47.6331066
Car-1,2009-02-27 23:05:40,-122.1432533,47.6330949
Car-1,2009-02-27 23:05:42,-122.1432249,47.6330766
Car-1,2009-02-27 23:05:44,-122.1431933,47.6330416
Car-1,2009-02-27 23:05:48,-122.1431433,47.6329116
Car-1,2009-02-27 23:05:52,-122.1430683,47.6326066
Car-1,2009-02-27 23:05:58,-122.1430399,47.6319966
Car-1,2009-02-27 23:07:36,-122.1430416,47.6318066
Car-1,2009-02-27 23:07:38,-122.1430399,47.6317699
Car-1,2009-02-27 23:07:42,-122.1430133,47.6315899
Car-1,2009-02-27 23:07:46,-122.1428299,47.6314416
Car-1,2009-02-27 23:07:50,-122.1424416,47.6314499
Car-1,2009-02-27 23:07:56,-122.1415083,47.6314349
Car-1,2009-02-27 23:08:02,-122.1404983,47.6314349
Car-1,2009-02-27 23:08:08,-122.1395966,47.6314483
Car-1,2009-02-27 23:08:14,-122.1393416,47.6313949
Car-1,2009-02-27 23:08:18,-122.1393333,47.6312066
Car-1,2009-02-27 23:08:22,-122.139325,47.6309716
Car-1,2009-02-27 23:08:26,-122.1393333,47.6307816
Car-1,2009-02-27 23:08:30,-122.1393333,47.6306516
Car-1,2009-02-27 23:08:34,-122.1392599,47.6305833
Car-1,2009-02-27 23:08:38,-122.1389866,47.6305233
Car-1,2009-02-27 23:08:42,-122.1387933,47.630465
Car-1,2009-02-27 23:08:46,-122.1385783,47.6305083
Car-1,2009-02-27 23:08:50,-122.1384483,47.6306566
Car-1,2009-02-27 23:08:54,-122.1384749,47.6308283
Car-1,2009-02-27 23:08:58,-122.1384733,47.6309266
Car-1,2009-02-27 23:09:02,-122.1384749,47.6310116
Car-1,2009-02-27 23:09:06,-122.1384283,47.6310549
Car-1,2009-02-27 23:09:08,-122.1384083,47.6310533
Car-1,2009-02-27 23:09:10,-122.1383949,47.63105
Car-1,2009-02-27 23:09:12,-122.1383883,47.6310449
Car-1,2009-02-27 23:10:10,-122.1383849,47.6310483
Car-1,2009-02-27 23:10:12,-122.1383849,47.6310516
Car-1,2009-02-27 23:10:13,-122.1383866,47.6310749
