agent_id,time,lng,lat
Car-1,2009-06-19 09:46:12,116.415686,39.968086
Car-1,2009-06-19 09:46:14,116.415648,39.968086
Car-1,2009-06-19 09:46:16,116.415599,39.968083
Car-1,2009-06-19 09:46:18,116.415536,39.968085
Car-1,2009-06-19 09:46:20,116.415445,39.968076
Car-1,2009-06-19 09:46:22,116.415338,39.968064
Car-1,2009-06-19 09:46:24,116.415208,39.968039
Car-1,2009-06-19 09:46:26,116.415074,39.96802
Car-1,2009-06-19 09:46:28,116.414925,39.968004
Car-1,2009-06-19 09:46:30,116.414771,39.967995
Car-1,2009-06-19 09:46:32,116.414624,39.96799
Car-1,2009-06-19 09:46:34,116.414471,39.967978
Car-1,2009-06-19 09:46:36,116.414316,39.967967
Car-1,2009-06-19 09:46:38,116.41416,39.967962
Car-1,2009-06-19 09:46:40,116.41401,39.967959
Car-1,2009-06-19 09:46:42,116.413872,39.967956
Car-1,2009-06-19 09:46:44,116.413749,39.967959
Car-1,2009-06-19 09:46:46,116.413639,39.967942
Car-1,2009-06-19 09:46:48,116.413525,39.967936
Car-1,2009-06-19 09:46:50,116.413411,39.967929
Car-1,2009-06-19 09:46:52,116.413298,39.967927
Car-1,2009-06-19 09:46:54,116.413212,39.967909
Car-1,2009-06-19 09:46:56,116.413165,39.967894
Car-1,2009-06-19 09:46:58,116.413132,39.967879
Car-1,2009-06-19 09:47:00,116.413112,39.967864
Car-1,2009-06-19 09:47:02,116.413072,39.967853
Car-1,2009-06-19 09:47:04,116.413035,39.967856
Car-1,2009-06-19 09:47:06,116.413002,39.967865
Car-1,2009-06-19 09:47:08,116.412973,39.967871
Car-1,2009-06-19 09:47:10,116.412972,39.967873
Car-1,2009-06-19 09:47:12,116.41297,39.967877
Car-1,2009-06-19 09:47:14,116.412969,39.967882
Car-1,2009-06-19 09:47:16,116.412967,39.967889
Car-1,2009-06-19 09:47:18,116.412965,39.967893
Car-1,2009-06-19 09:47:20,116.412962,39.967897
Car-1,2009-06-19 09:47:22,116.412961,39.967898
Car-1,2009-06-19 09:47:24,116.412962,39.967893
Car-1,2009-06-19 09:47:26,116.412953,39.967892
Car-1,2009-06-19 09:47:28,116.412904,39.967901
Car-1,2009-06-19 09:47:30,116.412862,39.967912
Car-1,2009-06-19 09:47:32,116.412833,39.967922
Car-1,2009-06-19 09:47:34,116.412803,39.967927
Car-1,2009-06-19 09:47:36,116.412781,39.967931
Car-1,2009-06-19 09:47:38,116.412781,39.967942
Car-1,2009-06-19 09:47:40,116.412771,39.967942
Car-1,2009-06-19 09:47:42,116.412756,39.967934
Car-1,2009-06-19 09:47:44,116.412751,39.967929
Car-1,2009-06-19 09:47:46,116.412752,39.967927
Car-1,2009-06-19 09:47:48,116.412752,39.967928
Car-1,2009-06-19 09:47:50,116.412753,39.967928
Car-1,2009-06-19 09:47:52,116.41276,39.967925
Car-1,2009-06-19 09:47:54,116.412757,39.967926
Car-1,2009-06-19 09:47:56,116.412751,39.967924
Car-1,2009-06-19 09:47:58,116.412752,39.967923
Car-1,2009-06-19 09:48:00,116.412756,39.967938
Car-1,2009-06-19 09:48:02,116.412756,39.967949
Car-1,2009-06-19 09:48:04,116.412756,39.967949
Car-1,2009-06-19 09:48:06,116.412746,39.967958
Car-1,2009-06-19 09:48:08,116.412733,39.967965
Car-1,2009-06-19 09:48:10,116.412734,39.967962
Car-1,2009-06-19 09:48:12,116.412735,39.967958
Car-1,2009-06-19 09:48:14,116.412736,39.967956
Car-1,2009-06-19 09:48:16,116.412736,39.967957
Car-1,2009-06-19 09:48:18,116.412736,39.967958
Car-1,2009-06-19 09:48:20,116.412735,39.967957
Car-1,2009-06-19 09:48:22,116.412735,39.967953
Car-1,2009-06-19 09:48:24,116.412735,39.967949
Car-1,2009-06-19 09:48:26,116.412726,39.967939
Car-1,2009-06-19 09:48:28,116.412711,39.967928
Car-1,2009-06-19 09:48:30,116.412705,39.967935
Car-1,2009-06-19 09:48:32,116.412703,39.967937
Car-1,2009-06-19 09:48:34,116.412698,39.967926
Car-1,2009-06-19 09:48:36,116.412699,39.967922
Car-1,2009-06-19 09:48:38,116.4127,39.967918
Car-1,2009-06-19 09:48:40,116.412701,39.967914
Car-1,2009-06-19 09:48:42,116.412702,39.967909
Car-1,2009-06-19 09:48:44,116.412703,39.967904
Car-1,2009-06-19 09:48:46,116.412704,39.967903
Car-1,2009-06-19 09:48:48,116.412704,39.967904
Car-1,2009-06-19 09:48:50,116.412703,39.967907
Car-1,2009-06-19 09:48:52,116.412703,39.96791
Car-1,2009-06-19 09:48:54,116.412702,39.967912
Car-1,2009-06-19 09:48:56,116.412702,39.967912
Car-1,2009-06-19 09:48:58,116.412702,39.967911
Car-1,2009-06-19 09:49:00,116.412703,39.96791
Car-1,2009-06-19 09:49:42,116.412499,39.967897
Car-1,2009-06-19 09:50:24,116.410798,39.967937
Car-1,2009-06-19 09:51:06,116.410484,39.967951
Car-1,2009-06-19 09:51:08,116.410484,39.967947
Car-1,2009-06-19 09:51:10,116.410479,39.967939
Car-1,2009-06-19 09:51:12,116.410446,39.967932
Car-1,2009-06-19 09:51:14,116.410404,39.967927
Car-1,2009-06-19 09:51:16,116.410366,39.967922
Car-1,2009-06-19 09:51:18,116.410344,39.967923
Car-1,2009-06-19 09:51:20,116.410335,39.967928
Car-1,2009-06-19 09:51:22,116.410334,39.967935
Car-1,2009-06-19 09:51:24,116.410333,39.967939
Car-1,2009-06-19 09:51:26,116.410331,39.967945
Car-1,2009-06-19 09:51:28,116.41033,39.967949
Car-1,2009-06-19 09:51:30,116.410341,39.96797
Car-1,2009-06-19 09:51:32,116.410331,39.967978
Car-1,2009-06-19 09:51:34,116.410325,39.967982
Car-1,2009-06-19 09:51:36,116.410313,39.967987
Car-1,2009-06-19 09:51:38,116.410317,39.967997
Car-1,2009-06-19 09:51:40,116.410317,39.967998
Car-1,2009-06-19 09:51:42,116.410317,39.967998
Car-1,2009-06-19 09:51:44,116.41029,39.967989
Car-1,2009-06-19 09:51:46,116.410213,39.967979
Car-1,2009-06-19 09:51:48,116.410142,39.967991
Car-1,2009-06-19 09:51:50,116.410073,39.967979
Car-1,2009-06-19 09:51:52,116.410056,39.967971
Car-1,2009-06-19 09:51:54,116.410054,39.967974
Car-1,2009-06-19 09:51:56,116.410054,39.967974
Car-1,2009-06-19 09:51:58,116.410054,39.967971
Car-1,2009-06-19 09:52:00,116.410054,39.967966
Car-1,2009-06-19 09:52:02,116.410054,39.967963
Car-1,2009-06-19 09:52:04,116.410054,39.967963
Car-1,2009-06-19 09:52:06,116.410054,39.967963
Car-1,2009-06-19 09:52:08,116.410054,39.967963
Car-1,2009-06-19 09:52:10,116.410053,39.967962
Car-1,2009-06-19 09:52:12,116.409955,39.96798
Car-1,2009-06-19 09:52:14,116.40987,39.967999
Car-1,2009-06-19 09:52:16,116.409753,39.968006
Car-1,2009-06-19 09:52:18,116.409629,39.967995
Car-1,2009-06-19 09:52:20,116.409491,39.967973
Car-1,2009-06-19 09:52:22,116.409346,39.967942
Car-1,2009-06-19 09:52:24,116.409168,39.967911
Car-1,2009-06-19 09:52:26,116.40898,39.967892
Car-1,2009-06-19 09:52:28,116.408775,39.96788
Car-1,2009-06-19 09:52:30,116.408566,39.967873
Car-1,2009-06-19 09:52:32,116.408333,39.96786
Car-1,2009-06-19 09:52:34,116.408114,39.967866
Car-1,2009-06-19 09:52:36,116.407898,39.967874
Car-1,2009-06-19 09:52:38,116.407696,39.967876
Car-1,2009-06-19 09:52:40,116.407517,39.967864
Car-1,2009-06-19 09:52:42,116.407376,39.967853
Car-1,2009-06-19 09:52:44,116.407259,39.967847
Car-1,2009-06-19 09:52:46,116.407171,39.967856
Car-1,2009-06-19 09:52:48,116.407086,39.967849
Car-1,2009-06-19 09:52:50,116.407013,39.967831
Car-1,2009-06-19 09:52:52,116.40696,39.967829
Car-1,2009-06-19 09:52:54,116.406898,39.967817
Car-1,2009-06-19 09:52:56,116.406852,39.967793
Car-1,2009-06-19 09:52:58,116.406826,39.967777
Car-1,2009-06-19 09:53:00,116.406802,39.967771
Car-1,2009-06-19 09:53:02,116.40674,39.967752
Car-1,2009-06-19 09:53:04,116.406655,39.967726
Car-1,2009-06-19 09:53:06,116.406553,39.967699
Car-1,2009-06-19 09:53:08,116.406469,39.967684
Car-1,2009-06-19 09:53:10,116.40639,39.967678
Car-1,2009-06-19 09:53:12,116.406328,39.967683
Car-1,2009-06-19 09:53:14,116.406254,39.967689
Car-1,2009-06-19 09:53:16,116.406185,39.967686
Car-1,2009-06-19 09:53:18,116.406065,39.967702
Car-1,2009-06-19 09:53:20,116.406026,39.967706
Car-1,2009-06-19 09:53:22,116.405983,39.967729
Car-1,2009-06-19 09:53:24,116.40593,39.967748
Car-1,2009-06-19 09:53:26,116.405838,39.967746
Car-1,2009-06-19 09:53:28,116.405726,39.967772
Car-1,2009-06-19 09:53:30,116.405645,39.967791
Car-1,2009-06-19 09:53:32,116.405525,39.967767
Car-1,2009-06-19 09:53:34,116.405409,39.967765
Car-1,2009-06-19 09:53:36,116.405286,39.96777
Car-1,2009-06-19 09:53:38,116.405148,39.967784
Car-1,2009-06-19 09:53:40,116.40501,39.967788
Car-1,2009-06-19 09:53:42,116.40487,39.967789
Car-1,2009-06-19 09:53:44,116.40466,39.967802
Car-1,2009-06-19 09:53:46,116.404455,39.967759
Car-1,2009-06-19 09:53:48,116.40426,39.96775
Car-1,2009-06-19 09:53:50,116.404064,39.967779
Car-1,2009-06-19 09:53:52,116.403872,39.967811
Car-1,2009-06-19 09:53:54,116.403631,39.967821
Car-1,2009-06-19 09:53:56,116.40338,39.967791
Car-1,2009-06-19 09:53:58,116.403145,39.9678
Car-1,2009-06-19 09:54:00,116.402893,39.967792
Car-1,2009-06-19 09:54:02,116.402611,39.96779
Car-1,2009-06-19 09:54:04,116.402305,39.96784
Car-1,2009-06-19 09:54:06,116.402,39.967837
Car-1,2009-06-19 09:54:08,116.401746,39.96783
Car-1,2009-06-19 09:54:10,116.401454,39.967797
Car-1,2009-06-19 09:54:12,116.401138,39.96777
Car-1,2009-06-19 09:54:14,116.400832,39.967749
Car-1,2009-06-19 09:54:16,116.400525,39.967718
Car-1,2009-06-19 09:54:18,116.400205,39.967678
Car-1,2009-06-19 09:54:20,116.399934,39.967653
Car-1,2009-06-19 09:54:22,116.39967,39.967624
Car-1,2009-06-19 09:54:24,116.399411,39.9676
Car-1,2009-06-19 09:54:26,116.39913,39.967577
Car-1,2009-06-19 09:54:28,116.398834,39.967546
Car-1,2009-06-19 09:54:30,116.398515,39.967528
Car-1,2009-06-19 09:54:32,116.398221,39.967519
Car-1,2009-06-19 09:54:34,116.397933,39.967504
Car-1,2009-06-19 09:54:36,116.397681,39.967515
Car-1,2009-06-19 09:54:38,116.397474,39.967538
Car-1,2009-06-19 09:54:40,116.39727,39.967553
Car-1,2009-06-19 09:54:42,116.397088,39.967561
Car-1,2009-06-19 09:54:44,116.396927,39.96757
Car-1,2009-06-19 09:54:46,116.396778,39.96758
Car-1,2009-06-19 09:54:48,116.396613,39.96758
Car-1,2009-06-19 09:54:50,116.396445,39.96759
Car-1,2009-06-19 09:54:52,116.396281,39.967592
Car-1,2009-06-19 09:54:54,116.396109,39.96758
Car-1,2009-06-19 09:54:56,116.395943,39.967572
Car-1,2009-06-19 09:54:58,116.395802,39.967566
Car-1,2009-06-19 09:55:00,116.395656,39.967554
Car-1,2009-06-19 09:55:02,116.395514,39.967553
Car-1,2009-06-19 09:55:04,116.395373,39.967552
Car-1,2009-06-19 09:55:06,116.395251,39.967546
Car-1,2009-06-19 09:55:08,116.395154,39.967545
Car-1,2009-06-19 09:55:10,116.395086,39.967549
Car-1,2009-06-19 09:55:12,116.395041,39.967554
Car-1,2009-06-19 09:55:14,116.395008,39.967554
Car-1,2009-06-19 09:55:16,116.394981,39.967565
Car-1,2009-06-19 09:55:18,116.394942,39.967564
Car-1,2009-06-19 09:55:20,116.394918,39.967566
Car-1,2009-06-19 09:55:22,116.394898,39.967571
Car-1,2009-06-19 09:55:24,116.39488,39.967574
Car-1,2009-06-19 09:55:26,116.394866,39.967575
Car-1,2009-06-19 09:55:28,116.394864,39.967576
Car-1,2009-06-19 09:55:30,116.394864,39.967572
Car-1,2009-06-19 09:55:32,116.394865,39.967566
Car-1,2009-06-19 09:55:34,116.394866,39.967559
Car-1,2009-06-19 09:55:36,116.394865,39.967546
Car-1,2009-06-19 09:55:38,116.394862,39.967529
Car-1,2009-06-19 09:55:40,116.394851,39.967509
Car-1,2009-06-19 09:55:42,116.394813,39.967486
Car-1,2009-06-19 09:55:44,116.394731,39.967478
Car-1,2009-06-19 09:55:46,116.394623,39.967488
Car-1,2009-06-19 09:55:48,116.394492,39.967483
Car-1,2009-06-19 09:55:50,116.394293,39.967506
Car-1,2009-06-19 09:55:52,116.394116,39.967509
Car-1,2009-06-19 09:55:54,116.393931,39.967494
Car-1,2009-06-19 09:55:56,116.393781,39.967473
Car-1,2009-06-19 09:55:58,116.393633,39.967456
Car-1,2009-06-19 09:56:00,116.393478,39.967429
Car-1,2009-06-19 09:56:02,116.393341,39.967419
Car-1,2009-06-19 09:56:04,116.393243,39.967411
Car-1,2009-06-19 09:56:06,116.39318,39.967398
Car-1,2009-06-19 09:56:08,116.393134,39.967378
Car-1,2009-06-19 09:56:10,116.393094,39.967358
Car-1,2009-06-19 09:56:12,116.393088,39.967352
Car-1,2009-06-19 09:56:14,116.393088,39.967349
Car-1,2009-06-19 09:56:16,116.393089,39.967346
Car-1,2009-06-19 09:56:18,116.393089,39.967346
Car-1,2009-06-19 09:56:20,116.393088,39.967347
Car-1,2009-06-19 09:56:22,116.393087,39.967346
Car-1,2009-06-19 09:56:24,116.393086,39.967345
Car-1,2009-06-19 09:56:26,116.393085,39.967345
Car-1,2009-06-19 09:56:28,116.393084,39.967345
Car-1,2009-06-19 09:56:30,116.393084,39.967346
Car-1,2009-06-19 09:56:32,116.393083,39.967346
Car-1,2009-06-19 09:56:34,116.393083,39.967345
Car-1,2009-06-19 09:56:36,116.393083,39.967347
Car-1,2009-06-19 09:56:38,116.393081,39.967349
Car-1,2009-06-19 09:56:40,116.393036,39.96734
Car-1,2009-06-19 09:56:42,116.392959,39.967317
Car-1,2009-06-19 09:56:44,116.39284,39.967267
Car-1,2009-06-19 09:56:46,116.392692,39.967232
Car-1,2009-06-19 09:56:48,116.392562,39.967203
Car-1,2009-06-19 09:56:50,116.392469,39.967194
Car-1,2009-06-19 09:56:52,116.39242,39.967181
Car-1,2009-06-19 09:56:54,116.392375,39.967164
Car-1,2009-06-19 09:56:56,116.392345,39.967196
Car-1,2009-06-19 09:56:58,116.392314,39.9672
Car-1,2009-06-19 09:57:00,116.392281,39.967186
Car-1,2009-06-19 09:57:02,116.392238,39.967163
Car-1,2009-06-19 09:57:04,116.392171,39.967092
Car-1,2009-06-19 09:57:06,116.392121,39.967041
Car-1,2009-06-19 09:57:08,116.392069,39.967016
Car-1,2009-06-19 09:57:10,116.392006,39.966986
Car-1,2009-06-19 09:57:12,116.391906,39.966991
Car-1,2009-06-19 09:57:14,116.39181,39.96701
Car-1,2009-06-19 09:57:16,116.391599,39.966967
Car-1,2009-06-19 09:57:18,116.391371,39.966932
Car-1,2009-06-19 09:57:20,116.391226,39.966948
Car-1,2009-06-19 09:57:22,116.391105,39.966941
Car-1,2009-06-19 09:57:24,116.390992,39.966944
Car-1,2009-06-19 09:57:26,116.390873,39.966892
Car-1,2009-06-19 09:57:28,116.3908,39.966871
Car-1,2009-06-19 09:57:30,116.390724,39.966891
Car-1,2009-06-19 09:57:32,116.390652,39.966932
Car-1,2009-06-19 09:57:34,116.390542,39.966965
Car-1,2009-06-19 09:57:36,116.390472,39.966964
Car-1,2009-06-19 09:57:38,116.390431,39.966973
Car-1,2009-06-19 09:57:40,116.390393,39.966985
Car-1,2009-06-19 09:57:42,116.390324,39.96702
Car-1,2009-06-19 09:57:44,116.390262,39.967004
Car-1,2009-06-19 09:57:46,116.39022,39.966991
Car-1,2009-06-19 09:57:48,116.390138,39.967039
Car-1,2009-06-19 09:57:50,116.390044,39.967051
Car-1,2009-06-19 09:57:52,116.389874,39.967036
Car-1,2009-06-19 09:57:54,116.389728,39.967054
Car-1,2009-06-19 09:57:56,116.389564,39.967079
Car-1,2009-06-19 09:57:58,116.389367,39.967083
Car-1,2009-06-19 09:58:00,116.389136,39.967075
Car-1,2009-06-19 09:58:02,116.388903,39.967062
Car-1,2009-06-19 09:58:04,116.388675,39.967047
Car-1,2009-06-19 09:58:06,116.388429,39.967009
Car-1,2009-06-19 09:58:08,116.38821,39.966974
Car-1,2009-06-19 09:58:10,116.388064,39.966992
Car-1,2009-06-19 09:58:12,116.387894,39.967026
Car-1,2009-06-19 09:58:14,116.387725,39.967066
Car-1,2009-06-19 09:58:16,116.387606,39.967082
Car-1,2009-06-19 09:58:18,116.387521,39.967101
Car-1,2009-06-19 09:58:20,116.387501,39.967106
Car-1,2009-06-19 09:58:22,116.387372,39.967209
Car-1,2009-06-19 09:58:24,116.387353,39.967204
Car-1,2009-06-19 09:58:26,116.387338,39.967218
Car-1,2009-06-19 09:58:28,116.387284,39.967239
Car-1,2009-06-19 09:58:30,116.38719,39.967237
Car-1,2009-06-19 09:58:32,116.387086,39.967234
Car-1,2009-06-19 09:58:34,116.386988,39.967245
Car-1,2009-06-19 09:58:36,116.386868,39.967238
Car-1,2009-06-19 09:58:38,116.386772,39.967237
Car-1,2009-06-19 09:58:40,116.386686,39.967233
Car-1,2009-06-19 09:58:42,116.386598,39.967225
Car-1,2009-06-19 09:58:44,116.386507,39.967217
Car-1,2009-06-19 09:58:46,116.386424,39.967207
Car-1,2009-06-19 09:58:48,116.386323,39.967206
Car-1,2009-06-19 09:58:50,116.386212,39.967208
Car-1,2009-06-19 09:58:52,116.386105,39.967212
Car-1,2009-06-19 09:58:54,116.386005,39.967198
Car-1,2009-06-19 09:58:56,116.385911,39.96719
Car-1,2009-06-19 09:58:58,116.385783,39.967177
Car-1,2009-06-19 09:59:00,116.385663,39.96717
Car-1,2009-06-19 09:59:02,116.38556,39.967175
Car-1,2009-06-19 09:59:04,116.385458,39.967166
Car-1,2009-06-19 09:59:06,116.385365,39.967156
Car-1,2009-06-19 09:59:08,116.385269,39.967147
Car-1,2009-06-19 09:59:10,116.385161,39.967152
Car-1,2009-06-19 09:59:12,116.385037,39.967172
Car-1,2009-06-19 09:59:14,116.384895,39.967181
Car-1,2009-06-19 09:59:16,116.384754,39.967189
Car-1,2009-06-19 09:59:18,116.384615,39.967189
Car-1,2009-06-19 09:59:20,116.384472,39.967157
Car-1,2009-06-19 09:59:22,116.384347,39.967167
Car-1,2009-06-19 09:59:24,116.384238,39.967159
Car-1,2009-06-19 09:59:26,116.384093,39.967171
Car-1,2009-06-19 09:59:28,116.383935,39.967157
Car-1,2009-06-19 09:59:30,116.383916,39.967143
Car-1,2009-06-19 09:59:32,116.383915,39.96714
Car-1,2009-06-19 09:59:34,116.383919,39.96714
Car-1,2009-06-19 09:59:36,116.383923,39.967141
Car-1,2009-06-19 09:59:38,116.383926,39.967142
Car-1,2009-06-19 09:59:40,116.383867,39.967156
Car-1,2009-06-19 09:59:42,116.383752,39.967159
Car-1,2009-06-19 09:59:44,116.383642,39.967163
Car-1,2009-06-19 09:59:46,116.383546,39.967169
Car-1,2009-06-19 09:59:48,116.383466,39.967178
Car-1,2009-06-19 09:59:50,116.383435,39.967172
Car-1,2009-06-19 09:59:52,116.383427,39.967176
Car-1,2009-06-19 09:59:54,116.383417,39.967178
Car-1,2009-06-19 09:59:56,116.383393,39.967185
Car-1,2009-06-19 09:59:58,116.38337,39.967191
Car-1,2009-06-19 10:00:00,116.383336,39.967197
Car-1,2009-06-19 10:00:02,116.383295,39.967198
Car-1,2009-06-19 10:00:04,116.383251,39.967195
Car-1,2009-06-19 10:00:06,116.383193,39.967203
Car-1,2009-06-19 10:00:08,116.383105,39.967206
Car-1,2009-06-19 10:00:10,116.382988,39.967195
Car-1,2009-06-19 10:00:12,116.382887,39.967175
Car-1,2009-06-19 10:00:14,116.382783,39.967155
Car-1,2009-06-19 10:00:16,116.3827,39.967126
Car-1,2009-06-19 10:00:18,116.382629,39.967094
Car-1,2009-06-19 10:00:20,116.382614,39.967093
Car-1,2009-06-19 10:00:22,116.382605,39.967091
Car-1,2009-06-19 10:00:24,116.382594,39.96709
Car-1,2009-06-19 10:00:26,116.382508,39.967085
Car-1,2009-06-19 10:00:28,116.382384,39.96709
Car-1,2009-06-19 10:00:30,116.382257,39.967092
Car-1,2009-06-19 10:00:32,116.382159,39.96711
Car-1,2009-06-19 10:00:34,116.382067,39.967124
Car-1,2009-06-19 10:00:36,116.381983,39.967141
Car-1,2009-06-19 10:00:38,116.381889,39.967145
Car-1,2009-06-19 10:00:40,116.381806,39.967161
Car-1,2009-06-19 10:00:42,116.381714,39.967183
Car-1,2009-06-19 10:00:44,116.381591,39.967196
Car-1,2009-06-19 10:00:46,116.381469,39.967197
Car-1,2009-06-19 10:00:48,116.381335,39.967188
Car-1,2009-06-19 10:00:50,116.381175,39.967192
Car-1,2009-06-19 10:00:52,116.381016,39.967199
Car-1,2009-06-19 10:00:54,116.380884,39.967203
Car-1,2009-06-19 10:00:56,116.380773,39.96721
Car-1,2009-06-19 10:00:58,116.380675,39.967195
Car-1,2009-06-19 10:01:00,116.380581,39.967185
Car-1,2009-06-19 10:01:02,116.380473,39.967189
Car-1,2009-06-19 10:01:04,116.380368,39.967196
Car-1,2009-06-19 10:01:06,116.380279,39.967196
Car-1,2009-06-19 10:01:08,116.380166,39.967211
Car-1,2009-06-19 10:01:10,116.380052,39.967214
Car-1,2009-06-19 10:01:12,116.379934,39.967207
Car-1,2009-06-19 10:01:14,116.379844,39.967199
Car-1,2009-06-19 10:01:16,116.379752,39.967191
Car-1,2009-06-19 10:01:18,116.379651,39.967197
Car-1,2009-06-19 10:01:20,116.379521,39.967221
Car-1,2009-06-19 10:01:22,116.379385,39.967233
Car-1,2009-06-19 10:01:24,116.379223,39.967226
Car-1,2009-06-19 10:01:26,116.379029,39.967213
Car-1,2009-06-19 10:01:28,116.378825,39.967204
Car-1,2009-06-19 10:01:30,116.37862,39.967182
Car-1,2009-06-19 10:01:32,116.378413,39.967158
Car-1,2009-06-19 10:01:34,116.3782,39.967137
Car-1,2009-06-19 10:01:36,116.377996,39.967122
Car-1,2009-06-19 10:01:38,116.377817,39.967109
Car-1,2009-06-19 10:01:40,116.377662,39.967099
Car-1,2009-06-19 10:01:42,116.377524,39.967085
Car-1,2009-06-19 10:01:44,116.377397,39.967063
Car-1,2009-06-19 10:01:46,116.377281,39.967051
Car-1,2009-06-19 10:01:48,116.377194,39.967039
Car-1,2009-06-19 10:01:50,116.377141,39.967025
Car-1,2009-06-19 10:01:52,116.377117,39.96702
Car-1,2009-06-19 10:01:54,116.377123,39.967017
Car-1,2009-06-19 10:01:56,116.377129,39.967017
Car-1,2009-06-19 10:01:58,116.377128,39.967017
Car-1,2009-06-19 10:02:00,116.377126,39.967017
Car-1,2009-06-19 10:02:02,116.377118,39.967018
Car-1,2009-06-19 10:02:04,116.377085,39.967018
Car-1,2009-06-19 10:02:06,116.377048,39.967026
Car-1,2009-06-19 10:02:08,116.377047,39.967033
Car-1,2009-06-19 10:02:10,116.377045,39.967039
Car-1,2009-06-19 10:02:12,116.37703,39.967044
Car-1,2009-06-19 10:02:14,116.376988,39.967049
Car-1,2009-06-19 10:02:16,116.376926,39.967047
Car-1,2009-06-19 10:02:18,116.376858,39.967046
Car-1,2009-06-19 10:02:20,116.376784,39.967038
Car-1,2009-06-19 10:02:22,116.376707,39.967023
Car-1,2009-06-19 10:02:24,116.376627,39.967004
Car-1,2009-06-19 10:02:26,116.376545,39.966989
Car-1,2009-06-19 10:02:28,116.376454,39.96698
Car-1,2009-06-19 10:02:30,116.376367,39.96698
Car-1,2009-06-19 10:02:32,116.376269,39.966979
Car-1,2009-06-19 10:02:34,116.376175,39.966979
Car-1,2009-06-19 10:02:36,116.37612,39.966988
Car-1,2009-06-19 10:02:38,116.376085,39.966979
Car-1,2009-06-19 10:02:40,116.376041,39.966979
Car-1,2009-06-19 10:02:42,116.375959,39.966974
Car-1,2009-06-19 10:02:44,116.3759,39.966991
Car-1,2009-06-19 10:02:46,116.375855,39.967012
Car-1,2009-06-19 10:02:48,116.375807,39.967023
Car-1,2009-06-19 10:02:50,116.375751,39.967018
Car-1,2009-06-19 10:02:52,116.375684,39.967008
Car-1,2009-06-19 10:02:54,116.375596,39.967
Car-1,2009-06-19 10:02:56,116.375507,39.966997
Car-1,2009-06-19 10:02:58,116.375405,39.967001
Car-1,2009-06-19 10:03:00,116.375291,39.967033
Car-1,2009-06-19 10:03:02,116.375198,39.967039
Car-1,2009-06-19 10:03:04,116.375121,39.967045
Car-1,2009-06-19 10:03:06,116.375031,39.967061
Car-1,2009-06-19 10:03:08,116.374927,39.967072
Car-1,2009-06-19 10:03:10,116.374827,39.967075
Car-1,2009-06-19 10:03:12,116.37473,39.967053
Car-1,2009-06-19 10:03:14,116.374678,39.967042
Car-1,2009-06-19 10:03:16,116.374623,39.967043
Car-1,2009-06-19 10:03:18,116.374557,39.967053
Car-1,2009-06-19 10:03:20,116.37447,39.967061
Car-1,2009-06-19 10:03:22,116.374381,39.967072
Car-1,2009-06-19 10:03:24,116.374292,39.967071
Car-1,2009-06-19 10:03:26,116.374202,39.967052
Car-1,2009-06-19 10:03:28,116.374108,39.967023
Car-1,2009-06-19 10:03:34,116.372673,39.966851
Car-1,2009-06-19 10:03:38,116.373034,39.967007
Car-1,2009-06-19 10:03:40,116.373241,39.967037
Car-1,2009-06-19 10:03:42,116.373175,39.967012
Car-1,2009-06-19 10:03:44,116.373093,39.966977
Car-1,2009-06-19 10:03:46,116.373019,39.966951
Car-1,2009-06-19 10:03:48,116.372976,39.966954
Car-1,2009-06-19 10:03:50,116.372937,39.96694
Car-1,2009-06-19 10:03:52,116.372912,39.966933
Car-1,2009-06-19 10:03:54,116.372871,39.966934
Car-1,2009-06-19 10:03:56,116.372799,39.96692
Car-1,2009-06-19 10:03:58,116.372691,39.966913
Car-1,2009-06-19 10:04:00,116.372606,39.96693
Car-1,2009-06-19 10:04:02,116.372555,39.966948
Car-1,2009-06-19 10:04:04,116.372506,39.966971
Car-1,2009-06-19 10:04:06,116.372459,39.966991
Car-1,2009-06-19 10:04:08,116.372397,39.966998
Car-1,2009-06-19 10:04:10,116.372333,39.967002
Car-1,2009-06-19 10:04:12,116.372274,39.967
Car-1,2009-06-19 10:04:14,116.372209,39.966998
Car-1,2009-06-19 10:04:16,116.37213,39.966999
Car-1,2009-06-19 10:04:18,116.372037,39.967013
Car-1,2009-06-19 10:04:20,116.371957,39.967026
Car-1,2009-06-19 10:04:22,116.371888,39.967037
Car-1,2009-06-19 10:04:24,116.371838,39.96704
Car-1,2009-06-19 10:04:26,116.371805,39.967025
Car-1,2009-06-19 10:04:28,116.371772,39.967006
Car-1,2009-06-19 10:04:30,116.371741,39.966984
Car-1,2009-06-19 10:04:32,116.371714,39.966962
Car-1,2009-06-19 10:04:34,116.37169,39.966935
Car-1,2009-06-19 10:04:36,116.371676,39.966921
Car-1,2009-06-19 10:04:38,116.371659,39.966915
Car-1,2009-06-19 10:04:40,116.371632,39.966913
Car-1,2009-06-19 10:04:42,116.371591,39.966916
Car-1,2009-06-19 10:04:44,116.371534,39.96693
Car-1,2009-06-19 10:04:46,116.371476,39.966929
Car-1,2009-06-19 10:04:48,116.37144,39.966926
Car-1,2009-06-19 10:04:50,116.371408,39.966916
Car-1,2009-06-19 10:04:52,116.371393,39.966903
Car-1,2009-06-19 10:04:54,116.371352,39.966907
Car-1,2009-06-19 10:04:56,116.371298,39.966911
Car-1,2009-06-19 10:04:58,116.371237,39.966903
Car-1,2009-06-19 10:05:00,116.371168,39.966901
Car-1,2009-06-19 10:05:02,116.371101,39.9669
Car-1,2009-06-19 10:05:04,116.371057,39.9669
Car-1,2009-06-19 10:05:06,116.371012,39.966891
Car-1,2009-06-19 10:05:08,116.370965,39.966879
Car-1,2009-06-19 10:05:10,116.370921,39.96687
Car-1,2009-06-19 10:05:12,116.370886,39.966859
Car-1,2009-06-19 10:05:14,116.370847,39.966855
Car-1,2009-06-19 10:05:16,116.370828,39.966848
Car-1,2009-06-19 10:05:18,116.370825,39.966843
Car-1,2009-06-19 10:05:20,116.370831,39.966843
Car-1,2009-06-19 10:05:22,116.37084,39.966844
Car-1,2009-06-19 10:05:24,116.370851,39.966852
Car-1,2009-06-19 10:05:26,116.370852,39.966852
Car-1,2009-06-19 10:05:28,116.370851,39.966852
Car-1,2009-06-19 10:05:30,116.37085,39.966851
Car-1,2009-06-19 10:05:32,116.370854,39.96685
Car-1,2009-06-19 10:05:34,116.370854,39.96685
Car-1,2009-06-19 10:05:36,116.370806,39.966847
Car-1,2009-06-19 10:05:38,116.370756,39.96684
Car-1,2009-06-19 10:05:40,116.370719,39.966844
Car-1,2009-06-19 10:05:42,116.370682,39.966846
Car-1,2009-06-19 10:05:44,116.370633,39.966828
Car-1,2009-06-19 10:05:46,116.370583,39.966803
Car-1,2009-06-19 10:05:48,116.370533,39.966772
Car-1,2009-06-19 10:05:50,116.370498,39.966772
Car-1,2009-06-19 10:05:52,116.370468,39.966767
Car-1,2009-06-19 10:05:54,116.370411,39.966756
Car-1,2009-06-19 10:05:56,116.37035,39.966738
Car-1,2009-06-19 10:05:58,116.370276,39.966725
Car-1,2009-06-19 10:06:00,116.370113,39.966758
Car-1,2009-06-19 10:06:02,116.369887,39.966753
Car-1,2009-06-19 10:06:04,116.369628,39.966769
Car-1,2009-06-19 10:06:06,116.369384,39.966765
Car-1,2009-06-19 10:06:08,116.369147,39.966774
Car-1,2009-06-19 10:06:10,116.368873,39.966763
Car-1,2009-06-19 10:06:12,116.368625,39.966769
Car-1,2009-06-19 10:06:14,116.368373,39.96677
Car-1,2009-06-19 10:06:16,116.368137,39.96677
Car-1,2009-06-19 10:06:18,116.367937,39.966784
Car-1,2009-06-19 10:06:20,116.367786,39.966802
Car-1,2009-06-19 10:06:22,116.367714,39.966797
Car-1,2009-06-19 10:06:24,116.367686,39.966794
Car-1,2009-06-19 10:06:26,116.367704,39.966795
Car-1,2009-06-19 10:06:28,116.367714,39.966798
Car-1,2009-06-19 10:06:30,116.367722,39.966798
Car-1,2009-06-19 10:06:32,116.367728,39.966798
Car-1,2009-06-19 10:06:34,116.367735,39.966798
Car-1,2009-06-19 10:06:36,116.367728,39.9668
Car-1,2009-06-19 10:06:38,116.367658,39.966815
Car-1,2009-06-19 10:06:40,116.367584,39.966831
Car-1,2009-06-19 10:06:42,116.367497,39.966843
Car-1,2009-06-19 10:06:44,116.367394,39.966857
Car-1,2009-06-19 10:06:46,116.367246,39.966853
Car-1,2009-06-19 10:06:48,116.367042,39.96683
Car-1,2009-06-19 10:06:50,116.366791,39.966821
Car-1,2009-06-19 10:06:52,116.366554,39.966813
Car-1,2009-06-19 10:06:54,116.366339,39.966796
Car-1,2009-06-19 10:06:56,116.366172,39.966777
Car-1,2009-06-19 10:06:58,116.366031,39.966754
Car-1,2009-06-19 10:07:00,116.365946,39.966708
Car-1,2009-06-19 10:07:02,116.365892,39.966677
Car-1,2009-06-19 10:07:04,116.365898,39.96666
Car-1,2009-06-19 10:07:06,116.365916,39.966638
Car-1,2009-06-19 10:07:08,116.365917,39.966614
Car-1,2009-06-19 10:07:10,116.365877,39.966592
Car-1,2009-06-19 10:07:12,116.365792,39.966585
Car-1,2009-06-19 10:07:14,116.365674,39.966594
Car-1,2009-06-19 10:07:16,116.365556,39.966594
Car-1,2009-06-19 10:07:18,116.365461,39.966601
Car-1,2009-06-19 10:07:20,116.36538,39.966611
Car-1,2009-06-19 10:07:22,116.365277,39.966615
Car-1,2009-06-19 10:07:24,116.36518,39.966625
Car-1,2009-06-19 10:07:26,116.365079,39.966661
Car-1,2009-06-19 10:07:28,116.364986,39.966699
Car-1,2009-06-19 10:07:30,116.364917,39.96672
Car-1,2009-06-19 10:07:32,116.364827,39.966741
Car-1,2009-06-19 10:07:34,116.364704,39.966807
Car-1,2009-06-19 10:09:44,116.364425,39.966951
Car-1,2009-06-19 10:09:46,116.364354,39.966999
Car-1,2009-06-19 10:09:48,116.36425,39.967036
Car-1,2009-06-19 10:09:50,116.364176,39.967066
Car-1,2009-06-19 10:09:52,116.364109,39.967078
Car-1,2009-06-19 10:09:54,116.364052,39.967083
Car-1,2009-06-19 10:09:56,116.363964,39.967079
Car-1,2009-06-19 10:09:58,116.363848,39.967073
Car-1,2009-06-19 10:10:00,116.363704,39.967052
Car-1,2009-06-19 10:10:02,116.363531,39.967028
Car-1,2009-06-19 10:10:04,116.363335,39.967022
Car-1,2009-06-19 10:10:06,116.363166,39.967022
Car-1,2009-06-19 10:10:08,116.36299,39.967009
Car-1,2009-06-19 10:10:10,116.362817,39.966988
Car-1,2009-06-19 10:10:12,116.362645,39.966976
Car-1,2009-06-19 10:10:14,116.362471,39.966972
Car-1,2009-06-19 10:10:16,116.362293,39.966967
Car-1,2009-06-19 10:10:18,116.362105,39.96696
Car-1,2009-06-19 10:10:20,116.361916,39.966955
Car-1,2009-06-19 10:10:22,116.361748,39.966934
Car-1,2009-06-19 10:10:24,116.361621,39.966911
Car-1,2009-06-19 10:10:26,116.36152,39.966883
Car-1,2009-06-19 10:10:28,116.361437,39.966849
Car-1,2009-06-19 10:10:30,116.361368,39.966803
Car-1,2009-06-19 10:10:32,116.36132,39.966767
Car-1,2009-06-19 10:10:34,116.361292,39.96675
Car-1,2009-06-19 10:10:36,116.361279,39.966741
Car-1,2009-06-19 10:10:38,116.361277,39.966741
Car-1,2009-06-19 10:10:40,116.361272,39.966741
Car-1,2009-06-19 10:10:42,116.361268,39.966741
Car-1,2009-06-19 10:10:44,116.361262,39.96674
Car-1,2009-06-19 10:10:46,116.361255,39.96674
Car-1,2009-06-19 10:10:48,116.361244,39.966741
Car-1,2009-06-19 10:10:50,116.361231,39.966743
Car-1,2009-06-19 10:10:52,116.361191,39.96674
Car-1,2009-06-19 10:10:54,116.361129,39.966743
Car-1,2009-06-19 10:10:56,116.361047,39.966748
Car-1,2009-06-19 10:10:58,116.360954,39.966756
Car-1,2009-06-19 10:11:00,116.36088,39.966774
Car-1,2009-06-19 10:11:02,116.360856,39.966786
Car-1,2009-06-19 10:11:04,116.360854,39.96679
Car-1,2009-06-19 10:11:06,116.360847,39.966786
Car-1,2009-06-19 10:11:08,116.360852,39.96678
Car-1,2009-06-19 10:11:10,116.360846,39.966775
Car-1,2009-06-19 10:11:12,116.360845,39.966774
Car-1,2009-06-19 10:11:14,116.360836,39.966778
Car-1,2009-06-19 10:11:16,116.360823,39.966782
Car-1,2009-06-19 10:11:18,116.360799,39.966777
Car-1,2009-06-19 10:11:20,116.360766,39.966773
Car-1,2009-06-19 10:11:22,116.360722,39.966763
Car-1,2009-06-19 10:11:24,116.360658,39.966765
Car-1,2009-06-19 10:11:26,116.360571,39.966762
Car-1,2009-06-19 10:11:28,116.360492,39.966755
Car-1,2009-06-19 10:11:30,116.360414,39.966755
Car-1,2009-06-19 10:11:32,116.360328,39.966755
Car-1,2009-06-19 10:11:34,116.360239,39.966754
Car-1,2009-06-19 10:11:36,116.360163,39.966742
Car-1,2009-06-19 10:11:38,116.360105,39.966726
Car-1,2009-06-19 10:11:40,116.360059,39.966708
Car-1,2009-06-19 10:11:42,116.360014,39.966695
Car-1,2009-06-19 10:11:44,116.359947,39.966686
Car-1,2009-06-19 10:11:46,116.35985,39.966676
Car-1,2009-06-19 10:11:48,116.359724,39.966663
Car-1,2009-06-19 10:11:50,116.359567,39.966663
Car-1,2009-06-19 10:11:52,116.359405,39.966668
Car-1,2009-06-19 10:11:54,116.359219,39.966662
Car-1,2009-06-19 10:11:56,116.35902,39.966662
Car-1,2009-06-19 10:11:58,116.358803,39.966655
Car-1,2009-06-19 10:12:00,116.358548,39.966654
Car-1,2009-06-19 10:12:02,116.358251,39.966634
Car-1,2009-06-19 10:12:04,116.357943,39.966607
Car-1,2009-06-19 10:12:06,116.357653,39.966599
Car-1,2009-06-19 10:12:08,116.357349,39.966607
Car-1,2009-06-19 10:12:10,116.357046,39.966602
Car-1,2009-06-19 10:12:12,116.356721,39.96661
Car-1,2009-06-19 10:12:14,116.3564,39.966599
Car-1,2009-06-19 10:12:16,116.356096,39.96659
Car-1,2009-06-19 10:12:18,116.355786,39.966579
Car-1,2009-06-19 10:12:20,116.355476,39.966571
Car-1,2009-06-19 10:12:22,116.355165,39.966569
Car-1,2009-06-19 10:12:24,116.354859,39.966568
Car-1,2009-06-19 10:12:26,116.354549,39.966557
Car-1,2009-06-19 10:12:28,116.354256,39.96655
Car-1,2009-06-19 10:12:30,116.353971,39.966554
Car-1,2009-06-19 10:12:32,116.353709,39.966556
Car-1,2009-06-19 10:12:34,116.353478,39.966548
Car-1,2009-06-19 10:12:36,116.353288,39.966547
Car-1,2009-06-19 10:12:38,116.35313,39.966547
Car-1,2009-06-19 10:12:40,116.353029,39.96653
Car-1,2009-06-19 10:12:42,116.352972,39.966533
Car-1,2009-06-19 10:12:44,116.352942,39.966544
Car-1,2009-06-19 10:12:46,116.352884,39.966556
Car-1,2009-06-19 10:12:48,116.352795,39.966568
Car-1,2009-06-19 10:12:50,116.35269,39.966579
Car-1,2009-06-19 10:12:52,116.352565,39.966567
Car-1,2009-06-19 10:12:54,116.352411,39.966554
Car-1,2009-06-19 10:12:56,116.352244,39.96654
Car-1,2009-06-19 10:12:58,116.352069,39.96653
Car-1,2009-06-19 10:13:00,116.3519,39.96653
Car-1,2009-06-19 10:13:02,116.351702,39.966531
Car-1,2009-06-19 10:13:04,116.351486,39.966525
Car-1,2009-06-19 10:13:06,116.351232,39.966538
Car-1,2009-06-19 10:13:08,116.350958,39.966544
Car-1,2009-06-19 10:13:10,116.350678,39.966543
Car-1,2009-06-19 10:13:12,116.350393,39.966535
Car-1,2009-06-19 10:13:14,116.350097,39.966536
Car-1,2009-06-19 10:13:16,116.349812,39.966534
Car-1,2009-06-19 10:13:18,116.349533,39.966531
Car-1,2009-06-19 10:13:20,116.349231,39.966521
Car-1,2009-06-19 10:13:22,116.348945,39.966507
Car-1,2009-06-19 10:13:24,116.34866,39.966496
Car-1,2009-06-19 10:13:26,116.348389,39.966489
Car-1,2009-06-19 10:13:28,116.34814,39.966484
Car-1,2009-06-19 10:13:30,116.347907,39.966485
Car-1,2009-06-19 10:13:32,116.347682,39.966489
Car-1,2009-06-19 10:13:34,116.347468,39.96648
Car-1,2009-06-19 10:13:36,116.347246,39.966479
Car-1,2009-06-19 10:13:38,116.347034,39.966465
Car-1,2009-06-19 10:13:40,116.346839,39.966456
Car-1,2009-06-19 10:13:42,116.346655,39.966458
Car-1,2009-06-19 10:13:44,116.346467,39.966465
Car-1,2009-06-19 10:13:46,116.34628,39.966476
Car-1,2009-06-19 10:13:48,116.346098,39.966487
Car-1,2009-06-19 10:13:50,116.345916,39.966495
Car-1,2009-06-19 10:13:52,116.345735,39.966503
Car-1,2009-06-19 10:13:54,116.345541,39.966515
Car-1,2009-06-19 10:13:56,116.34534,39.966518
Car-1,2009-06-19 10:13:58,116.345122,39.966523
Car-1,2009-06-19 10:14:00,116.344901,39.966521
Car-1,2009-06-19 10:14:02,116.344694,39.966514
Car-1,2009-06-19 10:14:04,116.344478,39.966514
Car-1,2009-06-19 10:14:06,116.344278,39.966517
Car-1,2009-06-19 10:14:08,116.34411,39.966526
Car-1,2009-06-19 10:14:10,116.34396,39.966535
Car-1,2009-06-19 10:14:12,116.343801,39.96653
Car-1,2009-06-19 10:14:14,116.343649,39.966523
Car-1,2009-06-19 10:14:16,116.343501,39.966527
Car-1,2009-06-19 10:14:18,116.343389,39.966527
Car-1,2009-06-19 10:14:20,116.3433,39.966514
Car-1,2009-06-19 10:14:22,116.343221,39.966493
Car-1,2009-06-19 10:14:24,116.343163,39.966478
Car-1,2009-06-19 10:14:26,116.3431,39.96648
Car-1,2009-06-19 10:14:28,116.343014,39.966488
Car-1,2009-06-19 10:14:30,116.342922,39.9665
Car-1,2009-06-19 10:14:32,116.342842,39.966516
Car-1,2009-06-19 10:14:34,116.342781,39.966522
Car-1,2009-06-19 10:14:36,116.342751,39.966522
Car-1,2009-06-19 10:14:38,116.34274,39.966525
Car-1,2009-06-19 10:14:40,116.34274,39.966527
Car-1,2009-06-19 10:14:42,116.342746,39.966527
Car-1,2009-06-19 10:14:44,116.342751,39.966527
Car-1,2009-06-19 10:14:46,116.342753,39.966527
Car-1,2009-06-19 10:14:48,116.342746,39.966527
Car-1,2009-06-19 10:14:50,116.342715,39.966535
Car-1,2009-06-19 10:14:52,116.342664,39.966551
Car-1,2009-06-19 10:14:54,116.342593,39.966561
Car-1,2009-06-19 10:14:56,116.342495,39.96657
Car-1,2009-06-19 10:14:58,116.342385,39.966557
Car-1,2009-06-19 10:15:00,116.342269,39.966539
Car-1,2009-06-19 10:15:02,116.342134,39.966524
Car-1,2009-06-19 10:15:04,116.341977,39.966512
Car-1,2009-06-19 10:15:06,116.341812,39.966507
Car-1,2009-06-19 10:15:08,116.341649,39.966509
Car-1,2009-06-19 10:15:10,116.341498,39.966512
Car-1,2009-06-19 10:15:12,116.341361,39.966514
Car-1,2009-06-19 10:15:14,116.341238,39.966513
Car-1,2009-06-19 10:15:16,116.341102,39.966513
Car-1,2009-06-19 10:15:18,116.340958,39.96652
Car-1,2009-06-19 10:15:20,116.340803,39.966524
Car-1,2009-06-19 10:15:22,116.340563,39.966545
Car-1,2009-06-19 10:15:24,116.340376,39.966555
Car-1,2009-06-19 10:15:26,116.340241,39.966553
Car-1,2009-06-19 10:15:28,116.340105,39.966544
Car-1,2009-06-19 10:15:30,116.339969,39.966533
Car-1,2009-06-19 10:15:32,116.339828,39.966517
Car-1,2009-06-19 10:15:34,116.339694,39.966497
Car-1,2009-06-19 10:15:36,116.33958,39.966485
Car-1,2009-06-19 10:15:38,116.33949,39.966466
Car-1,2009-06-19 10:15:40,116.339406,39.966453
Car-1,2009-06-19 10:15:42,116.339313,39.966441
Car-1,2009-06-19 10:15:44,116.339228,39.966435
Car-1,2009-06-19 10:15:46,116.33913,39.96646
Car-1,2009-06-19 10:15:48,116.339035,39.966482
Car-1,2009-06-19 10:15:50,116.338941,39.966505
Car-1,2009-06-19 10:15:52,116.338854,39.966524
Car-1,2009-06-19 10:15:54,116.338789,39.966524
Car-1,2009-06-19 10:15:56,116.338733,39.966522
Car-1,2009-06-19 10:15:58,116.3387,39.966517
Car-1,2009-06-19 10:16:00,116.338679,39.966515
Car-1,2009-06-19 10:16:02,116.338665,39.966509
Car-1,2009-06-19 10:16:04,116.338662,39.966501
Car-1,2009-06-19 10:16:06,116.338665,39.966485
Car-1,2009-06-19 10:16:08,116.338662,39.966462
Car-1,2009-06-19 10:16:10,116.338663,39.96643
Car-1,2009-06-19 10:16:12,116.338634,39.966415
Car-1,2009-06-19 10:16:14,116.338599,39.966405
Car-1,2009-06-19 10:16:16,116.338579,39.966399
Car-1,2009-06-19 10:16:18,116.338563,39.966404
Car-1,2009-06-19 10:16:20,116.338518,39.966397
Car-1,2009-06-19 10:16:22,116.338465,39.966382
Car-1,2009-06-19 10:16:24,116.338391,39.966368
Car-1,2009-06-19 10:17:00,116.338235,39.966623
Car-1,2009-06-19 10:17:02,116.338106,39.966561
Car-1,2009-06-19 10:17:04,116.338106,39.966561
Car-1,2009-06-19 10:17:06,116.338051,39.966543
Car-1,2009-06-19 10:17:08,116.337967,39.966518
Car-1,2009-06-19 10:17:10,116.337892,39.966495
Car-1,2009-06-19 10:17:12,116.337817,39.966466
Car-1,2009-06-19 10:17:14,116.337766,39.966431
Car-1,2009-06-19 10:17:16,116.337729,39.966392
Car-1,2009-06-19 10:17:18,116.337692,39.966377
Car-1,2009-06-19 10:17:20,116.337634,39.966374
Car-1,2009-06-19 10:17:22,116.337572,39.966388
Car-1,2009-06-19 10:17:24,116.337501,39.966413
Car-1,2009-06-19 10:17:26,116.337423,39.966491
Car-1,2009-06-19 10:17:28,116.337368,39.966513
Car-1,2009-06-19 10:17:30,116.337308,39.966538
Car-1,2009-06-19 10:17:32,116.337217,39.966576
Car-1,2009-06-19 10:17:34,116.337114,39.966575
Car-1,2009-06-19 10:17:36,116.337017,39.966581
Car-1,2009-06-19 10:17:38,116.336934,39.966575
Car-1,2009-06-19 10:17:40,116.336851,39.966569
Car-1,2009-06-19 10:17:42,116.336784,39.966576
Car-1,2009-06-19 10:17:44,116.336759,39.966587
Car-1,2009-06-19 10:17:46,116.336748,39.966593
Car-1,2009-06-19 10:17:48,116.336732,39.966592
Car-1,2009-06-19 10:17:50,116.336694,39.966594
Car-1,2009-06-19 10:17:52,116.336623,39.966607
Car-1,2009-06-19 10:17:54,116.33656,39.966623
Car-1,2009-06-19 10:17:56,116.336528,39.96662
Car-1,2009-06-19 10:17:58,116.336511,39.966616
Car-1,2009-06-19 10:18:00,116.336508,39.966621
Car-1,2009-06-19 10:18:02,116.33647,39.966644
Car-1,2009-06-19 10:18:04,116.336439,39.966664
Car-1,2009-06-19 10:18:06,116.336414,39.966682
Car-1,2009-06-19 10:18:08,116.336393,39.966694
Car-1,2009-06-19 10:18:10,116.336376,39.966704
Car-1,2009-06-19 10:18:12,116.336364,39.966713
Car-1,2009-06-19 10:18:14,116.336352,39.966722
Car-1,2009-06-19 10:18:16,116.336358,39.966734
Car-1,2009-06-19 10:18:18,116.33636,39.966759
Car-1,2009-06-19 10:18:20,116.336354,39.966781
Car-1,2009-06-19 10:18:22,116.336355,39.966796
Car-1,2009-06-19 10:18:24,116.33636,39.966799
Car-1,2009-06-19 10:18:26,116.336366,39.966798
Car-1,2009-06-19 10:18:28,116.336378,39.966804
Car-1,2009-06-19 10:18:30,116.33639,39.966808
Car-1,2009-06-19 10:18:32,116.336394,39.966807
Car-1,2009-06-19 10:18:34,116.336392,39.966806
Car-1,2009-06-19 10:18:36,116.336395,39.966766
Car-1,2009-06-19 10:18:38,116.336383,39.966752
Car-1,2009-06-19 10:18:40,116.33638,39.966751
Car-1,2009-06-19 10:18:42,116.336336,39.966734
Car-1,2009-06-19 10:18:44,116.336268,39.966713
Car-1,2009-06-19 10:18:46,116.336196,39.966698
Car-1,2009-06-19 10:18:48,116.336125,39.966697
Car-1,2009-06-19 10:18:50,116.336022,39.966684
Car-1,2009-06-19 10:18:52,116.335894,39.966649
Car-1,2009-06-19 10:18:54,116.335785,39.966619
Car-1,2009-06-19 10:18:56,116.33567,39.966601
Car-1,2009-06-19 10:18:58,116.335518,39.966605
Car-1,2009-06-19 10:19:00,116.335379,39.966592
Car-1,2009-06-19 10:19:02,116.335271,39.966588
Car-1,2009-06-19 10:19:04,116.335172,39.966574
Car-1,2009-06-19 10:19:06,116.335056,39.966561
Car-1,2009-06-19 10:19:08,116.334964,39.966552
Car-1,2009-06-19 10:19:10,116.334866,39.966559
Car-1,2009-06-19 10:19:12,116.334763,39.966568
Car-1,2009-06-19 10:19:14,116.334674,39.966566
Car-1,2009-06-19 10:19:16,116.334592,39.966573
Car-1,2009-06-19 10:19:18,116.334517,39.966566
Car-1,2009-06-19 10:19:20,116.334453,39.966559
Car-1,2009-06-19 10:19:22,116.334393,39.966552
Car-1,2009-06-19 10:19:24,116.334348,39.96654
Car-1,2009-06-19 10:19:26,116.334327,39.966543
Car-1,2009-06-19 10:19:28,116.334334,39.966537
Car-1,2009-06-19 10:19:30,116.33433,39.966537
Car-1,2009-06-19 10:19:32,116.334324,39.966536
Car-1,2009-06-19 10:19:34,116.334317,39.966536
Car-1,2009-06-19 10:19:36,116.334309,39.966536
Car-1,2009-06-19 10:19:38,116.334294,39.966535
Car-1,2009-06-19 10:19:40,116.334258,39.966511
Car-1,2009-06-19 10:19:42,116.334241,39.966512
Car-1,2009-06-19 10:19:44,116.334207,39.966512
Car-1,2009-06-19 10:19:46,116.334185,39.966521
Car-1,2009-06-19 10:19:48,116.334176,39.966517
Car-1,2009-06-19 10:19:50,116.334172,39.966522
Car-1,2009-06-19 10:19:52,116.334166,39.966521
Car-1,2009-06-19 10:19:54,116.334168,39.966519
Car-1,2009-06-19 10:19:56,116.334167,39.966519
Car-1,2009-06-19 10:19:58,116.334167,39.966519
Car-1,2009-06-19 10:20:00,116.334168,39.966519
Car-1,2009-06-19 10:20:02,116.334171,39.966519
Car-1,2009-06-19 10:20:04,116.334171,39.966519
Car-1,2009-06-19 10:20:06,116.334169,39.966519
Car-1,2009-06-19 10:20:08,116.334169,39.966518
Car-1,2009-06-19 10:20:10,116.33417,39.966519
Car-1,2009-06-19 10:20:12,116.33417,39.966519
Car-1,2009-06-19 10:20:14,116.334168,39.966518
Car-1,2009-06-19 10:20:16,116.334169,39.966518
Car-1,2009-06-19 10:20:18,116.334171,39.966518
Car-1,2009-06-19 10:20:20,116.334171,39.966518
Car-1,2009-06-19 10:20:22,116.334172,39.966519
Car-1,2009-06-19 10:20:24,116.334174,39.966519
Car-1,2009-06-19 10:20:26,116.334175,39.966519
Car-1,2009-06-19 10:20:28,116.334174,39.966519
Car-1,2009-06-19 10:20:30,116.334173,39.966519
Car-1,2009-06-19 10:20:32,116.334172,39.966519
Car-1,2009-06-19 10:20:34,116.33417,39.966519
Car-1,2009-06-19 10:20:36,116.334169,39.966519
Car-1,2009-06-19 10:20:38,116.334166,39.966519
Car-1,2009-06-19 10:20:40,116.334163,39.966519
Car-1,2009-06-19 10:20:42,116.334161,39.966519
Car-1,2009-06-19 10:20:44,116.33416,39.966519
Car-1,2009-06-19 10:20:46,116.334128,39.96652
Car-1,2009-06-19 10:20:48,116.334047,39.966532
Car-1,2009-06-19 10:20:50,116.333957,39.966547
Car-1,2009-06-19 10:20:52,116.333868,39.966552
Car-1,2009-06-19 10:20:54,116.333776,39.966545
Car-1,2009-06-19 10:20:56,116.333705,39.966539
Car-1,2009-06-19 10:20:58,116.333634,39.966541
Car-1,2009-06-19 10:21:00,116.333577,39.966538
Car-1,2009-06-19 10:21:02,116.333538,39.966542
Car-1,2009-06-19 10:21:04,116.333494,39.966544
Car-1,2009-06-19 10:21:06,116.333461,39.966536
Car-1,2009-06-19 10:21:08,116.33343,39.96654
Car-1,2009-06-19 10:21:10,116.333397,39.966537
Car-1,2009-06-19 10:21:12,116.333368,39.966534
Car-1,2009-06-19 10:21:14,116.333342,39.966538
Car-1,2009-06-19 10:21:16,116.333328,39.966539
Car-1,2009-06-19 10:21:18,116.333321,39.966539
Car-1,2009-06-19 10:21:20,116.333308,39.96654
Car-1,2009-06-19 10:21:22,116.333284,39.966543
Car-1,2009-06-19 10:21:24,116.33327,39.96655
Car-1,2009-06-19 10:21:26,116.333254,39.966557
Car-1,2009-06-19 10:21:28,116.333228,39.966571
Car-1,2009-06-19 10:21:30,116.333178,39.966581
Car-1,2009-06-19 10:21:32,116.333123,39.966586
Car-1,2009-06-19 10:21:34,116.333071,39.966585
Car-1,2009-06-19 10:21:36,116.333034,39.966586
Car-1,2009-06-19 10:21:38,116.332993,39.96659
Car-1,2009-06-19 10:21:40,116.332955,39.966595
Car-1,2009-06-19 10:21:42,116.332915,39.966585
Car-1,2009-06-19 10:21:44,116.332868,39.966578
Car-1,2009-06-19 10:21:46,116.33281,39.966589
Car-1,2009-06-19 10:21:48,116.332757,39.966596
Car-1,2009-06-19 10:21:50,116.332744,39.966594
Car-1,2009-06-19 10:21:52,116.332726,39.966586
Car-1,2009-06-19 10:21:54,116.332711,39.966575
Car-1,2009-06-19 10:21:56,116.332679,39.966576
Car-1,2009-06-19 10:21:58,116.332643,39.966581
Car-1,2009-06-19 10:22:00,116.332602,39.966584
Car-1,2009-06-19 10:22:02,116.332566,39.966583
Car-1,2009-06-19 10:22:04,116.33255,39.966579
Car-1,2009-06-19 10:22:06,116.332531,39.966589
Car-1,2009-06-19 10:22:08,116.332503,39.966599
Car-1,2009-06-19 10:22:10,116.332495,39.966604
Car-1,2009-06-19 10:22:12,116.332469,39.966617
Car-1,2009-06-19 10:22:14,116.332451,39.966617
Car-1,2009-06-19 10:22:16,116.33242,39.966622
Car-1,2009-06-19 10:22:18,116.332378,39.966608
Car-1,2009-06-19 10:22:20,116.332321,39.966571
Car-1,2009-06-19 10:22:22,116.332287,39.966568
Car-1,2009-06-19 10:22:24,116.332263,39.966568
Car-1,2009-06-19 10:22:26,116.332228,39.966582
Car-1,2009-06-19 10:22:28,116.332187,39.966581
Car-1,2009-06-19 10:22:30,116.332139,39.966593
Car-1,2009-06-19 10:22:32,116.332053,39.96659
Car-1,2009-06-19 10:22:34,116.332021,39.966582
Car-1,2009-06-19 10:25:32,116.331677,39.966537
Car-1,2009-06-19 10:25:34,116.331654,39.966526
Car-1,2009-06-19 10:25:36,116.331623,39.96652
Car-1,2009-06-19 10:25:38,116.331598,39.966515
Car-1,2009-06-19 10:25:40,116.331572,39.966512
Car-1,2009-06-19 10:25:42,116.331556,39.96651
Car-1,2009-06-19 10:25:44,116.331552,39.966517
Car-1,2009-06-19 10:25:46,116.331558,39.966521
Car-1,2009-06-19 10:25:48,116.331578,39.966521
Car-1,2009-06-19 10:25:50,116.331597,39.966517
Car-1,2009-06-19 10:25:52,116.331604,39.966515
Car-1,2009-06-19 10:25:54,116.331605,39.966515
Car-1,2009-06-19 10:25:56,116.331534,39.966528
Car-1,2009-06-19 10:25:58,116.331458,39.966519
Car-1,2009-06-19 10:26:00,116.331418,39.966536
Car-1,2009-06-19 10:26:02,116.331394,39.966541
Car-1,2009-06-19 10:26:04,116.331364,39.96655
Car-1,2009-06-19 10:26:06,116.331334,39.966551
Car-1,2009-06-19 10:26:08,116.331296,39.966546
Car-1,2009-06-19 10:26:10,116.331251,39.966541
Car-1,2009-06-19 10:26:12,116.331192,39.96655
Car-1,2009-06-19 10:26:14,116.331152,39.966558
Car-1,2009-06-19 10:26:16,116.331132,39.96655
Car-1,2009-06-19 10:26:18,116.331129,39.966547
Car-1,2009-06-19 10:26:20,116.331111,39.966556
Car-1,2009-06-19 10:26:22,116.331095,39.96654
Car-1,2009-06-19 10:26:24,116.331084,39.966537
Car-1,2009-06-19 10:26:26,116.331073,39.966538
Car-1,2009-06-19 10:26:28,116.331067,39.966533
Car-1,2009-06-19 10:26:30,116.331062,39.966527
Car-1,2009-06-19 10:26:32,116.331049,39.966519
Car-1,2009-06-19 10:26:34,116.331033,39.966516
Car-1,2009-06-19 10:26:36,116.331018,39.966522
Car-1,2009-06-19 10:26:38,116.331013,39.96652
Car-1,2009-06-19 10:26:40,116.331003,39.966522
Car-1,2009-06-19 10:26:42,116.330978,39.966522
Car-1,2009-06-19 10:26:44,116.330944,39.966515
Car-1,2009-06-19 10:26:46,116.330891,39.966506
Car-1,2009-06-19 10:26:48,116.330835,39.966508
Car-1,2009-06-19 10:26:50,116.33078,39.966518
Car-1,2009-06-19 10:26:52,116.330723,39.966532
Car-1,2009-06-19 10:26:54,116.33066,39.966537
Car-1,2009-06-19 10:26:56,116.330604,39.966542
Car-1,2009-06-19 10:26:58,116.330547,39.966536
Car-1,2009-06-19 10:27:00,116.330495,39.966537
Car-1,2009-06-19 10:27:02,116.330448,39.966524
Car-1,2009-06-19 10:27:04,116.330406,39.96651
Car-1,2009-06-19 10:27:06,116.330371,39.966491
Car-1,2009-06-19 10:27:08,116.330335,39.966471
Car-1,2009-06-19 10:27:10,116.330305,39.966456
Car-1,2009-06-19 10:27:12,116.33027,39.966435
Car-1,2009-06-19 10:27:14,116.330205,39.966423
Car-1,2009-06-19 10:27:16,116.330128,39.96642
Car-1,2009-06-19 10:27:18,116.330065,39.966397
Car-1,2009-06-19 10:27:20,116.329989,39.966396
Car-1,2009-06-19 10:27:22,116.329908,39.966407
Car-1,2009-06-19 10:27:24,116.329833,39.966427
Car-1,2009-06-19 10:27:26,116.329769,39.966439
Car-1,2009-06-19 10:27:28,116.329708,39.96644
Car-1,2009-06-19 10:27:30,116.329659,39.966432
Car-1,2009-06-19 10:27:32,116.329627,39.966418
Car-1,2009-06-19 10:27:34,116.329616,39.966403
Car-1,2009-06-19 10:27:36,116.329623,39.966382
Car-1,2009-06-19 10:27:38,116.32962,39.966371
Car-1,2009-06-19 10:27:40,116.329611,39.966361
Car-1,2009-06-19 10:27:42,116.329598,39.966352
Car-1,2009-06-19 10:27:44,116.329583,39.96635
Car-1,2009-06-19 10:27:46,116.329578,39.966351
Car-1,2009-06-19 10:27:48,116.329581,39.966351
Car-1,2009-06-19 10:27:50,116.329585,39.966351
Car-1,2009-06-19 10:27:52,116.329584,39.96635
Car-1,2009-06-19 10:27:54,116.329573,39.966336
Car-1,2009-06-19 10:27:56,116.329575,39.96632
Car-1,2009-06-19 10:27:58,116.329561,39.966303
Car-1,2009-06-19 10:28:00,116.329559,39.966279
Car-1,2009-06-19 10:28:02,116.32955,39.966255
Car-1,2009-06-19 10:28:04,116.329546,39.966237
Car-1,2009-06-19 10:28:06,116.329547,39.966227
Car-1,2009-06-19 10:28:08,116.329539,39.96622
Car-1,2009-06-19 10:28:10,116.329529,39.96623
Car-1,2009-06-19 10:28:12,116.329493,39.966258
Car-1,2009-06-19 10:28:14,116.329442,39.966279
Car-1,2009-06-19 10:28:16,116.329383,39.966294
Car-1,2009-06-19 10:28:18,116.329296,39.966316
Car-1,2009-06-19 10:28:20,116.329166,39.96636
Car-1,2009-06-19 10:28:22,116.329042,39.966387
Car-1,2009-06-19 10:28:24,116.328918,39.9664
Car-1,2009-06-19 10:28:26,116.328776,39.966407
Car-1,2009-06-19 10:28:28,116.328628,39.966405
Car-1,2009-06-19 10:28:30,116.328476,39.966415
Car-1,2009-06-19 10:28:32,116.328359,39.966417
Car-1,2009-06-19 10:28:34,116.328261,39.966411
Car-1,2009-06-19 10:28:36,116.328167,39.966387
Car-1,2009-06-19 10:28:38,116.328057,39.966363
Car-1,2009-06-19 10:28:40,116.327932,39.966335
Car-1,2009-06-19 10:28:42,116.32782,39.966323
Car-1,2009-06-19 10:28:44,116.327731,39.966332
Car-1,2009-06-19 10:28:46,116.327705,39.966324
Car-1,2009-06-19 10:28:48,116.327685,39.966325
Car-1,2009-06-19 10:28:50,116.327639,39.96633
Car-1,2009-06-19 10:28:52,116.327572,39.966335
Car-1,2009-06-19 10:28:54,116.327472,39.96634
Car-1,2009-06-19 10:28:56,116.327377,39.96635
Car-1,2009-06-19 10:28:58,116.327316,39.966349
Car-1,2009-06-19 10:29:00,116.327262,39.966342
Car-1,2009-06-19 10:29:02,116.327211,39.966349
Car-1,2009-06-19 10:29:04,116.327164,39.966365
Car-1,2009-06-19 10:29:06,116.327125,39.966376
Car-1,2009-06-19 10:29:08,116.327087,39.966386
Car-1,2009-06-19 10:29:10,116.327032,39.966403
Car-1,2009-06-19 10:29:12,116.326962,39.966433
Car-1,2009-06-19 10:29:14,116.326865,39.966457
Car-1,2009-06-19 10:29:16,116.326751,39.966471
Car-1,2009-06-19 10:29:18,116.326636,39.966478
Car-1,2009-06-19 10:29:20,116.32653,39.96648
Car-1,2009-06-19 10:29:22,116.326436,39.966462
Car-1,2009-06-19 10:29:24,116.326382,39.966429
Car-1,2009-06-19 10:29:26,116.32635,39.966399
Car-1,2009-06-19 10:29:28,116.32631,39.966388
Car-1,2009-06-19 10:29:30,116.326261,39.966389
Car-1,2009-06-19 10:29:32,116.326207,39.966402
Car-1,2009-06-19 10:29:34,116.326136,39.966423
Car-1,2009-06-19 10:29:36,116.326062,39.966435
Car-1,2009-06-19 10:29:38,116.325972,39.966437
Car-1,2009-06-19 10:29:40,116.325872,39.966433
Car-1,2009-06-19 10:29:42,116.325778,39.966431
Car-1,2009-06-19 10:29:44,116.325703,39.966447
Car-1,2009-06-19 10:29:46,116.325655,39.966459
Car-1,2009-06-19 10:29:48,116.325619,39.966462
Car-1,2009-06-19 10:29:50,116.325577,39.966459
Car-1,2009-06-19 10:29:52,116.325523,39.966447
Car-1,2009-06-19 10:29:54,116.325435,39.966434
Car-1,2009-06-19 10:29:56,116.325331,39.966427
Car-1,2009-06-19 10:29:58,116.325202,39.966426
Car-1,2009-06-19 10:30:00,116.32505,39.966398
Car-1,2009-06-19 10:30:02,116.324864,39.96633
Car-1,2009-06-19 10:30:04,116.32465,39.966278
Car-1,2009-06-19 10:30:06,116.324407,39.966251
Car-1,2009-06-19 10:30:08,116.324153,39.966227
Car-1,2009-06-19 10:30:10,116.323864,39.966224
Car-1,2009-06-19 10:30:12,116.323573,39.966206
Car-1,2009-06-19 10:30:14,116.323257,39.966179
Car-1,2009-06-19 10:30:16,116.322942,39.966169
Car-1,2009-06-19 10:30:18,116.322618,39.966164
Car-1,2009-06-19 10:30:20,116.322296,39.966175
Car-1,2009-06-19 10:30:22,116.322008,39.966194
Car-1,2009-06-19 10:30:24,116.321731,39.96622
Car-1,2009-06-19 10:30:26,116.321477,39.966222
Car-1,2009-06-19 10:30:28,116.321261,39.966203
Car-1,2009-06-19 10:30:30,116.321056,39.966183
Car-1,2009-06-19 10:30:32,116.320872,39.96617
Car-1,2009-06-19 10:30:34,116.320697,39.966163
Car-1,2009-06-19 10:30:36,116.320535,39.966159
Car-1,2009-06-19 10:30:38,116.320381,39.96617
Car-1,2009-06-19 10:30:40,116.320242,39.96618
Car-1,2009-06-19 10:30:42,116.320111,39.966182
Car-1,2009-06-19 10:30:44,116.319961,39.966162
Car-1,2009-06-19 10:30:46,116.319765,39.966152
Car-1,2009-06-19 10:30:48,116.319545,39.966151
Car-1,2009-06-19 10:30:50,116.319328,39.96614
Car-1,2009-06-19 10:30:52,116.319131,39.966129
Car-1,2009-06-19 10:30:54,116.318914,39.966147
Car-1,2009-06-19 10:30:56,116.318739,39.966139
Car-1,2009-06-19 10:30:58,116.318574,39.966122
Car-1,2009-06-19 10:31:00,116.318425,39.966101
Car-1,2009-06-19 10:31:02,116.318283,39.966079
Car-1,2009-06-19 10:31:04,116.318137,39.966067
Car-1,2009-06-19 10:31:06,116.317996,39.966077
Car-1,2009-06-19 10:31:08,116.317837,39.966086
Car-1,2009-06-19 10:31:10,116.317679,39.966105
Car-1,2009-06-19 10:31:12,116.317538,39.966138
Car-1,2009-06-19 10:31:14,116.317401,39.966173
Car-1,2009-06-19 10:31:16,116.317292,39.966207
Car-1,2009-06-19 10:31:18,116.317235,39.966225
Car-1,2009-06-19 10:31:20,116.317219,39.966235
Car-1,2009-06-19 10:31:22,116.317241,39.966233
Car-1,2009-06-19 10:31:24,116.317273,39.966224
Car-1,2009-06-19 10:31:26,116.317297,39.966232
Car-1,2009-06-19 10:31:28,116.317326,39.966238
Car-1,2009-06-19 10:31:30,116.317349,39.966235
Car-1,2009-06-19 10:31:32,116.31738,39.966225
Car-1,2009-06-19 10:31:34,116.31741,39.966216
Car-1,2009-06-19 10:31:36,116.317413,39.966216
Car-1,2009-06-19 10:31:38,116.317416,39.966216
Car-1,2009-06-19 10:31:40,116.31744,39.966202
Car-1,2009-06-19 10:31:42,116.317415,39.966207
Car-1,2009-06-19 10:31:44,116.317355,39.966218
Car-1,2009-06-19 10:31:46,116.317304,39.966233
Car-1,2009-06-19 10:31:48,116.317284,39.966238
Car-1,2009-06-19 10:31:50,116.317231,39.966253
Car-1,2009-06-19 10:31:52,116.317175,39.966265
Car-1,2009-06-19 10:31:54,116.31711,39.966263
Car-1,2009-06-19 10:31:56,116.31702,39.966254
Car-1,2009-06-19 10:31:58,116.316904,39.966246
Car-1,2009-06-19 10:32:00,116.316784,39.966237
Car-1,2009-06-19 10:32:02,116.31667,39.966226
Car-1,2009-06-19 10:32:04,116.316557,39.966215
Car-1,2009-06-19 10:32:06,116.316439,39.966206
Car-1,2009-06-19 10:32:08,116.316328,39.966189
Car-1,2009-06-19 10:32:10,116.316219,39.966169
Car-1,2009-06-19 10:32:12,116.316123,39.966141
Car-1,2009-06-19 10:32:14,116.316033,39.966112
Car-1,2009-06-19 10:32:16,116.315956,39.966108
Car-1,2009-06-19 10:32:18,116.315902,39.966116
Car-1,2009-06-19 10:32:20,116.315851,39.96611
Car-1,2009-06-19 10:32:22,116.315801,39.9661
Car-1,2009-06-19 10:32:24,116.315743,39.966093
Car-1,2009-06-19 10:32:26,116.315743,39.966081
Car-1,2009-06-19 10:32:28,116.315766,39.966055
Car-1,2009-06-19 10:32:30,116.315796,39.966027
Car-1,2009-06-19 10:32:32,116.315829,39.966008
Car-1,2009-06-19 10:32:34,116.315868,39.966
Car-1,2009-06-19 10:32:36,116.315928,39.965995
Car-1,2009-06-19 10:32:38,116.315994,39.966003
Car-1,2009-06-19 10:32:40,116.316061,39.966012
Car-1,2009-06-19 10:32:42,116.316113,39.966012
Car-1,2009-06-19 10:32:44,116.316157,39.96601
Car-1,2009-06-19 10:32:46,116.316188,39.96602
Car-1,2009-06-19 10:32:48,116.316226,39.966024
Car-1,2009-06-19 10:32:50,116.316246,39.966023
Car-1,2009-06-19 10:32:52,116.31627,39.966015
Car-1,2009-06-19 10:32:54,116.31629,39.966012
Car-1,2009-06-19 10:32:56,116.316322,39.966016
Car-1,2009-06-19 10:32:58,116.316343,39.966019
Car-1,2009-06-19 10:33:00,116.316364,39.966017
Car-1,2009-06-19 10:33:02,116.316377,39.966019
Car-1,2009-06-19 10:33:04,116.31641,39.966019
Car-1,2009-06-19 10:33:06,116.316411,39.966019
Car-1,2009-06-19 10:33:08,116.316424,39.966027
Car-1,2009-06-19 10:33:10,116.316442,39.966044
Car-1,2009-06-19 10:33:12,116.316451,39.966046
Car-1,2009-06-19 10:33:14,116.316458,39.96604
Car-1,2009-06-19 10:33:16,116.316478,39.966028
Car-1,2009-06-19 10:33:18,116.316514,39.966005
Car-1,2009-06-19 10:33:20,116.316544,39.965982
Car-1,2009-06-19 10:33:22,116.316563,39.96597
Car-1,2009-06-19 10:33:24,116.316584,39.965972
Car-1,2009-06-19 10:33:26,116.316605,39.965968
Car-1,2009-06-19 10:33:28,116.316603,39.965996
Car-1,2009-06-19 10:33:30,116.316589,39.966045
Car-1,2009-06-19 10:33:32,116.316556,39.966102
Car-1,2009-06-19 10:33:34,116.316518,39.966154
Car-1,2009-06-19 10:33:36,116.316437,39.966193
Car-1,2009-06-19 10:33:38,116.316329,39.966227
Car-1,2009-06-19 10:33:40,116.316183,39.966231
Car-1,2009-06-19 10:33:42,116.316029,39.966206
Car-1,2009-06-19 10:33:44,116.315875,39.966165
Car-1,2009-06-19 10:33:46,116.315721,39.96612
Car-1,2009-06-19 10:33:48,116.315561,39.966065
Car-1,2009-06-19 10:33:50,116.315407,39.966011
Car-1,2009-06-19 10:33:52,116.315241,39.965967
Car-1,2009-06-19 10:33:54,116.315057,39.965919
Car-1,2009-06-19 10:33:56,116.314874,39.965865
Car-1,2009-06-19 10:33:58,116.314679,39.965799
Car-1,2009-06-19 10:34:00,116.314479,39.965739
Car-1,2009-06-19 10:34:02,116.314269,39.965685
Car-1,2009-06-19 10:34:04,116.314069,39.965619
Car-1,2009-06-19 10:34:06,116.31388,39.965552
Car-1,2009-06-19 10:34:08,116.313699,39.965484
Car-1,2009-06-19 10:34:10,116.313529,39.965433
Car-1,2009-06-19 10:34:12,116.313329,39.965387
Car-1,2009-06-19 10:34:14,116.313119,39.965343
Car-1,2009-06-19 10:34:16,116.312879,39.965295
Car-1,2009-06-19 10:34:18,116.312644,39.965238
Car-1,2009-06-19 10:34:20,116.312415,39.965179
Car-1,2009-06-19 10:34:22,116.312192,39.965111
Car-1,2009-06-19 10:34:24,116.311969,39.965047
Car-1,2009-06-19 10:34:26,116.311726,39.964985
Car-1,2009-06-19 10:34:28,116.311504,39.964906
Car-1,2009-06-19 10:34:30,116.311326,39.964823
Car-1,2009-06-19 10:34:32,116.311178,39.964732
Car-1,2009-06-19 10:34:34,116.311029,39.964654
Car-1,2009-06-19 10:34:36,116.310888,39.964578
Car-1,2009-06-19 10:34:38,116.310744,39.964517
Car-1,2009-06-19 10:34:40,116.3106,39.964464
Car-1,2009-06-19 10:34:42,116.310458,39.964412
Car-1,2009-06-19 10:34:44,116.310316,39.964367
Car-1,2009-06-19 10:34:46,116.310182,39.964325
Car-1,2009-06-19 10:34:48,116.310062,39.964277
Car-1,2009-06-19 10:34:50,116.309951,39.964223
Car-1,2009-06-19 10:34:52,116.309864,39.964153
Car-1,2009-06-19 10:34:54,116.309768,39.964095
Car-1,2009-06-19 10:34:56,116.309665,39.964057
Car-1,2009-06-19 10:34:58,116.309556,39.964017
Car-1,2009-06-19 10:35:00,116.30944,39.96397
Car-1,2009-06-19 10:35:02,116.309325,39.963914
Car-1,2009-06-19 10:35:04,116.309213,39.96385
Car-1,2009-06-19 10:35:06,116.309101,39.963783
Car-1,2009-06-19 10:35:08,116.308994,39.963718
Car-1,2009-06-19 10:35:10,116.308891,39.963653
Car-1,2009-06-19 10:35:12,116.308801,39.963588
Car-1,2009-06-19 10:35:14,116.30872,39.963526
Car-1,2009-06-19 10:35:16,116.308654,39.963466
Car-1,2009-06-19 10:35:18,116.308587,39.96342
Car-1,2009-06-19 10:35:20,116.308526,39.963387
Car-1,2009-06-19 10:35:22,116.308483,39.963337
Car-1,2009-06-19 10:35:24,116.308455,39.963277
Car-1,2009-06-19 10:35:26,116.308424,39.96321
Car-1,2009-06-19 10:35:28,116.308374,39.963183
Car-1,2009-06-19 10:35:30,116.308337,39.963165
Car-1,2009-06-19 10:35:32,116.30831,39.963146
Car-1,2009-06-19 10:35:34,116.308289,39.963145
Car-1,2009-06-19 10:35:36,116.308266,39.963142
Car-1,2009-06-19 10:35:38,116.308249,39.963134
Car-1,2009-06-19 10:35:40,116.308231,39.963129
Car-1,2009-06-19 10:35:42,116.3082,39.963137
Car-1,2009-06-19 10:35:44,116.308166,39.963135
Car-1,2009-06-19 10:35:46,116.308138,39.963136
Car-1,2009-06-19 10:35:48,116.308109,39.963138
Car-1,2009-06-19 10:35:50,116.308088,39.963128
Car-1,2009-06-19 10:35:52,116.308077,39.963115
Car-1,2009-06-19 10:35:54,116.308056,39.963105
Car-1,2009-06-19 10:35:56,116.308031,39.9631
Car-1,2009-06-19 10:35:58,116.308007,39.963095
Car-1,2009-06-19 10:36:00,116.307987,39.963084
Car-1,2009-06-19 10:36:02,116.30797,39.963077
Car-1,2009-06-19 10:36:04,116.307961,39.963087
Car-1,2009-06-19 10:36:06,116.307956,39.963105
Car-1,2009-06-19 10:36:08,116.307948,39.963112
Car-1,2009-06-19 10:36:10,116.307932,39.963115
Car-1,2009-06-19 10:36:12,116.307889,39.96313
Car-1,2009-06-19 10:36:14,116.307848,39.963132
Car-1,2009-06-19 10:36:16,116.307812,39.963128
Car-1,2009-06-19 10:36:18,116.307774,39.96314
Car-1,2009-06-19 10:36:20,116.307737,39.963166
Car-1,2009-06-19 10:36:22,116.30771,39.963181
Car-1,2009-06-19 10:36:24,116.307694,39.963193
Car-1,2009-06-19 10:36:26,116.307676,39.963191
Car-1,2009-06-19 10:36:28,116.307645,39.963189
Car-1,2009-06-19 10:36:30,116.307619,39.963179
Car-1,2009-06-19 10:36:32,116.307588,39.963173
Car-1,2009-06-19 10:36:34,116.307553,39.963165
Car-1,2009-06-19 10:36:36,116.307505,39.963167
Car-1,2009-06-19 10:36:38,116.307446,39.963168
Car-1,2009-06-19 10:36:40,116.307381,39.963161
Car-1,2009-06-19 10:36:42,116.307328,39.96314
Car-1,2009-06-19 10:36:44,116.307273,39.963111
Car-1,2009-06-19 10:36:46,116.307212,39.963077
Car-1,2009-06-19 10:36:48,116.307137,39.963045
Car-1,2009-06-19 10:36:50,116.307056,39.963018
Car-1,2009-06-19 10:36:52,116.306982,39.962987
Car-1,2009-06-19 10:36:54,116.306914,39.962954
Car-1,2009-06-19 10:36:56,116.30685,39.962922
Car-1,2009-06-19 10:36:58,116.306777,39.962886
Car-1,2009-06-19 10:37:00,116.306693,39.962833
Car-1,2009-06-19 10:37:02,116.306599,39.962779
Car-1,2009-06-19 10:37:04,116.306495,39.962723
Car-1,2009-06-19 10:37:06,116.306381,39.962658
Car-1,2009-06-19 10:37:08,116.306265,39.962584
Car-1,2009-06-19 10:37:10,116.306138,39.962533
Car-1,2009-06-19 10:37:12,116.306009,39.96248
Car-1,2009-06-19 10:37:14,116.305888,39.962423
Car-1,2009-06-19 10:37:16,116.305775,39.96238
Car-1,2009-06-19 10:37:18,116.305675,39.962343
Car-1,2009-06-19 10:37:20,116.30557,39.962322
Car-1,2009-06-19 10:37:22,116.305461,39.9623
Car-1,2009-06-19 10:37:24,116.305349,39.962272
Car-1,2009-06-19 10:37:26,116.305229,39.96224
Car-1,2009-06-19 10:37:28,116.305103,39.962195
Car-1,2009-06-19 10:37:30,116.304973,39.962143
Car-1,2009-06-19 10:37:32,116.304849,39.962095
Car-1,2009-06-19 10:37:34,116.304727,39.96205
Car-1,2009-06-19 10:37:36,116.304603,39.962007
Car-1,2009-06-19 10:37:38,116.304481,39.961963
Car-1,2009-06-19 10:37:40,116.304365,39.961909
Car-1,2009-06-19 10:37:42,116.304244,39.961845
Car-1,2009-06-19 10:37:44,116.30412,39.961764
Car-1,2009-06-19 10:37:46,116.303999,39.961676
Car-1,2009-06-19 10:37:48,116.303871,39.961584
Car-1,2009-06-19 10:37:50,116.303753,39.961458
Car-1,2009-06-19 10:37:52,116.303639,39.961339
Car-1,2009-06-19 10:37:54,116.303527,39.961242
Car-1,2009-06-19 10:37:56,116.303427,39.961174
Car-1,2009-06-19 10:37:58,116.303346,39.961103
Car-1,2009-06-19 10:38:00,116.303281,39.961075
Car-1,2009-06-19 10:38:02,116.303211,39.961053
Car-1,2009-06-19 10:38:04,116.303107,39.961146
Car-1,2009-06-19 10:38:06,116.303042,39.961189
Car-1,2009-06-19 10:38:08,116.303031,39.961244
Car-1,2009-06-19 10:38:10,116.303013,39.961244
Car-1,2009-06-19 10:38:12,116.302995,39.961238
Car-1,2009-06-19 10:38:14,116.302971,39.96124
Car-1,2009-06-19 10:38:16,116.302957,39.961243
Car-1,2009-06-19 10:38:18,116.302945,39.96125
Car-1,2009-06-19 10:38:20,116.302925,39.961252
Car-1,2009-06-19 10:38:22,116.302777,39.961328
Car-1,2009-06-19 10:38:24,116.302587,39.961281
Car-1,2009-06-19 10:38:26,116.302367,39.961217
Car-1,2009-06-19 10:38:28,116.302245,39.961167
Car-1,2009-06-19 10:38:30,116.302108,39.961097
Car-1,2009-06-19 10:38:32,116.302008,39.961029
Car-1,2009-06-19 10:38:34,116.301885,39.960939
Car-1,2009-06-19 10:38:36,116.301918,39.960693
Car-1,2009-06-19 10:38:38,116.301874,39.960547
Car-1,2009-06-19 10:38:40,116.301829,39.960393
Car-1,2009-06-19 10:38:42,116.301801,39.960238
Car-1,2009-06-19 10:38:44,116.301772,39.960075
Car-1,2009-06-19 10:38:46,116.301731,39.959883
Car-1,2009-06-19 10:38:48,116.301684,39.959702
Car-1,2009-06-19 10:38:50,116.301652,39.95952
Car-1,2009-06-19 10:38:52,116.301663,39.959333
Car-1,2009-06-19 10:38:54,116.301686,39.959144
Car-1,2009-06-19 10:38:56,116.301731,39.958948
Car-1,2009-06-19 10:38:58,116.301752,39.958745
Car-1,2009-06-19 10:39:00,116.301766,39.958534
Car-1,2009-06-19 10:39:02,116.301802,39.958312
Car-1,2009-06-19 10:39:04,116.301847,39.958146
Car-1,2009-06-19 10:39:06,116.30193,39.957971
Car-1,2009-06-19 10:39:08,116.301978,39.957774
Car-1,2009-06-19 10:39:10,116.302018,39.957573
Car-1,2009-06-19 10:39:12,116.302042,39.957399
Car-1,2009-06-19 10:39:14,116.302076,39.957215
Car-1,2009-06-19 10:39:16,116.302097,39.957032
Car-1,2009-06-19 10:39:18,116.302104,39.956837
Car-1,2009-06-19 10:39:20,116.302153,39.956645
Car-1,2009-06-19 10:39:22,116.302199,39.956466
Car-1,2009-06-19 10:39:24,116.302247,39.956278
Car-1,2009-06-19 10:39:26,116.302278,39.956088
Car-1,2009-06-19 10:39:28,116.302317,39.955883
Car-1,2009-06-19 10:39:30,116.302343,39.955648
Car-1,2009-06-19 10:39:32,116.302372,39.955397
Car-1,2009-06-19 10:39:34,116.302377,39.955142
Car-1,2009-06-19 10:39:36,116.30236,39.954862
Car-1,2009-06-19 10:39:38,116.302387,39.954613
Car-1,2009-06-19 10:39:40,116.302419,39.954402
Car-1,2009-06-19 10:39:42,116.302464,39.954202
Car-1,2009-06-19 10:39:44,116.302487,39.95403
Car-1,2009-06-19 10:39:46,116.302487,39.95389
Car-1,2009-06-19 10:39:48,116.302518,39.953787
Car-1,2009-06-19 10:39:50,116.302545,39.953691
Car-1,2009-06-19 10:39:52,116.302588,39.953654
Car-1,2009-06-19 10:39:54,116.302593,39.953645
Car-1,2009-06-19 10:39:56,116.302596,39.953643
Car-1,2009-06-19 10:39:58,116.3026,39.953643
Car-1,2009-06-19 10:40:00,116.302604,39.953644
Car-1,2009-06-19 10:40:02,116.302605,39.953645
Car-1,2009-06-19 10:40:04,116.3026,39.953645
Car-1,2009-06-19 10:40:06,116.302594,39.953635
Car-1,2009-06-19 10:40:08,116.302624,39.953597
Car-1,2009-06-19 10:40:10,116.302691,39.953555
Car-1,2009-06-19 10:40:12,116.302738,39.95352
Car-1,2009-06-19 10:40:14,116.302753,39.953516
Car-1,2009-06-19 10:40:16,116.302776,39.953514
Car-1,2009-06-19 10:40:18,116.302781,39.953517
Car-1,2009-06-19 10:40:20,116.302786,39.953517
Car-1,2009-06-19 10:40:22,116.302791,39.953515
Car-1,2009-06-19 10:40:24,116.302864,39.9535
Car-1,2009-06-19 10:40:26,116.30291,39.95339
Car-1,2009-06-19 10:40:28,116.302969,39.953304
Car-1,2009-06-19 10:40:30,116.303066,39.953195
Car-1,2009-06-19 10:40:32,116.303037,39.953002
Car-1,2009-06-19 10:40:34,116.303045,39.952864
Car-1,2009-06-19 10:40:36,116.303089,39.952672
Car-1,2009-06-19 10:40:38,116.303101,39.952497
Car-1,2009-06-19 10:40:40,116.303101,39.952351
Car-1,2009-06-19 10:40:42,116.303107,39.95222
Car-1,2009-06-19 10:40:44,116.303126,39.952073
Car-1,2009-06-19 10:40:46,116.303117,39.951928
Car-1,2009-06-19 10:40:48,116.303086,39.951796
Car-1,2009-06-19 10:40:50,116.30307,39.951654
Car-1,2009-06-19 10:40:52,116.303029,39.951491
Car-1,2009-06-19 10:40:54,116.303046,39.951327
Car-1,2009-06-19 10:40:56,116.303049,39.951156
Car-1,2009-06-19 10:40:58,116.303051,39.950998
Car-1,2009-06-19 10:41:00,116.303072,39.950844
Car-1,2009-06-19 10:41:02,116.303091,39.950683
Car-1,2009-06-19 10:41:04,116.303115,39.95052
Car-1,2009-06-19 10:41:06,116.303133,39.950346
Car-1,2009-06-19 10:41:08,116.303155,39.950144
Car-1,2009-06-19 10:41:10,116.303183,39.949903
Car-1,2009-06-19 10:41:12,116.303189,39.949679
Car-1,2009-06-19 10:41:14,116.303205,39.949449
Car-1,2009-06-19 10:41:16,116.303227,39.949207
Car-1,2009-06-19 10:41:18,116.303247,39.948977
Car-1,2009-06-19 10:41:20,116.303261,39.948788
Car-1,2009-06-19 10:41:22,116.303273,39.94862
Car-1,2009-06-19 10:41:24,116.303243,39.948467
Car-1,2009-06-19 10:41:26,116.303171,39.948338
Car-1,2009-06-19 10:41:28,116.30317,39.948267
Car-1,2009-06-19 10:41:30,116.303177,39.948236
Car-1,2009-06-19 10:41:32,116.303179,39.948232
Car-1,2009-06-19 10:41:34,116.303166,39.94823
Car-1,2009-06-19 10:41:36,116.303168,39.948225
Car-1,2009-06-19 10:41:38,116.303166,39.948225
Car-1,2009-06-19 10:41:40,116.303163,39.948225
Car-1,2009-06-19 10:41:42,116.303157,39.948225
Car-1,2009-06-19 10:41:44,116.303149,39.948225
Car-1,2009-06-19 10:41:46,116.303142,39.948202
Car-1,2009-06-19 10:41:48,116.30314,39.948153
Car-1,2009-06-19 10:41:50,116.303139,39.948092
Car-1,2009-06-19 10:41:52,116.303132,39.948063
Car-1,2009-06-19 10:41:54,116.303148,39.948038
Car-1,2009-06-19 10:41:56,116.303169,39.948023
Car-1,2009-06-19 10:41:58,116.303179,39.948018
Car-1,2009-06-19 10:42:00,116.303177,39.948018
Car-1,2009-06-19 10:42:02,116.303185,39.947999
Car-1,2009-06-19 10:42:04,116.303192,39.94795
Car-1,2009-06-19 10:42:06,116.303188,39.94789
Car-1,2009-06-19 10:42:08,116.303214,39.947814
Car-1,2009-06-19 10:42:10,116.303235,39.947766
Car-1,2009-06-19 10:42:12,116.303252,39.947727
Car-1,2009-06-19 10:42:14,116.303255,39.947719
Car-1,2009-06-19 10:42:16,116.303256,39.947719
Car-1,2009-06-19 10:42:18,116.303263,39.947719
Car-1,2009-06-19 10:42:20,116.303266,39.947757
Car-1,2009-06-19 10:42:22,116.303275,39.947736
Car-1,2009-06-19 10:42:24,116.303276,39.947735
Car-1,2009-06-19 10:42:26,116.303262,39.947735
Car-1,2009-06-19 10:42:28,116.303295,39.947683
Car-1,2009-06-19 10:42:30,116.303347,39.947597
Car-1,2009-06-19 10:42:32,116.303374,39.947515
Car-1,2009-06-19 10:42:34,116.303412,39.947399
Car-1,2009-06-19 10:42:36,116.303424,39.94729
Car-1,2009-06-19 10:42:38,116.303455,39.947136
Car-1,2009-06-19 10:42:40,116.303484,39.946985
Car-1,2009-06-19 10:42:42,116.303533,39.946806
Car-1,2009-06-19 10:42:44,116.303588,39.946607
Car-1,2009-06-19 10:42:46,116.303627,39.946416
Car-1,2009-06-19 10:42:48,116.303637,39.946237
Car-1,2009-06-19 10:42:50,116.303649,39.946068
Car-1,2009-06-19 10:42:52,116.303654,39.945918
Car-1,2009-06-19 10:42:54,116.303661,39.945792
Car-1,2009-06-19 10:42:56,116.303668,39.945682
Car-1,2009-06-19 10:42:58,116.303667,39.945576
Car-1,2009-06-19 10:43:00,116.303647,39.945511
Car-1,2009-06-19 10:43:02,116.303638,39.945471
Car-1,2009-06-19 10:43:04,116.303629,39.945455
Car-1,2009-06-19 10:43:06,116.303623,39.945427
Car-1,2009-06-19 10:43:08,116.303617,39.945395
Car-1,2009-06-19 10:43:10,116.303612,39.945375
Car-1,2009-06-19 10:43:12,116.303605,39.94536
Car-1,2009-06-19 10:43:14,116.303611,39.945344
Car-1,2009-06-19 10:43:16,116.303613,39.945333
Car-1,2009-06-19 10:43:18,116.303624,39.945295
Car-1,2009-06-19 10:43:20,116.303641,39.945226
Car-1,2009-06-19 10:43:22,116.303633,39.945168
Car-1,2009-06-19 10:43:24,116.303634,39.945117
Car-1,2009-06-19 10:43:26,116.303633,39.945056
Car-1,2009-06-19 10:43:28,116.30363,39.944981
Car-1,2009-06-19 10:43:30,116.30362,39.944936
Car-1,2009-06-19 10:43:32,116.303623,39.944915
Car-1,2009-06-19 10:43:34,116.303626,39.944903
Car-1,2009-06-19 10:43:36,116.303618,39.944897
Car-1,2009-06-19 10:43:38,116.303617,39.944893
Car-1,2009-06-19 10:43:40,116.303617,39.944893
Car-1,2009-06-19 10:43:42,116.303616,39.944892
Car-1,2009-06-19 10:43:44,116.303616,39.944888
Car-1,2009-06-19 10:43:46,116.303614,39.944878
Car-1,2009-06-19 10:43:48,116.303593,39.944832
Car-1,2009-06-19 10:43:50,116.303582,39.94476
Car-1,2009-06-19 10:43:52,116.303574,39.944676
Car-1,2009-06-19 10:43:54,116.303578,39.944601
Car-1,2009-06-19 10:43:56,116.303579,39.944546
Car-1,2009-06-19 10:43:58,116.303591,39.944506
Car-1,2009-06-19 10:44:00,116.303587,39.944475
Car-1,2009-06-19 10:44:02,116.303597,39.944415
Car-1,2009-06-19 10:44:04,116.303602,39.944348
Car-1,2009-06-19 10:44:06,116.303601,39.94428
Car-1,2009-06-19 10:44:08,116.303605,39.944221
Car-1,2009-06-19 10:44:10,116.30361,39.94419
Car-1,2009-06-19 10:44:12,116.303601,39.944166
Car-1,2009-06-19 10:44:14,116.303593,39.944138
Car-1,2009-06-19 10:44:16,116.303598,39.944095
Car-1,2009-06-19 10:44:18,116.303545,39.944058
Car-1,2009-06-19 10:44:20,116.30354,39.944028
Car-1,2009-06-19 10:44:22,116.303517,39.943994
Car-1,2009-06-19 10:44:24,116.303493,39.943954
Car-1,2009-06-19 10:44:26,116.303491,39.943911
Car-1,2009-06-19 10:44:28,116.303476,39.943872
Car-1,2009-06-19 10:44:30,116.303464,39.943843
Car-1,2009-06-19 10:44:32,116.303452,39.943816
Car-1,2009-06-19 10:44:34,116.303463,39.943786
Car-1,2009-06-19 10:44:36,116.303469,39.943758
Car-1,2009-06-19 10:44:38,116.30347,39.943722
Car-1,2009-06-19 10:44:40,116.303488,39.943675
Car-1,2009-06-19 10:44:42,116.303509,39.943627
Car-1,2009-06-19 10:44:44,116.303521,39.943573
Car-1,2009-06-19 10:44:46,116.303515,39.943537
Car-1,2009-06-19 10:44:48,116.30349,39.943508
Car-1,2009-06-19 10:44:50,116.303499,39.943468
Car-1,2009-06-19 10:44:52,116.303451,39.943428
Car-1,2009-06-19 10:44:54,116.303457,39.943378
Car-1,2009-06-19 10:44:56,116.303463,39.943339
Car-1,2009-06-19 10:44:58,116.303469,39.943314
Car-1,2009-06-19 10:45:00,116.30348,39.943271
Car-1,2009-06-19 10:45:02,116.30348,39.943237
Car-1,2009-06-19 10:45:04,116.303511,39.943196
Car-1,2009-06-19 10:45:06,116.303538,39.943114
Car-1,2009-06-19 10:45:08,116.303569,39.94305
Car-1,2009-06-19 10:45:10,116.303577,39.943032
Car-1,2009-06-19 10:45:12,116.303588,39.943012
Car-1,2009-06-19 10:45:14,116.303593,39.942998
Car-1,2009-06-19 10:45:16,116.303595,39.942985
Car-1,2009-06-19 10:45:18,116.303617,39.94292
Car-1,2009-06-19 10:45:20,116.303645,39.942852
Car-1,2009-06-19 10:45:22,116.30367,39.942739
Car-1,2009-06-19 10:45:24,116.303683,39.942635
Car-1,2009-06-19 10:45:26,116.303703,39.942484
Car-1,2009-06-19 10:45:28,116.303724,39.942305
Car-1,2009-06-19 10:45:30,116.303755,39.942127
Car-1,2009-06-19 10:45:32,116.303777,39.941963
Car-1,2009-06-19 10:45:34,116.303797,39.941791
Car-1,2009-06-19 10:45:36,116.303855,39.941589
Car-1,2009-06-19 10:45:38,116.303865,39.941405
Car-1,2009-06-19 10:45:40,116.303867,39.941225
Car-1,2009-06-19 10:45:42,116.30386,39.941044
Car-1,2009-06-19 10:45:44,116.303853,39.940865
Car-1,2009-06-19 10:45:46,116.30383,39.94068
Car-1,2009-06-19 10:45:48,116.303825,39.940481
Car-1,2009-06-19 10:45:50,116.30381,39.940289
Car-1,2009-06-19 10:45:52,116.303762,39.940135
Car-1,2009-06-19 10:45:54,116.303807,39.939931
Car-1,2009-06-19 10:45:56,116.303831,39.939768
Car-1,2009-06-19 10:45:58,116.30384,39.939632
Car-1,2009-06-19 10:46:00,116.303855,39.939484
Car-1,2009-06-19 10:46:02,116.303866,39.939346
Car-1,2009-06-19 10:46:04,116.303863,39.939235
Car-1,2009-06-19 10:46:06,116.303866,39.939127
Car-1,2009-06-19 10:46:08,116.30388,39.939066
Car-1,2009-06-19 10:46:10,116.303866,39.939001
Car-1,2009-06-19 10:46:12,116.30384,39.938939
Car-1,2009-06-19 10:46:14,116.303805,39.938864
Car-1,2009-06-19 10:46:16,116.303797,39.938776
Car-1,2009-06-19 10:46:18,116.3038,39.938674
Car-1,2009-06-19 10:46:20,116.303822,39.938551
Car-1,2009-06-19 10:46:22,116.303831,39.938426
Car-1,2009-06-19 10:46:24,116.30386,39.938291
Car-1,2009-06-19 10:46:26,116.303849,39.938149
Car-1,2009-06-19 10:46:28,116.303846,39.938007
Car-1,2009-06-19 10:46:30,116.303843,39.937872
Car-1,2009-06-19 10:46:32,116.30386,39.937736
Car-1,2009-06-19 10:46:34,116.303893,39.937601
Car-1,2009-06-19 10:46:36,116.303871,39.937436
Car-1,2009-06-19 10:46:38,116.303889,39.937203
Car-1,2009-06-19 10:46:40,116.303895,39.936973
Car-1,2009-06-19 10:46:42,116.303881,39.936785
Car-1,2009-06-19 10:46:44,116.303881,39.936619
Car-1,2009-06-19 10:46:46,116.303866,39.936489
Car-1,2009-06-19 10:46:48,116.303856,39.936383
Car-1,2009-06-19 10:46:50,116.303815,39.936323
Car-1,2009-06-19 10:46:52,116.303787,39.936266
Car-1,2009-06-19 10:46:54,116.303737,39.936265
Car-1,2009-06-19 10:46:56,116.303725,39.93626
Car-1,2009-06-19 10:46:58,116.303711,39.936255
Car-1,2009-06-19 10:47:00,116.303711,39.936251
Car-1,2009-06-19 10:47:02,116.303712,39.936252
Car-1,2009-06-19 10:47:04,116.303711,39.936252
Car-1,2009-06-19 10:47:06,116.303709,39.936252
Car-1,2009-06-19 10:47:08,116.303708,39.936255
Car-1,2009-06-19 10:47:10,116.303708,39.936257
Car-1,2009-06-19 10:47:12,116.303708,39.936252
Car-1,2009-06-19 10:47:14,116.303718,39.936237
Car-1,2009-06-19 10:47:16,116.30373,39.936226
Car-1,2009-06-19 10:47:18,116.303731,39.936219
Car-1,2009-06-19 10:47:20,116.303722,39.936212
Car-1,2009-06-19 10:47:22,116.303721,39.936169
Car-1,2009-06-19 10:47:24,116.30375,39.936098
Car-1,2009-06-19 10:47:26,116.303785,39.935986
Car-1,2009-06-19 10:47:28,116.303819,39.935846
Car-1,2009-06-19 10:47:30,116.303803,39.935693
Car-1,2009-06-19 10:47:32,116.303775,39.935511
Car-1,2009-06-19 10:47:34,116.303777,39.935337
Car-1,2009-06-19 10:47:36,116.303757,39.935128
Car-1,2009-06-19 10:47:38,116.30376,39.934968
Car-1,2009-06-19 10:47:40,116.303825,39.934839
Car-1,2009-06-19 10:47:42,116.303807,39.934702
Car-1,2009-06-19 10:47:44,116.303759,39.934554
Car-1,2009-06-19 10:47:46,116.303741,39.934425
Car-1,2009-06-19 10:47:48,116.303756,39.934345
Car-1,2009-06-19 10:47:50,116.303775,39.934275
Car-1,2009-06-19 10:47:52,116.303796,39.934215
Car-1,2009-06-19 10:47:54,116.303791,39.934162
Car-1,2009-06-19 10:47:56,116.303781,39.934108
Car-1,2009-06-19 10:47:58,116.303805,39.934051
Car-1,2009-06-19 10:48:00,116.303797,39.93401
Car-1,2009-06-19 10:48:02,116.303814,39.93397
Car-1,2009-06-19 10:48:04,116.303803,39.933937
Car-1,2009-06-19 10:48:06,116.303761,39.933909
Car-1,2009-06-19 10:48:08,116.303726,39.933876
Car-1,2009-06-19 10:48:10,116.30367,39.933846
Car-1,2009-06-19 10:48:12,116.303654,39.933811
Car-1,2009-06-19 10:48:14,116.303632,39.933786
Car-1,2009-06-19 10:48:16,116.303624,39.933785
Car-1,2009-06-19 10:48:18,116.303614,39.933757
Car-1,2009-06-19 10:48:20,116.303624,39.933593
Car-1,2009-06-19 10:48:22,116.303614,39.933475
Car-1,2009-06-19 10:48:24,116.303583,39.933324
Car-1,2009-06-19 10:48:26,116.303609,39.933206
Car-1,2009-06-19 10:48:28,116.303557,39.933142
Car-1,2009-06-19 10:48:30,116.303561,39.933069
Car-1,2009-06-19 10:48:32,116.303586,39.932988
Car-1,2009-06-19 10:48:34,116.303603,39.932937
Car-1,2009-06-19 10:48:36,116.30362,39.932882
Car-1,2009-06-19 10:48:38,116.303618,39.932835
Car-1,2009-06-19 10:48:40,116.303637,39.932779
Car-1,2009-06-19 10:48:42,116.303646,39.932601
Car-1,2009-06-19 10:48:44,116.303653,39.932537
Car-1,2009-06-19 10:48:46,116.30365,39.932499
Car-1,2009-06-19 10:48:48,116.303652,39.932471
Car-1,2009-06-19 10:48:50,116.303641,39.932447
Car-1,2009-06-19 10:48:52,116.303618,39.932417
Car-1,2009-06-19 10:48:54,116.303606,39.932394
Car-1,2009-06-19 10:48:56,116.303581,39.932376
Car-1,2009-06-19 10:48:58,116.303593,39.932333
Car-1,2009-06-19 10:49:00,116.30361,39.932298
Car-1,2009-06-19 10:49:02,116.303616,39.932276
Car-1,2009-06-19 10:49:04,116.30362,39.93226
Car-1,2009-06-19 10:49:06,116.303641,39.932234
Car-1,2009-06-19 10:49:08,116.303652,39.932218
Car-1,2009-06-19 10:49:10,116.303654,39.932211
Car-1,2009-06-19 10:49:12,116.303658,39.9322
Car-1,2009-06-19 10:49:14,116.303657,39.932204
Car-1,2009-06-19 10:49:16,116.303657,39.932209
Car-1,2009-06-19 10:49:18,116.303642,39.932213
Car-1,2009-06-19 10:49:20,116.303633,39.932225
Car-1,2009-06-19 10:49:22,116.303632,39.932228
Car-1,2009-06-19 10:49:24,116.303637,39.932219
Car-1,2009-06-19 10:49:26,116.303639,39.93221
Car-1,2009-06-19 10:49:28,116.303628,39.932203
Car-1,2009-06-19 10:49:30,116.303614,39.932203
Car-1,2009-06-19 10:49:32,116.303605,39.932202
Car-1,2009-06-19 10:49:34,116.303604,39.93219
Car-1,2009-06-19 10:49:36,116.303601,39.932178
Car-1,2009-06-19 10:49:38,116.303599,39.932166
Car-1,2009-06-19 10:49:40,116.303619,39.932142
Car-1,2009-06-19 10:49:42,116.303644,39.93212
Car-1,2009-06-19 10:49:44,116.303664,39.932091
Car-1,2009-06-19 10:49:46,116.303666,39.932065
Car-1,2009-06-19 10:49:48,116.303661,39.932043
Car-1,2009-06-19 10:49:50,116.303687,39.931981
Car-1,2009-06-19 10:49:52,116.303707,39.931903
Car-1,2009-06-19 10:49:54,116.303726,39.9318
Car-1,2009-06-19 10:49:56,116.303737,39.931633
Car-1,2009-06-19 10:49:58,116.303745,39.931515
Car-1,2009-06-19 10:50:00,116.303746,39.931393
Car-1,2009-06-19 10:50:02,116.30374,39.931266
Car-1,2009-06-19 10:50:04,116.303762,39.931045
Car-1,2009-06-19 10:50:06,116.30377,39.930877
Car-1,2009-06-19 10:50:08,116.303788,39.930712
Car-1,2009-06-19 10:50:10,116.303816,39.930559
Car-1,2009-06-19 10:50:12,116.303859,39.930411
Car-1,2009-06-19 10:50:14,116.30391,39.930237
Car-1,2009-06-19 10:50:16,116.30393,39.930045
Car-1,2009-06-19 10:50:18,116.303953,39.929858
Car-1,2009-06-19 10:50:20,116.303982,39.929687
Car-1,2009-06-19 10:50:22,116.304007,39.929527
Car-1,2009-06-19 10:50:24,116.304045,39.929365
Car-1,2009-06-19 10:50:26,116.30408,39.929183
Car-1,2009-06-19 10:50:28,116.304097,39.929002
Car-1,2009-06-19 10:50:30,116.304092,39.92883
Car-1,2009-06-19 10:50:32,116.30408,39.928675
Car-1,2009-06-19 10:50:34,116.304054,39.928545
Car-1,2009-06-19 10:50:36,116.304017,39.928446
Car-1,2009-06-19 10:50:38,116.30397,39.928385
Car-1,2009-06-19 10:50:40,116.303928,39.928362
Car-1,2009-06-19 10:50:42,116.303912,39.928348
Car-1,2009-06-19 10:50:44,116.303901,39.928348
Car-1,2009-06-19 10:50:46,116.303901,39.928349
Car-1,2009-06-19 10:50:48,116.303901,39.928346
Car-1,2009-06-19 10:50:50,116.3039,39.928345
Car-1,2009-06-19 10:50:52,116.303895,39.928349
Car-1,2009-06-19 10:50:54,116.303873,39.928368
Car-1,2009-06-19 10:50:56,116.303857,39.928388
Car-1,2009-06-19 10:50:58,116.303841,39.928398
Car-1,2009-06-19 10:51:00,116.303827,39.928389
Car-1,2009-06-19 10:51:02,116.303826,39.928359
Car-1,2009-06-19 10:51:04,116.303838,39.928317
Car-1,2009-06-19 10:51:06,116.30385,39.928279
Car-1,2009-06-19 10:51:08,116.303871,39.928249
Car-1,2009-06-19 10:51:10,116.303885,39.928227
Car-1,2009-06-19 10:51:12,116.303869,39.928223
Car-1,2009-06-19 10:51:14,116.303869,39.928238
Car-1,2009-06-19 10:51:16,116.303845,39.928236
Car-1,2009-06-19 10:51:18,116.303822,39.92821
Car-1,2009-06-19 10:51:20,116.303814,39.928171
Car-1,2009-06-19 10:51:22,116.303808,39.928096
Car-1,2009-06-19 10:51:24,116.303806,39.92802
Car-1,2009-06-19 10:51:26,116.303801,39.927912
Car-1,2009-06-19 10:51:28,116.303793,39.927771
Car-1,2009-06-19 10:51:30,116.303731,39.927547
Car-1,2009-06-19 10:51:32,116.303711,39.927352
Car-1,2009-06-19 10:51:34,116.303708,39.927106
Car-1,2009-06-19 10:51:36,116.303745,39.9269
Car-1,2009-06-19 10:51:38,116.303789,39.926693
Car-1,2009-06-19 10:51:40,116.303792,39.92645
Car-1,2009-06-19 10:51:42,116.303823,39.926248
Car-1,2009-06-19 10:51:44,116.303808,39.926046
Car-1,2009-06-19 10:51:46,116.303783,39.925845
Car-1,2009-06-19 10:51:48,116.303748,39.925662
Car-1,2009-06-19 10:51:50,116.303707,39.925492
Car-1,2009-06-19 10:51:52,116.303676,39.925313
Car-1,2009-06-19 10:51:54,116.303651,39.925149
Car-1,2009-06-19 10:51:56,116.303623,39.925011
Car-1,2009-06-19 10:51:58,116.303597,39.924917
Car-1,2009-06-19 10:52:00,116.303579,39.924825
Car-1,2009-06-19 10:52:02,116.303579,39.924755
Car-1,2009-06-19 10:52:04,116.303581,39.924713
Car-1,2009-06-19 10:52:06,116.303564,39.924707
Car-1,2009-06-19 10:52:08,116.303564,39.924711
Car-1,2009-06-19 10:52:10,116.303563,39.924727
Car-1,2009-06-19 10:52:12,116.303558,39.924722
Car-1,2009-06-19 10:52:14,116.303544,39.924706
Car-1,2009-06-19 10:52:16,116.303532,39.924676
Car-1,2009-06-19 10:52:18,116.303504,39.924634
Car-1,2009-06-19 10:52:20,116.303486,39.924579
Car-1,2009-06-19 10:52:22,116.303483,39.924536
Car-1,2009-06-19 10:52:24,116.303509,39.924516
Car-1,2009-06-19 10:52:26,116.303517,39.92449
Car-1,2009-06-19 10:52:28,116.303517,39.924488
Car-1,2009-06-19 10:52:30,116.303518,39.924489
Car-1,2009-06-19 10:52:32,116.303518,39.924487
Car-1,2009-06-19 10:52:34,116.303573,39.924471
Car-1,2009-06-19 10:52:36,116.30362,39.924439
Car-1,2009-06-19 10:52:38,116.303649,39.924404
Car-1,2009-06-19 10:52:40,116.303666,39.924379
Car-1,2009-06-19 10:52:42,116.303684,39.924357
Car-1,2009-06-19 10:52:44,116.303697,39.924334
Car-1,2009-06-19 10:52:46,116.303706,39.924302
Car-1,2009-06-19 10:52:48,116.303716,39.924266
Car-1,2009-06-19 10:52:50,116.303706,39.924235
Car-1,2009-06-19 10:52:52,116.303706,39.924197
Car-1,2009-06-19 10:52:54,116.303705,39.924174
Car-1,2009-06-19 10:52:56,116.303715,39.924159
Car-1,2009-06-19 10:52:58,116.303728,39.924147
Car-1,2009-06-19 10:53:00,116.303728,39.92414
Car-1,2009-06-19 10:53:02,116.303712,39.924109
Car-1,2009-06-19 10:53:04,116.30369,39.924067
Car-1,2009-06-19 10:53:06,116.303675,39.924039
Car-1,2009-06-19 10:53:08,116.30367,39.924004
Car-1,2009-06-19 10:53:10,116.303645,39.923954
Car-1,2009-06-19 10:53:12,116.303632,39.923922
Car-1,2009-06-19 10:53:14,116.303616,39.923912
Car-1,2009-06-19 10:53:16,116.303607,39.923896
Car-1,2009-06-19 10:53:18,116.303603,39.923868
Car-1,2009-06-19 10:53:20,116.303577,39.923842
Car-1,2009-06-19 10:53:22,116.303543,39.923831
Car-1,2009-06-19 10:53:24,116.303508,39.923825
Car-1,2009-06-19 10:53:26,116.303488,39.92381
Car-1,2009-06-19 10:53:28,116.303478,39.923803
Car-1,2009-06-19 10:53:30,116.303471,39.923802
Car-1,2009-06-19 10:53:32,116.303463,39.923797
Car-1,2009-06-19 10:53:34,116.303449,39.923786
Car-1,2009-06-19 10:53:36,116.303448,39.923775
Car-1,2009-06-19 10:53:38,116.30344,39.923807
Car-1,2009-06-19 10:53:40,116.303408,39.923809
Car-1,2009-06-19 10:53:42,116.303385,39.923805
Car-1,2009-06-19 10:53:44,116.303365,39.9238
Car-1,2009-06-19 10:53:46,116.303356,39.923796
Car-1,2009-06-19 10:53:48,116.303332,39.923803
Car-1,2009-06-19 10:53:50,116.303303,39.923814
Car-1,2009-06-19 10:53:52,116.303269,39.923821
Car-1,2009-06-19 10:53:54,116.303254,39.923828
Car-1,2009-06-19 10:53:56,116.303234,39.923836
Car-1,2009-06-19 10:53:58,116.303225,39.923845
Car-1,2009-06-19 10:54:00,116.303216,39.923852
Car-1,2009-06-19 10:54:02,116.303194,39.923844
Car-1,2009-06-19 10:54:04,116.30318,39.923832
Car-1,2009-06-19 10:54:06,116.303152,39.923819
Car-1,2009-06-19 10:54:08,116.303129,39.923801
Car-1,2009-06-19 10:54:10,116.303096,39.923808
Car-1,2009-06-19 10:54:12,116.303065,39.923837
Car-1,2009-06-19 10:54:14,116.303037,39.923844
Car-1,2009-06-19 10:54:16,116.302981,39.923854
Car-1,2009-06-19 10:54:18,116.302945,39.923843
Car-1,2009-06-19 10:54:20,116.302911,39.923836
Car-1,2009-06-19 10:54:22,116.302897,39.923809
Car-1,2009-06-19 10:54:24,116.302893,39.923739
Car-1,2009-06-19 10:54:26,116.302895,39.923713
Car-1,2009-06-19 10:54:28,116.302885,39.923699
Car-1,2009-06-19 10:54:30,116.302884,39.923695
Car-1,2009-06-19 10:54:32,116.302876,39.92365
Car-1,2009-06-19 10:54:34,116.302863,39.923633
Car-1,2009-06-19 10:54:36,116.30285,39.923625
Car-1,2009-06-19 10:54:38,116.302834,39.923615
Car-1,2009-06-19 10:54:40,116.302828,39.923604
Car-1,2009-06-19 10:54:42,116.302783,39.923596
Car-1,2009-06-19 10:54:44,116.302764,39.923568
Car-1,2009-06-19 10:54:46,116.302734,39.923527
Car-1,2009-06-19 10:54:48,116.302694,39.923493
Car-1,2009-06-19 10:54:50,116.302654,39.923466
Car-1,2009-06-19 10:54:52,116.30264,39.923427
Car-1,2009-06-19 10:54:54,116.302615,39.923394
Car-1,2009-06-19 10:54:56,116.302599,39.923364
Car-1,2009-06-19 10:54:58,116.302579,39.923348
Car-1,2009-06-19 10:55:00,116.302554,39.923321
Car-1,2009-06-19 10:55:02,116.302529,39.923297
Car-1,2009-06-19 10:55:04,116.302509,39.923284
Car-1,2009-06-19 10:55:06,116.302477,39.923286
Car-1,2009-06-19 10:55:08,116.302446,39.923292
Car-1,2009-06-19 10:55:10,116.302443,39.923293
Car-1,2009-06-19 10:55:12,116.302432,39.923307
Car-1,2009-06-19 10:55:14,116.3024,39.92332
Car-1,2009-06-19 10:55:16,116.302341,39.923342
Car-1,2009-06-19 10:55:18,116.302294,39.923359
Car-1,2009-06-19 10:55:20,116.302257,39.923363
Car-1,2009-06-19 10:55:22,116.302245,39.923363
Car-1,2009-06-19 10:55:24,116.302245,39.923365
Car-1,2009-06-19 10:55:26,116.302244,39.923364
Car-1,2009-06-19 10:55:28,116.302243,39.92336
Car-1,2009-06-19 10:55:30,116.302242,39.923355
Car-1,2009-06-19 10:55:32,116.30219,39.923336
Car-1,2009-06-19 10:55:34,116.302181,39.923333
Car-1,2009-06-19 10:55:36,116.30218,39.923316
Car-1,2009-06-19 10:55:38,116.302166,39.923334
Car-1,2009-06-19 10:55:40,116.302166,39.923339
Car-1,2009-06-19 10:55:42,116.302166,39.92334
Car-1,2009-06-19 10:55:44,116.302166,39.923338
Car-1,2009-06-19 10:55:46,116.302181,39.923314
Car-1,2009-06-19 10:55:48,116.302202,39.923293
Car-1,2009-06-19 10:55:50,116.302224,39.92327
Car-1,2009-06-19 10:55:52,116.302239,39.923261
Car-1,2009-06-19 10:55:54,116.302248,39.923251
Car-1,2009-06-19 10:55:56,116.302241,39.923246
Car-1,2009-06-19 10:55:58,116.302221,39.923252
Car-1,2009-06-19 10:56:00,116.302194,39.923262
Car-1,2009-06-19 10:56:02,116.302174,39.923272
Car-1,2009-06-19 10:56:04,116.302166,39.923285
Car-1,2009-06-19 10:56:06,116.302144,39.923299
Car-1,2009-06-19 10:56:08,116.302127,39.923299
Car-1,2009-06-19 10:56:10,116.302109,39.923278
Car-1,2009-06-19 10:56:12,116.302074,39.923253
Car-1,2009-06-19 10:56:14,116.302018,39.923222
Car-1,2009-06-19 10:56:16,116.301924,39.923186
Car-1,2009-06-19 10:56:18,116.301818,39.923184
Car-1,2009-06-19 10:56:20,116.301712,39.923195
Car-1,2009-06-19 10:56:22,116.301619,39.923226
Car-1,2009-06-19 10:56:24,116.301541,39.923266
Car-1,2009-06-19 10:56:26,116.30147,39.923307
Car-1,2009-06-19 10:56:28,116.301441,39.923308
Car-1,2009-06-19 10:56:30,116.301444,39.9233
Car-1,2009-06-19 10:56:32,116.301452,39.923284
Car-1,2009-06-19 10:56:34,116.301469,39.923273
Car-1,2009-06-19 10:56:36,116.3015,39.923256
Car-1,2009-06-19 10:56:38,116.301523,39.923245
Car-1,2009-06-19 10:56:40,116.301531,39.923199
Car-1,2009-06-19 10:56:42,116.30147,39.923204
Car-1,2009-06-19 10:56:44,116.30141,39.923208
Car-1,2009-06-19 10:56:46,116.30136,39.923158
Car-1,2009-06-19 10:56:48,116.30131,39.923138
Car-1,2009-06-19 10:56:50,116.301263,39.923136
Car-1,2009-06-19 10:56:52,116.301227,39.923122
Car-1,2009-06-19 10:56:54,116.301188,39.923106
Car-1,2009-06-19 10:56:56,116.301161,39.923095
Car-1,2009-06-19 10:56:58,116.301137,39.923093
Car-1,2009-06-19 10:57:00,116.30109,39.923103
Car-1,2009-06-19 10:57:02,116.301055,39.923096
Car-1,2009-06-19 10:57:04,116.301023,39.923093
Car-1,2009-06-19 10:57:06,116.300984,39.92311
Car-1,2009-06-19 10:57:08,116.30094,39.923127
Car-1,2009-06-19 10:57:10,116.300912,39.923125
Car-1,2009-06-19 10:57:12,116.300872,39.923126
Car-1,2009-06-19 10:57:14,116.300838,39.923113
Car-1,2009-06-19 10:57:16,116.300828,39.923111
Car-1,2009-06-19 10:57:18,116.300807,39.923105
Car-1,2009-06-19 10:57:20,116.300797,39.923099
Car-1,2009-06-19 10:57:22,116.300782,39.923101
Car-1,2009-06-19 10:57:24,116.300762,39.923104
Car-1,2009-06-19 10:57:26,116.300734,39.923103
Car-1,2009-06-19 10:57:28,116.300707,39.923093
Car-1,2009-06-19 10:57:30,116.300689,39.923074
Car-1,2009-06-19 10:57:32,116.300672,39.923048
Car-1,2009-06-19 10:57:34,116.300661,39.923027
Car-1,2009-06-19 10:57:36,116.300652,39.923024
Car-1,2009-06-19 10:57:38,116.300642,39.923025
Car-1,2009-06-19 10:57:40,116.300638,39.923025
Car-1,2009-06-19 10:57:42,116.300634,39.923026
Car-1,2009-06-19 10:57:44,116.300624,39.923036
Car-1,2009-06-19 10:57:46,116.300604,39.923027
Car-1,2009-06-19 10:57:48,116.300569,39.923032
Car-1,2009-06-19 10:57:50,116.300542,39.923018
Car-1,2009-06-19 10:57:52,116.3005,39.923004
Car-1,2009-06-19 10:57:54,116.300439,39.923008
Car-1,2009-06-19 10:57:56,116.300363,39.923025
Car-1,2009-06-19 10:57:58,116.300281,39.923038
Car-1,2009-06-19 10:58:00,116.300229,39.923022
Car-1,2009-06-19 10:58:02,116.300155,39.923045
Car-1,2009-06-19 10:58:04,116.300064,39.923073
Car-1,2009-06-19 10:58:06,116.299968,39.923092
Car-1,2009-06-19 10:58:08,116.299861,39.923099
Car-1,2009-06-19 10:58:10,116.299756,39.923088
Car-1,2009-06-19 10:58:12,116.299654,39.923072
Car-1,2009-06-19 10:58:14,116.299539,39.923065
Car-1,2009-06-19 10:58:16,116.299432,39.923065
Car-1,2009-06-19 10:58:18,116.29936,39.923048
Car-1,2009-06-19 10:58:20,116.299305,39.92304
Car-1,2009-06-19 10:58:22,116.299253,39.923034
Car-1,2009-06-19 10:58:24,116.299204,39.923029
Car-1,2009-06-19 10:58:26,116.299161,39.923015
Car-1,2009-06-19 10:58:28,116.299144,39.922998
Car-1,2009-06-19 10:58:30,116.299139,39.923
Car-1,2009-06-19 10:58:32,116.299137,39.923003
Car-1,2009-06-19 10:58:34,116.299134,39.922996
Car-1,2009-06-19 10:58:36,116.299134,39.922992
Car-1,2009-06-19 10:58:38,116.299134,39.922989
Car-1,2009-06-19 10:58:40,116.299134,39.922986
Car-1,2009-06-19 10:58:42,116.299133,39.922986
Car-1,2009-06-19 10:58:44,116.299127,39.922992
Car-1,2009-06-19 10:58:46,116.299103,39.923026
Car-1,2009-06-19 10:58:48,116.29908,39.923033
Car-1,2009-06-19 10:58:50,116.299049,39.923034
Car-1,2009-06-19 10:58:52,116.29903,39.923036
Car-1,2009-06-19 10:58:54,116.299024,39.923035
Car-1,2009-06-19 10:58:56,116.299,39.923036
Car-1,2009-06-19 10:58:58,116.298994,39.923029
Car-1,2009-06-19 10:59:00,116.298989,39.923023
Car-1,2009-06-19 10:59:02,116.298992,39.923014
Car-1,2009-06-19 10:59:04,116.298989,39.923018
Car-1,2009-06-19 10:59:06,116.298996,39.923013
Car-1,2009-06-19 10:59:08,116.298996,39.923012
Car-1,2009-06-19 10:59:10,116.298996,39.92301
Car-1,2009-06-19 10:59:12,116.298996,39.923009
Car-1,2009-06-19 10:59:14,116.298994,39.923009
Car-1,2009-06-19 10:59:16,116.298968,39.923002
Car-1,2009-06-19 10:59:18,116.298907,39.923015
Car-1,2009-06-19 10:59:20,116.298848,39.923027
Car-1,2009-06-19 10:59:22,116.298777,39.923042
Car-1,2009-06-19 10:59:24,116.298686,39.92308
Car-1,2009-06-19 10:59:26,116.298603,39.923161
Car-1,2009-06-19 10:59:28,116.298489,39.923226
Car-1,2009-06-19 10:59:30,116.298369,39.923265
Car-1,2009-06-19 10:59:32,116.298258,39.923262
Car-1,2009-06-19 10:59:34,116.298142,39.923266
Car-1,2009-06-19 10:59:36,116.298014,39.923282
Car-1,2009-06-19 10:59:38,116.297895,39.923313
Car-1,2009-06-19 10:59:40,116.297778,39.923354
Car-1,2009-06-19 10:59:42,116.29764,39.923407
Car-1,2009-06-19 10:59:44,116.297485,39.923443
Car-1,2009-06-19 10:59:46,116.297337,39.923459
Car-1,2009-06-19 10:59:48,116.297206,39.923464
Car-1,2009-06-19 10:59:50,116.297067,39.923466
Car-1,2009-06-19 10:59:52,116.29693,39.923454
Car-1,2009-06-19 10:59:54,116.296812,39.923413
Car-1,2009-06-19 10:59:56,116.29673,39.923362
Car-1,2009-06-19 10:59:58,116.296645,39.923314
Car-1,2009-06-19 11:00:00,116.296547,39.923285
Car-1,2009-06-19 11:00:02,116.296428,39.923241
Car-1,2009-06-19 11:00:04,116.296315,39.923199
Car-1,2009-06-19 11:00:06,116.296213,39.923168
Car-1,2009-06-19 11:00:08,116.296125,39.923147
Car-1,2009-06-19 11:00:10,116.29607,39.923117
Car-1,2009-06-19 11:00:12,116.296044,39.923094
Car-1,2009-06-19 11:00:14,116.296002,39.923083
Car-1,2009-06-19 11:00:16,116.295939,39.923084
Car-1,2009-06-19 11:01:40,116.295617,39.923098
Car-1,2009-06-19 11:01:42,116.295516,39.923075
Car-1,2009-06-19 11:01:44,116.295397,39.92306
Car-1,2009-06-19 11:01:46,116.295254,39.923034
Car-1,2009-06-19 11:01:48,116.295092,39.922996
Car-1,2009-06-19 11:01:50,116.294924,39.922978
Car-1,2009-06-19 11:01:52,116.294746,39.922964
Car-1,2009-06-19 11:01:54,116.29457,39.922964
Car-1,2009-06-19 11:01:56,116.294399,39.922957
Car-1,2009-06-19 11:01:58,116.294235,39.922951
Car-1,2009-06-19 11:02:00,116.294072,39.922948
Car-1,2009-06-19 11:02:02,116.293923,39.922941
Car-1,2009-06-19 11:02:04,116.293797,39.922922
Car-1,2009-06-19 11:02:06,116.293706,39.922892
Car-1,2009-06-19 11:02:08,116.2937,39.922889
Car-1,2009-06-19 11:02:10,116.293716,39.92289
Car-1,2009-06-19 11:02:12,116.293732,39.922884
Car-1,2009-06-19 11:02:14,116.293735,39.922871
Car-1,2009-06-19 11:02:16,116.293724,39.922863
Car-1,2009-06-19 11:02:18,116.293708,39.922841
Car-1,2009-06-19 11:02:20,116.293646,39.922831
Car-1,2009-06-19 11:02:22,116.29354,39.922857
Car-1,2009-06-19 11:02:24,116.293429,39.922864
Car-1,2009-06-19 11:02:26,116.293294,39.92288
Car-1,2009-06-19 11:02:28,116.293143,39.922903
Car-1,2009-06-19 11:02:30,116.292992,39.922943
Car-1,2009-06-19 11:02:32,116.292847,39.922947
Car-1,2009-06-19 11:02:34,116.292775,39.92296
Car-1,2009-06-19 11:02:36,116.292709,39.923
Car-1,2009-06-19 11:02:38,116.292662,39.922991
Car-1,2009-06-19 11:02:40,116.292652,39.922987
Car-1,2009-06-19 11:02:42,116.292651,39.922985
Car-1,2009-06-19 11:02:44,116.292651,39.922982
Car-1,2009-06-19 11:02:46,116.29265,39.922976
Car-1,2009-06-19 11:02:48,116.292642,39.922967
Car-1,2009-06-19 11:02:50,116.292629,39.922957
Car-1,2009-06-19 11:02:52,116.292597,39.922946
Car-1,2009-06-19 11:02:54,116.292542,39.92294
Car-1,2009-06-19 11:02:56,116.292481,39.922935
Car-1,2009-06-19 11:02:58,116.292384,39.922946
Car-1,2009-06-19 11:03:00,116.292284,39.922953
Car-1,2009-06-19 11:03:02,116.292197,39.922954
Car-1,2009-06-19 11:03:04,116.292122,39.922961
Car-1,2009-06-19 11:03:06,116.292056,39.922963
Car-1,2009-06-19 11:03:08,116.292,39.922956
Car-1,2009-06-19 11:03:10,116.291946,39.922956
Car-1,2009-06-19 11:03:12,116.291882,39.92297
Car-1,2009-06-19 11:03:14,116.291828,39.922972
Car-1,2009-06-19 11:03:16,116.29176,39.922975
Car-1,2009-06-19 11:03:18,116.291646,39.922942
Car-1,2009-06-19 11:03:20,116.291586,39.922906
Car-1,2009-06-19 11:03:22,116.291494,39.922903
Car-1,2009-06-19 11:03:24,116.291426,39.922911
Car-1,2009-06-19 11:03:26,116.29133,39.922913
Car-1,2009-06-19 11:03:28,116.291259,39.922888
Car-1,2009-06-19 11:03:30,116.291217,39.922878
Car-1,2009-06-19 11:03:32,116.291142,39.92287
Car-1,2009-06-19 11:03:34,116.291083,39.922867
Car-1,2009-06-19 11:03:36,116.291032,39.922851
Car-1,2009-06-19 11:03:38,116.290987,39.922833
Car-1,2009-06-19 11:03:40,116.290959,39.92284
Car-1,2009-06-19 11:03:42,116.29093,39.922861
Car-1,2009-06-19 11:03:44,116.290891,39.922842
Car-1,2009-06-19 11:03:46,116.290852,39.922817
Car-1,2009-06-19 11:03:48,116.290804,39.922798
Car-1,2009-06-19 11:03:50,116.290733,39.922787
Car-1,2009-06-19 11:03:52,116.290648,39.922776
Car-1,2009-06-19 11:03:54,116.290569,39.922776
Car-1,2009-06-19 11:03:56,116.290507,39.92278
Car-1,2009-06-19 11:03:58,116.290482,39.922781
Car-1,2009-06-19 11:04:00,116.290469,39.922781
Car-1,2009-06-19 11:04:02,116.290473,39.922779
Car-1,2009-06-19 11:04:04,116.290473,39.922774
Car-1,2009-06-19 11:04:06,116.290473,39.922775
Car-1,2009-06-19 11:04:08,116.290472,39.922774
Car-1,2009-06-19 11:04:10,116.290473,39.922772
Car-1,2009-06-19 11:04:12,116.290473,39.922768
Car-1,2009-06-19 11:04:14,116.290473,39.922765
Car-1,2009-06-19 11:04:16,116.290473,39.922763
Car-1,2009-06-19 11:04:18,116.290473,39.922762
Car-1,2009-06-19 11:04:20,116.290473,39.922762
Car-1,2009-06-19 11:04:22,116.290472,39.922762
Car-1,2009-06-19 11:04:24,116.290472,39.92276
Car-1,2009-06-19 11:04:26,116.290472,39.922757
Car-1,2009-06-19 11:04:28,116.290472,39.922752
Car-1,2009-06-19 11:04:30,116.290471,39.922746
Car-1,2009-06-19 11:04:32,116.290471,39.922743
Car-1,2009-06-19 11:04:34,116.29047,39.922741
Car-1,2009-06-19 11:04:36,116.29047,39.92274
Car-1,2009-06-19 11:04:38,116.290471,39.922739
Car-1,2009-06-19 11:04:40,116.290471,39.922741
Car-1,2009-06-19 11:04:42,116.290471,39.922744
Car-1,2009-06-19 11:04:44,116.29047,39.922747
Car-1,2009-06-19 11:04:46,116.290469,39.922748
Car-1,2009-06-19 11:04:48,116.290469,39.922748
Car-1,2009-06-19 11:04:50,116.290468,39.922749
Car-1,2009-06-19 11:04:52,116.290467,39.922753
Car-1,2009-06-19 11:04:54,116.290427,39.922762
Car-1,2009-06-19 11:04:56,116.290363,39.922773
Car-1,2009-06-19 11:04:58,116.29028,39.922787
Car-1,2009-06-19 11:05:00,116.290184,39.922804
Car-1,2009-06-19 11:05:02,116.290082,39.922814
Car-1,2009-06-19 11:05:04,116.289979,39.922827
Car-1,2009-06-19 11:05:06,116.289896,39.922833
Car-1,2009-06-19 11:05:08,116.289829,39.922842
Car-1,2009-06-19 11:05:10,116.289777,39.922856
Car-1,2009-06-19 11:05:12,116.289726,39.922867
Car-1,2009-06-19 11:05:14,116.289654,39.922871
Car-1,2009-06-19 11:05:16,116.289542,39.922882
Car-1,2009-06-19 11:05:18,116.289415,39.922894
Car-1,2009-06-19 11:05:20,116.289281,39.922911
Car-1,2009-06-19 11:05:22,116.289118,39.922922
Car-1,2009-06-19 11:05:24,116.288956,39.922929
Car-1,2009-06-19 11:05:26,116.28881,39.922926
Car-1,2009-06-19 11:05:28,116.288681,39.922923
Car-1,2009-06-19 11:05:30,116.288524,39.922906
Car-1,2009-06-19 11:05:32,116.288384,39.9229
Car-1,2009-06-19 11:05:34,116.288243,39.922891
Car-1,2009-06-19 11:05:36,116.288108,39.922899
Car-1,2009-06-19 11:05:38,116.287935,39.922915
Car-1,2009-06-19 11:05:40,116.287778,39.922921
Car-1,2009-06-19 11:05:42,116.287657,39.922914
Car-1,2009-06-19 11:05:44,116.287536,39.92292
Car-1,2009-06-19 11:05:46,116.28742,39.92293
Car-1,2009-06-19 11:05:48,116.287305,39.922946
Car-1,2009-06-19 11:05:50,116.287183,39.922963
Car-1,2009-06-19 11:05:52,116.287093,39.922967
Car-1,2009-06-19 11:05:54,116.28706,39.922974
Car-1,2009-06-19 11:05:56,116.287042,39.922973
Car-1,2009-06-19 11:05:58,116.287011,39.923013
Car-1,2009-06-19 11:06:00,116.286952,39.923009
Car-1,2009-06-19 11:06:02,116.286864,39.923047
Car-1,2009-06-19 11:06:04,116.28675,39.92305
Car-1,2009-06-19 11:06:06,116.286639,39.923079
Car-1,2009-06-19 11:06:08,116.286532,39.923078
Car-1,2009-06-19 11:06:10,116.286422,39.923068
Car-1,2009-06-19 11:06:12,116.286292,39.923068
Car-1,2009-06-19 11:06:14,116.286134,39.923094
Car-1,2009-06-19 11:06:16,116.285979,39.923113
Car-1,2009-06-19 11:06:18,116.285833,39.923128
Car-1,2009-06-19 11:06:20,116.285704,39.923134
Car-1,2009-06-19 11:06:22,116.285608,39.92313
Car-1,2009-06-19 11:06:24,116.285514,39.923125
Car-1,2009-06-19 11:06:26,116.285449,39.923118
Car-1,2009-06-19 11:06:28,116.285398,39.923053
Car-1,2009-06-19 11:06:30,116.285342,39.923054
Car-1,2009-06-19 11:06:32,116.285288,39.923045
Car-1,2009-06-19 11:06:34,116.285196,39.923044
Car-1,2009-06-19 11:06:36,116.285072,39.923006
Car-1,2009-06-19 11:06:38,116.284932,39.922978
Car-1,2009-06-19 11:06:40,116.284776,39.922971
Car-1,2009-06-19 11:06:42,116.284617,39.922973
Car-1,2009-06-19 11:06:44,116.284464,39.922976
Car-1,2009-06-19 11:08:38,116.284159,39.923044
Car-1,2009-06-19 11:08:40,116.284078,39.923049
Car-1,2009-06-19 11:08:42,116.283983,39.923053
Car-1,2009-06-19 11:08:44,116.283875,39.923061
Car-1,2009-06-19 11:08:46,116.283773,39.923067
Car-1,2009-06-19 11:08:48,116.283672,39.923076
Car-1,2009-06-19 11:08:50,116.283555,39.92309
Car-1,2009-06-19 11:08:52,116.283427,39.9231
Car-1,2009-06-19 11:08:54,116.283316,39.923101
Car-1,2009-06-19 11:08:56,116.283235,39.923096
Car-1,2009-06-19 11:08:58,116.283181,39.923092
Car-1,2009-06-19 11:09:00,116.283148,39.923086
Car-1,2009-06-19 11:09:02,116.28312,39.923083
Car-1,2009-06-19 11:09:04,116.283119,39.923082
Car-1,2009-06-19 11:09:06,116.283118,39.923083
Car-1,2009-06-19 11:09:08,116.283118,39.923081
Car-1,2009-06-19 11:09:10,116.283118,39.923076
Car-1,2009-06-19 11:09:12,116.283117,39.923072
Car-1,2009-06-19 11:09:14,116.283117,39.92307
Car-1,2009-06-19 11:09:16,116.283117,39.923068
Car-1,2009-06-19 11:09:18,116.283115,39.923066
Car-1,2009-06-19 11:09:20,116.283097,39.923068
Car-1,2009-06-19 11:09:22,116.283015,39.923068
Car-1,2009-06-19 11:09:24,116.282908,39.92307
Car-1,2009-06-19 11:09:26,116.282796,39.923073
Car-1,2009-06-19 11:09:28,116.282682,39.92308
Car-1,2009-06-19 11:09:30,116.282571,39.92309
Car-1,2009-06-19 11:09:32,116.28248,39.9231
Car-1,2009-06-19 11:09:34,116.282387,39.923114
Car-1,2009-06-19 11:09:36,116.282281,39.923126
Car-1,2009-06-19 11:09:38,116.282187,39.923139
Car-1,2009-06-19 11:09:40,116.282084,39.923161
Car-1,2009-06-19 11:09:42,116.281972,39.923172
Car-1,2009-06-19 11:09:44,116.281862,39.923183
Car-1,2009-06-19 11:09:46,116.281758,39.923203
Car-1,2009-06-19 11:09:48,116.281662,39.923228
Car-1,2009-06-19 11:09:50,116.281572,39.923252
Car-1,2009-06-19 11:09:52,116.281478,39.923256
Car-1,2009-06-19 11:09:54,116.281395,39.923272
Car-1,2009-06-19 11:09:56,116.281354,39.923318
Car-1,2009-06-19 11:09:58,116.281347,39.923353
Car-1,2009-06-19 11:10:00,116.281318,39.923382
Car-1,2009-06-19 11:10:02,116.281273,39.923412
Car-1,2009-06-19 11:10:04,116.281207,39.923409
Car-1,2009-06-19 11:10:06,116.281155,39.923412
Car-1,2009-06-19 11:10:08,116.281117,39.92339
Car-1,2009-06-19 11:10:10,116.281097,39.923352
Car-1,2009-06-19 11:10:12,116.281081,39.923343
Car-1,2009-06-19 11:10:14,116.28108,39.923343
Car-1,2009-06-19 11:10:16,116.28108,39.923343
Car-1,2009-06-19 11:10:18,116.28108,39.923342
Car-1,2009-06-19 11:10:20,116.28108,39.923339
Car-1,2009-06-19 11:10:22,116.28108,39.923335
Car-1,2009-06-19 11:10:24,116.281079,39.923329
Car-1,2009-06-19 11:10:26,116.281079,39.923322
Car-1,2009-06-19 11:10:28,116.281079,39.923315
Car-1,2009-06-19 11:10:30,116.281079,39.923309
Car-1,2009-06-19 11:10:32,116.281079,39.923307
Car-1,2009-06-19 11:10:34,116.28107,39.923311
Car-1,2009-06-19 11:10:36,116.281,39.923328
Car-1,2009-06-19 11:10:38,116.280884,39.92332
Car-1,2009-06-19 11:10:40,116.2808,39.923348
Car-1,2009-06-19 11:10:42,116.280761,39.923364
Car-1,2009-06-19 11:10:44,116.280737,39.923367
Car-1,2009-06-19 11:10:46,116.280724,39.923361
Car-1,2009-06-19 11:10:48,116.280724,39.92336
Car-1,2009-06-19 11:10:50,116.280722,39.923363
Car-1,2009-06-19 11:10:52,116.280721,39.923364
Car-1,2009-06-19 11:10:54,116.28072,39.923368
Car-1,2009-06-19 11:10:56,116.280693,39.923381
Car-1,2009-06-19 11:10:58,116.280671,39.923375
Car-1,2009-06-19 11:11:00,116.28067,39.923375
Car-1,2009-06-19 11:11:02,116.280669,39.923374
Car-1,2009-06-19 11:11:04,116.280642,39.923386
Car-1,2009-06-19 11:11:06,116.280552,39.923454
Car-1,2009-06-19 11:11:08,116.280426,39.923475
Car-1,2009-06-19 11:11:10,116.28035,39.923485
Car-1,2009-06-19 11:11:12,116.280269,39.923484
Car-1,2009-06-19 11:11:14,116.28013,39.923465
Car-1,2009-06-19 11:11:16,116.28004,39.923438
Car-1,2009-06-19 11:11:18,116.280005,39.923413
Car-1,2009-06-19 11:13:22,116.279659,39.923373
Car-1,2009-06-19 11:13:24,116.279543,39.923259
Car-1,2009-06-19 11:13:26,116.279428,39.923181
Car-1,2009-06-19 11:13:28,116.279333,39.923156
Car-1,2009-06-19 11:13:30,116.279244,39.923143
Car-1,2009-06-19 11:13:32,116.279166,39.923136
Car-1,2009-06-19 11:13:34,116.279074,39.92314
Car-1,2009-06-19 11:13:36,116.278997,39.92316
Car-1,2009-06-19 11:13:38,116.278925,39.923178
Car-1,2009-06-19 11:13:40,116.278871,39.923189
Car-1,2009-06-19 11:13:42,116.278813,39.923215
Car-1,2009-06-19 11:13:44,116.278744,39.923248
Car-1,2009-06-19 11:13:46,116.27868,39.923271
Car-1,2009-06-19 11:13:48,116.278623,39.923287
Car-1,2009-06-19 11:13:50,116.278573,39.923299
Car-1,2009-06-19 11:13:52,116.278527,39.923287
Car-1,2009-06-19 11:13:54,116.278488,39.923312
Car-1,2009-06-19 11:13:56,116.278405,39.923393
Car-1,2009-06-19 11:13:58,116.278361,39.923402
Car-1,2009-06-19 11:14:00,116.278297,39.923404
Car-1,2009-06-19 11:14:02,116.278215,39.923431
Car-1,2009-06-19 11:14:04,116.278126,39.923461
Car-1,2009-06-19 11:14:06,116.278068,39.923525
Car-1,2009-06-19 11:14:08,116.277983,39.923574
Car-1,2009-06-19 11:14:10,116.277873,39.923593
Car-1,2009-06-19 11:14:12,116.277742,39.923616
Car-1,2009-06-19 11:14:14,116.277596,39.923638
Car-1,2009-06-19 11:14:16,116.277417,39.923635
Car-1,2009-06-19 11:14:18,116.27722,39.923607
Car-1,2009-06-19 11:14:20,116.277017,39.923564
Car-1,2009-06-19 11:14:22,116.276749,39.923459
Car-1,2009-06-19 11:14:24,116.276569,39.923411
Car-1,2009-06-19 11:14:26,116.276405,39.923351
Car-1,2009-06-19 11:14:28,116.276215,39.92333
Car-1,2009-06-19 11:14:30,116.276021,39.923329
Car-1,2009-06-19 11:14:32,116.275801,39.923327
Car-1,2009-06-19 11:14:34,116.275562,39.923319
Car-1,2009-06-19 11:14:36,116.275321,39.923305
Car-1,2009-06-19 11:14:38,116.275065,39.923291
Car-1,2009-06-19 11:14:40,116.2748,39.923288
Car-1,2009-06-19 11:14:42,116.274516,39.923296
Car-1,2009-06-19 11:14:44,116.274223,39.923298
Car-1,2009-06-19 11:14:46,116.273931,39.923299
Car-1,2009-06-19 11:14:48,116.273658,39.923294
Car-1,2009-06-19 11:14:50,116.273397,39.923297
Car-1,2009-06-19 11:14:52,116.273133,39.923296
Car-1,2009-06-19 11:14:54,116.272863,39.923302
Car-1,2009-06-19 11:14:56,116.272587,39.923307
Car-1,2009-06-19 11:14:58,116.2723,39.923319
Car-1,2009-06-19 11:15:00,116.271996,39.923348
Car-1,2009-06-19 11:15:02,116.271678,39.92338
Car-1,2009-06-19 11:15:04,116.271282,39.923438
Car-1,2009-06-19 11:15:06,116.270969,39.92349
Car-1,2009-06-19 11:15:08,116.270692,39.923575
Car-1,2009-06-19 11:15:10,116.270469,39.92365
Car-1,2009-06-19 11:15:12,116.270305,39.923735
Car-1,2009-06-19 11:15:14,116.270197,39.923816
Car-1,2009-06-19 11:15:16,116.270076,39.923913
Car-1,2009-06-19 11:15:18,116.269952,39.924014
Car-1,2009-06-19 11:15:20,116.269845,39.924122
Car-1,2009-06-19 11:15:22,116.269759,39.924264
Car-1,2009-06-19 11:15:24,116.269709,39.92445
Car-1,2009-06-19 11:15:26,116.269667,39.9246
Car-1,2009-06-19 11:15:28,116.269676,39.924732
Car-1,2009-06-19 11:15:30,116.269682,39.924859
Car-1,2009-06-19 11:15:32,116.26966,39.925025
Car-1,2009-06-19 11:15:34,116.269633,39.925192
Car-1,2009-06-19 11:15:36,116.269608,39.925361
Car-1,2009-06-19 11:15:38,116.269598,39.925523
Car-1,2009-06-19 11:15:40,116.269581,39.925713
Car-1,2009-06-19 11:15:42,116.269563,39.925882
Car-1,2009-06-19 11:15:44,116.269558,39.926056
Car-1,2009-06-19 11:15:46,116.26957,39.926218
Car-1,2009-06-19 11:15:48,116.269593,39.92637
Car-1,2009-06-19 11:15:50,116.269584,39.926485
Car-1,2009-06-19 11:15:52,116.269565,39.926603
Car-1,2009-06-19 11:15:54,116.269501,39.926647
Car-1,2009-06-19 11:15:56,116.269411,39.926661
Car-1,2009-06-19 11:15:58,116.269305,39.926688
Car-1,2009-06-19 11:16:00,116.269229,39.92672
Car-1,2009-06-19 11:16:02,116.269143,39.926802
Car-1,2009-06-19 11:16:04,116.269111,39.926782
Car-1,2009-06-19 11:16:06,116.26907,39.926753
Car-1,2009-06-19 11:16:08,116.269045,39.926722
Car-1,2009-06-19 11:16:10,116.269032,39.926585
Car-1,2009-06-19 11:16:12,116.269045,39.926475
Car-1,2009-06-19 11:16:14,116.269078,39.926326
Car-1,2009-06-19 11:16:16,116.269106,39.926175
Car-1,2009-06-19 11:16:18,116.269115,39.925993
Car-1,2009-06-19 11:16:20,116.269112,39.925826
Car-1,2009-06-19 11:16:22,116.269093,39.925656
Car-1,2009-06-19 11:16:24,116.269074,39.925498
Car-1,2009-06-19 11:16:26,116.269069,39.925328
Car-1,2009-06-19 11:16:28,116.269052,39.925175
Car-1,2009-06-19 11:16:30,116.26902,39.925038
Car-1,2009-06-19 11:16:32,116.268978,39.92493
Car-1,2009-06-19 11:16:34,116.268931,39.924851
Car-1,2009-06-19 11:16:36,116.268879,39.924793
Car-1,2009-06-19 11:16:38,116.268838,39.924756
Car-1,2009-06-19 11:16:40,116.268814,39.924738
Car-1,2009-06-19 11:16:42,116.268794,39.924741
Car-1,2009-06-19 11:16:44,116.268781,39.924742
Car-1,2009-06-19 11:16:46,116.268786,39.924735
Car-1,2009-06-19 11:16:48,116.268791,39.924729
Car-1,2009-06-19 11:16:50,116.268795,39.924704
Car-1,2009-06-19 11:16:52,116.268771,39.924677
Car-1,2009-06-19 11:16:54,116.26875,39.924656
Car-1,2009-06-19 11:16:56,116.268748,39.92462
Car-1,2009-06-19 11:16:58,116.268741,39.924587
Car-1,2009-06-19 11:17:00,116.268716,39.924504
Car-1,2009-06-19 11:17:02,116.268701,39.924408
Car-1,2009-06-19 11:17:04,116.268695,39.924307
Car-1,2009-06-19 11:17:06,116.268628,39.924222
Car-1,2009-06-19 11:17:08,116.268537,39.924156
Car-1,2009-06-19 11:17:10,116.268401,39.924103
Car-1,2009-06-19 11:17:12,116.268243,39.924059
Car-1,2009-06-19 11:17:14,116.268077,39.92403
Car-1,2009-06-19 11:17:16,116.267923,39.923989
Car-1,2009-06-19 11:17:18,116.267791,39.923918
Car-1,2009-06-19 11:17:20,116.267671,39.923896
Car-1,2009-06-19 11:17:22,116.267516,39.923843
Car-1,2009-06-19 11:17:24,116.267383,39.923831
Car-1,2009-06-19 11:17:26,116.267311,39.923746
Car-1,2009-06-19 11:17:28,116.267331,39.923547
Car-1,2009-06-19 11:17:30,116.26733,39.92339
Car-1,2009-06-19 11:17:32,116.267321,39.92325
Car-1,2009-06-19 11:17:34,116.267315,39.923089
Car-1,2009-06-19 11:17:36,116.2673,39.922928
Car-1,2009-06-19 11:17:38,116.267289,39.922757
Car-1,2009-06-19 11:17:40,116.267285,39.922581
Car-1,2009-06-19 11:17:42,116.267296,39.922389
Car-1,2009-06-19 11:17:44,116.267296,39.92222
Car-1,2009-06-19 11:17:46,116.267307,39.922085
Car-1,2009-06-19 11:17:48,116.267323,39.921979
Car-1,2009-06-19 11:17:50,116.267343,39.921915
Car-1,2009-06-19 11:17:52,116.267381,39.921845
Car-1,2009-06-19 11:17:54,116.267421,39.921769
Car-1,2009-06-19 11:17:56,116.267483,39.921683
Car-1,2009-06-19 11:17:58,116.267579,39.921577
Car-1,2009-06-19 11:18:00,116.267676,39.921457
Car-1,2009-06-19 11:18:02,116.267784,39.92132
Car-1,2009-06-19 11:18:04,116.267894,39.921169
Car-1,2009-06-19 11:18:06,116.268008,39.921001
Car-1,2009-06-19 11:18:08,116.268122,39.920827
Car-1,2009-06-19 11:18:10,116.268221,39.920613
Car-1,2009-06-19 11:18:12,116.268296,39.920423
Car-1,2009-06-19 11:18:14,116.268372,39.920239
Car-1,2009-06-19 11:18:16,116.268438,39.920066
Car-1,2009-06-19 11:18:18,116.268495,39.919903
Car-1,2009-06-19 11:18:20,116.268534,39.919743
Car-1,2009-06-19 11:18:22,116.268577,39.91959
Car-1,2009-06-19 11:18:24,116.268619,39.919444
Car-1,2009-06-19 11:18:26,116.268652,39.919303
Car-1,2009-06-19 11:18:28,116.268674,39.919182
Car-1,2009-06-19 11:18:30,116.268704,39.91909
Car-1,2009-06-19 11:18:32,116.268719,39.919029
Car-1,2009-06-19 11:18:34,116.268719,39.91902
Car-1,2009-06-19 11:18:36,116.268703,39.919038
Car-1,2009-06-19 11:18:38,116.268703,39.91904
Car-1,2009-06-19 11:18:40,116.268702,39.919041
Car-1,2009-06-19 11:18:42,116.268702,39.91904
Car-1,2009-06-19 11:18:44,116.268702,39.91904
Car-1,2009-06-19 11:18:46,116.268702,39.919039
Car-1,2009-06-19 11:18:48,116.268703,39.919039
Car-1,2009-06-19 11:18:50,116.268719,39.919029
Car-1,2009-06-19 11:18:52,116.268726,39.918995
Car-1,2009-06-19 11:18:54,116.268713,39.918941
Car-1,2009-06-19 11:18:56,116.268717,39.918876
Car-1,2009-06-19 11:18:58,116.268721,39.918805
Car-1,2009-06-19 11:19:00,116.268715,39.918713
Car-1,2009-06-19 11:19:02,116.268698,39.91861
Car-1,2009-06-19 11:19:04,116.26872,39.9185
Car-1,2009-06-19 11:19:06,116.268746,39.918376
Car-1,2009-06-19 11:19:08,116.268752,39.918239
Car-1,2009-06-19 11:19:10,116.268739,39.918095
Car-1,2009-06-19 11:19:12,116.26872,39.917954
Car-1,2009-06-19 11:19:14,116.268682,39.917808
Car-1,2009-06-19 11:19:16,116.268514,39.917641
Car-1,2009-06-19 11:19:18,116.268519,39.917505
Car-1,2009-06-19 11:19:20,116.268524,39.917376
Car-1,2009-06-19 11:19:22,116.268538,39.917255
Car-1,2009-06-19 11:19:24,116.268527,39.917125
Car-1,2009-06-19 11:19:26,116.26853,39.917015
Car-1,2009-06-19 11:19:28,116.268549,39.91694
Car-1,2009-06-19 11:19:30,116.268536,39.916904
Car-1,2009-06-19 11:19:32,116.268523,39.916904
Car-1,2009-06-19 11:19:34,116.268513,39.916906
Car-1,2009-06-19 11:19:36,116.268512,39.916905
Car-1,2009-06-19 11:19:38,116.26851,39.916906
Car-1,2009-06-19 11:19:40,116.268509,39.916905
Car-1,2009-06-19 11:19:42,116.268508,39.916902
Car-1,2009-06-19 11:19:44,116.268506,39.916897
Car-1,2009-06-19 11:19:46,116.268504,39.916893
Car-1,2009-06-19 11:19:48,116.268501,39.916891
Car-1,2009-06-19 11:19:50,116.2685,39.916891
Car-1,2009-06-19 11:19:52,116.268498,39.916893
Car-1,2009-06-19 11:19:54,116.268496,39.916893
Car-1,2009-06-19 11:19:56,116.268494,39.916892
Car-1,2009-06-19 11:19:58,116.268492,39.916891
Car-1,2009-06-19 11:20:00,116.268491,39.916892
Car-1,2009-06-19 11:20:02,116.26849,39.916893
Car-1,2009-06-19 11:20:04,116.268489,39.916894
Car-1,2009-06-19 11:20:06,116.268487,39.916895
Car-1,2009-06-19 11:20:08,116.268486,39.916893
Car-1,2009-06-19 11:20:10,116.268486,39.916891
Car-1,2009-06-19 11:20:12,116.268485,39.916887
Car-1,2009-06-19 11:20:14,116.268484,39.916883
Car-1,2009-06-19 11:20:16,116.268484,39.916878
Car-1,2009-06-19 11:20:18,116.268481,39.916868
Car-1,2009-06-19 11:20:20,116.268475,39.916853
Car-1,2009-06-19 11:20:22,116.268392,39.916802
Car-1,2009-06-19 11:20:24,116.268337,39.916779
Car-1,2009-06-19 11:20:26,116.268307,39.916684
Car-1,2009-06-19 11:20:28,116.26828,39.916585
Car-1,2009-06-19 11:20:30,116.268257,39.916448
Car-1,2009-06-19 11:20:32,116.268233,39.916327
Car-1,2009-06-19 11:20:34,116.268234,39.916213
Car-1,2009-06-19 11:20:36,116.26827,39.916101
Car-1,2009-06-19 11:20:38,116.26831,39.916063
Car-1,2009-06-19 11:20:40,116.268313,39.916044
Car-1,2009-06-19 11:20:42,116.268325,39.916032
Car-1,2009-06-19 11:20:44,116.268338,39.916016
Car-1,2009-06-19 11:20:46,116.268341,39.915981
Car-1,2009-06-19 11:20:48,116.268339,39.915918
Car-1,2009-06-19 11:20:50,116.268312,39.915869
Car-1,2009-06-19 11:20:52,116.268343,39.915868
Car-1,2009-06-19 11:20:54,116.268352,39.915873
Car-1,2009-06-19 11:20:56,116.268352,39.915874
Car-1,2009-06-19 11:20:58,116.268352,39.915872
Car-1,2009-06-19 11:21:00,116.268352,39.915871
Car-1,2009-06-19 11:21:02,116.268352,39.915871
Car-1,2009-06-19 11:21:04,116.268349,39.91585
Car-1,2009-06-19 11:21:06,116.268347,39.915796
Car-1,2009-06-19 11:21:08,116.268341,39.915735
Car-1,2009-06-19 11:21:10,116.268336,39.915684
Car-1,2009-06-19 11:21:12,116.268344,39.915661
Car-1,2009-06-19 11:21:14,116.268342,39.915654
Car-1,2009-06-19 11:21:16,116.268346,39.915642
Car-1,2009-06-19 11:21:18,116.268357,39.915636
Car-1,2009-06-19 11:21:20,116.268354,39.91563
Car-1,2009-06-19 11:21:22,116.268347,39.915631
Car-1,2009-06-19 11:21:24,116.268346,39.915625
Car-1,2009-06-19 11:21:26,116.268348,39.915604
Car-1,2009-06-19 11:21:28,116.268353,39.91554
Car-1,2009-06-19 11:21:30,116.268359,39.915466
Car-1,2009-06-19 11:21:32,116.268379,39.915359
Car-1,2009-06-19 11:21:34,116.268401,39.915229
Car-1,2009-06-19 11:21:36,116.268419,39.915095
Car-1,2009-06-19 11:21:38,116.268447,39.914937
Car-1,2009-06-19 11:21:40,116.268463,39.914764
Car-1,2009-06-19 11:21:42,116.268453,39.914584
Car-1,2009-06-19 11:21:44,116.268427,39.914389
Car-1,2009-06-19 11:21:46,116.268374,39.91418
Car-1,2009-06-19 11:21:48,116.268226,39.913942
Car-1,2009-06-19 11:21:50,116.268104,39.913676
Car-1,2009-06-19 11:21:52,116.268063,39.913442
Car-1,2009-06-19 11:21:54,116.26805,39.913241
Car-1,2009-06-19 11:21:56,116.268029,39.913079
Car-1,2009-06-19 11:21:58,116.268014,39.912928
Car-1,2009-06-19 11:22:00,116.267999,39.912757
Car-1,2009-06-19 11:22:02,116.267983,39.912562
Car-1,2009-06-19 11:22:04,116.267935,39.912348
Car-1,2009-06-19 11:22:06,116.267894,39.912136
Car-1,2009-06-19 11:22:08,116.267868,39.911956
Car-1,2009-06-19 11:22:10,116.267814,39.911792
Car-1,2009-06-19 11:22:12,116.26774,39.911616
Car-1,2009-06-19 11:22:14,116.267735,39.911448
Car-1,2009-06-19 11:22:16,116.267762,39.911272
Car-1,2009-06-19 11:22:18,116.267756,39.911055
Car-1,2009-06-19 11:22:20,116.267737,39.910832
Car-1,2009-06-19 11:22:22,116.267722,39.910603
Car-1,2009-06-19 11:22:24,116.267731,39.91038
Car-1,2009-06-19 11:22:26,116.267691,39.910168
Car-1,2009-06-19 11:22:28,116.267679,39.909967
Car-1,2009-06-19 11:22:30,116.267674,39.909778
Car-1,2009-06-19 11:22:32,116.267663,39.909581
Car-1,2009-06-19 11:22:34,116.267651,39.909346
Car-1,2009-06-19 11:22:36,116.267644,39.909113
Car-1,2009-06-19 11:22:38,116.267595,39.908912
Car-1,2009-06-19 11:22:40,116.267599,39.90869
Car-1,2009-06-19 11:22:42,116.267595,39.908462
Car-1,2009-06-19 11:22:44,116.267595,39.908241
Car-1,2009-06-19 11:22:46,116.267614,39.908029
Car-1,2009-06-19 11:22:48,116.267623,39.907874
Car-1,2009-06-19 11:22:50,116.267597,39.907804
Car-1,2009-06-19 11:22:52,116.267574,39.907764
Car-1,2009-06-19 11:22:54,116.267578,39.907739
Car-1,2009-06-19 11:25:38,116.267613,39.907494
Car-1,2009-06-19 11:25:40,116.267614,39.907417
Car-1,2009-06-19 11:25:42,116.267631,39.907315
Car-1,2009-06-19 11:25:44,116.267638,39.907209
Car-1,2009-06-19 11:25:46,116.267643,39.907102
Car-1,2009-06-19 11:25:48,116.267646,39.907009
Car-1,2009-06-19 11:25:50,116.267646,39.90694
Car-1,2009-06-19 11:25:52,116.267635,39.906889
Car-1,2009-06-19 11:25:54,116.267634,39.906866
Car-1,2009-06-19 11:25:56,116.267624,39.90683
Car-1,2009-06-19 11:25:58,116.267631,39.906782
Car-1,2009-06-19 11:26:00,116.267649,39.906729
Car-1,2009-06-19 11:26:02,116.267668,39.906708
Car-1,2009-06-19 11:26:04,116.267684,39.906695
Car-1,2009-06-19 11:26:06,116.267693,39.906681
Car-1,2009-06-19 11:26:08,116.267692,39.906678
Car-1,2009-06-19 11:26:10,116.267693,39.906677
Car-1,2009-06-19 11:26:12,116.267693,39.906677
Car-1,2009-06-19 11:26:14,116.267692,39.906673
Car-1,2009-06-19 11:26:16,116.267692,39.906668
Car-1,2009-06-19 11:26:18,116.267692,39.906665
Car-1,2009-06-19 11:26:20,116.267693,39.906665
Car-1,2009-06-19 11:26:22,116.267693,39.906664
Car-1,2009-06-19 11:26:24,116.267692,39.906659
Car-1,2009-06-19 11:26:26,116.267691,39.906656
Car-1,2009-06-19 11:26:28,116.267691,39.906653
Car-1,2009-06-19 11:26:30,116.26769,39.906649
Car-1,2009-06-19 11:26:32,116.267684,39.906655
Car-1,2009-06-19 11:26:34,116.267682,39.906677
Car-1,2009-06-19 11:26:36,116.267748,39.906689
Car-1,2009-06-19 11:26:38,116.267763,39.906679
Car-1,2009-06-19 11:26:40,116.267762,39.906678
Car-1,2009-06-19 11:26:42,116.267765,39.906675
Car-1,2009-06-19 11:26:44,116.267767,39.906686
Car-1,2009-06-19 11:26:46,116.26779,39.906692
Car-1,2009-06-19 11:26:48,116.267827,39.906679
Car-1,2009-06-19 11:26:50,116.267835,39.906678
Car-1,2009-06-19 11:26:52,116.267836,39.906683
Car-1,2009-06-19 11:26:54,116.267846,39.90668
Car-1,2009-06-19 11:26:56,116.267855,39.906682
Car-1,2009-06-19 11:26:58,116.26786,39.906683
Car-1,2009-06-19 11:27:00,116.26786,39.906683
Car-1,2009-06-19 11:27:02,116.26786,39.906683
Car-1,2009-06-19 11:27:04,116.26786,39.906682
Car-1,2009-06-19 11:27:06,116.267871,39.906667
Car-1,2009-06-19 11:27:08,116.267868,39.906653
Car-1,2009-06-19 11:27:10,116.267849,39.906655
Car-1,2009-06-19 11:27:12,116.267849,39.906659
Car-1,2009-06-19 11:27:14,116.267814,39.906663
Car-1,2009-06-19 11:27:16,116.267787,39.906666
Car-1,2009-06-19 11:27:18,116.267796,39.906647
Car-1,2009-06-19 11:27:20,116.267834,39.906634
Car-1,2009-06-19 11:27:22,116.267844,39.906629
Car-1,2009-06-19 11:27:24,116.267845,39.906635
Car-1,2009-06-19 11:27:26,116.267846,39.906634
Car-1,2009-06-19 11:27:28,116.267846,39.906633
Car-1,2009-06-19 11:27:30,116.267846,39.90663
Car-1,2009-06-19 11:27:32,116.267874,39.906628
Car-1,2009-06-19 11:27:34,116.267902,39.906615
Car-1,2009-06-19 11:27:36,116.267893,39.906636
Car-1,2009-06-19 11:27:38,116.267872,39.906645
Car-1,2009-06-19 11:27:40,116.267871,39.906645
Car-1,2009-06-19 11:27:42,116.26787,39.906648
Car-1,2009-06-19 11:27:44,116.267871,39.906652
Car-1,2009-06-19 11:27:46,116.267903,39.90662
Car-1,2009-06-19 11:27:48,116.267915,39.906608
Car-1,2009-06-19 11:27:50,116.267917,39.906608
Car-1,2009-06-19 11:27:52,116.267919,39.906608
Car-1,2009-06-19 11:27:54,116.267921,39.906607
Car-1,2009-06-19 11:27:56,116.267922,39.906608
Car-1,2009-06-19 11:27:58,116.267922,39.906608
Car-1,2009-06-19 11:28:00,116.267922,39.906607
Car-1,2009-06-19 11:28:02,116.267921,39.906608
Car-1,2009-06-19 11:28:04,116.267921,39.906609
Car-1,2009-06-19 11:28:06,116.26792,39.906607
Car-1,2009-06-19 11:28:08,116.267919,39.906606
Car-1,2009-06-19 11:28:10,116.267919,39.906605
Car-1,2009-06-19 11:28:12,116.267918,39.906602
Car-1,2009-06-19 11:28:14,116.267918,39.9066
Car-1,2009-06-19 11:28:16,116.267919,39.906597
Car-1,2009-06-19 11:28:18,116.267919,39.906594
Car-1,2009-06-19 11:28:20,116.267918,39.90659
Car-1,2009-06-19 11:28:22,116.267918,39.906588
Car-1,2009-06-19 11:28:24,116.267919,39.906583
Car-1,2009-06-19 11:28:26,116.26792,39.90658
Car-1,2009-06-19 11:28:28,116.267921,39.906578
Car-1,2009-06-19 11:28:30,116.267923,39.906576
Car-1,2009-06-19 11:28:32,116.267924,39.906572
Car-1,2009-06-19 11:28:34,116.267925,39.906568
Car-1,2009-06-19 11:28:36,116.267927,39.906565
Car-1,2009-06-19 11:28:38,116.267928,39.906564
Car-1,2009-06-19 11:28:40,116.267927,39.906567
Car-1,2009-06-19 11:28:42,116.267927,39.906569
Car-1,2009-06-19 11:28:44,116.267927,39.906569
Car-1,2009-06-19 11:28:46,116.267928,39.90657
Car-1,2009-06-19 11:28:48,116.267928,39.906571
Car-1,2009-06-19 11:28:50,116.267928,39.906572
Car-1,2009-06-19 11:28:52,116.267927,39.906574
Car-1,2009-06-19 11:28:54,116.267927,39.906577
Car-1,2009-06-19 11:28:56,116.267927,39.906581
Car-1,2009-06-19 11:28:58,116.267903,39.906579
Car-1,2009-06-19 11:29:00,116.267876,39.906564
Car-1,2009-06-19 11:29:02,116.267855,39.906547
Car-1,2009-06-19 11:29:04,116.267854,39.90655
Car-1,2009-06-19 11:29:06,116.267853,39.906555
Car-1,2009-06-19 11:29:08,116.267842,39.906562
Car-1,2009-06-19 11:29:10,116.267857,39.906546
Car-1,2009-06-19 11:29:12,116.267868,39.906525
Car-1,2009-06-19 11:29:14,116.267868,39.906525
Car-1,2009-06-19 11:29:16,116.267853,39.906485
Car-1,2009-06-19 11:29:18,116.267742,39.90645
Car-1,2009-06-19 11:29:20,116.2677,39.906392
Car-1,2009-06-19 11:29:22,116.267691,39.906292
Car-1,2009-06-19 11:29:24,116.26771,39.906172
Car-1,2009-06-19 11:29:26,116.267717,39.906058
Car-1,2009-06-19 11:29:28,116.26774,39.905934
Car-1,2009-06-19 11:29:30,116.267763,39.905816
Car-1,2009-06-19 11:29:32,116.267722,39.90574
Car-1,2009-06-19 11:29:34,116.267592,39.905687
Car-1,2009-06-19 11:29:36,116.267514,39.905601
Car-1,2009-06-19 11:29:38,116.267507,39.905498
Car-1,2009-06-19 11:29:40,116.26751,39.905417
Car-1,2009-06-19 11:29:42,116.267513,39.905264
Car-1,2009-06-19 11:29:44,116.267505,39.905129
Car-1,2009-06-19 11:29:46,116.267466,39.905006
Car-1,2009-06-19 11:29:48,116.267466,39.904907
Car-1,2009-06-19 11:29:50,116.267503,39.904835
Car-1,2009-06-19 11:29:52,116.267519,39.904782
