agent_id,time,lng,lat
Car-1,2011-08-28 07:20:05,116.32810933333319,39.975481
Car-1,2011-08-28 07:20:06,116.3280863333334,39.97554066666666
Car-1,2011-08-28 07:20:07,116.32806466666659,39.975588
Car-1,2011-08-28 07:20:08,116.3280506666666,39.97563466666666
Car-1,2011-08-28 07:20:09,116.3280423333334,39.975685
Car-1,2011-08-28 07:20:10,116.3280423333334,39.97574033333332
Car-1,2011-08-28 07:20:11,116.32805733333339,39.975798333333344
Car-1,2011-08-28 07:20:12,116.32808500000002,39.975856
Car-1,2011-08-28 07:20:13,116.3281203333332,39.975912
Car-1,2011-08-28 07:20:14,116.328157,39.975969
Car-1,2011-08-28 07:20:15,116.3281903333334,39.97603433333332
Car-1,2011-08-28 07:20:16,116.32821766666659,39.97610833333332
Car-1,2011-08-28 07:20:17,116.32823666666658,39.97618833333334
Car-1,2011-08-28 07:20:18,116.32824799999999,39.976274666666676
Car-1,2011-08-28 07:20:19,116.32825133333361,39.97636366666666
Car-1,2011-08-28 07:20:20,116.32825100000021,39.976456
Car-1,2011-08-28 07:20:21,116.32825499999998,39.97656533333332
Car-1,2011-08-28 07:20:22,116.3282593333334,39.97667266666666
Car-1,2011-08-28 07:20:23,116.32826,39.97676866666666
Car-1,2011-08-28 07:20:24,116.328258333333,39.976858
Car-1,2011-08-28 07:20:25,116.3282560000002,39.97694833333334
Car-1,2011-08-28 07:20:26,116.32825433333339,39.97704133333332
Car-1,2011-08-28 07:20:27,116.32824000000001,39.97715866666664
Car-1,2011-08-28 07:20:28,116.32821766666659,39.97728366666666
Car-1,2011-08-28 07:20:29,116.32819966666679,39.977400666666675
Car-1,2011-08-28 07:20:30,116.32819266666661,39.97751933333334
Car-1,2011-08-28 07:20:31,116.32819166666661,39.97762766666666
Car-1,2011-08-28 07:20:32,116.328185,39.97773033333334
Car-1,2011-08-28 07:20:33,116.32817,39.97784133333334
Car-1,2011-08-28 07:20:34,116.3281626666666,39.97795133333332
Car-1,2011-08-28 07:20:35,116.32814800000001,39.97806933333332
Car-1,2011-08-28 07:20:36,116.32812066666679,39.97819533333334
Car-1,2011-08-28 07:20:37,116.3280973333334,39.97831100000002
Car-1,2011-08-28 07:20:38,116.3280809999998,39.978401000000005
Car-1,2011-08-28 07:20:39,116.32805933333341,39.97848533333334
Car-1,2011-08-28 07:20:40,116.3280389999998,39.97856866666666
Car-1,2011-08-28 07:20:41,116.328019,39.978645
Car-1,2011-08-28 07:20:42,116.3280036666666,39.97871899999998
Car-1,2011-08-28 07:20:43,116.327991,39.978789666666685
Car-1,2011-08-28 07:20:44,116.3279793333334,39.978853
Car-1,2011-08-28 07:20:45,116.3279696666666,39.97890466666666
Car-1,2011-08-28 07:20:46,116.327959,39.978948
Car-1,2011-08-28 07:20:47,116.32795000000002,39.97898333333334
Car-1,2011-08-28 07:20:48,116.32793999999998,39.9790116666667
Car-1,2011-08-28 07:20:49,116.32793266666658,39.97903
Car-1,2011-08-28 07:20:50,116.3279323333334,39.97902433333334
Car-1,2011-08-28 07:20:51,116.32793,39.979015666666655
Car-1,2011-08-28 07:20:52,116.32793099999999,39.97900566666666
Car-1,2011-08-28 07:20:53,116.32793799999999,39.978989
Car-1,2011-08-28 07:20:54,116.32793999999998,39.97897866666664
Car-1,2011-08-28 07:20:55,116.3279410000002,39.97898066666668
Car-1,2011-08-28 07:20:56,116.32794033333339,39.9789816666667
Car-1,2011-08-28 07:20:57,116.32794233333341,39.9789816666667
Car-1,2011-08-28 07:20:58,116.327943333333,39.97897966666666
Car-1,2011-08-28 07:20:59,116.3279426666666,39.97897733333334
Car-1,2011-08-28 07:21:00,116.3279420000002,39.97897433333332
Car-1,2011-08-28 07:21:01,116.32794333333341,39.97897166666668
Car-1,2011-08-28 07:21:02,116.3279493333334,39.97897
Car-1,2011-08-28 07:21:03,116.3279536666666,39.97896966666666
Car-1,2011-08-28 07:21:04,116.327955,39.97896799999998
Car-1,2011-08-28 07:21:05,116.3279526666666,39.978964
Car-1,2011-08-28 07:21:06,116.32795166666702,39.978958
Car-1,2011-08-28 07:21:07,116.32795166666702,39.97895566666668
Car-1,2011-08-28 07:21:08,116.3279526666666,39.97895433333332
Car-1,2011-08-28 07:21:09,116.327953333333,39.978952666666665
Car-1,2011-08-28 07:21:10,116.327953333333,39.97895066666668
Car-1,2011-08-28 07:21:11,116.327953333333,39.978947666666656
Car-1,2011-08-28 07:21:12,116.3279543333332,39.97894266666666
Car-1,2011-08-28 07:21:13,116.3279560000002,39.97893666666666
Car-1,2011-08-28 07:21:14,116.32795899999981,39.97893166666668
Car-1,2011-08-28 07:21:15,116.327962,39.978928
Car-1,2011-08-28 07:21:16,116.32796499999999,39.97892433333332
Car-1,2011-08-28 07:21:17,116.32796766666661,39.97892066666668
Car-1,2011-08-28 07:21:18,116.3279693333332,39.97891733333334
Car-1,2011-08-28 07:21:19,116.3279693333332,39.97891466666666
Car-1,2011-08-28 07:21:20,116.327968333333,39.978912999999984
Car-1,2011-08-28 07:21:21,116.327968333333,39.9789116666667
Car-1,2011-08-28 07:21:22,116.327966666667,39.97891033333334
Car-1,2011-08-28 07:21:23,116.32796466666659,39.97891200000002
Car-1,2011-08-28 07:21:24,116.3279613333334,39.97891466666666
Car-1,2011-08-28 07:21:25,116.32795666666661,39.97891933333334
Car-1,2011-08-28 07:21:26,116.32795066666661,39.97892433333334
Car-1,2011-08-28 07:21:27,116.327944,39.97892966666666
Car-1,2011-08-28 07:21:28,116.3279260000002,39.97893233333334
Car-1,2011-08-28 07:21:29,116.32791,39.978938
Car-1,2011-08-28 07:21:30,116.32790166666659,39.978942
Car-1,2011-08-28 07:21:31,116.32789333333339,39.978947
Car-1,2011-08-28 07:21:32,116.327885,39.97895133333334
Car-1,2011-08-28 07:21:33,116.32787666666658,39.978956333333336
Car-1,2011-08-28 07:21:34,116.32786833333338,39.97896066666666
Car-1,2011-08-28 07:21:35,116.32786066666661,39.97896633333332
Car-1,2011-08-28 07:21:36,116.32783866666679,39.97898233333332
Car-1,2011-08-28 07:21:37,116.32778333333299,39.97901066666668
Car-1,2011-08-28 07:21:38,116.32772299999979,39.97903966666664
Car-1,2011-08-28 07:21:39,116.3277093333334,39.97907033333334
Car-1,2011-08-28 07:21:40,116.32768000000002,39.979095
Car-1,2011-08-28 07:21:41,116.32766899999979,39.979122000000004
Car-1,2011-08-28 07:21:42,116.327657,39.97915766666668
Car-1,2011-08-28 07:21:43,116.3276163333334,39.979200000000006
Car-1,2011-08-28 07:21:44,116.327599,39.979240666666655
Car-1,2011-08-28 07:21:45,116.32759200000021,39.979276
Car-1,2011-08-28 07:21:46,116.3275956666668,39.979318
Car-1,2011-08-28 07:21:47,116.3275933333334,39.979366333333346
Car-1,2011-08-28 07:21:48,116.3275913333332,39.9794
Car-1,2011-08-28 07:21:49,116.327595,39.97942566666666
Car-1,2011-08-28 07:21:50,116.32758899999999,39.979463999999986
Car-1,2011-08-28 07:21:51,116.32756233333339,39.97951466666666
Car-1,2011-08-28 07:21:52,116.32752766666661,39.97957433333334
Car-1,2011-08-28 07:21:53,116.32749966666661,39.97963366666668
Car-1,2011-08-28 07:21:54,116.3274773333334,39.97969566666668
Car-1,2011-08-28 07:21:55,116.3274606666666,39.97976166666666
Car-1,2011-08-28 07:21:56,116.32744466666679,39.97983333333332
Car-1,2011-08-28 07:21:57,116.32742633333339,39.979909666666664
Car-1,2011-08-28 07:21:58,116.32742066666678,39.97999633333334
Car-1,2011-08-28 07:21:59,116.3274176666666,39.980087333333344
Car-1,2011-08-28 07:22:00,116.327415,39.98018066666668
Car-1,2011-08-28 07:22:01,116.3274249999998,39.98027766666668
Car-1,2011-08-28 07:22:02,116.3274416666666,39.9803783333333
Car-1,2011-08-28 07:22:03,116.3274553333334,39.98048033333332
Car-1,2011-08-28 07:22:04,116.3274579999998,39.98059066666666
Car-1,2011-08-28 07:22:05,116.3274446666666,39.980697
Car-1,2011-08-28 07:22:06,116.32741733333341,39.98080366666666
Car-1,2011-08-28 07:22:07,116.3273820000002,39.98090766666666
Car-1,2011-08-28 07:22:08,116.3273589999998,39.98100333333334
Car-1,2011-08-28 07:22:09,116.32734366666679,39.98109133333332
Car-1,2011-08-28 07:22:10,116.32732966666681,39.98118366666666
Car-1,2011-08-28 07:22:11,116.32731866666659,39.98128233333334
Car-1,2011-08-28 07:22:12,116.327302,39.981400333333355
Car-1,2011-08-28 07:22:13,116.327295,39.981507666666666
Car-1,2011-08-28 07:22:14,116.3272920000002,39.98160266666668
Car-1,2011-08-28 07:22:15,116.3272886666668,39.98171466666666
Car-1,2011-08-28 07:22:16,116.32728666666681,39.98183899999998
Car-1,2011-08-28 07:22:17,116.32729133333339,39.981960666666666
Car-1,2011-08-28 07:22:18,116.3272956666666,39.98208166666668
Car-1,2011-08-28 07:22:19,116.3272863333334,39.98220433333332
Car-1,2011-08-28 07:22:20,116.32726966666681,39.98232866666664
Car-1,2011-08-28 07:22:21,116.3272616666666,39.98245233333334
Car-1,2011-08-28 07:22:22,116.3272596666666,39.98258466666666
Car-1,2011-08-28 07:22:23,116.3272613333332,39.98271
Car-1,2011-08-28 07:22:24,116.3272696666666,39.982816
Car-1,2011-08-28 07:22:25,116.32728166666679,39.982894
Car-1,2011-08-28 07:22:26,116.3272973333334,39.98295666666666
Car-1,2011-08-28 07:22:27,116.3272983333336,39.983021
Car-1,2011-08-28 07:22:28,116.32728866666659,39.98308466666666
Car-1,2011-08-28 07:22:29,116.3272753333334,39.98314166666666
Car-1,2011-08-28 07:22:30,116.3272543333334,39.98319866666668
Car-1,2011-08-28 07:22:31,116.32725166666701,39.983255666666665
Car-1,2011-08-28 07:22:32,116.3272523333334,39.98330533333332
Car-1,2011-08-28 07:22:33,116.32725433333322,39.98334166666668
Car-1,2011-08-28 07:22:34,116.327258333333,39.983385
Car-1,2011-08-28 07:22:53,116.327248333333,39.9836416666667
Car-1,2011-08-28 07:22:54,116.3272593333334,39.983658
Car-1,2011-08-28 07:22:55,116.3272626666668,39.98368533333334
Car-1,2011-08-28 07:22:56,116.3272696666666,39.98371533333332
Car-1,2011-08-28 07:22:57,116.3272703333334,39.983745333333346
Car-1,2011-08-28 07:22:58,116.3272666666666,39.983768333333316
Car-1,2011-08-28 07:22:59,116.32726199999999,39.98379100000002
Car-1,2011-08-28 07:23:00,116.32725566666679,39.98381766666668
Car-1,2011-08-28 07:23:01,116.3272583333332,39.983844666666656
Car-1,2011-08-28 07:23:02,116.3272543333334,39.98387100000002
Car-1,2011-08-28 07:23:03,116.32725066666698,39.983901333333336
Car-1,2011-08-28 07:23:04,116.3272350000002,39.98395466666668
Car-1,2011-08-28 07:23:05,116.3272283333334,39.984003
Car-1,2011-08-28 07:23:06,116.32722166666682,39.98405833333332
Car-1,2011-08-28 07:23:07,116.3272143333332,39.984111
Car-1,2011-08-28 07:23:08,116.3272056666666,39.984148666666655
Car-1,2011-08-28 07:23:09,116.3272010000002,39.98418066666668
Car-1,2011-08-28 07:23:10,116.327199,39.98420933333332
Car-1,2011-08-28 07:23:11,116.327193333333,39.98424066666668
Car-1,2011-08-28 07:23:12,116.32719433333321,39.98427166666664
Car-1,2011-08-28 07:23:13,116.32720933333322,39.98429899999998
Car-1,2011-08-28 07:23:14,116.3272453333334,39.98431966666666
Car-1,2011-08-28 07:23:15,116.32731233333341,39.984334000000004
Car-1,2011-08-28 07:23:16,116.32740033333339,39.98434533333334
Car-1,2011-08-28 07:23:17,116.327492,39.984351333333336
Car-1,2011-08-28 07:23:18,116.32758266666681,39.984356999999974
Car-1,2011-08-28 07:23:19,116.32768100000021,39.98436433333334
Car-1,2011-08-28 07:23:20,116.32778599999999,39.98437099999998
Car-1,2011-08-28 07:23:21,116.32789299999999,39.98437566666666
Car-1,2011-08-28 07:23:22,116.3280073333334,39.98438666666668
Car-1,2011-08-28 07:23:23,116.328127,39.984398
Car-1,2011-08-28 07:23:24,116.32825700000001,39.98439633333334
Car-1,2011-08-28 07:23:25,116.3283856666666,39.98440133333334
Car-1,2011-08-28 07:23:26,116.3285056666668,39.98441699999999
Car-1,2011-08-28 07:23:27,116.3286233333334,39.98442366666666
Car-1,2011-08-28 07:23:28,116.32873966666679,39.98442866666668
Car-1,2011-08-28 07:23:29,116.32886100000019,39.98443733333332
Car-1,2011-08-28 07:23:30,116.32898166666659,39.984457
Car-1,2011-08-28 07:23:31,116.32909500000001,39.984469666666676
Car-1,2011-08-28 07:23:32,116.32921166666661,39.98447666666666
Car-1,2011-08-28 07:23:33,116.32932966666661,39.984483999999995
Car-1,2011-08-28 07:23:34,116.3294553333332,39.984486666666655
Car-1,2011-08-28 07:23:35,116.3295979999998,39.98447566666666
Car-1,2011-08-28 07:23:36,116.32974566666681,39.9844716666667
Car-1,2011-08-28 07:23:37,116.3299063333332,39.98446200000002
Car-1,2011-08-28 07:23:38,116.3300683333334,39.98444166666668
Car-1,2011-08-28 07:23:39,116.33024499999999,39.984380333333334
Car-1,2011-08-28 07:23:40,116.33042,39.98431033333334
Car-1,2011-08-28 07:23:41,116.330638333333,39.9842216666667
Car-1,2011-08-28 07:23:52,116.33263791666676,39.98323541666667
Car-1,2011-08-28 07:23:55,116.33304666666659,39.983429
Car-1,2011-08-28 07:23:56,116.33318466666681,39.98348300000002
Car-1,2011-08-28 07:23:57,116.333321,39.98353866666666
Car-1,2011-08-28 07:23:58,116.3334549999998,39.983602333333316
Car-1,2011-08-28 07:23:59,116.3335893333334,39.98366866666668
Car-1,2011-08-28 07:24:00,116.33372033333339,39.98374766666666
Car-1,2011-08-28 07:24:01,116.33383833333339,39.98383333333334
Car-1,2011-08-28 07:24:02,116.33396466666659,39.98392433333332
Car-1,2011-08-28 07:24:03,116.334087,39.984015
Car-1,2011-08-28 07:24:04,116.33419766666661,39.984106333333344
Car-1,2011-08-28 07:24:05,116.33430966666681,39.98418566666666
Car-1,2011-08-28 07:24:06,116.33443,39.98424
Car-1,2011-08-28 07:24:07,116.334566,39.984297333333345
Car-1,2011-08-28 07:24:08,116.33470366666661,39.98436766666668
Car-1,2011-08-28 07:24:09,116.33483000000001,39.98444033333332
Car-1,2011-08-28 07:24:10,116.3349616666668,39.98448633333334
Car-1,2011-08-28 07:24:11,116.33511100000018,39.984519666666685
Car-1,2011-08-28 07:24:12,116.33526166666658,39.98455233333334
Car-1,2011-08-28 07:24:13,116.335421,39.98457733333332
Car-1,2011-08-28 07:24:14,116.3355946666668,39.984591666666645
Car-1,2011-08-28 07:24:15,116.33575800000001,39.98461566666666
Car-1,2011-08-28 07:24:16,116.3359056666666,39.98463766666668
Car-1,2011-08-28 07:24:17,116.3360536666664,39.984636
Car-1,2011-08-28 07:24:18,116.3362,39.98463866666666
Car-1,2011-08-28 07:24:19,116.33634233333339,39.984648
Car-1,2011-08-28 07:24:20,116.3364920000002,39.984655
Car-1,2011-08-28 07:24:21,116.3366533333332,39.98465166666668
Car-1,2011-08-28 07:24:22,116.336833,39.98463200000002
Car-1,2011-08-28 07:24:23,116.3370080000002,39.98461433333334
Car-1,2011-08-28 07:24:24,116.33715966666679,39.984615666666684
Car-1,2011-08-28 07:24:25,116.33729666666659,39.98461666666664
Car-1,2011-08-28 07:24:26,116.3374276666668,39.984616333333335
Car-1,2011-08-28 07:24:27,116.337566,39.9846176666667
Car-1,2011-08-28 07:24:28,116.33768133333339,39.984645
Car-1,2011-08-28 07:24:29,116.3377693333334,39.98468933333332
Car-1,2011-08-28 07:24:30,116.33786633333321,39.98472833333334
Car-1,2011-08-28 07:24:31,116.33798033333339,39.98475166666666
Car-1,2011-08-28 07:24:32,116.3380903333336,39.98477433333332
Car-1,2011-08-28 07:24:33,116.338198,39.984804333333344
Car-1,2011-08-28 07:24:34,116.33830033333341,39.98483333333333
Car-1,2011-08-28 07:24:35,116.33839900000001,39.984854999999996
Car-1,2011-08-28 07:24:36,116.3384839999998,39.984877000000026
Car-1,2011-08-28 07:24:37,116.338554,39.98490599999998
Car-1,2011-08-28 07:24:38,116.3386190000002,39.98492633333332
Car-1,2011-08-28 07:24:39,116.33869,39.98492766666666
Car-1,2011-08-28 07:24:40,116.338761,39.98493733333332
Car-1,2011-08-28 07:24:41,116.3388196666668,39.984944
Car-1,2011-08-28 07:24:42,116.3388693333332,39.984954333333334
Car-1,2011-08-28 07:24:43,116.338935,39.98495
Car-1,2011-08-28 07:24:53,116.3392813333332,39.984962333333314
Car-1,2011-08-28 07:24:54,116.33929375,39.98497083333332
Car-1,2011-08-28 07:24:55,116.3393153333332,39.98497933333334
Car-1,2011-08-28 07:24:56,116.33935000000001,39.984986
Car-1,2011-08-28 07:24:57,116.33938599999999,39.98499633333334
Car-1,2011-08-28 07:24:58,116.339437,39.98499666666666
Car-1,2011-08-28 07:24:59,116.33950399999999,39.98497266666668
Car-1,2011-08-28 07:25:00,116.3395706666666,39.984941
Car-1,2011-08-28 07:25:01,116.3396256666668,39.98492533333332
Car-1,2011-08-28 07:25:02,116.33966299999979,39.984928333333315
Car-1,2011-08-28 07:25:03,116.339696,39.984939333333344
Car-1,2011-08-28 07:25:04,116.3397390000002,39.984947333333324
Car-1,2011-08-28 07:25:05,116.33977500000019,39.984962666666675
Car-1,2011-08-28 07:25:06,116.33981633333319,39.98497333333334
Car-1,2011-08-28 07:25:07,116.3398566666668,39.98498266666666
Car-1,2011-08-28 07:25:08,116.339895,39.98499433333334
Car-1,2011-08-28 07:25:09,116.3399389999998,39.985006
Car-1,2011-08-28 07:25:10,116.33998866666641,39.98501366666666
Car-1,2011-08-28 07:25:11,116.34004366666679,39.98501766666666
Car-1,2011-08-28 07:25:12,116.3400996666666,39.98501933333332
Car-1,2011-08-28 07:25:13,116.3401566666666,39.985023
Car-1,2011-08-28 07:25:14,116.3402186666666,39.98502966666668
Car-1,2011-08-28 07:25:15,116.340284,39.985037
Car-1,2011-08-28 07:25:16,116.34034700000021,39.98504666666666
Car-1,2011-08-28 07:25:17,116.34039600000001,39.98506
Car-1,2011-08-28 07:25:18,116.3404453333334,39.985080333333336
Car-1,2011-08-28 07:25:19,116.3405000000002,39.98510866666664
Car-1,2011-08-28 07:25:20,116.3405646666666,39.985130333333316
Car-1,2011-08-28 07:25:21,116.3406356666668,39.98514199999998
Car-1,2011-08-28 07:25:22,116.340713333333,39.98514766666666
Car-1,2011-08-28 07:25:23,116.3407896666666,39.98515533333332
Car-1,2011-08-28 07:25:24,116.34086500000001,39.985161666666656
Car-1,2011-08-28 07:25:25,116.340939,39.98516600000002
Car-1,2011-08-28 07:25:26,116.3410063333334,39.98516266666665
Car-1,2011-08-28 07:25:27,116.3410693333334,39.98516200000002
Car-1,2011-08-28 07:25:28,116.34112766666661,39.98516399999998
Car-1,2011-08-28 07:25:29,116.34118000000001,39.98516633333334
Car-1,2011-08-28 07:25:30,116.3412266666666,39.98517166666666
Car-1,2011-08-28 07:25:31,116.3412676666666,39.98517833333334
Car-1,2011-08-28 07:25:32,116.3413120000002,39.985182999999985
Car-1,2011-08-28 07:25:33,116.3413606666666,39.98518600000002
Car-1,2011-08-28 07:25:34,116.3414026666666,39.98518799999998
Car-1,2011-08-28 07:25:35,116.3414413333334,39.98519133333336
Car-1,2011-08-28 07:25:36,116.341493333333,39.9851966666667
Car-1,2011-08-28 07:25:45,116.34181,39.9851916666667
Car-1,2011-08-28 07:25:46,116.34184766666661,39.985178000000005
Car-1,2011-08-28 07:25:47,116.341889,39.985172999999996
Car-1,2011-08-28 07:25:48,116.341935,39.98517
Car-1,2011-08-28 07:25:49,116.34198033333321,39.98516866666664
Car-1,2011-08-28 07:25:50,116.3420220000002,39.985170999999994
Car-1,2011-08-28 07:25:51,116.34206033333321,39.985172
Car-1,2011-08-28 07:25:52,116.34209633333322,39.985166
Car-1,2011-08-28 07:25:53,116.342129,39.985153333333315
Car-1,2011-08-28 07:25:54,116.34216966666679,39.98514
Car-1,2011-08-28 07:25:55,116.3422116666666,39.985134
Car-1,2011-08-28 07:25:56,116.34225133333341,39.985129
Car-1,2011-08-28 07:25:57,116.3422953333334,39.98512333333332
Car-1,2011-08-28 07:25:58,116.3423456666668,39.9851216666667
Car-1,2011-08-28 07:25:59,116.342399,39.98512433333332
Car-1,2011-08-28 07:26:00,116.3424636666668,39.985130666666656
Car-1,2011-08-28 07:26:01,116.34253433333319,39.985141333333345
Car-1,2011-08-28 07:26:02,116.342608333333,39.985153333333315
Car-1,2011-08-28 07:26:03,116.3426783333334,39.985164
Car-1,2011-08-28 07:26:04,116.34273566666658,39.985165
Car-1,2011-08-28 07:26:05,116.34281733333339,39.98516833333336
Car-1,2011-08-28 07:26:07,116.34311399999999,39.98518366666666
Car-1,2011-08-28 07:26:08,116.3431816666666,39.98518633333336
Car-1,2011-08-28 07:26:09,116.3432463333334,39.9851866666667
Car-1,2011-08-28 07:26:10,116.3433086666666,39.98518733333334
Car-1,2011-08-28 07:26:11,116.34336833333342,39.98519
Car-1,2011-08-28 07:26:12,116.3434213333336,39.98518899999998
Car-1,2011-08-28 07:26:13,116.343467,39.98518933333332
Car-1,2011-08-28 07:26:14,116.3435186666666,39.98520033333332
Car-1,2011-08-28 07:26:15,116.343571,39.98521
Car-1,2011-08-28 07:26:16,116.3436266666666,39.985220000000005
Car-1,2011-08-28 07:26:17,116.34368500000001,39.985228
Car-1,2011-08-28 07:26:18,116.3437453333332,39.98523266666666
Car-1,2011-08-28 07:26:19,116.34381033333321,39.98523266666666
Car-1,2011-08-28 07:26:20,116.3438810000002,39.98522933333332
Car-1,2011-08-28 07:26:21,116.343953333333,39.98522733333334
Car-1,2011-08-28 07:26:22,116.34402866666639,39.9852266666667
Car-1,2011-08-28 07:26:23,116.34410333333301,39.9852266666667
Car-1,2011-08-28 07:26:24,116.344182,39.98522966666666
Car-1,2011-08-28 07:26:25,116.3442653333334,39.985235
Car-1,2011-08-28 07:26:26,116.344351,39.98523833333332
Car-1,2011-08-28 07:26:27,116.3444413333334,39.98524033333334
Car-1,2011-08-28 07:26:28,116.344545,39.985243333333344
Car-1,2011-08-28 07:26:29,116.3446563333334,39.98524966666668
Car-1,2011-08-28 07:26:30,116.34477166666662,39.985246000000004
Car-1,2011-08-28 07:26:31,116.34488766666679,39.98522233333334
Car-1,2011-08-28 07:26:32,116.34500433333339,39.98520533333334
Car-1,2011-08-28 07:26:33,116.3451156666666,39.98519233333334
Car-1,2011-08-28 07:26:34,116.345227,39.985185
Car-1,2011-08-28 07:26:35,116.34534,39.985181999999995
Car-1,2011-08-28 07:26:36,116.34544766666659,39.98517633333332
Car-1,2011-08-28 07:26:37,116.34555166666681,39.98516666666666
Car-1,2011-08-28 07:26:38,116.345652,39.985156333333336
Car-1,2011-08-28 07:26:39,116.3457413333334,39.98514366666666
Car-1,2011-08-28 07:26:40,116.34582,39.985131
Car-1,2011-08-28 07:26:41,116.345893,39.985123
Car-1,2011-08-28 07:26:42,116.3459663333334,39.985124666666664
Car-1,2011-08-28 07:26:43,116.346047,39.98513533333334
Car-1,2011-08-28 07:26:44,116.3461296666668,39.98515566666668
Car-1,2011-08-28 07:26:45,116.3462173333334,39.98517766666666
Car-1,2011-08-28 07:26:46,116.34630999999999,39.985191
Car-1,2011-08-28 07:26:47,116.34640266666679,39.9851933333333
Car-1,2011-08-28 07:26:48,116.3464979999998,39.98519133333334
Car-1,2011-08-28 07:26:49,116.3465936666664,39.9851883333333
Car-1,2011-08-28 07:26:50,116.3466946666666,39.98518966666666
Car-1,2011-08-28 07:26:51,116.3468056666666,39.98519066666668
Car-1,2011-08-28 07:26:52,116.3469306666666,39.98518766666666
Car-1,2011-08-28 07:26:53,116.3470823333334,39.98519333333334
Car-1,2011-08-28 07:26:54,116.347247,39.98520466666668
Car-1,2011-08-28 07:26:55,116.347417,39.985208
Car-1,2011-08-28 07:26:56,116.3475856666666,39.985214
Car-1,2011-08-28 07:26:57,116.3477473333334,39.985221
Car-1,2011-08-28 07:26:58,116.3479156666668,39.985229333333336
Car-1,2011-08-28 07:26:59,116.348086,39.98524
Car-1,2011-08-28 07:27:00,116.348244,39.98525066666666
Car-1,2011-08-28 07:27:01,116.348405,39.985267
Car-1,2011-08-28 07:27:02,116.34858233333338,39.985284
Car-1,2011-08-28 07:27:03,116.3487400000002,39.98529033333334
Car-1,2011-08-28 07:27:04,116.34891566666678,39.985296
Car-1,2011-08-28 07:27:05,116.3490876666668,39.985303
Car-1,2011-08-28 07:27:06,116.3492660000002,39.985310000000005
Car-1,2011-08-28 07:27:07,116.3494436666668,39.985315
Car-1,2011-08-28 07:27:08,116.34962900000001,39.985322000000004
Car-1,2011-08-28 07:27:09,116.3498013333334,39.98532799999998
Car-1,2011-08-28 07:27:10,116.3499760000002,39.985330666666684
Car-1,2011-08-28 07:27:11,116.350153,39.98533333333332
Car-1,2011-08-28 07:27:12,116.3503279999998,39.98533266666666
Car-1,2011-08-28 07:27:13,116.3504873333334,39.985336000000004
Car-1,2011-08-28 07:27:14,116.3506413333336,39.985341666666685
Car-1,2011-08-28 07:27:15,116.35078633333339,39.98534466666668
Car-1,2011-08-28 07:27:16,116.3509266666666,39.98535299999998
Car-1,2011-08-28 07:27:17,116.35106066666681,39.98536366666666
Car-1,2011-08-28 07:27:18,116.3511770000002,39.985364666666655
Car-1,2011-08-28 07:27:19,116.351286,39.985365
Car-1,2011-08-28 07:27:20,116.3513866666668,39.985365
Car-1,2011-08-28 07:27:21,116.3514823333334,39.9853633333333
Car-1,2011-08-28 07:27:22,116.3515766666666,39.985362333333335
Car-1,2011-08-28 07:27:23,116.3516683333334,39.9853616666667
Car-1,2011-08-28 07:27:24,116.3517583333332,39.985362333333335
Car-1,2011-08-28 07:27:25,116.351846,39.985365
Car-1,2011-08-28 07:27:26,116.3519286666666,39.985364666666655
Car-1,2011-08-28 07:27:27,116.352005,39.98536
Car-1,2011-08-28 07:27:28,116.3520753333332,39.98535166666666
Car-1,2011-08-28 07:27:29,116.3521366666666,39.98534466666666
Car-1,2011-08-28 07:27:30,116.35219366666661,39.98534100000002
Car-1,2011-08-28 07:27:31,116.35228099999999,39.98535633333332
Car-1,2011-08-28 07:27:32,116.35241800000001,39.98538700000002
Car-1,2011-08-28 07:27:33,116.3525250000002,39.98541333333334
Car-1,2011-08-28 07:27:34,116.352611,39.985435333333314
Car-1,2011-08-28 07:27:35,116.35266866666659,39.98543866666664
Car-1,2011-08-28 07:27:36,116.3527256666666,39.98544166666668
Car-1,2011-08-28 07:27:37,116.35279,39.98544399999998
Car-1,2011-08-28 07:27:38,116.35285833333339,39.98544333333334
Car-1,2011-08-28 07:27:39,116.352927,39.98543933333332
Car-1,2011-08-28 07:27:40,116.3529973333334,39.98543966666666
Car-1,2011-08-28 07:27:41,116.353073,39.98544333333334
Car-1,2011-08-28 07:27:42,116.35315499999999,39.98544866666666
Car-1,2011-08-28 07:27:43,116.35323666666659,39.985451999999995
Car-1,2011-08-28 07:27:44,116.35332000000001,39.985456333333346
Car-1,2011-08-28 07:27:45,116.353404,39.98546033333334
Car-1,2011-08-28 07:27:46,116.35348866666659,39.985465333333345
Car-1,2011-08-28 07:27:47,116.3535756666666,39.98546933333332
Car-1,2011-08-28 07:27:48,116.353669,39.985471666666676
Car-1,2011-08-28 07:27:49,116.3537663333336,39.98547466666666
Car-1,2011-08-28 07:27:50,116.353863,39.98548166666666
Car-1,2011-08-28 07:27:51,116.35396066666681,39.985488
Car-1,2011-08-28 07:27:52,116.3540593333332,39.98549100000002
Car-1,2011-08-28 07:27:53,116.3541583333332,39.98549433333332
Car-1,2011-08-28 07:27:54,116.3542646666668,39.985495
Car-1,2011-08-28 07:27:55,116.35437033333339,39.9854933333333
Car-1,2011-08-28 07:27:56,116.3544746666666,39.98549399999998
Car-1,2011-08-28 07:27:57,116.3545816666666,39.9854966666667
Car-1,2011-08-28 07:27:58,116.35469,39.98549566666668
Car-1,2011-08-28 07:27:59,116.354799,39.985495
Car-1,2011-08-28 07:28:00,116.35491533333341,39.985496999999995
Car-1,2011-08-28 07:28:01,116.3550346666668,39.98549933333332
Car-1,2011-08-28 07:28:02,116.3551496666668,39.985499666666655
Car-1,2011-08-28 07:28:03,116.3552649999998,39.98550066666668
Car-1,2011-08-28 07:28:04,116.3553936666666,39.98550333333334
Car-1,2011-08-28 07:28:05,116.3555556666668,39.98552466666666
Car-1,2011-08-28 07:28:06,116.35571633333362,39.98554966666666
Car-1,2011-08-28 07:28:07,116.3558606666666,39.98557133333334
Car-1,2011-08-28 07:28:08,116.35600400000018,39.98558766666668
Car-1,2011-08-28 07:28:09,116.3561476666666,39.985597999999996
Car-1,2011-08-28 07:28:10,116.3562946666666,39.98560833333334
Car-1,2011-08-28 07:28:11,116.3564436666666,39.985613
Car-1,2011-08-28 07:28:12,116.356583,39.985626666666676
Car-1,2011-08-28 07:28:13,116.3567110000002,39.98564966666666
Car-1,2011-08-28 07:28:14,116.3568380000002,39.985674333333336
Car-1,2011-08-28 07:28:15,116.3569696666668,39.985685666666676
Car-1,2011-08-28 07:28:16,116.3570946666666,39.985687999999996
Car-1,2011-08-28 07:28:17,116.35721233333341,39.9856883333333
Car-1,2011-08-28 07:28:18,116.35732666666661,39.985690333333345
Car-1,2011-08-28 07:28:19,116.3574436666668,39.98569433333332
Car-1,2011-08-28 07:28:20,116.357562,39.98569966666668
Car-1,2011-08-28 07:28:21,116.35768766666679,39.98571466666666
Car-1,2011-08-28 07:28:22,116.3578243333332,39.98572533333332
Car-1,2011-08-28 07:28:23,116.35795933333341,39.985739666666674
Car-1,2011-08-28 07:28:24,116.3580956666666,39.98575366666666
Car-1,2011-08-28 07:28:25,116.3582430000002,39.985765
Car-1,2011-08-28 07:28:26,116.35840599999999,39.985780666666656
Car-1,2011-08-28 07:28:27,116.358573,39.98579566666666
Car-1,2011-08-28 07:28:28,116.358735,39.985809
Car-1,2011-08-28 07:28:29,116.3588896666666,39.98581766666666
Car-1,2011-08-28 07:28:30,116.35903766666661,39.98582466666668
Car-1,2011-08-28 07:28:31,116.35918699999999,39.985836666666685
Car-1,2011-08-28 07:28:32,116.35933233333319,39.98584966666666
Car-1,2011-08-28 07:28:33,116.3594743333332,39.985856999999996
Car-1,2011-08-28 07:28:34,116.3596246666666,39.98584966666664
Car-1,2011-08-28 07:28:35,116.359769,39.985847333333346
Car-1,2011-08-28 07:28:36,116.35991266666679,39.985852
Car-1,2011-08-28 07:28:37,116.360051,39.98584933333332
Car-1,2011-08-28 07:28:38,116.3601843333332,39.98585366666668
Car-1,2011-08-28 07:28:39,116.36031933333341,39.98585666666668
Car-1,2011-08-28 07:28:40,116.36045899999999,39.98586266666666
Car-1,2011-08-28 07:28:41,116.3605906666666,39.985870999999996
Car-1,2011-08-28 07:28:42,116.3607286666668,39.98588
Car-1,2011-08-28 07:28:43,116.3608673333334,39.98588466666668
Car-1,2011-08-28 07:28:44,116.36100633333339,39.98588899999998
Car-1,2011-08-28 07:28:45,116.361144,39.98588866666664
Car-1,2011-08-28 07:28:46,116.36127133333359,39.98589
Car-1,2011-08-28 07:28:47,116.361401,39.98588633333334
Car-1,2011-08-28 07:28:48,116.36153133333339,39.98588700000002
Car-1,2011-08-28 07:28:49,116.36166066666681,39.98588700000002
Car-1,2011-08-28 07:28:50,116.3617836666668,39.98588899999998
Car-1,2011-08-28 07:28:51,116.36189999999999,39.985890666666684
Car-1,2011-08-28 07:28:52,116.362013,39.98589333333332
Car-1,2011-08-28 07:28:53,116.3621223333334,39.98589733333334
Car-1,2011-08-28 07:28:54,116.3622333333332,39.985904666666684
Car-1,2011-08-28 07:28:55,116.3623456666666,39.98591033333334
Car-1,2011-08-28 07:28:56,116.3624563333334,39.9859133333333
Car-1,2011-08-28 07:28:57,116.3625676666666,39.98591366666664
Car-1,2011-08-28 07:28:58,116.3626823333334,39.98591633333334
Car-1,2011-08-28 07:28:59,116.3628023333334,39.98592133333334
Car-1,2011-08-28 07:29:00,116.36292399999999,39.98592733333334
Car-1,2011-08-28 07:29:01,116.36305466666661,39.98592700000002
Car-1,2011-08-28 07:29:02,116.36319033333339,39.98593133333332
Car-1,2011-08-28 07:29:03,116.363328,39.9859333333333
Car-1,2011-08-28 07:29:04,116.363462,39.985929333333345
Car-1,2011-08-28 07:29:05,116.36360733333319,39.98592466666666
Car-1,2011-08-28 07:29:06,116.36375600000001,39.98592799999998
Car-1,2011-08-28 07:29:07,116.36390866666659,39.98593
Car-1,2011-08-28 07:29:08,116.3640516666666,39.98593333333332
Car-1,2011-08-28 07:29:09,116.3641943333334,39.98593366666664
Car-1,2011-08-28 07:29:10,116.3643366666668,39.985934666666665
Car-1,2011-08-28 07:29:11,116.3644886666666,39.98594133333336
Car-1,2011-08-28 07:29:12,116.36463599999999,39.98594133333334
Car-1,2011-08-28 07:29:13,116.36477666666681,39.98594633333334
Car-1,2011-08-28 07:29:14,116.36490899999998,39.98595100000002
Car-1,2011-08-28 07:29:15,116.36503666666661,39.98595466666664
Car-1,2011-08-28 07:29:16,116.36516400000001,39.98595866666664
Car-1,2011-08-28 07:29:17,116.36528666666659,39.985960999999996
Car-1,2011-08-28 07:29:18,116.36540366666661,39.9859633333333
Car-1,2011-08-28 07:29:19,116.3655136666666,39.98596566666668
Car-1,2011-08-28 07:29:20,116.3656246666666,39.9859666666667
Car-1,2011-08-28 07:29:21,116.36573566666661,39.98596466666666
Car-1,2011-08-28 07:29:22,116.3658483333332,39.985962000000015
Car-1,2011-08-28 07:29:23,116.36596300000001,39.98595933333334
Car-1,2011-08-28 07:29:24,116.3660773333334,39.98595166666666
Car-1,2011-08-28 07:29:25,116.36618833333341,39.98594533333334
Car-1,2011-08-28 07:29:26,116.366293333333,39.9859433333333
Car-1,2011-08-28 07:29:27,116.36639399999981,39.98594566666668
Car-1,2011-08-28 07:29:28,116.3665,39.985949666666656
Car-1,2011-08-28 07:29:29,116.3666029999998,39.98595266666666
Car-1,2011-08-28 07:29:30,116.36669266666661,39.98595633333332
Car-1,2011-08-28 07:29:31,116.36677399999999,39.985962
Car-1,2011-08-28 07:29:32,116.36686,39.98596533333334
Car-1,2011-08-28 07:29:33,116.36695533333341,39.985971
Car-1,2011-08-28 07:29:34,116.367057,39.985977000000005
Car-1,2011-08-28 07:29:35,116.36716966666661,39.985980999999995
Car-1,2011-08-28 07:29:36,116.3672940000002,39.98598533333334
Car-1,2011-08-28 07:29:37,116.36744900000001,39.985979666666665
Car-1,2011-08-28 07:29:38,116.3676053333332,39.98598533333334
Car-1,2011-08-28 07:29:39,116.36775999999979,39.98599566666665
Car-1,2011-08-28 07:29:40,116.36791600000019,39.98600766666666
Car-1,2011-08-28 07:29:41,116.36806800000019,39.986017
Car-1,2011-08-28 07:29:42,116.36822799999979,39.98601466666666
Car-1,2011-08-28 07:29:43,116.36839,39.98601166666666
Car-1,2011-08-28 07:29:44,116.3685463333336,39.986016666666686
Car-1,2011-08-28 07:29:45,116.36870100000002,39.98602266666666
Car-1,2011-08-28 07:29:46,116.36886366666661,39.98602200000002
Car-1,2011-08-28 07:29:47,116.36902533333341,39.9860233333333
Car-1,2011-08-28 07:29:48,116.3691916666666,39.98603366666668
Car-1,2011-08-28 07:29:49,116.3693613333332,39.986045000000004
Car-1,2011-08-28 07:29:50,116.36955375,39.98605708333332
Car-1,2011-08-28 07:29:51,116.3697226666668,39.98605833333332
Car-1,2011-08-28 07:29:52,116.3699223333336,39.98604966666668
Car-1,2011-08-28 07:29:53,116.370168333333,39.9860383333333
Car-1,2011-08-28 07:29:55,116.37052933333321,39.986045000000004
Car-1,2011-08-28 07:29:56,116.3707229999998,39.98604866666668
Car-1,2011-08-28 07:29:57,116.3709106666666,39.98604366666666
Car-1,2011-08-28 07:29:58,116.37109166666701,39.986039666666656
Car-1,2011-08-28 07:29:59,116.3712616666666,39.98603566666666
Car-1,2011-08-28 07:30:00,116.371427,39.98603100000002
Car-1,2011-08-28 07:30:01,116.3715916666666,39.98603
Car-1,2011-08-28 07:30:02,116.37175533333341,39.98602433333334
Car-1,2011-08-28 07:30:03,116.3718953333334,39.98601733333334
Car-1,2011-08-28 07:30:04,116.37201366666659,39.98601533333334
Car-1,2011-08-28 07:30:05,116.37213,39.98601333333334
Car-1,2011-08-28 07:30:06,116.3722466666666,39.98600666666666
Car-1,2011-08-28 07:30:07,116.37236266666659,39.98599866666668
Car-1,2011-08-28 07:30:08,116.37247433333341,39.985995
Car-1,2011-08-28 07:30:09,116.3725883333334,39.98599366666664
Car-1,2011-08-28 07:30:10,116.372705,39.98599033333334
Car-1,2011-08-28 07:30:11,116.37282399999981,39.985986333333344
Car-1,2011-08-28 07:30:12,116.37295066666661,39.98598433333332
Car-1,2011-08-28 07:30:13,116.373076,39.98599133333334
Car-1,2011-08-28 07:30:14,116.3731923333332,39.98600233333332
Car-1,2011-08-28 07:30:15,116.373305,39.985997333333344
Car-1,2011-08-28 07:30:16,116.3734163333332,39.985977333333324
Car-1,2011-08-28 07:30:17,116.373516,39.985944333333336
Car-1,2011-08-28 07:30:18,116.37359533333361,39.985896000000004
Car-1,2011-08-28 07:30:19,116.37365233333321,39.985839
Car-1,2011-08-28 07:30:20,116.3736856666668,39.985784666666675
Car-1,2011-08-28 07:30:21,116.37369899999999,39.98572166666666
Car-1,2011-08-28 07:30:22,116.3736856666666,39.985655
Car-1,2011-08-28 07:30:23,116.3736393333332,39.98559333333334
Car-1,2011-08-28 07:30:24,116.3735820000002,39.98553466666666
Car-1,2011-08-28 07:30:25,116.3735196666668,39.985478999999984
Car-1,2011-08-28 07:30:26,116.3734593333334,39.98543233333334
Car-1,2011-08-28 07:30:27,116.373394,39.985396
Car-1,2011-08-28 07:30:28,116.37332933333342,39.985371666666666
Car-1,2011-08-28 07:30:29,116.373275,39.985361
Car-1,2011-08-28 07:30:30,116.373229,39.98537
Car-1,2011-08-28 07:30:31,116.3731886666666,39.98539533333334
Car-1,2011-08-28 07:30:32,116.373155,39.98544366666668
Car-1,2011-08-28 07:30:33,116.37312433333321,39.98550433333334
Car-1,2011-08-28 07:30:34,116.3731,39.985563
Car-1,2011-08-28 07:30:35,116.373075,39.98562966666666
Car-1,2011-08-28 07:30:36,116.37305,39.985703999999984
Car-1,2011-08-28 07:30:37,116.373021,39.98578966666666
Car-1,2011-08-28 07:30:38,116.3729856666666,39.98588499999998
Car-1,2011-08-28 07:30:39,116.37294033333339,39.985994
Car-1,2011-08-28 07:30:40,116.3728879999998,39.986098
Car-1,2011-08-28 07:30:41,116.3728389999998,39.9862
Car-1,2011-08-28 07:30:42,116.37279000000001,39.98630033333334
Car-1,2011-08-28 07:30:43,116.37276,39.9863616666667
Car-1,2011-08-28 07:30:47,116.3722713333334,39.98714
Car-1,2011-08-28 07:30:49,116.3722253333334,39.98726433333332
Car-1,2011-08-28 07:30:50,116.3721903333332,39.98734066666666
Car-1,2011-08-28 07:30:51,116.372175,39.98741966666668
Car-1,2011-08-28 07:30:52,116.37215066666681,39.98750466666668
Car-1,2011-08-28 07:30:53,116.3721273333334,39.98758533333334
Car-1,2011-08-28 07:30:54,116.37210600000022,39.98766299999998
Car-1,2011-08-28 07:30:55,116.372085,39.9877366666667
Car-1,2011-08-28 07:30:56,116.3720639999998,39.987807666666654
Car-1,2011-08-28 07:30:57,116.3720413333336,39.98787
Car-1,2011-08-28 07:30:58,116.372016666667,39.987927
Car-1,2011-08-28 07:30:59,116.37198866666661,39.98797733333334
Car-1,2011-08-28 07:31:00,116.37195666666659,39.98802799999998
Car-1,2011-08-28 07:31:01,116.371922,39.98808366666666
Car-1,2011-08-28 07:31:02,116.3718923333334,39.98814766666668
Car-1,2011-08-28 07:31:03,116.3718656666668,39.98821700000002
Car-1,2011-08-28 07:31:04,116.3718373333332,39.988296333333324
Car-1,2011-08-28 07:31:05,116.37180533333319,39.98838233333334
Car-1,2011-08-28 07:31:06,116.3717763333334,39.98847566666668
Car-1,2011-08-28 07:31:07,116.3717563333332,39.988577
Car-1,2011-08-28 07:31:08,116.3717236666668,39.98868266666668
Car-1,2011-08-28 07:31:09,116.37169100000001,39.98878166666668
Car-1,2011-08-28 07:31:10,116.37165,39.988877
Car-1,2011-08-28 07:31:11,116.3716066666666,39.988974333333324
Car-1,2011-08-28 07:31:12,116.3715596666666,39.989081
Car-1,2011-08-28 07:31:13,116.371518,39.98919
Car-1,2011-08-28 07:31:14,116.3714733333334,39.989299333333335
Car-1,2011-08-28 07:31:15,116.37142966666661,39.989412000000016
Car-1,2011-08-28 07:31:16,116.3713859999998,39.98952133333332
Car-1,2011-08-28 07:31:17,116.37134633333339,39.98962266666666
Car-1,2011-08-28 07:31:18,116.3713133333332,39.98970633333334
Car-1,2011-08-28 07:31:19,116.3712879999998,39.989788666666655
Car-1,2011-08-28 07:31:20,116.3712639999998,39.9898666666667
Car-1,2011-08-28 07:31:21,116.37124033333339,39.98994033333334
Car-1,2011-08-28 07:31:22,116.37121833333319,39.990008333333336
Car-1,2011-08-28 07:31:23,116.37119700000001,39.990072333333345
Car-1,2011-08-28 07:31:24,116.37117277777766,39.990141666666666
Car-1,2011-08-28 07:31:38,116.370961666667,39.9906616666667
Car-1,2011-08-28 07:31:42,116.370846666667,39.9909133333333
Car-1,2011-08-28 07:31:46,116.3707008333335,39.9912
Car-1,2011-08-28 07:31:47,116.37064000000001,39.99130966666668
Car-1,2011-08-28 07:31:48,116.3705866666666,39.991400999999996
Car-1,2011-08-28 07:31:49,116.3705283333334,39.99149
Car-1,2011-08-28 07:31:50,116.3704686666666,39.9915866666667
Car-1,2011-08-28 07:31:51,116.37040366666679,39.99168600000002
Car-1,2011-08-28 07:31:52,116.3703353333334,39.99178399999998
Car-1,2011-08-28 07:31:53,116.3702663333332,39.99188200000002
Car-1,2011-08-28 07:31:54,116.37019299999979,39.991985
Car-1,2011-08-28 07:31:55,116.37011166666659,39.992095
Car-1,2011-08-28 07:31:56,116.37003066666679,39.99220766666666
Car-1,2011-08-28 07:31:57,116.36995133333339,39.99232066666666
Car-1,2011-08-28 07:31:58,116.36987033333321,39.992433333333324
Car-1,2011-08-28 07:31:59,116.36979033333338,39.99254566666666
Car-1,2011-08-28 07:32:00,116.36970466666659,39.9926533333333
Car-1,2011-08-28 07:32:01,116.36961766666658,39.99275666666668
Car-1,2011-08-28 07:32:02,116.36952933333342,39.992869
Car-1,2011-08-28 07:32:03,116.36943766666658,39.99299299999998
Car-1,2011-08-28 07:32:04,116.36935100000001,39.99311466666668
Car-1,2011-08-28 07:32:05,116.369264,39.99322933333334
Car-1,2011-08-28 07:32:06,116.3691803333332,39.99334433333334
Car-1,2011-08-28 07:32:07,116.3690956666666,39.99346166666666
Car-1,2011-08-28 07:32:08,116.36900499999999,39.99357933333334
Car-1,2011-08-28 07:32:09,116.36891700000001,39.99369533333332
Car-1,2011-08-28 07:32:10,116.3688333333334,39.993804999999995
Car-1,2011-08-28 07:32:11,116.36873700000001,39.99390966666666
Car-1,2011-08-28 07:32:12,116.3686476666666,39.99401133333336
Car-1,2011-08-28 07:32:13,116.36857233333339,39.994108
Car-1,2011-08-28 07:32:14,116.36849833333319,39.994204
Car-1,2011-08-28 07:32:15,116.3684226666666,39.99429866666666
Car-1,2011-08-28 07:32:16,116.3683523333334,39.994389999999996
Car-1,2011-08-28 07:32:17,116.3682886666666,39.994476
Car-1,2011-08-28 07:32:18,116.3682303333334,39.994555000000005
Car-1,2011-08-28 07:32:19,116.36817033333321,39.99463233333334
Car-1,2011-08-28 07:32:20,116.36810866666681,39.99471
Car-1,2011-08-28 07:32:21,116.3680379999998,39.994791
Car-1,2011-08-28 07:32:22,116.36797200000001,39.994871333333336
Car-1,2011-08-28 07:32:23,116.3679136666666,39.99494933333332
Car-1,2011-08-28 07:32:24,116.367854,39.99502733333334
Car-1,2011-08-28 07:32:25,116.3677936666666,39.995104666666656
Car-1,2011-08-28 07:32:26,116.3677343333334,39.99518
Car-1,2011-08-28 07:32:27,116.36767266666659,39.99525766666666
Car-1,2011-08-28 07:32:28,116.36760966666661,39.99534033333332
Car-1,2011-08-28 07:32:29,116.3675470000002,39.995428
Car-1,2011-08-28 07:32:30,116.36748066666681,39.99552066666666
Car-1,2011-08-28 07:32:31,116.3674089999998,39.99561333333334
Car-1,2011-08-28 07:32:32,116.36733233333321,39.99570433333332
Car-1,2011-08-28 07:32:33,116.367253,39.995791333333344
Car-1,2011-08-28 07:32:34,116.3671673333334,39.99588266666668
Car-1,2011-08-28 07:32:35,116.36708533333339,39.99598166666666
Car-1,2011-08-28 07:32:36,116.367011,39.996085
Car-1,2011-08-28 07:32:37,116.3669370000002,39.996185000000004
Car-1,2011-08-28 07:32:38,116.3668626666666,39.99628233333332
Car-1,2011-08-28 07:32:39,116.36678966666659,39.996376666666656
Car-1,2011-08-28 07:32:40,116.3667236666666,39.996463666666685
Car-1,2011-08-28 07:32:41,116.3666583333332,39.996549
Car-1,2011-08-28 07:32:42,116.3665963333334,39.996635666666656
Car-1,2011-08-28 07:32:43,116.36653566666659,39.996722666666685
Car-1,2011-08-28 07:32:44,116.3664733333334,39.99681433333334
Car-1,2011-08-28 07:32:45,116.3664,39.996905
Car-1,2011-08-28 07:32:46,116.3663220000002,39.996999
Car-1,2011-08-28 07:32:47,116.3662493333334,39.99709266666666
Car-1,2011-08-28 07:32:48,116.3661823333334,39.99718700000002
Car-1,2011-08-28 07:32:49,116.36611133333341,39.99728899999998
Car-1,2011-08-28 07:32:50,116.3660386666664,39.997390666666675
Car-1,2011-08-28 07:32:51,116.36596166666659,39.997494
Car-1,2011-08-28 07:32:52,116.3658816666668,39.997603666666656
Car-1,2011-08-28 07:32:53,116.36580133333321,39.99771733333334
Car-1,2011-08-28 07:32:54,116.3657143333334,39.997834
Car-1,2011-08-28 07:32:55,116.3656246666668,39.997949333333324
Car-1,2011-08-28 07:32:56,116.36553833333339,39.99806666666666
Car-1,2011-08-28 07:32:57,116.36545000000001,39.99818766666666
Car-1,2011-08-28 07:32:58,116.36535699999999,39.9983133333333
Car-1,2011-08-28 07:32:59,116.3652666666666,39.99843666666664
Car-1,2011-08-28 07:33:00,116.3651676666666,39.99855733333332
Car-1,2011-08-28 07:33:01,116.36507033333321,39.99867733333332
Car-1,2011-08-28 07:33:02,116.36497233333338,39.99879566666666
Car-1,2011-08-28 07:33:03,116.36487466666661,39.998915999999994
Car-1,2011-08-28 07:33:04,116.36477933333319,39.99903366666664
Car-1,2011-08-28 07:33:05,116.36468333333342,39.9991583333333
Car-1,2011-08-28 07:33:06,116.36459466666682,39.99928533333334
Car-1,2011-08-28 07:33:07,116.36451600000021,39.99941
Car-1,2011-08-28 07:33:08,116.36444166666699,39.99953066666668
Car-1,2011-08-28 07:33:09,116.3643643333332,39.999645
Car-1,2011-08-28 07:33:10,116.36429000000001,39.999748
Car-1,2011-08-28 07:33:11,116.3642183333332,39.99984133333332
Car-1,2011-08-28 07:33:12,116.36415200000002,39.99993566666668
Car-1,2011-08-28 07:33:13,116.3640810000002,40.000029999999995
Car-1,2011-08-28 07:33:14,116.36401000000001,40.000122
Car-1,2011-08-28 07:33:15,116.36394633333339,40.00021200000002
Car-1,2011-08-28 07:33:16,116.36388099999999,40.00029766666666
Car-1,2011-08-28 07:33:17,116.3638243333334,40.000377666666665
Car-1,2011-08-28 07:33:18,116.3637686666666,40.00045766666666
Car-1,2011-08-28 07:33:19,116.363716666667,40.00052966666668
Car-1,2011-08-28 07:33:20,116.36366700000019,40.000596
Car-1,2011-08-28 07:33:21,116.36362100000001,40.00065666666666
Car-1,2011-08-28 07:33:22,116.36357600000001,40.000715
Car-1,2011-08-28 07:33:23,116.3635326666666,40.000773333333335
Car-1,2011-08-28 07:33:24,116.36348833333341,40.00083333333334
Car-1,2011-08-28 07:33:25,116.363442,40.00089166666666
Car-1,2011-08-28 07:33:26,116.3633960000002,40.00094933333332
Car-1,2011-08-28 07:33:27,116.36334833333319,40.001008
Car-1,2011-08-28 07:33:28,116.3633023333334,40.00106433333334
Car-1,2011-08-28 07:33:29,116.363257,40.00111933333332
Car-1,2011-08-28 07:33:30,116.3632113333334,40.00117433333334
Car-1,2011-08-28 07:33:31,116.3631653333334,40.001230666666665
Car-1,2011-08-28 07:33:32,116.3631193333332,40.00128633333332
Car-1,2011-08-28 07:33:33,116.36307300000001,40.00134333333334
Car-1,2011-08-28 07:33:34,116.3630263333334,40.001401666666666
Car-1,2011-08-28 07:33:35,116.36297833333302,40.001461666666685
Car-1,2011-08-28 07:33:36,116.36293,40.00152299999998
Car-1,2011-08-28 07:33:37,116.3628806666668,40.001585333333324
Car-1,2011-08-28 07:33:38,116.3628323333334,40.00164733333334
Car-1,2011-08-28 07:33:39,116.36278466666661,40.001709666666684
Car-1,2011-08-28 07:33:40,116.362738,40.00177
Car-1,2011-08-28 07:33:41,116.36269366666679,40.00182866666668
Car-1,2011-08-28 07:33:42,116.36265,40.00188533333332
Car-1,2011-08-28 07:33:43,116.362607,40.001943
Car-1,2011-08-28 07:33:44,116.36256499999999,40.00199933333334
Car-1,2011-08-28 07:33:45,116.36252433333341,40.002054
Car-1,2011-08-28 07:33:46,116.3624883333334,40.00210266666666
Car-1,2011-08-28 07:33:47,116.3624573333334,40.002144
Car-1,2011-08-28 07:33:48,116.36242899999979,40.00218299999998
Car-1,2011-08-28 07:33:49,116.3624020000002,40.002219000000004
Car-1,2011-08-28 07:33:50,116.362376666667,40.00225333333334
Car-1,2011-08-28 07:33:51,116.362351666667,40.00228866666666
Car-1,2011-08-28 07:33:52,116.3623243333332,40.00232733333334
Car-1,2011-08-28 07:33:53,116.36229533333339,40.00236733333334
Car-1,2011-08-28 07:33:54,116.3622656666666,40.00240833333334
Car-1,2011-08-28 07:33:55,116.36223333333339,40.00245366666664
Car-1,2011-08-28 07:33:56,116.36219766666659,40.002505666666664
Car-1,2011-08-28 07:33:57,116.3621566666666,40.00256533333334
Car-1,2011-08-28 07:33:58,116.362112,40.00262633333334
Car-1,2011-08-28 07:33:59,116.3620663333334,40.002691
Car-1,2011-08-28 07:34:00,116.3620226666668,40.002754
Car-1,2011-08-28 07:34:01,116.36198299999981,40.002811333333355
Car-1,2011-08-28 07:34:02,116.3619506666668,40.002855999999994
Car-1,2011-08-28 07:34:03,116.36192566666679,40.002891333333324
Car-1,2011-08-28 07:34:04,116.361906,40.00292
Car-1,2011-08-28 07:34:05,116.361888333333,40.002945
Car-1,2011-08-28 07:34:29,116.36175833333341,40.003190333333315
Car-1,2011-08-28 07:34:30,116.3617523333334,40.00320000000001
Car-1,2011-08-28 07:34:31,116.36174633333319,40.003209333333345
Car-1,2011-08-28 07:34:32,116.3617363333334,40.00322333333334
Car-1,2011-08-28 07:34:33,116.3617206666668,40.00324233333334
Car-1,2011-08-28 07:34:34,116.36169666666702,40.00327400000002
Car-1,2011-08-28 07:34:35,116.3616686666666,40.00330566666666
Car-1,2011-08-28 07:34:36,116.3616376666666,40.003339
Car-1,2011-08-28 07:34:37,116.36160466666661,40.003377
Car-1,2011-08-28 07:34:38,116.36156633333322,40.00342100000002
Car-1,2011-08-28 07:34:39,116.36152,40.003473666666665
Car-1,2011-08-28 07:34:40,116.3614673333334,40.00353066666666
Car-1,2011-08-28 07:34:41,116.3614113333332,40.00359733333334
Car-1,2011-08-28 07:34:42,116.3613536666666,40.00366733333334
Car-1,2011-08-28 07:34:43,116.3612933333332,40.0037416666667
Car-1,2011-08-28 07:34:44,116.3612303333332,40.003818666666675
Car-1,2011-08-28 07:34:45,116.36116266666662,40.00390633333334
Car-1,2011-08-28 07:34:46,116.3610856666666,40.003999
Car-1,2011-08-28 07:34:47,116.36100266666661,40.00409399999998
Car-1,2011-08-28 07:34:48,116.36092291666675,40.00419791666665
Car-1,2011-08-28 07:34:49,116.36085299999979,40.004303
Car-1,2011-08-28 07:34:50,116.3607773333332,40.004415
Car-1,2011-08-28 07:34:51,116.36069533333321,40.00453033333332
Car-1,2011-08-28 07:34:52,116.36060333333339,40.004652666666665
Car-1,2011-08-28 07:34:53,116.36050700000001,40.00477933333332
Car-1,2011-08-28 07:34:54,116.36041466666661,40.00491133333332
Car-1,2011-08-28 07:34:55,116.36032566666661,40.00504633333334
Car-1,2011-08-28 07:34:56,116.36023266666659,40.00518
Car-1,2011-08-28 07:34:57,116.3601420000002,40.005314333333345
Car-1,2011-08-28 07:34:58,116.360028333333,40.00548
Car-1,2011-08-28 07:35:28,116.35692874999975,40.00967291666665
Car-1,2011-08-28 07:35:29,116.35683133333342,40.00981066666666
Car-1,2011-08-28 07:35:30,116.35675100000022,40.009935
Car-1,2011-08-28 07:35:31,116.3566783333332,40.01005566666668
Car-1,2011-08-28 07:35:32,116.3566013333336,40.01019
Car-1,2011-08-28 07:35:33,116.3565313333332,40.01032933333334
Car-1,2011-08-28 07:35:34,116.356465,40.010456666666684
Car-1,2011-08-28 07:35:35,116.3563966666668,40.010582333333346
Car-1,2011-08-28 07:35:36,116.3563286666666,40.01070533333332
Car-1,2011-08-28 07:35:37,116.3562616666666,40.01081866666668
Car-1,2011-08-28 07:35:38,116.35620200000021,40.010922
Car-1,2011-08-28 07:35:39,116.35615,40.01100633333332
Car-1,2011-08-28 07:35:40,116.3560996666666,40.01108466666666
Car-1,2011-08-28 07:35:41,116.356048333333,40.01116066666668
Car-1,2011-08-28 07:35:42,116.35599933333319,40.01122733333334
Car-1,2011-08-28 07:35:43,116.3559553333334,40.01128733333332
Car-1,2011-08-28 07:35:44,116.3559173333334,40.01134066666668
Car-1,2011-08-28 07:35:45,116.35588166666659,40.011387
Car-1,2011-08-28 07:35:46,116.35584,40.0114433333333
Car-1,2011-08-28 07:36:03,116.355746666667,40.0116366666667
Car-1,2011-08-28 07:36:04,116.3556986666666,40.011683666666656
Car-1,2011-08-28 07:36:05,116.35563233333339,40.01173833333334
Car-1,2011-08-28 07:36:06,116.355574,40.01179533333334
Car-1,2011-08-28 07:36:07,116.3555383333334,40.01183066666666
Car-1,2011-08-28 07:36:08,116.35549133333362,40.01187366666664
Car-1,2011-08-28 07:36:09,116.3554366666666,40.01192399999998
Car-1,2011-08-28 07:36:10,116.3553766666668,40.011978
Car-1,2011-08-28 07:36:11,116.3553103333334,40.01203799999998
Car-1,2011-08-28 07:36:12,116.3552353333334,40.01210333333334
Car-1,2011-08-28 07:36:13,116.355151,40.01217399999998
Car-1,2011-08-28 07:36:14,116.35505766666661,40.01226266666666
Car-1,2011-08-28 07:36:15,116.3549693333334,40.01234966666666
Car-1,2011-08-28 07:36:16,116.3548813333334,40.01245833333334
Car-1,2011-08-28 07:36:17,116.3547813333336,40.01257733333332
Car-1,2011-08-28 07:36:18,116.35468799999998,40.012682
Car-1,2011-08-28 07:36:19,116.35459200000021,40.01279066666666
Car-1,2011-08-28 07:36:20,116.3544926666668,40.01290166666666
Car-1,2011-08-28 07:36:21,116.3543946666666,40.0130166666667
Car-1,2011-08-28 07:36:22,116.35429066666661,40.013143
Car-1,2011-08-28 07:36:23,116.354187,40.013271666666654
Car-1,2011-08-28 07:36:24,116.354055,40.0134283333333
Car-1,2011-08-28 07:37:21,116.34721333333326,40.022285000000025
Car-1,2011-08-28 07:37:22,116.34713000000019,40.022403333333344
Car-1,2011-08-28 07:37:23,116.3470739999998,40.022485333333336
Car-1,2011-08-28 07:37:24,116.347022,40.02255833333332
Car-1,2011-08-28 07:37:25,116.3469663333332,40.02263633333334
Car-1,2011-08-28 07:37:26,116.34690800000001,40.022716
Car-1,2011-08-28 07:37:27,116.3468483333334,40.0227933333333
Car-1,2011-08-28 07:37:28,116.3467936666664,40.022865
Car-1,2011-08-28 07:37:29,116.34674299999979,40.02293600000002
Car-1,2011-08-28 07:37:30,116.3466926666666,40.02300933333332
Car-1,2011-08-28 07:37:31,116.346643333333,40.02308266666666
Car-1,2011-08-28 07:37:32,116.346593333333,40.023155
Car-1,2011-08-28 07:37:33,116.34654499999999,40.02322333333334
Car-1,2011-08-28 07:37:34,116.34650066666661,40.02329
Car-1,2011-08-28 07:37:35,116.3464626666666,40.02335666666666
Car-1,2011-08-28 07:37:36,116.3464233333334,40.02342266666666
Car-1,2011-08-28 07:37:37,116.34637966666659,40.023481666666655
Car-1,2011-08-28 07:37:38,116.346334,40.023535
Car-1,2011-08-28 07:37:39,116.34629166666659,40.023586666666674
Car-1,2011-08-28 07:37:40,116.34624933333339,40.023642
Car-1,2011-08-28 07:37:41,116.3462066666666,40.023696000000015
Car-1,2011-08-28 07:37:42,116.346165,40.0237483333333
Car-1,2011-08-28 07:37:43,116.3461206666666,40.023798333333296
Car-1,2011-08-28 07:37:44,116.346075,40.0238483333333
Car-1,2011-08-28 07:37:45,116.34603066666659,40.023897
Car-1,2011-08-28 07:37:46,116.34599499999999,40.02394166666666
Car-1,2011-08-28 07:37:47,116.3459646666666,40.02398266666666
Car-1,2011-08-28 07:37:48,116.3459370000002,40.024018333333345
Car-1,2011-08-28 07:37:49,116.34591333333302,40.02404966666668
Car-1,2011-08-28 07:37:50,116.345886666667,40.024080666666656
Car-1,2011-08-28 07:37:51,116.3458610000002,40.024111666666656
Car-1,2011-08-28 07:37:52,116.345836666667,40.02414266666666
Car-1,2011-08-28 07:37:53,116.34581200000021,40.024175
Car-1,2011-08-28 07:37:54,116.3457916666666,40.024209
Car-1,2011-08-28 07:37:55,116.3457726666666,40.024243333333345
Car-1,2011-08-28 07:37:56,116.34575500000001,40.024275
Car-1,2011-08-28 07:37:57,116.34573800000001,40.02431033333332
Car-1,2011-08-28 07:37:58,116.34571766666659,40.02434833333332
Car-1,2011-08-28 07:37:59,116.3456946666666,40.02438766666666
Car-1,2011-08-28 07:38:00,116.3456713333336,40.024426
Car-1,2011-08-28 07:38:01,116.34564533333341,40.024463666666655
Car-1,2011-08-28 07:38:02,116.3456226666666,40.02449833333334
Car-1,2011-08-28 07:38:03,116.34560066666681,40.02453
Car-1,2011-08-28 07:38:04,116.34557733333341,40.024561
Car-1,2011-08-28 07:38:05,116.34555,40.0245975
Car-1,2011-08-28 07:38:19,116.3453366666666,40.02480133333336
Car-1,2011-08-28 07:38:20,116.34531600000021,40.02483033333334
Car-1,2011-08-28 07:38:21,116.3452983333332,40.024867
Car-1,2011-08-28 07:38:22,116.345282,40.02490633333334
Car-1,2011-08-28 07:38:23,116.3452596666666,40.02494333333334
Car-1,2011-08-28 07:38:24,116.34523566666681,40.024978333333344
Car-1,2011-08-28 07:38:25,116.3452156666666,40.025008
Car-1,2011-08-28 07:38:26,116.34519600000002,40.025035
Car-1,2011-08-28 07:38:27,116.3451736666664,40.02505799999998
Car-1,2011-08-28 07:38:28,116.3451470000002,40.02508633333332
Car-1,2011-08-28 07:38:29,116.34512466666679,40.02512066666666
Car-1,2011-08-28 07:38:30,116.34510399999981,40.02515766666666
Car-1,2011-08-28 07:38:31,116.34507899999998,40.02520233333334
Car-1,2011-08-28 07:38:32,116.3450433333334,40.025256666666664
Car-1,2011-08-28 07:38:33,116.345,40.025316
Car-1,2011-08-28 07:38:34,116.34495333333321,40.02537700000002
Car-1,2011-08-28 07:38:35,116.3449063333334,40.02543966666666
Car-1,2011-08-28 07:38:36,116.3448603333334,40.02549966666666
Car-1,2011-08-28 07:38:37,116.34481166666701,40.025559
Car-1,2011-08-28 07:38:38,116.3447629999998,40.02561933333334
Car-1,2011-08-28 07:38:39,116.34471900000001,40.02567866666666
Car-1,2011-08-28 07:38:40,116.3446766666666,40.025739
Car-1,2011-08-28 07:38:41,116.3446310000002,40.025803666666675
Car-1,2011-08-28 07:38:42,116.3445803333334,40.02587366666666
Car-1,2011-08-28 07:38:43,116.34452133333339,40.0259466666667
Car-1,2011-08-28 07:38:44,116.34445133333361,40.0260216666667
Car-1,2011-08-28 07:38:45,116.34437866666681,40.02610166666666
Car-1,2011-08-28 07:38:46,116.344318,40.02618433333334
Car-1,2011-08-28 07:38:47,116.3442626666666,40.02627233333334
Car-1,2011-08-28 07:38:48,116.344202,40.02636333333334
Car-1,2011-08-28 07:38:49,116.3441370000002,40.02645233333334
Car-1,2011-08-28 07:38:50,116.3440766666666,40.02653200000002
Car-1,2011-08-28 07:38:51,116.3440146666668,40.02660933333332
Car-1,2011-08-28 07:38:52,116.34395533333341,40.026686666666684
Car-1,2011-08-28 07:38:53,116.34390200000021,40.02676466666666
Car-1,2011-08-28 07:38:54,116.343851666667,40.02684
Car-1,2011-08-28 07:38:55,116.3437996666668,40.026914999999995
Car-1,2011-08-28 07:38:56,116.3437446666666,40.02698866666666
Car-1,2011-08-28 07:38:57,116.3436939999998,40.027058999999994
Car-1,2011-08-28 07:38:58,116.343647,40.027125999999996
Car-1,2011-08-28 07:38:59,116.343602,40.02719066666666
Car-1,2011-08-28 07:39:00,116.34355433333319,40.02725533333334
Car-1,2011-08-28 07:39:01,116.34350633333361,40.02732
Car-1,2011-08-28 07:39:02,116.3434556666668,40.027386
Car-1,2011-08-28 07:39:03,116.34340600000019,40.02744833333332
Car-1,2011-08-28 07:39:04,116.34335933333341,40.02750966666666
Car-1,2011-08-28 07:39:05,116.34331533333341,40.027570333333315
Car-1,2011-08-28 07:39:06,116.34326899999981,40.027634
Car-1,2011-08-28 07:39:07,116.34322,40.027702666666656
Car-1,2011-08-28 07:39:08,116.34316966666661,40.02777533333334
Car-1,2011-08-28 07:39:09,116.34311466666661,40.027854000000005
Car-1,2011-08-28 07:39:10,116.34305400000001,40.02793833333334
Car-1,2011-08-28 07:39:11,116.3429926666668,40.028023000000005
Car-1,2011-08-28 07:39:12,116.34293500000001,40.028103
Car-1,2011-08-28 07:39:13,116.34288,40.028181333333336
Car-1,2011-08-28 07:39:14,116.342824,40.028261666666666
Car-1,2011-08-28 07:39:15,116.342761,40.02834333333334
Car-1,2011-08-28 07:39:16,116.34269433333341,40.02843033333334
Car-1,2011-08-28 07:39:17,116.34262100000001,40.028519333333335
Car-1,2011-08-28 07:39:18,116.3425423333334,40.028607
Car-1,2011-08-28 07:39:19,116.3424623333334,40.028694
Car-1,2011-08-28 07:39:20,116.34237700000001,40.028788000000006
Car-1,2011-08-28 07:39:21,116.34228933333341,40.02888566666668
Car-1,2011-08-28 07:39:22,116.34220299999978,40.02898066666666
Car-1,2011-08-28 07:39:23,116.3421306666668,40.029077
Car-1,2011-08-28 07:39:24,116.3420553333334,40.02917433333332
Car-1,2011-08-28 07:39:25,116.34197400000001,40.029275
Car-1,2011-08-28 07:39:26,116.34188899999981,40.029373999999976
Car-1,2011-08-28 07:39:27,116.34180033333321,40.02948066666666
Car-1,2011-08-28 07:39:28,116.3417063333334,40.02958600000002
Car-1,2011-08-28 07:39:29,116.3416146666666,40.02968366666664
Car-1,2011-08-28 07:39:30,116.34152266666679,40.02978399999998
Car-1,2011-08-28 07:39:31,116.34143866666679,40.029885333333326
Car-1,2011-08-28 07:39:32,116.3413596666666,40.029990333333345
Car-1,2011-08-28 07:39:33,116.34127799999999,40.03009466666666
Car-1,2011-08-28 07:39:34,116.34118866666661,40.03020333333334
Car-1,2011-08-28 07:39:35,116.34109366666681,40.03031533333334
Car-1,2011-08-28 07:39:36,116.34099866666661,40.03042466666668
Car-1,2011-08-28 07:39:37,116.3409023333332,40.03053300000002
Car-1,2011-08-28 07:39:38,116.3408016666668,40.03066133333332
Car-1,2011-08-28 07:39:39,116.340676666667,40.03082
Car-1,2011-08-28 07:42:31,116.32171583333326,40.05545208333332
Car-1,2011-08-28 07:42:32,116.3216086666664,40.05558466666666
Car-1,2011-08-28 07:42:33,116.32150833333321,40.05571133333334
Car-1,2011-08-28 07:42:34,116.32140366666681,40.05584
Car-1,2011-08-28 07:42:35,116.3213016666668,40.05596233333332
Car-1,2011-08-28 07:42:36,116.32120566666681,40.056079999999994
Car-1,2011-08-28 07:42:37,116.32110800000001,40.05620633333332
Car-1,2011-08-28 07:42:38,116.32101600000001,40.056332333333316
Car-1,2011-08-28 07:42:39,116.320923,40.056450999999996
Car-1,2011-08-28 07:42:40,116.3208306666666,40.05657199999998
Car-1,2011-08-28 07:42:41,116.3207413333334,40.056686
Car-1,2011-08-28 07:42:42,116.3206553333332,40.056797
Car-1,2011-08-28 07:42:43,116.320574,40.05690833333334
Car-1,2011-08-28 07:42:44,116.32049400000001,40.05701066666668
Car-1,2011-08-28 07:42:45,116.3204153333332,40.057102
Car-1,2011-08-28 07:42:46,116.32033833333301,40.05719899999998
Car-1,2011-08-28 07:42:47,116.32025833333338,40.05730166666666
Car-1,2011-08-28 07:42:48,116.32017466666659,40.05740733333332
Car-1,2011-08-28 07:42:49,116.320096666667,40.05751333333334
Car-1,2011-08-28 07:42:50,116.32001733333341,40.057621
Car-1,2011-08-28 07:42:51,116.3199336666668,40.057725666666684
Car-1,2011-08-28 07:42:52,116.31985233333322,40.05783233333334
Car-1,2011-08-28 07:42:53,116.3197729999998,40.05793833333334
Car-1,2011-08-28 07:42:54,116.319692,40.05804366666668
Car-1,2011-08-28 07:42:55,116.31960799999999,40.05815266666666
Car-1,2011-08-28 07:42:56,116.31952100000001,40.05825933333334
Car-1,2011-08-28 07:42:57,116.31943799999999,40.058371
Car-1,2011-08-28 07:42:58,116.31934900000002,40.05848366666666
Car-1,2011-08-28 07:42:59,116.3192533333332,40.05860066666666
Car-1,2011-08-28 07:43:00,116.31915633333361,40.05872166666668
Car-1,2011-08-28 07:43:01,116.319058333333,40.0588433333333
Car-1,2011-08-28 07:43:02,116.31896166666661,40.058968999999976
Car-1,2011-08-28 07:43:03,116.3188673333332,40.05909399999998
Car-1,2011-08-28 07:43:04,116.3187673333334,40.05921700000002
Car-1,2011-08-28 07:43:05,116.3186646666666,40.05934566666666
Car-1,2011-08-28 07:43:06,116.318546666667,40.0595116666667
Car-1,2011-08-28 07:43:19,116.317345,40.06122958333333
Car-1,2011-08-28 07:43:20,116.3172443333334,40.061365
Car-1,2011-08-28 07:43:21,116.3171496666666,40.06149033333334
Car-1,2011-08-28 07:43:22,116.317067,40.061617
Car-1,2011-08-28 07:43:23,116.31698300000001,40.06173333333334
Car-1,2011-08-28 07:43:24,116.3168929999998,40.06184166666666
Car-1,2011-08-28 07:43:25,116.3168063333334,40.06196133333334
Car-1,2011-08-28 07:43:26,116.31671966666681,40.062085666666675
Car-1,2011-08-28 07:43:27,116.316633,40.06220399999998
Car-1,2011-08-28 07:43:28,116.3165486666666,40.06233166666666
Car-1,2011-08-28 07:43:29,116.316461,40.062463999999984
Car-1,2011-08-28 07:43:30,116.3163696666666,40.06258300000002
Car-1,2011-08-28 07:43:31,116.31628,40.062704333333315
Car-1,2011-08-28 07:43:32,116.3161933333334,40.0628266666667
Car-1,2011-08-28 07:43:33,116.3161116666668,40.062949333333336
Car-1,2011-08-28 07:43:34,116.3160279999998,40.06306366666668
Car-1,2011-08-28 07:43:35,116.31594166666659,40.06318700000002
Car-1,2011-08-28 07:43:36,116.31585633333341,40.06331066666668
Car-1,2011-08-28 07:43:37,116.31576833333341,40.06342733333334
Car-1,2011-08-28 07:43:38,116.3156766666668,40.06354799999998
Car-1,2011-08-28 07:43:39,116.3155883333332,40.06366833333334
Car-1,2011-08-28 07:43:40,116.31549833333341,40.063783
Car-1,2011-08-28 07:43:41,116.31540799999979,40.063895
Car-1,2011-08-28 07:43:42,116.3153193333334,40.06400666666666
Car-1,2011-08-28 07:43:43,116.3152306666666,40.064114666666676
Car-1,2011-08-28 07:43:44,116.31514,40.064215666666676
Car-1,2011-08-28 07:43:45,116.31505133333322,40.06431433333332
Car-1,2011-08-28 07:43:46,116.31497166666679,40.06441333333332
Car-1,2011-08-28 07:43:47,116.3148960000002,40.064502666666655
Car-1,2011-08-28 07:43:48,116.3148240000002,40.06458433333334
Car-1,2011-08-28 07:43:49,116.314763,40.064667999999976
Car-1,2011-08-28 07:43:50,116.3147086666664,40.06475566666668
Car-1,2011-08-28 07:43:51,116.3146629999998,40.06483566666668
Car-1,2011-08-28 07:43:52,116.31462900000001,40.064907
Car-1,2011-08-28 07:43:53,116.3145996666666,40.06498066666668
Car-1,2011-08-28 07:43:54,116.3145676666666,40.06505866666666
Car-1,2011-08-28 07:43:55,116.3145343333332,40.065133
Car-1,2011-08-28 07:43:56,116.31450666666701,40.06519466666666
Car-1,2011-08-28 07:43:57,116.31448333333319,40.06524
Car-1,2011-08-28 07:43:58,116.3144626666666,40.06527933333334
Car-1,2011-08-28 07:43:59,116.3144443333334,40.06531266666666
Car-1,2011-08-28 07:44:00,116.314421666667,40.0653466666667
Car-1,2011-08-28 07:44:52,116.3144,40.0655866666667
Car-1,2011-08-28 07:44:53,116.3143616666666,40.06562633333334
Car-1,2011-08-28 07:44:54,116.3143283333334,40.06566533333334
Car-1,2011-08-28 07:44:55,116.31429499999999,40.06570733333334
Car-1,2011-08-28 07:44:56,116.31426266666661,40.06575533333334
Car-1,2011-08-28 07:44:57,116.31423099999999,40.06580966666666
Car-1,2011-08-28 07:44:58,116.31420333333298,40.065869
Car-1,2011-08-28 07:44:59,116.31418033333338,40.06593066666666
Car-1,2011-08-28 07:45:00,116.31416233333341,40.065988666666655
Car-1,2011-08-28 07:45:01,116.31415166666659,40.06603866666666
Car-1,2011-08-28 07:45:02,116.31414333333339,40.06608166666666
Car-1,2011-08-28 07:45:03,116.31413333333339,40.066120999999995
Car-1,2011-08-28 07:45:04,116.3141223333334,40.06616
Car-1,2011-08-28 07:45:05,116.314112,40.066201
Car-1,2011-08-28 07:45:06,116.3140996666666,40.06624033333334
Car-1,2011-08-28 07:45:07,116.3140833333334,40.066278999999994
Car-1,2011-08-28 07:45:08,116.3140653333332,40.06631866666666
Car-1,2011-08-28 07:45:09,116.31404600000019,40.06635799999998
Car-1,2011-08-28 07:45:10,116.314021666667,40.06639666666668
Car-1,2011-08-28 07:45:11,116.3139963333336,40.06643666666666
Car-1,2011-08-28 07:45:12,116.3139663333332,40.06647866666668
Car-1,2011-08-28 07:45:13,116.3139346666666,40.066523000000004
Car-1,2011-08-28 07:45:14,116.313906,40.0665716666667
Car-1,2011-08-28 07:45:15,116.31387266666661,40.066625
Car-1,2011-08-28 07:45:16,116.3138333333334,40.066683999999995
Car-1,2011-08-28 07:45:17,116.31379,40.06674866666668
Car-1,2011-08-28 07:45:18,116.3137396666666,40.06682133333336
Car-1,2011-08-28 07:45:19,116.31368666666681,40.06690166666666
Car-1,2011-08-28 07:45:20,116.3136263333334,40.06698966666666
Car-1,2011-08-28 07:45:21,116.31354400000001,40.067085666666664
Car-1,2011-08-28 07:45:22,116.3134633333334,40.06717
Car-1,2011-08-28 07:45:23,116.31339566666679,40.06726733333334
Car-1,2011-08-28 07:45:24,116.31331499999999,40.06736399999998
Car-1,2011-08-28 07:45:25,116.31323333333322,40.067462333333346
Car-1,2011-08-28 07:45:26,116.31315500000001,40.06756333333332
Car-1,2011-08-28 07:45:27,116.3130780000002,40.067660333333336
Car-1,2011-08-28 07:45:28,116.3130056666668,40.067766
Car-1,2011-08-28 07:45:29,116.3129256666668,40.06787833333334
Car-1,2011-08-28 07:45:30,116.3128426666666,40.067980666666685
Car-1,2011-08-28 07:45:31,116.312761,40.06808066666668
Car-1,2011-08-28 07:45:32,116.31268500000002,40.06817899999998
Car-1,2011-08-28 07:45:33,116.312619,40.068281666666664
Car-1,2011-08-28 07:45:34,116.31255300000021,40.068387
Car-1,2011-08-28 07:45:35,116.31248666666662,40.06848466666666
Car-1,2011-08-28 07:45:36,116.31240866666681,40.068574
Car-1,2011-08-28 07:45:37,116.31231100000021,40.068662333333336
Car-1,2011-08-28 07:45:38,116.3122210000002,40.068753
Car-1,2011-08-28 07:45:39,116.31214633333362,40.068846
Car-1,2011-08-28 07:45:40,116.31206999999999,40.06893933333332
Car-1,2011-08-28 07:45:41,116.3119986666668,40.06903733333332
Car-1,2011-08-28 07:45:42,116.3119343333332,40.06912933333334
Car-1,2011-08-28 07:45:43,116.31187500000001,40.06922733333334
Car-1,2011-08-28 07:45:44,116.3118176666666,40.06932933333332
Car-1,2011-08-28 07:45:45,116.3117586666666,40.069436
Car-1,2011-08-28 07:45:46,116.3116946666668,40.06953866666667
Car-1,2011-08-28 07:45:47,116.31161866666659,40.069626
Car-1,2011-08-28 07:45:48,116.3115433333334,40.069710666666666
Car-1,2011-08-28 07:45:49,116.31147100000021,40.069807333333316
Car-1,2011-08-28 07:45:50,116.31139566666658,40.06989633333334
Car-1,2011-08-28 07:45:51,116.3113336666668,40.06996933333332
Car-1,2011-08-28 07:45:52,116.31128633333319,40.070036
Car-1,2011-08-28 07:45:53,116.31125866666639,40.07008833333332
Car-1,2011-08-28 07:45:54,116.3112403333334,40.07013133333334
Car-1,2011-08-28 07:45:55,116.311241,40.070167666666656
Car-1,2011-08-28 07:45:56,116.3112636666668,40.070201
Car-1,2011-08-28 07:45:57,116.31130033333321,40.07022933333332
Car-1,2011-08-28 07:45:58,116.31134999999979,40.070251333333324
Car-1,2011-08-28 07:45:59,116.31140866666661,40.070266000000004
Car-1,2011-08-28 07:46:00,116.3114693333334,40.07027666666666
Car-1,2011-08-28 07:46:01,116.3115296666668,40.070283333333336
Car-1,2011-08-28 07:46:02,116.31159399999999,40.07028766666666
Car-1,2011-08-28 07:46:03,116.31166733333339,40.07029633333334
Car-1,2011-08-28 07:46:04,116.31174766666682,40.07030666666666
Car-1,2011-08-28 07:46:05,116.31183200000001,40.070313333333345
Car-1,2011-08-28 07:46:06,116.31191899999999,40.070318666666665
Car-1,2011-08-28 07:46:07,116.3120129999998,40.07032
Car-1,2011-08-28 07:46:08,116.3121186666666,40.07032
Car-1,2011-08-28 07:46:09,116.3122296666666,40.07031633333332
Car-1,2011-08-28 07:46:10,116.31234133333339,40.07030733333334
Car-1,2011-08-28 07:46:11,116.3124543333334,40.070299
Car-1,2011-08-28 07:46:12,116.31257133333341,40.07029533333334
Car-1,2011-08-28 07:46:13,116.31269399999981,40.07029600000002
Car-1,2011-08-28 07:46:14,116.31282166666699,40.070294000000004
Car-1,2011-08-28 07:46:15,116.3129489999998,40.070283333333336
Car-1,2011-08-28 07:46:16,116.313069,40.070282
Car-1,2011-08-28 07:46:17,116.3131763333336,40.070289
Car-1,2011-08-28 07:46:18,116.3132726666666,40.07029299999998
Car-1,2011-08-28 07:46:19,116.3133636666666,40.070293666666636
Car-1,2011-08-28 07:46:20,116.313457,40.070291
Car-1,2011-08-28 07:46:21,116.31354933333341,40.07028333333332
Car-1,2011-08-28 07:46:22,116.3136329999998,40.07027133333334
Car-1,2011-08-28 07:46:23,116.31371133333339,40.070260000000005
Car-1,2011-08-28 07:46:24,116.313794,40.07024800000001
Car-1,2011-08-28 07:46:25,116.31388466666661,40.07023333333332
Car-1,2011-08-28 07:46:26,116.313985,40.07022566666666
Car-1,2011-08-28 07:46:27,116.314092,40.07021833333334
Car-1,2011-08-28 07:46:28,116.31420499999999,40.070209333333345
Car-1,2011-08-28 07:46:29,116.31432633333361,40.070195
Car-1,2011-08-28 07:46:30,116.31445133333341,40.07016333333333
Car-1,2011-08-28 07:46:31,116.31456799999981,40.07013766666666
Car-1,2011-08-28 07:46:32,116.3146783333334,40.07012
Car-1,2011-08-28 07:46:33,116.3147879999998,40.070107
Car-1,2011-08-28 07:46:34,116.31490133333341,40.070100666666676
Car-1,2011-08-28 07:46:35,116.3150136666666,40.07009799999998
Car-1,2011-08-28 07:46:36,116.3151256666666,40.07009966666666
Car-1,2011-08-28 07:46:37,116.31524566666681,40.07010799999998
Car-1,2011-08-28 07:46:38,116.31537833333341,40.07011866666666
Car-1,2011-08-28 07:46:39,116.3155236666666,40.07013266666666
Car-1,2011-08-28 07:46:40,116.3156706666668,40.07013533333334
Car-1,2011-08-28 07:46:41,116.31581766666679,40.070122333333344
Car-1,2011-08-28 07:46:42,116.31596733333319,40.07011033333332
Car-1,2011-08-28 07:46:43,116.31612166666659,40.07009866666666
Car-1,2011-08-28 07:46:44,116.31627799999981,40.07008133333334
Car-1,2011-08-28 07:46:45,116.31643100000001,40.07007566666668
Car-1,2011-08-28 07:46:46,116.31658266666679,40.07006833333334
Car-1,2011-08-28 07:46:47,116.31674199999979,40.07005266666666
Car-1,2011-08-28 07:46:48,116.31689033333342,40.07003033333334
Car-1,2011-08-28 07:46:49,116.3170396666666,40.07001766666666
Car-1,2011-08-28 07:46:50,116.31718833333301,40.070015666666684
Car-1,2011-08-28 07:46:51,116.31733933333321,40.070012000000006
Car-1,2011-08-28 07:46:52,116.3174879999998,40.070008999999985
Car-1,2011-08-28 07:46:53,116.317634,40.070007
Car-1,2011-08-28 07:46:54,116.3177743333332,40.07000233333332
Car-1,2011-08-28 07:46:55,116.31789900000001,40.06999466666666
Car-1,2011-08-28 07:46:56,116.3180173333332,40.06998566666666
Car-1,2011-08-28 07:46:57,116.318131,40.06998166666668
Car-1,2011-08-28 07:46:58,116.3182379999998,40.06997766666666
Car-1,2011-08-28 07:46:59,116.3183356666668,40.069965
Car-1,2011-08-28 07:47:00,116.31842966666679,40.069948999999994
Car-1,2011-08-28 07:47:01,116.318521,40.06992799999998
Car-1,2011-08-28 07:47:02,116.31860900000001,40.06990166666668
Car-1,2011-08-28 07:47:03,116.3186946666668,40.06987600000002
Car-1,2011-08-28 07:47:04,116.3187726666666,40.069856
Car-1,2011-08-28 07:47:05,116.3188416666666,40.06983966666666
Car-1,2011-08-28 07:47:06,116.31890666666679,40.06982166666666
Car-1,2011-08-28 07:47:07,116.3189666666666,40.069807000000004
Car-1,2011-08-28 07:47:08,116.31903,40.0698016666667
Car-1,2011-08-28 07:47:09,116.31909833333341,40.069804999999995
Car-1,2011-08-28 07:47:10,116.3191643333334,40.06981766666668
Car-1,2011-08-28 07:47:11,116.31922333333341,40.069840333333346
Car-1,2011-08-28 07:47:12,116.31928033333341,40.06986700000002
Car-1,2011-08-28 07:47:13,116.31933333333299,40.069897000000005
Car-1,2011-08-28 07:47:14,116.3193806666666,40.069936999999996
Car-1,2011-08-28 07:47:15,116.3194156666668,40.069982333333336
Car-1,2011-08-28 07:47:16,116.31943799999999,40.07003433333334
Car-1,2011-08-28 07:47:17,116.3194460000002,40.070094
Car-1,2011-08-28 07:47:18,116.31943766666659,40.070156666666676
Car-1,2011-08-28 07:47:19,116.31941799999981,40.07022533333334
Car-1,2011-08-28 07:47:20,116.3193903333334,40.07030433333334
Car-1,2011-08-28 07:47:21,116.31936033333321,40.07038966666666
Car-1,2011-08-28 07:47:22,116.319325,40.070473
Car-1,2011-08-28 07:47:23,116.3192823333334,40.07055366666666
Car-1,2011-08-28 07:47:24,116.31924,40.070632
Car-1,2011-08-28 07:47:25,116.31920099999999,40.070713999999995
Car-1,2011-08-28 07:47:26,116.31916233333341,40.07080066666666
Car-1,2011-08-28 07:47:27,116.31912500000021,40.070897
Car-1,2011-08-28 07:47:28,116.31909466666659,40.07100333333334
Car-1,2011-08-28 07:47:29,116.3190733333334,40.07111
Car-1,2011-08-28 07:47:30,116.3190663333334,40.071251666666676
Car-1,2011-08-28 07:47:31,116.3190676666668,40.071391666666656
Car-1,2011-08-28 07:47:32,116.31904966666661,40.07152366666668
Car-1,2011-08-28 07:47:33,116.31903,40.07165600000002
Car-1,2011-08-28 07:47:34,116.31901,40.071776
Car-1,2011-08-28 07:47:35,116.318984,40.071887666666655
Car-1,2011-08-28 07:47:36,116.3189506666666,40.07200066666666
Car-1,2011-08-28 07:47:37,116.318927,40.072100999999996
Car-1,2011-08-28 07:47:38,116.3189036666666,40.07219466666666
Car-1,2011-08-28 07:47:39,116.31886266666679,40.07229599999998
Car-1,2011-08-28 07:47:40,116.3188146666668,40.07239799999998
Car-1,2011-08-28 07:47:41,116.3187673333334,40.072503
Car-1,2011-08-28 07:47:42,116.31871866666661,40.07260700000002
Car-1,2011-08-28 07:47:43,116.3186766666668,40.07271
Car-1,2011-08-28 07:47:44,116.3186416666666,40.072807
Car-1,2011-08-28 07:47:45,116.31861133333321,40.072895
Car-1,2011-08-28 07:47:46,116.3185746666666,40.07297733333332
Car-1,2011-08-28 07:47:47,116.3185363333334,40.07305100000002
Car-1,2011-08-28 07:47:48,116.31850166666659,40.07312533333334
Car-1,2011-08-28 07:47:49,116.3184706666666,40.07320799999998
Car-1,2011-08-28 07:47:50,116.31843899999998,40.07329566666666
Car-1,2011-08-28 07:47:51,116.31839633333361,40.07339666666666
Car-1,2011-08-28 07:47:52,116.31833766666679,40.07351
Car-1,2011-08-28 07:47:53,116.31829633333341,40.073623
Car-1,2011-08-28 07:47:54,116.31824966666659,40.07373666666666
Car-1,2011-08-28 07:47:55,116.3181986666666,40.073846
Car-1,2011-08-28 07:47:56,116.3181376666666,40.07395366666664
Car-1,2011-08-28 07:47:57,116.3180743333332,40.074051333333344
Car-1,2011-08-28 07:47:58,116.3180263333334,40.07414033333335
Car-1,2011-08-28 07:47:59,116.3179833333334,40.07421600000002
Car-1,2011-08-28 07:48:00,116.31794399999998,40.07428566666666
Car-1,2011-08-28 07:48:01,116.31791633333339,40.074340666666686
Car-1,2011-08-28 07:48:02,116.3178953333334,40.07438866666664
Car-1,2011-08-28 07:48:03,116.3178763333332,40.07443899999998
Car-1,2011-08-28 07:48:04,116.3178576666666,40.074491666666674
Car-1,2011-08-28 07:48:05,116.3178370000002,40.0745433333333
Car-1,2011-08-28 07:48:06,116.31781866666661,40.074593666666644
Car-1,2011-08-28 07:48:07,116.31780499999999,40.074647
Car-1,2011-08-28 07:48:08,116.31779233333341,40.07469866666664
Car-1,2011-08-28 07:48:09,116.31778233333338,40.074746
Car-1,2011-08-28 07:48:10,116.31777166666659,40.07479066666666
Car-1,2011-08-28 07:48:11,116.3177583333334,40.074835
Car-1,2011-08-28 07:48:12,116.3177413333332,40.07487933333334
Car-1,2011-08-28 07:48:13,116.31772133333341,40.074921
Car-1,2011-08-28 07:48:14,116.31770333333341,40.074960666666655
Car-1,2011-08-28 07:48:15,116.3176853333334,40.075002
Car-1,2011-08-28 07:48:16,116.31766166666701,40.07504866666664
Car-1,2011-08-28 07:48:17,116.31763833333301,40.07510566666666
Car-1,2011-08-28 07:48:18,116.31761200000001,40.07517166666666
Car-1,2011-08-28 07:48:19,116.31758199999999,40.07523966666666
Car-1,2011-08-28 07:48:20,116.31754866666661,40.07530933333334
Car-1,2011-08-28 07:48:21,116.31751200000019,40.075379
Car-1,2011-08-28 07:48:22,116.31747500000002,40.075448
Car-1,2011-08-28 07:48:23,116.31744,40.07551333333334
Car-1,2011-08-28 07:48:24,116.3174053333332,40.07557966666666
Car-1,2011-08-28 07:48:25,116.31737433333319,40.075643666666664
Car-1,2011-08-28 07:48:26,116.31734766666659,40.07570266666666
Car-1,2011-08-28 07:48:27,116.3173189999998,40.07575566666668
Car-1,2011-08-28 07:48:28,116.31729466666661,40.075807333333344
Car-1,2011-08-28 07:48:29,116.31727333333319,40.07585966666666
Car-1,2011-08-28 07:48:30,116.31725000000002,40.075917
Car-1,2011-08-28 07:48:31,116.31722233333339,40.07597766666666
Car-1,2011-08-28 07:48:32,116.31719733333338,40.07603966666668
Car-1,2011-08-28 07:48:33,116.31717499999999,40.07610433333334
Car-1,2011-08-28 07:48:34,116.31714933333319,40.076167333333345
Car-1,2011-08-28 07:48:35,116.31712633333359,40.076228
Car-1,2011-08-28 07:48:36,116.31710299999979,40.076285999999996
Car-1,2011-08-28 07:48:37,116.3170753333334,40.076340333333334
Car-1,2011-08-28 07:48:38,116.31704466666679,40.07639666666666
Car-1,2011-08-28 07:48:39,116.3170113333334,40.07645266666666
Car-1,2011-08-28 07:48:40,116.316988333333,40.0765083333333
Car-1,2011-08-28 07:48:50,116.31694866666639,40.07677333333334
Car-1,2011-08-28 07:48:51,116.31694999999999,40.07678
Car-1,2011-08-28 07:48:52,116.3169510000002,40.07678466666666
Car-1,2011-08-28 07:48:53,116.316951666667,40.07679033333332
Car-1,None,None,None
Car-1,None,None,None
Car-1,None,None,None
Car-1,None,None,None
Car-1,None,None,None
Car-1,None,None,None
Car-1,None,None,None
Car-1,None,None,None
Car-1,None,None,None
Car-1,None,None,None
Car-1,None,None,None
Car-1,None,None,None
Car-1,None,None,None
Car-1,None,None,None
Car-1,None,None,None
Car-1,None,None,None
Car-1,None,None,None
Car-1,None,None,None
Car-1,None,None,None
Car-1,None,None,None
Car-1,None,None,None
Car-1,None,None,None
Car-1,None,None,None
Car-1,None,None,None
Car-1,None,None,None
Car-1,None,None,None
Car-1,None,None,None
Car-1,None,None,None
Car-1,None,None,None
Car-1,None,None,None
Car-1,None,None,None
Car-1,None,None,None
Car-1,None,None,None
Car-1,None,None,None
Car-1,None,None,None
Car-1,None,None,None
Car-1,None,None,None
Car-1,None,None,None
Car-1,None,None,None
Car-1,None,None,None
Car-1,None,None,None
Car-1,None,None,None
Car-1,None,None,None
Car-1,None,None,None
Car-1,None,None,None
Car-1,None,None,None
Car-1,None,None,None
Car-1,None,None,None
Car-1,None,None,None
Car-1,None,None,None
Car-1,None,None,None
Car-1,None,None,None
Car-1,None,None,None
Car-1,None,None,None
Car-1,None,None,None
Car-1,None,None,None
Car-1,None,None,None
Car-1,None,None,None
Car-1,None,None,None
Car-1,None,None,None
Car-1,None,None,None
Car-1,None,None,None
Car-1,None,None,None
Car-1,None,None,None
Car-1,None,None,None
Car-1,None,None,None
Car-1,None,None,None
Car-1,None,None,None
Car-1,None,None,None
Car-1,None,None,None
Car-1,None,None,None
Car-1,None,None,None
Car-1,None,None,None
Car-1,None,None,None
Car-1,None,None,None
Car-1,None,None,None
Car-1,None,None,None
Car-1,None,None,None
Car-1,None,None,None
Car-1,None,None,None
Car-1,None,None,None
Car-1,None,None,None
Car-1,None,None,None
Car-1,None,None,None
Car-1,None,None,None
Car-1,None,None,None
Car-1,None,None,None
Car-1,None,None,None
Car-1,None,None,None
Car-1,None,None,None
Car-1,None,None,None
Car-1,None,None,None
Car-1,None,None,None
Car-1,None,None,None
Car-1,None,None,None
Car-1,None,None,None
Car-1,None,None,None
Car-1,None,None,None
Car-1,None,None,None
Car-1,None,None,None
Car-1,None,None,None
Car-1,None,None,None
Car-1,None,None,None
Car-1,None,None,None
Car-1,None,None,None
Car-1,None,None,None
Car-1,None,None,None
Car-1,None,None,None
Car-1,None,None,None
Car-1,None,None,None
Car-1,None,None,None
Car-1,None,None,None
Car-1,None,None,None
Car-1,None,None,None
Car-1,None,None,None
Car-1,None,None,None
Car-1,None,None,None
Car-1,None,None,None
Car-1,None,None,None
Car-1,None,None,None
Car-1,None,None,None
Car-1,None,None,None
Car-1,None,None,None
Car-1,None,None,None
Car-1,None,None,None
Car-1,None,None,None
Car-1,None,None,None
Car-1,None,None,None
Car-1,None,None,None
Car-1,None,None,None
Car-1,None,None,None
Car-1,None,None,None
Car-1,None,None,None
Car-1,None,None,None
Car-1,None,None,None
Car-1,None,None,None
Car-1,None,None,None
Car-1,None,None,None
Car-1,None,None,None
Car-1,None,None,None
Car-1,None,None,None
Car-1,None,None,None
Car-1,None,None,None
Car-1,None,None,None
Car-1,None,None,None
Car-1,None,None,None
Car-1,None,None,None
Car-1,None,None,None
Car-1,None,None,None
Car-1,None,None,None
Car-1,None,None,None
Car-1,None,None,None
Car-1,None,None,None
Car-1,None,None,None
Car-1,None,None,None
Car-1,None,None,None
Car-1,None,None,None
Car-1,None,None,None
Car-1,None,None,None
Car-1,None,None,None
Car-1,None,None,None
Car-1,None,None,None
Car-1,None,None,None
Car-1,None,None,None
Car-1,None,None,None
Car-1,None,None,None
Car-1,None,None,None
Car-1,None,None,None
Car-1,None,None,None
Car-1,None,None,None
Car-1,None,None,None
Car-1,None,None,None
Car-1,None,None,None
Car-1,None,None,None
Car-1,None,None,None
Car-1,None,None,None
Car-1,None,None,None
Car-1,None,None,None
Car-1,None,None,None
Car-1,None,None,None
Car-1,None,None,None
Car-1,None,None,None
Car-1,None,None,None
Car-1,None,None,None
Car-1,None,None,None
Car-1,None,None,None
Car-1,None,None,None
Car-1,None,None,None
Car-1,None,None,None
Car-1,None,None,None
Car-1,None,None,None
Car-1,None,None,None
Car-1,None,None,None
Car-1,None,None,None
Car-1,None,None,None
Car-1,None,None,None
Car-1,None,None,None
Car-1,None,None,None
Car-1,None,None,None
Car-1,None,None,None
Car-1,None,None,None
Car-1,None,None,None
Car-1,None,None,None
Car-1,None,None,None
Car-1,None,None,None
Car-1,None,None,None
Car-1,None,None,None
Car-1,None,None,None
Car-1,None,None,None
Car-1,None,None,None
Car-1,None,None,None
Car-1,None,None,None
Car-1,None,None,None
Car-1,None,None,None
Car-1,None,None,None
Car-1,None,None,None
Car-1,None,None,None
Car-1,None,None,None
Car-1,None,None,None
Car-1,None,None,None
Car-1,None,None,None
Car-1,None,None,None
Car-1,None,None,None
Car-1,None,None,None
Car-1,None,None,None
Car-1,None,None,None
Car-1,None,None,None
Car-1,None,None,None
Car-1,None,None,None
Car-1,None,None,None
Car-1,None,None,None
Car-1,None,None,None
Car-1,None,None,None
Car-1,None,None,None
Car-1,None,None,None
Car-1,None,None,None
Car-1,None,None,None
Car-1,None,None,None
Car-1,None,None,None
Car-1,None,None,None
Car-1,None,None,None
Car-1,None,None,None
Car-1,None,None,None
Car-1,None,None,None
Car-1,None,None,None
Car-1,None,None,None
Car-1,None,None,None
Car-1,None,None,None
Car-1,None,None,None
Car-1,None,None,None
Car-1,None,None,None
Car-1,None,None,None
Car-1,None,None,None
Car-1,None,None,None
Car-1,None,None,None
Car-1,None,None,None
Car-1,None,None,None
Car-1,None,None,None
Car-1,None,None,None
Car-1,None,None,None
Car-1,None,None,None
Car-1,None,None,None
Car-1,None,None,None
Car-1,None,None,None
Car-1,None,None,None
Car-1,None,None,None
Car-1,None,None,None
Car-1,None,None,None
Car-1,None,None,None
Car-1,None,None,None
Car-1,None,None,None
Car-1,None,None,None
Car-1,None,None,None
Car-1,None,None,None
Car-1,None,None,None
Car-1,None,None,None
Car-1,None,None,None
Car-1,None,None,None
Car-1,None,None,None
Car-1,None,None,None
Car-1,None,None,None
Car-1,None,None,None
Car-1,None,None,None
Car-1,None,None,None
Car-1,None,None,None
Car-1,None,None,None
Car-1,None,None,None
Car-1,None,None,None
Car-1,None,None,None
Car-1,None,None,None
Car-1,None,None,None
Car-1,None,None,None
Car-1,None,None,None
Car-1,None,None,None
Car-1,None,None,None
Car-1,None,None,None
Car-1,None,None,None
Car-1,None,None,None
Car-1,None,None,None
Car-1,None,None,None
Car-1,None,None,None
Car-1,None,None,None
Car-1,None,None,None
Car-1,None,None,None
Car-1,None,None,None
Car-1,None,None,None
Car-1,None,None,None
Car-1,None,None,None
Car-1,None,None,None
Car-1,None,None,None
Car-1,None,None,None
Car-1,None,None,None
Car-1,None,None,None
Car-1,None,None,None
Car-1,None,None,None
Car-1,None,None,None
Car-1,None,None,None
Car-1,None,None,None
Car-1,None,None,None
Car-1,None,None,None
Car-1,None,None,None
Car-1,None,None,None
Car-1,None,None,None
Car-1,None,None,None
Car-1,None,None,None
Car-1,None,None,None
Car-1,None,None,None
Car-1,None,None,None
Car-1,None,None,None
Car-1,None,None,None
Car-1,None,None,None
Car-1,None,None,None
Car-1,None,None,None
Car-1,None,None,None
Car-1,None,None,None
Car-1,None,None,None
Car-1,None,None,None
Car-1,None,None,None
Car-1,None,None,None
Car-1,None,None,None
Car-1,None,None,None
Car-1,None,None,None
Car-1,None,None,None
Car-1,None,None,None
Car-1,None,None,None
Car-1,None,None,None
Car-1,None,None,None
Car-1,None,None,None
Car-1,None,None,None
Car-1,None,None,None
Car-1,None,None,None
Car-1,None,None,None
Car-1,None,None,None
Car-1,None,None,None
Car-1,None,None,None
Car-1,None,None,None
Car-1,None,None,None
Car-1,None,None,None
Car-1,None,None,None
Car-1,None,None,None
Car-1,None,None,None
Car-1,None,None,None
Car-1,None,None,None
Car-1,None,None,None
Car-1,None,None,None
Car-1,None,None,None
Car-1,None,None,None
Car-1,None,None,None
Car-1,None,None,None
Car-1,None,None,None
Car-1,None,None,None
Car-1,None,None,None
Car-1,None,None,None
Car-1,None,None,None
Car-1,None,None,None
Car-1,None,None,None
Car-1,None,None,None
Car-1,None,None,None
Car-1,None,None,None
Car-1,None,None,None
Car-1,None,None,None
Car-1,None,None,None
Car-1,None,None,None
Car-1,None,None,None
Car-1,None,None,None
Car-1,None,None,None
Car-1,None,None,None
Car-1,None,None,None
Car-1,None,None,None
Car-1,None,None,None
Car-1,None,None,None
Car-1,None,None,None
Car-1,None,None,None
Car-1,None,None,None
Car-1,None,None,None
Car-1,None,None,None
Car-1,None,None,None
Car-1,None,None,None
Car-1,None,None,None
Car-1,None,None,None
Car-1,None,None,None
Car-1,None,None,None
Car-1,None,None,None
Car-1,None,None,None
Car-1,None,None,None
Car-1,None,None,None
Car-1,None,None,None
Car-1,None,None,None
Car-1,None,None,None
Car-1,None,None,None
Car-1,None,None,None
Car-1,None,None,None
Car-1,None,None,None
Car-1,None,None,None
Car-1,None,None,None
Car-1,None,None,None
Car-1,None,None,None
Car-1,None,None,None
Car-1,None,None,None
Car-1,None,None,None
Car-1,None,None,None
Car-1,None,None,None
Car-1,None,None,None
Car-1,None,None,None
Car-1,None,None,None
Car-1,None,None,None
Car-1,None,None,None
Car-1,None,None,None
Car-1,None,None,None
Car-1,None,None,None
Car-1,None,None,None
Car-1,None,None,None
Car-1,None,None,None
Car-1,None,None,None
Car-1,None,None,None
Car-1,None,None,None
Car-1,None,None,None
Car-1,None,None,None
Car-1,None,None,None
Car-1,None,None,None
Car-1,None,None,None
Car-1,None,None,None
Car-1,None,None,None
Car-1,None,None,None
Car-1,None,None,None
Car-1,None,None,None
Car-1,None,None,None
Car-1,None,None,None
Car-1,None,None,None
Car-1,None,None,None
Car-1,None,None,None
Car-1,None,None,None
Car-1,None,None,None
Car-1,None,None,None
Car-1,None,None,None
Car-1,None,None,None
Car-1,None,None,None
Car-1,None,None,None
Car-1,None,None,None
Car-1,None,None,None
Car-1,None,None,None
Car-1,None,None,None
Car-1,None,None,None
Car-1,None,None,None
Car-1,None,None,None
Car-1,None,None,None
Car-1,None,None,None
Car-1,None,None,None
Car-1,None,None,None
Car-1,None,None,None
Car-1,None,None,None
Car-1,None,None,None
Car-1,None,None,None
Car-1,None,None,None
Car-1,None,None,None
Car-1,None,None,None
Car-1,None,None,None
Car-1,None,None,None
Car-1,None,None,None
Car-1,None,None,None
Car-1,None,None,None
Car-1,None,None,None
Car-1,None,None,None
Car-1,None,None,None
Car-1,None,None,None
Car-1,None,None,None
Car-1,None,None,None
Car-1,None,None,None
Car-1,None,None,None
Car-1,None,None,None
Car-1,None,None,None
Car-1,None,None,None
Car-1,None,None,None
Car-1,None,None,None
Car-1,None,None,None
Car-1,None,None,None
Car-1,None,None,None
Car-1,None,None,None
Car-1,None,None,None
Car-1,None,None,None
Car-1,None,None,None
Car-1,None,None,None
Car-1,None,None,None
Car-1,None,None,None
Car-1,None,None,None
Car-1,None,None,None
Car-1,None,None,None
Car-1,None,None,None
Car-1,None,None,None
Car-1,None,None,None
Car-1,None,None,None
Car-1,None,None,None
Car-1,None,None,None
Car-1,None,None,None
Car-1,None,None,None
Car-1,None,None,None
Car-1,None,None,None
Car-1,None,None,None
Car-1,None,None,None
Car-1,None,None,None
Car-1,None,None,None
Car-1,None,None,None
Car-1,None,None,None
Car-1,None,None,None
Car-1,None,None,None
Car-1,None,None,None
Car-1,None,None,None
Car-1,None,None,None
Car-1,None,None,None
Car-1,None,None,None
Car-1,None,None,None
Car-1,None,None,None
Car-1,None,None,None
Car-1,None,None,None
Car-1,None,None,None
Car-1,None,None,None
Car-1,None,None,None
Car-1,None,None,None
Car-1,None,None,None
Car-1,None,None,None
Car-1,None,None,None
Car-1,None,None,None
Car-1,None,None,None
Car-1,None,None,None
Car-1,None,None,None
Car-1,None,None,None
Car-1,None,None,None
Car-1,None,None,None
Car-1,None,None,None
Car-1,None,None,None
Car-1,None,None,None
Car-1,None,None,None
Car-1,None,None,None
Car-1,None,None,None
Car-1,None,None,None
Car-1,None,None,None
Car-1,None,None,None
Car-1,None,None,None
Car-1,None,None,None
Car-1,None,None,None
Car-1,None,None,None
Car-1,None,None,None
Car-1,None,None,None
Car-1,None,None,None
Car-1,None,None,None
Car-1,None,None,None
Car-1,None,None,None
Car-1,None,None,None
Car-1,None,None,None
Car-1,None,None,None
Car-1,None,None,None
Car-1,None,None,None
Car-1,None,None,None
Car-1,None,None,None
Car-1,None,None,None
Car-1,None,None,None
Car-1,None,None,None
Car-1,None,None,None
Car-1,None,None,None
Car-1,None,None,None
Car-1,None,None,None
Car-1,None,None,None
Car-1,None,None,None
Car-1,None,None,None
Car-1,None,None,None
Car-1,None,None,None
Car-1,None,None,None
Car-1,None,None,None
Car-1,None,None,None
Car-1,None,None,None
Car-1,None,None,None
Car-1,None,None,None
Car-1,None,None,None
Car-1,None,None,None
Car-1,None,None,None
Car-1,None,None,None
Car-1,None,None,None
Car-1,None,None,None
Car-1,None,None,None
Car-1,None,None,None
Car-1,None,None,None
Car-1,None,None,None
Car-1,None,None,None
Car-1,None,None,None
Car-1,None,None,None
Car-1,None,None,None
Car-1,None,None,None
Car-1,None,None,None
Car-1,None,None,None
Car-1,None,None,None
Car-1,None,None,None
Car-1,None,None,None
Car-1,None,None,None
Car-1,None,None,None
Car-1,None,None,None
Car-1,None,None,None
Car-1,None,None,None
Car-1,None,None,None
Car-1,None,None,None
Car-1,None,None,None
Car-1,None,None,None
Car-1,None,None,None
Car-1,None,None,None
Car-1,None,None,None
Car-1,None,None,None
Car-1,None,None,None
Car-1,None,None,None
Car-1,None,None,None
Car-1,None,None,None
Car-1,None,None,None
Car-1,None,None,None
Car-1,None,None,None
Car-1,None,None,None
Car-1,None,None,None
Car-1,None,None,None
Car-1,None,None,None
Car-1,None,None,None
Car-1,None,None,None
Car-1,None,None,None
Car-1,None,None,None
Car-1,None,None,None
Car-1,None,None,None
Car-1,None,None,None
Car-1,None,None,None
Car-1,None,None,None
Car-1,None,None,None
Car-1,None,None,None
Car-1,None,None,None
Car-1,None,None,None
Car-1,None,None,None
Car-1,None,None,None
Car-1,None,None,None
Car-1,None,None,None
Car-1,None,None,None
Car-1,None,None,None
Car-1,None,None,None
Car-1,None,None,None
Car-1,None,None,None
Car-1,None,None,None
Car-1,None,None,None
Car-1,None,None,None
Car-1,None,None,None
Car-1,None,None,None
Car-1,None,None,None
Car-1,None,None,None
Car-1,None,None,None
Car-1,None,None,None
Car-1,None,None,None
Car-1,None,None,None
Car-1,None,None,None
Car-1,None,None,None
Car-1,None,None,None
Car-1,None,None,None
Car-1,None,None,None
Car-1,None,None,None
Car-1,None,None,None
Car-1,None,None,None
Car-1,None,None,None
Car-1,None,None,None
Car-1,None,None,None
Car-1,None,None,None
Car-1,None,None,None
Car-1,None,None,None
Car-1,None,None,None
Car-1,None,None,None
Car-1,None,None,None
Car-1,None,None,None
Car-1,None,None,None
Car-1,None,None,None
Car-1,None,None,None
Car-1,None,None,None
Car-1,None,None,None
Car-1,None,None,None
Car-1,None,None,None
Car-1,None,None,None
Car-1,None,None,None
Car-1,None,None,None
Car-1,None,None,None
Car-1,None,None,None
Car-1,None,None,None
Car-1,None,None,None
Car-1,None,None,None
Car-1,None,None,None
Car-1,None,None,None
Car-1,None,None,None
Car-1,None,None,None
Car-1,None,None,None
Car-1,None,None,None
Car-1,None,None,None
Car-1,None,None,None
Car-1,None,None,None
Car-1,None,None,None
Car-1,None,None,None
Car-1,None,None,None
Car-1,None,None,None
Car-1,None,None,None
Car-1,None,None,None
Car-1,None,None,None
Car-1,None,None,None
Car-1,None,None,None
Car-1,None,None,None
Car-1,None,None,None
Car-1,None,None,None
Car-1,None,None,None
Car-1,None,None,None
Car-1,None,None,None
Car-1,None,None,None
Car-1,None,None,None
Car-1,None,None,None
Car-1,None,None,None
Car-1,None,None,None
Car-1,None,None,None
Car-1,None,None,None
Car-1,None,None,None
Car-1,None,None,None
Car-1,None,None,None
Car-1,None,None,None
Car-1,None,None,None
Car-1,None,None,None
Car-1,None,None,None
Car-1,None,None,None
Car-1,None,None,None
Car-1,None,None,None
Car-1,None,None,None
Car-1,None,None,None
Car-1,None,None,None
Car-1,None,None,None
Car-1,None,None,None
Car-1,None,None,None
Car-1,None,None,None
Car-1,None,None,None
Car-1,None,None,None
Car-1,None,None,None
Car-1,None,None,None
Car-1,None,None,None
Car-1,None,None,None
Car-1,None,None,None
Car-1,None,None,None
Car-1,None,None,None
Car-1,None,None,None
Car-1,None,None,None
Car-1,None,None,None
Car-1,None,None,None
Car-1,None,None,None
Car-1,None,None,None
Car-1,None,None,None
Car-1,None,None,None
Car-1,None,None,None
Car-1,None,None,None
Car-1,None,None,None
Car-1,None,None,None
Car-1,None,None,None
Car-1,None,None,None
Car-1,None,None,None
Car-1,None,None,None
Car-1,None,None,None
Car-1,None,None,None
Car-1,None,None,None
Car-1,None,None,None
Car-1,None,None,None
Car-1,None,None,None
Car-1,None,None,None
Car-1,None,None,None
Car-1,None,None,None
Car-1,None,None,None
Car-1,None,None,None
Car-1,None,None,None
Car-1,None,None,None
Car-1,None,None,None
Car-1,None,None,None
Car-1,None,None,None
Car-1,None,None,None
Car-1,None,None,None
Car-1,None,None,None
Car-1,None,None,None
Car-1,None,None,None
Car-1,None,None,None
Car-1,None,None,None
Car-1,None,None,None
Car-1,None,None,None
Car-1,None,None,None
Car-1,None,None,None
Car-1,None,None,None
Car-1,None,None,None
Car-1,None,None,None
Car-1,None,None,None
Car-1,None,None,None
Car-1,None,None,None
Car-1,None,None,None
Car-1,None,None,None
Car-1,None,None,None
Car-1,None,None,None
Car-1,None,None,None
Car-1,None,None,None
Car-1,None,None,None
Car-1,None,None,None
Car-1,None,None,None
Car-1,None,None,None
Car-1,None,None,None
Car-1,None,None,None
Car-1,None,None,None
Car-1,None,None,None
Car-1,None,None,None
Car-1,None,None,None
Car-1,None,None,None
Car-1,None,None,None
Car-1,None,None,None
Car-1,None,None,None
Car-1,None,None,None
Car-1,None,None,None
Car-1,None,None,None
Car-1,None,None,None
Car-1,None,None,None
Car-1,None,None,None
Car-1,None,None,None
Car-1,None,None,None
Car-1,None,None,None
Car-1,None,None,None
Car-1,None,None,None
Car-1,None,None,None
Car-1,None,None,None
Car-1,None,None,None
Car-1,None,None,None
Car-1,None,None,None
Car-1,None,None,None
Car-1,None,None,None
Car-1,None,None,None
Car-1,None,None,None
Car-1,None,None,None
Car-1,None,None,None
Car-1,None,None,None
Car-1,None,None,None
Car-1,None,None,None
Car-1,None,None,None
Car-1,None,None,None
Car-1,None,None,None
Car-1,None,None,None
Car-1,None,None,None
Car-1,None,None,None
Car-1,None,None,None
Car-1,None,None,None
Car-1,None,None,None
Car-1,None,None,None
Car-1,None,None,None
Car-1,None,None,None
Car-1,None,None,None
Car-1,None,None,None
Car-1,None,None,None
Car-1,None,None,None
Car-1,None,None,None
Car-1,None,None,None
Car-1,None,None,None
Car-1,None,None,None
Car-1,None,None,None
Car-1,None,None,None
Car-1,None,None,None
Car-1,None,None,None
Car-1,None,None,None
Car-1,None,None,None
Car-1,None,None,None
Car-1,None,None,None
Car-1,None,None,None
Car-1,None,None,None
Car-1,None,None,None
Car-1,None,None,None
Car-1,None,None,None
Car-1,None,None,None
Car-1,None,None,None
Car-1,None,None,None
Car-1,None,None,None
Car-1,None,None,None
Car-1,None,None,None
Car-1,None,None,None
Car-1,None,None,None
Car-1,None,None,None
Car-1,None,None,None
Car-1,None,None,None
Car-1,None,None,None
Car-1,None,None,None
Car-1,None,None,None
Car-1,None,None,None
Car-1,None,None,None
Car-1,None,None,None
Car-1,None,None,None
Car-1,None,None,None
Car-1,None,None,None
Car-1,None,None,None
Car-1,None,None,None
Car-1,None,None,None
Car-1,None,None,None
Car-1,None,None,None
Car-1,None,None,None
Car-1,None,None,None
Car-1,None,None,None
Car-1,None,None,None
Car-1,None,None,None
Car-1,None,None,None
Car-1,None,None,None
Car-1,None,None,None
Car-1,None,None,None
Car-1,None,None,None
Car-1,None,None,None
Car-1,None,None,None
Car-1,None,None,None
Car-1,None,None,None
Car-1,None,None,None
Car-1,None,None,None
Car-1,None,None,None
Car-1,None,None,None
Car-1,None,None,None
Car-1,None,None,None
Car-1,None,None,None
Car-1,None,None,None
Car-1,None,None,None
Car-1,None,None,None
Car-1,None,None,None
Car-1,None,None,None
Car-1,None,None,None
Car-1,None,None,None
Car-1,None,None,None
Car-1,None,None,None
Car-1,None,None,None
Car-1,None,None,None
Car-1,None,None,None
Car-1,None,None,None
Car-1,None,None,None
Car-1,None,None,None
Car-1,None,None,None
Car-1,None,None,None
Car-1,None,None,None
Car-1,None,None,None
Car-1,None,None,None
Car-1,None,None,None
Car-1,None,None,None
Car-1,None,None,None
Car-1,None,None,None
Car-1,None,None,None
Car-1,None,None,None
Car-1,None,None,None
Car-1,None,None,None
Car-1,None,None,None
Car-1,None,None,None
Car-1,None,None,None
Car-1,None,None,None
Car-1,None,None,None
Car-1,None,None,None
Car-1,None,None,None
Car-1,None,None,None
Car-1,None,None,None
Car-1,None,None,None
Car-1,None,None,None
Car-1,None,None,None
Car-1,None,None,None
Car-1,None,None,None
Car-1,None,None,None
Car-1,None,None,None
Car-1,None,None,None
Car-1,None,None,None
Car-1,None,None,None
Car-1,None,None,None
Car-1,None,None,None
Car-1,None,None,None
Car-1,None,None,None
Car-1,None,None,None
Car-1,None,None,None
Car-1,None,None,None
Car-1,None,None,None
Car-1,None,None,None
Car-1,None,None,None
Car-1,None,None,None
Car-1,None,None,None
Car-1,None,None,None
Car-1,None,None,None
Car-1,None,None,None
Car-1,None,None,None
Car-1,None,None,None
Car-1,None,None,None
Car-1,None,None,None
Car-1,None,None,None
Car-1,None,None,None
Car-1,None,None,None
Car-1,None,None,None
Car-1,None,None,None
Car-1,None,None,None
Car-1,None,None,None
Car-1,None,None,None
Car-1,None,None,None
Car-1,None,None,None
Car-1,None,None,None
Car-1,None,None,None
Car-1,None,None,None
Car-1,None,None,None
Car-1,None,None,None
Car-1,None,None,None
Car-1,None,None,None
Car-1,None,None,None
Car-1,None,None,None
Car-1,None,None,None
Car-1,None,None,None
Car-1,None,None,None
Car-1,None,None,None
Car-1,None,None,None
Car-1,None,None,None
Car-1,None,None,None
Car-1,None,None,None
Car-1,None,None,None
Car-1,None,None,None
Car-1,None,None,None
Car-1,None,None,None
Car-1,None,None,None
Car-1,None,None,None
Car-1,None,None,None
Car-1,None,None,None
Car-1,None,None,None
Car-1,None,None,None
Car-1,None,None,None
Car-1,None,None,None
Car-1,None,None,None
Car-1,None,None,None
Car-1,None,None,None
Car-1,None,None,None
Car-1,None,None,None
Car-1,None,None,None
Car-1,None,None,None
Car-1,None,None,None
Car-1,None,None,None
Car-1,None,None,None
Car-1,None,None,None
Car-1,None,None,None
Car-1,None,None,None
Car-1,None,None,None
Car-1,None,None,None
Car-1,None,None,None
Car-1,None,None,None
Car-1,None,None,None
Car-1,None,None,None
Car-1,None,None,None
Car-1,None,None,None
Car-1,None,None,None
Car-1,None,None,None
Car-1,None,None,None
Car-1,None,None,None
Car-1,None,None,None
Car-1,None,None,None
Car-1,None,None,None
Car-1,None,None,None
Car-1,None,None,None
Car-1,None,None,None
Car-1,None,None,None
Car-1,None,None,None
Car-1,None,None,None
Car-1,None,None,None
Car-1,None,None,None
Car-1,None,None,None
Car-1,None,None,None
Car-1,None,None,None
Car-1,None,None,None
Car-1,None,None,None
Car-1,None,None,None
Car-1,None,None,None
Car-1,None,None,None
Car-1,None,None,None
Car-1,None,None,None
Car-1,None,None,None
Car-1,None,None,None
Car-1,None,None,None
Car-1,None,None,None
Car-1,None,None,None
Car-1,None,None,None
Car-1,None,None,None
Car-1,None,None,None
Car-1,None,None,None
Car-1,None,None,None
Car-1,None,None,None
Car-1,None,None,None
Car-1,None,None,None
Car-1,None,None,None
Car-1,None,None,None
Car-1,None,None,None
Car-1,None,None,None
Car-1,None,None,None
Car-1,None,None,None
Car-1,None,None,None
Car-1,None,None,None
Car-1,None,None,None
Car-1,None,None,None
Car-1,None,None,None
Car-1,None,None,None
Car-1,None,None,None
Car-1,None,None,None
Car-1,None,None,None
Car-1,None,None,None
Car-1,None,None,None
Car-1,None,None,None
Car-1,None,None,None
Car-1,None,None,None
Car-1,None,None,None
Car-1,None,None,None
Car-1,None,None,None
Car-1,None,None,None
Car-1,None,None,None
Car-1,None,None,None
Car-1,None,None,None
Car-1,None,None,None
Car-1,None,None,None
Car-1,None,None,None
Car-1,None,None,None
Car-1,None,None,None
Car-1,None,None,None
Car-1,None,None,None
Car-1,None,None,None
Car-1,None,None,None
Car-1,None,None,None
Car-1,None,None,None
Car-1,None,None,None
Car-1,None,None,None
Car-1,None,None,None
Car-1,None,None,None
Car-1,None,None,None
Car-1,None,None,None
Car-1,None,None,None
Car-1,None,None,None
Car-1,None,None,None
Car-1,None,None,None
Car-1,None,None,None
Car-1,None,None,None
Car-1,None,None,None
Car-1,None,None,None
Car-1,None,None,None
Car-1,None,None,None
Car-1,None,None,None
Car-1,None,None,None
Car-1,None,None,None
Car-1,None,None,None
Car-1,None,None,None
Car-1,None,None,None
Car-1,None,None,None
Car-1,None,None,None
Car-1,None,None,None
Car-1,None,None,None
Car-1,None,None,None
Car-1,None,None,None
Car-1,None,None,None
Car-1,None,None,None
Car-1,None,None,None
Car-1,None,None,None
Car-1,None,None,None
Car-1,None,None,None
Car-1,None,None,None
Car-1,None,None,None
Car-1,None,None,None
Car-1,None,None,None
Car-1,None,None,None
Car-1,None,None,None
Car-1,None,None,None
Car-1,None,None,None
Car-1,None,None,None
Car-1,None,None,None
Car-1,None,None,None
Car-1,None,None,None
Car-1,None,None,None
Car-1,None,None,None
Car-1,None,None,None
Car-1,None,None,None
Car-1,None,None,None
Car-1,None,None,None
Car-1,None,None,None
Car-1,None,None,None
Car-1,None,None,None
Car-1,None,None,None
Car-1,None,None,None
Car-1,None,None,None
Car-1,None,None,None
Car-1,None,None,None
Car-1,None,None,None
Car-1,None,None,None
Car-1,None,None,None
Car-1,None,None,None
Car-1,None,None,None
Car-1,None,None,None
Car-1,None,None,None
Car-1,None,None,None
Car-1,None,None,None
Car-1,None,None,None
Car-1,None,None,None
Car-1,None,None,None
Car-1,None,None,None
Car-1,None,None,None
Car-1,None,None,None
Car-1,None,None,None
Car-1,None,None,None
Car-1,None,None,None
Car-1,None,None,None
Car-1,None,None,None
Car-1,None,None,None
Car-1,None,None,None
Car-1,None,None,None
Car-1,None,None,None
Car-1,None,None,None
Car-1,None,None,None
Car-1,None,None,None
Car-1,None,None,None
Car-1,None,None,None
Car-1,None,None,None
Car-1,None,None,None
Car-1,None,None,None
Car-1,None,None,None
Car-1,None,None,None
Car-1,None,None,None
Car-1,None,None,None
Car-1,None,None,None
Car-1,None,None,None
Car-1,None,None,None
Car-1,None,None,None
Car-1,None,None,None
Car-1,None,None,None
Car-1,None,None,None
Car-1,None,None,None
Car-1,None,None,None
Car-1,None,None,None
Car-1,None,None,None
Car-1,None,None,None
Car-1,None,None,None
Car-1,None,None,None
Car-1,None,None,None
Car-1,None,None,None
Car-1,None,None,None
Car-1,None,None,None
Car-1,None,None,None
Car-1,None,None,None
Car-1,None,None,None
Car-1,None,None,None
Car-1,None,None,None
Car-1,None,None,None
Car-1,None,None,None
Car-1,None,None,None
Car-1,None,None,None
Car-1,None,None,None
Car-1,None,None,None
Car-1,None,None,None
Car-1,None,None,None
Car-1,None,None,None
Car-1,None,None,None
Car-1,None,None,None
Car-1,None,None,None
Car-1,None,None,None
Car-1,None,None,None
Car-1,None,None,None
Car-1,None,None,None
Car-1,None,None,None
Car-1,None,None,None
Car-1,None,None,None
Car-1,None,None,None
Car-1,None,None,None
Car-1,None,None,None
Car-1,None,None,None
Car-1,None,None,None
Car-1,None,None,None
Car-1,None,None,None
Car-1,None,None,None
Car-1,None,None,None
Car-1,None,None,None
Car-1,None,None,None
Car-1,None,None,None
Car-1,None,None,None
Car-1,None,None,None
Car-1,None,None,None
Car-1,None,None,None
Car-1,None,None,None
Car-1,None,None,None
Car-1,None,None,None
Car-1,None,None,None
Car-1,None,None,None
Car-1,None,None,None
Car-1,None,None,None
Car-1,None,None,None
Car-1,None,None,None
Car-1,None,None,None
Car-1,None,None,None
Car-1,None,None,None
Car-1,None,None,None
Car-1,None,None,None
Car-1,None,None,None
Car-1,None,None,None
Car-1,None,None,None
Car-1,None,None,None
Car-1,None,None,None
Car-1,None,None,None
Car-1,None,None,None
Car-1,None,None,None
Car-1,None,None,None
Car-1,None,None,None
Car-1,None,None,None
Car-1,None,None,None
Car-1,None,None,None
Car-1,None,None,None
Car-1,None,None,None
Car-1,None,None,None
Car-1,None,None,None
Car-1,None,None,None
Car-1,None,None,None
Car-1,None,None,None
Car-1,None,None,None
Car-1,None,None,None
Car-1,None,None,None
Car-1,None,None,None
Car-1,None,None,None
Car-1,None,None,None
Car-1,None,None,None
Car-1,None,None,None
Car-1,None,None,None
Car-1,None,None,None
Car-1,None,None,None
Car-1,None,None,None
Car-1,None,None,None
Car-1,None,None,None
Car-1,None,None,None
Car-1,None,None,None
Car-1,None,None,None
Car-1,None,None,None
Car-1,None,None,None
Car-1,None,None,None
Car-1,None,None,None
Car-1,None,None,None
Car-1,None,None,None
Car-1,None,None,None
Car-1,None,None,None
Car-1,None,None,None
Car-1,None,None,None
Car-1,None,None,None
Car-1,None,None,None
Car-1,None,None,None
Car-1,None,None,None
Car-1,None,None,None
Car-1,None,None,None
Car-1,None,None,None
Car-1,None,None,None
Car-1,None,None,None
Car-1,None,None,None
Car-1,None,None,None
Car-1,None,None,None
Car-1,None,None,None
Car-1,None,None,None
Car-1,None,None,None
Car-1,None,None,None
Car-1,None,None,None
Car-1,None,None,None
Car-1,None,None,None
Car-1,None,None,None
Car-1,None,None,None
Car-1,None,None,None
Car-1,None,None,None
Car-1,None,None,None
Car-1,None,None,None
Car-1,None,None,None
Car-1,None,None,None
Car-1,None,None,None
Car-1,None,None,None
Car-1,None,None,None
Car-1,None,None,None
Car-1,None,None,None
Car-1,None,None,None
Car-1,None,None,None
Car-1,None,None,None
Car-1,None,None,None
Car-1,None,None,None
Car-1,None,None,None
Car-1,None,None,None
Car-1,None,None,None
Car-1,None,None,None
Car-1,None,None,None
Car-1,None,None,None
Car-1,None,None,None
Car-1,None,None,None
Car-1,None,None,None
Car-1,None,None,None
Car-1,None,None,None
Car-1,None,None,None
Car-1,None,None,None
Car-1,None,None,None
Car-1,None,None,None
Car-1,None,None,None
Car-1,None,None,None
Car-1,None,None,None
Car-1,None,None,None
Car-1,None,None,None
Car-1,None,None,None
Car-1,None,None,None
Car-1,None,None,None
Car-1,None,None,None
Car-1,None,None,None
Car-1,None,None,None
Car-1,None,None,None
Car-1,None,None,None
Car-1,None,None,None
Car-1,None,None,None
Car-1,None,None,None
Car-1,None,None,None
Car-1,None,None,None
Car-1,None,None,None
Car-1,None,None,None
Car-1,None,None,None
Car-1,None,None,None
Car-1,None,None,None
Car-1,None,None,None
Car-1,None,None,None
Car-1,None,None,None
Car-1,None,None,None
Car-1,None,None,None
Car-1,None,None,None
Car-1,None,None,None
Car-1,None,None,None
Car-1,None,None,None
Car-1,None,None,None
Car-1,None,None,None
Car-1,None,None,None
Car-1,None,None,None
Car-1,None,None,None
Car-1,None,None,None
Car-1,None,None,None
Car-1,None,None,None
Car-1,None,None,None
Car-1,None,None,None
Car-1,None,None,None
Car-1,None,None,None
Car-1,None,None,None
Car-1,None,None,None
Car-1,None,None,None
Car-1,None,None,None
Car-1,None,None,None
Car-1,None,None,None
Car-1,None,None,None
Car-1,None,None,None
Car-1,None,None,None
Car-1,None,None,None
Car-1,None,None,None
Car-1,None,None,None
Car-1,None,None,None
Car-1,None,None,None
Car-1,None,None,None
Car-1,None,None,None
Car-1,None,None,None
Car-1,None,None,None
Car-1,None,None,None
Car-1,None,None,None
Car-1,None,None,None
Car-1,None,None,None
Car-1,None,None,None
Car-1,None,None,None
Car-1,None,None,None
Car-1,None,None,None
Car-1,None,None,None
Car-1,None,None,None
Car-1,None,None,None
Car-1,None,None,None
Car-1,None,None,None
Car-1,None,None,None
Car-1,None,None,None
Car-1,None,None,None
Car-1,None,None,None
Car-1,None,None,None
Car-1,None,None,None
Car-1,None,None,None
Car-1,None,None,None
Car-1,None,None,None
Car-1,None,None,None
Car-1,None,None,None
Car-1,None,None,None
Car-1,None,None,None
Car-1,None,None,None
Car-1,None,None,None
Car-1,None,None,None
Car-1,None,None,None
Car-1,None,None,None
Car-1,None,None,None
Car-1,None,None,None
Car-1,None,None,None
Car-1,None,None,None
Car-1,None,None,None
Car-1,None,None,None
Car-1,None,None,None
Car-1,None,None,None
Car-1,None,None,None
Car-1,None,None,None
Car-1,None,None,None
Car-1,None,None,None
Car-1,None,None,None
Car-1,None,None,None
Car-1,None,None,None
Car-1,None,None,None
Car-1,None,None,None
Car-1,None,None,None
Car-1,None,None,None
Car-1,None,None,None
Car-1,None,None,None
Car-1,None,None,None
Car-1,None,None,None
Car-1,None,None,None
Car-1,None,None,None
Car-1,None,None,None
Car-1,None,None,None
Car-1,None,None,None
Car-1,None,None,None
Car-1,None,None,None
Car-1,None,None,None
Car-1,None,None,None
Car-1,None,None,None
Car-1,None,None,None
Car-1,None,None,None
Car-1,None,None,None
Car-1,None,None,None
Car-1,None,None,None
Car-1,None,None,None
Car-1,None,None,None
Car-1,None,None,None
Car-1,None,None,None
Car-1,None,None,None
Car-1,None,None,None
Car-1,None,None,None
Car-1,None,None,None
Car-1,None,None,None
Car-1,None,None,None
Car-1,None,None,None
Car-1,None,None,None
Car-1,None,None,None
Car-1,None,None,None
Car-1,None,None,None
Car-1,None,None,None
Car-1,None,None,None
Car-1,None,None,None
Car-1,None,None,None
Car-1,None,None,None
Car-1,None,None,None
Car-1,None,None,None
Car-1,None,None,None
Car-1,None,None,None
Car-1,None,None,None
Car-1,None,None,None
Car-1,None,None,None
Car-1,None,None,None
Car-1,None,None,None
Car-1,None,None,None
Car-1,None,None,None
Car-1,None,None,None
Car-1,None,None,None
Car-1,None,None,None
Car-1,None,None,None
Car-1,None,None,None
Car-1,None,None,None
Car-1,None,None,None
Car-1,None,None,None
Car-1,None,None,None
Car-1,None,None,None
Car-1,None,None,None
Car-1,None,None,None
Car-1,None,None,None
Car-1,None,None,None
Car-1,None,None,None
Car-1,None,None,None
Car-1,None,None,None
Car-1,None,None,None
Car-1,None,None,None
Car-1,None,None,None
Car-1,None,None,None
Car-1,None,None,None
Car-1,None,None,None
Car-1,None,None,None
Car-1,None,None,None
Car-1,None,None,None
Car-1,None,None,None
Car-1,None,None,None
Car-1,None,None,None
Car-1,None,None,None
Car-1,None,None,None
Car-1,None,None,None
Car-1,None,None,None
Car-1,None,None,None
Car-1,None,None,None
Car-1,None,None,None
Car-1,None,None,None
Car-1,None,None,None
Car-1,None,None,None
Car-1,None,None,None
Car-1,None,None,None
Car-1,None,None,None
Car-1,None,None,None
Car-1,None,None,None
Car-1,None,None,None
Car-1,None,None,None
Car-1,None,None,None
Car-1,None,None,None
Car-1,None,None,None
Car-1,None,None,None
Car-1,None,None,None
Car-1,None,None,None
Car-1,None,None,None
Car-1,None,None,None
Car-1,None,None,None
Car-1,None,None,None
Car-1,None,None,None
Car-1,None,None,None
Car-1,None,None,None
Car-1,None,None,None
Car-1,None,None,None
Car-1,None,None,None
Car-1,None,None,None
Car-1,None,None,None
Car-1,None,None,None
Car-1,None,None,None
Car-1,None,None,None
Car-1,None,None,None
Car-1,None,None,None
Car-1,None,None,None
Car-1,None,None,None
Car-1,None,None,None
Car-1,None,None,None
Car-1,None,None,None
Car-1,None,None,None
Car-1,None,None,None
Car-1,None,None,None
Car-1,None,None,None
Car-1,None,None,None
Car-1,None,None,None
Car-1,None,None,None
Car-1,None,None,None
Car-1,None,None,None
Car-1,None,None,None
Car-1,None,None,None
Car-1,None,None,None
Car-1,None,None,None
Car-1,None,None,None
Car-1,None,None,None
Car-1,None,None,None
Car-1,None,None,None
Car-1,None,None,None
Car-1,None,None,None
Car-1,None,None,None
Car-1,None,None,None
Car-1,None,None,None
Car-1,None,None,None
Car-1,None,None,None
Car-1,None,None,None
Car-1,None,None,None
Car-1,None,None,None
Car-1,None,None,None
Car-1,None,None,None
Car-1,None,None,None
Car-1,None,None,None
Car-1,None,None,None
Car-1,None,None,None
Car-1,None,None,None
Car-1,None,None,None
Car-1,None,None,None
Car-1,None,None,None
Car-1,None,None,None
Car-1,None,None,None
Car-1,None,None,None
Car-1,None,None,None
Car-1,None,None,None
Car-1,None,None,None
Car-1,None,None,None
Car-1,None,None,None
Car-1,None,None,None
Car-1,None,None,None
Car-1,None,None,None
Car-1,None,None,None
Car-1,None,None,None
Car-1,None,None,None
Car-1,None,None,None
Car-1,None,None,None
Car-1,None,None,None
Car-1,None,None,None
Car-1,None,None,None
Car-1,None,None,None
Car-1,None,None,None
Car-1,None,None,None
Car-1,None,None,None
Car-1,None,None,None
Car-1,None,None,None
Car-1,None,None,None
Car-1,None,None,None
Car-1,None,None,None
Car-1,None,None,None
Car-1,None,None,None
Car-1,None,None,None
Car-1,None,None,None
Car-1,None,None,None
Car-1,None,None,None
Car-1,None,None,None
Car-1,None,None,None
Car-1,None,None,None
Car-1,None,None,None
Car-1,None,None,None
Car-1,None,None,None
Car-1,None,None,None
Car-1,None,None,None
Car-1,None,None,None
Car-1,None,None,None
Car-1,None,None,None
Car-1,None,None,None
Car-1,None,None,None
Car-1,None,None,None
Car-1,None,None,None
Car-1,None,None,None
Car-1,None,None,None
Car-1,None,None,None
Car-1,None,None,None
Car-1,None,None,None
Car-1,None,None,None
Car-1,None,None,None
Car-1,None,None,None
Car-1,None,None,None
Car-1,None,None,None
Car-1,None,None,None
Car-1,None,None,None
Car-1,None,None,None
Car-1,None,None,None
Car-1,None,None,None
Car-1,None,None,None
Car-1,None,None,None
Car-1,None,None,None
Car-1,None,None,None
Car-1,None,None,None
Car-1,None,None,None
Car-1,None,None,None
Car-1,None,None,None
Car-1,None,None,None
Car-1,None,None,None
Car-1,None,None,None
Car-1,None,None,None
Car-1,None,None,None
Car-1,None,None,None
Car-1,None,None,None
Car-1,None,None,None
Car-1,None,None,None
Car-1,None,None,None
Car-1,None,None,None
Car-1,None,None,None
Car-1,None,None,None
Car-1,None,None,None
Car-1,None,None,None
Car-1,None,None,None
Car-1,None,None,None
Car-1,None,None,None
Car-1,None,None,None
Car-1,None,None,None
Car-1,None,None,None
Car-1,None,None,None
Car-1,None,None,None
Car-1,None,None,None
Car-1,None,None,None
Car-1,None,None,None
Car-1,None,None,None
Car-1,None,None,None
Car-1,None,None,None
Car-1,None,None,None
Car-1,None,None,None
Car-1,None,None,None
Car-1,None,None,None
Car-1,None,None,None
Car-1,None,None,None
Car-1,None,None,None
Car-1,None,None,None
Car-1,None,None,None
Car-1,None,None,None
Car-1,None,None,None
Car-1,None,None,None
Car-1,None,None,None
Car-1,None,None,None
Car-1,None,None,None
Car-1,None,None,None
Car-1,None,None,None
Car-1,None,None,None
Car-1,None,None,None
Car-1,None,None,None
Car-1,None,None,None
Car-1,None,None,None
Car-1,None,None,None
Car-1,None,None,None
Car-1,None,None,None
Car-1,None,None,None
Car-1,None,None,None
Car-1,None,None,None
Car-1,None,None,None
Car-1,None,None,None
Car-1,None,None,None
Car-1,None,None,None
Car-1,None,None,None
Car-1,None,None,None
Car-1,None,None,None
Car-1,None,None,None
Car-1,None,None,None
Car-1,None,None,None
Car-1,None,None,None
Car-1,None,None,None
Car-1,None,None,None
Car-1,None,None,None
Car-1,None,None,None
Car-1,None,None,None
Car-1,None,None,None
Car-1,None,None,None
Car-1,None,None,None
Car-1,None,None,None
Car-1,None,None,None
Car-1,None,None,None
Car-1,None,None,None
Car-1,None,None,None
Car-1,None,None,None
Car-1,None,None,None
Car-1,None,None,None
Car-1,None,None,None
Car-1,None,None,None
Car-1,None,None,None
Car-1,None,None,None
Car-1,None,None,None
Car-1,None,None,None
Car-1,None,None,None
Car-1,None,None,None
Car-1,None,None,None
Car-1,None,None,None
Car-1,None,None,None
Car-1,None,None,None
Car-1,None,None,None
Car-1,None,None,None
Car-1,None,None,None
Car-1,None,None,None
Car-1,None,None,None
Car-1,None,None,None
Car-1,None,None,None
Car-1,None,None,None
Car-1,None,None,None
Car-1,None,None,None
Car-1,None,None,None
Car-1,None,None,None
Car-1,None,None,None
Car-1,None,None,None
Car-1,None,None,None
Car-1,None,None,None
Car-1,None,None,None
Car-1,None,None,None
Car-1,None,None,None
Car-1,None,None,None
Car-1,None,None,None
Car-1,None,None,None
Car-1,None,None,None
Car-1,None,None,None
Car-1,None,None,None
Car-1,None,None,None
Car-1,None,None,None
Car-1,None,None,None
Car-1,None,None,None
Car-1,None,None,None
Car-1,None,None,None
Car-1,None,None,None
Car-1,None,None,None
Car-1,None,None,None
Car-1,None,None,None
Car-1,None,None,None
Car-1,None,None,None
Car-1,None,None,None
Car-1,None,None,None
Car-1,None,None,None
Car-1,None,None,None
Car-1,None,None,None
Car-1,None,None,None
Car-1,None,None,None
Car-1,None,None,None
Car-1,None,None,None
Car-1,None,None,None
Car-1,None,None,None
Car-1,None,None,None
Car-1,None,None,None
Car-1,None,None,None
Car-1,None,None,None
Car-1,None,None,None
Car-1,None,None,None
Car-1,None,None,None
Car-1,None,None,None
Car-1,None,None,None
Car-1,None,None,None
Car-1,None,None,None
Car-1,None,None,None
Car-1,None,None,None
Car-1,None,None,None
Car-1,None,None,None
Car-1,None,None,None
Car-1,None,None,None
Car-1,None,None,None
Car-1,None,None,None
Car-1,None,None,None
Car-1,None,None,None
Car-1,None,None,None
Car-1,None,None,None
Car-1,None,None,None
Car-1,None,None,None
Car-1,None,None,None
Car-1,None,None,None
Car-1,None,None,None
Car-1,None,None,None
Car-1,None,None,None
Car-1,None,None,None
Car-1,None,None,None
Car-1,None,None,None
Car-1,None,None,None
Car-1,None,None,None
Car-1,None,None,None
Car-1,None,None,None
Car-1,None,None,None
Car-1,None,None,None
Car-1,None,None,None
Car-1,None,None,None
Car-1,None,None,None
Car-1,None,None,None
Car-1,None,None,None
Car-1,None,None,None
Car-1,None,None,None
Car-1,None,None,None
Car-1,None,None,None
Car-1,None,None,None
Car-1,None,None,None
Car-1,None,None,None
Car-1,None,None,None
Car-1,None,None,None
Car-1,None,None,None
Car-1,None,None,None
Car-1,None,None,None
Car-1,None,None,None
Car-1,None,None,None
Car-1,None,None,None
Car-1,None,None,None
Car-1,None,None,None
Car-1,None,None,None
Car-1,None,None,None
Car-1,None,None,None
Car-1,None,None,None
Car-1,None,None,None
Car-1,None,None,None
Car-1,None,None,None
Car-1,None,None,None
Car-1,None,None,None
Car-1,None,None,None
Car-1,None,None,None
Car-1,None,None,None
Car-1,None,None,None
Car-1,None,None,None
Car-1,None,None,None
Car-1,None,None,None
Car-1,None,None,None
Car-1,None,None,None
Car-1,None,None,None
Car-1,None,None,None
Car-1,None,None,None
Car-1,None,None,None
Car-1,None,None,None
Car-1,None,None,None
Car-1,None,None,None
Car-1,None,None,None
Car-1,None,None,None
Car-1,None,None,None
Car-1,None,None,None
Car-1,None,None,None
Car-1,None,None,None
Car-1,None,None,None
Car-1,None,None,None
Car-1,None,None,None
Car-1,None,None,None
Car-1,None,None,None
Car-1,None,None,None
Car-1,None,None,None
Car-1,None,None,None
Car-1,None,None,None
Car-1,None,None,None
Car-1,None,None,None
Car-1,None,None,None
Car-1,None,None,None
Car-1,None,None,None
Car-1,None,None,None
Car-1,None,None,None
Car-1,None,None,None
Car-1,None,None,None
Car-1,None,None,None
Car-1,None,None,None
Car-1,None,None,None
Car-1,None,None,None
Car-1,None,None,None
Car-1,None,None,None
Car-1,None,None,None
Car-1,None,None,None
Car-1,None,None,None
Car-1,None,None,None
Car-1,None,None,None
Car-1,None,None,None
Car-1,None,None,None
Car-1,None,None,None
Car-1,None,None,None
Car-1,None,None,None
Car-1,None,None,None
Car-1,None,None,None
Car-1,None,None,None
Car-1,None,None,None
Car-1,None,None,None
Car-1,None,None,None
Car-1,None,None,None
Car-1,None,None,None
Car-1,None,None,None
Car-1,None,None,None
Car-1,None,None,None
Car-1,None,None,None
Car-1,None,None,None
Car-1,None,None,None
Car-1,None,None,None
Car-1,None,None,None
Car-1,None,None,None
Car-1,None,None,None
Car-1,None,None,None
Car-1,None,None,None
Car-1,None,None,None
Car-1,None,None,None
Car-1,None,None,None
Car-1,None,None,None
Car-1,None,None,None
Car-1,None,None,None
Car-1,None,None,None
Car-1,None,None,None
Car-1,None,None,None
Car-1,None,None,None
Car-1,None,None,None
Car-1,None,None,None
Car-1,None,None,None
Car-1,None,None,None
Car-1,None,None,None
Car-1,None,None,None
Car-1,None,None,None
Car-1,None,None,None
Car-1,None,None,None
Car-1,None,None,None
Car-1,None,None,None
Car-1,None,None,None
Car-1,None,None,None
Car-1,None,None,None
Car-1,None,None,None
Car-1,None,None,None
Car-1,None,None,None
Car-1,None,None,None
Car-1,None,None,None
Car-1,None,None,None
Car-1,None,None,None
Car-1,None,None,None
Car-1,None,None,None
Car-1,None,None,None
Car-1,None,None,None
Car-1,None,None,None
Car-1,None,None,None
Car-1,None,None,None
Car-1,None,None,None
Car-1,None,None,None
Car-1,None,None,None
Car-1,None,None,None
Car-1,None,None,None
Car-1,None,None,None
Car-1,None,None,None
Car-1,None,None,None
Car-1,None,None,None
Car-1,None,None,None
Car-1,None,None,None
Car-1,None,None,None
Car-1,None,None,None
Car-1,None,None,None
Car-1,None,None,None
Car-1,None,None,None
Car-1,None,None,None
Car-1,None,None,None
Car-1,None,None,None
Car-1,None,None,None
Car-1,None,None,None
Car-1,None,None,None
Car-1,None,None,None
Car-1,None,None,None
Car-1,None,None,None
Car-1,None,None,None
Car-1,None,None,None
Car-1,None,None,None
Car-1,None,None,None
Car-1,None,None,None
Car-1,None,None,None
Car-1,None,None,None
Car-1,None,None,None
Car-1,None,None,None
Car-1,None,None,None
Car-1,None,None,None
Car-1,None,None,None
Car-1,None,None,None
Car-1,None,None,None
Car-1,None,None,None
Car-1,None,None,None
Car-1,None,None,None
Car-1,None,None,None
Car-1,None,None,None
Car-1,None,None,None
Car-1,None,None,None
Car-1,None,None,None
Car-1,None,None,None
Car-1,None,None,None
Car-1,None,None,None
Car-1,None,None,None
Car-1,None,None,None
Car-1,None,None,None
Car-1,None,None,None
Car-1,None,None,None
Car-1,None,None,None
Car-1,None,None,None
Car-1,None,None,None
Car-1,None,None,None
Car-1,None,None,None
Car-1,None,None,None
Car-1,None,None,None
Car-1,None,None,None
Car-1,None,None,None
Car-1,None,None,None
Car-1,None,None,None
Car-1,None,None,None
Car-1,None,None,None
Car-1,None,None,None
Car-1,None,None,None
Car-1,None,None,None
Car-1,None,None,None
Car-1,None,None,None
Car-1,None,None,None
Car-1,None,None,None
Car-1,None,None,None
Car-1,None,None,None
Car-1,None,None,None
Car-1,None,None,None
Car-1,None,None,None
Car-1,None,None,None
Car-1,None,None,None
Car-1,None,None,None
Car-1,None,None,None
Car-1,None,None,None
Car-1,None,None,None
Car-1,None,None,None
Car-1,None,None,None
Car-1,None,None,None
Car-1,None,None,None
Car-1,None,None,None
Car-1,None,None,None
Car-1,None,None,None
Car-1,None,None,None
Car-1,None,None,None
Car-1,None,None,None
Car-1,None,None,None
Car-1,None,None,None
Car-1,None,None,None
Car-1,None,None,None
Car-1,None,None,None
Car-1,None,None,None
Car-1,None,None,None
Car-1,None,None,None
Car-1,None,None,None
Car-1,None,None,None
Car-1,None,None,None
Car-1,None,None,None
Car-1,None,None,None
Car-1,None,None,None
Car-1,None,None,None
Car-1,None,None,None
Car-1,None,None,None
Car-1,None,None,None
Car-1,None,None,None
Car-1,None,None,None
Car-1,None,None,None
Car-1,None,None,None
Car-1,None,None,None
Car-1,None,None,None
Car-1,None,None,None
Car-1,None,None,None
Car-1,None,None,None
Car-1,None,None,None
Car-1,None,None,None
Car-1,None,None,None
Car-1,None,None,None
Car-1,None,None,None
Car-1,None,None,None
Car-1,None,None,None
Car-1,None,None,None
Car-1,None,None,None
Car-1,None,None,None
Car-1,None,None,None
Car-1,None,None,None
Car-1,None,None,None
Car-1,None,None,None
Car-1,None,None,None
Car-1,None,None,None
Car-1,None,None,None
Car-1,None,None,None
Car-1,None,None,None
Car-1,None,None,None
Car-1,None,None,None
Car-1,None,None,None
Car-1,None,None,None
Car-1,None,None,None
Car-1,None,None,None
Car-1,None,None,None
Car-1,None,None,None
Car-1,None,None,None
Car-1,None,None,None
Car-1,None,None,None
Car-1,None,None,None
Car-1,None,None,None
Car-1,None,None,None
Car-1,None,None,None
Car-1,None,None,None
Car-1,None,None,None
Car-1,None,None,None
Car-1,None,None,None
Car-1,None,None,None
Car-1,None,None,None
Car-1,None,None,None
Car-1,None,None,None
Car-1,None,None,None
Car-1,None,None,None
Car-1,None,None,None
Car-1,None,None,None
Car-1,None,None,None
Car-1,None,None,None
Car-1,None,None,None
Car-1,None,None,None
Car-1,None,None,None
Car-1,None,None,None
Car-1,None,None,None
Car-1,None,None,None
Car-1,None,None,None
Car-1,None,None,None
Car-1,None,None,None
Car-1,None,None,None
Car-1,None,None,None
Car-1,None,None,None
Car-1,None,None,None
Car-1,None,None,None
Car-1,None,None,None
Car-1,None,None,None
Car-1,None,None,None
Car-1,None,None,None
Car-1,None,None,None
Car-1,None,None,None
Car-1,None,None,None
Car-1,None,None,None
Car-1,None,None,None
Car-1,None,None,None
Car-1,None,None,None
Car-1,None,None,None
Car-1,None,None,None
Car-1,None,None,None
Car-1,None,None,None
Car-1,None,None,None
Car-1,None,None,None
Car-1,None,None,None
Car-1,None,None,None
Car-1,None,None,None
Car-1,None,None,None
Car-1,None,None,None
Car-1,None,None,None
Car-1,None,None,None
Car-1,None,None,None
Car-1,None,None,None
Car-1,None,None,None
Car-1,None,None,None
Car-1,None,None,None
Car-1,None,None,None
Car-1,None,None,None
Car-1,None,None,None
Car-1,None,None,None
Car-1,None,None,None
Car-1,None,None,None
Car-1,None,None,None
Car-1,None,None,None
Car-1,None,None,None
Car-1,None,None,None
Car-1,None,None,None
Car-1,None,None,None
Car-1,None,None,None
Car-1,None,None,None
Car-1,None,None,None
Car-1,None,None,None
Car-1,None,None,None
Car-1,None,None,None
Car-1,None,None,None
Car-1,None,None,None
Car-1,None,None,None
Car-1,None,None,None
Car-1,None,None,None
Car-1,None,None,None
Car-1,None,None,None
Car-1,None,None,None
Car-1,None,None,None
Car-1,None,None,None
Car-1,None,None,None
Car-1,None,None,None
Car-1,None,None,None
Car-1,None,None,None
Car-1,None,None,None
Car-1,None,None,None
Car-1,None,None,None
Car-1,None,None,None
Car-1,None,None,None
Car-1,None,None,None
Car-1,None,None,None
Car-1,None,None,None
Car-1,None,None,None
Car-1,None,None,None
Car-1,None,None,None
Car-1,None,None,None
Car-1,None,None,None
Car-1,None,None,None
Car-1,None,None,None
Car-1,None,None,None
Car-1,None,None,None
Car-1,None,None,None
Car-1,None,None,None
Car-1,None,None,None
Car-1,None,None,None
Car-1,None,None,None
Car-1,None,None,None
Car-1,None,None,None
Car-1,None,None,None
Car-1,None,None,None
Car-1,None,None,None
Car-1,None,None,None
Car-1,None,None,None
Car-1,None,None,None
Car-1,None,None,None
Car-1,None,None,None
Car-1,None,None,None
Car-1,None,None,None
Car-1,None,None,None
Car-1,None,None,None
Car-1,None,None,None
Car-1,None,None,None
Car-1,None,None,None
Car-1,None,None,None
Car-1,None,None,None
Car-1,None,None,None
Car-1,None,None,None
Car-1,None,None,None
Car-1,None,None,None
Car-1,None,None,None
Car-1,None,None,None
Car-1,None,None,None
Car-1,None,None,None
Car-1,None,None,None
Car-1,None,None,None
Car-1,None,None,None
Car-1,None,None,None
Car-1,None,None,None
Car-1,None,None,None
Car-1,None,None,None
Car-1,None,None,None
Car-1,None,None,None
Car-1,None,None,None
Car-1,None,None,None
Car-1,None,None,None
Car-1,None,None,None
Car-1,None,None,None
Car-1,None,None,None
Car-1,None,None,None
Car-1,None,None,None
Car-1,None,None,None
Car-1,None,None,None
Car-1,None,None,None
Car-1,None,None,None
Car-1,None,None,None
Car-1,None,None,None
Car-1,None,None,None
Car-1,None,None,None
Car-1,None,None,None
Car-1,None,None,None
Car-1,None,None,None
Car-1,None,None,None
Car-1,None,None,None
Car-1,None,None,None
Car-1,None,None,None
Car-1,None,None,None
Car-1,None,None,None
Car-1,None,None,None
Car-1,None,None,None
Car-1,None,None,None
Car-1,None,None,None
Car-1,None,None,None
Car-1,None,None,None
Car-1,None,None,None
Car-1,None,None,None
Car-1,None,None,None
Car-1,None,None,None
Car-1,None,None,None
Car-1,None,None,None
Car-1,None,None,None
Car-1,None,None,None
Car-1,None,None,None
Car-1,None,None,None
Car-1,None,None,None
Car-1,None,None,None
Car-1,None,None,None
Car-1,None,None,None
Car-1,None,None,None
Car-1,None,None,None
Car-1,None,None,None
Car-1,None,None,None
Car-1,None,None,None
Car-1,None,None,None
Car-1,None,None,None
Car-1,None,None,None
Car-1,None,None,None
Car-1,None,None,None
Car-1,None,None,None
Car-1,None,None,None
Car-1,None,None,None
Car-1,None,None,None
Car-1,None,None,None
Car-1,None,None,None
Car-1,None,None,None
Car-1,None,None,None
Car-1,None,None,None
Car-1,None,None,None
Car-1,None,None,None
Car-1,None,None,None
Car-1,None,None,None
Car-1,None,None,None
Car-1,None,None,None
Car-1,None,None,None
Car-1,None,None,None
Car-1,None,None,None
Car-1,None,None,None
Car-1,None,None,None
Car-1,None,None,None
Car-1,None,None,None
Car-1,None,None,None
Car-1,None,None,None
Car-1,None,None,None
Car-1,None,None,None
Car-1,None,None,None
Car-1,None,None,None
Car-1,None,None,None
Car-1,None,None,None
Car-1,None,None,None
Car-1,None,None,None
Car-1,None,None,None
Car-1,None,None,None
Car-1,None,None,None
Car-1,None,None,None
Car-1,None,None,None
Car-1,None,None,None
Car-1,None,None,None
Car-1,None,None,None
Car-1,None,None,None
Car-1,None,None,None
Car-1,None,None,None
Car-1,None,None,None
Car-1,None,None,None
Car-1,None,None,None
Car-1,None,None,None
Car-1,None,None,None
Car-1,None,None,None
Car-1,None,None,None
Car-1,None,None,None
Car-1,None,None,None
Car-1,None,None,None
Car-1,None,None,None
Car-1,None,None,None
Car-1,None,None,None
Car-1,None,None,None
Car-1,None,None,None
Car-1,None,None,None
Car-1,None,None,None
Car-1,None,None,None
Car-1,None,None,None
Car-1,None,None,None
Car-1,None,None,None
Car-1,None,None,None
Car-1,None,None,None
Car-1,None,None,None
Car-1,None,None,None
Car-1,None,None,None
Car-1,None,None,None
Car-1,None,None,None
Car-1,None,None,None
Car-1,None,None,None
Car-1,None,None,None
Car-1,None,None,None
Car-1,None,None,None
Car-1,None,None,None
Car-1,None,None,None
Car-1,None,None,None
Car-1,None,None,None
Car-1,None,None,None
Car-1,None,None,None
Car-1,None,None,None
Car-1,None,None,None
Car-1,None,None,None
Car-1,None,None,None
Car-1,None,None,None
Car-1,None,None,None
Car-1,None,None,None
Car-1,None,None,None
Car-1,None,None,None
Car-1,None,None,None
Car-1,None,None,None
Car-1,None,None,None
Car-1,None,None,None
Car-1,None,None,None
Car-1,None,None,None
Car-1,None,None,None
Car-1,None,None,None
Car-1,None,None,None
Car-1,None,None,None
Car-1,None,None,None
Car-1,None,None,None
Car-1,None,None,None
Car-1,None,None,None
Car-1,None,None,None
Car-1,None,None,None
Car-1,None,None,None
Car-1,None,None,None
Car-1,None,None,None
Car-1,None,None,None
Car-1,None,None,None
Car-1,None,None,None
Car-1,None,None,None
Car-1,None,None,None
Car-1,None,None,None
Car-1,None,None,None
Car-1,None,None,None
Car-1,None,None,None
Car-1,None,None,None
Car-1,None,None,None
Car-1,None,None,None
Car-1,None,None,None
Car-1,None,None,None
Car-1,None,None,None
Car-1,None,None,None
Car-1,None,None,None
Car-1,None,None,None
Car-1,None,None,None
Car-1,None,None,None
Car-1,None,None,None
Car-1,None,None,None
Car-1,None,None,None
Car-1,None,None,None
Car-1,None,None,None
Car-1,None,None,None
Car-1,None,None,None
Car-1,None,None,None
Car-1,None,None,None
Car-1,None,None,None
Car-1,None,None,None
Car-1,None,None,None
Car-1,None,None,None
Car-1,None,None,None
Car-1,None,None,None
Car-1,None,None,None
Car-1,None,None,None
Car-1,None,None,None
Car-1,None,None,None
Car-1,None,None,None
Car-1,None,None,None
Car-1,None,None,None
Car-1,None,None,None
Car-1,None,None,None
Car-1,None,None,None
Car-1,None,None,None
Car-1,None,None,None
Car-1,None,None,None
Car-1,None,None,None
Car-1,None,None,None
Car-1,None,None,None
Car-1,None,None,None
Car-1,None,None,None
Car-1,None,None,None
Car-1,None,None,None
Car-1,None,None,None
Car-1,None,None,None
Car-1,None,None,None
Car-1,None,None,None
Car-1,None,None,None
Car-1,None,None,None
Car-1,None,None,None
Car-1,None,None,None
Car-1,None,None,None
Car-1,None,None,None
Car-1,None,None,None
Car-1,None,None,None
Car-1,None,None,None
Car-1,None,None,None
Car-1,None,None,None
Car-1,None,None,None
Car-1,None,None,None
Car-1,None,None,None
Car-1,None,None,None
Car-1,None,None,None
Car-1,None,None,None
Car-1,None,None,None
Car-1,None,None,None
Car-1,None,None,None
Car-1,None,None,None
Car-1,None,None,None
Car-1,None,None,None
Car-1,None,None,None
Car-1,None,None,None
Car-1,None,None,None
Car-1,None,None,None
Car-1,None,None,None
Car-1,None,None,None
Car-1,None,None,None
Car-1,None,None,None
Car-1,None,None,None
Car-1,None,None,None
Car-1,None,None,None
Car-1,None,None,None
Car-1,None,None,None
Car-1,None,None,None
Car-1,None,None,None
Car-1,None,None,None
Car-1,None,None,None
Car-1,None,None,None
Car-1,None,None,None
Car-1,None,None,None
Car-1,None,None,None
Car-1,None,None,None
Car-1,None,None,None
Car-1,None,None,None
Car-1,None,None,None
Car-1,None,None,None
Car-1,None,None,None
Car-1,None,None,None
Car-1,None,None,None
Car-1,None,None,None
Car-1,None,None,None
Car-1,None,None,None
Car-1,None,None,None
Car-1,None,None,None
Car-1,None,None,None
Car-1,None,None,None
Car-1,None,None,None
Car-1,None,None,None
Car-1,None,None,None
Car-1,None,None,None
Car-1,None,None,None
Car-1,None,None,None
Car-1,None,None,None
Car-1,None,None,None
Car-1,None,None,None
Car-1,None,None,None
Car-1,None,None,None
Car-1,None,None,None
Car-1,None,None,None
Car-1,None,None,None
Car-1,None,None,None
Car-1,None,None,None
Car-1,None,None,None
Car-1,None,None,None
Car-1,None,None,None
Car-1,None,None,None
Car-1,None,None,None
Car-1,None,None,None
Car-1,None,None,None
Car-1,None,None,None
Car-1,None,None,None
Car-1,None,None,None
Car-1,None,None,None
Car-1,None,None,None
Car-1,None,None,None
Car-1,None,None,None
Car-1,None,None,None
Car-1,None,None,None
Car-1,None,None,None
Car-1,None,None,None
Car-1,None,None,None
Car-1,None,None,None
Car-1,None,None,None
Car-1,None,None,None
Car-1,None,None,None
Car-1,None,None,None
Car-1,None,None,None
Car-1,None,None,None
Car-1,None,None,None
Car-1,None,None,None
Car-1,None,None,None
Car-1,None,None,None
Car-1,None,None,None
Car-1,None,None,None
Car-1,None,None,None
Car-1,None,None,None
Car-1,None,None,None
Car-1,None,None,None
Car-1,None,None,None
Car-1,None,None,None
Car-1,None,None,None
Car-1,None,None,None
Car-1,None,None,None
Car-1,None,None,None
Car-1,None,None,None
Car-1,None,None,None
Car-1,None,None,None
Car-1,None,None,None
Car-1,None,None,None
Car-1,None,None,None
Car-1,None,None,None
Car-1,None,None,None
Car-1,None,None,None
Car-1,None,None,None
Car-1,None,None,None
Car-1,None,None,None
Car-1,None,None,None
Car-1,None,None,None
Car-1,None,None,None
Car-1,None,None,None
Car-1,None,None,None
Car-1,None,None,None
Car-1,None,None,None
Car-1,None,None,None
Car-1,None,None,None
Car-1,None,None,None
Car-1,None,None,None
Car-1,None,None,None
Car-1,None,None,None
Car-1,None,None,None
Car-1,None,None,None
Car-1,None,None,None
Car-1,None,None,None
Car-1,None,None,None
Car-1,None,None,None
Car-1,None,None,None
Car-1,None,None,None
Car-1,None,None,None
Car-1,None,None,None
Car-1,None,None,None
Car-1,None,None,None
Car-1,None,None,None
Car-1,None,None,None
Car-1,None,None,None
Car-1,None,None,None
Car-1,None,None,None
Car-1,None,None,None
Car-1,None,None,None
Car-1,None,None,None
Car-1,None,None,None
Car-1,None,None,None
Car-1,None,None,None
Car-1,None,None,None
Car-1,None,None,None
Car-1,None,None,None
Car-1,None,None,None
Car-1,None,None,None
Car-1,None,None,None
Car-1,None,None,None
Car-1,None,None,None
Car-1,None,None,None
Car-1,None,None,None
Car-1,None,None,None
Car-1,None,None,None
Car-1,None,None,None
Car-1,None,None,None
Car-1,None,None,None
Car-1,None,None,None
Car-1,None,None,None
Car-1,None,None,None
Car-1,None,None,None
Car-1,None,None,None
Car-1,None,None,None
Car-1,None,None,None
Car-1,None,None,None
Car-1,None,None,None
Car-1,None,None,None
Car-1,None,None,None
Car-1,None,None,None
Car-1,None,None,None
Car-1,None,None,None
Car-1,None,None,None
Car-1,None,None,None
Car-1,None,None,None
Car-1,None,None,None
Car-1,None,None,None
Car-1,None,None,None
Car-1,None,None,None
Car-1,None,None,None
Car-1,None,None,None
Car-1,None,None,None
Car-1,None,None,None
Car-1,None,None,None
Car-1,None,None,None
Car-1,None,None,None
Car-1,None,None,None
Car-1,None,None,None
Car-1,None,None,None
Car-1,None,None,None
Car-1,None,None,None
Car-1,None,None,None
Car-1,None,None,None
Car-1,None,None,None
Car-1,None,None,None
Car-1,None,None,None
Car-1,None,None,None
Car-1,None,None,None
Car-1,None,None,None
Car-1,None,None,None
Car-1,None,None,None
Car-1,None,None,None
Car-1,None,None,None
Car-1,None,None,None
Car-1,None,None,None
Car-1,None,None,None
Car-1,None,None,None
Car-1,None,None,None
Car-1,None,None,None
Car-1,None,None,None
Car-1,None,None,None
Car-1,None,None,None
Car-1,None,None,None
Car-1,None,None,None
Car-1,None,None,None
Car-1,None,None,None
Car-1,None,None,None
Car-1,None,None,None
Car-1,None,None,None
Car-1,None,None,None
Car-1,None,None,None
Car-1,None,None,None
Car-1,None,None,None
Car-1,None,None,None
Car-1,None,None,None
Car-1,None,None,None
Car-1,None,None,None
Car-1,None,None,None
Car-1,None,None,None
Car-1,None,None,None
Car-1,None,None,None
Car-1,None,None,None
Car-1,None,None,None
Car-1,None,None,None
Car-1,None,None,None
Car-1,None,None,None
Car-1,None,None,None
Car-1,None,None,None
Car-1,None,None,None
Car-1,None,None,None
Car-1,None,None,None
Car-1,None,None,None
Car-1,None,None,None
Car-1,None,None,None
Car-1,None,None,None
Car-1,None,None,None
Car-1,None,None,None
Car-1,None,None,None
Car-1,None,None,None
Car-1,None,None,None
Car-1,None,None,None
Car-1,None,None,None
Car-1,None,None,None
Car-1,None,None,None
Car-1,None,None,None
Car-1,None,None,None
Car-1,None,None,None
Car-1,None,None,None
Car-1,None,None,None
Car-1,None,None,None
Car-1,None,None,None
Car-1,None,None,None
Car-1,None,None,None
Car-1,None,None,None
Car-1,None,None,None
Car-1,None,None,None
Car-1,None,None,None
Car-1,None,None,None
Car-1,None,None,None
Car-1,None,None,None
Car-1,None,None,None
Car-1,None,None,None
Car-1,None,None,None
Car-1,None,None,None
Car-1,None,None,None
Car-1,None,None,None
Car-1,None,None,None
Car-1,None,None,None
Car-1,None,None,None
Car-1,None,None,None
Car-1,None,None,None
Car-1,None,None,None
Car-1,None,None,None
Car-1,None,None,None
Car-1,None,None,None
Car-1,None,None,None
Car-1,None,None,None
Car-1,None,None,None
Car-1,None,None,None
Car-1,None,None,None
Car-1,None,None,None
Car-1,None,None,None
Car-1,None,None,None
Car-1,None,None,None
Car-1,None,None,None
Car-1,None,None,None
Car-1,None,None,None
Car-1,None,None,None
Car-1,None,None,None
Car-1,None,None,None
Car-1,None,None,None
Car-1,None,None,None
Car-1,None,None,None
Car-1,None,None,None
Car-1,None,None,None
Car-1,None,None,None
Car-1,None,None,None
Car-1,None,None,None
Car-1,None,None,None
Car-1,None,None,None
Car-1,None,None,None
Car-1,None,None,None
Car-1,None,None,None
Car-1,None,None,None
Car-1,None,None,None
Car-1,None,None,None
Car-1,None,None,None
Car-1,None,None,None
Car-1,None,None,None
Car-1,None,None,None
Car-1,None,None,None
Car-1,None,None,None
Car-1,None,None,None
Car-1,None,None,None
Car-1,None,None,None
Car-1,None,None,None
Car-1,None,None,None
Car-1,None,None,None
Car-1,None,None,None
Car-1,None,None,None
Car-1,None,None,None
Car-1,None,None,None
Car-1,None,None,None
Car-1,None,None,None
Car-1,None,None,None
Car-1,None,None,None
Car-1,None,None,None
Car-1,None,None,None
Car-1,None,None,None
Car-1,None,None,None
Car-1,None,None,None
Car-1,None,None,None
Car-1,None,None,None
Car-1,None,None,None
Car-1,None,None,None
Car-1,None,None,None
Car-1,None,None,None
Car-1,None,None,None
Car-1,None,None,None
Car-1,None,None,None
Car-1,None,None,None
Car-1,None,None,None
Car-1,None,None,None
Car-1,None,None,None
Car-1,None,None,None
Car-1,None,None,None
Car-1,None,None,None
Car-1,None,None,None
Car-1,None,None,None
Car-1,None,None,None
Car-1,None,None,None
Car-1,None,None,None
Car-1,None,None,None
Car-1,None,None,None
Car-1,None,None,None
Car-1,None,None,None
Car-1,None,None,None
Car-1,None,None,None
Car-1,None,None,None
Car-1,None,None,None
Car-1,None,None,None
Car-1,None,None,None
Car-1,None,None,None
Car-1,None,None,None
Car-1,None,None,None
Car-1,None,None,None
Car-1,None,None,None
Car-1,None,None,None
Car-1,None,None,None
Car-1,None,None,None
Car-1,None,None,None
Car-1,None,None,None
Car-1,None,None,None
Car-1,None,None,None
Car-1,None,None,None
Car-1,None,None,None
Car-1,None,None,None
Car-1,None,None,None
Car-1,None,None,None
Car-1,None,None,None
Car-1,None,None,None
Car-1,None,None,None
Car-1,None,None,None
Car-1,None,None,None
Car-1,None,None,None
Car-1,None,None,None
Car-1,None,None,None
Car-1,None,None,None
Car-1,None,None,None
Car-1,None,None,None
Car-1,None,None,None
Car-1,None,None,None
Car-1,None,None,None
Car-1,None,None,None
Car-1,None,None,None
Car-1,None,None,None
Car-1,None,None,None
Car-1,None,None,None
Car-1,None,None,None
Car-1,None,None,None
Car-1,None,None,None
Car-1,None,None,None
Car-1,None,None,None
Car-1,None,None,None
Car-1,None,None,None
Car-1,None,None,None
Car-1,None,None,None
Car-1,None,None,None
Car-1,None,None,None
Car-1,None,None,None
Car-1,None,None,None
Car-1,None,None,None
Car-1,None,None,None
Car-1,None,None,None
Car-1,None,None,None
Car-1,None,None,None
Car-1,None,None,None
Car-1,None,None,None
Car-1,None,None,None
Car-1,None,None,None
Car-1,None,None,None
Car-1,None,None,None
Car-1,None,None,None
Car-1,None,None,None
Car-1,None,None,None
Car-1,None,None,None
Car-1,None,None,None
Car-1,None,None,None
Car-1,None,None,None
Car-1,None,None,None
Car-1,None,None,None
Car-1,None,None,None
Car-1,None,None,None
Car-1,None,None,None
Car-1,None,None,None
Car-1,None,None,None
Car-1,None,None,None
Car-1,None,None,None
Car-1,None,None,None
Car-1,None,None,None
Car-1,None,None,None
Car-1,None,None,None
Car-1,None,None,None
Car-1,None,None,None
Car-1,None,None,None
Car-1,None,None,None
Car-1,None,None,None
Car-1,None,None,None
Car-1,None,None,None
Car-1,None,None,None
Car-1,None,None,None
Car-1,None,None,None
Car-1,None,None,None
Car-1,None,None,None
Car-1,None,None,None
Car-1,None,None,None
Car-1,None,None,None
Car-1,None,None,None
Car-1,None,None,None
Car-1,None,None,None
Car-1,None,None,None
Car-1,None,None,None
Car-1,None,None,None
Car-1,None,None,None
Car-1,None,None,None
Car-1,None,None,None
Car-1,None,None,None
Car-1,None,None,None
Car-1,None,None,None
Car-1,None,None,None
Car-1,None,None,None
Car-1,None,None,None
Car-1,None,None,None
Car-1,None,None,None
Car-1,None,None,None
Car-1,None,None,None
Car-1,None,None,None
Car-1,None,None,None
Car-1,None,None,None
Car-1,None,None,None
Car-1,None,None,None
Car-1,None,None,None
Car-1,None,None,None
Car-1,None,None,None
Car-1,None,None,None
Car-1,None,None,None
Car-1,None,None,None
Car-1,None,None,None
Car-1,None,None,None
Car-1,None,None,None
Car-1,None,None,None
Car-1,None,None,None
Car-1,None,None,None
Car-1,None,None,None
Car-1,None,None,None
Car-1,None,None,None
Car-1,None,None,None
Car-1,None,None,None
Car-1,None,None,None
Car-1,None,None,None
Car-1,None,None,None
Car-1,None,None,None
Car-1,None,None,None
Car-1,None,None,None
Car-1,None,None,None
Car-1,None,None,None
Car-1,None,None,None
Car-1,None,None,None
Car-1,None,None,None
Car-1,None,None,None
Car-1,None,None,None
Car-1,None,None,None
Car-1,None,None,None
Car-1,None,None,None
Car-1,None,None,None
Car-1,None,None,None
Car-1,None,None,None
Car-1,None,None,None
Car-1,None,None,None
Car-1,None,None,None
Car-1,None,None,None
Car-1,None,None,None
Car-1,None,None,None
Car-1,None,None,None
Car-1,None,None,None
Car-1,None,None,None
Car-1,None,None,None
Car-1,None,None,None
Car-1,None,None,None
Car-1,None,None,None
Car-1,None,None,None
Car-1,None,None,None
Car-1,None,None,None
Car-1,None,None,None
Car-1,None,None,None
Car-1,None,None,None
Car-1,None,None,None
Car-1,None,None,None
Car-1,None,None,None
Car-1,None,None,None
Car-1,None,None,None
Car-1,None,None,None
Car-1,None,None,None
Car-1,None,None,None
Car-1,None,None,None
Car-1,None,None,None
Car-1,None,None,None
Car-1,None,None,None
Car-1,None,None,None
Car-1,None,None,None
Car-1,None,None,None
Car-1,None,None,None
Car-1,None,None,None
Car-1,None,None,None
Car-1,None,None,None
Car-1,None,None,None
Car-1,None,None,None
Car-1,None,None,None
Car-1,None,None,None
Car-1,None,None,None
Car-1,None,None,None
Car-1,None,None,None
Car-1,None,None,None
Car-1,None,None,None
Car-1,None,None,None
Car-1,None,None,None
Car-1,None,None,None
Car-1,None,None,None
Car-1,None,None,None
Car-1,None,None,None
Car-1,None,None,None
Car-1,None,None,None
Car-1,None,None,None
Car-1,None,None,None
Car-1,None,None,None
Car-1,None,None,None
Car-1,None,None,None
Car-1,None,None,None
Car-1,None,None,None
Car-1,None,None,None
Car-1,None,None,None
Car-1,None,None,None
Car-1,None,None,None
Car-1,None,None,None
Car-1,None,None,None
Car-1,None,None,None
Car-1,None,None,None
Car-1,None,None,None
Car-1,None,None,None
Car-1,None,None,None
Car-1,None,None,None
Car-1,None,None,None
Car-1,None,None,None
Car-1,None,None,None
Car-1,None,None,None
Car-1,None,None,None
Car-1,None,None,None
Car-1,None,None,None
Car-1,None,None,None
Car-1,None,None,None
Car-1,None,None,None
Car-1,None,None,None
Car-1,None,None,None
Car-1,None,None,None
Car-1,None,None,None
Car-1,None,None,None
Car-1,None,None,None
Car-1,None,None,None
Car-1,None,None,None
Car-1,None,None,None
Car-1,None,None,None
Car-1,None,None,None
Car-1,None,None,None
Car-1,None,None,None
Car-1,None,None,None
Car-1,None,None,None
Car-1,None,None,None
Car-1,None,None,None
Car-1,None,None,None
Car-1,None,None,None
Car-1,None,None,None
Car-1,None,None,None
Car-1,None,None,None
Car-1,None,None,None
Car-1,None,None,None
Car-1,None,None,None
Car-1,None,None,None
Car-1,None,None,None
Car-1,None,None,None
Car-1,None,None,None
Car-1,None,None,None
Car-1,None,None,None
Car-1,None,None,None
Car-1,None,None,None
Car-1,None,None,None
Car-1,None,None,None
Car-1,None,None,None
Car-1,None,None,None
Car-1,None,None,None
Car-1,None,None,None
Car-1,None,None,None
Car-1,None,None,None
Car-1,None,None,None
Car-1,None,None,None
Car-1,None,None,None
Car-1,None,None,None
Car-1,None,None,None
Car-1,None,None,None
Car-1,None,None,None
Car-1,None,None,None
Car-1,None,None,None
Car-1,None,None,None
Car-1,None,None,None
Car-1,None,None,None
Car-1,None,None,None
Car-1,None,None,None
Car-1,None,None,None
Car-1,None,None,None
Car-1,None,None,None
Car-1,None,None,None
Car-1,None,None,None
Car-1,None,None,None
Car-1,None,None,None
Car-1,None,None,None
Car-1,None,None,None
Car-1,None,None,None
Car-1,None,None,None
Car-1,None,None,None
Car-1,None,None,None
Car-1,None,None,None
Car-1,None,None,None
Car-1,None,None,None
Car-1,None,None,None
Car-1,None,None,None
Car-1,None,None,None
Car-1,None,None,None
Car-1,None,None,None
Car-1,None,None,None
Car-1,None,None,None
Car-1,None,None,None
Car-1,None,None,None
Car-1,None,None,None
Car-1,None,None,None
Car-1,None,None,None
Car-1,None,None,None
Car-1,None,None,None
Car-1,None,None,None
Car-1,None,None,None
Car-1,None,None,None
Car-1,None,None,None
Car-1,None,None,None
Car-1,None,None,None
Car-1,None,None,None
Car-1,None,None,None
Car-1,None,None,None
Car-1,None,None,None
Car-1,None,None,None
Car-1,None,None,None
Car-1,None,None,None
Car-1,None,None,None
Car-1,None,None,None
Car-1,None,None,None
Car-1,None,None,None
Car-1,None,None,None
Car-1,None,None,None
Car-1,None,None,None
Car-1,None,None,None
Car-1,None,None,None
Car-1,None,None,None
Car-1,None,None,None
Car-1,None,None,None
Car-1,None,None,None
Car-1,None,None,None
Car-1,None,None,None
Car-1,None,None,None
Car-1,None,None,None
Car-1,None,None,None
Car-1,None,None,None
Car-1,None,None,None
Car-1,None,None,None
Car-1,None,None,None
Car-1,None,None,None
Car-1,None,None,None
Car-1,None,None,None
Car-1,None,None,None
Car-1,None,None,None
Car-1,None,None,None
Car-1,None,None,None
Car-1,None,None,None
Car-1,None,None,None
Car-1,None,None,None
Car-1,None,None,None
Car-1,None,None,None
Car-1,None,None,None
Car-1,None,None,None
Car-1,None,None,None
Car-1,None,None,None
Car-1,None,None,None
Car-1,None,None,None
Car-1,None,None,None
Car-1,None,None,None
Car-1,None,None,None
Car-1,None,None,None
Car-1,None,None,None
Car-1,None,None,None
Car-1,None,None,None
Car-1,None,None,None
Car-1,None,None,None
Car-1,None,None,None
Car-1,None,None,None
Car-1,None,None,None
Car-1,None,None,None
Car-1,None,None,None
Car-1,None,None,None
Car-1,None,None,None
Car-1,None,None,None
Car-1,None,None,None
Car-1,None,None,None
Car-1,None,None,None
Car-1,None,None,None
Car-1,None,None,None
Car-1,None,None,None
Car-1,None,None,None
Car-1,None,None,None
Car-1,None,None,None
Car-1,None,None,None
Car-1,None,None,None
Car-1,None,None,None
Car-1,None,None,None
Car-1,None,None,None
Car-1,None,None,None
Car-1,None,None,None
Car-1,None,None,None
Car-1,None,None,None
Car-1,None,None,None
Car-1,None,None,None
Car-1,None,None,None
Car-1,None,None,None
Car-1,None,None,None
Car-1,None,None,None
Car-1,None,None,None
Car-1,None,None,None
Car-1,None,None,None
Car-1,None,None,None
Car-1,None,None,None
Car-1,None,None,None
Car-1,None,None,None
Car-1,None,None,None
Car-1,None,None,None
Car-1,None,None,None
Car-1,None,None,None
Car-1,None,None,None
Car-1,None,None,None
Car-1,None,None,None
Car-1,None,None,None
Car-1,None,None,None
Car-1,None,None,None
Car-1,None,None,None
Car-1,None,None,None
Car-1,None,None,None
Car-1,None,None,None
Car-1,None,None,None
Car-1,None,None,None
Car-1,None,None,None
Car-1,None,None,None
Car-1,None,None,None
Car-1,None,None,None
Car-1,None,None,None
Car-1,None,None,None
Car-1,None,None,None
Car-1,None,None,None
Car-1,None,None,None
Car-1,None,None,None
Car-1,None,None,None
Car-1,None,None,None
Car-1,None,None,None
Car-1,None,None,None
Car-1,None,None,None
Car-1,None,None,None
Car-1,None,None,None
Car-1,None,None,None
Car-1,None,None,None
Car-1,None,None,None
Car-1,None,None,None
Car-1,None,None,None
Car-1,None,None,None
Car-1,None,None,None
Car-1,None,None,None
Car-1,None,None,None
Car-1,None,None,None
Car-1,None,None,None
Car-1,None,None,None
Car-1,None,None,None
Car-1,None,None,None
Car-1,None,None,None
Car-1,None,None,None
Car-1,None,None,None
Car-1,None,None,None
Car-1,None,None,None
Car-1,None,None,None
Car-1,None,None,None
Car-1,None,None,None
Car-1,None,None,None
Car-1,None,None,None
Car-1,None,None,None
Car-1,None,None,None
Car-1,None,None,None
Car-1,None,None,None
Car-1,None,None,None
Car-1,None,None,None
Car-1,None,None,None
Car-1,None,None,None
Car-1,None,None,None
Car-1,None,None,None
Car-1,None,None,None
Car-1,None,None,None
Car-1,None,None,None
Car-1,None,None,None
Car-1,None,None,None
Car-1,None,None,None
Car-1,None,None,None
Car-1,None,None,None
Car-1,None,None,None
Car-1,None,None,None
Car-1,None,None,None
Car-1,None,None,None
Car-1,None,None,None
Car-1,None,None,None
Car-1,None,None,None
Car-1,None,None,None
Car-1,None,None,None
Car-1,None,None,None
Car-1,None,None,None
Car-1,None,None,None
Car-1,None,None,None
Car-1,None,None,None
Car-1,None,None,None
Car-1,None,None,None
Car-1,None,None,None
Car-1,None,None,None
Car-1,None,None,None
Car-1,None,None,None
Car-1,None,None,None
Car-1,None,None,None
Car-1,None,None,None
Car-1,None,None,None
Car-1,None,None,None
Car-1,None,None,None
Car-1,None,None,None
Car-1,None,None,None
Car-1,None,None,None
Car-1,None,None,None
Car-1,None,None,None
Car-1,None,None,None
Car-1,None,None,None
Car-1,None,None,None
Car-1,None,None,None
Car-1,None,None,None
Car-1,None,None,None
Car-1,None,None,None
Car-1,None,None,None
Car-1,None,None,None
Car-1,None,None,None
Car-1,None,None,None
Car-1,None,None,None
Car-1,None,None,None
Car-1,None,None,None
Car-1,None,None,None
Car-1,None,None,None
Car-1,None,None,None
Car-1,None,None,None
Car-1,None,None,None
Car-1,None,None,None
Car-1,None,None,None
Car-1,None,None,None
Car-1,None,None,None
Car-1,None,None,None
Car-1,None,None,None
Car-1,None,None,None
Car-1,None,None,None
Car-1,None,None,None
Car-1,None,None,None
Car-1,None,None,None
Car-1,None,None,None
Car-1,None,None,None
Car-1,None,None,None
Car-1,None,None,None
Car-1,None,None,None
Car-1,None,None,None
Car-1,None,None,None
Car-1,None,None,None
Car-1,None,None,None
Car-1,None,None,None
Car-1,None,None,None
Car-1,None,None,None
Car-1,None,None,None
Car-1,None,None,None
Car-1,None,None,None
Car-1,None,None,None
Car-1,None,None,None
Car-1,None,None,None
Car-1,None,None,None
Car-1,None,None,None
Car-1,None,None,None
Car-1,None,None,None
Car-1,None,None,None
Car-1,None,None,None
Car-1,None,None,None
Car-1,None,None,None
Car-1,None,None,None
Car-1,None,None,None
Car-1,None,None,None
Car-1,None,None,None
Car-1,None,None,None
Car-1,None,None,None
Car-1,None,None,None
Car-1,None,None,None
Car-1,None,None,None
Car-1,None,None,None
Car-1,None,None,None
Car-1,None,None,None
Car-1,None,None,None
Car-1,None,None,None
Car-1,None,None,None
Car-1,None,None,None
Car-1,None,None,None
Car-1,None,None,None
Car-1,None,None,None
Car-1,None,None,None
Car-1,None,None,None
Car-1,None,None,None
Car-1,None,None,None
Car-1,None,None,None
Car-1,None,None,None
Car-1,None,None,None
Car-1,None,None,None
Car-1,None,None,None
Car-1,None,None,None
Car-1,None,None,None
Car-1,None,None,None
Car-1,None,None,None
Car-1,None,None,None
Car-1,None,None,None
Car-1,None,None,None
Car-1,None,None,None
Car-1,None,None,None
Car-1,None,None,None
Car-1,None,None,None
Car-1,None,None,None
Car-1,None,None,None
Car-1,None,None,None
Car-1,None,None,None
Car-1,None,None,None
Car-1,None,None,None
Car-1,None,None,None
Car-1,None,None,None
Car-1,None,None,None
Car-1,None,None,None
Car-1,None,None,None
Car-1,None,None,None
Car-1,None,None,None
Car-1,None,None,None
Car-1,None,None,None
Car-1,None,None,None
Car-1,None,None,None
Car-1,None,None,None
Car-1,None,None,None
Car-1,None,None,None
Car-1,None,None,None
Car-1,None,None,None
Car-1,None,None,None
Car-1,None,None,None
Car-1,None,None,None
Car-1,None,None,None
Car-1,None,None,None
Car-1,None,None,None
Car-1,None,None,None
Car-1,None,None,None
Car-1,None,None,None
Car-1,None,None,None
Car-1,None,None,None
Car-1,None,None,None
Car-1,None,None,None
Car-1,None,None,None
Car-1,None,None,None
Car-1,None,None,None
Car-1,None,None,None
Car-1,None,None,None
Car-1,None,None,None
Car-1,None,None,None
Car-1,None,None,None
Car-1,None,None,None
Car-1,None,None,None
Car-1,None,None,None
Car-1,None,None,None
Car-1,None,None,None
Car-1,None,None,None
Car-1,None,None,None
Car-1,None,None,None
Car-1,None,None,None
Car-1,None,None,None
Car-1,None,None,None
Car-1,None,None,None
Car-1,None,None,None
Car-1,None,None,None
Car-1,None,None,None
Car-1,None,None,None
Car-1,None,None,None
Car-1,None,None,None
Car-1,None,None,None
Car-1,None,None,None
Car-1,None,None,None
Car-1,None,None,None
Car-1,None,None,None
Car-1,None,None,None
Car-1,None,None,None
Car-1,None,None,None
Car-1,None,None,None
Car-1,None,None,None
Car-1,None,None,None
Car-1,None,None,None
Car-1,None,None,None
Car-1,None,None,None
Car-1,None,None,None
Car-1,None,None,None
Car-1,None,None,None
Car-1,None,None,None
Car-1,None,None,None
Car-1,None,None,None
Car-1,None,None,None
Car-1,None,None,None
Car-1,None,None,None
Car-1,None,None,None
Car-1,None,None,None
Car-1,None,None,None
Car-1,None,None,None
Car-1,None,None,None
Car-1,None,None,None
Car-1,None,None,None
Car-1,None,None,None
Car-1,None,None,None
Car-1,None,None,None
Car-1,None,None,None
Car-1,None,None,None
Car-1,None,None,None
Car-1,None,None,None
Car-1,None,None,None
Car-1,None,None,None
Car-1,None,None,None
Car-1,None,None,None
Car-1,None,None,None
Car-1,None,None,None
Car-1,None,None,None
Car-1,None,None,None
Car-1,None,None,None
Car-1,None,None,None
Car-1,None,None,None
Car-1,None,None,None
Car-1,None,None,None
Car-1,None,None,None
Car-1,None,None,None
Car-1,None,None,None
Car-1,None,None,None
Car-1,None,None,None
Car-1,None,None,None
Car-1,None,None,None
Car-1,None,None,None
Car-1,None,None,None
Car-1,None,None,None
Car-1,None,None,None
Car-1,None,None,None
Car-1,None,None,None
Car-1,None,None,None
Car-1,None,None,None
Car-1,None,None,None
Car-1,None,None,None
Car-1,None,None,None
Car-1,None,None,None
Car-1,None,None,None
Car-1,None,None,None
Car-1,None,None,None
Car-1,None,None,None
Car-1,None,None,None
Car-1,None,None,None
Car-1,None,None,None
Car-1,None,None,None
Car-1,None,None,None
Car-1,None,None,None
Car-1,None,None,None
Car-1,None,None,None
Car-1,None,None,None
Car-1,None,None,None
Car-1,None,None,None
Car-1,None,None,None
Car-1,None,None,None
Car-1,None,None,None
Car-1,None,None,None
Car-1,None,None,None
Car-1,None,None,None
Car-1,None,None,None
Car-1,None,None,None
Car-1,None,None,None
Car-1,None,None,None
Car-1,None,None,None
Car-1,None,None,None
Car-1,None,None,None
Car-1,None,None,None
Car-1,None,None,None
Car-1,None,None,None
Car-1,None,None,None
Car-1,None,None,None
Car-1,None,None,None
Car-1,None,None,None
Car-1,None,None,None
Car-1,None,None,None
Car-1,None,None,None
Car-1,None,None,None
Car-1,None,None,None
Car-1,None,None,None
Car-1,None,None,None
Car-1,None,None,None
Car-1,None,None,None
Car-1,None,None,None
Car-1,None,None,None
Car-1,None,None,None
Car-1,None,None,None
Car-1,None,None,None
Car-1,None,None,None
Car-1,None,None,None
Car-1,None,None,None
Car-1,None,None,None
Car-1,None,None,None
Car-1,None,None,None
Car-1,None,None,None
Car-1,None,None,None
Car-1,None,None,None
Car-1,None,None,None
Car-1,None,None,None
Car-1,None,None,None
Car-1,None,None,None
Car-1,None,None,None
Car-1,None,None,None
Car-1,None,None,None
Car-1,None,None,None
Car-1,None,None,None
Car-1,None,None,None
Car-1,None,None,None
Car-1,None,None,None
Car-1,None,None,None
Car-1,None,None,None
Car-1,None,None,None
Car-1,None,None,None
Car-1,None,None,None
Car-1,None,None,None
Car-1,None,None,None
Car-1,None,None,None
Car-1,None,None,None
Car-1,None,None,None
Car-1,None,None,None
Car-1,None,None,None
Car-1,None,None,None
Car-1,None,None,None
Car-1,None,None,None
Car-1,None,None,None
Car-1,None,None,None
Car-1,None,None,None
Car-1,None,None,None
Car-1,None,None,None
Car-1,None,None,None
Car-1,None,None,None
Car-1,None,None,None
Car-1,None,None,None
Car-1,None,None,None
Car-1,None,None,None
Car-1,None,None,None
Car-1,None,None,None
Car-1,None,None,None
Car-1,None,None,None
Car-1,None,None,None
Car-1,None,None,None
Car-1,None,None,None
Car-1,None,None,None
Car-1,None,None,None
Car-1,None,None,None
Car-1,None,None,None
Car-1,None,None,None
Car-1,None,None,None
Car-1,None,None,None
Car-1,None,None,None
Car-1,None,None,None
Car-1,None,None,None
Car-1,None,None,None
Car-1,None,None,None
Car-1,None,None,None
Car-1,None,None,None
Car-1,None,None,None
Car-1,None,None,None
Car-1,None,None,None
Car-1,None,None,None
Car-1,None,None,None
Car-1,None,None,None
Car-1,None,None,None
Car-1,None,None,None
Car-1,None,None,None
Car-1,None,None,None
Car-1,None,None,None
Car-1,None,None,None
Car-1,None,None,None
Car-1,None,None,None
Car-1,None,None,None
Car-1,None,None,None
Car-1,None,None,None
Car-1,None,None,None
Car-1,None,None,None
Car-1,None,None,None
Car-1,None,None,None
Car-1,None,None,None
Car-1,None,None,None
Car-1,None,None,None
Car-1,None,None,None
Car-1,None,None,None
Car-1,None,None,None
Car-1,None,None,None
Car-1,None,None,None
Car-1,None,None,None
Car-1,None,None,None
Car-1,None,None,None
Car-1,None,None,None
Car-1,None,None,None
Car-1,None,None,None
Car-1,None,None,None
Car-1,None,None,None
Car-1,None,None,None
Car-1,None,None,None
Car-1,None,None,None
Car-1,None,None,None
Car-1,None,None,None
Car-1,None,None,None
Car-1,None,None,None
Car-1,None,None,None
Car-1,None,None,None
Car-1,None,None,None
Car-1,None,None,None
Car-1,None,None,None
Car-1,None,None,None
Car-1,None,None,None
Car-1,None,None,None
Car-1,None,None,None
Car-1,None,None,None
Car-1,None,None,None
Car-1,None,None,None
Car-1,None,None,None
Car-1,None,None,None
Car-1,None,None,None
Car-1,None,None,None
Car-1,None,None,None
Car-1,None,None,None
Car-1,None,None,None
Car-1,None,None,None
Car-1,None,None,None
Car-1,None,None,None
Car-1,None,None,None
Car-1,None,None,None
Car-1,None,None,None
Car-1,None,None,None
Car-1,None,None,None
Car-1,None,None,None
Car-1,None,None,None
Car-1,None,None,None
Car-1,None,None,None
Car-1,None,None,None
Car-1,None,None,None
Car-1,None,None,None
Car-1,None,None,None
Car-1,None,None,None
Car-1,None,None,None
Car-1,None,None,None
Car-1,None,None,None
Car-1,None,None,None
Car-1,None,None,None
Car-1,None,None,None
Car-1,None,None,None
Car-1,None,None,None
Car-1,None,None,None
Car-1,None,None,None
Car-1,None,None,None
Car-1,None,None,None
Car-1,None,None,None
Car-1,None,None,None
Car-1,None,None,None
Car-1,None,None,None
Car-1,None,None,None
Car-1,None,None,None
Car-1,None,None,None
Car-1,None,None,None
Car-1,None,None,None
Car-1,None,None,None
Car-1,None,None,None
Car-1,None,None,None
Car-1,None,None,None
Car-1,None,None,None
Car-1,None,None,None
Car-1,None,None,None
Car-1,None,None,None
Car-1,None,None,None
Car-1,None,None,None
Car-1,None,None,None
Car-1,None,None,None
Car-1,None,None,None
Car-1,None,None,None
Car-1,None,None,None
Car-1,None,None,None
Car-1,None,None,None
Car-1,None,None,None
Car-1,None,None,None
Car-1,None,None,None
Car-1,None,None,None
Car-1,None,None,None
Car-1,None,None,None
Car-1,None,None,None
Car-1,None,None,None
Car-1,None,None,None
Car-1,None,None,None
Car-1,None,None,None
Car-1,None,None,None
Car-1,None,None,None
Car-1,None,None,None
Car-1,None,None,None
Car-1,None,None,None
Car-1,None,None,None
Car-1,None,None,None
Car-1,None,None,None
Car-1,None,None,None
Car-1,None,None,None
Car-1,None,None,None
Car-1,None,None,None
Car-1,None,None,None
Car-1,None,None,None
Car-1,None,None,None
Car-1,None,None,None
Car-1,None,None,None
Car-1,None,None,None
Car-1,None,None,None
Car-1,None,None,None
Car-1,None,None,None
Car-1,None,None,None
Car-1,None,None,None
Car-1,None,None,None
Car-1,None,None,None
Car-1,None,None,None
Car-1,None,None,None
Car-1,None,None,None
Car-1,None,None,None
Car-1,None,None,None
Car-1,None,None,None
Car-1,None,None,None
Car-1,None,None,None
Car-1,None,None,None
Car-1,None,None,None
Car-1,None,None,None
Car-1,None,None,None
Car-1,None,None,None
Car-1,None,None,None
Car-1,None,None,None
Car-1,None,None,None
Car-1,None,None,None
Car-1,None,None,None
Car-1,None,None,None
Car-1,None,None,None
Car-1,None,None,None
Car-1,None,None,None
Car-1,None,None,None
Car-1,None,None,None
Car-1,None,None,None
Car-1,None,None,None
Car-1,None,None,None
Car-1,None,None,None
Car-1,None,None,None
Car-1,None,None,None
Car-1,None,None,None
Car-1,None,None,None
Car-1,None,None,None
Car-1,None,None,None
Car-1,None,None,None
Car-1,None,None,None
Car-1,None,None,None
Car-1,None,None,None
Car-1,None,None,None
Car-1,None,None,None
Car-1,None,None,None
Car-1,None,None,None
Car-1,None,None,None
Car-1,None,None,None
Car-1,None,None,None
Car-1,None,None,None
Car-1,None,None,None
Car-1,None,None,None
Car-1,None,None,None
Car-1,None,None,None
Car-1,None,None,None
Car-1,None,None,None
Car-1,None,None,None
Car-1,None,None,None
Car-1,None,None,None
Car-1,None,None,None
Car-1,None,None,None
Car-1,None,None,None
Car-1,None,None,None
Car-1,None,None,None
Car-1,None,None,None
Car-1,None,None,None
Car-1,None,None,None
Car-1,None,None,None
Car-1,None,None,None
Car-1,None,None,None
Car-1,None,None,None
Car-1,None,None,None
Car-1,None,None,None
Car-1,None,None,None
Car-1,None,None,None
Car-1,None,None,None
Car-1,None,None,None
Car-1,None,None,None
Car-1,None,None,None
Car-1,None,None,None
Car-1,None,None,None
Car-1,None,None,None
Car-1,None,None,None
Car-1,None,None,None
Car-1,None,None,None
Car-1,None,None,None
Car-1,None,None,None
Car-1,None,None,None
Car-1,None,None,None
Car-1,None,None,None
Car-1,None,None,None
Car-1,None,None,None
Car-1,None,None,None
Car-1,None,None,None
Car-1,None,None,None
Car-1,None,None,None
Car-1,None,None,None
Car-1,None,None,None
Car-1,None,None,None
Car-1,None,None,None
Car-1,None,None,None
Car-1,None,None,None
Car-1,None,None,None
Car-1,None,None,None
Car-1,None,None,None
Car-1,None,None,None
Car-1,None,None,None
Car-1,None,None,None
Car-1,None,None,None
Car-1,None,None,None
Car-1,None,None,None
Car-1,None,None,None
Car-1,None,None,None
Car-1,None,None,None
Car-1,None,None,None
Car-1,None,None,None
Car-1,None,None,None
Car-1,None,None,None
Car-1,None,None,None
Car-1,None,None,None
Car-1,None,None,None
Car-1,None,None,None
Car-1,None,None,None
Car-1,None,None,None
Car-1,None,None,None
Car-1,None,None,None
Car-1,None,None,None
Car-1,None,None,None
Car-1,None,None,None
Car-1,None,None,None
Car-1,None,None,None
Car-1,None,None,None
Car-1,None,None,None
Car-1,None,None,None
Car-1,None,None,None
Car-1,None,None,None
Car-1,None,None,None
Car-1,None,None,None
Car-1,None,None,None
Car-1,None,None,None
Car-1,None,None,None
Car-1,None,None,None
Car-1,None,None,None
Car-1,None,None,None
Car-1,None,None,None
Car-1,None,None,None
Car-1,None,None,None
Car-1,None,None,None
Car-1,None,None,None
Car-1,None,None,None
Car-1,None,None,None
Car-1,None,None,None
Car-1,None,None,None
Car-1,None,None,None
Car-1,None,None,None
Car-1,None,None,None
Car-1,None,None,None
Car-1,None,None,None
Car-1,None,None,None
Car-1,None,None,None
Car-1,None,None,None
Car-1,None,None,None
Car-1,None,None,None
Car-1,None,None,None
Car-1,None,None,None
Car-1,None,None,None
Car-1,None,None,None
Car-1,None,None,None
Car-1,None,None,None
Car-1,None,None,None
Car-1,None,None,None
Car-1,None,None,None
Car-1,None,None,None
Car-1,None,None,None
Car-1,None,None,None
Car-1,None,None,None
Car-1,None,None,None
Car-1,None,None,None
Car-1,None,None,None
Car-1,None,None,None
Car-1,None,None,None
Car-1,None,None,None
Car-1,None,None,None
Car-1,None,None,None
Car-1,None,None,None
Car-1,None,None,None
Car-1,None,None,None
Car-1,None,None,None
Car-1,None,None,None
Car-1,None,None,None
Car-1,None,None,None
Car-1,None,None,None
Car-1,None,None,None
Car-1,None,None,None
Car-1,None,None,None
Car-1,None,None,None
Car-1,None,None,None
Car-1,None,None,None
Car-1,None,None,None
Car-1,None,None,None
Car-1,None,None,None
Car-1,None,None,None
Car-1,None,None,None
Car-1,None,None,None
Car-1,None,None,None
Car-1,None,None,None
Car-1,None,None,None
Car-1,None,None,None
Car-1,None,None,None
Car-1,None,None,None
Car-1,None,None,None
Car-1,None,None,None
Car-1,None,None,None
Car-1,None,None,None
Car-1,None,None,None
Car-1,None,None,None
Car-1,None,None,None
Car-1,None,None,None
Car-1,None,None,None
Car-1,None,None,None
Car-1,None,None,None
Car-1,None,None,None
Car-1,None,None,None
Car-1,None,None,None
Car-1,None,None,None
Car-1,None,None,None
Car-1,None,None,None
Car-1,None,None,None
Car-1,None,None,None
Car-1,None,None,None
Car-1,None,None,None
Car-1,None,None,None
Car-1,None,None,None
Car-1,None,None,None
Car-1,None,None,None
Car-1,None,None,None
Car-1,None,None,None
Car-1,None,None,None
Car-1,None,None,None
Car-1,None,None,None
Car-1,None,None,None
Car-1,None,None,None
Car-1,None,None,None
Car-1,None,None,None
Car-1,None,None,None
Car-1,None,None,None
Car-1,None,None,None
Car-1,None,None,None
Car-1,None,None,None
Car-1,None,None,None
Car-1,None,None,None
Car-1,None,None,None
Car-1,None,None,None
Car-1,None,None,None
Car-1,None,None,None
Car-1,None,None,None
Car-1,None,None,None
Car-1,None,None,None
Car-1,None,None,None
Car-1,None,None,None
Car-1,None,None,None
Car-1,None,None,None
Car-1,None,None,None
Car-1,None,None,None
Car-1,None,None,None
Car-1,None,None,None
Car-1,None,None,None
Car-1,None,None,None
Car-1,None,None,None
Car-1,None,None,None
Car-1,None,None,None
Car-1,None,None,None
Car-1,None,None,None
Car-1,None,None,None
Car-1,None,None,None
Car-1,None,None,None
Car-1,None,None,None
Car-1,None,None,None
Car-1,None,None,None
Car-1,None,None,None
Car-1,None,None,None
Car-1,None,None,None
Car-1,None,None,None
Car-1,None,None,None
Car-1,None,None,None
Car-1,None,None,None
Car-1,None,None,None
Car-1,None,None,None
Car-1,None,None,None
Car-1,None,None,None
Car-1,None,None,None
Car-1,None,None,None
Car-1,None,None,None
Car-1,None,None,None
Car-1,None,None,None
Car-1,None,None,None
Car-1,None,None,None
Car-1,None,None,None
Car-1,None,None,None
Car-1,None,None,None
Car-1,None,None,None
Car-1,None,None,None
Car-1,None,None,None
Car-1,None,None,None
Car-1,None,None,None
Car-1,None,None,None
Car-1,None,None,None
Car-1,None,None,None
Car-1,None,None,None
Car-1,None,None,None
Car-1,None,None,None
Car-1,None,None,None
Car-1,None,None,None
Car-1,None,None,None
Car-1,None,None,None
Car-1,None,None,None
Car-1,None,None,None
Car-1,None,None,None
Car-1,None,None,None
Car-1,None,None,None
Car-1,None,None,None
Car-1,None,None,None
Car-1,None,None,None
Car-1,None,None,None
Car-1,None,None,None
Car-1,None,None,None
Car-1,None,None,None
Car-1,None,None,None
Car-1,None,None,None
Car-1,None,None,None
Car-1,None,None,None
Car-1,None,None,None
Car-1,None,None,None
Car-1,None,None,None
Car-1,None,None,None
Car-1,None,None,None
Car-1,None,None,None
Car-1,None,None,None
Car-1,None,None,None
Car-1,None,None,None
Car-1,None,None,None
Car-1,None,None,None
Car-1,None,None,None
Car-1,None,None,None
Car-1,None,None,None
Car-1,None,None,None
Car-1,None,None,None
Car-1,None,None,None
Car-1,None,None,None
Car-1,None,None,None
Car-1,None,None,None
Car-1,None,None,None
Car-1,None,None,None
Car-1,None,None,None
Car-1,None,None,None
Car-1,None,None,None
Car-1,None,None,None
Car-1,None,None,None
Car-1,None,None,None
Car-1,None,None,None
Car-1,None,None,None
Car-1,None,None,None
Car-1,None,None,None
Car-1,None,None,None
Car-1,None,None,None
Car-1,None,None,None
Car-1,None,None,None
Car-1,None,None,None
Car-1,None,None,None
Car-1,None,None,None
Car-1,None,None,None
Car-1,None,None,None
Car-1,None,None,None
Car-1,None,None,None
Car-1,None,None,None
Car-1,None,None,None
Car-1,None,None,None
Car-1,None,None,None
Car-1,None,None,None
Car-1,None,None,None
Car-1,None,None,None
Car-1,None,None,None
Car-1,None,None,None
Car-1,None,None,None
Car-1,None,None,None
Car-1,None,None,None
Car-1,None,None,None
Car-1,None,None,None
Car-1,None,None,None
Car-1,None,None,None
Car-1,None,None,None
Car-1,None,None,None
Car-1,None,None,None
Car-1,None,None,None
Car-1,None,None,None
Car-1,None,None,None
Car-1,None,None,None
Car-1,None,None,None
Car-1,None,None,None
Car-1,None,None,None
Car-1,None,None,None
Car-1,None,None,None
Car-1,None,None,None
Car-1,None,None,None
Car-1,None,None,None
Car-1,None,None,None
Car-1,None,None,None
Car-1,None,None,None
Car-1,None,None,None
Car-1,None,None,None
Car-1,None,None,None
Car-1,None,None,None
Car-1,None,None,None
Car-1,None,None,None
Car-1,None,None,None
Car-1,None,None,None
Car-1,None,None,None
Car-1,None,None,None
Car-1,None,None,None
Car-1,None,None,None
Car-1,None,None,None
Car-1,None,None,None
Car-1,None,None,None
Car-1,None,None,None
Car-1,None,None,None
Car-1,None,None,None
Car-1,None,None,None
Car-1,None,None,None
Car-1,None,None,None
Car-1,None,None,None
Car-1,None,None,None
Car-1,None,None,None
Car-1,None,None,None
Car-1,None,None,None
Car-1,None,None,None
Car-1,None,None,None
Car-1,None,None,None
Car-1,None,None,None
Car-1,None,None,None
Car-1,None,None,None
Car-1,None,None,None
Car-1,None,None,None
Car-1,None,None,None
Car-1,None,None,None
Car-1,None,None,None
Car-1,None,None,None
Car-1,None,None,None
Car-1,None,None,None
Car-1,None,None,None
Car-1,None,None,None
Car-1,None,None,None
Car-1,None,None,None
Car-1,None,None,None
Car-1,None,None,None
Car-1,None,None,None
Car-1,None,None,None
Car-1,None,None,None
Car-1,None,None,None
Car-1,None,None,None
Car-1,None,None,None
Car-1,None,None,None
Car-1,None,None,None
Car-1,None,None,None
Car-1,None,None,None
Car-1,None,None,None
Car-1,None,None,None
Car-1,None,None,None
Car-1,None,None,None
Car-1,None,None,None
Car-1,None,None,None
Car-1,None,None,None
Car-1,None,None,None
Car-1,None,None,None
Car-1,None,None,None
Car-1,None,None,None
Car-1,None,None,None
Car-1,None,None,None
Car-1,None,None,None
Car-1,None,None,None
Car-1,None,None,None
Car-1,None,None,None
Car-1,None,None,None
Car-1,None,None,None
Car-1,None,None,None
Car-1,None,None,None
Car-1,None,None,None
Car-1,None,None,None
Car-1,None,None,None
Car-1,None,None,None
Car-1,None,None,None
Car-1,None,None,None
Car-1,None,None,None
Car-1,None,None,None
Car-1,None,None,None
Car-1,None,None,None
Car-1,None,None,None
Car-1,None,None,None
Car-1,None,None,None
Car-1,None,None,None
Car-1,None,None,None
Car-1,None,None,None
Car-1,None,None,None
Car-1,None,None,None
Car-1,None,None,None
Car-1,None,None,None
Car-1,None,None,None
Car-1,None,None,None
Car-1,None,None,None
Car-1,None,None,None
Car-1,None,None,None
Car-1,None,None,None
Car-1,None,None,None
Car-1,None,None,None
Car-1,None,None,None
Car-1,None,None,None
Car-1,None,None,None
Car-1,None,None,None
Car-1,None,None,None
Car-1,None,None,None
Car-1,None,None,None
Car-1,None,None,None
Car-1,None,None,None
Car-1,None,None,None
Car-1,None,None,None
Car-1,None,None,None
Car-1,None,None,None
Car-1,None,None,None
Car-1,None,None,None
Car-1,None,None,None
Car-1,None,None,None
Car-1,None,None,None
Car-1,None,None,None
Car-1,None,None,None
Car-1,None,None,None
Car-1,None,None,None
Car-1,None,None,None
Car-1,None,None,None
Car-1,None,None,None
Car-1,None,None,None
Car-1,None,None,None
Car-1,None,None,None
Car-1,None,None,None
Car-1,None,None,None
Car-1,None,None,None
Car-1,None,None,None
Car-1,None,None,None
Car-1,None,None,None
Car-1,None,None,None
Car-1,None,None,None
Car-1,None,None,None
Car-1,None,None,None
Car-1,None,None,None
Car-1,None,None,None
Car-1,None,None,None
Car-1,None,None,None
Car-1,None,None,None
Car-1,None,None,None
Car-1,None,None,None
Car-1,None,None,None
Car-1,None,None,None
Car-1,None,None,None
Car-1,None,None,None
Car-1,None,None,None
Car-1,None,None,None
Car-1,None,None,None
Car-1,None,None,None
Car-1,None,None,None
Car-1,None,None,None
Car-1,None,None,None
Car-1,None,None,None
Car-1,None,None,None
Car-1,None,None,None
Car-1,None,None,None
Car-1,None,None,None
Car-1,None,None,None
Car-1,None,None,None
Car-1,None,None,None
Car-1,None,None,None
Car-1,None,None,None
Car-1,None,None,None
Car-1,None,None,None
Car-1,None,None,None
Car-1,None,None,None
Car-1,None,None,None
Car-1,None,None,None
Car-1,None,None,None
Car-1,None,None,None
Car-1,None,None,None
Car-1,None,None,None
Car-1,None,None,None
Car-1,None,None,None
Car-1,None,None,None
Car-1,None,None,None
Car-1,None,None,None
Car-1,None,None,None
Car-1,None,None,None
Car-1,None,None,None
Car-1,None,None,None
Car-1,None,None,None
Car-1,None,None,None
Car-1,None,None,None
Car-1,None,None,None
Car-1,None,None,None
Car-1,None,None,None
Car-1,None,None,None
Car-1,None,None,None
Car-1,None,None,None
Car-1,None,None,None
Car-1,None,None,None
Car-1,None,None,None
Car-1,None,None,None
Car-1,None,None,None
Car-1,None,None,None
Car-1,None,None,None
Car-1,None,None,None
Car-1,None,None,None
Car-1,None,None,None
Car-1,None,None,None
Car-1,None,None,None
Car-1,None,None,None
Car-1,None,None,None
Car-1,None,None,None
Car-1,None,None,None
Car-1,None,None,None
Car-1,None,None,None
Car-1,None,None,None
Car-1,None,None,None
Car-1,None,None,None
Car-1,None,None,None
Car-1,None,None,None
Car-1,None,None,None
Car-1,None,None,None
Car-1,None,None,None
Car-1,None,None,None
Car-1,None,None,None
Car-1,None,None,None
Car-1,None,None,None
Car-1,None,None,None
Car-1,None,None,None
Car-1,None,None,None
Car-1,None,None,None
Car-1,None,None,None
Car-1,None,None,None
Car-1,None,None,None
Car-1,None,None,None
Car-1,None,None,None
Car-1,None,None,None
Car-1,None,None,None
Car-1,None,None,None
Car-1,None,None,None
Car-1,None,None,None
Car-1,None,None,None
Car-1,None,None,None
Car-1,None,None,None
Car-1,None,None,None
Car-1,None,None,None
Car-1,None,None,None
Car-1,None,None,None
Car-1,None,None,None
Car-1,None,None,None
Car-1,None,None,None
Car-1,None,None,None
Car-1,None,None,None
Car-1,None,None,None
Car-1,None,None,None
Car-1,None,None,None
Car-1,None,None,None
Car-1,None,None,None
Car-1,None,None,None
Car-1,None,None,None
Car-1,None,None,None
Car-1,None,None,None
Car-1,None,None,None
Car-1,None,None,None
Car-1,None,None,None
Car-1,None,None,None
Car-1,None,None,None
Car-1,None,None,None
Car-1,None,None,None
Car-1,None,None,None
Car-1,None,None,None
Car-1,None,None,None
Car-1,None,None,None
Car-1,None,None,None
Car-1,None,None,None
Car-1,None,None,None
Car-1,None,None,None
Car-1,None,None,None
Car-1,None,None,None
Car-1,None,None,None
Car-1,None,None,None
Car-1,None,None,None
Car-1,None,None,None
Car-1,None,None,None
Car-1,None,None,None
Car-1,None,None,None
Car-1,None,None,None
Car-1,None,None,None
Car-1,None,None,None
Car-1,None,None,None
Car-1,None,None,None
Car-1,None,None,None
Car-1,None,None,None
Car-1,None,None,None
Car-1,None,None,None
Car-1,None,None,None
Car-1,None,None,None
Car-1,None,None,None
Car-1,None,None,None
Car-1,None,None,None
Car-1,None,None,None
Car-1,None,None,None
Car-1,None,None,None
Car-1,None,None,None
Car-1,None,None,None
Car-1,None,None,None
Car-1,None,None,None
Car-1,None,None,None
Car-1,None,None,None
Car-1,None,None,None
Car-1,None,None,None
Car-1,None,None,None
Car-1,None,None,None
Car-1,None,None,None
Car-1,None,None,None
Car-1,None,None,None
Car-1,None,None,None
Car-1,None,None,None
Car-1,None,None,None
Car-1,None,None,None
Car-1,None,None,None
Car-1,None,None,None
Car-1,None,None,None
Car-1,None,None,None
Car-1,None,None,None
Car-1,None,None,None
Car-1,None,None,None
Car-1,None,None,None
Car-1,None,None,None
Car-1,None,None,None
Car-1,None,None,None
Car-1,None,None,None
Car-1,None,None,None
Car-1,None,None,None
Car-1,None,None,None
Car-1,None,None,None
Car-1,None,None,None
Car-1,None,None,None
Car-1,None,None,None
Car-1,None,None,None
Car-1,None,None,None
Car-1,None,None,None
Car-1,None,None,None
Car-1,None,None,None
Car-1,None,None,None
Car-1,None,None,None
Car-1,None,None,None
Car-1,None,None,None
Car-1,None,None,None
Car-1,None,None,None
Car-1,None,None,None
Car-1,None,None,None
Car-1,None,None,None
Car-1,None,None,None
Car-1,None,None,None
Car-1,None,None,None
Car-1,None,None,None
Car-1,None,None,None
Car-1,None,None,None
Car-1,None,None,None
Car-1,None,None,None
Car-1,None,None,None
Car-1,None,None,None
Car-1,None,None,None
Car-1,None,None,None
Car-1,None,None,None
Car-1,None,None,None
Car-1,None,None,None
Car-1,None,None,None
Car-1,None,None,None
Car-1,None,None,None
Car-1,None,None,None
Car-1,None,None,None
Car-1,None,None,None
Car-1,None,None,None
Car-1,None,None,None
Car-1,None,None,None
Car-1,None,None,None
Car-1,None,None,None
Car-1,None,None,None
Car-1,None,None,None
Car-1,None,None,None
Car-1,None,None,None
Car-1,None,None,None
Car-1,None,None,None
Car-1,None,None,None
Car-1,None,None,None
Car-1,None,None,None
Car-1,None,None,None
Car-1,None,None,None
Car-1,None,None,None
Car-1,None,None,None
Car-1,None,None,None
Car-1,None,None,None
Car-1,None,None,None
Car-1,None,None,None
Car-1,None,None,None
Car-1,None,None,None
Car-1,None,None,None
Car-1,None,None,None
Car-1,None,None,None
Car-1,None,None,None
Car-1,None,None,None
Car-1,None,None,None
Car-1,None,None,None
Car-1,None,None,None
Car-1,None,None,None
Car-1,None,None,None
Car-1,None,None,None
Car-1,None,None,None
Car-1,None,None,None
Car-1,None,None,None
Car-1,None,None,None
Car-1,None,None,None
Car-1,None,None,None
Car-1,None,None,None
Car-1,None,None,None
Car-1,None,None,None
Car-1,None,None,None
Car-1,None,None,None
Car-1,None,None,None
Car-1,None,None,None
Car-1,None,None,None
Car-1,None,None,None
Car-1,None,None,None
Car-1,None,None,None
Car-1,None,None,None
Car-1,None,None,None
Car-1,None,None,None
Car-1,None,None,None
Car-1,None,None,None
Car-1,None,None,None
Car-1,None,None,None
Car-1,None,None,None
Car-1,None,None,None
Car-1,None,None,None
Car-1,None,None,None
Car-1,None,None,None
Car-1,None,None,None
Car-1,None,None,None
Car-1,None,None,None
Car-1,None,None,None
Car-1,None,None,None
Car-1,None,None,None
Car-1,None,None,None
Car-1,None,None,None
Car-1,None,None,None
Car-1,None,None,None
Car-1,None,None,None
Car-1,None,None,None
Car-1,None,None,None
Car-1,None,None,None
Car-1,None,None,None
Car-1,None,None,None
Car-1,None,None,None
Car-1,None,None,None
Car-1,None,None,None
Car-1,None,None,None
Car-1,None,None,None
Car-1,None,None,None
Car-1,None,None,None
Car-1,None,None,None
Car-1,None,None,None
Car-1,None,None,None
Car-1,None,None,None
Car-1,None,None,None
Car-1,None,None,None
Car-1,None,None,None
Car-1,None,None,None
Car-1,None,None,None
Car-1,None,None,None
Car-1,None,None,None
Car-1,None,None,None
Car-1,None,None,None
Car-1,None,None,None
Car-1,None,None,None
Car-1,None,None,None
Car-1,None,None,None
Car-1,None,None,None
Car-1,None,None,None
Car-1,None,None,None
Car-1,None,None,None
Car-1,None,None,None
Car-1,None,None,None
Car-1,None,None,None
Car-1,None,None,None
Car-1,None,None,None
Car-1,None,None,None
Car-1,None,None,None
Car-1,None,None,None
Car-1,None,None,None
Car-1,None,None,None
Car-1,None,None,None
Car-1,None,None,None
Car-1,None,None,None
Car-1,None,None,None
Car-1,None,None,None
Car-1,None,None,None
Car-1,None,None,None
Car-1,None,None,None
Car-1,None,None,None
Car-1,None,None,None
Car-1,None,None,None
Car-1,None,None,None
Car-1,None,None,None
Car-1,None,None,None
Car-1,None,None,None
Car-1,None,None,None
Car-1,None,None,None
Car-1,None,None,None
Car-1,None,None,None
Car-1,None,None,None
Car-1,None,None,None
Car-1,None,None,None
Car-1,None,None,None
Car-1,None,None,None
Car-1,None,None,None
Car-1,None,None,None
Car-1,None,None,None
Car-1,None,None,None
Car-1,None,None,None
Car-1,None,None,None
Car-1,None,None,None
Car-1,None,None,None
Car-1,None,None,None
Car-1,None,None,None
Car-1,None,None,None
Car-1,None,None,None
Car-1,None,None,None
Car-1,None,None,None
Car-1,None,None,None
Car-1,None,None,None
Car-1,None,None,None
Car-1,None,None,None
Car-1,None,None,None
Car-1,None,None,None
Car-1,None,None,None
Car-1,None,None,None
Car-1,None,None,None
Car-1,None,None,None
Car-1,None,None,None
Car-1,None,None,None
Car-1,None,None,None
Car-1,None,None,None
Car-1,None,None,None
Car-1,None,None,None
Car-1,None,None,None
Car-1,None,None,None
Car-1,None,None,None
Car-1,None,None,None
Car-1,None,None,None
Car-1,None,None,None
Car-1,None,None,None
Car-1,None,None,None
Car-1,None,None,None
Car-1,None,None,None
Car-1,None,None,None
Car-1,None,None,None
Car-1,None,None,None
Car-1,None,None,None
Car-1,None,None,None
Car-1,None,None,None
Car-1,None,None,None
Car-1,None,None,None
Car-1,None,None,None
Car-1,None,None,None
Car-1,None,None,None
Car-1,None,None,None
Car-1,None,None,None
Car-1,None,None,None
Car-1,None,None,None
Car-1,None,None,None
Car-1,None,None,None
Car-1,None,None,None
Car-1,None,None,None
Car-1,None,None,None
Car-1,None,None,None
Car-1,None,None,None
Car-1,None,None,None
Car-1,None,None,None
Car-1,None,None,None
Car-1,None,None,None
Car-1,None,None,None
Car-1,None,None,None
Car-1,None,None,None
Car-1,None,None,None
Car-1,None,None,None
Car-1,None,None,None
Car-1,None,None,None
Car-1,None,None,None
Car-1,None,None,None
Car-1,None,None,None
Car-1,None,None,None
Car-1,None,None,None
Car-1,None,None,None
Car-1,None,None,None
Car-1,None,None,None
Car-1,None,None,None
Car-1,None,None,None
Car-1,None,None,None
Car-1,None,None,None
Car-1,None,None,None
Car-1,None,None,None
Car-1,None,None,None
Car-1,None,None,None
Car-1,None,None,None
Car-1,None,None,None
Car-1,None,None,None
Car-1,None,None,None
Car-1,None,None,None
Car-1,None,None,None
Car-1,None,None,None
Car-1,None,None,None
Car-1,None,None,None
Car-1,None,None,None
Car-1,None,None,None
Car-1,None,None,None
Car-1,None,None,None
Car-1,None,None,None
Car-1,None,None,None
Car-1,None,None,None
Car-1,None,None,None
Car-1,None,None,None
Car-1,None,None,None
Car-1,None,None,None
Car-1,None,None,None
Car-1,None,None,None
Car-1,None,None,None
Car-1,None,None,None
Car-1,None,None,None
Car-1,None,None,None
Car-1,None,None,None
Car-1,None,None,None
Car-1,None,None,None
Car-1,None,None,None
Car-1,None,None,None
Car-1,None,None,None
Car-1,None,None,None
Car-1,None,None,None
Car-1,None,None,None
Car-1,None,None,None
Car-1,None,None,None
Car-1,None,None,None
Car-1,None,None,None
Car-1,None,None,None
Car-1,None,None,None
Car-1,None,None,None
Car-1,None,None,None
Car-1,None,None,None
Car-1,None,None,None
Car-1,None,None,None
Car-1,None,None,None
Car-1,None,None,None
Car-1,None,None,None
Car-1,None,None,None
Car-1,None,None,None
Car-1,None,None,None
Car-1,None,None,None
Car-1,None,None,None
Car-1,None,None,None
Car-1,None,None,None
Car-1,None,None,None
Car-1,None,None,None
Car-1,None,None,None
Car-1,None,None,None
Car-1,None,None,None
