agent_id,time,lng,lat
Car-1,2011-10-23 00:45:22,116.33896,39.9751033333333
Car-1,2011-10-23 00:45:23,116.33896999999999,39.97510466666666
Car-1,2011-10-23 00:45:24,116.33898233333339,39.975105
Car-1,2011-10-23 00:45:25,116.3390016666668,39.975108999999996
Car-1,2011-10-23 00:45:26,116.3390229999998,39.97511733333332
Car-1,2011-10-23 00:45:27,116.339057,39.97513533333334
Car-1,2011-10-23 00:45:28,116.3390916666666,39.97515233333334
Car-1,2011-10-23 00:45:29,116.33912399999981,39.97516299999998
Car-1,2011-10-23 00:45:30,116.33914033333319,39.97516433333332
Car-1,2011-10-23 00:45:31,116.3391526666666,39.97516566666668
Car-1,2011-10-23 00:45:32,116.33917,39.97516266666666
Car-1,2011-10-23 00:45:33,116.3391970000002,39.97514633333336
Car-1,2011-10-23 00:45:34,116.3392296666668,39.975116666666665
Car-1,2011-10-23 00:45:35,116.339273,39.97508333333334
Car-1,2011-10-23 00:45:36,116.3393099999998,39.97505399999998
Car-1,2011-10-23 00:45:37,116.3393703333334,39.975039
Car-1,2011-10-23 00:45:38,116.3394463333334,39.975032999999996
Car-1,2011-10-23 00:45:39,116.33952966666679,39.97502466666664
Car-1,2011-10-23 00:45:40,116.3396196666666,39.975024333333316
Car-1,2011-10-23 00:45:41,116.3397126666666,39.975023
Car-1,2011-10-23 00:45:42,116.339805,39.97501833333334
Car-1,2011-10-23 00:45:43,116.33989999999999,39.97501399999998
Car-1,2011-10-23 00:45:44,116.34000166666681,39.97501233333334
Car-1,2011-10-23 00:45:45,116.34010566666662,39.975008
Car-1,2011-10-23 00:45:46,116.3402146666668,39.97500366666664
Car-1,2011-10-23 00:45:47,116.34033,39.975002333333336
Car-1,2011-10-23 00:45:48,116.34044933333321,39.97499899999998
Car-1,2011-10-23 00:45:49,116.34060033333319,39.97500433333334
Car-1,2011-10-23 00:45:50,116.3407493333332,39.97502566666666
Car-1,2011-10-23 00:45:51,116.3409,39.975049999999996
Car-1,2011-10-23 00:45:52,116.34107300000001,39.97506933333334
Car-1,2011-10-23 00:45:53,116.3412526666666,39.97508333333334
Car-1,2011-10-23 00:45:54,116.3414216666666,39.975093333333334
Car-1,2011-10-23 00:45:55,116.34159200000019,39.97511266666666
Car-1,2011-10-23 00:45:56,116.3417426666668,39.97512133333334
Car-1,2011-10-23 00:45:57,116.34186466666661,39.97512466666666
Car-1,2011-10-23 00:45:58,116.34196999999999,39.975127
Car-1,2011-10-23 00:45:59,116.3420636666668,39.97513066666668
Car-1,2011-10-23 00:46:00,116.34215833333319,39.97513333333332
Car-1,2011-10-23 00:46:01,116.3422570000002,39.975135
Car-1,2011-10-23 00:46:02,116.34236100000001,39.97513466666666
Car-1,2011-10-23 00:46:03,116.34247,39.9751333333333
Car-1,2011-10-23 00:46:04,116.3425843333332,39.975134333333315
Car-1,2011-10-23 00:46:05,116.342705,39.975135
Car-1,2011-10-23 00:46:06,116.34283566666659,39.975135
Car-1,2011-10-23 00:46:07,116.3429729999998,39.975138
Car-1,2011-10-23 00:46:08,116.3431123333334,39.97514366666668
Car-1,2011-10-23 00:46:09,116.34325766666659,39.97514566666666
Car-1,2011-10-23 00:46:10,116.343405,39.97514966666666
Car-1,2011-10-23 00:46:11,116.343557,39.975152999999985
Car-1,2011-10-23 00:46:12,116.3437219999998,39.97515266666668
Car-1,2011-10-23 00:46:13,116.34388333333341,39.97515166666666
Car-1,2011-10-23 00:46:14,116.3440403333334,39.97516233333332
Car-1,2011-10-23 00:46:15,116.34419333333301,39.97515566666666
Car-1,2011-10-23 00:46:16,116.3443426666666,39.97515233333333
Car-1,2011-10-23 00:46:17,116.344488,39.975157
Car-1,2011-10-23 00:46:18,116.344633,39.97516533333332
Car-1,2011-10-23 00:46:19,116.34477366666661,39.97517033333334
Car-1,2011-10-23 00:46:20,116.3449113333334,39.97517100000002
Car-1,2011-10-23 00:46:21,116.3450486666666,39.97517366666664
Car-1,2011-10-23 00:46:22,116.34518733333341,39.97517433333332
Car-1,2011-10-23 00:46:23,116.34532133333339,39.97517266666668
Car-1,2011-10-23 00:46:24,116.345448333333,39.9751716666667
Car-1,2011-10-23 00:46:25,116.3455706666668,39.9751716666667
Car-1,2011-10-23 00:46:26,116.34569166666661,39.97517033333334
Car-1,2011-10-23 00:46:27,116.3458093333334,39.97517066666668
Car-1,2011-10-23 00:46:28,116.3459196666668,39.97516799999998
Car-1,2011-10-23 00:46:29,116.3460203333334,39.975166000000016
Car-1,2011-10-23 00:46:30,116.3461086666666,39.975162
Car-1,2011-10-23 00:46:31,116.34618,39.975157
Car-1,2011-10-23 00:46:32,116.3462356666668,39.975153333333324
Car-1,2011-10-23 00:46:33,116.34627566666661,39.97515200000002
Car-1,2011-10-23 00:46:34,116.346306666667,39.97515
Car-1,2011-10-23 00:46:35,116.3463243333334,39.97514700000001
Car-1,2011-10-23 00:46:36,116.34632833333322,39.97514366666664
Car-1,2011-10-23 00:46:37,116.346332,39.97514299999998
Car-1,2011-10-23 00:46:38,116.3463339999998,39.97514133333336
Car-1,2011-10-23 00:46:39,116.346335,39.97514
Car-1,2011-10-23 00:46:40,116.346335,39.97514
Car-1,2011-10-23 00:46:41,116.346335,39.97514
Car-1,2011-10-23 00:46:42,116.346335,39.97514133333336
Car-1,2011-10-23 00:46:43,116.346335,39.9751416666667
Car-1,2011-10-23 00:46:44,116.346335,39.9751416666667
Car-1,2011-10-23 00:46:45,116.3463363333336,39.9751416666667
Car-1,2011-10-23 00:46:46,116.346336666667,39.9751416666667
Car-1,2011-10-23 00:46:47,116.346336666667,39.9751416666667
Car-1,2011-10-23 00:46:48,116.346336666667,39.9751416666667
Car-1,2011-10-23 00:46:49,116.346336666667,39.97514133333336
Car-1,2011-10-23 00:46:50,116.346336666667,39.97514133333336
Car-1,2011-10-23 00:46:51,116.346336666667,39.97514
Car-1,2011-10-23 00:46:52,116.346336666667,39.97514033333334
Car-1,2011-10-23 00:46:53,116.346336666667,39.9751416666667
Car-1,2011-10-23 00:46:54,116.346336666667,39.97514066666668
Car-1,2011-10-23 00:46:55,116.346336666667,39.97514
Car-1,2011-10-23 00:46:56,116.346336666667,39.97514
Car-1,2011-10-23 00:46:57,116.3463373333334,39.97514
Car-1,2011-10-23 00:46:58,116.34633833333301,39.9751383333333
Car-1,2011-10-23 00:46:59,116.34633833333301,39.9751383333333
Car-1,2011-10-23 00:47:00,116.34633833333301,39.9751383333333
Car-1,2011-10-23 00:47:01,116.34633833333301,39.9751383333333
Car-1,2011-10-23 00:47:02,116.34633833333301,39.9751383333333
Car-1,2011-10-23 00:47:03,116.34633833333301,39.9751383333333
Car-1,2011-10-23 00:47:04,116.34633833333301,39.97513899999998
Car-1,2011-10-23 00:47:05,116.34634000000001,39.97513866666664
Car-1,2011-10-23 00:47:06,116.3463503333332,39.97513799999998
Car-1,2011-10-23 00:47:07,116.3463696666666,39.97513766666666
Car-1,2011-10-23 00:47:08,116.3463973333334,39.975139666666664
Car-1,2011-10-23 00:47:09,116.34643799999999,39.97514
Car-1,2011-10-23 00:47:10,116.34649233333339,39.97514
Car-1,2011-10-23 00:47:11,116.3465586666664,39.97514
Car-1,2011-10-23 00:47:12,116.34663366666659,39.9751383333333
Car-1,2011-10-23 00:47:13,116.34671499999999,39.9751366666667
Car-1,2011-10-23 00:47:14,116.34679666666659,39.97513600000002
Car-1,2011-10-23 00:47:15,116.3468746666666,39.975135
Car-1,2011-10-23 00:47:16,116.34694866666659,39.97513533333334
Car-1,2011-10-23 00:47:17,116.3470176666666,39.9751366666667
Car-1,2011-10-23 00:47:18,116.3470820000002,39.9751366666667
Car-1,2011-10-23 00:47:19,116.3471443333334,39.9751366666667
Car-1,2011-10-23 00:47:20,116.34720899999999,39.9751366666667
Car-1,2011-10-23 00:47:21,116.347277,39.975135
Car-1,2011-10-23 00:47:22,116.34734499999999,39.97513100000002
Car-1,2011-10-23 00:47:23,116.3474153333334,39.97512866666664
Car-1,2011-10-23 00:47:24,116.347496,39.97512700000002
Car-1,2011-10-23 00:47:25,116.34758400000001,39.9751266666667
Car-1,2011-10-23 00:47:26,116.34767200000019,39.97512700000002
Car-1,2011-10-23 00:47:27,116.3477596666668,39.9751283333333
Car-1,2011-10-23 00:47:28,116.3478493333334,39.97512933333332
Car-1,2011-10-23 00:47:29,116.347936,39.97513066666668
Car-1,2011-10-23 00:47:30,116.3480306666668,39.975135
Car-1,2011-10-23 00:47:31,116.3481296666666,39.97514433333335
Car-1,2011-10-23 00:47:32,116.3482403333334,39.97515333333334
Car-1,2011-10-23 00:47:33,116.3483589999998,39.97515966666666
Car-1,2011-10-23 00:47:34,116.34849,39.97516399999998
Car-1,2011-10-23 00:47:35,116.34862633333341,39.97516833333334
Car-1,2011-10-23 00:47:36,116.348765,39.9751716666667
Car-1,2011-10-23 00:47:37,116.34891033333341,39.97517333333332
Car-1,2011-10-23 00:47:38,116.34906133333361,39.97517533333334
Car-1,2011-10-23 00:47:39,116.3492129999998,39.97517533333334
Car-1,2011-10-23 00:47:40,116.34936666666661,39.97517833333334
Car-1,2011-10-23 00:47:41,116.3495233333334,39.97518966666668
Car-1,2011-10-23 00:47:42,116.34968266666661,39.975201666666656
Car-1,2011-10-23 00:47:43,116.3498486666668,39.97520833333334
Car-1,2011-10-23 00:47:44,116.3500196666668,39.97521500000002
Car-1,2011-10-23 00:47:45,116.3501866666666,39.97521933333332
Car-1,2011-10-23 00:47:46,116.35035366666679,39.97521966666666
Car-1,2011-10-23 00:47:47,116.350522,39.97521633333332
Car-1,2011-10-23 00:47:48,116.35068700000019,39.975212333333346
Car-1,2011-10-23 00:47:49,116.3508483333334,39.975211000000016
Car-1,2011-10-23 00:47:50,116.35100333333321,39.97520733333334
Car-1,2011-10-23 00:47:51,116.3511516666666,39.97520399999998
Car-1,2011-10-23 00:47:52,116.3512946666668,39.97520200000002
Car-1,2011-10-23 00:47:53,116.35143666666661,39.97520100000002
Car-1,2011-10-23 00:47:54,116.351576,39.97519833333334
Car-1,2011-10-23 00:47:55,116.351711,39.97519399999998
Car-1,2011-10-23 00:47:56,116.35184066666679,39.9751933333333
Car-1,2011-10-23 00:47:57,116.35196133333321,39.97519566666668
Car-1,2011-10-23 00:47:58,116.3520779999998,39.975197999999985
Car-1,2011-10-23 00:47:59,116.3521883333334,39.97519933333332
Car-1,2011-10-23 00:48:00,116.35229466666661,39.97519966666666
Car-1,2011-10-23 00:48:01,116.35239766666659,39.97519966666666
Car-1,2011-10-23 00:48:02,116.352498333333,39.9752
Car-1,2011-10-23 00:48:03,116.3525956666668,39.9752
Car-1,2011-10-23 00:48:04,116.3526896666668,39.9752
Car-1,2011-10-23 00:48:05,116.35277933333342,39.97519866666664
Car-1,2011-10-23 00:48:06,116.35286599999999,39.97519633333336
Car-1,2011-10-23 00:48:07,116.35294966666679,39.97519433333334
Car-1,2011-10-23 00:48:08,116.3530303333334,39.975188666666654
Car-1,2011-10-23 00:48:09,116.35310833333301,39.975184666666664
Car-1,2011-10-23 00:48:10,116.35317966666659,39.97518200000002
Car-1,2011-10-23 00:48:11,116.353239,39.97518
Car-1,2011-10-23 00:48:12,116.3532906666668,39.9751783333333
Car-1,2011-10-23 00:48:13,116.35333299999999,39.9751783333333
Car-1,2011-10-23 00:48:14,116.3533596666668,39.97517999999998
Car-1,2011-10-23 00:48:15,116.35336499999998,39.97519233333334
Car-1,2011-10-23 00:48:16,116.35336833333334,39.97519833333333
Car-1,2011-10-23 00:48:17,116.353373,39.97520633333334
Car-1,2011-10-23 00:48:18,116.353376666667,39.97521433333334
Car-1,2011-10-23 00:48:19,116.353376666667,39.975215
Car-1,2011-10-23 00:48:20,116.353376666667,39.975215
Car-1,2011-10-23 00:48:21,116.353376666667,39.975215
Car-1,2011-10-23 00:48:22,116.353376666667,39.975215
Car-1,2011-10-23 00:48:23,116.353376666667,39.97521566666668
Car-1,2011-10-23 00:48:24,116.353376666667,39.9752166666667
Car-1,2011-10-23 00:48:25,116.353376666667,39.9752166666667
Car-1,2011-10-23 00:48:26,116.353376666667,39.9752166666667
Car-1,2011-10-23 00:48:27,116.3533793333332,39.9752166666667
Car-1,2011-10-23 00:48:28,116.3533923333332,39.97521433333332
Car-1,2011-10-23 00:48:29,116.353417,39.97521299999998
Car-1,2011-10-23 00:48:30,116.3534509999998,39.9752116666667
Car-1,2011-10-23 00:48:31,116.3534943333332,39.97520933333332
Car-1,2011-10-23 00:48:32,116.35354299999999,39.97520733333334
Car-1,2011-10-23 00:48:33,116.3536013333334,39.97520766666666
Car-1,2011-10-23 00:48:34,116.35366733333339,39.97520799999998
Car-1,2011-10-23 00:48:35,116.3537376666666,39.9752066666667
Car-1,2011-10-23 00:48:36,116.3538166666666,39.975205
Car-1,2011-10-23 00:48:37,116.35390366666661,39.97520533333334
Car-1,2011-10-23 00:48:38,116.35399733333341,39.97520600000002
Car-1,2011-10-23 00:48:39,116.3540983333332,39.9752066666667
Car-1,2011-10-23 00:48:40,116.3542066666668,39.97520799999998
Car-1,2011-10-23 00:48:41,116.3543213333332,39.97520799999998
Car-1,2011-10-23 00:48:42,116.35443566666659,39.97521033333334
Car-1,2011-10-23 00:48:43,116.35455166666661,39.97521
Car-1,2011-10-23 00:48:44,116.354666,39.97521200000002
Car-1,2011-10-23 00:48:45,116.3547783333332,39.9752133333333
Car-1,2011-10-23 00:48:46,116.3548923333334,39.97521433333332
Car-1,2011-10-23 00:48:47,116.3550086666668,39.9752166666667
Car-1,2011-10-23 00:48:48,116.3551286666664,39.97521899999998
Car-1,2011-10-23 00:48:49,116.3552573333332,39.97521966666666
Car-1,2011-10-23 00:48:50,116.35538866666658,39.97522066666668
Car-1,2011-10-23 00:48:51,116.3555203333334,39.97522266666665
Car-1,2011-10-23 00:48:52,116.3556473333334,39.97522399999998
Car-1,2011-10-23 00:48:53,116.35577333333299,39.975225
Car-1,2011-10-23 00:48:54,116.355895,39.9752283333333
Car-1,2011-10-23 00:48:55,116.356011,39.9752283333333
Car-1,2011-10-23 00:48:56,116.3561253333332,39.97522633333334
Car-1,2011-10-23 00:48:57,116.35624,39.97522533333334
Car-1,2011-10-23 00:48:58,116.356359,39.97522633333336
Car-1,2011-10-23 00:48:59,116.3564766666666,39.9752266666667
Car-1,2011-10-23 00:49:00,116.3565926666666,39.9752283333333
Car-1,2011-10-23 00:49:01,116.3567043333334,39.97522899999998
Car-1,2011-10-23 00:49:02,116.35681299999999,39.97522866666664
Car-1,2011-10-23 00:49:03,116.3569193333334,39.9752283333333
Car-1,2011-10-23 00:49:04,116.3570233333332,39.9752283333333
Car-1,2011-10-23 00:49:05,116.357125,39.9752283333333
Car-1,2011-10-23 00:49:06,116.35722200000001,39.97522866666664
Car-1,2011-10-23 00:49:07,116.3573146666666,39.97522899999998
Car-1,2011-10-23 00:49:08,116.3574046666666,39.97522566666668
Car-1,2011-10-23 00:49:09,116.3574913333334,39.9752233333333
Car-1,2011-10-23 00:49:10,116.35757633333318,39.9752233333333
Car-1,2011-10-23 00:49:11,116.35765699999999,39.975223666666636
Car-1,2011-10-23 00:49:12,116.3577363333334,39.975225
Car-1,2011-10-23 00:49:13,116.3578163333332,39.97522600000002
Car-1,2011-10-23 00:49:14,116.3578983333334,39.97522700000002
Car-1,2011-10-23 00:49:15,116.35798033333319,39.9752283333333
Car-1,2011-10-23 00:49:16,116.3580656666666,39.97523
Car-1,2011-10-23 00:49:17,116.35815533333339,39.97523033333334
Car-1,2011-10-23 00:49:18,116.358247,39.97523
Car-1,2011-10-23 00:49:19,116.358337,39.97522833333332
Car-1,2011-10-23 00:49:20,116.358431,39.97522566666668
Car-1,2011-10-23 00:49:21,116.35852266666659,39.97522399999998
Car-1,2011-10-23 00:49:22,116.35861066666659,39.9752233333333
Car-1,2011-10-23 00:49:23,116.358702,39.9752233333333
Car-1,2011-10-23 00:49:24,116.3587976666666,39.97522299999998
Car-1,2011-10-23 00:49:25,116.35889833333299,39.97521966666666
Car-1,2011-10-23 00:49:26,116.35899466666679,39.97521733333334
Car-1,2011-10-23 00:49:27,116.359087,39.97521566666668
Car-1,2011-10-23 00:49:28,116.35918233333341,39.97521299999998
Car-1,2011-10-23 00:49:29,116.35928200000019,39.97521133333336
Car-1,2011-10-23 00:49:30,116.359387,39.97521
Car-1,2011-10-23 00:49:31,116.35949000000001,39.97521
Car-1,2011-10-23 00:49:32,116.359588,39.97521033333334
Car-1,2011-10-23 00:49:33,116.35968499999998,39.97521533333334
Car-1,2011-10-23 00:49:34,116.35978800000001,39.97521933333332
Car-1,2011-10-23 00:49:35,116.35989533333341,39.97522133333336
Car-1,2011-10-23 00:49:36,116.36001000000002,39.97522299999998
Car-1,2011-10-23 00:49:37,116.3601289999998,39.975223666666636
Car-1,2011-10-23 00:49:38,116.3602576666668,39.975227333333336
Car-1,2011-10-23 00:49:39,116.3603916666666,39.975235333333345
Car-1,2011-10-23 00:49:40,116.3605246666666,39.975245999999984
Car-1,2011-10-23 00:49:41,116.36065766666641,39.97525633333334
Car-1,2011-10-23 00:49:42,116.360788,39.97526833333334
Car-1,2011-10-23 00:49:43,116.360918,39.975277
Car-1,2011-10-23 00:49:44,116.36105,39.97528866666666
Car-1,2011-10-23 00:49:45,116.36118099999999,39.9752916666667
Car-1,2011-10-23 00:49:46,116.36131166666681,39.97529666666666
Car-1,2011-10-23 00:49:47,116.3614426666666,39.97530300000002
Car-1,2011-10-23 00:49:48,116.36157600000001,39.975306666666675
Car-1,2011-10-23 00:49:49,116.36170999999999,39.975316666666664
Car-1,2011-10-23 00:49:50,116.3618379999998,39.975322
Car-1,2011-10-23 00:49:51,116.36195466666659,39.975325
Car-1,2011-10-23 00:49:52,116.36205933333319,39.97532600000002
Car-1,2011-10-23 00:49:53,116.36215433333341,39.9753266666667
Car-1,2011-10-23 00:49:54,116.36224433333341,39.975325333333345
Car-1,2011-10-23 00:49:55,116.36233266666659,39.9753233333333
Car-1,2011-10-23 00:49:56,116.3624173333332,39.9753233333333
Car-1,2011-10-23 00:49:57,116.36249399999981,39.9753233333333
Car-1,2011-10-23 00:49:58,116.3625646666668,39.97532200000002
Car-1,2011-10-23 00:49:59,116.3626266666666,39.9753216666667
Car-1,2011-10-23 00:50:00,116.362681666667,39.97532066666668
Car-1,2011-10-23 00:50:01,116.3627243333334,39.975314000000004
Car-1,2011-10-23 00:50:02,116.36275866666661,39.97531
Car-1,2011-10-23 00:50:03,116.36278433333321,39.97531066666668
Car-1,2011-10-23 00:50:04,116.3628053333332,39.97531366666668
Car-1,2011-10-23 00:50:05,116.36281966666661,39.97531299999998
Car-1,2011-10-23 00:50:06,116.3628260000002,39.9753133333333
Car-1,2011-10-23 00:50:07,116.3628253333334,39.97531266666665
Car-1,2011-10-23 00:50:08,116.36281799999999,39.97531
Car-1,2011-10-23 00:50:09,116.36281200000019,39.97530966666666
Car-1,2011-10-23 00:50:10,116.362811666667,39.97531
Car-1,2011-10-23 00:50:11,116.362811666667,39.97530933333332
Car-1,2011-10-23 00:50:12,116.362811666667,39.97530966666666
Car-1,2011-10-23 00:50:13,116.362811666667,39.97531
Car-1,2011-10-23 00:50:14,116.362811666667,39.97531
Car-1,2011-10-23 00:50:15,116.362811666667,39.97531
Car-1,2011-10-23 00:50:16,116.362811666667,39.97531
Car-1,2011-10-23 00:50:17,116.362811666667,39.97531
Car-1,2011-10-23 00:50:18,116.362811666667,39.97531
Car-1,2011-10-23 00:50:19,116.362811666667,39.97531
Car-1,2011-10-23 00:50:20,116.362811666667,39.97531
Car-1,2011-10-23 00:50:21,116.362811666667,39.97531
Car-1,2011-10-23 00:50:22,116.362811666667,39.97531
Car-1,2011-10-23 00:50:23,116.3628129999998,39.97531
Car-1,2011-10-23 00:50:24,116.362813333333,39.97531
Car-1,2011-10-23 00:50:25,116.362813333333,39.97531
Car-1,2011-10-23 00:50:26,116.362813333333,39.97531
Car-1,2011-10-23 00:50:27,116.362813333333,39.97531
Car-1,2011-10-23 00:50:28,116.362813333333,39.97531
Car-1,2011-10-23 00:50:29,116.362813333333,39.97531
Car-1,2011-10-23 00:50:30,116.362813333333,39.97531
Car-1,2011-10-23 00:50:31,116.362813333333,39.97531
Car-1,2011-10-23 00:50:32,116.362813333333,39.97531
Car-1,2011-10-23 00:50:33,116.362813333333,39.97531
Car-1,2011-10-23 00:50:34,116.362813333333,39.97531
Car-1,2011-10-23 00:50:35,116.362813333333,39.97531
Car-1,2011-10-23 00:50:36,116.362813333333,39.97531
Car-1,2011-10-23 00:50:37,116.3628143333332,39.97531033333334
Car-1,2011-10-23 00:50:38,116.36282933333321,39.97531
Car-1,2011-10-23 00:50:39,116.36285733333338,39.9753083333333
Car-1,2011-10-23 00:50:40,116.3628943333332,39.975307999999984
Car-1,2011-10-23 00:50:41,116.3629406666668,39.9753066666667
Car-1,2011-10-23 00:50:42,116.36299033333339,39.9753066666667
Car-1,2011-10-23 00:50:43,116.3630433333332,39.97530566666668
Car-1,2011-10-23 00:50:44,116.363096,39.975305
Car-1,2011-10-23 00:50:45,116.36315199999999,39.975305
Car-1,2011-10-23 00:50:46,116.363214,39.9753033333333
Car-1,2011-10-23 00:50:47,116.36328033333321,39.9753033333333
Car-1,2011-10-23 00:50:48,116.36335,39.97530399999998
Car-1,2011-10-23 00:50:49,116.36342399999981,39.975305
Car-1,2011-10-23 00:50:50,116.36350366666679,39.9753066666667
Car-1,2011-10-23 00:50:51,116.36358933333341,39.97530866666664
Car-1,2011-10-23 00:50:52,116.36367933333341,39.97531066666668
Car-1,2011-10-23 00:50:53,116.363776666667,39.97531266666665
Car-1,2011-10-23 00:50:54,116.3638776666666,39.97531633333334
Car-1,2011-10-23 00:50:55,116.3639796666666,39.975319666666664
Car-1,2011-10-23 00:50:56,116.36407966666658,39.975323666666654
Car-1,2011-10-23 00:50:57,116.3641773333334,39.97532733333334
Car-1,2011-10-23 00:50:58,116.36427799999981,39.97533033333334
Car-1,2011-10-23 00:50:59,116.3643813333334,39.9753316666667
Car-1,2011-10-23 00:51:00,116.36448666666661,39.9753316666667
Car-1,2011-10-23 00:51:01,116.36459199999999,39.9753333333333
Car-1,2011-10-23 00:51:02,116.3646953333334,39.975335
Car-1,2011-10-23 00:51:03,116.36479600000021,39.97533633333336
Car-1,2011-10-23 00:51:04,116.3648926666666,39.97533799999998
Car-1,2011-10-23 00:51:05,116.3649866666666,39.975342
Car-1,2011-10-23 00:51:06,116.36508,39.97534433333332
Car-1,2011-10-23 00:51:07,116.36517166666661,39.975347666666664
Car-1,2011-10-23 00:51:08,116.3652646666666,39.97535066666668
Car-1,2011-10-23 00:51:09,116.365363333333,39.9753516666667
Car-1,2011-10-23 00:51:10,116.36546633333339,39.97535066666668
Car-1,2011-10-23 00:51:11,116.3655706666666,39.9753516666667
Car-1,2011-10-23 00:51:12,116.365677,39.975353
Car-1,2011-10-23 00:51:13,116.36578233333339,39.97535533333334
Car-1,2011-10-23 00:51:14,116.36587999999999,39.975359333333316
Car-1,2011-10-23 00:51:15,116.36598,39.97535966666666
Car-1,2011-10-23 00:51:16,116.36608166666699,39.97536
Car-1,2011-10-23 00:51:17,116.3661826666666,39.97536066666668
Car-1,2011-10-23 00:51:18,116.36628633333339,39.9753616666667
Car-1,2011-10-23 00:51:19,116.36639199999999,39.9753616666667
Car-1,2011-10-23 00:51:20,116.3665,39.97536233333334
Car-1,2011-10-23 00:51:21,116.36661033333318,39.9753633333333
Car-1,2011-10-23 00:51:22,116.36672000000002,39.97536366666664
Car-1,2011-10-23 00:51:23,116.36682766666661,39.975365
Car-1,2011-10-23 00:51:24,116.3669310000002,39.975365
Car-1,2011-10-23 00:51:25,116.3670303333334,39.975365
Car-1,2011-10-23 00:51:26,116.36712266666659,39.975365
Car-1,2011-10-23 00:51:27,116.3672043333332,39.975365
Car-1,2011-10-23 00:51:28,116.367269,39.97536633333336
Car-1,2011-10-23 00:51:29,116.367318,39.97536633333336
Car-1,2011-10-23 00:51:30,116.367354,39.97536466666666
Car-1,2011-10-23 00:51:31,116.3673863333336,39.9753616666667
Car-1,2011-10-23 00:51:32,116.3674076666666,39.97535833333332
Car-1,2011-10-23 00:51:33,116.3674286666666,39.9753566666667
Car-1,2011-10-23 00:51:34,116.36744833333341,39.97535766666665
Car-1,2011-10-23 00:51:35,116.3674616666668,39.97536
Car-1,2011-10-23 00:51:36,116.3674726666666,39.97536033333334
Car-1,2011-10-23 00:51:37,116.367483,39.97536100000002
Car-1,2011-10-23 00:51:38,116.367495,39.9753583333333
Car-1,2011-10-23 00:51:39,116.36750266666661,39.97535700000002
Car-1,2011-10-23 00:51:40,116.3675066666668,39.9753566666667
Car-1,2011-10-23 00:51:41,116.367511,39.9753566666667
Car-1,2011-10-23 00:51:42,116.367516,39.97535633333336
Car-1,2011-10-23 00:51:43,116.36752099999998,39.975355
Car-1,2011-10-23 00:51:44,116.36752900000002,39.97535433333332
Car-1,2011-10-23 00:51:45,116.36754033333321,39.97535399999998
Car-1,2011-10-23 00:51:46,116.3675563333334,39.975355
Car-1,2011-10-23 00:51:47,116.367578333333,39.97535466666666
Car-1,2011-10-23 00:51:48,116.3676039999998,39.9753533333333
Car-1,2011-10-23 00:51:49,116.3676286666666,39.9753533333333
Car-1,2011-10-23 00:51:50,116.36764566666659,39.9753533333333
Car-1,2011-10-23 00:51:51,116.367651666667,39.975352999999984
Car-1,2011-10-23 00:51:52,116.3676520000002,39.97535066666668
Car-1,2011-10-23 00:51:53,116.36765133333361,39.975347333333346
Car-1,2011-10-23 00:51:54,116.36765299999979,39.97534366666664
Car-1,2011-10-23 00:51:55,116.36765333333298,39.9753433333333
Car-1,2011-10-23 00:51:56,116.36765333333298,39.9753433333333
Car-1,2011-10-23 00:51:57,116.36765599999998,39.97534133333332
Car-1,2011-10-23 00:51:58,116.36766700000001,39.9753383333333
Car-1,2011-10-23 00:51:59,116.36768733333341,39.9753383333333
Car-1,2011-10-23 00:52:00,116.3677153333332,39.97533633333336
Car-1,2011-10-23 00:52:01,116.3677500000002,39.97533166666666
Car-1,2011-10-23 00:52:02,116.3677933333332,39.97532933333332
Car-1,2011-10-23 00:52:03,116.367843,39.97533066666668
Car-1,2011-10-23 00:52:04,116.3679023333334,39.97533533333332
Car-1,2011-10-23 00:52:05,116.36797033333339,39.975342999999995
Car-1,2011-10-23 00:52:06,116.36804733333341,39.97535233333334
Car-1,2011-10-23 00:52:07,116.36813366666661,39.97536266666666
Car-1,2011-10-23 00:52:08,116.3682286666664,39.97537166666666
Car-1,2011-10-23 00:52:09,116.36833033333339,39.975378
Car-1,2011-10-23 00:52:10,116.3684363333332,39.97538033333334
Car-1,2011-10-23 00:52:11,116.3685436666666,39.9753816666667
Car-1,2011-10-23 00:52:12,116.3686546666668,39.97538066666668
Car-1,2011-10-23 00:52:13,116.3687683333334,39.97538
Car-1,2011-10-23 00:52:14,116.3688843333334,39.97538033333334
Car-1,2011-10-23 00:52:15,116.36899766666662,39.9753816666667
Car-1,2011-10-23 00:52:16,116.3691056666668,39.97538233333334
Car-1,2011-10-23 00:52:17,116.36920333333339,39.9753833333333
Car-1,2011-10-23 00:52:18,116.3692896666668,39.97538466666666
Car-1,2011-10-23 00:52:19,116.3693656666668,39.975385
Car-1,2011-10-23 00:52:20,116.36942733333319,39.97538466666666
Car-1,2011-10-23 00:52:21,116.36947633333338,39.975385
Car-1,2011-10-23 00:52:22,116.369522,39.975385
Car-1,2011-10-23 00:52:23,116.36956533333318,39.975385
Car-1,2011-10-23 00:52:24,116.36960833333339,39.975385
Car-1,2011-10-23 00:52:25,116.36965000000001,39.9753833333333
Car-1,2011-10-23 00:52:26,116.36969266666661,39.975382666666654
Car-1,2011-10-23 00:52:27,116.3697389999998,39.9753833333333
Car-1,2011-10-23 00:52:28,116.369788333333,39.9753833333333
Car-1,2011-10-23 00:52:29,116.3698423333334,39.97538133333336
Car-1,2011-10-23 00:52:30,116.3698983333334,39.97537933333332
Car-1,2011-10-23 00:52:31,116.3699559999998,39.9753783333333
Car-1,2011-10-23 00:52:32,116.3700156666666,39.97537700000002
Car-1,2011-10-23 00:52:33,116.370081,39.97537533333334
Car-1,2011-10-23 00:52:34,116.370153333333,39.97537700000002
Car-1,2011-10-23 00:52:35,116.37023166666658,39.97537866666664
Car-1,2011-10-23 00:52:36,116.3703179999998,39.9753783333333
Car-1,2011-10-23 00:52:37,116.3704103333334,39.9753783333333
Car-1,2011-10-23 00:52:38,116.37051066666679,39.9753783333333
Car-1,2011-10-23 00:52:39,116.3706173333334,39.9753783333333
Car-1,2011-10-23 00:52:40,116.3707316666666,39.97537700000002
Car-1,2011-10-23 00:52:41,116.3708506666668,39.97537466666666
Car-1,2011-10-23 00:52:42,116.3709826666666,39.97536133333334
Car-1,2011-10-23 00:52:43,116.37112133333339,39.97534933333334
Car-1,2011-10-23 00:52:44,116.371262,39.97534366666664
Car-1,2011-10-23 00:52:45,116.37140966666661,39.975340333333335
Car-1,2011-10-23 00:52:46,116.37155266666659,39.97533899999998
Car-1,2011-10-23 00:52:47,116.37168700000021,39.97534233333334
Car-1,2011-10-23 00:52:48,116.3718163333336,39.975347333333346
Car-1,2011-10-23 00:52:49,116.3719363333332,39.97535133333336
Car-1,2011-10-23 00:52:50,116.37205133333342,39.9753516666667
Car-1,2011-10-23 00:52:51,116.372156666667,39.9753516666667
Car-1,2011-10-23 00:52:52,116.3722523333334,39.975352999999984
Car-1,2011-10-23 00:52:53,116.3723329999998,39.9753533333333
Car-1,2011-10-23 00:52:54,116.37240400000019,39.97535399999998
Car-1,2011-10-23 00:52:55,116.372463,39.97535633333336
Car-1,2011-10-23 00:52:56,116.37251499999999,39.9753566666667
Car-1,2011-10-23 00:52:57,116.37256366666661,39.9753566666667
Car-1,2011-10-23 00:52:58,116.37260833333339,39.9753566666667
Car-1,2011-10-23 00:52:59,116.37264566666678,39.97535399999998
Car-1,2011-10-23 00:53:00,116.372675,39.975352
Car-1,2011-10-23 00:53:01,116.3726993333332,39.97534433333334
Car-1,2011-10-23 00:53:02,116.37272333333298,39.97533733333334
Car-1,2011-10-23 00:53:03,116.3727523333334,39.97533533333334
Car-1,2011-10-23 00:53:04,116.37279233333341,39.97533733333336
Car-1,2011-10-23 00:53:05,116.3728303333332,39.97533866666666
Car-1,2011-10-23 00:53:06,116.37287866666661,39.97533966666668
Car-1,2011-10-23 00:53:07,116.3729303333334,39.97534533333332
Car-1,2011-10-23 00:53:08,116.37298599999981,39.97535166666666
Car-1,2011-10-23 00:53:09,116.37304866666659,39.97536
Car-1,2011-10-23 00:53:10,116.3731176666666,39.975367999999996
Car-1,2011-10-23 00:53:11,116.3731993333334,39.975374
Car-1,2011-10-23 00:53:12,116.3732941666665,39.97538
Car-1,2011-10-23 00:53:13,116.37337299999982,39.975384
Car-1,2011-10-23 00:53:14,116.37346400000001,39.97539166666666
Car-1,2011-10-23 00:53:15,116.3735556666666,39.975399333333336
Car-1,2011-10-23 00:53:16,116.373649,39.975405
Car-1,2011-10-23 00:53:17,116.3737453333334,39.97540933333332
Car-1,2011-10-23 00:53:18,116.373839,39.9754116666667
Car-1,2011-10-23 00:53:19,116.3739243333334,39.97541133333336
Car-1,2011-10-23 00:53:20,116.3740006666668,39.97540899999998
Car-1,2011-10-23 00:53:21,116.37406133333361,39.97540766666666
Car-1,2011-10-23 00:53:22,116.3741106666668,39.9754083333333
Car-1,2011-10-23 00:53:23,116.374157,39.9754066666667
Car-1,2011-10-23 00:53:24,116.37420133333322,39.97540600000002
Car-1,2011-10-23 00:53:25,116.3742416666668,39.97540066666666
Car-1,2011-10-23 00:53:26,116.3742766666666,39.97539933333332
Car-1,2011-10-23 00:53:27,116.3743076666668,39.975404000000005
Car-1,2011-10-23 00:53:28,116.3743386666666,39.975405
Car-1,2011-10-23 00:53:29,116.3743603333332,39.97540633333334
Car-1,2011-10-23 00:53:30,116.37437500000001,39.97540766666666
Car-1,2011-10-23 00:53:31,116.374388,39.97540233333332
Car-1,2011-10-23 00:53:32,116.374396,39.97539899999998
Car-1,2011-10-23 00:53:33,116.3744046666666,39.97540033333334
Car-1,2011-10-23 00:53:34,116.37441166666682,39.9754
Car-1,2011-10-23 00:53:35,116.3744139999998,39.97540033333334
Car-1,2011-10-23 00:53:36,116.3744163333336,39.9754016666667
Car-1,2011-10-23 00:53:37,116.3744189999998,39.9754016666667
Car-1,2011-10-23 00:53:38,116.37442100000021,39.97540200000002
Car-1,2011-10-23 00:53:39,116.37442200000021,39.9754033333333
Car-1,2011-10-23 00:53:40,116.374423333333,39.975405
Car-1,2011-10-23 00:53:41,116.374423333333,39.97540700000002
Car-1,2011-10-23 00:53:42,116.3744243333332,39.97540899999998
Car-1,2011-10-23 00:53:43,116.374425,39.97541100000002
Car-1,2011-10-23 00:53:44,116.37442533333339,39.97541299999998
Car-1,2011-10-23 00:53:45,116.374426666667,39.975415
Car-1,2011-10-23 00:53:46,116.37442799999981,39.9754166666667
Car-1,2011-10-23 00:53:47,116.37442933333321,39.9754183333333
Car-1,2011-10-23 00:53:48,116.37443100000019,39.97541899999998
Car-1,2011-10-23 00:53:49,116.3744329999998,39.97542
Car-1,2011-10-23 00:53:50,116.3744356666668,39.97542
Car-1,2011-10-23 00:53:51,116.37443800000001,39.97542
Car-1,2011-10-23 00:53:52,116.3744410000002,39.97542
Car-1,2011-10-23 00:53:53,116.374443333333,39.97542
Car-1,2011-10-23 00:53:54,116.374443333333,39.97542
Car-1,2011-10-23 00:53:55,116.374443333333,39.97542
Car-1,2011-10-23 00:53:56,116.3744423333334,39.97542033333334
Car-1,2011-10-23 00:53:57,116.37444166666701,39.9754216666667
Car-1,2011-10-23 00:53:58,116.37444166666701,39.9754216666667
Car-1,2011-10-23 00:53:59,116.37444033333341,39.9754216666667
Car-1,2011-10-23 00:54:00,116.37444,39.9754216666667
Car-1,2011-10-23 00:54:01,116.37444,39.9754216666667
Car-1,2011-10-23 00:54:02,116.3744386666664,39.9754216666667
Car-1,2011-10-23 00:54:03,116.374438333333,39.9754216666667
Car-1,2011-10-23 00:54:04,116.37443733333339,39.9754216666667
Car-1,2011-10-23 00:54:05,116.374436666667,39.9754216666667
Car-1,2011-10-23 00:54:06,116.374436666667,39.9754216666667
Car-1,2011-10-23 00:54:07,116.374436666667,39.975422999999985
Car-1,2011-10-23 00:54:08,116.3744353333334,39.9754233333333
Car-1,2011-10-23 00:54:09,116.37443499999999,39.9754233333333
Car-1,2011-10-23 00:54:10,116.37443499999999,39.9754233333333
Car-1,2011-10-23 00:54:11,116.3744343333332,39.97542399999998
Car-1,2011-10-23 00:54:12,116.37443333333299,39.975425
Car-1,2011-10-23 00:54:13,116.37443333333299,39.97542533333334
Car-1,2011-10-23 00:54:14,116.37443200000021,39.9754266666667
Car-1,2011-10-23 00:54:15,116.374431666667,39.9754266666667
Car-1,2011-10-23 00:54:16,116.37443133333359,39.97542799999998
Car-1,2011-10-23 00:54:17,116.37443,39.9754283333333
Car-1,2011-10-23 00:54:18,116.37443,39.9754283333333
Car-1,2011-10-23 00:54:19,116.3744296666666,39.97542966666666
Car-1,2011-10-23 00:54:20,116.374428333333,39.97543
Car-1,2011-10-23 00:54:21,116.374428333333,39.97543100000002
Car-1,2011-10-23 00:54:22,116.374426666667,39.9754316666667
Car-1,2011-10-23 00:54:23,116.3744263333336,39.97543266666666
Car-1,2011-10-23 00:54:24,116.374425,39.97543366666664
Car-1,2011-10-23 00:54:25,116.374423333333,39.975435
Car-1,2011-10-23 00:54:26,116.37442200000021,39.9754366666667
Car-1,2011-10-23 00:54:27,116.3744203333334,39.9754383333333
Car-1,2011-10-23 00:54:28,116.3744186666664,39.97544
Car-1,2011-10-23 00:54:29,116.3744170000002,39.97544133333336
Car-1,2011-10-23 00:54:30,116.374416666667,39.97544233333334
Car-1,2011-10-23 00:54:31,116.374416666667,39.97544399999998
Car-1,2011-10-23 00:54:32,116.374416666667,39.97544566666668
Car-1,2011-10-23 00:54:33,116.374416666667,39.97544733333334
Car-1,2011-10-23 00:54:34,116.3744153333334,39.97544866666664
Car-1,2011-10-23 00:54:35,116.37441433333319,39.97545033333334
Car-1,2011-10-23 00:54:36,116.374413333333,39.9754516666667
Car-1,2011-10-23 00:54:37,116.37441166666699,39.97545299999998
Car-1,2011-10-23 00:54:38,116.3744110000002,39.9754533333333
Car-1,2011-10-23 00:54:39,116.37440999999998,39.975455
Car-1,2011-10-23 00:54:40,116.37440866666638,39.975455
Car-1,2011-10-23 00:54:41,116.37440833333298,39.97545600000002
Car-1,2011-10-23 00:54:42,116.37440833333298,39.9754566666667
Car-1,2011-10-23 00:54:43,116.3744073333334,39.9754566666667
Car-1,2011-10-23 00:54:44,116.374406666667,39.9754566666667
Car-1,2011-10-23 00:54:45,116.374406666667,39.9754583333333
Car-1,2011-10-23 00:54:46,116.3744053333334,39.9754583333333
Car-1,2011-10-23 00:54:47,116.374405,39.9754583333333
Car-1,2011-10-23 00:54:48,116.37440333333299,39.9754583333333
Car-1,2011-10-23 00:54:49,116.37440333333299,39.97545933333332
Car-1,2011-10-23 00:54:50,116.3744029999998,39.975460333333345
Car-1,2011-10-23 00:54:51,116.374401666667,39.9754616666667
Car-1,2011-10-23 00:54:52,116.374401666667,39.97546233333334
Car-1,2011-10-23 00:54:53,116.374401666667,39.9754633333333
Car-1,2011-10-23 00:54:54,116.374401666667,39.97546433333332
Car-1,2011-10-23 00:54:55,116.374401666667,39.97546533333334
Car-1,2011-10-23 00:54:56,116.374401666667,39.9754666666667
Car-1,2011-10-23 00:54:57,116.37440200000019,39.97546766666666
Car-1,2011-10-23 00:54:58,116.37440333333299,39.97546866666664
Car-1,2011-10-23 00:54:59,116.37440333333299,39.97547
Car-1,2011-10-23 00:55:00,116.3744046666666,39.9754716666667
Car-1,2011-10-23 00:55:01,116.3744073333334,39.975472666666654
Car-1,2011-10-23 00:55:02,116.374412,39.97547399999998
Car-1,2011-10-23 00:55:03,116.37441899999999,39.97547633333336
Car-1,2011-10-23 00:55:04,116.374429,39.97547899999998
Car-1,2011-10-23 00:55:05,116.3744403333332,39.97548133333336
Car-1,2011-10-23 00:55:06,116.3744536666666,39.975483333333315
Car-1,2011-10-23 00:55:07,116.37447033333319,39.975485
Car-1,2011-10-23 00:55:08,116.374489,39.97548366666664
Car-1,2011-10-23 00:55:09,116.37450666666659,39.97548399999998
Car-1,2011-10-23 00:55:10,116.37452166666681,39.97548533333334
Car-1,2011-10-23 00:55:11,116.37453533333318,39.9754866666667
Car-1,2011-10-23 00:55:12,116.37454733333341,39.97548933333332
Car-1,2011-10-23 00:55:13,116.3745593333334,39.9754916666667
Car-1,2011-10-23 00:55:14,116.3745703333334,39.97549299999998
Car-1,2011-10-23 00:55:15,116.37458099999999,39.975495
Car-1,2011-10-23 00:55:16,116.37459133333341,39.97549633333334
Car-1,2011-10-23 00:55:17,116.37460200000001,39.9754983333333
Car-1,2011-10-23 00:55:18,116.3746133333332,39.9754983333333
Car-1,2011-10-23 00:55:19,116.3746243333334,39.97549700000002
Car-1,2011-10-23 00:55:20,116.3746286666664,39.9754983333333
Car-1,2011-10-23 00:55:21,116.37463333333339,39.97549633333334
Car-1,2011-10-23 00:55:22,116.3746386666664,39.97549833333332
Car-1,2011-10-23 00:55:23,116.3746383333332,39.9755
Car-1,2011-10-23 00:55:24,116.37464,39.9755
Car-1,2011-10-23 00:55:25,116.37464,39.975500666666676
Car-1,2011-10-23 00:55:26,116.37464,39.9755016666667
Car-1,2011-10-23 00:55:27,116.37464,39.9755016666667
Car-1,2011-10-23 00:55:28,116.37464,39.9755016666667
Car-1,2011-10-23 00:55:29,116.37464,39.9755033333333
Car-1,2011-10-23 00:55:30,116.37464,39.9755033333333
Car-1,2011-10-23 00:55:31,116.37464,39.975505
Car-1,2011-10-23 00:55:32,116.37464,39.975505
Car-1,2011-10-23 00:55:33,116.37464,39.975505
Car-1,2011-10-23 00:55:34,116.37464,39.975505333333345
Car-1,2011-10-23 00:55:35,116.37464,39.9755066666667
Car-1,2011-10-23 00:55:36,116.37464,39.9755066666667
Car-1,2011-10-23 00:55:37,116.37464,39.9755066666667
Car-1,2011-10-23 00:55:38,116.37464,39.9755066666667
Car-1,2011-10-23 00:55:39,116.37464,39.97550566666668
Car-1,2011-10-23 00:55:40,116.374641666667,39.975505
Car-1,2011-10-23 00:55:41,116.374641666667,39.9755033333333
Car-1,2011-10-23 00:55:42,116.374641666667,39.97550200000002
Car-1,2011-10-23 00:55:43,116.37464299999999,39.97550133333336
Car-1,2011-10-23 00:55:44,116.3746486666668,39.975500333333336
Car-1,2011-10-23 00:55:45,116.37465999999999,39.9755016666667
Car-1,2011-10-23 00:55:46,116.3746820000002,39.97550233333334
Car-1,2011-10-23 00:55:47,116.3747136666666,39.97550366666664
Car-1,2011-10-23 00:55:48,116.37475533333341,39.975500666666676
Car-1,2011-10-23 00:55:49,116.37480466666659,39.97550200000002
Car-1,2011-10-23 00:55:50,116.37484466666679,39.97550766666666
Car-1,2011-10-23 00:55:51,116.37488,39.97551033333334
Car-1,2011-10-23 00:55:52,116.3749173333332,39.97550966666666
Car-1,2011-10-23 00:55:53,116.3749526666666,39.975514
Car-1,2011-10-23 00:55:54,116.3749906666666,39.97551933333332
Car-1,2011-10-23 00:55:55,116.37502400000001,39.97552133333336
Car-1,2011-10-23 00:55:56,116.3750553333332,39.97552466666666
Car-1,2011-10-23 00:55:57,116.3750883333332,39.97553033333332
Car-1,2011-10-23 00:55:58,116.37511533333341,39.97554366666668
Car-1,2011-10-23 00:55:59,116.37514000000002,39.97557133333332
Car-1,2011-10-23 00:56:00,116.375163333333,39.975607000000004
Car-1,2011-10-23 00:56:01,116.3751833333334,39.97564166666666
Car-1,2011-10-23 00:56:02,116.37519433333341,39.97568
Car-1,2011-10-23 00:56:03,116.37519533333341,39.97572733333334
Car-1,2011-10-23 00:56:04,116.375191,39.97578866666666
Car-1,2011-10-23 00:56:05,116.37518266666659,39.97585766666666
Car-1,2011-10-23 00:56:06,116.375171,39.97593233333334
Car-1,2011-10-23 00:56:07,116.37515100000022,39.976012333333344
Car-1,2011-10-23 00:56:08,116.3751306666666,39.97610066666666
Car-1,2011-10-23 00:56:09,116.375117,39.976191
Car-1,2011-10-23 00:56:10,116.3751066666666,39.97628433333334
Car-1,2011-10-23 00:56:11,116.3751,39.97638166666668
Car-1,2011-10-23 00:56:12,116.3750979999998,39.976493666666656
Car-1,2011-10-23 00:56:13,116.37508566666679,39.976603
Car-1,2011-10-23 00:56:14,116.3750769999998,39.97670533333334
Car-1,2011-10-23 00:56:15,116.3750503333334,39.976822
Car-1,2011-10-23 00:56:16,116.3750053333334,39.976952
Car-1,2011-10-23 00:56:17,116.37497766666661,39.97707133333334
Car-1,2011-10-23 00:56:18,116.37495033333339,39.97719399999998
Car-1,2011-10-23 00:56:19,116.37493233333359,39.977323
Car-1,2011-10-23 00:56:20,116.3749123333334,39.977455
Car-1,2011-10-23 00:56:21,116.3748786666666,39.977588000000004
Car-1,2011-10-23 00:56:22,116.37483999999999,39.977720666666656
Car-1,2011-10-23 00:56:23,116.374804,39.97785066666666
Car-1,2011-10-23 00:56:24,116.3747686666666,39.97797933333332
Car-1,2011-10-23 00:56:25,116.3747320000002,39.978106
Car-1,2011-10-23 00:56:26,116.37469300000001,39.97823666666666
Car-1,2011-10-23 00:56:27,116.37465533333321,39.978365
Car-1,2011-10-23 00:56:28,116.3746206666666,39.97848666666666
Car-1,2011-10-23 00:56:29,116.3745843333334,39.97860766666668
Car-1,2011-10-23 00:56:30,116.3745466666666,39.978727
Car-1,2011-10-23 00:56:31,116.3745156666668,39.97885033333334
Car-1,2011-10-23 00:56:32,116.3744856666668,39.978976333333364
Car-1,2011-10-23 00:56:33,116.37446,39.97910233333334
Car-1,2011-10-23 00:56:34,116.37443466666659,39.97922799999998
Car-1,2011-10-23 00:56:35,116.3743956666666,39.97934733333334
Car-1,2011-10-23 00:56:36,116.3743603333332,39.97946366666668
Car-1,2011-10-23 00:56:37,116.3743326666666,39.97956466666668
Car-1,2011-10-23 00:56:38,116.37430799999979,39.97964966666668
Car-1,2011-10-23 00:56:39,116.3742866666666,39.979729666666664
Car-1,2011-10-23 00:56:40,116.37427,39.97981033333332
Car-1,2011-10-23 00:56:41,116.3742533333334,39.979895
Car-1,2011-10-23 00:56:42,116.37423633333319,39.97998066666666
Car-1,2011-10-23 00:56:43,116.374215,39.98006866666666
Car-1,2011-10-23 00:56:44,116.3741876666666,39.980158
Car-1,2011-10-23 00:56:45,116.37416100000021,39.98024766666668
Car-1,2011-10-23 00:56:46,116.37413266666661,39.98034433333332
Car-1,2011-10-23 00:56:47,116.37410633333361,39.98044533333334
Car-1,2011-10-23 00:56:48,116.37408299999979,39.980548999999996
Car-1,2011-10-23 00:56:49,116.37405766666659,39.98065566666668
Car-1,2011-10-23 00:56:50,116.37403533333341,39.98075899999998
Car-1,2011-10-23 00:56:51,116.3740136666668,39.98085733333334
Car-1,2011-10-23 00:56:52,116.37399166666701,39.98095233333332
Car-1,2011-10-23 00:56:53,116.37397666666661,39.9810366666667
Car-1,2011-10-23 00:56:54,116.3739636666666,39.98111633333332
Car-1,2011-10-23 00:56:55,116.37393999999999,39.98119833333334
Car-1,2011-10-23 00:56:56,116.37391399999981,39.98128166666666
Car-1,2011-10-23 00:56:57,116.3738906666666,39.98136333333334
Car-1,2011-10-23 00:56:58,116.37386899999981,39.981443666666664
Car-1,2011-10-23 00:56:59,116.373843333333,39.98152266666666
Car-1,2011-10-23 00:57:00,116.3738203333334,39.981597
Car-1,2011-10-23 00:57:01,116.3738023333334,39.981663000000005
Car-1,2011-10-23 00:57:02,116.373785,39.981735
Car-1,2011-10-23 00:58:07,116.37391,39.9814916666667
Car-1,2011-10-23 00:58:08,116.3739123333334,39.98147766666666
Car-1,2011-10-23 00:58:09,116.37391766666681,39.98146566666666
Car-1,2011-10-23 00:58:10,116.37392299999999,39.981454
Car-1,2011-10-23 00:58:11,116.37392500000001,39.981446
Car-1,2011-10-23 00:58:12,116.3739239999998,39.981438000000004
Car-1,2011-10-23 00:58:13,116.3739283333334,39.98142733333334
Car-1,2011-10-23 00:58:14,116.373934,39.98141266666666
Car-1,2011-10-23 00:58:15,116.3739363333336,39.98140266666668
Car-1,2011-10-23 00:58:16,116.373938,39.98139433333332
Car-1,2011-10-23 00:58:17,116.3739436666668,39.981386666666666
Car-1,2011-10-23 00:58:18,116.3739476666666,39.981376999999995
Car-1,2011-10-23 00:58:19,116.37395033333321,39.98136833333334
Car-1,2011-10-23 00:58:20,116.37395833333339,39.981359333333344
Car-1,2011-10-23 00:58:21,116.373963333333,39.981352
Car-1,2011-10-23 00:58:22,116.3739636666664,39.981347
Car-1,2011-10-23 00:58:23,116.3739656666668,39.981340333333335
Car-1,2011-10-23 00:58:24,116.37397066666661,39.981331
Car-1,2011-10-23 00:58:25,116.3739776666666,39.98132
Car-1,2011-10-23 00:58:26,116.3739813333336,39.98130999999999
Car-1,2011-10-23 00:58:27,116.37398900000001,39.98129766666666
Car-1,2011-10-23 00:58:28,116.37400099999999,39.981280666666656
Car-1,2011-10-23 00:58:29,116.37400600000001,39.98126733333334
Car-1,2011-10-23 00:58:30,116.374008333333,39.98125666666666
Car-1,2011-10-23 00:58:31,116.3740076666666,39.98125033333332
Car-1,2011-10-23 00:58:32,116.3740063333336,39.98124266666666
Car-1,2011-10-23 00:58:33,116.3740053333332,39.98123433333334
Car-1,2011-10-23 00:58:34,116.37400366666638,39.981226
Car-1,2011-10-23 00:58:35,116.37400566666679,39.98121433333334
Car-1,2011-10-23 00:58:36,116.37400433333319,39.98120633333332
Car-1,2011-10-23 00:58:37,116.3740046666666,39.981198
Car-1,2011-10-23 00:58:38,116.3740060000002,39.981187333333345
Car-1,2011-10-23 00:58:39,116.37400666666699,39.981175
Car-1,2011-10-23 00:58:40,116.37400533333339,39.98116733333334
Car-1,2011-10-23 00:58:41,116.3740063333336,39.981159000000005
Car-1,2011-10-23 00:58:42,116.3740026666668,39.98114833333334
Car-1,2011-10-23 00:58:43,116.374,39.98113833333332
Car-1,2011-10-23 00:58:44,116.3740003333334,39.98113099999998
Car-1,2011-10-23 00:58:45,116.37400533333339,39.98112333333334
Car-1,2011-10-23 00:58:46,116.37401500000001,39.981114000000005
Car-1,2011-10-23 00:58:47,116.3740196666666,39.981104
Car-1,2011-10-23 00:58:48,116.3740253333334,39.98109166666666
Car-1,2011-10-23 00:58:49,116.37402866666639,39.98106533333334
Car-1,2011-10-23 00:58:50,116.37403200000001,39.98104333333334
Car-1,2011-10-23 00:58:51,116.37404066666659,39.98103133333334
Car-1,2011-10-23 00:58:52,116.3740506666666,39.98101100000002
Car-1,2011-10-23 00:58:53,116.37405766666659,39.98099566666666
Car-1,2011-10-23 00:58:54,116.374063,39.98098433333334
Car-1,2011-10-23 00:58:55,116.3740676666666,39.98097333333334
Car-1,2011-10-23 00:58:56,116.3740733333334,39.98096133333332
Car-1,2011-10-23 00:58:57,116.374082,39.98094166666668
Car-1,2011-10-23 00:58:58,116.3740916666666,39.980920333333344
Car-1,2011-10-23 00:58:59,116.3740979999998,39.980898
Car-1,2011-10-23 00:59:00,116.3741010000002,39.98088333333334
Car-1,2011-10-23 00:59:01,116.3741039999998,39.980872333333345
Car-1,2011-10-23 00:59:02,116.37410700000001,39.980861666666655
Car-1,2011-10-23 00:59:03,116.3741093333332,39.98085166666666
Car-1,2011-10-23 00:59:04,116.3741110000002,39.980842
Car-1,2011-10-23 00:59:05,116.374111666667,39.98083333333332
Car-1,2011-10-23 00:59:06,116.374111666667,39.98082366666668
Car-1,2011-10-23 00:59:07,116.3741136666664,39.980810333333366
Car-1,2011-10-23 00:59:08,116.37411766666659,39.98079333333334
Car-1,2011-10-23 00:59:09,116.3741173333334,39.980781
Car-1,2011-10-23 00:59:10,116.37411566666681,39.98077366666668
Car-1,2011-10-23 00:59:11,116.37411133333339,39.980765000000005
Car-1,2011-10-23 00:59:12,116.3741093333332,39.98075433333334
Car-1,2011-10-23 00:59:13,116.37411222222234,39.98073722222224
Car-1,2011-10-23 00:59:43,116.374216666667,39.9804883333333
Car-1,2011-10-23 00:59:44,116.37422799999999,39.98048633333336
Car-1,2011-10-23 00:59:45,116.3742296666666,39.9804866666667
Car-1,2011-10-23 00:59:46,116.374235,39.98048766666666
Car-1,2011-10-23 00:59:47,116.37423833333301,39.9804883333333
Car-1,2011-10-23 00:59:48,116.37424000000001,39.98048799999998
Car-1,2011-10-23 00:59:49,116.374243,39.980484666666676
Car-1,2011-10-23 00:59:50,116.37424533333339,39.98047899999998
Car-1,2011-10-23 00:59:51,116.374246666667,39.98047666666668
Car-1,2011-10-23 00:59:52,116.37424266666702,39.980477333333326
Car-1,2011-10-23 00:59:53,116.37424133333361,39.9804766666667
Car-1,2011-10-23 00:59:54,116.37423966666661,39.9804766666667
Car-1,2011-10-23 00:59:55,116.37423766666659,39.98047533333334
Car-1,2011-10-23 00:59:56,116.3742360000002,39.980475
Car-1,2011-10-23 00:59:57,116.3742339999998,39.98047466666666
Car-1,2011-10-23 00:59:58,116.3742310000002,39.9804733333333
Car-1,2011-10-23 00:59:59,116.37422833333319,39.98047299999998
Car-1,2011-10-23 01:00:00,116.3742256666668,39.9804716666667
Car-1,2011-10-23 01:00:01,116.37422166666661,39.980470666666676
Car-1,2011-10-23 01:00:02,116.37421866666679,39.9804683333333
Car-1,2011-10-23 01:00:03,116.3742163333336,39.9804683333333
Car-1,2011-10-23 01:00:04,116.37421666666701,39.9804683333333
Car-1,2011-10-23 01:00:05,116.374215,39.98046600000002
Car-1,2011-10-23 01:00:06,116.3742156666668,39.98046533333334
Car-1,2011-10-23 01:00:07,116.374215,39.9804666666667
Car-1,2011-10-23 01:00:08,116.3742136666664,39.98046700000002
Car-1,2011-10-23 01:00:09,116.374213333333,39.98046899999998
Car-1,2011-10-23 01:00:10,116.374217,39.980478666666635
Car-1,2011-10-23 01:00:11,116.37422099999999,39.98048766666668
Car-1,2011-10-23 01:00:12,116.37422166666661,39.980502000000016
Car-1,2011-10-23 01:00:13,116.37421400000001,39.98052866666668
Car-1,2011-10-23 01:00:14,116.3742,39.980562000000006
Car-1,2011-10-23 01:00:15,116.37418433333339,39.98059866666666
Car-1,2011-10-23 01:00:16,116.37416833333342,39.980639
Car-1,2011-10-23 01:00:17,116.3741496666668,39.98068566666668
Car-1,2011-10-23 01:00:18,116.37412966666659,39.98073633333334
Car-1,2011-10-23 01:00:19,116.3741076666666,39.98079166666666
Car-1,2011-10-23 01:00:20,116.374083333333,39.98085
Car-1,2011-10-23 01:00:21,116.37405966666661,39.980908
Car-1,2011-10-23 01:00:22,116.37403533333341,39.980969
Car-1,2011-10-23 01:00:23,116.3740106666668,39.98103266666666
Car-1,2011-10-23 01:00:24,116.3739843333332,39.981097333333345
Car-1,2011-10-23 01:00:25,116.3739633333334,39.981162999999995
Car-1,2011-10-23 01:00:26,116.3739436666666,39.98122766666666
Car-1,2011-10-23 01:00:27,116.3739216666668,39.98129033333332
Car-1,2011-10-23 01:00:28,116.37390133333341,39.981353999999996
Car-1,2011-10-23 01:00:29,116.3738803333334,39.98142
Car-1,2011-10-23 01:00:30,116.373858333333,39.98149133333336
Car-1,2011-10-23 01:00:31,116.3738313333334,39.981570333333345
Car-1,2011-10-23 01:00:32,116.3737986666666,39.981658333333336
Car-1,2011-10-23 01:00:33,116.37376133333339,39.981755
Car-1,2011-10-23 01:00:34,116.37371800000001,39.981869333333336
Car-1,2011-10-23 01:00:35,116.37367866666659,39.98197933333334
Car-1,2011-10-23 01:00:36,116.3736343333334,39.98208966666666
Car-1,2011-10-23 01:00:37,116.373594,39.98220166666666
Car-1,2011-10-23 01:00:38,116.37354766666661,39.982319000000004
Car-1,2011-10-23 01:00:39,116.3735003333334,39.98244166666668
Car-1,2011-10-23 01:00:40,116.3734506666666,39.98256966666666
Car-1,2011-10-23 01:00:41,116.3734136666668,39.98268633333334
Car-1,2011-10-23 01:00:42,116.3733829999998,39.98279666666666
Car-1,2011-10-23 01:00:43,116.37335666666661,39.98290333333334
Car-1,2011-10-23 01:00:44,116.3733260000002,39.98301133333332
Car-1,2011-10-23 01:00:45,116.3732976666666,39.983121
Car-1,2011-10-23 01:00:46,116.3732640000002,39.983232999999984
Car-1,2011-10-23 01:00:47,116.37323000000019,39.983348
Car-1,2011-10-23 01:00:48,116.37317700000001,39.98347566666668
Car-1,2011-10-23 01:00:49,116.37314266666661,39.983582333333345
Car-1,2011-10-23 01:00:50,116.373111,39.98369166666668
Car-1,2011-10-23 01:00:51,116.373081,39.98380433333334
Car-1,2011-10-23 01:00:52,116.37304966666662,39.9839233333333
Car-1,2011-10-23 01:00:53,116.3730100000002,39.9840483333333
Car-1,2011-10-23 01:00:54,116.3729706666666,39.9841733333333
Car-1,2011-10-23 01:00:55,116.3729349999998,39.98429400000002
Car-1,2011-10-23 01:00:56,116.372899,39.9844166666667
Car-1,2011-10-23 01:00:57,116.37286733333319,39.984542999999995
Car-1,2011-10-23 01:00:58,116.3728330000002,39.98467566666666
Car-1,2011-10-23 01:00:59,116.3728016666668,39.98481166666668
Car-1,2011-10-23 01:01:00,116.372775,39.98493933333336
Car-1,2011-10-23 01:01:01,116.3727426666666,39.98507066666666
Car-1,2011-10-23 01:01:02,116.37269799999999,39.98521666666668
Car-1,2011-10-23 01:01:03,116.3726599999998,39.98535833333334
Car-1,2011-10-23 01:01:04,116.37261899999999,39.985505
Car-1,2011-10-23 01:01:05,116.372563333333,39.9856866666667
Car-1,2011-10-23 01:01:15,116.37200916666676,39.98726708333332
Car-1,2011-10-23 01:01:16,116.3719539999998,39.98741266666666
Car-1,2011-10-23 01:01:17,116.37190433333319,39.98754966666668
Car-1,2011-10-23 01:01:18,116.3718543333332,39.98769000000002
Car-1,2011-10-23 01:01:19,116.3718179999998,39.98781933333332
Car-1,2011-10-23 01:01:20,116.37178033333339,39.98794633333334
Car-1,2011-10-23 01:01:21,116.3717476666668,39.988056
Car-1,2011-10-23 01:01:22,116.37171733333359,39.98816066666666
Car-1,2011-10-23 01:01:23,116.371699,39.98825766666666
Car-1,2011-10-23 01:01:24,116.371667,39.98835166666667
Car-1,2011-10-23 01:01:25,116.3716406666668,39.98845066666668
Car-1,2011-10-23 01:01:26,116.3716170000002,39.98855333333334
Car-1,2011-10-23 01:01:27,116.371594,39.988658
Car-1,2011-10-23 01:01:28,116.371562,39.988763999999996
Car-1,2011-10-23 01:01:29,116.3715336666666,39.98886666666666
Car-1,2011-10-23 01:01:30,116.37150999999999,39.98896766666665
Car-1,2011-10-23 01:01:31,116.3714879999998,39.98906899999998
Car-1,2011-10-23 01:01:32,116.37146800000001,39.989168
Car-1,2011-10-23 01:01:33,116.37146700000001,39.98925066666668
Car-1,2011-10-23 01:01:34,116.3714469999998,39.98934766666666
Car-1,2011-10-23 01:01:35,116.37141033333322,39.98945466666666
Car-1,2011-10-23 01:01:36,116.37136533333339,39.989567
Car-1,2011-10-23 01:01:37,116.3713139999998,39.98968000000002
Car-1,2011-10-23 01:01:38,116.37127733333341,39.98976899999998
Car-1,2011-10-23 01:01:39,116.3712456666666,39.989841999999996
Car-1,2011-10-23 01:01:40,116.371209,39.989921333333356
Car-1,2011-10-23 01:01:41,116.3711743333334,39.98999566666668
Car-1,2011-10-23 01:01:42,116.37114,39.990066999999996
Car-1,2011-10-23 01:01:43,116.37111,39.990135
Car-1,2011-10-23 01:01:44,116.37108133333341,39.99020366666666
Car-1,2011-10-23 01:01:45,116.371053333333,39.990274
Car-1,2011-10-23 01:01:46,116.37102600000021,39.99034166666666
Car-1,2011-10-23 01:01:47,116.37100000000001,39.99040433333334
Car-1,2011-10-23 01:01:48,116.370978,39.990460999999996
Car-1,2011-10-23 01:01:49,116.3709576666666,39.99051466666666
Car-1,2011-10-23 01:01:50,116.3709393333334,39.99056399999998
Car-1,2011-10-23 01:01:51,116.3709213333332,39.990610333333336
Car-1,2011-10-23 01:01:52,116.37090700000019,39.990655
Car-1,2011-10-23 01:01:53,116.37089166666661,39.99069966666666
Car-1,2011-10-23 01:01:54,116.370875,39.990745
Car-1,2011-10-23 01:01:55,116.370857,39.99079100000002
Car-1,2011-10-23 01:01:56,116.3708366666668,39.990840000000006
Car-1,2011-10-23 01:01:57,116.37081466666659,39.99089066666668
Car-1,2011-10-23 01:01:58,116.37078899999979,39.99094233333334
Car-1,2011-10-23 01:01:59,116.370765,39.990996
Car-1,2011-10-23 01:02:00,116.37074,39.99105166666666
Car-1,2011-10-23 01:02:01,116.370716666667,39.991111000000004
Car-1,2011-10-23 01:02:02,116.37069100000019,39.991173666666654
Car-1,2011-10-23 01:02:03,116.3706603333334,39.99124366666664
Car-1,2011-10-23 01:02:04,116.3706243333334,39.991322000000004
Car-1,2011-10-23 01:02:05,116.37058199999998,39.99140866666666
Car-1,2011-10-23 01:02:06,116.37052899999999,39.99150599999998
Car-1,2011-10-23 01:02:07,116.37046633333338,39.991609
Car-1,2011-10-23 01:02:08,116.37039899999999,39.99170200000002
Car-1,2011-10-23 01:02:09,116.3703193333334,39.99180399999998
Car-1,2011-10-23 01:02:10,116.3702353333334,39.991912
Car-1,2011-10-23 01:02:11,116.37016333333341,39.992008
Car-1,2011-10-23 01:02:12,116.3700953333334,39.992098333333345
Car-1,2011-10-23 01:02:13,116.37002333333339,39.992193
Car-1,2011-10-23 01:02:14,116.369955,39.992286
Car-1,2011-10-23 01:02:15,116.3698836666666,39.992377333333344
Car-1,2011-10-23 01:02:16,116.36980399999979,39.99247133333332
Car-1,2011-10-23 01:02:17,116.3697263333336,39.99256233333334
Car-1,2011-10-23 01:02:18,116.36964499999999,39.99265400000002
Car-1,2011-10-23 01:02:19,116.36956533333338,39.99274766666666
Car-1,2011-10-23 01:02:20,116.36949366666678,39.99283733333334
Car-1,2011-10-23 01:02:21,116.3694136666664,39.99293266666666
Car-1,2011-10-23 01:02:22,116.36934133333341,39.99302566666664
Car-1,2011-10-23 01:02:23,116.3692646666666,39.99312299999998
Car-1,2011-10-23 01:02:24,116.3691856666666,39.99322599999998
Car-1,2011-10-23 01:02:25,116.3691116666666,39.99332533333332
Car-1,2011-10-23 01:02:26,116.36904266666679,39.993414
Car-1,2011-10-23 01:02:27,116.368975,39.99350433333334
Car-1,2011-10-23 01:02:28,116.3689126666666,39.99359800000002
Car-1,2011-10-23 01:02:29,116.3688413333336,39.9936983333333
Car-1,2011-10-23 01:02:30,116.3687666666666,39.99379566666666
Car-1,2011-10-23 01:02:31,116.368696,39.99389033333334
Car-1,2011-10-23 01:02:32,116.3686223333334,39.99398966666666
Car-1,2011-10-23 01:02:33,116.36855433333339,39.994087
Car-1,2011-10-23 01:02:34,116.3684763333332,39.99418666666668
Car-1,2011-10-23 01:02:35,116.36839533333341,39.99428433333334
Car-1,2011-10-23 01:02:36,116.36831600000001,39.99437866666664
Car-1,2011-10-23 01:02:37,116.36823466666661,39.99447333333334
Car-1,2011-10-23 01:02:38,116.36815766666659,39.994569333333324
Car-1,2011-10-23 01:02:39,116.3680796666666,39.99467566666668
Car-1,2011-10-23 01:02:40,116.3680053333334,39.99477799999998
Car-1,2011-10-23 01:02:41,116.3679320000002,39.99487633333336
Car-1,2011-10-23 01:02:42,116.36785399999981,39.994979
Car-1,2011-10-23 01:02:43,116.3677753333332,39.99508833333334
Car-1,2011-10-23 01:02:44,116.36769366666681,39.995196
Car-1,2011-10-23 01:02:45,116.3676146666666,39.995304999999995
Car-1,2011-10-23 01:02:46,116.3675360000002,39.99541000000001
Car-1,2011-10-23 01:02:47,116.3674589999998,39.995511666666665
Car-1,2011-10-23 01:02:48,116.3673806666668,39.995611333333365
Car-1,2011-10-23 01:02:49,116.3672903333332,39.99571733333334
Car-1,2011-10-23 01:02:50,116.36720333333339,39.995823
Car-1,2011-10-23 01:02:51,116.3671206666666,39.995927000000016
Car-1,2011-10-23 01:02:52,116.3670346666668,39.99603133333332
Car-1,2011-10-23 01:02:53,116.3669516666666,39.99613200000002
Car-1,2011-10-23 01:02:54,116.36687066666659,39.996232666666664
Car-1,2011-10-23 01:02:55,116.3667913333336,39.996331333333345
Car-1,2011-10-23 01:02:56,116.366712,39.99642899999998
Car-1,2011-10-23 01:02:57,116.36662799999999,39.99652866666666
Car-1,2011-10-23 01:02:58,116.36653800000019,39.99663366666666
Car-1,2011-10-23 01:02:59,116.36645899999981,39.99673800000002
Car-1,2011-10-23 01:03:00,116.3663853333334,39.99685266666666
Car-1,2011-10-23 01:03:01,116.3662983333332,39.99697833333334
Car-1,2011-10-23 01:03:02,116.366208,39.997105666666684
Car-1,2011-10-23 01:03:03,116.3661123333334,39.99722633333332
Car-1,2011-10-23 01:03:04,116.36602916666675,39.997332083333326
Car-1,2011-10-23 01:03:05,116.36591833333324,39.997475416666674
Car-1,2011-10-23 01:03:06,116.3658336666668,39.99758066666666
Car-1,2011-10-23 01:03:07,116.3657443333334,39.99770066666668
Car-1,2011-10-23 01:03:08,116.3656613333334,39.99781833333334
Car-1,2011-10-23 01:03:09,116.36557500000019,39.99793466666668
Car-1,2011-10-23 01:03:10,116.3654916666668,39.99805166666668
Car-1,2011-10-23 01:03:11,116.36540733333341,39.998172
Car-1,2011-10-23 01:03:12,116.365318,39.998291
Car-1,2011-10-23 01:03:13,116.36523233333318,39.99840700000002
Car-1,2011-10-23 01:03:14,116.36514466666681,39.99852533333334
Car-1,2011-10-23 01:03:15,116.36505266666661,39.998647
Car-1,2011-10-23 01:03:16,116.3649613333336,39.99876933333332
Car-1,2011-10-23 01:03:17,116.36486500000001,39.99889
Car-1,2011-10-23 01:03:18,116.36477433333339,39.99900899999998
Car-1,2011-10-23 01:03:19,116.36468500000001,39.99912966666666
Car-1,2011-10-23 01:03:20,116.3646039999998,39.99923966666666
Car-1,2011-10-23 01:03:21,116.36452833333301,39.99934633333332
Car-1,2011-10-23 01:03:22,116.36445,39.999452
Car-1,2011-10-23 01:03:23,116.36437433333319,39.99955133333334
Car-1,2011-10-23 01:03:24,116.3643060000002,39.999646
Car-1,2011-10-23 01:03:25,116.36423099999999,39.999745333333316
Car-1,2011-10-23 01:03:26,116.36415500000001,39.99984666666668
Car-1,2011-10-23 01:03:27,116.3640789999998,39.999942333333344
Car-1,2011-10-23 01:03:28,116.36400499999999,40.00004200000002
Car-1,2011-10-23 01:03:29,116.3639346666666,40.00014033333334
Car-1,2011-10-23 01:03:30,116.363869,40.00023866666666
Car-1,2011-10-23 01:03:31,116.363806,40.00033166666668
Car-1,2011-10-23 01:03:32,116.3637366666666,40.000428
Car-1,2011-10-23 01:03:33,116.363664,40.00052399999998
Car-1,2011-10-23 01:03:34,116.3635760000002,40.00063233333334
Car-1,2011-10-23 01:03:35,116.36347900000001,40.000742
Car-1,2011-10-23 01:03:36,116.3633976666666,40.00084266666666
Car-1,2011-10-23 01:03:37,116.3633,40.0009633333333
Car-1,2011-10-23 01:03:41,116.362986666667,40.00141
Car-1,2011-10-23 01:03:45,116.362706666667,40.001775
Car-1,2011-10-23 01:03:49,116.36242416666701,40.0021416666667
Car-1,2011-10-23 01:03:50,116.36232666666702,40.00225966666666
Car-1,2011-10-23 01:03:51,116.3622506666668,40.00235333333334
Car-1,2011-10-23 01:03:52,116.36217400000001,40.00244899999998
Car-1,2011-10-23 01:03:53,116.3620946666668,40.00254600000002
Car-1,2011-10-23 01:03:54,116.36200899999999,40.002634
Car-1,2011-10-23 01:03:55,116.36192133333341,40.00272733333334
Car-1,2011-10-23 01:03:56,116.36184166666699,40.00282433333332
Car-1,2011-10-23 01:03:57,116.361771,40.00292399999998
Car-1,2011-10-23 01:03:58,116.36170466666661,40.00301999999998
Car-1,2011-10-23 01:03:59,116.3616363333332,40.00311799999998
Car-1,2011-10-23 01:04:00,116.36156299999979,40.003222000000015
Car-1,2011-10-23 01:04:01,116.36148766666679,40.00332399999998
Car-1,2011-10-23 01:04:02,116.36141299999981,40.003421
Car-1,2011-10-23 01:04:03,116.36133799999979,40.003517000000016
Car-1,2011-10-23 01:04:04,116.36127166666661,40.00361033333332
Car-1,2011-10-23 01:04:05,116.3612103333334,40.00369633333332
Car-1,2011-10-23 01:04:06,116.3611479999998,40.00377666666666
Car-1,2011-10-23 01:04:07,116.36108300000001,40.003865000000005
Car-1,2011-10-23 01:04:08,116.36101866666661,40.00395366666666
Car-1,2011-10-23 01:04:09,116.36095599999999,40.00404466666668
Car-1,2011-10-23 01:04:10,116.36089166666679,40.00414
Car-1,2011-10-23 01:04:11,116.3608236666666,40.00423966666666
Car-1,2011-10-23 01:04:12,116.360744,40.004342999999984
Car-1,2011-10-23 01:04:13,116.3606683333334,40.0044433333333
Car-1,2011-10-23 01:04:14,116.3606,40.00454633333336
Car-1,2011-10-23 01:04:15,116.36053,40.004650000000005
Car-1,2011-10-23 01:04:16,116.36045333333341,40.00476166666666
Car-1,2011-10-23 01:04:17,116.3603733333334,40.004881
Car-1,2011-10-23 01:04:18,116.3602989999998,40.00499866666666
Car-1,2011-10-23 01:04:19,116.36022933333341,40.00511733333334
Car-1,2011-10-23 01:04:20,116.360151,40.00523866666664
Car-1,2011-10-23 01:04:21,116.36006299999981,40.005360666666675
Car-1,2011-10-23 01:04:22,116.3599696666668,40.005483
Car-1,2011-10-23 01:04:23,116.3598913333336,40.005596666666676
Car-1,2011-10-23 01:04:24,116.35981333333339,40.00571
Car-1,2011-10-23 01:04:25,116.3597253333334,40.00582833333332
Car-1,2011-10-23 01:04:26,116.3596386666666,40.005949666666666
Car-1,2011-10-23 01:04:27,116.35955333333341,40.00607066666666
Car-1,2011-10-23 01:04:28,116.3594693333334,40.0061933333333
Car-1,2011-10-23 01:04:29,116.3593803333334,40.00632
Car-1,2011-10-23 01:04:30,116.35929300000001,40.00644600000002
Car-1,2011-10-23 01:04:31,116.3592026666666,40.00656833333334
Car-1,2011-10-23 01:04:32,116.35911633333339,40.006690000000006
Car-1,2011-10-23 01:04:33,116.35903,40.00680833333334
Car-1,2011-10-23 01:04:34,116.3589426666666,40.006923
Car-1,2011-10-23 01:04:35,116.35885733333339,40.007038
Car-1,2011-10-23 01:04:36,116.3587686666666,40.007150666666675
Car-1,2011-10-23 01:04:37,116.3586823333334,40.007265333333315
Car-1,2011-10-23 01:04:38,116.35859599999999,40.007382
Car-1,2011-10-23 01:04:39,116.35850599999999,40.00749966666666
Car-1,2011-10-23 01:04:40,116.3584220000002,40.007613666666664
Car-1,2011-10-23 01:04:41,116.35833399999999,40.007731
Car-1,2011-10-23 01:04:42,116.35824866666681,40.007849
Car-1,2011-10-23 01:04:43,116.35817300000001,40.007965333333324
Car-1,2011-10-23 01:04:44,116.3581126666666,40.008075000000005
Car-1,2011-10-23 01:04:45,116.358041,40.008185333333344
Car-1,2011-10-23 01:04:46,116.35795499999999,40.00830166666668
Car-1,2011-10-23 01:04:47,116.35786666666658,40.008415333333325
Car-1,2011-10-23 01:04:48,116.35777633333339,40.00852533333334
Car-1,2011-10-23 01:04:49,116.3576843333332,40.008639
Car-1,2011-10-23 01:04:50,116.3575886666666,40.00876033333334
Car-1,2011-10-23 01:04:51,116.35750466666659,40.008875
Car-1,2011-10-23 01:04:52,116.357428,40.00898266666668
Car-1,2011-10-23 01:04:53,116.35734366666641,40.00909566666666
Car-1,2011-10-23 01:04:54,116.35726600000021,40.00920666666666
Car-1,2011-10-23 01:04:55,116.3571846666666,40.00931533333333
Car-1,2011-10-23 01:04:56,116.35710099999999,40.00942533333334
Car-1,2011-10-23 01:04:57,116.3570243333332,40.00952733333334
Car-1,2011-10-23 01:04:58,116.3569476666668,40.00962966666666
Car-1,2011-10-23 01:04:59,116.35687800000001,40.00972633333336
Car-1,2011-10-23 01:05:00,116.3568129999998,40.009829
Car-1,2011-10-23 01:05:01,116.35675200000018,40.00992933333332
Car-1,2011-10-23 01:05:02,116.35669600000001,40.01003299999998
Car-1,2011-10-23 01:05:03,116.35665433333341,40.01013833333334
Car-1,2011-10-23 01:05:04,116.35660933333341,40.01024766666666
Car-1,2011-10-23 01:05:05,116.356567,40.01036266666668
Car-1,2011-10-23 01:05:06,116.35652766666661,40.01048333333334
Car-1,2011-10-23 01:05:07,116.35648499999999,40.01059633333334
Car-1,2011-10-23 01:05:08,116.356447,40.010703
Car-1,2011-10-23 01:05:09,116.3564073333334,40.010806333333356
Car-1,2011-10-23 01:05:10,116.3563653333332,40.010908999999984
Car-1,2011-10-23 01:05:11,116.3563189999998,40.01101133333336
Car-1,2011-10-23 01:05:12,116.3562756666668,40.0111
Car-1,2011-10-23 01:05:13,116.356225,40.01118366666668
Car-1,2011-10-23 01:05:14,116.35617299999998,40.01126
Car-1,2011-10-23 01:05:15,116.356118,40.01133566666668
Car-1,2011-10-23 01:05:16,116.35606666666699,40.01140633333332
Car-1,2011-10-23 01:05:17,116.35601899999999,40.011471
Car-1,2011-10-23 01:05:18,116.3559803333334,40.01152633333336
Car-1,2011-10-23 01:05:19,116.3559466666666,40.01157399999998
Car-1,2011-10-23 01:05:20,116.35591500000001,40.01161933333334
Car-1,2011-10-23 01:05:21,116.3558886666668,40.011662
Car-1,2011-10-23 01:05:22,116.35587833333341,40.0117
Car-1,2011-10-23 01:05:23,116.3558666666668,40.01173333333334
Car-1,2011-10-23 01:05:24,116.3558446666668,40.011769
Car-1,2011-10-23 01:05:25,116.35580466666661,40.01181133333332
Car-1,2011-10-23 01:05:26,116.35574666666639,40.011852333333344
Car-1,2011-10-23 01:05:27,116.3556713333332,40.011892333333336
Car-1,2011-10-23 01:05:28,116.35558766666661,40.01193433333334
Car-1,2011-10-23 01:05:29,116.355502,40.01197766666666
Car-1,2011-10-23 01:05:30,116.35541866666681,40.01202399999998
Car-1,2011-10-23 01:05:31,116.355338,40.01207566666668
Car-1,2011-10-23 01:05:32,116.3552603333334,40.012130333333324
Car-1,2011-10-23 01:05:33,116.35518866666659,40.012189
Car-1,2011-10-23 01:05:34,116.3551166666668,40.012255333333336
Car-1,2011-10-23 01:05:35,116.3550466666666,40.01232866666664
Car-1,2011-10-23 01:05:36,116.35497633333338,40.012408
Car-1,2011-10-23 01:05:37,116.3548976666666,40.012491999999995
Car-1,2011-10-23 01:05:38,116.35481333333318,40.01258766666666
Car-1,2011-10-23 01:05:39,116.3547273333334,40.01268700000001
Car-1,2011-10-23 01:05:40,116.3546420000002,40.01278566666668
Car-1,2011-10-23 01:05:41,116.3545536666666,40.01288766666666
Car-1,2011-10-23 01:05:42,116.35446966666659,40.01298733333334
Car-1,2011-10-23 01:05:43,116.3543813333334,40.01308933333332
Car-1,2011-10-23 01:05:44,116.354296,40.01318666666668
Car-1,2011-10-23 01:05:45,116.3542066666666,40.013284666666664
Car-1,2011-10-23 01:05:46,116.35411733333339,40.013386666666705
Car-1,2011-10-23 01:05:47,116.35403500000021,40.013488
Car-1,2011-10-23 01:05:48,116.3539540000002,40.01359
Car-1,2011-10-23 01:05:49,116.35387399999979,40.013688
Car-1,2011-10-23 01:05:50,116.3537953333336,40.01378766666668
Car-1,2011-10-23 01:05:51,116.35371233333339,40.013895000000005
Car-1,2011-10-23 01:05:52,116.353624,40.01400866666666
Car-1,2011-10-23 01:05:53,116.3535383333334,40.014122
Car-1,2011-10-23 01:05:54,116.3534520000002,40.01423233333334
Car-1,2011-10-23 01:05:55,116.35336466666658,40.01434600000002
Car-1,2011-10-23 01:05:56,116.35327499999998,40.014461
Car-1,2011-10-23 01:05:57,116.3531846666666,40.014576666666684
Car-1,2011-10-23 01:05:58,116.3530986666666,40.014689
Car-1,2011-10-23 01:05:59,116.35301,40.01480566666666
Car-1,2011-10-23 01:06:00,116.3529183333334,40.014922
Car-1,2011-10-23 01:06:01,116.352828,40.015041333333315
Car-1,2011-10-23 01:06:02,116.35273833333319,40.01515833333334
Car-1,2011-10-23 01:06:03,116.3526483333334,40.015274
Car-1,2011-10-23 01:06:04,116.35256333333321,40.015384
Car-1,2011-10-23 01:06:05,116.3524773333334,40.015495
Car-1,2011-10-23 01:06:06,116.3523903333332,40.01561
Car-1,2011-10-23 01:06:07,116.35230233333341,40.01572333333334
Car-1,2011-10-23 01:06:08,116.352218,40.01583033333334
Car-1,2011-10-23 01:06:09,116.35213100000018,40.01593966666668
Car-1,2011-10-23 01:06:10,116.3520446666668,40.016048
Car-1,2011-10-23 01:06:11,116.351961,40.016155666666656
Car-1,2011-10-23 01:06:12,116.35187733333339,40.01626533333332
Car-1,2011-10-23 01:06:13,116.35179866666661,40.01637133333334
Car-1,2011-10-23 01:06:14,116.35172299999999,40.016473
Car-1,2011-10-23 01:06:15,116.3516403333332,40.01657633333336
Car-1,2011-10-23 01:06:16,116.3515636666666,40.01667566666668
Car-1,2011-10-23 01:06:17,116.35148266666678,40.016779
Car-1,2011-10-23 01:06:18,116.35139933333339,40.01688633333334
Car-1,2011-10-23 01:06:19,116.351314,40.01699866666666
Car-1,2011-10-23 01:06:20,116.3512256666666,40.01711166666666
Car-1,2011-10-23 01:06:21,116.3511373333334,40.01722133333332
Car-1,2011-10-23 01:06:22,116.35104766666659,40.01733866666668
Car-1,2011-10-23 01:06:23,116.3509553333334,40.01746133333336
Car-1,2011-10-23 01:06:24,116.350862,40.01757966666666
Car-1,2011-10-23 01:06:25,116.35076966666661,40.01769333333334
Car-1,2011-10-23 01:06:26,116.35067966666679,40.017807666666656
Car-1,2011-10-23 01:06:27,116.3505906666666,40.017924
Car-1,2011-10-23 01:06:28,116.3505026666666,40.018037666666665
Car-1,2011-10-23 01:06:29,116.3504146666666,40.01814766666666
Car-1,2011-10-23 01:06:30,116.3503243333334,40.01826133333334
Car-1,2011-10-23 01:06:31,116.35023566666659,40.01837466666668
Car-1,2011-10-23 01:06:32,116.35014766666659,40.01848700000002
Car-1,2011-10-23 01:06:33,116.350065,40.018599
Car-1,2011-10-23 01:06:34,116.34997799999981,40.01870966666666
Car-1,2011-10-23 01:06:35,116.3498906666666,40.01882
Car-1,2011-10-23 01:06:36,116.34980633333339,40.01893
Car-1,2011-10-23 01:06:37,116.3497196666666,40.019042
Car-1,2011-10-23 01:06:38,116.3496323333334,40.019154
Car-1,2011-10-23 01:06:39,116.34954466666662,40.01926633333334
Car-1,2011-10-23 01:06:40,116.3494563333334,40.01938133333334
Car-1,2011-10-23 01:06:41,116.3493703333332,40.019501000000005
Car-1,2011-10-23 01:06:42,116.3492853333332,40.019614000000004
Car-1,2011-10-23 01:06:43,116.34919199999999,40.019724333333315
Car-1,2011-10-23 01:06:44,116.349098,40.01984133333334
Car-1,2011-10-23 01:06:45,116.349003,40.019963000000004
Car-1,2011-10-23 01:06:46,116.34890833333341,40.02008399999998
Car-1,2011-10-23 01:06:47,116.3488176666666,40.02020899999998
Car-1,2011-10-23 01:06:48,116.34872266666659,40.02033566666668
Car-1,2011-10-23 01:06:49,116.348626666667,40.020461
Car-1,2011-10-23 01:06:50,116.3485256666668,40.020592
Car-1,2011-10-23 01:06:51,116.348422,40.02072066666666
Car-1,2011-10-23 01:06:52,116.348298333333,40.02088
Car-1,2011-10-23 01:07:15,116.34597708333325,40.023909166666655
Car-1,2011-10-23 01:07:16,116.3458709999998,40.02403966666666
Car-1,2011-10-23 01:07:17,116.345779,40.024151
Car-1,2011-10-23 01:07:18,116.345688,40.02425866666666
Car-1,2011-10-23 01:07:19,116.3456033333334,40.024362666666676
Car-1,2011-10-23 01:07:20,116.3455239999998,40.02446266666666
Car-1,2011-10-23 01:07:21,116.3454523333334,40.02455233333334
Car-1,2011-10-23 01:07:22,116.34538400000001,40.024637999999996
Car-1,2011-10-23 01:07:23,116.34532433333341,40.024718
Car-1,2011-10-23 01:07:24,116.3452653333334,40.02479433333332
Car-1,2011-10-23 01:07:25,116.3452083333334,40.024865666666656
Car-1,2011-10-23 01:07:26,116.3451543333332,40.024932333333346
Car-1,2011-10-23 01:07:27,116.34510633333339,40.02499433333334
Car-1,2011-10-23 01:07:28,116.34506100000002,40.025053
Car-1,2011-10-23 01:07:29,116.3450193333334,40.025108
Car-1,2011-10-23 01:07:30,116.34497900000001,40.02516033333334
Car-1,2011-10-23 01:07:31,116.34494,40.0252116666667
Car-1,2011-10-23 01:07:32,116.34490299999979,40.02526299999998
Car-1,2011-10-23 01:07:33,116.34486166666662,40.02531666666666
Car-1,2011-10-23 01:07:34,116.3448183333334,40.025372333333344
Car-1,2011-10-23 01:07:35,116.3447743333332,40.02543066666666
Car-1,2011-10-23 01:07:36,116.3447263333336,40.02549333333332
Car-1,2011-10-23 01:07:37,116.34467733333341,40.02555733333334
Car-1,2011-10-23 01:07:38,116.3446279999998,40.02562333333334
Car-1,2011-10-23 01:07:39,116.34457466666682,40.02569366666664
Car-1,2011-10-23 01:07:40,116.34451666666659,40.025769333333315
Car-1,2011-10-23 01:07:41,116.34445666666679,40.025847999999996
Car-1,2011-10-23 01:07:42,116.3443963333334,40.025926
Car-1,2011-10-23 01:07:43,116.34433333333341,40.02600033333332
Car-1,2011-10-23 01:07:44,116.3442663333332,40.02608333333334
Car-1,2011-10-23 01:07:45,116.3441966666666,40.02616466666666
Car-1,2011-10-23 01:07:46,116.3441326666668,40.02624233333334
Car-1,2011-10-23 01:07:47,116.3440756666666,40.026313333333306
Car-1,2011-10-23 01:07:48,116.3440126666666,40.02639166666666
Car-1,2011-10-23 01:07:49,116.3439396666666,40.026479
Car-1,2011-10-23 01:07:50,116.3438676666666,40.026566
Car-1,2011-10-23 01:07:51,116.3437929999998,40.02665266666666
Car-1,2011-10-23 01:07:52,116.34372033333321,40.02673433333332
Car-1,2011-10-23 01:07:53,116.34365199999999,40.02681833333332
Car-1,2011-10-23 01:07:54,116.3435879999998,40.026907000000016
Car-1,2011-10-23 01:07:55,116.3435286666668,40.02698899999998
Car-1,2011-10-23 01:07:56,116.34347299999999,40.027065
Car-1,2011-10-23 01:07:57,116.3434186666666,40.02714033333334
Car-1,2011-10-23 01:07:58,116.3433606666666,40.02721633333334
Car-1,2011-10-23 01:07:59,116.3432976666666,40.027297
Car-1,2011-10-23 01:08:00,116.34323541666674,40.02737958333333
Car-1,2011-10-23 01:08:01,116.343162,40.0274766666667
Car-1,2011-10-23 01:08:02,116.343091,40.027576666666675
Car-1,2011-10-23 01:08:03,116.3430203333332,40.027673999999976
Car-1,2011-10-23 01:08:04,116.34295266666679,40.02777566666668
Car-1,2011-10-23 01:08:05,116.34289233333341,40.02786266666666
Car-1,2011-10-23 01:08:06,116.34282533333321,40.02795566666668
Car-1,2011-10-23 01:08:07,116.34275466666661,40.028055
Car-1,2011-10-23 01:08:08,116.3426786666666,40.028156666666675
Car-1,2011-10-23 01:08:09,116.3425956666666,40.028263333333335
Car-1,2011-10-23 01:08:10,116.342518333333,40.02837033333334
Car-1,2011-10-23 01:08:11,116.3424413333332,40.028472666666666
Car-1,2011-10-23 01:08:12,116.34236066666661,40.028571
Car-1,2011-10-23 01:08:13,116.3422973333334,40.028653
Car-1,2011-10-23 01:08:14,116.34222600000021,40.02874566666668
Car-1,2011-10-23 01:08:15,116.34214999999999,40.028850333333324
Car-1,2011-10-23 01:08:16,116.342078333333,40.02895733333332
Car-1,2011-10-23 01:08:17,116.3420056666668,40.0290583333333
Car-1,2011-10-23 01:08:18,116.34193600000019,40.02914933333332
Car-1,2011-10-23 01:08:19,116.3418443333334,40.0292466666667
Car-1,2011-10-23 01:08:20,116.34175833333299,40.029347999999985
Car-1,2011-10-23 01:08:21,116.34168999999979,40.02944466666666
Car-1,2011-10-23 01:08:22,116.34161533333341,40.029547
Car-1,2011-10-23 01:08:23,116.34153799999982,40.02965
Car-1,2011-10-23 01:08:24,116.3414663333336,40.02974733333332
Car-1,2011-10-23 01:08:25,116.341386333333,40.029838666666684
Car-1,2011-10-23 01:08:26,116.3413096666666,40.029922
Car-1,2011-10-23 01:08:27,116.3412313333334,40.03001799999998
Car-1,2011-10-23 01:08:28,116.341139,40.03011799999998
Car-1,2011-10-23 01:08:29,116.34105166666659,40.03021566666668
Car-1,2011-10-23 01:08:30,116.341001,40.030298
Car-1,2011-10-23 01:08:31,116.3409376666666,40.030381666666656
Car-1,2011-10-23 01:08:32,116.3408656666666,40.03046766666668
Car-1,2011-10-23 01:08:33,116.34080133333342,40.030550666666684
Car-1,2011-10-23 01:08:34,116.34073466666659,40.030632333333344
Car-1,2011-10-23 01:08:35,116.34065766666681,40.03072166666666
Car-1,2011-10-23 01:08:36,116.34058533333341,40.03080866666666
Car-1,2011-10-23 01:08:37,116.340521,40.03089
Car-1,2011-10-23 01:08:38,116.34044866666659,40.03097666666666
Car-1,2011-10-23 01:08:39,116.3403710000002,40.031068333333344
Car-1,2011-10-23 01:08:40,116.34029566666679,40.03116266666666
Car-1,2011-10-23 01:08:41,116.34022333333318,40.03125666666668
Car-1,2011-10-23 01:08:42,116.34016133333338,40.03134033333334
Car-1,2011-10-23 01:08:43,116.3400913333334,40.031428
Car-1,2011-10-23 01:08:44,116.340024,40.031514
Car-1,2011-10-23 01:08:45,116.33995999999999,40.031597666666656
Car-1,2011-10-23 01:08:46,116.3398946666666,40.03168
Car-1,2011-10-23 01:08:47,116.33982966666682,40.03175933333332
Car-1,2011-10-23 01:08:48,116.33976633333342,40.031837
Car-1,2011-10-23 01:08:49,116.3397016666668,40.031916000000024
Car-1,2011-10-23 01:08:50,116.33963966666678,40.03199033333334
Car-1,2011-10-23 01:08:51,116.3395783333334,40.032065
Car-1,2011-10-23 01:08:52,116.339519,40.032140000000005
Car-1,2011-10-23 01:08:53,116.33946033333321,40.032213666666635
Car-1,2011-10-23 01:08:54,116.33940199999999,40.03228899999998
Car-1,2011-10-23 01:08:55,116.33934266666661,40.03236566666668
Car-1,2011-10-23 01:08:56,116.33927800000019,40.03244666666666
Car-1,2011-10-23 01:08:57,116.3391913333334,40.03254866666666
Car-1,2011-10-23 01:08:58,116.3391183333334,40.03264033333334
Car-1,2011-10-23 01:08:59,116.33904700000001,40.03273299999999
Car-1,2011-10-23 01:09:00,116.33896866666639,40.032830000000004
Car-1,2011-10-23 01:09:01,116.3388943333332,40.03292600000002
Car-1,2011-10-23 01:09:02,116.3388206666666,40.033023
Car-1,2011-10-23 01:09:03,116.3387556666668,40.03311266666666
Car-1,2011-10-23 01:09:04,116.3386903333336,40.033202666666675
Car-1,2011-10-23 01:09:05,116.33861933333318,40.033297666666684
Car-1,2011-10-23 01:09:06,116.33855133333358,40.03339799999998
Car-1,2011-10-23 01:09:07,116.3384746666666,40.03349966666666
Car-1,2011-10-23 01:09:08,116.3383996666666,40.033595333333324
Car-1,2011-10-23 01:09:09,116.3383296666666,40.03368866666666
Car-1,2011-10-23 01:09:10,116.33825766666659,40.033789999999996
Car-1,2011-10-23 01:09:11,116.3381953333334,40.03388133333334
Car-1,2011-10-23 01:09:12,116.33812333333302,40.03397433333332
Car-1,2011-10-23 01:09:13,116.33804433333339,40.0340716666667
Car-1,2011-10-23 01:09:14,116.33796666666699,40.034172999999996
Car-1,2011-10-23 01:09:15,116.3378906666668,40.034275
Car-1,2011-10-23 01:09:16,116.3378153333332,40.034374666666665
Car-1,2011-10-23 01:09:17,116.3377316666666,40.034479666666684
Car-1,2011-10-23 01:09:18,116.3376273333336,40.03459466666668
Car-1,2011-10-23 01:09:19,116.337535,40.03470366666666
Car-1,2011-10-23 01:09:20,116.3374563333336,40.03480966666666
Car-1,2011-10-23 01:09:21,116.3373826666666,40.03490933333334
Car-1,2011-10-23 01:09:22,116.3373086666664,40.035006000000024
Car-1,2011-10-23 01:09:23,116.33724066666659,40.03510099999998
Car-1,2011-10-23 01:09:24,116.337167,40.035201000000015
Car-1,2011-10-23 01:09:25,116.33708733333319,40.035312333333344
Car-1,2011-10-23 01:09:26,116.33700033333339,40.03543166666668
Car-1,2011-10-23 01:09:27,116.3369133333334,40.03554666666666
Car-1,2011-10-23 01:09:28,116.33680966666641,40.03566466666666
Car-1,2011-10-23 01:09:29,116.33671166666662,40.03578566666668
Car-1,2011-10-23 01:09:30,116.3366283333334,40.035905
Car-1,2011-10-23 01:09:31,116.3365456666666,40.036021
Car-1,2011-10-23 01:09:32,116.3364570000002,40.036134333333344
Car-1,2011-10-23 01:09:33,116.336367,40.03625
Car-1,2011-10-23 01:09:34,116.33627799999981,40.036363
Car-1,2011-10-23 01:09:35,116.33619333333361,40.0364666666667
Car-1,2011-10-23 01:09:36,116.3361113333334,40.03657433333332
Car-1,2011-10-23 01:09:37,116.3360389999998,40.036685
Car-1,2011-10-23 01:09:38,116.3359620000002,40.03678700000002
Car-1,2011-10-23 01:09:39,116.33588133333339,40.03689266666666
Car-1,2011-10-23 01:09:40,116.3357966666666,40.03699533333334
Car-1,2011-10-23 01:09:41,116.3357176666666,40.03709166666668
Car-1,2011-10-23 01:09:42,116.3356423333332,40.037187
Car-1,2011-10-23 01:09:43,116.3355743333332,40.03727466666666
Car-1,2011-10-23 01:09:44,116.3355086666666,40.037357
Car-1,2011-10-23 01:09:45,116.33544266666661,40.03743566666666
Car-1,2011-10-23 01:09:46,116.3353739999998,40.037521000000005
Car-1,2011-10-23 01:09:47,116.33529533333319,40.03761233333332
Car-1,2011-10-23 01:09:48,116.33521733333339,40.03770333333334
Car-1,2011-10-23 01:09:49,116.33514699999981,40.03779333333334
Car-1,2011-10-23 01:09:50,116.3350746666666,40.03788866666664
Car-1,2011-10-23 01:09:51,116.334996,40.03798899999998
Car-1,2011-10-23 01:09:52,116.3349129999998,40.038092666666685
Car-1,2011-10-23 01:09:53,116.33483866666661,40.038198
Car-1,2011-10-23 01:09:54,116.33476100000021,40.03829966666666
Car-1,2011-10-23 01:09:55,116.33468366666659,40.038393666666664
Car-1,2011-10-23 01:09:56,116.3346110000002,40.038493
Car-1,2011-10-23 01:09:57,116.33453033333319,40.038602333333316
Car-1,2011-10-23 01:09:58,116.3344453333332,40.03871366666668
Car-1,2011-10-23 01:09:59,116.33436533333341,40.038821999999996
Car-1,2011-10-23 01:10:00,116.33429100000001,40.03893066666666
Car-1,2011-10-23 01:10:01,116.3342103333334,40.039041333333344
Car-1,2011-10-23 01:10:02,116.33412533333339,40.03915433333334
Car-1,2011-10-23 01:10:03,116.334048333333,40.039255000000004
Car-1,2011-10-23 01:10:04,116.3339720000002,40.03936066666668
Car-1,2011-10-23 01:10:05,116.3338936666668,40.039474
Car-1,2011-10-23 01:10:06,116.33380500000001,40.03958866666666
Car-1,2011-10-23 01:10:07,116.33371366666661,40.03970666666666
Car-1,2011-10-23 01:10:08,116.33362366666661,40.03982799999998
Car-1,2011-10-23 01:10:09,116.33352233333339,40.039948333333335
Car-1,2011-10-23 01:10:10,116.3334263333334,40.040066
Car-1,2011-10-23 01:10:11,116.3333313333334,40.040186
Car-1,2011-10-23 01:10:12,116.3332386666668,40.04030633333332
Car-1,2011-10-23 01:10:13,116.3331563333332,40.04042166666668
Car-1,2011-10-23 01:10:14,116.33307633333361,40.04053499999998
Car-1,2011-10-23 01:10:15,116.3330010000002,40.04065233333334
Car-1,2011-10-23 01:10:16,116.3329250000002,40.04076766666668
Car-1,2011-10-23 01:10:17,116.33284033333321,40.04088633333334
Car-1,2011-10-23 01:10:18,116.3327523333334,40.04100166666666
Car-1,2011-10-23 01:10:19,116.33266833333342,40.04111666666668
Car-1,2011-10-23 01:10:20,116.3325926666666,40.04122166666669
Car-1,2011-10-23 01:10:21,116.3325213333336,40.04132399999998
Car-1,2011-10-23 01:10:22,116.332445,40.04142866666666
Car-1,2011-10-23 01:10:23,116.3323676666666,40.04153866666665
Car-1,2011-10-23 01:10:24,116.33227199999999,40.041656
Car-1,2011-10-23 01:10:25,116.332178,40.04177700000002
Car-1,2011-10-23 01:10:26,116.3320929999998,40.041903000000005
Car-1,2011-10-23 01:10:27,116.332006,40.04202833333332
Car-1,2011-10-23 01:10:28,116.3319170000002,40.04215066666666
Car-1,2011-10-23 01:10:29,116.33183033333339,40.0422716666667
Car-1,2011-10-23 01:10:30,116.3317453333336,40.04239233333334
Car-1,2011-10-23 01:10:31,116.33165466666681,40.042508333333345
Car-1,2011-10-23 01:10:32,116.331562,40.042624333333336
Car-1,2011-10-23 01:10:33,116.331475,40.042739
Car-1,2011-10-23 01:10:34,116.33139666666679,40.042851666666664
Car-1,2011-10-23 01:10:35,116.33132033333341,40.04296333333334
Car-1,2011-10-23 01:10:36,116.3312466666666,40.043079999999996
Car-1,2011-10-23 01:10:37,116.3311776666668,40.043195000000004
Car-1,2011-10-23 01:10:38,116.331116,40.04330966666666
Car-1,2011-10-23 01:10:39,116.33105033333341,40.043425333333325
Car-1,2011-10-23 01:10:40,116.3309786666664,40.04354266666665
Car-1,2011-10-23 01:10:41,116.33090266666659,40.043656333333345
Car-1,2011-10-23 01:10:42,116.3308323333332,40.04376366666666
Car-1,2011-10-23 01:10:43,116.33076000000001,40.043862000000004
Car-1,2011-10-23 01:10:44,116.33069033333341,40.04395266666668
Car-1,2011-10-23 01:10:45,116.330621,40.04404766666666
Car-1,2011-10-23 01:10:46,116.3305623333334,40.04413466666668
Car-1,2011-10-23 01:10:47,116.33050399999999,40.044211333333365
Car-1,2011-10-23 01:10:48,116.3304523333334,40.044279
Car-1,2011-10-23 01:10:49,116.33040833333321,40.04433733333332
Car-1,2011-10-23 01:10:50,116.3303726666666,40.04438533333334
Car-1,2011-10-23 01:10:51,116.3303426666666,40.04442900000002
Car-1,2011-10-23 01:10:52,116.330313,40.044472666666664
Car-1,2011-10-23 01:10:53,116.3302763333334,40.04452533333332
Car-1,2011-10-23 01:10:54,116.33023399999999,40.04458366666666
Car-1,2011-10-23 01:10:55,116.33018899999999,40.04464833333334
Car-1,2011-10-23 01:10:56,116.33014966666681,40.044714
Car-1,2011-10-23 01:10:57,116.3301146666668,40.04478366666664
Car-1,2011-10-23 01:10:58,116.3300866666668,40.0448566666667
Car-1,2011-10-23 01:10:59,116.33006333333302,40.044936
Car-1,2011-10-23 01:11:00,116.3300393333332,40.045017
Car-1,2011-10-23 01:11:01,116.3300146666666,40.045100000000005
Car-1,2011-10-23 01:11:02,116.329986,40.04518466666666
Car-1,2011-10-23 01:11:03,116.329955,40.04526966666666
Car-1,2011-10-23 01:11:04,116.329924,40.04535100000002
Car-1,2011-10-23 01:11:05,116.32988700000001,40.04542633333336
Car-1,2011-10-23 01:11:06,116.3298423333334,40.045503333333315
Car-1,2011-10-23 01:11:07,116.32979066666681,40.04558366666668
Car-1,2011-10-23 01:11:08,116.32973466666661,40.04566533333334
Car-1,2011-10-23 01:11:09,116.32966733333319,40.04575533333332
Car-1,2011-10-23 01:11:10,116.3295936666668,40.04584966666668
Car-1,2011-10-23 01:11:11,116.3295256666668,40.04594466666668
Car-1,2011-10-23 01:11:12,116.3294503333334,40.04604233333334
Car-1,2011-10-23 01:11:13,116.3293626666668,40.046150333333344
Car-1,2011-10-23 01:11:14,116.329277,40.04625666666666
Car-1,2011-10-23 01:11:15,116.3291829999998,40.04637166666666
Car-1,2011-10-23 01:11:16,116.3290793333332,40.046490999999996
Car-1,2011-10-23 01:11:17,116.3289916666668,40.04660233333334
Car-1,2011-10-23 01:11:18,116.328906666667,40.04671066666666
Car-1,2011-10-23 01:11:19,116.3288223333332,40.04682166666666
Car-1,2011-10-23 01:11:20,116.32873099999999,40.04694066666666
Car-1,2011-10-23 01:11:21,116.3286466666666,40.047054
Car-1,2011-10-23 01:11:22,116.3285556666666,40.04717066666666
Car-1,2011-10-23 01:11:23,116.32847466666661,40.047282
Car-1,2011-10-23 01:11:24,116.3283903333332,40.04739633333334
Car-1,2011-10-23 01:11:25,116.3283053333334,40.04750866666668
Car-1,2011-10-23 01:11:26,116.3282243333334,40.047617
Car-1,2011-10-23 01:11:27,116.328144,40.04772266666666
Car-1,2011-10-23 01:11:28,116.3280626666666,40.0478233333333
Car-1,2011-10-23 01:11:29,116.327979,40.0479233333333
Car-1,2011-10-23 01:11:30,116.32789966666681,40.048023999999984
Car-1,2011-10-23 01:11:31,116.3278196666666,40.04812566666668
Car-1,2011-10-23 01:11:32,116.32773266666659,40.048238333333316
Car-1,2011-10-23 01:11:33,116.3276363333334,40.04835866666664
Car-1,2011-10-23 01:11:34,116.3275423333334,40.04847700000002
Car-1,2011-10-23 01:11:35,116.327465,40.04858666666666
Car-1,2011-10-23 01:11:36,116.3273886666666,40.048688666666656
Car-1,2011-10-23 01:11:37,116.3273043333334,40.04879766666666
Car-1,2011-10-23 01:11:38,116.3272153333332,40.04890833333334
Car-1,2011-10-23 01:11:39,116.3271386666668,40.0490133333333
Car-1,2011-10-23 01:11:40,116.32706499999999,40.049116333333316
Car-1,2011-10-23 01:11:41,116.3269923333334,40.04922066666668
Car-1,2011-10-23 01:11:42,116.32691066666659,40.04931766666666
Car-1,2011-10-23 01:11:43,116.3268293333332,40.04942133333336
Car-1,2011-10-23 01:11:44,116.3267533333332,40.049522666666675
Car-1,2011-10-23 01:11:45,116.32667433333361,40.049630333333326
Car-1,2011-10-23 01:11:46,116.3265936666666,40.04973866666668
Car-1,2011-10-23 01:11:47,116.326516,40.049844
Car-1,2011-10-23 01:11:48,116.32643733333342,40.04994700000002
Car-1,2011-10-23 01:11:49,116.32636533333338,40.05004966666666
Car-1,2011-10-23 01:11:50,116.3262966666666,40.05014633333334
Car-1,2011-10-23 01:11:51,116.3262266666666,40.05024333333334
Car-1,2011-10-23 01:11:52,116.326155,40.05033666666666
Car-1,2011-10-23 01:11:53,116.32608,40.05042733333334
Car-1,2011-10-23 01:11:54,116.32599366666679,40.050518999999994
Car-1,2011-10-23 01:11:55,116.3258976666666,40.050608999999994
Car-1,2011-10-23 01:11:56,116.32579533333339,40.05069666666668
Car-1,2011-10-23 01:11:57,116.3256866666668,40.05078633333334
Car-1,2011-10-23 01:11:58,116.32557333333321,40.05088033333332
Car-1,2011-10-23 01:11:59,116.3254616666668,40.05097533333334
Car-1,2011-10-23 01:12:00,116.3253556666668,40.051068
Car-1,2011-10-23 01:12:01,116.3252593333334,40.051151666666655
Car-1,2011-10-23 01:12:02,116.32516533333319,40.05123866666666
Car-1,2011-10-23 01:12:03,116.325078,40.051326333333336
Car-1,2011-10-23 01:12:04,116.3250003333334,40.051415999999996
Car-1,2011-10-23 01:12:05,116.3249266666666,40.05151033333332
Car-1,2011-10-23 01:12:06,116.3248623333332,40.05159999999999
Car-1,2011-10-23 01:12:07,116.32479633333318,40.051691666666656
Car-1,2011-10-23 01:12:08,116.32472633333342,40.051784
Car-1,2011-10-23 01:12:09,116.32465833333319,40.05187466666668
Car-1,2011-10-23 01:12:10,116.3245946666668,40.05196633333334
Car-1,2011-10-23 01:12:11,116.3245306666668,40.0520633333333
Car-1,2011-10-23 01:12:12,116.32445899999979,40.05216100000002
Car-1,2011-10-23 01:12:13,116.3243836666664,40.05225933333332
Car-1,2011-10-23 01:12:14,116.3243143333334,40.05235366666668
Car-1,2011-10-23 01:12:15,116.32424966666682,40.05244433333334
Car-1,2011-10-23 01:12:16,116.32417700000019,40.05253966666666
Car-1,2011-10-23 01:12:17,116.3241053333334,40.052633999999976
Car-1,2011-10-23 01:12:18,116.32403,40.052734
Car-1,2011-10-23 01:12:19,116.3239556666668,40.05284333333334
Car-1,2011-10-23 01:12:20,116.3238786666664,40.05295233333332
Car-1,2011-10-23 01:12:21,116.32380666666658,40.05305133333332
Car-1,2011-10-23 01:12:22,116.32373566666661,40.05314200000002
Car-1,2011-10-23 01:12:23,116.3236736666668,40.05322433333332
Car-1,2011-10-23 01:12:24,116.32361599999999,40.0532983333333
Car-1,2011-10-23 01:12:25,116.3235586666666,40.053368666666685
Car-1,2011-10-23 01:12:26,116.32350799999999,40.05343166666666
Car-1,2011-10-23 01:12:27,116.323458333333,40.0535
Car-1,2011-10-23 01:12:43,116.323253333333,40.05371
Car-1,2011-10-23 01:12:44,116.32324666666659,40.053715333333336
Car-1,2011-10-23 01:12:45,116.32324200000001,40.05371899999998
Car-1,2011-10-23 01:12:46,116.32323799999999,40.05372233333334
Car-1,2011-10-23 01:12:47,116.3232346666666,40.053725
Car-1,2011-10-23 01:12:48,116.32323166666679,40.053727333333335
Car-1,2011-10-23 01:12:49,116.32322899999981,40.053728666666636
Car-1,2011-10-23 01:12:50,116.3232270000002,40.05373033333334
Car-1,2011-10-23 01:12:51,116.32322633333361,40.0537316666667
Car-1,2011-10-23 01:12:52,116.32322666666701,40.05373100000002
Car-1,2011-10-23 01:12:53,116.32322733333339,40.05373
Car-1,2011-10-23 01:12:54,116.323228333333,40.0537283333333
Car-1,2011-10-23 01:12:55,116.323228333333,40.0537283333333
Car-1,2011-10-23 01:12:56,116.323228333333,40.0537283333333
Car-1,2011-10-23 01:12:57,116.323228333333,40.0537283333333
Car-1,2011-10-23 01:12:58,116.32322966666659,40.053727333333335
Car-1,2011-10-23 01:12:59,116.32323100000019,40.05372566666668
Car-1,2011-10-23 01:13:00,116.3232333333332,40.05372299999998
Car-1,2011-10-23 01:14:34,116.32310333333301,40.053953
Car-1,2011-10-23 01:14:35,116.32305233333341,40.054014
Car-1,2011-10-23 01:14:36,116.3229989999998,40.05407633333334
Car-1,2011-10-23 01:14:37,116.3229473333334,40.054138
Car-1,2011-10-23 01:14:38,116.3228970000002,40.05419633333332
Car-1,2011-10-23 01:14:39,116.3228493333332,40.054252
Car-1,2011-10-23 01:14:40,116.322801666667,40.05430566666668
Car-1,2011-10-23 01:14:41,116.322751666667,40.054359
Car-1,2011-10-23 01:14:42,116.32270166666699,40.054418
Car-1,2011-10-23 01:14:43,116.32265333333301,40.054480666666656
Car-1,2011-10-23 01:14:44,116.3226043333332,40.054544
Car-1,2011-10-23 01:14:45,116.322553,40.054610000000004
Car-1,2011-10-23 01:14:46,116.32249999999999,40.054678
Car-1,2011-10-23 01:14:47,116.322448333333,40.05475
Car-1,2011-10-23 01:14:48,116.3223979999998,40.054825
Car-1,2011-10-23 01:14:49,116.32235,40.05490133333336
Car-1,2011-10-23 01:14:50,116.32230366666658,40.054978333333295
Car-1,2011-10-23 01:14:51,116.32225799999999,40.05505
Car-1,2011-10-23 01:14:52,116.322215,40.05511433333334
Car-1,2011-10-23 01:14:53,116.32217533333319,40.055171000000016
Car-1,2011-10-23 01:14:54,116.32213999999999,40.05521766666666
Car-1,2011-10-23 01:14:55,116.3221089999998,40.05525566666668
Car-1,2011-10-23 01:14:56,116.32208733333341,40.055279666666685
Car-1,2011-10-23 01:14:57,116.3220733333332,40.05529166666666
Car-1,2011-10-23 01:14:58,116.322064,40.05529866666668
Car-1,2011-10-23 01:14:59,116.3220543333332,40.05530766666666
Car-1,2011-10-23 01:15:00,116.3220486666668,40.0553116666667
Car-1,2011-10-23 01:15:01,116.322045,40.0553133333333
Car-1,2011-10-23 01:15:02,116.3220436666664,40.055315
Car-1,2011-10-23 01:15:03,116.322043333333,40.055315
Car-1,2011-10-23 01:15:04,116.322043333333,40.055315
Car-1,2011-10-23 01:15:05,116.322043333333,40.055315
Car-1,2011-10-23 01:15:06,116.322043333333,40.055315
Car-1,2011-10-23 01:15:07,116.322043333333,40.05531566666668
Car-1,2011-10-23 01:15:08,116.322043333333,40.0553166666667
Car-1,2011-10-23 01:15:09,116.322043333333,40.05531700000002
Car-1,2011-10-23 01:15:10,116.322043333333,40.05531899999998
Car-1,2011-10-23 01:15:11,116.322045,40.05532100000002
Car-1,2011-10-23 01:15:12,116.3220443333332,40.05532399999998
Car-1,2011-10-23 01:15:13,116.32204299999981,40.05532633333336
Car-1,2011-10-23 01:15:14,116.32204166666699,40.05532866666664
Car-1,2011-10-23 01:15:15,116.3220413333336,40.05533066666668
Car-1,2011-10-23 01:15:16,116.32203999999999,40.05533233333334
Car-1,2011-10-23 01:15:17,116.32203866666639,40.05533366666664
Car-1,2011-10-23 01:15:18,116.3220373333334,40.055335
Car-1,2011-10-23 01:15:19,116.32203600000021,40.0553366666667
Car-1,2011-10-23 01:15:20,116.3220343333332,40.05533899999998
Car-1,2011-10-23 01:15:21,116.322033333333,40.05534100000002
Car-1,2011-10-23 01:15:22,116.3220323333334,40.05534299999998
Car-1,2011-10-23 01:15:23,116.322031666667,40.055345
Car-1,2011-10-23 01:15:24,116.322031666667,40.05534700000002
Car-1,2011-10-23 01:15:25,116.322031666667,40.05534933333332
Car-1,2011-10-23 01:15:26,116.32203,40.05535133333336
Car-1,2011-10-23 01:15:27,116.32202899999979,40.0553533333333
Car-1,2011-10-23 01:15:28,116.3220266666668,40.055355
Car-1,2011-10-23 01:15:29,116.32202499999998,40.0553566666667
Car-1,2011-10-23 01:15:30,116.32202399999979,40.0553566666667
Car-1,2011-10-23 01:15:31,116.3220223333334,40.05535733333333
Car-1,2011-10-23 01:15:32,116.3220206666668,40.0553566666667
Car-1,2011-10-23 01:15:33,116.3220183333332,40.05535566666668
Car-1,2011-10-23 01:15:34,116.32201566666679,40.05535433333332
Car-1,2011-10-23 01:15:35,116.32201433333321,40.05535299999998
Car-1,2011-10-23 01:15:36,116.3220126666666,40.05535200000002
Car-1,2011-10-23 01:15:37,116.3220113333336,40.05535399999998
Car-1,2011-10-23 01:15:38,116.3220110000002,40.055357
Car-1,2011-10-23 01:15:39,116.32201233333339,40.05536133333334
Car-1,2011-10-23 01:15:40,116.32201433333321,40.055364333333316
Car-1,2011-10-23 01:15:41,116.3220163333336,40.055367333333336
Car-1,2011-10-23 01:15:42,116.3220176666666,40.0553683333333
Car-1,2011-10-23 01:15:43,116.3220189999998,40.05537
Car-1,2011-10-23 01:15:44,116.32202,40.05537133333336
Car-1,2011-10-23 01:15:45,116.3220183333332,40.055372666666656
Car-1,2011-10-23 01:15:46,116.32201333333339,40.055375
Car-1,2011-10-23 01:15:47,116.32197866666641,40.055392666666634
Car-1,2011-10-23 01:15:48,116.3219386666668,40.055413
Car-1,2011-10-23 01:15:49,116.3219,40.055439
Car-1,2011-10-23 01:15:50,116.3218649999998,40.05546866666664
Car-1,2011-10-23 01:15:51,116.32183566666681,40.05549399999998
Car-1,2011-10-23 01:15:52,116.3218063333334,40.055521999999996
Car-1,2011-10-23 01:15:53,116.321776,40.055552333333345
Car-1,2011-10-23 01:15:54,116.321744,40.055585
Car-1,2011-10-23 01:15:55,116.32171100000001,40.055622
Car-1,2011-10-23 01:15:56,116.32167266666661,40.05566633333334
Car-1,2011-10-23 01:15:57,116.3216303333334,40.05571766666668
Car-1,2011-10-23 01:15:58,116.3215863333332,40.05577333333334
Car-1,2011-10-23 01:15:59,116.32155,40.05583166666666
Car-1,2011-10-23 01:16:00,116.32151866666679,40.05589333333332
Car-1,2011-10-23 01:16:01,116.32148833333319,40.05595833333334
Car-1,2011-10-23 01:16:02,116.32146066666681,40.05602633333334
Car-1,2011-10-23 01:16:03,116.32143,40.05610033333334
Car-1,2011-10-23 01:16:04,116.3213993333334,40.05617700000002
Car-1,2011-10-23 01:16:05,116.321371666667,40.05625533333334
Car-1,2011-10-23 01:16:06,116.32134766666661,40.05633200000002
Car-1,2011-10-23 01:16:07,116.32132033333339,40.056412
Car-1,2011-10-23 01:16:08,116.3212836666668,40.056497999999976
Car-1,2011-10-23 01:16:09,116.3212383333334,40.05659133333332
Car-1,2011-10-23 01:16:10,116.3211760000002,40.05669633333334
Car-1,2011-10-23 01:16:11,116.3211083333334,40.05678733333336
Car-1,2011-10-23 01:16:12,116.3210293333332,40.056888
Car-1,2011-10-23 01:16:13,116.3209503333334,40.056995
Car-1,2011-10-23 01:16:14,116.3208746666666,40.05709366666668
Car-1,2011-10-23 01:16:15,116.3207913333332,40.05718166666668
Car-1,2011-10-23 01:16:16,116.32068166666679,40.057261
Car-1,2011-10-23 01:16:17,116.32057966666659,40.057328666666685
Car-1,2011-10-23 01:16:18,116.320488,40.05739766666666
Car-1,2011-10-23 01:16:19,116.3203920000002,40.057473333333334
Car-1,2011-10-23 01:16:20,116.32028700000001,40.05755899999998
Car-1,2011-10-23 01:16:21,116.3201893333334,40.05764566666668
Car-1,2011-10-23 01:16:22,116.32010733333341,40.05771933333334
Car-1,2011-10-23 01:16:23,116.32002866666639,40.05778566666666
Car-1,2011-10-23 01:16:24,116.31995300000001,40.05785166666666
Car-1,2011-10-23 01:16:25,116.31988099999998,40.05791633333334
Car-1,2011-10-23 01:16:26,116.319797,40.057981
Car-1,2011-10-23 01:16:27,116.3197206666666,40.05804833333334
Car-1,2011-10-23 01:16:28,116.3196613333334,40.05811533333334
Car-1,2011-10-23 01:16:29,116.31961133333341,40.05817633333332
Car-1,2011-10-23 01:16:30,116.3195666666666,40.05822799999998
Car-1,2011-10-23 01:16:31,116.319526,40.058273
Car-1,2011-10-23 01:16:32,116.3194886666666,40.05831533333332
Car-1,2011-10-23 01:16:33,116.31945499999999,40.05835933333334
Car-1,2011-10-23 01:16:34,116.31942133333341,40.058403333333345
Car-1,2011-10-23 01:16:35,116.3193853333332,40.05844866666664
Car-1,2011-10-23 01:16:36,116.3193466666668,40.058498999999976
Car-1,2011-10-23 01:16:37,116.31930600000001,40.05855433333334
Car-1,2011-10-23 01:16:38,116.31926200000001,40.058611666666664
Car-1,2011-10-23 01:16:39,116.31921700000001,40.05867066666666
Car-1,2011-10-23 01:16:40,116.3191726666666,40.05872966666668
Car-1,2011-10-23 01:16:41,116.319129,40.058786
Car-1,2011-10-23 01:16:42,116.3190829999998,40.058845
Car-1,2011-10-23 01:16:43,116.31903500000001,40.058907666666656
Car-1,2011-10-23 01:16:44,116.3189860000002,40.05897066666667
Car-1,2011-10-23 01:16:45,116.31893533333341,40.059035
Car-1,2011-10-23 01:16:46,116.31888066666662,40.059102666666675
Car-1,2011-10-23 01:16:47,116.3188233333334,40.05917766666668
Car-1,2011-10-23 01:16:48,116.31876500000001,40.05925866666668
Car-1,2011-10-23 01:16:49,116.3187056666666,40.05934266666666
Car-1,2011-10-23 01:16:50,116.31864833333341,40.05942233333334
Car-1,2011-10-23 01:16:51,116.31858933333339,40.059503333333325
Car-1,2011-10-23 01:16:52,116.3185303333332,40.05959633333332
Car-1,2011-10-23 01:16:53,116.31847266666679,40.05968833333334
Car-1,2011-10-23 01:16:54,116.31841433333338,40.05979066666668
Car-1,2011-10-23 01:16:55,116.31833066666658,40.059906999999995
Car-1,2011-10-23 01:16:56,116.3182523333334,40.060012999999984
Car-1,2011-10-23 01:16:57,116.3181786666664,40.06011066666668
Car-1,2011-10-23 01:16:58,116.3181050000002,40.060210999999995
Car-1,2011-10-23 01:16:59,116.3180203333332,40.06032166666667
Car-1,2011-10-23 01:17:00,116.31794500000001,40.06042533333334
Car-1,2011-10-23 01:17:01,116.3178696666666,40.06052966666666
Car-1,2011-10-23 01:17:02,116.3177896666668,40.06063566666666
Car-1,2011-10-23 01:17:03,116.31771100000019,40.06074366666668
Car-1,2011-10-23 01:17:04,116.3176313333332,40.06084799999998
Car-1,2011-10-23 01:17:05,116.3175503333332,40.06094633333336
Car-1,2011-10-23 01:17:06,116.3174623333334,40.06104866666666
Car-1,2011-10-23 01:17:07,116.31739233333319,40.06115233333334
Car-1,2011-10-23 01:17:08,116.317317,40.06125200000002
Car-1,2011-10-23 01:17:09,116.3172406666666,40.061352333333346
Car-1,2011-10-23 01:17:10,116.317168333333,40.061457
Car-1,2011-10-23 01:17:11,116.31709333333299,40.061562
Car-1,2011-10-23 01:17:12,116.31701000000001,40.06166533333334
Car-1,2011-10-23 01:17:13,116.3169206666668,40.061774
Car-1,2011-10-23 01:17:14,116.3168273333334,40.06188733333334
Car-1,2011-10-23 01:17:15,116.31672499999999,40.062
Car-1,2011-10-23 01:17:16,116.31663066666681,40.06212066666668
Car-1,2011-10-23 01:17:17,116.3165446666668,40.062235
Car-1,2011-10-23 01:17:18,116.3164603333332,40.062347333333335
Car-1,2011-10-23 01:17:19,116.3163796666668,40.062462333333336
Car-1,2011-10-23 01:17:20,116.3162946666666,40.06257666666666
Car-1,2011-10-23 01:17:21,116.3162016666668,40.06269433333332
Car-1,2011-10-23 01:17:22,116.3161053333334,40.06281566666668
Car-1,2011-10-23 01:17:23,116.31600900000021,40.062936
Car-1,2011-10-23 01:17:24,116.3159133333334,40.06305766666666
Car-1,2011-10-23 01:17:25,116.3158153333334,40.06318033333334
Car-1,2011-10-23 01:17:26,116.3157136666664,40.06330166666666
Car-1,2011-10-23 01:17:27,116.3156153333334,40.06342233333334
Car-1,2011-10-23 01:17:28,116.31551833333302,40.063545
Car-1,2011-10-23 01:17:29,116.31542033333339,40.06366566666668
Car-1,2011-10-23 01:17:30,116.31532600000021,40.06378733333336
Car-1,2011-10-23 01:17:31,116.315229,40.06391600000002
Car-1,2011-10-23 01:17:32,116.3151393333334,40.06403933333332
Car-1,2011-10-23 01:17:33,116.31504799999979,40.06416233333334
Car-1,2011-10-23 01:17:34,116.31495166666659,40.06429233333332
Car-1,2011-10-23 01:17:35,116.31486299999999,40.0644183333333
Car-1,2011-10-23 01:17:36,116.3147620000002,40.06455100000002
Car-1,2011-10-23 01:17:37,116.314638333333,40.0647133333333
Car-1,2011-10-23 01:22:29,116.27756833333325,40.109634583333325
Car-1,2011-10-23 01:22:30,116.2774263333336,40.109753
Car-1,2011-10-23 01:22:31,116.2773073333334,40.109857666666656
Car-1,2011-10-23 01:22:32,116.2771966666666,40.109958333333324
Car-1,2011-10-23 01:22:33,116.27709,40.110048333333324
Car-1,2011-10-23 01:22:34,116.2769823333334,40.11013066666668
Car-1,2011-10-23 01:22:35,116.276885,40.11019833333332
Car-1,2011-10-23 01:22:36,116.27679699999999,40.11025733333334
Car-1,2011-10-23 01:22:37,116.2767189999998,40.110315
Car-1,2011-10-23 01:22:38,116.2766503333334,40.1103666666667
Car-1,2011-10-23 01:22:39,116.2765863333334,40.11041433333332
Car-1,2011-10-23 01:22:40,116.27652,40.110459666666664
Car-1,2011-10-23 01:22:41,116.2764533333334,40.11050799999998
Car-1,2011-10-23 01:22:42,116.2763856666666,40.11055933333332
Car-1,2011-10-23 01:22:43,116.27632100000001,40.110614
Car-1,2011-10-23 01:22:44,116.276263,40.11067133333332
Car-1,2011-10-23 01:22:45,116.2762136666666,40.11072833333334
Car-1,2011-10-23 01:22:46,116.2761686666666,40.11079066666666
Car-1,2011-10-23 01:22:47,116.27612777777767,40.11085
Car-1,2011-10-23 01:22:48,116.2760806666668,40.11092066666666
Car-1,2011-10-23 01:22:49,116.2760329999998,40.110992000000024
Car-1,2011-10-23 01:22:50,116.275982,40.1110666666667
Car-1,2011-10-23 01:22:51,116.27592299999999,40.11114100000002
Car-1,2011-10-23 01:22:52,116.2758539999998,40.1112166666667
Car-1,2011-10-23 01:22:53,116.2757779999998,40.111296000000024
Car-1,2011-10-23 01:22:54,116.2756963333334,40.111371000000005
Car-1,2011-10-23 01:22:55,116.27560833333321,40.11144766666668
Car-1,2011-10-23 01:22:56,116.2755093333332,40.11152866666666
Car-1,2011-10-23 01:22:57,116.2754076666666,40.11161
Car-1,2011-10-23 01:22:58,116.275306666667,40.11169066666668
Car-1,2011-10-23 01:22:59,116.27520600000021,40.11176666666668
Car-1,2011-10-23 01:23:00,116.275098,40.111845333333335
Car-1,2011-10-23 01:23:01,116.2749926666668,40.111937999999995
Car-1,2011-10-23 01:23:02,116.2748686666664,40.11203266666668
Car-1,2011-10-23 01:23:03,116.274748,40.112125000000006
Car-1,2011-10-23 01:23:04,116.274631,40.11220733333332
Car-1,2011-10-23 01:23:05,116.2745123333334,40.11228233333334
Car-1,2011-10-23 01:23:06,116.27438666666701,40.112369
Car-1,2011-10-23 01:23:07,116.2742646666668,40.112449666666656
Car-1,2011-10-23 01:23:08,116.27414200000021,40.112525666666684
Car-1,2011-10-23 01:23:09,116.27402299999999,40.11259266666666
Car-1,2011-10-23 01:23:10,116.2739036666666,40.112661
Car-1,2011-10-23 01:23:11,116.2737816666668,40.11273133333334
Car-1,2011-10-23 01:23:12,116.2736593333332,40.112807666666654
Car-1,2011-10-23 01:23:13,116.27353333333319,40.11288566666666
Car-1,2011-10-23 01:23:14,116.27340133333341,40.11296233333332
Car-1,2011-10-23 01:23:15,116.27327933333319,40.113029333333316
Car-1,2011-10-23 01:23:16,116.2731453333336,40.113107
Car-1,2011-10-23 01:23:17,116.272998,40.113194
Car-1,2011-10-23 01:23:18,116.27284233333339,40.11327366666664
Car-1,2011-10-23 01:23:19,116.27267833333319,40.11335699999999
Car-1,2011-10-23 01:23:20,116.272525,40.11344766666668
Car-1,2011-10-23 01:23:21,116.27238466666661,40.113541
Car-1,2011-10-23 01:23:22,116.2722526666666,40.11363333333334
Car-1,2011-10-23 01:23:23,116.2721183333332,40.113734
Car-1,2011-10-23 01:23:24,116.2719809999998,40.11384233333334
Car-1,2011-10-23 01:23:25,116.2718520000002,40.11395066666668
Car-1,2011-10-23 01:23:26,116.2717373333334,40.11404966666667
Car-1,2011-10-23 01:23:27,116.2716226666666,40.114141000000004
Car-1,2011-10-23 01:23:28,116.27151066666661,40.11423033333332
Car-1,2011-10-23 01:23:29,116.27140400000022,40.114316
Car-1,2011-10-23 01:23:30,116.271296,40.11439666666668
Car-1,2011-10-23 01:23:31,116.271191,40.1144733333333
Car-1,2011-10-23 01:23:32,116.27108833333321,40.11454733333332
Car-1,2011-10-23 01:23:33,116.2709923333334,40.114616
Car-1,2011-10-23 01:23:34,116.2708939999998,40.11468966666666
Car-1,2011-10-23 01:23:35,116.27079066666678,40.114765333333345
Car-1,2011-10-23 01:23:36,116.27068100000001,40.1148433333333
Car-1,2011-10-23 01:23:37,116.27056999999999,40.11491700000002
Car-1,2011-10-23 01:23:38,116.27045966666681,40.11499666666666
Car-1,2011-10-23 01:23:39,116.2703516666666,40.11507833333334
Car-1,2011-10-23 01:23:40,116.2702436666668,40.115160666666654
Car-1,2011-10-23 01:23:41,116.27012966666659,40.115246
Car-1,2011-10-23 01:23:42,116.27001466666661,40.115334000000004
Car-1,2011-10-23 01:23:43,116.26990033333341,40.11542
Car-1,2011-10-23 01:23:44,116.26979066666658,40.115504666666666
Car-1,2011-10-23 01:23:45,116.2696856666666,40.11558666666669
Car-1,2011-10-23 01:23:46,116.26958299999981,40.1156633333333
Car-1,2011-10-23 01:23:47,116.26948433333321,40.115735
Car-1,2011-10-23 01:23:48,116.2693823333334,40.115805
Car-1,2011-10-23 01:23:49,116.2692866666666,40.11587300000002
Car-1,2011-10-23 01:23:50,116.269193,40.115939000000004
Car-1,2011-10-23 01:23:51,116.26909433333319,40.11600133333334
Car-1,2011-10-23 01:23:52,116.26899833333341,40.11606299999998
Car-1,2011-10-23 01:23:53,116.26890100000021,40.11612633333334
Car-1,2011-10-23 01:23:54,116.2687973333334,40.116191
Car-1,2011-10-23 01:23:55,116.2686963333334,40.11625966666668
Car-1,2011-10-23 01:23:56,116.268597,40.11632333333332
Car-1,2011-10-23 01:23:57,116.26850466666681,40.11638799999999
Car-1,2011-10-23 01:23:58,116.2684163333334,40.116451999999995
Car-1,2011-10-23 01:23:59,116.2683273333334,40.11651933333332
Car-1,2011-10-23 01:24:00,116.26824066666661,40.11658733333334
Car-1,2011-10-23 01:24:01,116.2681563333334,40.11665533333334
Car-1,2011-10-23 01:24:02,116.26806733333339,40.11672333333334
Car-1,2011-10-23 01:24:03,116.267981,40.11679
Car-1,2011-10-23 01:24:04,116.26790100000001,40.116855
Car-1,2011-10-23 01:24:05,116.2678246666666,40.11692333333334
Car-1,2011-10-23 01:24:06,116.26774766666661,40.11699133333334
Car-1,2011-10-23 01:24:07,116.2676666666666,40.117054
Car-1,2011-10-23 01:24:08,116.26758399999999,40.117118333333345
Car-1,2011-10-23 01:24:09,116.26750299999999,40.11718733333334
Car-1,2011-10-23 01:24:10,116.26742566666681,40.11726333333333
Car-1,2011-10-23 01:24:11,116.2673456666668,40.117348
Car-1,2011-10-23 01:24:12,116.26726500000021,40.117430999999996
Car-1,2011-10-23 01:24:13,116.267169,40.117519333333334
Car-1,2011-10-23 01:24:14,116.2670766666666,40.117608
Car-1,2011-10-23 01:24:15,116.26699033333338,40.11769066666666
Car-1,2011-10-23 01:24:16,116.26691133333361,40.117771666666656
Car-1,2011-10-23 01:24:17,116.2668316666668,40.117855
Car-1,2011-10-23 01:24:18,116.2667513333334,40.11793866666666
Car-1,2011-10-23 01:24:19,116.2666736666664,40.11802433333334
Car-1,2011-10-23 01:24:20,116.26660466666681,40.118108
Car-1,2011-10-23 01:24:21,116.26653900000001,40.118169
Car-1,2011-10-23 01:24:22,116.266479,40.11823766666666
Car-1,2011-10-23 01:24:23,116.2664273333334,40.118307333333334
Car-1,2011-10-23 01:24:24,116.2663806666666,40.11837566666666
Car-1,2011-10-23 01:24:25,116.2663383333334,40.118444333333336
Car-1,2011-10-23 01:24:26,116.2662976666666,40.11851133333334
Car-1,2011-10-23 01:24:27,116.2662556666666,40.118575
Car-1,2011-10-23 01:24:28,116.266211,40.118636
Car-1,2011-10-23 01:24:29,116.266163333333,40.11869566666666
Car-1,2011-10-23 01:24:30,116.26611100000021,40.11875633333334
Car-1,2011-10-23 01:24:31,116.2660566666666,40.11881933333334
Car-1,2011-10-23 01:24:32,116.26600166666681,40.11888133333334
Car-1,2011-10-23 01:24:33,116.26595,40.11894299999998
Car-1,2011-10-23 01:24:34,116.26589833333318,40.11900566666666
Car-1,2011-10-23 01:24:35,116.26584433333339,40.119071
Car-1,2011-10-23 01:24:36,116.2657866666668,40.119138
Car-1,2011-10-23 01:24:37,116.26572300000001,40.119208
Car-1,2011-10-23 01:24:38,116.2656526666666,40.11927966666666
Car-1,2011-10-23 01:24:39,116.2655766666666,40.11936066666666
Car-1,2011-10-23 01:24:40,116.26550266666659,40.11946133333334
Car-1,2011-10-23 01:24:41,116.265434,40.11954
Car-1,2011-10-23 01:24:42,116.26536799999981,40.11961366666664
Car-1,2011-10-23 01:24:43,116.26530600000001,40.119691666666675
Car-1,2011-10-23 01:24:44,116.2652446666668,40.11976799999998
Car-1,2011-10-23 01:24:45,116.26518100000001,40.119841666666694
Car-1,2011-10-23 01:24:46,116.2651153333334,40.11991700000002
Car-1,2011-10-23 01:24:47,116.26504666666699,40.11999666666664
Car-1,2011-10-23 01:24:48,116.2649746666666,40.12007566666668
Car-1,2011-10-23 01:24:49,116.26490899999999,40.12015133333336
Car-1,2011-10-23 01:24:50,116.264845,40.12022266666666
Car-1,2011-10-23 01:24:51,116.26478233333341,40.120289
Car-1,2011-10-23 01:24:52,116.2647266666668,40.12034633333336
Car-1,2011-10-23 01:24:53,116.264666666667,40.120405
Car-1,2011-10-23 01:25:44,116.264485,40.120575
Car-1,2011-10-23 01:25:45,116.264443,40.120625000000004
Car-1,2011-10-23 01:25:46,116.264409,40.12066666666666
Car-1,2011-10-23 01:25:47,116.264375,40.120708
Car-1,2011-10-23 01:25:48,116.26434099999999,40.12074733333334
Car-1,2011-10-23 01:25:49,116.26430333333319,40.120789
Car-1,2011-10-23 01:25:50,116.2642666666668,40.1208366666667
Car-1,2011-10-23 01:25:51,116.26422466666679,40.120889333333345
Car-1,2011-10-23 01:25:52,116.26417866666661,40.12094433333332
Car-1,2011-10-23 01:25:53,116.26413433333339,40.120998
Car-1,2011-10-23 01:25:54,116.2640916666666,40.121052
Car-1,2011-10-23 01:25:55,116.26405166666659,40.12110566666668
Car-1,2011-10-23 01:25:56,116.26401000000001,40.12115766666666
Car-1,2011-10-23 01:25:57,116.263969,40.121210000000005
Car-1,2011-10-23 01:25:58,116.26392833333341,40.121267333333336
Car-1,2011-10-23 01:25:59,116.2638896666668,40.12132666666666
Car-1,2011-10-23 01:26:00,116.263855,40.121382
Car-1,2011-10-23 01:26:01,116.26382266666681,40.12143433333332
Car-1,2011-10-23 01:26:02,116.263795,40.121485666666686
Car-1,2011-10-23 01:26:03,116.2637706666668,40.121533
Car-1,2011-10-23 01:26:04,116.263751,40.121578
Car-1,2011-10-23 01:26:05,116.2637326666666,40.12161833333332
Car-1,2011-10-23 01:26:06,116.2637163333334,40.121652999999995
Car-1,2011-10-23 01:26:07,116.26370166666679,40.121681000000024
Car-1,2011-10-23 01:26:08,116.2636799999998,40.121704
Car-1,2011-10-23 01:26:09,116.26367166666701,40.121716
Car-1,2011-10-23 01:26:10,116.26366566666641,40.12173733333334
Car-1,2011-10-23 01:26:11,116.2636459999998,40.121761
Car-1,2011-10-23 01:26:12,116.263631,40.121779333333336
Car-1,2011-10-23 01:26:13,116.26362666666701,40.12178533333334
Car-1,2011-10-23 01:26:14,116.26362666666701,40.12178799999998
Car-1,2011-10-23 01:26:15,116.2636260000002,40.12179066666668
Car-1,2011-10-23 01:26:16,116.2636243333332,40.12179399999998
Car-1,2011-10-23 01:26:17,116.26362200000021,40.12179733333333
Car-1,2011-10-23 01:26:18,116.26361999999999,40.12180100000002
Car-1,2011-10-23 01:26:19,116.2636179999998,40.121804333333316
Car-1,2011-10-23 01:26:20,116.26361566666681,40.12180766666666
Car-1,2011-10-23 01:26:21,116.2636136666664,40.12181066666668
Car-1,2011-10-23 01:26:22,116.2636110000002,40.12181333333332
Car-1,2011-10-23 01:26:23,116.26360899999979,40.12181633333334
Car-1,2011-10-23 01:26:24,116.26360666666702,40.12181966666666
Car-1,2011-10-23 01:26:25,116.2636056666668,40.121823
Car-1,2011-10-23 01:26:26,116.2636043333332,40.121826999999996
Car-1,2011-10-23 01:26:27,116.2635993333334,40.12183100000002
Car-1,2011-10-23 01:26:28,116.26359400000001,40.12183399999998
Car-1,2011-10-23 01:26:29,116.2635886666666,40.121838000000004
Car-1,2011-10-23 01:26:30,116.2635833333334,40.121842
Car-1,2011-10-23 01:26:31,116.2635776666666,40.121845
Car-1,2011-10-23 01:26:32,116.263573,40.12184766666665
Car-1,2011-10-23 01:26:33,116.263568,40.12185133333334
Car-1,2011-10-23 01:26:34,116.263563,40.12185633333334
Car-1,2011-10-23 01:26:35,116.26355766666659,40.121861
Car-1,2011-10-23 01:26:36,116.2635520833335,40.121866666666676
Car-1,2011-10-23 01:27:17,116.263388333333,40.1220583333333
Car-1,2011-10-23 01:27:18,116.26336733333339,40.12209566666668
Car-1,2011-10-23 01:27:19,116.263354,40.12211333333334
Car-1,2011-10-23 01:27:20,116.26334166666679,40.122129
Car-1,2011-10-23 01:27:21,116.2633313333334,40.12214366666666
Car-1,2011-10-23 01:27:22,116.26332099999979,40.12215700000002
Car-1,2011-10-23 01:27:23,116.26331466666662,40.12216933333334
Car-1,2011-10-23 01:27:24,116.2633116666668,40.12217966666666
Car-1,2011-10-23 01:27:25,116.2633086666666,40.12218833333334
Car-1,2011-10-23 01:27:26,116.2633033333334,40.12219866666666
Car-1,2011-10-23 01:27:27,116.26329533333319,40.12220966666666
Car-1,2011-10-23 01:27:28,116.26328466666659,40.122226
Car-1,2011-10-23 01:27:29,116.26327866666661,40.12223333333334
Car-1,2011-10-23 01:27:30,116.2632753333334,40.12223766666666
Car-1,2011-10-23 01:27:31,116.2632736666664,40.122240999999995
Car-1,2011-10-23 01:27:32,116.2632816666666,40.12224966666668
Car-1,2011-10-23 01:27:33,116.26329000000001,40.122258
Car-1,2011-10-23 01:27:34,116.263296,40.12226766666666
Car-1,2011-10-23 01:27:35,116.2633003333334,40.122275
Car-1,2011-10-23 01:27:36,116.26330600000001,40.12228133333336
Car-1,2011-10-23 01:27:37,116.2633116666668,40.12228333333334
Car-1,2011-10-23 01:27:38,116.263315,40.12228866666668
Car-1,2011-10-23 01:27:39,116.2633216666668,40.12229733333334
Car-1,2011-10-23 01:27:40,116.263329,40.12230833333332
Car-1,2011-10-23 01:27:41,116.2633383333334,40.12231566666668
Car-1,2011-10-23 01:27:42,116.263343,40.122323
Car-1,2011-10-23 01:27:43,116.26334875,40.12232875
Car-1,2011-10-23 01:27:44,116.263356,40.12233466666666
Car-1,2011-10-23 01:27:45,116.2633666666666,40.12234133333334
Car-1,2011-10-23 01:27:46,116.26337900000001,40.122353
Car-1,2011-10-23 01:27:47,116.2633976666666,40.122353
Car-1,2011-10-23 01:27:48,116.26341299999982,40.12235466666666
Car-1,2011-10-23 01:27:49,116.263418,40.122358
Car-1,2011-10-23 01:27:50,116.26342299999999,40.122361999999995
Car-1,2011-10-23 01:27:51,116.263428,40.12236666666666
Car-1,2011-10-23 01:27:52,116.26343233333341,40.12237133333334
Car-1,2011-10-23 01:27:53,116.263437,40.122375
Car-1,2011-10-23 01:27:54,116.26344433333341,40.12237100000002
Car-1,2011-10-23 01:27:55,116.263462,40.122348333333335
Car-1,2011-10-23 01:27:56,116.2634696666668,40.1223433333333
Car-1,2011-10-23 01:27:57,116.263476,40.12234133333336
Car-1,2011-10-23 01:27:58,116.263482,40.12234
Car-1,2011-10-23 01:27:59,116.26348250000001,40.122346666666644
Car-1,2011-10-23 01:28:23,116.2632956666666,40.122567
Car-1,2011-10-23 01:28:24,116.26328666666659,40.122602999999984
Car-1,2011-10-23 01:28:25,116.2632853333334,40.122631999999996
Car-1,2011-10-23 01:28:26,116.26328899999999,40.12265166666666
Car-1,2011-10-23 01:28:27,116.2632993333334,40.12266566666666
Car-1,2011-10-23 01:28:28,116.2633076666666,40.12268333333334
Car-1,2011-10-23 01:28:29,116.26331466666679,40.12270166666666
Car-1,2011-10-23 01:28:30,116.26331766666661,40.122721
Car-1,2011-10-23 01:28:31,116.263314,40.12274
Car-1,2011-10-23 01:28:32,116.26330566666661,40.12276200000002
Car-1,2011-10-23 01:28:33,116.26327900000001,40.12278800000002
Car-1,2011-10-23 01:28:34,116.263248,40.12282399999998
Car-1,2011-10-23 01:28:35,116.26323299999981,40.12286
Car-1,2011-10-23 01:28:36,116.2632206666666,40.12289533333332
Car-1,2011-10-23 01:28:37,116.26321399999999,40.12293333333332
Car-1,2011-10-23 01:28:38,116.26320633333339,40.12297333333334
Car-1,2011-10-23 01:28:39,116.2631943333334,40.12301666666666
Car-1,2011-10-23 01:28:40,116.26318066666661,40.12306399999998
Car-1,2011-10-23 01:28:41,116.26316999999999,40.12311166666668
Car-1,2011-10-23 01:28:42,116.263166666667,40.12315733333334
Car-1,2011-10-23 01:28:43,116.2631663333336,40.123200333333315
Car-1,2011-10-23 01:28:44,116.2631576666666,40.123245666666676
Car-1,2011-10-23 01:28:45,116.263148,40.12329233333334
Car-1,2011-10-23 01:28:46,116.26314666666698,40.123346666666656
Car-1,2011-10-23 01:28:47,116.2631446666666,40.12341
Car-1,2011-10-23 01:28:48,116.2631386666668,40.12348
Car-1,2011-10-23 01:28:49,116.2631323333334,40.123554666666664
Car-1,2011-10-23 01:28:50,116.26312399999999,40.123630000000006
Car-1,2011-10-23 01:28:51,116.26311733333341,40.123700666666664
Car-1,2011-10-23 01:28:52,116.2631133333334,40.123765
Car-1,2011-10-23 01:28:53,116.263105,40.12382700000002
Car-1,2011-10-23 01:28:54,116.2630966666666,40.12388666666666
Car-1,2011-10-23 01:28:55,116.263086,40.12394366666666
Car-1,2011-10-23 01:28:56,116.2630720000002,40.12399633333334
Car-1,2011-10-23 01:28:57,116.26306,40.124052
Car-1,2011-10-23 01:28:58,116.26305366666661,40.12410633333336
Car-1,2011-10-23 01:28:59,116.26304666666661,40.12416166666666
Car-1,2011-10-23 01:29:00,116.26303833333341,40.12422166666668
Car-1,2011-10-23 01:29:01,116.26302833333341,40.124284
Car-1,2011-10-23 01:29:02,116.2630206666666,40.12435233333334
Car-1,2011-10-23 01:29:03,116.26301699999999,40.124424999999995
Car-1,2011-10-23 01:29:04,116.263011,40.1245
Car-1,2011-10-23 01:29:05,116.26300499999999,40.12457633333334
Car-1,2011-10-23 01:29:06,116.2629956666666,40.124657
Car-1,2011-10-23 01:29:07,116.2629873333334,40.124742333333344
Car-1,2011-10-23 01:29:08,116.26298200000001,40.124832666666656
Car-1,2011-10-23 01:29:09,116.262978,40.12492333333334
Car-1,2011-10-23 01:29:10,116.262956,40.12502733333332
Car-1,2011-10-23 01:29:11,116.26291599999999,40.12514366666666
Car-1,2011-10-23 01:29:12,116.26285999999979,40.125267
Car-1,2011-10-23 01:29:13,116.2627773333334,40.125403333333324
Car-1,2011-10-23 01:29:14,116.2627426666666,40.12552566666666
Car-1,2011-10-23 01:29:15,116.26273366666639,40.12564333333334
Car-1,2011-10-23 01:29:16,116.2627263333336,40.125754
Car-1,2011-10-23 01:29:17,116.26270600000001,40.12586366666666
Car-1,2011-10-23 01:29:18,116.262699,40.125989666666655
Car-1,2011-10-23 01:29:19,116.26268333333321,40.12611333333334
Car-1,2011-10-23 01:29:20,116.2626686666666,40.12621399999998
Car-1,2011-10-23 01:29:21,116.262652,40.12631666666668
Car-1,2011-10-23 01:29:22,116.2626516666666,40.12642733333334
Car-1,2011-10-23 01:29:23,116.2626616666668,40.126536
Car-1,2011-10-23 01:29:24,116.262669,40.12664233333334
Car-1,2011-10-23 01:29:25,116.26267,40.12675299999998
Car-1,2011-10-23 01:29:26,116.2626693333332,40.126867666666655
Car-1,2011-10-23 01:29:27,116.26267533333339,40.126979
Car-1,2011-10-23 01:29:28,116.26265799999999,40.127107
Car-1,2011-10-23 01:29:29,116.2626533333334,40.127227
Car-1,2011-10-23 01:29:30,116.2626259999998,40.127341000000015
Car-1,2011-10-23 01:29:31,116.2625973333332,40.12745233333332
Car-1,2011-10-23 01:29:32,116.2625906666666,40.12755833333334
Car-1,2011-10-23 01:29:33,116.2625876666668,40.12765966666666
Car-1,2011-10-23 01:29:34,116.26258200000021,40.12775633333332
Car-1,2011-10-23 01:29:35,116.2625766666666,40.12784833333334
Car-1,2011-10-23 01:29:36,116.26257000000001,40.127939333333345
Car-1,2011-10-23 01:29:37,116.2625633333334,40.12802700000002
Car-1,2011-10-23 01:29:38,116.26256033333338,40.12811033333334
Car-1,2011-10-23 01:29:39,116.26255599999999,40.1281866666667
Car-1,2011-10-23 01:29:40,116.2625483333334,40.128259
Car-1,2011-10-23 01:29:41,116.26254066666661,40.128326666666666
Car-1,2011-10-23 01:29:42,116.262533,40.128389333333345
Car-1,2011-10-23 01:29:43,116.26252033333319,40.12844733333334
Car-1,2011-10-23 01:29:44,116.2625093333334,40.128501000000014
Car-1,2011-10-23 01:29:45,116.2624979999998,40.12854866666666
Car-1,2011-10-23 01:29:46,116.26248566666659,40.12859033333332
Car-1,2011-10-23 01:29:47,116.26247799999999,40.12862733333334
Car-1,2011-10-23 01:29:48,116.262476666667,40.12865933333334
Car-1,2011-10-23 01:29:49,116.262484,40.128688999999994
Car-1,2011-10-23 01:29:50,116.262504,40.12871533333334
Car-1,2011-10-23 01:29:51,116.2625086666666,40.12874633333334
Car-1,2011-10-23 01:29:52,116.26250666666661,40.12878266666666
Car-1,2011-10-23 01:29:53,116.2625006666668,40.12882533333334
Car-1,2011-10-23 01:29:54,116.2624976666666,40.12887766666666
Car-1,2011-10-23 01:29:55,116.26249499999999,40.12893766666666
Car-1,2011-10-23 01:29:56,116.262493333333,40.12901
Car-1,2011-10-23 01:30:15,116.262431666667,40.129273999999995
Car-1,2011-10-23 01:30:16,116.2624336666664,40.12928
Car-1,2011-10-23 01:30:17,116.2624356666668,40.12928833333334
Car-1,2011-10-23 01:30:18,116.2624386666666,40.12929633333332
Car-1,2011-10-23 01:30:19,116.262444,40.12930333333334
Car-1,2011-10-23 01:30:20,116.2624493333334,40.12930966666668
Car-1,2011-10-23 01:30:21,116.26245433333341,40.129315000000005
Car-1,2011-10-23 01:30:22,116.26245866666662,40.12931966666666
Car-1,2011-10-23 01:30:23,116.2624623333334,40.129323666666664
Car-1,2011-10-23 01:30:24,116.2624646666666,40.129328
Car-1,2011-10-23 01:30:25,116.262466666667,40.12933100000002
Car-1,2011-10-23 01:30:26,116.262468333333,40.1293316666667
Car-1,2011-10-23 01:30:27,116.26247033333338,40.12933366666664
Car-1,2011-10-23 01:30:28,116.2624726666666,40.12933633333334
Car-1,2011-10-23 01:30:29,116.2624763333334,40.12934333333334
Car-1,2011-10-23 01:30:30,116.2624846666666,40.12937
Car-1,2011-10-23 01:30:31,116.26250433333321,40.12940399999998
Car-1,2011-10-23 01:30:32,116.2625166666666,40.12944833333334
Car-1,2011-10-23 01:30:33,116.262509,40.12949266666666
Car-1,2011-10-23 01:30:34,116.262506666667,40.12953
Car-1,2011-10-23 01:31:05,116.26256,40.1297766666667
Car-1,2011-10-23 01:31:06,116.262558333333,40.1298066666667
Car-1,2011-10-23 01:31:07,116.2625576666666,40.12983066666668
Car-1,2011-10-23 01:31:08,116.262554,40.129858333333345
Car-1,2011-10-23 01:31:09,116.26254966666662,40.129891666666666
Car-1,2011-10-23 01:31:10,116.26255166666678,40.129921666666654
Car-1,2011-10-23 01:31:11,116.26254800000001,40.12995566666666
Car-1,2011-10-23 01:31:12,116.2625380000002,40.1299883333333
Car-1,2011-10-23 01:31:13,116.26253066666659,40.13000666666668
Car-1,2011-10-23 01:31:14,116.2625256666668,40.13001299999998
Car-1,2011-10-23 01:31:15,116.26252333333318,40.13001433333332
Car-1,2011-10-23 01:31:16,116.2625216666668,40.13001566666668
Car-1,2011-10-23 01:31:17,116.2625189999998,40.130024000000006
Car-1,2011-10-23 01:31:18,116.2625170000002,40.130029333333326
Car-1,2011-10-23 01:31:19,116.26251533333338,40.13003133333336
Car-1,2011-10-23 01:31:20,116.26251533333338,40.13002933333332
Car-1,2011-10-23 01:31:21,116.26252,40.130027666666685
Car-1,2011-10-23 01:31:22,116.26252266666658,40.130026
Car-1,2011-10-23 01:31:23,116.2625266666666,40.13003433333334
Car-1,2011-10-23 01:31:24,116.2625313333336,40.130052333333325
Car-1,2011-10-23 01:31:25,116.262531666667,40.130061999999995
Car-1,2011-10-23 01:31:26,116.2625326666666,40.13007299999998
Car-1,2011-10-23 01:31:27,116.2625329999998,40.130090666666675
Car-1,2011-10-23 01:31:28,116.26252933333319,40.130126333333365
Car-1,2011-10-23 01:31:29,116.26252266666661,40.13017033333334
Car-1,2011-10-23 01:31:30,116.2625110000002,40.13021766666666
Car-1,2011-10-23 01:31:31,116.2624986666666,40.130260666666665
Car-1,2011-10-23 01:31:32,116.26249533333339,40.1303
Car-1,2011-10-23 01:31:33,116.26249333333298,40.130337
Car-1,2011-10-23 01:31:34,116.26249,40.13037466666666
Car-1,2011-10-23 01:31:35,116.26248100000001,40.130415
Car-1,2011-10-23 01:31:36,116.26247000000001,40.13045933333332
Car-1,2011-10-23 01:31:37,116.2624619999998,40.13051
Car-1,2011-10-23 01:31:38,116.262454,40.13056366666668
Car-1,2011-10-23 01:31:39,116.26245033333339,40.13062533333334
Car-1,2011-10-23 01:31:40,116.26244466666681,40.130689000000004
Car-1,2011-10-23 01:31:41,116.26243933333319,40.130757000000024
Car-1,2011-10-23 01:31:42,116.2624396666666,40.130833333333314
Car-1,2011-10-23 01:31:43,116.2624453333334,40.13090899999998
Car-1,2011-10-23 01:31:44,116.26245033333339,40.1309816666667
Car-1,2011-10-23 01:31:45,116.2624526666666,40.131060000000005
Car-1,2011-10-23 01:31:46,116.2624566666666,40.13114033333332
Car-1,2011-10-23 01:31:47,116.26246699999999,40.13122433333334
Car-1,2011-10-23 01:31:48,116.26247166666698,40.13131233333334
Car-1,2011-10-23 01:31:49,116.26246833333339,40.13140666666668
Car-1,2011-10-23 01:31:50,116.2624633333334,40.131513999999996
Car-1,2011-10-23 01:31:51,116.2624546666666,40.13164033333334
Car-1,2011-10-23 01:31:52,116.2624516666666,40.13176366666668
Car-1,2011-10-23 01:31:53,116.2624306666668,40.13188833333334
Car-1,2011-10-23 01:31:54,116.2623986666666,40.132023666666655
Car-1,2011-10-23 01:31:55,116.2623646666668,40.13215533333334
Car-1,2011-10-23 01:31:56,116.262329,40.13228200000002
Car-1,2011-10-23 01:31:57,116.2622976666668,40.132411000000005
Car-1,2011-10-23 01:31:58,116.2622653333332,40.13254
Car-1,2011-10-23 01:31:59,116.26222100000021,40.13266666666666
Car-1,2011-10-23 01:32:00,116.2621926666666,40.13279899999998
Car-1,2011-10-23 01:32:01,116.26219499999979,40.132922999999984
Car-1,2011-10-23 01:32:02,116.26216833333339,40.13304700000002
Car-1,2011-10-23 01:32:03,116.262113,40.133179
Car-1,2011-10-23 01:32:04,116.2620466666666,40.133314999999996
Car-1,2011-10-23 01:32:05,116.26198366666661,40.133445
Car-1,2011-10-23 01:32:06,116.26192166666661,40.13356333333334
Car-1,2011-10-23 01:32:07,116.2618463333334,40.13368333333334
Car-1,2011-10-23 01:32:08,116.2617666666666,40.133803
Car-1,2011-10-23 01:32:09,116.26168299999999,40.133925
Car-1,2011-10-23 01:32:10,116.26159266666659,40.134045
Car-1,2011-10-23 01:32:11,116.261502,40.134162
Car-1,2011-10-23 01:32:12,116.2614023333332,40.13428466666666
Car-1,2011-10-23 01:32:13,116.26129833333341,40.13440666666666
Car-1,2011-10-23 01:32:14,116.2611856666668,40.13452366666668
Car-1,2011-10-23 01:32:15,116.2610653333332,40.13464333333332
Car-1,2011-10-23 01:32:16,116.260952,40.13476600000002
Car-1,2011-10-23 01:32:17,116.26084,40.13489233333334
Car-1,2011-10-23 01:32:18,116.2607336666664,40.135012
Car-1,2011-10-23 01:32:19,116.26063833333339,40.13512066666666
Car-1,2011-10-23 01:32:20,116.260553,40.135227666666665
Car-1,2011-10-23 01:32:21,116.2604613333336,40.13533666666668
Car-1,2011-10-23 01:32:22,116.2603646666668,40.13545200000002
Car-1,2011-10-23 01:32:23,116.26026766666659,40.135573666666644
Car-1,2011-10-23 01:32:24,116.2601773333334,40.13569666666666
Car-1,2011-10-23 01:32:25,116.26009733333339,40.135812
Car-1,2011-10-23 01:32:26,116.26002133333358,40.135927333333335
Car-1,2011-10-23 01:32:27,116.25993666666679,40.136039333333336
Car-1,2011-10-23 01:32:28,116.25984633333319,40.13615033333334
Car-1,2011-10-23 01:32:29,116.25976499999999,40.13626
Car-1,2011-10-23 01:32:30,116.2596853333334,40.13636933333332
Car-1,2011-10-23 01:32:31,116.25960333333339,40.136483333333345
Car-1,2011-10-23 01:32:32,116.25951533333341,40.136604999999996
Car-1,2011-10-23 01:32:33,116.2594126666668,40.13673366666668
Car-1,2011-10-23 01:32:34,116.25931,40.13686833333334
Car-1,2011-10-23 01:32:35,116.25921566666679,40.13699966666666
Car-1,2011-10-23 01:32:36,116.25911699999999,40.137125666666655
Car-1,2011-10-23 01:32:37,116.2590236666668,40.13724333333334
Car-1,2011-10-23 01:32:38,116.25894124999999,40.13734666666665
Car-1,2011-10-23 01:32:39,116.2588423333334,40.137467
Car-1,2011-10-23 01:32:40,116.25875599999999,40.13757466666668
Car-1,2011-10-23 01:32:41,116.25866900000001,40.137673
Car-1,2011-10-23 01:32:42,116.2585853333334,40.137768
Car-1,2011-10-23 01:32:43,116.25850499999999,40.1378666666667
Car-1,2011-10-23 01:32:44,116.25842566666661,40.13796533333334
Car-1,2011-10-23 01:32:45,116.2583396666666,40.13806866666668
Car-1,2011-10-23 01:32:46,116.25825,40.13817666666666
Car-1,2011-10-23 01:32:47,116.258168,40.1382816666667
Car-1,2011-10-23 01:32:48,116.2580806666668,40.13838033333334
Car-1,2011-10-23 01:32:49,116.2579943333332,40.138476333333315
Car-1,2011-10-23 01:32:50,116.2579166666666,40.138569000000004
Car-1,2011-10-23 01:32:51,116.25783233333341,40.13866866666668
Car-1,2011-10-23 01:32:52,116.25773899999982,40.138780333333344
Car-1,2011-10-23 01:32:53,116.2576413333334,40.13889666666666
Car-1,2011-10-23 01:32:54,116.25755200000019,40.139011333333336
Car-1,2011-10-23 01:32:55,116.257473,40.13912333333334
Car-1,2011-10-23 01:32:56,116.2573846666666,40.139241333333345
Car-1,2011-10-23 01:32:57,116.2572890000002,40.139363
Car-1,2011-10-23 01:32:58,116.25719366666681,40.13948466666668
Car-1,2011-10-23 01:32:59,116.2571026666664,40.13960166666666
Car-1,2011-10-23 01:33:00,116.2570133333334,40.13971866666666
Car-1,2011-10-23 01:33:01,116.2569286666666,40.139832333333324
Car-1,2011-10-23 01:33:02,116.256853333333,40.139933666666664
Car-1,2011-10-23 01:33:03,116.2567783333332,40.14002833333334
Car-1,2011-10-23 01:33:04,116.25671200000019,40.14011833333334
Car-1,2011-10-23 01:33:05,116.25665,40.1402
Car-1,2011-10-23 01:33:06,116.2565919999998,40.1402766666667
Car-1,2011-10-23 01:33:07,116.256516666667,40.14036666666665
Car-1,2011-10-23 01:34:33,116.256385,40.1405883333333
Car-1,2011-10-23 01:34:34,116.25633599999999,40.140634333333345
Car-1,2011-10-23 01:34:35,116.25629066666679,40.14068033333334
Car-1,2011-10-23 01:34:36,116.2562446666664,40.14073
Car-1,2011-10-23 01:34:37,116.25620599999999,40.14077733333334
Car-1,2011-10-23 01:34:38,116.25616500000001,40.14082233333334
Car-1,2011-10-23 01:34:39,116.2561223333332,40.14087266666668
Car-1,2011-10-23 01:34:40,116.25607266666661,40.140929
Car-1,2011-10-23 01:34:41,116.25602699999999,40.14098533333334
Car-1,2011-10-23 01:34:42,116.25599,40.14103833333334
Car-1,2011-10-23 01:34:43,116.2559536666666,40.14109366666668
Car-1,2011-10-23 01:34:44,116.255916,40.141152333333345
Car-1,2011-10-23 01:34:45,116.25587533333359,40.14121533333332
Car-1,2011-10-23 01:34:46,116.2558279999998,40.14128733333334
Car-1,2011-10-23 01:34:47,116.2557796666666,40.14136033333334
Car-1,2011-10-23 01:34:48,116.255733,40.141433333333296
Car-1,2011-10-23 01:34:49,116.255685,40.14150899999998
Car-1,2011-10-23 01:34:50,116.25563066666659,40.14159
Car-1,2011-10-23 01:34:51,116.25556099999999,40.141678666666664
Car-1,2011-10-23 01:34:52,116.2554776666666,40.141778
Car-1,2011-10-23 01:34:53,116.255389,40.141872333333346
Car-1,2011-10-23 01:34:54,116.25527333333301,40.14197966666666
Car-1,2011-10-23 01:34:55,116.25514533333339,40.142087666666654
Car-1,2011-10-23 01:34:56,116.254966666667,40.1422483333333
Car-1,2011-10-23 01:34:58,116.25472466666679,40.14244166666668
Car-1,2011-10-23 01:34:59,116.2545903333332,40.14254533333334
Car-1,2011-10-23 01:35:00,116.25445433333338,40.14264866666668
Car-1,2011-10-23 01:35:01,116.2543316666666,40.142757333333336
Car-1,2011-10-23 01:35:02,116.25420866666659,40.14286766666666
Car-1,2011-10-23 01:35:03,116.254114,40.14296233333332
Car-1,2011-10-23 01:35:04,116.25404499999999,40.14304266666666
Car-1,2011-10-23 01:35:05,116.2539913333336,40.143109
Car-1,2011-10-23 01:35:06,116.25394433333341,40.14316966666668
Car-1,2011-10-23 01:35:07,116.25390299999981,40.143223333333296
Car-1,2011-10-23 01:35:08,116.2538653333332,40.1432733333333
Car-1,2011-10-23 01:35:09,116.25382633333341,40.143325666666684
Car-1,2011-10-23 01:35:10,116.2537813333336,40.143380333333326
Car-1,2011-10-23 01:35:11,116.253731666667,40.14343966666668
Car-1,2011-10-23 01:35:12,116.25368100000019,40.14350299999998
Car-1,2011-10-23 01:35:13,116.2536296666666,40.143566
Car-1,2011-10-23 01:35:14,116.2535766666668,40.14362966666666
Car-1,2011-10-23 01:35:15,116.25352600000019,40.14369266666667
Car-1,2011-10-23 01:35:16,116.2534756666668,40.14375333333334
Car-1,2011-10-23 01:35:17,116.2534239999998,40.14381066666666
Car-1,2011-10-23 01:35:18,116.2533696666666,40.14386466666666
Car-1,2011-10-23 01:35:19,116.2533163333336,40.14391533333334
Car-1,2011-10-23 01:35:20,116.25326366666641,40.14396166666666
Car-1,2011-10-23 01:35:21,116.25321600000021,40.14400566666666
Car-1,2011-10-23 01:35:22,116.2531686666664,40.144048333333345
Car-1,2011-10-23 01:35:23,116.253122,40.14409
Car-1,2011-10-23 01:35:24,116.2530783333334,40.144132666666664
Car-1,2011-10-23 01:35:25,116.25303666666659,40.14417566666666
Car-1,2011-10-23 01:35:26,116.25299399999999,40.14421933333334
Car-1,2011-10-23 01:35:27,116.25295100000001,40.14426166666666
Car-1,2011-10-23 01:35:28,116.2529106666666,40.144303
Car-1,2011-10-23 01:35:29,116.2528723333334,40.144343000000006
Car-1,2011-10-23 01:35:30,116.25283333333341,40.14438133333334
Car-1,2011-10-23 01:35:31,116.252793,40.144420000000004
Car-1,2011-10-23 01:35:32,116.25275266666661,40.144459
Car-1,2011-10-23 01:35:33,116.252715,40.14449766666666
Car-1,2011-10-23 01:35:34,116.2526783333332,40.14453366666666
Car-1,2011-10-23 01:35:35,116.25264033333319,40.144569000000004
Car-1,2011-10-23 01:35:36,116.2526043333334,40.144608666666684
Car-1,2011-10-23 01:35:37,116.25256833333319,40.14465266666666
Car-1,2011-10-23 01:35:38,116.2525313333334,40.144698
Car-1,2011-10-23 01:35:39,116.2524926666666,40.14474399999998
Car-1,2011-10-23 01:35:40,116.25245166666659,40.1447916666667
Car-1,2011-10-23 01:35:41,116.25241000000001,40.1448416666667
Car-1,2011-10-23 01:35:42,116.2523696666666,40.14489299999998
Car-1,2011-10-23 01:35:43,116.252326,40.14494466666666
Car-1,2011-10-23 01:35:44,116.2522803333334,40.14499766666666
Car-1,2011-10-23 01:35:45,116.25223566666659,40.14505166666666
Car-1,2011-10-23 01:35:46,116.252191,40.14510600000002
Car-1,2011-10-23 01:35:47,116.2521473333334,40.14515866666664
Car-1,2011-10-23 01:35:48,116.2521023333334,40.14521166666666
Car-1,2011-10-23 01:35:49,116.25205566666679,40.14526666666666
Car-1,2011-10-23 01:35:50,116.2520096666666,40.14532333333334
Car-1,2011-10-23 01:35:51,116.25196399999979,40.145382
Car-1,2011-10-23 01:35:52,116.25191333333301,40.14544366666666
Car-1,2011-10-23 01:35:53,116.25185966666679,40.14550866666668
Car-1,2011-10-23 01:35:54,116.2518026666668,40.145577
Car-1,2011-10-23 01:35:55,116.251745,40.145646333333346
Car-1,2011-10-23 01:35:56,116.2516853333332,40.14571633333334
Car-1,2011-10-23 01:35:57,116.2516216666666,40.1457883333333
Car-1,2011-10-23 01:35:58,116.2515563333332,40.1458633333333
Car-1,2011-10-23 01:35:59,116.2514763333334,40.145951000000004
Car-1,2011-10-23 01:36:00,116.25138200000019,40.14604333333334
Car-1,2011-10-23 01:36:01,116.25128166666659,40.14614099999998
Car-1,2011-10-23 01:36:02,116.25117700000001,40.14625200000002
Car-1,2011-10-23 01:36:03,116.2510723333334,40.14637933333332
Car-1,2011-10-23 01:36:04,116.25097166666701,40.146504
Car-1,2011-10-23 01:36:05,116.25087266666681,40.146622333333326
Car-1,2011-10-23 01:36:06,116.25077900000001,40.14674
Car-1,2011-10-23 01:36:07,116.2506726666666,40.14686399999998
Car-1,2011-10-23 01:36:08,116.250533333333,40.1470183333333
Car-1,2011-10-23 01:40:13,116.2290645833335,40.18721166666668
Car-1,2011-10-23 01:40:14,116.2289893333332,40.187358333333336
Car-1,2011-10-23 01:40:15,116.2289186666666,40.18749233333334
Car-1,2011-10-23 01:40:16,116.22885,40.187628000000004
Car-1,2011-10-23 01:40:17,116.2287833333334,40.18775966666666
Car-1,2011-10-23 01:40:18,116.228718,40.18788266666666
Car-1,2011-10-23 01:40:19,116.22864899999999,40.188005
Car-1,2011-10-23 01:40:20,116.228581,40.188125666666664
Car-1,2011-10-23 01:40:21,116.22851700000001,40.18824733333334
Car-1,2011-10-23 01:40:22,116.22845266666658,40.18837233333334
Car-1,2011-10-23 01:40:23,116.22838999999999,40.18849799999998
Car-1,2011-10-23 01:40:24,116.228326,40.18862066666668
Car-1,2011-10-23 01:40:25,116.22826433333339,40.18874366666667
Car-1,2011-10-23 01:40:26,116.228204,40.1888666666667
Car-1,2011-10-23 01:40:27,116.22813999999998,40.188992999999996
Car-1,2011-10-23 01:40:28,116.22807399999999,40.189122
Car-1,2011-10-23 01:40:29,116.2280086666668,40.189255
Car-1,2011-10-23 01:40:30,116.22794233333339,40.189385
Car-1,2011-10-23 01:40:31,116.22787833333341,40.18951233333334
Car-1,2011-10-23 01:40:32,116.2278106666666,40.189642000000006
Car-1,2011-10-23 01:40:33,116.2277466666666,40.189769999999996
Car-1,2011-10-23 01:40:34,116.22767933333338,40.189895
Car-1,2011-10-23 01:40:35,116.2276146666666,40.19001966666666
Car-1,2011-10-23 01:40:36,116.2275503333332,40.19013733333334
Car-1,2011-10-23 01:40:37,116.2274866666668,40.19025233333334
Car-1,2011-10-23 01:40:38,116.22742033333341,40.19037166666666
Car-1,2011-10-23 01:40:39,116.22735266666659,40.19049399999998
Car-1,2011-10-23 01:40:40,116.22729033333322,40.19062033333334
Car-1,2011-10-23 01:40:41,116.22722866666659,40.190745
Car-1,2011-10-23 01:40:42,116.22716600000001,40.19087100000002
Car-1,2011-10-23 01:40:43,116.22710400000001,40.19099433333332
Car-1,2011-10-23 01:40:44,116.227044,40.191121666666696
Car-1,2011-10-23 01:40:45,116.22698500000001,40.191247333333344
Car-1,2011-10-23 01:40:46,116.2269253333332,40.191374333333314
Car-1,2011-10-23 01:40:47,116.2268583333334,40.19149966666666
Car-1,2011-10-23 01:40:48,116.2267916666666,40.19162866666664
Car-1,2011-10-23 01:40:49,116.22672333333321,40.19176133333334
Car-1,2011-10-23 01:40:50,116.22665433333341,40.191896666666665
Car-1,2011-10-23 01:40:51,116.226585,40.19202733333334
Car-1,2011-10-23 01:40:52,116.2265233333334,40.19216
Car-1,2011-10-23 01:40:53,116.2264566666668,40.19228866666666
Car-1,2011-10-23 01:40:54,116.226392,40.192409
Car-1,2011-10-23 01:40:55,116.226333,40.192529333333326
Car-1,2011-10-23 01:40:56,116.2262703333334,40.192652000000024
Car-1,2011-10-23 01:40:57,116.226208,40.19277600000002
Car-1,2011-10-23 01:40:58,116.2261456666666,40.192894
Car-1,2011-10-23 01:40:59,116.226087,40.193005
Car-1,2011-10-23 01:41:00,116.2260356666668,40.19311633333334
Car-1,2011-10-23 01:41:01,116.22598333333319,40.19322466666668
Car-1,2011-10-23 01:41:02,116.2259303333334,40.19333033333332
Car-1,2011-10-23 01:41:03,116.22587733333339,40.19343566666666
Car-1,2011-10-23 01:41:04,116.22582500000001,40.19354
Car-1,2011-10-23 01:41:05,116.2257733333332,40.193644333333324
Car-1,2011-10-23 01:41:06,116.2257203333334,40.193747000000016
Car-1,2011-10-23 01:41:07,116.22566933333319,40.19385166666666
Car-1,2011-10-23 01:41:08,116.2256173333332,40.19395733333334
Car-1,2011-10-23 01:41:09,116.2255606666666,40.194064
Car-1,2011-10-23 01:41:10,116.2255023333332,40.194177
Car-1,2011-10-23 01:41:11,116.22544099999979,40.194294333333325
Car-1,2011-10-23 01:41:12,116.22538366666681,40.19441533333334
Car-1,2011-10-23 01:41:13,116.2253283333334,40.194537333333344
Car-1,2011-10-23 01:41:14,116.2252709999998,40.19466266666666
Car-1,2011-10-23 01:41:15,116.22521333333341,40.194783999999984
Car-1,2011-10-23 01:41:16,116.2251526666666,40.19491066666668
Car-1,2011-10-23 01:41:17,116.22508499999999,40.19503733333334
Car-1,2011-10-23 01:41:18,116.2250196666668,40.195168
Car-1,2011-10-23 01:41:19,116.224955,40.195297333333336
Car-1,2011-10-23 01:41:20,116.224885,40.19542933333334
Car-1,2011-10-23 01:41:21,116.224812,40.19556933333334
Car-1,2011-10-23 01:41:22,116.22474,40.19571
Car-1,2011-10-23 01:41:23,116.22467200000001,40.19585033333332
Car-1,2011-10-23 01:41:24,116.224588333333,40.1960266666667
Car-1,2011-10-23 01:41:28,116.22432166666675,40.19657583333333
Car-1,2011-10-23 01:41:29,116.224254,40.19672666666666
Car-1,2011-10-23 01:41:30,116.22419099999999,40.19686866666666
Car-1,2011-10-23 01:41:31,116.2241263333332,40.197006
Car-1,2011-10-23 01:41:32,116.2240556666668,40.19714233333334
Car-1,2011-10-23 01:41:33,116.22398366666638,40.19727766666668
Car-1,2011-10-23 01:41:34,116.223916,40.19741133333332
Car-1,2011-10-23 01:41:35,116.223851,40.19754266666666
Car-1,2011-10-23 01:41:36,116.22378933333339,40.19767633333334
Car-1,2011-10-23 01:41:37,116.22372700000001,40.197810666666655
Car-1,2011-10-23 01:41:38,116.22366266666661,40.197945666666655
Car-1,2011-10-23 01:41:39,116.2236023333334,40.198077
Car-1,2011-10-23 01:41:40,116.22354399999999,40.1982016666667
Car-1,2011-10-23 01:41:41,116.22348366666661,40.19832733333334
Car-1,2011-10-23 01:41:42,116.2234266666666,40.198453999999984
Car-1,2011-10-23 01:41:43,116.223371,40.19858333333334
Car-1,2011-10-23 01:41:44,116.22331366666681,40.198715
Car-1,2011-10-23 01:41:45,116.2232543333334,40.19884433333334
Car-1,2011-10-23 01:41:46,116.22319166666679,40.1989716666667
Car-1,2011-10-23 01:41:47,116.22312699999979,40.19909766666668
Car-1,2011-10-23 01:41:48,116.22305999999999,40.19922733333334
Car-1,2011-10-23 01:41:49,116.2229986666666,40.19935366666664
Car-1,2011-10-23 01:41:50,116.2229296666666,40.1994766666667
Car-1,2011-10-23 01:41:51,116.22286566666659,40.199602333333345
Car-1,2011-10-23 01:41:52,116.22280566666659,40.19972899999998
Car-1,2011-10-23 01:41:53,116.2227476666668,40.19985766666666
Car-1,2011-10-23 01:41:54,116.2226916666666,40.199989333333335
Car-1,2011-10-23 01:41:55,116.2226303333332,40.20012033333334
Car-1,2011-10-23 01:41:56,116.2225663333332,40.20024766666666
Car-1,2011-10-23 01:41:57,116.2224976666666,40.20036966666666
Car-1,2011-10-23 01:41:58,116.2224353333332,40.200489
Car-1,2011-10-23 01:41:59,116.22237933333341,40.20060666666666
Car-1,2011-10-23 01:42:00,116.22232166666682,40.20072733333334
Car-1,2011-10-23 01:42:01,116.22226566666659,40.2008533333333
Car-1,2011-10-23 01:42:02,116.2222073333332,40.2009783333333
Car-1,2011-10-23 01:42:03,116.2221436666666,40.20110433333332
Car-1,2011-10-23 01:42:04,116.2220736666668,40.20122866666666
Car-1,2011-10-23 01:42:05,116.2220036666668,40.20134433333334
Car-1,2011-10-23 01:42:06,116.2219406666666,40.20146
Car-1,2011-10-23 01:42:07,116.2218863333334,40.201578
Car-1,2011-10-23 01:42:08,116.22183633333361,40.20169766666666
Car-1,2011-10-23 01:42:09,116.221782,40.20182
Car-1,2011-10-23 01:42:10,116.2217310000002,40.2019433333333
Car-1,2011-10-23 01:42:11,116.22168100000019,40.202067333333346
Car-1,2011-10-23 01:42:12,116.2216343333334,40.202186
Car-1,2011-10-23 01:42:13,116.22158833333302,40.20229533333334
Car-1,2011-10-23 01:42:14,116.22154,40.20239666666668
Car-1,2011-10-23 01:42:15,116.22149533333341,40.20248866666666
Car-1,2011-10-23 01:42:16,116.2214596666666,40.202578
Car-1,2011-10-23 01:42:17,116.22143033333342,40.20266633333334
Car-1,2011-10-23 01:42:18,116.22140033333339,40.20275066666666
Car-1,2011-10-23 01:42:19,116.22137233333339,40.20282966666666
Car-1,2011-10-23 01:42:20,116.2213473333334,40.202905
Car-1,2011-10-23 01:42:21,116.2213246666666,40.20298100000002
Car-1,2011-10-23 01:42:22,116.2213023333334,40.203055
Car-1,2011-10-23 01:42:23,116.2212796666666,40.203126
Car-1,2011-10-23 01:42:24,116.22125799999999,40.203193
Car-1,2011-10-23 01:42:25,116.22124,40.203256333333336
Car-1,2011-10-23 01:42:26,116.2212226666666,40.20331966666667
Car-1,2011-10-23 01:42:27,116.2212006666668,40.203381
Car-1,2011-10-23 01:42:28,116.2211743333332,40.20343966666668
Car-1,2011-10-23 01:42:29,116.2211470000002,40.20349100000002
Car-1,2011-10-23 01:42:30,116.22112111111134,40.203545
Car-1,2011-10-23 01:42:31,116.22110366666679,40.20357766666666
Car-1,2011-10-23 01:42:32,116.22108666666661,40.203615666666664
Car-1,2011-10-23 01:42:33,116.2210706666666,40.203652666666656
Car-1,2011-10-23 01:42:34,116.2210563333334,40.203686666666655
Car-1,2011-10-23 01:42:35,116.2210363333334,40.20371866666668
Car-1,2011-10-23 01:42:36,116.22101366666641,40.20374833333332
Car-1,2011-10-23 01:42:37,116.2209846666668,40.20378566666666
Car-1,2011-10-23 01:42:38,116.22095133333342,40.2038333333333
Car-1,2011-10-23 01:42:39,116.22091700000001,40.20388466666666
Car-1,2011-10-23 01:42:40,116.2208906666668,40.203942
Car-1,2011-10-23 01:42:41,116.2208663333336,40.204008
Car-1,2011-10-23 01:42:42,116.22084333333319,40.204080333333344
Car-1,2011-10-23 01:42:43,116.2208210000002,40.20415666666666
Car-1,2011-10-23 01:42:44,116.220796666667,40.20423666666668
Car-1,2011-10-23 01:42:45,116.22076899999979,40.204315
Car-1,2011-10-23 01:42:46,116.22074633333321,40.204394
Car-1,2011-10-23 01:42:47,116.220731,40.204473
Car-1,2011-10-23 01:42:48,116.22071666666659,40.20455
Car-1,2011-10-23 01:42:49,116.2207043333332,40.20462466666666
Car-1,2011-10-23 01:42:50,116.22069833333339,40.204691333333336
Car-1,2011-10-23 01:42:51,116.220689,40.204757
Car-1,2011-10-23 01:42:52,116.220674,40.20483033333334
Car-1,2011-10-23 01:42:53,116.22065533333338,40.20491
Car-1,2011-10-23 01:42:54,116.220631666667,40.20498966666666
Car-1,2011-10-23 01:42:55,116.22060899999981,40.205065000000005
Car-1,2011-10-23 01:42:56,116.2205856666668,40.20513899999998
Car-1,2011-10-23 01:42:57,116.22056166666701,40.205212333333336
Car-1,2011-10-23 01:42:58,116.220535,40.205284
Car-1,2011-10-23 01:42:59,116.22050966666662,40.20535433333332
Car-1,2011-10-23 01:43:00,116.2204816666668,40.205426000000024
Car-1,2011-10-23 01:43:01,116.2204543333332,40.20549766666666
Car-1,2011-10-23 01:43:02,116.220428333333,40.20557
Car-1,2011-10-23 01:43:03,116.220405,40.20564066666668
Car-1,2011-10-23 01:43:04,116.2203776666668,40.20571466666666
Car-1,2011-10-23 01:43:05,116.22034666666659,40.205787
Car-1,2011-10-23 01:43:06,116.22031166666679,40.20585666666666
Car-1,2011-10-23 01:43:07,116.2202723333332,40.205925333333326
Car-1,2011-10-23 01:43:08,116.2202286666666,40.20599533333334
Car-1,2011-10-23 01:43:09,116.22018133333361,40.20606666666668
Car-1,2011-10-23 01:43:10,116.220133333333,40.20613866666664
Car-1,2011-10-23 01:43:11,116.220082,40.20621466666666
Car-1,2011-10-23 01:43:12,116.2200266666666,40.206294
Car-1,2011-10-23 01:43:13,116.219966,40.20638166666668
Car-1,2011-10-23 01:43:14,116.21989933333339,40.206485666666666
Car-1,2011-10-23 01:43:15,116.21983366666659,40.20659433333334
Car-1,2011-10-23 01:43:16,116.21976500000001,40.206707
Car-1,2011-10-23 01:43:17,116.2196966666666,40.206817999999984
Car-1,2011-10-23 01:43:18,116.21962333333299,40.206934000000004
Car-1,2011-10-23 01:43:19,116.2195460000002,40.20705733333334
Car-1,2011-10-23 01:43:20,116.21947266666659,40.20718233333332
Car-1,2011-10-23 01:43:21,116.21940733333341,40.20729799999998
Car-1,2011-10-23 01:43:22,116.2193426666666,40.207409999999996
Car-1,2011-10-23 01:43:23,116.2192783333334,40.207516
Car-1,2011-10-23 01:43:24,116.21921266666659,40.20762333333334
Car-1,2011-10-23 01:43:25,116.21914699999999,40.20773266666666
Car-1,2011-10-23 01:43:26,116.21908366666659,40.207835333333335
Car-1,2011-10-23 01:43:27,116.2190209999998,40.207934666666674
Car-1,2011-10-23 01:43:28,116.21896633333361,40.208026333333336
Car-1,2011-10-23 01:43:29,116.218915,40.20811733333332
Car-1,2011-10-23 01:43:30,116.21887,40.20820866666668
Car-1,2011-10-23 01:43:31,116.21883199999999,40.20829466666666
Car-1,2011-10-23 01:43:32,116.2187983333334,40.20837466666666
Car-1,2011-10-23 01:43:33,116.2187676666666,40.208448666666655
Car-1,2011-10-23 01:43:34,116.2187363333334,40.208518000000005
Car-1,2011-10-23 01:43:35,116.21870333333341,40.20858566666666
Car-1,2011-10-23 01:43:36,116.2186706666666,40.20865433333334
Car-1,2011-10-23 01:43:37,116.21863833333342,40.20872
Car-1,2011-10-23 01:43:38,116.2186070000002,40.20878533333334
Car-1,2011-10-23 01:43:39,116.2185786666666,40.208852
Car-1,2011-10-23 01:43:40,116.21854800000001,40.208921
Car-1,2011-10-23 01:43:41,116.2185176666666,40.20899033333332
Car-1,2011-10-23 01:43:42,116.21848800000001,40.20906033333334
Car-1,2011-10-23 01:43:43,116.21845800000001,40.209130333333334
Car-1,2011-10-23 01:43:44,116.21842799999999,40.20920133333334
Car-1,2011-10-23 01:43:45,116.2183986666666,40.20927266666666
Car-1,2011-10-23 01:43:46,116.2183720000002,40.209343000000004
Car-1,2011-10-23 01:43:47,116.2183503333332,40.209408333333315
Car-1,2011-10-23 01:43:48,116.2183333333334,40.20946733333332
Car-1,2011-10-23 01:43:49,116.2183183333332,40.209517333333324
Car-1,2011-10-23 01:43:50,116.2183066666668,40.20955833333332
Car-1,2011-10-23 01:43:51,116.2182956666666,40.20959100000002
Car-1,2011-10-23 01:43:52,116.218283333333,40.209619166666656
Car-1,2011-10-23 01:44:33,116.218185,40.2098366666667
Car-1,2011-10-23 01:44:34,116.218167,40.20986999999998
Car-1,2011-10-23 01:44:35,116.21815166666661,40.209906333333336
Car-1,2011-10-23 01:44:36,116.218133,40.20994233333334
Car-1,2011-10-23 01:44:37,116.21811133333361,40.209985
Car-1,2011-10-23 01:44:38,116.218085,40.21003299999998
Car-1,2011-10-23 01:44:39,116.21805966666659,40.2100816666667
Car-1,2011-10-23 01:44:40,116.2180276666666,40.21013133333334
Car-1,2011-10-23 01:44:41,116.2179903333334,40.210186
Car-1,2011-10-23 01:44:42,116.2179546666666,40.21023966666666
Car-1,2011-10-23 01:44:43,116.21791599999999,40.21029366666668
Car-1,2011-10-23 01:44:44,116.21787633333341,40.21035366666666
Car-1,2011-10-23 01:44:45,116.21783700000019,40.21041766666666
Car-1,2011-10-23 01:44:46,116.21779966666661,40.21048333333334
Car-1,2011-10-23 01:44:47,116.21776366666661,40.21055
Car-1,2011-10-23 01:44:48,116.2177256666666,40.210617666666664
Car-1,2011-10-23 01:44:49,116.2176863333334,40.210688
Car-1,2011-10-23 01:44:50,116.21764366666659,40.21076066666668
Car-1,2011-10-23 01:44:51,116.21759766666659,40.210834999999996
Car-1,2011-10-23 01:44:52,116.217548333333,40.210911000000024
Car-1,2011-10-23 01:44:53,116.217498333333,40.210989666666684
Car-1,2011-10-23 01:44:54,116.2174463333334,40.21107233333334
Car-1,2011-10-23 01:44:55,116.2173913333332,40.21116466666666
Car-1,2011-10-23 01:44:56,116.2173356666668,40.21126166666666
Car-1,2011-10-23 01:44:57,116.21728,40.21135433333334
Car-1,2011-10-23 01:44:58,116.217229,40.21144566666668
Car-1,2011-10-23 01:44:59,116.2171756666668,40.211532999999996
Car-1,2011-10-23 01:45:00,116.217119,40.211618666666666
Car-1,2011-10-23 01:45:01,116.2170646666666,40.211704333333344
Car-1,2011-10-23 01:45:02,116.21701399999979,40.21178766666666
Car-1,2011-10-23 01:45:03,116.216966,40.21186799999998
Car-1,2011-10-23 01:45:04,116.2169213333332,40.211945
Car-1,2011-10-23 01:45:05,116.2168773333334,40.21202
Car-1,2011-10-23 01:45:06,116.21683266666659,40.212094333333326
Car-1,2011-10-23 01:45:07,116.21678999999999,40.212167
Car-1,2011-10-23 01:45:08,116.2167496666666,40.212238333333325
Car-1,2011-10-23 01:45:09,116.21671066666661,40.21231066666668
Car-1,2011-10-23 01:45:10,116.2166703333334,40.21238266666666
Car-1,2011-10-23 01:45:11,116.2166260000002,40.21245399999998
Car-1,2011-10-23 01:45:12,116.216576666667,40.21252733333334
Car-1,2011-10-23 01:45:13,116.2165263333336,40.212599999999995
Car-1,2011-10-23 01:45:14,116.2164743333332,40.212678
Car-1,2011-10-23 01:45:15,116.2164196666666,40.21275766666666
Car-1,2011-10-23 01:45:16,116.2163646666668,40.212842
Car-1,2011-10-23 01:45:17,116.2163093333332,40.212931666666655
Car-1,2011-10-23 01:45:18,116.2162553333332,40.21302633333334
Car-1,2011-10-23 01:45:19,116.216202,40.213122
Car-1,2011-10-23 01:45:20,116.2161453333332,40.213218
Car-1,2011-10-23 01:45:21,116.2160866666668,40.21331133333334
Car-1,2011-10-23 01:45:22,116.216021,40.21340833333332
Car-1,2011-10-23 01:45:23,116.2159506666666,40.2135066666667
Car-1,2011-10-23 01:45:24,116.21588333333338,40.21361033333332
Car-1,2011-10-23 01:45:25,116.21581066666661,40.21372
Car-1,2011-10-23 01:45:26,116.21573966666661,40.213837666666684
Car-1,2011-10-23 01:45:27,116.2156663333332,40.21395733333334
Car-1,2011-10-23 01:45:28,116.21557800000001,40.21407799999999
Car-1,2011-10-23 01:45:29,116.21548733333341,40.21420433333332
Car-1,2011-10-23 01:45:30,116.21540033333319,40.21432899999998
Car-1,2011-10-23 01:45:31,116.2153076666666,40.21445633333334
Car-1,2011-10-23 01:45:32,116.21521,40.214586
Car-1,2011-10-23 01:45:33,116.215121,40.21471466666666
Car-1,2011-10-23 01:45:34,116.2150323333334,40.21484333333334
Car-1,2011-10-23 01:45:35,116.21494433333339,40.214974666666684
Car-1,2011-10-23 01:45:36,116.2148523333334,40.21510633333332
Car-1,2011-10-23 01:45:37,116.214761,40.21524366666668
Car-1,2011-10-23 01:45:38,116.214645,40.21541
Car-1,2011-10-23 01:45:54,116.21309458333324,40.21766833333332
Car-1,2011-10-23 01:45:55,116.21300566666639,40.217806666666675
Car-1,2011-10-23 01:45:56,116.21292566666679,40.21793200000002
Car-1,2011-10-23 01:45:57,116.21285499999999,40.21805533333334
Car-1,2011-10-23 01:45:58,116.2127866666666,40.218169
Car-1,2011-10-23 01:45:59,116.21272300000018,40.218284999999995
Car-1,2011-10-23 01:46:00,116.2126686666664,40.21840066666666
Car-1,2011-10-23 01:46:01,116.21262133333339,40.218515000000004
Car-1,2011-10-23 01:46:02,116.2125746666666,40.21862733333334
Car-1,2011-10-23 01:46:03,116.21251633333341,40.21873466666666
Car-1,2011-10-23 01:46:04,116.2124513333332,40.21883333333332
Car-1,2011-10-23 01:46:05,116.2123833333332,40.218920666666655
Car-1,2011-10-23 01:46:06,116.2123289999998,40.21899866666664
Car-1,2011-10-23 01:46:07,116.21227033333321,40.21907566666668
Car-1,2011-10-23 01:46:08,116.21220299999979,40.21915666666666
Car-1,2011-10-23 01:46:09,116.2121303333334,40.21923833333334
Car-1,2011-10-23 01:46:10,116.21205833333299,40.219321
Car-1,2011-10-23 01:46:11,116.2119880000002,40.21939466666666
Car-1,2011-10-23 01:46:12,116.2119229999998,40.21946566666668
Car-1,2011-10-23 01:46:13,116.2118633333334,40.219536
Car-1,2011-10-23 01:46:14,116.2118063333334,40.21960066666666
Car-1,2011-10-23 01:46:15,116.2117593333334,40.21965666666668
Car-1,2011-10-23 01:46:16,116.2117256666666,40.219705666666684
Car-1,2011-10-23 01:46:17,116.21169433333338,40.21975233333334
Car-1,2011-10-23 01:46:18,116.21165933333342,40.219803
Car-1,2011-10-23 01:46:19,116.211623,40.219857000000005
Car-1,2011-10-23 01:46:20,116.21158833333341,40.21990966666666
Car-1,2011-10-23 01:46:21,116.2115566666666,40.21996100000002
Car-1,2011-10-23 01:46:22,116.2115256666668,40.2200133333333
Car-1,2011-10-23 01:46:23,116.21149566666679,40.22006200000002
Car-1,2011-10-23 01:46:24,116.21146066666661,40.2201116666667
Car-1,2011-10-23 01:46:25,116.2114266666666,40.22016
Car-1,2011-10-23 01:46:26,116.2113933333334,40.220207
Car-1,2011-10-23 01:46:27,116.21136266666682,40.220252333333335
Car-1,2011-10-23 01:46:28,116.211335,40.220299999999995
Car-1,2011-10-23 01:46:29,116.2113113333334,40.220353333333335
Car-1,2011-10-23 01:46:30,116.21129700000002,40.220408666666664
Car-1,2011-10-23 01:46:31,116.21128933333321,40.22046366666668
Car-1,2011-10-23 01:46:32,116.2112906666666,40.220521000000005
Car-1,2011-10-23 01:46:33,116.2113023333334,40.22057433333332
Car-1,2011-10-23 01:46:34,116.2113223333334,40.220627
Car-1,2011-10-23 01:46:35,116.211348,40.22068100000002
Car-1,2011-10-23 01:46:36,116.2113786666666,40.22073133333336
Car-1,2011-10-23 01:46:37,116.2114143333334,40.22077899999998
Car-1,2011-10-23 01:46:38,116.211455,40.220823666666675
Car-1,2011-10-23 01:46:39,116.21149733333341,40.220870000000005
Car-1,2011-10-23 01:46:40,116.21153999999999,40.22092233333334
Car-1,2011-10-23 01:46:41,116.21157966666681,40.22098200000001
Car-1,2011-10-23 01:46:42,116.21161733333341,40.22104966666666
Car-1,2011-10-23 01:46:43,116.2116526666666,40.22112266666666
Car-1,2011-10-23 01:46:44,116.2116783333332,40.22119700000002
Car-1,2011-10-23 01:46:45,116.211694,40.221277
Car-1,2011-10-23 01:46:46,116.2117016666668,40.22136166666668
Car-1,2011-10-23 01:46:47,116.2116963333334,40.22144766666666
Car-1,2011-10-23 01:46:48,116.2116833333334,40.221534
Car-1,2011-10-23 01:46:49,116.211663333333,40.22161633333332
Car-1,2011-10-23 01:46:50,116.211634,40.221695666666676
Car-1,2011-10-23 01:46:51,116.2116016666666,40.221773666666664
Car-1,2011-10-23 01:46:52,116.211571,40.22185233333334
Car-1,2011-10-23 01:46:53,116.2115423333332,40.22192799999998
Car-1,2011-10-23 01:46:54,116.211509,40.22200100000002
Car-1,2011-10-23 01:46:55,116.21146799999981,40.22207299999998
Car-1,2011-10-23 01:46:56,116.21141666666661,40.22214433333334
Car-1,2011-10-23 01:46:57,116.21135966666661,40.22221066666666
Car-1,2011-10-23 01:46:58,116.21129599999999,40.22227333333334
Car-1,2011-10-23 01:46:59,116.2112260000002,40.222331000000004
Car-1,2011-10-23 01:47:00,116.2111476666666,40.222381
Car-1,2011-10-23 01:47:01,116.211065,40.222423000000006
Car-1,2011-10-23 01:47:02,116.21098066666659,40.222459
Car-1,2011-10-23 01:47:03,116.21089066666659,40.222489333333314
Car-1,2011-10-23 01:47:04,116.21079866666659,40.222511333333316
Car-1,2011-10-23 01:47:05,116.2107016666668,40.22252566666666
Car-1,2011-10-23 01:47:06,116.21060566666661,40.22253366666666
Car-1,2011-10-23 01:47:07,116.2105106666668,40.222535
Car-1,2011-10-23 01:47:08,116.2104143333332,40.22253
Car-1,2011-10-23 01:47:09,116.2103216666666,40.222519
Car-1,2011-10-23 01:47:10,116.21023199999999,40.222502
Car-1,2011-10-23 01:47:11,116.210147,40.2224783333333
Car-1,2011-10-23 01:47:12,116.21006500000001,40.222451
Car-1,2011-10-23 01:47:13,116.2099853333334,40.22241966666666
Car-1,2011-10-23 01:47:14,116.2099070000002,40.22238466666666
Car-1,2011-10-23 01:47:15,116.2098336666666,40.22234933333334
Car-1,2011-10-23 01:47:16,116.20976399999999,40.222315
Car-1,2011-10-23 01:47:17,116.2096966666666,40.22227966666666
Car-1,2011-10-23 01:47:18,116.2096333333332,40.222244
Car-1,2011-10-23 01:47:19,116.2095726666666,40.22220833333332
Car-1,2011-10-23 01:47:20,116.20951566666682,40.22216966666666
Car-1,2011-10-23 01:47:21,116.2094639999998,40.222132333333334
Car-1,2011-10-23 01:47:22,116.20941299999981,40.22210366666664
Car-1,2011-10-23 01:47:23,116.2093603333334,40.222083333333345
Car-1,2011-10-23 01:47:24,116.209305,40.222069666666684
Car-1,2011-10-23 01:47:25,116.20925125,40.22206083333332
Car-1,2011-10-23 01:47:26,116.2091783333332,40.22205399999998
Car-1,2011-10-23 01:47:27,116.2091060000002,40.22205366666664
Car-1,2011-10-23 01:47:28,116.20903133333361,40.22205833333334
Car-1,2011-10-23 01:47:29,116.2089533333332,40.222069666666684
Car-1,2011-10-23 01:47:30,116.2088733333334,40.222088
Car-1,2011-10-23 01:47:31,116.20879,40.222113333333326
Car-1,2011-10-23 01:47:32,116.20870633333341,40.22214233333334
Car-1,2011-10-23 01:47:33,116.2086196666668,40.222173333333345
Car-1,2011-10-23 01:47:34,116.2085313333334,40.22220666666666
Car-1,2011-10-23 01:47:35,116.20844166666662,40.222241666666655
Car-1,2011-10-23 01:47:36,116.2083483333334,40.222276
Car-1,2011-10-23 01:47:37,116.2082573333334,40.22230966666666
Car-1,2011-10-23 01:47:38,116.20816433333339,40.222345
Car-1,2011-10-23 01:47:39,116.2080706666666,40.22238200000002
Car-1,2011-10-23 01:47:40,116.207976,40.22242
Car-1,2011-10-23 01:47:41,116.2078813333334,40.22245933333334
Car-1,2011-10-23 01:47:42,116.20778433333321,40.222497666666655
Car-1,2011-10-23 01:47:43,116.2076860000002,40.222531666666654
Car-1,2011-10-23 01:47:44,116.2075873333334,40.222563
Car-1,2011-10-23 01:47:45,116.207486666667,40.22259133333336
Car-1,2011-10-23 01:47:46,116.207386666667,40.222617999999976
Car-1,2011-10-23 01:47:47,116.207286666667,40.222643333333295
Car-1,2011-10-23 01:47:48,116.2071853333334,40.222669333333315
Car-1,2011-10-23 01:47:49,116.20708199999999,40.222695
Car-1,2011-10-23 01:47:50,116.2069763333332,40.222719999999995
Car-1,2011-10-23 01:47:51,116.20686599999999,40.22274533333334
Car-1,2011-10-23 01:47:52,116.2067496666668,40.22277233333334
Car-1,2011-10-23 01:47:53,116.2066193333334,40.222806000000006
Car-1,2011-10-23 01:47:54,116.20647866666658,40.22284366666666
Car-1,2011-10-23 01:47:55,116.2063350000002,40.22288233333334
Car-1,2011-10-23 01:47:56,116.20618066666661,40.22294133333334
Car-1,2011-10-23 01:47:57,116.206065,40.22297
Car-1,2011-10-23 01:47:58,116.2059596666666,40.22299166666666
Car-1,2011-10-23 01:47:59,116.2058586666664,40.22301133333334
Car-1,2011-10-23 01:48:00,116.20576166666679,40.22303066666666
Car-1,2011-10-23 01:48:01,116.20566233333341,40.22305
Car-1,2011-10-23 01:48:02,116.2055623333334,40.22307
Car-1,2011-10-23 01:48:03,116.2054656666666,40.223088666666676
Car-1,2011-10-23 01:48:04,116.20537333333341,40.223107333333346
Car-1,2011-10-23 01:48:05,116.2052816666666,40.223124999999996
Car-1,2011-10-23 01:48:06,116.20519233333339,40.22314333333334
Car-1,2011-10-23 01:48:07,116.2051036666666,40.22316
Car-1,2011-10-23 01:48:08,116.2050163333334,40.22317666666666
Car-1,2011-10-23 01:48:09,116.20493166666661,40.22319333333334
Car-1,2011-10-23 01:48:10,116.20485,40.22321
Car-1,2011-10-23 01:48:11,116.20477566666659,40.223226
Car-1,2011-10-23 01:48:12,116.2047093333334,40.22323833333332
Car-1,2011-10-23 01:48:13,116.20465233333341,40.22324833333334
Car-1,2011-10-23 01:48:14,116.20460933333341,40.22325366666666
Car-1,2011-10-23 01:48:15,116.204575,40.22326333333335
Car-1,2011-10-23 01:48:45,116.2042673333332,40.223375
Car-1,2011-10-23 01:48:46,116.20419799999979,40.22338333333334
Car-1,2011-10-23 01:48:47,116.2041193333334,40.22339366666666
Car-1,2011-10-23 01:48:48,116.20403000000002,40.223404333333335
Car-1,2011-10-23 01:48:49,116.2039346666666,40.22341633333334
Car-1,2011-10-23 01:48:50,116.2038356666668,40.22342866666666
Car-1,2011-10-23 01:48:51,116.2037343333332,40.22344066666666
Car-1,2011-10-23 01:48:52,116.2036306666666,40.22345033333334
Car-1,2011-10-23 01:48:53,116.2035216666668,40.22345766666666
Car-1,2011-10-23 01:48:54,116.203405,40.223462999999995
Car-1,2011-10-23 01:48:55,116.203276,40.223469666666674
Car-1,2011-10-23 01:48:56,116.2031279999998,40.223478
Car-1,2011-10-23 01:48:57,116.2029726666666,40.22349033333332
Car-1,2011-10-23 01:48:58,116.2028070000002,40.223511
Car-1,2011-10-23 01:48:59,116.20264433333341,40.223535000000005
Car-1,2011-10-23 01:49:00,116.20249466666681,40.22355233333334
Car-1,2011-10-23 01:49:01,116.2023516666666,40.22356466666668
Car-1,2011-10-23 01:49:02,116.2022123333334,40.223574
Car-1,2011-10-23 01:49:03,116.20208299999979,40.223579999999984
Car-1,2011-10-23 01:49:04,116.2019533333332,40.223589000000004
Car-1,2011-10-23 01:49:05,116.2018203333334,40.22359733333334
Car-1,2011-10-23 01:49:06,116.2016856666668,40.223611
Car-1,2011-10-23 01:49:07,116.20154133333361,40.22362333333334
Car-1,2011-10-23 01:49:08,116.2013946666666,40.223629333333335
Car-1,2011-10-23 01:49:09,116.20124733333338,40.22364233333334
Car-1,2011-10-23 01:49:10,116.2011139999998,40.22365566666666
Car-1,2011-10-23 01:49:11,116.2009920000002,40.22365866666664
Car-1,2011-10-23 01:49:12,116.20087266666681,40.22366
Car-1,2011-10-23 01:49:13,116.2007626666668,40.22366
Car-1,2011-10-23 01:49:14,116.20066366666678,40.2236616666667
Car-1,2011-10-23 01:49:15,116.2005736666666,40.22366366666666
Car-1,2011-10-23 01:49:16,116.2004926666668,40.223665
Car-1,2011-10-23 01:49:17,116.20041499999999,40.22366566666668
Car-1,2011-10-23 01:49:18,116.2003406666668,40.2236666666667
Car-1,2011-10-23 01:49:19,116.200269,40.2236666666667
Car-1,2011-10-23 01:49:20,116.2001979999998,40.2236666666667
Car-1,2011-10-23 01:49:21,116.2001236666666,40.22366600000002
Car-1,2011-10-23 01:49:22,116.20004233333341,40.2236666666667
Car-1,2011-10-23 01:49:23,116.19996066666658,40.223667333333346
Car-1,2011-10-23 01:49:24,116.1998733333334,40.2236683333333
Car-1,2011-10-23 01:49:25,116.19977866666662,40.22367
Car-1,2011-10-23 01:49:26,116.19967999999999,40.22367100000002
Car-1,2011-10-23 01:49:27,116.1995763333332,40.22367266666666
Car-1,2011-10-23 01:49:28,116.19946666666681,40.22367533333334
Car-1,2011-10-23 01:49:29,116.19935533333319,40.22367700000002
Car-1,2011-10-23 01:49:30,116.1992433333332,40.22367933333332
Car-1,2011-10-23 01:49:31,116.19913066666659,40.223679666666655
Car-1,2011-10-23 01:49:32,116.19901566666661,40.22368366666666
Car-1,2011-10-23 01:49:33,116.198901,40.22368933333334
Car-1,2011-10-23 01:49:34,116.198785,40.22369433333334
Car-1,2011-10-23 01:49:35,116.1986676666666,40.22370033333332
Car-1,2011-10-23 01:49:36,116.1985493333334,40.22370633333332
Car-1,2011-10-23 01:49:37,116.198427,40.223712
Car-1,2011-10-23 01:49:38,116.1982920000002,40.22371833333334
Car-1,2011-10-23 01:49:39,116.19816966666681,40.22372399999998
Car-1,2011-10-23 01:49:40,116.198052,40.22372666666668
Car-1,2011-10-23 01:49:41,116.19793899999999,40.223729333333324
Car-1,2011-10-23 01:49:42,116.19783466666661,40.223732999999996
Car-1,2011-10-23 01:49:43,116.1977403333334,40.22373733333332
Car-1,2011-10-23 01:49:44,116.19764,40.2237416666667
Car-1,2011-10-23 01:50:16,116.197333333333,40.2237716666667
Car-1,2011-10-23 01:50:17,116.1972803333334,40.2237716666667
Car-1,2011-10-23 01:50:18,116.1972163333332,40.22377866666668
Car-1,2011-10-23 01:50:19,116.19716000000001,40.22378299999998
Car-1,2011-10-23 01:50:20,116.19710966666659,40.22378600000002
Car-1,2011-10-23 01:50:21,116.197055,40.22378966666666
Car-1,2011-10-23 01:50:22,116.1969913333332,40.22379566666666
Car-1,2011-10-23 01:50:23,116.19691633333359,40.22380300000002
Car-1,2011-10-23 01:50:24,116.1968376666666,40.22381366666666
Car-1,2011-10-23 01:50:25,116.1967546666666,40.223825666666656
Car-1,2011-10-23 01:50:26,116.19666799999979,40.223839333333345
Car-1,2011-10-23 01:50:27,116.1965786666666,40.22385733333334
Car-1,2011-10-23 01:50:28,116.1964866666666,40.223879999999994
Car-1,2011-10-23 01:50:29,116.19638833333299,40.22390366666664
Car-1,2011-10-23 01:50:30,116.1962876666666,40.22392799999998
Car-1,2011-10-23 01:50:31,116.19618499999999,40.22394866666668
Car-1,2011-10-23 01:50:32,116.1960810000002,40.22396466666666
Car-1,2011-10-23 01:50:33,116.19597899999981,40.223977999999974
Car-1,2011-10-23 01:50:34,116.1958813333334,40.22398766666666
Car-1,2011-10-23 01:50:35,116.1957883333334,40.223994
Car-1,2011-10-23 01:50:36,116.1956929999998,40.22399833333331
Car-1,2011-10-23 01:50:37,116.195593333333,40.22399833333331
Car-1,2011-10-23 01:50:38,116.195493333333,40.22399066666666
Car-1,2011-10-23 01:50:39,116.19538800000001,40.22398
Car-1,2011-10-23 01:50:40,116.19527133333361,40.22396799999998
Car-1,2011-10-23 01:50:41,116.1951413333334,40.223955000000004
Car-1,2011-10-23 01:50:42,116.19498533333339,40.223939
Car-1,2011-10-23 01:50:43,116.19482733333321,40.22392333333334
Car-1,2011-10-23 01:50:44,116.1946613333334,40.22390833333334
Car-1,2011-10-23 01:50:45,116.19448866666639,40.22389366666666
Car-1,2011-10-23 01:50:46,116.19431299999981,40.22388166666666
Car-1,2011-10-23 01:50:47,116.19414300000001,40.223873
Car-1,2011-10-23 01:50:48,116.19397599999999,40.22386433333334
Car-1,2011-10-23 01:50:49,116.1938189999998,40.223854333333335
Car-1,2011-10-23 01:50:50,116.1936623333336,40.22384700000002
Car-1,2011-10-23 01:50:51,116.1935036666666,40.22384366666668
Car-1,2011-10-23 01:50:52,116.19334733333339,40.22383833333334
Car-1,2011-10-23 01:50:53,116.1931989999998,40.22383
Car-1,2011-10-23 01:50:54,116.19305,40.223821666666666
Car-1,2011-10-23 01:50:55,116.19290166666678,40.22381333333334
Car-1,2011-10-23 01:50:56,116.19275466666662,40.223805
Car-1,2011-10-23 01:50:57,116.1926,40.223796
Car-1,2011-10-23 01:50:58,116.19243733333319,40.223787333333334
Car-1,2011-10-23 01:50:59,116.19227033333341,40.22378366666664
Car-1,2011-10-23 01:51:00,116.192112,40.223785
Car-1,2011-10-23 01:51:01,116.19195633333341,40.223791666666656
Car-1,2011-10-23 01:51:02,116.1918043333332,40.22379733333332
Car-1,2011-10-23 01:51:03,116.19165399999979,40.22380033333334
Car-1,2011-10-23 01:51:04,116.19150266666679,40.22380433333332
Car-1,2011-10-23 01:51:05,116.19135866666659,40.22380566666668
Car-1,2011-10-23 01:51:06,116.19121466666661,40.22380633333336
Car-1,2011-10-23 01:51:07,116.1910753333334,40.22380733333332
Car-1,2011-10-23 01:51:08,116.190941,40.22381033333334
Car-1,2011-10-23 01:51:09,116.1908173333334,40.22381533333334
Car-1,2011-10-23 01:51:10,116.19070133333321,40.223821
Car-1,2011-10-23 01:51:11,116.1905953333334,40.223827
Car-1,2011-10-23 01:51:12,116.19050433333341,40.223833
Car-1,2011-10-23 01:51:13,116.19042566666681,40.22384066666666
Car-1,2011-10-23 01:51:14,116.190354,40.22385133333334
Car-1,2011-10-23 01:51:15,116.190283,40.22386166666668
Car-1,2011-10-23 01:51:16,116.190213,40.22386799999998
Car-1,2011-10-23 01:51:17,116.190141666667,40.223870333333345
Car-1,2011-10-23 01:51:18,116.19006133333339,40.22387666666666
Car-1,2011-10-23 01:51:19,116.18997133333339,40.22388733333334
Car-1,2011-10-23 01:51:20,116.1898729999998,40.223901
Car-1,2011-10-23 01:51:21,116.1897676666666,40.22391466666668
Car-1,2011-10-23 01:51:22,116.18965299999999,40.22392633333334
Car-1,2011-10-23 01:51:23,116.1895283333334,40.22393866666666
Car-1,2011-10-23 01:51:24,116.1893916666666,40.22395033333334
Car-1,2011-10-23 01:51:25,116.18925166666659,40.223965
Car-1,2011-10-23 01:51:26,116.1891223333334,40.22398033333332
Car-1,2011-10-23 01:51:27,116.18899133333339,40.22400399999998
Car-1,2011-10-23 01:51:28,116.18884699999981,40.224031666666676
Car-1,2011-10-23 01:51:29,116.1886910000002,40.224062666666654
Car-1,2011-10-23 01:51:30,116.18854133333359,40.22409366666668
Car-1,2011-10-23 01:51:31,116.18838900000019,40.22412666666666
Car-1,2011-10-23 01:51:32,116.188235,40.22416066666666
Car-1,2011-10-23 01:51:33,116.18807466666661,40.224197666666655
Car-1,2011-10-23 01:51:34,116.1879083333334,40.22423666666666
Car-1,2011-10-23 01:51:35,116.1877396666666,40.224279
Car-1,2011-10-23 01:51:36,116.1875733333334,40.224320666666685
Car-1,2011-10-23 01:51:37,116.1874073333332,40.224363
Car-1,2011-10-23 01:51:38,116.1872316666668,40.22441033333334
Car-1,2011-10-23 01:51:39,116.18704933333319,40.22446
Car-1,2011-10-23 01:51:40,116.1868666666666,40.22451133333336
Car-1,2011-10-23 01:51:41,116.1866796666666,40.22456433333332
Car-1,2011-10-23 01:51:42,116.186448333333,40.2246283333333
Car-1,2011-10-23 01:53:25,116.1623225,40.23121125
Car-1,2011-10-23 01:53:26,116.16214233333339,40.23129066666668
Car-1,2011-10-23 01:53:27,116.16198966666659,40.231369
Car-1,2011-10-23 01:53:28,116.16184733333338,40.23145066666668
Car-1,2011-10-23 01:53:29,116.1617153333336,40.231525666666684
Car-1,2011-10-23 01:53:30,116.1615846666668,40.23158766666666
Car-1,2011-10-23 01:53:31,116.16145833333321,40.23164
Car-1,2011-10-23 01:53:32,116.1613443333332,40.23168466666666
Car-1,2011-10-23 01:53:33,116.16124633333361,40.231727
Car-1,2011-10-23 01:53:34,116.1611503333334,40.231769666666665
Car-1,2011-10-23 01:53:35,116.16106633333341,40.23180433333334
Car-1,2011-10-23 01:53:36,116.16099233333341,40.23183433333332
Car-1,2011-10-23 01:53:37,116.1609270000002,40.23186266666666
Car-1,2011-10-23 01:53:38,116.16086566666658,40.23189133333334
Car-1,2011-10-23 01:53:39,116.1608033333332,40.23192033333334
Car-1,2011-10-23 01:53:40,116.16073633333319,40.231952
Car-1,2011-10-23 01:53:41,116.1606663333334,40.23199
Car-1,2011-10-23 01:53:42,116.16059433333321,40.23203266666668
Car-1,2011-10-23 01:53:43,116.1605203333334,40.232084
Car-1,2011-10-23 01:53:44,116.1604436666664,40.232141666666664
Car-1,2011-10-23 01:53:45,116.16036833333301,40.23220166666668
Car-1,2011-10-23 01:53:46,116.1602946666666,40.23226433333334
Car-1,2011-10-23 01:53:47,116.160225,40.23232799999998
Car-1,2011-10-23 01:53:48,116.1601583333334,40.23239033333332
Car-1,2011-10-23 01:53:49,116.16008833333319,40.23245
Car-1,2011-10-23 01:53:50,116.1600163333336,40.232505
Car-1,2011-10-23 01:53:51,116.1599353333332,40.23256
Car-1,2011-10-23 01:53:52,116.1598443333334,40.23261833333334
Car-1,2011-10-23 01:53:53,116.1597463333336,40.232679000000005
Car-1,2011-10-23 01:53:54,116.159645,40.23274833333333
Car-1,2011-10-23 01:53:55,116.15954133333321,40.23281566666666
Car-1,2011-10-23 01:53:56,116.15943299999999,40.232883333333334
Car-1,2011-10-23 01:53:57,116.15933,40.23294700000002
Car-1,2011-10-23 01:53:58,116.1592283333334,40.233014
Car-1,2011-10-23 01:53:59,116.15912833333341,40.23307966666666
Car-1,2011-10-23 01:54:00,116.159041,40.233137
Car-1,2011-10-23 01:54:01,116.158963333333,40.23318933333332
Car-1,2011-10-23 01:54:02,116.1588906666666,40.23323766666666
Car-1,2011-10-23 01:54:03,116.15882400000001,40.23328266666666
Car-1,2011-10-23 01:54:04,116.1587636666668,40.233322666666666
Car-1,2011-10-23 01:54:05,116.1587103333334,40.233356
Car-1,2011-10-23 01:54:06,116.158648333333,40.2333866666667
Car-1,2011-10-23 01:54:17,116.158358333333,40.2332933333333
Car-1,2011-10-23 01:54:18,116.1583430000002,40.23324799999998
Car-1,2011-10-23 01:54:19,116.158338,40.233209
Car-1,2011-10-23 01:54:20,116.15833,40.23315899999998
Car-1,2011-10-23 01:54:21,116.15831600000001,40.23310899999998
Car-1,2011-10-23 01:54:22,116.1582973333334,40.23306266666668
Car-1,2011-10-23 01:54:23,116.158277,40.233025666666656
Car-1,2011-10-23 01:54:24,116.1582476666666,40.23299733333334
Car-1,2011-10-23 01:54:25,116.15820833333339,40.23297266666668
Car-1,2011-10-23 01:54:26,116.1581666666666,40.232960666666656
Car-1,2011-10-23 01:54:27,116.1581186666668,40.23294399999998
Car-1,2011-10-23 01:54:28,116.158065,40.23292033333334
Car-1,2011-10-23 01:54:29,116.1580153333334,40.23289
Car-1,2011-10-23 01:54:30,116.15796599999999,40.232878333333346
Car-1,2011-10-23 01:54:31,116.15791833333319,40.2329
Car-1,2011-10-23 01:54:32,116.15785966666661,40.232927333333336
Car-1,2011-10-23 01:54:33,116.1577889999998,40.232961333333336
Car-1,2011-10-23 01:54:34,116.15771099999999,40.233
Car-1,2011-10-23 01:54:35,116.1576283333334,40.23304166666666
Car-1,2011-10-23 01:54:36,116.157545,40.23308233333334
Car-1,2011-10-23 01:54:37,116.15746133333342,40.23312233333334
Car-1,2011-10-23 01:54:38,116.1573716666666,40.23316466666666
Car-1,2011-10-23 01:54:39,116.1572773333334,40.23321
Car-1,2011-10-23 01:54:40,116.15717400000001,40.233258333333296
Car-1,2011-10-23 01:54:41,116.1570603333334,40.23330666666668
Car-1,2011-10-23 01:54:42,116.15693366666639,40.23335266666666
Car-1,2011-10-23 01:54:43,116.15681333333342,40.233395
Car-1,2011-10-23 01:54:44,116.1566946666668,40.233435666666665
Car-1,2011-10-23 01:54:45,116.1565739999998,40.233479
Car-1,2011-10-23 01:54:46,116.1564493333332,40.23352266666668
Car-1,2011-10-23 01:54:47,116.156322,40.23357266666666
Car-1,2011-10-23 01:54:48,116.156195,40.233624666666664
Car-1,2011-10-23 01:54:49,116.1560713333336,40.23367633333334
Car-1,2011-10-23 01:54:50,116.1559446666666,40.23373033333332
Car-1,2011-10-23 01:54:51,116.15581333333338,40.233787
Car-1,2011-10-23 01:54:52,116.15568033333321,40.233844333333344
Car-1,2011-10-23 01:54:53,116.1555529999998,40.23390433333334
Car-1,2011-10-23 01:54:54,116.155424,40.23396233333334
Car-1,2011-10-23 01:54:55,116.15529366666661,40.23402166666666
Car-1,2011-10-23 01:54:56,116.15516199999999,40.23408066666666
Car-1,2011-10-23 01:54:57,116.15502999999998,40.234141
Car-1,2011-10-23 01:54:58,116.15489533333339,40.23420133333334
Car-1,2011-10-23 01:54:59,116.1547616666666,40.23426333333332
Car-1,2011-10-23 01:55:00,116.1546256666666,40.234327
Car-1,2011-10-23 01:55:01,116.1544856666668,40.234391333333335
Car-1,2011-10-23 01:55:02,116.154341,40.234454
Car-1,2011-10-23 01:55:03,116.1541966666668,40.23451633333334
Car-1,2011-10-23 01:55:04,116.1540503333334,40.23458133333332
Car-1,2011-10-23 01:55:05,116.1538996666666,40.23464700000002
Car-1,2011-10-23 01:55:06,116.15375033333339,40.234708
Car-1,2011-10-23 01:55:07,116.15360166666702,40.234770666666655
Car-1,2011-10-23 01:55:08,116.15345233333339,40.234831666666665
Car-1,2011-10-23 01:55:09,116.1533029999998,40.23488966666668
Car-1,2011-10-23 01:55:10,116.15315700000001,40.234945333333336
Car-1,2011-10-23 01:55:11,116.1530156666666,40.234997
Car-1,2011-10-23 01:55:12,116.1528923333334,40.235037999999996
Car-1,2011-10-23 01:55:13,116.1527823333334,40.23507233333332
Car-1,2011-10-23 01:55:14,116.1526770000002,40.235106
Car-1,2011-10-23 01:55:15,116.15258200000001,40.23513466666666
Car-1,2011-10-23 01:55:16,116.1524963333334,40.235158999999975
Car-1,2011-10-23 01:55:17,116.152422,40.235179333333335
Car-1,2011-10-23 01:55:18,116.15235733333341,40.23519666666666
Car-1,2011-10-23 01:55:19,116.15230200000019,40.235211
Car-1,2011-10-23 01:55:20,116.1522523333334,40.235224333333335
Car-1,2011-10-23 01:55:21,116.1522063333334,40.235236
Car-1,2011-10-23 01:55:22,116.15216333333339,40.235246333333336
Car-1,2011-10-23 01:55:23,116.152115,40.2352583333333
Car-1,2011-10-23 01:55:31,116.151821666667,40.2352933333333
Car-1,2011-10-23 01:55:32,116.1517546666666,40.23529566666666
Car-1,2011-10-23 01:55:33,116.1516813333332,40.23530333333334
Car-1,2011-10-23 01:55:34,116.1515970000002,40.23531233333334
Car-1,2011-10-23 01:55:35,116.15150666666659,40.23532433333334
Car-1,2011-10-23 01:55:36,116.15141233333341,40.23533433333334
Car-1,2011-10-23 01:55:37,116.15131166666681,40.23534633333334
Car-1,2011-10-23 01:55:38,116.151205,40.23536066666666
Car-1,2011-10-23 01:55:39,116.1510956666666,40.23537666666666
Car-1,2011-10-23 01:55:40,116.1509813333334,40.23539166666666
Car-1,2011-10-23 01:55:41,116.1508629999998,40.23540900000002
Car-1,2011-10-23 01:55:42,116.15073533333342,40.235426000000004
Car-1,2011-10-23 01:55:43,116.1506079999998,40.23544433333334
Car-1,2011-10-23 01:55:44,116.15047799999999,40.23546233333334
Car-1,2011-10-23 01:55:45,116.15033833333341,40.235483
Car-1,2011-10-23 01:55:46,116.1501926666668,40.23550266666666
Car-1,2011-10-23 01:55:47,116.15005033333341,40.235521666666656
Car-1,2011-10-23 01:55:48,116.149903,40.23554033333334
Car-1,2011-10-23 01:55:49,116.14974933333319,40.23556166666668
Car-1,2011-10-23 01:55:50,116.14959033333321,40.23558799999999
Car-1,2011-10-23 01:55:51,116.1494226666664,40.23562000000002
Car-1,2011-10-23 01:55:52,116.14927,40.23564866666666
Car-1,2011-10-23 01:55:53,116.149117,40.23567799999999
Car-1,2011-10-23 01:55:54,116.14895200000001,40.23570933333332
Car-1,2011-10-23 01:55:55,116.1488006666664,40.23573366666666
Car-1,2011-10-23 01:55:56,116.14865399999981,40.23575266666666
Car-1,2011-10-23 01:55:57,116.14850200000001,40.23576866666666
Car-1,2011-10-23 01:55:58,116.1483463333332,40.235785666666665
Car-1,2011-10-23 01:55:59,116.14818666666679,40.23580433333332
Car-1,2011-10-23 01:56:00,116.14802133333322,40.23582433333334
Car-1,2011-10-23 01:56:01,116.1478533333332,40.235841
Car-1,2011-10-23 01:56:02,116.14768699999999,40.235859666666684
Car-1,2011-10-23 01:56:03,116.14751433333319,40.235875
Car-1,2011-10-23 01:56:04,116.147346,40.23589466666666
Car-1,2011-10-23 01:56:05,116.1471733333334,40.23591933333332
Car-1,2011-10-23 01:56:06,116.14699399999981,40.2359433333333
Car-1,2011-10-23 01:56:07,116.1468146666668,40.235968333333304
Car-1,2011-10-23 01:56:08,116.1466333333334,40.23599233333334
Car-1,2011-10-23 01:56:09,116.1464516666666,40.23602033333332
Car-1,2011-10-23 01:56:10,116.146269,40.236053000000005
Car-1,2011-10-23 01:56:11,116.14607800000019,40.23608533333334
Car-1,2011-10-23 01:56:12,116.1458916666666,40.23612
Car-1,2011-10-23 01:56:13,116.1457093333332,40.23615766666668
Car-1,2011-10-23 01:56:14,116.14552866666679,40.236204666666666
Car-1,2011-10-23 01:56:15,116.14534066666681,40.236259000000004
Car-1,2011-10-23 01:56:16,116.1451583333334,40.23631799999998
Car-1,2011-10-23 01:56:17,116.1449826666668,40.23638133333334
Car-1,2011-10-23 01:56:18,116.14481900000001,40.236446
Car-1,2011-10-23 01:56:19,116.14466133333319,40.23651400000002
Car-1,2011-10-23 01:56:20,116.1445046666666,40.23658566666668
Car-1,2011-10-23 01:56:21,116.14435066666678,40.236664666666684
Car-1,2011-10-23 01:56:22,116.1442063333332,40.236748999999996
Car-1,2011-10-23 01:56:23,116.14406566666659,40.23683833333334
Car-1,2011-10-23 01:56:24,116.143931,40.23693
Car-1,2011-10-23 01:56:25,116.14379966666661,40.23702200000002
Car-1,2011-10-23 01:56:26,116.1436753333334,40.23711933333332
Car-1,2011-10-23 01:56:27,116.14355900000001,40.23721866666664
Car-1,2011-10-23 01:56:28,116.14344766666679,40.237316
Car-1,2011-10-23 01:56:29,116.1433439999998,40.23741433333332
Car-1,2011-10-23 01:56:30,116.14324933333339,40.23751933333334
Car-1,2011-10-23 01:56:31,116.14315266666661,40.237625
Car-1,2011-10-23 01:56:32,116.14305300000001,40.237733000000006
Car-1,2011-10-23 01:56:33,116.14295633333361,40.237837999999996
Car-1,2011-10-23 01:56:34,116.1428556666668,40.23794366666668
Car-1,2011-10-23 01:56:35,116.14275366666679,40.238055
Car-1,2011-10-23 01:56:36,116.1426523333334,40.238166
Car-1,2011-10-23 01:56:37,116.1425543333332,40.23827566666666
Car-1,2011-10-23 01:56:38,116.142456666667,40.23838533333334
Car-1,2011-10-23 01:56:39,116.1423553333334,40.23849833333334
Car-1,2011-10-23 01:56:40,116.14225266666661,40.23861299999998
Car-1,2011-10-23 01:56:41,116.1421506666668,40.23872633333334
Car-1,2011-10-23 01:56:42,116.142047,40.238839
Car-1,2011-10-23 01:56:43,116.141943,40.23895566666666
Car-1,2011-10-23 01:56:44,116.1418396666666,40.23907099999998
Car-1,2011-10-23 01:56:45,116.1417353333334,40.23919266666666
Car-1,2011-10-23 01:56:46,116.1416286666666,40.23931633333336
Car-1,2011-10-23 01:56:47,116.1415220000002,40.239439666666684
Car-1,2011-10-23 01:56:48,116.141421666667,40.239557000000005
Car-1,2011-10-23 01:56:49,116.14132266666661,40.239675333333345
Car-1,2011-10-23 01:56:50,116.14122133333339,40.23978933333334
Car-1,2011-10-23 01:56:51,116.1411196666664,40.23989333333332
Car-1,2011-10-23 01:56:52,116.14103033333319,40.23999633333336
Car-1,2011-10-23 01:56:53,116.1409376666666,40.240101
Car-1,2011-10-23 01:56:54,116.14084199999999,40.24020533333334
Car-1,2011-10-23 01:56:55,116.1407513333334,40.240305
Car-1,2011-10-23 01:56:56,116.14066299999999,40.24040466666666
Car-1,2011-10-23 01:56:57,116.1405829999998,40.2405
Car-1,2011-10-23 01:56:58,116.1405103333334,40.24058533333334
Car-1,2011-10-23 01:56:59,116.1404413333332,40.240657
Car-1,2011-10-23 01:57:00,116.1403670000002,40.240726
Car-1,2011-10-23 01:57:01,116.1402926666666,40.24079099999998
Car-1,2011-10-23 01:57:02,116.14022,40.24085966666668
Car-1,2011-10-23 01:57:03,116.1401479999998,40.24092666666666
Car-1,2011-10-23 01:57:04,116.14006966666679,40.24099333333334
Car-1,2011-10-23 01:57:05,116.1399843333334,40.24105933333334
Car-1,2011-10-23 01:57:06,116.13988799999979,40.241128
Car-1,2011-10-23 01:57:07,116.13978333333338,40.24120299999998
Car-1,2011-10-23 01:57:08,116.1396713333334,40.2412766666667
Car-1,2011-10-23 01:57:09,116.1395543333332,40.24134966666666
Car-1,2011-10-23 01:57:10,116.13943133333339,40.24141966666666
Car-1,2011-10-23 01:57:11,116.13931,40.24148366666666
Car-1,2011-10-23 01:57:12,116.1391766666668,40.241544
Car-1,2011-10-23 01:57:13,116.13903399999981,40.241607000000016
Car-1,2011-10-23 01:57:14,116.1388806666668,40.24166566666666
Car-1,2011-10-23 01:57:15,116.138722,40.24172100000002
Car-1,2011-10-23 01:57:16,116.13856200000001,40.241769333333345
Car-1,2011-10-23 01:57:17,116.13838166666675,40.24181583333332
Car-1,2011-10-23 01:57:18,116.138229,40.241847
Car-1,2011-10-23 01:57:19,116.13806,40.24188033333333
Car-1,2011-10-23 01:57:20,116.13788833333301,40.241912
Car-1,2011-10-23 01:57:21,116.13771,40.241940333333346
Car-1,2011-10-23 01:57:22,116.13753666666659,40.24196366666664
Car-1,2011-10-23 01:57:23,116.137363333333,40.241988666666664
Car-1,2011-10-23 01:57:24,116.137185,40.24201766666668
Car-1,2011-10-23 01:57:25,116.1370046666666,40.242048
Car-1,2011-10-23 01:57:26,116.13682766666662,40.242075
Car-1,2011-10-23 01:57:27,116.1366543333332,40.24209766666666
Car-1,2011-10-23 01:57:28,116.136482,40.24212033333334
Car-1,2011-10-23 01:57:29,116.13631500000001,40.242147333333335
Car-1,2011-10-23 01:57:30,116.1361506666666,40.242174333333324
Car-1,2011-10-23 01:57:31,116.13598466666681,40.242200000000004
Car-1,2011-10-23 01:57:32,116.1358153333332,40.24222399999998
Car-1,2011-10-23 01:57:33,116.13564966666681,40.2422483333333
Car-1,2011-10-23 01:57:34,116.1354896666666,40.2422733333333
Car-1,2011-10-23 01:57:35,116.13533,40.242298333333295
Car-1,2011-10-23 01:57:36,116.13517200000001,40.242321
Car-1,2011-10-23 01:57:37,116.13501766666658,40.24234266666666
Car-1,2011-10-23 01:57:38,116.13486600000019,40.24236433333334
Car-1,2011-10-23 01:57:39,116.13471700000021,40.242384333333334
Car-1,2011-10-23 01:57:40,116.1345670000002,40.242405000000005
Car-1,2011-10-23 01:57:41,116.1344189999998,40.24242600000002
Car-1,2011-10-23 01:57:42,116.13427299999981,40.242447666666656
Car-1,2011-10-23 01:57:43,116.134125,40.242467333333344
Car-1,2011-10-23 01:57:44,116.1339846666666,40.242489
Car-1,2011-10-23 01:57:45,116.13383899999981,40.2425116666667
Car-1,2011-10-23 01:57:46,116.13368933333341,40.242535
Car-1,2011-10-23 01:57:47,116.1335443333334,40.242559
Car-1,2011-10-23 01:57:48,116.133403,40.24258066666668
Car-1,2011-10-23 01:57:49,116.1332666666666,40.242603999999986
Car-1,2011-10-23 01:57:50,116.1331403333334,40.24263066666668
Car-1,2011-10-23 01:57:51,116.1330189999998,40.242658333333324
Car-1,2011-10-23 01:57:52,116.13289300000001,40.242687000000004
Car-1,2011-10-23 01:57:53,116.13277700000019,40.242710333333335
Car-1,2011-10-23 01:57:54,116.1326656666666,40.24273066666666
Car-1,2011-10-23 01:57:55,116.13256033333342,40.24274933333334
Car-1,2011-10-23 01:57:56,116.13246199999999,40.242768
Car-1,2011-10-23 01:57:57,116.13237366666661,40.242784
Car-1,2011-10-23 01:57:58,116.13229100000001,40.242796333333345
Car-1,2011-10-23 01:57:59,116.1322186666666,40.242813
Car-1,2011-10-23 01:58:00,116.13215933333319,40.242839000000004
Car-1,2011-10-23 01:58:01,116.1321103333332,40.242869999999996
Car-1,2011-10-23 01:58:02,116.13207066666659,40.242903999999996
Car-1,2011-10-23 01:58:03,116.132041666667,40.24295
Car-1,2011-10-23 01:58:35,116.13201999999998,40.24320966666666
Car-1,2011-10-23 01:58:36,116.1320086666666,40.243239
Car-1,2011-10-23 01:58:37,116.13199999999999,40.24327333333332
Car-1,2011-10-23 01:58:38,116.131988,40.243314
Car-1,2011-10-23 01:58:39,116.1319696666666,40.243364
Car-1,2011-10-23 01:58:40,116.1319403333332,40.243424000000005
Car-1,2011-10-23 01:58:41,116.13190133333319,40.243487333333334
Car-1,2011-10-23 01:58:42,116.131853333333,40.24355066666666
Car-1,2011-10-23 01:58:43,116.131801,40.243611
Car-1,2011-10-23 01:58:44,116.1317433333334,40.243672333333336
Car-1,2011-10-23 01:58:45,116.13168399999999,40.24373533333334
Car-1,2011-10-23 01:58:46,116.1316183333334,40.243803
Car-1,2011-10-23 01:58:47,116.13155166666658,40.2438766666667
Car-1,2011-10-23 01:58:48,116.1314829999998,40.243952999999976
Car-1,2011-10-23 01:58:49,116.1314086666664,40.244037000000006
Car-1,2011-10-23 01:58:50,116.13133600000019,40.244128333333336
Car-1,2011-10-23 01:58:51,116.13126200000019,40.24421966666666
Car-1,2011-10-23 01:58:52,116.1311800000002,40.24431066666668
Car-1,2011-10-23 01:58:53,116.13108400000002,40.24441266666666
Car-1,2011-10-23 01:58:54,116.1309913333334,40.24450833333334
Car-1,2011-10-23 01:58:55,116.13090333333321,40.244601333333335
Car-1,2011-10-23 01:58:56,116.130818,40.24470366666666
Car-1,2011-10-23 01:58:57,116.130729,40.24481033333334
Car-1,2011-10-23 01:58:58,116.1306343333332,40.2449116666667
Car-1,2011-10-23 01:58:59,116.13053299999999,40.245017333333315
Car-1,2011-10-23 01:59:00,116.13043466666679,40.24512633333334
Car-1,2011-10-23 01:59:01,116.1303393333332,40.24523833333332
Car-1,2011-10-23 01:59:02,116.1302386666664,40.245355
Car-1,2011-10-23 01:59:03,116.13013766666661,40.24547166666666
Car-1,2011-10-23 01:59:04,116.1300393333332,40.245588333333345
Car-1,2011-10-23 01:59:05,116.129938333333,40.24570466666666
Car-1,2011-10-23 01:59:06,116.12983766666659,40.245816000000005
Car-1,2011-10-23 01:59:07,116.1297356666668,40.245926333333344
Car-1,2011-10-23 01:59:08,116.12963566666681,40.24603566666666
Car-1,2011-10-23 01:59:09,116.12954266666661,40.246142
Car-1,2011-10-23 01:59:10,116.12945199999999,40.24624299999998
Car-1,2011-10-23 01:59:11,116.12935433333341,40.24634033333334
Car-1,2011-10-23 01:59:12,116.12926,40.24643966666666
Car-1,2011-10-23 01:59:13,116.129168,40.24653799999997
Car-1,2011-10-23 01:59:14,116.1290763333332,40.246636
Car-1,2011-10-23 01:59:15,116.12898533333342,40.246737
Car-1,2011-10-23 01:59:16,116.12890533333339,40.24683633333332
Car-1,2011-10-23 01:59:17,116.12883933333319,40.246928333333344
Car-1,2011-10-23 01:59:18,116.1287893333332,40.247018666666676
Car-1,2011-10-23 01:59:19,116.1287553333334,40.24711399999998
Car-1,2011-10-23 01:59:20,116.12874200000002,40.24720833333334
Car-1,2011-10-23 01:59:21,116.12875133333338,40.24730266666666
Car-1,2011-10-23 01:59:22,116.12877900000001,40.24739200000002
Car-1,2011-10-23 01:59:23,116.12882133333339,40.2474733333333
Car-1,2011-10-23 01:59:24,116.1288813333334,40.24754766666666
Car-1,2011-10-23 01:59:25,116.12896266666681,40.24761666666666
Car-1,2011-10-23 01:59:26,116.1290706666668,40.247679666666684
Car-1,2011-10-23 01:59:27,116.12918966666659,40.24773133333336
Car-1,2011-10-23 01:59:28,116.1293016666666,40.247784
Car-1,2011-10-23 01:59:29,116.12941433333319,40.24783600000002
Car-1,2011-10-23 01:59:30,116.12953433333321,40.24789033333334
Car-1,2011-10-23 01:59:31,116.1296569999998,40.24794566666666
Car-1,2011-10-23 01:59:32,116.1297720000002,40.248004
Car-1,2011-10-23 01:59:33,116.1298816666668,40.24805833333334
Car-1,2011-10-23 01:59:34,116.12999233333339,40.248115
Car-1,2011-10-23 01:59:35,116.13010466666681,40.248172
Car-1,2011-10-23 01:59:36,116.1302236666664,40.248232999999985
Car-1,2011-10-23 01:59:37,116.1303453333336,40.24829766666666
Car-1,2011-10-23 01:59:38,116.13046566666681,40.24836333333332
Car-1,2011-10-23 01:59:39,116.1305873333334,40.24842933333334
Car-1,2011-10-23 01:59:40,116.13071133333361,40.248492666666664
Car-1,2011-10-23 01:59:41,116.130835,40.24855433333334
Car-1,2011-10-23 01:59:42,116.130953,40.24861833333332
Car-1,2011-10-23 01:59:43,116.13106466666679,40.24868133333334
Car-1,2011-10-23 01:59:44,116.1311630000002,40.2487366666667
Car-1,2011-10-23 01:59:45,116.1312516666666,40.24878366666666
Car-1,2011-10-23 01:59:46,116.1313353333334,40.248824666666664
Car-1,2011-10-23 01:59:47,116.13142,40.24885233333332
Car-1,2011-10-23 01:59:48,116.13150166666681,40.24886766666666
Car-1,2011-10-23 01:59:49,116.13157766666659,40.24887633333332
Car-1,2011-10-23 01:59:50,116.1316463333334,40.248877999999976
Car-1,2011-10-23 01:59:51,116.13171,40.24887566666668
Car-1,2011-10-23 01:59:52,116.13176799999981,40.24887
Car-1,2011-10-23 01:59:53,116.13181300000001,40.248863
Car-1,2011-10-23 01:59:54,116.1318463333334,40.248856
Car-1,2011-10-23 01:59:55,116.13188399999999,40.24884966666666
Car-1,2011-10-23 01:59:56,116.1319239999998,40.24885466666666
Car-1,2011-10-23 01:59:57,116.13197533333341,40.24885733333334
Car-1,2011-10-23 01:59:58,116.1320343333332,40.24885466666666
Car-1,2011-10-23 01:59:59,116.1321093333332,40.24883700000002
Car-1,2011-10-23 02:00:00,116.1321839999998,40.24880833333334
Car-1,2011-10-23 02:00:01,116.13225266666659,40.24877033333334
Car-1,2011-10-23 02:00:02,116.1323123333332,40.24872600000002
Car-1,2011-10-23 02:00:03,116.132354,40.24867333333334
Car-1,2011-10-23 02:00:04,116.13237266666661,40.24861366666666
Car-1,2011-10-23 02:00:05,116.132374,40.24854833333334
Car-1,2011-10-23 02:00:06,116.1323606666668,40.248481666666656
Car-1,2011-10-23 02:00:07,116.13233199999999,40.248419
Car-1,2011-10-23 02:00:08,116.13228266666661,40.248368
Car-1,2011-10-23 02:00:09,116.132215,40.24832866666668
Car-1,2011-10-23 02:00:10,116.1321383333332,40.248304000000005
Car-1,2011-10-23 02:00:11,116.13205466666659,40.24829700000002
Car-1,2011-10-23 02:00:12,116.13196033333341,40.24830566666666
Car-1,2011-10-23 02:00:13,116.13186100000021,40.24832233333334
Car-1,2011-10-23 02:00:14,116.1317573333334,40.24834266666666
Car-1,2011-10-23 02:00:15,116.13165,40.248367000000016
Car-1,2011-10-23 02:00:16,116.1315376666666,40.248396666666665
Car-1,2011-10-23 02:00:17,116.1314223333334,40.24843200000002
Car-1,2011-10-23 02:00:18,116.1313053333334,40.24847333333334
Car-1,2011-10-23 02:00:19,116.13118999999999,40.2485183333333
Car-1,2011-10-23 02:00:20,116.131066666667,40.24857100000002
Car-1,2011-10-23 02:00:21,116.13094066666682,40.24862333333334
Car-1,2011-10-23 02:00:22,116.1308060000002,40.248681
Car-1,2011-10-23 02:00:23,116.1306736666666,40.248733333333305
Car-1,2011-10-23 02:00:24,116.1305393333334,40.248785666666656
Car-1,2011-10-23 02:00:25,116.1303960000002,40.24884666666668
Car-1,2011-10-23 02:00:26,116.130248333333,40.248912000000004
Car-1,2011-10-23 02:00:27,116.1300976666666,40.24898
Car-1,2011-10-23 02:00:28,116.1299466666666,40.24905
Car-1,2011-10-23 02:00:29,116.1297896666666,40.249121
Car-1,2011-10-23 02:00:30,116.12962999999999,40.24919033333334
Car-1,2011-10-23 02:00:31,116.12947233333338,40.249257
Car-1,2011-10-23 02:00:32,116.1293083333334,40.24932566666666
Car-1,2011-10-23 02:00:33,116.129138333333,40.249398666666636
Car-1,2011-10-23 02:00:34,116.128925,40.2494916666667
Car-1,2011-10-23 02:05:12,116.07966,40.277626250000026
Car-1,2011-10-23 02:05:13,116.0795163333336,40.27772866666664
Car-1,2011-10-23 02:05:14,116.07939733333319,40.27783
Car-1,2011-10-23 02:05:15,116.07928999999999,40.27793233333332
Car-1,2011-10-23 02:05:16,116.07918366666661,40.27802666666666
Car-1,2011-10-23 02:05:17,116.07907366666659,40.278116
Car-1,2011-10-23 02:05:18,116.0789636666666,40.278206
Car-1,2011-10-23 02:05:19,116.07885966666679,40.27829300000002
Car-1,2011-10-23 02:05:20,116.07874799999999,40.278385
Car-1,2011-10-23 02:05:21,116.0786336666666,40.27847833333334
Car-1,2011-10-23 02:05:22,116.07852399999999,40.278575666666676
Car-1,2011-10-23 02:05:23,116.078413,40.27867799999998
Car-1,2011-10-23 02:05:24,116.0783003333332,40.27877333333334
Car-1,2011-10-23 02:05:25,116.078188,40.27886666666666
Car-1,2011-10-23 02:05:26,116.07807733333341,40.278959666666665
Car-1,2011-10-23 02:05:27,116.07796,40.279047
Car-1,2011-10-23 02:05:28,116.07783533333341,40.279136
Car-1,2011-10-23 02:05:29,116.07771,40.27923266666666
Car-1,2011-10-23 02:05:30,116.07758966666661,40.27932833333334
Car-1,2011-10-23 02:05:31,116.07747300000001,40.279421333333325
Car-1,2011-10-23 02:05:32,116.0773510000002,40.279512999999994
Car-1,2011-10-23 02:05:33,116.0772260000002,40.27960366666668
Car-1,2011-10-23 02:05:34,116.07709700000001,40.279697
Car-1,2011-10-23 02:05:35,116.07696833333338,40.279790333333324
Car-1,2011-10-23 02:05:36,116.07683866666639,40.27988033333332
Car-1,2011-10-23 02:05:37,116.076713,40.27998
Car-1,2011-10-23 02:05:38,116.07659466666681,40.280082
Car-1,2011-10-23 02:05:39,116.0764713333336,40.28018200000002
Car-1,2011-10-23 02:05:40,116.07634633333359,40.2802833333333
Car-1,2011-10-23 02:05:41,116.07621933333321,40.2803833333333
Car-1,2011-10-23 02:05:42,116.0760920000002,40.28048066666668
Car-1,2011-10-23 02:05:43,116.07596233333341,40.28057566666666
Car-1,2011-10-23 02:05:44,116.075826,40.28067299999998
Car-1,2011-10-23 02:05:45,116.07568833333339,40.28077133333334
Car-1,2011-10-23 02:05:46,116.0755496666666,40.28086899999998
Car-1,2011-10-23 02:05:47,116.07541499999999,40.280973333333336
Car-1,2011-10-23 02:05:48,116.0752743333334,40.281082666666656
Car-1,2011-10-23 02:05:49,116.075096666667,40.28121
Car-1,2011-10-23 02:05:53,116.0745625,40.28164083333333
Car-1,2011-10-23 02:05:54,116.074416,40.28175166666668
Car-1,2011-10-23 02:05:55,116.0742843333334,40.28185433333332
Car-1,2011-10-23 02:05:56,116.07415699999999,40.28196233333332
Car-1,2011-10-23 02:05:57,116.07402666666681,40.28206633333334
Car-1,2011-10-23 02:05:58,116.07389966666639,40.2821683333333
Car-1,2011-10-23 02:05:59,116.073784,40.28226733333332
Car-1,2011-10-23 02:06:00,116.0736623333332,40.282365
Car-1,2011-10-23 02:06:01,116.0735256666668,40.28246299999999
Car-1,2011-10-23 02:06:02,116.0733863333334,40.28255899999998
Car-1,2011-10-23 02:06:03,116.07325066666661,40.282662333333334
Car-1,2011-10-23 02:06:04,116.07312399999981,40.28277133333332
Car-1,2011-10-23 02:06:05,116.0729986666664,40.28287466666666
Car-1,2011-10-23 02:06:06,116.0728786666668,40.28297833333334
Car-1,2011-10-23 02:06:07,116.072758,40.28308833333334
Car-1,2011-10-23 02:06:08,116.07264433333322,40.28319566666666
Car-1,2011-10-23 02:06:09,116.07254499999999,40.28330133333331
Car-1,2011-10-23 02:06:10,116.0724516666666,40.283409666666685
Car-1,2011-10-23 02:06:11,116.07236166666681,40.28350966666666
Car-1,2011-10-23 02:06:12,116.0722736666668,40.28360700000002
Car-1,2011-10-23 02:06:13,116.0721946666666,40.283701999999984
Car-1,2011-10-23 02:06:14,116.0721196666666,40.28379233333334
Car-1,2011-10-23 02:06:15,116.07204299999981,40.28387633333332
Car-1,2011-10-23 02:06:16,116.07197799999999,40.283955000000006
Car-1,2011-10-23 02:06:17,116.07191700000001,40.28403100000001
Car-1,2011-10-23 02:06:18,116.0718566666666,40.28410799999998
Car-1,2011-10-23 02:06:19,116.07179799999999,40.28418200000002
Car-1,2011-10-23 02:06:20,116.0717403333334,40.28425433333332
Car-1,2011-10-23 02:06:21,116.07167933333339,40.284324666666656
Car-1,2011-10-23 02:06:22,116.0716133333334,40.2843983333333
Car-1,2011-10-23 02:06:23,116.07154533333339,40.28447866666666
Car-1,2011-10-23 02:06:24,116.07147299999978,40.28456533333332
Car-1,2011-10-23 02:06:25,116.071397,40.284655666666666
Car-1,2011-10-23 02:06:26,116.0713166666666,40.284752333333344
Car-1,2011-10-23 02:06:27,116.0712360000002,40.28486033333334
Car-1,2011-10-23 02:06:28,116.0711596666666,40.284971666666685
Car-1,2011-10-23 02:06:29,116.071087,40.28508
Car-1,2011-10-23 02:06:30,116.0710196666666,40.28519033333334
Car-1,2011-10-23 02:06:31,116.07095,40.28530233333334
Car-1,2011-10-23 02:06:32,116.07087200000001,40.28541133333332
Car-1,2011-10-23 02:06:33,116.0707939999998,40.285519
Car-1,2011-10-23 02:06:34,116.0707156666668,40.285636
Car-1,2011-10-23 02:06:35,116.070639,40.28575633333332
Car-1,2011-10-23 02:06:36,116.070551,40.28587133333334
Car-1,2011-10-23 02:06:37,116.070457,40.285984666666664
Car-1,2011-10-23 02:06:38,116.07036000000001,40.286089333333344
Car-1,2011-10-23 02:06:39,116.07026066666681,40.28618633333334
Car-1,2011-10-23 02:06:40,116.07015999999999,40.28628399999998
Car-1,2011-10-23 02:06:41,116.070064,40.28639066666666
Car-1,2011-10-23 02:06:42,116.069974,40.286499
Car-1,2011-10-23 02:06:43,116.06987966666661,40.28661133333334
Car-1,2011-10-23 02:06:44,116.0697843333332,40.28673266666666
Car-1,2011-10-23 02:06:45,116.06970000000001,40.28686433333334
Car-1,2011-10-23 02:06:46,116.06962499999979,40.28700466666666
Car-1,2011-10-23 02:06:47,116.0695596666668,40.28714600000002
Car-1,2011-10-23 02:06:48,116.069488333333,40.2873333333333
Car-1,2011-10-23 02:07:26,116.0663270833335,40.292522500000025
Car-1,2011-10-23 02:07:28,116.06599666666659,40.292712
Car-1,2011-10-23 02:07:29,116.0658316666666,40.29279766666666
Car-1,2011-10-23 02:07:30,116.06566299999982,40.29287933333332
Car-1,2011-10-23 02:07:31,116.065486,40.29295
Car-1,2011-10-23 02:07:32,116.0653083333332,40.293018000000004
Car-1,2011-10-23 02:07:33,116.0651313333336,40.29307766666666
Car-1,2011-10-23 02:07:34,116.06495300000002,40.29313466666668
Car-1,2011-10-23 02:07:35,116.06477533333342,40.29318533333334
Car-1,2011-10-23 02:07:36,116.0646023333334,40.29322666666668
Car-1,2011-10-23 02:07:37,116.064436,40.293263
Car-1,2011-10-23 02:07:38,116.06428133333341,40.293296666666656
Car-1,2011-10-23 02:07:39,116.06413366666641,40.293330333333316
Car-1,2011-10-23 02:07:40,116.0639846666666,40.293365
Car-1,2011-10-23 02:07:41,116.06383799999999,40.29340566666666
Car-1,2011-10-23 02:07:42,116.06369500000001,40.29345233333332
Car-1,2011-10-23 02:07:43,116.06355599999999,40.293496666666655
Car-1,2011-10-23 02:07:44,116.06342,40.29353933333334
Car-1,2011-10-23 02:07:45,116.06328699999999,40.29358466666666
Car-1,2011-10-23 02:07:46,116.06315433333342,40.29363200000002
Car-1,2011-10-23 02:07:47,116.063023,40.29368566666668
Car-1,2011-10-23 02:07:48,116.0628956666668,40.29374666666666
Car-1,2011-10-23 02:07:49,116.0627776666666,40.29380166666668
Car-1,2011-10-23 02:07:50,116.0626616666666,40.29386
Car-1,2011-10-23 02:07:51,116.06255066666661,40.29392066666666
Car-1,2011-10-23 02:07:52,116.06243233333339,40.29398899999998
Car-1,2011-10-23 02:07:53,116.0623166666664,40.294066666666666
Car-1,2011-10-23 02:07:54,116.0621966666668,40.294149
Car-1,2011-10-23 02:07:55,116.062082,40.294232
Car-1,2011-10-23 02:07:56,116.06197233333339,40.29432166666666
Car-1,2011-10-23 02:07:57,116.0618576666664,40.294411000000004
Car-1,2011-10-23 02:07:58,116.0617339999998,40.294505
Car-1,2011-10-23 02:07:59,116.0616156666666,40.29460199999998
Car-1,2011-10-23 02:08:00,116.0615036666666,40.2946983333333
Car-1,2011-10-23 02:08:01,116.06140133333341,40.29479966666666
Car-1,2011-10-23 02:08:02,116.0613096666668,40.29489633333334
Car-1,2011-10-23 02:08:03,116.0612233333334,40.29499366666666
Car-1,2011-10-23 02:08:04,116.06114299999999,40.29509033333334
Car-1,2011-10-23 02:08:05,116.06106400000002,40.29519833333332
Car-1,2011-10-23 02:08:06,116.06098033333319,40.29531
Car-1,2011-10-23 02:08:07,116.0609046666666,40.29542333333334
Car-1,2011-10-23 02:08:08,116.0608403333332,40.29554833333334
Car-1,2011-10-23 02:08:09,116.0607886666664,40.29567199999998
Car-1,2011-10-23 02:08:10,116.060744,40.295783
Car-1,2011-10-23 02:08:11,116.0607003333334,40.29588333333334
Car-1,2011-10-23 02:08:12,116.06064866666641,40.295982333333335
Car-1,2011-10-23 02:08:13,116.06058800000001,40.29608366666668
Car-1,2011-10-23 02:08:14,116.06051733333341,40.29619033333334
Car-1,2011-10-23 02:08:15,116.0604546666668,40.29629633333334
Car-1,2011-10-23 02:08:16,116.06037866666641,40.29640200000002
Car-1,2011-10-23 02:08:17,116.0603020000002,40.29651133333334
Car-1,2011-10-23 02:08:18,116.0602279999998,40.296627999999984
Car-1,2011-10-23 02:08:19,116.0601503333332,40.29675066666666
Car-1,2011-10-23 02:08:20,116.06005700000019,40.29686133333334
Car-1,2011-10-23 02:08:21,116.05995800000001,40.29696533333334
Car-1,2011-10-23 02:08:22,116.05986833333341,40.2970616666667
Car-1,2011-10-23 02:08:23,116.05977333333301,40.29716466666666
Car-1,2011-10-23 02:08:24,116.05966800000002,40.297269
Car-1,2011-10-23 02:08:25,116.0595493333332,40.29737766666666
Car-1,2011-10-23 02:08:26,116.05943500000001,40.29748766666666
Car-1,2011-10-23 02:08:27,116.0593243333334,40.297594666666654
Car-1,2011-10-23 02:08:28,116.05921666666661,40.297698666666676
Car-1,2011-10-23 02:08:29,116.0591126666666,40.297807333333324
Car-1,2011-10-23 02:08:30,116.0590153333334,40.297913
Car-1,2011-10-23 02:08:31,116.0589073333332,40.298022666666654
Car-1,2011-10-23 02:08:32,116.0588036666664,40.29812833333334
Car-1,2011-10-23 02:08:33,116.0586966666668,40.29821766666666
Car-1,2011-10-23 02:08:34,116.0585906666668,40.29831533333332
Car-1,2011-10-23 02:08:35,116.0584893333332,40.29842066666666
Car-1,2011-10-23 02:08:36,116.05839499999999,40.298526000000024
Car-1,2011-10-23 02:08:37,116.0582970000002,40.298624333333336
Car-1,2011-10-23 02:08:38,116.05819766666659,40.298719333333324
Car-1,2011-10-23 02:08:39,116.05809400000001,40.298817666666665
Car-1,2011-10-23 02:08:40,116.0579813333334,40.29891666666668
Car-1,2011-10-23 02:08:41,116.05786699999999,40.29901066666664
Car-1,2011-10-23 02:08:42,116.05775766666679,40.299102666666684
Car-1,2011-10-23 02:08:43,116.05764966666659,40.29920066666668
Car-1,2011-10-23 02:08:44,116.05754566666681,40.299308
Car-1,2011-10-23 02:08:45,116.05744266666679,40.299420333333366
Car-1,2011-10-23 02:08:46,116.05735,40.29952
Car-1,2011-10-23 02:08:47,116.05725333333321,40.299623333333344
Car-1,2011-10-23 02:08:48,116.05714633333321,40.299732
Car-1,2011-10-23 02:08:49,116.05703433333319,40.29984366666666
Car-1,2011-10-23 02:08:50,116.05691999999999,40.299953333333335
Car-1,2011-10-23 02:08:51,116.056812,40.30006166666666
Car-1,2011-10-23 02:08:52,116.0567056666666,40.300177
Car-1,2011-10-23 02:08:53,116.05660533333321,40.300298333333316
Car-1,2011-10-23 02:08:54,116.0565233333336,40.30042299999998
Car-1,2011-10-23 02:08:55,116.05646200000001,40.300551
Car-1,2011-10-23 02:08:56,116.056405,40.300677999999984
Car-1,2011-10-23 02:08:57,116.056346,40.30080333333334
Car-1,2011-10-23 02:08:58,116.0562813333332,40.300934
Car-1,2011-10-23 02:08:59,116.0562206666668,40.30106333333332
Car-1,2011-10-23 02:09:00,116.0561689999998,40.30119233333334
Car-1,2011-10-23 02:09:01,116.05611200000018,40.30132633333332
Car-1,2011-10-23 02:09:02,116.05605433333321,40.30145199999998
Car-1,2011-10-23 02:09:03,116.05600366666661,40.30156633333334
Car-1,2011-10-23 02:09:04,116.0559396666666,40.301677666666684
Car-1,2011-10-23 02:09:05,116.0558699999998,40.301791
Car-1,2011-10-23 02:09:06,116.055805,40.30190366666666
Car-1,2011-10-23 02:09:07,116.0557413333332,40.30200933333332
Car-1,2011-10-23 02:09:08,116.0556633333334,40.30211766666666
Car-1,2011-10-23 02:09:09,116.05556200000001,40.30223133333332
Car-1,2011-10-23 02:09:10,116.05544233333322,40.302347333333316
Car-1,2011-10-23 02:09:11,116.05533599999998,40.30245
Car-1,2011-10-23 02:09:12,116.0552326666666,40.30255033333334
Car-1,2011-10-23 02:09:13,116.05512733333339,40.302647333333326
Car-1,2011-10-23 02:09:14,116.0550060000002,40.30273133333336
Car-1,2011-10-23 02:09:15,116.05487299999979,40.30280766666666
Car-1,2011-10-23 02:09:16,116.054728,40.30288566666668
Car-1,2011-10-23 02:09:17,116.0545759999998,40.30293466666666
Car-1,2011-10-23 02:09:18,116.054425,40.30297299999998
Car-1,2011-10-23 02:09:19,116.05427433333341,40.303025000000005
Car-1,2011-10-23 02:09:20,116.0541176666666,40.30306966666666
Car-1,2011-10-23 02:09:21,116.053955,40.303112
Car-1,2011-10-23 02:09:22,116.05378799999998,40.30314933333334
Car-1,2011-10-23 02:09:23,116.053628,40.303180333333316
Car-1,2011-10-23 02:09:24,116.053464,40.30320966666666
Car-1,2011-10-23 02:09:25,116.0532766666668,40.303219666666664
Car-1,2011-10-23 02:09:26,116.05309400000002,40.30324066666666
Car-1,2011-10-23 02:09:27,116.0529166666668,40.303287
Car-1,2011-10-23 02:09:28,116.05274766666659,40.30333333333332
Car-1,2011-10-23 02:09:29,116.05258599999999,40.30338633333332
Car-1,2011-10-23 02:09:30,116.0524226666666,40.30345333333332
Car-1,2011-10-23 02:09:31,116.0522653333334,40.303535
Car-1,2011-10-23 02:09:32,116.0521083333334,40.30362266666666
Car-1,2011-10-23 02:09:33,116.051953,40.30370866666666
Car-1,2011-10-23 02:09:34,116.051809,40.30380466666666
Car-1,2011-10-23 02:09:35,116.05167233333341,40.303912000000004
Car-1,2011-10-23 02:09:36,116.0515463333332,40.30402933333332
Car-1,2011-10-23 02:09:37,116.05144,40.304157
Car-1,2011-10-23 02:09:38,116.05131,40.30432
Car-1,2011-10-23 02:09:49,116.05093375,40.305909583333325
Car-1,2011-10-23 02:09:50,116.0509463333334,40.30606466666666
Car-1,2011-10-23 02:09:51,116.05095633333319,40.306214999999995
Car-1,2011-10-23 02:09:52,116.05096000000022,40.30636799999998
Car-1,2011-10-23 02:09:53,116.0509553333334,40.306511
Car-1,2011-10-23 02:09:54,116.0509286666666,40.306648
Car-1,2011-10-23 02:09:55,116.05089433333339,40.30678033333334
Car-1,2011-10-23 02:09:56,116.05085166666682,40.30690566666668
Car-1,2011-10-23 02:09:57,116.0508016666666,40.30702366666668
Car-1,2011-10-23 02:09:58,116.05074400000001,40.307133
Car-1,2011-10-23 02:09:59,116.050687,40.307241
Car-1,2011-10-23 02:10:00,116.0506166666668,40.30735133333334
Car-1,2011-10-23 02:10:01,116.0505303333334,40.307464333333336
Car-1,2011-10-23 02:10:02,116.0504373333334,40.30757066666668
Car-1,2011-10-23 02:10:03,116.0503396666666,40.30767866666668
Car-1,2011-10-23 02:10:04,116.050238333333,40.30779066666668
Car-1,2011-10-23 02:10:05,116.050134,40.30788466666666
Car-1,2011-10-23 02:10:06,116.0500136666664,40.30796933333334
Car-1,2011-10-23 02:10:07,116.0498886666664,40.308051999999996
Car-1,2011-10-23 02:10:08,116.0497583333334,40.30812333333332
Car-1,2011-10-23 02:10:09,116.04962066666681,40.30819133333334
Car-1,2011-10-23 02:10:10,116.0494759999998,40.30824966666666
Car-1,2011-10-23 02:10:11,116.049333,40.30830333333334
Car-1,2011-10-23 02:10:12,116.04918966666659,40.308364
Car-1,2011-10-23 02:10:13,116.04904166666661,40.30842133333334
Car-1,2011-10-23 02:10:14,116.048888333333,40.308465333333324
Car-1,2011-10-23 02:10:15,116.04873566666679,40.30850633333334
Car-1,2011-10-23 02:10:16,116.0485843333332,40.308543
Car-1,2011-10-23 02:10:17,116.04843133333341,40.30857566666664
Car-1,2011-10-23 02:10:18,116.0482723333334,40.30861033333334
Car-1,2011-10-23 02:10:19,116.04811233333339,40.30864466666666
Car-1,2011-10-23 02:10:20,116.04797,40.30867466666666
Car-1,2011-10-23 02:10:21,116.04783766666681,40.308704999999996
Car-1,2011-10-23 02:10:22,116.0477093333332,40.30873933333334
Car-1,2011-10-23 02:10:23,116.04757633333341,40.308779
Car-1,2011-10-23 02:10:24,116.0474363333332,40.308828
Car-1,2011-10-23 02:10:25,116.04729400000001,40.308876333333345
Car-1,2011-10-23 02:10:26,116.0471516666668,40.308927
Car-1,2011-10-23 02:10:27,116.0470073333332,40.308980000000005
Car-1,2011-10-23 02:10:28,116.0468666666666,40.30903633333334
Car-1,2011-10-23 02:10:29,116.0467330000002,40.309101
Car-1,2011-10-23 02:10:30,116.04659933333339,40.309177666666685
Car-1,2011-10-23 02:10:31,116.0464686666664,40.309262333333336
Car-1,2011-10-23 02:10:32,116.0463429999998,40.309352000000004
Car-1,2011-10-23 02:10:33,116.04621700000021,40.30945066666668
Car-1,2011-10-23 02:10:34,116.04608833333342,40.30955266666666
Car-1,2011-10-23 02:10:35,116.0459653333334,40.30965266666666
Car-1,2011-10-23 02:10:36,116.045837,40.30974666666666
Car-1,2011-10-23 02:10:37,116.0457060000002,40.30984
Car-1,2011-10-23 02:10:38,116.0455766666666,40.30993166666666
Car-1,2011-10-23 02:10:39,116.04543899999999,40.310025
Car-1,2011-10-23 02:10:40,116.04530600000001,40.310117666666656
Car-1,2011-10-23 02:10:41,116.04516699999999,40.31020733333334
Car-1,2011-10-23 02:10:42,116.04501833333299,40.310297999999975
Car-1,2011-10-23 02:10:43,116.0448753333332,40.31038666666666
Car-1,2011-10-23 02:10:44,116.0447363333332,40.31046366666664
Car-1,2011-10-23 02:10:45,116.04459033333339,40.310539666666656
Car-1,2011-10-23 02:10:46,116.04444166666698,40.310614666666666
Car-1,2011-10-23 02:10:47,116.04429299999978,40.310681000000024
Car-1,2011-10-23 02:10:48,116.044147,40.31073799999998
Car-1,2011-10-23 02:10:49,116.0440033333334,40.310792999999975
Car-1,2011-10-23 02:10:50,116.043871,40.310858
Car-1,2011-10-23 02:10:51,116.0437346666666,40.31093566666666
Car-1,2011-10-23 02:10:52,116.04360333333338,40.31101966666668
Car-1,2011-10-23 02:10:53,116.0434776666668,40.311108000000004
Car-1,2011-10-23 02:10:54,116.043361,40.311201999999994
Car-1,2011-10-23 02:10:55,116.043247,40.31128966666668
Car-1,2011-10-23 02:10:56,116.0431376666666,40.31138800000002
Car-1,2011-10-23 02:10:57,116.0430336666664,40.31149833333332
Car-1,2011-10-23 02:10:58,116.042938,40.31160533333332
Car-1,2011-10-23 02:10:59,116.0428336666666,40.31171766666667
Car-1,2011-10-23 02:11:00,116.0427543333332,40.311834999999995
Car-1,2011-10-23 02:11:01,116.0426743333334,40.311946333333324
Car-1,2011-10-23 02:11:02,116.04258566666681,40.31206
Car-1,2011-10-23 02:11:03,116.04249566666661,40.31216866666668
Car-1,2011-10-23 02:11:04,116.0424103333334,40.312280666666666
Car-1,2011-10-23 02:11:05,116.04233266666661,40.31240366666664
Car-1,2011-10-23 02:11:06,116.0422536666666,40.31253299999998
Car-1,2011-10-23 02:11:07,116.04217933333321,40.31265933333334
Car-1,2011-10-23 02:11:08,116.0421003333332,40.312788333333344
Car-1,2011-10-23 02:11:09,116.042023333333,40.31292033333332
Car-1,2011-10-23 02:11:10,116.04195133333319,40.31305333333334
Car-1,2011-10-23 02:11:11,116.04188166666661,40.313191333333336
Car-1,2011-10-23 02:11:12,116.041804,40.313333
Car-1,2011-10-23 02:11:13,116.04175466666679,40.31347033333334
Car-1,2011-10-23 02:11:14,116.04171900000001,40.313614000000015
Car-1,2011-10-23 02:11:15,116.0416770000002,40.31376066666668
Car-1,2011-10-23 02:11:16,116.0416306666666,40.31390366666668
Car-1,2011-10-23 02:11:17,116.041596,40.31403466666666
Car-1,2011-10-23 02:11:18,116.04156800000001,40.31416
Car-1,2011-10-23 02:11:19,116.04152199999999,40.314291
Car-1,2011-10-23 02:11:20,116.04148433333322,40.31441733333332
Car-1,2011-10-23 02:11:21,116.04146633333339,40.31453066666666
Car-1,2011-10-23 02:11:22,116.0414486666668,40.314651333333316
Car-1,2011-10-23 02:11:23,116.0414243333332,40.31478166666666
Car-1,2011-10-23 02:11:24,116.0414013333334,40.31491766666666
Car-1,2011-10-23 02:11:25,116.0413740000002,40.31505233333334
Car-1,2011-10-23 02:11:26,116.0413326666666,40.315185666666665
Car-1,2011-10-23 02:11:27,116.0412826666666,40.315324
Car-1,2011-10-23 02:11:28,116.041219,40.31545
Car-1,2011-10-23 02:11:29,116.0411826666666,40.315557
Car-1,2011-10-23 02:11:30,116.041147,40.31565566666668
Car-1,2011-10-23 02:11:31,116.04109599999981,40.315758333333335
Car-1,2011-10-23 02:11:32,116.04103066666639,40.315863
Car-1,2011-10-23 02:11:33,116.04098033333321,40.31596099999998
Car-1,2011-10-23 02:11:34,116.040946,40.31604533333332
Car-1,2011-10-23 02:11:35,116.04090566666659,40.31612733333334
Car-1,2011-10-23 02:11:36,116.04085833333299,40.31621166666668
Car-1,2011-10-23 02:11:37,116.0407959999998,40.31630966666666
Car-1,2011-10-23 02:11:38,116.0406886666666,40.31643400000002
Car-1,2011-10-23 02:11:39,116.040575,40.3165983333333
Car-1,2011-10-23 02:16:16,116.01045125000024,40.34965375000002
Car-1,2011-10-23 02:17:19,116.00086277777767,40.35597333333337
Car-1,2011-10-23 02:18:27,115.98707625,40.3594254166667
Car-1,2011-10-23 02:18:29,115.9867553333332,40.3592383333333
Car-1,2011-10-23 02:18:30,115.98662233333339,40.35913533333334
Car-1,2011-10-23 02:18:31,115.9864923333334,40.359032333333325
Car-1,2011-10-23 02:18:32,115.9863670000002,40.358923333333344
Car-1,2011-10-23 02:18:33,115.98623533333321,40.358817
Car-1,2011-10-23 02:18:34,115.9860950000002,40.35871133333334
Car-1,2011-10-23 02:18:35,115.98595700000018,40.35861
Car-1,2011-10-23 02:18:36,115.9858163333334,40.35851433333334
Car-1,2011-10-23 02:18:37,115.9856693333332,40.35842566666666
Car-1,2011-10-23 02:18:38,115.9855216666668,40.35833533333332
Car-1,2011-10-23 02:18:39,115.98537633333319,40.35825366666664
Car-1,2011-10-23 02:18:40,115.9852260000002,40.35817566666666
Car-1,2011-10-23 02:18:41,115.9850713333332,40.358095000000006
Car-1,2011-10-23 02:18:42,115.98490999999999,40.35801866666664
Car-1,2011-10-23 02:18:43,115.98474900000001,40.35795166666668
Car-1,2011-10-23 02:18:44,115.9846003333334,40.357884
Car-1,2011-10-23 02:18:45,115.98445833333301,40.35782566666668
Car-1,2011-10-23 02:18:46,115.9843103333332,40.35778233333334
Car-1,2011-10-23 02:18:47,115.98416633333359,40.35774233333334
Car-1,2011-10-23 02:18:48,115.984013,40.35770466666666
Car-1,2011-10-23 02:18:49,115.98385,40.357666
Car-1,2011-10-23 02:18:50,115.9836763333332,40.35763233333334
Car-1,2011-10-23 02:18:51,115.98349699999999,40.35760399999998
Car-1,2011-10-23 02:18:52,115.9833153333332,40.357591666666664
Car-1,2011-10-23 02:18:53,115.9831240000002,40.35758533333334
Car-1,2011-10-23 02:18:54,115.98293100000001,40.3575866666667
Car-1,2011-10-23 02:18:55,115.9827546666666,40.35759099999998
Car-1,2011-10-23 02:18:56,115.9825906666666,40.35759666666666
Car-1,2011-10-23 02:18:57,115.982439,40.35761333333334
Car-1,2011-10-23 02:18:58,115.9822953333332,40.35763266666666
Car-1,2011-10-23 02:18:59,115.98216599999981,40.357652
Car-1,2011-10-23 02:19:00,115.9820556666668,40.35767233333334
Car-1,2011-10-23 02:19:01,115.98196733333342,40.35769366666666
Car-1,2011-10-23 02:19:02,115.981886666667,40.3577183333333
Car-1,2011-10-23 02:19:21,115.981678333333,40.3579033333333
Car-1,2011-10-23 02:19:22,115.9816373333334,40.35795
Car-1,2011-10-23 02:19:23,115.98159833333341,40.3579983333333
Car-1,2011-10-23 02:19:24,115.98156033333339,40.35804933333332
Car-1,2011-10-23 02:19:25,115.9815310000002,40.35810033333334
Car-1,2011-10-23 02:19:26,115.98150700000019,40.35814633333332
Car-1,2011-10-23 02:19:27,115.9814863333334,40.358186333333336
Car-1,2011-10-23 02:19:28,115.98146966666658,40.35822
Car-1,2011-10-23 02:19:29,115.98144966666659,40.358250666666656
Car-1,2011-10-23 02:19:30,115.98142533333339,40.35828333333334
Car-1,2011-10-23 02:19:31,115.98140266666681,40.358317
Car-1,2011-10-23 02:19:32,115.9813826666666,40.35835133333334
Car-1,2011-10-23 02:19:33,115.98136500000001,40.358389
Car-1,2011-10-23 02:19:34,115.98134999999999,40.358433000000005
Car-1,2011-10-23 02:19:35,115.9813413333334,40.358484
Car-1,2011-10-23 02:19:36,115.9813379999998,40.35854
Car-1,2011-10-23 02:19:37,115.9813386666668,40.35859833333334
Car-1,2011-10-23 02:19:38,115.98134999999999,40.358655
Car-1,2011-10-23 02:19:39,115.98137200000019,40.35871133333332
Car-1,2011-10-23 02:19:40,115.9814006666666,40.358765666666685
Car-1,2011-10-23 02:19:41,115.98143533333321,40.35881600000002
Car-1,2011-10-23 02:19:42,115.981475,40.358863
Car-1,2011-10-23 02:19:43,115.98151499999999,40.358907
Car-1,2011-10-23 02:19:44,115.98155666666659,40.358948666666656
Car-1,2011-10-23 02:19:45,115.98159833333341,40.35898666666668
Car-1,2011-10-23 02:19:46,115.98164,40.35902299999999
Car-1,2011-10-23 02:19:47,115.9816826666668,40.35905433333333
Car-1,2011-10-23 02:19:48,115.98173066666679,40.359081666666704
Car-1,2011-10-23 02:19:49,115.9817829999998,40.35910433333334
Car-1,2011-10-23 02:19:50,115.98183533333341,40.35911833333334
Car-1,2011-10-23 02:19:51,115.9818879999998,40.359122666666664
Car-1,2011-10-23 02:19:52,115.98194033333341,40.35911833333334
Car-1,2011-10-23 02:19:53,115.9819906666668,40.35910866666666
Car-1,2011-10-23 02:19:54,115.98203866666661,40.359098333333336
Car-1,2011-10-23 02:19:55,115.9820833333334,40.35908933333334
Car-1,2011-10-23 02:19:56,115.98212833333321,40.359077666666664
Car-1,2011-10-23 02:19:57,115.9821753333334,40.35906333333334
Car-1,2011-10-23 02:19:58,115.9822196666668,40.35904866666666
Car-1,2011-10-23 02:19:59,115.9822636666668,40.35903766666666
Car-1,2011-10-23 02:20:00,115.98230966666661,40.35902533333332
Car-1,2011-10-23 02:20:01,115.9823556666668,40.35901166666668
Car-1,2011-10-23 02:20:02,115.98239699999999,40.35899766666666
Car-1,2011-10-23 02:20:03,115.9824429999998,40.35898333333334
Car-1,2011-10-23 02:20:04,115.9824893333332,40.358964666666665
Car-1,2011-10-23 02:20:05,115.98253866666639,40.358943999999994
Car-1,2011-10-23 02:20:06,115.98259566666661,40.358924
Car-1,2011-10-23 02:20:07,115.9826566666668,40.35890433333334
Car-1,2011-10-23 02:20:08,115.98272033333339,40.35888666666666
Car-1,2011-10-23 02:20:09,115.98278666666661,40.35887
Car-1,2011-10-23 02:20:10,115.9828546666666,40.358855
Car-1,2011-10-23 02:20:11,115.9829293333332,40.35884566666666
Car-1,2011-10-23 02:20:12,115.983008,40.358843999999976
Car-1,2011-10-23 02:20:13,115.98308766666659,40.358848666666674
Car-1,2011-10-23 02:20:14,115.9831686666668,40.35886066666666
Car-1,2011-10-23 02:20:15,115.98325,40.358881666666704
Car-1,2011-10-23 02:20:16,115.98332766666661,40.35891333333332
Car-1,2011-10-23 02:20:17,115.98340566666661,40.358957666666655
Car-1,2011-10-23 02:20:18,115.98348833333338,40.359013
Car-1,2011-10-23 02:20:19,115.98357100000001,40.359069333333345
Car-1,2011-10-23 02:20:20,115.983652,40.35912533333334
Car-1,2011-10-23 02:20:21,115.98373100000019,40.359181
Car-1,2011-10-23 02:20:22,115.983803,40.35923466666666
Car-1,2011-10-23 02:20:23,115.9838683333332,40.359283666666656
Car-1,2011-10-23 02:20:24,115.98392899999999,40.359328
Car-1,2011-10-23 02:20:25,115.98398299999981,40.35936799999998
Car-1,2011-10-23 02:20:26,115.9840276666666,40.35940333333333
Car-1,2011-10-23 02:20:27,115.98406299999999,40.359436
Car-1,2011-10-23 02:20:28,115.9840903333334,40.35946933333334
Car-1,2011-10-23 02:20:29,115.98410766666659,40.35950733333334
Car-1,2011-10-23 02:20:30,115.9841126666666,40.359548333333336
Car-1,2011-10-23 02:20:31,115.98410733333318,40.35959166666666
Car-1,2011-10-23 02:20:32,115.984092,40.35962966666666
Car-1,2011-10-23 02:20:33,115.984066666667,40.3596716666667
Car-1,2011-10-23 02:20:52,115.983921666667,40.359865
Car-1,2011-10-23 02:20:53,115.9839009999998,40.35991866666666
Car-1,2011-10-23 02:20:54,115.9838703333334,40.35996266666666
Car-1,2011-10-23 02:20:55,115.983852,40.36000266666666
Car-1,2011-10-23 02:20:56,115.98384000000001,40.360045
Car-1,2011-10-23 02:20:57,115.9838346666666,40.36008733333334
Car-1,2011-10-23 02:20:58,115.983835,40.36013533333334
Car-1,2011-10-23 02:20:59,115.9838360000002,40.36019033333332
Car-1,2011-10-23 02:21:00,115.983836666667,40.36025133333334
Car-1,2011-10-23 02:21:01,115.983836666667,40.36031566666666
Car-1,2011-10-23 02:21:02,115.9838356666668,40.36037866666666
Car-1,2011-10-23 02:21:03,115.9838336666664,40.36044
Car-1,2011-10-23 02:21:04,115.983833333333,40.360501
Car-1,2011-10-23 02:21:05,115.9838320000002,40.36056
Car-1,2011-10-23 02:21:06,115.98383066666679,40.360616
Car-1,2011-10-23 02:21:07,115.98383033333339,40.360668333333294
Car-1,2011-10-23 02:21:08,115.9838320000002,40.36071466666668
Car-1,2011-10-23 02:21:09,115.98383633333319,40.36075666666666
Car-1,2011-10-23 02:21:10,115.9838433333334,40.36079600000001
Car-1,2011-10-23 02:21:11,115.98385599999999,40.36082933333334
Car-1,2011-10-23 02:21:12,115.98387375,40.36086083333333
Car-1,2011-10-23 02:21:20,115.984125,40.360965
Car-1,2011-10-23 02:21:21,115.9841956666666,40.36095966666666
Car-1,2011-10-23 02:21:22,115.98426166666658,40.36095433333334
Car-1,2011-10-23 02:21:23,115.98433266666659,40.360949666666656
Car-1,2011-10-23 02:21:24,115.9844103333332,40.3609466666667
Car-1,2011-10-23 02:21:25,115.9844953333334,40.3609466666667
Car-1,2011-10-23 02:21:26,115.98458766666681,40.3609466666667
Car-1,2011-10-23 02:21:27,115.9846893333332,40.36094866666666
Car-1,2011-10-23 02:21:28,115.9847973333334,40.360955000000004
Car-1,2011-10-23 02:21:29,115.9849076666666,40.360964666666675
Car-1,2011-10-23 02:21:30,115.9850166666666,40.36097633333334
Car-1,2011-10-23 02:21:31,115.9851253333334,40.360988666666664
Car-1,2011-10-23 02:21:32,115.98523666666681,40.36100366666668
Car-1,2011-10-23 02:21:33,115.9853523333334,40.361025
Car-1,2011-10-23 02:21:34,115.98547166666681,40.36105233333334
Car-1,2011-10-23 02:21:35,115.98558933333341,40.36108133333334
Car-1,2011-10-23 02:21:36,115.98570066666659,40.36111100000001
Car-1,2011-10-23 02:21:37,115.98581166666682,40.361144
Car-1,2011-10-23 02:21:38,115.98592666666659,40.361186
Car-1,2011-10-23 02:21:39,115.986046666667,40.36123600000002
Car-1,2011-10-23 02:21:40,115.98616999999999,40.36129166666666
Car-1,2011-10-23 02:21:41,115.9862903333332,40.361358
Car-1,2011-10-23 02:21:42,115.9864043333334,40.361412999999985
Car-1,2011-10-23 02:21:43,115.98651833333341,40.3614616666667
Car-1,2011-10-23 02:21:44,115.9866303333334,40.36151200000002
Car-1,2011-10-23 02:21:45,115.98673899999999,40.361563000000004
Car-1,2011-10-23 02:21:46,115.9868476666666,40.36161466666666
Car-1,2011-10-23 02:21:47,115.9869496666666,40.36166
Car-1,2011-10-23 02:21:48,115.9870466666666,40.36170266666666
Car-1,2011-10-23 02:21:49,115.98713700000022,40.361741
Car-1,2011-10-23 02:21:50,115.987221,40.361774333333344
Car-1,2011-10-23 02:21:51,115.9872996666666,40.36180433333332
Car-1,2011-10-23 02:21:52,115.9873736666666,40.36182866666666
Car-1,2011-10-23 02:21:53,115.98744166666661,40.36184666666666
Car-1,2011-10-23 02:21:54,115.9875033333334,40.361863
Car-1,2011-10-23 02:21:55,115.9875623333334,40.36187700000002
Car-1,2011-10-23 02:21:56,115.98762166666661,40.361886666666656
Car-1,2011-10-23 02:21:57,115.9876783333334,40.36189433333334
Car-1,2011-10-23 02:21:58,115.9877373333334,40.361903
Car-1,2011-10-23 02:21:59,115.9877993333334,40.361914
Car-1,2011-10-23 02:22:00,115.98785733333321,40.36192466666666
Car-1,2011-10-23 02:22:01,115.98790866666641,40.36193133333332
Car-1,2011-10-23 02:22:02,115.98796366666679,40.36193633333334
Car-1,2011-10-23 02:22:03,115.988021,40.36193933333332
Car-1,2011-10-23 02:22:04,115.988073333333,40.361935
Car-1,2011-10-23 02:22:05,115.9881256666666,40.361928
Car-1,2011-10-23 02:22:06,115.98819166666681,40.36192533333334
Car-1,2011-10-23 02:22:07,115.98827066666661,40.361928
Car-1,2011-10-23 02:22:08,115.98836000000001,40.361934
Car-1,2011-10-23 02:22:09,115.9884546666666,40.36193866666666
Car-1,2011-10-23 02:22:10,115.9885526666666,40.361943000000004
Car-1,2011-10-23 02:22:11,115.98865366666641,40.36194566666668
Car-1,2011-10-23 02:22:12,115.98875833333341,40.3619466666667
Car-1,2011-10-23 02:22:13,115.9888686666666,40.36194533333334
Car-1,2011-10-23 02:22:14,115.98898100000001,40.361942666666664
Car-1,2011-10-23 02:22:15,115.989094,40.36194033333334
Car-1,2011-10-23 02:22:16,115.98920666666682,40.361933
Car-1,2011-10-23 02:22:17,115.98931666666661,40.36192200000002
Car-1,2011-10-23 02:22:18,115.9894243333334,40.361909000000004
Car-1,2011-10-23 02:22:19,115.9895293333334,40.36189133333336
Car-1,2011-10-23 02:22:20,115.989631666667,40.36186633333336
Car-1,2011-10-23 02:22:21,115.98973666666659,40.361835
Car-1,2011-10-23 02:22:22,115.9898386666666,40.361798
Car-1,2011-10-23 02:22:23,115.98993166666659,40.361755
Car-1,2011-10-23 02:22:24,115.9900203333332,40.36170766666666
Car-1,2011-10-23 02:22:25,115.99010633333339,40.36165766666666
Car-1,2011-10-23 02:22:26,115.99019100000021,40.3616066666667
Car-1,2011-10-23 02:22:27,115.990275,40.36155466666666
Car-1,2011-10-23 02:22:28,115.99035900000001,40.36150266666666
Car-1,2011-10-23 02:22:29,115.99044366666661,40.36144966666666
Car-1,2011-10-23 02:22:30,115.990529,40.361395333333334
Car-1,2011-10-23 02:22:31,115.99061400000001,40.36134166666668
Car-1,2011-10-23 02:22:32,115.9906983333334,40.36129
Car-1,2011-10-23 02:22:33,115.99078166666659,40.361238999999976
Car-1,2011-10-23 02:22:34,115.99086566666661,40.36118733333334
Car-1,2011-10-23 02:22:35,115.9909529999998,40.361135000000004
Car-1,2011-10-23 02:22:36,115.9910413333334,40.36108233333334
Car-1,2011-10-23 02:22:37,115.99112500000001,40.36102933333332
Car-1,2011-10-23 02:22:38,115.9912083333334,40.36097766666666
Car-1,2011-10-23 02:22:39,115.9912926666666,40.36092633333336
Car-1,2011-10-23 02:22:40,115.991381,40.360873666666656
Car-1,2011-10-23 02:22:41,115.99147133333341,40.360821666666695
Car-1,2011-10-23 02:22:42,115.9915603333332,40.3607716666667
Car-1,2011-10-23 02:22:43,115.99164766666661,40.36071933333332
Car-1,2011-10-23 02:22:44,115.9917353333332,40.36066633333334
Car-1,2011-10-23 02:22:45,115.99182166666681,40.36061266666666
Car-1,2011-10-23 02:22:46,115.991913,40.36055666666666
Car-1,2011-10-23 02:22:47,115.9920033333334,40.36049833333334
Car-1,2011-10-23 02:22:48,115.992093,40.36044133333332
Car-1,2011-10-23 02:22:49,115.99217866666659,40.360383999999996
Car-1,2011-10-23 02:22:50,115.992264,40.36032766666666
Car-1,2011-10-23 02:22:51,115.9923483333334,40.360270666666665
Car-1,2011-10-23 02:22:52,115.99243000000001,40.360214666666664
Car-1,2011-10-23 02:22:53,115.9925076666666,40.36016466666666
Car-1,2011-10-23 02:22:54,115.9925863333334,40.36011433333332
Car-1,2011-10-23 02:22:55,115.99266466666658,40.36006166666668
Car-1,2011-10-23 02:22:56,115.99274499999999,40.36001
Car-1,2011-10-23 02:22:57,115.99282166666698,40.3599616666667
Car-1,2011-10-23 02:22:58,115.992894,40.35991366666664
Car-1,2011-10-23 02:22:59,115.99296233333341,40.359865
Car-1,2011-10-23 02:23:00,115.99303133333339,40.35981633333336
Car-1,2011-10-23 02:23:01,115.9930926666666,40.3597683333333
Car-1,2011-10-23 02:23:02,115.9931486666668,40.359722
Car-1,2011-10-23 02:23:03,115.99320466666659,40.35968333333334
Car-1,2011-10-23 02:23:04,115.99326366666659,40.359652
Car-1,2011-10-23 02:23:05,115.99332233333321,40.35962266666666
Car-1,2011-10-23 02:23:06,115.99336966666681,40.359590666666655
Car-1,2011-10-23 02:23:07,115.99341033333322,40.35956066666668
Car-1,2011-10-23 02:23:08,115.99344599999999,40.35953533333334
Car-1,2011-10-23 02:23:09,115.99347566666661,40.359517
Car-1,2011-10-23 02:23:10,115.99351299999998,40.35949866666664
Car-1,2011-10-23 02:23:11,115.99355599999998,40.35947066666664
Car-1,2011-10-23 02:23:12,115.9935953333334,40.359446000000005
Car-1,2011-10-23 02:23:13,115.99363666666679,40.35943333333334
Car-1,2011-10-23 02:23:14,115.993683333333,40.3594183333333
Car-1,2011-10-23 02:23:25,115.993978333333,40.3593666666667
Car-1,2011-10-23 02:23:26,115.99403166666659,40.35938033333334
Car-1,2011-10-23 02:23:27,115.99406300000001,40.35938700000002
Car-1,2011-10-23 02:23:28,115.99407133333321,40.3593866666667
Car-1,2011-10-23 02:23:29,115.99407799999999,40.359387333333345
Car-1,2011-10-23 02:23:30,115.9940846666668,40.35938899999998
Car-1,2011-10-23 02:23:31,115.9940913333332,40.35939033333334
Car-1,2011-10-23 02:23:32,115.99409833333341,40.3593916666667
Car-1,2011-10-23 02:23:33,115.99410499999999,40.3593916666667
Car-1,2011-10-23 02:23:34,115.99411333333339,40.3593916666667
Car-1,2011-10-23 02:23:35,115.99412,40.3593916666667
Car-1,2011-10-23 02:23:36,115.9941266666666,40.35939033333334
Car-1,2011-10-23 02:23:37,115.9941358333335,40.3593883333333
Car-1,2011-10-23 02:23:57,115.9944563333332,40.359303666666676
Car-1,2011-10-23 02:23:58,115.9944953333332,40.359286
Car-1,2011-10-23 02:23:59,115.99454200000021,40.35926466666666
Car-1,2011-10-23 02:24:00,115.9945876666666,40.35924366666666
Car-1,2011-10-23 02:24:01,115.9946216666666,40.35922233333334
Car-1,2011-10-23 02:24:02,115.9946556666666,40.35919600000002
Car-1,2011-10-23 02:24:03,115.9947003333336,40.359175
Car-1,2011-10-23 02:24:04,115.9947403333332,40.359161
Car-1,2011-10-23 02:24:05,115.9947773333334,40.359148
Car-1,2011-10-23 02:24:06,115.9948126666666,40.35913566666666
Car-1,2011-10-23 02:24:07,115.99484500000001,40.359118
Car-1,2011-10-23 02:24:08,115.99487200000019,40.359085
Car-1,2011-10-23 02:24:09,115.994896666667,40.35905133333334
Car-1,2011-10-23 02:24:10,115.9949226666668,40.359014
Car-1,2011-10-23 02:24:11,115.99495833333319,40.35897466666668
Car-1,2011-10-23 02:24:12,115.9949933333334,40.358934999999995
Car-1,2011-10-23 02:24:13,115.99502799999979,40.358893
Car-1,2011-10-23 02:24:14,115.99506799999999,40.35884566666668
Car-1,2011-10-23 02:24:15,115.99511500000001,40.358796666666684
Car-1,2011-10-23 02:24:16,115.99517066666681,40.35875533333332
Car-1,2011-10-23 02:24:17,115.9952356666666,40.35871733333334
Car-1,2011-10-23 02:24:18,115.9952996666668,40.35867766666666
Car-1,2011-10-23 02:24:19,115.9953620000002,40.35863833333334
Car-1,2011-10-23 02:24:20,115.9954283333334,40.35859666666666
Car-1,2011-10-23 02:24:21,115.99549933333319,40.358555
Car-1,2011-10-23 02:24:22,115.99557566666681,40.35851366666666
Car-1,2011-10-23 02:24:23,115.9956553333332,40.35847466666666
Car-1,2011-10-23 02:24:24,115.99574,40.35843466666666
Car-1,2011-10-23 02:24:25,115.995824,40.35839633333334
Car-1,2011-10-23 02:24:26,115.9959093333334,40.358359
Car-1,2011-10-23 02:24:27,115.9959933333334,40.35832233333334
Car-1,2011-10-23 02:24:28,115.99607766666661,40.35828733333334
Car-1,2011-10-23 02:24:29,115.9961636666666,40.35825233333334
Car-1,2011-10-23 02:24:30,115.9962493333334,40.35822033333332
Car-1,2011-10-23 02:24:31,115.9963316666666,40.3581916666667
Car-1,2011-10-23 02:24:32,115.996415,40.35816700000002
Car-1,2011-10-23 02:24:33,115.996499,40.35814766666668
Car-1,2011-10-23 02:24:34,115.99658833333339,40.35813233333334
Car-1,2011-10-23 02:24:35,115.99668233333341,40.358118000000005
Car-1,2011-10-23 02:24:36,115.99678166666699,40.35810366666666
Car-1,2011-10-23 02:24:37,115.99688033333341,40.35809133333334
Car-1,2011-10-23 02:24:38,115.9969756666666,40.35807966666668
Car-1,2011-10-23 02:24:39,115.99706933333339,40.35806700000002
Car-1,2011-10-23 02:24:40,115.99716133333341,40.35805533333334
Car-1,2011-10-23 02:24:41,115.997251,40.358042999999995
Car-1,2011-10-23 02:24:42,115.9973403333332,40.35802100000002
Car-1,2011-10-23 02:24:43,115.99742699999999,40.357991
Car-1,2011-10-23 02:24:44,115.99752033333338,40.35795933333334
Car-1,2011-10-23 02:24:45,115.99762000000001,40.35793066666668
Car-1,2011-10-23 02:24:46,115.99771933333321,40.35790399999998
Car-1,2011-10-23 02:24:47,115.99781700000021,40.3578783333333
Car-1,2011-10-23 02:24:48,115.9979179999998,40.357853333333296
Car-1,2011-10-23 02:24:49,115.9980196666666,40.357826666666696
Car-1,2011-10-23 02:24:50,115.998118,40.357803000000004
Car-1,2011-10-23 02:24:51,115.9982096666666,40.35778366666666
Car-1,2011-10-23 02:24:52,115.9982966666666,40.35777066666666
Car-1,2011-10-23 02:24:53,115.99838366666658,40.35775933333334
Car-1,2011-10-23 02:24:54,115.9984763333334,40.357743333333346
Car-1,2011-10-23 02:24:55,115.9985716666666,40.357724333333316
Car-1,2011-10-23 02:24:56,115.9986656666666,40.3577016666667
Car-1,2011-10-23 02:24:57,115.99876133333339,40.35767533333334
Car-1,2011-10-23 02:24:58,115.99885166666658,40.35765
Car-1,2011-10-23 02:24:59,115.998935,40.357625
Car-1,2011-10-23 02:25:00,115.9990186666668,40.35759966666666
Car-1,2011-10-23 02:25:01,115.999101,40.357571
Car-1,2011-10-23 02:25:02,115.99917766666661,40.35754200000002
Car-1,2011-10-23 02:25:03,115.999247,40.35752166666666
Car-1,2011-10-23 02:25:04,115.999316,40.357505
Car-1,2011-10-23 02:25:05,115.9993783333334,40.35749033333332
Car-1,2011-10-23 02:25:06,115.99943566666661,40.35747833333332
Car-1,2011-10-23 02:25:07,115.99949799999982,40.357466
Car-1,2011-10-23 02:25:08,115.9995606666666,40.35744966666668
Car-1,2011-10-23 02:25:09,115.99962666666661,40.35743166666666
Car-1,2011-10-23 02:25:10,115.9996933333334,40.357420000000005
Car-1,2011-10-23 02:25:11,115.999756,40.35741133333334
Car-1,2011-10-23 02:25:12,115.9998123333332,40.35740166666666
Car-1,2011-10-23 02:25:13,115.99985999999998,40.357397000000006
Car-1,2011-10-23 02:25:14,115.99990700000001,40.35738933333334
Car-1,2011-10-23 02:25:15,115.9999623333332,40.357361
Car-1,2011-10-23 02:25:16,116.000016,40.357327333333345
Car-1,2011-10-23 02:25:17,116.0000710000002,40.357297333333335
Car-1,2011-10-23 02:25:18,116.0001166666666,40.357268666666684
Car-1,2011-10-23 02:25:19,116.0001726666668,40.35724133333334
Car-1,2011-10-23 02:25:20,116.000235,40.35721333333334
Car-1,2011-10-23 02:25:21,116.0002923333332,40.357179000000016
Car-1,2011-10-23 02:25:22,116.00034733333321,40.35715733333334
Car-1,2011-10-23 02:25:23,116.000421666667,40.357125
Car-1,2011-10-23 02:25:31,116.000721666667,40.3570366666667
Car-1,2011-10-23 02:25:32,116.00075799999999,40.35701699999998
Car-1,2011-10-23 02:25:33,116.00078766666661,40.35700133333334
Car-1,2011-10-23 02:25:34,116.0008113333336,40.356984
Car-1,2011-10-23 02:25:35,116.00083366666661,40.356967
Car-1,2011-10-23 02:25:36,116.000856,40.35694133333334
Car-1,2011-10-23 02:25:37,116.0008733333334,40.35692333333334
Car-1,2011-10-23 02:25:38,116.00088866666661,40.356912
Car-1,2011-10-23 02:25:39,116.0009276666666,40.356880000000004
Car-1,2011-10-23 02:25:40,116.0009783333335,40.35684375
Car-1,2011-10-23 02:25:53,116.001105,40.3570383333333
Car-1,2011-10-23 02:25:56,116.00169233333361,40.35685766666666
Car-1,2011-10-23 02:25:57,116.0018016666666,40.35685666666666
Car-1,2011-10-23 02:25:58,116.00187000000001,40.35687033333332
Car-1,2011-10-23 02:25:59,116.0019293333334,40.35687833333331
Car-1,2011-10-23 02:26:00,116.0020086666668,40.35689033333334
Car-1,2011-10-23 02:26:01,116.00207900000001,40.356901
Car-1,2011-10-23 02:26:02,116.002145,40.356919
Car-1,2011-10-23 02:26:03,116.00221100000019,40.356951333333356
Car-1,2011-10-23 02:26:04,116.00225266666659,40.35697333333332
Car-1,2011-10-23 02:26:05,116.0022863333332,40.35698566666668
Car-1,2011-10-23 02:26:06,116.002315,40.35698866666664
Car-1,2011-10-23 02:26:07,116.00234583333301,40.3569833333333
Car-1,2011-10-23 02:26:17,116.0026783333332,40.35704833333334
Car-1,2011-10-23 02:26:18,116.0027156666666,40.35706000000002
Car-1,2011-10-23 02:26:19,116.00277833333321,40.3570816666667
Car-1,2011-10-23 02:26:20,116.00283833333302,40.357099
Car-1,2011-10-23 02:26:21,116.002888333333,40.35711133333332
Car-1,2011-10-23 02:26:22,116.00294,40.357129
Car-1,2011-10-23 02:26:23,116.00299,40.35714833333334
Car-1,2011-10-23 02:26:24,116.00304000000001,40.35716933333332
Car-1,2011-10-23 02:26:25,116.0030893333332,40.357189666666656
Car-1,2011-10-23 02:26:26,116.003135,40.35721033333334
Car-1,2011-10-23 02:26:27,116.00317833333341,40.357229000000004
Car-1,2011-10-23 02:26:28,116.00322000000001,40.35724733333334
Car-1,2011-10-23 02:26:29,116.0032603333334,40.35726633333334
Car-1,2011-10-23 02:26:30,116.0033016666666,40.35728899999998
Car-1,2011-10-23 02:26:31,116.00334533333339,40.35731533333334
Car-1,2011-10-23 02:26:32,116.00339133333341,40.35734466666666
Car-1,2011-10-23 02:26:33,116.003434,40.357373333333314
Car-1,2011-10-23 02:26:34,116.0034729999998,40.35740266666666
Car-1,2011-10-23 02:26:35,116.003512,40.357434
Car-1,2011-10-23 02:26:36,116.00355433333341,40.35746399999998
Car-1,2011-10-23 02:26:37,116.0035936666666,40.35748933333332
Car-1,2011-10-23 02:26:38,116.00363,40.35751133333334
Car-1,2011-10-23 02:26:39,116.003664,40.357538666666656
Car-1,2011-10-23 02:26:40,116.003703333333,40.3575833333333
Car-1,None,None,None
Car-1,None,None,None
Car-1,None,None,None
Car-1,None,None,None
Car-1,None,None,None
Car-1,None,None,None
Car-1,None,None,None
Car-1,None,None,None
Car-1,None,None,None
Car-1,None,None,None
Car-1,None,None,None
Car-1,None,None,None
Car-1,None,None,None
Car-1,None,None,None
Car-1,None,None,None
Car-1,None,None,None
Car-1,None,None,None
Car-1,None,None,None
Car-1,None,None,None
Car-1,None,None,None
Car-1,None,None,None
Car-1,None,None,None
Car-1,None,None,None
Car-1,None,None,None
Car-1,None,None,None
Car-1,None,None,None
Car-1,None,None,None
Car-1,None,None,None
Car-1,None,None,None
Car-1,None,None,None
Car-1,None,None,None
Car-1,None,None,None
Car-1,None,None,None
Car-1,None,None,None
Car-1,None,None,None
Car-1,None,None,None
Car-1,None,None,None
Car-1,None,None,None
Car-1,None,None,None
Car-1,None,None,None
Car-1,None,None,None
Car-1,None,None,None
Car-1,None,None,None
Car-1,None,None,None
Car-1,None,None,None
Car-1,None,None,None
Car-1,None,None,None
Car-1,None,None,None
Car-1,None,None,None
Car-1,None,None,None
Car-1,None,None,None
Car-1,None,None,None
Car-1,None,None,None
Car-1,None,None,None
Car-1,None,None,None
Car-1,None,None,None
Car-1,None,None,None
Car-1,None,None,None
Car-1,None,None,None
Car-1,None,None,None
Car-1,None,None,None
Car-1,None,None,None
Car-1,None,None,None
Car-1,None,None,None
Car-1,None,None,None
Car-1,None,None,None
Car-1,None,None,None
Car-1,None,None,None
Car-1,None,None,None
Car-1,None,None,None
Car-1,None,None,None
Car-1,None,None,None
Car-1,None,None,None
Car-1,None,None,None
Car-1,None,None,None
Car-1,None,None,None
Car-1,None,None,None
Car-1,None,None,None
Car-1,None,None,None
Car-1,None,None,None
Car-1,None,None,None
Car-1,None,None,None
Car-1,None,None,None
Car-1,None,None,None
Car-1,None,None,None
Car-1,None,None,None
Car-1,None,None,None
Car-1,None,None,None
Car-1,None,None,None
Car-1,None,None,None
Car-1,None,None,None
Car-1,None,None,None
Car-1,None,None,None
Car-1,None,None,None
Car-1,None,None,None
Car-1,None,None,None
Car-1,None,None,None
Car-1,None,None,None
Car-1,None,None,None
Car-1,None,None,None
Car-1,None,None,None
Car-1,None,None,None
Car-1,None,None,None
Car-1,None,None,None
Car-1,None,None,None
Car-1,None,None,None
Car-1,None,None,None
Car-1,None,None,None
Car-1,None,None,None
Car-1,None,None,None
Car-1,None,None,None
Car-1,None,None,None
Car-1,None,None,None
Car-1,None,None,None
Car-1,None,None,None
Car-1,None,None,None
Car-1,None,None,None
Car-1,None,None,None
Car-1,None,None,None
Car-1,None,None,None
Car-1,None,None,None
Car-1,None,None,None
Car-1,None,None,None
Car-1,None,None,None
Car-1,None,None,None
Car-1,None,None,None
Car-1,None,None,None
Car-1,None,None,None
Car-1,None,None,None
Car-1,None,None,None
Car-1,None,None,None
Car-1,None,None,None
Car-1,None,None,None
Car-1,None,None,None
Car-1,None,None,None
Car-1,None,None,None
Car-1,None,None,None
Car-1,None,None,None
Car-1,None,None,None
Car-1,None,None,None
Car-1,None,None,None
Car-1,None,None,None
Car-1,None,None,None
Car-1,None,None,None
Car-1,None,None,None
Car-1,None,None,None
Car-1,None,None,None
Car-1,None,None,None
Car-1,None,None,None
Car-1,None,None,None
Car-1,None,None,None
Car-1,None,None,None
Car-1,None,None,None
Car-1,None,None,None
Car-1,None,None,None
Car-1,None,None,None
Car-1,None,None,None
Car-1,None,None,None
Car-1,None,None,None
Car-1,None,None,None
Car-1,None,None,None
Car-1,None,None,None
Car-1,None,None,None
Car-1,None,None,None
Car-1,None,None,None
Car-1,None,None,None
Car-1,None,None,None
Car-1,None,None,None
Car-1,None,None,None
Car-1,None,None,None
Car-1,None,None,None
Car-1,None,None,None
Car-1,None,None,None
Car-1,None,None,None
Car-1,None,None,None
Car-1,None,None,None
Car-1,None,None,None
Car-1,None,None,None
Car-1,None,None,None
Car-1,None,None,None
Car-1,None,None,None
Car-1,None,None,None
Car-1,None,None,None
Car-1,None,None,None
Car-1,None,None,None
Car-1,None,None,None
Car-1,None,None,None
Car-1,None,None,None
Car-1,None,None,None
Car-1,None,None,None
Car-1,None,None,None
Car-1,None,None,None
Car-1,None,None,None
Car-1,None,None,None
Car-1,None,None,None
Car-1,None,None,None
Car-1,None,None,None
Car-1,None,None,None
Car-1,None,None,None
Car-1,None,None,None
Car-1,None,None,None
Car-1,None,None,None
Car-1,None,None,None
Car-1,None,None,None
Car-1,None,None,None
Car-1,None,None,None
Car-1,None,None,None
Car-1,None,None,None
Car-1,None,None,None
Car-1,None,None,None
Car-1,None,None,None
Car-1,None,None,None
Car-1,None,None,None
Car-1,None,None,None
Car-1,None,None,None
Car-1,None,None,None
Car-1,None,None,None
Car-1,None,None,None
Car-1,None,None,None
Car-1,None,None,None
Car-1,None,None,None
Car-1,None,None,None
Car-1,None,None,None
Car-1,None,None,None
Car-1,None,None,None
Car-1,None,None,None
Car-1,None,None,None
Car-1,None,None,None
Car-1,None,None,None
Car-1,None,None,None
Car-1,None,None,None
Car-1,None,None,None
Car-1,None,None,None
Car-1,None,None,None
Car-1,None,None,None
Car-1,None,None,None
Car-1,None,None,None
Car-1,None,None,None
Car-1,None,None,None
Car-1,None,None,None
Car-1,None,None,None
Car-1,None,None,None
Car-1,None,None,None
Car-1,None,None,None
Car-1,None,None,None
Car-1,None,None,None
Car-1,None,None,None
Car-1,None,None,None
Car-1,None,None,None
Car-1,None,None,None
Car-1,None,None,None
Car-1,None,None,None
Car-1,None,None,None
Car-1,None,None,None
Car-1,None,None,None
Car-1,None,None,None
Car-1,None,None,None
Car-1,None,None,None
Car-1,None,None,None
Car-1,None,None,None
Car-1,None,None,None
Car-1,None,None,None
Car-1,None,None,None
Car-1,None,None,None
Car-1,None,None,None
Car-1,None,None,None
Car-1,None,None,None
Car-1,None,None,None
Car-1,None,None,None
Car-1,None,None,None
Car-1,None,None,None
Car-1,None,None,None
Car-1,None,None,None
Car-1,None,None,None
Car-1,None,None,None
Car-1,None,None,None
Car-1,None,None,None
Car-1,None,None,None
Car-1,None,None,None
Car-1,None,None,None
Car-1,None,None,None
Car-1,None,None,None
Car-1,None,None,None
Car-1,None,None,None
Car-1,None,None,None
Car-1,None,None,None
Car-1,None,None,None
Car-1,None,None,None
Car-1,None,None,None
Car-1,None,None,None
Car-1,None,None,None
Car-1,None,None,None
Car-1,None,None,None
Car-1,None,None,None
Car-1,None,None,None
Car-1,None,None,None
Car-1,None,None,None
Car-1,None,None,None
Car-1,None,None,None
Car-1,None,None,None
Car-1,None,None,None
Car-1,None,None,None
Car-1,None,None,None
Car-1,None,None,None
Car-1,None,None,None
Car-1,None,None,None
Car-1,None,None,None
Car-1,None,None,None
Car-1,None,None,None
Car-1,None,None,None
Car-1,None,None,None
Car-1,None,None,None
Car-1,None,None,None
Car-1,None,None,None
Car-1,None,None,None
Car-1,None,None,None
Car-1,None,None,None
Car-1,None,None,None
Car-1,None,None,None
Car-1,None,None,None
Car-1,None,None,None
Car-1,None,None,None
Car-1,None,None,None
Car-1,None,None,None
Car-1,None,None,None
Car-1,None,None,None
Car-1,None,None,None
Car-1,None,None,None
Car-1,None,None,None
Car-1,None,None,None
Car-1,None,None,None
Car-1,None,None,None
Car-1,None,None,None
Car-1,None,None,None
Car-1,None,None,None
Car-1,None,None,None
Car-1,None,None,None
Car-1,None,None,None
Car-1,None,None,None
Car-1,None,None,None
Car-1,None,None,None
Car-1,None,None,None
Car-1,None,None,None
Car-1,None,None,None
Car-1,None,None,None
Car-1,None,None,None
Car-1,None,None,None
Car-1,None,None,None
Car-1,None,None,None
Car-1,None,None,None
Car-1,None,None,None
Car-1,None,None,None
Car-1,None,None,None
Car-1,None,None,None
Car-1,None,None,None
Car-1,None,None,None
Car-1,None,None,None
Car-1,None,None,None
Car-1,None,None,None
Car-1,None,None,None
Car-1,None,None,None
Car-1,None,None,None
Car-1,None,None,None
Car-1,None,None,None
Car-1,None,None,None
Car-1,None,None,None
Car-1,None,None,None
Car-1,None,None,None
Car-1,None,None,None
Car-1,None,None,None
Car-1,None,None,None
Car-1,None,None,None
Car-1,None,None,None
Car-1,None,None,None
Car-1,None,None,None
Car-1,None,None,None
Car-1,None,None,None
Car-1,None,None,None
Car-1,None,None,None
Car-1,None,None,None
Car-1,None,None,None
Car-1,None,None,None
Car-1,None,None,None
Car-1,None,None,None
Car-1,None,None,None
Car-1,None,None,None
Car-1,None,None,None
Car-1,None,None,None
Car-1,None,None,None
Car-1,None,None,None
Car-1,None,None,None
Car-1,None,None,None
Car-1,None,None,None
Car-1,None,None,None
Car-1,None,None,None
Car-1,None,None,None
Car-1,None,None,None
Car-1,None,None,None
Car-1,None,None,None
Car-1,None,None,None
Car-1,None,None,None
Car-1,None,None,None
Car-1,None,None,None
Car-1,None,None,None
Car-1,None,None,None
Car-1,None,None,None
Car-1,None,None,None
Car-1,None,None,None
Car-1,None,None,None
Car-1,None,None,None
Car-1,None,None,None
Car-1,None,None,None
Car-1,None,None,None
Car-1,None,None,None
Car-1,None,None,None
Car-1,None,None,None
Car-1,None,None,None
Car-1,None,None,None
Car-1,None,None,None
Car-1,None,None,None
Car-1,None,None,None
Car-1,None,None,None
Car-1,None,None,None
Car-1,None,None,None
Car-1,None,None,None
Car-1,None,None,None
Car-1,None,None,None
Car-1,None,None,None
Car-1,None,None,None
Car-1,None,None,None
Car-1,None,None,None
Car-1,None,None,None
Car-1,None,None,None
Car-1,None,None,None
Car-1,None,None,None
Car-1,None,None,None
Car-1,None,None,None
Car-1,None,None,None
Car-1,None,None,None
Car-1,None,None,None
Car-1,None,None,None
Car-1,None,None,None
Car-1,None,None,None
Car-1,None,None,None
Car-1,None,None,None
Car-1,None,None,None
Car-1,None,None,None
Car-1,None,None,None
Car-1,None,None,None
Car-1,None,None,None
Car-1,None,None,None
Car-1,None,None,None
Car-1,None,None,None
Car-1,None,None,None
Car-1,None,None,None
Car-1,None,None,None
Car-1,None,None,None
Car-1,None,None,None
Car-1,None,None,None
Car-1,None,None,None
Car-1,None,None,None
Car-1,None,None,None
Car-1,None,None,None
Car-1,None,None,None
Car-1,None,None,None
Car-1,None,None,None
Car-1,None,None,None
Car-1,None,None,None
Car-1,None,None,None
Car-1,None,None,None
Car-1,None,None,None
Car-1,None,None,None
Car-1,None,None,None
Car-1,None,None,None
Car-1,None,None,None
Car-1,None,None,None
Car-1,None,None,None
Car-1,None,None,None
Car-1,None,None,None
Car-1,None,None,None
Car-1,None,None,None
Car-1,None,None,None
Car-1,None,None,None
Car-1,None,None,None
Car-1,None,None,None
Car-1,None,None,None
Car-1,None,None,None
Car-1,None,None,None
Car-1,None,None,None
Car-1,None,None,None
Car-1,None,None,None
Car-1,None,None,None
Car-1,None,None,None
Car-1,None,None,None
Car-1,None,None,None
Car-1,None,None,None
Car-1,None,None,None
Car-1,None,None,None
Car-1,None,None,None
Car-1,None,None,None
Car-1,None,None,None
Car-1,None,None,None
Car-1,None,None,None
Car-1,None,None,None
Car-1,None,None,None
Car-1,None,None,None
Car-1,None,None,None
Car-1,None,None,None
Car-1,None,None,None
Car-1,None,None,None
Car-1,None,None,None
Car-1,None,None,None
Car-1,None,None,None
Car-1,None,None,None
Car-1,None,None,None
Car-1,None,None,None
Car-1,None,None,None
Car-1,None,None,None
Car-1,None,None,None
Car-1,None,None,None
Car-1,None,None,None
Car-1,None,None,None
Car-1,None,None,None
Car-1,None,None,None
Car-1,None,None,None
Car-1,None,None,None
Car-1,None,None,None
Car-1,None,None,None
Car-1,None,None,None
Car-1,None,None,None
Car-1,None,None,None
Car-1,None,None,None
Car-1,None,None,None
Car-1,None,None,None
Car-1,None,None,None
Car-1,None,None,None
Car-1,None,None,None
Car-1,None,None,None
Car-1,None,None,None
Car-1,None,None,None
Car-1,None,None,None
Car-1,None,None,None
Car-1,None,None,None
Car-1,None,None,None
Car-1,None,None,None
Car-1,None,None,None
Car-1,None,None,None
Car-1,None,None,None
Car-1,None,None,None
Car-1,None,None,None
Car-1,None,None,None
Car-1,None,None,None
Car-1,None,None,None
Car-1,None,None,None
Car-1,None,None,None
Car-1,None,None,None
Car-1,None,None,None
Car-1,None,None,None
Car-1,None,None,None
Car-1,None,None,None
Car-1,None,None,None
Car-1,None,None,None
Car-1,None,None,None
Car-1,None,None,None
Car-1,None,None,None
Car-1,None,None,None
Car-1,None,None,None
Car-1,None,None,None
Car-1,None,None,None
Car-1,None,None,None
Car-1,None,None,None
Car-1,None,None,None
Car-1,None,None,None
Car-1,None,None,None
Car-1,None,None,None
Car-1,None,None,None
Car-1,None,None,None
Car-1,None,None,None
Car-1,None,None,None
Car-1,None,None,None
Car-1,None,None,None
Car-1,None,None,None
Car-1,None,None,None
Car-1,None,None,None
Car-1,None,None,None
Car-1,None,None,None
Car-1,None,None,None
Car-1,None,None,None
Car-1,None,None,None
Car-1,None,None,None
Car-1,None,None,None
Car-1,None,None,None
Car-1,None,None,None
Car-1,None,None,None
Car-1,None,None,None
Car-1,None,None,None
Car-1,None,None,None
Car-1,None,None,None
Car-1,None,None,None
Car-1,None,None,None
Car-1,None,None,None
Car-1,None,None,None
Car-1,None,None,None
Car-1,None,None,None
Car-1,None,None,None
Car-1,None,None,None
Car-1,None,None,None
Car-1,None,None,None
Car-1,None,None,None
Car-1,None,None,None
Car-1,None,None,None
Car-1,None,None,None
Car-1,None,None,None
Car-1,None,None,None
Car-1,None,None,None
Car-1,None,None,None
Car-1,None,None,None
Car-1,None,None,None
Car-1,None,None,None
Car-1,None,None,None
Car-1,None,None,None
Car-1,None,None,None
Car-1,None,None,None
Car-1,None,None,None
Car-1,None,None,None
Car-1,None,None,None
Car-1,None,None,None
Car-1,None,None,None
Car-1,None,None,None
Car-1,None,None,None
Car-1,None,None,None
Car-1,None,None,None
Car-1,None,None,None
Car-1,None,None,None
Car-1,None,None,None
Car-1,None,None,None
Car-1,None,None,None
Car-1,None,None,None
Car-1,None,None,None
Car-1,None,None,None
Car-1,None,None,None
Car-1,None,None,None
Car-1,None,None,None
Car-1,None,None,None
Car-1,None,None,None
Car-1,None,None,None
Car-1,None,None,None
Car-1,None,None,None
Car-1,None,None,None
Car-1,None,None,None
Car-1,None,None,None
Car-1,None,None,None
Car-1,None,None,None
Car-1,None,None,None
Car-1,None,None,None
Car-1,None,None,None
Car-1,None,None,None
Car-1,None,None,None
Car-1,None,None,None
Car-1,None,None,None
Car-1,None,None,None
Car-1,None,None,None
Car-1,None,None,None
Car-1,None,None,None
Car-1,None,None,None
Car-1,None,None,None
Car-1,None,None,None
Car-1,None,None,None
Car-1,None,None,None
Car-1,None,None,None
Car-1,None,None,None
Car-1,None,None,None
Car-1,None,None,None
Car-1,None,None,None
Car-1,None,None,None
Car-1,None,None,None
Car-1,None,None,None
Car-1,None,None,None
Car-1,None,None,None
Car-1,None,None,None
Car-1,None,None,None
Car-1,None,None,None
Car-1,None,None,None
Car-1,None,None,None
Car-1,None,None,None
Car-1,None,None,None
Car-1,None,None,None
Car-1,None,None,None
Car-1,None,None,None
Car-1,None,None,None
Car-1,None,None,None
Car-1,None,None,None
Car-1,None,None,None
Car-1,None,None,None
Car-1,None,None,None
Car-1,None,None,None
Car-1,None,None,None
Car-1,None,None,None
Car-1,None,None,None
Car-1,None,None,None
Car-1,None,None,None
Car-1,None,None,None
Car-1,None,None,None
Car-1,None,None,None
Car-1,None,None,None
Car-1,None,None,None
Car-1,None,None,None
Car-1,None,None,None
Car-1,None,None,None
Car-1,None,None,None
Car-1,None,None,None
Car-1,None,None,None
Car-1,None,None,None
Car-1,None,None,None
Car-1,None,None,None
Car-1,None,None,None
Car-1,None,None,None
Car-1,None,None,None
Car-1,None,None,None
Car-1,None,None,None
Car-1,None,None,None
Car-1,None,None,None
Car-1,None,None,None
Car-1,None,None,None
Car-1,None,None,None
Car-1,None,None,None
Car-1,None,None,None
Car-1,None,None,None
Car-1,None,None,None
Car-1,None,None,None
Car-1,None,None,None
Car-1,None,None,None
Car-1,None,None,None
Car-1,None,None,None
Car-1,None,None,None
Car-1,None,None,None
Car-1,None,None,None
Car-1,None,None,None
Car-1,None,None,None
Car-1,None,None,None
Car-1,None,None,None
Car-1,None,None,None
Car-1,None,None,None
Car-1,None,None,None
Car-1,None,None,None
Car-1,None,None,None
Car-1,None,None,None
Car-1,None,None,None
Car-1,None,None,None
Car-1,None,None,None
Car-1,None,None,None
Car-1,None,None,None
Car-1,None,None,None
Car-1,None,None,None
Car-1,None,None,None
Car-1,None,None,None
Car-1,None,None,None
Car-1,None,None,None
Car-1,None,None,None
Car-1,None,None,None
Car-1,None,None,None
Car-1,None,None,None
Car-1,None,None,None
Car-1,None,None,None
Car-1,None,None,None
Car-1,None,None,None
Car-1,None,None,None
Car-1,None,None,None
Car-1,None,None,None
Car-1,None,None,None
Car-1,None,None,None
Car-1,None,None,None
Car-1,None,None,None
Car-1,None,None,None
Car-1,None,None,None
Car-1,None,None,None
Car-1,None,None,None
Car-1,None,None,None
Car-1,None,None,None
Car-1,None,None,None
Car-1,None,None,None
Car-1,None,None,None
Car-1,None,None,None
Car-1,None,None,None
Car-1,None,None,None
Car-1,None,None,None
Car-1,None,None,None
Car-1,None,None,None
Car-1,None,None,None
Car-1,None,None,None
Car-1,None,None,None
Car-1,None,None,None
Car-1,None,None,None
Car-1,None,None,None
Car-1,None,None,None
Car-1,None,None,None
Car-1,None,None,None
Car-1,None,None,None
Car-1,None,None,None
Car-1,None,None,None
Car-1,None,None,None
Car-1,None,None,None
Car-1,None,None,None
Car-1,None,None,None
Car-1,None,None,None
Car-1,None,None,None
Car-1,None,None,None
Car-1,None,None,None
Car-1,None,None,None
Car-1,None,None,None
Car-1,None,None,None
Car-1,None,None,None
Car-1,None,None,None
Car-1,None,None,None
Car-1,None,None,None
Car-1,None,None,None
Car-1,None,None,None
Car-1,None,None,None
Car-1,None,None,None
Car-1,None,None,None
Car-1,None,None,None
Car-1,None,None,None
Car-1,None,None,None
Car-1,None,None,None
Car-1,None,None,None
Car-1,None,None,None
Car-1,None,None,None
Car-1,None,None,None
Car-1,None,None,None
Car-1,None,None,None
Car-1,None,None,None
Car-1,None,None,None
Car-1,None,None,None
Car-1,None,None,None
Car-1,None,None,None
Car-1,None,None,None
Car-1,None,None,None
Car-1,None,None,None
Car-1,None,None,None
Car-1,None,None,None
Car-1,None,None,None
Car-1,None,None,None
Car-1,None,None,None
Car-1,None,None,None
Car-1,None,None,None
Car-1,None,None,None
Car-1,None,None,None
Car-1,None,None,None
Car-1,None,None,None
Car-1,None,None,None
Car-1,None,None,None
Car-1,None,None,None
Car-1,None,None,None
Car-1,None,None,None
Car-1,None,None,None
Car-1,None,None,None
Car-1,None,None,None
Car-1,None,None,None
Car-1,None,None,None
Car-1,None,None,None
Car-1,None,None,None
Car-1,None,None,None
Car-1,None,None,None
Car-1,None,None,None
Car-1,None,None,None
Car-1,None,None,None
Car-1,None,None,None
Car-1,None,None,None
Car-1,None,None,None
Car-1,None,None,None
Car-1,None,None,None
Car-1,None,None,None
Car-1,None,None,None
Car-1,None,None,None
Car-1,None,None,None
Car-1,None,None,None
Car-1,None,None,None
Car-1,None,None,None
Car-1,None,None,None
Car-1,None,None,None
Car-1,None,None,None
Car-1,None,None,None
Car-1,None,None,None
Car-1,None,None,None
Car-1,None,None,None
Car-1,None,None,None
Car-1,None,None,None
Car-1,None,None,None
Car-1,None,None,None
Car-1,None,None,None
Car-1,None,None,None
Car-1,None,None,None
Car-1,None,None,None
Car-1,None,None,None
Car-1,None,None,None
Car-1,None,None,None
Car-1,None,None,None
Car-1,None,None,None
Car-1,None,None,None
Car-1,None,None,None
Car-1,None,None,None
Car-1,None,None,None
Car-1,None,None,None
Car-1,None,None,None
Car-1,None,None,None
Car-1,None,None,None
Car-1,None,None,None
Car-1,None,None,None
Car-1,None,None,None
Car-1,None,None,None
Car-1,None,None,None
Car-1,None,None,None
Car-1,None,None,None
Car-1,None,None,None
Car-1,None,None,None
Car-1,None,None,None
Car-1,None,None,None
Car-1,None,None,None
Car-1,None,None,None
Car-1,None,None,None
Car-1,None,None,None
Car-1,None,None,None
Car-1,None,None,None
Car-1,None,None,None
Car-1,None,None,None
Car-1,None,None,None
Car-1,None,None,None
Car-1,None,None,None
Car-1,None,None,None
Car-1,None,None,None
Car-1,None,None,None
Car-1,None,None,None
Car-1,None,None,None
Car-1,None,None,None
Car-1,None,None,None
Car-1,None,None,None
Car-1,None,None,None
Car-1,None,None,None
Car-1,None,None,None
Car-1,None,None,None
Car-1,None,None,None
Car-1,None,None,None
Car-1,None,None,None
Car-1,None,None,None
Car-1,None,None,None
Car-1,None,None,None
Car-1,None,None,None
Car-1,None,None,None
Car-1,None,None,None
Car-1,None,None,None
Car-1,None,None,None
Car-1,None,None,None
Car-1,None,None,None
Car-1,None,None,None
Car-1,None,None,None
Car-1,None,None,None
Car-1,None,None,None
Car-1,None,None,None
Car-1,None,None,None
Car-1,None,None,None
Car-1,None,None,None
Car-1,None,None,None
Car-1,None,None,None
Car-1,None,None,None
Car-1,None,None,None
Car-1,None,None,None
Car-1,None,None,None
Car-1,None,None,None
Car-1,None,None,None
Car-1,None,None,None
Car-1,None,None,None
Car-1,None,None,None
Car-1,None,None,None
Car-1,None,None,None
Car-1,None,None,None
Car-1,None,None,None
Car-1,None,None,None
Car-1,None,None,None
Car-1,None,None,None
Car-1,None,None,None
Car-1,None,None,None
Car-1,None,None,None
Car-1,None,None,None
Car-1,None,None,None
Car-1,None,None,None
Car-1,None,None,None
Car-1,None,None,None
Car-1,None,None,None
Car-1,None,None,None
Car-1,None,None,None
Car-1,None,None,None
Car-1,None,None,None
Car-1,None,None,None
Car-1,None,None,None
Car-1,None,None,None
Car-1,None,None,None
Car-1,None,None,None
Car-1,None,None,None
Car-1,None,None,None
Car-1,None,None,None
Car-1,None,None,None
Car-1,None,None,None
Car-1,None,None,None
Car-1,None,None,None
Car-1,None,None,None
Car-1,None,None,None
Car-1,None,None,None
Car-1,None,None,None
Car-1,None,None,None
Car-1,None,None,None
Car-1,None,None,None
Car-1,None,None,None
Car-1,None,None,None
Car-1,None,None,None
Car-1,None,None,None
Car-1,None,None,None
Car-1,None,None,None
Car-1,None,None,None
Car-1,None,None,None
Car-1,None,None,None
Car-1,None,None,None
Car-1,None,None,None
Car-1,None,None,None
Car-1,None,None,None
Car-1,None,None,None
Car-1,None,None,None
Car-1,None,None,None
Car-1,None,None,None
Car-1,None,None,None
Car-1,None,None,None
Car-1,None,None,None
Car-1,None,None,None
Car-1,None,None,None
Car-1,None,None,None
Car-1,None,None,None
Car-1,None,None,None
Car-1,None,None,None
Car-1,None,None,None
Car-1,None,None,None
Car-1,None,None,None
Car-1,None,None,None
Car-1,None,None,None
Car-1,None,None,None
Car-1,None,None,None
Car-1,None,None,None
Car-1,None,None,None
Car-1,None,None,None
Car-1,None,None,None
Car-1,None,None,None
Car-1,None,None,None
Car-1,None,None,None
Car-1,None,None,None
Car-1,None,None,None
Car-1,None,None,None
Car-1,None,None,None
Car-1,None,None,None
Car-1,None,None,None
Car-1,None,None,None
Car-1,None,None,None
Car-1,None,None,None
Car-1,None,None,None
Car-1,None,None,None
Car-1,None,None,None
Car-1,None,None,None
Car-1,None,None,None
Car-1,None,None,None
Car-1,None,None,None
Car-1,None,None,None
Car-1,None,None,None
Car-1,None,None,None
Car-1,None,None,None
Car-1,None,None,None
Car-1,None,None,None
Car-1,None,None,None
Car-1,None,None,None
Car-1,None,None,None
Car-1,None,None,None
Car-1,None,None,None
Car-1,None,None,None
Car-1,None,None,None
Car-1,None,None,None
Car-1,None,None,None
Car-1,None,None,None
Car-1,None,None,None
Car-1,None,None,None
Car-1,None,None,None
Car-1,None,None,None
Car-1,None,None,None
Car-1,None,None,None
Car-1,None,None,None
Car-1,None,None,None
Car-1,None,None,None
Car-1,None,None,None
Car-1,None,None,None
Car-1,None,None,None
Car-1,None,None,None
Car-1,None,None,None
Car-1,None,None,None
Car-1,None,None,None
Car-1,None,None,None
Car-1,None,None,None
Car-1,None,None,None
Car-1,None,None,None
Car-1,None,None,None
Car-1,None,None,None
Car-1,None,None,None
Car-1,None,None,None
Car-1,None,None,None
Car-1,None,None,None
Car-1,None,None,None
Car-1,None,None,None
Car-1,None,None,None
Car-1,None,None,None
Car-1,None,None,None
Car-1,None,None,None
Car-1,None,None,None
Car-1,None,None,None
Car-1,None,None,None
Car-1,None,None,None
Car-1,None,None,None
Car-1,None,None,None
Car-1,None,None,None
Car-1,None,None,None
Car-1,None,None,None
Car-1,None,None,None
Car-1,None,None,None
Car-1,None,None,None
Car-1,None,None,None
Car-1,None,None,None
Car-1,None,None,None
Car-1,None,None,None
Car-1,None,None,None
Car-1,None,None,None
Car-1,None,None,None
Car-1,None,None,None
Car-1,None,None,None
Car-1,None,None,None
Car-1,None,None,None
Car-1,None,None,None
Car-1,None,None,None
Car-1,None,None,None
Car-1,None,None,None
Car-1,None,None,None
Car-1,None,None,None
Car-1,None,None,None
Car-1,None,None,None
Car-1,None,None,None
Car-1,None,None,None
Car-1,None,None,None
Car-1,None,None,None
Car-1,None,None,None
Car-1,None,None,None
Car-1,None,None,None
Car-1,None,None,None
Car-1,None,None,None
Car-1,None,None,None
Car-1,None,None,None
Car-1,None,None,None
Car-1,None,None,None
Car-1,None,None,None
Car-1,None,None,None
Car-1,None,None,None
Car-1,None,None,None
Car-1,None,None,None
Car-1,None,None,None
Car-1,None,None,None
Car-1,None,None,None
Car-1,None,None,None
Car-1,None,None,None
Car-1,None,None,None
Car-1,None,None,None
Car-1,None,None,None
Car-1,None,None,None
Car-1,None,None,None
Car-1,None,None,None
Car-1,None,None,None
Car-1,None,None,None
Car-1,None,None,None
Car-1,None,None,None
Car-1,None,None,None
Car-1,None,None,None
Car-1,None,None,None
Car-1,None,None,None
Car-1,None,None,None
Car-1,None,None,None
Car-1,None,None,None
Car-1,None,None,None
Car-1,None,None,None
Car-1,None,None,None
Car-1,None,None,None
Car-1,None,None,None
Car-1,None,None,None
Car-1,None,None,None
Car-1,None,None,None
Car-1,None,None,None
Car-1,None,None,None
Car-1,None,None,None
Car-1,None,None,None
Car-1,None,None,None
Car-1,None,None,None
Car-1,None,None,None
Car-1,None,None,None
Car-1,None,None,None
Car-1,None,None,None
Car-1,None,None,None
Car-1,None,None,None
Car-1,None,None,None
Car-1,None,None,None
Car-1,None,None,None
Car-1,None,None,None
Car-1,None,None,None
Car-1,None,None,None
Car-1,None,None,None
Car-1,None,None,None
Car-1,None,None,None
Car-1,None,None,None
Car-1,None,None,None
Car-1,None,None,None
Car-1,None,None,None
Car-1,None,None,None
Car-1,None,None,None
Car-1,None,None,None
Car-1,None,None,None
Car-1,None,None,None
Car-1,None,None,None
Car-1,None,None,None
Car-1,None,None,None
Car-1,None,None,None
Car-1,None,None,None
Car-1,None,None,None
Car-1,None,None,None
Car-1,None,None,None
Car-1,None,None,None
Car-1,None,None,None
Car-1,None,None,None
Car-1,None,None,None
Car-1,None,None,None
Car-1,None,None,None
Car-1,None,None,None
Car-1,None,None,None
Car-1,None,None,None
Car-1,None,None,None
Car-1,None,None,None
Car-1,None,None,None
Car-1,None,None,None
Car-1,None,None,None
Car-1,None,None,None
Car-1,None,None,None
Car-1,None,None,None
Car-1,None,None,None
Car-1,None,None,None
Car-1,None,None,None
Car-1,None,None,None
Car-1,None,None,None
Car-1,None,None,None
Car-1,None,None,None
Car-1,None,None,None
Car-1,None,None,None
Car-1,None,None,None
Car-1,None,None,None
Car-1,None,None,None
Car-1,None,None,None
Car-1,None,None,None
Car-1,None,None,None
Car-1,None,None,None
Car-1,None,None,None
Car-1,None,None,None
Car-1,None,None,None
Car-1,None,None,None
Car-1,None,None,None
Car-1,None,None,None
Car-1,None,None,None
Car-1,None,None,None
Car-1,None,None,None
Car-1,None,None,None
Car-1,None,None,None
Car-1,None,None,None
Car-1,None,None,None
Car-1,None,None,None
Car-1,None,None,None
Car-1,None,None,None
Car-1,None,None,None
Car-1,None,None,None
Car-1,None,None,None
Car-1,None,None,None
Car-1,None,None,None
Car-1,None,None,None
Car-1,None,None,None
Car-1,None,None,None
Car-1,None,None,None
Car-1,None,None,None
Car-1,None,None,None
Car-1,None,None,None
Car-1,None,None,None
Car-1,None,None,None
Car-1,None,None,None
Car-1,None,None,None
Car-1,None,None,None
Car-1,None,None,None
Car-1,None,None,None
Car-1,None,None,None
Car-1,None,None,None
Car-1,None,None,None
Car-1,None,None,None
Car-1,None,None,None
Car-1,None,None,None
Car-1,None,None,None
Car-1,None,None,None
Car-1,None,None,None
Car-1,None,None,None
Car-1,None,None,None
Car-1,None,None,None
Car-1,None,None,None
Car-1,None,None,None
Car-1,None,None,None
Car-1,None,None,None
Car-1,None,None,None
Car-1,None,None,None
Car-1,None,None,None
Car-1,None,None,None
Car-1,None,None,None
Car-1,None,None,None
Car-1,None,None,None
Car-1,None,None,None
Car-1,None,None,None
Car-1,None,None,None
Car-1,None,None,None
Car-1,None,None,None
Car-1,None,None,None
Car-1,None,None,None
Car-1,None,None,None
Car-1,None,None,None
Car-1,None,None,None
Car-1,None,None,None
Car-1,None,None,None
Car-1,None,None,None
Car-1,None,None,None
Car-1,None,None,None
Car-1,None,None,None
Car-1,None,None,None
Car-1,None,None,None
Car-1,None,None,None
Car-1,None,None,None
Car-1,None,None,None
Car-1,None,None,None
Car-1,None,None,None
Car-1,None,None,None
Car-1,None,None,None
Car-1,None,None,None
Car-1,None,None,None
Car-1,None,None,None
Car-1,None,None,None
Car-1,None,None,None
Car-1,None,None,None
Car-1,None,None,None
Car-1,None,None,None
Car-1,None,None,None
Car-1,None,None,None
Car-1,None,None,None
Car-1,None,None,None
Car-1,None,None,None
Car-1,None,None,None
Car-1,None,None,None
Car-1,None,None,None
Car-1,None,None,None
Car-1,None,None,None
Car-1,None,None,None
Car-1,None,None,None
Car-1,None,None,None
Car-1,None,None,None
Car-1,None,None,None
Car-1,None,None,None
Car-1,None,None,None
Car-1,None,None,None
Car-1,None,None,None
Car-1,None,None,None
Car-1,None,None,None
Car-1,None,None,None
Car-1,None,None,None
Car-1,None,None,None
Car-1,None,None,None
Car-1,None,None,None
Car-1,None,None,None
Car-1,None,None,None
Car-1,None,None,None
Car-1,None,None,None
Car-1,None,None,None
Car-1,None,None,None
Car-1,None,None,None
Car-1,None,None,None
Car-1,None,None,None
Car-1,None,None,None
Car-1,None,None,None
Car-1,None,None,None
Car-1,None,None,None
Car-1,None,None,None
Car-1,None,None,None
Car-1,None,None,None
Car-1,None,None,None
Car-1,None,None,None
Car-1,None,None,None
Car-1,None,None,None
Car-1,None,None,None
Car-1,None,None,None
Car-1,None,None,None
Car-1,None,None,None
Car-1,None,None,None
Car-1,None,None,None
Car-1,None,None,None
Car-1,None,None,None
Car-1,None,None,None
Car-1,None,None,None
Car-1,None,None,None
Car-1,None,None,None
Car-1,None,None,None
Car-1,None,None,None
Car-1,None,None,None
Car-1,None,None,None
Car-1,None,None,None
Car-1,None,None,None
Car-1,None,None,None
Car-1,None,None,None
Car-1,None,None,None
Car-1,None,None,None
Car-1,None,None,None
Car-1,None,None,None
Car-1,None,None,None
Car-1,None,None,None
Car-1,None,None,None
Car-1,None,None,None
Car-1,None,None,None
Car-1,None,None,None
Car-1,None,None,None
Car-1,None,None,None
Car-1,None,None,None
Car-1,None,None,None
Car-1,None,None,None
Car-1,None,None,None
Car-1,None,None,None
Car-1,None,None,None
Car-1,None,None,None
Car-1,None,None,None
Car-1,None,None,None
Car-1,None,None,None
Car-1,None,None,None
Car-1,None,None,None
Car-1,None,None,None
Car-1,None,None,None
Car-1,None,None,None
Car-1,None,None,None
Car-1,None,None,None
Car-1,None,None,None
Car-1,None,None,None
Car-1,None,None,None
Car-1,None,None,None
Car-1,None,None,None
Car-1,None,None,None
Car-1,None,None,None
Car-1,None,None,None
Car-1,None,None,None
Car-1,None,None,None
Car-1,None,None,None
Car-1,None,None,None
Car-1,None,None,None
Car-1,None,None,None
Car-1,None,None,None
Car-1,None,None,None
Car-1,None,None,None
Car-1,None,None,None
Car-1,None,None,None
Car-1,None,None,None
Car-1,None,None,None
Car-1,None,None,None
Car-1,None,None,None
Car-1,None,None,None
Car-1,None,None,None
Car-1,None,None,None
Car-1,None,None,None
Car-1,None,None,None
Car-1,None,None,None
Car-1,None,None,None
Car-1,None,None,None
Car-1,None,None,None
Car-1,None,None,None
Car-1,None,None,None
Car-1,None,None,None
Car-1,None,None,None
Car-1,None,None,None
Car-1,None,None,None
Car-1,None,None,None
Car-1,None,None,None
Car-1,None,None,None
Car-1,None,None,None
Car-1,None,None,None
Car-1,None,None,None
Car-1,None,None,None
Car-1,None,None,None
Car-1,None,None,None
Car-1,None,None,None
Car-1,None,None,None
Car-1,None,None,None
Car-1,None,None,None
Car-1,None,None,None
Car-1,None,None,None
Car-1,None,None,None
Car-1,None,None,None
Car-1,None,None,None
Car-1,None,None,None
Car-1,None,None,None
Car-1,None,None,None
Car-1,None,None,None
Car-1,None,None,None
Car-1,None,None,None
Car-1,None,None,None
Car-1,None,None,None
Car-1,None,None,None
Car-1,None,None,None
Car-1,None,None,None
Car-1,None,None,None
Car-1,None,None,None
Car-1,None,None,None
Car-1,None,None,None
Car-1,None,None,None
Car-1,None,None,None
Car-1,None,None,None
Car-1,None,None,None
Car-1,None,None,None
Car-1,None,None,None
Car-1,None,None,None
Car-1,None,None,None
Car-1,None,None,None
Car-1,None,None,None
Car-1,None,None,None
Car-1,None,None,None
Car-1,None,None,None
Car-1,None,None,None
Car-1,None,None,None
Car-1,None,None,None
Car-1,None,None,None
Car-1,None,None,None
Car-1,None,None,None
Car-1,None,None,None
Car-1,None,None,None
Car-1,None,None,None
Car-1,None,None,None
Car-1,None,None,None
Car-1,None,None,None
Car-1,None,None,None
Car-1,None,None,None
Car-1,None,None,None
Car-1,None,None,None
Car-1,None,None,None
Car-1,None,None,None
Car-1,None,None,None
Car-1,None,None,None
Car-1,None,None,None
Car-1,None,None,None
Car-1,None,None,None
Car-1,None,None,None
Car-1,None,None,None
Car-1,None,None,None
Car-1,None,None,None
Car-1,None,None,None
Car-1,None,None,None
Car-1,None,None,None
Car-1,None,None,None
Car-1,None,None,None
Car-1,None,None,None
Car-1,None,None,None
Car-1,None,None,None
Car-1,None,None,None
Car-1,None,None,None
Car-1,None,None,None
Car-1,None,None,None
Car-1,None,None,None
Car-1,None,None,None
Car-1,None,None,None
Car-1,None,None,None
Car-1,None,None,None
Car-1,None,None,None
Car-1,None,None,None
Car-1,None,None,None
Car-1,None,None,None
Car-1,None,None,None
Car-1,None,None,None
Car-1,None,None,None
Car-1,None,None,None
Car-1,None,None,None
Car-1,None,None,None
Car-1,None,None,None
Car-1,None,None,None
Car-1,None,None,None
Car-1,None,None,None
Car-1,None,None,None
Car-1,None,None,None
Car-1,None,None,None
Car-1,None,None,None
Car-1,None,None,None
Car-1,None,None,None
Car-1,None,None,None
Car-1,None,None,None
Car-1,None,None,None
Car-1,None,None,None
Car-1,None,None,None
Car-1,None,None,None
Car-1,None,None,None
Car-1,None,None,None
Car-1,None,None,None
Car-1,None,None,None
Car-1,None,None,None
Car-1,None,None,None
Car-1,None,None,None
Car-1,None,None,None
Car-1,None,None,None
Car-1,None,None,None
Car-1,None,None,None
Car-1,None,None,None
Car-1,None,None,None
Car-1,None,None,None
Car-1,None,None,None
Car-1,None,None,None
Car-1,None,None,None
Car-1,None,None,None
Car-1,None,None,None
Car-1,None,None,None
Car-1,None,None,None
Car-1,None,None,None
Car-1,None,None,None
Car-1,None,None,None
Car-1,None,None,None
Car-1,None,None,None
Car-1,None,None,None
Car-1,None,None,None
Car-1,None,None,None
Car-1,None,None,None
Car-1,None,None,None
Car-1,None,None,None
Car-1,None,None,None
Car-1,None,None,None
Car-1,None,None,None
Car-1,None,None,None
Car-1,None,None,None
Car-1,None,None,None
Car-1,None,None,None
Car-1,None,None,None
Car-1,None,None,None
Car-1,None,None,None
Car-1,None,None,None
Car-1,None,None,None
Car-1,None,None,None
Car-1,None,None,None
Car-1,None,None,None
Car-1,None,None,None
Car-1,None,None,None
Car-1,None,None,None
Car-1,None,None,None
Car-1,None,None,None
Car-1,None,None,None
Car-1,None,None,None
Car-1,None,None,None
Car-1,None,None,None
Car-1,None,None,None
Car-1,None,None,None
Car-1,None,None,None
Car-1,None,None,None
Car-1,None,None,None
Car-1,None,None,None
Car-1,None,None,None
Car-1,None,None,None
Car-1,None,None,None
Car-1,None,None,None
Car-1,None,None,None
Car-1,None,None,None
Car-1,None,None,None
Car-1,None,None,None
Car-1,None,None,None
Car-1,None,None,None
Car-1,None,None,None
Car-1,None,None,None
Car-1,None,None,None
Car-1,None,None,None
Car-1,None,None,None
Car-1,None,None,None
Car-1,None,None,None
Car-1,None,None,None
Car-1,None,None,None
Car-1,None,None,None
Car-1,None,None,None
Car-1,None,None,None
Car-1,None,None,None
Car-1,None,None,None
Car-1,None,None,None
Car-1,None,None,None
Car-1,None,None,None
Car-1,None,None,None
Car-1,None,None,None
Car-1,None,None,None
Car-1,None,None,None
Car-1,None,None,None
Car-1,None,None,None
Car-1,None,None,None
Car-1,None,None,None
Car-1,None,None,None
Car-1,None,None,None
Car-1,None,None,None
Car-1,None,None,None
Car-1,None,None,None
Car-1,None,None,None
Car-1,None,None,None
Car-1,None,None,None
Car-1,None,None,None
Car-1,None,None,None
Car-1,None,None,None
Car-1,None,None,None
Car-1,None,None,None
Car-1,None,None,None
Car-1,None,None,None
Car-1,None,None,None
Car-1,None,None,None
Car-1,None,None,None
Car-1,None,None,None
Car-1,None,None,None
Car-1,None,None,None
Car-1,None,None,None
Car-1,None,None,None
Car-1,None,None,None
Car-1,None,None,None
Car-1,None,None,None
Car-1,None,None,None
Car-1,None,None,None
Car-1,None,None,None
Car-1,None,None,None
Car-1,None,None,None
Car-1,None,None,None
Car-1,None,None,None
Car-1,None,None,None
Car-1,None,None,None
Car-1,None,None,None
Car-1,None,None,None
Car-1,None,None,None
Car-1,None,None,None
Car-1,None,None,None
Car-1,None,None,None
Car-1,None,None,None
Car-1,None,None,None
Car-1,None,None,None
Car-1,None,None,None
Car-1,None,None,None
Car-1,None,None,None
Car-1,None,None,None
Car-1,None,None,None
Car-1,None,None,None
Car-1,None,None,None
Car-1,None,None,None
Car-1,None,None,None
Car-1,None,None,None
Car-1,None,None,None
Car-1,None,None,None
Car-1,None,None,None
Car-1,None,None,None
Car-1,None,None,None
Car-1,None,None,None
Car-1,None,None,None
Car-1,None,None,None
Car-1,None,None,None
Car-1,None,None,None
Car-1,None,None,None
Car-1,None,None,None
Car-1,None,None,None
Car-1,None,None,None
Car-1,None,None,None
Car-1,None,None,None
Car-1,None,None,None
Car-1,None,None,None
Car-1,None,None,None
Car-1,None,None,None
Car-1,None,None,None
Car-1,None,None,None
Car-1,None,None,None
Car-1,None,None,None
Car-1,None,None,None
Car-1,None,None,None
Car-1,None,None,None
Car-1,None,None,None
Car-1,None,None,None
Car-1,None,None,None
Car-1,None,None,None
Car-1,None,None,None
Car-1,None,None,None
Car-1,None,None,None
Car-1,None,None,None
Car-1,None,None,None
Car-1,None,None,None
Car-1,None,None,None
Car-1,None,None,None
Car-1,None,None,None
Car-1,None,None,None
Car-1,None,None,None
Car-1,None,None,None
Car-1,None,None,None
Car-1,None,None,None
Car-1,None,None,None
Car-1,None,None,None
Car-1,None,None,None
Car-1,None,None,None
Car-1,None,None,None
Car-1,None,None,None
Car-1,None,None,None
Car-1,None,None,None
Car-1,None,None,None
Car-1,None,None,None
Car-1,None,None,None
Car-1,None,None,None
Car-1,None,None,None
Car-1,None,None,None
Car-1,None,None,None
Car-1,None,None,None
Car-1,None,None,None
Car-1,None,None,None
Car-1,None,None,None
Car-1,None,None,None
Car-1,None,None,None
Car-1,None,None,None
Car-1,None,None,None
Car-1,None,None,None
Car-1,None,None,None
Car-1,None,None,None
Car-1,None,None,None
Car-1,None,None,None
Car-1,None,None,None
Car-1,None,None,None
Car-1,None,None,None
Car-1,None,None,None
Car-1,None,None,None
Car-1,None,None,None
Car-1,None,None,None
Car-1,None,None,None
Car-1,None,None,None
Car-1,None,None,None
Car-1,None,None,None
Car-1,None,None,None
Car-1,None,None,None
Car-1,None,None,None
Car-1,None,None,None
Car-1,None,None,None
Car-1,None,None,None
Car-1,None,None,None
Car-1,None,None,None
Car-1,None,None,None
Car-1,None,None,None
Car-1,None,None,None
Car-1,None,None,None
Car-1,None,None,None
Car-1,None,None,None
Car-1,None,None,None
Car-1,None,None,None
Car-1,None,None,None
Car-1,None,None,None
Car-1,None,None,None
Car-1,None,None,None
Car-1,None,None,None
Car-1,None,None,None
Car-1,None,None,None
Car-1,None,None,None
Car-1,None,None,None
Car-1,None,None,None
Car-1,None,None,None
Car-1,None,None,None
Car-1,None,None,None
Car-1,None,None,None
Car-1,None,None,None
Car-1,None,None,None
Car-1,None,None,None
Car-1,None,None,None
Car-1,None,None,None
Car-1,None,None,None
Car-1,None,None,None
Car-1,None,None,None
Car-1,None,None,None
Car-1,None,None,None
Car-1,None,None,None
Car-1,None,None,None
Car-1,None,None,None
Car-1,None,None,None
Car-1,None,None,None
Car-1,None,None,None
Car-1,None,None,None
Car-1,None,None,None
Car-1,None,None,None
Car-1,None,None,None
Car-1,None,None,None
Car-1,None,None,None
Car-1,None,None,None
Car-1,None,None,None
Car-1,None,None,None
Car-1,None,None,None
Car-1,None,None,None
Car-1,None,None,None
Car-1,None,None,None
Car-1,None,None,None
Car-1,None,None,None
Car-1,None,None,None
Car-1,None,None,None
Car-1,None,None,None
Car-1,None,None,None
Car-1,None,None,None
Car-1,None,None,None
Car-1,None,None,None
Car-1,None,None,None
Car-1,None,None,None
Car-1,None,None,None
Car-1,None,None,None
Car-1,None,None,None
Car-1,None,None,None
Car-1,None,None,None
Car-1,None,None,None
Car-1,None,None,None
Car-1,None,None,None
Car-1,None,None,None
Car-1,None,None,None
Car-1,None,None,None
Car-1,None,None,None
Car-1,None,None,None
Car-1,None,None,None
Car-1,None,None,None
Car-1,None,None,None
Car-1,None,None,None
Car-1,None,None,None
Car-1,None,None,None
Car-1,None,None,None
Car-1,None,None,None
Car-1,None,None,None
Car-1,None,None,None
Car-1,None,None,None
Car-1,None,None,None
Car-1,None,None,None
Car-1,None,None,None
Car-1,None,None,None
Car-1,None,None,None
Car-1,None,None,None
Car-1,None,None,None
Car-1,None,None,None
Car-1,None,None,None
Car-1,None,None,None
Car-1,None,None,None
Car-1,None,None,None
Car-1,None,None,None
Car-1,None,None,None
Car-1,None,None,None
Car-1,None,None,None
Car-1,None,None,None
Car-1,None,None,None
Car-1,None,None,None
Car-1,None,None,None
Car-1,None,None,None
Car-1,None,None,None
Car-1,None,None,None
Car-1,None,None,None
Car-1,None,None,None
Car-1,None,None,None
Car-1,None,None,None
Car-1,None,None,None
Car-1,None,None,None
Car-1,None,None,None
Car-1,None,None,None
Car-1,None,None,None
Car-1,None,None,None
Car-1,None,None,None
Car-1,None,None,None
Car-1,None,None,None
Car-1,None,None,None
Car-1,None,None,None
Car-1,None,None,None
Car-1,None,None,None
Car-1,None,None,None
Car-1,None,None,None
Car-1,None,None,None
Car-1,None,None,None
Car-1,None,None,None
Car-1,None,None,None
Car-1,None,None,None
Car-1,None,None,None
Car-1,None,None,None
Car-1,None,None,None
Car-1,None,None,None
Car-1,None,None,None
Car-1,None,None,None
Car-1,None,None,None
Car-1,None,None,None
Car-1,None,None,None
Car-1,None,None,None
Car-1,None,None,None
Car-1,None,None,None
Car-1,None,None,None
Car-1,None,None,None
Car-1,None,None,None
Car-1,None,None,None
Car-1,None,None,None
Car-1,None,None,None
Car-1,None,None,None
Car-1,None,None,None
Car-1,None,None,None
Car-1,None,None,None
Car-1,None,None,None
Car-1,None,None,None
Car-1,None,None,None
Car-1,None,None,None
Car-1,None,None,None
Car-1,None,None,None
Car-1,None,None,None
Car-1,None,None,None
Car-1,None,None,None
Car-1,None,None,None
Car-1,None,None,None
Car-1,None,None,None
Car-1,None,None,None
Car-1,None,None,None
Car-1,None,None,None
Car-1,None,None,None
Car-1,None,None,None
Car-1,None,None,None
Car-1,None,None,None
Car-1,None,None,None
Car-1,None,None,None
Car-1,None,None,None
Car-1,None,None,None
Car-1,None,None,None
Car-1,None,None,None
Car-1,None,None,None
Car-1,None,None,None
Car-1,None,None,None
Car-1,None,None,None
Car-1,None,None,None
Car-1,None,None,None
Car-1,None,None,None
Car-1,None,None,None
Car-1,None,None,None
Car-1,None,None,None
Car-1,None,None,None
Car-1,None,None,None
Car-1,None,None,None
Car-1,None,None,None
Car-1,None,None,None
Car-1,None,None,None
Car-1,None,None,None
Car-1,None,None,None
Car-1,None,None,None
Car-1,None,None,None
Car-1,None,None,None
Car-1,None,None,None
Car-1,None,None,None
Car-1,None,None,None
Car-1,None,None,None
Car-1,None,None,None
Car-1,None,None,None
Car-1,None,None,None
Car-1,None,None,None
Car-1,None,None,None
Car-1,None,None,None
Car-1,None,None,None
Car-1,None,None,None
Car-1,None,None,None
Car-1,None,None,None
Car-1,None,None,None
Car-1,None,None,None
Car-1,None,None,None
Car-1,None,None,None
Car-1,None,None,None
Car-1,None,None,None
Car-1,None,None,None
Car-1,None,None,None
Car-1,None,None,None
Car-1,None,None,None
Car-1,None,None,None
Car-1,None,None,None
Car-1,None,None,None
Car-1,None,None,None
Car-1,None,None,None
Car-1,None,None,None
Car-1,None,None,None
Car-1,None,None,None
Car-1,None,None,None
Car-1,None,None,None
Car-1,None,None,None
Car-1,None,None,None
Car-1,None,None,None
Car-1,None,None,None
Car-1,None,None,None
Car-1,None,None,None
Car-1,None,None,None
Car-1,None,None,None
Car-1,None,None,None
Car-1,None,None,None
Car-1,None,None,None
Car-1,None,None,None
Car-1,None,None,None
Car-1,None,None,None
Car-1,None,None,None
Car-1,None,None,None
Car-1,None,None,None
Car-1,None,None,None
Car-1,None,None,None
Car-1,None,None,None
Car-1,None,None,None
Car-1,None,None,None
Car-1,None,None,None
Car-1,None,None,None
Car-1,None,None,None
Car-1,None,None,None
Car-1,None,None,None
Car-1,None,None,None
Car-1,None,None,None
Car-1,None,None,None
Car-1,None,None,None
Car-1,None,None,None
Car-1,None,None,None
Car-1,None,None,None
Car-1,None,None,None
Car-1,None,None,None
Car-1,None,None,None
Car-1,None,None,None
Car-1,None,None,None
Car-1,None,None,None
Car-1,None,None,None
Car-1,None,None,None
Car-1,None,None,None
Car-1,None,None,None
Car-1,None,None,None
Car-1,None,None,None
Car-1,None,None,None
Car-1,None,None,None
Car-1,None,None,None
Car-1,None,None,None
Car-1,None,None,None
Car-1,None,None,None
Car-1,None,None,None
Car-1,None,None,None
Car-1,None,None,None
Car-1,None,None,None
Car-1,None,None,None
Car-1,None,None,None
Car-1,None,None,None
Car-1,None,None,None
Car-1,None,None,None
Car-1,None,None,None
Car-1,None,None,None
Car-1,None,None,None
Car-1,None,None,None
Car-1,None,None,None
Car-1,None,None,None
Car-1,None,None,None
Car-1,None,None,None
Car-1,None,None,None
Car-1,None,None,None
Car-1,None,None,None
Car-1,None,None,None
Car-1,None,None,None
Car-1,None,None,None
Car-1,None,None,None
Car-1,None,None,None
Car-1,None,None,None
Car-1,None,None,None
Car-1,None,None,None
Car-1,None,None,None
Car-1,None,None,None
Car-1,None,None,None
Car-1,None,None,None
Car-1,None,None,None
Car-1,None,None,None
Car-1,None,None,None
Car-1,None,None,None
Car-1,None,None,None
Car-1,None,None,None
Car-1,None,None,None
Car-1,None,None,None
Car-1,None,None,None
Car-1,None,None,None
Car-1,None,None,None
Car-1,None,None,None
Car-1,None,None,None
Car-1,None,None,None
Car-1,None,None,None
Car-1,None,None,None
Car-1,None,None,None
Car-1,None,None,None
Car-1,None,None,None
Car-1,None,None,None
Car-1,None,None,None
Car-1,None,None,None
Car-1,None,None,None
Car-1,None,None,None
Car-1,None,None,None
Car-1,None,None,None
Car-1,None,None,None
Car-1,None,None,None
Car-1,None,None,None
Car-1,None,None,None
Car-1,None,None,None
Car-1,None,None,None
Car-1,None,None,None
Car-1,None,None,None
Car-1,None,None,None
Car-1,None,None,None
Car-1,None,None,None
Car-1,None,None,None
Car-1,None,None,None
Car-1,None,None,None
Car-1,None,None,None
Car-1,None,None,None
Car-1,None,None,None
Car-1,None,None,None
Car-1,None,None,None
Car-1,None,None,None
Car-1,None,None,None
Car-1,None,None,None
Car-1,None,None,None
Car-1,None,None,None
Car-1,None,None,None
Car-1,None,None,None
Car-1,None,None,None
Car-1,None,None,None
Car-1,None,None,None
Car-1,None,None,None
Car-1,None,None,None
Car-1,None,None,None
Car-1,None,None,None
Car-1,None,None,None
Car-1,None,None,None
Car-1,None,None,None
Car-1,None,None,None
Car-1,None,None,None
Car-1,None,None,None
Car-1,None,None,None
Car-1,None,None,None
Car-1,None,None,None
Car-1,None,None,None
Car-1,None,None,None
Car-1,None,None,None
Car-1,None,None,None
Car-1,None,None,None
Car-1,None,None,None
Car-1,None,None,None
Car-1,None,None,None
Car-1,None,None,None
Car-1,None,None,None
Car-1,None,None,None
Car-1,None,None,None
Car-1,None,None,None
Car-1,None,None,None
Car-1,None,None,None
Car-1,None,None,None
Car-1,None,None,None
Car-1,None,None,None
Car-1,None,None,None
Car-1,None,None,None
Car-1,None,None,None
Car-1,None,None,None
Car-1,None,None,None
Car-1,None,None,None
Car-1,None,None,None
Car-1,None,None,None
Car-1,None,None,None
Car-1,None,None,None
Car-1,None,None,None
Car-1,None,None,None
Car-1,None,None,None
Car-1,None,None,None
Car-1,None,None,None
Car-1,None,None,None
Car-1,None,None,None
Car-1,None,None,None
Car-1,None,None,None
Car-1,None,None,None
Car-1,None,None,None
Car-1,None,None,None
Car-1,None,None,None
Car-1,None,None,None
Car-1,None,None,None
Car-1,None,None,None
Car-1,None,None,None
Car-1,None,None,None
Car-1,None,None,None
Car-1,None,None,None
Car-1,None,None,None
Car-1,None,None,None
Car-1,None,None,None
Car-1,None,None,None
Car-1,None,None,None
Car-1,None,None,None
Car-1,None,None,None
Car-1,None,None,None
Car-1,None,None,None
Car-1,None,None,None
Car-1,None,None,None
Car-1,None,None,None
Car-1,None,None,None
Car-1,None,None,None
Car-1,None,None,None
Car-1,None,None,None
Car-1,None,None,None
Car-1,None,None,None
Car-1,None,None,None
Car-1,None,None,None
Car-1,None,None,None
Car-1,None,None,None
Car-1,None,None,None
Car-1,None,None,None
Car-1,None,None,None
Car-1,None,None,None
Car-1,None,None,None
Car-1,None,None,None
Car-1,None,None,None
Car-1,None,None,None
Car-1,None,None,None
Car-1,None,None,None
Car-1,None,None,None
Car-1,None,None,None
Car-1,None,None,None
Car-1,None,None,None
Car-1,None,None,None
Car-1,None,None,None
Car-1,None,None,None
Car-1,None,None,None
Car-1,None,None,None
Car-1,None,None,None
Car-1,None,None,None
Car-1,None,None,None
Car-1,None,None,None
Car-1,None,None,None
Car-1,None,None,None
Car-1,None,None,None
Car-1,None,None,None
Car-1,None,None,None
Car-1,None,None,None
Car-1,None,None,None
Car-1,None,None,None
Car-1,None,None,None
Car-1,None,None,None
Car-1,None,None,None
Car-1,None,None,None
Car-1,None,None,None
Car-1,None,None,None
Car-1,None,None,None
Car-1,None,None,None
Car-1,None,None,None
Car-1,None,None,None
Car-1,None,None,None
Car-1,None,None,None
Car-1,None,None,None
Car-1,None,None,None
Car-1,None,None,None
Car-1,None,None,None
Car-1,None,None,None
Car-1,None,None,None
Car-1,None,None,None
Car-1,None,None,None
Car-1,None,None,None
Car-1,None,None,None
Car-1,None,None,None
Car-1,None,None,None
Car-1,None,None,None
Car-1,None,None,None
Car-1,None,None,None
Car-1,None,None,None
Car-1,None,None,None
Car-1,None,None,None
Car-1,None,None,None
Car-1,None,None,None
Car-1,None,None,None
Car-1,None,None,None
Car-1,None,None,None
Car-1,None,None,None
Car-1,None,None,None
Car-1,None,None,None
Car-1,None,None,None
Car-1,None,None,None
Car-1,None,None,None
Car-1,None,None,None
Car-1,None,None,None
Car-1,None,None,None
Car-1,None,None,None
Car-1,None,None,None
Car-1,None,None,None
Car-1,None,None,None
Car-1,None,None,None
Car-1,None,None,None
Car-1,None,None,None
Car-1,None,None,None
Car-1,None,None,None
Car-1,None,None,None
Car-1,None,None,None
Car-1,None,None,None
Car-1,None,None,None
Car-1,None,None,None
Car-1,None,None,None
Car-1,None,None,None
Car-1,None,None,None
Car-1,None,None,None
Car-1,None,None,None
Car-1,None,None,None
Car-1,None,None,None
Car-1,None,None,None
Car-1,None,None,None
Car-1,None,None,None
Car-1,None,None,None
Car-1,None,None,None
Car-1,None,None,None
Car-1,None,None,None
Car-1,None,None,None
Car-1,None,None,None
Car-1,None,None,None
Car-1,None,None,None
Car-1,None,None,None
Car-1,None,None,None
Car-1,None,None,None
Car-1,None,None,None
Car-1,None,None,None
Car-1,None,None,None
Car-1,None,None,None
Car-1,None,None,None
Car-1,None,None,None
Car-1,None,None,None
Car-1,None,None,None
Car-1,None,None,None
Car-1,None,None,None
Car-1,None,None,None
Car-1,None,None,None
Car-1,None,None,None
Car-1,None,None,None
Car-1,None,None,None
Car-1,None,None,None
Car-1,None,None,None
Car-1,None,None,None
Car-1,None,None,None
Car-1,None,None,None
Car-1,None,None,None
Car-1,None,None,None
Car-1,None,None,None
Car-1,None,None,None
Car-1,None,None,None
Car-1,None,None,None
Car-1,None,None,None
Car-1,None,None,None
Car-1,None,None,None
Car-1,None,None,None
Car-1,None,None,None
Car-1,None,None,None
Car-1,None,None,None
Car-1,None,None,None
Car-1,None,None,None
Car-1,None,None,None
Car-1,None,None,None
Car-1,None,None,None
Car-1,None,None,None
Car-1,None,None,None
Car-1,None,None,None
Car-1,None,None,None
Car-1,None,None,None
Car-1,None,None,None
Car-1,None,None,None
Car-1,None,None,None
Car-1,None,None,None
Car-1,None,None,None
Car-1,None,None,None
Car-1,None,None,None
Car-1,None,None,None
Car-1,None,None,None
Car-1,None,None,None
Car-1,None,None,None
Car-1,None,None,None
Car-1,None,None,None
Car-1,None,None,None
Car-1,None,None,None
Car-1,None,None,None
Car-1,None,None,None
Car-1,None,None,None
Car-1,None,None,None
Car-1,None,None,None
Car-1,None,None,None
Car-1,None,None,None
Car-1,None,None,None
Car-1,None,None,None
Car-1,None,None,None
Car-1,None,None,None
Car-1,None,None,None
Car-1,None,None,None
Car-1,None,None,None
Car-1,None,None,None
Car-1,None,None,None
Car-1,None,None,None
Car-1,None,None,None
Car-1,None,None,None
Car-1,None,None,None
Car-1,None,None,None
Car-1,None,None,None
Car-1,None,None,None
Car-1,None,None,None
Car-1,None,None,None
Car-1,None,None,None
Car-1,None,None,None
Car-1,None,None,None
Car-1,None,None,None
Car-1,None,None,None
Car-1,None,None,None
Car-1,None,None,None
Car-1,None,None,None
Car-1,None,None,None
Car-1,None,None,None
Car-1,None,None,None
Car-1,None,None,None
Car-1,None,None,None
Car-1,None,None,None
Car-1,None,None,None
Car-1,None,None,None
Car-1,None,None,None
Car-1,None,None,None
Car-1,None,None,None
Car-1,None,None,None
Car-1,None,None,None
Car-1,None,None,None
Car-1,None,None,None
Car-1,None,None,None
Car-1,None,None,None
Car-1,None,None,None
Car-1,None,None,None
Car-1,None,None,None
Car-1,None,None,None
Car-1,None,None,None
Car-1,None,None,None
Car-1,None,None,None
Car-1,None,None,None
Car-1,None,None,None
Car-1,None,None,None
Car-1,None,None,None
Car-1,None,None,None
Car-1,None,None,None
Car-1,None,None,None
Car-1,None,None,None
Car-1,None,None,None
Car-1,None,None,None
Car-1,None,None,None
Car-1,None,None,None
Car-1,None,None,None
Car-1,None,None,None
Car-1,None,None,None
Car-1,None,None,None
Car-1,None,None,None
Car-1,None,None,None
Car-1,None,None,None
Car-1,None,None,None
Car-1,None,None,None
Car-1,None,None,None
Car-1,None,None,None
Car-1,None,None,None
Car-1,None,None,None
Car-1,None,None,None
Car-1,None,None,None
Car-1,None,None,None
Car-1,None,None,None
Car-1,None,None,None
Car-1,None,None,None
Car-1,None,None,None
Car-1,None,None,None
Car-1,None,None,None
Car-1,None,None,None
Car-1,None,None,None
Car-1,None,None,None
Car-1,None,None,None
Car-1,None,None,None
Car-1,None,None,None
Car-1,None,None,None
Car-1,None,None,None
Car-1,None,None,None
Car-1,None,None,None
Car-1,None,None,None
Car-1,None,None,None
Car-1,None,None,None
Car-1,None,None,None
Car-1,None,None,None
Car-1,None,None,None
Car-1,None,None,None
Car-1,None,None,None
Car-1,None,None,None
Car-1,None,None,None
Car-1,None,None,None
Car-1,None,None,None
Car-1,None,None,None
Car-1,None,None,None
Car-1,None,None,None
Car-1,None,None,None
Car-1,None,None,None
Car-1,None,None,None
Car-1,None,None,None
Car-1,None,None,None
Car-1,None,None,None
Car-1,None,None,None
Car-1,None,None,None
Car-1,None,None,None
Car-1,None,None,None
Car-1,None,None,None
Car-1,None,None,None
Car-1,None,None,None
Car-1,None,None,None
Car-1,None,None,None
Car-1,None,None,None
Car-1,None,None,None
Car-1,None,None,None
Car-1,None,None,None
Car-1,None,None,None
Car-1,None,None,None
Car-1,None,None,None
Car-1,None,None,None
Car-1,None,None,None
Car-1,None,None,None
Car-1,None,None,None
Car-1,None,None,None
Car-1,None,None,None
Car-1,None,None,None
Car-1,None,None,None
Car-1,None,None,None
Car-1,None,None,None
Car-1,None,None,None
Car-1,None,None,None
Car-1,None,None,None
Car-1,None,None,None
Car-1,None,None,None
Car-1,None,None,None
Car-1,None,None,None
Car-1,None,None,None
Car-1,None,None,None
Car-1,None,None,None
Car-1,None,None,None
Car-1,None,None,None
Car-1,None,None,None
Car-1,None,None,None
Car-1,None,None,None
Car-1,None,None,None
Car-1,None,None,None
Car-1,None,None,None
Car-1,None,None,None
Car-1,None,None,None
Car-1,None,None,None
Car-1,None,None,None
Car-1,None,None,None
Car-1,None,None,None
Car-1,None,None,None
Car-1,None,None,None
Car-1,None,None,None
Car-1,None,None,None
Car-1,None,None,None
Car-1,None,None,None
Car-1,None,None,None
Car-1,None,None,None
Car-1,None,None,None
Car-1,None,None,None
Car-1,None,None,None
Car-1,None,None,None
Car-1,None,None,None
Car-1,None,None,None
Car-1,None,None,None
Car-1,None,None,None
Car-1,None,None,None
Car-1,None,None,None
Car-1,None,None,None
Car-1,None,None,None
Car-1,None,None,None
Car-1,None,None,None
Car-1,None,None,None
Car-1,None,None,None
Car-1,None,None,None
Car-1,None,None,None
Car-1,None,None,None
Car-1,None,None,None
Car-1,None,None,None
Car-1,None,None,None
Car-1,None,None,None
Car-1,None,None,None
Car-1,None,None,None
Car-1,None,None,None
Car-1,None,None,None
Car-1,None,None,None
Car-1,None,None,None
Car-1,None,None,None
Car-1,None,None,None
Car-1,None,None,None
Car-1,None,None,None
Car-1,None,None,None
Car-1,None,None,None
Car-1,None,None,None
Car-1,None,None,None
Car-1,None,None,None
Car-1,None,None,None
Car-1,None,None,None
Car-1,None,None,None
Car-1,None,None,None
Car-1,None,None,None
Car-1,None,None,None
Car-1,None,None,None
Car-1,None,None,None
Car-1,None,None,None
Car-1,None,None,None
Car-1,None,None,None
Car-1,None,None,None
Car-1,None,None,None
Car-1,None,None,None
Car-1,None,None,None
Car-1,None,None,None
Car-1,None,None,None
Car-1,None,None,None
Car-1,None,None,None
Car-1,None,None,None
Car-1,None,None,None
Car-1,None,None,None
Car-1,None,None,None
Car-1,None,None,None
Car-1,None,None,None
Car-1,None,None,None
Car-1,None,None,None
Car-1,None,None,None
Car-1,None,None,None
Car-1,None,None,None
Car-1,None,None,None
Car-1,None,None,None
Car-1,None,None,None
Car-1,None,None,None
Car-1,None,None,None
Car-1,None,None,None
Car-1,None,None,None
Car-1,None,None,None
Car-1,None,None,None
Car-1,None,None,None
Car-1,None,None,None
Car-1,None,None,None
Car-1,None,None,None
Car-1,None,None,None
Car-1,None,None,None
Car-1,None,None,None
Car-1,None,None,None
Car-1,None,None,None
Car-1,None,None,None
Car-1,None,None,None
Car-1,None,None,None
Car-1,None,None,None
Car-1,None,None,None
Car-1,None,None,None
Car-1,None,None,None
Car-1,None,None,None
Car-1,None,None,None
Car-1,None,None,None
Car-1,None,None,None
Car-1,None,None,None
Car-1,None,None,None
Car-1,None,None,None
Car-1,None,None,None
Car-1,None,None,None
Car-1,None,None,None
Car-1,None,None,None
Car-1,None,None,None
Car-1,None,None,None
Car-1,None,None,None
Car-1,None,None,None
Car-1,None,None,None
Car-1,None,None,None
Car-1,None,None,None
Car-1,None,None,None
Car-1,None,None,None
Car-1,None,None,None
Car-1,None,None,None
Car-1,None,None,None
Car-1,None,None,None
Car-1,None,None,None
Car-1,None,None,None
Car-1,None,None,None
Car-1,None,None,None
Car-1,None,None,None
Car-1,None,None,None
Car-1,None,None,None
Car-1,None,None,None
Car-1,None,None,None
Car-1,None,None,None
Car-1,None,None,None
Car-1,None,None,None
Car-1,None,None,None
Car-1,None,None,None
Car-1,None,None,None
Car-1,None,None,None
Car-1,None,None,None
Car-1,None,None,None
Car-1,None,None,None
Car-1,None,None,None
Car-1,None,None,None
Car-1,None,None,None
Car-1,None,None,None
Car-1,None,None,None
Car-1,None,None,None
Car-1,None,None,None
Car-1,None,None,None
Car-1,None,None,None
Car-1,None,None,None
Car-1,None,None,None
Car-1,None,None,None
Car-1,None,None,None
Car-1,None,None,None
Car-1,None,None,None
Car-1,None,None,None
Car-1,None,None,None
Car-1,None,None,None
Car-1,None,None,None
Car-1,None,None,None
Car-1,None,None,None
Car-1,None,None,None
Car-1,None,None,None
Car-1,None,None,None
Car-1,None,None,None
Car-1,None,None,None
Car-1,None,None,None
Car-1,None,None,None
Car-1,None,None,None
Car-1,None,None,None
Car-1,None,None,None
Car-1,None,None,None
Car-1,None,None,None
Car-1,None,None,None
Car-1,None,None,None
Car-1,None,None,None
Car-1,None,None,None
Car-1,None,None,None
Car-1,None,None,None
Car-1,None,None,None
Car-1,None,None,None
Car-1,None,None,None
Car-1,None,None,None
Car-1,None,None,None
Car-1,None,None,None
Car-1,None,None,None
Car-1,None,None,None
Car-1,None,None,None
Car-1,None,None,None
Car-1,None,None,None
Car-1,None,None,None
Car-1,None,None,None
Car-1,None,None,None
Car-1,None,None,None
Car-1,None,None,None
Car-1,None,None,None
Car-1,None,None,None
Car-1,None,None,None
Car-1,None,None,None
Car-1,None,None,None
Car-1,None,None,None
Car-1,None,None,None
Car-1,None,None,None
Car-1,None,None,None
Car-1,None,None,None
Car-1,None,None,None
Car-1,None,None,None
Car-1,None,None,None
Car-1,None,None,None
Car-1,None,None,None
Car-1,None,None,None
Car-1,None,None,None
Car-1,None,None,None
Car-1,None,None,None
Car-1,None,None,None
Car-1,None,None,None
Car-1,None,None,None
Car-1,None,None,None
Car-1,None,None,None
Car-1,None,None,None
Car-1,None,None,None
Car-1,None,None,None
Car-1,None,None,None
Car-1,None,None,None
Car-1,None,None,None
Car-1,None,None,None
Car-1,None,None,None
Car-1,None,None,None
Car-1,None,None,None
Car-1,None,None,None
Car-1,None,None,None
Car-1,None,None,None
Car-1,None,None,None
Car-1,None,None,None
Car-1,None,None,None
Car-1,None,None,None
Car-1,None,None,None
Car-1,None,None,None
Car-1,None,None,None
Car-1,None,None,None
Car-1,None,None,None
Car-1,None,None,None
Car-1,None,None,None
Car-1,None,None,None
Car-1,None,None,None
Car-1,None,None,None
Car-1,None,None,None
Car-1,None,None,None
Car-1,None,None,None
Car-1,None,None,None
Car-1,None,None,None
Car-1,None,None,None
Car-1,None,None,None
Car-1,None,None,None
Car-1,None,None,None
Car-1,None,None,None
Car-1,None,None,None
Car-1,None,None,None
Car-1,None,None,None
Car-1,None,None,None
Car-1,None,None,None
Car-1,None,None,None
Car-1,None,None,None
Car-1,None,None,None
Car-1,None,None,None
Car-1,None,None,None
Car-1,None,None,None
Car-1,None,None,None
Car-1,None,None,None
Car-1,None,None,None
Car-1,None,None,None
Car-1,None,None,None
Car-1,None,None,None
Car-1,None,None,None
Car-1,None,None,None
Car-1,None,None,None
Car-1,None,None,None
Car-1,None,None,None
Car-1,None,None,None
Car-1,None,None,None
Car-1,None,None,None
Car-1,None,None,None
Car-1,None,None,None
Car-1,None,None,None
Car-1,None,None,None
Car-1,None,None,None
Car-1,None,None,None
Car-1,None,None,None
Car-1,None,None,None
Car-1,None,None,None
Car-1,None,None,None
Car-1,None,None,None
Car-1,None,None,None
Car-1,None,None,None
Car-1,None,None,None
Car-1,None,None,None
Car-1,None,None,None
Car-1,None,None,None
Car-1,None,None,None
Car-1,None,None,None
Car-1,None,None,None
Car-1,None,None,None
Car-1,None,None,None
Car-1,None,None,None
Car-1,None,None,None
Car-1,None,None,None
Car-1,None,None,None
Car-1,None,None,None
Car-1,None,None,None
Car-1,None,None,None
Car-1,None,None,None
Car-1,None,None,None
Car-1,None,None,None
Car-1,None,None,None
Car-1,None,None,None
Car-1,None,None,None
Car-1,None,None,None
Car-1,None,None,None
Car-1,None,None,None
Car-1,None,None,None
Car-1,None,None,None
Car-1,None,None,None
Car-1,None,None,None
Car-1,None,None,None
Car-1,None,None,None
Car-1,None,None,None
Car-1,None,None,None
Car-1,None,None,None
Car-1,None,None,None
Car-1,None,None,None
Car-1,None,None,None
Car-1,None,None,None
Car-1,None,None,None
Car-1,None,None,None
Car-1,None,None,None
Car-1,None,None,None
Car-1,None,None,None
Car-1,None,None,None
Car-1,None,None,None
Car-1,None,None,None
Car-1,None,None,None
Car-1,None,None,None
Car-1,None,None,None
Car-1,None,None,None
Car-1,None,None,None
Car-1,None,None,None
Car-1,None,None,None
Car-1,None,None,None
Car-1,None,None,None
Car-1,None,None,None
Car-1,None,None,None
Car-1,None,None,None
Car-1,None,None,None
Car-1,None,None,None
Car-1,None,None,None
Car-1,None,None,None
Car-1,None,None,None
Car-1,None,None,None
Car-1,None,None,None
Car-1,None,None,None
Car-1,None,None,None
Car-1,None,None,None
Car-1,None,None,None
Car-1,None,None,None
Car-1,None,None,None
Car-1,None,None,None
Car-1,None,None,None
Car-1,None,None,None
Car-1,None,None,None
Car-1,None,None,None
Car-1,None,None,None
Car-1,None,None,None
Car-1,None,None,None
Car-1,None,None,None
Car-1,None,None,None
Car-1,None,None,None
Car-1,None,None,None
Car-1,None,None,None
Car-1,None,None,None
Car-1,None,None,None
Car-1,None,None,None
Car-1,None,None,None
Car-1,None,None,None
Car-1,None,None,None
Car-1,None,None,None
Car-1,None,None,None
Car-1,None,None,None
Car-1,None,None,None
Car-1,None,None,None
Car-1,None,None,None
Car-1,None,None,None
Car-1,None,None,None
Car-1,None,None,None
Car-1,None,None,None
Car-1,None,None,None
Car-1,None,None,None
Car-1,None,None,None
Car-1,None,None,None
Car-1,None,None,None
Car-1,None,None,None
Car-1,None,None,None
Car-1,None,None,None
Car-1,None,None,None
Car-1,None,None,None
Car-1,None,None,None
Car-1,None,None,None
Car-1,None,None,None
Car-1,None,None,None
Car-1,None,None,None
Car-1,None,None,None
Car-1,None,None,None
Car-1,None,None,None
Car-1,None,None,None
Car-1,None,None,None
Car-1,None,None,None
Car-1,None,None,None
Car-1,None,None,None
Car-1,None,None,None
Car-1,None,None,None
Car-1,None,None,None
Car-1,None,None,None
Car-1,None,None,None
Car-1,None,None,None
Car-1,None,None,None
Car-1,None,None,None
Car-1,None,None,None
Car-1,None,None,None
Car-1,None,None,None
Car-1,None,None,None
Car-1,None,None,None
Car-1,None,None,None
Car-1,None,None,None
Car-1,None,None,None
Car-1,None,None,None
Car-1,None,None,None
Car-1,None,None,None
Car-1,None,None,None
Car-1,None,None,None
Car-1,None,None,None
Car-1,None,None,None
Car-1,None,None,None
Car-1,None,None,None
Car-1,None,None,None
Car-1,None,None,None
Car-1,None,None,None
Car-1,None,None,None
Car-1,None,None,None
Car-1,None,None,None
Car-1,None,None,None
Car-1,None,None,None
Car-1,None,None,None
Car-1,None,None,None
Car-1,None,None,None
Car-1,None,None,None
Car-1,None,None,None
Car-1,None,None,None
Car-1,None,None,None
Car-1,None,None,None
Car-1,None,None,None
Car-1,None,None,None
Car-1,None,None,None
Car-1,None,None,None
Car-1,None,None,None
Car-1,None,None,None
Car-1,None,None,None
Car-1,None,None,None
Car-1,None,None,None
Car-1,None,None,None
Car-1,None,None,None
Car-1,None,None,None
Car-1,None,None,None
Car-1,None,None,None
Car-1,None,None,None
Car-1,None,None,None
Car-1,None,None,None
Car-1,None,None,None
Car-1,None,None,None
Car-1,None,None,None
Car-1,None,None,None
Car-1,None,None,None
Car-1,None,None,None
Car-1,None,None,None
Car-1,None,None,None
Car-1,None,None,None
Car-1,None,None,None
Car-1,None,None,None
Car-1,None,None,None
Car-1,None,None,None
Car-1,None,None,None
Car-1,None,None,None
Car-1,None,None,None
Car-1,None,None,None
Car-1,None,None,None
Car-1,None,None,None
Car-1,None,None,None
Car-1,None,None,None
Car-1,None,None,None
Car-1,None,None,None
Car-1,None,None,None
Car-1,None,None,None
Car-1,None,None,None
Car-1,None,None,None
Car-1,None,None,None
Car-1,None,None,None
Car-1,None,None,None
Car-1,None,None,None
Car-1,None,None,None
Car-1,None,None,None
Car-1,None,None,None
Car-1,None,None,None
Car-1,None,None,None
Car-1,None,None,None
Car-1,None,None,None
Car-1,None,None,None
Car-1,None,None,None
Car-1,None,None,None
Car-1,None,None,None
Car-1,None,None,None
Car-1,None,None,None
Car-1,None,None,None
Car-1,None,None,None
Car-1,None,None,None
Car-1,None,None,None
Car-1,None,None,None
Car-1,None,None,None
Car-1,None,None,None
Car-1,None,None,None
Car-1,None,None,None
Car-1,None,None,None
Car-1,None,None,None
Car-1,None,None,None
Car-1,None,None,None
Car-1,None,None,None
Car-1,None,None,None
Car-1,None,None,None
Car-1,None,None,None
Car-1,None,None,None
Car-1,None,None,None
Car-1,None,None,None
Car-1,None,None,None
Car-1,None,None,None
Car-1,None,None,None
Car-1,None,None,None
Car-1,None,None,None
Car-1,None,None,None
Car-1,None,None,None
Car-1,None,None,None
Car-1,None,None,None
Car-1,None,None,None
Car-1,None,None,None
Car-1,None,None,None
Car-1,None,None,None
Car-1,None,None,None
Car-1,None,None,None
Car-1,None,None,None
Car-1,None,None,None
Car-1,None,None,None
Car-1,None,None,None
Car-1,None,None,None
Car-1,None,None,None
Car-1,None,None,None
Car-1,None,None,None
Car-1,None,None,None
Car-1,None,None,None
Car-1,None,None,None
Car-1,None,None,None
Car-1,None,None,None
Car-1,None,None,None
Car-1,None,None,None
Car-1,None,None,None
Car-1,None,None,None
Car-1,None,None,None
Car-1,None,None,None
Car-1,None,None,None
Car-1,None,None,None
Car-1,None,None,None
Car-1,None,None,None
Car-1,None,None,None
Car-1,None,None,None
Car-1,None,None,None
Car-1,None,None,None
Car-1,None,None,None
Car-1,None,None,None
Car-1,None,None,None
Car-1,None,None,None
Car-1,None,None,None
Car-1,None,None,None
Car-1,None,None,None
Car-1,None,None,None
Car-1,None,None,None
Car-1,None,None,None
Car-1,None,None,None
Car-1,None,None,None
Car-1,None,None,None
Car-1,None,None,None
Car-1,None,None,None
Car-1,None,None,None
Car-1,None,None,None
Car-1,None,None,None
Car-1,None,None,None
Car-1,None,None,None
Car-1,None,None,None
Car-1,None,None,None
Car-1,None,None,None
Car-1,None,None,None
Car-1,None,None,None
Car-1,None,None,None
Car-1,None,None,None
Car-1,None,None,None
Car-1,None,None,None
Car-1,None,None,None
Car-1,None,None,None
Car-1,None,None,None
Car-1,None,None,None
Car-1,None,None,None
Car-1,None,None,None
Car-1,None,None,None
Car-1,None,None,None
Car-1,None,None,None
Car-1,None,None,None
Car-1,None,None,None
Car-1,None,None,None
Car-1,None,None,None
Car-1,None,None,None
Car-1,None,None,None
Car-1,None,None,None
Car-1,None,None,None
Car-1,None,None,None
Car-1,None,None,None
Car-1,None,None,None
Car-1,None,None,None
Car-1,None,None,None
Car-1,None,None,None
Car-1,None,None,None
Car-1,None,None,None
Car-1,None,None,None
Car-1,None,None,None
Car-1,None,None,None
Car-1,None,None,None
Car-1,None,None,None
Car-1,None,None,None
Car-1,None,None,None
Car-1,None,None,None
Car-1,None,None,None
Car-1,None,None,None
Car-1,None,None,None
Car-1,None,None,None
Car-1,None,None,None
Car-1,None,None,None
Car-1,None,None,None
Car-1,None,None,None
Car-1,None,None,None
Car-1,None,None,None
Car-1,None,None,None
Car-1,None,None,None
Car-1,None,None,None
Car-1,None,None,None
Car-1,None,None,None
Car-1,None,None,None
Car-1,None,None,None
Car-1,None,None,None
Car-1,None,None,None
Car-1,None,None,None
Car-1,None,None,None
Car-1,None,None,None
Car-1,None,None,None
Car-1,None,None,None
Car-1,None,None,None
Car-1,None,None,None
Car-1,None,None,None
Car-1,None,None,None
Car-1,None,None,None
Car-1,None,None,None
Car-1,None,None,None
Car-1,None,None,None
Car-1,None,None,None
Car-1,None,None,None
Car-1,None,None,None
Car-1,None,None,None
Car-1,None,None,None
Car-1,None,None,None
Car-1,None,None,None
Car-1,None,None,None
Car-1,None,None,None
Car-1,None,None,None
Car-1,None,None,None
Car-1,None,None,None
Car-1,None,None,None
Car-1,None,None,None
Car-1,None,None,None
Car-1,None,None,None
Car-1,None,None,None
Car-1,None,None,None
Car-1,None,None,None
Car-1,None,None,None
Car-1,None,None,None
Car-1,None,None,None
Car-1,None,None,None
Car-1,None,None,None
Car-1,None,None,None
Car-1,None,None,None
Car-1,None,None,None
Car-1,None,None,None
Car-1,None,None,None
Car-1,None,None,None
Car-1,None,None,None
Car-1,None,None,None
Car-1,None,None,None
Car-1,None,None,None
Car-1,None,None,None
Car-1,None,None,None
Car-1,None,None,None
Car-1,None,None,None
Car-1,None,None,None
Car-1,None,None,None
Car-1,None,None,None
Car-1,None,None,None
Car-1,None,None,None
Car-1,None,None,None
Car-1,None,None,None
Car-1,None,None,None
Car-1,None,None,None
Car-1,None,None,None
Car-1,None,None,None
Car-1,None,None,None
Car-1,None,None,None
Car-1,None,None,None
Car-1,None,None,None
Car-1,None,None,None
Car-1,None,None,None
Car-1,None,None,None
Car-1,None,None,None
Car-1,None,None,None
Car-1,None,None,None
Car-1,None,None,None
Car-1,None,None,None
Car-1,None,None,None
Car-1,None,None,None
Car-1,None,None,None
Car-1,None,None,None
Car-1,None,None,None
Car-1,None,None,None
Car-1,None,None,None
Car-1,None,None,None
Car-1,None,None,None
Car-1,None,None,None
Car-1,None,None,None
Car-1,None,None,None
Car-1,None,None,None
Car-1,None,None,None
Car-1,None,None,None
Car-1,None,None,None
Car-1,None,None,None
Car-1,None,None,None
Car-1,None,None,None
Car-1,None,None,None
Car-1,None,None,None
Car-1,None,None,None
Car-1,None,None,None
Car-1,None,None,None
Car-1,None,None,None
Car-1,None,None,None
Car-1,None,None,None
Car-1,None,None,None
Car-1,None,None,None
Car-1,None,None,None
Car-1,None,None,None
Car-1,None,None,None
Car-1,None,None,None
Car-1,None,None,None
Car-1,None,None,None
Car-1,None,None,None
Car-1,None,None,None
Car-1,None,None,None
Car-1,None,None,None
Car-1,None,None,None
Car-1,None,None,None
Car-1,None,None,None
Car-1,None,None,None
Car-1,None,None,None
Car-1,None,None,None
Car-1,None,None,None
Car-1,None,None,None
Car-1,None,None,None
Car-1,None,None,None
Car-1,None,None,None
Car-1,None,None,None
Car-1,None,None,None
Car-1,None,None,None
Car-1,None,None,None
Car-1,None,None,None
Car-1,None,None,None
Car-1,None,None,None
Car-1,None,None,None
Car-1,None,None,None
Car-1,None,None,None
Car-1,None,None,None
Car-1,None,None,None
Car-1,None,None,None
Car-1,None,None,None
Car-1,None,None,None
Car-1,None,None,None
Car-1,None,None,None
Car-1,None,None,None
Car-1,None,None,None
Car-1,None,None,None
Car-1,None,None,None
Car-1,None,None,None
Car-1,None,None,None
Car-1,None,None,None
Car-1,None,None,None
Car-1,None,None,None
Car-1,None,None,None
Car-1,None,None,None
Car-1,None,None,None
Car-1,None,None,None
Car-1,None,None,None
Car-1,None,None,None
Car-1,None,None,None
Car-1,None,None,None
Car-1,None,None,None
Car-1,None,None,None
Car-1,None,None,None
Car-1,None,None,None
Car-1,None,None,None
Car-1,None,None,None
Car-1,None,None,None
Car-1,None,None,None
Car-1,None,None,None
Car-1,None,None,None
Car-1,None,None,None
Car-1,None,None,None
Car-1,None,None,None
Car-1,None,None,None
Car-1,None,None,None
Car-1,None,None,None
Car-1,None,None,None
Car-1,None,None,None
Car-1,None,None,None
Car-1,None,None,None
Car-1,None,None,None
Car-1,None,None,None
Car-1,None,None,None
Car-1,None,None,None
Car-1,None,None,None
Car-1,None,None,None
Car-1,None,None,None
Car-1,None,None,None
Car-1,None,None,None
Car-1,None,None,None
Car-1,None,None,None
Car-1,None,None,None
Car-1,None,None,None
Car-1,None,None,None
Car-1,None,None,None
Car-1,None,None,None
Car-1,None,None,None
Car-1,None,None,None
Car-1,None,None,None
Car-1,None,None,None
Car-1,None,None,None
Car-1,None,None,None
Car-1,None,None,None
Car-1,None,None,None
Car-1,None,None,None
Car-1,None,None,None
Car-1,None,None,None
Car-1,None,None,None
Car-1,None,None,None
Car-1,None,None,None
Car-1,None,None,None
Car-1,None,None,None
Car-1,None,None,None
Car-1,None,None,None
Car-1,None,None,None
Car-1,None,None,None
Car-1,None,None,None
Car-1,None,None,None
Car-1,None,None,None
Car-1,None,None,None
Car-1,None,None,None
Car-1,None,None,None
Car-1,None,None,None
Car-1,None,None,None
Car-1,None,None,None
Car-1,None,None,None
Car-1,None,None,None
Car-1,None,None,None
Car-1,None,None,None
Car-1,None,None,None
Car-1,None,None,None
Car-1,None,None,None
Car-1,None,None,None
Car-1,None,None,None
Car-1,None,None,None
Car-1,None,None,None
Car-1,None,None,None
Car-1,None,None,None
Car-1,None,None,None
Car-1,None,None,None
Car-1,None,None,None
Car-1,None,None,None
Car-1,None,None,None
Car-1,None,None,None
Car-1,None,None,None
Car-1,None,None,None
Car-1,None,None,None
Car-1,None,None,None
Car-1,None,None,None
Car-1,None,None,None
Car-1,None,None,None
Car-1,None,None,None
Car-1,None,None,None
Car-1,None,None,None
Car-1,None,None,None
Car-1,None,None,None
Car-1,None,None,None
Car-1,None,None,None
Car-1,None,None,None
Car-1,None,None,None
Car-1,None,None,None
Car-1,None,None,None
Car-1,None,None,None
Car-1,None,None,None
Car-1,None,None,None
Car-1,None,None,None
Car-1,None,None,None
Car-1,None,None,None
Car-1,None,None,None
Car-1,None,None,None
Car-1,None,None,None
Car-1,None,None,None
Car-1,None,None,None
Car-1,None,None,None
Car-1,None,None,None
Car-1,None,None,None
Car-1,None,None,None
Car-1,None,None,None
Car-1,None,None,None
Car-1,None,None,None
Car-1,None,None,None
Car-1,None,None,None
Car-1,None,None,None
Car-1,None,None,None
Car-1,None,None,None
Car-1,None,None,None
Car-1,None,None,None
Car-1,None,None,None
Car-1,None,None,None
Car-1,None,None,None
Car-1,None,None,None
Car-1,None,None,None
Car-1,None,None,None
Car-1,None,None,None
Car-1,None,None,None
Car-1,None,None,None
Car-1,None,None,None
Car-1,None,None,None
Car-1,None,None,None
Car-1,None,None,None
Car-1,None,None,None
Car-1,None,None,None
Car-1,None,None,None
Car-1,None,None,None
Car-1,None,None,None
Car-1,None,None,None
Car-1,None,None,None
Car-1,None,None,None
Car-1,None,None,None
Car-1,None,None,None
Car-1,None,None,None
Car-1,None,None,None
Car-1,None,None,None
Car-1,None,None,None
Car-1,None,None,None
Car-1,None,None,None
Car-1,None,None,None
Car-1,None,None,None
Car-1,None,None,None
Car-1,None,None,None
Car-1,None,None,None
Car-1,None,None,None
Car-1,None,None,None
Car-1,None,None,None
Car-1,None,None,None
Car-1,None,None,None
Car-1,None,None,None
Car-1,None,None,None
Car-1,None,None,None
Car-1,None,None,None
Car-1,None,None,None
Car-1,None,None,None
Car-1,None,None,None
Car-1,None,None,None
Car-1,None,None,None
Car-1,None,None,None
Car-1,None,None,None
Car-1,None,None,None
Car-1,None,None,None
Car-1,None,None,None
Car-1,None,None,None
Car-1,None,None,None
Car-1,None,None,None
Car-1,None,None,None
Car-1,None,None,None
Car-1,None,None,None
Car-1,None,None,None
Car-1,None,None,None
Car-1,None,None,None
Car-1,None,None,None
Car-1,None,None,None
Car-1,None,None,None
Car-1,None,None,None
Car-1,None,None,None
Car-1,None,None,None
Car-1,None,None,None
Car-1,None,None,None
Car-1,None,None,None
Car-1,None,None,None
Car-1,None,None,None
Car-1,None,None,None
Car-1,None,None,None
Car-1,None,None,None
Car-1,None,None,None
Car-1,None,None,None
Car-1,None,None,None
Car-1,None,None,None
Car-1,None,None,None
Car-1,None,None,None
Car-1,None,None,None
Car-1,None,None,None
Car-1,None,None,None
Car-1,None,None,None
Car-1,None,None,None
Car-1,None,None,None
Car-1,None,None,None
Car-1,None,None,None
Car-1,None,None,None
Car-1,None,None,None
Car-1,None,None,None
Car-1,None,None,None
Car-1,None,None,None
Car-1,None,None,None
Car-1,None,None,None
Car-1,None,None,None
Car-1,None,None,None
Car-1,None,None,None
Car-1,None,None,None
Car-1,None,None,None
Car-1,None,None,None
Car-1,None,None,None
Car-1,None,None,None
Car-1,None,None,None
Car-1,None,None,None
Car-1,None,None,None
Car-1,None,None,None
Car-1,None,None,None
Car-1,None,None,None
Car-1,None,None,None
Car-1,None,None,None
Car-1,None,None,None
Car-1,None,None,None
Car-1,None,None,None
Car-1,None,None,None
Car-1,None,None,None
Car-1,None,None,None
Car-1,None,None,None
Car-1,None,None,None
Car-1,None,None,None
Car-1,None,None,None
Car-1,None,None,None
Car-1,None,None,None
Car-1,None,None,None
Car-1,None,None,None
Car-1,None,None,None
Car-1,None,None,None
Car-1,None,None,None
Car-1,None,None,None
Car-1,None,None,None
Car-1,None,None,None
Car-1,None,None,None
Car-1,None,None,None
Car-1,None,None,None
Car-1,None,None,None
Car-1,None,None,None
Car-1,None,None,None
Car-1,None,None,None
Car-1,None,None,None
Car-1,None,None,None
Car-1,None,None,None
Car-1,None,None,None
Car-1,None,None,None
Car-1,None,None,None
Car-1,None,None,None
Car-1,None,None,None
Car-1,None,None,None
Car-1,None,None,None
Car-1,None,None,None
Car-1,None,None,None
Car-1,None,None,None
Car-1,None,None,None
Car-1,None,None,None
Car-1,None,None,None
Car-1,None,None,None
Car-1,None,None,None
Car-1,None,None,None
Car-1,None,None,None
Car-1,None,None,None
Car-1,None,None,None
Car-1,None,None,None
Car-1,None,None,None
Car-1,None,None,None
Car-1,None,None,None
Car-1,None,None,None
Car-1,None,None,None
Car-1,None,None,None
Car-1,None,None,None
Car-1,None,None,None
Car-1,None,None,None
Car-1,None,None,None
Car-1,None,None,None
Car-1,None,None,None
Car-1,None,None,None
Car-1,None,None,None
Car-1,None,None,None
Car-1,None,None,None
Car-1,None,None,None
Car-1,None,None,None
Car-1,None,None,None
Car-1,None,None,None
Car-1,None,None,None
Car-1,None,None,None
Car-1,None,None,None
Car-1,None,None,None
Car-1,None,None,None
Car-1,None,None,None
Car-1,None,None,None
Car-1,None,None,None
Car-1,None,None,None
Car-1,None,None,None
Car-1,None,None,None
Car-1,None,None,None
Car-1,None,None,None
Car-1,None,None,None
Car-1,None,None,None
Car-1,None,None,None
Car-1,None,None,None
Car-1,None,None,None
Car-1,None,None,None
Car-1,None,None,None
Car-1,None,None,None
Car-1,None,None,None
Car-1,None,None,None
Car-1,None,None,None
Car-1,None,None,None
Car-1,None,None,None
Car-1,None,None,None
Car-1,None,None,None
Car-1,None,None,None
Car-1,None,None,None
Car-1,None,None,None
Car-1,None,None,None
Car-1,None,None,None
Car-1,None,None,None
Car-1,None,None,None
Car-1,None,None,None
Car-1,None,None,None
Car-1,None,None,None
Car-1,None,None,None
Car-1,None,None,None
Car-1,None,None,None
Car-1,None,None,None
Car-1,None,None,None
Car-1,None,None,None
Car-1,None,None,None
Car-1,None,None,None
Car-1,None,None,None
Car-1,None,None,None
Car-1,None,None,None
Car-1,None,None,None
Car-1,None,None,None
Car-1,None,None,None
Car-1,None,None,None
Car-1,None,None,None
Car-1,None,None,None
Car-1,None,None,None
Car-1,None,None,None
Car-1,None,None,None
Car-1,None,None,None
Car-1,None,None,None
Car-1,None,None,None
Car-1,None,None,None
Car-1,None,None,None
Car-1,None,None,None
Car-1,None,None,None
Car-1,None,None,None
Car-1,None,None,None
Car-1,None,None,None
Car-1,None,None,None
Car-1,None,None,None
Car-1,None,None,None
Car-1,None,None,None
Car-1,None,None,None
Car-1,None,None,None
Car-1,None,None,None
Car-1,None,None,None
Car-1,None,None,None
Car-1,None,None,None
Car-1,None,None,None
Car-1,None,None,None
Car-1,None,None,None
Car-1,None,None,None
Car-1,None,None,None
Car-1,None,None,None
Car-1,None,None,None
Car-1,None,None,None
Car-1,None,None,None
Car-1,None,None,None
Car-1,None,None,None
Car-1,None,None,None
Car-1,None,None,None
Car-1,None,None,None
Car-1,None,None,None
Car-1,None,None,None
Car-1,None,None,None
Car-1,None,None,None
Car-1,None,None,None
Car-1,None,None,None
Car-1,None,None,None
Car-1,None,None,None
Car-1,None,None,None
Car-1,None,None,None
Car-1,None,None,None
Car-1,None,None,None
Car-1,None,None,None
Car-1,None,None,None
Car-1,None,None,None
Car-1,None,None,None
Car-1,None,None,None
Car-1,None,None,None
Car-1,None,None,None
Car-1,None,None,None
Car-1,None,None,None
Car-1,None,None,None
Car-1,None,None,None
Car-1,None,None,None
Car-1,None,None,None
Car-1,None,None,None
Car-1,None,None,None
Car-1,None,None,None
Car-1,None,None,None
Car-1,None,None,None
Car-1,None,None,None
Car-1,None,None,None
Car-1,None,None,None
Car-1,None,None,None
Car-1,None,None,None
Car-1,None,None,None
Car-1,None,None,None
Car-1,None,None,None
Car-1,None,None,None
Car-1,None,None,None
Car-1,None,None,None
Car-1,None,None,None
Car-1,None,None,None
Car-1,None,None,None
Car-1,None,None,None
Car-1,None,None,None
Car-1,None,None,None
Car-1,None,None,None
Car-1,None,None,None
Car-1,None,None,None
Car-1,None,None,None
Car-1,None,None,None
Car-1,None,None,None
Car-1,None,None,None
Car-1,None,None,None
Car-1,None,None,None
Car-1,None,None,None
Car-1,None,None,None
Car-1,None,None,None
Car-1,None,None,None
Car-1,None,None,None
Car-1,None,None,None
Car-1,None,None,None
Car-1,None,None,None
Car-1,None,None,None
Car-1,None,None,None
Car-1,None,None,None
Car-1,None,None,None
Car-1,None,None,None
Car-1,None,None,None
Car-1,None,None,None
Car-1,None,None,None
Car-1,None,None,None
Car-1,None,None,None
Car-1,None,None,None
Car-1,None,None,None
Car-1,None,None,None
Car-1,None,None,None
Car-1,None,None,None
Car-1,None,None,None
Car-1,None,None,None
Car-1,None,None,None
Car-1,None,None,None
Car-1,None,None,None
Car-1,None,None,None
Car-1,None,None,None
Car-1,None,None,None
Car-1,None,None,None
Car-1,None,None,None
Car-1,None,None,None
Car-1,None,None,None
Car-1,None,None,None
Car-1,None,None,None
Car-1,None,None,None
Car-1,None,None,None
Car-1,None,None,None
Car-1,None,None,None
Car-1,None,None,None
Car-1,None,None,None
Car-1,None,None,None
Car-1,None,None,None
Car-1,None,None,None
Car-1,None,None,None
Car-1,None,None,None
Car-1,None,None,None
Car-1,None,None,None
Car-1,None,None,None
Car-1,None,None,None
Car-1,None,None,None
Car-1,None,None,None
Car-1,None,None,None
Car-1,None,None,None
Car-1,None,None,None
Car-1,None,None,None
Car-1,None,None,None
Car-1,None,None,None
Car-1,None,None,None
Car-1,None,None,None
Car-1,None,None,None
Car-1,None,None,None
Car-1,None,None,None
Car-1,None,None,None
Car-1,None,None,None
Car-1,None,None,None
Car-1,None,None,None
Car-1,None,None,None
Car-1,None,None,None
Car-1,None,None,None
Car-1,None,None,None
Car-1,None,None,None
Car-1,None,None,None
Car-1,None,None,None
Car-1,None,None,None
Car-1,None,None,None
Car-1,None,None,None
Car-1,None,None,None
Car-1,None,None,None
Car-1,None,None,None
Car-1,None,None,None
Car-1,None,None,None
Car-1,None,None,None
Car-1,None,None,None
Car-1,None,None,None
Car-1,None,None,None
Car-1,None,None,None
Car-1,None,None,None
Car-1,None,None,None
Car-1,None,None,None
Car-1,None,None,None
Car-1,None,None,None
Car-1,None,None,None
Car-1,None,None,None
Car-1,None,None,None
Car-1,None,None,None
Car-1,None,None,None
Car-1,None,None,None
Car-1,None,None,None
Car-1,None,None,None
Car-1,None,None,None
Car-1,None,None,None
Car-1,None,None,None
Car-1,None,None,None
Car-1,None,None,None
Car-1,None,None,None
Car-1,None,None,None
Car-1,None,None,None
Car-1,None,None,None
Car-1,None,None,None
Car-1,None,None,None
Car-1,None,None,None
Car-1,None,None,None
Car-1,None,None,None
Car-1,None,None,None
Car-1,None,None,None
Car-1,None,None,None
Car-1,None,None,None
Car-1,None,None,None
Car-1,None,None,None
Car-1,None,None,None
Car-1,None,None,None
Car-1,None,None,None
Car-1,None,None,None
Car-1,None,None,None
Car-1,None,None,None
Car-1,None,None,None
Car-1,None,None,None
Car-1,None,None,None
Car-1,None,None,None
Car-1,None,None,None
Car-1,None,None,None
Car-1,None,None,None
Car-1,None,None,None
Car-1,None,None,None
Car-1,None,None,None
Car-1,None,None,None
Car-1,None,None,None
Car-1,None,None,None
Car-1,None,None,None
Car-1,None,None,None
Car-1,None,None,None
Car-1,None,None,None
Car-1,None,None,None
Car-1,None,None,None
Car-1,None,None,None
Car-1,None,None,None
Car-1,None,None,None
Car-1,None,None,None
Car-1,None,None,None
Car-1,None,None,None
Car-1,None,None,None
Car-1,None,None,None
Car-1,None,None,None
Car-1,None,None,None
Car-1,None,None,None
Car-1,None,None,None
Car-1,None,None,None
Car-1,None,None,None
Car-1,None,None,None
Car-1,None,None,None
Car-1,None,None,None
Car-1,None,None,None
Car-1,None,None,None
Car-1,None,None,None
Car-1,None,None,None
Car-1,None,None,None
Car-1,None,None,None
Car-1,None,None,None
Car-1,None,None,None
Car-1,None,None,None
Car-1,None,None,None
Car-1,None,None,None
Car-1,None,None,None
Car-1,None,None,None
Car-1,None,None,None
Car-1,None,None,None
Car-1,None,None,None
Car-1,None,None,None
Car-1,None,None,None
Car-1,None,None,None
Car-1,None,None,None
Car-1,None,None,None
Car-1,None,None,None
Car-1,None,None,None
Car-1,None,None,None
Car-1,None,None,None
Car-1,None,None,None
Car-1,None,None,None
Car-1,None,None,None
Car-1,None,None,None
Car-1,None,None,None
Car-1,None,None,None
Car-1,None,None,None
Car-1,None,None,None
Car-1,None,None,None
Car-1,None,None,None
Car-1,None,None,None
Car-1,None,None,None
Car-1,None,None,None
Car-1,None,None,None
Car-1,None,None,None
Car-1,None,None,None
Car-1,None,None,None
Car-1,None,None,None
Car-1,None,None,None
Car-1,None,None,None
Car-1,None,None,None
Car-1,None,None,None
Car-1,None,None,None
Car-1,None,None,None
Car-1,None,None,None
Car-1,None,None,None
Car-1,None,None,None
Car-1,None,None,None
Car-1,None,None,None
Car-1,None,None,None
Car-1,None,None,None
Car-1,None,None,None
Car-1,None,None,None
Car-1,None,None,None
Car-1,None,None,None
Car-1,None,None,None
Car-1,None,None,None
Car-1,None,None,None
Car-1,None,None,None
Car-1,None,None,None
Car-1,None,None,None
Car-1,None,None,None
Car-1,None,None,None
Car-1,None,None,None
Car-1,None,None,None
Car-1,None,None,None
Car-1,None,None,None
Car-1,None,None,None
Car-1,None,None,None
Car-1,None,None,None
Car-1,None,None,None
Car-1,None,None,None
Car-1,None,None,None
Car-1,None,None,None
Car-1,None,None,None
Car-1,None,None,None
Car-1,None,None,None
Car-1,None,None,None
Car-1,None,None,None
Car-1,None,None,None
Car-1,None,None,None
Car-1,None,None,None
Car-1,None,None,None
Car-1,None,None,None
Car-1,None,None,None
Car-1,None,None,None
Car-1,None,None,None
Car-1,None,None,None
Car-1,None,None,None
Car-1,None,None,None
Car-1,None,None,None
Car-1,None,None,None
Car-1,None,None,None
Car-1,None,None,None
Car-1,None,None,None
Car-1,None,None,None
Car-1,None,None,None
Car-1,None,None,None
Car-1,None,None,None
Car-1,None,None,None
Car-1,None,None,None
Car-1,None,None,None
Car-1,None,None,None
Car-1,None,None,None
Car-1,None,None,None
Car-1,None,None,None
Car-1,None,None,None
Car-1,None,None,None
Car-1,None,None,None
Car-1,None,None,None
Car-1,None,None,None
Car-1,None,None,None
Car-1,None,None,None
Car-1,None,None,None
Car-1,None,None,None
Car-1,None,None,None
Car-1,None,None,None
Car-1,None,None,None
Car-1,None,None,None
Car-1,None,None,None
Car-1,None,None,None
Car-1,None,None,None
Car-1,None,None,None
Car-1,None,None,None
Car-1,None,None,None
Car-1,None,None,None
Car-1,None,None,None
Car-1,None,None,None
Car-1,None,None,None
Car-1,None,None,None
Car-1,None,None,None
Car-1,None,None,None
Car-1,None,None,None
Car-1,None,None,None
Car-1,None,None,None
Car-1,None,None,None
Car-1,None,None,None
Car-1,None,None,None
Car-1,None,None,None
Car-1,None,None,None
Car-1,None,None,None
Car-1,None,None,None
Car-1,None,None,None
Car-1,None,None,None
Car-1,None,None,None
Car-1,None,None,None
Car-1,None,None,None
Car-1,None,None,None
Car-1,None,None,None
Car-1,None,None,None
Car-1,None,None,None
Car-1,None,None,None
Car-1,None,None,None
Car-1,None,None,None
Car-1,None,None,None
Car-1,None,None,None
Car-1,None,None,None
Car-1,None,None,None
Car-1,None,None,None
Car-1,None,None,None
Car-1,None,None,None
Car-1,None,None,None
Car-1,None,None,None
Car-1,None,None,None
Car-1,None,None,None
Car-1,None,None,None
Car-1,None,None,None
Car-1,None,None,None
Car-1,None,None,None
Car-1,None,None,None
Car-1,None,None,None
Car-1,None,None,None
Car-1,None,None,None
Car-1,None,None,None
Car-1,None,None,None
Car-1,None,None,None
Car-1,None,None,None
Car-1,None,None,None
Car-1,None,None,None
Car-1,None,None,None
Car-1,None,None,None
Car-1,None,None,None
Car-1,None,None,None
Car-1,None,None,None
Car-1,None,None,None
Car-1,None,None,None
Car-1,None,None,None
Car-1,None,None,None
Car-1,None,None,None
Car-1,None,None,None
Car-1,None,None,None
Car-1,None,None,None
Car-1,None,None,None
Car-1,None,None,None
Car-1,None,None,None
Car-1,None,None,None
Car-1,None,None,None
Car-1,None,None,None
Car-1,None,None,None
Car-1,None,None,None
Car-1,None,None,None
Car-1,None,None,None
Car-1,None,None,None
Car-1,None,None,None
Car-1,None,None,None
Car-1,None,None,None
Car-1,None,None,None
Car-1,None,None,None
Car-1,None,None,None
Car-1,None,None,None
Car-1,None,None,None
Car-1,None,None,None
Car-1,None,None,None
Car-1,None,None,None
Car-1,None,None,None
Car-1,None,None,None
Car-1,None,None,None
Car-1,None,None,None
Car-1,None,None,None
Car-1,None,None,None
Car-1,None,None,None
Car-1,None,None,None
Car-1,None,None,None
Car-1,None,None,None
Car-1,None,None,None
Car-1,None,None,None
Car-1,None,None,None
Car-1,None,None,None
Car-1,None,None,None
Car-1,None,None,None
Car-1,None,None,None
Car-1,None,None,None
Car-1,None,None,None
Car-1,None,None,None
Car-1,None,None,None
Car-1,None,None,None
Car-1,None,None,None
Car-1,None,None,None
Car-1,None,None,None
Car-1,None,None,None
Car-1,None,None,None
Car-1,None,None,None
Car-1,None,None,None
Car-1,None,None,None
Car-1,None,None,None
Car-1,None,None,None
Car-1,None,None,None
Car-1,None,None,None
Car-1,None,None,None
Car-1,None,None,None
Car-1,None,None,None
Car-1,None,None,None
Car-1,None,None,None
Car-1,None,None,None
Car-1,None,None,None
Car-1,None,None,None
Car-1,None,None,None
Car-1,None,None,None
Car-1,None,None,None
Car-1,None,None,None
Car-1,None,None,None
Car-1,None,None,None
Car-1,None,None,None
Car-1,None,None,None
Car-1,None,None,None
Car-1,None,None,None
Car-1,None,None,None
Car-1,None,None,None
Car-1,None,None,None
Car-1,None,None,None
Car-1,None,None,None
Car-1,None,None,None
Car-1,None,None,None
Car-1,None,None,None
Car-1,None,None,None
Car-1,None,None,None
Car-1,None,None,None
Car-1,None,None,None
Car-1,None,None,None
Car-1,None,None,None
Car-1,None,None,None
Car-1,None,None,None
Car-1,None,None,None
Car-1,None,None,None
Car-1,None,None,None
Car-1,None,None,None
Car-1,None,None,None
Car-1,None,None,None
Car-1,None,None,None
Car-1,None,None,None
Car-1,None,None,None
Car-1,None,None,None
Car-1,None,None,None
Car-1,None,None,None
Car-1,None,None,None
Car-1,None,None,None
Car-1,None,None,None
Car-1,None,None,None
Car-1,None,None,None
Car-1,None,None,None
Car-1,None,None,None
Car-1,None,None,None
Car-1,None,None,None
Car-1,None,None,None
Car-1,None,None,None
Car-1,None,None,None
Car-1,None,None,None
Car-1,None,None,None
Car-1,None,None,None
Car-1,None,None,None
Car-1,None,None,None
Car-1,None,None,None
Car-1,None,None,None
Car-1,None,None,None
Car-1,None,None,None
Car-1,None,None,None
Car-1,None,None,None
Car-1,None,None,None
Car-1,None,None,None
Car-1,None,None,None
Car-1,None,None,None
Car-1,None,None,None
Car-1,None,None,None
Car-1,None,None,None
Car-1,None,None,None
Car-1,None,None,None
Car-1,None,None,None
Car-1,None,None,None
Car-1,None,None,None
Car-1,None,None,None
Car-1,None,None,None
Car-1,None,None,None
Car-1,None,None,None
Car-1,None,None,None
Car-1,None,None,None
Car-1,None,None,None
Car-1,None,None,None
Car-1,None,None,None
Car-1,None,None,None
Car-1,None,None,None
Car-1,None,None,None
Car-1,None,None,None
Car-1,None,None,None
Car-1,None,None,None
Car-1,None,None,None
Car-1,None,None,None
Car-1,None,None,None
Car-1,None,None,None
Car-1,None,None,None
Car-1,None,None,None
Car-1,None,None,None
Car-1,None,None,None
Car-1,None,None,None
Car-1,None,None,None
Car-1,None,None,None
Car-1,None,None,None
Car-1,None,None,None
Car-1,None,None,None
Car-1,None,None,None
Car-1,None,None,None
Car-1,None,None,None
Car-1,None,None,None
Car-1,None,None,None
Car-1,None,None,None
Car-1,None,None,None
Car-1,None,None,None
Car-1,None,None,None
Car-1,None,None,None
Car-1,None,None,None
Car-1,None,None,None
Car-1,None,None,None
Car-1,None,None,None
Car-1,None,None,None
Car-1,None,None,None
Car-1,None,None,None
Car-1,None,None,None
Car-1,None,None,None
Car-1,None,None,None
Car-1,None,None,None
Car-1,None,None,None
Car-1,None,None,None
Car-1,None,None,None
Car-1,None,None,None
Car-1,None,None,None
Car-1,None,None,None
Car-1,None,None,None
Car-1,None,None,None
Car-1,None,None,None
Car-1,None,None,None
Car-1,None,None,None
Car-1,None,None,None
Car-1,None,None,None
Car-1,None,None,None
Car-1,None,None,None
Car-1,None,None,None
Car-1,None,None,None
Car-1,None,None,None
Car-1,None,None,None
Car-1,None,None,None
Car-1,None,None,None
Car-1,None,None,None
Car-1,None,None,None
Car-1,None,None,None
Car-1,None,None,None
Car-1,None,None,None
Car-1,None,None,None
Car-1,None,None,None
Car-1,None,None,None
Car-1,None,None,None
Car-1,None,None,None
Car-1,None,None,None
Car-1,None,None,None
Car-1,None,None,None
Car-1,None,None,None
Car-1,None,None,None
Car-1,None,None,None
Car-1,None,None,None
Car-1,None,None,None
Car-1,None,None,None
Car-1,None,None,None
Car-1,None,None,None
Car-1,None,None,None
Car-1,None,None,None
Car-1,None,None,None
Car-1,None,None,None
Car-1,None,None,None
Car-1,None,None,None
Car-1,None,None,None
Car-1,None,None,None
Car-1,None,None,None
Car-1,None,None,None
Car-1,None,None,None
Car-1,None,None,None
Car-1,None,None,None
Car-1,None,None,None
Car-1,None,None,None
Car-1,None,None,None
Car-1,None,None,None
Car-1,None,None,None
Car-1,None,None,None
Car-1,None,None,None
Car-1,None,None,None
Car-1,None,None,None
Car-1,None,None,None
Car-1,None,None,None
Car-1,None,None,None
Car-1,None,None,None
Car-1,None,None,None
Car-1,None,None,None
Car-1,None,None,None
Car-1,None,None,None
Car-1,None,None,None
Car-1,None,None,None
Car-1,None,None,None
Car-1,None,None,None
Car-1,None,None,None
Car-1,None,None,None
Car-1,None,None,None
Car-1,None,None,None
Car-1,None,None,None
Car-1,None,None,None
Car-1,None,None,None
Car-1,None,None,None
Car-1,None,None,None
Car-1,None,None,None
Car-1,None,None,None
Car-1,None,None,None
Car-1,None,None,None
Car-1,None,None,None
Car-1,None,None,None
Car-1,None,None,None
Car-1,None,None,None
Car-1,None,None,None
Car-1,None,None,None
Car-1,None,None,None
Car-1,None,None,None
Car-1,None,None,None
Car-1,None,None,None
Car-1,None,None,None
Car-1,None,None,None
Car-1,None,None,None
Car-1,None,None,None
Car-1,None,None,None
Car-1,None,None,None
Car-1,None,None,None
Car-1,None,None,None
Car-1,None,None,None
Car-1,None,None,None
Car-1,None,None,None
Car-1,None,None,None
Car-1,None,None,None
Car-1,None,None,None
Car-1,None,None,None
Car-1,None,None,None
Car-1,None,None,None
Car-1,None,None,None
Car-1,None,None,None
Car-1,None,None,None
Car-1,None,None,None
Car-1,None,None,None
Car-1,None,None,None
Car-1,None,None,None
Car-1,None,None,None
Car-1,None,None,None
Car-1,None,None,None
Car-1,None,None,None
Car-1,None,None,None
Car-1,None,None,None
Car-1,None,None,None
Car-1,None,None,None
Car-1,None,None,None
Car-1,None,None,None
Car-1,None,None,None
Car-1,None,None,None
Car-1,None,None,None
Car-1,None,None,None
Car-1,None,None,None
Car-1,None,None,None
Car-1,None,None,None
Car-1,None,None,None
Car-1,None,None,None
Car-1,None,None,None
Car-1,None,None,None
Car-1,None,None,None
Car-1,None,None,None
Car-1,None,None,None
Car-1,None,None,None
Car-1,None,None,None
Car-1,None,None,None
Car-1,None,None,None
Car-1,None,None,None
Car-1,None,None,None
Car-1,None,None,None
Car-1,None,None,None
Car-1,None,None,None
Car-1,None,None,None
Car-1,None,None,None
Car-1,None,None,None
Car-1,None,None,None
Car-1,None,None,None
Car-1,None,None,None
Car-1,None,None,None
Car-1,None,None,None
Car-1,None,None,None
Car-1,None,None,None
Car-1,None,None,None
Car-1,None,None,None
Car-1,None,None,None
Car-1,None,None,None
Car-1,None,None,None
Car-1,None,None,None
Car-1,None,None,None
Car-1,None,None,None
Car-1,None,None,None
Car-1,None,None,None
Car-1,None,None,None
Car-1,None,None,None
Car-1,None,None,None
Car-1,None,None,None
Car-1,None,None,None
Car-1,None,None,None
Car-1,None,None,None
Car-1,None,None,None
Car-1,None,None,None
Car-1,None,None,None
Car-1,None,None,None
Car-1,None,None,None
Car-1,None,None,None
Car-1,None,None,None
Car-1,None,None,None
Car-1,None,None,None
Car-1,None,None,None
Car-1,None,None,None
Car-1,None,None,None
Car-1,None,None,None
Car-1,None,None,None
Car-1,None,None,None
Car-1,None,None,None
Car-1,None,None,None
Car-1,None,None,None
Car-1,None,None,None
Car-1,None,None,None
Car-1,None,None,None
Car-1,None,None,None
Car-1,None,None,None
Car-1,None,None,None
Car-1,None,None,None
Car-1,None,None,None
Car-1,None,None,None
Car-1,None,None,None
Car-1,None,None,None
Car-1,None,None,None
Car-1,None,None,None
Car-1,None,None,None
Car-1,None,None,None
Car-1,None,None,None
Car-1,None,None,None
Car-1,None,None,None
Car-1,None,None,None
Car-1,None,None,None
Car-1,None,None,None
Car-1,None,None,None
Car-1,None,None,None
Car-1,None,None,None
Car-1,None,None,None
Car-1,None,None,None
Car-1,None,None,None
Car-1,None,None,None
Car-1,None,None,None
Car-1,None,None,None
Car-1,None,None,None
Car-1,None,None,None
Car-1,None,None,None
Car-1,None,None,None
Car-1,None,None,None
Car-1,None,None,None
Car-1,None,None,None
Car-1,None,None,None
Car-1,None,None,None
Car-1,None,None,None
Car-1,None,None,None
Car-1,None,None,None
Car-1,None,None,None
Car-1,None,None,None
Car-1,None,None,None
Car-1,None,None,None
Car-1,None,None,None
Car-1,None,None,None
Car-1,None,None,None
Car-1,None,None,None
Car-1,None,None,None
Car-1,None,None,None
Car-1,None,None,None
Car-1,None,None,None
Car-1,None,None,None
Car-1,None,None,None
Car-1,None,None,None
Car-1,None,None,None
Car-1,None,None,None
Car-1,None,None,None
Car-1,None,None,None
Car-1,None,None,None
Car-1,None,None,None
Car-1,None,None,None
Car-1,None,None,None
Car-1,None,None,None
Car-1,None,None,None
Car-1,None,None,None
Car-1,None,None,None
Car-1,None,None,None
Car-1,None,None,None
Car-1,None,None,None
Car-1,None,None,None
Car-1,None,None,None
Car-1,None,None,None
Car-1,None,None,None
Car-1,None,None,None
Car-1,None,None,None
Car-1,None,None,None
Car-1,None,None,None
Car-1,None,None,None
Car-1,None,None,None
Car-1,None,None,None
Car-1,None,None,None
Car-1,None,None,None
Car-1,None,None,None
Car-1,None,None,None
Car-1,None,None,None
Car-1,None,None,None
Car-1,None,None,None
Car-1,None,None,None
Car-1,None,None,None
Car-1,None,None,None
Car-1,None,None,None
Car-1,None,None,None
Car-1,None,None,None
Car-1,None,None,None
Car-1,None,None,None
Car-1,None,None,None
Car-1,None,None,None
Car-1,None,None,None
Car-1,None,None,None
Car-1,None,None,None
Car-1,None,None,None
Car-1,None,None,None
Car-1,None,None,None
Car-1,None,None,None
Car-1,None,None,None
Car-1,None,None,None
Car-1,None,None,None
Car-1,None,None,None
Car-1,None,None,None
Car-1,None,None,None
Car-1,None,None,None
Car-1,None,None,None
Car-1,None,None,None
Car-1,None,None,None
Car-1,None,None,None
Car-1,None,None,None
Car-1,None,None,None
Car-1,None,None,None
Car-1,None,None,None
Car-1,None,None,None
Car-1,None,None,None
Car-1,None,None,None
Car-1,None,None,None
Car-1,None,None,None
Car-1,None,None,None
Car-1,None,None,None
Car-1,None,None,None
Car-1,None,None,None
Car-1,None,None,None
Car-1,None,None,None
Car-1,None,None,None
Car-1,None,None,None
Car-1,None,None,None
Car-1,None,None,None
Car-1,None,None,None
Car-1,None,None,None
Car-1,None,None,None
Car-1,None,None,None
Car-1,None,None,None
Car-1,None,None,None
Car-1,None,None,None
Car-1,None,None,None
Car-1,None,None,None
Car-1,None,None,None
Car-1,None,None,None
Car-1,None,None,None
Car-1,None,None,None
Car-1,None,None,None
Car-1,None,None,None
Car-1,None,None,None
Car-1,None,None,None
Car-1,None,None,None
Car-1,None,None,None
Car-1,None,None,None
Car-1,None,None,None
Car-1,None,None,None
Car-1,None,None,None
Car-1,None,None,None
Car-1,None,None,None
Car-1,None,None,None
Car-1,None,None,None
Car-1,None,None,None
Car-1,None,None,None
Car-1,None,None,None
Car-1,None,None,None
Car-1,None,None,None
Car-1,None,None,None
Car-1,None,None,None
Car-1,None,None,None
Car-1,None,None,None
Car-1,None,None,None
Car-1,None,None,None
Car-1,None,None,None
Car-1,None,None,None
Car-1,None,None,None
Car-1,None,None,None
Car-1,None,None,None
Car-1,None,None,None
Car-1,None,None,None
Car-1,None,None,None
Car-1,None,None,None
Car-1,None,None,None
Car-1,None,None,None
Car-1,None,None,None
Car-1,None,None,None
Car-1,None,None,None
Car-1,None,None,None
Car-1,None,None,None
Car-1,None,None,None
Car-1,None,None,None
Car-1,None,None,None
Car-1,None,None,None
Car-1,None,None,None
Car-1,None,None,None
Car-1,None,None,None
Car-1,None,None,None
Car-1,None,None,None
Car-1,None,None,None
Car-1,None,None,None
Car-1,None,None,None
Car-1,None,None,None
Car-1,None,None,None
Car-1,None,None,None
Car-1,None,None,None
Car-1,None,None,None
Car-1,None,None,None
Car-1,None,None,None
Car-1,None,None,None
Car-1,None,None,None
Car-1,None,None,None
Car-1,None,None,None
Car-1,None,None,None
Car-1,None,None,None
Car-1,None,None,None
Car-1,None,None,None
Car-1,None,None,None
Car-1,None,None,None
Car-1,None,None,None
Car-1,None,None,None
Car-1,None,None,None
Car-1,None,None,None
Car-1,None,None,None
Car-1,None,None,None
Car-1,None,None,None
Car-1,None,None,None
Car-1,None,None,None
Car-1,None,None,None
Car-1,None,None,None
Car-1,None,None,None
Car-1,None,None,None
Car-1,None,None,None
Car-1,None,None,None
Car-1,None,None,None
Car-1,None,None,None
Car-1,None,None,None
Car-1,None,None,None
Car-1,None,None,None
Car-1,None,None,None
Car-1,None,None,None
Car-1,None,None,None
Car-1,None,None,None
Car-1,None,None,None
Car-1,None,None,None
Car-1,None,None,None
Car-1,None,None,None
Car-1,None,None,None
Car-1,None,None,None
Car-1,None,None,None
Car-1,None,None,None
Car-1,None,None,None
Car-1,None,None,None
Car-1,None,None,None
Car-1,None,None,None
Car-1,None,None,None
Car-1,None,None,None
Car-1,None,None,None
Car-1,None,None,None
Car-1,None,None,None
Car-1,None,None,None
Car-1,None,None,None
Car-1,None,None,None
Car-1,None,None,None
Car-1,None,None,None
Car-1,None,None,None
Car-1,None,None,None
Car-1,None,None,None
Car-1,None,None,None
Car-1,None,None,None
Car-1,None,None,None
Car-1,None,None,None
Car-1,None,None,None
Car-1,None,None,None
Car-1,None,None,None
Car-1,None,None,None
Car-1,None,None,None
Car-1,None,None,None
Car-1,None,None,None
Car-1,None,None,None
Car-1,None,None,None
Car-1,None,None,None
Car-1,None,None,None
Car-1,None,None,None
Car-1,None,None,None
Car-1,None,None,None
Car-1,None,None,None
Car-1,None,None,None
Car-1,None,None,None
Car-1,None,None,None
Car-1,None,None,None
Car-1,None,None,None
Car-1,None,None,None
Car-1,None,None,None
Car-1,None,None,None
Car-1,None,None,None
Car-1,None,None,None
Car-1,None,None,None
Car-1,None,None,None
Car-1,None,None,None
Car-1,None,None,None
Car-1,None,None,None
Car-1,None,None,None
Car-1,None,None,None
Car-1,None,None,None
Car-1,None,None,None
Car-1,None,None,None
Car-1,None,None,None
Car-1,None,None,None
Car-1,None,None,None
Car-1,None,None,None
Car-1,None,None,None
Car-1,None,None,None
Car-1,None,None,None
Car-1,None,None,None
Car-1,None,None,None
Car-1,None,None,None
Car-1,None,None,None
Car-1,None,None,None
Car-1,None,None,None
Car-1,None,None,None
Car-1,None,None,None
Car-1,None,None,None
Car-1,None,None,None
Car-1,None,None,None
Car-1,None,None,None
Car-1,None,None,None
Car-1,None,None,None
Car-1,None,None,None
Car-1,None,None,None
Car-1,None,None,None
Car-1,None,None,None
Car-1,None,None,None
Car-1,None,None,None
Car-1,None,None,None
Car-1,None,None,None
Car-1,None,None,None
Car-1,None,None,None
Car-1,None,None,None
Car-1,None,None,None
Car-1,None,None,None
Car-1,None,None,None
Car-1,None,None,None
Car-1,None,None,None
Car-1,None,None,None
Car-1,None,None,None
Car-1,None,None,None
Car-1,None,None,None
Car-1,None,None,None
Car-1,None,None,None
Car-1,None,None,None
Car-1,None,None,None
Car-1,None,None,None
Car-1,None,None,None
Car-1,None,None,None
Car-1,None,None,None
Car-1,None,None,None
Car-1,None,None,None
Car-1,None,None,None
Car-1,None,None,None
Car-1,None,None,None
Car-1,None,None,None
Car-1,None,None,None
Car-1,None,None,None
Car-1,None,None,None
Car-1,None,None,None
Car-1,None,None,None
Car-1,None,None,None
Car-1,None,None,None
Car-1,None,None,None
Car-1,None,None,None
Car-1,None,None,None
Car-1,None,None,None
Car-1,None,None,None
Car-1,None,None,None
Car-1,None,None,None
Car-1,None,None,None
Car-1,None,None,None
Car-1,None,None,None
Car-1,None,None,None
Car-1,None,None,None
Car-1,None,None,None
Car-1,None,None,None
Car-1,None,None,None
Car-1,None,None,None
Car-1,None,None,None
Car-1,None,None,None
Car-1,None,None,None
Car-1,None,None,None
Car-1,None,None,None
Car-1,None,None,None
Car-1,None,None,None
Car-1,None,None,None
Car-1,None,None,None
Car-1,None,None,None
Car-1,None,None,None
Car-1,None,None,None
Car-1,None,None,None
Car-1,None,None,None
Car-1,None,None,None
Car-1,None,None,None
Car-1,None,None,None
Car-1,None,None,None
Car-1,None,None,None
Car-1,None,None,None
Car-1,None,None,None
Car-1,None,None,None
Car-1,None,None,None
Car-1,None,None,None
Car-1,None,None,None
Car-1,None,None,None
Car-1,None,None,None
Car-1,None,None,None
Car-1,None,None,None
Car-1,None,None,None
Car-1,None,None,None
Car-1,None,None,None
Car-1,None,None,None
Car-1,None,None,None
Car-1,None,None,None
Car-1,None,None,None
Car-1,None,None,None
Car-1,None,None,None
Car-1,None,None,None
Car-1,None,None,None
Car-1,None,None,None
Car-1,None,None,None
Car-1,None,None,None
Car-1,None,None,None
Car-1,None,None,None
Car-1,None,None,None
Car-1,None,None,None
Car-1,None,None,None
Car-1,None,None,None
Car-1,None,None,None
Car-1,None,None,None
Car-1,None,None,None
Car-1,None,None,None
Car-1,None,None,None
Car-1,None,None,None
Car-1,None,None,None
Car-1,None,None,None
Car-1,None,None,None
Car-1,None,None,None
Car-1,None,None,None
Car-1,None,None,None
Car-1,None,None,None
Car-1,None,None,None
Car-1,None,None,None
Car-1,None,None,None
Car-1,None,None,None
Car-1,None,None,None
Car-1,None,None,None
Car-1,None,None,None
Car-1,None,None,None
Car-1,None,None,None
Car-1,None,None,None
Car-1,None,None,None
Car-1,None,None,None
Car-1,None,None,None
Car-1,None,None,None
Car-1,None,None,None
Car-1,None,None,None
Car-1,None,None,None
Car-1,None,None,None
Car-1,None,None,None
Car-1,None,None,None
Car-1,None,None,None
Car-1,None,None,None
Car-1,None,None,None
Car-1,None,None,None
Car-1,None,None,None
Car-1,None,None,None
Car-1,None,None,None
Car-1,None,None,None
Car-1,None,None,None
Car-1,None,None,None
Car-1,None,None,None
Car-1,None,None,None
Car-1,None,None,None
Car-1,None,None,None
Car-1,None,None,None
Car-1,None,None,None
Car-1,None,None,None
Car-1,None,None,None
Car-1,None,None,None
Car-1,None,None,None
Car-1,None,None,None
Car-1,None,None,None
Car-1,None,None,None
Car-1,None,None,None
Car-1,None,None,None
Car-1,None,None,None
Car-1,None,None,None
Car-1,None,None,None
Car-1,None,None,None
Car-1,None,None,None
Car-1,None,None,None
Car-1,None,None,None
Car-1,None,None,None
Car-1,None,None,None
Car-1,None,None,None
Car-1,None,None,None
Car-1,None,None,None
Car-1,None,None,None
Car-1,None,None,None
Car-1,None,None,None
Car-1,None,None,None
Car-1,None,None,None
Car-1,None,None,None
Car-1,None,None,None
Car-1,None,None,None
Car-1,None,None,None
Car-1,None,None,None
Car-1,None,None,None
Car-1,None,None,None
Car-1,None,None,None
Car-1,None,None,None
Car-1,None,None,None
Car-1,None,None,None
Car-1,None,None,None
Car-1,None,None,None
Car-1,None,None,None
Car-1,None,None,None
Car-1,None,None,None
Car-1,None,None,None
Car-1,None,None,None
Car-1,None,None,None
Car-1,None,None,None
Car-1,None,None,None
Car-1,None,None,None
Car-1,None,None,None
Car-1,None,None,None
Car-1,None,None,None
Car-1,None,None,None
Car-1,None,None,None
Car-1,None,None,None
Car-1,None,None,None
Car-1,None,None,None
Car-1,None,None,None
Car-1,None,None,None
Car-1,None,None,None
Car-1,None,None,None
Car-1,None,None,None
Car-1,None,None,None
Car-1,None,None,None
Car-1,None,None,None
Car-1,None,None,None
Car-1,None,None,None
Car-1,None,None,None
Car-1,None,None,None
Car-1,None,None,None
Car-1,None,None,None
Car-1,None,None,None
Car-1,None,None,None
Car-1,None,None,None
Car-1,None,None,None
Car-1,None,None,None
Car-1,None,None,None
Car-1,None,None,None
Car-1,None,None,None
Car-1,None,None,None
Car-1,None,None,None
Car-1,None,None,None
Car-1,None,None,None
Car-1,None,None,None
Car-1,None,None,None
Car-1,None,None,None
Car-1,None,None,None
Car-1,None,None,None
Car-1,None,None,None
Car-1,None,None,None
Car-1,None,None,None
Car-1,None,None,None
Car-1,None,None,None
Car-1,None,None,None
Car-1,None,None,None
Car-1,None,None,None
Car-1,None,None,None
Car-1,None,None,None
Car-1,None,None,None
Car-1,None,None,None
Car-1,None,None,None
Car-1,None,None,None
Car-1,None,None,None
Car-1,None,None,None
Car-1,None,None,None
Car-1,None,None,None
Car-1,None,None,None
Car-1,None,None,None
Car-1,None,None,None
Car-1,None,None,None
Car-1,None,None,None
Car-1,None,None,None
Car-1,None,None,None
Car-1,None,None,None
Car-1,None,None,None
Car-1,None,None,None
Car-1,None,None,None
Car-1,None,None,None
Car-1,None,None,None
Car-1,None,None,None
Car-1,None,None,None
Car-1,None,None,None
Car-1,None,None,None
Car-1,None,None,None
Car-1,None,None,None
Car-1,None,None,None
Car-1,None,None,None
Car-1,None,None,None
Car-1,None,None,None
Car-1,None,None,None
Car-1,None,None,None
Car-1,None,None,None
Car-1,None,None,None
Car-1,None,None,None
Car-1,None,None,None
Car-1,None,None,None
Car-1,None,None,None
Car-1,None,None,None
Car-1,None,None,None
Car-1,None,None,None
Car-1,None,None,None
Car-1,None,None,None
Car-1,None,None,None
Car-1,None,None,None
Car-1,None,None,None
Car-1,None,None,None
Car-1,None,None,None
Car-1,None,None,None
Car-1,None,None,None
Car-1,None,None,None
Car-1,None,None,None
Car-1,None,None,None
Car-1,None,None,None
Car-1,None,None,None
Car-1,None,None,None
Car-1,None,None,None
Car-1,None,None,None
Car-1,None,None,None
Car-1,None,None,None
Car-1,None,None,None
Car-1,None,None,None
Car-1,None,None,None
Car-1,None,None,None
Car-1,None,None,None
Car-1,None,None,None
Car-1,None,None,None
Car-1,None,None,None
Car-1,None,None,None
Car-1,None,None,None
Car-1,None,None,None
Car-1,None,None,None
Car-1,None,None,None
Car-1,None,None,None
Car-1,None,None,None
Car-1,None,None,None
Car-1,None,None,None
Car-1,None,None,None
Car-1,None,None,None
Car-1,None,None,None
Car-1,None,None,None
Car-1,None,None,None
Car-1,None,None,None
Car-1,None,None,None
Car-1,None,None,None
Car-1,None,None,None
Car-1,None,None,None
Car-1,None,None,None
Car-1,None,None,None
Car-1,None,None,None
Car-1,None,None,None
Car-1,None,None,None
Car-1,None,None,None
Car-1,None,None,None
Car-1,None,None,None
Car-1,None,None,None
Car-1,None,None,None
Car-1,None,None,None
Car-1,None,None,None
Car-1,None,None,None
Car-1,None,None,None
Car-1,None,None,None
Car-1,None,None,None
Car-1,None,None,None
Car-1,None,None,None
Car-1,None,None,None
Car-1,None,None,None
Car-1,None,None,None
Car-1,None,None,None
Car-1,None,None,None
Car-1,None,None,None
Car-1,None,None,None
Car-1,None,None,None
Car-1,None,None,None
Car-1,None,None,None
Car-1,None,None,None
Car-1,None,None,None
Car-1,None,None,None
Car-1,None,None,None
Car-1,None,None,None
Car-1,None,None,None
Car-1,None,None,None
Car-1,None,None,None
Car-1,None,None,None
Car-1,None,None,None
Car-1,None,None,None
Car-1,None,None,None
Car-1,None,None,None
Car-1,None,None,None
Car-1,None,None,None
Car-1,None,None,None
Car-1,None,None,None
Car-1,None,None,None
Car-1,None,None,None
Car-1,None,None,None
Car-1,None,None,None
Car-1,None,None,None
Car-1,None,None,None
Car-1,None,None,None
Car-1,None,None,None
Car-1,None,None,None
Car-1,None,None,None
Car-1,None,None,None
Car-1,None,None,None
Car-1,None,None,None
Car-1,None,None,None
Car-1,None,None,None
Car-1,None,None,None
Car-1,None,None,None
Car-1,None,None,None
Car-1,None,None,None
Car-1,None,None,None
Car-1,None,None,None
Car-1,None,None,None
Car-1,None,None,None
Car-1,None,None,None
Car-1,None,None,None
Car-1,None,None,None
Car-1,None,None,None
Car-1,None,None,None
Car-1,None,None,None
Car-1,None,None,None
Car-1,None,None,None
Car-1,None,None,None
Car-1,None,None,None
Car-1,None,None,None
Car-1,None,None,None
Car-1,None,None,None
Car-1,None,None,None
Car-1,None,None,None
Car-1,None,None,None
Car-1,None,None,None
Car-1,None,None,None
Car-1,None,None,None
Car-1,None,None,None
Car-1,None,None,None
Car-1,None,None,None
Car-1,None,None,None
Car-1,None,None,None
Car-1,None,None,None
Car-1,None,None,None
Car-1,None,None,None
Car-1,None,None,None
Car-1,None,None,None
Car-1,None,None,None
Car-1,None,None,None
Car-1,None,None,None
Car-1,None,None,None
Car-1,None,None,None
Car-1,None,None,None
Car-1,None,None,None
Car-1,None,None,None
Car-1,None,None,None
Car-1,None,None,None
Car-1,None,None,None
Car-1,None,None,None
Car-1,None,None,None
Car-1,None,None,None
Car-1,None,None,None
Car-1,None,None,None
Car-1,None,None,None
Car-1,None,None,None
Car-1,None,None,None
Car-1,None,None,None
Car-1,None,None,None
Car-1,None,None,None
Car-1,None,None,None
Car-1,None,None,None
Car-1,None,None,None
Car-1,None,None,None
Car-1,None,None,None
Car-1,None,None,None
Car-1,None,None,None
Car-1,None,None,None
Car-1,None,None,None
Car-1,None,None,None
Car-1,None,None,None
Car-1,None,None,None
Car-1,None,None,None
Car-1,None,None,None
Car-1,None,None,None
Car-1,None,None,None
Car-1,None,None,None
Car-1,None,None,None
Car-1,None,None,None
Car-1,None,None,None
Car-1,None,None,None
Car-1,None,None,None
Car-1,None,None,None
Car-1,None,None,None
Car-1,None,None,None
Car-1,None,None,None
Car-1,None,None,None
Car-1,None,None,None
Car-1,None,None,None
Car-1,None,None,None
Car-1,None,None,None
Car-1,None,None,None
Car-1,None,None,None
Car-1,None,None,None
Car-1,None,None,None
Car-1,None,None,None
Car-1,None,None,None
Car-1,None,None,None
Car-1,None,None,None
Car-1,None,None,None
Car-1,None,None,None
Car-1,None,None,None
Car-1,None,None,None
Car-1,None,None,None
Car-1,None,None,None
Car-1,None,None,None
Car-1,None,None,None
Car-1,None,None,None
Car-1,None,None,None
Car-1,None,None,None
Car-1,None,None,None
Car-1,None,None,None
Car-1,None,None,None
Car-1,None,None,None
Car-1,None,None,None
Car-1,None,None,None
Car-1,None,None,None
Car-1,None,None,None
Car-1,None,None,None
Car-1,None,None,None
Car-1,None,None,None
Car-1,None,None,None
Car-1,None,None,None
Car-1,None,None,None
Car-1,None,None,None
Car-1,None,None,None
Car-1,None,None,None
Car-1,None,None,None
Car-1,None,None,None
Car-1,None,None,None
Car-1,None,None,None
Car-1,None,None,None
Car-1,None,None,None
Car-1,None,None,None
Car-1,None,None,None
Car-1,None,None,None
Car-1,None,None,None
Car-1,None,None,None
Car-1,None,None,None
Car-1,None,None,None
Car-1,None,None,None
Car-1,None,None,None
Car-1,None,None,None
Car-1,None,None,None
Car-1,None,None,None
Car-1,None,None,None
Car-1,None,None,None
Car-1,None,None,None
Car-1,None,None,None
Car-1,None,None,None
Car-1,None,None,None
Car-1,None,None,None
Car-1,None,None,None
Car-1,None,None,None
Car-1,None,None,None
Car-1,None,None,None
Car-1,None,None,None
Car-1,None,None,None
Car-1,None,None,None
Car-1,None,None,None
Car-1,None,None,None
Car-1,None,None,None
Car-1,None,None,None
Car-1,None,None,None
Car-1,None,None,None
Car-1,None,None,None
Car-1,None,None,None
Car-1,None,None,None
Car-1,None,None,None
Car-1,None,None,None
Car-1,None,None,None
Car-1,None,None,None
Car-1,None,None,None
Car-1,None,None,None
Car-1,None,None,None
Car-1,None,None,None
Car-1,None,None,None
Car-1,None,None,None
Car-1,None,None,None
Car-1,None,None,None
Car-1,None,None,None
Car-1,None,None,None
Car-1,None,None,None
Car-1,None,None,None
Car-1,None,None,None
Car-1,None,None,None
Car-1,None,None,None
Car-1,None,None,None
Car-1,None,None,None
Car-1,None,None,None
Car-1,None,None,None
Car-1,None,None,None
Car-1,None,None,None
Car-1,None,None,None
Car-1,None,None,None
Car-1,None,None,None
Car-1,None,None,None
Car-1,None,None,None
Car-1,None,None,None
Car-1,None,None,None
Car-1,None,None,None
Car-1,None,None,None
Car-1,None,None,None
Car-1,None,None,None
Car-1,None,None,None
Car-1,None,None,None
Car-1,None,None,None
Car-1,None,None,None
Car-1,None,None,None
Car-1,None,None,None
Car-1,None,None,None
Car-1,None,None,None
Car-1,None,None,None
Car-1,None,None,None
Car-1,None,None,None
Car-1,None,None,None
Car-1,None,None,None
Car-1,None,None,None
Car-1,None,None,None
Car-1,None,None,None
Car-1,None,None,None
Car-1,None,None,None
Car-1,None,None,None
Car-1,None,None,None
Car-1,None,None,None
Car-1,None,None,None
Car-1,None,None,None
Car-1,None,None,None
Car-1,None,None,None
Car-1,None,None,None
Car-1,None,None,None
Car-1,None,None,None
Car-1,None,None,None
Car-1,None,None,None
Car-1,None,None,None
Car-1,None,None,None
Car-1,None,None,None
Car-1,None,None,None
Car-1,None,None,None
Car-1,None,None,None
Car-1,None,None,None
Car-1,None,None,None
Car-1,None,None,None
Car-1,None,None,None
Car-1,None,None,None
Car-1,None,None,None
Car-1,None,None,None
Car-1,None,None,None
Car-1,None,None,None
Car-1,None,None,None
Car-1,None,None,None
Car-1,None,None,None
Car-1,None,None,None
Car-1,None,None,None
Car-1,None,None,None
Car-1,None,None,None
Car-1,None,None,None
Car-1,None,None,None
Car-1,None,None,None
Car-1,None,None,None
Car-1,None,None,None
Car-1,None,None,None
Car-1,None,None,None
Car-1,None,None,None
Car-1,None,None,None
Car-1,None,None,None
Car-1,None,None,None
Car-1,None,None,None
Car-1,None,None,None
Car-1,None,None,None
Car-1,None,None,None
Car-1,None,None,None
Car-1,None,None,None
Car-1,None,None,None
Car-1,None,None,None
Car-1,None,None,None
Car-1,None,None,None
Car-1,None,None,None
Car-1,None,None,None
Car-1,None,None,None
Car-1,None,None,None
Car-1,None,None,None
Car-1,None,None,None
Car-1,None,None,None
Car-1,None,None,None
Car-1,None,None,None
Car-1,None,None,None
Car-1,None,None,None
Car-1,None,None,None
Car-1,None,None,None
Car-1,None,None,None
Car-1,None,None,None
Car-1,None,None,None
Car-1,None,None,None
Car-1,None,None,None
Car-1,None,None,None
Car-1,None,None,None
Car-1,None,None,None
Car-1,None,None,None
Car-1,None,None,None
Car-1,None,None,None
Car-1,None,None,None
Car-1,None,None,None
Car-1,None,None,None
Car-1,None,None,None
Car-1,None,None,None
Car-1,None,None,None
Car-1,None,None,None
Car-1,None,None,None
Car-1,None,None,None
Car-1,None,None,None
Car-1,None,None,None
Car-1,None,None,None
Car-1,None,None,None
Car-1,None,None,None
Car-1,None,None,None
Car-1,None,None,None
Car-1,None,None,None
Car-1,None,None,None
Car-1,None,None,None
Car-1,None,None,None
Car-1,None,None,None
Car-1,None,None,None
Car-1,None,None,None
Car-1,None,None,None
Car-1,None,None,None
Car-1,None,None,None
Car-1,None,None,None
Car-1,None,None,None
Car-1,None,None,None
Car-1,None,None,None
Car-1,None,None,None
Car-1,None,None,None
Car-1,None,None,None
Car-1,None,None,None
Car-1,None,None,None
Car-1,None,None,None
Car-1,None,None,None
Car-1,None,None,None
Car-1,None,None,None
Car-1,None,None,None
Car-1,None,None,None
Car-1,None,None,None
Car-1,None,None,None
Car-1,None,None,None
Car-1,None,None,None
Car-1,None,None,None
Car-1,None,None,None
Car-1,None,None,None
Car-1,None,None,None
Car-1,None,None,None
Car-1,None,None,None
Car-1,None,None,None
Car-1,None,None,None
Car-1,None,None,None
Car-1,None,None,None
Car-1,None,None,None
Car-1,None,None,None
Car-1,None,None,None
Car-1,None,None,None
Car-1,None,None,None
Car-1,None,None,None
Car-1,None,None,None
Car-1,None,None,None
Car-1,None,None,None
Car-1,None,None,None
Car-1,None,None,None
Car-1,None,None,None
Car-1,None,None,None
Car-1,None,None,None
Car-1,None,None,None
Car-1,None,None,None
Car-1,None,None,None
Car-1,None,None,None
Car-1,None,None,None
Car-1,None,None,None
Car-1,None,None,None
Car-1,None,None,None
Car-1,None,None,None
Car-1,None,None,None
Car-1,None,None,None
Car-1,None,None,None
Car-1,None,None,None
Car-1,None,None,None
Car-1,None,None,None
Car-1,None,None,None
Car-1,None,None,None
Car-1,None,None,None
Car-1,None,None,None
Car-1,None,None,None
Car-1,None,None,None
Car-1,None,None,None
Car-1,None,None,None
Car-1,None,None,None
Car-1,None,None,None
Car-1,None,None,None
Car-1,None,None,None
Car-1,None,None,None
Car-1,None,None,None
Car-1,None,None,None
Car-1,None,None,None
Car-1,None,None,None
Car-1,None,None,None
Car-1,None,None,None
Car-1,None,None,None
Car-1,None,None,None
Car-1,None,None,None
Car-1,None,None,None
Car-1,None,None,None
Car-1,None,None,None
Car-1,None,None,None
Car-1,None,None,None
Car-1,None,None,None
Car-1,None,None,None
Car-1,None,None,None
Car-1,None,None,None
Car-1,None,None,None
Car-1,None,None,None
Car-1,None,None,None
Car-1,None,None,None
Car-1,None,None,None
Car-1,None,None,None
Car-1,None,None,None
Car-1,None,None,None
Car-1,None,None,None
Car-1,None,None,None
Car-1,None,None,None
Car-1,None,None,None
Car-1,None,None,None
Car-1,None,None,None
Car-1,None,None,None
Car-1,None,None,None
Car-1,None,None,None
Car-1,None,None,None
Car-1,None,None,None
Car-1,None,None,None
Car-1,None,None,None
Car-1,None,None,None
Car-1,None,None,None
Car-1,None,None,None
Car-1,None,None,None
Car-1,None,None,None
Car-1,None,None,None
Car-1,None,None,None
Car-1,None,None,None
Car-1,None,None,None
Car-1,None,None,None
Car-1,None,None,None
Car-1,None,None,None
Car-1,None,None,None
Car-1,None,None,None
Car-1,None,None,None
Car-1,None,None,None
Car-1,None,None,None
Car-1,None,None,None
Car-1,None,None,None
Car-1,None,None,None
Car-1,None,None,None
Car-1,None,None,None
Car-1,None,None,None
Car-1,None,None,None
Car-1,None,None,None
Car-1,None,None,None
Car-1,None,None,None
Car-1,None,None,None
Car-1,None,None,None
Car-1,None,None,None
Car-1,None,None,None
Car-1,None,None,None
Car-1,None,None,None
Car-1,None,None,None
Car-1,None,None,None
Car-1,None,None,None
Car-1,None,None,None
Car-1,None,None,None
Car-1,None,None,None
Car-1,None,None,None
Car-1,None,None,None
Car-1,None,None,None
Car-1,None,None,None
Car-1,None,None,None
Car-1,None,None,None
Car-1,None,None,None
Car-1,None,None,None
Car-1,None,None,None
Car-1,None,None,None
Car-1,None,None,None
Car-1,None,None,None
Car-1,None,None,None
Car-1,None,None,None
Car-1,None,None,None
Car-1,None,None,None
Car-1,None,None,None
Car-1,None,None,None
Car-1,None,None,None
Car-1,None,None,None
Car-1,None,None,None
Car-1,None,None,None
Car-1,None,None,None
Car-1,None,None,None
Car-1,None,None,None
Car-1,None,None,None
Car-1,None,None,None
Car-1,None,None,None
Car-1,None,None,None
Car-1,None,None,None
Car-1,None,None,None
Car-1,None,None,None
Car-1,None,None,None
Car-1,None,None,None
Car-1,None,None,None
Car-1,None,None,None
Car-1,None,None,None
Car-1,None,None,None
Car-1,None,None,None
Car-1,None,None,None
Car-1,None,None,None
Car-1,None,None,None
Car-1,None,None,None
Car-1,None,None,None
Car-1,None,None,None
Car-1,None,None,None
Car-1,None,None,None
Car-1,None,None,None
Car-1,None,None,None
Car-1,None,None,None
Car-1,None,None,None
Car-1,None,None,None
Car-1,None,None,None
Car-1,None,None,None
Car-1,None,None,None
Car-1,None,None,None
Car-1,None,None,None
Car-1,None,None,None
Car-1,None,None,None
Car-1,None,None,None
Car-1,None,None,None
Car-1,None,None,None
Car-1,None,None,None
Car-1,None,None,None
Car-1,None,None,None
Car-1,None,None,None
Car-1,None,None,None
Car-1,None,None,None
Car-1,None,None,None
Car-1,None,None,None
Car-1,None,None,None
Car-1,None,None,None
Car-1,None,None,None
Car-1,None,None,None
Car-1,None,None,None
Car-1,None,None,None
Car-1,None,None,None
Car-1,None,None,None
Car-1,None,None,None
Car-1,None,None,None
Car-1,None,None,None
Car-1,None,None,None
Car-1,None,None,None
Car-1,None,None,None
Car-1,None,None,None
Car-1,None,None,None
Car-1,None,None,None
Car-1,None,None,None
Car-1,None,None,None
Car-1,None,None,None
Car-1,None,None,None
Car-1,None,None,None
Car-1,None,None,None
Car-1,None,None,None
Car-1,None,None,None
Car-1,None,None,None
Car-1,None,None,None
Car-1,None,None,None
Car-1,None,None,None
Car-1,None,None,None
Car-1,None,None,None
Car-1,None,None,None
Car-1,None,None,None
Car-1,None,None,None
Car-1,None,None,None
Car-1,None,None,None
Car-1,None,None,None
Car-1,None,None,None
Car-1,None,None,None
Car-1,None,None,None
Car-1,None,None,None
Car-1,None,None,None
Car-1,None,None,None
Car-1,None,None,None
Car-1,None,None,None
Car-1,None,None,None
Car-1,None,None,None
Car-1,None,None,None
Car-1,None,None,None
Car-1,None,None,None
Car-1,None,None,None
Car-1,None,None,None
Car-1,None,None,None
Car-1,None,None,None
Car-1,None,None,None
Car-1,None,None,None
Car-1,None,None,None
Car-1,None,None,None
Car-1,None,None,None
Car-1,None,None,None
Car-1,None,None,None
Car-1,None,None,None
Car-1,None,None,None
Car-1,None,None,None
Car-1,None,None,None
Car-1,None,None,None
Car-1,None,None,None
Car-1,None,None,None
Car-1,None,None,None
Car-1,None,None,None
Car-1,None,None,None
Car-1,None,None,None
Car-1,None,None,None
Car-1,None,None,None
Car-1,None,None,None
Car-1,None,None,None
Car-1,None,None,None
Car-1,None,None,None
Car-1,None,None,None
Car-1,None,None,None
Car-1,None,None,None
Car-1,None,None,None
Car-1,None,None,None
Car-1,None,None,None
Car-1,None,None,None
Car-1,None,None,None
Car-1,None,None,None
Car-1,None,None,None
Car-1,None,None,None
Car-1,None,None,None
Car-1,None,None,None
Car-1,None,None,None
Car-1,None,None,None
Car-1,None,None,None
Car-1,None,None,None
Car-1,None,None,None
Car-1,None,None,None
Car-1,None,None,None
Car-1,None,None,None
Car-1,None,None,None
Car-1,None,None,None
Car-1,None,None,None
Car-1,None,None,None
Car-1,None,None,None
Car-1,None,None,None
Car-1,None,None,None
Car-1,None,None,None
Car-1,None,None,None
Car-1,None,None,None
Car-1,None,None,None
Car-1,None,None,None
Car-1,None,None,None
Car-1,None,None,None
Car-1,None,None,None
Car-1,None,None,None
Car-1,None,None,None
Car-1,None,None,None
Car-1,None,None,None
Car-1,None,None,None
Car-1,None,None,None
Car-1,None,None,None
Car-1,None,None,None
Car-1,None,None,None
Car-1,None,None,None
Car-1,None,None,None
Car-1,None,None,None
Car-1,None,None,None
Car-1,None,None,None
Car-1,None,None,None
Car-1,None,None,None
Car-1,None,None,None
Car-1,None,None,None
Car-1,None,None,None
Car-1,None,None,None
Car-1,None,None,None
Car-1,None,None,None
Car-1,None,None,None
Car-1,None,None,None
Car-1,None,None,None
Car-1,None,None,None
Car-1,None,None,None
Car-1,None,None,None
Car-1,None,None,None
Car-1,None,None,None
Car-1,None,None,None
Car-1,None,None,None
Car-1,None,None,None
Car-1,None,None,None
Car-1,None,None,None
Car-1,None,None,None
Car-1,None,None,None
Car-1,None,None,None
Car-1,None,None,None
Car-1,None,None,None
Car-1,None,None,None
Car-1,None,None,None
Car-1,None,None,None
Car-1,None,None,None
Car-1,None,None,None
Car-1,None,None,None
Car-1,None,None,None
Car-1,None,None,None
Car-1,None,None,None
Car-1,None,None,None
Car-1,None,None,None
Car-1,None,None,None
Car-1,None,None,None
Car-1,None,None,None
Car-1,None,None,None
Car-1,None,None,None
Car-1,None,None,None
Car-1,None,None,None
Car-1,None,None,None
Car-1,None,None,None
Car-1,None,None,None
Car-1,None,None,None
Car-1,None,None,None
Car-1,None,None,None
Car-1,None,None,None
Car-1,None,None,None
Car-1,None,None,None
Car-1,None,None,None
Car-1,None,None,None
Car-1,None,None,None
Car-1,None,None,None
Car-1,None,None,None
Car-1,None,None,None
Car-1,None,None,None
Car-1,None,None,None
Car-1,None,None,None
Car-1,None,None,None
Car-1,None,None,None
Car-1,None,None,None
Car-1,None,None,None
Car-1,None,None,None
Car-1,None,None,None
Car-1,None,None,None
Car-1,None,None,None
Car-1,None,None,None
Car-1,None,None,None
Car-1,None,None,None
Car-1,None,None,None
Car-1,None,None,None
Car-1,None,None,None
Car-1,None,None,None
Car-1,None,None,None
Car-1,None,None,None
Car-1,None,None,None
Car-1,None,None,None
Car-1,None,None,None
Car-1,None,None,None
Car-1,None,None,None
Car-1,None,None,None
Car-1,None,None,None
Car-1,None,None,None
Car-1,None,None,None
Car-1,None,None,None
Car-1,None,None,None
Car-1,None,None,None
Car-1,None,None,None
Car-1,None,None,None
Car-1,None,None,None
Car-1,None,None,None
Car-1,None,None,None
Car-1,None,None,None
Car-1,None,None,None
Car-1,None,None,None
Car-1,None,None,None
Car-1,None,None,None
Car-1,None,None,None
Car-1,None,None,None
Car-1,None,None,None
Car-1,None,None,None
Car-1,None,None,None
Car-1,None,None,None
Car-1,None,None,None
Car-1,None,None,None
Car-1,None,None,None
Car-1,None,None,None
Car-1,None,None,None
Car-1,None,None,None
Car-1,None,None,None
Car-1,None,None,None
Car-1,None,None,None
Car-1,None,None,None
Car-1,None,None,None
Car-1,None,None,None
Car-1,None,None,None
Car-1,None,None,None
Car-1,None,None,None
Car-1,None,None,None
Car-1,None,None,None
Car-1,None,None,None
Car-1,None,None,None
Car-1,None,None,None
Car-1,None,None,None
Car-1,None,None,None
Car-1,None,None,None
Car-1,None,None,None
Car-1,None,None,None
Car-1,None,None,None
Car-1,None,None,None
Car-1,None,None,None
Car-1,None,None,None
Car-1,None,None,None
Car-1,None,None,None
Car-1,None,None,None
Car-1,None,None,None
Car-1,None,None,None
Car-1,None,None,None
Car-1,None,None,None
Car-1,None,None,None
Car-1,None,None,None
Car-1,None,None,None
Car-1,None,None,None
Car-1,None,None,None
Car-1,None,None,None
Car-1,None,None,None
Car-1,None,None,None
Car-1,None,None,None
Car-1,None,None,None
Car-1,None,None,None
Car-1,None,None,None
Car-1,None,None,None
Car-1,None,None,None
Car-1,None,None,None
Car-1,None,None,None
Car-1,None,None,None
Car-1,None,None,None
Car-1,None,None,None
Car-1,None,None,None
Car-1,None,None,None
Car-1,None,None,None
Car-1,None,None,None
Car-1,None,None,None
Car-1,None,None,None
Car-1,None,None,None
Car-1,None,None,None
Car-1,None,None,None
Car-1,None,None,None
Car-1,None,None,None
Car-1,None,None,None
Car-1,None,None,None
Car-1,None,None,None
Car-1,None,None,None
Car-1,None,None,None
Car-1,None,None,None
Car-1,None,None,None
Car-1,None,None,None
Car-1,None,None,None
Car-1,None,None,None
Car-1,None,None,None
Car-1,None,None,None
Car-1,None,None,None
Car-1,None,None,None
Car-1,None,None,None
Car-1,None,None,None
Car-1,None,None,None
Car-1,None,None,None
Car-1,None,None,None
Car-1,None,None,None
Car-1,None,None,None
Car-1,None,None,None
Car-1,None,None,None
Car-1,None,None,None
Car-1,None,None,None
Car-1,None,None,None
Car-1,None,None,None
Car-1,None,None,None
Car-1,None,None,None
Car-1,None,None,None
Car-1,None,None,None
Car-1,None,None,None
Car-1,None,None,None
Car-1,None,None,None
Car-1,None,None,None
Car-1,None,None,None
Car-1,None,None,None
Car-1,None,None,None
Car-1,None,None,None
Car-1,None,None,None
Car-1,None,None,None
Car-1,None,None,None
Car-1,None,None,None
Car-1,None,None,None
Car-1,None,None,None
Car-1,None,None,None
Car-1,None,None,None
Car-1,None,None,None
Car-1,None,None,None
Car-1,None,None,None
Car-1,None,None,None
Car-1,None,None,None
Car-1,None,None,None
Car-1,None,None,None
Car-1,None,None,None
Car-1,None,None,None
Car-1,None,None,None
Car-1,None,None,None
Car-1,None,None,None
Car-1,None,None,None
Car-1,None,None,None
Car-1,None,None,None
Car-1,None,None,None
Car-1,None,None,None
Car-1,None,None,None
Car-1,None,None,None
Car-1,None,None,None
Car-1,None,None,None
Car-1,None,None,None
Car-1,None,None,None
Car-1,None,None,None
Car-1,None,None,None
Car-1,None,None,None
Car-1,None,None,None
Car-1,None,None,None
Car-1,None,None,None
Car-1,None,None,None
Car-1,None,None,None
Car-1,None,None,None
Car-1,None,None,None
Car-1,None,None,None
Car-1,None,None,None
Car-1,None,None,None
Car-1,None,None,None
Car-1,None,None,None
Car-1,None,None,None
Car-1,None,None,None
Car-1,None,None,None
Car-1,None,None,None
Car-1,None,None,None
Car-1,None,None,None
Car-1,None,None,None
Car-1,None,None,None
Car-1,None,None,None
Car-1,None,None,None
Car-1,None,None,None
Car-1,None,None,None
Car-1,None,None,None
Car-1,None,None,None
Car-1,None,None,None
Car-1,None,None,None
Car-1,None,None,None
Car-1,None,None,None
Car-1,None,None,None
Car-1,None,None,None
Car-1,None,None,None
Car-1,None,None,None
Car-1,None,None,None
Car-1,None,None,None
Car-1,None,None,None
Car-1,None,None,None
Car-1,None,None,None
Car-1,None,None,None
Car-1,None,None,None
Car-1,None,None,None
Car-1,None,None,None
Car-1,None,None,None
Car-1,None,None,None
Car-1,None,None,None
Car-1,None,None,None
Car-1,None,None,None
Car-1,None,None,None
Car-1,None,None,None
Car-1,None,None,None
Car-1,None,None,None
Car-1,None,None,None
Car-1,None,None,None
Car-1,None,None,None
Car-1,None,None,None
Car-1,None,None,None
Car-1,None,None,None
Car-1,None,None,None
Car-1,None,None,None
Car-1,None,None,None
Car-1,None,None,None
Car-1,None,None,None
Car-1,None,None,None
Car-1,None,None,None
Car-1,None,None,None
Car-1,None,None,None
Car-1,None,None,None
Car-1,None,None,None
Car-1,None,None,None
Car-1,None,None,None
Car-1,None,None,None
Car-1,None,None,None
Car-1,None,None,None
Car-1,None,None,None
Car-1,None,None,None
Car-1,None,None,None
Car-1,None,None,None
Car-1,None,None,None
Car-1,None,None,None
Car-1,None,None,None
Car-1,None,None,None
Car-1,None,None,None
Car-1,None,None,None
Car-1,None,None,None
Car-1,None,None,None
Car-1,None,None,None
Car-1,None,None,None
Car-1,None,None,None
Car-1,None,None,None
Car-1,None,None,None
Car-1,None,None,None
Car-1,None,None,None
Car-1,None,None,None
Car-1,None,None,None
Car-1,None,None,None
Car-1,None,None,None
Car-1,None,None,None
Car-1,None,None,None
Car-1,None,None,None
Car-1,None,None,None
Car-1,None,None,None
Car-1,None,None,None
Car-1,None,None,None
Car-1,None,None,None
Car-1,None,None,None
Car-1,None,None,None
Car-1,None,None,None
Car-1,None,None,None
Car-1,None,None,None
Car-1,None,None,None
Car-1,None,None,None
Car-1,None,None,None
Car-1,None,None,None
Car-1,None,None,None
Car-1,None,None,None
Car-1,None,None,None
Car-1,None,None,None
Car-1,None,None,None
Car-1,None,None,None
Car-1,None,None,None
Car-1,None,None,None
Car-1,None,None,None
Car-1,None,None,None
Car-1,None,None,None
Car-1,None,None,None
Car-1,None,None,None
Car-1,None,None,None
Car-1,None,None,None
Car-1,None,None,None
Car-1,None,None,None
Car-1,None,None,None
Car-1,None,None,None
Car-1,None,None,None
Car-1,None,None,None
Car-1,None,None,None
Car-1,None,None,None
Car-1,None,None,None
Car-1,None,None,None
Car-1,None,None,None
Car-1,None,None,None
Car-1,None,None,None
Car-1,None,None,None
Car-1,None,None,None
Car-1,None,None,None
Car-1,None,None,None
Car-1,None,None,None
Car-1,None,None,None
Car-1,None,None,None
Car-1,None,None,None
Car-1,None,None,None
Car-1,None,None,None
Car-1,None,None,None
Car-1,None,None,None
Car-1,None,None,None
Car-1,None,None,None
Car-1,None,None,None
Car-1,None,None,None
Car-1,None,None,None
Car-1,None,None,None
Car-1,None,None,None
Car-1,None,None,None
Car-1,None,None,None
Car-1,None,None,None
Car-1,None,None,None
Car-1,None,None,None
Car-1,None,None,None
Car-1,None,None,None
Car-1,None,None,None
Car-1,None,None,None
Car-1,None,None,None
Car-1,None,None,None
Car-1,None,None,None
Car-1,None,None,None
Car-1,None,None,None
Car-1,None,None,None
Car-1,None,None,None
Car-1,None,None,None
Car-1,None,None,None
Car-1,None,None,None
Car-1,None,None,None
Car-1,None,None,None
Car-1,None,None,None
Car-1,None,None,None
Car-1,None,None,None
Car-1,None,None,None
Car-1,None,None,None
Car-1,None,None,None
Car-1,None,None,None
Car-1,None,None,None
Car-1,None,None,None
Car-1,None,None,None
Car-1,None,None,None
Car-1,None,None,None
Car-1,None,None,None
Car-1,None,None,None
Car-1,None,None,None
Car-1,None,None,None
Car-1,None,None,None
Car-1,None,None,None
Car-1,None,None,None
Car-1,None,None,None
Car-1,None,None,None
Car-1,None,None,None
Car-1,None,None,None
Car-1,None,None,None
Car-1,None,None,None
Car-1,None,None,None
Car-1,None,None,None
Car-1,None,None,None
Car-1,None,None,None
Car-1,None,None,None
Car-1,None,None,None
Car-1,None,None,None
Car-1,None,None,None
Car-1,None,None,None
Car-1,None,None,None
Car-1,None,None,None
Car-1,None,None,None
Car-1,None,None,None
Car-1,None,None,None
Car-1,None,None,None
Car-1,None,None,None
Car-1,None,None,None
Car-1,None,None,None
Car-1,None,None,None
Car-1,None,None,None
Car-1,None,None,None
Car-1,None,None,None
Car-1,None,None,None
Car-1,None,None,None
Car-1,None,None,None
Car-1,None,None,None
Car-1,None,None,None
Car-1,None,None,None
Car-1,None,None,None
Car-1,None,None,None
Car-1,None,None,None
Car-1,None,None,None
Car-1,None,None,None
Car-1,None,None,None
Car-1,None,None,None
Car-1,None,None,None
Car-1,None,None,None
Car-1,None,None,None
Car-1,None,None,None
Car-1,None,None,None
Car-1,None,None,None
Car-1,None,None,None
Car-1,None,None,None
Car-1,None,None,None
Car-1,None,None,None
Car-1,None,None,None
Car-1,None,None,None
Car-1,None,None,None
Car-1,None,None,None
Car-1,None,None,None
Car-1,None,None,None
Car-1,None,None,None
Car-1,None,None,None
Car-1,None,None,None
Car-1,None,None,None
Car-1,None,None,None
Car-1,None,None,None
Car-1,None,None,None
Car-1,None,None,None
Car-1,None,None,None
Car-1,None,None,None
Car-1,None,None,None
Car-1,None,None,None
Car-1,None,None,None
Car-1,None,None,None
Car-1,None,None,None
Car-1,None,None,None
Car-1,None,None,None
Car-1,None,None,None
Car-1,None,None,None
Car-1,None,None,None
Car-1,None,None,None
Car-1,None,None,None
Car-1,None,None,None
Car-1,None,None,None
Car-1,None,None,None
Car-1,None,None,None
Car-1,None,None,None
Car-1,None,None,None
Car-1,None,None,None
Car-1,None,None,None
Car-1,None,None,None
Car-1,None,None,None
Car-1,None,None,None
Car-1,None,None,None
Car-1,None,None,None
Car-1,None,None,None
Car-1,None,None,None
Car-1,None,None,None
Car-1,None,None,None
Car-1,None,None,None
Car-1,None,None,None
Car-1,None,None,None
Car-1,None,None,None
Car-1,None,None,None
Car-1,None,None,None
Car-1,None,None,None
Car-1,None,None,None
Car-1,None,None,None
Car-1,None,None,None
Car-1,None,None,None
Car-1,None,None,None
Car-1,None,None,None
Car-1,None,None,None
Car-1,None,None,None
Car-1,None,None,None
Car-1,None,None,None
Car-1,None,None,None
Car-1,None,None,None
Car-1,None,None,None
Car-1,None,None,None
Car-1,None,None,None
Car-1,None,None,None
Car-1,None,None,None
Car-1,None,None,None
Car-1,None,None,None
Car-1,None,None,None
Car-1,None,None,None
Car-1,None,None,None
Car-1,None,None,None
Car-1,None,None,None
Car-1,None,None,None
Car-1,None,None,None
Car-1,None,None,None
Car-1,None,None,None
Car-1,None,None,None
Car-1,None,None,None
Car-1,None,None,None
Car-1,None,None,None
Car-1,None,None,None
Car-1,None,None,None
Car-1,None,None,None
Car-1,None,None,None
Car-1,None,None,None
Car-1,None,None,None
Car-1,None,None,None
Car-1,None,None,None
Car-1,None,None,None
Car-1,None,None,None
Car-1,None,None,None
Car-1,None,None,None
Car-1,None,None,None
Car-1,None,None,None
Car-1,None,None,None
Car-1,None,None,None
Car-1,None,None,None
Car-1,None,None,None
Car-1,None,None,None
Car-1,None,None,None
Car-1,None,None,None
Car-1,None,None,None
Car-1,None,None,None
Car-1,None,None,None
Car-1,None,None,None
Car-1,None,None,None
Car-1,None,None,None
Car-1,None,None,None
Car-1,None,None,None
Car-1,None,None,None
Car-1,None,None,None
Car-1,None,None,None
Car-1,None,None,None
Car-1,None,None,None
Car-1,None,None,None
Car-1,None,None,None
Car-1,None,None,None
Car-1,None,None,None
Car-1,None,None,None
Car-1,None,None,None
Car-1,None,None,None
Car-1,None,None,None
Car-1,None,None,None
Car-1,None,None,None
Car-1,None,None,None
Car-1,None,None,None
Car-1,None,None,None
Car-1,None,None,None
Car-1,None,None,None
Car-1,None,None,None
Car-1,None,None,None
Car-1,None,None,None
Car-1,None,None,None
Car-1,None,None,None
Car-1,None,None,None
Car-1,None,None,None
Car-1,None,None,None
Car-1,None,None,None
Car-1,None,None,None
Car-1,None,None,None
Car-1,None,None,None
Car-1,None,None,None
Car-1,None,None,None
Car-1,None,None,None
Car-1,None,None,None
Car-1,None,None,None
Car-1,None,None,None
Car-1,None,None,None
Car-1,None,None,None
Car-1,None,None,None
Car-1,None,None,None
Car-1,None,None,None
Car-1,None,None,None
Car-1,None,None,None
Car-1,None,None,None
Car-1,None,None,None
Car-1,None,None,None
Car-1,None,None,None
Car-1,None,None,None
Car-1,None,None,None
Car-1,None,None,None
Car-1,None,None,None
Car-1,None,None,None
Car-1,None,None,None
Car-1,None,None,None
Car-1,None,None,None
Car-1,None,None,None
Car-1,None,None,None
Car-1,None,None,None
Car-1,None,None,None
Car-1,None,None,None
Car-1,None,None,None
Car-1,None,None,None
Car-1,None,None,None
Car-1,None,None,None
Car-1,None,None,None
Car-1,None,None,None
Car-1,None,None,None
Car-1,None,None,None
Car-1,None,None,None
Car-1,None,None,None
Car-1,None,None,None
Car-1,None,None,None
Car-1,None,None,None
Car-1,None,None,None
Car-1,None,None,None
Car-1,None,None,None
Car-1,None,None,None
Car-1,None,None,None
Car-1,None,None,None
Car-1,None,None,None
Car-1,None,None,None
Car-1,None,None,None
Car-1,None,None,None
Car-1,None,None,None
Car-1,None,None,None
Car-1,None,None,None
Car-1,None,None,None
Car-1,None,None,None
Car-1,None,None,None
Car-1,None,None,None
Car-1,None,None,None
Car-1,None,None,None
Car-1,None,None,None
Car-1,None,None,None
Car-1,None,None,None
Car-1,None,None,None
Car-1,None,None,None
Car-1,None,None,None
Car-1,None,None,None
Car-1,None,None,None
Car-1,None,None,None
Car-1,None,None,None
Car-1,None,None,None
Car-1,None,None,None
Car-1,None,None,None
Car-1,None,None,None
Car-1,None,None,None
Car-1,None,None,None
Car-1,None,None,None
Car-1,None,None,None
Car-1,None,None,None
Car-1,None,None,None
Car-1,None,None,None
Car-1,None,None,None
Car-1,None,None,None
Car-1,None,None,None
Car-1,None,None,None
Car-1,None,None,None
Car-1,None,None,None
Car-1,None,None,None
Car-1,None,None,None
Car-1,None,None,None
Car-1,None,None,None
Car-1,None,None,None
Car-1,None,None,None
Car-1,None,None,None
Car-1,None,None,None
Car-1,None,None,None
Car-1,None,None,None
Car-1,None,None,None
Car-1,None,None,None
Car-1,None,None,None
Car-1,None,None,None
Car-1,None,None,None
Car-1,None,None,None
Car-1,None,None,None
Car-1,None,None,None
Car-1,None,None,None
Car-1,None,None,None
Car-1,None,None,None
Car-1,None,None,None
Car-1,None,None,None
Car-1,None,None,None
Car-1,None,None,None
Car-1,None,None,None
Car-1,None,None,None
Car-1,None,None,None
Car-1,None,None,None
Car-1,None,None,None
Car-1,None,None,None
Car-1,None,None,None
Car-1,None,None,None
Car-1,None,None,None
Car-1,None,None,None
Car-1,None,None,None
Car-1,None,None,None
Car-1,None,None,None
Car-1,None,None,None
Car-1,None,None,None
Car-1,None,None,None
Car-1,None,None,None
Car-1,None,None,None
Car-1,None,None,None
Car-1,None,None,None
Car-1,None,None,None
Car-1,None,None,None
Car-1,None,None,None
Car-1,None,None,None
Car-1,None,None,None
Car-1,None,None,None
Car-1,None,None,None
Car-1,None,None,None
Car-1,None,None,None
Car-1,None,None,None
Car-1,None,None,None
Car-1,None,None,None
Car-1,None,None,None
Car-1,None,None,None
Car-1,None,None,None
Car-1,None,None,None
Car-1,None,None,None
Car-1,None,None,None
Car-1,None,None,None
Car-1,None,None,None
Car-1,None,None,None
Car-1,None,None,None
Car-1,None,None,None
Car-1,None,None,None
Car-1,None,None,None
Car-1,None,None,None
Car-1,None,None,None
Car-1,None,None,None
Car-1,None,None,None
Car-1,None,None,None
Car-1,None,None,None
Car-1,None,None,None
Car-1,None,None,None
Car-1,None,None,None
Car-1,None,None,None
Car-1,None,None,None
Car-1,None,None,None
Car-1,None,None,None
Car-1,None,None,None
Car-1,None,None,None
Car-1,None,None,None
Car-1,None,None,None
Car-1,None,None,None
Car-1,None,None,None
Car-1,None,None,None
Car-1,None,None,None
Car-1,None,None,None
Car-1,None,None,None
Car-1,None,None,None
Car-1,None,None,None
Car-1,None,None,None
Car-1,None,None,None
Car-1,None,None,None
Car-1,None,None,None
Car-1,None,None,None
Car-1,None,None,None
Car-1,None,None,None
Car-1,None,None,None
Car-1,None,None,None
Car-1,None,None,None
Car-1,None,None,None
Car-1,None,None,None
Car-1,None,None,None
Car-1,None,None,None
Car-1,None,None,None
Car-1,None,None,None
Car-1,None,None,None
Car-1,None,None,None
Car-1,None,None,None
Car-1,None,None,None
Car-1,None,None,None
Car-1,None,None,None
Car-1,None,None,None
Car-1,None,None,None
Car-1,None,None,None
Car-1,None,None,None
Car-1,None,None,None
Car-1,None,None,None
Car-1,None,None,None
Car-1,None,None,None
Car-1,None,None,None
Car-1,None,None,None
Car-1,None,None,None
Car-1,None,None,None
Car-1,None,None,None
Car-1,None,None,None
Car-1,None,None,None
Car-1,None,None,None
Car-1,None,None,None
Car-1,None,None,None
Car-1,None,None,None
Car-1,None,None,None
Car-1,None,None,None
Car-1,None,None,None
Car-1,None,None,None
Car-1,None,None,None
Car-1,None,None,None
Car-1,None,None,None
Car-1,None,None,None
Car-1,None,None,None
Car-1,None,None,None
Car-1,None,None,None
Car-1,None,None,None
Car-1,None,None,None
Car-1,None,None,None
Car-1,None,None,None
Car-1,None,None,None
Car-1,None,None,None
Car-1,None,None,None
Car-1,None,None,None
Car-1,None,None,None
Car-1,None,None,None
Car-1,None,None,None
Car-1,None,None,None
Car-1,None,None,None
Car-1,None,None,None
Car-1,None,None,None
Car-1,None,None,None
Car-1,None,None,None
Car-1,None,None,None
Car-1,None,None,None
Car-1,None,None,None
Car-1,None,None,None
Car-1,None,None,None
Car-1,None,None,None
Car-1,None,None,None
Car-1,None,None,None
Car-1,None,None,None
Car-1,None,None,None
Car-1,None,None,None
Car-1,None,None,None
Car-1,None,None,None
Car-1,None,None,None
Car-1,None,None,None
Car-1,None,None,None
Car-1,None,None,None
Car-1,None,None,None
Car-1,None,None,None
Car-1,None,None,None
Car-1,None,None,None
Car-1,None,None,None
Car-1,None,None,None
Car-1,None,None,None
Car-1,None,None,None
Car-1,None,None,None
Car-1,None,None,None
Car-1,None,None,None
Car-1,None,None,None
Car-1,None,None,None
Car-1,None,None,None
Car-1,None,None,None
Car-1,None,None,None
Car-1,None,None,None
Car-1,None,None,None
Car-1,None,None,None
Car-1,None,None,None
Car-1,None,None,None
Car-1,None,None,None
Car-1,None,None,None
Car-1,None,None,None
Car-1,None,None,None
Car-1,None,None,None
Car-1,None,None,None
Car-1,None,None,None
Car-1,None,None,None
Car-1,None,None,None
Car-1,None,None,None
Car-1,None,None,None
Car-1,None,None,None
Car-1,None,None,None
Car-1,None,None,None
Car-1,None,None,None
Car-1,None,None,None
Car-1,None,None,None
Car-1,None,None,None
Car-1,None,None,None
Car-1,None,None,None
Car-1,None,None,None
Car-1,None,None,None
Car-1,None,None,None
Car-1,None,None,None
Car-1,None,None,None
Car-1,None,None,None
Car-1,None,None,None
Car-1,None,None,None
Car-1,None,None,None
Car-1,None,None,None
Car-1,None,None,None
Car-1,None,None,None
Car-1,None,None,None
Car-1,None,None,None
Car-1,None,None,None
Car-1,None,None,None
Car-1,None,None,None
Car-1,None,None,None
Car-1,None,None,None
Car-1,None,None,None
Car-1,None,None,None
Car-1,None,None,None
Car-1,None,None,None
Car-1,None,None,None
Car-1,None,None,None
Car-1,None,None,None
Car-1,None,None,None
Car-1,None,None,None
Car-1,None,None,None
Car-1,None,None,None
Car-1,None,None,None
Car-1,None,None,None
Car-1,None,None,None
Car-1,None,None,None
Car-1,None,None,None
Car-1,None,None,None
Car-1,None,None,None
Car-1,None,None,None
Car-1,None,None,None
Car-1,None,None,None
Car-1,None,None,None
Car-1,None,None,None
Car-1,None,None,None
Car-1,None,None,None
Car-1,None,None,None
Car-1,None,None,None
Car-1,None,None,None
Car-1,None,None,None
Car-1,None,None,None
Car-1,None,None,None
Car-1,None,None,None
Car-1,None,None,None
Car-1,None,None,None
Car-1,None,None,None
Car-1,None,None,None
Car-1,None,None,None
Car-1,None,None,None
Car-1,None,None,None
Car-1,None,None,None
Car-1,None,None,None
Car-1,None,None,None
Car-1,None,None,None
Car-1,None,None,None
Car-1,None,None,None
Car-1,None,None,None
Car-1,None,None,None
Car-1,None,None,None
Car-1,None,None,None
Car-1,None,None,None
Car-1,None,None,None
Car-1,None,None,None
Car-1,None,None,None
Car-1,None,None,None
Car-1,None,None,None
Car-1,None,None,None
Car-1,None,None,None
Car-1,None,None,None
Car-1,None,None,None
Car-1,None,None,None
Car-1,None,None,None
Car-1,None,None,None
Car-1,None,None,None
Car-1,None,None,None
Car-1,None,None,None
Car-1,None,None,None
Car-1,None,None,None
Car-1,None,None,None
Car-1,None,None,None
Car-1,None,None,None
Car-1,None,None,None
Car-1,None,None,None
Car-1,None,None,None
Car-1,None,None,None
Car-1,None,None,None
Car-1,None,None,None
Car-1,None,None,None
Car-1,None,None,None
Car-1,None,None,None
Car-1,None,None,None
Car-1,None,None,None
Car-1,None,None,None
Car-1,None,None,None
Car-1,None,None,None
Car-1,None,None,None
Car-1,None,None,None
Car-1,None,None,None
Car-1,None,None,None
Car-1,None,None,None
Car-1,None,None,None
Car-1,None,None,None
Car-1,None,None,None
Car-1,None,None,None
Car-1,None,None,None
Car-1,None,None,None
Car-1,None,None,None
Car-1,None,None,None
Car-1,None,None,None
Car-1,None,None,None
Car-1,None,None,None
Car-1,None,None,None
Car-1,None,None,None
Car-1,None,None,None
Car-1,None,None,None
Car-1,None,None,None
Car-1,None,None,None
Car-1,None,None,None
Car-1,None,None,None
Car-1,None,None,None
Car-1,None,None,None
Car-1,None,None,None
Car-1,None,None,None
Car-1,None,None,None
Car-1,None,None,None
Car-1,None,None,None
Car-1,None,None,None
Car-1,None,None,None
Car-1,None,None,None
Car-1,None,None,None
Car-1,None,None,None
Car-1,None,None,None
Car-1,None,None,None
Car-1,None,None,None
Car-1,None,None,None
Car-1,None,None,None
Car-1,None,None,None
Car-1,None,None,None
Car-1,None,None,None
Car-1,None,None,None
Car-1,None,None,None
Car-1,None,None,None
Car-1,None,None,None
Car-1,None,None,None
Car-1,None,None,None
Car-1,None,None,None
Car-1,None,None,None
Car-1,None,None,None
Car-1,None,None,None
Car-1,None,None,None
Car-1,None,None,None
Car-1,None,None,None
Car-1,None,None,None
Car-1,None,None,None
Car-1,None,None,None
Car-1,None,None,None
Car-1,None,None,None
Car-1,None,None,None
Car-1,None,None,None
Car-1,None,None,None
Car-1,None,None,None
Car-1,None,None,None
Car-1,None,None,None
Car-1,None,None,None
Car-1,None,None,None
Car-1,None,None,None
Car-1,None,None,None
Car-1,None,None,None
Car-1,None,None,None
Car-1,None,None,None
Car-1,None,None,None
Car-1,None,None,None
Car-1,None,None,None
Car-1,None,None,None
Car-1,None,None,None
Car-1,None,None,None
Car-1,None,None,None
Car-1,None,None,None
Car-1,None,None,None
Car-1,None,None,None
Car-1,None,None,None
Car-1,None,None,None
Car-1,None,None,None
Car-1,None,None,None
Car-1,None,None,None
Car-1,None,None,None
Car-1,None,None,None
Car-1,None,None,None
Car-1,None,None,None
Car-1,None,None,None
Car-1,None,None,None
Car-1,None,None,None
Car-1,None,None,None
Car-1,None,None,None
Car-1,None,None,None
Car-1,None,None,None
Car-1,None,None,None
Car-1,None,None,None
Car-1,None,None,None
Car-1,None,None,None
Car-1,None,None,None
Car-1,None,None,None
Car-1,None,None,None
Car-1,None,None,None
Car-1,None,None,None
Car-1,None,None,None
Car-1,None,None,None
Car-1,None,None,None
Car-1,None,None,None
Car-1,None,None,None
Car-1,None,None,None
Car-1,None,None,None
Car-1,None,None,None
Car-1,None,None,None
Car-1,None,None,None
Car-1,None,None,None
Car-1,None,None,None
Car-1,None,None,None
Car-1,None,None,None
Car-1,None,None,None
Car-1,None,None,None
Car-1,None,None,None
Car-1,None,None,None
Car-1,None,None,None
Car-1,None,None,None
Car-1,None,None,None
Car-1,None,None,None
Car-1,None,None,None
Car-1,None,None,None
Car-1,None,None,None
Car-1,None,None,None
Car-1,None,None,None
Car-1,None,None,None
Car-1,None,None,None
Car-1,None,None,None
Car-1,None,None,None
Car-1,None,None,None
Car-1,None,None,None
Car-1,None,None,None
Car-1,None,None,None
Car-1,None,None,None
Car-1,None,None,None
Car-1,None,None,None
Car-1,None,None,None
Car-1,None,None,None
Car-1,None,None,None
Car-1,None,None,None
Car-1,None,None,None
Car-1,None,None,None
Car-1,None,None,None
Car-1,None,None,None
Car-1,None,None,None
Car-1,None,None,None
Car-1,None,None,None
Car-1,None,None,None
Car-1,None,None,None
Car-1,None,None,None
Car-1,None,None,None
Car-1,None,None,None
Car-1,None,None,None
Car-1,None,None,None
Car-1,None,None,None
Car-1,None,None,None
Car-1,None,None,None
Car-1,None,None,None
Car-1,None,None,None
Car-1,None,None,None
Car-1,None,None,None
Car-1,None,None,None
Car-1,None,None,None
Car-1,None,None,None
Car-1,None,None,None
Car-1,None,None,None
Car-1,None,None,None
Car-1,None,None,None
Car-1,None,None,None
Car-1,None,None,None
Car-1,None,None,None
Car-1,None,None,None
Car-1,None,None,None
Car-1,None,None,None
Car-1,None,None,None
Car-1,None,None,None
Car-1,None,None,None
Car-1,None,None,None
Car-1,None,None,None
Car-1,None,None,None
Car-1,None,None,None
Car-1,None,None,None
Car-1,None,None,None
Car-1,None,None,None
Car-1,None,None,None
Car-1,None,None,None
Car-1,None,None,None
Car-1,None,None,None
Car-1,None,None,None
Car-1,None,None,None
Car-1,None,None,None
Car-1,None,None,None
Car-1,None,None,None
Car-1,None,None,None
Car-1,None,None,None
Car-1,None,None,None
Car-1,None,None,None
Car-1,None,None,None
Car-1,None,None,None
Car-1,None,None,None
Car-1,None,None,None
Car-1,None,None,None
Car-1,None,None,None
Car-1,None,None,None
Car-1,None,None,None
Car-1,None,None,None
Car-1,None,None,None
Car-1,None,None,None
Car-1,None,None,None
Car-1,None,None,None
Car-1,None,None,None
Car-1,None,None,None
Car-1,None,None,None
Car-1,None,None,None
Car-1,None,None,None
Car-1,None,None,None
Car-1,None,None,None
Car-1,None,None,None
Car-1,None,None,None
Car-1,None,None,None
Car-1,None,None,None
Car-1,None,None,None
Car-1,None,None,None
Car-1,None,None,None
Car-1,None,None,None
Car-1,None,None,None
Car-1,None,None,None
Car-1,None,None,None
Car-1,None,None,None
Car-1,None,None,None
Car-1,None,None,None
Car-1,None,None,None
Car-1,None,None,None
Car-1,None,None,None
Car-1,None,None,None
Car-1,None,None,None
Car-1,None,None,None
Car-1,None,None,None
Car-1,None,None,None
Car-1,None,None,None
Car-1,None,None,None
Car-1,None,None,None
Car-1,None,None,None
Car-1,None,None,None
Car-1,None,None,None
Car-1,None,None,None
Car-1,None,None,None
Car-1,None,None,None
Car-1,None,None,None
Car-1,None,None,None
Car-1,None,None,None
Car-1,None,None,None
Car-1,None,None,None
Car-1,None,None,None
Car-1,None,None,None
Car-1,None,None,None
Car-1,None,None,None
Car-1,None,None,None
Car-1,None,None,None
Car-1,None,None,None
Car-1,None,None,None
Car-1,None,None,None
Car-1,None,None,None
Car-1,None,None,None
Car-1,None,None,None
Car-1,None,None,None
Car-1,None,None,None
Car-1,None,None,None
Car-1,None,None,None
Car-1,None,None,None
Car-1,None,None,None
Car-1,None,None,None
Car-1,None,None,None
Car-1,None,None,None
Car-1,None,None,None
Car-1,None,None,None
Car-1,None,None,None
Car-1,None,None,None
Car-1,None,None,None
Car-1,None,None,None
Car-1,None,None,None
Car-1,None,None,None
Car-1,None,None,None
Car-1,None,None,None
Car-1,None,None,None
Car-1,None,None,None
Car-1,None,None,None
Car-1,None,None,None
Car-1,None,None,None
Car-1,None,None,None
Car-1,None,None,None
Car-1,None,None,None
Car-1,None,None,None
Car-1,None,None,None
Car-1,None,None,None
Car-1,None,None,None
Car-1,None,None,None
Car-1,None,None,None
Car-1,None,None,None
Car-1,None,None,None
Car-1,None,None,None
Car-1,None,None,None
Car-1,None,None,None
Car-1,None,None,None
Car-1,None,None,None
Car-1,None,None,None
Car-1,None,None,None
Car-1,None,None,None
Car-1,None,None,None
Car-1,None,None,None
Car-1,None,None,None
Car-1,None,None,None
Car-1,None,None,None
Car-1,None,None,None
Car-1,None,None,None
Car-1,None,None,None
Car-1,None,None,None
Car-1,None,None,None
Car-1,None,None,None
Car-1,None,None,None
Car-1,None,None,None
Car-1,None,None,None
Car-1,None,None,None
Car-1,None,None,None
Car-1,None,None,None
Car-1,None,None,None
Car-1,None,None,None
Car-1,None,None,None
Car-1,None,None,None
Car-1,None,None,None
Car-1,None,None,None
Car-1,None,None,None
Car-1,None,None,None
Car-1,None,None,None
Car-1,None,None,None
Car-1,None,None,None
Car-1,None,None,None
Car-1,None,None,None
Car-1,None,None,None
Car-1,None,None,None
Car-1,None,None,None
Car-1,None,None,None
Car-1,None,None,None
Car-1,None,None,None
Car-1,None,None,None
Car-1,None,None,None
Car-1,None,None,None
Car-1,None,None,None
Car-1,None,None,None
Car-1,None,None,None
Car-1,None,None,None
Car-1,None,None,None
Car-1,None,None,None
Car-1,None,None,None
Car-1,None,None,None
Car-1,None,None,None
Car-1,None,None,None
Car-1,None,None,None
Car-1,None,None,None
Car-1,None,None,None
Car-1,None,None,None
Car-1,None,None,None
Car-1,None,None,None
Car-1,None,None,None
Car-1,None,None,None
Car-1,None,None,None
Car-1,None,None,None
Car-1,None,None,None
Car-1,None,None,None
Car-1,None,None,None
Car-1,None,None,None
Car-1,None,None,None
Car-1,None,None,None
Car-1,None,None,None
Car-1,None,None,None
Car-1,None,None,None
Car-1,None,None,None
Car-1,None,None,None
Car-1,None,None,None
Car-1,None,None,None
Car-1,None,None,None
Car-1,None,None,None
Car-1,None,None,None
Car-1,None,None,None
Car-1,None,None,None
Car-1,None,None,None
Car-1,None,None,None
Car-1,None,None,None
Car-1,None,None,None
Car-1,None,None,None
Car-1,None,None,None
Car-1,None,None,None
Car-1,None,None,None
Car-1,None,None,None
Car-1,None,None,None
Car-1,None,None,None
Car-1,None,None,None
Car-1,None,None,None
Car-1,None,None,None
Car-1,None,None,None
Car-1,None,None,None
Car-1,None,None,None
Car-1,None,None,None
Car-1,None,None,None
Car-1,None,None,None
Car-1,None,None,None
Car-1,None,None,None
Car-1,None,None,None
Car-1,None,None,None
Car-1,None,None,None
Car-1,None,None,None
Car-1,None,None,None
Car-1,None,None,None
Car-1,None,None,None
Car-1,None,None,None
Car-1,None,None,None
Car-1,None,None,None
Car-1,None,None,None
Car-1,None,None,None
Car-1,None,None,None
Car-1,None,None,None
Car-1,None,None,None
Car-1,None,None,None
Car-1,None,None,None
Car-1,None,None,None
Car-1,None,None,None
Car-1,None,None,None
Car-1,None,None,None
Car-1,None,None,None
Car-1,None,None,None
Car-1,None,None,None
Car-1,None,None,None
Car-1,None,None,None
Car-1,None,None,None
Car-1,None,None,None
Car-1,None,None,None
Car-1,None,None,None
Car-1,None,None,None
Car-1,None,None,None
Car-1,None,None,None
Car-1,None,None,None
Car-1,None,None,None
Car-1,None,None,None
Car-1,None,None,None
Car-1,None,None,None
Car-1,None,None,None
Car-1,None,None,None
Car-1,None,None,None
Car-1,None,None,None
Car-1,None,None,None
Car-1,None,None,None
Car-1,None,None,None
Car-1,None,None,None
Car-1,None,None,None
Car-1,None,None,None
Car-1,None,None,None
Car-1,None,None,None
Car-1,None,None,None
Car-1,None,None,None
Car-1,None,None,None
Car-1,None,None,None
Car-1,None,None,None
Car-1,None,None,None
Car-1,None,None,None
Car-1,None,None,None
Car-1,None,None,None
Car-1,None,None,None
Car-1,None,None,None
Car-1,None,None,None
Car-1,None,None,None
Car-1,None,None,None
Car-1,None,None,None
Car-1,None,None,None
Car-1,None,None,None
Car-1,None,None,None
Car-1,None,None,None
Car-1,None,None,None
Car-1,None,None,None
Car-1,None,None,None
Car-1,None,None,None
Car-1,None,None,None
Car-1,None,None,None
Car-1,None,None,None
Car-1,None,None,None
Car-1,None,None,None
Car-1,None,None,None
Car-1,None,None,None
Car-1,None,None,None
Car-1,None,None,None
Car-1,None,None,None
Car-1,None,None,None
Car-1,None,None,None
Car-1,None,None,None
Car-1,None,None,None
Car-1,None,None,None
Car-1,None,None,None
Car-1,None,None,None
Car-1,None,None,None
Car-1,None,None,None
Car-1,None,None,None
Car-1,None,None,None
Car-1,None,None,None
Car-1,None,None,None
Car-1,None,None,None
Car-1,None,None,None
Car-1,None,None,None
Car-1,None,None,None
Car-1,None,None,None
Car-1,None,None,None
Car-1,None,None,None
Car-1,None,None,None
Car-1,None,None,None
Car-1,None,None,None
Car-1,None,None,None
Car-1,None,None,None
Car-1,None,None,None
Car-1,None,None,None
Car-1,None,None,None
Car-1,None,None,None
Car-1,None,None,None
Car-1,None,None,None
Car-1,None,None,None
Car-1,None,None,None
Car-1,None,None,None
Car-1,None,None,None
Car-1,None,None,None
Car-1,None,None,None
Car-1,None,None,None
Car-1,None,None,None
Car-1,None,None,None
Car-1,None,None,None
Car-1,None,None,None
Car-1,None,None,None
Car-1,None,None,None
Car-1,None,None,None
Car-1,None,None,None
Car-1,None,None,None
Car-1,None,None,None
Car-1,None,None,None
Car-1,None,None,None
Car-1,None,None,None
Car-1,None,None,None
Car-1,None,None,None
Car-1,None,None,None
Car-1,None,None,None
Car-1,None,None,None
Car-1,None,None,None
Car-1,None,None,None
Car-1,None,None,None
Car-1,None,None,None
Car-1,None,None,None
Car-1,None,None,None
Car-1,None,None,None
Car-1,None,None,None
Car-1,None,None,None
Car-1,None,None,None
Car-1,None,None,None
Car-1,None,None,None
Car-1,None,None,None
Car-1,None,None,None
Car-1,None,None,None
Car-1,None,None,None
Car-1,None,None,None
Car-1,None,None,None
Car-1,None,None,None
Car-1,None,None,None
Car-1,None,None,None
Car-1,None,None,None
Car-1,None,None,None
Car-1,None,None,None
Car-1,None,None,None
Car-1,None,None,None
Car-1,None,None,None
Car-1,None,None,None
Car-1,None,None,None
Car-1,None,None,None
Car-1,None,None,None
Car-1,None,None,None
Car-1,None,None,None
Car-1,None,None,None
Car-1,None,None,None
Car-1,None,None,None
Car-1,None,None,None
Car-1,None,None,None
Car-1,None,None,None
Car-1,None,None,None
Car-1,None,None,None
Car-1,None,None,None
Car-1,None,None,None
Car-1,None,None,None
Car-1,None,None,None
Car-1,None,None,None
Car-1,None,None,None
Car-1,None,None,None
Car-1,None,None,None
Car-1,None,None,None
Car-1,None,None,None
Car-1,None,None,None
Car-1,None,None,None
Car-1,None,None,None
Car-1,None,None,None
Car-1,None,None,None
Car-1,None,None,None
Car-1,None,None,None
Car-1,None,None,None
Car-1,None,None,None
Car-1,None,None,None
Car-1,None,None,None
Car-1,None,None,None
Car-1,None,None,None
Car-1,None,None,None
Car-1,None,None,None
Car-1,None,None,None
Car-1,None,None,None
Car-1,None,None,None
Car-1,None,None,None
Car-1,None,None,None
Car-1,None,None,None
Car-1,None,None,None
Car-1,None,None,None
Car-1,None,None,None
Car-1,None,None,None
Car-1,None,None,None
Car-1,None,None,None
Car-1,None,None,None
Car-1,None,None,None
Car-1,None,None,None
Car-1,None,None,None
Car-1,None,None,None
Car-1,None,None,None
Car-1,None,None,None
Car-1,None,None,None
Car-1,None,None,None
Car-1,None,None,None
Car-1,None,None,None
Car-1,None,None,None
Car-1,None,None,None
Car-1,None,None,None
Car-1,None,None,None
Car-1,None,None,None
Car-1,None,None,None
Car-1,None,None,None
Car-1,None,None,None
Car-1,None,None,None
Car-1,None,None,None
Car-1,None,None,None
Car-1,None,None,None
Car-1,None,None,None
Car-1,None,None,None
Car-1,None,None,None
Car-1,None,None,None
Car-1,None,None,None
Car-1,None,None,None
Car-1,None,None,None
Car-1,None,None,None
Car-1,None,None,None
Car-1,None,None,None
Car-1,None,None,None
Car-1,None,None,None
Car-1,None,None,None
Car-1,None,None,None
Car-1,None,None,None
Car-1,None,None,None
Car-1,None,None,None
Car-1,None,None,None
Car-1,None,None,None
Car-1,None,None,None
Car-1,None,None,None
Car-1,None,None,None
Car-1,None,None,None
Car-1,None,None,None
Car-1,None,None,None
Car-1,None,None,None
Car-1,None,None,None
Car-1,None,None,None
Car-1,None,None,None
Car-1,None,None,None
Car-1,None,None,None
Car-1,None,None,None
Car-1,None,None,None
Car-1,None,None,None
Car-1,None,None,None
Car-1,None,None,None
Car-1,None,None,None
Car-1,None,None,None
Car-1,None,None,None
Car-1,None,None,None
Car-1,None,None,None
Car-1,None,None,None
Car-1,None,None,None
Car-1,None,None,None
Car-1,None,None,None
Car-1,None,None,None
Car-1,None,None,None
Car-1,None,None,None
Car-1,None,None,None
Car-1,None,None,None
Car-1,None,None,None
Car-1,None,None,None
Car-1,None,None,None
Car-1,None,None,None
Car-1,None,None,None
Car-1,None,None,None
Car-1,None,None,None
Car-1,None,None,None
Car-1,None,None,None
Car-1,None,None,None
Car-1,None,None,None
Car-1,None,None,None
Car-1,None,None,None
Car-1,None,None,None
Car-1,None,None,None
Car-1,None,None,None
Car-1,None,None,None
Car-1,None,None,None
Car-1,None,None,None
Car-1,None,None,None
Car-1,None,None,None
Car-1,None,None,None
Car-1,None,None,None
Car-1,None,None,None
Car-1,None,None,None
Car-1,None,None,None
Car-1,None,None,None
Car-1,None,None,None
Car-1,None,None,None
Car-1,None,None,None
Car-1,None,None,None
Car-1,None,None,None
Car-1,None,None,None
Car-1,None,None,None
Car-1,None,None,None
Car-1,None,None,None
Car-1,None,None,None
Car-1,None,None,None
Car-1,None,None,None
Car-1,None,None,None
Car-1,None,None,None
Car-1,None,None,None
Car-1,None,None,None
Car-1,None,None,None
Car-1,None,None,None
Car-1,None,None,None
Car-1,None,None,None
Car-1,None,None,None
Car-1,None,None,None
Car-1,None,None,None
Car-1,None,None,None
Car-1,None,None,None
Car-1,None,None,None
Car-1,None,None,None
Car-1,None,None,None
Car-1,None,None,None
Car-1,None,None,None
Car-1,None,None,None
Car-1,None,None,None
Car-1,None,None,None
Car-1,None,None,None
Car-1,None,None,None
Car-1,None,None,None
Car-1,None,None,None
Car-1,None,None,None
Car-1,None,None,None
Car-1,None,None,None
Car-1,None,None,None
Car-1,None,None,None
Car-1,None,None,None
Car-1,None,None,None
Car-1,None,None,None
Car-1,None,None,None
Car-1,None,None,None
Car-1,None,None,None
Car-1,None,None,None
Car-1,None,None,None
Car-1,None,None,None
Car-1,None,None,None
Car-1,None,None,None
Car-1,None,None,None
Car-1,None,None,None
Car-1,None,None,None
Car-1,None,None,None
Car-1,None,None,None
Car-1,None,None,None
Car-1,None,None,None
Car-1,None,None,None
Car-1,None,None,None
Car-1,None,None,None
Car-1,None,None,None
Car-1,None,None,None
Car-1,None,None,None
Car-1,None,None,None
Car-1,None,None,None
Car-1,None,None,None
Car-1,None,None,None
Car-1,None,None,None
Car-1,None,None,None
Car-1,None,None,None
Car-1,None,None,None
Car-1,None,None,None
Car-1,None,None,None
Car-1,None,None,None
Car-1,None,None,None
Car-1,None,None,None
Car-1,None,None,None
Car-1,None,None,None
Car-1,None,None,None
Car-1,None,None,None
Car-1,None,None,None
Car-1,None,None,None
Car-1,None,None,None
Car-1,None,None,None
Car-1,None,None,None
Car-1,None,None,None
Car-1,None,None,None
Car-1,None,None,None
Car-1,None,None,None
Car-1,None,None,None
Car-1,None,None,None
Car-1,None,None,None
Car-1,None,None,None
Car-1,None,None,None
Car-1,None,None,None
Car-1,None,None,None
Car-1,None,None,None
Car-1,None,None,None
Car-1,None,None,None
Car-1,None,None,None
Car-1,None,None,None
Car-1,None,None,None
Car-1,None,None,None
Car-1,None,None,None
Car-1,None,None,None
Car-1,None,None,None
Car-1,None,None,None
Car-1,None,None,None
Car-1,None,None,None
Car-1,None,None,None
Car-1,None,None,None
Car-1,None,None,None
Car-1,None,None,None
Car-1,None,None,None
Car-1,None,None,None
Car-1,None,None,None
Car-1,None,None,None
Car-1,None,None,None
Car-1,None,None,None
Car-1,None,None,None
Car-1,None,None,None
Car-1,None,None,None
Car-1,None,None,None
Car-1,None,None,None
Car-1,None,None,None
Car-1,None,None,None
Car-1,None,None,None
Car-1,None,None,None
Car-1,None,None,None
Car-1,None,None,None
Car-1,None,None,None
Car-1,None,None,None
Car-1,None,None,None
Car-1,None,None,None
Car-1,None,None,None
Car-1,None,None,None
Car-1,None,None,None
Car-1,None,None,None
Car-1,None,None,None
Car-1,None,None,None
Car-1,None,None,None
Car-1,None,None,None
Car-1,None,None,None
Car-1,None,None,None
Car-1,None,None,None
Car-1,None,None,None
Car-1,None,None,None
Car-1,None,None,None
Car-1,None,None,None
Car-1,None,None,None
Car-1,None,None,None
Car-1,None,None,None
Car-1,None,None,None
Car-1,None,None,None
Car-1,None,None,None
Car-1,None,None,None
Car-1,None,None,None
Car-1,None,None,None
Car-1,None,None,None
Car-1,None,None,None
Car-1,None,None,None
Car-1,None,None,None
Car-1,None,None,None
Car-1,None,None,None
Car-1,None,None,None
Car-1,None,None,None
Car-1,None,None,None
Car-1,None,None,None
Car-1,None,None,None
Car-1,None,None,None
Car-1,None,None,None
Car-1,None,None,None
Car-1,None,None,None
Car-1,None,None,None
Car-1,None,None,None
Car-1,None,None,None
Car-1,None,None,None
Car-1,None,None,None
Car-1,None,None,None
Car-1,None,None,None
Car-1,None,None,None
Car-1,None,None,None
Car-1,None,None,None
Car-1,None,None,None
Car-1,None,None,None
Car-1,None,None,None
Car-1,None,None,None
Car-1,None,None,None
Car-1,None,None,None
Car-1,None,None,None
Car-1,None,None,None
Car-1,None,None,None
Car-1,None,None,None
Car-1,None,None,None
Car-1,None,None,None
Car-1,None,None,None
Car-1,None,None,None
Car-1,None,None,None
Car-1,None,None,None
Car-1,None,None,None
Car-1,None,None,None
Car-1,None,None,None
Car-1,None,None,None
Car-1,None,None,None
Car-1,None,None,None
Car-1,None,None,None
Car-1,None,None,None
Car-1,None,None,None
Car-1,None,None,None
Car-1,None,None,None
Car-1,None,None,None
Car-1,None,None,None
Car-1,None,None,None
Car-1,None,None,None
Car-1,None,None,None
Car-1,None,None,None
Car-1,None,None,None
Car-1,None,None,None
Car-1,None,None,None
Car-1,None,None,None
Car-1,None,None,None
Car-1,None,None,None
Car-1,None,None,None
Car-1,None,None,None
Car-1,None,None,None
Car-1,None,None,None
Car-1,None,None,None
Car-1,None,None,None
Car-1,None,None,None
Car-1,None,None,None
Car-1,None,None,None
Car-1,None,None,None
Car-1,None,None,None
Car-1,None,None,None
Car-1,None,None,None
Car-1,None,None,None
Car-1,None,None,None
Car-1,None,None,None
Car-1,None,None,None
Car-1,None,None,None
Car-1,None,None,None
Car-1,None,None,None
Car-1,None,None,None
Car-1,None,None,None
Car-1,None,None,None
Car-1,None,None,None
Car-1,None,None,None
Car-1,None,None,None
Car-1,None,None,None
Car-1,None,None,None
Car-1,None,None,None
Car-1,None,None,None
Car-1,None,None,None
Car-1,None,None,None
Car-1,None,None,None
Car-1,None,None,None
Car-1,None,None,None
Car-1,None,None,None
Car-1,None,None,None
Car-1,None,None,None
Car-1,None,None,None
Car-1,None,None,None
Car-1,None,None,None
Car-1,None,None,None
Car-1,None,None,None
Car-1,None,None,None
Car-1,None,None,None
Car-1,None,None,None
Car-1,None,None,None
Car-1,None,None,None
Car-1,None,None,None
Car-1,None,None,None
Car-1,None,None,None
Car-1,None,None,None
Car-1,None,None,None
Car-1,None,None,None
Car-1,None,None,None
Car-1,None,None,None
Car-1,None,None,None
Car-1,None,None,None
Car-1,None,None,None
Car-1,None,None,None
Car-1,None,None,None
Car-1,None,None,None
Car-1,None,None,None
Car-1,None,None,None
Car-1,None,None,None
Car-1,None,None,None
Car-1,None,None,None
Car-1,None,None,None
Car-1,None,None,None
Car-1,None,None,None
Car-1,None,None,None
Car-1,None,None,None
Car-1,None,None,None
Car-1,None,None,None
Car-1,None,None,None
Car-1,None,None,None
Car-1,None,None,None
Car-1,None,None,None
Car-1,None,None,None
Car-1,None,None,None
Car-1,None,None,None
Car-1,None,None,None
Car-1,None,None,None
Car-1,None,None,None
Car-1,None,None,None
Car-1,None,None,None
Car-1,None,None,None
Car-1,None,None,None
Car-1,None,None,None
Car-1,None,None,None
Car-1,None,None,None
Car-1,None,None,None
Car-1,None,None,None
Car-1,None,None,None
Car-1,None,None,None
Car-1,None,None,None
Car-1,None,None,None
Car-1,None,None,None
Car-1,None,None,None
Car-1,None,None,None
Car-1,None,None,None
Car-1,None,None,None
Car-1,None,None,None
Car-1,None,None,None
Car-1,None,None,None
Car-1,None,None,None
Car-1,None,None,None
Car-1,None,None,None
Car-1,None,None,None
Car-1,None,None,None
Car-1,None,None,None
Car-1,None,None,None
Car-1,None,None,None
Car-1,None,None,None
Car-1,None,None,None
Car-1,None,None,None
Car-1,None,None,None
Car-1,None,None,None
Car-1,None,None,None
Car-1,None,None,None
Car-1,None,None,None
Car-1,None,None,None
Car-1,None,None,None
Car-1,None,None,None
Car-1,None,None,None
Car-1,None,None,None
Car-1,None,None,None
Car-1,None,None,None
Car-1,None,None,None
Car-1,None,None,None
Car-1,None,None,None
Car-1,None,None,None
Car-1,None,None,None
Car-1,None,None,None
Car-1,None,None,None
Car-1,None,None,None
Car-1,None,None,None
Car-1,None,None,None
Car-1,None,None,None
Car-1,None,None,None
Car-1,None,None,None
Car-1,None,None,None
Car-1,None,None,None
Car-1,None,None,None
Car-1,None,None,None
Car-1,None,None,None
Car-1,None,None,None
Car-1,None,None,None
Car-1,None,None,None
Car-1,None,None,None
Car-1,None,None,None
Car-1,None,None,None
Car-1,None,None,None
Car-1,None,None,None
Car-1,None,None,None
Car-1,None,None,None
Car-1,None,None,None
Car-1,None,None,None
Car-1,None,None,None
Car-1,None,None,None
Car-1,None,None,None
Car-1,None,None,None
Car-1,None,None,None
Car-1,None,None,None
Car-1,None,None,None
Car-1,None,None,None
Car-1,None,None,None
Car-1,None,None,None
Car-1,None,None,None
Car-1,None,None,None
Car-1,None,None,None
Car-1,None,None,None
Car-1,None,None,None
Car-1,None,None,None
Car-1,None,None,None
Car-1,None,None,None
Car-1,None,None,None
Car-1,None,None,None
Car-1,None,None,None
Car-1,None,None,None
Car-1,None,None,None
Car-1,None,None,None
Car-1,None,None,None
Car-1,None,None,None
Car-1,None,None,None
Car-1,None,None,None
Car-1,None,None,None
Car-1,None,None,None
Car-1,None,None,None
Car-1,None,None,None
Car-1,None,None,None
Car-1,None,None,None
Car-1,None,None,None
Car-1,None,None,None
Car-1,None,None,None
Car-1,None,None,None
Car-1,None,None,None
Car-1,None,None,None
Car-1,None,None,None
Car-1,None,None,None
Car-1,None,None,None
Car-1,None,None,None
Car-1,None,None,None
Car-1,None,None,None
Car-1,None,None,None
Car-1,None,None,None
Car-1,None,None,None
Car-1,None,None,None
Car-1,None,None,None
Car-1,None,None,None
Car-1,None,None,None
Car-1,None,None,None
Car-1,None,None,None
Car-1,None,None,None
Car-1,None,None,None
Car-1,None,None,None
Car-1,None,None,None
Car-1,None,None,None
Car-1,None,None,None
Car-1,None,None,None
Car-1,None,None,None
Car-1,None,None,None
Car-1,None,None,None
Car-1,None,None,None
Car-1,None,None,None
Car-1,None,None,None
Car-1,None,None,None
Car-1,None,None,None
Car-1,None,None,None
Car-1,None,None,None
Car-1,None,None,None
Car-1,None,None,None
Car-1,None,None,None
Car-1,None,None,None
Car-1,None,None,None
Car-1,None,None,None
Car-1,None,None,None
Car-1,None,None,None
Car-1,None,None,None
Car-1,None,None,None
Car-1,None,None,None
Car-1,None,None,None
Car-1,None,None,None
Car-1,None,None,None
Car-1,None,None,None
Car-1,None,None,None
Car-1,None,None,None
Car-1,None,None,None
Car-1,None,None,None
Car-1,None,None,None
Car-1,None,None,None
Car-1,None,None,None
Car-1,None,None,None
Car-1,None,None,None
Car-1,None,None,None
Car-1,None,None,None
Car-1,None,None,None
Car-1,None,None,None
Car-1,None,None,None
Car-1,None,None,None
Car-1,None,None,None
Car-1,None,None,None
Car-1,None,None,None
Car-1,None,None,None
Car-1,None,None,None
Car-1,None,None,None
Car-1,None,None,None
Car-1,None,None,None
Car-1,None,None,None
Car-1,None,None,None
Car-1,None,None,None
Car-1,None,None,None
Car-1,None,None,None
Car-1,None,None,None
Car-1,None,None,None
Car-1,None,None,None
Car-1,None,None,None
Car-1,None,None,None
Car-1,None,None,None
Car-1,None,None,None
Car-1,None,None,None
Car-1,None,None,None
Car-1,None,None,None
Car-1,None,None,None
Car-1,None,None,None
Car-1,None,None,None
Car-1,None,None,None
Car-1,None,None,None
Car-1,None,None,None
Car-1,None,None,None
Car-1,None,None,None
Car-1,None,None,None
Car-1,None,None,None
Car-1,None,None,None
Car-1,None,None,None
Car-1,None,None,None
Car-1,None,None,None
Car-1,None,None,None
Car-1,None,None,None
Car-1,None,None,None
Car-1,None,None,None
Car-1,None,None,None
Car-1,None,None,None
Car-1,None,None,None
Car-1,None,None,None
Car-1,None,None,None
Car-1,None,None,None
Car-1,None,None,None
Car-1,None,None,None
Car-1,None,None,None
Car-1,None,None,None
Car-1,None,None,None
Car-1,None,None,None
Car-1,None,None,None
Car-1,None,None,None
Car-1,None,None,None
Car-1,None,None,None
Car-1,None,None,None
Car-1,None,None,None
Car-1,None,None,None
Car-1,None,None,None
Car-1,None,None,None
Car-1,None,None,None
Car-1,None,None,None
Car-1,None,None,None
Car-1,None,None,None
Car-1,None,None,None
Car-1,None,None,None
Car-1,None,None,None
Car-1,None,None,None
Car-1,None,None,None
Car-1,None,None,None
Car-1,None,None,None
Car-1,None,None,None
Car-1,None,None,None
Car-1,None,None,None
Car-1,None,None,None
Car-1,None,None,None
Car-1,None,None,None
Car-1,None,None,None
Car-1,None,None,None
Car-1,None,None,None
Car-1,None,None,None
Car-1,None,None,None
Car-1,None,None,None
Car-1,None,None,None
Car-1,None,None,None
Car-1,None,None,None
Car-1,None,None,None
Car-1,None,None,None
Car-1,None,None,None
Car-1,None,None,None
Car-1,None,None,None
Car-1,None,None,None
Car-1,None,None,None
Car-1,None,None,None
Car-1,None,None,None
Car-1,None,None,None
Car-1,None,None,None
Car-1,None,None,None
Car-1,None,None,None
Car-1,None,None,None
Car-1,None,None,None
Car-1,None,None,None
Car-1,None,None,None
Car-1,None,None,None
Car-1,None,None,None
Car-1,None,None,None
Car-1,None,None,None
Car-1,None,None,None
Car-1,None,None,None
Car-1,None,None,None
Car-1,None,None,None
Car-1,None,None,None
Car-1,None,None,None
Car-1,None,None,None
Car-1,None,None,None
Car-1,None,None,None
Car-1,None,None,None
Car-1,None,None,None
Car-1,None,None,None
Car-1,None,None,None
Car-1,None,None,None
Car-1,None,None,None
Car-1,None,None,None
Car-1,None,None,None
Car-1,None,None,None
Car-1,None,None,None
Car-1,None,None,None
Car-1,None,None,None
Car-1,None,None,None
Car-1,None,None,None
Car-1,None,None,None
Car-1,None,None,None
Car-1,None,None,None
Car-1,None,None,None
Car-1,None,None,None
Car-1,None,None,None
Car-1,None,None,None
Car-1,None,None,None
Car-1,None,None,None
Car-1,None,None,None
Car-1,None,None,None
Car-1,None,None,None
Car-1,None,None,None
Car-1,None,None,None
Car-1,None,None,None
Car-1,None,None,None
Car-1,None,None,None
Car-1,None,None,None
Car-1,None,None,None
Car-1,None,None,None
Car-1,None,None,None
Car-1,None,None,None
Car-1,None,None,None
Car-1,None,None,None
Car-1,None,None,None
Car-1,None,None,None
Car-1,None,None,None
Car-1,None,None,None
Car-1,None,None,None
Car-1,None,None,None
Car-1,None,None,None
Car-1,None,None,None
Car-1,None,None,None
Car-1,None,None,None
Car-1,None,None,None
Car-1,None,None,None
Car-1,None,None,None
Car-1,None,None,None
Car-1,None,None,None
Car-1,None,None,None
Car-1,None,None,None
Car-1,None,None,None
Car-1,None,None,None
Car-1,None,None,None
Car-1,None,None,None
Car-1,None,None,None
Car-1,None,None,None
Car-1,None,None,None
Car-1,None,None,None
Car-1,None,None,None
Car-1,None,None,None
Car-1,None,None,None
Car-1,None,None,None
Car-1,None,None,None
Car-1,None,None,None
Car-1,None,None,None
Car-1,None,None,None
Car-1,None,None,None
Car-1,None,None,None
Car-1,None,None,None
Car-1,None,None,None
Car-1,None,None,None
Car-1,None,None,None
Car-1,None,None,None
Car-1,None,None,None
Car-1,None,None,None
Car-1,None,None,None
Car-1,None,None,None
Car-1,None,None,None
Car-1,None,None,None
Car-1,None,None,None
Car-1,None,None,None
Car-1,None,None,None
Car-1,None,None,None
Car-1,None,None,None
Car-1,None,None,None
Car-1,None,None,None
Car-1,None,None,None
Car-1,None,None,None
Car-1,None,None,None
Car-1,None,None,None
Car-1,None,None,None
Car-1,None,None,None
Car-1,None,None,None
Car-1,None,None,None
Car-1,None,None,None
Car-1,None,None,None
Car-1,None,None,None
Car-1,None,None,None
Car-1,None,None,None
Car-1,None,None,None
Car-1,None,None,None
Car-1,None,None,None
Car-1,None,None,None
Car-1,None,None,None
Car-1,None,None,None
Car-1,None,None,None
Car-1,None,None,None
Car-1,None,None,None
Car-1,None,None,None
Car-1,None,None,None
Car-1,None,None,None
Car-1,None,None,None
Car-1,None,None,None
Car-1,None,None,None
Car-1,None,None,None
Car-1,None,None,None
Car-1,None,None,None
Car-1,None,None,None
Car-1,None,None,None
Car-1,None,None,None
Car-1,None,None,None
Car-1,None,None,None
Car-1,None,None,None
Car-1,None,None,None
Car-1,None,None,None
Car-1,None,None,None
Car-1,None,None,None
Car-1,None,None,None
Car-1,None,None,None
Car-1,None,None,None
Car-1,None,None,None
Car-1,None,None,None
Car-1,None,None,None
Car-1,None,None,None
Car-1,None,None,None
Car-1,None,None,None
Car-1,None,None,None
Car-1,None,None,None
Car-1,None,None,None
Car-1,None,None,None
Car-1,None,None,None
Car-1,None,None,None
Car-1,None,None,None
Car-1,None,None,None
Car-1,None,None,None
Car-1,None,None,None
Car-1,None,None,None
Car-1,None,None,None
Car-1,None,None,None
Car-1,None,None,None
Car-1,None,None,None
Car-1,None,None,None
Car-1,None,None,None
Car-1,None,None,None
Car-1,None,None,None
Car-1,None,None,None
Car-1,None,None,None
Car-1,None,None,None
Car-1,None,None,None
Car-1,None,None,None
Car-1,None,None,None
Car-1,None,None,None
Car-1,None,None,None
Car-1,None,None,None
Car-1,None,None,None
Car-1,None,None,None
Car-1,None,None,None
Car-1,None,None,None
Car-1,None,None,None
Car-1,None,None,None
Car-1,None,None,None
Car-1,None,None,None
Car-1,None,None,None
Car-1,None,None,None
Car-1,None,None,None
Car-1,None,None,None
Car-1,None,None,None
Car-1,None,None,None
Car-1,None,None,None
Car-1,None,None,None
Car-1,None,None,None
Car-1,None,None,None
Car-1,None,None,None
Car-1,None,None,None
Car-1,None,None,None
Car-1,None,None,None
Car-1,None,None,None
Car-1,None,None,None
Car-1,None,None,None
Car-1,None,None,None
Car-1,None,None,None
Car-1,None,None,None
Car-1,None,None,None
Car-1,None,None,None
Car-1,None,None,None
Car-1,None,None,None
Car-1,None,None,None
Car-1,None,None,None
Car-1,None,None,None
Car-1,None,None,None
Car-1,None,None,None
Car-1,None,None,None
Car-1,None,None,None
Car-1,None,None,None
Car-1,None,None,None
Car-1,None,None,None
Car-1,None,None,None
Car-1,None,None,None
Car-1,None,None,None
Car-1,None,None,None
Car-1,None,None,None
Car-1,None,None,None
Car-1,None,None,None
Car-1,None,None,None
Car-1,None,None,None
Car-1,None,None,None
Car-1,None,None,None
Car-1,None,None,None
Car-1,None,None,None
Car-1,None,None,None
Car-1,None,None,None
Car-1,None,None,None
Car-1,None,None,None
Car-1,None,None,None
Car-1,None,None,None
Car-1,None,None,None
Car-1,None,None,None
Car-1,None,None,None
Car-1,None,None,None
Car-1,None,None,None
Car-1,None,None,None
Car-1,None,None,None
Car-1,None,None,None
Car-1,None,None,None
Car-1,None,None,None
Car-1,None,None,None
Car-1,None,None,None
Car-1,None,None,None
Car-1,None,None,None
Car-1,None,None,None
Car-1,None,None,None
Car-1,None,None,None
Car-1,None,None,None
Car-1,None,None,None
Car-1,None,None,None
Car-1,None,None,None
Car-1,None,None,None
Car-1,None,None,None
Car-1,None,None,None
Car-1,None,None,None
Car-1,None,None,None
Car-1,None,None,None
Car-1,None,None,None
Car-1,None,None,None
Car-1,None,None,None
Car-1,None,None,None
Car-1,None,None,None
Car-1,None,None,None
Car-1,None,None,None
Car-1,None,None,None
Car-1,None,None,None
Car-1,None,None,None
Car-1,None,None,None
Car-1,None,None,None
Car-1,None,None,None
Car-1,None,None,None
Car-1,None,None,None
Car-1,None,None,None
Car-1,None,None,None
Car-1,None,None,None
Car-1,None,None,None
Car-1,None,None,None
Car-1,None,None,None
Car-1,None,None,None
Car-1,None,None,None
Car-1,None,None,None
Car-1,None,None,None
Car-1,None,None,None
Car-1,None,None,None
Car-1,None,None,None
Car-1,None,None,None
Car-1,None,None,None
Car-1,None,None,None
Car-1,None,None,None
Car-1,None,None,None
Car-1,None,None,None
Car-1,None,None,None
Car-1,None,None,None
Car-1,None,None,None
Car-1,None,None,None
Car-1,None,None,None
Car-1,None,None,None
Car-1,None,None,None
Car-1,None,None,None
Car-1,None,None,None
Car-1,None,None,None
Car-1,None,None,None
Car-1,None,None,None
Car-1,None,None,None
Car-1,None,None,None
Car-1,None,None,None
Car-1,None,None,None
Car-1,None,None,None
Car-1,None,None,None
Car-1,None,None,None
Car-1,None,None,None
Car-1,None,None,None
Car-1,None,None,None
Car-1,None,None,None
Car-1,None,None,None
Car-1,None,None,None
Car-1,None,None,None
Car-1,None,None,None
Car-1,None,None,None
Car-1,None,None,None
Car-1,None,None,None
Car-1,None,None,None
Car-1,None,None,None
Car-1,None,None,None
Car-1,None,None,None
Car-1,None,None,None
Car-1,None,None,None
Car-1,None,None,None
Car-1,None,None,None
Car-1,None,None,None
Car-1,None,None,None
Car-1,None,None,None
Car-1,None,None,None
Car-1,None,None,None
Car-1,None,None,None
Car-1,None,None,None
Car-1,None,None,None
Car-1,None,None,None
Car-1,None,None,None
Car-1,None,None,None
Car-1,None,None,None
Car-1,None,None,None
Car-1,None,None,None
Car-1,None,None,None
Car-1,None,None,None
Car-1,None,None,None
Car-1,None,None,None
Car-1,None,None,None
Car-1,None,None,None
Car-1,None,None,None
Car-1,None,None,None
Car-1,None,None,None
Car-1,None,None,None
Car-1,None,None,None
Car-1,None,None,None
Car-1,None,None,None
Car-1,None,None,None
Car-1,None,None,None
Car-1,None,None,None
Car-1,None,None,None
Car-1,None,None,None
Car-1,None,None,None
Car-1,None,None,None
Car-1,None,None,None
Car-1,None,None,None
Car-1,None,None,None
Car-1,None,None,None
Car-1,None,None,None
Car-1,None,None,None
Car-1,None,None,None
Car-1,None,None,None
Car-1,None,None,None
Car-1,None,None,None
Car-1,None,None,None
Car-1,None,None,None
Car-1,None,None,None
Car-1,None,None,None
Car-1,None,None,None
Car-1,None,None,None
Car-1,None,None,None
Car-1,None,None,None
Car-1,None,None,None
Car-1,None,None,None
Car-1,None,None,None
Car-1,None,None,None
Car-1,None,None,None
Car-1,None,None,None
Car-1,None,None,None
Car-1,None,None,None
Car-1,None,None,None
Car-1,None,None,None
Car-1,None,None,None
Car-1,None,None,None
Car-1,None,None,None
Car-1,None,None,None
Car-1,None,None,None
Car-1,None,None,None
Car-1,None,None,None
Car-1,None,None,None
Car-1,None,None,None
Car-1,None,None,None
Car-1,None,None,None
Car-1,None,None,None
Car-1,None,None,None
Car-1,None,None,None
Car-1,None,None,None
Car-1,None,None,None
Car-1,None,None,None
Car-1,None,None,None
Car-1,None,None,None
Car-1,None,None,None
Car-1,None,None,None
Car-1,None,None,None
Car-1,None,None,None
Car-1,None,None,None
Car-1,None,None,None
Car-1,None,None,None
Car-1,None,None,None
Car-1,None,None,None
Car-1,None,None,None
Car-1,None,None,None
Car-1,None,None,None
Car-1,None,None,None
Car-1,None,None,None
Car-1,None,None,None
Car-1,None,None,None
Car-1,None,None,None
Car-1,None,None,None
Car-1,None,None,None
Car-1,None,None,None
Car-1,None,None,None
Car-1,None,None,None
Car-1,None,None,None
Car-1,None,None,None
Car-1,None,None,None
Car-1,None,None,None
Car-1,None,None,None
Car-1,None,None,None
Car-1,None,None,None
Car-1,None,None,None
Car-1,None,None,None
Car-1,None,None,None
Car-1,None,None,None
Car-1,None,None,None
Car-1,None,None,None
Car-1,None,None,None
Car-1,None,None,None
Car-1,None,None,None
Car-1,None,None,None
Car-1,None,None,None
Car-1,None,None,None
Car-1,None,None,None
Car-1,None,None,None
Car-1,None,None,None
Car-1,None,None,None
Car-1,None,None,None
Car-1,None,None,None
Car-1,None,None,None
Car-1,None,None,None
Car-1,None,None,None
Car-1,None,None,None
Car-1,None,None,None
Car-1,None,None,None
Car-1,None,None,None
Car-1,None,None,None
Car-1,None,None,None
Car-1,None,None,None
Car-1,None,None,None
Car-1,None,None,None
Car-1,None,None,None
Car-1,None,None,None
Car-1,None,None,None
Car-1,None,None,None
Car-1,None,None,None
Car-1,None,None,None
Car-1,None,None,None
Car-1,None,None,None
Car-1,None,None,None
Car-1,None,None,None
Car-1,None,None,None
Car-1,None,None,None
Car-1,None,None,None
Car-1,None,None,None
Car-1,None,None,None
Car-1,None,None,None
Car-1,None,None,None
Car-1,None,None,None
Car-1,None,None,None
Car-1,None,None,None
Car-1,None,None,None
Car-1,None,None,None
Car-1,None,None,None
Car-1,None,None,None
Car-1,None,None,None
Car-1,None,None,None
Car-1,None,None,None
Car-1,None,None,None
Car-1,None,None,None
Car-1,None,None,None
Car-1,None,None,None
Car-1,None,None,None
Car-1,None,None,None
Car-1,None,None,None
Car-1,None,None,None
Car-1,None,None,None
Car-1,None,None,None
Car-1,None,None,None
Car-1,None,None,None
Car-1,None,None,None
Car-1,None,None,None
Car-1,None,None,None
Car-1,None,None,None
Car-1,None,None,None
Car-1,None,None,None
Car-1,None,None,None
Car-1,None,None,None
Car-1,None,None,None
Car-1,None,None,None
Car-1,None,None,None
Car-1,None,None,None
Car-1,None,None,None
Car-1,None,None,None
Car-1,None,None,None
Car-1,None,None,None
Car-1,None,None,None
Car-1,None,None,None
Car-1,None,None,None
Car-1,None,None,None
Car-1,None,None,None
Car-1,None,None,None
Car-1,None,None,None
Car-1,None,None,None
Car-1,None,None,None
Car-1,None,None,None
Car-1,None,None,None
Car-1,None,None,None
Car-1,None,None,None
Car-1,None,None,None
Car-1,None,None,None
Car-1,None,None,None
Car-1,None,None,None
Car-1,None,None,None
Car-1,None,None,None
Car-1,None,None,None
Car-1,None,None,None
Car-1,None,None,None
Car-1,None,None,None
Car-1,None,None,None
Car-1,None,None,None
Car-1,None,None,None
Car-1,None,None,None
Car-1,None,None,None
Car-1,None,None,None
Car-1,None,None,None
Car-1,None,None,None
Car-1,None,None,None
Car-1,None,None,None
Car-1,None,None,None
Car-1,None,None,None
Car-1,None,None,None
Car-1,None,None,None
Car-1,None,None,None
Car-1,None,None,None
Car-1,None,None,None
Car-1,None,None,None
Car-1,None,None,None
Car-1,None,None,None
Car-1,None,None,None
Car-1,None,None,None
Car-1,None,None,None
Car-1,None,None,None
Car-1,None,None,None
Car-1,None,None,None
Car-1,None,None,None
Car-1,None,None,None
Car-1,None,None,None
Car-1,None,None,None
Car-1,None,None,None
Car-1,None,None,None
Car-1,None,None,None
Car-1,None,None,None
Car-1,None,None,None
Car-1,None,None,None
Car-1,None,None,None
Car-1,None,None,None
Car-1,None,None,None
Car-1,None,None,None
Car-1,None,None,None
Car-1,None,None,None
Car-1,None,None,None
Car-1,None,None,None
Car-1,None,None,None
Car-1,None,None,None
Car-1,None,None,None
Car-1,None,None,None
Car-1,None,None,None
Car-1,None,None,None
Car-1,None,None,None
Car-1,None,None,None
Car-1,None,None,None
Car-1,None,None,None
Car-1,None,None,None
Car-1,None,None,None
Car-1,None,None,None
Car-1,None,None,None
Car-1,None,None,None
Car-1,None,None,None
Car-1,None,None,None
Car-1,None,None,None
Car-1,None,None,None
Car-1,None,None,None
Car-1,None,None,None
Car-1,None,None,None
Car-1,None,None,None
Car-1,None,None,None
Car-1,None,None,None
Car-1,None,None,None
Car-1,None,None,None
Car-1,None,None,None
Car-1,None,None,None
Car-1,None,None,None
Car-1,None,None,None
Car-1,None,None,None
Car-1,None,None,None
Car-1,None,None,None
Car-1,None,None,None
Car-1,None,None,None
Car-1,None,None,None
Car-1,None,None,None
Car-1,None,None,None
Car-1,None,None,None
Car-1,None,None,None
Car-1,None,None,None
Car-1,None,None,None
Car-1,None,None,None
Car-1,None,None,None
Car-1,None,None,None
Car-1,None,None,None
Car-1,None,None,None
Car-1,None,None,None
Car-1,None,None,None
Car-1,None,None,None
Car-1,None,None,None
Car-1,None,None,None
Car-1,None,None,None
Car-1,None,None,None
Car-1,None,None,None
Car-1,None,None,None
Car-1,None,None,None
Car-1,None,None,None
Car-1,None,None,None
Car-1,None,None,None
Car-1,None,None,None
Car-1,None,None,None
Car-1,None,None,None
Car-1,None,None,None
Car-1,None,None,None
Car-1,None,None,None
Car-1,None,None,None
Car-1,None,None,None
Car-1,None,None,None
Car-1,None,None,None
Car-1,None,None,None
Car-1,None,None,None
Car-1,None,None,None
Car-1,None,None,None
Car-1,None,None,None
Car-1,None,None,None
Car-1,None,None,None
Car-1,None,None,None
Car-1,None,None,None
Car-1,None,None,None
Car-1,None,None,None
Car-1,None,None,None
Car-1,None,None,None
Car-1,None,None,None
Car-1,None,None,None
Car-1,None,None,None
Car-1,None,None,None
Car-1,None,None,None
Car-1,None,None,None
Car-1,None,None,None
Car-1,None,None,None
Car-1,None,None,None
Car-1,None,None,None
Car-1,None,None,None
Car-1,None,None,None
Car-1,None,None,None
Car-1,None,None,None
Car-1,None,None,None
Car-1,None,None,None
Car-1,None,None,None
Car-1,None,None,None
Car-1,None,None,None
Car-1,None,None,None
Car-1,None,None,None
Car-1,None,None,None
Car-1,None,None,None
Car-1,None,None,None
Car-1,None,None,None
Car-1,None,None,None
Car-1,None,None,None
Car-1,None,None,None
Car-1,None,None,None
Car-1,None,None,None
Car-1,None,None,None
Car-1,None,None,None
Car-1,None,None,None
Car-1,None,None,None
Car-1,None,None,None
Car-1,None,None,None
Car-1,None,None,None
Car-1,None,None,None
Car-1,None,None,None
Car-1,None,None,None
Car-1,None,None,None
Car-1,None,None,None
Car-1,None,None,None
Car-1,None,None,None
Car-1,None,None,None
Car-1,None,None,None
Car-1,None,None,None
Car-1,None,None,None
Car-1,None,None,None
Car-1,None,None,None
Car-1,None,None,None
Car-1,None,None,None
Car-1,None,None,None
Car-1,None,None,None
Car-1,None,None,None
Car-1,None,None,None
Car-1,None,None,None
Car-1,None,None,None
Car-1,None,None,None
Car-1,None,None,None
Car-1,None,None,None
Car-1,None,None,None
Car-1,None,None,None
Car-1,None,None,None
Car-1,None,None,None
Car-1,None,None,None
Car-1,None,None,None
Car-1,None,None,None
Car-1,None,None,None
Car-1,None,None,None
Car-1,None,None,None
Car-1,None,None,None
Car-1,None,None,None
Car-1,None,None,None
Car-1,None,None,None
Car-1,None,None,None
Car-1,None,None,None
Car-1,None,None,None
Car-1,None,None,None
Car-1,None,None,None
Car-1,None,None,None
Car-1,None,None,None
Car-1,None,None,None
Car-1,None,None,None
Car-1,None,None,None
Car-1,None,None,None
Car-1,None,None,None
Car-1,None,None,None
Car-1,None,None,None
Car-1,None,None,None
Car-1,None,None,None
Car-1,None,None,None
Car-1,None,None,None
Car-1,None,None,None
Car-1,None,None,None
Car-1,None,None,None
Car-1,None,None,None
Car-1,None,None,None
Car-1,None,None,None
Car-1,None,None,None
Car-1,None,None,None
Car-1,None,None,None
Car-1,None,None,None
Car-1,None,None,None
Car-1,None,None,None
Car-1,None,None,None
Car-1,None,None,None
Car-1,None,None,None
Car-1,None,None,None
Car-1,None,None,None
Car-1,None,None,None
Car-1,None,None,None
Car-1,None,None,None
Car-1,None,None,None
Car-1,None,None,None
Car-1,None,None,None
Car-1,None,None,None
Car-1,None,None,None
Car-1,None,None,None
Car-1,None,None,None
Car-1,None,None,None
Car-1,None,None,None
Car-1,None,None,None
Car-1,None,None,None
Car-1,None,None,None
Car-1,None,None,None
Car-1,None,None,None
Car-1,None,None,None
Car-1,None,None,None
Car-1,None,None,None
Car-1,None,None,None
Car-1,None,None,None
Car-1,None,None,None
Car-1,None,None,None
Car-1,None,None,None
Car-1,None,None,None
Car-1,None,None,None
Car-1,None,None,None
Car-1,None,None,None
Car-1,None,None,None
Car-1,None,None,None
Car-1,None,None,None
Car-1,None,None,None
Car-1,None,None,None
Car-1,None,None,None
Car-1,None,None,None
Car-1,None,None,None
Car-1,None,None,None
Car-1,None,None,None
Car-1,None,None,None
Car-1,None,None,None
Car-1,None,None,None
Car-1,None,None,None
Car-1,None,None,None
Car-1,None,None,None
Car-1,None,None,None
Car-1,None,None,None
Car-1,None,None,None
Car-1,None,None,None
Car-1,None,None,None
Car-1,None,None,None
Car-1,None,None,None
Car-1,None,None,None
Car-1,None,None,None
Car-1,None,None,None
Car-1,None,None,None
Car-1,None,None,None
Car-1,None,None,None
Car-1,None,None,None
Car-1,None,None,None
Car-1,None,None,None
Car-1,None,None,None
Car-1,None,None,None
Car-1,None,None,None
Car-1,None,None,None
Car-1,None,None,None
Car-1,None,None,None
Car-1,None,None,None
Car-1,None,None,None
Car-1,None,None,None
Car-1,None,None,None
Car-1,None,None,None
Car-1,None,None,None
Car-1,None,None,None
Car-1,None,None,None
Car-1,None,None,None
Car-1,None,None,None
Car-1,None,None,None
Car-1,None,None,None
Car-1,None,None,None
Car-1,None,None,None
Car-1,None,None,None
Car-1,None,None,None
Car-1,None,None,None
Car-1,None,None,None
Car-1,None,None,None
Car-1,None,None,None
Car-1,None,None,None
Car-1,None,None,None
Car-1,None,None,None
Car-1,None,None,None
Car-1,None,None,None
Car-1,None,None,None
Car-1,None,None,None
Car-1,None,None,None
Car-1,None,None,None
Car-1,None,None,None
Car-1,None,None,None
Car-1,None,None,None
Car-1,None,None,None
Car-1,None,None,None
Car-1,None,None,None
Car-1,None,None,None
Car-1,None,None,None
Car-1,None,None,None
Car-1,None,None,None
Car-1,None,None,None
Car-1,None,None,None
Car-1,None,None,None
Car-1,None,None,None
Car-1,None,None,None
Car-1,None,None,None
Car-1,None,None,None
Car-1,None,None,None
Car-1,None,None,None
Car-1,None,None,None
Car-1,None,None,None
Car-1,None,None,None
Car-1,None,None,None
Car-1,None,None,None
Car-1,None,None,None
Car-1,None,None,None
Car-1,None,None,None
Car-1,None,None,None
Car-1,None,None,None
Car-1,None,None,None
Car-1,None,None,None
Car-1,None,None,None
Car-1,None,None,None
Car-1,None,None,None
Car-1,None,None,None
Car-1,None,None,None
Car-1,None,None,None
Car-1,None,None,None
Car-1,None,None,None
Car-1,None,None,None
Car-1,None,None,None
Car-1,None,None,None
Car-1,None,None,None
Car-1,None,None,None
Car-1,None,None,None
Car-1,None,None,None
Car-1,None,None,None
Car-1,None,None,None
Car-1,None,None,None
Car-1,None,None,None
Car-1,None,None,None
Car-1,None,None,None
Car-1,None,None,None
Car-1,None,None,None
Car-1,None,None,None
Car-1,None,None,None
Car-1,None,None,None
Car-1,None,None,None
Car-1,None,None,None
Car-1,None,None,None
Car-1,None,None,None
Car-1,None,None,None
Car-1,None,None,None
Car-1,None,None,None
Car-1,None,None,None
Car-1,None,None,None
Car-1,None,None,None
Car-1,None,None,None
Car-1,None,None,None
Car-1,None,None,None
Car-1,None,None,None
Car-1,None,None,None
Car-1,None,None,None
Car-1,None,None,None
Car-1,None,None,None
Car-1,None,None,None
Car-1,None,None,None
Car-1,None,None,None
Car-1,None,None,None
Car-1,None,None,None
Car-1,None,None,None
Car-1,None,None,None
Car-1,None,None,None
Car-1,None,None,None
Car-1,None,None,None
Car-1,None,None,None
Car-1,None,None,None
Car-1,None,None,None
Car-1,None,None,None
Car-1,None,None,None
Car-1,None,None,None
Car-1,None,None,None
Car-1,None,None,None
Car-1,None,None,None
Car-1,None,None,None
Car-1,None,None,None
Car-1,None,None,None
Car-1,None,None,None
Car-1,None,None,None
Car-1,None,None,None
Car-1,None,None,None
Car-1,None,None,None
Car-1,None,None,None
Car-1,None,None,None
Car-1,None,None,None
Car-1,None,None,None
Car-1,None,None,None
Car-1,None,None,None
Car-1,None,None,None
Car-1,None,None,None
Car-1,None,None,None
Car-1,None,None,None
Car-1,None,None,None
Car-1,None,None,None
Car-1,None,None,None
Car-1,None,None,None
Car-1,None,None,None
Car-1,None,None,None
Car-1,None,None,None
Car-1,None,None,None
Car-1,None,None,None
Car-1,None,None,None
Car-1,None,None,None
Car-1,None,None,None
Car-1,None,None,None
Car-1,None,None,None
Car-1,None,None,None
Car-1,None,None,None
Car-1,None,None,None
Car-1,None,None,None
Car-1,None,None,None
Car-1,None,None,None
Car-1,None,None,None
Car-1,None,None,None
Car-1,None,None,None
Car-1,None,None,None
Car-1,None,None,None
Car-1,None,None,None
Car-1,None,None,None
Car-1,None,None,None
Car-1,None,None,None
Car-1,None,None,None
Car-1,None,None,None
Car-1,None,None,None
Car-1,None,None,None
Car-1,None,None,None
Car-1,None,None,None
Car-1,None,None,None
Car-1,None,None,None
Car-1,None,None,None
Car-1,None,None,None
Car-1,None,None,None
Car-1,None,None,None
Car-1,None,None,None
Car-1,None,None,None
Car-1,None,None,None
Car-1,None,None,None
Car-1,None,None,None
Car-1,None,None,None
Car-1,None,None,None
Car-1,None,None,None
Car-1,None,None,None
Car-1,None,None,None
Car-1,None,None,None
Car-1,None,None,None
Car-1,None,None,None
Car-1,None,None,None
Car-1,None,None,None
Car-1,None,None,None
Car-1,None,None,None
Car-1,None,None,None
Car-1,None,None,None
Car-1,None,None,None
Car-1,None,None,None
Car-1,None,None,None
Car-1,None,None,None
Car-1,None,None,None
Car-1,None,None,None
Car-1,None,None,None
Car-1,None,None,None
Car-1,None,None,None
Car-1,None,None,None
Car-1,None,None,None
Car-1,None,None,None
Car-1,None,None,None
Car-1,None,None,None
Car-1,None,None,None
Car-1,None,None,None
Car-1,None,None,None
Car-1,None,None,None
Car-1,None,None,None
Car-1,None,None,None
Car-1,None,None,None
Car-1,None,None,None
Car-1,None,None,None
Car-1,None,None,None
Car-1,None,None,None
Car-1,None,None,None
Car-1,None,None,None
Car-1,None,None,None
Car-1,None,None,None
Car-1,None,None,None
Car-1,None,None,None
Car-1,None,None,None
Car-1,None,None,None
Car-1,None,None,None
Car-1,None,None,None
Car-1,None,None,None
Car-1,None,None,None
Car-1,None,None,None
Car-1,None,None,None
Car-1,None,None,None
Car-1,None,None,None
Car-1,None,None,None
Car-1,None,None,None
Car-1,None,None,None
Car-1,None,None,None
Car-1,None,None,None
Car-1,None,None,None
Car-1,None,None,None
Car-1,None,None,None
Car-1,None,None,None
Car-1,None,None,None
Car-1,None,None,None
Car-1,None,None,None
Car-1,None,None,None
Car-1,None,None,None
Car-1,None,None,None
Car-1,None,None,None
Car-1,None,None,None
Car-1,None,None,None
Car-1,None,None,None
Car-1,None,None,None
Car-1,None,None,None
Car-1,None,None,None
Car-1,None,None,None
Car-1,None,None,None
Car-1,None,None,None
Car-1,None,None,None
Car-1,None,None,None
Car-1,None,None,None
Car-1,None,None,None
Car-1,None,None,None
Car-1,None,None,None
Car-1,None,None,None
Car-1,None,None,None
Car-1,None,None,None
Car-1,None,None,None
Car-1,None,None,None
Car-1,None,None,None
Car-1,None,None,None
Car-1,None,None,None
Car-1,None,None,None
Car-1,None,None,None
Car-1,None,None,None
Car-1,None,None,None
Car-1,None,None,None
Car-1,None,None,None
Car-1,None,None,None
Car-1,None,None,None
Car-1,None,None,None
Car-1,None,None,None
Car-1,None,None,None
Car-1,None,None,None
Car-1,None,None,None
Car-1,None,None,None
Car-1,None,None,None
Car-1,None,None,None
Car-1,None,None,None
Car-1,None,None,None
Car-1,None,None,None
Car-1,None,None,None
Car-1,None,None,None
Car-1,None,None,None
Car-1,None,None,None
Car-1,None,None,None
Car-1,None,None,None
Car-1,None,None,None
Car-1,None,None,None
Car-1,None,None,None
Car-1,None,None,None
Car-1,None,None,None
Car-1,None,None,None
Car-1,None,None,None
Car-1,None,None,None
Car-1,None,None,None
Car-1,None,None,None
Car-1,None,None,None
Car-1,None,None,None
Car-1,None,None,None
Car-1,None,None,None
Car-1,None,None,None
Car-1,None,None,None
Car-1,None,None,None
Car-1,None,None,None
Car-1,None,None,None
Car-1,None,None,None
Car-1,None,None,None
Car-1,None,None,None
Car-1,None,None,None
Car-1,None,None,None
Car-1,None,None,None
Car-1,None,None,None
Car-1,None,None,None
Car-1,None,None,None
Car-1,None,None,None
Car-1,None,None,None
Car-1,None,None,None
Car-1,None,None,None
Car-1,None,None,None
Car-1,None,None,None
Car-1,None,None,None
Car-1,None,None,None
Car-1,None,None,None
Car-1,None,None,None
Car-1,None,None,None
Car-1,None,None,None
Car-1,None,None,None
Car-1,None,None,None
Car-1,None,None,None
Car-1,None,None,None
Car-1,None,None,None
Car-1,None,None,None
Car-1,None,None,None
Car-1,None,None,None
Car-1,None,None,None
Car-1,None,None,None
Car-1,None,None,None
Car-1,None,None,None
Car-1,None,None,None
Car-1,None,None,None
Car-1,None,None,None
Car-1,None,None,None
Car-1,None,None,None
Car-1,None,None,None
Car-1,None,None,None
Car-1,None,None,None
Car-1,None,None,None
Car-1,None,None,None
Car-1,None,None,None
Car-1,None,None,None
Car-1,None,None,None
Car-1,None,None,None
Car-1,None,None,None
Car-1,None,None,None
Car-1,None,None,None
Car-1,None,None,None
Car-1,None,None,None
Car-1,None,None,None
Car-1,None,None,None
Car-1,None,None,None
Car-1,None,None,None
Car-1,None,None,None
Car-1,None,None,None
Car-1,None,None,None
Car-1,None,None,None
Car-1,None,None,None
Car-1,None,None,None
Car-1,None,None,None
Car-1,None,None,None
Car-1,None,None,None
Car-1,None,None,None
Car-1,None,None,None
Car-1,None,None,None
Car-1,None,None,None
Car-1,None,None,None
Car-1,None,None,None
Car-1,None,None,None
Car-1,None,None,None
Car-1,None,None,None
Car-1,None,None,None
Car-1,None,None,None
Car-1,None,None,None
Car-1,None,None,None
Car-1,None,None,None
Car-1,None,None,None
Car-1,None,None,None
Car-1,None,None,None
Car-1,None,None,None
Car-1,None,None,None
Car-1,None,None,None
Car-1,None,None,None
Car-1,None,None,None
Car-1,None,None,None
Car-1,None,None,None
Car-1,None,None,None
Car-1,None,None,None
Car-1,None,None,None
Car-1,None,None,None
Car-1,None,None,None
Car-1,None,None,None
Car-1,None,None,None
Car-1,None,None,None
Car-1,None,None,None
Car-1,None,None,None
Car-1,None,None,None
Car-1,None,None,None
Car-1,None,None,None
Car-1,None,None,None
Car-1,None,None,None
Car-1,None,None,None
Car-1,None,None,None
Car-1,None,None,None
Car-1,None,None,None
Car-1,None,None,None
Car-1,None,None,None
Car-1,None,None,None
Car-1,None,None,None
Car-1,None,None,None
Car-1,None,None,None
Car-1,None,None,None
Car-1,None,None,None
Car-1,None,None,None
Car-1,None,None,None
Car-1,None,None,None
Car-1,None,None,None
Car-1,None,None,None
Car-1,None,None,None
Car-1,None,None,None
Car-1,None,None,None
Car-1,None,None,None
Car-1,None,None,None
Car-1,None,None,None
Car-1,None,None,None
Car-1,None,None,None
Car-1,None,None,None
Car-1,None,None,None
Car-1,None,None,None
Car-1,None,None,None
Car-1,None,None,None
Car-1,None,None,None
Car-1,None,None,None
Car-1,None,None,None
Car-1,None,None,None
Car-1,None,None,None
Car-1,None,None,None
Car-1,None,None,None
Car-1,None,None,None
Car-1,None,None,None
Car-1,None,None,None
Car-1,None,None,None
Car-1,None,None,None
Car-1,None,None,None
Car-1,None,None,None
Car-1,None,None,None
Car-1,None,None,None
Car-1,None,None,None
Car-1,None,None,None
Car-1,None,None,None
Car-1,None,None,None
Car-1,None,None,None
Car-1,None,None,None
Car-1,None,None,None
Car-1,None,None,None
Car-1,None,None,None
Car-1,None,None,None
Car-1,None,None,None
Car-1,None,None,None
Car-1,None,None,None
Car-1,None,None,None
Car-1,None,None,None
Car-1,None,None,None
Car-1,None,None,None
Car-1,None,None,None
Car-1,None,None,None
Car-1,None,None,None
Car-1,None,None,None
Car-1,None,None,None
Car-1,None,None,None
Car-1,None,None,None
Car-1,None,None,None
Car-1,None,None,None
Car-1,None,None,None
Car-1,None,None,None
Car-1,None,None,None
Car-1,None,None,None
Car-1,None,None,None
Car-1,None,None,None
Car-1,None,None,None
Car-1,None,None,None
Car-1,None,None,None
Car-1,None,None,None
Car-1,None,None,None
Car-1,None,None,None
Car-1,None,None,None
Car-1,None,None,None
Car-1,None,None,None
Car-1,None,None,None
Car-1,None,None,None
Car-1,None,None,None
Car-1,None,None,None
Car-1,None,None,None
Car-1,None,None,None
Car-1,None,None,None
Car-1,None,None,None
Car-1,None,None,None
Car-1,None,None,None
Car-1,None,None,None
Car-1,None,None,None
Car-1,None,None,None
Car-1,None,None,None
Car-1,None,None,None
Car-1,None,None,None
Car-1,None,None,None
Car-1,None,None,None
Car-1,None,None,None
Car-1,None,None,None
Car-1,None,None,None
Car-1,None,None,None
Car-1,None,None,None
Car-1,None,None,None
Car-1,None,None,None
Car-1,None,None,None
Car-1,None,None,None
Car-1,None,None,None
Car-1,None,None,None
Car-1,None,None,None
Car-1,None,None,None
Car-1,None,None,None
Car-1,None,None,None
Car-1,None,None,None
Car-1,None,None,None
Car-1,None,None,None
Car-1,None,None,None
Car-1,None,None,None
Car-1,None,None,None
Car-1,None,None,None
Car-1,None,None,None
Car-1,None,None,None
Car-1,None,None,None
Car-1,None,None,None
Car-1,None,None,None
Car-1,None,None,None
Car-1,None,None,None
Car-1,None,None,None
Car-1,None,None,None
Car-1,None,None,None
Car-1,None,None,None
Car-1,None,None,None
Car-1,None,None,None
Car-1,None,None,None
Car-1,None,None,None
Car-1,None,None,None
Car-1,None,None,None
Car-1,None,None,None
Car-1,None,None,None
Car-1,None,None,None
Car-1,None,None,None
Car-1,None,None,None
Car-1,None,None,None
Car-1,None,None,None
Car-1,None,None,None
Car-1,None,None,None
Car-1,None,None,None
Car-1,None,None,None
Car-1,None,None,None
Car-1,None,None,None
Car-1,None,None,None
Car-1,None,None,None
Car-1,None,None,None
Car-1,None,None,None
Car-1,None,None,None
Car-1,None,None,None
Car-1,None,None,None
Car-1,None,None,None
Car-1,None,None,None
Car-1,None,None,None
Car-1,None,None,None
Car-1,None,None,None
Car-1,None,None,None
Car-1,None,None,None
Car-1,None,None,None
Car-1,None,None,None
Car-1,None,None,None
Car-1,None,None,None
Car-1,None,None,None
Car-1,None,None,None
Car-1,None,None,None
Car-1,None,None,None
Car-1,None,None,None
Car-1,None,None,None
Car-1,None,None,None
Car-1,None,None,None
Car-1,None,None,None
Car-1,None,None,None
Car-1,None,None,None
Car-1,None,None,None
Car-1,None,None,None
Car-1,None,None,None
Car-1,None,None,None
Car-1,None,None,None
Car-1,None,None,None
Car-1,None,None,None
Car-1,None,None,None
Car-1,None,None,None
Car-1,None,None,None
Car-1,None,None,None
Car-1,None,None,None
Car-1,None,None,None
Car-1,None,None,None
Car-1,None,None,None
Car-1,None,None,None
Car-1,None,None,None
Car-1,None,None,None
Car-1,None,None,None
Car-1,None,None,None
Car-1,None,None,None
Car-1,None,None,None
Car-1,None,None,None
Car-1,None,None,None
Car-1,None,None,None
Car-1,None,None,None
Car-1,None,None,None
Car-1,None,None,None
Car-1,None,None,None
Car-1,None,None,None
Car-1,None,None,None
Car-1,None,None,None
Car-1,None,None,None
Car-1,None,None,None
Car-1,None,None,None
Car-1,None,None,None
Car-1,None,None,None
Car-1,None,None,None
Car-1,None,None,None
Car-1,None,None,None
Car-1,None,None,None
Car-1,None,None,None
Car-1,None,None,None
Car-1,None,None,None
Car-1,None,None,None
Car-1,None,None,None
Car-1,None,None,None
Car-1,None,None,None
Car-1,None,None,None
Car-1,None,None,None
Car-1,None,None,None
Car-1,None,None,None
Car-1,None,None,None
Car-1,None,None,None
Car-1,None,None,None
Car-1,None,None,None
Car-1,None,None,None
Car-1,None,None,None
Car-1,None,None,None
Car-1,None,None,None
Car-1,None,None,None
Car-1,None,None,None
Car-1,None,None,None
Car-1,None,None,None
Car-1,None,None,None
Car-1,None,None,None
Car-1,None,None,None
Car-1,None,None,None
Car-1,None,None,None
Car-1,None,None,None
Car-1,None,None,None
Car-1,None,None,None
Car-1,None,None,None
Car-1,None,None,None
Car-1,None,None,None
Car-1,None,None,None
Car-1,None,None,None
Car-1,None,None,None
Car-1,None,None,None
Car-1,None,None,None
Car-1,None,None,None
Car-1,None,None,None
Car-1,None,None,None
Car-1,None,None,None
Car-1,None,None,None
Car-1,None,None,None
Car-1,None,None,None
Car-1,None,None,None
Car-1,None,None,None
Car-1,None,None,None
Car-1,None,None,None
Car-1,None,None,None
Car-1,None,None,None
Car-1,None,None,None
Car-1,None,None,None
Car-1,None,None,None
Car-1,None,None,None
Car-1,None,None,None
Car-1,None,None,None
Car-1,None,None,None
Car-1,None,None,None
Car-1,None,None,None
Car-1,None,None,None
Car-1,None,None,None
Car-1,None,None,None
Car-1,None,None,None
Car-1,None,None,None
Car-1,None,None,None
Car-1,None,None,None
Car-1,None,None,None
Car-1,None,None,None
Car-1,None,None,None
Car-1,None,None,None
Car-1,None,None,None
Car-1,None,None,None
Car-1,None,None,None
Car-1,None,None,None
Car-1,None,None,None
Car-1,None,None,None
Car-1,None,None,None
Car-1,None,None,None
Car-1,None,None,None
Car-1,None,None,None
Car-1,None,None,None
Car-1,None,None,None
Car-1,None,None,None
Car-1,None,None,None
Car-1,None,None,None
Car-1,None,None,None
Car-1,None,None,None
Car-1,None,None,None
Car-1,None,None,None
Car-1,None,None,None
Car-1,None,None,None
Car-1,None,None,None
Car-1,None,None,None
Car-1,None,None,None
Car-1,None,None,None
Car-1,None,None,None
Car-1,None,None,None
Car-1,None,None,None
Car-1,None,None,None
Car-1,None,None,None
Car-1,None,None,None
Car-1,None,None,None
Car-1,None,None,None
Car-1,None,None,None
Car-1,None,None,None
Car-1,None,None,None
Car-1,None,None,None
Car-1,None,None,None
Car-1,None,None,None
Car-1,None,None,None
Car-1,None,None,None
Car-1,None,None,None
Car-1,None,None,None
Car-1,None,None,None
Car-1,None,None,None
Car-1,None,None,None
Car-1,None,None,None
Car-1,None,None,None
Car-1,None,None,None
Car-1,None,None,None
Car-1,None,None,None
Car-1,None,None,None
Car-1,None,None,None
Car-1,None,None,None
Car-1,None,None,None
Car-1,None,None,None
Car-1,None,None,None
Car-1,None,None,None
Car-1,None,None,None
Car-1,None,None,None
Car-1,None,None,None
Car-1,None,None,None
Car-1,None,None,None
Car-1,None,None,None
Car-1,None,None,None
Car-1,None,None,None
Car-1,None,None,None
Car-1,None,None,None
Car-1,None,None,None
Car-1,None,None,None
Car-1,None,None,None
Car-1,None,None,None
Car-1,None,None,None
Car-1,None,None,None
Car-1,None,None,None
Car-1,None,None,None
Car-1,None,None,None
Car-1,None,None,None
Car-1,None,None,None
Car-1,None,None,None
Car-1,None,None,None
Car-1,None,None,None
Car-1,None,None,None
Car-1,None,None,None
Car-1,None,None,None
Car-1,None,None,None
Car-1,None,None,None
Car-1,None,None,None
Car-1,None,None,None
Car-1,None,None,None
Car-1,None,None,None
Car-1,None,None,None
Car-1,None,None,None
Car-1,None,None,None
Car-1,None,None,None
Car-1,None,None,None
Car-1,None,None,None
Car-1,None,None,None
Car-1,None,None,None
Car-1,None,None,None
Car-1,None,None,None
Car-1,None,None,None
Car-1,None,None,None
Car-1,None,None,None
Car-1,None,None,None
Car-1,None,None,None
Car-1,None,None,None
Car-1,None,None,None
Car-1,None,None,None
Car-1,None,None,None
Car-1,None,None,None
Car-1,None,None,None
Car-1,None,None,None
Car-1,None,None,None
Car-1,None,None,None
Car-1,None,None,None
Car-1,None,None,None
Car-1,None,None,None
Car-1,None,None,None
Car-1,None,None,None
Car-1,None,None,None
Car-1,None,None,None
Car-1,None,None,None
Car-1,None,None,None
Car-1,None,None,None
Car-1,None,None,None
Car-1,None,None,None
Car-1,None,None,None
Car-1,None,None,None
Car-1,None,None,None
Car-1,None,None,None
Car-1,None,None,None
Car-1,None,None,None
Car-1,None,None,None
Car-1,None,None,None
Car-1,None,None,None
Car-1,None,None,None
Car-1,None,None,None
Car-1,None,None,None
Car-1,None,None,None
Car-1,None,None,None
Car-1,None,None,None
Car-1,None,None,None
Car-1,None,None,None
Car-1,None,None,None
Car-1,None,None,None
Car-1,None,None,None
Car-1,None,None,None
Car-1,None,None,None
Car-1,None,None,None
Car-1,None,None,None
Car-1,None,None,None
Car-1,None,None,None
Car-1,None,None,None
Car-1,None,None,None
Car-1,None,None,None
Car-1,None,None,None
Car-1,None,None,None
Car-1,None,None,None
Car-1,None,None,None
Car-1,None,None,None
Car-1,None,None,None
Car-1,None,None,None
Car-1,None,None,None
Car-1,None,None,None
Car-1,None,None,None
Car-1,None,None,None
Car-1,None,None,None
Car-1,None,None,None
Car-1,None,None,None
Car-1,None,None,None
Car-1,None,None,None
Car-1,None,None,None
Car-1,None,None,None
Car-1,None,None,None
Car-1,None,None,None
Car-1,None,None,None
Car-1,None,None,None
Car-1,None,None,None
Car-1,None,None,None
Car-1,None,None,None
Car-1,None,None,None
Car-1,None,None,None
Car-1,None,None,None
Car-1,None,None,None
Car-1,None,None,None
Car-1,None,None,None
Car-1,None,None,None
Car-1,None,None,None
Car-1,None,None,None
Car-1,None,None,None
Car-1,None,None,None
Car-1,None,None,None
Car-1,None,None,None
Car-1,None,None,None
Car-1,None,None,None
Car-1,None,None,None
Car-1,None,None,None
Car-1,None,None,None
Car-1,None,None,None
Car-1,None,None,None
Car-1,None,None,None
Car-1,None,None,None
Car-1,None,None,None
Car-1,None,None,None
Car-1,None,None,None
Car-1,None,None,None
Car-1,None,None,None
Car-1,None,None,None
Car-1,None,None,None
Car-1,None,None,None
Car-1,None,None,None
Car-1,None,None,None
Car-1,None,None,None
Car-1,None,None,None
Car-1,None,None,None
Car-1,None,None,None
Car-1,None,None,None
Car-1,None,None,None
Car-1,None,None,None
Car-1,None,None,None
Car-1,None,None,None
Car-1,None,None,None
Car-1,None,None,None
Car-1,None,None,None
Car-1,None,None,None
Car-1,None,None,None
Car-1,None,None,None
Car-1,None,None,None
Car-1,None,None,None
Car-1,None,None,None
Car-1,None,None,None
Car-1,None,None,None
Car-1,None,None,None
Car-1,None,None,None
Car-1,None,None,None
Car-1,None,None,None
Car-1,None,None,None
Car-1,None,None,None
Car-1,None,None,None
Car-1,None,None,None
Car-1,None,None,None
Car-1,None,None,None
Car-1,None,None,None
Car-1,None,None,None
Car-1,None,None,None
Car-1,None,None,None
Car-1,None,None,None
Car-1,None,None,None
Car-1,None,None,None
Car-1,None,None,None
Car-1,None,None,None
Car-1,None,None,None
Car-1,None,None,None
Car-1,None,None,None
Car-1,None,None,None
Car-1,None,None,None
Car-1,None,None,None
Car-1,None,None,None
Car-1,None,None,None
Car-1,None,None,None
Car-1,None,None,None
Car-1,None,None,None
Car-1,None,None,None
Car-1,None,None,None
Car-1,None,None,None
Car-1,None,None,None
Car-1,None,None,None
Car-1,None,None,None
Car-1,None,None,None
Car-1,None,None,None
Car-1,None,None,None
Car-1,None,None,None
Car-1,None,None,None
Car-1,None,None,None
Car-1,None,None,None
Car-1,None,None,None
Car-1,None,None,None
Car-1,None,None,None
Car-1,None,None,None
Car-1,None,None,None
Car-1,None,None,None
Car-1,None,None,None
Car-1,None,None,None
Car-1,None,None,None
Car-1,None,None,None
Car-1,None,None,None
Car-1,None,None,None
Car-1,None,None,None
Car-1,None,None,None
Car-1,None,None,None
Car-1,None,None,None
Car-1,None,None,None
Car-1,None,None,None
Car-1,None,None,None
Car-1,None,None,None
Car-1,None,None,None
Car-1,None,None,None
Car-1,None,None,None
Car-1,None,None,None
Car-1,None,None,None
Car-1,None,None,None
Car-1,None,None,None
Car-1,None,None,None
Car-1,None,None,None
Car-1,None,None,None
Car-1,None,None,None
Car-1,None,None,None
Car-1,None,None,None
Car-1,None,None,None
Car-1,None,None,None
Car-1,None,None,None
Car-1,None,None,None
Car-1,None,None,None
Car-1,None,None,None
Car-1,None,None,None
Car-1,None,None,None
Car-1,None,None,None
Car-1,None,None,None
Car-1,None,None,None
Car-1,None,None,None
Car-1,None,None,None
Car-1,None,None,None
Car-1,None,None,None
Car-1,None,None,None
Car-1,None,None,None
Car-1,None,None,None
Car-1,None,None,None
Car-1,None,None,None
Car-1,None,None,None
Car-1,None,None,None
Car-1,None,None,None
Car-1,None,None,None
Car-1,None,None,None
Car-1,None,None,None
Car-1,None,None,None
Car-1,None,None,None
Car-1,None,None,None
Car-1,None,None,None
Car-1,None,None,None
Car-1,None,None,None
Car-1,None,None,None
Car-1,None,None,None
Car-1,None,None,None
Car-1,None,None,None
Car-1,None,None,None
Car-1,None,None,None
Car-1,None,None,None
Car-1,None,None,None
Car-1,None,None,None
Car-1,None,None,None
Car-1,None,None,None
Car-1,None,None,None
Car-1,None,None,None
Car-1,None,None,None
Car-1,None,None,None
Car-1,None,None,None
Car-1,None,None,None
Car-1,None,None,None
Car-1,None,None,None
Car-1,None,None,None
Car-1,None,None,None
Car-1,None,None,None
Car-1,None,None,None
Car-1,None,None,None
Car-1,None,None,None
Car-1,None,None,None
Car-1,None,None,None
Car-1,None,None,None
Car-1,None,None,None
Car-1,None,None,None
Car-1,None,None,None
Car-1,None,None,None
Car-1,None,None,None
Car-1,None,None,None
Car-1,None,None,None
Car-1,None,None,None
Car-1,None,None,None
Car-1,None,None,None
Car-1,None,None,None
Car-1,None,None,None
Car-1,None,None,None
Car-1,None,None,None
Car-1,None,None,None
Car-1,None,None,None
Car-1,None,None,None
Car-1,None,None,None
Car-1,None,None,None
Car-1,None,None,None
Car-1,None,None,None
Car-1,None,None,None
Car-1,None,None,None
Car-1,None,None,None
Car-1,None,None,None
Car-1,None,None,None
Car-1,None,None,None
Car-1,None,None,None
Car-1,None,None,None
Car-1,None,None,None
Car-1,None,None,None
Car-1,None,None,None
Car-1,None,None,None
Car-1,None,None,None
Car-1,None,None,None
Car-1,None,None,None
Car-1,None,None,None
Car-1,None,None,None
Car-1,None,None,None
Car-1,None,None,None
Car-1,None,None,None
Car-1,None,None,None
Car-1,None,None,None
Car-1,None,None,None
Car-1,None,None,None
Car-1,None,None,None
Car-1,None,None,None
Car-1,None,None,None
Car-1,None,None,None
Car-1,None,None,None
Car-1,None,None,None
Car-1,None,None,None
Car-1,None,None,None
Car-1,None,None,None
Car-1,None,None,None
Car-1,None,None,None
Car-1,None,None,None
Car-1,None,None,None
Car-1,None,None,None
Car-1,None,None,None
Car-1,None,None,None
Car-1,None,None,None
Car-1,None,None,None
Car-1,None,None,None
Car-1,None,None,None
Car-1,None,None,None
Car-1,None,None,None
Car-1,None,None,None
Car-1,None,None,None
Car-1,None,None,None
Car-1,None,None,None
Car-1,None,None,None
Car-1,None,None,None
Car-1,None,None,None
Car-1,None,None,None
Car-1,None,None,None
Car-1,None,None,None
Car-1,None,None,None
Car-1,None,None,None
Car-1,None,None,None
Car-1,None,None,None
Car-1,None,None,None
Car-1,None,None,None
Car-1,None,None,None
Car-1,None,None,None
Car-1,None,None,None
Car-1,None,None,None
Car-1,None,None,None
Car-1,None,None,None
Car-1,None,None,None
Car-1,None,None,None
Car-1,None,None,None
Car-1,None,None,None
Car-1,None,None,None
Car-1,None,None,None
Car-1,None,None,None
Car-1,None,None,None
Car-1,None,None,None
Car-1,None,None,None
Car-1,None,None,None
Car-1,None,None,None
Car-1,None,None,None
Car-1,None,None,None
Car-1,None,None,None
Car-1,None,None,None
Car-1,None,None,None
Car-1,None,None,None
Car-1,None,None,None
Car-1,None,None,None
Car-1,None,None,None
Car-1,None,None,None
Car-1,None,None,None
Car-1,None,None,None
Car-1,None,None,None
Car-1,None,None,None
Car-1,None,None,None
Car-1,None,None,None
Car-1,None,None,None
Car-1,None,None,None
Car-1,None,None,None
Car-1,None,None,None
Car-1,None,None,None
Car-1,None,None,None
Car-1,None,None,None
Car-1,None,None,None
Car-1,None,None,None
Car-1,None,None,None
Car-1,None,None,None
Car-1,None,None,None
Car-1,None,None,None
Car-1,None,None,None
Car-1,None,None,None
Car-1,None,None,None
Car-1,None,None,None
Car-1,None,None,None
Car-1,None,None,None
Car-1,None,None,None
Car-1,None,None,None
Car-1,None,None,None
Car-1,None,None,None
Car-1,None,None,None
Car-1,None,None,None
Car-1,None,None,None
Car-1,None,None,None
Car-1,None,None,None
Car-1,None,None,None
Car-1,None,None,None
Car-1,None,None,None
Car-1,None,None,None
Car-1,None,None,None
Car-1,None,None,None
Car-1,None,None,None
Car-1,None,None,None
Car-1,None,None,None
Car-1,None,None,None
Car-1,None,None,None
Car-1,None,None,None
Car-1,None,None,None
Car-1,None,None,None
Car-1,None,None,None
Car-1,None,None,None
Car-1,None,None,None
Car-1,None,None,None
Car-1,None,None,None
Car-1,None,None,None
Car-1,None,None,None
Car-1,None,None,None
Car-1,None,None,None
Car-1,None,None,None
Car-1,None,None,None
Car-1,None,None,None
Car-1,None,None,None
Car-1,None,None,None
Car-1,None,None,None
Car-1,None,None,None
Car-1,None,None,None
Car-1,None,None,None
Car-1,None,None,None
Car-1,None,None,None
Car-1,None,None,None
Car-1,None,None,None
Car-1,None,None,None
Car-1,None,None,None
Car-1,None,None,None
Car-1,None,None,None
Car-1,None,None,None
Car-1,None,None,None
Car-1,None,None,None
Car-1,None,None,None
Car-1,None,None,None
Car-1,None,None,None
Car-1,None,None,None
Car-1,None,None,None
Car-1,None,None,None
Car-1,None,None,None
Car-1,None,None,None
Car-1,None,None,None
Car-1,None,None,None
Car-1,None,None,None
Car-1,None,None,None
Car-1,None,None,None
Car-1,None,None,None
Car-1,None,None,None
Car-1,None,None,None
Car-1,None,None,None
Car-1,None,None,None
Car-1,None,None,None
Car-1,None,None,None
Car-1,None,None,None
Car-1,None,None,None
Car-1,None,None,None
Car-1,None,None,None
Car-1,None,None,None
Car-1,None,None,None
Car-1,None,None,None
Car-1,None,None,None
Car-1,None,None,None
Car-1,None,None,None
Car-1,None,None,None
Car-1,None,None,None
Car-1,None,None,None
Car-1,None,None,None
Car-1,None,None,None
Car-1,None,None,None
Car-1,None,None,None
Car-1,None,None,None
Car-1,None,None,None
Car-1,None,None,None
Car-1,None,None,None
Car-1,None,None,None
Car-1,None,None,None
Car-1,None,None,None
Car-1,None,None,None
Car-1,None,None,None
Car-1,None,None,None
Car-1,None,None,None
Car-1,None,None,None
Car-1,None,None,None
Car-1,None,None,None
Car-1,None,None,None
Car-1,None,None,None
Car-1,None,None,None
Car-1,None,None,None
Car-1,None,None,None
Car-1,None,None,None
Car-1,None,None,None
Car-1,None,None,None
Car-1,None,None,None
Car-1,None,None,None
Car-1,None,None,None
Car-1,None,None,None
Car-1,None,None,None
Car-1,None,None,None
Car-1,None,None,None
Car-1,None,None,None
Car-1,None,None,None
Car-1,None,None,None
Car-1,None,None,None
Car-1,None,None,None
Car-1,None,None,None
Car-1,None,None,None
Car-1,None,None,None
Car-1,None,None,None
Car-1,None,None,None
Car-1,None,None,None
Car-1,None,None,None
Car-1,None,None,None
Car-1,None,None,None
Car-1,None,None,None
Car-1,None,None,None
Car-1,None,None,None
Car-1,None,None,None
Car-1,None,None,None
Car-1,None,None,None
Car-1,None,None,None
Car-1,None,None,None
Car-1,None,None,None
Car-1,None,None,None
Car-1,None,None,None
Car-1,None,None,None
Car-1,None,None,None
Car-1,None,None,None
Car-1,None,None,None
Car-1,None,None,None
Car-1,None,None,None
Car-1,None,None,None
Car-1,None,None,None
Car-1,None,None,None
Car-1,None,None,None
Car-1,None,None,None
Car-1,None,None,None
Car-1,None,None,None
Car-1,None,None,None
Car-1,None,None,None
Car-1,None,None,None
Car-1,None,None,None
Car-1,None,None,None
Car-1,None,None,None
Car-1,None,None,None
Car-1,None,None,None
Car-1,None,None,None
Car-1,None,None,None
Car-1,None,None,None
Car-1,None,None,None
Car-1,None,None,None
Car-1,None,None,None
Car-1,None,None,None
Car-1,None,None,None
Car-1,None,None,None
Car-1,None,None,None
Car-1,None,None,None
Car-1,None,None,None
Car-1,None,None,None
Car-1,None,None,None
Car-1,None,None,None
Car-1,None,None,None
Car-1,None,None,None
Car-1,None,None,None
Car-1,None,None,None
Car-1,None,None,None
Car-1,None,None,None
Car-1,None,None,None
Car-1,None,None,None
Car-1,None,None,None
Car-1,None,None,None
Car-1,None,None,None
Car-1,None,None,None
Car-1,None,None,None
Car-1,None,None,None
Car-1,None,None,None
Car-1,None,None,None
Car-1,None,None,None
Car-1,None,None,None
Car-1,None,None,None
Car-1,None,None,None
Car-1,None,None,None
Car-1,None,None,None
Car-1,None,None,None
Car-1,None,None,None
Car-1,None,None,None
Car-1,None,None,None
Car-1,None,None,None
Car-1,None,None,None
Car-1,None,None,None
Car-1,None,None,None
Car-1,None,None,None
Car-1,None,None,None
Car-1,None,None,None
Car-1,None,None,None
Car-1,None,None,None
Car-1,None,None,None
Car-1,None,None,None
Car-1,None,None,None
Car-1,None,None,None
Car-1,None,None,None
Car-1,None,None,None
Car-1,None,None,None
Car-1,None,None,None
Car-1,None,None,None
Car-1,None,None,None
Car-1,None,None,None
Car-1,None,None,None
Car-1,None,None,None
Car-1,None,None,None
Car-1,None,None,None
Car-1,None,None,None
Car-1,None,None,None
Car-1,None,None,None
Car-1,None,None,None
Car-1,None,None,None
Car-1,None,None,None
Car-1,None,None,None
Car-1,None,None,None
Car-1,None,None,None
Car-1,None,None,None
Car-1,None,None,None
Car-1,None,None,None
Car-1,None,None,None
Car-1,None,None,None
Car-1,None,None,None
Car-1,None,None,None
Car-1,None,None,None
Car-1,None,None,None
Car-1,None,None,None
Car-1,None,None,None
Car-1,None,None,None
Car-1,None,None,None
Car-1,None,None,None
Car-1,None,None,None
Car-1,None,None,None
Car-1,None,None,None
Car-1,None,None,None
Car-1,None,None,None
Car-1,None,None,None
Car-1,None,None,None
Car-1,None,None,None
Car-1,None,None,None
Car-1,None,None,None
Car-1,None,None,None
Car-1,None,None,None
Car-1,None,None,None
Car-1,None,None,None
Car-1,None,None,None
Car-1,None,None,None
Car-1,None,None,None
Car-1,None,None,None
Car-1,None,None,None
Car-1,None,None,None
Car-1,None,None,None
Car-1,None,None,None
Car-1,None,None,None
Car-1,None,None,None
Car-1,None,None,None
Car-1,None,None,None
Car-1,None,None,None
Car-1,None,None,None
Car-1,None,None,None
Car-1,None,None,None
Car-1,None,None,None
Car-1,None,None,None
Car-1,None,None,None
Car-1,None,None,None
Car-1,None,None,None
Car-1,None,None,None
Car-1,None,None,None
Car-1,None,None,None
Car-1,None,None,None
Car-1,None,None,None
Car-1,None,None,None
Car-1,None,None,None
Car-1,None,None,None
Car-1,None,None,None
Car-1,None,None,None
Car-1,None,None,None
Car-1,None,None,None
Car-1,None,None,None
Car-1,None,None,None
Car-1,None,None,None
Car-1,None,None,None
Car-1,None,None,None
Car-1,None,None,None
Car-1,None,None,None
Car-1,None,None,None
Car-1,None,None,None
Car-1,None,None,None
Car-1,None,None,None
Car-1,None,None,None
Car-1,None,None,None
Car-1,None,None,None
Car-1,None,None,None
Car-1,None,None,None
Car-1,None,None,None
Car-1,None,None,None
Car-1,None,None,None
Car-1,None,None,None
Car-1,None,None,None
Car-1,None,None,None
Car-1,None,None,None
Car-1,None,None,None
Car-1,None,None,None
Car-1,None,None,None
Car-1,None,None,None
Car-1,None,None,None
Car-1,None,None,None
Car-1,None,None,None
Car-1,None,None,None
Car-1,None,None,None
Car-1,None,None,None
Car-1,None,None,None
Car-1,None,None,None
Car-1,None,None,None
Car-1,None,None,None
Car-1,None,None,None
Car-1,None,None,None
Car-1,None,None,None
Car-1,None,None,None
Car-1,None,None,None
Car-1,None,None,None
Car-1,None,None,None
Car-1,None,None,None
Car-1,None,None,None
Car-1,None,None,None
Car-1,None,None,None
Car-1,None,None,None
Car-1,None,None,None
Car-1,None,None,None
Car-1,None,None,None
Car-1,None,None,None
Car-1,None,None,None
Car-1,None,None,None
Car-1,None,None,None
Car-1,None,None,None
Car-1,None,None,None
Car-1,None,None,None
Car-1,None,None,None
Car-1,None,None,None
Car-1,None,None,None
Car-1,None,None,None
Car-1,None,None,None
Car-1,None,None,None
Car-1,None,None,None
Car-1,None,None,None
Car-1,None,None,None
Car-1,None,None,None
Car-1,None,None,None
Car-1,None,None,None
Car-1,None,None,None
Car-1,None,None,None
Car-1,None,None,None
Car-1,None,None,None
Car-1,None,None,None
Car-1,None,None,None
Car-1,None,None,None
Car-1,None,None,None
Car-1,None,None,None
Car-1,None,None,None
Car-1,None,None,None
Car-1,None,None,None
Car-1,None,None,None
Car-1,None,None,None
Car-1,None,None,None
Car-1,None,None,None
Car-1,None,None,None
Car-1,None,None,None
Car-1,None,None,None
Car-1,None,None,None
Car-1,None,None,None
Car-1,None,None,None
Car-1,None,None,None
Car-1,None,None,None
Car-1,None,None,None
Car-1,None,None,None
Car-1,None,None,None
Car-1,None,None,None
Car-1,None,None,None
Car-1,None,None,None
Car-1,None,None,None
Car-1,None,None,None
Car-1,None,None,None
Car-1,None,None,None
Car-1,None,None,None
Car-1,None,None,None
Car-1,None,None,None
Car-1,None,None,None
Car-1,None,None,None
Car-1,None,None,None
Car-1,None,None,None
Car-1,None,None,None
Car-1,None,None,None
Car-1,None,None,None
Car-1,None,None,None
Car-1,None,None,None
Car-1,None,None,None
Car-1,None,None,None
Car-1,None,None,None
Car-1,None,None,None
Car-1,None,None,None
Car-1,None,None,None
Car-1,None,None,None
Car-1,None,None,None
Car-1,None,None,None
Car-1,None,None,None
Car-1,None,None,None
Car-1,None,None,None
Car-1,None,None,None
Car-1,None,None,None
Car-1,None,None,None
Car-1,None,None,None
Car-1,None,None,None
Car-1,None,None,None
Car-1,None,None,None
Car-1,None,None,None
Car-1,None,None,None
Car-1,None,None,None
Car-1,None,None,None
Car-1,None,None,None
Car-1,None,None,None
Car-1,None,None,None
Car-1,None,None,None
Car-1,None,None,None
Car-1,None,None,None
Car-1,None,None,None
Car-1,None,None,None
Car-1,None,None,None
Car-1,None,None,None
Car-1,None,None,None
Car-1,None,None,None
Car-1,None,None,None
Car-1,None,None,None
Car-1,None,None,None
Car-1,None,None,None
Car-1,None,None,None
Car-1,None,None,None
Car-1,None,None,None
Car-1,None,None,None
Car-1,None,None,None
Car-1,None,None,None
Car-1,None,None,None
Car-1,None,None,None
Car-1,None,None,None
Car-1,None,None,None
Car-1,None,None,None
Car-1,None,None,None
Car-1,None,None,None
Car-1,None,None,None
Car-1,None,None,None
Car-1,None,None,None
Car-1,None,None,None
Car-1,None,None,None
Car-1,None,None,None
Car-1,None,None,None
Car-1,None,None,None
Car-1,None,None,None
Car-1,None,None,None
Car-1,None,None,None
Car-1,None,None,None
Car-1,None,None,None
Car-1,None,None,None
Car-1,None,None,None
Car-1,None,None,None
Car-1,None,None,None
Car-1,None,None,None
Car-1,None,None,None
Car-1,None,None,None
Car-1,None,None,None
Car-1,None,None,None
Car-1,None,None,None
Car-1,None,None,None
Car-1,None,None,None
Car-1,None,None,None
Car-1,None,None,None
Car-1,None,None,None
Car-1,None,None,None
Car-1,None,None,None
Car-1,None,None,None
Car-1,None,None,None
Car-1,None,None,None
Car-1,None,None,None
Car-1,None,None,None
Car-1,None,None,None
Car-1,None,None,None
Car-1,None,None,None
Car-1,None,None,None
Car-1,None,None,None
Car-1,None,None,None
Car-1,None,None,None
Car-1,None,None,None
Car-1,None,None,None
Car-1,None,None,None
Car-1,None,None,None
Car-1,None,None,None
Car-1,None,None,None
Car-1,None,None,None
Car-1,None,None,None
Car-1,None,None,None
Car-1,None,None,None
Car-1,None,None,None
Car-1,None,None,None
Car-1,None,None,None
Car-1,None,None,None
Car-1,None,None,None
Car-1,None,None,None
Car-1,None,None,None
Car-1,None,None,None
Car-1,None,None,None
Car-1,None,None,None
Car-1,None,None,None
Car-1,None,None,None
Car-1,None,None,None
Car-1,None,None,None
Car-1,None,None,None
Car-1,None,None,None
Car-1,None,None,None
Car-1,None,None,None
Car-1,None,None,None
Car-1,None,None,None
Car-1,None,None,None
Car-1,None,None,None
Car-1,None,None,None
Car-1,None,None,None
Car-1,None,None,None
Car-1,None,None,None
Car-1,None,None,None
Car-1,None,None,None
Car-1,None,None,None
Car-1,None,None,None
Car-1,None,None,None
Car-1,None,None,None
Car-1,None,None,None
Car-1,None,None,None
Car-1,None,None,None
Car-1,None,None,None
Car-1,None,None,None
Car-1,None,None,None
Car-1,None,None,None
Car-1,None,None,None
Car-1,None,None,None
Car-1,None,None,None
Car-1,None,None,None
Car-1,None,None,None
Car-1,None,None,None
Car-1,None,None,None
Car-1,None,None,None
Car-1,None,None,None
Car-1,None,None,None
Car-1,None,None,None
Car-1,None,None,None
Car-1,None,None,None
Car-1,None,None,None
Car-1,None,None,None
Car-1,None,None,None
Car-1,None,None,None
Car-1,None,None,None
Car-1,None,None,None
Car-1,None,None,None
Car-1,None,None,None
Car-1,None,None,None
Car-1,None,None,None
Car-1,None,None,None
Car-1,None,None,None
Car-1,None,None,None
Car-1,None,None,None
Car-1,None,None,None
Car-1,None,None,None
Car-1,None,None,None
Car-1,None,None,None
Car-1,None,None,None
Car-1,None,None,None
Car-1,None,None,None
Car-1,None,None,None
Car-1,None,None,None
Car-1,None,None,None
Car-1,None,None,None
Car-1,None,None,None
Car-1,None,None,None
Car-1,None,None,None
Car-1,None,None,None
Car-1,None,None,None
Car-1,None,None,None
Car-1,None,None,None
Car-1,None,None,None
Car-1,None,None,None
Car-1,None,None,None
Car-1,None,None,None
Car-1,None,None,None
Car-1,None,None,None
Car-1,None,None,None
Car-1,None,None,None
Car-1,None,None,None
Car-1,None,None,None
Car-1,None,None,None
Car-1,None,None,None
Car-1,None,None,None
Car-1,None,None,None
Car-1,None,None,None
Car-1,None,None,None
Car-1,None,None,None
Car-1,None,None,None
Car-1,None,None,None
Car-1,None,None,None
Car-1,None,None,None
Car-1,None,None,None
Car-1,None,None,None
Car-1,None,None,None
Car-1,None,None,None
Car-1,None,None,None
Car-1,None,None,None
Car-1,None,None,None
Car-1,None,None,None
Car-1,None,None,None
Car-1,None,None,None
Car-1,None,None,None
Car-1,None,None,None
Car-1,None,None,None
Car-1,None,None,None
Car-1,None,None,None
Car-1,None,None,None
Car-1,None,None,None
Car-1,None,None,None
Car-1,None,None,None
Car-1,None,None,None
Car-1,None,None,None
Car-1,None,None,None
Car-1,None,None,None
Car-1,None,None,None
Car-1,None,None,None
Car-1,None,None,None
Car-1,None,None,None
Car-1,None,None,None
Car-1,None,None,None
Car-1,None,None,None
Car-1,None,None,None
Car-1,None,None,None
Car-1,None,None,None
Car-1,None,None,None
Car-1,None,None,None
Car-1,None,None,None
Car-1,None,None,None
Car-1,None,None,None
Car-1,None,None,None
Car-1,None,None,None
Car-1,None,None,None
Car-1,None,None,None
Car-1,None,None,None
Car-1,None,None,None
Car-1,None,None,None
Car-1,None,None,None
Car-1,None,None,None
Car-1,None,None,None
Car-1,None,None,None
Car-1,None,None,None
Car-1,None,None,None
Car-1,None,None,None
Car-1,None,None,None
Car-1,None,None,None
Car-1,None,None,None
Car-1,None,None,None
Car-1,None,None,None
Car-1,None,None,None
Car-1,None,None,None
Car-1,None,None,None
Car-1,None,None,None
Car-1,None,None,None
Car-1,None,None,None
Car-1,None,None,None
Car-1,None,None,None
Car-1,None,None,None
Car-1,None,None,None
Car-1,None,None,None
Car-1,None,None,None
Car-1,None,None,None
Car-1,None,None,None
Car-1,None,None,None
Car-1,None,None,None
Car-1,None,None,None
Car-1,None,None,None
Car-1,None,None,None
Car-1,None,None,None
Car-1,None,None,None
Car-1,None,None,None
Car-1,None,None,None
Car-1,None,None,None
Car-1,None,None,None
Car-1,None,None,None
Car-1,None,None,None
Car-1,None,None,None
Car-1,None,None,None
Car-1,None,None,None
Car-1,None,None,None
Car-1,None,None,None
Car-1,None,None,None
Car-1,None,None,None
Car-1,None,None,None
Car-1,None,None,None
Car-1,None,None,None
Car-1,None,None,None
Car-1,None,None,None
Car-1,None,None,None
Car-1,None,None,None
Car-1,None,None,None
Car-1,None,None,None
Car-1,None,None,None
Car-1,None,None,None
Car-1,None,None,None
Car-1,None,None,None
Car-1,None,None,None
Car-1,None,None,None
Car-1,None,None,None
Car-1,None,None,None
Car-1,None,None,None
Car-1,None,None,None
Car-1,None,None,None
Car-1,None,None,None
Car-1,None,None,None
Car-1,None,None,None
Car-1,None,None,None
Car-1,None,None,None
Car-1,None,None,None
Car-1,None,None,None
Car-1,None,None,None
Car-1,None,None,None
Car-1,None,None,None
Car-1,None,None,None
Car-1,None,None,None
Car-1,None,None,None
Car-1,None,None,None
Car-1,None,None,None
Car-1,None,None,None
Car-1,None,None,None
Car-1,None,None,None
Car-1,None,None,None
Car-1,None,None,None
Car-1,None,None,None
Car-1,None,None,None
Car-1,None,None,None
Car-1,None,None,None
Car-1,None,None,None
Car-1,None,None,None
Car-1,None,None,None
Car-1,None,None,None
Car-1,None,None,None
Car-1,None,None,None
Car-1,None,None,None
Car-1,None,None,None
Car-1,None,None,None
Car-1,None,None,None
Car-1,None,None,None
Car-1,None,None,None
Car-1,None,None,None
Car-1,None,None,None
Car-1,None,None,None
Car-1,None,None,None
Car-1,None,None,None
Car-1,None,None,None
Car-1,None,None,None
Car-1,None,None,None
Car-1,None,None,None
Car-1,None,None,None
Car-1,None,None,None
Car-1,None,None,None
Car-1,None,None,None
Car-1,None,None,None
Car-1,None,None,None
Car-1,None,None,None
Car-1,None,None,None
Car-1,None,None,None
Car-1,None,None,None
Car-1,None,None,None
Car-1,None,None,None
Car-1,None,None,None
Car-1,None,None,None
Car-1,None,None,None
Car-1,None,None,None
Car-1,None,None,None
Car-1,None,None,None
Car-1,None,None,None
Car-1,None,None,None
Car-1,None,None,None
Car-1,None,None,None
Car-1,None,None,None
Car-1,None,None,None
Car-1,None,None,None
Car-1,None,None,None
Car-1,None,None,None
Car-1,None,None,None
Car-1,None,None,None
Car-1,None,None,None
Car-1,None,None,None
Car-1,None,None,None
Car-1,None,None,None
Car-1,None,None,None
Car-1,None,None,None
Car-1,None,None,None
Car-1,None,None,None
Car-1,None,None,None
Car-1,None,None,None
Car-1,None,None,None
Car-1,None,None,None
Car-1,None,None,None
Car-1,None,None,None
Car-1,None,None,None
Car-1,None,None,None
Car-1,None,None,None
Car-1,None,None,None
Car-1,None,None,None
Car-1,None,None,None
Car-1,None,None,None
Car-1,None,None,None
Car-1,None,None,None
Car-1,None,None,None
Car-1,None,None,None
Car-1,None,None,None
Car-1,None,None,None
Car-1,None,None,None
Car-1,None,None,None
Car-1,None,None,None
Car-1,None,None,None
Car-1,None,None,None
Car-1,None,None,None
Car-1,None,None,None
Car-1,None,None,None
Car-1,None,None,None
Car-1,None,None,None
Car-1,None,None,None
Car-1,None,None,None
Car-1,None,None,None
Car-1,None,None,None
Car-1,None,None,None
Car-1,None,None,None
Car-1,None,None,None
Car-1,None,None,None
Car-1,None,None,None
Car-1,None,None,None
Car-1,None,None,None
Car-1,None,None,None
Car-1,None,None,None
Car-1,None,None,None
Car-1,None,None,None
Car-1,None,None,None
Car-1,None,None,None
Car-1,None,None,None
Car-1,None,None,None
Car-1,None,None,None
Car-1,None,None,None
Car-1,None,None,None
Car-1,None,None,None
Car-1,None,None,None
Car-1,None,None,None
Car-1,None,None,None
Car-1,None,None,None
Car-1,None,None,None
Car-1,None,None,None
Car-1,None,None,None
Car-1,None,None,None
Car-1,None,None,None
Car-1,None,None,None
Car-1,None,None,None
Car-1,None,None,None
Car-1,None,None,None
Car-1,None,None,None
Car-1,None,None,None
Car-1,None,None,None
Car-1,None,None,None
Car-1,None,None,None
Car-1,None,None,None
Car-1,None,None,None
Car-1,None,None,None
Car-1,None,None,None
Car-1,None,None,None
Car-1,None,None,None
Car-1,None,None,None
Car-1,None,None,None
Car-1,None,None,None
Car-1,None,None,None
Car-1,None,None,None
Car-1,None,None,None
Car-1,None,None,None
Car-1,None,None,None
Car-1,None,None,None
Car-1,None,None,None
Car-1,None,None,None
Car-1,None,None,None
Car-1,None,None,None
Car-1,None,None,None
Car-1,None,None,None
Car-1,None,None,None
Car-1,None,None,None
Car-1,None,None,None
Car-1,None,None,None
Car-1,None,None,None
Car-1,None,None,None
Car-1,None,None,None
Car-1,None,None,None
Car-1,None,None,None
Car-1,None,None,None
Car-1,None,None,None
Car-1,None,None,None
Car-1,None,None,None
Car-1,None,None,None
Car-1,None,None,None
Car-1,None,None,None
Car-1,None,None,None
Car-1,None,None,None
Car-1,None,None,None
Car-1,None,None,None
Car-1,None,None,None
Car-1,None,None,None
Car-1,None,None,None
Car-1,None,None,None
Car-1,None,None,None
Car-1,None,None,None
Car-1,None,None,None
Car-1,None,None,None
Car-1,None,None,None
Car-1,None,None,None
Car-1,None,None,None
Car-1,None,None,None
Car-1,None,None,None
Car-1,None,None,None
Car-1,None,None,None
Car-1,None,None,None
Car-1,None,None,None
Car-1,None,None,None
Car-1,None,None,None
Car-1,None,None,None
Car-1,None,None,None
Car-1,None,None,None
Car-1,None,None,None
Car-1,None,None,None
Car-1,None,None,None
Car-1,None,None,None
Car-1,None,None,None
Car-1,None,None,None
Car-1,None,None,None
Car-1,None,None,None
Car-1,None,None,None
Car-1,None,None,None
Car-1,None,None,None
Car-1,None,None,None
Car-1,None,None,None
Car-1,None,None,None
Car-1,None,None,None
Car-1,None,None,None
Car-1,None,None,None
Car-1,None,None,None
Car-1,None,None,None
Car-1,None,None,None
Car-1,None,None,None
Car-1,None,None,None
Car-1,None,None,None
Car-1,None,None,None
Car-1,None,None,None
Car-1,None,None,None
Car-1,None,None,None
Car-1,None,None,None
Car-1,None,None,None
Car-1,None,None,None
Car-1,None,None,None
Car-1,None,None,None
Car-1,None,None,None
Car-1,None,None,None
Car-1,None,None,None
Car-1,None,None,None
Car-1,None,None,None
Car-1,None,None,None
Car-1,None,None,None
Car-1,None,None,None
Car-1,None,None,None
Car-1,None,None,None
Car-1,None,None,None
Car-1,None,None,None
Car-1,None,None,None
Car-1,None,None,None
Car-1,None,None,None
Car-1,None,None,None
Car-1,None,None,None
Car-1,None,None,None
Car-1,None,None,None
Car-1,None,None,None
Car-1,None,None,None
Car-1,None,None,None
Car-1,None,None,None
Car-1,None,None,None
Car-1,None,None,None
Car-1,None,None,None
Car-1,None,None,None
Car-1,None,None,None
Car-1,None,None,None
Car-1,None,None,None
Car-1,None,None,None
Car-1,None,None,None
Car-1,None,None,None
Car-1,None,None,None
Car-1,None,None,None
Car-1,None,None,None
Car-1,None,None,None
Car-1,None,None,None
Car-1,None,None,None
Car-1,None,None,None
Car-1,None,None,None
Car-1,None,None,None
Car-1,None,None,None
Car-1,None,None,None
Car-1,None,None,None
Car-1,None,None,None
Car-1,None,None,None
Car-1,None,None,None
Car-1,None,None,None
Car-1,None,None,None
Car-1,None,None,None
Car-1,None,None,None
Car-1,None,None,None
Car-1,None,None,None
Car-1,None,None,None
Car-1,None,None,None
Car-1,None,None,None
Car-1,None,None,None
Car-1,None,None,None
Car-1,None,None,None
Car-1,None,None,None
Car-1,None,None,None
Car-1,None,None,None
Car-1,None,None,None
Car-1,None,None,None
Car-1,None,None,None
Car-1,None,None,None
Car-1,None,None,None
Car-1,None,None,None
Car-1,None,None,None
Car-1,None,None,None
Car-1,None,None,None
Car-1,None,None,None
Car-1,None,None,None
Car-1,None,None,None
Car-1,None,None,None
Car-1,None,None,None
Car-1,None,None,None
Car-1,None,None,None
Car-1,None,None,None
Car-1,None,None,None
Car-1,None,None,None
Car-1,None,None,None
Car-1,None,None,None
Car-1,None,None,None
Car-1,None,None,None
Car-1,None,None,None
Car-1,None,None,None
Car-1,None,None,None
Car-1,None,None,None
Car-1,None,None,None
Car-1,None,None,None
Car-1,None,None,None
Car-1,None,None,None
Car-1,None,None,None
Car-1,None,None,None
Car-1,None,None,None
Car-1,None,None,None
Car-1,None,None,None
Car-1,None,None,None
Car-1,None,None,None
Car-1,None,None,None
Car-1,None,None,None
Car-1,None,None,None
Car-1,None,None,None
Car-1,None,None,None
Car-1,None,None,None
Car-1,None,None,None
Car-1,None,None,None
Car-1,None,None,None
Car-1,None,None,None
Car-1,None,None,None
Car-1,None,None,None
Car-1,None,None,None
Car-1,None,None,None
Car-1,None,None,None
Car-1,None,None,None
Car-1,None,None,None
Car-1,None,None,None
Car-1,None,None,None
Car-1,None,None,None
Car-1,None,None,None
Car-1,None,None,None
Car-1,None,None,None
Car-1,None,None,None
Car-1,None,None,None
Car-1,None,None,None
Car-1,None,None,None
Car-1,None,None,None
Car-1,None,None,None
Car-1,None,None,None
Car-1,None,None,None
Car-1,None,None,None
Car-1,None,None,None
Car-1,None,None,None
Car-1,None,None,None
Car-1,None,None,None
Car-1,None,None,None
Car-1,None,None,None
Car-1,None,None,None
Car-1,None,None,None
Car-1,None,None,None
Car-1,None,None,None
Car-1,None,None,None
Car-1,None,None,None
Car-1,None,None,None
Car-1,None,None,None
Car-1,None,None,None
Car-1,None,None,None
Car-1,None,None,None
Car-1,None,None,None
Car-1,None,None,None
Car-1,None,None,None
Car-1,None,None,None
Car-1,None,None,None
Car-1,None,None,None
Car-1,None,None,None
Car-1,None,None,None
Car-1,None,None,None
Car-1,None,None,None
Car-1,None,None,None
Car-1,None,None,None
Car-1,None,None,None
Car-1,None,None,None
Car-1,None,None,None
Car-1,None,None,None
Car-1,None,None,None
Car-1,None,None,None
Car-1,None,None,None
Car-1,None,None,None
Car-1,None,None,None
Car-1,None,None,None
Car-1,None,None,None
Car-1,None,None,None
Car-1,None,None,None
Car-1,None,None,None
Car-1,None,None,None
Car-1,None,None,None
Car-1,None,None,None
Car-1,None,None,None
Car-1,None,None,None
Car-1,None,None,None
Car-1,None,None,None
Car-1,None,None,None
Car-1,None,None,None
Car-1,None,None,None
Car-1,None,None,None
Car-1,None,None,None
Car-1,None,None,None
Car-1,None,None,None
Car-1,None,None,None
Car-1,None,None,None
Car-1,None,None,None
Car-1,None,None,None
Car-1,None,None,None
Car-1,None,None,None
Car-1,None,None,None
Car-1,None,None,None
Car-1,None,None,None
Car-1,None,None,None
Car-1,None,None,None
Car-1,None,None,None
Car-1,None,None,None
Car-1,None,None,None
Car-1,None,None,None
Car-1,None,None,None
Car-1,None,None,None
Car-1,None,None,None
Car-1,None,None,None
Car-1,None,None,None
Car-1,None,None,None
Car-1,None,None,None
Car-1,None,None,None
Car-1,None,None,None
Car-1,None,None,None
Car-1,None,None,None
Car-1,None,None,None
Car-1,None,None,None
Car-1,None,None,None
Car-1,None,None,None
Car-1,None,None,None
Car-1,None,None,None
Car-1,None,None,None
Car-1,None,None,None
Car-1,None,None,None
Car-1,None,None,None
Car-1,None,None,None
Car-1,None,None,None
Car-1,None,None,None
Car-1,None,None,None
Car-1,None,None,None
Car-1,None,None,None
Car-1,None,None,None
Car-1,None,None,None
Car-1,None,None,None
Car-1,None,None,None
Car-1,None,None,None
Car-1,None,None,None
Car-1,None,None,None
Car-1,None,None,None
Car-1,None,None,None
Car-1,None,None,None
Car-1,None,None,None
Car-1,None,None,None
Car-1,None,None,None
Car-1,None,None,None
Car-1,None,None,None
Car-1,None,None,None
Car-1,None,None,None
Car-1,None,None,None
Car-1,None,None,None
Car-1,None,None,None
Car-1,None,None,None
Car-1,None,None,None
Car-1,None,None,None
Car-1,None,None,None
Car-1,None,None,None
Car-1,None,None,None
Car-1,None,None,None
Car-1,None,None,None
Car-1,None,None,None
Car-1,None,None,None
Car-1,None,None,None
Car-1,None,None,None
Car-1,None,None,None
Car-1,None,None,None
Car-1,None,None,None
Car-1,None,None,None
Car-1,None,None,None
Car-1,None,None,None
Car-1,None,None,None
Car-1,None,None,None
Car-1,None,None,None
Car-1,None,None,None
Car-1,None,None,None
Car-1,None,None,None
Car-1,None,None,None
Car-1,None,None,None
Car-1,None,None,None
Car-1,None,None,None
Car-1,None,None,None
Car-1,None,None,None
Car-1,None,None,None
Car-1,None,None,None
Car-1,None,None,None
Car-1,None,None,None
Car-1,None,None,None
Car-1,None,None,None
Car-1,None,None,None
Car-1,None,None,None
Car-1,None,None,None
Car-1,None,None,None
Car-1,None,None,None
Car-1,None,None,None
Car-1,None,None,None
Car-1,None,None,None
Car-1,None,None,None
Car-1,None,None,None
Car-1,None,None,None
Car-1,None,None,None
Car-1,None,None,None
Car-1,None,None,None
Car-1,None,None,None
Car-1,None,None,None
Car-1,None,None,None
Car-1,None,None,None
Car-1,None,None,None
Car-1,None,None,None
Car-1,None,None,None
Car-1,None,None,None
Car-1,None,None,None
Car-1,None,None,None
Car-1,None,None,None
Car-1,None,None,None
Car-1,None,None,None
Car-1,None,None,None
Car-1,None,None,None
Car-1,None,None,None
Car-1,None,None,None
Car-1,None,None,None
Car-1,None,None,None
Car-1,None,None,None
Car-1,None,None,None
Car-1,None,None,None
Car-1,None,None,None
Car-1,None,None,None
Car-1,None,None,None
Car-1,None,None,None
Car-1,None,None,None
Car-1,None,None,None
Car-1,None,None,None
Car-1,None,None,None
Car-1,None,None,None
Car-1,None,None,None
Car-1,None,None,None
Car-1,None,None,None
Car-1,None,None,None
Car-1,None,None,None
Car-1,None,None,None
Car-1,None,None,None
Car-1,None,None,None
Car-1,None,None,None
Car-1,None,None,None
Car-1,None,None,None
Car-1,None,None,None
Car-1,None,None,None
Car-1,None,None,None
Car-1,None,None,None
Car-1,None,None,None
Car-1,None,None,None
Car-1,None,None,None
Car-1,None,None,None
Car-1,None,None,None
Car-1,None,None,None
Car-1,None,None,None
Car-1,None,None,None
Car-1,None,None,None
Car-1,None,None,None
Car-1,None,None,None
Car-1,None,None,None
Car-1,None,None,None
Car-1,None,None,None
Car-1,None,None,None
Car-1,None,None,None
Car-1,None,None,None
Car-1,None,None,None
Car-1,None,None,None
Car-1,None,None,None
Car-1,None,None,None
Car-1,None,None,None
Car-1,None,None,None
Car-1,None,None,None
Car-1,None,None,None
Car-1,None,None,None
Car-1,None,None,None
Car-1,None,None,None
Car-1,None,None,None
Car-1,None,None,None
Car-1,None,None,None
Car-1,None,None,None
Car-1,None,None,None
Car-1,None,None,None
Car-1,None,None,None
Car-1,None,None,None
Car-1,None,None,None
Car-1,None,None,None
Car-1,None,None,None
Car-1,None,None,None
Car-1,None,None,None
Car-1,None,None,None
Car-1,None,None,None
Car-1,None,None,None
Car-1,None,None,None
Car-1,None,None,None
Car-1,None,None,None
Car-1,None,None,None
Car-1,None,None,None
Car-1,None,None,None
Car-1,None,None,None
Car-1,None,None,None
Car-1,None,None,None
Car-1,None,None,None
Car-1,None,None,None
Car-1,None,None,None
Car-1,None,None,None
Car-1,None,None,None
Car-1,None,None,None
Car-1,None,None,None
Car-1,None,None,None
Car-1,None,None,None
Car-1,None,None,None
Car-1,None,None,None
Car-1,None,None,None
Car-1,None,None,None
Car-1,None,None,None
Car-1,None,None,None
Car-1,None,None,None
Car-1,None,None,None
Car-1,None,None,None
Car-1,None,None,None
Car-1,None,None,None
Car-1,None,None,None
Car-1,None,None,None
Car-1,None,None,None
Car-1,None,None,None
Car-1,None,None,None
Car-1,None,None,None
Car-1,None,None,None
Car-1,None,None,None
Car-1,None,None,None
Car-1,None,None,None
Car-1,None,None,None
Car-1,None,None,None
Car-1,None,None,None
Car-1,None,None,None
Car-1,None,None,None
Car-1,None,None,None
Car-1,None,None,None
Car-1,None,None,None
Car-1,None,None,None
Car-1,None,None,None
Car-1,None,None,None
Car-1,None,None,None
Car-1,None,None,None
Car-1,None,None,None
Car-1,None,None,None
Car-1,None,None,None
Car-1,None,None,None
Car-1,None,None,None
Car-1,None,None,None
Car-1,None,None,None
Car-1,None,None,None
Car-1,None,None,None
Car-1,None,None,None
Car-1,None,None,None
Car-1,None,None,None
Car-1,None,None,None
Car-1,None,None,None
Car-1,None,None,None
Car-1,None,None,None
Car-1,None,None,None
Car-1,None,None,None
Car-1,None,None,None
Car-1,None,None,None
Car-1,None,None,None
Car-1,None,None,None
Car-1,None,None,None
Car-1,None,None,None
Car-1,None,None,None
Car-1,None,None,None
Car-1,None,None,None
Car-1,None,None,None
Car-1,None,None,None
Car-1,None,None,None
Car-1,None,None,None
Car-1,None,None,None
Car-1,None,None,None
Car-1,None,None,None
Car-1,None,None,None
Car-1,None,None,None
Car-1,None,None,None
Car-1,None,None,None
Car-1,None,None,None
Car-1,None,None,None
Car-1,None,None,None
Car-1,None,None,None
Car-1,None,None,None
Car-1,None,None,None
Car-1,None,None,None
Car-1,None,None,None
Car-1,None,None,None
Car-1,None,None,None
Car-1,None,None,None
Car-1,None,None,None
Car-1,None,None,None
Car-1,None,None,None
Car-1,None,None,None
Car-1,None,None,None
Car-1,None,None,None
Car-1,None,None,None
Car-1,None,None,None
Car-1,None,None,None
Car-1,None,None,None
Car-1,None,None,None
Car-1,None,None,None
Car-1,None,None,None
Car-1,None,None,None
Car-1,None,None,None
Car-1,None,None,None
Car-1,None,None,None
Car-1,None,None,None
Car-1,None,None,None
Car-1,None,None,None
Car-1,None,None,None
Car-1,None,None,None
Car-1,None,None,None
Car-1,None,None,None
Car-1,None,None,None
Car-1,None,None,None
Car-1,None,None,None
Car-1,None,None,None
Car-1,None,None,None
Car-1,None,None,None
Car-1,None,None,None
Car-1,None,None,None
Car-1,None,None,None
Car-1,None,None,None
Car-1,None,None,None
Car-1,None,None,None
Car-1,None,None,None
Car-1,None,None,None
Car-1,None,None,None
Car-1,None,None,None
Car-1,None,None,None
Car-1,None,None,None
Car-1,None,None,None
Car-1,None,None,None
Car-1,None,None,None
Car-1,None,None,None
Car-1,None,None,None
Car-1,None,None,None
Car-1,None,None,None
Car-1,None,None,None
Car-1,None,None,None
Car-1,None,None,None
Car-1,None,None,None
Car-1,None,None,None
Car-1,None,None,None
Car-1,None,None,None
Car-1,None,None,None
Car-1,None,None,None
Car-1,None,None,None
Car-1,None,None,None
Car-1,None,None,None
Car-1,None,None,None
Car-1,None,None,None
Car-1,None,None,None
Car-1,None,None,None
Car-1,None,None,None
Car-1,None,None,None
Car-1,None,None,None
Car-1,None,None,None
Car-1,None,None,None
Car-1,None,None,None
Car-1,None,None,None
Car-1,None,None,None
Car-1,None,None,None
Car-1,None,None,None
Car-1,None,None,None
Car-1,None,None,None
Car-1,None,None,None
Car-1,None,None,None
Car-1,None,None,None
Car-1,None,None,None
Car-1,None,None,None
Car-1,None,None,None
Car-1,None,None,None
Car-1,None,None,None
Car-1,None,None,None
Car-1,None,None,None
Car-1,None,None,None
Car-1,None,None,None
Car-1,None,None,None
Car-1,None,None,None
Car-1,None,None,None
Car-1,None,None,None
Car-1,None,None,None
Car-1,None,None,None
Car-1,None,None,None
Car-1,None,None,None
Car-1,None,None,None
Car-1,None,None,None
Car-1,None,None,None
Car-1,None,None,None
Car-1,None,None,None
Car-1,None,None,None
Car-1,None,None,None
Car-1,None,None,None
Car-1,None,None,None
Car-1,None,None,None
Car-1,None,None,None
Car-1,None,None,None
Car-1,None,None,None
Car-1,None,None,None
Car-1,None,None,None
Car-1,None,None,None
Car-1,None,None,None
Car-1,None,None,None
Car-1,None,None,None
Car-1,None,None,None
Car-1,None,None,None
Car-1,None,None,None
Car-1,None,None,None
Car-1,None,None,None
Car-1,None,None,None
Car-1,None,None,None
Car-1,None,None,None
Car-1,None,None,None
Car-1,None,None,None
Car-1,None,None,None
Car-1,None,None,None
Car-1,None,None,None
Car-1,None,None,None
Car-1,None,None,None
Car-1,None,None,None
Car-1,None,None,None
Car-1,None,None,None
Car-1,None,None,None
Car-1,None,None,None
Car-1,None,None,None
Car-1,None,None,None
Car-1,None,None,None
Car-1,None,None,None
Car-1,None,None,None
Car-1,None,None,None
Car-1,None,None,None
Car-1,None,None,None
Car-1,None,None,None
Car-1,None,None,None
Car-1,None,None,None
Car-1,None,None,None
Car-1,None,None,None
Car-1,None,None,None
Car-1,None,None,None
Car-1,None,None,None
Car-1,None,None,None
Car-1,None,None,None
Car-1,None,None,None
Car-1,None,None,None
Car-1,None,None,None
Car-1,None,None,None
Car-1,None,None,None
Car-1,None,None,None
Car-1,None,None,None
Car-1,None,None,None
Car-1,None,None,None
Car-1,None,None,None
Car-1,None,None,None
Car-1,None,None,None
Car-1,None,None,None
Car-1,None,None,None
Car-1,None,None,None
Car-1,None,None,None
Car-1,None,None,None
Car-1,None,None,None
Car-1,None,None,None
Car-1,None,None,None
Car-1,None,None,None
Car-1,None,None,None
Car-1,None,None,None
Car-1,None,None,None
Car-1,None,None,None
Car-1,None,None,None
Car-1,None,None,None
Car-1,None,None,None
Car-1,None,None,None
Car-1,None,None,None
Car-1,None,None,None
Car-1,None,None,None
Car-1,None,None,None
Car-1,None,None,None
Car-1,None,None,None
Car-1,None,None,None
Car-1,None,None,None
Car-1,None,None,None
Car-1,None,None,None
Car-1,None,None,None
Car-1,None,None,None
Car-1,None,None,None
Car-1,None,None,None
Car-1,None,None,None
Car-1,None,None,None
Car-1,None,None,None
Car-1,None,None,None
Car-1,None,None,None
Car-1,None,None,None
Car-1,None,None,None
Car-1,None,None,None
Car-1,None,None,None
Car-1,None,None,None
Car-1,None,None,None
Car-1,None,None,None
Car-1,None,None,None
Car-1,None,None,None
Car-1,None,None,None
Car-1,None,None,None
Car-1,None,None,None
Car-1,None,None,None
Car-1,None,None,None
Car-1,None,None,None
Car-1,None,None,None
Car-1,None,None,None
Car-1,None,None,None
Car-1,None,None,None
Car-1,None,None,None
Car-1,None,None,None
Car-1,None,None,None
Car-1,None,None,None
Car-1,None,None,None
Car-1,None,None,None
Car-1,None,None,None
Car-1,None,None,None
Car-1,None,None,None
Car-1,None,None,None
Car-1,None,None,None
Car-1,None,None,None
Car-1,None,None,None
Car-1,None,None,None
Car-1,None,None,None
Car-1,None,None,None
Car-1,None,None,None
Car-1,None,None,None
Car-1,None,None,None
Car-1,None,None,None
Car-1,None,None,None
Car-1,None,None,None
Car-1,None,None,None
Car-1,None,None,None
Car-1,None,None,None
Car-1,None,None,None
Car-1,None,None,None
Car-1,None,None,None
Car-1,None,None,None
Car-1,None,None,None
Car-1,None,None,None
Car-1,None,None,None
Car-1,None,None,None
Car-1,None,None,None
Car-1,None,None,None
Car-1,None,None,None
Car-1,None,None,None
Car-1,None,None,None
Car-1,None,None,None
Car-1,None,None,None
Car-1,None,None,None
Car-1,None,None,None
Car-1,None,None,None
Car-1,None,None,None
Car-1,None,None,None
Car-1,None,None,None
Car-1,None,None,None
Car-1,None,None,None
Car-1,None,None,None
Car-1,None,None,None
Car-1,None,None,None
Car-1,None,None,None
Car-1,None,None,None
Car-1,None,None,None
Car-1,None,None,None
Car-1,None,None,None
Car-1,None,None,None
Car-1,None,None,None
Car-1,None,None,None
Car-1,None,None,None
Car-1,None,None,None
Car-1,None,None,None
Car-1,None,None,None
Car-1,None,None,None
Car-1,None,None,None
Car-1,None,None,None
Car-1,None,None,None
Car-1,None,None,None
Car-1,None,None,None
Car-1,None,None,None
Car-1,None,None,None
Car-1,None,None,None
Car-1,None,None,None
Car-1,None,None,None
Car-1,None,None,None
Car-1,None,None,None
Car-1,None,None,None
Car-1,None,None,None
Car-1,None,None,None
Car-1,None,None,None
Car-1,None,None,None
Car-1,None,None,None
Car-1,None,None,None
Car-1,None,None,None
Car-1,None,None,None
Car-1,None,None,None
Car-1,None,None,None
Car-1,None,None,None
Car-1,None,None,None
Car-1,None,None,None
Car-1,None,None,None
Car-1,None,None,None
Car-1,None,None,None
Car-1,None,None,None
Car-1,None,None,None
Car-1,None,None,None
Car-1,None,None,None
Car-1,None,None,None
Car-1,None,None,None
Car-1,None,None,None
Car-1,None,None,None
Car-1,None,None,None
Car-1,None,None,None
Car-1,None,None,None
Car-1,None,None,None
Car-1,None,None,None
Car-1,None,None,None
Car-1,None,None,None
Car-1,None,None,None
Car-1,None,None,None
Car-1,None,None,None
Car-1,None,None,None
Car-1,None,None,None
Car-1,None,None,None
Car-1,None,None,None
Car-1,None,None,None
Car-1,None,None,None
Car-1,None,None,None
Car-1,None,None,None
Car-1,None,None,None
Car-1,None,None,None
Car-1,None,None,None
Car-1,None,None,None
Car-1,None,None,None
Car-1,None,None,None
Car-1,None,None,None
Car-1,None,None,None
Car-1,None,None,None
Car-1,None,None,None
Car-1,None,None,None
Car-1,None,None,None
Car-1,None,None,None
Car-1,None,None,None
Car-1,None,None,None
Car-1,None,None,None
Car-1,None,None,None
Car-1,None,None,None
Car-1,None,None,None
Car-1,None,None,None
Car-1,None,None,None
Car-1,None,None,None
Car-1,None,None,None
Car-1,None,None,None
Car-1,None,None,None
Car-1,None,None,None
Car-1,None,None,None
Car-1,None,None,None
Car-1,None,None,None
Car-1,None,None,None
Car-1,None,None,None
Car-1,None,None,None
Car-1,None,None,None
Car-1,None,None,None
Car-1,None,None,None
Car-1,None,None,None
Car-1,None,None,None
Car-1,None,None,None
Car-1,None,None,None
Car-1,None,None,None
Car-1,None,None,None
Car-1,None,None,None
Car-1,None,None,None
Car-1,None,None,None
Car-1,None,None,None
Car-1,None,None,None
Car-1,None,None,None
Car-1,None,None,None
Car-1,None,None,None
Car-1,None,None,None
Car-1,None,None,None
Car-1,None,None,None
Car-1,None,None,None
Car-1,None,None,None
Car-1,None,None,None
Car-1,None,None,None
Car-1,None,None,None
Car-1,None,None,None
Car-1,None,None,None
Car-1,None,None,None
Car-1,None,None,None
Car-1,None,None,None
Car-1,None,None,None
Car-1,None,None,None
Car-1,None,None,None
Car-1,None,None,None
Car-1,None,None,None
Car-1,None,None,None
Car-1,None,None,None
Car-1,None,None,None
Car-1,None,None,None
Car-1,None,None,None
Car-1,None,None,None
Car-1,None,None,None
Car-1,None,None,None
Car-1,None,None,None
Car-1,None,None,None
Car-1,None,None,None
Car-1,None,None,None
Car-1,None,None,None
Car-1,None,None,None
Car-1,None,None,None
Car-1,None,None,None
Car-1,None,None,None
Car-1,None,None,None
Car-1,None,None,None
Car-1,None,None,None
Car-1,None,None,None
Car-1,None,None,None
Car-1,None,None,None
Car-1,None,None,None
Car-1,None,None,None
Car-1,None,None,None
Car-1,None,None,None
Car-1,None,None,None
Car-1,None,None,None
Car-1,None,None,None
Car-1,None,None,None
Car-1,None,None,None
Car-1,None,None,None
Car-1,None,None,None
Car-1,None,None,None
Car-1,None,None,None
Car-1,None,None,None
Car-1,None,None,None
Car-1,None,None,None
Car-1,None,None,None
Car-1,None,None,None
Car-1,None,None,None
Car-1,None,None,None
Car-1,None,None,None
Car-1,None,None,None
Car-1,None,None,None
Car-1,None,None,None
Car-1,None,None,None
Car-1,None,None,None
Car-1,None,None,None
Car-1,None,None,None
Car-1,None,None,None
Car-1,None,None,None
Car-1,None,None,None
Car-1,None,None,None
Car-1,None,None,None
Car-1,None,None,None
Car-1,None,None,None
Car-1,None,None,None
Car-1,None,None,None
Car-1,None,None,None
Car-1,None,None,None
Car-1,None,None,None
Car-1,None,None,None
Car-1,None,None,None
Car-1,None,None,None
Car-1,None,None,None
Car-1,None,None,None
Car-1,None,None,None
Car-1,None,None,None
Car-1,None,None,None
Car-1,None,None,None
Car-1,None,None,None
Car-1,None,None,None
Car-1,None,None,None
Car-1,None,None,None
Car-1,None,None,None
Car-1,None,None,None
Car-1,None,None,None
Car-1,None,None,None
Car-1,None,None,None
Car-1,None,None,None
Car-1,None,None,None
Car-1,None,None,None
Car-1,None,None,None
Car-1,None,None,None
Car-1,None,None,None
Car-1,None,None,None
Car-1,None,None,None
Car-1,None,None,None
Car-1,None,None,None
Car-1,None,None,None
Car-1,None,None,None
Car-1,None,None,None
Car-1,None,None,None
Car-1,None,None,None
Car-1,None,None,None
Car-1,None,None,None
Car-1,None,None,None
Car-1,None,None,None
Car-1,None,None,None
Car-1,None,None,None
Car-1,None,None,None
Car-1,None,None,None
Car-1,None,None,None
Car-1,None,None,None
Car-1,None,None,None
Car-1,None,None,None
Car-1,None,None,None
Car-1,None,None,None
Car-1,None,None,None
Car-1,None,None,None
Car-1,None,None,None
Car-1,None,None,None
Car-1,None,None,None
Car-1,None,None,None
Car-1,None,None,None
Car-1,None,None,None
Car-1,None,None,None
Car-1,None,None,None
Car-1,None,None,None
Car-1,None,None,None
Car-1,None,None,None
Car-1,None,None,None
Car-1,None,None,None
Car-1,None,None,None
Car-1,None,None,None
Car-1,None,None,None
Car-1,None,None,None
Car-1,None,None,None
Car-1,None,None,None
Car-1,None,None,None
Car-1,None,None,None
Car-1,None,None,None
Car-1,None,None,None
Car-1,None,None,None
Car-1,None,None,None
Car-1,None,None,None
Car-1,None,None,None
Car-1,None,None,None
Car-1,None,None,None
Car-1,None,None,None
Car-1,None,None,None
Car-1,None,None,None
Car-1,None,None,None
Car-1,None,None,None
Car-1,None,None,None
Car-1,None,None,None
Car-1,None,None,None
Car-1,None,None,None
Car-1,None,None,None
Car-1,None,None,None
Car-1,None,None,None
Car-1,None,None,None
Car-1,None,None,None
Car-1,None,None,None
Car-1,None,None,None
Car-1,None,None,None
Car-1,None,None,None
Car-1,None,None,None
Car-1,None,None,None
Car-1,None,None,None
Car-1,None,None,None
Car-1,None,None,None
Car-1,None,None,None
Car-1,None,None,None
Car-1,None,None,None
Car-1,None,None,None
Car-1,None,None,None
Car-1,None,None,None
Car-1,None,None,None
Car-1,None,None,None
Car-1,None,None,None
Car-1,None,None,None
Car-1,None,None,None
Car-1,None,None,None
Car-1,None,None,None
Car-1,None,None,None
Car-1,None,None,None
Car-1,None,None,None
Car-1,None,None,None
Car-1,None,None,None
Car-1,None,None,None
Car-1,None,None,None
Car-1,None,None,None
Car-1,None,None,None
Car-1,None,None,None
Car-1,None,None,None
Car-1,None,None,None
Car-1,None,None,None
Car-1,None,None,None
Car-1,None,None,None
Car-1,None,None,None
Car-1,None,None,None
Car-1,None,None,None
Car-1,None,None,None
Car-1,None,None,None
Car-1,None,None,None
Car-1,None,None,None
Car-1,None,None,None
Car-1,None,None,None
Car-1,None,None,None
Car-1,None,None,None
Car-1,None,None,None
Car-1,None,None,None
Car-1,None,None,None
Car-1,None,None,None
Car-1,None,None,None
Car-1,None,None,None
Car-1,None,None,None
Car-1,None,None,None
Car-1,None,None,None
Car-1,None,None,None
Car-1,None,None,None
Car-1,None,None,None
Car-1,None,None,None
Car-1,None,None,None
Car-1,None,None,None
Car-1,None,None,None
Car-1,None,None,None
Car-1,None,None,None
Car-1,None,None,None
Car-1,None,None,None
Car-1,None,None,None
Car-1,None,None,None
Car-1,None,None,None
Car-1,None,None,None
Car-1,None,None,None
Car-1,None,None,None
Car-1,None,None,None
Car-1,None,None,None
Car-1,None,None,None
Car-1,None,None,None
Car-1,None,None,None
Car-1,None,None,None
Car-1,None,None,None
Car-1,None,None,None
Car-1,None,None,None
Car-1,None,None,None
Car-1,None,None,None
Car-1,None,None,None
Car-1,None,None,None
Car-1,None,None,None
Car-1,None,None,None
Car-1,None,None,None
Car-1,None,None,None
Car-1,None,None,None
Car-1,None,None,None
Car-1,None,None,None
Car-1,None,None,None
Car-1,None,None,None
Car-1,None,None,None
Car-1,None,None,None
Car-1,None,None,None
Car-1,None,None,None
Car-1,None,None,None
Car-1,None,None,None
Car-1,None,None,None
Car-1,None,None,None
Car-1,None,None,None
Car-1,None,None,None
Car-1,None,None,None
Car-1,None,None,None
Car-1,None,None,None
Car-1,None,None,None
Car-1,None,None,None
Car-1,None,None,None
Car-1,None,None,None
Car-1,None,None,None
Car-1,None,None,None
Car-1,None,None,None
Car-1,None,None,None
Car-1,None,None,None
Car-1,None,None,None
Car-1,None,None,None
Car-1,None,None,None
Car-1,None,None,None
Car-1,None,None,None
Car-1,None,None,None
Car-1,None,None,None
Car-1,None,None,None
Car-1,None,None,None
Car-1,None,None,None
Car-1,None,None,None
Car-1,None,None,None
Car-1,None,None,None
Car-1,None,None,None
Car-1,None,None,None
Car-1,None,None,None
Car-1,None,None,None
Car-1,None,None,None
Car-1,None,None,None
Car-1,None,None,None
Car-1,None,None,None
Car-1,None,None,None
Car-1,None,None,None
Car-1,None,None,None
Car-1,None,None,None
Car-1,None,None,None
Car-1,None,None,None
Car-1,None,None,None
Car-1,None,None,None
Car-1,None,None,None
Car-1,None,None,None
Car-1,None,None,None
Car-1,None,None,None
Car-1,None,None,None
Car-1,None,None,None
Car-1,None,None,None
Car-1,None,None,None
Car-1,None,None,None
Car-1,None,None,None
Car-1,None,None,None
Car-1,None,None,None
Car-1,None,None,None
Car-1,None,None,None
Car-1,None,None,None
Car-1,None,None,None
Car-1,None,None,None
Car-1,None,None,None
Car-1,None,None,None
Car-1,None,None,None
Car-1,None,None,None
Car-1,None,None,None
Car-1,None,None,None
Car-1,None,None,None
Car-1,None,None,None
Car-1,None,None,None
Car-1,None,None,None
Car-1,None,None,None
Car-1,None,None,None
Car-1,None,None,None
Car-1,None,None,None
Car-1,None,None,None
Car-1,None,None,None
Car-1,None,None,None
Car-1,None,None,None
Car-1,None,None,None
Car-1,None,None,None
Car-1,None,None,None
Car-1,None,None,None
Car-1,None,None,None
Car-1,None,None,None
Car-1,None,None,None
Car-1,None,None,None
Car-1,None,None,None
Car-1,None,None,None
Car-1,None,None,None
Car-1,None,None,None
Car-1,None,None,None
Car-1,None,None,None
Car-1,None,None,None
Car-1,None,None,None
Car-1,None,None,None
Car-1,None,None,None
Car-1,None,None,None
Car-1,None,None,None
Car-1,None,None,None
Car-1,None,None,None
Car-1,None,None,None
Car-1,None,None,None
Car-1,None,None,None
Car-1,None,None,None
Car-1,None,None,None
Car-1,None,None,None
Car-1,None,None,None
Car-1,None,None,None
Car-1,None,None,None
Car-1,None,None,None
Car-1,None,None,None
Car-1,None,None,None
Car-1,None,None,None
Car-1,None,None,None
Car-1,None,None,None
Car-1,None,None,None
Car-1,None,None,None
Car-1,None,None,None
Car-1,None,None,None
Car-1,None,None,None
Car-1,None,None,None
Car-1,None,None,None
Car-1,None,None,None
Car-1,None,None,None
Car-1,None,None,None
Car-1,None,None,None
Car-1,None,None,None
Car-1,None,None,None
Car-1,None,None,None
Car-1,None,None,None
Car-1,None,None,None
Car-1,None,None,None
Car-1,None,None,None
Car-1,None,None,None
Car-1,None,None,None
Car-1,None,None,None
Car-1,None,None,None
Car-1,None,None,None
Car-1,None,None,None
Car-1,None,None,None
Car-1,None,None,None
Car-1,None,None,None
Car-1,None,None,None
Car-1,None,None,None
Car-1,None,None,None
Car-1,None,None,None
Car-1,None,None,None
Car-1,None,None,None
Car-1,None,None,None
Car-1,None,None,None
Car-1,None,None,None
Car-1,None,None,None
Car-1,None,None,None
Car-1,None,None,None
Car-1,None,None,None
Car-1,None,None,None
Car-1,None,None,None
Car-1,None,None,None
Car-1,None,None,None
Car-1,None,None,None
Car-1,None,None,None
Car-1,None,None,None
Car-1,None,None,None
Car-1,None,None,None
Car-1,None,None,None
Car-1,None,None,None
Car-1,None,None,None
Car-1,None,None,None
Car-1,None,None,None
Car-1,None,None,None
Car-1,None,None,None
Car-1,None,None,None
Car-1,None,None,None
Car-1,None,None,None
Car-1,None,None,None
Car-1,None,None,None
Car-1,None,None,None
Car-1,None,None,None
Car-1,None,None,None
Car-1,None,None,None
Car-1,None,None,None
Car-1,None,None,None
Car-1,None,None,None
Car-1,None,None,None
Car-1,None,None,None
Car-1,None,None,None
Car-1,None,None,None
Car-1,None,None,None
Car-1,None,None,None
Car-1,None,None,None
Car-1,None,None,None
Car-1,None,None,None
Car-1,None,None,None
Car-1,None,None,None
Car-1,None,None,None
Car-1,None,None,None
Car-1,None,None,None
Car-1,None,None,None
Car-1,None,None,None
Car-1,None,None,None
Car-1,None,None,None
Car-1,None,None,None
Car-1,None,None,None
Car-1,None,None,None
Car-1,None,None,None
Car-1,None,None,None
Car-1,None,None,None
Car-1,None,None,None
Car-1,None,None,None
Car-1,None,None,None
Car-1,None,None,None
Car-1,None,None,None
Car-1,None,None,None
Car-1,None,None,None
Car-1,None,None,None
Car-1,None,None,None
Car-1,None,None,None
Car-1,None,None,None
Car-1,None,None,None
Car-1,None,None,None
Car-1,None,None,None
Car-1,None,None,None
Car-1,None,None,None
Car-1,None,None,None
Car-1,None,None,None
Car-1,None,None,None
Car-1,None,None,None
Car-1,None,None,None
Car-1,None,None,None
Car-1,None,None,None
Car-1,None,None,None
Car-1,None,None,None
Car-1,None,None,None
Car-1,None,None,None
Car-1,None,None,None
Car-1,None,None,None
Car-1,None,None,None
Car-1,None,None,None
Car-1,None,None,None
Car-1,None,None,None
Car-1,None,None,None
Car-1,None,None,None
Car-1,None,None,None
Car-1,None,None,None
Car-1,None,None,None
Car-1,None,None,None
Car-1,None,None,None
Car-1,None,None,None
Car-1,None,None,None
Car-1,None,None,None
Car-1,None,None,None
Car-1,None,None,None
Car-1,None,None,None
Car-1,None,None,None
Car-1,None,None,None
Car-1,None,None,None
Car-1,None,None,None
Car-1,None,None,None
Car-1,None,None,None
Car-1,None,None,None
Car-1,None,None,None
Car-1,None,None,None
Car-1,None,None,None
Car-1,None,None,None
Car-1,None,None,None
Car-1,None,None,None
Car-1,None,None,None
Car-1,None,None,None
Car-1,None,None,None
Car-1,None,None,None
Car-1,None,None,None
Car-1,None,None,None
Car-1,None,None,None
Car-1,None,None,None
Car-1,None,None,None
Car-1,None,None,None
Car-1,None,None,None
Car-1,None,None,None
Car-1,None,None,None
Car-1,None,None,None
Car-1,None,None,None
Car-1,None,None,None
Car-1,None,None,None
Car-1,None,None,None
Car-1,None,None,None
Car-1,None,None,None
Car-1,None,None,None
Car-1,None,None,None
Car-1,None,None,None
Car-1,None,None,None
Car-1,None,None,None
Car-1,None,None,None
Car-1,None,None,None
Car-1,None,None,None
Car-1,None,None,None
Car-1,None,None,None
Car-1,None,None,None
Car-1,None,None,None
Car-1,None,None,None
Car-1,None,None,None
Car-1,None,None,None
Car-1,None,None,None
Car-1,None,None,None
Car-1,None,None,None
Car-1,None,None,None
Car-1,None,None,None
Car-1,None,None,None
Car-1,None,None,None
Car-1,None,None,None
Car-1,None,None,None
Car-1,None,None,None
Car-1,None,None,None
Car-1,None,None,None
Car-1,None,None,None
Car-1,None,None,None
Car-1,None,None,None
Car-1,None,None,None
Car-1,None,None,None
Car-1,None,None,None
Car-1,None,None,None
Car-1,None,None,None
Car-1,None,None,None
Car-1,None,None,None
Car-1,None,None,None
Car-1,None,None,None
Car-1,None,None,None
Car-1,None,None,None
Car-1,None,None,None
Car-1,None,None,None
Car-1,None,None,None
Car-1,None,None,None
Car-1,None,None,None
Car-1,None,None,None
Car-1,None,None,None
Car-1,None,None,None
Car-1,None,None,None
Car-1,None,None,None
Car-1,None,None,None
Car-1,None,None,None
Car-1,None,None,None
Car-1,None,None,None
Car-1,None,None,None
Car-1,None,None,None
Car-1,None,None,None
Car-1,None,None,None
Car-1,None,None,None
Car-1,None,None,None
Car-1,None,None,None
Car-1,None,None,None
Car-1,None,None,None
Car-1,None,None,None
Car-1,None,None,None
Car-1,None,None,None
Car-1,None,None,None
Car-1,None,None,None
Car-1,None,None,None
Car-1,None,None,None
Car-1,None,None,None
Car-1,None,None,None
Car-1,None,None,None
Car-1,None,None,None
Car-1,None,None,None
Car-1,None,None,None
Car-1,None,None,None
Car-1,None,None,None
Car-1,None,None,None
Car-1,None,None,None
Car-1,None,None,None
Car-1,None,None,None
Car-1,None,None,None
Car-1,None,None,None
Car-1,None,None,None
Car-1,None,None,None
Car-1,None,None,None
Car-1,None,None,None
Car-1,None,None,None
Car-1,None,None,None
Car-1,None,None,None
Car-1,None,None,None
Car-1,None,None,None
Car-1,None,None,None
Car-1,None,None,None
Car-1,None,None,None
Car-1,None,None,None
Car-1,None,None,None
Car-1,None,None,None
Car-1,None,None,None
Car-1,None,None,None
Car-1,None,None,None
Car-1,None,None,None
Car-1,None,None,None
Car-1,None,None,None
Car-1,None,None,None
Car-1,None,None,None
Car-1,None,None,None
Car-1,None,None,None
Car-1,None,None,None
Car-1,None,None,None
Car-1,None,None,None
Car-1,None,None,None
Car-1,None,None,None
Car-1,None,None,None
Car-1,None,None,None
Car-1,None,None,None
Car-1,None,None,None
Car-1,None,None,None
Car-1,None,None,None
Car-1,None,None,None
Car-1,None,None,None
Car-1,None,None,None
Car-1,None,None,None
Car-1,None,None,None
Car-1,None,None,None
Car-1,None,None,None
Car-1,None,None,None
Car-1,None,None,None
Car-1,None,None,None
Car-1,None,None,None
Car-1,None,None,None
Car-1,None,None,None
Car-1,None,None,None
Car-1,None,None,None
Car-1,None,None,None
Car-1,None,None,None
Car-1,None,None,None
Car-1,None,None,None
Car-1,None,None,None
Car-1,None,None,None
Car-1,None,None,None
Car-1,None,None,None
Car-1,None,None,None
Car-1,None,None,None
Car-1,None,None,None
Car-1,None,None,None
Car-1,None,None,None
Car-1,None,None,None
Car-1,None,None,None
Car-1,None,None,None
Car-1,None,None,None
Car-1,None,None,None
Car-1,None,None,None
Car-1,None,None,None
Car-1,None,None,None
Car-1,None,None,None
Car-1,None,None,None
Car-1,None,None,None
Car-1,None,None,None
Car-1,None,None,None
Car-1,None,None,None
Car-1,None,None,None
Car-1,None,None,None
Car-1,None,None,None
Car-1,None,None,None
Car-1,None,None,None
Car-1,None,None,None
Car-1,None,None,None
Car-1,None,None,None
Car-1,None,None,None
Car-1,None,None,None
Car-1,None,None,None
Car-1,None,None,None
Car-1,None,None,None
Car-1,None,None,None
Car-1,None,None,None
Car-1,None,None,None
Car-1,None,None,None
Car-1,None,None,None
Car-1,None,None,None
Car-1,None,None,None
Car-1,None,None,None
Car-1,None,None,None
Car-1,None,None,None
Car-1,None,None,None
Car-1,None,None,None
Car-1,None,None,None
Car-1,None,None,None
Car-1,None,None,None
Car-1,None,None,None
Car-1,None,None,None
Car-1,None,None,None
Car-1,None,None,None
Car-1,None,None,None
Car-1,None,None,None
Car-1,None,None,None
Car-1,None,None,None
Car-1,None,None,None
Car-1,None,None,None
Car-1,None,None,None
Car-1,None,None,None
Car-1,None,None,None
Car-1,None,None,None
Car-1,None,None,None
Car-1,None,None,None
Car-1,None,None,None
Car-1,None,None,None
Car-1,None,None,None
Car-1,None,None,None
Car-1,None,None,None
Car-1,None,None,None
Car-1,None,None,None
Car-1,None,None,None
Car-1,None,None,None
Car-1,None,None,None
Car-1,None,None,None
Car-1,None,None,None
Car-1,None,None,None
Car-1,None,None,None
Car-1,None,None,None
Car-1,None,None,None
Car-1,None,None,None
Car-1,None,None,None
Car-1,None,None,None
Car-1,None,None,None
Car-1,None,None,None
Car-1,None,None,None
Car-1,None,None,None
Car-1,None,None,None
Car-1,None,None,None
Car-1,None,None,None
Car-1,None,None,None
Car-1,None,None,None
Car-1,None,None,None
Car-1,None,None,None
Car-1,None,None,None
Car-1,None,None,None
Car-1,None,None,None
Car-1,None,None,None
Car-1,None,None,None
Car-1,None,None,None
Car-1,None,None,None
Car-1,None,None,None
Car-1,None,None,None
Car-1,None,None,None
Car-1,None,None,None
Car-1,None,None,None
Car-1,None,None,None
Car-1,None,None,None
Car-1,None,None,None
Car-1,None,None,None
Car-1,None,None,None
Car-1,None,None,None
Car-1,None,None,None
Car-1,None,None,None
Car-1,None,None,None
Car-1,None,None,None
Car-1,None,None,None
Car-1,None,None,None
Car-1,None,None,None
Car-1,None,None,None
Car-1,None,None,None
Car-1,None,None,None
Car-1,None,None,None
Car-1,None,None,None
Car-1,None,None,None
Car-1,None,None,None
Car-1,None,None,None
Car-1,None,None,None
Car-1,None,None,None
Car-1,None,None,None
Car-1,None,None,None
Car-1,None,None,None
Car-1,None,None,None
Car-1,None,None,None
Car-1,None,None,None
Car-1,None,None,None
Car-1,None,None,None
Car-1,None,None,None
Car-1,None,None,None
Car-1,None,None,None
Car-1,None,None,None
Car-1,None,None,None
Car-1,None,None,None
Car-1,None,None,None
Car-1,None,None,None
Car-1,None,None,None
Car-1,None,None,None
Car-1,None,None,None
Car-1,None,None,None
Car-1,None,None,None
Car-1,None,None,None
Car-1,None,None,None
Car-1,None,None,None
Car-1,None,None,None
Car-1,None,None,None
Car-1,None,None,None
Car-1,None,None,None
Car-1,None,None,None
Car-1,None,None,None
Car-1,None,None,None
Car-1,None,None,None
Car-1,None,None,None
Car-1,None,None,None
Car-1,None,None,None
Car-1,None,None,None
Car-1,None,None,None
Car-1,None,None,None
Car-1,None,None,None
Car-1,None,None,None
Car-1,None,None,None
Car-1,None,None,None
Car-1,None,None,None
Car-1,None,None,None
Car-1,None,None,None
Car-1,None,None,None
Car-1,None,None,None
Car-1,None,None,None
Car-1,None,None,None
Car-1,None,None,None
Car-1,None,None,None
Car-1,None,None,None
Car-1,None,None,None
Car-1,None,None,None
Car-1,None,None,None
Car-1,None,None,None
Car-1,None,None,None
Car-1,None,None,None
Car-1,None,None,None
Car-1,None,None,None
Car-1,None,None,None
Car-1,None,None,None
Car-1,None,None,None
Car-1,None,None,None
Car-1,None,None,None
Car-1,None,None,None
Car-1,None,None,None
Car-1,None,None,None
Car-1,None,None,None
Car-1,None,None,None
Car-1,None,None,None
Car-1,None,None,None
Car-1,None,None,None
Car-1,None,None,None
Car-1,None,None,None
Car-1,None,None,None
Car-1,None,None,None
Car-1,None,None,None
Car-1,None,None,None
Car-1,None,None,None
Car-1,None,None,None
Car-1,None,None,None
Car-1,None,None,None
Car-1,None,None,None
Car-1,None,None,None
Car-1,None,None,None
Car-1,None,None,None
Car-1,None,None,None
Car-1,None,None,None
Car-1,None,None,None
Car-1,None,None,None
Car-1,None,None,None
Car-1,None,None,None
Car-1,None,None,None
Car-1,None,None,None
Car-1,None,None,None
Car-1,None,None,None
Car-1,None,None,None
Car-1,None,None,None
Car-1,None,None,None
Car-1,None,None,None
Car-1,None,None,None
Car-1,None,None,None
Car-1,None,None,None
Car-1,None,None,None
Car-1,None,None,None
Car-1,None,None,None
Car-1,None,None,None
Car-1,None,None,None
Car-1,None,None,None
Car-1,None,None,None
Car-1,None,None,None
Car-1,None,None,None
Car-1,None,None,None
Car-1,None,None,None
Car-1,None,None,None
Car-1,None,None,None
Car-1,None,None,None
Car-1,None,None,None
Car-1,None,None,None
Car-1,None,None,None
Car-1,None,None,None
Car-1,None,None,None
Car-1,None,None,None
Car-1,None,None,None
Car-1,None,None,None
Car-1,None,None,None
Car-1,None,None,None
Car-1,None,None,None
Car-1,None,None,None
Car-1,None,None,None
Car-1,None,None,None
Car-1,None,None,None
Car-1,None,None,None
Car-1,None,None,None
Car-1,None,None,None
Car-1,None,None,None
Car-1,None,None,None
Car-1,None,None,None
Car-1,None,None,None
Car-1,None,None,None
Car-1,None,None,None
Car-1,None,None,None
Car-1,None,None,None
Car-1,None,None,None
Car-1,None,None,None
Car-1,None,None,None
Car-1,None,None,None
Car-1,None,None,None
Car-1,None,None,None
Car-1,None,None,None
Car-1,None,None,None
Car-1,None,None,None
Car-1,None,None,None
Car-1,None,None,None
Car-1,None,None,None
Car-1,None,None,None
Car-1,None,None,None
Car-1,None,None,None
Car-1,None,None,None
Car-1,None,None,None
Car-1,None,None,None
Car-1,None,None,None
Car-1,None,None,None
Car-1,None,None,None
Car-1,None,None,None
Car-1,None,None,None
Car-1,None,None,None
Car-1,None,None,None
Car-1,None,None,None
Car-1,None,None,None
Car-1,None,None,None
Car-1,None,None,None
Car-1,None,None,None
Car-1,None,None,None
Car-1,None,None,None
Car-1,None,None,None
Car-1,None,None,None
Car-1,None,None,None
Car-1,None,None,None
Car-1,None,None,None
Car-1,None,None,None
Car-1,None,None,None
Car-1,None,None,None
Car-1,None,None,None
Car-1,None,None,None
Car-1,None,None,None
Car-1,None,None,None
Car-1,None,None,None
Car-1,None,None,None
Car-1,None,None,None
Car-1,None,None,None
Car-1,None,None,None
Car-1,None,None,None
Car-1,None,None,None
Car-1,None,None,None
Car-1,None,None,None
Car-1,None,None,None
Car-1,None,None,None
Car-1,None,None,None
Car-1,None,None,None
Car-1,None,None,None
Car-1,None,None,None
Car-1,None,None,None
Car-1,None,None,None
Car-1,None,None,None
Car-1,None,None,None
Car-1,None,None,None
Car-1,None,None,None
Car-1,None,None,None
Car-1,None,None,None
Car-1,None,None,None
Car-1,None,None,None
Car-1,None,None,None
Car-1,None,None,None
Car-1,None,None,None
Car-1,None,None,None
Car-1,None,None,None
Car-1,None,None,None
Car-1,None,None,None
Car-1,None,None,None
Car-1,None,None,None
Car-1,None,None,None
Car-1,None,None,None
Car-1,None,None,None
Car-1,None,None,None
Car-1,None,None,None
Car-1,None,None,None
Car-1,None,None,None
Car-1,None,None,None
Car-1,None,None,None
Car-1,None,None,None
Car-1,None,None,None
Car-1,None,None,None
Car-1,None,None,None
Car-1,None,None,None
Car-1,None,None,None
Car-1,None,None,None
Car-1,None,None,None
Car-1,None,None,None
Car-1,None,None,None
Car-1,None,None,None
Car-1,None,None,None
Car-1,None,None,None
Car-1,None,None,None
Car-1,None,None,None
Car-1,None,None,None
Car-1,None,None,None
Car-1,None,None,None
Car-1,None,None,None
Car-1,None,None,None
Car-1,None,None,None
Car-1,None,None,None
Car-1,None,None,None
Car-1,None,None,None
Car-1,None,None,None
Car-1,None,None,None
Car-1,None,None,None
Car-1,None,None,None
Car-1,None,None,None
Car-1,None,None,None
Car-1,None,None,None
Car-1,None,None,None
Car-1,None,None,None
Car-1,None,None,None
Car-1,None,None,None
Car-1,None,None,None
Car-1,None,None,None
Car-1,None,None,None
Car-1,None,None,None
Car-1,None,None,None
Car-1,None,None,None
Car-1,None,None,None
Car-1,None,None,None
Car-1,None,None,None
Car-1,None,None,None
Car-1,None,None,None
Car-1,None,None,None
Car-1,None,None,None
Car-1,None,None,None
Car-1,None,None,None
Car-1,None,None,None
Car-1,None,None,None
Car-1,None,None,None
Car-1,None,None,None
Car-1,None,None,None
Car-1,None,None,None
Car-1,None,None,None
Car-1,None,None,None
Car-1,None,None,None
Car-1,None,None,None
Car-1,None,None,None
Car-1,None,None,None
Car-1,None,None,None
Car-1,None,None,None
Car-1,None,None,None
Car-1,None,None,None
Car-1,None,None,None
Car-1,None,None,None
Car-1,None,None,None
Car-1,None,None,None
Car-1,None,None,None
Car-1,None,None,None
Car-1,None,None,None
Car-1,None,None,None
Car-1,None,None,None
Car-1,None,None,None
Car-1,None,None,None
Car-1,None,None,None
Car-1,None,None,None
Car-1,None,None,None
Car-1,None,None,None
Car-1,None,None,None
Car-1,None,None,None
Car-1,None,None,None
Car-1,None,None,None
Car-1,None,None,None
Car-1,None,None,None
Car-1,None,None,None
Car-1,None,None,None
Car-1,None,None,None
Car-1,None,None,None
Car-1,None,None,None
Car-1,None,None,None
Car-1,None,None,None
Car-1,None,None,None
Car-1,None,None,None
Car-1,None,None,None
Car-1,None,None,None
Car-1,None,None,None
Car-1,None,None,None
Car-1,None,None,None
Car-1,None,None,None
Car-1,None,None,None
Car-1,None,None,None
Car-1,None,None,None
Car-1,None,None,None
Car-1,None,None,None
Car-1,None,None,None
Car-1,None,None,None
Car-1,None,None,None
Car-1,None,None,None
Car-1,None,None,None
Car-1,None,None,None
Car-1,None,None,None
Car-1,None,None,None
Car-1,None,None,None
Car-1,None,None,None
Car-1,None,None,None
Car-1,None,None,None
Car-1,None,None,None
Car-1,None,None,None
Car-1,None,None,None
Car-1,None,None,None
Car-1,None,None,None
Car-1,None,None,None
Car-1,None,None,None
Car-1,None,None,None
Car-1,None,None,None
Car-1,None,None,None
Car-1,None,None,None
Car-1,None,None,None
Car-1,None,None,None
Car-1,None,None,None
Car-1,None,None,None
Car-1,None,None,None
Car-1,None,None,None
Car-1,None,None,None
Car-1,None,None,None
Car-1,None,None,None
Car-1,None,None,None
Car-1,None,None,None
Car-1,None,None,None
Car-1,None,None,None
Car-1,None,None,None
Car-1,None,None,None
Car-1,None,None,None
Car-1,None,None,None
Car-1,None,None,None
Car-1,None,None,None
Car-1,None,None,None
Car-1,None,None,None
Car-1,None,None,None
Car-1,None,None,None
Car-1,None,None,None
Car-1,None,None,None
Car-1,None,None,None
Car-1,None,None,None
Car-1,None,None,None
Car-1,None,None,None
Car-1,None,None,None
Car-1,None,None,None
Car-1,None,None,None
Car-1,None,None,None
Car-1,None,None,None
Car-1,None,None,None
Car-1,None,None,None
Car-1,None,None,None
Car-1,None,None,None
Car-1,None,None,None
Car-1,None,None,None
Car-1,None,None,None
Car-1,None,None,None
Car-1,None,None,None
Car-1,None,None,None
Car-1,None,None,None
Car-1,None,None,None
Car-1,None,None,None
Car-1,None,None,None
Car-1,None,None,None
Car-1,None,None,None
Car-1,None,None,None
Car-1,None,None,None
Car-1,None,None,None
Car-1,None,None,None
Car-1,None,None,None
Car-1,None,None,None
Car-1,None,None,None
Car-1,None,None,None
Car-1,None,None,None
Car-1,None,None,None
Car-1,None,None,None
Car-1,None,None,None
Car-1,None,None,None
Car-1,None,None,None
Car-1,None,None,None
Car-1,None,None,None
Car-1,None,None,None
Car-1,None,None,None
Car-1,None,None,None
Car-1,None,None,None
Car-1,None,None,None
Car-1,None,None,None
Car-1,None,None,None
Car-1,None,None,None
Car-1,None,None,None
Car-1,None,None,None
Car-1,None,None,None
Car-1,None,None,None
Car-1,None,None,None
Car-1,None,None,None
Car-1,None,None,None
Car-1,None,None,None
Car-1,None,None,None
Car-1,None,None,None
Car-1,None,None,None
Car-1,None,None,None
Car-1,None,None,None
Car-1,None,None,None
Car-1,None,None,None
Car-1,None,None,None
Car-1,None,None,None
Car-1,None,None,None
Car-1,None,None,None
Car-1,None,None,None
Car-1,None,None,None
Car-1,None,None,None
Car-1,None,None,None
Car-1,None,None,None
Car-1,None,None,None
Car-1,None,None,None
Car-1,None,None,None
Car-1,None,None,None
Car-1,None,None,None
Car-1,None,None,None
Car-1,None,None,None
Car-1,None,None,None
Car-1,None,None,None
Car-1,None,None,None
Car-1,None,None,None
Car-1,None,None,None
Car-1,None,None,None
Car-1,None,None,None
Car-1,None,None,None
Car-1,None,None,None
Car-1,None,None,None
Car-1,None,None,None
Car-1,None,None,None
Car-1,None,None,None
Car-1,None,None,None
Car-1,None,None,None
Car-1,None,None,None
Car-1,None,None,None
Car-1,None,None,None
Car-1,None,None,None
Car-1,None,None,None
Car-1,None,None,None
Car-1,None,None,None
Car-1,None,None,None
Car-1,None,None,None
Car-1,None,None,None
Car-1,None,None,None
Car-1,None,None,None
Car-1,None,None,None
Car-1,None,None,None
Car-1,None,None,None
Car-1,None,None,None
Car-1,None,None,None
Car-1,None,None,None
Car-1,None,None,None
Car-1,None,None,None
Car-1,None,None,None
Car-1,None,None,None
Car-1,None,None,None
Car-1,None,None,None
Car-1,None,None,None
Car-1,None,None,None
Car-1,None,None,None
Car-1,None,None,None
Car-1,None,None,None
Car-1,None,None,None
Car-1,None,None,None
Car-1,None,None,None
Car-1,None,None,None
Car-1,None,None,None
Car-1,None,None,None
Car-1,None,None,None
Car-1,None,None,None
Car-1,None,None,None
Car-1,None,None,None
Car-1,None,None,None
Car-1,None,None,None
Car-1,None,None,None
Car-1,None,None,None
Car-1,None,None,None
Car-1,None,None,None
Car-1,None,None,None
Car-1,None,None,None
Car-1,None,None,None
Car-1,None,None,None
Car-1,None,None,None
Car-1,None,None,None
Car-1,None,None,None
Car-1,None,None,None
Car-1,None,None,None
Car-1,None,None,None
Car-1,None,None,None
Car-1,None,None,None
Car-1,None,None,None
Car-1,None,None,None
Car-1,None,None,None
Car-1,None,None,None
Car-1,None,None,None
Car-1,None,None,None
Car-1,None,None,None
Car-1,None,None,None
Car-1,None,None,None
Car-1,None,None,None
Car-1,None,None,None
Car-1,None,None,None
Car-1,None,None,None
Car-1,None,None,None
Car-1,None,None,None
Car-1,None,None,None
Car-1,None,None,None
Car-1,None,None,None
Car-1,None,None,None
Car-1,None,None,None
Car-1,None,None,None
Car-1,None,None,None
Car-1,None,None,None
Car-1,None,None,None
Car-1,None,None,None
Car-1,None,None,None
Car-1,None,None,None
Car-1,None,None,None
Car-1,None,None,None
Car-1,None,None,None
Car-1,None,None,None
Car-1,None,None,None
Car-1,None,None,None
Car-1,None,None,None
Car-1,None,None,None
Car-1,None,None,None
Car-1,None,None,None
Car-1,None,None,None
Car-1,None,None,None
Car-1,None,None,None
Car-1,None,None,None
Car-1,None,None,None
Car-1,None,None,None
Car-1,None,None,None
Car-1,None,None,None
Car-1,None,None,None
Car-1,None,None,None
Car-1,None,None,None
Car-1,None,None,None
Car-1,None,None,None
Car-1,None,None,None
Car-1,None,None,None
Car-1,None,None,None
Car-1,None,None,None
Car-1,None,None,None
Car-1,None,None,None
Car-1,None,None,None
Car-1,None,None,None
Car-1,None,None,None
Car-1,None,None,None
Car-1,None,None,None
Car-1,None,None,None
Car-1,None,None,None
Car-1,None,None,None
Car-1,None,None,None
Car-1,None,None,None
Car-1,None,None,None
Car-1,None,None,None
Car-1,None,None,None
Car-1,None,None,None
Car-1,None,None,None
Car-1,None,None,None
Car-1,None,None,None
Car-1,None,None,None
Car-1,None,None,None
Car-1,None,None,None
Car-1,None,None,None
Car-1,None,None,None
Car-1,None,None,None
Car-1,None,None,None
Car-1,None,None,None
Car-1,None,None,None
Car-1,None,None,None
Car-1,None,None,None
Car-1,None,None,None
Car-1,None,None,None
Car-1,None,None,None
Car-1,None,None,None
Car-1,None,None,None
Car-1,None,None,None
Car-1,None,None,None
Car-1,None,None,None
Car-1,None,None,None
Car-1,None,None,None
Car-1,None,None,None
Car-1,None,None,None
Car-1,None,None,None
Car-1,None,None,None
Car-1,None,None,None
Car-1,None,None,None
Car-1,None,None,None
Car-1,None,None,None
Car-1,None,None,None
Car-1,None,None,None
Car-1,None,None,None
Car-1,None,None,None
Car-1,None,None,None
Car-1,None,None,None
Car-1,None,None,None
Car-1,None,None,None
Car-1,None,None,None
Car-1,None,None,None
Car-1,None,None,None
Car-1,None,None,None
Car-1,None,None,None
Car-1,None,None,None
Car-1,None,None,None
Car-1,None,None,None
Car-1,None,None,None
Car-1,None,None,None
Car-1,None,None,None
Car-1,None,None,None
Car-1,None,None,None
Car-1,None,None,None
Car-1,None,None,None
Car-1,None,None,None
Car-1,None,None,None
Car-1,None,None,None
Car-1,None,None,None
Car-1,None,None,None
Car-1,None,None,None
Car-1,None,None,None
Car-1,None,None,None
Car-1,None,None,None
Car-1,None,None,None
Car-1,None,None,None
Car-1,None,None,None
Car-1,None,None,None
Car-1,None,None,None
Car-1,None,None,None
Car-1,None,None,None
Car-1,None,None,None
Car-1,None,None,None
Car-1,None,None,None
Car-1,None,None,None
Car-1,None,None,None
Car-1,None,None,None
Car-1,None,None,None
Car-1,None,None,None
Car-1,None,None,None
Car-1,None,None,None
Car-1,None,None,None
Car-1,None,None,None
Car-1,None,None,None
Car-1,None,None,None
Car-1,None,None,None
Car-1,None,None,None
Car-1,None,None,None
Car-1,None,None,None
Car-1,None,None,None
Car-1,None,None,None
Car-1,None,None,None
Car-1,None,None,None
Car-1,None,None,None
Car-1,None,None,None
Car-1,None,None,None
Car-1,None,None,None
Car-1,None,None,None
Car-1,None,None,None
Car-1,None,None,None
Car-1,None,None,None
Car-1,None,None,None
Car-1,None,None,None
Car-1,None,None,None
Car-1,None,None,None
Car-1,None,None,None
Car-1,None,None,None
Car-1,None,None,None
Car-1,None,None,None
Car-1,None,None,None
Car-1,None,None,None
Car-1,None,None,None
Car-1,None,None,None
Car-1,None,None,None
Car-1,None,None,None
Car-1,None,None,None
Car-1,None,None,None
Car-1,None,None,None
Car-1,None,None,None
Car-1,None,None,None
Car-1,None,None,None
Car-1,None,None,None
Car-1,None,None,None
Car-1,None,None,None
Car-1,None,None,None
Car-1,None,None,None
Car-1,None,None,None
Car-1,None,None,None
Car-1,None,None,None
Car-1,None,None,None
Car-1,None,None,None
Car-1,None,None,None
Car-1,None,None,None
Car-1,None,None,None
Car-1,None,None,None
Car-1,None,None,None
Car-1,None,None,None
Car-1,None,None,None
Car-1,None,None,None
Car-1,None,None,None
Car-1,None,None,None
Car-1,None,None,None
Car-1,None,None,None
Car-1,None,None,None
Car-1,None,None,None
Car-1,None,None,None
Car-1,None,None,None
Car-1,None,None,None
Car-1,None,None,None
Car-1,None,None,None
Car-1,None,None,None
Car-1,None,None,None
Car-1,None,None,None
Car-1,None,None,None
Car-1,None,None,None
Car-1,None,None,None
Car-1,None,None,None
Car-1,None,None,None
Car-1,None,None,None
Car-1,None,None,None
Car-1,None,None,None
Car-1,None,None,None
Car-1,None,None,None
Car-1,None,None,None
Car-1,None,None,None
Car-1,None,None,None
Car-1,None,None,None
Car-1,None,None,None
Car-1,None,None,None
Car-1,None,None,None
Car-1,None,None,None
Car-1,None,None,None
Car-1,None,None,None
Car-1,None,None,None
Car-1,None,None,None
Car-1,None,None,None
Car-1,None,None,None
Car-1,None,None,None
Car-1,None,None,None
Car-1,None,None,None
Car-1,None,None,None
Car-1,None,None,None
Car-1,None,None,None
Car-1,None,None,None
Car-1,None,None,None
Car-1,None,None,None
Car-1,None,None,None
Car-1,None,None,None
Car-1,None,None,None
Car-1,None,None,None
Car-1,None,None,None
Car-1,None,None,None
Car-1,None,None,None
Car-1,None,None,None
Car-1,None,None,None
Car-1,None,None,None
Car-1,None,None,None
Car-1,None,None,None
Car-1,None,None,None
Car-1,None,None,None
Car-1,None,None,None
Car-1,None,None,None
Car-1,None,None,None
Car-1,None,None,None
Car-1,None,None,None
Car-1,None,None,None
Car-1,None,None,None
Car-1,None,None,None
Car-1,None,None,None
Car-1,None,None,None
Car-1,None,None,None
Car-1,None,None,None
Car-1,None,None,None
Car-1,None,None,None
Car-1,None,None,None
Car-1,None,None,None
Car-1,None,None,None
Car-1,None,None,None
Car-1,None,None,None
Car-1,None,None,None
Car-1,None,None,None
Car-1,None,None,None
Car-1,None,None,None
Car-1,None,None,None
Car-1,None,None,None
Car-1,None,None,None
Car-1,None,None,None
Car-1,None,None,None
Car-1,None,None,None
Car-1,None,None,None
Car-1,None,None,None
Car-1,None,None,None
Car-1,None,None,None
Car-1,None,None,None
Car-1,None,None,None
Car-1,None,None,None
Car-1,None,None,None
Car-1,None,None,None
Car-1,None,None,None
Car-1,None,None,None
Car-1,None,None,None
Car-1,None,None,None
Car-1,None,None,None
Car-1,None,None,None
Car-1,None,None,None
Car-1,None,None,None
Car-1,None,None,None
Car-1,None,None,None
Car-1,None,None,None
Car-1,None,None,None
Car-1,None,None,None
Car-1,None,None,None
Car-1,None,None,None
Car-1,None,None,None
Car-1,None,None,None
Car-1,None,None,None
Car-1,None,None,None
Car-1,None,None,None
Car-1,None,None,None
Car-1,None,None,None
Car-1,None,None,None
Car-1,None,None,None
Car-1,None,None,None
Car-1,None,None,None
Car-1,None,None,None
Car-1,None,None,None
Car-1,None,None,None
Car-1,None,None,None
Car-1,None,None,None
Car-1,None,None,None
Car-1,None,None,None
Car-1,None,None,None
Car-1,None,None,None
Car-1,None,None,None
Car-1,None,None,None
Car-1,None,None,None
Car-1,None,None,None
Car-1,None,None,None
Car-1,None,None,None
Car-1,None,None,None
Car-1,None,None,None
Car-1,None,None,None
Car-1,None,None,None
Car-1,None,None,None
Car-1,None,None,None
Car-1,None,None,None
Car-1,None,None,None
Car-1,None,None,None
Car-1,None,None,None
Car-1,None,None,None
Car-1,None,None,None
Car-1,None,None,None
Car-1,None,None,None
Car-1,None,None,None
Car-1,None,None,None
Car-1,None,None,None
Car-1,None,None,None
Car-1,None,None,None
Car-1,None,None,None
Car-1,None,None,None
Car-1,None,None,None
Car-1,None,None,None
Car-1,None,None,None
Car-1,None,None,None
Car-1,None,None,None
Car-1,None,None,None
Car-1,None,None,None
Car-1,None,None,None
Car-1,None,None,None
Car-1,None,None,None
Car-1,None,None,None
Car-1,None,None,None
Car-1,None,None,None
Car-1,None,None,None
Car-1,None,None,None
Car-1,None,None,None
Car-1,None,None,None
Car-1,None,None,None
Car-1,None,None,None
Car-1,None,None,None
Car-1,None,None,None
Car-1,None,None,None
Car-1,None,None,None
Car-1,None,None,None
Car-1,None,None,None
Car-1,None,None,None
Car-1,None,None,None
Car-1,None,None,None
Car-1,None,None,None
Car-1,None,None,None
Car-1,None,None,None
Car-1,None,None,None
Car-1,None,None,None
Car-1,None,None,None
Car-1,None,None,None
Car-1,None,None,None
Car-1,None,None,None
Car-1,None,None,None
Car-1,None,None,None
Car-1,None,None,None
Car-1,None,None,None
Car-1,None,None,None
Car-1,None,None,None
Car-1,None,None,None
Car-1,None,None,None
Car-1,None,None,None
Car-1,None,None,None
Car-1,None,None,None
Car-1,None,None,None
Car-1,None,None,None
Car-1,None,None,None
Car-1,None,None,None
Car-1,None,None,None
Car-1,None,None,None
Car-1,None,None,None
Car-1,None,None,None
Car-1,None,None,None
Car-1,None,None,None
Car-1,None,None,None
Car-1,None,None,None
Car-1,None,None,None
Car-1,None,None,None
Car-1,None,None,None
Car-1,None,None,None
Car-1,None,None,None
Car-1,None,None,None
Car-1,None,None,None
Car-1,None,None,None
Car-1,None,None,None
Car-1,None,None,None
Car-1,None,None,None
Car-1,None,None,None
Car-1,None,None,None
Car-1,None,None,None
Car-1,None,None,None
Car-1,None,None,None
Car-1,None,None,None
Car-1,None,None,None
Car-1,None,None,None
Car-1,None,None,None
Car-1,None,None,None
Car-1,None,None,None
Car-1,None,None,None
Car-1,None,None,None
Car-1,None,None,None
Car-1,None,None,None
Car-1,None,None,None
Car-1,None,None,None
Car-1,None,None,None
Car-1,None,None,None
Car-1,None,None,None
Car-1,None,None,None
Car-1,None,None,None
Car-1,None,None,None
Car-1,None,None,None
Car-1,None,None,None
Car-1,None,None,None
Car-1,None,None,None
Car-1,None,None,None
Car-1,None,None,None
Car-1,None,None,None
Car-1,None,None,None
Car-1,None,None,None
Car-1,None,None,None
Car-1,None,None,None
Car-1,None,None,None
Car-1,None,None,None
Car-1,None,None,None
Car-1,None,None,None
Car-1,None,None,None
Car-1,None,None,None
Car-1,None,None,None
Car-1,None,None,None
Car-1,None,None,None
Car-1,None,None,None
Car-1,None,None,None
Car-1,None,None,None
Car-1,None,None,None
Car-1,None,None,None
Car-1,None,None,None
Car-1,None,None,None
Car-1,None,None,None
Car-1,None,None,None
Car-1,None,None,None
Car-1,None,None,None
Car-1,None,None,None
Car-1,None,None,None
Car-1,None,None,None
Car-1,None,None,None
Car-1,None,None,None
Car-1,None,None,None
Car-1,None,None,None
Car-1,None,None,None
Car-1,None,None,None
Car-1,None,None,None
Car-1,None,None,None
Car-1,None,None,None
Car-1,None,None,None
Car-1,None,None,None
Car-1,None,None,None
Car-1,None,None,None
Car-1,None,None,None
Car-1,None,None,None
Car-1,None,None,None
Car-1,None,None,None
Car-1,None,None,None
Car-1,None,None,None
Car-1,None,None,None
Car-1,None,None,None
Car-1,None,None,None
Car-1,None,None,None
Car-1,None,None,None
Car-1,None,None,None
Car-1,None,None,None
Car-1,None,None,None
Car-1,None,None,None
Car-1,None,None,None
Car-1,None,None,None
Car-1,None,None,None
Car-1,None,None,None
Car-1,None,None,None
Car-1,None,None,None
Car-1,None,None,None
Car-1,None,None,None
Car-1,None,None,None
Car-1,None,None,None
Car-1,None,None,None
Car-1,None,None,None
Car-1,None,None,None
Car-1,None,None,None
Car-1,None,None,None
Car-1,None,None,None
Car-1,None,None,None
Car-1,None,None,None
Car-1,None,None,None
Car-1,None,None,None
Car-1,None,None,None
Car-1,None,None,None
Car-1,None,None,None
Car-1,None,None,None
Car-1,None,None,None
Car-1,None,None,None
Car-1,None,None,None
Car-1,None,None,None
Car-1,None,None,None
Car-1,None,None,None
Car-1,None,None,None
Car-1,None,None,None
Car-1,None,None,None
Car-1,None,None,None
Car-1,None,None,None
Car-1,None,None,None
Car-1,None,None,None
Car-1,None,None,None
Car-1,None,None,None
Car-1,None,None,None
Car-1,None,None,None
Car-1,None,None,None
Car-1,None,None,None
Car-1,None,None,None
Car-1,None,None,None
Car-1,None,None,None
Car-1,None,None,None
Car-1,None,None,None
Car-1,None,None,None
Car-1,None,None,None
Car-1,None,None,None
Car-1,None,None,None
Car-1,None,None,None
Car-1,None,None,None
Car-1,None,None,None
Car-1,None,None,None
Car-1,None,None,None
Car-1,None,None,None
Car-1,None,None,None
Car-1,None,None,None
Car-1,None,None,None
Car-1,None,None,None
Car-1,None,None,None
Car-1,None,None,None
Car-1,None,None,None
Car-1,None,None,None
Car-1,None,None,None
Car-1,None,None,None
Car-1,None,None,None
Car-1,None,None,None
Car-1,None,None,None
Car-1,None,None,None
Car-1,None,None,None
Car-1,None,None,None
Car-1,None,None,None
Car-1,None,None,None
Car-1,None,None,None
Car-1,None,None,None
Car-1,None,None,None
Car-1,None,None,None
Car-1,None,None,None
Car-1,None,None,None
Car-1,None,None,None
Car-1,None,None,None
Car-1,None,None,None
Car-1,None,None,None
Car-1,None,None,None
Car-1,None,None,None
Car-1,None,None,None
Car-1,None,None,None
Car-1,None,None,None
Car-1,None,None,None
Car-1,None,None,None
Car-1,None,None,None
Car-1,None,None,None
Car-1,None,None,None
Car-1,None,None,None
Car-1,None,None,None
Car-1,None,None,None
Car-1,None,None,None
Car-1,None,None,None
Car-1,None,None,None
Car-1,None,None,None
Car-1,None,None,None
Car-1,None,None,None
Car-1,None,None,None
Car-1,None,None,None
Car-1,None,None,None
Car-1,None,None,None
Car-1,None,None,None
Car-1,None,None,None
Car-1,None,None,None
Car-1,None,None,None
Car-1,None,None,None
Car-1,None,None,None
Car-1,None,None,None
Car-1,None,None,None
Car-1,None,None,None
Car-1,None,None,None
Car-1,None,None,None
Car-1,None,None,None
Car-1,None,None,None
Car-1,None,None,None
Car-1,None,None,None
Car-1,None,None,None
Car-1,None,None,None
Car-1,None,None,None
Car-1,None,None,None
Car-1,None,None,None
Car-1,None,None,None
Car-1,None,None,None
Car-1,None,None,None
Car-1,None,None,None
Car-1,None,None,None
Car-1,None,None,None
Car-1,None,None,None
Car-1,None,None,None
Car-1,None,None,None
Car-1,None,None,None
Car-1,None,None,None
Car-1,None,None,None
Car-1,None,None,None
Car-1,None,None,None
Car-1,None,None,None
Car-1,None,None,None
Car-1,None,None,None
Car-1,None,None,None
Car-1,None,None,None
Car-1,None,None,None
Car-1,None,None,None
Car-1,None,None,None
Car-1,None,None,None
Car-1,None,None,None
Car-1,None,None,None
Car-1,None,None,None
Car-1,None,None,None
Car-1,None,None,None
Car-1,None,None,None
Car-1,None,None,None
Car-1,None,None,None
Car-1,None,None,None
Car-1,None,None,None
Car-1,None,None,None
Car-1,None,None,None
Car-1,None,None,None
Car-1,None,None,None
Car-1,None,None,None
Car-1,None,None,None
Car-1,None,None,None
Car-1,None,None,None
Car-1,None,None,None
Car-1,None,None,None
Car-1,None,None,None
Car-1,None,None,None
Car-1,None,None,None
Car-1,None,None,None
Car-1,None,None,None
Car-1,None,None,None
Car-1,None,None,None
Car-1,None,None,None
Car-1,None,None,None
Car-1,None,None,None
Car-1,None,None,None
Car-1,None,None,None
Car-1,None,None,None
Car-1,None,None,None
Car-1,None,None,None
Car-1,None,None,None
Car-1,None,None,None
Car-1,None,None,None
Car-1,None,None,None
Car-1,None,None,None
Car-1,None,None,None
Car-1,None,None,None
Car-1,None,None,None
Car-1,None,None,None
Car-1,None,None,None
Car-1,None,None,None
Car-1,None,None,None
Car-1,None,None,None
Car-1,None,None,None
Car-1,None,None,None
Car-1,None,None,None
Car-1,None,None,None
Car-1,None,None,None
Car-1,None,None,None
Car-1,None,None,None
Car-1,None,None,None
Car-1,None,None,None
Car-1,None,None,None
Car-1,None,None,None
Car-1,None,None,None
Car-1,None,None,None
Car-1,None,None,None
Car-1,None,None,None
Car-1,None,None,None
Car-1,None,None,None
Car-1,None,None,None
Car-1,None,None,None
Car-1,None,None,None
Car-1,None,None,None
Car-1,None,None,None
Car-1,None,None,None
Car-1,None,None,None
Car-1,None,None,None
Car-1,None,None,None
Car-1,None,None,None
Car-1,None,None,None
Car-1,None,None,None
Car-1,None,None,None
Car-1,None,None,None
Car-1,None,None,None
Car-1,None,None,None
Car-1,None,None,None
Car-1,None,None,None
Car-1,None,None,None
Car-1,None,None,None
Car-1,None,None,None
Car-1,None,None,None
Car-1,None,None,None
Car-1,None,None,None
Car-1,None,None,None
Car-1,None,None,None
Car-1,None,None,None
Car-1,None,None,None
Car-1,None,None,None
Car-1,None,None,None
Car-1,None,None,None
Car-1,None,None,None
Car-1,None,None,None
Car-1,None,None,None
Car-1,None,None,None
Car-1,None,None,None
Car-1,None,None,None
Car-1,None,None,None
Car-1,None,None,None
Car-1,None,None,None
Car-1,None,None,None
Car-1,None,None,None
Car-1,None,None,None
Car-1,None,None,None
Car-1,None,None,None
Car-1,None,None,None
Car-1,None,None,None
Car-1,None,None,None
Car-1,None,None,None
Car-1,None,None,None
Car-1,None,None,None
Car-1,None,None,None
Car-1,None,None,None
Car-1,None,None,None
Car-1,None,None,None
Car-1,None,None,None
Car-1,None,None,None
Car-1,None,None,None
Car-1,None,None,None
Car-1,None,None,None
Car-1,None,None,None
Car-1,None,None,None
Car-1,None,None,None
Car-1,None,None,None
Car-1,None,None,None
Car-1,None,None,None
Car-1,None,None,None
Car-1,None,None,None
Car-1,None,None,None
Car-1,None,None,None
Car-1,None,None,None
Car-1,None,None,None
Car-1,None,None,None
Car-1,None,None,None
Car-1,None,None,None
Car-1,None,None,None
Car-1,None,None,None
Car-1,None,None,None
Car-1,None,None,None
Car-1,None,None,None
Car-1,None,None,None
Car-1,None,None,None
Car-1,None,None,None
Car-1,None,None,None
Car-1,None,None,None
Car-1,None,None,None
Car-1,None,None,None
Car-1,None,None,None
Car-1,None,None,None
Car-1,None,None,None
Car-1,None,None,None
Car-1,None,None,None
Car-1,None,None,None
Car-1,None,None,None
Car-1,None,None,None
Car-1,None,None,None
Car-1,None,None,None
Car-1,None,None,None
Car-1,None,None,None
Car-1,None,None,None
Car-1,None,None,None
Car-1,None,None,None
Car-1,None,None,None
Car-1,None,None,None
Car-1,None,None,None
Car-1,None,None,None
Car-1,None,None,None
Car-1,None,None,None
Car-1,None,None,None
Car-1,None,None,None
Car-1,None,None,None
Car-1,None,None,None
Car-1,None,None,None
Car-1,None,None,None
Car-1,None,None,None
Car-1,None,None,None
Car-1,None,None,None
Car-1,None,None,None
Car-1,None,None,None
Car-1,None,None,None
Car-1,None,None,None
Car-1,None,None,None
Car-1,None,None,None
Car-1,None,None,None
Car-1,None,None,None
Car-1,None,None,None
Car-1,None,None,None
Car-1,None,None,None
Car-1,None,None,None
Car-1,None,None,None
Car-1,None,None,None
Car-1,None,None,None
Car-1,None,None,None
Car-1,None,None,None
Car-1,None,None,None
Car-1,None,None,None
Car-1,None,None,None
Car-1,None,None,None
Car-1,None,None,None
Car-1,None,None,None
Car-1,None,None,None
Car-1,None,None,None
Car-1,None,None,None
Car-1,None,None,None
Car-1,None,None,None
Car-1,None,None,None
Car-1,None,None,None
Car-1,None,None,None
Car-1,None,None,None
Car-1,None,None,None
Car-1,None,None,None
Car-1,None,None,None
Car-1,None,None,None
Car-1,None,None,None
Car-1,None,None,None
Car-1,None,None,None
Car-1,None,None,None
Car-1,None,None,None
Car-1,None,None,None
Car-1,None,None,None
Car-1,None,None,None
Car-1,None,None,None
Car-1,None,None,None
Car-1,None,None,None
Car-1,None,None,None
Car-1,None,None,None
Car-1,None,None,None
Car-1,None,None,None
Car-1,None,None,None
Car-1,None,None,None
Car-1,None,None,None
Car-1,None,None,None
Car-1,None,None,None
Car-1,None,None,None
Car-1,None,None,None
Car-1,None,None,None
Car-1,None,None,None
Car-1,None,None,None
Car-1,None,None,None
Car-1,None,None,None
Car-1,None,None,None
Car-1,None,None,None
Car-1,None,None,None
Car-1,None,None,None
Car-1,None,None,None
Car-1,None,None,None
Car-1,None,None,None
Car-1,None,None,None
Car-1,None,None,None
Car-1,None,None,None
Car-1,None,None,None
Car-1,None,None,None
Car-1,None,None,None
Car-1,None,None,None
Car-1,None,None,None
Car-1,None,None,None
Car-1,None,None,None
Car-1,None,None,None
Car-1,None,None,None
Car-1,None,None,None
Car-1,None,None,None
Car-1,None,None,None
Car-1,None,None,None
Car-1,None,None,None
Car-1,None,None,None
Car-1,None,None,None
Car-1,None,None,None
Car-1,None,None,None
Car-1,None,None,None
Car-1,None,None,None
Car-1,None,None,None
Car-1,None,None,None
Car-1,None,None,None
Car-1,None,None,None
Car-1,None,None,None
Car-1,None,None,None
Car-1,None,None,None
Car-1,None,None,None
Car-1,None,None,None
Car-1,None,None,None
Car-1,None,None,None
Car-1,None,None,None
Car-1,None,None,None
Car-1,None,None,None
Car-1,None,None,None
Car-1,None,None,None
Car-1,None,None,None
Car-1,None,None,None
Car-1,None,None,None
Car-1,None,None,None
Car-1,None,None,None
Car-1,None,None,None
Car-1,None,None,None
Car-1,None,None,None
Car-1,None,None,None
Car-1,None,None,None
Car-1,None,None,None
Car-1,None,None,None
Car-1,None,None,None
Car-1,None,None,None
Car-1,None,None,None
Car-1,None,None,None
Car-1,None,None,None
Car-1,None,None,None
Car-1,None,None,None
Car-1,None,None,None
Car-1,None,None,None
Car-1,None,None,None
Car-1,None,None,None
Car-1,None,None,None
Car-1,None,None,None
Car-1,None,None,None
Car-1,None,None,None
Car-1,None,None,None
Car-1,None,None,None
Car-1,None,None,None
Car-1,None,None,None
Car-1,None,None,None
Car-1,None,None,None
Car-1,None,None,None
Car-1,None,None,None
Car-1,None,None,None
Car-1,None,None,None
Car-1,None,None,None
Car-1,None,None,None
Car-1,None,None,None
Car-1,None,None,None
Car-1,None,None,None
Car-1,None,None,None
Car-1,None,None,None
Car-1,None,None,None
Car-1,None,None,None
Car-1,None,None,None
Car-1,None,None,None
Car-1,None,None,None
Car-1,None,None,None
Car-1,None,None,None
Car-1,None,None,None
Car-1,None,None,None
Car-1,None,None,None
Car-1,None,None,None
Car-1,None,None,None
Car-1,None,None,None
Car-1,None,None,None
Car-1,None,None,None
Car-1,None,None,None
Car-1,None,None,None
Car-1,None,None,None
Car-1,None,None,None
Car-1,None,None,None
Car-1,None,None,None
Car-1,None,None,None
Car-1,None,None,None
Car-1,None,None,None
Car-1,None,None,None
Car-1,None,None,None
Car-1,None,None,None
Car-1,None,None,None
Car-1,None,None,None
Car-1,None,None,None
Car-1,None,None,None
Car-1,None,None,None
Car-1,None,None,None
Car-1,None,None,None
Car-1,None,None,None
Car-1,None,None,None
Car-1,None,None,None
Car-1,None,None,None
Car-1,None,None,None
Car-1,None,None,None
Car-1,None,None,None
Car-1,None,None,None
Car-1,None,None,None
Car-1,None,None,None
Car-1,None,None,None
Car-1,None,None,None
Car-1,None,None,None
Car-1,None,None,None
Car-1,None,None,None
Car-1,None,None,None
Car-1,None,None,None
Car-1,None,None,None
Car-1,None,None,None
Car-1,None,None,None
Car-1,None,None,None
Car-1,None,None,None
Car-1,None,None,None
Car-1,None,None,None
Car-1,None,None,None
Car-1,None,None,None
Car-1,None,None,None
Car-1,None,None,None
Car-1,None,None,None
Car-1,None,None,None
Car-1,None,None,None
Car-1,None,None,None
Car-1,None,None,None
Car-1,None,None,None
Car-1,None,None,None
Car-1,None,None,None
Car-1,None,None,None
Car-1,None,None,None
Car-1,None,None,None
Car-1,None,None,None
Car-1,None,None,None
Car-1,None,None,None
Car-1,None,None,None
Car-1,None,None,None
Car-1,None,None,None
Car-1,None,None,None
Car-1,None,None,None
Car-1,None,None,None
Car-1,None,None,None
Car-1,None,None,None
Car-1,None,None,None
Car-1,None,None,None
Car-1,None,None,None
Car-1,None,None,None
Car-1,None,None,None
Car-1,None,None,None
Car-1,None,None,None
Car-1,None,None,None
Car-1,None,None,None
Car-1,None,None,None
Car-1,None,None,None
Car-1,None,None,None
Car-1,None,None,None
Car-1,None,None,None
Car-1,None,None,None
Car-1,None,None,None
Car-1,None,None,None
Car-1,None,None,None
Car-1,None,None,None
Car-1,None,None,None
Car-1,None,None,None
Car-1,None,None,None
Car-1,None,None,None
Car-1,None,None,None
Car-1,None,None,None
Car-1,None,None,None
Car-1,None,None,None
Car-1,None,None,None
Car-1,None,None,None
Car-1,None,None,None
Car-1,None,None,None
Car-1,None,None,None
Car-1,None,None,None
Car-1,None,None,None
Car-1,None,None,None
Car-1,None,None,None
Car-1,None,None,None
Car-1,None,None,None
Car-1,None,None,None
Car-1,None,None,None
Car-1,None,None,None
Car-1,None,None,None
Car-1,None,None,None
Car-1,None,None,None
Car-1,None,None,None
Car-1,None,None,None
Car-1,None,None,None
Car-1,None,None,None
Car-1,None,None,None
Car-1,None,None,None
Car-1,None,None,None
Car-1,None,None,None
Car-1,None,None,None
Car-1,None,None,None
Car-1,None,None,None
Car-1,None,None,None
Car-1,None,None,None
Car-1,None,None,None
Car-1,None,None,None
Car-1,None,None,None
Car-1,None,None,None
Car-1,None,None,None
Car-1,None,None,None
Car-1,None,None,None
Car-1,None,None,None
Car-1,None,None,None
Car-1,None,None,None
Car-1,None,None,None
Car-1,None,None,None
Car-1,None,None,None
Car-1,None,None,None
Car-1,None,None,None
Car-1,None,None,None
Car-1,None,None,None
Car-1,None,None,None
Car-1,None,None,None
Car-1,None,None,None
Car-1,None,None,None
Car-1,None,None,None
Car-1,None,None,None
Car-1,None,None,None
Car-1,None,None,None
Car-1,None,None,None
Car-1,None,None,None
Car-1,None,None,None
Car-1,None,None,None
Car-1,None,None,None
Car-1,None,None,None
Car-1,None,None,None
Car-1,None,None,None
Car-1,None,None,None
Car-1,None,None,None
Car-1,None,None,None
Car-1,None,None,None
Car-1,None,None,None
Car-1,None,None,None
Car-1,None,None,None
Car-1,None,None,None
Car-1,None,None,None
Car-1,None,None,None
Car-1,None,None,None
Car-1,None,None,None
Car-1,None,None,None
Car-1,None,None,None
Car-1,None,None,None
Car-1,None,None,None
Car-1,None,None,None
Car-1,None,None,None
Car-1,None,None,None
Car-1,None,None,None
Car-1,None,None,None
Car-1,None,None,None
Car-1,None,None,None
Car-1,None,None,None
Car-1,None,None,None
Car-1,None,None,None
Car-1,None,None,None
Car-1,None,None,None
Car-1,None,None,None
Car-1,None,None,None
Car-1,None,None,None
Car-1,None,None,None
Car-1,None,None,None
Car-1,None,None,None
Car-1,None,None,None
Car-1,None,None,None
Car-1,None,None,None
Car-1,None,None,None
Car-1,None,None,None
Car-1,None,None,None
Car-1,None,None,None
Car-1,None,None,None
Car-1,None,None,None
Car-1,None,None,None
Car-1,None,None,None
Car-1,None,None,None
Car-1,None,None,None
Car-1,None,None,None
Car-1,None,None,None
Car-1,None,None,None
Car-1,None,None,None
Car-1,None,None,None
Car-1,None,None,None
Car-1,None,None,None
Car-1,None,None,None
Car-1,None,None,None
Car-1,None,None,None
Car-1,None,None,None
Car-1,None,None,None
Car-1,None,None,None
Car-1,None,None,None
Car-1,None,None,None
Car-1,None,None,None
Car-1,None,None,None
Car-1,None,None,None
Car-1,None,None,None
Car-1,None,None,None
Car-1,None,None,None
Car-1,None,None,None
Car-1,None,None,None
Car-1,None,None,None
Car-1,None,None,None
Car-1,None,None,None
Car-1,None,None,None
Car-1,None,None,None
Car-1,None,None,None
Car-1,None,None,None
Car-1,None,None,None
Car-1,None,None,None
Car-1,None,None,None
Car-1,None,None,None
Car-1,None,None,None
Car-1,None,None,None
Car-1,None,None,None
Car-1,None,None,None
Car-1,None,None,None
Car-1,None,None,None
Car-1,None,None,None
Car-1,None,None,None
Car-1,None,None,None
Car-1,None,None,None
Car-1,None,None,None
Car-1,None,None,None
Car-1,None,None,None
Car-1,None,None,None
Car-1,None,None,None
Car-1,None,None,None
Car-1,None,None,None
Car-1,None,None,None
Car-1,None,None,None
Car-1,None,None,None
Car-1,None,None,None
Car-1,None,None,None
Car-1,None,None,None
Car-1,None,None,None
Car-1,None,None,None
Car-1,None,None,None
Car-1,None,None,None
Car-1,None,None,None
Car-1,None,None,None
Car-1,None,None,None
Car-1,None,None,None
Car-1,None,None,None
Car-1,None,None,None
Car-1,None,None,None
Car-1,None,None,None
Car-1,None,None,None
Car-1,None,None,None
Car-1,None,None,None
Car-1,None,None,None
Car-1,None,None,None
Car-1,None,None,None
Car-1,None,None,None
Car-1,None,None,None
Car-1,None,None,None
Car-1,None,None,None
Car-1,None,None,None
Car-1,None,None,None
Car-1,None,None,None
Car-1,None,None,None
Car-1,None,None,None
Car-1,None,None,None
Car-1,None,None,None
Car-1,None,None,None
Car-1,None,None,None
Car-1,None,None,None
Car-1,None,None,None
Car-1,None,None,None
Car-1,None,None,None
Car-1,None,None,None
Car-1,None,None,None
Car-1,None,None,None
Car-1,None,None,None
Car-1,None,None,None
Car-1,None,None,None
Car-1,None,None,None
Car-1,None,None,None
Car-1,None,None,None
Car-1,None,None,None
Car-1,None,None,None
Car-1,None,None,None
Car-1,None,None,None
Car-1,None,None,None
Car-1,None,None,None
Car-1,None,None,None
Car-1,None,None,None
Car-1,None,None,None
Car-1,None,None,None
Car-1,None,None,None
Car-1,None,None,None
Car-1,None,None,None
Car-1,None,None,None
Car-1,None,None,None
Car-1,None,None,None
Car-1,None,None,None
Car-1,None,None,None
Car-1,None,None,None
Car-1,None,None,None
Car-1,None,None,None
Car-1,None,None,None
Car-1,None,None,None
Car-1,None,None,None
Car-1,None,None,None
Car-1,None,None,None
Car-1,None,None,None
Car-1,None,None,None
Car-1,None,None,None
Car-1,None,None,None
Car-1,None,None,None
Car-1,None,None,None
Car-1,None,None,None
Car-1,None,None,None
Car-1,None,None,None
Car-1,None,None,None
Car-1,None,None,None
Car-1,None,None,None
Car-1,None,None,None
Car-1,None,None,None
Car-1,None,None,None
Car-1,None,None,None
Car-1,None,None,None
Car-1,None,None,None
Car-1,None,None,None
Car-1,None,None,None
Car-1,None,None,None
Car-1,None,None,None
Car-1,None,None,None
Car-1,None,None,None
Car-1,None,None,None
Car-1,None,None,None
Car-1,None,None,None
Car-1,None,None,None
Car-1,None,None,None
Car-1,None,None,None
Car-1,None,None,None
Car-1,None,None,None
Car-1,None,None,None
Car-1,None,None,None
Car-1,None,None,None
Car-1,None,None,None
Car-1,None,None,None
Car-1,None,None,None
Car-1,None,None,None
Car-1,None,None,None
Car-1,None,None,None
Car-1,None,None,None
Car-1,None,None,None
Car-1,None,None,None
Car-1,None,None,None
Car-1,None,None,None
Car-1,None,None,None
Car-1,None,None,None
Car-1,None,None,None
Car-1,None,None,None
Car-1,None,None,None
Car-1,None,None,None
Car-1,None,None,None
Car-1,None,None,None
Car-1,None,None,None
Car-1,None,None,None
Car-1,None,None,None
Car-1,None,None,None
Car-1,None,None,None
Car-1,None,None,None
Car-1,None,None,None
Car-1,None,None,None
Car-1,None,None,None
Car-1,None,None,None
Car-1,None,None,None
Car-1,None,None,None
Car-1,None,None,None
Car-1,None,None,None
Car-1,None,None,None
Car-1,None,None,None
Car-1,None,None,None
Car-1,None,None,None
Car-1,None,None,None
Car-1,None,None,None
Car-1,None,None,None
Car-1,None,None,None
Car-1,None,None,None
Car-1,None,None,None
Car-1,None,None,None
Car-1,None,None,None
Car-1,None,None,None
Car-1,None,None,None
Car-1,None,None,None
Car-1,None,None,None
Car-1,None,None,None
Car-1,None,None,None
Car-1,None,None,None
Car-1,None,None,None
Car-1,None,None,None
Car-1,None,None,None
Car-1,None,None,None
Car-1,None,None,None
Car-1,None,None,None
Car-1,None,None,None
Car-1,None,None,None
Car-1,None,None,None
Car-1,None,None,None
Car-1,None,None,None
Car-1,None,None,None
Car-1,None,None,None
Car-1,None,None,None
Car-1,None,None,None
Car-1,None,None,None
Car-1,None,None,None
Car-1,None,None,None
Car-1,None,None,None
Car-1,None,None,None
Car-1,None,None,None
Car-1,None,None,None
Car-1,None,None,None
Car-1,None,None,None
Car-1,None,None,None
Car-1,None,None,None
Car-1,None,None,None
Car-1,None,None,None
Car-1,None,None,None
Car-1,None,None,None
Car-1,None,None,None
Car-1,None,None,None
Car-1,None,None,None
Car-1,None,None,None
Car-1,None,None,None
Car-1,None,None,None
Car-1,None,None,None
Car-1,None,None,None
Car-1,None,None,None
Car-1,None,None,None
Car-1,None,None,None
Car-1,None,None,None
Car-1,None,None,None
Car-1,None,None,None
Car-1,None,None,None
Car-1,None,None,None
Car-1,None,None,None
Car-1,None,None,None
Car-1,None,None,None
Car-1,None,None,None
Car-1,None,None,None
Car-1,None,None,None
Car-1,None,None,None
Car-1,None,None,None
Car-1,None,None,None
Car-1,None,None,None
Car-1,None,None,None
Car-1,None,None,None
Car-1,None,None,None
Car-1,None,None,None
Car-1,None,None,None
Car-1,None,None,None
Car-1,None,None,None
Car-1,None,None,None
Car-1,None,None,None
Car-1,None,None,None
Car-1,None,None,None
Car-1,None,None,None
Car-1,None,None,None
Car-1,None,None,None
Car-1,None,None,None
Car-1,None,None,None
Car-1,None,None,None
Car-1,None,None,None
Car-1,None,None,None
Car-1,None,None,None
Car-1,None,None,None
Car-1,None,None,None
Car-1,None,None,None
Car-1,None,None,None
Car-1,None,None,None
Car-1,None,None,None
Car-1,None,None,None
Car-1,None,None,None
Car-1,None,None,None
Car-1,None,None,None
Car-1,None,None,None
Car-1,None,None,None
Car-1,None,None,None
Car-1,None,None,None
Car-1,None,None,None
Car-1,None,None,None
Car-1,None,None,None
Car-1,None,None,None
Car-1,None,None,None
Car-1,None,None,None
Car-1,None,None,None
Car-1,None,None,None
Car-1,None,None,None
Car-1,None,None,None
Car-1,None,None,None
Car-1,None,None,None
Car-1,None,None,None
Car-1,None,None,None
Car-1,None,None,None
Car-1,None,None,None
Car-1,None,None,None
Car-1,None,None,None
Car-1,None,None,None
Car-1,None,None,None
Car-1,None,None,None
Car-1,None,None,None
Car-1,None,None,None
Car-1,None,None,None
Car-1,None,None,None
Car-1,None,None,None
Car-1,None,None,None
Car-1,None,None,None
Car-1,None,None,None
Car-1,None,None,None
Car-1,None,None,None
Car-1,None,None,None
Car-1,None,None,None
Car-1,None,None,None
Car-1,None,None,None
Car-1,None,None,None
Car-1,None,None,None
Car-1,None,None,None
Car-1,None,None,None
Car-1,None,None,None
Car-1,None,None,None
Car-1,None,None,None
Car-1,None,None,None
Car-1,None,None,None
Car-1,None,None,None
Car-1,None,None,None
Car-1,None,None,None
Car-1,None,None,None
Car-1,None,None,None
Car-1,None,None,None
Car-1,None,None,None
Car-1,None,None,None
Car-1,None,None,None
Car-1,None,None,None
Car-1,None,None,None
Car-1,None,None,None
Car-1,None,None,None
Car-1,None,None,None
Car-1,None,None,None
Car-1,None,None,None
Car-1,None,None,None
Car-1,None,None,None
Car-1,None,None,None
Car-1,None,None,None
Car-1,None,None,None
Car-1,None,None,None
Car-1,None,None,None
Car-1,None,None,None
Car-1,None,None,None
Car-1,None,None,None
Car-1,None,None,None
Car-1,None,None,None
Car-1,None,None,None
Car-1,None,None,None
Car-1,None,None,None
Car-1,None,None,None
Car-1,None,None,None
Car-1,None,None,None
Car-1,None,None,None
Car-1,None,None,None
Car-1,None,None,None
Car-1,None,None,None
Car-1,None,None,None
Car-1,None,None,None
Car-1,None,None,None
Car-1,None,None,None
Car-1,None,None,None
Car-1,None,None,None
Car-1,None,None,None
Car-1,None,None,None
Car-1,None,None,None
Car-1,None,None,None
Car-1,None,None,None
Car-1,None,None,None
Car-1,None,None,None
Car-1,None,None,None
Car-1,None,None,None
Car-1,None,None,None
Car-1,None,None,None
Car-1,None,None,None
Car-1,None,None,None
Car-1,None,None,None
Car-1,None,None,None
Car-1,None,None,None
Car-1,None,None,None
Car-1,None,None,None
Car-1,None,None,None
Car-1,None,None,None
Car-1,None,None,None
Car-1,None,None,None
Car-1,None,None,None
Car-1,None,None,None
Car-1,None,None,None
Car-1,None,None,None
Car-1,None,None,None
Car-1,None,None,None
Car-1,None,None,None
Car-1,None,None,None
Car-1,None,None,None
Car-1,None,None,None
Car-1,None,None,None
Car-1,None,None,None
Car-1,None,None,None
Car-1,None,None,None
Car-1,None,None,None
Car-1,None,None,None
Car-1,None,None,None
Car-1,None,None,None
Car-1,None,None,None
Car-1,None,None,None
Car-1,None,None,None
Car-1,None,None,None
Car-1,None,None,None
Car-1,None,None,None
Car-1,None,None,None
Car-1,None,None,None
Car-1,None,None,None
Car-1,None,None,None
Car-1,None,None,None
Car-1,None,None,None
Car-1,None,None,None
Car-1,None,None,None
Car-1,None,None,None
Car-1,None,None,None
Car-1,None,None,None
Car-1,None,None,None
Car-1,None,None,None
Car-1,None,None,None
Car-1,None,None,None
Car-1,None,None,None
Car-1,None,None,None
Car-1,None,None,None
Car-1,None,None,None
Car-1,None,None,None
Car-1,None,None,None
Car-1,None,None,None
Car-1,None,None,None
Car-1,None,None,None
Car-1,None,None,None
Car-1,None,None,None
Car-1,None,None,None
Car-1,None,None,None
Car-1,None,None,None
Car-1,None,None,None
Car-1,None,None,None
Car-1,None,None,None
Car-1,None,None,None
Car-1,None,None,None
Car-1,None,None,None
Car-1,None,None,None
Car-1,None,None,None
Car-1,None,None,None
Car-1,None,None,None
Car-1,None,None,None
Car-1,None,None,None
Car-1,None,None,None
Car-1,None,None,None
Car-1,None,None,None
Car-1,None,None,None
Car-1,None,None,None
Car-1,None,None,None
Car-1,None,None,None
Car-1,None,None,None
Car-1,None,None,None
Car-1,None,None,None
Car-1,None,None,None
Car-1,None,None,None
Car-1,None,None,None
Car-1,None,None,None
Car-1,None,None,None
Car-1,None,None,None
Car-1,None,None,None
Car-1,None,None,None
Car-1,None,None,None
Car-1,None,None,None
Car-1,None,None,None
Car-1,None,None,None
Car-1,None,None,None
Car-1,None,None,None
Car-1,None,None,None
Car-1,None,None,None
Car-1,None,None,None
Car-1,None,None,None
Car-1,None,None,None
Car-1,None,None,None
Car-1,None,None,None
Car-1,None,None,None
Car-1,None,None,None
Car-1,None,None,None
Car-1,None,None,None
Car-1,None,None,None
Car-1,None,None,None
Car-1,None,None,None
Car-1,None,None,None
Car-1,None,None,None
Car-1,None,None,None
Car-1,None,None,None
Car-1,None,None,None
Car-1,None,None,None
Car-1,None,None,None
Car-1,None,None,None
Car-1,None,None,None
Car-1,None,None,None
Car-1,None,None,None
Car-1,None,None,None
Car-1,None,None,None
Car-1,None,None,None
Car-1,None,None,None
Car-1,None,None,None
Car-1,None,None,None
Car-1,None,None,None
Car-1,None,None,None
Car-1,None,None,None
Car-1,None,None,None
Car-1,None,None,None
Car-1,None,None,None
Car-1,None,None,None
Car-1,None,None,None
Car-1,None,None,None
Car-1,None,None,None
Car-1,None,None,None
Car-1,None,None,None
Car-1,None,None,None
Car-1,None,None,None
Car-1,None,None,None
Car-1,None,None,None
Car-1,None,None,None
Car-1,None,None,None
Car-1,None,None,None
Car-1,None,None,None
Car-1,None,None,None
Car-1,None,None,None
Car-1,None,None,None
Car-1,None,None,None
Car-1,None,None,None
Car-1,None,None,None
Car-1,None,None,None
Car-1,None,None,None
Car-1,None,None,None
Car-1,None,None,None
Car-1,None,None,None
Car-1,None,None,None
Car-1,None,None,None
Car-1,None,None,None
Car-1,None,None,None
Car-1,None,None,None
Car-1,None,None,None
Car-1,None,None,None
Car-1,None,None,None
Car-1,None,None,None
Car-1,None,None,None
Car-1,None,None,None
Car-1,None,None,None
Car-1,None,None,None
Car-1,None,None,None
Car-1,None,None,None
Car-1,None,None,None
Car-1,None,None,None
Car-1,None,None,None
Car-1,None,None,None
Car-1,None,None,None
Car-1,None,None,None
Car-1,None,None,None
Car-1,None,None,None
Car-1,None,None,None
Car-1,None,None,None
Car-1,None,None,None
Car-1,None,None,None
Car-1,None,None,None
Car-1,None,None,None
Car-1,None,None,None
Car-1,None,None,None
Car-1,None,None,None
Car-1,None,None,None
Car-1,None,None,None
Car-1,None,None,None
Car-1,None,None,None
Car-1,None,None,None
Car-1,None,None,None
Car-1,None,None,None
Car-1,None,None,None
Car-1,None,None,None
Car-1,None,None,None
Car-1,None,None,None
Car-1,None,None,None
Car-1,None,None,None
Car-1,None,None,None
Car-1,None,None,None
Car-1,None,None,None
Car-1,None,None,None
